key,group,split,tp,fp,fn,tn,support,predicted_pixels,iou,precision,recall,iou:person,iou:truck,iou:rail-track,iou:vegetation-overgrowth,iou:car,iou:on-rails,iou:traffic-sign,iou:road,iou:sidewalk,iou:construction,iou:tram-track,iou:pole,iou:traffic-light,iou:mud-pumping,iou:fence,iou:terrain,iou:sky,iou:rail-embedded,iou:rail-raised,iou:trackbed,iou:standing-water,image_sha256,mask_decoded_sha256,prediction_sha256
flooded-road-crossing/0272,flooded-road-crossing,train,0,58356,0,2015244,0,58356,0.0,0.0,,,,,,0.9570794031042571,,,0.45996215970695015,,0.4158580809565814,,0.0,,0.0,,0.9291887811997606,0.7526682152778867,,,,0.8418692065607568,1a64c22d40183eaa53211aeb2ab21c5cbf2a328ca7b2d6716a58fff64bb7291d,2ae0b928ea09fecae228600e65afc5ccf5aeab55c6186e155c041878168d2b7b,03b613fd1bb4727cf4898ea397029c2c3ddbc81020c0fcdffe23f91c32f81e9e
flooded-road-crossing/0273,flooded-road-crossing,train,0,0,0,2073600,0,0,,,,,,,,,,,,,0.7707155641973242,,,,,,0.8932382318768743,,,,,0.9818169342237,4f42631f3a3bf1174b11d6978aa00479044e989be0e1722cf53a2a7d698ca4da,d71932fbc886eb13c90b1ecf925dd2ed196974dc2b78b22dae98b2b052263ceb,25ffbd7f3d3c3aedd35b947a423371a4cb0fc91924477ee52973b198acfa093b
flooded-road-crossing/0274,flooded-road-crossing,train,0,0,0,2073600,0,0,,,,,,,,,,,0.7323205983199991,,0.0,,0.0,,,0.0,0.8407965096590775,,,,,0.8066978327304279,5eac815d6dcafeaed42ca25116f35fe30e4598159ae3b155d664bf6b7378427a,92f986c0cf867798fb963a56a3cc9a99da42fa01c35481b1810a31fc272e5aab,20c108767bb6a007acb6f60e941dc013e8ca88fe8b900a1ed142e9cf12277e69
flooded-station-platform/0298,flooded-station-platform,train,0,0,0,2073600,0,0,,,,0.8801234623938995,,0.24620774155693997,,,0.9298766808201127,,,0.8534294178677233,0.9159501998641889,,,,,,,,,0.5252372784448256,0.0,0.2669138190414786,f0194c9f5092ef4a9f5211064d986408ef94a7c44752b254cf2a6cb67600d64a,9c2a8282ac3b685c1b4f7d0eada263e2c6deb4d18423159e43b764c65f2afc9f,139b5415a9a7395594c3b3aacc209e7954c1355e6806a92522c9e91e0c40efec
flooded-station-platform/0299,flooded-station-platform,train,0,0,0,2073600,0,0,,,,,,0.4196632459898376,,,,,,0.8639098690238264,0.8891492068877768,,,,,,,,,0.5921963091701135,0.0,0.8860362217613647,2e8151e2e6b02fcc2163c50aa86d9e5e0134c8e81d7ed74c33832a121b91dcaf,ac007d07fbb9218cd6a46518c8161c36b300c81f837d4ca78ee881cc5c1285ad,ca748430cce350a301067e787f3f377bde816b3755e58b0d7a30115f3db715be
flooded-station-platform/0300,flooded-station-platform,train,0,0,0,1958520,0,0,,,,,,0.6167362113923415,,,,,,,0.9783327269807245,,,,,,,,,0.7913973137189496,,0.7301588336125033,aa5009748eb469829d461d7b4e9a1e63aced662acde1baab34479670671c9cfc,71b71d95fce3df9c264c4586d0b956bfa611ac012f0c0847d66c466d4e709978,b9aad1b7112b5e04843324d5383389034025f8ce5730de4377e8c2942bd52aa5
flooded-station-platform/0301,flooded-station-platform,train,0,0,0,2073600,0,0,,,,,,0.6280158570958849,,,,,,,0.9963962607295516,,,,,,,,,0.6276677094195342,,0.9640925325235515,b6bfd2eb1a154fe26098279bca8d8165e5aa045fad56b687663d941cba56bfda,7894d14854f9ccbb4158b0466157085afe2d2c32ff1bb92ff09db44e499d08ca,241f55172f9155e772bd16c6c3cf380f2645db158534941fdc16d45e3e511d4e
flooded-station-platform/0302,flooded-station-platform,train,0,0,0,2073600,0,0,,,,,,0.8277656031823547,,,,,,0.0,0.9965703999746249,,,,,,,,,0.7905488821667418,,0.9678877963337817,0758d8245392d38d69bb520d6aa46dd39d38ccdfa9c8011ae15e78d2a3d0dfae,00ea88ab0410bcf15bd3202f7dbdea2d25333ff4bec6c06d01c990410360a826,98009229afacc2c6521ede3b6a03da1a1f3c90f8f7d9936486453193a9a77d41
flooded-station-platform/0303,flooded-station-platform,train,0,0,0,2073600,0,0,,,,0.0,,0.851569070647603,0.0,,0.7079052212203817,0.38424191982244416,,0.9453545986321704,0.8223332045182655,,0.27648620484319175,0.4340683095546909,,0.4760503216732217,0.7985222822529648,0.2731100998437818,0.0,0.7735179544869762,0.8443906265989016,0.8447748669433173,e62cac97ea08c225e113869af1e24539312d59ae8b1ea981d8625c7d8c85968b,e39d3cc9f2e733f410aab08b883c5b815fc0b7cec4923951527119e1188c966a,4cb50339b40e0519d5b124b34fd07f095bddcf9939462e8a17de9c26931f808b
flooded-station-platform/0304,flooded-station-platform,train,0,0,0,2073600,0,0,,,,,,0.7837821542306828,,,,,,,0.9034428517104534,,,,,,0.0,,,0.6240021523419108,0.0,0.9109452923811319,c9797d293e9f42ce5aacd15adf5adeae5aabd49c586206b065f6f9ae8218987a,fdcfa33e5312540d1fe6a49626ab748f10be173352f093e26fb20c90e293784a,cc017c8735566a15d46e9f4b25d1e93cbc60324d91c5b6cb3c0c25777ac4a548
flooded-station-platform/0305,flooded-station-platform,train,0,0,0,2073600,0,0,,,,,,0.8716889654365705,,,,,,0.8831609601054949,0.9367549562165471,,,,,,,,,0.8681662283269163,,0.964021162298021,10d64186056082ebd4e47902c4c0de8902ac70f0ef5c2e64b7a35ce344eeda23,e7d2de4d96aec0a8b3246ae5cbcc210d76914bab2c93070d8a83137bb7c9c701,8b78ab0993b9f14dc150d49a8c5b39b101cb234922e254e9562c4b4822202e05
flooded-stone-bridge/0270,flooded-stone-bridge,train,0,0,0,589824,0,0,,,,,,0.0,0.985645796472804,,,,,,,,,,,,0.0,0.6412982652490207,,0.8330077353057422,0.33883826879271073,0.9458838469796549,d8aff7595858cbf04c9e2b85dc09bc865c9a2ad58b92c41e823fb4a084f4bada,fd6955216cc66b2eee2cfcf1242e63211c7bcc1bf86fb2ab9d8a15726ce917af,ff496cfdc854ebf94c14939d18e77f082ce0ea2f642bf77d03f5b1a37d8bfd54
flooded-stone-bridge/0271,flooded-stone-bridge,train,0,0,0,698368,0,0,,,,,,0.0,,,,,,,0.846513738864323,,0.03659780668196889,,,,0.5472456477782709,0.9537312003065428,,0.30518248175182483,,0.791958437594967,f5180763e414fb42a131798a9a989ba50a68fa194643d48809aba9a9130498ed,2368f3e5da46a76defb9ae32ea5cfde760f7cd9dad6b26b038b2df07dbeee742,fccf425ea2846714b2efdc4f8c94ff70caa42ca1f2a20a888a286fe51c174907
flooded-stone-bridge/0310,flooded-stone-bridge,train,0,832,0,920390,0,832,0.0,0.0,,,,0.4574855533433691,0.0,0.9028132992327366,,0.7780685684375818,0.5258107213765718,0.0,0.8955124608618537,,0.5942104987151922,0.39933993399339934,0.0,0.7889723300236883,0.9264548847584148,0.9242509892594686,,0.8217192970829605,0.8099400029064336,0.7919944375519775,244d2e5e9d27aab38bd91e338efee542e9ef1b32b81f5b1d04e493988fd9fb15,e7400d491f361454e85ea2bdd892beb8058b0cd329a928274504f090705578d3,d8c2db73c93118443de2615c7d0334e934d2a89f2f7782c7245adfa10baafa5f
flooded-stone-bridge/0311,flooded-stone-bridge,train,0,0,0,921600,0,0,,,,0.0,,0.02511415525114155,,0.0,,0.7627118644067796,,,0.9697338820870611,,0.4314797933758736,0.525390625,,0.45661712668082094,0.875256419521795,0.9148786101418072,,0.720862197025966,0.1777628710380681,0.9022602236182393,3ec9872d416c77c2223a85177374f753b9fa22546177d378a402366f3a00fac8,1f576c93da65df63c0f97c19e0f4a5a88fa854a978139bb0b399a9b0722ff0ce,02cef6d8c1ef5e0beae7bc05245b5d8c685c68059c4563fcadbebb3833370945
green-roadside-cab-view/0174,green-roadside-cab-view,train,0,0,0,2066880,0,0,,,,,,0.9793899025002414,,,,,0.939935942764444,,0.8372970500800366,,0.531230099090608,,,0.03885480572597137,0.940532625317123,0.9837394950533669,,0.8516465165987576,0.8587844455326537,,ac8756b81048f48af6d2c3fee710b8b43f34a4e658cde8c09bb9f690902790e5,1d89a374fa0d7ed2a6e6429295a1bbd6e07539abb712f5298181462289d6c8e5,d2c90f5dc6a1a25219ae9102cbb85d95c14c1ca7df7945f3d50a47ff814d8a17
green-roadside-cab-view/0200,green-roadside-cab-view,train,0,0,0,2068190,0,0,,,,,,0.5376262185108837,0.09299191374663072,,,0.7584369449378331,0.8826990023143196,,0.0,0.7218357719676981,0.7346061898300704,,,,0.9751032349034691,0.9866322574654296,0.6283594795086951,0.6144052044609666,0.0,,647d89550b9094d69144e9eb687405a9b548e981193dfb8682ee2e38bdb37aa6,f46c80584a147ea51bb34d9112360631c5f11d0019df6dd603d23b6e150c5218,488f490e68ab112ac656b73c1f570855f6d36a069995c4f1ad88e7a3512b851a
green-roadside-cab-view/0201,green-roadside-cab-view,train,0,0,0,1982593,0,0,,,,,,0.9434686421077331,,,,,0.8216911764705882,,0.0,0.8958333333333334,0.7661021654636313,,,,0.9747840555663466,0.9865550547327753,0.7211457455770851,0.7804323094425484,0.7843904796423825,,cec5a4a2267098df2b64c119ce4e99aacc9014722b05125b92bd8da623cddee4,55581854220617568ef435d0ce1a25842c7ab9554e57da4b56132ea6a7b2c5f0,4dbde2951703c4805b10eede7d7be437b4279552e1d2570cc9c7b197fc4cedb7
green-roadside-cab-view/0202,green-roadside-cab-view,train,0,0,0,2067734,0,0,,,,,,0.705548720103232,0.018277822908204712,,,0.5949367088607594,0.8456017115350329,0.10591756850103615,0.7997556820008358,0.8028208687953965,0.657772374638108,,,0.6827762485253638,0.9388300417136192,0.9880512270101235,0.6542228644829801,0.5427685034717092,0.757021900906793,,318bdc8615a85a559ef35aac3c3b7f2506709bbb305ce03e4e8ea37ade4d7da2,0f3fd0d5280d3287ce8cec97acdffe99355f4a4f1aa7868d9c5c404b03adc696,d7edf2389edb0bddc3a2db3ad0b617eff55b01c58431048a8dcaa13563dca7e3
green-roadside-cab-view/0203,green-roadside-cab-view,train,0,4456,0,2063411,0,4456,0.0,0.0,,,0.9661670896494958,0.9609180806225008,,0.8540080609046127,,0.6915113871635611,0.8460671722643553,,0.4537463595446121,,0.44431843955545475,,0.0,0.8703293017014853,0.9695647359073222,0.9814071777029838,,0.7252307068248657,0.8876294611022446,,18638926136c9e885bad8a5394a86973d90d5ed5638573e5985654dec64db548,e71b82e1e191ebb38f5c61ef1b0d128e6e5a11962065312506493cb014a6a361,347abad9b6c1495bf9de4ec6ae4a38626bc22cff189c36301e2245632760901c
green-roadside-cab-view/0204,green-roadside-cab-view,train,0,0,0,2067867,0,0,,,,,0.9127240342869866,0.9366093433752358,,,,,0.5000240142164161,0.0,0.2418452935694315,,0.0,,,0.7674302195313804,0.9578790926606027,0.9949921550927419,,0.5729139589290356,0.893767542740495,,cb34ab4d9a1966c9d974500a92359ca204a93a0c8283bcc59a5f16456005f1dc,f8a201f8055169f4e1fc3ed4547ed752839f649ac12fc2ace4db3701d27241e9,aca138a8dc7823680265d785a538c64fa1686aa5b8a99c8b36cb0d3ef341efa3
green-roadside-cab-view/0205,green-roadside-cab-view,train,0,0,0,2067867,0,0,,,,,0.955081161201692,0.945980934447452,,,,0.09090909090909091,0.8494733423043014,,0.6315,,0.2630780894617134,,,0.0,0.9827539907246466,0.9900942112781443,,0.6137444172309465,0.9444329477106295,,84c3ad934ba556452a390cf9a7615f786d7bada1f0ce3bec466c1ccd2a89b441,54f8b882502e1aba4a8f31dfe42009d9359e4354cbb6ad2a4af730894c4a64a2,107ac334289cacdfd48792ef94fa071272b81614680c25e7a4079e027d73d16b
green-roadside-cab-view/0206,green-roadside-cab-view,train,0,0,0,2073600,0,0,,,,,0.9348263274094476,0.963478949317465,,0.29689703808180534,,,0.897551328139512,,0.8237464522232734,,0.7594492605813361,,,0.675047664442326,0.9752959769842997,0.9823390453335333,,0.676806647870604,0.9268288358568845,,326099a1d7068b475af019e6dcf936e26aa1a539954a3f0fa5df1a5ff8428999,6cf8bd75df6f49b6f9d82d83a98a90658290b0098de456864106c497d525afa3,bb295b1dffe1c01f7180eb539bd392330e2558680a4752bb8ae317245e6c6871
green-roadside-cab-view/0207,green-roadside-cab-view,train,0,0,0,2067867,0,0,,,,,0.9504187604690117,0.9633685459634459,,0.0,,0.744721689059501,0.7783511269276394,,0.735138316656857,,0.7968241821312416,,,0.5815337134039179,0.9511768473334554,0.9923763845019127,,0.7009639258069228,0.9484130556729018,,0a69c574d773bd2b02269bec42203fa65c198e4f1f50743335704b45db4b879d,12929b2c41df570afd935b15f8686b36c15ffe4535cbf298828b651dc6b7f72e,cdc8984f80538ca78f22608c2871f5d131a24405a866a5dabef2d099c4e6fbc2
green-roadside-cab-view/0208,green-roadside-cab-view,train,0,0,0,2067867,0,0,,,,,0.8393955184992183,0.9649965497178887,,0.0,,,0.0,,0.0,,0.6895683656729082,,,0.0,0.9767130085828942,0.9841330022179674,,0.7597795483136645,0.9269152542372882,,3b8efe8aa3a6e136add1665ab904a06b78b874796e0c18912f3ee9f3ff74d366,dae9e0177528e83bb9056a8fb457e3d484018332b434fe9195634f6a0f23d72c,a9ce4a292e0134cd2dd42c8ad3853980b90e58434fbb157b9b01c1fe040498d5
green-roadside-cab-view/0209,green-roadside-cab-view,train,0,32449,0,2035418,0,32449,0.0,0.0,,,,0.8638328380540721,,,0.9386127057370199,0.9591339648173207,,,,,0.7286052658679757,0.5203605843953995,0.0,0.6468552052181694,0.9196108496551496,0.9082783509613306,,0.39246492237812275,0.7674913243031456,,ee956750d1fd8c7676cd76b8db71bf93b9cbcedf8b4aaf4e538041ef501ade04,e9baf13f1df68cf0182ca0ed2887e288cb340e796f1b398ed5a32febcb242750,17dcdce9f1e34a3bd91447c675c278a7bcedb9fffbc137b8b5386cd3c662ecc2
green-roadside-cab-view/0210,green-roadside-cab-view,train,0,164,0,2073436,0,164,0.0,0.0,,,0.9491112574061883,0.9033895979140936,,0.85526753074111,,0.2505122950819672,0.8839619504244581,0.05694126999900626,0.7831928345626976,0.9742144525657449,0.7114322141946451,0.7207669457196867,0.0,0.40833014677765683,0.8959303744172948,0.9917116915174684,0.8501579203109816,0.6727272727272727,0.8124344338167232,,7fa10db78fee89d3d4e8282d50e5cec55c3943202f620889b50503ae276b1a74,6026feb523e6c808b7f1ebc4a15de86ec7be4191ea33e7e454205851f8780c5b,5677d2acb9e48503bf066f42c7669b6dcfd6c8e68ce7f7acbed258a2372af158
green-roadside-cab-view/0211,green-roadside-cab-view,train,0,0,0,2073600,0,0,,,,,0.7794174131757301,0.6347268997999544,0.0,0.6309675182059877,,0.7631649771238899,0.7518344294239435,0.2947332067000518,0.4490376981411011,0.7392130308843998,0.6401422214829293,0.5741255961844197,,0.6452166760910913,0.8350828518985307,0.9843981957505573,0.7278756002744111,0.5560595209676136,0.617142571884984,,41f0cad9cf8e4e11e5a870a293f740a7bce70a66b0bf5b0e86c9dd1fa6396f5c,c790e550e0f15182c68acd0fa1c3df3839237fe9c736e380c9569a42ede21622,fb4c1fbfc7da58c4a42f133983da6006ce671430e935b7d8a9ed7c4976075e07
green-roadside-cab-view/0212,green-roadside-cab-view,train,0,0,0,2053480,0,0,,,,0.7470738767462348,0.0,0.8864134056936114,0.010011441647597255,0.7743340423376887,,0.8893756845564075,0.8517940130576305,0.6301824967004961,0.7948210962612079,0.5830511495277134,0.650601986731721,0.7833362795356785,,0.7806443416395051,0.7825009579053058,0.9852736935606076,0.4412483039348711,0.7323157630382008,0.8885657272503622,,19490f9f31865422ef3257bbecd836b58a75e1200af558b47627240cfc9e49e9,e4afe2ecf4ebd828471240e23f7446384dc2ec9d184d5b7d3aee969d13726f9e,0f2e86099eaa56fbca67e4b1ad3f1b658e3521a51d198e3dd4862b1d7149b3e5
green-roadside-cab-view/0213,green-roadside-cab-view,train,0,751,0,2072849,0,751,0.0,0.0,,,0.9686877794056876,0.9457445113205928,0.0,,,,0.5573199952624338,0.8073799901801564,0.4901557681663636,,0.6818718565493112,,0.0,0.0,0.9187051904183593,0.9895969963743421,,0.7377434668796309,0.892974361969281,,5229632691652545fa2f89ea5800c86d39d27545bb45654c44af717c422b95c4,4f60ce021a149db8b77724d1203b796eafcc96c75f291f1e5fb521ca6adfa064,1f23b3825c01600fdeea8f7f068e2570a3b8615c798e9aed0f008dce6123bee5
green-water-cab-view/0263,green-water-cab-view,train,0,44290,0,2029310,0,44290,0.0,0.0,,,,0.8435756385068762,0.6047090919874266,,,0.6280487804878049,0.8426918225196073,0.0,0.8636868087711913,,0.7112987012987013,,0.0,0.14556533513879485,0.9497214459596157,0.9061747555594971,,0.8340299724742584,0.8700621316233008,0.08878888153540701,d38268ad352c084c45d9c129d86eed80ec34068717620fc1685f07a6cefd1468,8529f0f311585470613e21978d79fd7cd6125e1beefccb98f037b4124151b53e,dd64fb76d44c624be94582d6b6943f6bfaa6ac8b7a27d3043646754eccb82abb
green-water-cab-view/0264,green-water-cab-view,train,0,0,0,2073600,0,0,,,,,,0.901350163777263,,,,,,,0.22268598084949667,,0.8692991083136637,,,0.6633079217765993,0.9273119795489859,0.9825828322886018,,0.33781803149310385,0.9096505011365197,0.0,7ac26e3576a11b28c401290cbed89e663ce03d2ae23dcbd062e1ece5d3ba81a1,da975b659994aec1a32dd22d6e772c441d1fe28b507d5d47bfe4db184dbe094b,ee51a600d16c8d748586e9b48c586dfedb3b8072103d1fce665dc870d3f732b9
green-water-cab-view/0265,green-water-cab-view,train,0,0,0,2073600,0,0,,,,,,0.9623659509954741,,,,,,,0.8678102953050338,,,,,,0.9314049784831752,0.917789266729775,,0.9124386741653704,0.7817078804466254,0.25892652518678094,021d832dd111da4e3fd13f74b2531f5a87481b14073f6b0ac4a5a1149c442820,ee51403528cd8ec8eeea2c81f9e4b41eaae0496ac53ebbdeaf38f6f511c45009,b7a304c93a660b2124ccbfa0997eac911d14538cabfc6963762ed3709cbf43af
green-water-cab-view/0266,green-water-cab-view,train,0,8401,0,2065199,0,8401,0.0,0.0,,,,0.7726407629963861,0.7168980373384395,,,,,,,0.0,,,0.0,,0.980953658630074,0.8815033876292854,,0.8865239637893972,0.7726655761667769,0.75349931871671,1b57cba93cf3601d156721ce3f759bba69f41268fe5b975191c86fbff322be98,b57e3716ffe62a58f7111bf46af37413badf80d0ecc178d2c7b52919b30064bf,d5602a3330a82ddbe98e2e21fb2102123250eb8820bf49282c42feff2f8093ab
green-water-cab-view/0267,green-water-cab-view,train,0,4838,0,2068762,0,4838,0.0,0.0,,,,0.8024398437828077,,,,,0.0,,,0.0,,,0.0,,0.9831640246794319,0.8780882814694849,0.0,0.7288555745735702,0.7183923048324197,0.0417716283791405,9b17276ea65c583df9303ed986d88d187c963d9ed6bf0b5700396e0de25190c4,71df9d1285b9ad09eb96265be443e2d18e28a00ec69a0f759a6d3989f1f4d48a,d50313a7c9378baafd41e81ea8af77716dc5e2c179151d76ff76d37c1358a685
miscellaneous-flood-stills/0275,miscellaneous-flood-stills,train,0,0,0,249696,0,0,,,,,,0.7095787571249826,0.018217306441119064,0.6350515463917525,0.9641152891773239,,,,0.7676794480562558,,0.0,,,,0.775987229675801,0.9870089589273146,,0.5037220843672456,0.6387946578649797,0.4845620667926906,61c2965c3c11954382ff9e9e06c34ffa4996a9a48b46aa7f5490049b85765bca,f4155b4c85702af56db693f3f999b74f08d30680a34733c864fb141f6a3f8c60,9474488285c86d4bd64b218733c87316304b8afaf59822646e856deda215ac17
miscellaneous-flood-stills/0276,miscellaneous-flood-stills,train,0,0,0,920880,0,0,,,,0.8509401709401709,,,,,,,,,,,,,,,0.8049592631951824,0.9856589757652438,,0.832835330815958,,0.8554300089350769,85d7d06fc795f58f6e51ed5e91c5d5d8ab1f41194ab44f3471da41bdadf45973,b9c514a9abc72bf370a67587f1c41ec3e1c7769276c383024395b7a22ca7be38,bd38bf78e3587b9d58566f07eb14063304bc51d92530d3f8b87ea005226eefcd
miscellaneous-flood-stills/0313,miscellaneous-flood-stills,train,0,0,0,2073600,0,0,,,,,,0.739065354170895,0.2001021129526353,,0.9656446914789654,,,,,,,,,,0.10798136089372125,,,0.8936760151305562,0.820717291607214,0.7934080039528345,74272d0a74c881e4e18e9bf6000c065a51519bf7c05acb3c8e912f075c3b5ddf,c3e7c0a88b0198168b7659a591eafc02b94abdbacb436e871eca4779200bf186,cb938b8ebcfa48f26ad74c21dc392094d550a4aa98af12eddcce087cd496a07d
miscellaneous-mud-cab-view/0173,miscellaneous-mud-cab-view,train,5753,0,40544,2027197,46297,5753,0.1242629112037497,1.0,0.1242629112037497,,,0.7201953978660496,0.5039961775692816,,,0.0,,0.8938040345821325,0.0,,0.7406759906759907,0.0,0.1242629112037497,,0.9628655031378553,0.9957667727428136,,0.5942004010527635,0.7599077230313673,,f0ca7b2f878f2a5e167e558097ca517d126cb474aa25f5b0ec0fc4d6b1e57432,b968925b81e441c3dc638759e4923b6ad0ca44e3896210a4c69b136305b9eb89,ed4da2ef74c5415d8da77ffd8a804cc1ff93cfd6c05e83ecc9a8e63455c21a0b
miscellaneous-numbered-cab-views/0013,miscellaneous-numbered-cab-views,train,0,589,0,2088371,0,589,0.0,0.0,,,,0.9811671230578408,,,,,,,0.015429635541367386,,,,0.0,,0.9596744913257083,0.8599518269548653,,0.8734537821425894,0.8711964847110245,,cdc7c624979074f91663aae6c612b6f6c370af9ca88a91ba076c2bad37e6c319,5566ae6fabe4c0bdb27e7217400a18101ccd23bbecd3e8cc415f9ed41cca7115,aef1fd9e936500b97a8f190f651381c0de9167c496fca59e26fa0142880644e0
miscellaneous-numbered-cab-views/0014,miscellaneous-numbered-cab-views,train,0,0,0,2088928,0,0,,,,,,0.9457074962923014,0.5419271868892405,,,,,,0.9478528368354462,,0.45208568207440814,,,,0.9295130476436758,0.9527426074996966,,0.862784429260954,0.8124266792626692,,00a59e617c6d81492253ece8ef06493164bef224314ee99156bc01663f8ccd38,3ba891a877a2984212cd387b6a1eca2332a40b2a757b57c0248ffa03807c605c,f96e0a2b6be7ca101be914508c46bc1b0ed25ebfcca7245920c4412ac00d3149
miscellaneous-numbered-cab-views/0022,miscellaneous-numbered-cab-views,train,0,0,0,1931319,0,0,,,,,,0.9310444491770361,,,,,,,,,,,,,0.9788925208962896,0.9859636276811652,,0.6013795722060499,0.863781625641509,0.0,34431340589d77bf879a5d44b35f1ba4ee67944d06302e41751f49b52c7cd6bd,601f45356d35a2626927e94aad629de30fc2805b197f3f27a60dd2cd87622d80,6cc710f57edd5edc7de6251452d3e580e5d55dd65a8bc6a2dc3c99f1561fa819
miscellaneous-numbered-cab-views/0023,miscellaneous-numbered-cab-views,train,0,1242,0,2086631,0,1242,0.0,0.0,,,,0.9153380517005432,0.7344957217648008,,,,,,0.9374050620769758,,0.001221001221001221,,0.0,,0.9475949702565803,0.9393792303751045,,0.8417075281222959,0.7946222829987685,,4dbdaa16ac641963e653bf5fa8dce1b9b05b89b3a3d10f8da2e3c9c38deeee7e,03b59830b108e9c2dc87a79168457ed2a8be69f44abafae8f6486184598ecb19,fd2f5fb568af44551f7ab160b2f2f464bf8c2235b456c03b6b9c6d437f586687
miscellaneous-numbered-cab-views/0024,miscellaneous-numbered-cab-views,train,0,6931,0,2080808,0,6931,0.0,0.0,,,,0.0,0.3620022165879727,,,,,0.31094388582549465,0.06004382761139518,,0.0,,0.0,0.06271244051665534,0.9498197395738591,0.9766503818599077,,0.47042828008157717,0.6759894134301717,,35db7be7064f509351e3627b33430eabc718080e493e83ad1551491d62e1f113,e3c3c38776bc33b723f23e1afe17f11dd1b9be409c25e6ae796447766a6b56b2,26540363c15687b0386544c92673046b53cbbf7bdf216540f6bcdec099a2ba28
miscellaneous-numbered-cab-views/0030,miscellaneous-numbered-cab-views,train,0,0,0,2088960,0,0,,,,,,0.752167921127955,0.6109883820752018,,,,,,0.8982635632477903,,,,,0.9002710874778438,0.9501592271828383,0.959602677422123,,0.8739126739013402,0.799948614424665,,a88a70e7bc9e1730883e2cfef16954b7c5a6ebee797dfe8205837e1e2f9cc290,d0384c853c39b8e3b218a40e21a03110e8eb9368264b796d43fe35330caa8f52,b7eb1bdf8406cc7487c1108540ebce063971c79ba1a93ae7fb5785afd3b25fb9
miscellaneous-numbered-cab-views/0031,miscellaneous-numbered-cab-views,train,0,14480,0,2074095,0,14480,0.0,0.0,,,,0.5804544540518801,0.6072083750711998,,,,,,,,0.612801591907802,,0.0,,0.9671434810596617,0.9068500187036944,,0.8379762951286792,0.7357110527745089,,582a1052402234b092c9e8f0eb985ba78c3b1068c2ae8c12c805aadd11584b0a,eac752094ab94f349e6d48690930d8ada3181efb518c33f473c5388d2ce23c74,f67b92f0c374b48a12e2fafccde221ada686b9b48d243e9a6dad77d565faa85f
miscellaneous-numbered-cab-views/0032,miscellaneous-numbered-cab-views,train,0,0,0,2088960,0,0,,,,,,0.4620895737327189,0.487887963663891,,,0.7508079605375064,0.9058094974149218,,0.7471466968679465,0.7780639100788753,0.5222880700850296,0.0,,0.8332516953488119,0.9614339730826553,0.9662523020257827,0.7800829875518672,0.3114263006663814,0.6888254064248144,,1bdac9a6b7ef8988de21ddaa678ad8a54e0a98f75bf8ed86e61e0f50a7a6c16b,1fe12468826aec7019e49ab44aa6f832aac76a9576018cf252bcfd26dfa6c329,f70e6e09c3785f21bf27561695d252140d6f979e0b130a3ddc7287fc782c2021
miscellaneous-numbered-cab-views/0044,miscellaneous-numbered-cab-views,train,0,0,0,2073482,0,0,,,,,,0.909121174849491,0.8990740422016453,,,,,0.0,0.937389335689073,,0.6302816901408451,0.8220424671385238,,,0.922038189682456,0.9963130734787957,,0.8688022759601707,0.6978697491784518,,bb02fd705ac7b08fb3ae7c618b46f5a9da4ef32b590259233156f5fee831aacb,d3844dea10ab96975316c1574eadb989106b149d9b1fafe094beae7e9c50ec59,ef57af081e951b0013ff22b0291dbbe5a6ecde88cb84c517143db42999a6928b
miscellaneous-numbered-cab-views/0045,miscellaneous-numbered-cab-views,train,27131,323,24089,2022056,51220,27454,0.5263760355431387,0.9882348655933562,0.5296954314720812,,,0.8165129399122414,0.04758994062172546,,,0.0,,0.15874375051791287,0.7338956693841007,,0.749344251807306,,0.5263760355431387,0.8540617705499932,0.8983189618921821,0.9856327580779811,,0.8677868893696232,0.9293745640986975,,8a2c09c50911afe45e05157fb8602cf7345aa5cf6f005c3b76f7c0d8b50f36c3,a820d863d1b63b281c0ec5f7e11041e0e68f73f39d613cc757bc489e1e03b351,5a4cf45e82d8f70adaed687dde54182b31c6525862f8145ccd4188aa2215e36f
miscellaneous-numbered-cab-views/0046,miscellaneous-numbered-cab-views,train,37370,10265,1295,2024670,38665,47635,0.7637441242591457,0.7845071900913194,0.9665071770334929,,,0.9179918839269742,0.0,,,,,,0.0,,0.6335906847234527,,0.7637441242591457,,0.9821943430423581,0.9843081253018469,,0.8989102637194377,0.9352367168826612,,a1bc04fa20bd623f99bbac759e22dbd90554263ca7b217cee49ddc9fedd59da2,550d403c2cd02d480d3ae049a478b103700ae04d047712fa0e5187f9b0fd5068,ffe043ecf111f4dd0c63d8260fa5440655354ef16f7787cc6fd5689e618eb3f8
miscellaneous-numbered-cab-views/0047,miscellaneous-numbered-cab-views,train,0,0,0,2073600,0,0,,,,,,0.925457933730285,0.9272312987088608,,,0.6281534557396626,,0.9653787288275423,0.19599462693857614,,0.6280891494415526,,,0.8178670270966081,0.0,0.9880060468631897,,0.8456781390836887,0.9102074688796681,,b74e6210f53416c45a93c3fb1a022de2cc33ed02723512634c739624b649276d,52518430666be87ad030da35871a2439ebbc09260cee1aaa6bf65be527c77193,b654ff62e1af3de6a5be9a8c895628472b0cac7c162dd7d1fa114e8f984cf60a
miscellaneous-numbered-cab-views/0048,miscellaneous-numbered-cab-views,train,0,0,0,2023939,0,0,,,,,,0.5944229529335913,0.71537532982235,,,,0.6872003835091084,0.0,0.6929387164227119,,0.6619494775823304,,,0.7996438447550491,0.9553153195672122,0.9959639568691837,,0.7012233645396588,0.8109396875563133,,f912ea15971bc82b19029b9aad152ec1934e74e2a32d29934c116cdd7409125d,207a7f72a12615e89d5f214f068689216c6d434bd46045ce97046eadaaf814f5,22458cf61776a6e113b5663edbc632289dff2fc6c877bba22f8b8fb346b0009c
miscellaneous-numbered-cab-views/0049,miscellaneous-numbered-cab-views,train,0,0,0,2023841,0,0,,,,,,0.8404329787778935,0.5084830556401444,,,,,,0.7595638183768323,,0.8996081994208165,,,0.0052531041069723014,0.9666341114007581,0.9952841247994052,,0.6112641853079904,0.7668383799460523,,18e4e59e4f1f16790b92171327c69eba67d5364edbe5a933d052ee78b21f9557,d8c2a5b6f12b75c02efc4512cc0c2efdba9b29f877cc7842dbd1070c4cc562b6,3e1bd49a2600d152d69bc7bdb687bb997dc3d782836ca599cf1fc36f46de38ce
miscellaneous-numbered-cab-views/0050,miscellaneous-numbered-cab-views,train,0,0,0,8211623,0,0,,,,0.7208588957055214,0.026577541817251416,0.9589442815249267,0.6275312066574202,0.17089132112136712,0.9623144351848498,0.8730981394767191,0.026067801531246645,0.6530783708962001,0.6169770640859292,,0.4718701212329578,0.3194608256107835,,0.3706797324622803,0.850877480728227,0.9541736023332745,,0.7995649272898443,0.8345572435631621,,33fc6fbed915cff715396fc229a8e0da423ed1d84e76cec2dcc2a28d124be983,a9c086f93a23a8995da1495bf54ec1a377ef02d5932b137a3002f7384f45c4b8,f3daa2fb7347a6fdcdb73f4ad1203d2de1aef96ec8ef641126c92f2ff6377541
miscellaneous-numbered-cab-views/0051,miscellaneous-numbered-cab-views,train,0,2826,0,8209626,0,2826,0.0,0.0,,0.38673139158576053,0.720216747667728,0.9434416980595636,0.6168227320237493,0.6265201465201465,0.0,0.14273262148616256,0.5941937869822486,0.7562636609793495,0.761535270794508,,0.504968496922908,0.916264486870836,0.0,0.7588369447495312,0.8226914550363266,0.9621964600609125,,0.8527060565755735,0.8297083297398234,,a29169723725172c5b690fadfa30cc7cf76f7eb2328590890c3c828f7d3f20bf,f19c28ac63b6c849df2da22a96db0a6b720006896d82875ceff69a43205d2023,1a11f1dbbbd1fa8f78db45200e5150860b98848a6d37c61e007e4047891c27fc
miscellaneous-numbered-cab-views/0053,miscellaneous-numbered-cab-views,train,0,0,0,8119784,0,0,,,,,,0.9608759926425604,0.3953832158289743,,,0.0,,0.16507422402159244,0.2608416346178554,,0.8305353100734058,0.5684032189750106,,0.9385703301108694,0.8763927672203563,0.9642074062604551,,0.8882545550567732,0.8792028941965283,,9e09a858819a1882bccc4f5b7cd52bca20f66b1052a3c5191dc459062ae69e81,70a16c903d27ac00306c86f14141f728ececfc9dc4e320ea99148e50ab77339d,71d585b945e2f1676e56668d9b7d4170ac5c470c3e1529aee7ead56d5cdd8961
miscellaneous-numbered-cab-views/0054,miscellaneous-numbered-cab-views,train,0,1,0,8175653,0,1,0.0,0.0,,,,0.947459631503481,0.507313829787234,,,0.0,,0.14608867319239943,0.7026554417708529,,0.7727913072597314,0.6923639020825721,0.0,0.0,0.9799648387528831,0.9792684522318973,,0.8177662758464702,0.9526707413244002,,ac828e814ea477c826e95def13cde08680d0a05dbe64cde8303472779d31fce8,ea34de2ac35692d4e015602569d70b94968ad6bdbb3c7aaffedafab451351ee1,eef9860c60b962afab73ebe92c29acb3c7eb5b64634657bb4bc670f6a81fe2f0
new-unmatched-2026/0175,new-unmatched-2026,train,0,0,0,2073600,0,0,,,,0.8542639469157041,,0.8955433182134439,,,,0.8211068211068211,,0.0,0.7961287955233465,,0.5830694171017718,,,0.0,0.9065921211395518,0.9216914783934588,,0.8131179183986746,0.8218169629934335,,c81bc0c590d9bd6563e2e11176cfe441dc0920a5f9cdbbea9d32b36a51347b86,e567f1deccb42140b8e6f7f671b1b6b71cab015fd5065dba841e709332e19b53,a57b9c8e92133d732be3f25e9a69256aa7754b808278e986035f3d99bc4c4ea7
new-unmatched-2026/0176,new-unmatched-2026,train,0,0,0,2073600,0,0,,,,0.0,,0.955340400041671,,,0.9551669751729259,0.0,,,0.4274611398963731,,0.554137664346481,0.2222222222222222,,,0.8939348217576014,0.9908952988133393,,0.8429051714368461,0.7190035291413892,,fdfba692303712b2119a1d725763d74b54fa20defdb3415916105955f503bd9b,bf61db99763dc894604525d3f039b209cb136d83f1cd35b7655768228102fad0,e3680e9b19d040fcb4272ff4d22ef7e71355a33ff7a42b1d3c29b24c065b59f9
new-unmatched-2026/0177,new-unmatched-2026,train,0,54,0,2073546,0,54,0.0,0.0,,0.8445778876722007,,0.9657402880673912,,,,,0.8868929166890765,0.0,0.0,,0.01573994867408041,,0.0,,0.9718023787444023,0.995204494809084,,0.7744827586206896,0.8223962687552251,,92fdd6e752f0a8493a8a0114320f0d3adb209985cc28a17efef842ce5c887b26,4bd80258418635ffe4fd02e59e7e743a04d3ef8362742a3493154f57d54ca4c1,711ad3924ff7467cd1f837e508409d9283f88dbec142dde799f96b63b27eec2d
new-unmatched-2026/0178,new-unmatched-2026,train,0,0,0,2073600,0,0,,,,,,0.8700196635350667,,,0.9703766016501274,0.5145193898180481,,,0.5139312704976472,,0.4157909467952469,0.0,,,0.923541431391825,0.9727323639232022,,0.7366060997184917,0.9023112113370058,,bcfbb199baa79a77d97dfe9e368490306a1c84afc0dabca15e0dae262f2a945e,c0720faac0cf1b752740879c16180ae323eda041ad52f9878faa4a44fe5fdf85,d9b2ffcf8a8c1565774e48f011bc24e7fef09d789b72bfcb0da8874e2eef3b06
new-unmatched-2026/0183,new-unmatched-2026,train,0,0,0,2073599,0,0,,,,0.8502399852316781,,0.9267496243030294,,0.0,0.9811957993984063,0.4407523510971787,0.7537200425505287,0.861563260924046,0.8391593508911944,,0.8012643980938241,,,0.0,0.8584683577736183,0.9869612852792308,,0.7568040562643115,0.907716238344792,,60f737c273e283351acc6efb1ba0704e0827f47b77fdd8695a5bd891f5dbab4e,291ed9200b9c9d9d1be97ae0e9b2cfb2da0843377519c6b9e5e806e193e1071c,b7dd6f9ce1498ed000ff5e89c431edc2e92aa2199efd6bfcce76ba2e51eca283
overcast-mountain-stations/0214,overcast-mountain-stations,train,0,0,0,2062997,0,0,,,,,0.0,0.7892333713828644,0.3130952380952381,,0.5541710889407769,0.6876640419947506,0.7335626864009306,0.0,0.6486516743867112,0.7536425611549258,0.7885656036847801,0.5292603888677088,,0.112316874660879,0.6618174164964704,0.9610665637615413,0.5181370866231835,0.5416882281914978,0.5970430073352742,,fcf5289b197c7f0a48d5f375c13e6c090599b238c68ce299010e0babb86cb7e7,d66cff571333e436c6a9212058e636e2420673e9fa861b9fb9c61d3cadc245d5,b2c368d4a07896c4653e6bb0443ca9085c949118a327da167510d3614bc801e2
overcast-mountain-stations/0215,overcast-mountain-stations,train,0,129,0,2072827,0,129,0.0,0.0,,,0.484731993907304,0.9205974278499514,,0.6929703652653343,0.9430021011633271,,,0.14733464955577494,0.7860004750152315,,0.7016194598870553,,0.0,0.8374987424728015,0.8583337552528986,0.9801148144632249,,0.7425052361749351,0.8785562436721002,,a4ea3527469f92f7e01c82dbad4e004af29e5a534ebe1ed94e96185736126eff,854429faa83f8da4db49e7aad63e0ef178c079e045e63a5be44bdb3fcd0af9f4,779e294854bb57a9ac5fb45bcfa3ca50693a40ce820d25a85c2d777238cb3817
overcast-mountain-stations/0216,overcast-mountain-stations,train,0,0,0,2068117,0,0,,,,,0.6381701631701632,0.9581061226796259,0.0037102997922232117,,0.8326025761323893,0.9219560657909261,0.877640503875969,0.7890546147807559,0.820274831243973,,0.7178712480252765,,,0.0,0.9795181613272734,0.9789382342826524,,0.8665176608529972,0.9402959511121596,,39f23d5418cbc5c465dddc13feda5ebb78e7eb06be8eacb3a5acb0256a95f409,484d599c7a9c73383e03fb6ad49561d2771579ca685ae29f0f30e4be25d04b96,5736f5417de77e20fadb900bd2880382b7b6cafbb42f6bd4091c7d749d369c4e
overcast-mountain-stations/0217,overcast-mountain-stations,train,0,0,0,2073600,0,0,,,,0.32674772036474165,0.565748031496063,0.9051864093715063,,0.7307387601505249,,0.5353982300884956,,0.9401337196500781,0.407663784269928,,0.8110303988221539,0.6132596685082873,,0.7495969889185538,0.8449012926709869,0.9534038973992527,,0.6926347445104089,0.8777411509839762,,014ccb7933ce4cc405469bff1fb36825df54553c505c185a5c2b9ca46750aa01,aa3b2a2139a82a89c2ca14efdb1d56c34c50fe2cbd36c733edc6aeb721cead1e,ad3519d1036a237d0dbdaff877ddc80b782bdb595dbe2d2ab28afc427c91c76c
overcast-mountain-stations/0218,overcast-mountain-stations,train,0,0,0,2072152,0,0,,,,,0.9631216058218691,0.9845015705075219,,0.0,,,0.8690013846205802,0.7789898802339615,0.799057714958775,,0.9022638416313341,,,0.647545827633379,0.9308849326747555,0.9715670117613916,,0.7834630872483221,0.9612027353177796,,7d192a396ef667bb5f346b4419b19250547fc8d398f9ad1541087e3b71df732f,5a08d87d4ef25c8edc375b184d40fb21715f14fe709bd157766f55da6db5be90,7348e4d6a8ff4a81a486188c9fd1963282803e571b0fe3d373d34efe8db65f3f
overcast-mountain-stations/0219,overcast-mountain-stations,train,0,0,0,2067823,0,0,,,,,,0.9209591474245116,,,,0.8678526048284625,0.9494592952902969,0.766221251445458,0.9497442982137231,0.9303745115376936,0.576334510466247,0.9083393955426229,,0.6596071232423242,0.9477720466655201,0.9968156145482558,0.7293031246644476,0.6371485240928713,0.8594805497321221,,217eb3ce4240bbab2cd912c73d871881db741d3f99a15000d1343139afbeb72c,5dd19a743ac1e5e12f6fb63c62e75e423f24b6825f5013be4daef1327de5b91c,baffef494eeafecd0925d03045968861b593b7a97138d782638f3dd5fae9255f
overcast-mountain-stations/0220,overcast-mountain-stations,train,0,0,0,1926688,0,0,,,,,,0.9441738540796666,,0.9200376293508937,0.9661500234220656,0.6673596673596673,0.5133378777550557,0.22496920640506773,0.762962962962963,0.0,0.7305226255823608,0.8388857305287095,,0.08022284122562674,0.9536405981109821,0.9922719375740113,0.726027397260274,0.8566574692723417,0.9056365298768354,,b998518e2d97c634c8c2c846bf7f07e5ad02688387f15d657cc9646d080b722f,a78aeb5c9b6e22817ec40a0d14a2e3b3369a6697165133d9a00b6e867bffaa90,2a02f5d2021c6c710929bda934d10f8c029041118d6d08a040b448d38c53c468
overcast-mountain-stations/0231,overcast-mountain-stations,train,0,0,0,2073600,0,0,,,,,,0.9810034722860135,,,0.9934482551233668,0.0,0.5800583700931248,0.0,0.08064516129032258,,0.7660145127215946,,,0.5475559481743227,0.8992237983175796,0.9438236888827463,,0.8688118811881188,0.9722101726463235,,27cd78cb2b58647066724fd485237e2568caa02d648e8186d42928145e8c8070,e2756ab550685eb2f70de905f8a2f1b99510c181fc397402f3f807c8450880f1,17053508b93146e208bb227a24bfaddba076b1e2aab7c2bd1f9f016ed4082cc6
overcast-mountain-stations/0232,overcast-mountain-stations,train,0,0,0,2051786,0,0,,,,0.0,,0.9688604766178814,,0.0,,0.4668617224271721,0.7091687715031131,0.0,0.5973564291204568,0.7296296296296296,0.48663126622844977,0.8777543590726192,,0.5813107085749744,0.9311437753232902,0.9745824117153535,0.6084867894315452,0.8803979069633718,0.9083346583599543,,77b17d1922889f7c1d3d5c9eb9eb7abb5f53399f38433a493e4e0d9f6d369bd5,3315c387c153f722bf32fbe0bc5bfbdaa858f63464cab9be2c8c073d479522f3,55f8794d701e587722e3d1fa9865690ffb92305ff50e4938776d8336f37524f3
overcast-mountain-stations/0233,overcast-mountain-stations,train,0,4386,0,2067509,0,4386,0.0,0.0,,0.0,,0.8676883551413037,0.0017513134851138354,0.7418176710212109,,0.11504424778761062,0.8088197291502246,0.0,0.8200789267785653,0.8202716000787247,0.5531670712866916,0.5998959417273674,0.0,0.5890550070521862,0.931320123902026,0.9756347402343308,0.6510077892877218,0.6794813979706877,0.7769089853000313,,ccfe0f6097d8c9ab6aa93e8322b418afe7878378f87ebfaa7638f12f8605381e,3b67554f9922cacbbdfd34af50631afad68cbcf60e66ebde1584c6133fe36a61,5c086e0ac6016f2c34378495244c2dd46cff4621ef159a7a02b37921aeaa6144
overcast-mountain-stations/0234,overcast-mountain-stations,train,0,8061,0,2065539,0,8061,0.0,0.0,,,,0.9744757466638424,,,,0.8021844660194175,0.6095772570866786,0.0,0.0,,0.7693835429728572,0.883495145631068,0.0,0.7006728211547488,0.9722930490173826,0.9784073723400153,,0.8615286771507863,0.9427490385808213,,709cbea54e2cf9800bbf3d0c032a4ecbdd34ac081630e119aea5e897a39808a8,9f031a8f85e736e4469eff85abe294ba9b7cd9f12c496873f486d04a6bb80267,8fff2c8e46e57787a3870a935bfceecb066527c56007cf3e94a1d0f3630623bc
overcast-mountain-stations/0235,overcast-mountain-stations,train,0,28639,0,2042748,0,28639,0.0,0.0,,0.0,,0.6830446169001225,,0.612453531598513,,0.7518518518518519,0.8243998637582682,,0.8974288284628109,0.8388540607703603,0.7935707601695382,,0.0,0.5068740488534654,0.9190672753108442,0.9297160694533559,0.6741787017933661,0.7325299798675342,0.8086204804092721,,468c69f20ee4665d35f34a795d6f47eaaff96dedee7864164a769f063403427d,727abdd8767871d43483380b4a639a89408335f221c2798f071ede7d71cbcad3,45ea06f07bc0d7ba175b4cbc53960f03c07eac8489ec49035bd9be76f369969d
overcast-mountain-stations/0236,overcast-mountain-stations,train,0,33486,0,2031000,0,33486,0.0,0.0,,0.8706804417527609,,0.9533683094268014,,,,0.2380904063720765,0.7672068298520756,0.6447605329492258,0.9489086282598037,0.9386831882775237,0.5600760216393547,0.0,0.0,0.5875320891269995,0.889327345476359,0.9151065583421641,0.8759217243335224,0.852830847073192,0.9025698156816122,,7d0f48496493980d7a6b226310064c37f280f0d3d8723af88c69108db233c6e9,357469e787079530c7c4af0fe3afad136d2be00a3110c53be46d1dbb7f58abff,627a8923640309c1bbec2a6dd12f2b8ab770fc158faef232068d158dd7603380
overcast-mountain-stations/0237,overcast-mountain-stations,train,0,24199,0,2034197,0,24199,0.0,0.0,,,,0.9682735307581253,,,,0.33963832882976513,0.8417089113106978,0.0,0.6594792514239219,0.9672044896527534,0.5113076069355749,0.0360265827212312,0.0,0.6377417247581634,0.8981754064707854,0.946558323342658,0.8256581923459694,0.8101799485861183,0.7747040258412482,,d9eebb905aa35607b8a9ee3cdb0cfd1d4a4e368e77135f92e804f42440f333cd,b1eec86e60b77ba128bbba833a23764f54d112d408858a88b1250f02d7da05d0,b44455b4004fa4df22961a0e6beef14424ca98ee192f16a1a8d88ae3526c4ed8
overcast-mountain-stations/0238,overcast-mountain-stations,train,0,46869,0,2026731,0,46869,0.0,0.0,,,,0.8229309283659704,,,0.9859694779570881,0.0,0.0,0.5471790279247741,0.8527057459475128,,0.7155168942048246,0.3670150987224158,0.0,0.7497956041464011,0.9075571255227466,0.9091756975172889,,0.685631067961165,0.7750588652302707,,38d3daf79fb1b3f1c4c8c5bf74635d5954f16b3c5be5297e9e5ac9b077259d42,0bd106de9c902a9bc8006dd281b20d065ef8b5bfdbd81729dc77edc4d0287715,2386334baa4c8d318a48bb16167f22a0d33e22515dd315f07416d22a31e840ce
overcast-mountain-stations/0239,overcast-mountain-stations,train,0,0,0,2037432,0,0,,,,0.8057839360662336,,0.9625489616436331,,,0.9692448101764256,0.7309401709401709,,0.9495566721879655,0.7380256765555352,,0.5688081020795522,,,0.20575532080969974,0.6292664003321242,0.9784288286441677,,0.725698156780567,0.8307004161513671,,a48c958611d90e4471af958912e453f589b8b5533315c5d59ce81b77a46a7bfc,7b59514cf69597aa4f2cce3764a3d0af51710e328dc3d85c3976e4c563c3ecc1,03e26567aa7c3d9042fcaaff8c7f66be5620430cb3f54a43f86499d1681da062
overcast-mountain-stations/0240,overcast-mountain-stations,train,0,0,0,2073600,0,0,,,,,,0.9657043608881378,0.0,,0.92386101848248,0.6458068614993647,,0.0,0.8864682099823765,,0.8014977200164687,0.0,,0.3808,0.9588942575649744,0.9548272695608119,,0.7870482783561078,0.9028453239420873,,8b51f499144ba83986ae26ea615d1f3e8da062613143bac5e635ab5684f8c914,99709ace9ed244e7aac8df6f8691255f3bb94e3107826bf9d3f678400c6ead23,4c7a593888e653aea96c852224d771896f583ca847e98ec13dac236465cfa7cf
overcast-mountain-stations/0241,overcast-mountain-stations,train,0,0,0,2054583,0,0,,,,,,0.9471681784410898,0.0,0.0,,0.8815384615384615,0.0,0.0,0.0,,0.790213957923595,0.9217756584922797,,0.7062676295069175,0.896510957865925,0.9776023945163655,,0.8761421618074803,0.9489243749447831,,3625a2c4d4e9f8f3e0165e6dd90494d2791acd79e6142389e4a17e9e72601af3,a18c6013db023e74d3f18197e3c928119a026a0643711724bc334d3c6663f66b,c695a2f058853af814239ba2b5ea2dd3c6f12bfb615ba6e76e1b4832d2d36fb2
overcast-mountain-stations/0242,overcast-mountain-stations,train,0,9,0,2064715,0,9,0.0,0.0,,,,0.9449758213625373,,,0.9201559151800387,0.0,,,0.0,,0.6833657874550068,,0.0,,0.9668397336672269,0.9898713246347183,,0.7979464899668688,0.9178228624741062,,ded050ca71f820d730759226ffc1d2274e07ef4601f63b34c13120c7ef05161e,eb2b02a061e3cd39e085fb56063ea4abf4c835ba5583526332833e0723c0d442,161d2d292d789c1e55447cfc1c04b9fe1ad677ce4a7a103d26fea73f6eaf92ee
overcast-mountain-stations/0312,overcast-mountain-stations,train,0,689,0,2072911,0,689,0.0,0.0,,,,0.8661711072134525,0.0,,0.0,,,0.6046751239616202,0.7774865020246963,,0.7971182760742607,0.0,0.0,0.0,0.7937308868501529,0.9125456256388556,,0.8305683214981954,0.8537191647072889,,5443a27572d1805ca781a25437ef08d1d27ac70239d96cb52f50717ff14822c3,b7a584f428c50f605f7f6cf81f78b931a71df4e8242a20fa82991bce28e1f9f1,3d0dedf4d20a8f19b9834124f3d8ac43ec2c2e2d98081968fda27fc296fe7e7a
rain-water-cab-view-with-overlay/0268,rain-water-cab-view-with-overlay,train,0,0,0,2029558,0,0,,,,0.0,0.7782607133876935,0.7089800703399766,0.5640980357528306,0.33758639021796916,,0.0,0.7747568523430592,,0.9850136305844908,,0.0,,,,0.9492782447243389,0.7054249762583096,,0.5979981543266841,0.7240941755867129,0.0,7a53e1b4c0a64e0b30e58ab9db89fcf98ce95254700008d25f5394d06f97a292,23a6618e87555de6cbd8e26e944af51a428323c138f0f4bdd425e1c41c6ebf5c,1070e40d3a26533a32c8e3c4287c7b5f2ebbeb8889a3d6f524efe12a9f4a2e5f
rain-water-cab-view-with-overlay/0269,rain-water-cab-view-with-overlay,train,0,0,0,2054769,0,0,,,,,,0.9661560047021349,0.46932114882506526,0.3435495367070563,,0.0,0.5680379746835443,0.0,0.7798214212237172,,0.5908725140820784,,,0.0,0.9540345738957335,0.9941235021308809,,0.8204980842911878,0.8915284014751653,0.0,1100c1ea54949235b635d2def045d12f73d290500eb308c1ce83323f8600862a,abf7569acfa9b70797209bfc372ddce4a802e55f69e55594dc883d24cab15bdf,399534fb87a7f899e43c4164b3a840c90cb828e4269d920636e6411613b648ad
rain-water-cab-view-with-overlay/0277,rain-water-cab-view-with-overlay,train,0,0,0,2032606,0,0,,,,,,0.48662780348878604,0.8211757124566506,,,0.0,,,,,0.0,0.0,,,0.9870859434088985,0.9212465605933724,,0.6499280575539569,0.0,0.31989362950217043,ca57dfd0f80377755014a88660f5a17884651b8fc20abd7455c72679bd8bb09f,5542b12fe43765140207071f9c0e4692ea5687467fc0d4d502d4e96bd01a76f5,1ae1dc6806d4bc9f6d3d1b882d947972152974f42fe762741e6c04c6cf177dd6
rain-water-cab-view-with-overlay/0278,rain-water-cab-view-with-overlay,train,0,7684,0,2031875,0,7684,0.0,0.0,,,,0.5203484592380705,0.8272666735446113,,,0.0,,,,,0.0,0.2658959537572254,0.0,,0.9873204129613055,0.9581398908218969,,0.8021903229798293,0.0,0.03185576159559064,ae02105bf482e4b7269f687a6bf9420a5d1fcf5bf84ca910a716df519b4a66f1,f9d9cc36d418487bbef456deb4bd834ff96e352253bedc9a16b3f55061617ea3,527399839d088958dc9e511038009da8811a687162eb75c2df2d7bb209cc3d97
rain-water-cab-view-with-overlay/0279,rain-water-cab-view-with-overlay,train,0,0,0,2054320,0,0,,,,,,0.7033756436608676,0.7865468007635962,,,0.0,,,0.8484073867509451,,0.4613896218117854,0.18172256631997194,,,0.9634958035105367,0.9800747198007472,,0.8147422190544072,0.415912127059522,0.0,41a8c3396c58a82a580a4b2d762d7a5813c5b86e025f72d9bc3ad2ba21db3545,75cfc723508e1a083341fb8e16648a7f892140dd4f2ab1043d614110da2558d1,b3d33c070a702df6f65d9c0bf1a5eb3527627e5c6914756dc26168dc16d26511
rain-water-cab-view-with-overlay/0280,rain-water-cab-view-with-overlay,train,0,0,0,2054275,0,0,,,,,,0.5494073290476578,0.7806278795671274,,,0.0,,,,,,0.0,,,0.9868952300067608,0.9485192360918904,,0.758736559139785,0.8642101466698726,0.20780344320442945,70a05bd99cfd467ea3e055a00e478d6e1b45acfa4adb761b94f8e266417d1ae9,e106743e4b56f6a000935339646381f74dd47b337309998f9c1f64e772dc2e55,8ce6a3302f3b382c309872218583c628b237a1e3ae6e9ed1f916faebca7213ff
rain-water-cab-view-with-overlay/0281,rain-water-cab-view-with-overlay,train,0,0,0,2053597,0,0,,,,,,0.6680293807138525,0.7001679079664849,,,0.0,,,,,,0.0,,,0.9865045854020777,0.9463486591308383,,0.749266862170088,0.808681753602598,0.38259175056836636,a7da1f692dfad6e78cfde641dada58c6873c4539cb40843c04d9e3238e0235ac,0307bb1c875ecbe072c4937d166fb5c6179a715723a729d6f851102552edbb52,91fa448527756f985100f563d8fe92e8b4b2bf7d38b81731930e969d96505697
rain-water-cab-view-with-overlay/0282,rain-water-cab-view-with-overlay,train,0,0,0,2053810,0,0,,,,,,0.5440435763611915,0.614733948860887,,,,,,,,,,,,0.9848693312087432,0.9266541505987417,,0.680845708532595,0.9037191518943344,0.4118023008095441,f9741378f2d70f2bd7e5236fc50ad4936840f4c1561be37a810e2aba8983efab,c2f421c7de5534678595c101104109c3b656630b9d60fb9b35495a373e44edea,f82805842a85f7fdf173b8a72f01b154d6dda7cb14867bcae8bd88c3247c0fd2
rain-water-cab-view-with-overlay/0283,rain-water-cab-view-with-overlay,train,0,0,0,2054083,0,0,,,,,,0.36016961051360535,0.7163307024335359,,,0.0,,,0.0,,,0.0,,,0.9800139302934542,0.9830094781534774,,0.703122642932569,0.03499406880189798,0.047448979591836735,50f5c438789710cc8a44142a41fc391480200cadb38493f126501909f2df6f3a,04b5fbb59ca9fdefb2c884a036413016e6db4df5eab65336733ce8f35b69af69,7d672d8ba6118d56fb4e6cc0e9aa989d44ef0d83489fcb5e98af33836dee72b2
rain-water-cab-view-with-overlay/0284,rain-water-cab-view-with-overlay,train,0,0,0,2053473,0,0,,,,,,0.6928340948957273,0.46092960592792187,,,,,,,,,,,,0.9900555529701304,0.7454634440177698,,0.8376697758141057,0.7744805862825992,0.43551620447711326,43ee426aa0b2c2ce8f85dc51fb77e1d7b14c6221bf250479b4fc3db9938e1d2f,124b16930742b8657398889555a2a4ca0cd3a302b337fa75ca4b08d758b9ab29,4c0e090fe2212dd10041c8a2f954a40be24c78d66326087c263555e365858a44
rain-water-cab-view-with-overlay/0285,rain-water-cab-view-with-overlay,train,0,0,0,2054047,0,0,,,,,,0.3782788060623442,0.7264007559499752,,,0.0,,,,,,,,,0.9794283123255378,0.9111998844876547,,0.7391519434628975,0.11134980307912638,0.2037765538945712,2956bdb840f2c86e03cbc88cc38600c415d72eea5fff4f468697cb6ad1fb86fb,7c817992adbdd24001302c811f1bdc3fd0af55e9c6cee7d75ee1ebab90d9ce52,c5a9e25e8583d2d2e68e583770bb6ff81582ffb882e2e0ced95cd0f2bbfadd2c
rain-water-cab-view-with-overlay/0286,rain-water-cab-view-with-overlay,train,0,0,0,2054089,0,0,,,,,,0.0,0.8365225244368891,,,0.0,,,,,0.0,0.0,,,0.9856203215895774,0.901723485114081,,0.7301388266905509,0.12632458109307304,0.0,65bb9a26ed2495d66bcecef26da2702eed5d5ef32bc6393785623c77524cec64,c5023a4e5a1ade5fe386facb5dd55efc8f17e3afa73682ad1f23e1e7f6e96499,752e0f82621d863ec7ccb699c59ab54103e2f91be66d4c352a059e6fd26b52bb
rain-water-cab-view-with-overlay/0287,rain-water-cab-view-with-overlay,train,0,5768,0,2048462,0,5768,0.0,0.0,,,,0.4797738751679718,0.762720651459208,,,0.0,,,0.0,,,0.0,0.0,,0.9848005548695022,0.9812095552314467,,0.5785698602063969,0.0,0.3180614406779661,e86117d8914772da397288df8ec1e772efd2441073ebe583809d2c492b5a8b2e,49c1380aaf9d4764c6f027260ff4e8b042c503f86f3393d63dba98fb7b567287,044c40facbcac2cb74e8659e8e5ed7f6d40b2c7a3262adc0a755b9a0d28ae2e0
rain-water-cab-view-with-overlay/0288,rain-water-cab-view-with-overlay,train,0,19578,0,2007916,0,19578,0.0,0.0,,,,0.8770681031165833,0.49054030693582773,,,,,,0.9824641403328218,,,,0.0,,0.9081825210656672,,,0.7095563139931741,0.4916144065358725,0.0,edfc5f576a3fe8034173a9ff71791befd981bc683b089bc729fe555cefbe4b3f,18a05516eb56af5f738ece0bf1f771ff1da45279a794c9ca45f4549211644f6d,6d9acefdf49ea134ba8809109109983143bbd2370ce6811ee50e170fd210e29f
sunny-mainline-cab-view/0124,sunny-mainline-cab-view,train,17415,1309,61956,1992920,79371,18724,0.2158527516113039,0.9300897244178594,0.2194126318176664,,,0.6955672936468926,0.5090832632464256,,,0.1493757431629013,,0.9298544784767202,0.8819799602426444,,0.7374161472953042,,0.2158527516113039,0.0,0.9172088743120402,0.975404638955746,,0.4339051283421507,0.6935103289744097,,7401f5fc76b6fc6c255d1dd4039a55eb15e32ab20cd3552dcac7878a8a74eb88,9544d3a4d4f26ddcf2a101283fbc57247e7d6b9a4c2a4d1dcc6ecbc47866431b,06de523cac4c2a08b2bfe69532a861a37b158c13b91db90ad1a66d6185828ca4
sunny-mainline-cab-view/0125,sunny-mainline-cab-view,train,7037,203159,28494,1802894,35531,210196,0.029481754577066487,0.03347827741726769,0.19805240494216317,,,0.7840921998829152,0.386393721633888,,,0.6714169381107492,0.6522306304867254,0.0,0.027759330588391553,0.8269144447436934,0.4978094789818603,0.0,0.029481754577066487,0.5968806541933267,0.8082680559886996,0.7731171756518861,0.6094557616296746,0.7667336842343054,0.7832996257513326,,b9b5845a7575d6e07a9bbc5c28a07e05557e8f29ff815f5cbf7248d75ec08247,258f3be8e12caaaceed243c728d350b639caa3c57d90a8ad103831ada0b7f6ef,24c39c755c39cf60e8df4994e00c5fa22e7768385b6778d1009f9a0fdf09b0bc
sunny-mainline-cab-view/0126,sunny-mainline-cab-view,train,28751,4331,4908,2033147,33659,33082,0.7568044222163727,0.8690828849525422,0.8541846162987611,,,0.7330360270140941,0.6321388182075205,,,,,,0.9251569528894162,,0.7449791511391334,,0.7568044222163727,0.9571268416618572,0.5292258175757227,0.9808699479204871,,0.7720971607897403,0.8383525393479699,,a1e2fc892f0b131c74ecceb67559b53b91457b9cf91503592486c858fd335277,e27211315a2ae32a9a3ef1ca41e51ca0a0fa4f6fa09bc2a6e3ea542fe11ec29e,590184aa90bf7b7d3bbc5ed7575b527d37b0e52bdae49382c42d02d540a30f14
sunny-mainline-cab-view/0127,sunny-mainline-cab-view,train,22285,8187,2745,2040383,25030,30472,0.6708914110244755,0.7313271199789971,0.890331602077507,,,0.8175689175550854,0.3850444123115059,,,,,,0.9184004243017427,,0.7830871961560204,,0.6708914110244755,0.8233159978480087,0.8033958259639193,0.9764574220187237,,0.8335745068221403,0.8989065703407205,,0d4cde05aed2bd4fe2170c8e306ae84b426e1f4e3c8d7f9b0b0cb271454f8c9e,aaedcf88592ad3e09dd1013b51109aeb4e7c40f4b2d9226c243471e2f34e9ce8,cfc63a5e0e63cd4ae9fb779c10cd652e2f50bf7dc53d8f85f911e092bd510f3f
sunny-mainline-cab-view/0128,sunny-mainline-cab-view,train,9165,3392,14018,2047025,23183,12557,0.34487300094073375,0.7298717846619416,0.3953327869559591,,,0.8848119328714996,0.5596600663843424,,,0.6216712580348944,0.0,0.6363248185266119,0.8499655489205329,0.0,0.6861836896278701,,0.34487300094073375,0.8036065831955272,0.9336263706027212,0.9857919337606837,0.0,0.7882497170878914,0.7862801949396763,,24687c346d035f3bef72afba9b140f03eab022e4a90af673afe81fa9f274787b,c2fb729a44959c3f10648bb333aa2bfa0a8bf6c4779e7237ba1a4ca106ac5d1e,c36a9c311b325a380d24d5c557d9c9c05bcca2b8e8462c1e7aeaf5139fa31a37
sunny-mainline-cab-view/0129,sunny-mainline-cab-view,train,18064,2779,27187,2025570,45251,20843,0.37609827191338746,0.8666698651825553,0.3991955978873395,,,0.8547363555320765,0.6123186385484393,,,0.2329246935201401,0.609812108559499,0.6458096919261967,0.861069337698732,0.6672771672771672,0.7395214228688015,0.0,0.37609827191338746,0.6931407942238267,0.9148929520237538,0.9792850681159686,0.5593514765489288,0.7668233228322058,0.753137759672598,,e52ffee04497a5939bda202788429a87b3560377d2abd91af07b4286a26b89c6,0c3855bad8ebb48418e3eb7da192926f4eba3d0bd8a6c1ba206a8a0de118136e,62ced6f9081e73034e7ea89479ea76a0475e3a0020aa3ec8d35c4c2ec726f480
sunny-mainline-cab-view/0130,sunny-mainline-cab-view,train,21741,1981,5543,2044335,27284,23722,0.7429010763710917,0.9164910209931709,0.796840639202463,,,0.8818748123686581,0.444375,,,0.3386620096722192,,0.9606495977053501,0.9329679014494014,0.0,0.6859403530127814,0.25994865211810014,0.7429010763710917,0.822804801010739,0.6531816565943832,0.9854910953760326,0.0,0.7737480456720519,0.8609794570529311,,e0ef00001b7bf26a5b6122387465145d21b99c1296743b3f03e61660ac3b3c2c,9e56d793d32c98b488bb34adae6c07d0b0bd6f457d0f9aa68dfdc9a0a4542a74,0bb8b8d7662871cca5272c5f063b16a97ddb8a2122721a82a8afd1b54321c87e
sunny-mainline-cab-view/0131,sunny-mainline-cab-view,train,1064,0,42288,2030168,43352,1064,0.024543273666728177,1.0,0.024543273666728177,,,0.7600069501647446,0.18882093365332508,,,0.23766816143497757,0.37776141384388806,0.5326056535124545,0.7322689089050722,0.0,0.7511706352917703,0.0,0.024543273666728177,0.7958807170195776,0.7516212233870155,0.9575255746999898,0.0,0.6929763144862446,0.8285018132008597,,6ed3b7e372d8d5dc78b215af5af6f4653456cd41ece09177eab1178a747e70bc,a8c27ee277932c37a1cbb160b15f22866e20dd4aec146b5de86eb4603ff534fb,228a108044a2069f0866a6028cb027317cce557c25a1406022786fe417054683
sunny-mainline-cab-view/0132,sunny-mainline-cab-view,train,38,0,14009,2059553,14047,38,0.002705203958140528,1.0,0.002705203958140528,,,0.9129996398991718,0.0,,,0.7682926829268293,0.6344241393965151,0.0,0.8611915047105401,0.0,0.8358493127065824,0.6694411414982164,0.002705203958140528,0.6993890086033178,0.6545446383247635,0.9676308814291624,0.0,0.648166463297155,0.7955300278467836,,e153b7e6bd960d596c08d639a6b6e83a0851899aff6c01d8e6bfbba8b04f29ab,51ec0f2f880b6d5e6d011aff4a6f35f79480042485ebc9db45b9e0c8ccb772ca,c59122e4fdacd887e9ed70d2b1aeea0ea820d7ed3be67f49ad62ab377de98289
sunny-mainline-cab-view/0133,sunny-mainline-cab-view,train,3295,0,1581,2068026,4876,3295,0.6757588187038556,1.0,0.6757588187038556,,,0.8506350070406378,0.5716928612648087,,,,,0.03782197587218781,0.9548750132556005,,0.6286277319957004,,0.6757588187038556,0.8247729527589102,0.7130093423106493,0.9064916247173889,,0.7189192064251901,0.7768773316588483,,f9e73f2fb85c57a08b9d33b0c1c38cfbd56bb541c4b32e14c80883c01757b91a,7b970b234bbeedfb2a18e0ce9e899a251b487dd70a00f183d3d16356c2b2478d,518d69c329ac647e0d9e306362f9ec04950670ba7117cd9d20240a6bb2780c47
sunny-mainline-cab-view/0134,sunny-mainline-cab-view,train,27365,4766,8846,2025457,36211,32131,0.6678136515606315,0.8516697270548691,0.7557095910082572,,,0.877995940559698,0.044843816859221224,0.0,,,,0.7571346145310905,0.8894833280550152,,0.7157065893079154,,0.6678136515606315,0.7963085520994191,0.9233496760637366,0.9893764384096374,,0.8076262682573309,0.8116212332686932,,9e4b1e6f4202cdfc0d9ff15e1ee6eb32270e1c0e88b7b7842be2345e74dab6f2,810016b295ab6550cc7248033bb01b9032302ca875b032e9d08005c80b18156f,f2493b620f43adcf701885388035b3d0d9bdd017d1583b4bb90358c46b0d42fb
sunny-mainline-cab-view/0135,sunny-mainline-cab-view,train,16917,14208,1207,2035943,18124,31125,0.5232277619695658,0.5435180722891566,0.9334032222467447,,,0.8669326298179011,,,,,,0.8529252304204249,0.8546706692565778,,0.668441343859005,,0.5232277619695658,,0.9689704817176225,0.9860804324461546,,0.8291753229157258,0.9126121096104081,,917d7fdbcba14ad98f4155259ad4945453a4e76aecab144bfdfd515d95e55343,ef3653ad7186e447e51f20d8a071847cfab4d31d30567977a105bb93a6e226d0,c80dc58f1004c0116be7ca4cc47a3ca9803b4767ac138da73efbddadbe0ed8f5
sunny-mainline-cab-view/0136,sunny-mainline-cab-view,train,79663,29941,8037,1950420,87700,109604,0.6771703742742752,0.72682566329696,0.908358038768529,,,0.8085939900448595,,,,,,0.7509592365460925,0.7941602651898608,,0.6903652487599579,,0.6771703742742752,0.8567397349910028,0.973411739804628,0.977804005296985,,0.8148805415886161,0.8806452818902348,,23d8b5534877bd891ce5b404ae30036f3fd3a3f9769fc5d17235cd727642067e,79c1982f49ada9c405b84125d26d3248d5d79d06d6bc5cb458d82e04d838eb1d,a658faedec3c4a560892b7db3321f76faf570932f51cc3e21769c5ed7bb2c803
sunny-mainline-cab-view/0137,sunny-mainline-cab-view,train,18075,27329,6296,2016526,24371,45404,0.34961315280464217,0.3980926790591137,0.7416601698740306,,,0.748637449223295,,,,,,0.0,0.7379740538058245,,0.5506813515027067,,0.34961315280464217,0.35066921606118545,0.9570725052376279,0.9738408515264483,,0.7672118257587671,0.8625934368288373,,a171edd02bf21b2bc889ac8ed17fe30fc47d76defd59a637e236ddadf0c76f27,6f160ebe16131fde736faa1b907b2b9193af1e3c3ecb7fbcc5d577bc8750144d,601d81658db3e8fcdda5e98b1b5cffd51d3475f309ab07975def37c341bc8285
sunny-mainline-cab-view/0138,sunny-mainline-cab-view,train,6861,235812,75,1825483,6936,242673,0.028263878590142864,0.028272613764201208,0.9891868512110726,,,0.6684070628441238,0.0,,,0.5739644970414202,0.7292048764699536,0.8601726397125373,0.6688871137991043,,0.462877285745759,,0.028263878590142864,0.9433252133602624,0.9448909573065664,0.6988024024423019,,0.8728831308718809,0.9344268715364582,,461bdcfd80571cea432e10e0947270b1a03bad21b5efa4efc325d700d1107bed,50f45cb9d7c36f7e9ad713cde316882219c82f7d0791f0d0e907e65ccc5286eb,684801b91640c40a03363b5793d089b8354d545c933a25aa01fe9608653c4a0d
sunny-mainline-cab-view/0139,sunny-mainline-cab-view,train,26995,33399,875,2007061,27870,60394,0.4405980185738302,0.4469814882273073,0.9686042339433082,,0.09772095608671484,0.8360364555041085,0.1891891891891892,,,0.8945908460471568,0.0,0.0,0.670037719346198,,0.7003964718460441,0.0,0.4405980185738302,0.0,0.929497365879777,0.9835766033588546,,0.8035956204055344,0.8480056775786683,,ea793969cdff22d7aeff4460d14cafa8007c32c5650e6cd3586775c958a0754c,9ffd1fbd5a02985f044eebd2c5f1c76c095bee6781c959b4c6742485ddd6b778,3ee747a0b2620b6b13110e28e556981bf185d9e2c15a0e640368d119f27964f7
sunny-mainline-cab-view/0140,sunny-mainline-cab-view,train,20638,11322,2873,2019153,23511,31960,0.5924841386041971,0.6457446808510638,0.8778018799710774,,,0.8865780516547833,,,,,,0.5084503007734174,0.7286439848243789,,0.5949788651210453,,0.5924841386041971,,0.9666821805926039,0.987141268739198,,0.8235263240774763,0.9215824023954854,,3a5fae521d4841d641c0b0953b4733aa8f8734d7fd9997403022f033352a935e,bec802af770693ccb921ee7235635fe5fd724eaa5b1d6e1f6746af21fd9112cd,b0cf12e38fbc21434e9bb79ccd4926f2e66ae22eb79d3b63565e5f5ea00e81e6
sunny-mainline-cab-view/0141,sunny-mainline-cab-view,train,12487,15169,11637,2021886,24124,27656,0.3177919731249841,0.45151142609198724,0.5176173105620958,,,0.8796893889482337,,,,,,0.4216101694915254,,,0.8233878224355129,,0.3177919731249841,0.5557357325940263,0.8819302546956831,0.9548044439868444,,0.8447076375039961,0.7842553702148086,,2ab1618bf2232f7953374c7ff9fd6dbb5957a1d11d887a1004faeb1f3bfa8241,97b17a45f269102384f6109c04c9d6b8bf8782c9ed75e154169d5296a043ea20,2bd61a26e321f1a9f5d668bed0dd936c3f6d731bcb7288e8ecd11bf68ddd6b85
sunny-mainline-cab-view/0142,sunny-mainline-cab-view,train,27278,207185,1989,1831555,29267,234463,0.11536379476595672,0.11634245062120675,0.9320394984111798,,,0.8953890856503953,,,,,0.0,0.6100265017667844,0.6884056878326824,,0.49930875576036865,0.0,0.11536379476595672,0.0,0.9702330062265669,0.6227352819758953,,0.8756157456516369,0.88334598111541,,f9d4c3db5d27a80539d7e059e63c85bbda048e2f6d73d48e3b0e6d2541a023d4,ecd3fb29f78f54f484c4e6ff39b9f5010a4ff9510a0ca54c9e0fcee6ada30585,27db37d0cc3ef9a5136faa80b677e906609fc83c77a0386736e788a7ea5b63a0
sunny-mainline-cab-view/0143,sunny-mainline-cab-view,train,35042,42466,9302,1981411,44344,77508,0.40366317244557076,0.45210816947927956,0.7902309218834566,0.0,,0.8781330745117585,0.0,,,,0.7493373343335834,0.0,0.7556860076002495,,0.41199478487614083,,0.40366317244557076,0.7493872073291112,0.8795542709363353,0.9538608882071176,,0.8449772888792757,0.8668262138413187,,4437f8bc5b8248f9f54a530115e7dbcc3ace4af83f6e7e7505c28bd61deecdb4,5633b96990c8cacdbca53cbc8c942d05e63f5e2d839d47c6d0409a38e1392cfe,76865f65806dddbc978b3b8d81f687a2febf404bb6550471b1c9e2274cdadd27
sunny-mainline-cab-view/0144,sunny-mainline-cab-view,train,2705,5267,6964,2053100,9669,7972,0.18110605249062667,0.3393125940792775,0.2797600579170545,,,0.8640944176956754,,,,,,0.0,0.3917690221725953,,0.5329411764705883,0.0,0.18110605249062667,0.5467622791481274,0.9535638011023049,0.961115278579829,,0.7368723841850163,0.9321732413480311,,f6b634ec6548b8bf98554aa0ac61f40eb22ae85f7e7ae26d084ddb9500ae7e5d,7f8b37a8c257a86c7ca870dd1ce5018c32c9ed888de4dc3afc7b590ae25fb898,5805066b51d349ea0027b0880450c1be356336a5948308606169f40cabe469d0
sunny-mainline-cab-view/0145,sunny-mainline-cab-view,train,19534,9686,2670,2036249,22204,29220,0.6125431169645656,0.6685147159479808,0.8797513961448388,,,0.9572485057238375,0.04114278191034165,,,0.0,,0.7335102853351029,0.8654046281054285,,0.0,,0.6125431169645656,0.9023225489614997,0.9568869710773283,0.9797624833327102,,0.8304785390562517,0.9178790577988916,,fcdb2f1d198ca40299c924da55b12732604c2030a0db21c6f4a86b3b5c804d35,20c74d76997181bbbf1ecde190ab83a62b8b818f8a40955abbde22b23f85c59b,31cf0911a033a627502733dc2dddb4b5f0a6246b6a3622c498bb01dbaf5dd57a
sunny-mainline-cab-view/0146,sunny-mainline-cab-view,train,38345,25520,4528,1999564,42873,63865,0.5606567923617914,0.600407108745009,0.8943857439414084,,,0.8193842821782178,,,,,,0.0,,,0.5551943654341054,,0.5606567923617914,,0.9573114997971056,0.9659143280262018,,0.8172858454084473,0.8472975509518588,,144ac7ace9587dad2bd7d7909441c0b2eb1b7a5fd5d975855c31e6f54006cc89,14b653b227e8c3d3a8b942968a57b177faaf75fb68a3e71ae071e6286eda5cde,b4d4e543c2c3efbd978a1342b33c359403f2b97bfdda49ec80d927597a1faad1
sunny-mainline-cab-view/0147,sunny-mainline-cab-view,train,2073,680,3978,2054600,6051,2753,0.3079780121824395,0.7529967308390846,0.34258800198314326,,,0.9290406278800829,,,,0.0,,0.8131337518107195,0.8322070342497312,,0.6658040027605245,,0.3079780121824395,,0.9844235453723466,0.9718299441825605,,0.7546360176494671,0.9224694017209077,,6cf388fea166cff5c1481f523509bf3d72656e5aede0964f0ec6b15e88adea19,692808c9fd7ae6179769e38738eb5f38b5dfd78c857fdca542786e3cce1a19ce,b42d6d33c24be79abcaac83936dd274c6adfa4f16e4ef7602836c8cb951ac3aa
sunny-mainline-cab-view/0148,sunny-mainline-cab-view,train,26976,31282,3979,1981538,30955,58258,0.43343991516300595,0.4630437021524941,0.8714585688903247,,,0.8917455133905792,0.6466415947309964,,,0.8544520547945206,,0.29842061512884455,0.9492172275418669,,0.6869284166452418,,0.43343991516300595,0.0,0.9305052475155567,0.9627201149893507,,0.8483902811833265,0.9003277126714097,,d859eb4079cd5f05a69e1a52ca314157548f99524569888aa31aa39194c4c163,3f6263d12602f503c9afd8899de5bf72117310b14c1df89f7ca3507e4df9258a,9768de25bc0373e3c1017684e99b61709ff086718a0151bf547d66f0db9be9f9
sunny-mainline-cab-view/0149,sunny-mainline-cab-view,train,5973,1958,4641,2044556,10614,7931,0.4751034043907095,0.753120665742025,0.5627473148671566,,,0.8878389945040094,0.47888443778477724,,,0.30869565217391304,0.7193697364846509,0.3539715363094514,0.8146523091983359,,0.7282399048835263,0.0,0.4751034043907095,0.6099325447257796,0.822594196777585,0.9725084434055499,,0.8062291466991431,0.8277318807806022,,0f14ff36a7fdb27af6f7ec8cb353e753e159bb3b77aab52a80b13fe6937791bc,f956580152828b020215fbf2c78a840a5b4b68ad7e56c3e41bf4fea9766fcbe0,a2a112af37d6b5929002eb16692f614ecb6da247f151fb3d21d5c5170f116182
sunny-mainline-cab-view/0150,sunny-mainline-cab-view,train,3926,210496,5692,1788456,9618,214422,0.017836212144615973,0.01830968837152904,0.4081929715117488,,0.04767580452920143,0.9136623994491221,0.02881743103145317,0.0,,0.531062124248497,0.0,0.7005632819899307,0.8796583190561246,,0.6597983555207517,,0.017836212144615973,0.7915851505463568,0.8472168563124778,0.719100309938302,,0.7133382550498021,0.8069792269599331,,d4d60368183c52383216b6039fb814147d7720ff8a5ea3c97e9222f8f0eb8937,ea19db3c93ddb0c57d8a40d4882b76fc921b3e7ef2c036f491aeeeed322a8ba8,176f0f40537568f748339325599e0e19e554dec9373f806c31917e6935b4485d
sunny-mainline-cab-view/0151,sunny-mainline-cab-view,train,11824,32493,12014,2009656,23838,44317,0.20990218529761587,0.26680506351964256,0.496014766339458,,,0.7548049512853324,0.611512127582335,,,0.2653061224489796,0.0,,0.8554353812442143,,0.553383618400085,,0.20990218529761587,0.8528997620243575,0.8417465260237204,0.9893890058847299,,0.8498633980654212,0.7874816866790745,,4b1751c125ecc67afaa53eb1d7655c7a5ec051098de588dcb48ea4bc9cd3c5fc,1ab5b3a734f95118a4f540fd1aa10298673d5e4910ab7f3050c63f27f8d9a24b,c7fb137c62e74afe9299d2300d84bebe6bf9e17d9134bad3c8bd5f807c04cbf0
sunny-mainline-cab-view/0152,sunny-mainline-cab-view,train,12681,28886,27,2017985,12708,41567,0.3048757032264269,0.30507373637741475,0.9978753541076487,,0.0,0.7411905704593851,0.2733663812528166,,,0.7434287956061201,0.0,0.45022407170294493,0.8720303119771676,,0.7579031346607719,,0.3048757032264269,0.8417446218947685,0.8942713079703977,0.9818303631612417,,0.8340683138807687,0.8048619903773108,,7c244faef1d58c7c544581c4aaad579ceaddaf9f4f8593f1c642198319e0f064,57425f7fe572f2d8c613752e0aa310cac5a68f17926ddb24529c7254a7030148,48772b3e64684e00bd532b9a7fba73e6bbe917f19d2d90b1af0e7d55087f579d
sunny-mainline-cab-view/0153,sunny-mainline-cab-view,train,21249,26687,166,2018635,21415,47936,0.441748783834352,0.4432785380507343,0.9922484240018679,,,0.8166270500758123,,,,,,0.37547519557636116,0.0,,0.8905426961521248,,0.441748783834352,0.9097240917135869,0.9760145630356136,0.9910409668729084,,0.876422493917091,0.9408534810633684,,8a9db76dfcf9155f0dfba13eb33441d81632dfa0d872dd599c6a9a249961a009,05a5851a91ad31d3a2d1b4e3dda4c9fb4c997e5bb7d94639cfcf404ebbcfe4e3,91c4fa769bd768a2d0587ac86a5bf5d3735d9515872046784238cb4e24124754
sunny-mainline-cab-view/0154,sunny-mainline-cab-view,train,15451,28713,965,1958661,16416,44164,0.3423740831837621,0.3498550855900734,0.9412158869395711,,,0.8774559411561436,,,,,0.0,,,,0.4403292181069959,,0.3423740831837621,,0.9730954122687846,0.9819743926356239,,0.8889677518901404,0.9314215938793811,,6ba5f4dc3a08179c05592eb64e30da7a3ab0f61eb7a134091c4cb022c307f8ce,73a89e97a564e8790df1b2ef5cc6b4b1abecd82ba42528df33db4e2887c0a69e,fc81427485ee9ca91b5f37c3d5a16cd9e8dfaf876a4c81a1a1cb6e2b076e9470
sunny-mainline-cab-view/0155,sunny-mainline-cab-view,train,4576,10412,388,2045247,4964,14988,0.2976066597294485,0.30531091539898586,0.9218372280419017,,,0.9103082135932885,,,,,0.0,0.011526726183749576,0.7740665308893415,,0.463019693654267,,0.2976066597294485,0.6601382488479263,0.9756104538887379,0.9868004306242492,,0.8605988613811186,0.940750395747709,,06a90f5ff240f94f7308b963ae697e96d8e7f41f7c690b41c58516e490c044e0,3520046f77397809711aadef6d4851348e6ef6dfa7e4d4acffde40d4a08d976e,abd2354a407dffeca4ac84be57e5a0f26fc0f90b773eac6ec8af55a3ab900313
sunny-mainline-cab-view/0156,sunny-mainline-cab-view,train,9381,10143,491,2040345,9872,19524,0.46869847614289284,0.4804855562384757,0.9502633711507293,,,0.9123565416985463,,,,0.0,0.0,0.7491158549576037,,,0.655834242093784,,0.46869847614289284,,0.9579872519478837,0.9828612588182954,,0.8991029039553099,0.8856054693146013,,2a9b7f9f2e664a6492b210e6af5c8b3238a3d01e1f1d4f0c3506e92519ad0942,407421d1c13fc9a5c28ada48397820d63763e5bbd52ba90e03022634e21f2fbc,7c04c6a5d425a3190594da091d26729d8c474bc7ef5c119f7bb4b95fb5fa2e91
sunny-mainline-cab-view/0157,sunny-mainline-cab-view,train,21860,20950,1677,2023685,23537,42810,0.4913795041248005,0.510628357860313,0.9287504779708544,,,0.8734116652893332,,,,0.0,,0.16696128916557784,0.8159534690486082,,0.6237675142708874,,0.4913795041248005,,0.9423708437606904,0.99088002176017,,0.8329714687624231,0.9074083132344254,,8e5da439095b7bf529ca9afbcfc297a86c96a3820aab657ef461687e06417c1a,9981e1d1ae142c1e9738d94cae092b732bd369db06694bee51a34ebb4e3fc179,f865be589a910b9014fc5be7ad7ca6139ff94f6b58d03c1369cb605f1453d971
sunny-mainline-cab-view/0158,sunny-mainline-cab-view,train,3872,49811,1212,2013283,5084,53683,0.07053465707259313,0.07212711659184472,0.7616050354051928,,,0.9509789179272804,,,,0.7617246596066566,0.2542372881355932,0.6834363047955281,0.0,,0.339874213836478,,0.07053465707259313,,0.2889006197409124,0.7277627654760954,,0.8219135204423842,0.9073056847299991,,e6a650c2b434f3111eccf6b5f78e578afe4a7a00834675380b1cee62d761869d,07015ed660b2b8ea64300203f1815f3802c8e66a3db06436fb5305d647e31263,d0c7d7117fe428f406d10aa088c9a8e28a1f614eab58b60f1360406356111045
sunny-mainline-cab-view/0159,sunny-mainline-cab-view,train,26051,25738,3308,2013012,29359,51789,0.47282066174201864,0.5030218772326169,0.8873258625974999,,,0.9245796969534722,,,,,0.039651837524177946,0.7370096283918198,0.8667328042328042,,0.4526694433926543,,0.47282066174201864,0.0,0.9519309763230204,0.9637196808306727,,0.8700273495773247,0.9238997999128111,,0857b1a64422a748f3a1acbe2298b756354dc4e916a3e35065e7c7c8aa443cfa,d11d1839c3df1fc963b3d4a7d2fad7dd497deb84c04b0fae9ac7612d46bf2393,3332f3e7b802a797ac8e9d39034c30568cd738de0cb9827f20b9892d76043a5b
sunny-mainline-cab-view/0160,sunny-mainline-cab-view,train,21548,11583,1420,2033751,22968,33131,0.6236577812509044,0.650387854275452,0.9381748519679555,,,0.9100944274504589,,,,,,0.6848711737502753,,,0.6799921996879875,,0.6236577812509044,,0.9754696376173462,0.9907877525920966,,0.8665258680087475,0.9359866926013757,,3f99be5f7928e5a01c3e2e0da7c216742c167125a2f4df4f9eda959f3e86453c,3a16390f7fe8b99976e346e04b3a49000f78f09ada1595a248415368e11aedf5,328d2a529fe70476e0c2aeba608bc3a9c500668eb6c0c6f60bb0993c34b3aa3e
sunny-mainline-cab-view/0161,sunny-mainline-cab-view,train,23132,58693,4566,1981728,27698,81825,0.26775937308284425,0.28270088603727467,0.8351505523864539,,,0.9079779353821907,,,,,0.9383611103087721,0.6836102157203074,0.8413275317805649,,0.6813199105145414,,0.26775937308284425,,0.944824890351357,0.9294531247962486,,0.8753625279561359,0.911137930903612,,016395879116dde76f1eddcc264a67c3d1fb136d9a0f2d92b33ab41044c4e774,d23f8db4f6d3d5ebf380883116bb37266ab923f0b3242a26533b21ff6567c406,3421eafda2f74b6edf073466f2024bf951b7597b51e82eda85598b7c96ff2c76
sunny-mainline-cab-view/0162,sunny-mainline-cab-view,train,24714,13742,2556,2024133,27270,38456,0.6026041158685262,0.6426565425421261,0.9062706270627062,,,0.8883197254147381,,,,,0.9513828599776758,0.7666809467709115,0.5262614894016132,,0.8184530820573224,,0.6026041158685262,0.7523343708314807,0.946896375131775,0.9882411189503651,,0.8764582361175922,0.9094301455094362,,9a198f581ccbd0527724f15f9a3cece6e5832854e77e259dffc5bd5a429ff05c,0f13810f4e07bcb4e31d23ae621fe1f2f1ba5df5bd7d2a28ccf1edc7b7b90c12,fd3b3e33588da5f9aa61cfb4c23c5464e2bf011f641b9d711a3d1aaf121e04c8
sunny-mainline-cab-view/0163,sunny-mainline-cab-view,train,52821,110288,7314,1897542,60135,163109,0.30994055966624223,0.32383866003715306,0.87837365926665,,,0.854529603631499,,,,,0.9504641748558841,0.8116365720836916,0.32336182336182334,,0.7317203226021463,,0.30994055966624223,,0.9605801808865119,0.8708768631768358,,0.8264611888360202,0.9165021752740526,,53c1f0e23c023af87bca8d7c925f1118fa6e03bf34b314ab0e901d159fd525b9,0dcf0e9793f56137c43c73198bc407fb3d307128f3264ea267e08b830d3a3e6c,d4b60272390068bfc1c2cd466e500351f53e57ec250cb33d5cc8d0aaad95365f
sunny-mainline-cab-view/0164,sunny-mainline-cab-view,train,36352,47601,741,1983483,37093,83953,0.42921576498925545,0.43300418091074766,0.9800231849675141,,,0.882029419199683,,,,,0.9379063973802547,0.5775005519982336,0.8891052286151827,,0.5794583546244252,,0.42921576498925545,0.8778635990139688,0.9683569244124123,0.94965203219069,,0.8615231873839911,0.9521408322200137,,dc2322339b57aed5805465301755b9054b87fba047b608e05ae4dcf959232006,595424faa77d35db1f99a37b4f55a72e40170bff8e5dfdb3ab73ae65e3e2479a,8f9cf187819584726059b35823f8297620f318295967b2bb555b241ae7cb9aff
sunny-mainline-cab-view/0165,sunny-mainline-cab-view,train,23231,57966,4186,1982667,27417,81197,0.27207992223276295,0.28610662955527916,0.847321005215742,,,0.8973977071969257,,,,,0.9373275522270398,0.6888673253352152,0.5982157123834887,,0.7463338533541342,,0.27207992223276295,0.7735697516372173,0.9373067830514639,0.9314314512928776,,0.863070774637907,0.9093993614967704,,ed03205def575f68a08e90b5040e492f111657b011c4a09ea8773bfee95ae4f8,48f2d8f29663c715443a61887d3de406b2141c0cd0635bc8d985d53ed8a38d72,a3c2af25d7fb8088888f11eafedc29add1cdf008e861f9c9a04c4a7b4f5b678b
sunny-mainline-cab-view/0166,sunny-mainline-cab-view,train,21633,11240,212,2034935,21845,32873,0.6538612664349404,0.6580780579807136,0.9902952620737011,,,0.8989729994079947,,,,,,0.6612645621946637,,,0.7710716001922153,,0.6538612664349404,,0.9696299749222905,0.9906382567323693,,0.8224252024456321,0.9162792868840661,,4cb25bc7ad809534409bf310ce0bd9621415dfebdaa38bfbacf278916ddd0f64,6efebaf42ad436d141650e14308bf18e2389d3ec7ed42dbb736ae5b5f6d3a70d,74c0825224b47c8d0b7357f83ba949e2ab57ffa9396b793125ec5976926f2256
sunny-mainline-cab-view/0167,sunny-mainline-cab-view,train,5607,3468,52,2056095,5659,9075,0.6143311055111208,0.6178512396694215,0.990811097367026,,,0.9489226698821698,,,,,0.906903003446578,0.9265309713749413,0.9556938565655116,,0.0,,0.6143311055111208,0.722256847629982,0.9357477933057619,0.9906833533445789,,0.8402540302882266,0.9125357070177951,,ea08f07ca095ed6d035d6f14b8548f69a14bf8d6b49efbbdddf5179bf9ef3009,b5e44b4d05c9f941f3f50ad3195bd2b3c67bdab306fccddeab16a0e824382b20,354fd5f6043e29c363f71525597181f6928262a43688c094c2b1b44673932406
sunny-mainline-cab-view/0168,sunny-mainline-cab-view,train,24166,25535,1018,2017348,25184,49701,0.47646838462903446,0.4862276412949438,0.9595775095298602,,,0.8794300328827183,,,,,0.8440057088487155,,0.8002544529262087,,0.5688777289530585,,0.47646838462903446,,0.9476552284068807,0.9764355957946602,,0.8413524809463896,0.8729524260428511,,72b8f6a32917f9b4cd7edbfc8b38900c94a094dd308a81ee17ec8c715bf8a875,adeae42b66b6f80ff7ded176032da0f049d5158fb43d05363602b068574857d5,05b78dd7e83cb4fe72c04f12d60541d8810717b1b14422bbdb370d83c8bde095
sunny-mainline-cab-view/0169,sunny-mainline-cab-view,train,4353,6065,1409,2056200,5762,10418,0.36805614272427495,0.4178345171818007,0.7554668517875738,,,0.9400015515811209,,,,,0.8705634045485872,,0.9194257677630383,,0.5728613569321533,,0.36805614272427495,,0.9538509700493959,0.9895595924156976,,0.8785622097939444,0.918132410111599,,e50a126b8e9d96524472935c0169644a3000d548dd10622d7dd7837f28b262f3,1fabbee7225ef01c83c8f9d87a5e21012dbd0cd0e092aae0b3f85cc885236dfa,867969d998873135a9db16462be5041280bf9a989fb961415ef6c6a617b597dc
sunny-mainline-cab-view/0170,sunny-mainline-cab-view,train,8555,10780,685,2048185,9240,19335,0.4273226773226773,0.44246185673648825,0.9258658008658008,,,0.9031816815619499,,,,,0.9074233578970874,0.4326139088729017,0.8797449256703748,,0.5545870560034866,,0.4273226773226773,,0.9646326927159022,0.9880768671049769,,0.8414741744651923,0.9392468592915412,,3f433ab98d445e66fbd4c3879168f0ff099bfa2f2a0555a496a23ef041827ef6,2432eb316800d123f6938e33fc85795b3d6c60ffa520a0ea9203c0121e31584d,cc6b7fdb068e09e4cb61469675d907071526e3d7330a503231b8efe8c64f42e3
sunny-mainline-cab-view/0171,sunny-mainline-cab-view,train,25357,32104,40,2003967,25397,57461,0.4409836350672162,0.44129061450375034,0.9984250108280506,,,0.7978871226173617,,,,,,0.0,,,0.8220432626433174,,0.4409836350672162,,0.9631478147235552,0.9657096407088278,,0.8305764266451305,0.9090239060401089,,f0f37b4a43e03c4b5aef2ec2723b33d29fdeb183e0247dc20cc38fd51708b6d4,e8e0d147bf6775475813b28df3bf64d5faa50955a9846c2f56a541b5e2252767,3ad4631b28c15b22fb9c78f42f1405a8e3e9444f65b004b5b7da9abd6b60b508
sunny-mainline-cab-view/0172,sunny-mainline-cab-view,train,0,24107,0,2039030,0,24107,0.0,0.0,,,,0.8691335370877917,,0.0,,0.40816326530612246,,0.0,0.7947253172338999,,0.4149683006030617,,0.0,0.0,0.9200672660791887,0.948637432849404,,0.714889627004434,0.870871989844574,,9d1f242981192b866b8c78b235337b3fcd78c0dbb947afbb3861211b73247352,c9cc1d7969f031b1ba1caed9230b1e99f67407a3ccf18ad66582f8d9f85d7a54,5637fb8d4f069f586d77830f0c4739a66b0d48610254b1062142bc147e663b98
sunny-mainline-cab-view/0179,sunny-mainline-cab-view,train,0,41,0,2070938,0,41,0.0,0.0,,0.8799145174039052,0.6162068409164246,0.9217556643080005,,0.025895358521995912,0.7642005409729894,,0.0,0.9109378656138226,0.8792638230176697,,0.5149071111046756,,0.0,0.5427505247609422,0.8953468167002786,0.9360436398513368,,0.6442848393741997,0.9448743826238599,,2980bdd5ac578120cb35ad4b8b8f5798eb1663f505b1d628312365558c8e6637,0a9409b2e919a722e20a573aade797666e16f212e11504e1bba1fad37db8571f,3de142a518190c4ca1f8ab47100ec9f280bf2e7293d24aa2d0a02244915d0298
sunny-mainline-cab-view/0180,sunny-mainline-cab-view,train,0,15220,0,2058319,0,15220,0.0,0.0,,,0.0,0.0,,,0.9641262638408215,,,,0.662465905647035,,0.5012540757461751,,0.0,0.7963184286419497,0.9261712997868755,0.9834016244588948,,0.7900374524696712,0.875890808844792,,11d2b9c079ad57dd8e7e64839160cd7b1d1b689d42720e385bbae214ae1ce4e2,d03eedc21174cd47abea991f73f6f1990f52f4dc95c05ca152a8ebc1c4f8dbbd,db18aa1d9b82c3b9a5936bd18da5e70a0074893d824dc37ebf4c6e40205dc177
sunny-mainline-cab-view/0181,sunny-mainline-cab-view,train,0,6721,0,2066879,0,6721,0.0,0.0,,,0.972996734488822,0.8655167941901181,,0.0,,,0.0,,0.5188679245283019,,0.5312805474095796,,0.0,,0.9803024000602074,0.9951436751405218,,0.6970950411258499,0.9092060126908411,,961d4dc340edb778535bf1a91b174154c09e8c3bf2814a05efe15d66cfa809cb,f7acffee97a0d29fb4655547c1884e20e9bd9972cc8706da96cdee1e26eb908f,3bebafb2f3ccbca4a76f0c33409373a97c266f22fc5672f7c2794bec55490646
sunny-mainline-cab-view/0182,sunny-mainline-cab-view,train,0,0,0,2070136,0,0,,,,0.5952783352698848,,0.8791745948428581,,,,,,0.8958364264958534,0.9563997047021073,,0.0,,,0.0,0.8892985906260242,0.8485036451073829,,0.5885337990936556,0.7867377992434976,,2b635f17ddb2ba61b77fdcac0499ec5c3d70dea1323a289937212955ea815653,4ceaeb2102494da778ecf94d2ac615d63cfe08ae62aaef2a6796fec50fb8bb6f,55f637c05ee6fc6dd2fc07c1409ac4c62e450930bdb09ab36a3d9619237f50dd
sunny-mainline-cab-view/0184,sunny-mainline-cab-view,train,0,0,0,2070348,0,0,,,,,0.28857047650783074,0.8847036084621409,0.0,0.5871544446283727,,0.0,0.0,0.9019044379752056,0.9172979466912028,,0.6767812716668706,,,0.5838803651194406,0.6890701866386271,0.9772538571267374,,0.7574348934122305,0.9138735488902971,,fce720c8ba60a17547f87e487d475b7dfc8130e8e3f6de1eb655de80095dd9d4,cfb308f1843883bcd1f15e0bb17c380c182c15635fad7bdad3e92fd028097a16,8bdc333fab181d90d511f43c5833fa45d76701807b334bc75c67b78f161977e6
sunny-mountain-stations/0228,sunny-mountain-stations,train,0,0,0,2073600,0,0,,,,0.9136954348550483,,0.9283435616933438,,,0.9746174664763123,0.6143089430894308,0.8145712061915568,0.9132330338141404,0.797372925994206,,0.7963118327328957,,,0.1457990115321252,0.8448437880668701,0.9888527149635926,,0.7592008412197687,0.9432509960645163,,8fb67a7950262b0a2133f19fd631fd9df52f83e1660f0a811abf3e9d0982f269,f4c0dfc2948c51f179a4a80f4d4b7d2a14b8c5ced33c320220f787477a45e6d3,0d3511e9e9bd729256b698bd827ca284f912ce098e2fe6d7e66873d5110f47c0
sunny-mountain-stations/0229,sunny-mountain-stations,train,0,0,0,2070011,0,0,,,,,0.4766175528507367,0.9649964356857808,0.0,0.21454027084818247,,0.7678725982343777,0.9144676911130027,0.984230596817872,0.8515407230224569,,0.641274030531146,0.8362346872985171,,0.794814898282901,0.8200652528548124,0.9900020045021984,,0.8394586395986466,0.9475534354951302,,0354800bf80455fa7680958e010518b436ea155dca8b0abbc8d1e10092f0661b,fc908e7e08e5cc665f4c59c11eadf28fcdf161bd566dd5bc31ca5349d4ad036e,98f17228736103f79df2b118e459e479eecc3fd8e0c4a36effb4f574ccc51bfe
sunny-mountain-stations/0230,sunny-mountain-stations,train,0,1438,0,2028804,0,1438,0.0,0.0,,,0.8024551034325983,0.8362671317049192,,0.0,0.931178934769599,,0.556526443120431,0.0,0.8377287456217573,0.6492168415002155,0.7297644454983796,,0.0,0.6055416147542422,0.8066034803018645,0.98450658816933,0.42608898478045365,0.7450188357818386,0.7931813746135119,,505099662669780df8408d783f6869cfd7b572910896d2c7b6f0e27c7432cffb,0f54a1615827a6cc63096a9eaf5bd58b3ed9758a76361bcee72da0187c106f17,465ed49a7485418f9e3c304df07b8f9d718f3441fe884cf90e3ae917fe2b88ee
sunny-mountain-stations/0243,sunny-mountain-stations,train,0,1402,0,2071889,0,1402,0.0,0.0,,,,0.9370944387837186,,,0.9869189378384574,0.0,,,0.0,,0.4336106879174968,0.8433179723502304,0.0,0.0,0.9771662548994867,0.9945511897021709,,0.6319805589307412,0.918495014031226,,d048231d419c08d7176eaceaa89f964709a5a5de28918f80af2d6d5cb56dc892,ac493ba00b218289c9290e59fc10ebc5e73442a5005678ae91222731a9f1a765,a969ecb3ee16cd8bcc9c53adbfabd80be5c7af8674843ca9d79f8caacacc73ef
sunny-mountain-stations/0244,sunny-mountain-stations,train,0,0,0,2068950,0,0,,,,0.9097510373443983,,0.9278710939190183,0.1356437915997246,0.5566502463054187,0.8892988503088205,0.18360417171962162,0.0,0.7442228585255687,0.5436970691260586,,0.7307219325255723,,,0.8259675834204327,0.9280515256740731,0.9880642080622694,,0.6877222473653585,0.8245532095572625,,8d1edf47c4a0e099e6bac09702b9eb61358d689387405e5915c4b761311fb755,62634f58072805641c40889959a1644646ac9bf20776fc28c0eb907ebb26db45,b0d8876465233d4da305b5dbfc9ef4efce901b10268dd3f0866c91e05f671dcc
sunny-mountain-stations/0245,sunny-mountain-stations,train,0,1487,0,2072113,0,1487,0.0,0.0,,0.8737635979546307,,0.9023163065870794,,0.0,0.707366051054249,0.33079847908745247,0.7477763831574005,0.5541551079483777,0.9455724061536668,0.8900790713979667,0.4914184849964322,0.0,0.0,0.1919878458339997,0.9123473329604724,0.9922303362397953,0.7408495255309535,0.7022813996914833,0.7102052032351259,,ede5e722aa51b1edf1b7f3550819d1fa7c743d02958fb765bf9233ccf1ea1020,cadf2ab9a2d6547b808e82099b83169aa947fb0617b0d25d7c012f3a84f18477,a6bd97f0ea46ce94dc6444d003e580e9af0e4440712aeb24779dd83db3743b86
sunny-mountain-stations/0246,sunny-mountain-stations,train,0,3790,0,2057313,0,3790,0.0,0.0,,0.8375634517766497,,0.7421587285894362,,0.0,,,0.0,0.0,0.48340760700590735,0.9174636766920353,0.040747469504282374,,0.0,0.7324057858208471,0.9217970297661504,0.9904891680909049,0.6057003723861358,0.7059889513347809,0.6830791818212153,,90a65adbb644d54e42c7e51d5cebfa0b1e554d4d34f442db24481dcd7007c74c,8211f22cbe10bb54834c2a0f57f23d5612d3a7a8d288102d2f5c719f02078527,6af70813629e5595b4b115dcbdcf22b70c267a1d7e1e393ff299a957872b8397
sunny-mountain-stations/0247,sunny-mountain-stations,train,0,0,0,2073600,0,0,,,,,0.8244510781446517,0.935989005268309,,,,,0.2374465546385602,0.8296199213630406,0.8752831302667597,,0.5875204487029679,,,0.7381565418376799,0.96146989229415,0.9926781238178405,,0.810511623429754,0.9570635631154879,,a442fff38da0ce40c7e735cd036d9ad22fde5c1909107105ed77bd798ca3f872,c5c7e80094cc032a92fa08b0b660de2231a9cddd7643b6d1c2df97dbdb15ba15,c657b0b7f0c27767fabca01a66bad6cbef9e30230bbf98ea9c9d11f3615b6a27
sunny-mountain-stations/0248,sunny-mountain-stations,train,0,0,0,2073600,0,0,,,,0.6438728117184709,0.0,0.964827062777838,,0.0,0.7720919934685744,0.0,0.840083561101755,0.7581759817665875,0.9105301097620075,,0.19439935064935066,,,0.5769183320996792,0.5385638699924414,0.9860746589159057,,0.867275644982101,0.9472874994347387,,c489b83cc8d5e13b9e9ee4f588ba23a86a21404337b41cc01afb90627630275f,1828c615b6f7ff9fa65e720ed3534d3325375ddada62df18c96577a26343ed35,2d06c3b5475bd11093022f4164fe791e6b17d66dc7e6815484ff06b85ac65c9e
sunny-mountain-stations/0249,sunny-mountain-stations,train,0,0,0,2073600,0,0,,,,0.8742506660746003,,0.9679887470429019,,,0.9573547589616811,0.5531217661262504,,0.9038065575963904,0.9474420063330197,,0.8446531542419116,,,0.7034123055162659,0.9612429184012019,0.9908626244874048,,0.887540516011928,0.933855117281835,,408760b135c0da743871d600304812e352ac956549d1987597238245735e8672,459bc06543c1527b8f31f3778f2304eca8cda8b56ce00177d1006117d7a4ed71,cc604fbeb445773636bae846bea370e3af256fb7b2b98ffca5ed0f4709c62847
sunny-mountain-stations/0250,sunny-mountain-stations,train,0,0,0,2064289,0,0,,,,0.671609376170149,,0.9785469760365157,,,0.9317485860170154,,,0.939892322442658,0.9591988088565816,,0.8251331623594398,,,,,0.9867460243737214,,0.8425735233544773,0.7212305843988672,,0956dd0c21f6af0a1387e957effd77c906124754c421ea783a885ae3ce8cf3f2,1a54313fd7aaffafd2aa769b53c139c749f29333937e07fd9220a885589e54d0,50c363ad30657067a2710ed9bddfdf1cbec574cea98353704563e91f33630b34
sunny-mountain-stations/0252,sunny-mountain-stations,train,0,0,0,2029299,0,0,,,,0.7994518402505874,,0.878869369157781,,,0.6847235076353541,,,0.9545525670252742,0.8842844425547746,,0.005247953779489649,,,0.0,0.9121070461986865,0.9909785043715953,,0.7555228276877761,0.9669334145369379,,1749f26376edb32da712444c9e60186ff4bd29e1fed12a43bf0f659bf8e5a11b,c37061946bca614f0217b26c4987befc27e64f2bc1d0d90685762ea41c67810e,df28e449e4ad6111f1cefe049364ccd5095043ed5eef7347e2697545bb4c7529
trackside-maintenance/0000,trackside-maintenance,train,0,0,98729,1990231,98729,0,0.0,,0.0,,,0.9028679445267799,,,,,,,,,,,0.0,,,,,0.6744292391299116,0.06227904299926005,,e41473adaa20b0dfe8eecc7e6000f550ae13c68770e4946667d4c938e7a89230,608d5152e26531f443e848f1ab03966ce4ec96ab2768c3ee09bd3bac6d538107,6e410db750f68f9b5795149c934ed258c026b1d2aca1785966fba9e78bb86707
trackside-maintenance/0021,trackside-maintenance,train,915763,13247,395884,763773,1311647,929010,0.6911971825670582,0.9857407347606592,0.6981779396438218,,,,0.0,,,,,,,,,,0.6911971825670582,,0.9673579694674597,,,0.7520116064301487,0.5809113673664563,,f193c1a096a827f7ac610c2dfa2ef5244731e66842755d4d9a52dae046fadeb1,3cc3a810432c2d42f2e1b1d81348e5530c70ad2520bc91739596cf667ef7070b,3dca4903560730c0f00998114f1d31a7983fd70823f4edbde6f2a9d15c057cbc
trackside-maintenance/0052,trackside-maintenance,train,1167722,54438,9780,856728,1177502,1222160,0.9478724613211682,0.9554575505662106,0.9916942816233009,,,,,,,,,,,,,,0.9478724613211682,,0.9601963107124725,,,0.9558343009910616,0.8971964041706132,,efc1a697946924df5b504e34114d2f5a5bdaff8ab191a9dd2c8d978a19525204,d7c67dfa30ada59632dc54a7ee5807a8e61a421646642ee6822c51b526280b84,a964f1b58bc01c92ab0f819e8c9f2c6331cdacbc83a26de639bf5d8dc923eec2
trackside-maintenance/0055,trackside-maintenance,train,1106104,19178,74821,888857,1180925,1125282,0.9216742229625291,0.9829571609605414,0.9366420390795351,0.7984219903283278,,,,,,,,,,,,,0.9216742229625291,,0.9688584590143244,,,0.8654766362917655,0.8874534222774483,,28f3b3d7bec0bf474a3fc09012c7f4ef1b0b5a4e37e51acf00fbc5bea657569b,7b23c5e8ffdcb864899f2b44e3f35d742c5fa4f4a7b41a710d74ec6204039136,4eabd7882b119dc7ba8ac8d9c9de3524588226ccd745c9d0aaedfc088c187c5c
trackside-maintenance/0056,trackside-maintenance,train,992712,18083,83846,992577,1076558,1010795,0.9068836266867403,0.9821101212412012,0.9221165975265615,0.9626455616763127,,,,,,,,,,,,,0.9068836266867403,,0.9571548992820393,,,0.9272510018622234,0.853292248874368,,ecf8e84d483b920ff62e729b88a34b2e02bc43b25ba2201f33a1d1233e98db4f,71ac374b6a05e5b030909b340d8dfeaf290ad55a7d2193361ea9ad5698cb1afc,8042427ea161c106b2266715abc5881bb0ea329cdbdbecd423696428eaba6fd8
trackside-maintenance/0057,trackside-maintenance,train,789937,40,19343,1279235,809280,789977,0.9760502644195127,0.9999493656144419,0.9760985073151444,0.9538199181446112,,0.0,0.09317299498153583,,,,,,,,,,0.9760502644195127,,0.9580681477458518,,,0.923283862021022,0.9698234387721458,,76a244cf235702a8709bcd5845224a9a5785c3cd791a1fc89b4d54cf065746b8,c6a6ea3d247a64e8a78e7264e9e5bf9070735b251f3b1498e53ceeb2d9a5eece,aa3b799efa2245e35906aa07366d08516a992245d659619b01267da06ce4df81
trackside-maintenance/0058,trackside-maintenance,train,1275698,9583,52411,751268,1328109,1285281,0.9536559985407702,0.9925440428980122,0.9605371245884186,,,,0.0,,,,,,,,,,0.9536559985407702,,0.9118288956787429,,,0.8295735650837327,0.9706927463383639,,527bd4c6f5b48a8fa052db415d684acdb3dcbf8021025486fa219182ad9059ba,135090e121d0df3d05d16ca027cf3a9280fcb288b8d5e5c4b535ae20858a57bb,9af8e566ec1e24fb170ffacf87e5f73111de1ee9225c9c32a8e979b5ae1a80a9
trackside-maintenance/0059,trackside-maintenance,train,1195186,19185,59021,815539,1254207,1214371,0.9385845050070991,0.9842016978336934,0.9529415798189613,,,,0.0,,,,,,,,,,0.9385845050070991,,0.8798741538754886,,,0.797401935184081,0.9477824011300376,,8f38d8ecfaf13ea9265b15f72d8c2a5f6320df894c563c0277971f5a71223076,51caf95e4def10813bd0f02b5d94ab8f9ddcf77d3b4125ae347e9e88f0e70034,b962a1f237a6b71cff2130f3c75fe2d7dcf18e96f35cd79ed59a1e3b8f4af1e5
trackside-maintenance/0060,trackside-maintenance,train,1370682,17772,41493,659013,1412175,1388454,0.9585544079605748,0.9872001521116291,0.9706176642413299,,,,0.0,,,,,,,,,,0.9585544079605748,,0.6760897566266694,,,0.9498294426705479,0.8863979398566679,,af2519b33d6b5f52478d8c41669353834cbc46bda125e944b6f0f559e55e7d51,a1ed253eef60a1b41a1f265e34bb48ebce8b527eb2c22c4dfdfd0244558ab6a4,77b791715cad0e3fa92b1088fd0c9824b73e4f180b403a7f96b6934782a1ee80
trackside-maintenance/0061,trackside-maintenance,train,1649699,21732,19056,398473,1668755,1671431,0.9758720416069452,0.9869979676097906,0.9885807083724094,,,,,,,,,,,,,,0.9758720416069452,,,,,0.9382592749865374,0.0,,8bdf064f89bd89d79af62f1c4461b3024cfa2110a8194ff5044d74f7f592fc74,a2d3dc8b57ca001020539c453fd25cc135c52f4e3a1b7e3782882c0642be1d36,607129b357428978f488f560ac62157620e6305d7a7c68b257586feec93e8477
trackside-maintenance/0062,trackside-maintenance,train,1899945,3456,3116,181666,1903061,1903401,0.9965528762659867,0.9981843027296928,0.9983626378765578,,,,,,,,,,,,,,0.9965528762659867,,,,,0.9650867518779418,,,6f1c22c5a26f9c6f9349d1b7472ea93537d6383a9cda356167f51397f8e8f989,8b6b3404dcee61dcef88a2efe10d1c664ce76c5c90f08c90a160e1881b9c7ba9,e78952bf1d1843069361241500ab963f68a3d3e7589c7b78317d73cdca2ba2e6
trackside-maintenance/0063,trackside-maintenance,train,1325028,16261,11514,736157,1336542,1341289,0.9794685552885379,0.9878765873722963,0.9913852314405384,,,,,,,,,,,,,,0.9794685552885379,,,,,0.9626087515732804,0.9644135029779256,,f25b27c24e3ff91436c5e3877a5df281c4dd826a5c70266f8b58faae4174a2e4,f404f535862173c8b8688fb06460f4e3b4307973ba3453d76a2a74ed1ce29373,47b52f0ba397e9adfbd3cf88949fde5b177517e4b78d283034d3c343faedaf70
trackside-maintenance/0064,trackside-maintenance,train,246484,3422,135064,1703990,381548,249906,0.6402680728368444,0.9863068513761174,0.6460104626416597,,,0.8330889791835652,,,,,,,,,,,0.6402680728368444,,,,,0.8653497661889953,0.004353416191099181,,40ea4a91bdc724c6898236dad7394cdb56c3f9eff92be4c2d3cdc31bac221ba5,8cf27ff8c967f94b6ce773a71a3e75cdd9d3bead6550b3d272103014e8ccae9c,0e1837b3522c7adcafd7c6d03e3f9d43d50741390d938718f9f9abb6357d83d9
trackside-maintenance/0065,trackside-maintenance,train,1328898,38910,12842,708310,1341740,1367808,0.9625162061347916,0.971553024985963,0.9904288461251808,,,,,,,,,,,,,,0.9625162061347916,,,,,0.9384776671960876,0.9263037995677985,,f03f57e248aa7907bdc8f6d9dc2d77aa18d6bd0c9408c1035bef8a148a559b79,c6eb3a0619930aa14ed66cc41633d3632df51fbd1eeb2b2d5c2a7d4933429313,b8a6d08bb03be4546c050ff20e617cb12bee2dc4f1dc6d411a46c2d587ddf4e9
trackside-maintenance/0066,trackside-maintenance,train,1270697,19306,27315,771642,1298012,1290003,0.9646091528393296,0.9850341433314496,0.9789562808356164,,,,0.0,,,,,,,,,,0.9646091528393296,,0.5491163055872292,,,0.9558352578906851,0.9305643222050385,,6223c858287f0677fdc6d3b7cc8038c3ecc2f0d657d409ea0818439bb88d0fa5,d3884b710501411f6f6b15febc4e69affad923b6dee90f38d67b046fdfa35666,35685301bffc029b08d09e35de0a68e10a8235cc7939fc8829399623974ef285
trackside-maintenance/0067,trackside-maintenance,train,830919,18670,26854,1212517,857773,849589,0.9480582308261918,0.9780246683984845,0.9686933489396379,,,0.5400662251655629,0.0,,0.8878369882770608,,,,,,,,0.9480582308261918,,0.9826049801545423,,,0.9227577600998285,0.9439316720835637,,0500732a4422c6db9e57d541c1a7f0c06c3e10fd30ca7e04d1cb512dcd29b739,31e1a531c8bacd76bd03d1630b16b65d83c1b22e86c7d094e48509567df280d7,8b044730dbb78faeda68c7ad934db2a27e0b6a77d40b6bf0c8b9ecac3c856ef3
trackside-maintenance/0068,trackside-maintenance,train,1019849,18373,34252,1016486,1054101,1038222,0.9509312113860103,0.9823033994656248,0.9675059600550612,,,0.0,0.18251928020565553,,,,,,,,,,0.9509312113860103,,0.9676223408117332,,,0.9126183454912308,0.9354800361139581,,2002370858caebe870952bed7a32a15d4c1e010a5b718f1e3c6e2a619ef1550f,f630baf409c8fa26b7d8c7049cc4ec4ab2d5780809fe481c6ff0414a1752009b,a8e381ac008956ae8223cffa6077a46575c19ae2ae78fb7840a74732eaf67f6c
trackside-maintenance/0069,trackside-maintenance,train,1806080,113584,756,168540,1806836,1919664,0.9404609408358588,0.9408313121462922,0.9995815890318768,,,,,,,,,,0.4028704265211239,,,,0.9404609408358588,,,,,0.8775665974447485,0.0,,f29f28360c7637a0569445615e72587d568ec754c219c552470709afefec21c0,9004352091a51ef231b51d3a96e9c590f364538a5c6d5c05d1c1cbd61935bd8f,8e244770cb2237b34ff39069c79af189470f676080bf8dc6a9ef79361e05b2e3
trackside-maintenance/0070,trackside-maintenance,train,1870273,39831,4974,173882,1875247,1910104,0.9766040860998874,0.9791472087383724,0.9973475494161569,,,,,,,,,,,,,,0.9766040860998874,,,,,0.9482421076167157,0.0,,8da8ac7ad697e79d43107c8ebe4903d9b515079f50e3b43f871cbcaca0df5d1e,fc37c78a2230c5c8c971926e1a494ea03d9ff1f1d5ef03a91ddce40348295058,f4031c3b8c9f0e60e1d201aaa3c60c2a01c0c28f778dd6b3492fb474bf50e767
trackside-maintenance/0071,trackside-maintenance,train,1614235,1747,68561,404417,1682796,1615982,0.9582628641714697,0.9989189236018718,0.9592576878005414,,,,,,,,,,,,,,0.9582628641714697,,,,,0.8518974142924851,,,3722b3d81a9495d0186d3ce92ec994c7f10c979ce8ebf1d78a787043f819a9f5,b67b6c1fd6b1b376e5af96480d72e2c49eda9b71209418decad92c770b5024a5,c33b6c75f308f3d8c1bb7b7d915f55015266281dd32f0cee18a8c81c47724a61
trackside-maintenance/0072,trackside-maintenance,train,1479842,4992,136889,467237,1616731,1484834,0.9125121861131649,0.9966380080197517,0.9153297611043519,,,,,,,,,,,,,,0.9125121861131649,,,,,0.7670714048837828,,,190287f82f43182bf0e583f603971ce568382ea6cb8bd6655a8483c3dd9de73a,ed7b67bd4cb17da870d4d1c71e483046760415f5abff5f935a882ce1e78f4a58,7367b405a6a9f2a57e3f78330b80b4b97f85504e8d5d94471a0e46b6e5f75e82
trackside-maintenance/0073,trackside-maintenance,train,1530682,106059,33620,418599,1564302,1636741,0.9163779566213531,0.9352011100106858,0.9785079863095489,,,,,,,,,,0.8808641998804797,,,,0.9163779566213531,,0.0,,0.0,0.91415932776211,0.039792106545395486,,5652f16f45d364803ae0cb7862cfd6866fbbefdeeefdf76929de1dbf58fe7814,776ab1d9d39e30450e3cb98591c31188fa38dda21975a58e3b3269ad48adbff8,edc9830b605f382bd7818042bb3f691a494dee728f7bef2a973915a6ced58461
trackside-maintenance/0074,trackside-maintenance,train,1266359,245719,79932,496950,1346291,1512078,0.7954466366417297,0.8374958170147307,0.9406279920165849,,,,,,,,,,0.2722834008097166,,,,0.7954466366417297,,0.38871802294026125,,,0.594165136765779,0.006093009794513245,,093b845a2d8a639e83ffa1ecf5fde92d921664c2417e66a25b10d3dca8f6d55f,f7283dc707378e69d703aef147373bdcd064cb957f41e1765d75f9806d2293a0,c777ce25c7026df012b52a89aa4ddeb8dc0046afcfd0885c390b1f9d76b0111d
trackside-maintenance/0075,trackside-maintenance,train,1434665,119696,73213,461386,1507878,1554361,0.8814745136012249,0.9229934358878021,0.9514463371705137,,,,,,,,,,0.32802973226976523,,,,0.8814745136012249,,,,,0.5402535495806331,0.004899631471684565,,03904f8a2512daea1c39d2cbdedf3303eb95dcf456e4adbc73e729eb2d9aca10,718e6fd45e2e42240aee648e4e87a0092a7553e48a752f65433e382eadbfffee,dcf095dab245feefb8671a4e0edc456149e02431891c1a2526a57cdf52eca7de
trackside-maintenance/0076,trackside-maintenance,train,1488561,12564,131689,456146,1620250,1501125,0.9116537462319652,0.991630277292031,0.9187230365684308,,,,,,,,,,0.3967404250813901,,,,0.9116537462319652,,,,,0.7646263780175352,0.0,,2c8539da08f1b6584a3d127fd3a5f5050bdc5350404f6d4739a5e44dc6d6e78b,b0a5d9f1ca8e3700479bb3fd590e0e31fd80eb007671997450e69cea9e96069c,089dacc0d9009503edea5d6a7d09789fa0eb2d38cae74117af9e7579643debd8
trackside-maintenance/0077,trackside-maintenance,train,1266125,24160,10402,788273,1276527,1290285,0.9734278884927734,0.9812754546476166,0.991851327860672,,,,0.0,,,,,,,,,,0.9734278884927734,,0.9373146971622194,,,0.9437031886562549,0.9607260363018151,,845a1cf210437b2039d48232df6099976b3cbf2a66266f2948cd84e0e8dd1a89,db1147ad0f9aa22d2101b8b087ce2dcca15710e76e651244fdb30f75aeb1348f,b71b33e1274c07abbbe401484c8ecd329b4ece27c5bd445d2c3b6ae876db1298
trackside-maintenance/0078,trackside-maintenance,train,1270013,22330,26719,769898,1296732,1292343,0.9628152429529468,0.9827213054119533,0.9793951255926436,,,,0.0,,,,,,,,,,0.9628152429529468,,0.0,,,0.9583219265787685,0.9273311852472641,,9072ecd1d6bd9a6ade7bbf9d4ebfe4912556baadda2bae4e1a66249b89915dc1,5ee5a7b2559e29f59042063b25e69d22cc7635dcfb1ccedb12ca183a2172add3,cd10650af7fdc5a08a2dea05ede4291672c8aeb924f3c87232e0f7b1c88f91dc
trackside-maintenance/0079,trackside-maintenance,train,1300565,23734,16085,748576,1316650,1324299,0.9702928414543892,0.9820780654519863,0.9877833896631603,,,,,,,,,,,,,,0.9702928414543892,,0.9480125055828494,,,0.9613646633529146,0.9316951851335165,,7245d072113222a13b028579251a425ef833a8850f977f01ffb13f42c5569754,196f7161bb9ef2af0e3ea14b4f939200a99ce0ea7a60d5039b4f22522718c58a,a11d157ba0c62eed29071440091c79de6b146ebb5016a5fc181af6461be54955
trackside-maintenance/0080,trackside-maintenance,train,1161302,30876,36373,860409,1197675,1192178,0.9452615316743057,0.9741011828770536,0.9696303254221721,,,,0.0,,,,,,,,,,0.9452615316743057,,0.9423436066281643,,,0.9375251835711184,0.9055869945467641,,045d4791802edd4766cb20165f7f89e48500708e9eacc4fb3176b9cd89733d49,72915e72ba77b4a35ec44c0cd9aadfe5a489e09dcf8bf4df59f3ca3ef7ac9e26,194d1e3c28dae48ce634c50af95fc588aaea70fbbced49cd6682920618e1d0cd
trackside-maintenance/0081,trackside-maintenance,train,1355303,15652,31582,686423,1386885,1370955,0.9663224570902585,0.9885831409491923,0.9772281047094749,,,,0.0,,,,,,,,,,0.9663224570902585,,0.9056081573197378,,,0.9546760426932135,0.9198701427125697,,eaf74d01f4f349885d90aff52c367596e2cba944e49a7b0feffd851b79a71ea1,e7d19f949be6c72d26980869fabb339acd375a65015bcc000bb7ea609efc0558,08f43873a74b4a807c302c0a67ec9d9bdec98f7f761bb1a672e76c7aeffa573f
trackside-maintenance/0082,trackside-maintenance,train,493843,7158,148852,1439107,642695,501001,0.7599303227037499,0.9857126033680571,0.7683940282715752,,,0.7889513396072689,,,,,,,,,,,0.7599303227037499,,,,,0.9262082841878859,0.21888125504158437,,65b79e130b09b882fa33f7676d2436a802b097d73fc606fa0428a40aa7592ed5,a63aebc4038689fc219bba17b9c67904c70eae12e7833a0e436e0aa12bdbfcaa,db13bb2b31fe2044cfd93d4a1b626b6e5197c41daa8f7db70931931127686846
trackside-maintenance/0083,trackside-maintenance,train,1581622,10726,15852,480760,1597474,1592348,0.9834734485760478,0.9932640352485763,0.9900768338013639,,,,,,,,,,,,,,0.9834734485760478,,,,,0.9469779020249389,0.9490610207196254,,f93539c0825969b6f96f386dbaa98f06caadbcb1d80a39102a077ace90560d5e,eacd1a0cdf15d5e49563452c6d7003c31113591a4df0d81eaf61105edab0d64b,f76ff288136d6f40e1ef6be2f7a0172de76ef0361751108be367a8a103311300
trackside-maintenance/0084,trackside-maintenance,train,1332190,2912,67559,686299,1399749,1335102,0.94975906509128,0.9978188932381197,0.9517349181889039,,,,,,,,,,,,,,0.94975906509128,,,,,0.9643287529886461,0.8768582620609733,,78b655ec93b0e9575d9bf363a03233ad6e48a40c1e428e86125f919cccf38ced,ac028f7bcbe7ad92f61055bc538a75e3ad911ea17ef8513a38a275c9758c465e,644484fa6ab517f0eea58997e950081b6d97291aff4eb4c3ced92a6425554e94
trackside-maintenance/0085,trackside-maintenance,train,1305377,27019,20825,735739,1326202,1332396,0.964644355947772,0.97972149421043,0.984297263916055,,,,0.16384563303994584,,,,,,,,,,0.964644355947772,,0.0,,,0.9504145311521339,0.9297178908155864,,1fe7cf2ae2eef9be85f098226cc6e927e226f7e34a356079eaf30f81a5517c08,a964b223ce70c0ddfcfc63a7116d136b72dbabc8a5bfb3c71b4a8784a89ebc9f,d8de3445c0587cdf4687ddd7229e3d3e4b9961e601da7e204a4967b3f9bdaba3
trackside-maintenance/0086,trackside-maintenance,train,840207,34376,14160,1200217,854367,874583,0.9453880368115417,0.960694410936412,0.9834263261572603,,,0.474883480062144,0.06844106463878327,,0.8497479643272586,,,,,,,,0.9453880368115417,,0.9688864970757237,,,0.941835437087764,0.9299532414484999,,9db552632140a4fe745fdf61a0d0fa31fc4952af06addd32095a7c1372bb9d8a,48e0f42fd5470fdf74ebb3d8b15d9098a05ee9adf3541431ac1b7a9fa0e062d9,fa0f1b54c81a5c065b28df4c207d34cdf233c7661c3a8f7ff0fdbeea22a288ae
trackside-maintenance/0087,trackside-maintenance,train,1018328,47106,5977,1016671,1024305,1065434,0.9504550541295544,0.9557870313881479,0.9941648239538028,,,0.04981940465811434,0.0,,0.2510567296996663,,,,,,,,0.9504550541295544,,0.968823807274445,,,0.9078962685119317,0.9364564665656756,,95207ac84f3acc3ff5c55764aa554bffc9f0a32f4cab08eaf951e2fe43877d51,587b26c9e34a988459b083e4db74f236062e3ecce661eb481c45f1084fd9f4af,6b9aab71412b7c0a860a2e87249ac439d85f61a5a68c1d898149ed83f639d838
trackside-maintenance/0088,trackside-maintenance,train,1022388,24591,34013,1007968,1056401,1046979,0.9457868328350256,0.9765124228852727,0.9678029460403768,,,,0.0,,,,,,,,,,0.9457868328350256,,0.9326330093028118,,,0.9323531180467858,0.9167622800891283,,d725e1c7a0e34cdd9a85ca766c2f77aae4456153fa89c7ec4ed4903841bcc25a,d8588ac0e324f990fbff92d6ef4ea35638073f169b1c3a29eb0f763ca8158eea,7db3d3290ddde0c2cb78d0ca8e480fbd926237c438be7ccb255076600a45938f
trackside-maintenance/0089,trackside-maintenance,train,1335775,40716,18168,694301,1353943,1376491,0.9577789266049981,0.9704204386370852,0.9865814144317745,,,,,,,,,,,,,,0.9577789266049981,,0.0020876826722338203,,,0.9366892505990251,0.9099726875015106,,0055dcf9f3b23337c4d0b8675c5c94dc530eabdf296e211580d8631bfde63237,3fa143f99bf6e20e136865aa3ed2add68b848b13c63f491d183a418d2b345cb3,576c8c4e1664631fb4dc4cb370b494344985fbcad6149aa2762494e06270222d
trackside-maintenance/0090,trackside-maintenance,train,816553,27380,12388,1232625,828941,843933,0.953559471273039,0.9675566662282432,0.9850556312210399,,,0.365445199801028,0.11891891891891893,,0.9106181699559615,,,,,,,,0.953559471273039,,0.9799861973775017,,,0.9447094319821593,0.9451725089360455,,0a5483a0127931090560f2cb06532b9de62ff8978b5d2d75fc73f10c9e628fb9,bdacebbf7725f3ad965f05b99232ec789fc6dd5801ffb98aa2a88920ad1db2bc,816e282e6448d21c1aaba20e39d194d1974829b190abb937447ac1d33a7866d7
trackside-maintenance/0091,trackside-maintenance,train,993991,20464,20167,1054134,1014158,1014455,0.960728652590028,0.9798275921553938,0.9801145383658167,,,0.0,0.4279346210995542,,,,,,,,,,0.960728652590028,,0.9693811229451811,,,0.9419078586765245,0.9466800976064147,,140a0439c3c000cca0ab1e8fd90ed6598c8fdb0c15a7ebf645bf70366d6dd90b,fd9fcc64d607952b1ca4b32b253c900c3b6c42ae47ad9a118acf78aa6132ac62,df1ec0c0d33fea5f7cab262c5431de0691f46cd669ede27afe03bb1a1a021c50
trackside-maintenance/0092,trackside-maintenance,train,1087186,825,225416,775533,1312602,1088011,0.8277475641965637,0.9992417356074526,0.8282678222340054,,,,,,,,,,,,,,0.8277475641965637,,,,,0.8789892664343238,0.7416207858664898,,b46f2ac36452a0a15ac8e7c69746492ff0b596b959f253d1612c3db9998b2895,ca30dbb08d9fb0e4fe8996fe88911e453cc3bca799282014ced559432b824f51,905a03377601bfd0cc4900184dc459a26c134a126b6e03286d84f45145f6cb58
trackside-maintenance/0093,trackside-maintenance,train,877906,27940,15916,1166767,893822,905846,0.95242155784248,0.9691559050876197,0.9821933226078571,,,0.5065075921908894,0.0,,0.6551371613562788,,,,,,,,0.95242155784248,,0.9778290359062195,,,0.9260371820521787,0.9461438095920854,,6259e3456d036d7371c800562ffea682d470ccccfc442c166f67ae5f354b645f,84941b6b7aa17a3e2407d6f073b2b43d7c36ff43014f7ec679d58cf5431ed076,6f5e276a2fc3920786b591ac63dbcb548197f7905ea218b49582dd3b3354a70b
trackside-maintenance/0094,trackside-maintenance,train,1014535,10256,22977,1040055,1037512,1024791,0.968282100617694,0.9899921057074077,0.9778537501252997,,,,,,,,,,,,,,0.968282100617694,,0.9579913213071951,,,0.9530622691717046,0.9541312948597889,,e0ed8f532604e6e6555ff2fed40abf4191312f80d30033f9f5891f116ab17ef9,7e4ff407e211370343392cbcdbff2b1388d8e1979cda20ce09bf6f00dd9def79,18c4fe48d4bdb62d017633072576367b2ce01940cb0db2d269c2c6208f957936
trackside-maintenance/0095,trackside-maintenance,train,797063,13965,29216,1248716,826279,811028,0.9486089754880725,0.9827811123660343,0.9646414830825908,,,0.5021753681392236,0.0,,0.9529035306245168,,,,,,,,0.9486089754880725,,0.9795359917820494,,,0.9315984318053783,0.9353510700200427,,2c0673f9062a1f999a14ea9f32f3a730731ead900fcdf51751a187ad746dfc7b,e2149e1bb2a9cbc2acdbaf0b9ef76ebcda214853f1f5097dab8ec69174e4aad8,52b8c4b83102440012ec9d32bb2a907f7f6200349836aa629e2451185d0c02ff
trackside-maintenance/0096,trackside-maintenance,train,380315,7039,26856,1674343,407171,387354,0.9181695275343424,0.9818279919660052,0.934042453907572,,,0.8521019753503293,0.0,,0.9677223493185588,,,,,,,,0.9181695275343424,,0.9901935291772334,0.9771842728892425,,0.9147863279019186,0.9300677634077598,,4c21278ae3f78bf40f512492d07dff5fe47bcd04749b1b5bbb976b5f139f1b63,0bdeb500a31ea967c4b9b29ff432f98229b20b9b969b3a7a8efa595fe61979ce,01a80df13d366dbb7557aa0e733b31e1e009adeac395204cb78564987ce391f9
trackside-maintenance/0097,trackside-maintenance,train,1527504,5534,31291,284688,1558795,1533038,0.9764595555027108,0.9963901742813942,0.9799261609127563,,,,0.0,,,,,,,,,,0.9764595555027108,,0.0,,,0.9063077159860455,0.0,,069e56fc048051d80ef3d6c175598cb6a1df2596f82c85bd8075f4b88100565a,4dafdc7299c42b3fd729bc5fad69b105505ba91c31b992ed39c8524ab26e9327,5b062e323b0a6bc585233ec08a0eca7dbed2904755ecde0ed09191df93ca57d9
trackside-maintenance/0098,trackside-maintenance,train,1437510,7402,299396,344652,1736906,1444912,0.8241147778947296,0.994877196673569,0.8276268260919128,,,,,,,,,,,,,,0.8241147778947296,,,,,0.8779619826879086,0.0,,fc04d89f6819407752a53d790ea973fc002344aa19eadc04b345225545c7ce53,50b458614c96f982cdd8a232cc68c34b8a13e26c9ea30e839f0bb3d3f75ed0bb,64484400aacebce5359a2235067aa2190c50388645cb008f7317e1e465191e44
trackside-maintenance/0099,trackside-maintenance,train,1300159,122688,4727,661386,1304886,1422847,0.9107471836836479,0.9137728793046617,0.9963774613261235,,,0.6778398510242085,0.0,,0.9739107402992981,,,,,,,,0.9107471836836479,,0.9842917595110084,,,0.9318389108916951,0.023937010638671395,,34c0bbfd58571e1b86214468e7824979e09367e8aa452150512daa459ff8c186,0553959daf6ce869735cd945b60890b3ab439a1579cbc8fe572569200304aa26,5171421fb32f6711b314a442cc650d909ec50ccd82ffcf0fe73a725aa0b6a319
trackside-maintenance/0100,trackside-maintenance,train,1048040,15327,89698,346456,1137738,1063367,0.9089166699188684,0.9855863497738786,0.9211611109060258,,,0.8318295610551122,,,,,,0.0,0.0,,,,0.9089166699188684,,,,,0.7469860181452564,0.873406134368191,0.0,295de469c85a2cbd063ed52a760230d5847fd6ca3ec792d4228e881a1fc88163,f5b03baa6b4d5ea3f09082ebe6520174de0c27be86a86a96401a87b00c959c4c,fcb412630da5307740c3fdf15ff7488cbe8aa4d7c92deaa6416a272e3721df64
trackside-maintenance/0101,trackside-maintenance,train,425273,64926,9680,166121,434953,490199,0.8507518819554332,0.8675517493915736,0.9777447218435096,,,0.7038354076708153,,,,,,,,,,,0.8507518819554332,,0.7782120175867122,,,0.9010548240413269,0.5196865060033814,,f18cd13f8be6e6da511d8cc5f6ff2f0e8e5ffa3cdc730d55f0752e075e4be9a7,2053724e9bccf33b2605685548994cd45b4e42ce9eed6263ab94fd76ac8b7402,aa8c9cdb82ded67d03721923a39187e8491a09fe9c746c6bb7ee2730bcdb880a
trackside-maintenance/0102,trackside-maintenance,train,325755,26903,75441,1071158,401196,352658,0.760933802695171,0.9237136262327807,0.8119597403762749,,,0.8703120019832136,0.0,,,,,,,0.9253567690136411,,,0.760933802695171,,0.8394423768597107,,0.00010841283607979184,0.8408034758516466,0.5820079983161439,,d32849c8bde9dd413c6d0ab82ca84e62323fed3319cfb99825a11f91ac7baef3,16725b66e3177e4058bec98d44bcd85e2a17929f45e24c0a9596f58d4fc0420f,60aa226a430eec46baa29c62fb8a3f3a26222e93e85eebdc7308937fd8dfaf28
trackside-maintenance/0103,trackside-maintenance,train,563090,6361,221097,1298412,784187,569451,0.7122780653420159,0.9888295920105505,0.7180557698610153,,,0.6430845537042291,,,,,,,,,,,0.7122780653420159,,,,,0.9385214864995112,0.45193326894992225,,bcd725f20e45aba176964b9c6318633c2f7a70f7664784eb0dfc98abf0940141,832b0e6356d68f26976e3d7922d3b08c241fb1ce86ad33ae4f971af5515c330f,3af732fdd733e8166a2f8f1f3710ea9ef15f574524c73d017b2c1e1073fa22a5
trackside-maintenance/0104,trackside-maintenance,train,130694,7519,3409,280779,134103,138213,0.9228368473824689,0.9455984603474348,0.9745792413294259,,,0.0,,,,,,,,,,,0.9228368473824689,,0.9853891305265825,,,0.9598425565812286,0.8801962126397445,,8af545cd5a93e866ceeaf9e8b89657bd1753fb543ecfc98e2121144440cb5e5b,38d8338d1cf13856f69f9d6bf5678bbe6767d870b9c6d44089b654888be7a538,ee9f560971bc1bafd936bbb21dfed70f727048d2dedbaeca1a89db1c457968f3
trackside-maintenance/0105,trackside-maintenance,train,195325,45822,11453,533832,206778,241147,0.773258115597783,0.8099831223278747,0.9446120960643782,,,0.03878998407873788,0.8840949931292061,,,,,0.9939398829214068,,,,,0.773258115597783,,,,,0.9204641867305191,0.910792549707448,,d1ad562afeae01ddb70bc66ae877af92f08918967c215ffefec2257c3ad76fa6,c81174649f12ca8f38a2a5768fc715389902ca51ae6140ec8217629ad50b6eb2,afa1c2ef207366bf5f1b9b276bf7f3036821b95905cd4f708044f8b1cd2868c9
vegetation-worksite/0262,vegetation-worksite,train,0,0,0,2073600,0,0,,,,,0.9610683809742471,0.7768583571862261,0.08450876977799583,,,,0.0,,0.02977898096892804,,0.34264884568651277,,,,0.9650086893670846,0.9928551617687846,,0.5203129486075222,0.893945921035495,,54396730a7d632e6ac164891ed59aa4b248397c4bff8ad0524ee051361535740,ecc4df5204120b6d832dfe643f5cf2ece2d746710ad731c9c0b70f45d3c1a90e,59118908f3212f1ae5fac9d9dc8cf0205b4dfb624aa204d546a3a1c04a7c4083
