key,group,split,tp,fp,fn,tn,support,predicted_pixels,iou,precision,recall,iou:person,iou:truck,iou:rail-track,iou:vegetation-overgrowth,iou:car,iou:on-rails,iou:traffic-sign,iou:road,iou:sidewalk,iou:construction,iou:tram-track,iou:pole,iou:traffic-light,iou:mud-pumping,iou:fence,iou:terrain,iou:sky,iou:rail-embedded,iou:rail-raised,iou:trackbed,iou:standing-water,image_sha256,mask_decoded_sha256,prediction_sha256
flooded-road-crossing/0272,flooded-road-crossing,train,0,5848,0,2067752,0,5848,0.0,0.0,,0.0,0.0,,,0.0,0.0,,0.502698281871402,0.0,0.5617581527243265,,0.0823463056965595,,0.0,0.0,0.7867107213623682,0.9861814308817023,,0.0,0.0,0.7012444640705431,1a64c22d40183eaa53211aeb2ab21c5cbf2a328ca7b2d6716a58fff64bb7291d,2ae0b928ea09fecae228600e65afc5ccf5aeab55c6186e155c041878168d2b7b,a4de3515bc487a8936e0cd803cc9e0552bddc71ce41014207b8c30b7e22b776b
flooded-road-crossing/0273,flooded-road-crossing,train,0,364,0,2073236,0,364,0.0,0.0,,,,,,,,,0.0,,0.23743805931513942,,0.0,,0.0,0.0,0.617655636028008,0.0,,0.0,0.0,0.8003240150113923,4f42631f3a3bf1174b11d6978aa00479044e989be0e1722cf53a2a7d698ca4da,d71932fbc886eb13c90b1ecf925dd2ed196974dc2b78b22dae98b2b052263ceb,bf6e05d42db6032e3a4414438013a8bd1f59d0b4fca6f048b4b2c967669736f9
flooded-road-crossing/0274,flooded-road-crossing,train,0,194690,0,1878910,0,194690,0.0,0.0,,0.0,,,,,,,0.3354820888711861,0.0,0.0,,0.0,,0.0,0.0,0.6154572080498006,0.0,,0.0,,0.8464589673224093,5eac815d6dcafeaed42ca25116f35fe30e4598159ae3b155d664bf6b7378427a,92f986c0cf867798fb963a56a3cc9a99da42fa01c35481b1810a31fc272e5aab,c2ec4ee6bc0f51825e336802a2cf3aff752ffc3fa72004a054bb99481aab2e73
flooded-station-platform/0298,flooded-station-platform,train,0,1973,0,2071627,0,1973,0.0,0.0,,0.9007361903368925,,0.42911267108871015,,,0.7734398349732476,,,0.6780459351990066,0.8255752678728263,0.0,0.0,,0.0,,0.0,,,0.41117588972905705,0.0,0.49890938551663966,f0194c9f5092ef4a9f5211064d986408ef94a7c44752b254cf2a6cb67600d64a,9c2a8282ac3b685c1b4f7d0eada263e2c6deb4d18423159e43b764c65f2afc9f,0f60e2b95282c73c6f4b8a4939955e5e7b5d1eeb250329fed0d88dd01b5fdced
flooded-station-platform/0299,flooded-station-platform,train,0,70068,0,2003532,0,70068,0.0,0.0,,,,0.605196053466845,,,0.0,,,0.9318471680137681,0.8889834049166904,0.0,,,0.0,,0.0,,,0.7681226145961971,0.0,0.664007123098421,2e8151e2e6b02fcc2163c50aa86d9e5e0134c8e81d7ed74c33832a121b91dcaf,ac007d07fbb9218cd6a46518c8161c36b300c81f837d4ca78ee881cc5c1285ad,84ad557cf45f7192c531758348f85a9294e66728c0d178f360ea41b72eb7f944
flooded-station-platform/0300,flooded-station-platform,train,0,31981,0,1926539,0,31981,0.0,0.0,,,,0.4437228584263995,,,,,,0.0,0.8719803488959108,,,,0.0,,,,,0.6029455081001472,0.0,0.2837406005815456,aa5009748eb469829d461d7b4e9a1e63aced662acde1baab34479670671c9cfc,71b71d95fce3df9c264c4586d0b956bfa611ac012f0c0847d66c466d4e709978,2decfae45a4ec0aeb79651800d7003f32f36debd60b66a8c236bb30cb9ecddd0
flooded-station-platform/0301,flooded-station-platform,train,0,439,0,2073161,0,439,0.0,0.0,,,,0.5437614556997737,,,,,,0.0,0.8281470990653056,,,,0.0,,0.0,,,0.8194682922545341,0.0,0.6395189356736147,b6bfd2eb1a154fe26098279bca8d8165e5aa045fad56b687663d941cba56bfda,7894d14854f9ccbb4158b0466157085afe2d2c32ff1bb92ff09db44e499d08ca,42439b93fe18edcc754b60ae0a8ee0543d60e98b729ffaae900561330af0c3fe
flooded-station-platform/0302,flooded-station-platform,train,0,52,0,2073548,0,52,0.0,0.0,,,,0.6017282204249823,,,,,,0.03171420760047389,0.9097947409017094,0.0,,,0.0,,0.0,,,0.7674617308215941,0.0,0.4063575005443065,0758d8245392d38d69bb520d6aa46dd39d38ccdfa9c8011ae15e78d2a3d0dfae,00ea88ab0410bcf15bd3202f7dbdea2d25333ff4bec6c06d01c990410360a826,5b4f3d958bb8c9acfb0f269008945b8893a3a36a16d3544f27918c07b896b86f
flooded-station-platform/0303,flooded-station-platform,train,0,4662,0,2068938,0,4662,0.0,0.0,,0.0,0.0,0.6199618883256032,0.0,,0.46331286411588724,0.0,0.0,0.7852893493553392,0.731863349532168,0.0,0.14699365305892514,0.0,0.0,0.31717878257973187,0.44107410512410133,0.15066836837509237,,0.7669174420906751,0.6765121219695076,0.7158509601360341,e62cac97ea08c225e113869af1e24539312d59ae8b1ea981d8625c7d8c85968b,e39d3cc9f2e733f410aab08b883c5b815fc0b7cec4923951527119e1188c966a,878b3d37d90ec6706a9c905380618c364deb7b7eeb526c1e19149a5fd9ba35bc
flooded-station-platform/0304,flooded-station-platform,train,0,11841,0,2061759,0,11841,0.0,0.0,,,,0.3191493036280424,,,0.0,,,,0.865424064900191,,0.0,,0.0,,0.0,,,0.4455556464433435,0.0,0.7512132882627339,c9797d293e9f42ce5aacd15adf5adeae5aabd49c586206b065f6f9ae8218987a,fdcfa33e5312540d1fe6a49626ab748f10be173352f093e26fb20c90e293784a,f678aa3825bcc5515dd23a930df924bd9ccc5cd8c51c7ffa29e6f3a59dca4e4f
flooded-station-platform/0305,flooded-station-platform,train,0,1573,0,2072027,0,1573,0.0,0.0,,,,0.7770328651150993,,,0.0,,0.0,0.18930164669119914,0.8583325779550399,,,,0.0,,0.0,,,0.8830296299044049,0.0,0.746678090814266,10d64186056082ebd4e47902c4c0de8902ac70f0ef5c2e64b7a35ce344eeda23,e7d2de4d96aec0a8b3246ae5cbcc210d76914bab2c93070d8a83137bb7c9c701,5b5b311b64efec9905ff3fad36db353b577323d844668f112ec1111fc5d9beec
flooded-stone-bridge/0270,flooded-stone-bridge,train,0,0,0,589824,0,0,,,,,,0.0,0.42226676665128443,,,,0.0,0.0,,,,,,0.0,0.0,0.7378964941569283,,0.708935028060602,0.1325202298580978,0.8787497115606492,d8aff7595858cbf04c9e2b85dc09bc865c9a2ad58b92c41e823fb4a084f4bada,fd6955216cc66b2eee2cfcf1242e63211c7bcc1bf86fb2ab9d8a15726ce917af,dc0aa0acb2ef7397926c6fa6b284f4075b04db250ac9d672ff7cf3825f89439e
flooded-stone-bridge/0271,flooded-stone-bridge,train,0,0,0,698368,0,0,,,,,,,,,0.0,,,0.0,0.7553420484833101,,0.0033154807447079828,,,0.0,0.40010634362862957,0.8440503652441369,,0.3320112882312562,,0.7983519231643635,f5180763e414fb42a131798a9a989ba50a68fa194643d48809aba9a9130498ed,2368f3e5da46a76defb9ae32ea5cfde760f7cd9dad6b26b038b2df07dbeee742,85bbc241f3cb4050f6019f29ba88b56e64b9c0e623f2f0418ea86c69924f5dfa
flooded-stone-bridge/0310,flooded-stone-bridge,train,0,2062,0,919160,0,2062,0.0,0.0,,0.0,0.0,0.413528199362938,,0.0,0.0,0.0,0.2443906731192257,0.0,0.7789119712471029,,0.2846392434026542,0.0,0.0,0.31742321282957325,0.9103188330791022,0.8395042110281264,,0.7694679054054054,0.7505719026440065,0.5722562838421508,244d2e5e9d27aab38bd91e338efee542e9ef1b32b81f5b1d04e493988fd9fb15,e7400d491f361454e85ea2bdd892beb8058b0cd329a928274504f090705578d3,c9ff15b8e74558b1a081f370bff4d809c655b956562392902428a0e42afad51d
flooded-stone-bridge/0311,flooded-stone-bridge,train,0,0,0,921600,0,0,,,,,,0.0,,0.0,0.0,0.0,0.0,0.0,0.9265642747790014,,0.05926860025220681,0.0,,0.17729368739068213,0.546373655309368,0.9045868081880212,,0.5787918410041841,0.08350236646382692,0.7003719228904424,3ec9872d416c77c2223a85177374f753b9fa22546177d378a402366f3a00fac8,1f576c93da65df63c0f97c19e0f4a5a88fa854a978139bb0b399a9b0722ff0ce,9fb00a6f2f0f0fc42e2b8e5734d4d70764121b87599b2b86d199ee7d3ac51d50
green-roadside-cab-view/0174,green-roadside-cab-view,train,0,0,0,2066880,0,0,,,,,,0.9534443241866684,,,,,0.7097165045241655,0.0,0.17270855282061104,,0.44360388624633135,,,0.0010224948875255625,0.9102712954413423,0.9797282028331775,,0.7781641624565317,0.770252574260224,,ac8756b81048f48af6d2c3fee710b8b43f34a4e658cde8c09bb9f690902790e5,1d89a374fa0d7ed2a6e6429295a1bbd6e07539abb712f5298181462289d6c8e5,22ffca34b374cdd29258384502a1530cca26a17fddec0e7c39d38eb09797148e
green-roadside-cab-view/0200,green-roadside-cab-view,train,0,0,0,2068190,0,0,,,,,,0.350245522923935,0.03816793893129771,,0.0,0.0,0.6385639090277088,0.0,0.0,0.5453830010493179,0.4448168079141559,,,0.0,0.9560614802582746,0.9855243499037863,0.0,0.5448626216370922,0.0,0.0,647d89550b9094d69144e9eb687405a9b548e981193dfb8682ee2e38bdb37aa6,f46c80584a147ea51bb34d9112360631c5f11d0019df6dd603d23b6e150c5218,6dd0386ee06488578586c738313538a696102aefde09df0d7f2794df1d4eaf98
green-roadside-cab-view/0201,green-roadside-cab-view,train,0,0,0,1982593,0,0,,,,,,0.6671443969346299,0.0,,,,0.0,,0.0,0.5350171232876713,0.5651977605201373,,,0.0,0.9154236313330898,0.9842144429139157,0.0,0.6225583339667098,0.49197578153960214,,cec5a4a2267098df2b64c119ce4e99aacc9014722b05125b92bd8da623cddee4,55581854220617568ef435d0ce1a25842c7ab9554e57da4b56132ea6a7b2c5f0,934b344a7e9d4aae12437a2765d8abd42a06410b40892de6ebcaddde7d021676
green-roadside-cab-view/0202,green-roadside-cab-view,train,0,42,0,2067692,0,42,0.0,0.0,,,,0.7557339736374779,0.07870154133582438,,,0.0,0.6604301167781281,0.07798275035936751,0.7936529281247899,0.35924490065641657,0.5978704637096774,,0.0,0.38573750269233026,0.8988730258735292,0.9849423564217201,0.0,0.323512585812357,0.5764384866131926,,318bdc8615a85a559ef35aac3c3b7f2506709bbb305ce03e4e8ea37ade4d7da2,0f3fd0d5280d3287ce8cec97acdffe99355f4a4f1aa7868d9c5c404b03adc696,510046530b5ffb8c7be9e4c7db5170c65491e434ef4852f62eefc22b52c60b00
green-roadside-cab-view/0203,green-roadside-cab-view,train,0,0,0,2067867,0,0,,,,,0.5603008235214048,0.8902511443770877,,0.0,0.0,0.0,0.7746496761356421,,0.3668398580173877,,0.21750663129973474,,,0.7610405907621024,0.9537955679749582,0.9851479051118265,,0.6483862770012706,0.7977974082577732,,18638926136c9e885bad8a5394a86973d90d5ed5638573e5985654dec64db548,e71b82e1e191ebb38f5c61ef1b0d128e6e5a11962065312506493cb014a6a361,b1b6f128961fff91f0228438187fdab3c2dc122c843db5f08b417ccfeea17426
green-roadside-cab-view/0204,green-roadside-cab-view,train,0,428,0,2067439,0,428,0.0,0.0,,,0.17497781005406277,0.8564313529217886,,,0.0,,0.25226038009688745,0.0,0.19057873485868101,,0.0,,0.0,0.2521192142088267,0.9168705137711459,0.9936030235563464,,0.6257840393708386,0.823090978402324,,cb34ab4d9a1966c9d974500a92359ca204a93a0c8283bcc59a5f16456005f1dc,f8a201f8055169f4e1fc3ed4547ed752839f649ac12fc2ace4db3701d27241e9,e64652ce6c029082bd1c30f003a0e01fc9d3775d15653f18bb5ec6e5d9d8a0e1
green-roadside-cab-view/0205,green-roadside-cab-view,train,0,0,0,2067867,0,0,,,,,0.46422215631024766,0.8198031215741233,,,0.0,0.0,0.595788431514413,,0.4151633349585568,,0.2083439652972697,,,0.0,0.9589711033499717,0.9885179324084175,,0.644969040247678,0.7607968913834577,,84c3ad934ba556452a390cf9a7615f786d7bada1f0ce3bec466c1ccd2a89b441,54f8b882502e1aba4a8f31dfe42009d9359e4354cbb6ad2a4af730894c4a64a2,d8a04227a6ec79661f4a1958943b937b25db279055d6e3d1b22ae0880e9affbd
green-roadside-cab-view/0206,green-roadside-cab-view,train,0,0,0,2073600,0,0,,,,,0.621200534179498,0.9265261690130508,,0.0,0.0,,0.8376410945252074,0.0,0.4969818913480885,,0.6835095313410472,,,0.4339437293770938,0.9593799892193159,0.9808510558676152,,0.7071434160081371,0.8885256917671311,,326099a1d7068b475af019e6dcf936e26aa1a539954a3f0fa5df1a5ff8428999,6cf8bd75df6f49b6f9d82d83a98a90658290b0098de456864106c497d525afa3,5ef7fda0d7942e5c41c1457d0926a81bdae5d787a555f1753eb4ed993da038d3
green-roadside-cab-view/0207,green-roadside-cab-view,train,0,0,0,2067867,0,0,,,,,0.499070586106496,0.636298414455411,,0.0,0.0,0.0,0.6716955507661422,,0.0559588626739262,,0.5669492608528948,,,0.045007363770250365,0.9115698707538206,0.9858145425854408,,0.7413834853499072,0.7124229666239551,,0a69c574d773bd2b02269bec42203fa65c198e4f1f50743335704b45db4b879d,12929b2c41df570afd935b15f8686b36c15ffe4535cbf298828b651dc6b7f72e,4bd812075c7c425eea69934cfea0bf4c6750f095e2edf6f5d309e002945f2c57
green-roadside-cab-view/0208,green-roadside-cab-view,train,0,0,0,2067867,0,0,,,,,0.011606022584692597,0.8103356484282361,,0.0,0.0,,0.0,,0.0,,0.6157150001470891,,,0.0,0.9809954188714087,0.982578635675937,,0.7224974593495935,0.8281636896323599,,3b8efe8aa3a6e136add1665ab904a06b78b874796e0c18912f3ee9f3ff74d366,dae9e0177528e83bb9056a8fb457e3d484018332b434fe9195634f6a0f23d72c,f566966a449a479d3519c44812f42dae53a142e38b3ee0cea3da557763baed1d
green-roadside-cab-view/0209,green-roadside-cab-view,train,0,0,0,2067867,0,0,,,,0.0,,0.6849239355966911,,,0.9528479119023653,0.0,0.0,0.0,0.0,0.0,0.45160623597496163,0.0,,0.649055910322966,0.9035567898180314,0.9737188318525752,,0.3329733506972017,0.6683147872408947,0.0,ee956750d1fd8c7676cd76b8db71bf93b9cbcedf8b4aaf4e538041ef501ade04,e9baf13f1df68cf0182ca0ed2887e288cb340e796f1b398ed5a32febcb242750,4ad9a9f1f4e78a0402c8aabd2bbfee875f0c259088c02a164be1cb97cb073c41
green-roadside-cab-view/0210,green-roadside-cab-view,train,0,0,0,2073600,0,0,,,,0.0,0.0529747017097872,0.645473013781365,,0.0,0.0,0.0,0.7353143255857004,0.1300788889621377,0.49506282811818886,0.26774570982839313,0.5225428263741632,0.0,,0.14914901909835002,0.8291119746213829,0.9858690973575335,0.0,0.22056730860449672,0.7299604357487399,,7fa10db78fee89d3d4e8282d50e5cec55c3943202f620889b50503ae276b1a74,6026feb523e6c808b7f1ebc4a15de86ec7be4191ea33e7e454205851f8780c5b,b6e8d2c5e1121a7a0b617fb2cf17b29d41e941539c252c8393268c82763e4bf8
green-roadside-cab-view/0211,green-roadside-cab-view,train,0,0,0,2073600,0,0,,,,0.0,0.06006823220188236,0.5768540854827735,0.0,0.0,0.0,0.0,0.6729841878162092,0.12000543164612826,0.13093721905903505,0.3340213216554794,0.4538229441600387,0.0,,0.2857793760288469,0.7061144162009495,0.9802019422817027,0.0,0.514037985136251,0.6082063679466276,,41f0cad9cf8e4e11e5a870a293f740a7bce70a66b0bf5b0e86c9dd1fa6396f5c,c790e550e0f15182c68acd0fa1c3df3839237fe9c736e380c9569a42ede21622,ce6c344870bd6f757b181b024a365efe7c78169b03b2c4e4ddce39f8e7dbfec9
green-roadside-cab-view/0212,green-roadside-cab-view,train,0,19,0,2053461,0,19,0.0,0.0,,0.3904103518567757,0.0,0.6536339071637891,0.0,0.0,,0.0,0.6728832665330662,0.19371474158071686,0.6704495782674157,0.21717944587628865,0.43760344586914474,0.0,0.0,0.5675750613958647,0.6104130751554665,0.9814392922331703,0.0,0.6543987767261606,0.7063598073960768,0.0,19490f9f31865422ef3257bbecd836b58a75e1200af558b47627240cfc9e49e9,e4afe2ecf4ebd828471240e23f7446384dc2ec9d184d5b7d3aee969d13726f9e,dd03d6bbf9a13fab5756dc6ea57d469723ba37f5004534ffefceff4ae0f6c9a3
green-roadside-cab-view/0213,green-roadside-cab-view,train,0,0,0,2073600,0,0,,,,,0.29740436127669206,0.6902334343198944,0.0,,0.0,,0.8716460465353087,0.6514191008908224,0.34572784810126583,0.0,0.35218633267413757,,,0.0,0.9558619848604953,0.9829474811976123,,0.6105283234789243,0.7490824718236178,,5229632691652545fa2f89ea5800c86d39d27545bb45654c44af717c422b95c4,4f60ce021a149db8b77724d1203b796eafcc96c75f291f1e5fb521ca6adfa064,981ed5c1887239ab55387760ebc7d6f369c46248ad26c50b16fbba3a8910ba8b
green-water-cab-view/0263,green-water-cab-view,train,0,69,0,2073531,0,69,0.0,0.0,,,,0.6438140795129539,0.5143899473044183,,,0.0,0.7170115399920414,0.0,0.8019600128759969,,0.617383625583449,,0.0,0.0,0.9250711966579125,0.9955915829215479,,0.7361570041053369,0.6478509362947819,0.0,d38268ad352c084c45d9c129d86eed80ec34068717620fc1685f07a6cefd1468,8529f0f311585470613e21978d79fd7cd6125e1beefccb98f037b4124151b53e,615593249591b9d17bc21a87259473d4cb3b9ecaabcc18d8db009650591ecce6
green-water-cab-view/0264,green-water-cab-view,train,0,5825,0,2067775,0,5825,0.0,0.0,,,,0.5695926702950328,,,,,,,0.11546840958605664,,0.9376363654152847,,0.0,0.2845166933955387,0.915207379771921,0.9464693717494479,,0.6337064233264419,0.561584999453731,0.0,7ac26e3576a11b28c401290cbed89e663ce03d2ae23dcbd062e1ece5d3ba81a1,da975b659994aec1a32dd22d6e772c441d1fe28b507d5d47bfe4db184dbe094b,459ab9d738cd4860eeddcc4482341c81ae2bcc0425d18ea61c7316121f4729a8
green-water-cab-view/0265,green-water-cab-view,train,0,1779,0,2071821,0,1779,0.0,0.0,,,,0.5268494413373027,0.0,,,,0.0,,0.01865221029883791,,,,0.0,,0.7397772050258977,0.9116761458681834,,0.869072463768116,0.23919652069719194,0.02826909313976076,021d832dd111da4e3fd13f74b2531f5a87481b14073f6b0ac4a5a1149c442820,ee51403528cd8ec8eeea2c81f9e4b41eaae0496ac53ebbdeaf38f6f511c45009,231839b26b6508834761d936cd104704dcb6186765e052cbfc666ff1d9aea19b
green-water-cab-view/0266,green-water-cab-view,train,0,7942,0,2065658,0,7942,0.0,0.0,,,,0.7040942403060102,0.5330121109519469,,,,0.0,,,0.0,,,0.0,,0.9656423439315063,0.9179486379380285,,0.8453212938338797,0.5161178051941817,0.03183414285413907,1b57cba93cf3601d156721ce3f759bba69f41268fe5b975191c86fbff322be98,b57e3716ffe62a58f7111bf46af37413badf80d0ecc178d2c7b52919b30064bf,8be5116ab933da1e60dbf01c74eed5f7a9cd546e2f4fe1ec9ddc1f676f57b515
green-water-cab-view/0267,green-water-cab-view,train,0,511,0,2073089,0,511,0.0,0.0,,,,0.6418687184992992,0.0,,,,0.0,,,0.0,,,0.0,,0.9763139012817712,0.8804039337337469,,0.8406284744572532,0.5111786110768471,0.0,9b17276ea65c583df9303ed986d88d187c963d9ed6bf0b5700396e0de25190c4,71df9d1285b9ad09eb96265be443e2d18e28a00ec69a0f759a6d3989f1f4d48a,39845c8c4f7443e1fa20cfbc9ea3272d99c9a5d1ace98c8d30cdb211ed7d6953
miscellaneous-flood-stills/0275,miscellaneous-flood-stills,train,0,452,0,249244,0,452,0.0,0.0,,,,0.21523894728994258,0.0,0.0,0.8613730443177761,,0.0,0.0,0.43935643564356436,0.0,0.0,,0.0,0.0,0.5940308203110902,0.9439275957106236,,0.400804505229284,0.2638961038961039,0.05500660079209505,61c2965c3c11954382ff9e9e06c34ffa4996a9a48b46aa7f5490049b85765bca,f4155b4c85702af56db693f3f999b74f08d30680a34733c864fb141f6a3f8c60,38c2ef1d7419f2b84e615475f95e077486ac01caf0e83e3d9e600fb1774bc47b
miscellaneous-flood-stills/0276,miscellaneous-flood-stills,train,0,0,0,920880,0,0,,,,0.7209999400515557,,,,,,,0.0,0.0,0.0,,,,,0.0,0.8735731590673486,0.9810263489716944,,0.5606001048218029,0.0,0.8532165182609395,85d7d06fc795f58f6e51ed5e91c5d5d8ab1f41194ab44f3471da41bdadf45973,b9c514a9abc72bf370a67587f1c41ec3e1c7769276c383024395b7a22ca7be38,e7e0cdde0a358e10a5532cf14ecc7cfcc2f45286651c04bb7c2d877de3f87f0f
miscellaneous-flood-stills/0313,miscellaneous-flood-stills,train,0,28617,0,2044983,0,28617,0.0,0.0,,,0.0,0.25876881232255916,0.2087710843373494,,0.8594654298331258,,0.0,,0.0,,,,0.0,,0.10151406287083486,,,0.7007995742362229,0.6355908186847878,0.1749644679163986,74272d0a74c881e4e18e9bf6000c065a51519bf7c05acb3c8e912f075c3b5ddf,c3e7c0a88b0198168b7659a591eafc02b94abdbacb436e871eca4779200bf186,f91337982ddda3f0a684b58be3df31768d9d21382e30afdf838cfd08bf400b29
miscellaneous-mud-cab-view/0173,miscellaneous-mud-cab-view,train,0,0,46297,2027197,46297,0,0.0,,0.0,,,0.6301519156989374,0.6524481290811437,,0.0,0.0,0.0,0.0132113317814868,0.0,,0.6122733612273361,,0.0,,0.9374514289864546,0.9950981783472567,,0.6185060868693953,0.650046042856578,,f0ca7b2f878f2a5e167e558097ca517d126cb474aa25f5b0ec0fc4d6b1e57432,b968925b81e441c3dc638759e4923b6ad0ca44e3896210a4c69b136305b9eb89,d3c9cbc72d27ea0570e68e4e0df7abdfc69caec57b09ca0414ec4755521ec59b
miscellaneous-numbered-cab-views/0013,miscellaneous-numbered-cab-views,train,0,40028,0,2048932,0,40028,0.0,0.0,,,,0.9170277813226506,,,,,0.0,0.0,0.09598383430159131,0.0,0.0,,0.0,0.0,0.8694027996355504,0.9462379039192084,,0.6499091304681701,0.6886902068457745,,cdc7c624979074f91663aae6c612b6f6c370af9ca88a91ba076c2bad37e6c319,5566ae6fabe4c0bdb27e7217400a18101ccd23bbecd3e8cc415f9ed41cca7115,2b6161e85f9428b4f3dd05257eed7ffa7f451d3978211c7ae73d5dc505d36253
miscellaneous-numbered-cab-views/0014,miscellaneous-numbered-cab-views,train,0,2158,0,2086770,0,2158,0.0,0.0,,,,0.9191893092171666,0.35058807013165283,,,,,,0.8888836437449843,,0.44063079777365494,,0.0,,0.8537573695901018,0.9198361375872179,,0.7034924703620634,0.6731453886427708,,00a59e617c6d81492253ece8ef06493164bef224314ee99156bc01663f8ccd38,3ba891a877a2984212cd387b6a1eca2332a40b2a757b57c0248ffa03807c605c,7914b009dc4710c8ac76fb6a6693721f0591abb7bb883c7db09433dff8a441de
miscellaneous-numbered-cab-views/0022,miscellaneous-numbered-cab-views,train,0,0,0,1931319,0,0,,,,,,0.8440852275015776,,,,,,0.0,0.0,,0.0,,,,0.9334514560580818,0.9756114786129617,,0.4764795144157815,0.7409348246899982,0.0,34431340589d77bf879a5d44b35f1ba4ee67944d06302e41751f49b52c7cd6bd,601f45356d35a2626927e94aad629de30fc2805b197f3f27a60dd2cd87622d80,47fe72173b24d6d15920f67d799f081ab3e20b4204736ff7f211166b1f8075d1
miscellaneous-numbered-cab-views/0023,miscellaneous-numbered-cab-views,train,0,814,0,2087059,0,814,0.0,0.0,,,,0.8377872639026958,0.45549592948774714,,,,,,0.9050263997952669,,0.054945054945054944,,0.0,,0.893408811130784,0.8980203635185136,,0.7285084058662216,0.5838793867175341,,4dbdaa16ac641963e653bf5fa8dce1b9b05b89b3a3d10f8da2e3c9c38deeee7e,03b59830b108e9c2dc87a79168457ed2a8be69f44abafae8f6486184598ecb19,353214d7199d7f53d5c6199e70956fcb428f2b1bee71ef5a4781838f253ad720
miscellaneous-numbered-cab-views/0024,miscellaneous-numbered-cab-views,train,0,2074,0,2085665,0,2074,0.0,0.0,,,,0.0,0.2709337112265785,,,,0.0,0.0023407022106631988,0.0,,0.0,,0.0,0.0,0.9503717428366786,0.9956372183376353,,0.5103812921807162,0.38713943429691633,0.0,35db7be7064f509351e3627b33430eabc718080e493e83ad1551491d62e1f113,e3c3c38776bc33b723f23e1afe17f11dd1b9be409c25e6ae796447766a6b56b2,505927f855ed277e725cbe2cbfa700a06db3823c666517624e07057c58a6d400
miscellaneous-numbered-cab-views/0030,miscellaneous-numbered-cab-views,train,0,24,0,2088936,0,24,0.0,0.0,,,,0.717096928285115,0.5391175906067712,,,,,,0.8502701205969164,,0.0,,0.0,0.7626126666158055,0.9585642945617389,0.8788878623905679,,0.7737571760107488,0.6720548867010928,,a88a70e7bc9e1730883e2cfef16954b7c5a6ebee797dfe8205837e1e2f9cc290,d0384c853c39b8e3b218a40e21a03110e8eb9368264b796d43fe35330caa8f52,30d8e7355ea60eec85e75cc02f782edb9bf90a557ad6fcc740548ce0f98e9287
miscellaneous-numbered-cab-views/0031,miscellaneous-numbered-cab-views,train,0,0,0,2088575,0,0,,,,,,0.46684293459391607,0.517728794441978,,,,,,,,0.5537725659620429,,,,0.9719082675301269,0.9810905352093787,,0.7509905813575837,0.5008919481829475,,582a1052402234b092c9e8f0eb985ba78c3b1068c2ae8c12c805aadd11584b0a,eac752094ab94f349e6d48690930d8ada3181efb518c33f473c5388d2ce23c74,037bf4db3a0340c266e96fc86be105bb971904bfcda58fcc6e0165a78a924a8c
miscellaneous-numbered-cab-views/0032,miscellaneous-numbered-cab-views,train,0,322,0,2088638,0,322,0.0,0.0,,0.0,,0.1121079451661523,0.41463549134223004,,0.0,0.0,0.7518355359765051,0.0,0.1424877235662477,0.5554805773970192,0.32854756422411846,,0.0,0.3260009251169245,0.8888253768399451,0.9456611004653709,0.0,0.15213880776498884,0.5050099475492856,0.0,1bdac9a6b7ef8988de21ddaa678ad8a54e0a98f75bf8ed86e61e0f50a7a6c16b,1fe12468826aec7019e49ab44aa6f832aac76a9576018cf252bcfd26dfa6c329,8cc0fa31cea7b403abc484905eed5c96d7bd1acb95dcbe0873c112531e64c351
miscellaneous-numbered-cab-views/0044,miscellaneous-numbered-cab-views,train,0,17,0,2073465,0,17,0.0,0.0,,,,0.8369752362025988,0.5366697765166325,,,,0.0,0.0,0.8462904899179577,,0.47658510918179425,0.0,0.0,0.0,0.7734349190054033,0.9779243948696519,,0.8192037740191003,0.6459583569864569,,bb02fd705ac7b08fb3ae7c618b46f5a9da4ef32b590259233156f5fee831aacb,d3844dea10ab96975316c1574eadb989106b149d9b1fafe094beae7e9c50ec59,f3c466c626d7f3d95d2e84cbf744545fd676f033bafba41243a7ac6d66022496
miscellaneous-numbered-cab-views/0045,miscellaneous-numbered-cab-views,train,0,28,51220,2022351,51220,28,0.0,0.0,0.0,,,0.6616632308308996,0.020021308709935185,,,,,0.16026666666666667,0.4721946774582585,,0.6307820200700671,,0.0,0.6687865835865218,0.8783304764799081,0.9866457446793894,,0.8201029033443586,0.8444550489361604,,8a2c09c50911afe45e05157fb8602cf7345aa5cf6f005c3b76f7c0d8b50f36c3,a820d863d1b63b281c0ec5f7e11041e0e68f73f39d613cc757bc489e1e03b351,f63b1a9b172822307e83a704c9f274352e3c7e7067922e53ec1daf45281e11cb
miscellaneous-numbered-cab-views/0046,miscellaneous-numbered-cab-views,train,32034,4641,6631,2030294,38665,36675,0.7397127418833418,0.8734560327198364,0.8285012285012285,,,0.7346937315312351,0.025271703548513814,,,,,,0.0,,0.5140628995141907,,0.7397127418833418,0.0,0.9779518922679287,0.9834346761871119,,0.8459278655022113,0.804454776929038,,a1bc04fa20bd623f99bbac759e22dbd90554263ca7b217cee49ddc9fedd59da2,550d403c2cd02d480d3ae049a478b103700ae04d047712fa0e5187f9b0fd5068,725e5f973ce8de2a8c394505b59ecbc3327cfbf8b65e0e419e1e37a6a4531b4b
miscellaneous-numbered-cab-views/0047,miscellaneous-numbered-cab-views,train,0,0,0,2073600,0,0,,,,,,0.8567093295385381,0.008385413447242656,,,0.0,0.0,0.7965552870500022,0.1942283126233887,,0.5898859392348844,,,0.8497883277895374,0.0,0.9882941402801982,,0.6966761965886769,0.827815107993054,,b74e6210f53416c45a93c3fb1a022de2cc33ed02723512634c739624b649276d,52518430666be87ad030da35871a2439ebbc09260cee1aaa6bf65be527c77193,ec00949efb327a20b08edb56d5beffe86a558b5e09e8bcd8f1aa39f06715b9fa
miscellaneous-numbered-cab-views/0048,miscellaneous-numbered-cab-views,train,0,0,0,2023939,0,0,,,,,,0.6327925553817014,0.6622359917382904,,,,0.46766524013314315,0.0,0.5535829567462879,0.0,0.4573389651531151,,,0.6163853827419622,0.9246543061514462,0.9938451200720503,,0.5873191318327974,0.7521260630315157,,f912ea15971bc82b19029b9aad152ec1934e74e2a32d29934c116cdd7409125d,207a7f72a12615e89d5f214f068689216c6d434bd46045ce97046eadaaf814f5,51f09917c9f89f56a7b7b4baf6ac5dd8018160ad019206622f6922685eb4af9a
miscellaneous-numbered-cab-views/0049,miscellaneous-numbered-cab-views,train,0,0,0,2023841,0,0,,,,,,0.7454767842676282,0.25213599145603416,,,,,,0.6330547317336209,,0.866055672567883,,,0.0,0.958211905683833,0.9936513331593418,,0.5215442452284558,0.7575095681756678,,18e4e59e4f1f16790b92171327c69eba67d5364edbe5a933d052ee78b21f9557,d8c2a5b6f12b75c02efc4512cc0c2efdba9b29f877cc7842dbd1070c4cc562b6,006f7d39441b000cf2d1a6ddad478f3c36d8174adfd8b9f8eff301966d3712b1
miscellaneous-numbered-cab-views/0050,miscellaneous-numbered-cab-views,train,0,4514,0,8207109,0,4514,0.0,0.0,,0.09742714303133765,0.0,0.7440321809333595,0.12878343790083402,0.0,0.903852552202676,0.0,0.05071482368357949,0.6722788042199345,0.607891711496439,,0.3910665136625223,0.0,0.0,0.27952823691460055,0.6723376168113617,0.9233985482813413,,0.8159875474905531,0.5572666810015645,,33fc6fbed915cff715396fc229a8e0da423ed1d84e76cec2dcc2a28d124be983,a9c086f93a23a8995da1495bf54ec1a377ef02d5932b137a3002f7384f45c4b8,1af637ff34e49b157849da9fa75ff67c50e00f5e02224fefd24814a4b6f30060
miscellaneous-numbered-cab-views/0051,miscellaneous-numbered-cab-views,train,0,798,0,8211654,0,798,0.0,0.0,,0.0,0.034416591362941645,0.7832967309707836,0.2101141659072893,0.0,0.0,0.0,0.29414187498019834,0.31673791068412815,0.6750575691445814,,0.3687548836419229,0.0,0.0,0.669089071204758,0.6862801616858847,0.9457471119640382,,0.7652315118021227,0.7302467411458343,,a29169723725172c5b690fadfa30cc7cf76f7eb2328590890c3c828f7d3f20bf,f19c28ac63b6c849df2da22a96db0a6b720006896d82875ceff69a43205d2023,a24a8fa57a96f03153f4b50b961317e6a2319f73afcaaa7780bdc98b434e6001
miscellaneous-numbered-cab-views/0053,miscellaneous-numbered-cab-views,train,0,51927,0,8067857,0,51927,0.0,0.0,,,,0.8657197370416625,0.293274244004171,,0.0,,,0.034478123922558626,0.09307038589906524,,0.5457293456522352,0.0,0.0,0.467226295294956,0.8400158392303692,0.9054192192095376,,0.6803837277704874,0.7560239652727675,0.0,9e09a858819a1882bccc4f5b7cd52bca20f66b1052a3c5191dc459062ae69e81,70a16c903d27ac00306c86f14141f728ececfc9dc4e320ea99148e50ab77339d,71c23db18d075554866eca052451cd2671c0012e19a4c781044565e054110bd2
miscellaneous-numbered-cab-views/0054,miscellaneous-numbered-cab-views,train,0,0,0,8175654,0,0,,,,0.0,,0.8402447770647243,0.3818588218328647,,0.0,,0.0,0.0,0.3241808244538396,,0.6448236667020293,0.0,,0.0,0.9710127328978828,0.9684224588545056,,0.7028321390998498,0.8832393709191605,,ac828e814ea477c826e95def13cde08680d0a05dbe64cde8303472779d31fce8,ea34de2ac35692d4e015602569d70b94968ad6bdbb3c7aaffedafab451351ee1,57946bc85e0a5312b75364cf19633c5f448686a086833fdc02dbf627707455de
new-unmatched-2026/0175,new-unmatched-2026,train,0,9777,0,2063823,0,9777,0.0,0.0,,0.70314374850012,,0.8526819531170028,,,,0.0,0.0,0.0,0.7308761416555359,,0.4275506698728959,,0.0,0.02661119397126933,0.8439160442036518,0.9489065318428987,,0.7593402699947216,0.5503097076204886,0.0,c81bc0c590d9bd6563e2e11176cfe441dc0920a5f9cdbbea9d32b36a51347b86,e567f1deccb42140b8e6f7f671b1b6b71cab015fd5065dba841e709332e19b53,8f77aa16ff187fa61c39b132adf801a7aea6ce346523bef04aea2563ce033ae6
new-unmatched-2026/0176,new-unmatched-2026,train,0,0,0,2073600,0,0,,,,0.0,,0.8868030991572573,,,0.8696807623982588,0.0,0.0,0.0,0.07373965387509406,,0.20311313591495825,0.0,,,0.8245535707729295,0.9774339518626705,,0.720483107185138,0.5766405958242509,0.0,fdfba692303712b2119a1d725763d74b54fa20defdb3415916105955f503bd9b,bf61db99763dc894604525d3f039b209cb136d83f1cd35b7655768228102fad0,bcfe1ca01d0d22cfcc7a9eabea0e1846d472c3aeeb12860c95c3676c292ec9dc
new-unmatched-2026/0177,new-unmatched-2026,train,0,0,0,2073600,0,0,,,,0.7210405508798776,,0.7904577691811734,,,0.0,,0.49677365982792854,0.0,0.0,,0.049466950959488276,,,0.0,0.9783444832489172,0.9938693109056498,,0.6602101116217991,0.7820103053660429,,92fdd6e752f0a8493a8a0114320f0d3adb209985cc28a17efef842ce5c887b26,4bd80258418635ffe4fd02e59e7e743a04d3ef8362742a3493154f57d54ca4c1,0b0e9d0a02048a463ab13adbd0893b0405bf251e28116ce6051c4062f77edb51
new-unmatched-2026/0178,new-unmatched-2026,train,0,0,0,2073600,0,0,,,,,,0.727342284347986,,,0.842123376413047,0.0,,,0.3937484359715176,,0.3596547314578005,,,0.0,0.8520475210996294,0.9715060889348801,,0.6717452482007751,0.7975373464408521,,bcfbb199baa79a77d97dfe9e368490306a1c84afc0dabca15e0dae262f2a945e,c0720faac0cf1b752740879c16180ae323eda041ad52f9878faa4a44fe5fdf85,79cb2e4d430c46ad38a83cabd50fddcfa4b5d76241287e92673cd58de0755b81
new-unmatched-2026/0183,new-unmatched-2026,train,0,1662,0,2071937,0,1662,0.0,0.0,,0.7406268373207906,,0.8120554296854418,,0.0,0.8794838316237178,0.0,0.3982635796972395,0.7656260367593392,0.6044090310080902,,0.6686456312976016,,0.0,0.0,0.8381303507006096,0.970769593963573,,0.7359219117695801,0.811066034841305,,60f737c273e283351acc6efb1ba0704e0827f47b77fdd8695a5bd891f5dbab4e,291ed9200b9c9d9d1be97ae0e9b2cfb2da0843377519c6b9e5e806e193e1071c,9daeb13f2bac8e4846f233b98e4fccd128d7433a420e0e700421a563d96513a3
overcast-mountain-stations/0214,overcast-mountain-stations,train,0,2624,0,2060373,0,2624,0.0,0.0,,0.0,,0.5790969330295173,0.0,,0.3863493916012881,0.0,0.5848252313514258,0.0,0.44060985570378436,0.6606908167561981,0.7074965387427469,0.0,0.0,0.05250051877982984,0.5223999277130207,0.9505197263326517,0.0,0.4387055821123677,0.4749754364333426,,fcf5289b197c7f0a48d5f375c13e6c090599b238c68ce299010e0babb86cb7e7,d66cff571333e436c6a9212058e636e2420673e9fa861b9fb9c61d3cadc245d5,cb71fe94ff8241f84d117598ff675c1395acec215d450bf937fdc5ebcdde5916
overcast-mountain-stations/0215,overcast-mountain-stations,train,0,0,0,2072956,0,0,,,,,0.0,0.8522216099142627,,0.0,0.8501493252709977,,0.0,0.047531149053991695,0.5901187140119372,,0.5166410489664042,,,0.5943415781954676,0.5928755921766296,0.9672874804865221,,0.6372544256029024,0.7335705194955455,0.0,a4ea3527469f92f7e01c82dbad4e004af29e5a534ebe1ed94e96185736126eff,854429faa83f8da4db49e7aad63e0ef178c079e045e63a5be44bdb3fcd0af9f4,d8501c5288e8bb59cd7201b5d54d8ad93d8a335dd7702243852431b90ee1492f
overcast-mountain-stations/0216,overcast-mountain-stations,train,0,702,0,2067415,0,702,0.0,0.0,,0.0,0.019074203303093742,0.6982775581748913,0.0,,0.6236815638136008,0.0,0.029784654313503255,0.1498655706295003,0.7212711584963728,0.0,0.5260891065418175,,0.0,,0.9645564604940808,0.9734269591073312,,0.6245097586859226,0.7528042056524389,,39f23d5418cbc5c465dddc13feda5ebb78e7eb06be8eacb3a5acb0256a95f409,484d599c7a9c73383e03fb6ad49561d2771579ca685ae29f0f30e4be25d04b96,be0af50e12c26d2f64937084523e4c02419847bb672175c55b1cd19992f8ade8
overcast-mountain-stations/0217,overcast-mountain-stations,train,0,0,0,2073600,0,0,,,,0.07013815090329437,0.0,0.8260249945187459,,0.0,0.0,0.0,0.0,0.9088838347171135,0.24316617351710182,,0.6180846468883188,0.0,,0.2926372175602058,0.6971365254617626,0.8708469859508955,,0.6759894459102902,0.6931564666867651,,014ccb7933ce4cc405469bff1fb36825df54553c505c185a5c2b9ca46750aa01,aa3b2a2139a82a89c2ca14efdb1d56c34c50fe2cbd36c733edc6aeb721cead1e,e3e0e4a859bb1a51548b306e64b8f3f3222dc1e606c27528fe66aa47f1c40eb2
overcast-mountain-stations/0218,overcast-mountain-stations,train,0,0,0,2072152,0,0,,,,,0.34258378559838865,0.9656277466026638,,0.0,0.0,,0.3957289169753759,0.47897124234817456,0.6063936063936064,,0.7738125157074642,,,0.2721107793606458,0.8565229498933412,0.9687844351644129,,0.7206780374815751,0.7966722654973002,,7d192a396ef667bb5f346b4419b19250547fc8d398f9ad1541087e3b71df732f,5a08d87d4ef25c8edc375b184d40fb21715f14fe709bd157766f55da6db5be90,70a04a765633b2b306e33cf96384cb95a9c86dfc116d848d556015142555aa71
overcast-mountain-stations/0219,overcast-mountain-stations,train,0,0,0,2067823,0,0,,,,0.0,0.0,0.36305298293451177,,,0.0,0.0,0.7875384826314018,0.3444157758938445,0.906219619462062,0.11727953319387867,0.36096730092561463,0.0,,0.5702019241109466,0.9012881688176184,0.9958035608693496,0.0,0.6687626558669935,0.6531406817788544,,217eb3ce4240bbab2cd912c73d871881db741d3f99a15000d1343139afbeb72c,5dd19a743ac1e5e12f6fb63c62e75e423f24b6825f5013be4daef1327de5b91c,e7b4b40ff1667d35340aa6fd415535a5c0556006b8f2aa0ef744b7380f71e42e
overcast-mountain-stations/0220,overcast-mountain-stations,train,0,0,0,1926688,0,0,,,,0.0,0.0,0.9291763648985258,,0.0,0.9195756197050517,0.0,0.39792536478285195,0.10467842217918663,0.696655239507088,0.0,0.6339840085764059,0.0,,0.0,0.9275825972524077,0.9852964959568733,0.0,0.7520159989678086,0.8070190393787374,,b998518e2d97c634c8c2c846bf7f07e5ad02688387f15d657cc9646d080b722f,a78aeb5c9b6e22817ec40a0d14a2e3b3369a6697165133d9a00b6e867bffaa90,72fc447f2d9f434217fcebcfba60e5ad3f7c4e183e8f552460161f85a57af8ef
overcast-mountain-stations/0231,overcast-mountain-stations,train,0,0,0,2073600,0,0,,,,,,0.6617057526558429,,,0.9677283237969855,0.0,0.8483589396721101,,0.008994603238057166,,0.6511355336243652,,,0.1579887218045113,0.8808794202052629,0.9120607695192993,,0.722390141827482,0.8355413105413105,,27cd78cb2b58647066724fd485237e2568caa02d648e8186d42928145e8c8070,e2756ab550685eb2f70de905f8a2f1b99510c181fc397402f3f807c8450880f1,d1685c57db4aaafffc976bfd1dcc3f840351d5616c7be90ba9f8b809ec6ed0b6
overcast-mountain-stations/0232,overcast-mountain-stations,train,0,0,0,2051786,0,0,,,,0.0,,0.8561690299310049,,,,0.0,0.39864267450474344,0.0,0.43254679103094695,0.4430261519302615,0.24439746300211415,0.0,,0.27985217181128513,0.8881746598656097,0.9740770323463156,0.0,0.784743087029587,0.8594691672641315,0.0,77b17d1922889f7c1d3d5c9eb9eb7abb5f53399f38433a493e4e0d9f6d369bd5,3315c387c153f722bf32fbe0bc5bfbdaa858f63464cab9be2c8c073d479522f3,7517216e80ad2700a7c0e9b203cb6dc23337cd20c2e4e00a127a2e3cdac920ec
overcast-mountain-stations/0233,overcast-mountain-stations,train,0,18,0,2071877,0,18,0.0,0.0,,,0.0,0.6465212759993273,0.0,0.0,0.0,0.0,0.601180731259612,0.0,0.7122163406760349,0.26704930190565246,0.3757424728613368,0.0,0.0,0.2721667370000469,0.8488114130845494,0.9766363334878642,0.0,0.6119141480508103,0.6588047636008858,,ccfe0f6097d8c9ab6aa93e8322b418afe7878378f87ebfaa7638f12f8605381e,3b67554f9922cacbbdfd34af50631afad68cbcf60e66ebde1584c6133fe36a61,e7c74ccdc46f3809e9e154efe08869eec0937d1c30ed088adc4192300244ef01
overcast-mountain-stations/0234,overcast-mountain-stations,train,0,0,0,2073600,0,0,,,,0.0,,0.9587686796494986,,,,0.0,0.5095297443535884,,0.06204703446235764,,0.6439237307603951,0.0,,0.4873206211912719,0.9674371086422461,0.994275009366804,,0.8010474060334952,0.9083401843913325,,709cbea54e2cf9800bbf3d0c032a4ecbdd34ac081630e119aea5e897a39808a8,9f031a8f85e736e4469eff85abe294ba9b7cd9f12c496873f486d04a6bb80267,6c6c6053549592a6a7b614cbea61bd3edec2e000be8d7f38d3fa52f067a525db
overcast-mountain-stations/0235,overcast-mountain-stations,train,0,5318,0,2066069,0,5318,0.0,0.0,,,,0.5312328832368841,,0.0,,0.0,0.6364266625176181,0.0,0.8173271241542922,0.24152444649446494,0.7176741693461951,,0.0,0.27737986174731405,0.834170349786945,0.9753903408411323,0.0,0.6221294878759445,0.5961391852368654,0.0,468c69f20ee4665d35f34a795d6f47eaaff96dedee7864164a769f063403427d,727abdd8767871d43483380b4a639a89408335f221c2798f071ede7d71cbcad3,a70184527172ce319380b17281fda2cb17fbfe763686ccfed5ae766d8b9580be
overcast-mountain-stations/0236,overcast-mountain-stations,train,0,1826,0,2062660,0,1826,0.0,0.0,,0.5871896162528216,,0.9123472397808681,,,,0.0,0.5903985459526381,0.03741547708489857,0.864139678129453,0.4204769412692156,0.4948086595232889,,0.0,0.4600159540010815,0.8374950656199623,0.9811078877467538,0.0,0.7124645892351275,0.8926982311231485,,7d0f48496493980d7a6b226310064c37f280f0d3d8723af88c69108db233c6e9,357469e787079530c7c4af0fe3afad136d2be00a3110c53be46d1dbb7f58abff,452fbe68aeb51c0b2252f4f86be6d1dd30d48730fcdab1eb40efb48bd28f853e
overcast-mountain-stations/0237,overcast-mountain-stations,train,0,595,0,2057801,0,595,0.0,0.0,,0.0,,0.8698124857820675,,,,0.0,0.6291785429987418,0.0,0.4847758011859551,0.20156549992615566,0.3258148279705547,0.0,0.0,0.48000144133756123,0.8659266256410484,0.9792887069783156,0.0,0.6957846204511774,0.7211667651958941,,d9eebb905aa35607b8a9ee3cdb0cfd1d4a4e368e77135f92e804f42440f333cd,b1eec86e60b77ba128bbba833a23764f54d112d408858a88b1250f02d7da05d0,06ea3c65cd228be9dad4827797730e09192b32c03e1eaa34673482b13d9abbee
overcast-mountain-stations/0238,overcast-mountain-stations,train,0,0,0,2073600,0,0,,,,,,0.7324326939358022,0.0,,0.9136959308423294,,0.024867014408924238,0.2795640326975477,0.6435003515775626,,0.5906546415798476,0.0,,0.8141681520405565,0.7554879541043693,0.9866998131117163,,0.610213556174559,0.6487603305785123,0.0,38d3daf79fb1b3f1c4c8c5bf74635d5954f16b3c5be5297e9e5ac9b077259d42,0bd106de9c902a9bc8006dd281b20d065ef8b5bfdbd81729dc77edc4d0287715,c172ef715e05be81748dc14867b09913cec4a8b4715e9c83f7872638ba58c3ed
overcast-mountain-stations/0239,overcast-mountain-stations,train,0,2438,0,2034994,0,2438,0.0,0.0,,0.5987996902426432,,0.9332684404066623,,,0.8865823337308361,0.0,0.0,0.8264609114207199,0.6590673175592714,,0.45674581646705337,,0.0,0.3611308969371541,0.45285369863821695,0.9629320798734221,,0.7188232441606724,0.6420321140763547,,a48c958611d90e4471af958912e453f589b8b5533315c5d59ce81b77a46a7bfc,7b59514cf69597aa4f2cce3764a3d0af51710e328dc3d85c3976e4c563c3ecc1,8b526e92fb3bb9e30f86960cf38851c71bbadbe5fbb3e8de4f481028b80562c7
overcast-mountain-stations/0240,overcast-mountain-stations,train,0,0,0,2073600,0,0,,,,,,0.8013564575527844,,,0.853853271645737,0.0,,0.0,0.7681955124211082,,0.7140863829517347,,,0.17990654205607476,0.8911587242686252,0.8185169077456697,,0.6993597983937685,0.746979503420486,0.0,8b51f499144ba83986ae26ea615d1f3e8da062613143bac5e635ab5684f8c914,99709ace9ed244e7aac8df6f8691255f3bb94e3107826bf9d3f678400c6ead23,dca28f80c9d071547c0a90a924158adcfd342711b0e82cd9e3548b4da86136b7
overcast-mountain-stations/0241,overcast-mountain-stations,train,0,0,0,2054583,0,0,,,,0.0,,0.7750721934785224,0.0,0.0,,0.0,0.0,0.0,0.0,,0.6738623534749258,0.0,,0.3998647974587173,0.8207281525710186,0.9255939258250893,,0.8134203030331146,0.8985770878809928,,3625a2c4d4e9f8f3e0165e6dd90494d2791acd79e6142389e4a17e9e72601af3,a18c6013db023e74d3f18197e3c928119a026a0643711724bc334d3c6663f66b,64aace6f9b068e9792228a6982f3ca5558e2c698dcc0c92b93236d6c99c5db04
overcast-mountain-stations/0242,overcast-mountain-stations,train,0,3077,0,2061647,0,3077,0.0,0.0,,,,0.8956989431786989,,,0.589267744422808,,0.0,0.0,0.010332207207207207,,0.5779976418721484,,0.0,0.0,0.8674731974253285,0.9645181558799683,,0.7556902294596595,0.8432063869583665,,ded050ca71f820d730759226ffc1d2274e07ef4601f63b34c13120c7ef05161e,eb2b02a061e3cd39e085fb56063ea4abf4c835ba5583526332833e0723c0d442,44ebd949603dd7a273c95206b9053500d59bbf27f6843bc452ccb3ca479bb6da
overcast-mountain-stations/0312,overcast-mountain-stations,train,0,2605,0,2070995,0,2605,0.0,0.0,,,,0.6910938643414448,,,0.19636363636363635,,0.0,0.32034082668600433,0.5710452581089424,,0.6862247388460412,,0.0,0.0,0.5149396716897106,0.88102903905225,,0.7735992656001129,0.7681423065960016,,5443a27572d1805ca781a25437ef08d1d27ac70239d96cb52f50717ff14822c3,b7a584f428c50f605f7f6cf81f78b931a71df4e8242a20fa82991bce28e1f9f1,6fbddc91b8991758b71643fb011202a4339de15f383d6d97ccc9b34173fca682
rain-water-cab-view-with-overlay/0268,rain-water-cab-view-with-overlay,train,0,0,0,2029558,0,0,,,,0.0,0.0,0.620573751270226,0.3872095866960137,0.0,0.0,,0.1116206290914897,0.0,0.9111576327009527,0.0,0.0,,,0.0,0.7573521195568849,0.009253659126648118,,0.62388936104458,0.5816038969213934,0.0,7a53e1b4c0a64e0b30e58ab9db89fcf98ce95254700008d25f5394d06f97a292,23a6618e87555de6cbd8e26e944af51a428323c138f0f4bdd425e1c41c6ebf5c,f438a2686599fdd41773fb9ce8bbcdf7c29760446e91f3d9323e1e191ee39fdc
rain-water-cab-view-with-overlay/0269,rain-water-cab-view-with-overlay,train,0,0,0,2054769,0,0,,,,,,0.9536771201413428,0.2849441663457836,0.0,0.0,,0.37907478755089213,0.24122500349601456,0.6730135481508605,,0.28961937716262975,,,,0.9348908164643042,0.9902424576088248,,0.6823230532907952,0.7795932463545664,0.0,1100c1ea54949235b635d2def045d12f73d290500eb308c1ce83323f8600862a,abf7569acfa9b70797209bfc372ddce4a802e55f69e55594dc883d24cab15bdf,7c6511519377c1ca907864a9510ae87dae42b1129e0460687059e72bd8883072
rain-water-cab-view-with-overlay/0277,rain-water-cab-view-with-overlay,train,0,0,0,2032606,0,0,,,,,,0.527297407861951,0.7920835444559906,,,,,,0.0,0.0,0.0,0.0,,,0.9807893586884037,0.8915853304986471,,0.6778362482587835,0.0,0.0,ca57dfd0f80377755014a88660f5a17884651b8fc20abd7455c72679bd8bb09f,5542b12fe43765140207071f9c0e4692ea5687467fc0d4d502d4e96bd01a76f5,d358042e6e0189f1f83d9858de34b08154dded8462ac0f4790fc7b533cd94580
rain-water-cab-view-with-overlay/0278,rain-water-cab-view-with-overlay,train,0,1278,0,2038281,0,1278,0.0,0.0,,0.0,,0.5660339937724361,0.7711896142803645,,,,,,,0.0,0.0,0.0,0.0,,0.9839791152029826,0.9338858921335872,,0.7405628918233961,0.0,0.006149368633525795,ae02105bf482e4b7269f687a6bf9420a5d1fcf5bf84ca910a716df519b4a66f1,f9d9cc36d418487bbef456deb4bd834ff96e352253bedc9a16b3f55061617ea3,cc722a77ae6b8abd070ae43474289c7d01443d4934599b5dbd5b341c29dd55b5
rain-water-cab-view-with-overlay/0279,rain-water-cab-view-with-overlay,train,0,0,0,2054320,0,0,,,,0.0,,0.7220515154963772,0.746869653616325,,,,,,0.6171082030003192,,0.7429045456009794,0.0,,,0.9262145580065857,0.930414096121902,,0.6007895136393542,0.41828853877046646,0.0,41a8c3396c58a82a580a4b2d762d7a5813c5b86e025f72d9bc3ad2ba21db3545,75cfc723508e1a083341fb8e16648a7f892140dd4f2ab1043d614110da2558d1,8f901c60daba999f62aaae45d34bd27145efbbd9a8741ff271fc8fb453331add
rain-water-cab-view-with-overlay/0280,rain-water-cab-view-with-overlay,train,0,0,0,2054275,0,0,,,,,,0.5721761515899644,0.5552768268209184,,,,,,,,0.0,,,,0.9727109651048269,0.8968301812726941,,0.718374712214548,0.5540295256534365,0.0,70a05bd99cfd467ea3e055a00e478d6e1b45acfa4adb761b94f8e266417d1ae9,e106743e4b56f6a000935339646381f74dd47b337309998f9c1f64e772dc2e55,570bd4f7e9a5b52af14b0040b184c6d2ed33982dc79dac796847d52b8af8ac98
rain-water-cab-view-with-overlay/0281,rain-water-cab-view-with-overlay,train,0,0,0,2053597,0,0,,,,0.0,,0.6796098638203901,0.7099199002707204,,0.0,,,,,,0.0,,,,0.9890627171594487,0.9259843827878385,,0.655246845251273,0.5738988396980962,0.0,a7da1f692dfad6e78cfde641dada58c6873c4539cb40843c04d9e3238e0235ac,0307bb1c875ecbe072c4937d166fb5c6179a715723a729d6f851102552edbb52,e045cce4fb460b0284aa17481199c2cf9c6358017b6d94dce60c42e6ee257d37
rain-water-cab-view-with-overlay/0282,rain-water-cab-view-with-overlay,train,0,0,0,2053810,0,0,,,,,,0.5722768767171852,0.6508312529877304,,,,,,,0.0,0.0,,,,0.9875305303606123,0.9178353155986103,,0.6238543707730232,0.7705510623358386,0.0038022813688212928,f9741378f2d70f2bd7e5236fc50ad4936840f4c1561be37a810e2aba8983efab,c2f421c7de5534678595c101104109c3b656630b9d60fb9b35495a373e44edea,76e06f9affdee0e2e2dd2da502124e887c12936eb1f5b89397676b970485759e
rain-water-cab-view-with-overlay/0283,rain-water-cab-view-with-overlay,train,0,0,0,2054083,0,0,,,,,,0.4071344741941647,0.7760374088486315,,,,,,,,0.0,,,,0.9896272604732936,0.9689350527066889,,0.6707170973814821,0.0,0.02193877551020408,50f5c438789710cc8a44142a41fc391480200cadb38493f126501909f2df6f3a,04b5fbb59ca9fdefb2c884a036413016e6db4df5eab65336733ce8f35b69af69,b9d188fcbfbf05922a6d98faf5880a1911236632eabc04e80fda088ac800cc03
rain-water-cab-view-with-overlay/0284,rain-water-cab-view-with-overlay,train,0,0,0,2053473,0,0,,,,,,0.6737831819306493,0.5132424565549439,,,,,,0.0,0.0,,,,,0.9797363942263275,0.6264274676817548,,0.7499733560694873,0.7526649911166963,0.0,43ee426aa0b2c2ce8f85dc51fb77e1d7b14c6221bf250479b4fc3db9938e1d2f,124b16930742b8657398889555a2a4ca0cd3a302b337fa75ca4b08d758b9ab29,25169449738fa2654ed098e6b2bf46f3dcdbdc3933b1c3632a50dacf3069f917
rain-water-cab-view-with-overlay/0285,rain-water-cab-view-with-overlay,train,0,0,0,2054047,0,0,,,,,,0.5828068679508546,0.5702425035156562,,,,,,0.0,,0.0,,,,0.9412761326056927,0.6430359356616631,,0.6731629854193735,0.08534780463739516,0.0,2956bdb840f2c86e03cbc88cc38600c415d72eea5fff4f468697cb6ad1fb86fb,7c817992adbdd24001302c811f1bdc3fd0af55e9c6cee7d75ee1ebab90d9ce52,2867dbb875df637ef3d9ddc1436fdb4c67b79855954eb210e0108261a7a6152b
rain-water-cab-view-with-overlay/0286,rain-water-cab-view-with-overlay,train,0,0,0,2054089,0,0,,,,,,0.0,0.7937270498823575,,,,,,,,0.0,,,,0.980833662379898,0.8713317022020273,,0.5664165286034499,0.00470099486170329,0.0,65bb9a26ed2495d66bcecef26da2702eed5d5ef32bc6393785623c77524cec64,c5023a4e5a1ade5fe386facb5dd55efc8f17e3afa73682ad1f23e1e7f6e96499,3da8c21389ab564a0d4d9f0c45c0318dc70c2c69ef9891c2e7c0ec45e2d5ff42
rain-water-cab-view-with-overlay/0287,rain-water-cab-view-with-overlay,train,0,0,0,2054230,0,0,,,,0.0,,0.5217973675280839,0.6651647262642322,,0.0,,,,,0.0,0.0,,,,0.9770989062523969,0.9771980512123272,,0.5597754035717071,0.0,0.00021424745581146223,e86117d8914772da397288df8ec1e772efd2441073ebe583809d2c492b5a8b2e,49c1380aaf9d4764c6f027260ff4e8b042c503f86f3393d63dba98fb7b567287,f2ce3870cbc5819e61c89116c4836740bcbd8c1f63cb6ecee48aa6ade29a025e
rain-water-cab-view-with-overlay/0288,rain-water-cab-view-with-overlay,train,0,2338,0,2025156,0,2338,0.0,0.0,,,0.0,0.5596678620054845,0.33528406747707235,,0.0,,0.0,0.0,0.8650711153095924,0.0,,,0.0,,0.7906807467048903,0.0,,0.6924943138741471,0.36649777802938094,0.04781917310313494,edfc5f576a3fe8034173a9ff71791befd981bc683b089bc729fe555cefbe4b3f,18a05516eb56af5f738ece0bf1f771ff1da45279a794c9ca45f4549211644f6d,799b1864042d974a00504ab80e76d0a1a048d60edabd75f84c2bb95e45403b78
sunny-mainline-cab-view/0124,sunny-mainline-cab-view,train,520,0,78851,1994229,79371,520,0.006551511257260208,1.0,0.006551511257260208,0.0,,0.5062819225995936,0.27463637146053876,,,0.0,,0.815451780610144,0.7633462501331629,,0.6354126830585113,,0.006551511257260208,0.0,0.8870975937489414,0.9722353351180952,,0.4377555656519764,0.4742013229605148,,7401f5fc76b6fc6c255d1dd4039a55eb15e32ab20cd3552dcac7878a8a74eb88,9544d3a4d4f26ddcf2a101283fbc57247e7d6b9a4c2a4d1dcc6ecbc47866431b,2a9a2384a2d96594a158c1caec92faf3b4614fb8cf13a79cf983db8cbd5a5686
sunny-mainline-cab-view/0125,sunny-mainline-cab-view,train,212,379,35319,2005674,35531,591,0.005903648008911167,0.3587140439932318,0.005966620697419155,,,0.5087961938481965,0.019799179748267573,,,0.0,0.4558122192219102,0.06560689748080291,0.0,0.4719978639610173,0.37598184045542987,0.0,0.005903648008911167,0.614186763225078,0.7799171209357032,0.9928255614777974,0.0,0.648127785172753,0.5682660306937763,0.0,b9b5845a7575d6e07a9bbc5c28a07e05557e8f29ff815f5cbf7248d75ec08247,258f3be8e12caaaceed243c728d350b639caa3c57d90a8ad103831ada0b7f6ef,5b3ed1eb42f83feac4250fe3c3ac10704565f0d8588a5b3f3a8376dde294047f
sunny-mainline-cab-view/0126,sunny-mainline-cab-view,train,4852,80,28807,2037398,33659,4932,0.1438098343163698,0.9837793998377939,0.1441516384919338,,0.0,0.5946814910079031,0.0,,0.0,,,0.0,0.7943133541485387,,0.5779709209703765,,0.1438098343163698,0.39595284059569774,0.5663448124948713,0.9740227473498233,,0.6803818301514154,0.6407776529177336,,a1e2fc892f0b131c74ecceb67559b53b91457b9cf91503592486c858fd335277,e27211315a2ae32a9a3ef1ca41e51ca0a0fa4f6fa09bc2a6e3ea542fe11ec29e,b42f8cf356c706ecb1b578b05f6e91e2656b157a5ec7cb7f44c20c4e5992c9dc
sunny-mainline-cab-view/0127,sunny-mainline-cab-view,train,0,0,25030,2048570,25030,0,0.0,,0.0,,,0.5814629955257515,0.0,,0.0,,,0.0,0.779545932772423,,0.673195020746888,,0.0,0.4154417399300573,0.7275047396820767,0.968638400434517,,0.660584767590986,0.612554219108099,,0d4cde05aed2bd4fe2170c8e306ae84b426e1f4e3c8d7f9b0b0cb271454f8c9e,aaedcf88592ad3e09dd1013b51109aeb4e7c40f4b2d9226c243471e2f34e9ce8,f2e0b9865f05c5a75d1841d10d3096a374542c46fe244de07518014341670528
sunny-mainline-cab-view/0128,sunny-mainline-cab-view,train,1120,1242,22063,2049175,23183,2362,0.0458546571136131,0.4741744284504657,0.04831126256308502,,,0.7317697553323602,0.04930459939046087,,,0.0,0.0,0.3323360459550024,0.7198696598063187,0.0,0.5447600812753985,,0.0458546571136131,0.4185597455701954,0.8226370966087438,0.9819974322084342,0.0,0.6984332524375917,0.6753093760868834,,24687c346d035f3bef72afba9b140f03eab022e4a90af673afe81fa9f274787b,c2fb729a44959c3f10648bb333aa2bfa0a8bf6c4779e7237ba1a4ca106ac5d1e,6a1b81922b8199174b87f684a55b1f1a55169924dd99ac8baab82356fa60a787
sunny-mainline-cab-view/0129,sunny-mainline-cab-view,train,10217,2720,35034,2025629,45251,12937,0.21298284380146337,0.7897503285151117,0.22578506552341385,,,0.7029764532515902,0.008678781607708724,,,0.0,0.10445198307995142,0.3526685916542474,0.7783073732559233,0.15589870290302657,0.6567694651096051,0.0,0.21298284380146337,0.31628109995635095,0.6955395747838587,0.9765091952464868,0.0,0.6766330651075022,0.6607917578754121,,e52ffee04497a5939bda202788429a87b3560377d2abd91af07b4286a26b89c6,0c3855bad8ebb48418e3eb7da192926f4eba3d0bd8a6c1ba206a8a0de118136e,4274c078d381214e766ca9955e6d8f4a07189e7d4bbca152f71aab19566baf82
sunny-mainline-cab-view/0130,sunny-mainline-cab-view,train,10000,279,17284,2046037,27284,10279,0.3628052098828139,0.9728572818367546,0.36651517372819237,0.0,,0.6884039199085102,0.16467258458767528,,,0.0,0.0,0.805650583708043,0.7738306816045032,0.0,0.5576723889086989,0.0,0.3628052098828139,0.5138006839276991,0.30016783305361155,0.9769391333612001,,0.7069458214264887,0.6492393710429465,0.0,e0ef00001b7bf26a5b6122387465145d21b99c1296743b3f03e61660ac3b3c2c,9e56d793d32c98b488bb34adae6c07d0b0bd6f457d0f9aa68dfdc9a0a4542a74,04367f4e0ebec25f194f4366d3fab8cf2a1c96a33b4630dc4cf1fcd79cb81b4c
sunny-mainline-cab-view/0131,sunny-mainline-cab-view,train,0,0,43352,2030168,43352,0,0.0,,0.0,,,0.6019937303407863,0.0,,,0.0,0.027140549273021,0.3678481566568209,0.6547213326371959,0.0,0.6512295327939066,0.0,0.0,0.7345470754815928,0.6913198739755683,0.9291923085765962,0.0,0.6599673713075775,0.7228204650445577,,6ed3b7e372d8d5dc78b215af5af6f4653456cd41ece09177eab1178a747e70bc,a8c27ee277932c37a1cbb160b15f22866e20dd4aec146b5de86eb4603ff534fb,14b6a1b8a6dfe6f91d6b48ca2104191b06d64e0558c0db81e942f9974c3978b9
sunny-mainline-cab-view/0132,sunny-mainline-cab-view,train,0,0,14047,2059553,14047,0,0.0,,0.0,,,0.773854677730456,,,,0.0,0.20750351210643747,0.0,0.5308039876640608,0.0,0.7595839964991901,0.0,0.0,0.4680917748794404,0.5798696522452129,0.948132866711102,0.0,0.5980263503228177,0.7039436876276721,,e153b7e6bd960d596c08d639a6b6e83a0851899aff6c01d8e6bfbba8b04f29ab,51ec0f2f880b6d5e6d011aff4a6f35f79480042485ebc9db45b9e0c8ccb772ca,d94c5e64fca93125e424cbc86179c473e9a3ed17b96275c738addf80b80e413c
sunny-mainline-cab-view/0133,sunny-mainline-cab-view,train,0,4,4876,2068022,4876,4,0.0,0.0,0.0,,,0.5674936496675036,0.04352202195672029,,0.0,,0.0,0.29039619238041425,0.8659845250092824,0.0,0.592324922868856,,0.0,0.3933052747512095,0.3260126396629423,0.8725551821676377,,0.5828084967386977,0.5834977850101796,,f9e73f2fb85c57a08b9d33b0c1c38cfbd56bb541c4b32e14c80883c01757b91a,7b970b234bbeedfb2a18e0ce9e899a251b487dd70a00f183d3d16356c2b2478d,2c1627ac68580b672ad9eb91906335596543327cd88a8d59d767cc6e71dd6b2a
sunny-mainline-cab-view/0134,sunny-mainline-cab-view,train,10379,406,25832,2029817,36211,10785,0.28344757899336376,0.9623551228558183,0.28662561100218165,,,0.7445904640198939,0.0,0.0,,,0.0,0.5512444823621054,0.848926808445432,,0.6439886775587228,,0.28344757899336376,0.5502124282179374,0.882495888493536,0.9861673770380894,,0.7808830977485152,0.7294025053144148,,9e4b1e6f4202cdfc0d9ff15e1ee6eb32270e1c0e88b7b7842be2345e74dab6f2,810016b295ab6550cc7248033bb01b9032302ca875b032e9d08005c80b18156f,8fa01b9c7b8d39eef5e633ebe9776b1d7fd5bf8f25f4ed5d5359fc2a400b3046
sunny-mainline-cab-view/0135,sunny-mainline-cab-view,train,7157,1301,10967,2048850,18124,8458,0.36844272844272846,0.8461811302908488,0.3948907525932465,,,0.7548441873349595,,,,,0.0,0.7224704207373951,0.5495275476086641,,0.43069556451612906,,0.36844272844272846,0.0,0.8985381854590093,0.989417799916246,,0.8461176912953563,0.7110531488621759,,917d7fdbcba14ad98f4155259ad4945453a4e76aecab144bfdfd515d95e55343,ef3653ad7186e447e51f20d8a071847cfab4d31d30567977a105bb93a6e226d0,c3a3bc4af2e3f220074498f002a2daf2c0156440e092620140d6b9f2a987570c
sunny-mainline-cab-view/0136,sunny-mainline-cab-view,train,9897,6984,77803,1973377,87700,16881,0.10452663596806219,0.5862804336236005,0.11285062713797035,,,0.70848099933331,,,,,0.0,0.4982598456103624,0.5289408488769681,,0.5281365313653137,,0.10452663596806219,0.7506000644845416,0.941181281195415,0.9600504309209288,,0.7276681789604255,0.6890241480657717,,23d8b5534877bd891ce5b404ae30036f3fd3a3f9769fc5d17235cd727642067e,79c1982f49ada9c405b84125d26d3248d5d79d06d6bc5cb458d82e04d838eb1d,1e4a7cc2a2592dd3939cbe98435e9a2188247dd3f833f7237010ed5c99958b3f
sunny-mainline-cab-view/0137,sunny-mainline-cab-view,train,0,4852,24371,2039003,24371,4852,0.0,0.0,0.0,,,0.6281417701426284,,,,,,0.0,0.7212264909178588,,0.4448874964397608,,0.0,0.13578171472908315,0.955558253158077,0.9697263180594653,,0.7251514696309649,0.7299282107157066,,a171edd02bf21b2bc889ac8ed17fe30fc47d76defd59a637e236ddadf0c76f27,6f160ebe16131fde736faa1b907b2b9193af1e3c3ecb7fbcc5d577bc8750144d,d6080bc79f4d760a991bb4eafdefde519bba83f44f336931fc8bfe23450d18aa
sunny-mainline-cab-view/0138,sunny-mainline-cab-view,train,347,0,6589,2061295,6936,347,0.05002883506343714,1.0,0.05002883506343714,,,0.8943257483643101,0.0,,,0.0,0.6396383866481223,0.6965020047291045,0.5570325629588445,,0.4383414494414208,,0.05002883506343714,0.8452634266746106,0.9107423407647258,0.9808028552373056,,0.7400861714097533,0.8981339265793397,,461bdcfd80571cea432e10e0947270b1a03bad21b5efa4efc325d700d1107bed,50f45cb9d7c36f7e9ad713cde316882219c82f7d0791f0d0e907e65ccc5286eb,96cfbe47dd0b99036729f48c55cf0f9e095215b05e7e60a53d80e1d928d2c107
sunny-mainline-cab-view/0139,sunny-mainline-cab-view,train,19,4489,27851,2035971,27870,4508,0.0005871627676998671,0.004214729370008873,0.0006817366343738787,0.0,0.16645771597902895,0.6470203069807573,0.046220133176654916,,0.0,0.0,,0.0,0.6592715295199065,,0.6117431505390089,,0.0005871627676998671,0.0,0.9129269913921275,0.9787062632976659,,0.760184465001848,0.5901349687656742,,ea793969cdff22d7aeff4460d14cafa8007c32c5650e6cd3586775c958a0754c,9ffd1fbd5a02985f044eebd2c5f1c76c095bee6781c959b4c6742485ddd6b778,d76b8ebe9b1c3a15ea18580840a9ffad3a18269e6221c91537aa3d26f5aed8ac
sunny-mainline-cab-view/0140,sunny-mainline-cab-view,train,0,0,23511,2030475,23511,0,0.0,,0.0,,,0.8770850269696124,,,,,,0.3246318086184057,0.41230131949454285,,0.38217703349282295,,0.0,,0.9342203357097023,0.9809558275466518,,0.8209977348153611,0.8327983400429176,,3a5fae521d4841d641c0b0953b4733aa8f8734d7fd9997403022f033352a935e,bec802af770693ccb921ee7235635fe5fd724eaa5b1d6e1f6746af21fd9112cd,ccb624997575bc54e51c622b30e90818a011851ff6f03751572aab38a84d1d87
sunny-mainline-cab-view/0141,sunny-mainline-cab-view,train,0,0,24124,2037055,24124,0,0.0,,0.0,,,0.7238346736702866,,,0.0,,0.0,0.0,0.0,0.0,0.7669379403710656,,0.0,0.4125635707588715,0.8479106253971466,0.9071411591217007,,0.7147368139366855,0.7328070893994117,0.0,2ab1618bf2232f7953374c7ff9fd6dbb5957a1d11d887a1004faeb1f3bfa8241,97b17a45f269102384f6109c04c9d6b8bf8782c9ed75e154169d5296a043ea20,97bb0013ed8d4bf712cbda161d64c82b3a56601656633bc9dfe69dcf9034936c
sunny-mainline-cab-view/0142,sunny-mainline-cab-view,train,17707,15784,11560,2022956,29267,33491,0.3930434396572773,0.5287092054581828,0.6050158882017289,,,0.8409921887984045,,,,,0.0,0.5185661764705882,0.08968129198227812,0.0,0.40004507550146495,0.0,0.3930434396572773,,0.8674579340170796,0.9894165530499551,,0.7076753095463989,0.8133621110785437,0.0,f9d4c3db5d27a80539d7e059e63c85bbda048e2f6d73d48e3b0e6d2541a023d4,ecd3fb29f78f54f484c4e6ff39b9f5010a4ff9510a0ca54c9e0fcee6ada30585,d1f6ab025bfce6ccb98a3a60352ac2269c7580f257bd49efeb4b826b359f8de7
sunny-mainline-cab-view/0143,sunny-mainline-cab-view,train,17382,10571,26962,2013306,44344,27953,0.31652553947009016,0.6218294995170465,0.39198087678152627,,,0.8477121351940087,0.0014321762258746504,,0.0,,0.47823629169022047,0.0,0.4314430672403828,,0.3232915250263744,,0.31652553947009016,0.5735243330009485,0.8442163980821028,0.9912196379376084,,0.8344847255672455,0.7773080425909893,,4437f8bc5b8248f9f54a530115e7dbcc3ace4af83f6e7e7505c28bd61deecdb4,5633b96990c8cacdbca53cbc8c942d05e63f5e2d839d47c6d0409a38e1392cfe,7decfe46c9408b1a9376fe42568441494e827d5f641828a932a706e87cd97859
sunny-mainline-cab-view/0144,sunny-mainline-cab-view,train,0,404,9669,2057963,9669,404,0.0,0.0,0.0,,,0.8182121480714264,,,,,,0.0,0.014287885696914424,,0.3922815717134695,0.0,0.0,0.5698988697204045,0.9370217707267932,0.941966705893242,,0.761723990730577,0.8642101263685232,,f6b634ec6548b8bf98554aa0ac61f40eb22ae85f7e7ae26d084ddb9500ae7e5d,7f8b37a8c257a86c7ca870dd1ce5018c32c9ed888de4dc3afc7b590ae25fb898,c21565900d1f1804b18e385a2d05ed0e58f134aaa698ee4019a31ca403124c94
sunny-mainline-cab-view/0145,sunny-mainline-cab-view,train,10257,84,11947,2045851,22204,10341,0.46020279971284994,0.9918769944879605,0.46194379391100704,,,0.7792151463342059,0.0,,,,0.0,0.519154270219107,0.9112747381252044,,0.0,,0.46020279971284994,0.5859832413754319,0.8410191531772063,0.9863441529180447,,0.8175012272950417,0.798031204067047,,fcdb2f1d198ca40299c924da55b12732604c2030a0db21c6f4a86b3b5c804d35,20c74d76997181bbbf1ecde190ab83a62b8b818f8a40955abbde22b23f85c59b,65d26fd45fe4299cf0bae71ab3751fb1c35330a65e1da4648f830d80cc3bb099
sunny-mainline-cab-view/0146,sunny-mainline-cab-view,train,5231,3756,37642,2021328,42873,8987,0.11218340517703575,0.5820629798597975,0.12201152240337741,,,0.6865903457072032,,,,,0.0,0.0,,,0.5646603496596824,,0.11218340517703575,,0.9569673257118108,0.9664730182922127,,0.7428818977622419,0.724767585944943,0.0,144ac7ace9587dad2bd7d7909441c0b2eb1b7a5fd5d975855c31e6f54006cc89,14b653b227e8c3d3a8b942968a57b177faaf75fb68a3e71ae071e6286eda5cde,148afb8ee14b800eb4cc6df8c21d0a2fb8356183beb076a3cf29ad271f2cd6c7
sunny-mainline-cab-view/0147,sunny-mainline-cab-view,train,0,0,6051,2055280,6051,0,0.0,,0.0,,,0.8356065056657299,0.0,,,,0.0,0.0,0.686870328241794,,0.5643065693430657,,0.0,0.0,0.9713110827153351,0.9735657648084847,,0.7293522168686426,0.8322566805805134,,6cf388fea166cff5c1481f523509bf3d72656e5aede0964f0ec6b15e88adea19,692808c9fd7ae6179769e38738eb5f38b5dfd78c857fdca542786e3cce1a19ce,9014ff73f98e8e2c2a616a09e54a0f23f89d838d7974e69b819033f4cda2abba
sunny-mainline-cab-view/0148,sunny-mainline-cab-view,train,8193,2572,22762,2010248,30955,10765,0.2443702090852149,0.7610775661867162,0.2646745275399774,,,0.7428242699062637,0.42081222489826425,,0.0,0.0,0.0,0.0,0.7536505787931221,,0.5188504865204199,,0.2443702090852149,0.0,0.871225958773906,0.9798278032970364,,0.8114109431147875,0.7784578085269943,,d859eb4079cd5f05a69e1a52ca314157548f99524569888aa31aa39194c4c163,3f6263d12602f503c9afd8899de5bf72117310b14c1df89f7ca3507e4df9258a,6f7705acd08902776b8ff2c0ecc86d4d49d6d4e1b6565ef9c1fd05a896d1bfe6
sunny-mainline-cab-view/0149,sunny-mainline-cab-view,train,0,0,10614,2046514,10614,0,0.0,,0.0,,,0.7861410270382737,0.016005808814244224,,,0.0,0.3978096479791395,0.03259675253326822,0.6850269555487742,,0.6329876645374848,,0.0,0.23008043107888584,0.7197666535011479,0.9672943536871171,,0.7211264302101429,0.7599286503207161,,0f14ff36a7fdb27af6f7ec8cb353e753e159bb3b77aab52a80b13fe6937791bc,f956580152828b020215fbf2c78a840a5b4b68ad7e56c3e41bf4fea9766fcbe0,5d3d9f26fc4c0a3e749bbc2e8906ab8acd2cebc9cf97fcb96beaf3414c9bb01a
sunny-mainline-cab-view/0150,sunny-mainline-cab-view,train,2565,1114,7053,1997838,9618,3679,0.2390048453224003,0.6972003261755912,0.26668746101060514,,0.0,0.6857243771452377,0.0,,,0.0,0.0008906702293475841,0.2916810323597498,0.7865619273231127,,0.5451244565477044,,0.2390048453224003,0.612661940845759,0.7569938938468764,0.9920699163557153,,0.7045541271365975,0.6772764410361604,,d4d60368183c52383216b6039fb814147d7720ff8a5ea3c97e9222f8f0eb8937,ea19db3c93ddb0c57d8a40d4882b76fc921b3e7ef2c036f491aeeeed322a8ba8,6a2d147f11c0230da35bdffead2fd6fa802f80595d3e517d5557556f990e6440
sunny-mainline-cab-view/0151,sunny-mainline-cab-view,train,2562,1765,21276,2040384,23838,4327,0.10006639846892942,0.5920961405130576,0.10747545935061666,,,0.6648116508013994,0.17695860030907432,,,0.0,0.0,0.0,0.7734182495758823,,0.3369156587119974,,0.10006639846892942,0.6536353943681762,0.6415435806906361,0.9864486438312954,,0.7868885386730942,0.5641474733069807,,4b1751c125ecc67afaa53eb1d7655c7a5ec051098de588dcb48ea4bc9cd3c5fc,1ab5b3a734f95118a4f540fd1aa10298673d5e4910ab7f3050c63f27f8d9a24b,c6b08a91655176a24fddbd8cdd77fe9a0db7fe3f0e628a523067bc48ef6dfe13
sunny-mainline-cab-view/0152,sunny-mainline-cab-view,train,1197,280,11511,2046591,12708,1477,0.09216199568832768,0.8104265402843602,0.09419263456090651,,,0.7084834090057752,0.02257523107108243,,,0.0,0.0,0.18936288088642658,0.8156416789094899,0.0,0.6980829895656394,,0.09216199568832768,0.6337518293152584,0.8064833644185067,0.9793369017743713,,0.7532942012980136,0.7086309923869344,,7c244faef1d58c7c544581c4aaad579ceaddaf9f4f8593f1c642198319e0f064,57425f7fe572f2d8c613752e0aa310cac5a68f17926ddb24529c7254a7030148,a055f394c55067efa702144e99c120978124d8a9aa2251dab99a38f057dbfcec
sunny-mainline-cab-view/0153,sunny-mainline-cab-view,train,2768,45,18647,2045277,21415,2813,0.12898415657036347,0.9840028439388553,0.12925519495680599,,,0.8651000205622301,,,,,,0.5017836628574883,0.0,,0.826920671026443,,0.12898415657036347,0.9365825153319914,0.9432992515817871,0.9872263435862081,,0.8336915553063576,0.8936307490819445,,8a9db76dfcf9155f0dfba13eb33441d81632dfa0d872dd599c6a9a249961a009,05a5851a91ad31d3a2d1b4e3dda4c9fb4c997e5bb7d94639cfcf404ebbcfe4e3,2fee8a0ac3a5f9fb2611ae6e10248a71f8c8510d17287239552432ef7b126936
sunny-mainline-cab-view/0154,sunny-mainline-cab-view,train,4671,287,11745,1987087,16416,4958,0.27965036221038136,0.9421137555465914,0.2845394736842105,,,0.9295129174616924,,,,,0.0,,,,0.3621840242669363,,0.27965036221038136,,0.960031570929048,0.9946811053738764,,0.853260099778096,0.9146777712558005,,6ba5f4dc3a08179c05592eb64e30da7a3ab0f61eb7a134091c4cb022c307f8ce,73a89e97a564e8790df1b2ef5cc6b4b1abecd82ba42528df33db4e2887c0a69e,739408cb59a67e08d875c3e567aa5b5373a5dece7df42bcd5955804ada26b42d
sunny-mainline-cab-view/0155,sunny-mainline-cab-view,train,3789,2613,1175,2053046,4964,6402,0.5000659891777749,0.5918462980318651,0.7632957292506044,,,0.8940960880493395,,,,,0.0,0.043943661971830986,0.5862257746633088,,0.3440721649484536,,0.5000659891777749,0.6804326450344149,0.9448091499412445,0.9741147537162084,,0.8092837511578116,0.8448491004062681,,06a90f5ff240f94f7308b963ae697e96d8e7f41f7c690b41c58516e490c044e0,3520046f77397809711aadef6d4851348e6ef6dfa7e4d4acffde40d4a08d976e,e4ee17bc2b3e722bfc4dac0309554a72cb5ded2f9918fabe706a424d2d90493c
sunny-mainline-cab-view/0156,sunny-mainline-cab-view,train,3281,483,6591,2050005,9872,3764,0.31685176243360696,0.8716790648246546,0.3323541329011345,,,0.9153428811732234,,,,0.0,0.0,0.5178034855769231,0.0,,0.4949077021005729,,0.31685176243360696,0.0,0.9258812012301435,0.9793284183849786,,0.8479705818998676,0.8279110206915038,,2a9b7f9f2e664a6492b210e6af5c8b3238a3d01e1f1d4f0c3506e92519ad0942,407421d1c13fc9a5c28ada48397820d63763e5bbd52ba90e03022634e21f2fbc,70f05754636658fbe50e526a16dbd225f3244739e23e64ec0815ecad6e595589
sunny-mainline-cab-view/0157,sunny-mainline-cab-view,train,16950,2648,6587,2041987,23537,19598,0.6473171663165934,0.8648841718542708,0.7201427539618473,0.0,,0.8565465041552464,,,,,0.0,0.008639874329100667,0.4788764214172754,,0.6220355363913463,,0.6473171663165934,0.0,0.9196026089938688,0.9876974684902458,,0.838246041412911,0.8450892712601583,,8e5da439095b7bf529ca9afbcfc297a86c96a3820aab657ef461687e06417c1a,9981e1d1ae142c1e9738d94cae092b732bd369db06694bee51a34ebb4e3fc179,773377dc2edd246e08ed2be55ed98311456656118f3719826796e642ea8b3018
sunny-mainline-cab-view/0158,sunny-mainline-cab-view,train,1648,7,3436,2063087,5084,1655,0.3237085052052642,0.9957703927492447,0.3241542092840283,,,0.7878409297605713,,,,0.0,0.5178875638841567,0.17057043595203408,0.3730871823669802,,0.40250843170320405,,0.3237085052052642,0.0,0.5729896939067122,0.7275711752016963,,0.8677161460479683,0.7674644053907724,,e6a650c2b434f3111eccf6b5f78e578afe4a7a00834675380b1cee62d761869d,07015ed660b2b8ea64300203f1815f3802c8e66a3db06436fb5305d647e31263,09d843e9f76593572978c2de31b8c4f6a7129e2ceca59f51898318156c20c374
sunny-mainline-cab-view/0159,sunny-mainline-cab-view,train,2453,0,26906,2038750,29359,2453,0.08355189209441738,1.0,0.08355189209441738,,,0.8692302708687945,,,,,0.5863837312113174,0.0024137314500268193,0.6429295611451745,,0.4500574052812859,,0.08355189209441738,0.0,0.9250539803003586,0.989725670321469,,0.8784297656121948,0.8547678196063444,,0857b1a64422a748f3a1acbe2298b756354dc4e916a3e35065e7c7c8aa443cfa,d11d1839c3df1fc963b3d4a7d2fad7dd497deb84c04b0fae9ac7612d46bf2393,c0a0d9c08fd4ee919c36faa0957d1761587bfaa3b6d7d5723284304fea7510d8
sunny-mainline-cab-view/0160,sunny-mainline-cab-view,train,18286,5375,4682,2039959,22968,23661,0.6451681191123029,0.7728329318287477,0.796151166840822,,,0.8771795806640161,,,,,0.0,0.3740325676428704,,,0.4854178899980427,,0.6451681191123029,,0.9416056424492439,0.98720004468006,,0.876222324357735,0.8311506657707445,,3f99be5f7928e5a01c3e2e0da7c216742c167125a2f4df4f9eda959f3e86453c,3a16390f7fe8b99976e346e04b3a49000f78f09ada1595a248415368e11aedf5,cd8c7f3b164ccb7a3de108c3a96f683f41a4874d485d634162fdd39b7ae20c8e
sunny-mainline-cab-view/0161,sunny-mainline-cab-view,train,14149,1030,13549,2039391,27698,15179,0.49251601225285435,0.9321430924303313,0.5108311069391291,,,0.9003042140358868,,,,,0.8910792138004954,0.2207780802669711,0.7721826676090816,,0.4541089772219741,,0.49251601225285435,0.0,0.9304796341746375,0.9907754043725155,,0.831228894435472,0.9065100598475996,,016395879116dde76f1eddcc264a67c3d1fb136d9a0f2d92b33ab41044c4e774,d23f8db4f6d3d5ebf380883116bb37266ab923f0b3242a26533b21ff6567c406,cac35bece232dc68b952f6b8de8147195d14682c990eafe0d0b31b0747096452
sunny-mainline-cab-view/0162,sunny-mainline-cab-view,train,10582,146,16688,2037729,27270,10728,0.3859789903705865,0.9863907531692767,0.388045471213788,,,0.8732078069039536,,,,,0.8878759267571625,0.5064199607513317,0.34129548967261486,,0.722468190339436,,0.3859789903705865,0.25660377358490566,0.9208479109254337,0.9819802899063108,,0.8313904704824693,0.8672862440439926,,9a198f581ccbd0527724f15f9a3cece6e5832854e77e259dffc5bd5a429ff05c,0f13810f4e07bcb4e31d23ae621fe1f2f1ba5df5bd7d2a28ccf1edc7b7b90c12,4f18a01f8b76122d9291734a9521054927dc01b53eb8d0208535056f555a5ec0
sunny-mainline-cab-view/0163,sunny-mainline-cab-view,train,31957,1829,28178,2006001,60135,33786,0.5157349428700536,0.9458651512460783,0.5314209694853247,,,0.8480670273123103,,,,,0.8714621131270011,0.5415874113781775,0.2658486707566462,,0.566068947263945,,0.5157349428700536,0.0,0.9130344346886993,0.9915920001554878,,0.8239222013085955,0.8369651131592496,,53c1f0e23c023af87bca8d7c925f1118fa6e03bf34b314ab0e901d159fd525b9,0dcf0e9793f56137c43c73198bc407fb3d307128f3264ea267e08b830d3a3e6c,6e78c953f755b98e91f5f1e3627660e36a5af1c99552ef6cc1c22992078a2592
sunny-mainline-cab-view/0164,sunny-mainline-cab-view,train,10679,0,26414,2031084,37093,10679,0.28789798614293804,1.0,0.28789798614293804,,,0.8208156250725749,,,,,0.8559794570799707,0.0,0.7859853275992916,,0.3871348978558163,,0.28789798614293804,0.7054401312192455,0.939377105255366,0.9932026081094404,,0.8383960749871286,0.880572417807546,,dc2322339b57aed5805465301755b9054b87fba047b608e05ae4dcf959232006,595424faa77d35db1f99a37b4f55a72e40170bff8e5dfdb3ab73ae65e3e2479a,122768936310a174091b994e86bb6845f9606ddac7a901c48baba930f466b555
sunny-mainline-cab-view/0165,sunny-mainline-cab-view,train,1550,13,25867,2040620,27417,1563,0.05650747356908494,0.9916826615483045,0.05653426706058285,,,0.8621703876990165,,,,,0.8952777611314197,0.12951006456513484,0.6160450516986706,,0.6161684782608695,,0.05650747356908494,0.3653372915120503,0.9251707677220826,0.9927455172896523,,0.8340298153581696,0.8989460966743256,,ed03205def575f68a08e90b5040e492f111657b011c4a09ea8773bfee95ae4f8,48f2d8f29663c715443a61887d3de406b2141c0cd0635bc8d985d53ed8a38d72,a3e010c8b6f22ab485e593b87f23faf954fd07fc8d0c4cb73cc2cdea2c2cf05c
sunny-mainline-cab-view/0166,sunny-mainline-cab-view,train,11313,1202,10532,2044973,21845,12515,0.49086649021564627,0.9039552536955653,0.5178759441519799,,,0.8800631491870416,,,,,0.0,0.2835229523971246,,,0.5212366368101705,,0.49086649021564627,,0.9021156851132459,0.9840085194913876,,0.8334740564910548,0.750237788487538,,4cb25bc7ad809534409bf310ce0bd9621415dfebdaa38bfbacf278916ddd0f64,6efebaf42ad436d141650e14308bf18e2389d3ec7ed42dbb736ae5b5f6d3a70d,6266a5855de3477ab14fdb9ee0c1b6b5437e09618b4369f02b8f07c6c4fe20b0
sunny-mainline-cab-view/0167,sunny-mainline-cab-view,train,3815,530,1844,2059033,5659,4345,0.6164162223299402,0.8780207134637514,0.6741473758614597,,,0.8818742692500418,,,0.0,,0.5241572445561139,0.7613031352995859,0.6268967450054049,,0.0,,0.6164162223299402,0.5374297684388295,0.8536556259565005,0.9906118881635088,,0.8382316352553337,0.8054492286679857,,ea08f07ca095ed6d035d6f14b8548f69a14bf8d6b49efbbdddf5179bf9ef3009,b5e44b4d05c9f941f3f50ad3195bd2b3c67bdab306fccddeab16a0e824382b20,49cb2cf6aa755489bec7c417d5ab60ce91e77c19f85744af9db8d4d5fc0435e0
sunny-mainline-cab-view/0168,sunny-mainline-cab-view,train,9088,103,16096,2042780,25184,9191,0.3593941550994582,0.9887933848329888,0.36086404066073696,,,0.8839636993128049,,,,,0.7518058769899713,,0.7632464007552514,,0.43345500491365996,,0.3593941550994582,,0.9299404133353447,0.9890107080328414,,0.808579872355142,0.839630528236129,,72b8f6a32917f9b4cd7edbfc8b38900c94a094dd308a81ee17ec8c715bf8a875,adeae42b66b6f80ff7ded176032da0f049d5158fb43d05363602b068574857d5,6ceec28da88499e304e9af50601a28b18282c9df4c4037ba0decc6890c8739c0
sunny-mainline-cab-view/0169,sunny-mainline-cab-view,train,0,0,5762,2062265,5762,0,0.0,,0.0,,,0.9396306056690122,,,,,0.8558306040063981,,0.8613294152486389,,0.4332290580465763,,0.0,0.0,0.9434349109044768,0.9882336678327612,,0.8306549161914636,0.8926420657781681,,e50a126b8e9d96524472935c0169644a3000d548dd10622d7dd7837f28b262f3,1fabbee7225ef01c83c8f9d87a5e21012dbd0cd0e092aae0b3f85cc885236dfa,6d434c266dcf74a039eb88e9094cd13d69ab96c4196dde0031df6e2aaf9feb30
sunny-mainline-cab-view/0170,sunny-mainline-cab-view,train,312,9,8928,2058956,9240,321,0.03373337658125203,0.9719626168224299,0.033766233766233764,,,0.9069566747855314,,,,,0.8552877703402538,0.0,0.8317206562894405,,0.2700944386149003,,0.03373337658125203,,0.9417849437663557,0.9882493552966355,,0.8564498799140438,0.900483908076324,,3f433ab98d445e66fbd4c3879168f0ff099bfa2f2a0555a496a23ef041827ef6,2432eb316800d123f6938e33fc85795b3d6c60ffa520a0ea9203c0121e31584d,dce917aeee4bc5b1e79c2ed2875f543606b28a0e18446b499b1f5175c8853190
sunny-mainline-cab-view/0171,sunny-mainline-cab-view,train,20223,8863,5174,2027208,25397,29086,0.5902802101576182,0.6952829539984873,0.7962751506083395,,,0.8614682044124489,,,,,0.0,,0.0,,0.7874097286005006,,0.5902802101576182,,0.9612750307593795,0.9594919993785925,,0.7702948566147804,0.8582141883205423,,f0f37b4a43e03c4b5aef2ec2723b33d29fdeb183e0247dc20cc38fd51708b6d4,e8e0d147bf6775475813b28df3bf64d5faa50955a9846c2f56a541b5e2252767,48333d2a1be02f5fabc798c7edfc050789bb2ba54468417d66e43b75a5f9e44b
sunny-mainline-cab-view/0172,sunny-mainline-cab-view,train,0,2118,0,2061019,0,2118,0.0,0.0,,,,0.749639506443252,0.0,,,0.0,0.0,0.0,0.8057588321837323,,0.49753636790239325,,0.0,0.0,0.8680764882666424,0.9522549173225299,,0.678021943376001,0.7184732154822675,,9d1f242981192b866b8c78b235337b3fcd78c0dbb947afbb3861211b73247352,c9cc1d7969f031b1ba1caed9230b1e99f67407a3ccf18ad66582f8d9f85d7a54,8f1764c40e0b563efbe0079295ce36afbf100f13b48b74896dd1c814f66d18e0
sunny-mainline-cab-view/0179,sunny-mainline-cab-view,train,0,10094,0,2060885,0,10094,0.0,0.0,,0.6924079221681724,0.0,0.7110436219558102,,0.0,0.22495693653107196,,0.0,0.7310111077552938,0.7508352931186615,,0.4281494960806271,,0.0,0.16335699593250746,0.8440242192546225,0.9174493478312145,,0.6522323786959514,0.7774638033657814,,2980bdd5ac578120cb35ad4b8b8f5798eb1663f505b1d628312365558c8e6637,0a9409b2e919a722e20a573aade797666e16f212e11504e1bba1fad37db8571f,42535e64b0321902b0d251a63fb06d4fa9aefcbc5c6af4f5a421fb10c4653ae0
sunny-mainline-cab-view/0180,sunny-mainline-cab-view,train,0,377,0,2073162,0,377,0.0,0.0,,,0.0,0.0,,,0.8975082694555034,,0.0,0.0,0.49170587181949893,,0.3072166151333061,,0.0,0.6693224439068777,0.8898582498964406,0.9794395480347179,,0.721591818764009,0.622454184574736,,11d2b9c079ad57dd8e7e64839160cd7b1d1b689d42720e385bbae214ae1ce4e2,d03eedc21174cd47abea991f73f6f1990f52f4dc95c05ca152a8ebc1c4f8dbbd,07af1ef7e23f30adc787ac6ca9a83b5aa6a7d9e7d816c5f73fd28a7dd4f7d50c
sunny-mainline-cab-view/0181,sunny-mainline-cab-view,train,0,0,0,2073600,0,0,,,,,0.13783425832492432,0.9359492406528797,,0.0,0.0,,0.0,,0.0,,0.2006459092414707,,,,0.9776231797986249,0.9917693778423414,,0.7769323608123,0.8960214560057138,,961d4dc340edb778535bf1a91b174154c09e8c3bf2814a05efe15d66cfa809cb,f7acffee97a0d29fb4655547c1884e20e9bd9972cc8706da96cdee1e26eb908f,8a3e98d5f8ad9e3ff167ec849455ce8fedcc0af6b0e05a31fa94ee3d32561a5d
sunny-mainline-cab-view/0182,sunny-mainline-cab-view,train,0,0,0,2070136,0,0,,,,0.3384857512225282,,0.8585139709438009,,,0.0,,,0.4631155108598894,0.8113409360431831,0.0,0.0,,,0.0,0.9050796563516557,0.4509941535125922,,0.5763249282802355,0.5064968055784888,,2b635f17ddb2ba61b77fdcac0499ec5c3d70dea1323a289937212955ea815653,4ceaeb2102494da778ecf94d2ac615d63cfe08ae62aaef2a6796fec50fb8bb6f,85cbdcbb90822e153af1fd10fc14f0215585ac2e6abb2e0b6f8ff65a34dcdd14
sunny-mainline-cab-view/0184,sunny-mainline-cab-view,train,0,417,0,2069931,0,417,0.0,0.0,,,0.0,0.5763729999606871,,0.0,0.0,,0.0,0.7899665931499741,0.7797228193942936,0.0,0.4738073908174692,,0.0,0.2988957440955712,0.6659914732719872,0.9655446991326833,,0.609993517081508,0.6034835637609123,,fce720c8ba60a17547f87e487d475b7dfc8130e8e3f6de1eb655de80095dd9d4,cfb308f1843883bcd1f15e0bb17c380c182c15635fad7bdad3e92fd028097a16,84a02b7cdc6186a7896ee728fd657a9b41507b554134120a4af2af4acc887327
sunny-mountain-stations/0228,sunny-mountain-stations,train,0,92,0,2073508,0,92,0.0,0.0,,0.8553232807859265,,0.8432903779505893,,,0.8622002837052982,0.0,0.09533379457274954,0.7527766631403592,0.5104228465545686,0.0,0.6621655083612592,,0.0,0.2235934664246824,0.7955414455541909,0.9607932835788382,,0.7468861799390486,0.8595000856120661,,8fb67a7950262b0a2133f19fd631fd9df52f83e1660f0a811abf3e9d0982f269,f4c0dfc2948c51f179a4a80f4d4b7d2a14b8c5ced33c320220f787477a45e6d3,23bb9beaa56745ecb961711f399aafd6897c9f2932c94c92db9a26cae0a75efa
sunny-mountain-stations/0229,sunny-mountain-stations,train,0,44,0,2069967,0,44,0.0,0.0,,,0.0,0.8635686025374101,0.0,0.0,0.0,0.0,0.30816026696394955,0.8223473029253586,0.7446552868774005,,0.5420968365262518,0.0,0.0,0.5216748721196941,0.610544992320322,0.9835502136261313,,0.6919355035282934,0.8440388699301568,,0354800bf80455fa7680958e010518b436ea155dca8b0abbc8d1e10092f0661b,fc908e7e08e5cc665f4c59c11eadf28fcdf161bd566dd5bc31ca5349d4ad036e,251ad57af888378d624b8009087f01bb37168fbce6d7ab642d92657aa684e3ad
sunny-mountain-stations/0230,sunny-mountain-stations,train,0,41938,0,1988304,0,41938,0.0,0.0,,,0.4315352697095436,0.6554211754720984,,,0.30525878442545107,,0.3764389112526992,0.0,0.5521439628482973,0.18916201290162896,0.6112855684204442,,0.0,0.3811418729159419,0.6729214619654819,0.9767390301003811,0.0,0.6395115654101275,0.5200234936377593,0.0,505099662669780df8408d783f6869cfd7b572910896d2c7b6f0e27c7432cffb,0f54a1615827a6cc63096a9eaf5bd58b3ed9758a76361bcee72da0187c106f17,5c8517828a46ecd75f084692bd9743c54e284f7baa19ddb22edd6e7b2fb23d02
sunny-mountain-stations/0243,sunny-mountain-stations,train,0,0,0,2073291,0,0,,,,,,0.2972624058288827,,,0.9606094835251989,,0.0,0.0,0.0,,0.40212459887130686,0.0,,0.0,0.9207649567127536,0.9887815341109508,,0.5160721397280537,0.7324404593767907,,d048231d419c08d7176eaceaa89f964709a5a5de28918f80af2d6d5cb56dc892,ac493ba00b218289c9290e59fc10ebc5e73442a5005678ae91222731a9f1a765,ab8a85b26c08f162f732207f72831571ff86ccd90e941babe1c0fa57608f08ea
sunny-mountain-stations/0244,sunny-mountain-stations,train,0,0,0,2068950,0,0,,,,0.7233393528234663,0.0,0.7292748822025312,0.0,0.0,0.7245577016718066,0.0,0.0,0.2594945616116126,0.42002619190882384,,0.6573726637821146,,,0.3595368988240434,0.8138678985655078,0.9861460208323198,,0.5867566659540027,0.5972018029464259,,8d1edf47c4a0e099e6bac09702b9eb61358d689387405e5915c4b761311fb755,62634f58072805641c40889959a1644646ac9bf20776fc28c0eb907ebb26db45,71ded43c880d981fc355cd9150de5fd01e2cd31c3b730ed6c57a16ba41f170fd
sunny-mountain-stations/0245,sunny-mountain-stations,train,0,0,0,2073600,0,0,,,,0.794496762801648,,0.6612529514310302,,0.0,0.01432691413154712,0.0,0.6155315966874261,0.1672362622537998,0.8812202927775221,0.40028774678283113,0.312804173523336,,,0.044967682363804246,0.8874844548231691,0.9929951472824087,0.0,0.48602689164249935,0.5861201892767339,,ede5e722aa51b1edf1b7f3550819d1fa7c743d02958fb765bf9233ccf1ea1020,cadf2ab9a2d6547b808e82099b83169aa947fb0617b0d25d7c012f3a84f18477,f57d9fbc961b980bc7222e96e3f98359c19078af322efcd3f7c744a0fe7d7ec5
sunny-mountain-stations/0246,sunny-mountain-stations,train,0,6395,0,2054708,0,6395,0.0,0.0,,0.5045931758530183,,0.5652037010124498,,0.0,,,0.0,0.021215608781568262,0.38702660983353504,0.8383026688968075,0.022066198595787363,,0.0,0.5776104583815985,0.7681963876237774,0.9769389549851683,0.0,0.6311244412568009,0.6104488671836253,0.0,90a65adbb644d54e42c7e51d5cebfa0b1e554d4d34f442db24481dcd7007c74c,8211f22cbe10bb54834c2a0f57f23d5612d3a7a8d288102d2f5c719f02078527,8742cb6fb1ed7dcac3e3d2980c852c325096403ecfd3d82254557e31d1303c35
sunny-mountain-stations/0247,sunny-mountain-stations,train,0,0,0,2073600,0,0,,,,,0.432564330079858,0.9314314060965609,,,0.0,,0.06589838837052853,0.5991332611050921,0.6929004401769112,,0.21470274342394374,,,0.3933318631087231,0.9180029124603724,0.9907143830179018,,0.7937449248259062,0.9169911976527074,,a442fff38da0ce40c7e735cd036d9ad22fde5c1909107105ed77bd798ca3f872,c5c7e80094cc032a92fa08b0b660de2231a9cddd7643b6d1c2df97dbdb15ba15,4c799c89b17c9f96c9e65c5394e1a6eb5143ba5021338f2799ccedc2cac4f33c
sunny-mountain-stations/0248,sunny-mountain-stations,train,0,0,0,2073600,0,0,,,,0.46380795308777717,,0.9245192558236489,,,0.42514082888992766,,0.033847931204755294,0.3512574086620853,0.8475723899081563,,0.13530824659727783,,,0.4493801904483573,0.3243600490038042,0.9438582390160472,,0.7902808805441903,0.8972664862513181,,c489b83cc8d5e13b9e9ee4f588ba23a86a21404337b41cc01afb90627630275f,1828c615b6f7ff9fa65e720ed3534d3325375ddada62df18c96577a26343ed35,cd08001b82fd483f3a479c69619b280f91171f47bc08a7e69687999e752b2847
sunny-mountain-stations/0249,sunny-mountain-stations,train,0,76,0,2073524,0,76,0.0,0.0,,0.7871447483311269,,0.9261067944088647,,,0.7964694536458552,0.0,0.0,0.7948599484201961,0.8610212218358294,,0.34906270200387846,,0.0,0.14615077326941733,0.9556388158381124,0.964843025793,,0.8136468774094063,0.846751999268142,,408760b135c0da743871d600304812e352ac956549d1987597238245735e8672,459bc06543c1527b8f31f3778f2304eca8cda8b56ce00177d1006117d7a4ed71,fa71ccb8a5633a7db4ff220e96f56f748c53c0a9e5ac908d4e721ab7a4e76c9f
sunny-mountain-stations/0250,sunny-mountain-stations,train,0,0,0,2064289,0,0,,,,0.4485019138545471,,0.8720811331824658,,,0.8071503208942187,,0.0,0.9108096814244958,0.844974711919367,,0.5458747494580112,,,0.0,,0.9640788026267543,,0.7876980746294088,0.5057803232412235,,0956dd0c21f6af0a1387e957effd77c906124754c421ea783a885ae3ce8cf3f2,1a54313fd7aaffafd2aa769b53c139c749f29333937e07fd9220a885589e54d0,8849422db4d835709a9f62a45b31f860a34c28f830ed2d609c59dd8e6cbb46a5
sunny-mountain-stations/0252,sunny-mountain-stations,train,0,0,0,2029299,0,0,,,,0.5359487590072057,,0.5788629369923826,,,0.10391835194030284,,0.0,0.6990575220410684,0.7343401948785487,,0.005382803864084202,,,0.0,0.7845039388503237,0.9893951112371085,,0.5611535662299855,0.8065593395252838,,1749f26376edb32da712444c9e60186ff4bd29e1fed12a43bf0f659bf8e5a11b,c37061946bca614f0217b26c4987befc27e64f2bc1d0d90685762ea41c67810e,bb78a40b2c5daff511376e72f9e45b891f6e2249347ee1ed225b57f0ba8cfc59
trackside-maintenance/0000,trackside-maintenance,train,4580,30257,94149,1959974,98729,34837,0.03550772952103329,0.13146941470275855,0.04638961196811474,,,0.6626482493679939,,,,,,,0.0,,,,0.03550772952103329,,,,,0.531488503816061,0.0063748439000267465,,e41473adaa20b0dfe8eecc7e6000f550ae13c68770e4946667d4c938e7a89230,608d5152e26531f443e848f1ab03966ce4ec96ab2768c3ee09bd3bac6d538107,c2b3a74a8a7737afee65889bb99216dc7a11a087db92b2267e202ec2d6ba1ffc
trackside-maintenance/0021,trackside-maintenance,train,956162,12864,355485,764156,1311647,969026,0.721898119381417,0.9867248144012648,0.7289781473216498,,,0.0,,,,,,,,,,,0.721898119381417,,0.9835609743766904,,,0.8094229857265944,0.6578895507396553,0.0,f193c1a096a827f7ac610c2dfa2ef5244731e66842755d4d9a52dae046fadeb1,3cc3a810432c2d42f2e1b1d81348e5530c70ad2520bc91739596cf667ef7070b,b18f4a9a094d693f5374508013f30480ff2b1e600b4ae823a0f8896beca2e26d
trackside-maintenance/0052,trackside-maintenance,train,1161367,71921,16135,839245,1177502,1233288,0.9295226676633934,0.9416835321514521,0.9862972631893618,,,0.0,,,,,,,,,,,0.9295226676633934,,0.9738863287250384,,,0.8430611232740833,0.8784850996171312,,efc1a697946924df5b504e34114d2f5a5bdaff8ab191a9dd2c8d978a19525204,d7c67dfa30ada59632dc54a7ee5807a8e61a421646642ee6822c51b526280b84,406bad848ed3cac3ce81217b4fd59545362a00b873a1bb934ba44ef858809369
trackside-maintenance/0055,trackside-maintenance,train,1024422,5997,156503,902038,1180925,1030419,0.8630912562072318,0.9941800374410797,0.8674742257128946,0.737661828167909,,0.0,,,,,,,,,,,0.8630912562072318,,0.9651257096512571,,,0.8482848610081027,0.846996272940844,0.0,28f3b3d7bec0bf474a3fc09012c7f4ef1b0b5a4e37e51acf00fbc5bea657569b,7b23c5e8ffdcb864899f2b44e3f35d742c5fa4f4a7b41a710d74ec6204039136,3450d142293ab69fd6f0506db8ab66e6cc0364ccc59e2ef0cc724181c6844474
trackside-maintenance/0056,trackside-maintenance,train,953991,28013,122567,982647,1076558,982004,0.8636755808363609,0.9714736396185759,0.886149190289794,0.8302189188432575,,0.0,,,0.0,,,0.0,0.0,,0.0,,0.8636755808363609,,0.9382583667249845,,,0.8124715521165226,0.8434610357321602,0.0,ecf8e84d483b920ff62e729b88a34b2e02bc43b25ba2201f33a1d1233e98db4f,71ac374b6a05e5b030909b340d8dfeaf290ad55a7d2193361ea9ad5698cb1afc,34a4b0cf76da161a8d3ba71651931d424b2bb9cd6e81ffbbc050df6cc900825d
trackside-maintenance/0057,trackside-maintenance,train,691425,999,117855,1278276,809280,692424,0.8533171907454099,0.9985572423832796,0.8543705516014235,0.9006339643001664,,0.0,0.0,,,,,,0.0,,0.0,,0.8533171907454099,0.0,0.9591422759791948,,,0.8092542421217739,0.9330745144707707,0.0,76a244cf235702a8709bcd5845224a9a5785c3cd791a1fc89b4d54cf065746b8,c6a6ea3d247a64e8a78e7264e9e5bf9070735b251f3b1498e53ceeb2d9a5eece,f1fa987c96d77bac19ae844063b2e90e45a34bdac1a32ffa6ff19e4812afd84e
trackside-maintenance/0058,trackside-maintenance,train,1225835,13998,102274,746853,1328109,1239833,0.9133660728988077,0.9887097697835112,0.9229927664069741,,,0.0,,,,,,,,,,,0.9133660728988077,,0.9237290975503502,,,0.8589109093185451,0.893748394928065,,527bd4c6f5b48a8fa052db415d684acdb3dcbf8021025486fa219182ad9059ba,135090e121d0df3d05d16ca027cf3a9280fcb288b8d5e5c4b535ae20858a57bb,498fc74c42378f232481eb1546bfd5b2ac5d6e081624fa972dbd44a69a8eff2d
trackside-maintenance/0059,trackside-maintenance,train,1171687,15663,82520,819061,1254207,1187350,0.9226826368053422,0.9868084389607108,0.9342054381772705,,,0.0,,,,,,,,,,,0.9226826368053422,,0.952081010776663,,,0.8176694340028405,0.9111956554033028,,8f38d8ecfaf13ea9265b15f72d8c2a5f6320df894c563c0277971f5a71223076,51caf95e4def10813bd0f02b5d94ab8f9ddcf77d3b4125ae347e9e88f0e70034,b530b4c0d97d6f5340251ebc1ac67cd57d91169dcd516c2b29167950e473bcf8
trackside-maintenance/0060,trackside-maintenance,train,1323297,28038,88878,648747,1412175,1351335,0.9188203411578704,0.9792516289447102,0.9370630410536938,,,0.0,,,,,,,,,,,0.9188203411578704,,0.767819872240845,,,0.8863946014696502,0.8288072544649812,,af2519b33d6b5f52478d8c41669353834cbc46bda125e944b6f0f559e55e7d51,a1ed253eef60a1b41a1f265e34bb48ebce8b527eb2c22c4dfdfd0244558ab6a4,8a221f502814719836a9b2d02c86c5c6334d1306588800b83f79a7cdcc42cc4f
trackside-maintenance/0061,trackside-maintenance,train,1661171,56818,7584,363387,1668755,1717989,0.9626779046728247,0.966927611294368,0.9954552945159715,,,,,,,,,0.0,,,,,0.9626779046728247,,0.0,,,0.8538868166884865,0.6397926738969467,,8bdf064f89bd89d79af62f1c4461b3024cfa2110a8194ff5044d74f7f592fc74,a2d3dc8b57ca001020539c453fd25cc135c52f4e3a1b7e3782882c0642be1d36,371cd754727d66e9d93876a0b43406e731067b83c1fa0ef1a92e8056086d7bd6
trackside-maintenance/0062,trackside-maintenance,train,1874510,28207,28551,156915,1903061,1902717,0.9706110182532927,0.9851754096904585,0.9849973279889609,,,0.0,,,,,,0.0,,,,,0.9706110182532927,,0.0,,,0.8256125746381142,0.0,,6f1c22c5a26f9c6f9349d1b7472ea93537d6383a9cda356167f51397f8e8f989,8b6b3404dcee61dcef88a2efe10d1c664ce76c5c90f08c90a160e1881b9c7ba9,05bcb4abc0d200deb9d52d13e5d4241cc6a395359834077d199b5b639ff03b4a
trackside-maintenance/0063,trackside-maintenance,train,1286960,27470,49582,724948,1336542,1314430,0.9435107609023967,0.9791012073674521,0.9629027744732301,,,0.0,,,,,,,,,,,0.9435107609023967,,0.0,,,0.8999742177574419,0.9126934854649943,,f25b27c24e3ff91436c5e3877a5df281c4dd826a5c70266f8b58faae4174a2e4,f404f535862173c8b8688fb06460f4e3b4307973ba3453d76a2a74ed1ce29373,5225f6cbd795a0481e6040994061ee6b46a067dc09ae6a886502ef0621ac214f
trackside-maintenance/0064,trackside-maintenance,train,290067,151634,91481,1555778,381548,441701,0.5440299935106586,0.6567044222222725,0.7602372440688983,,,0.8410227675203924,,,,,,,0.0,,,,0.5440299935106586,,,,,0.7467541163520677,0.05212783573439311,,40ea4a91bdc724c6898236dad7394cdb56c3f9eff92be4c2d3cdc31bac221ba5,8cf27ff8c967f94b6ce773a71a3e75cdd9d3bead6550b3d272103014e8ccae9c,066ea91b0abc078babe136d34b9e64d34fa6737d2d8d02bee79521a6e70acbc3
trackside-maintenance/0065,trackside-maintenance,train,1310198,54220,31542,693000,1341740,1364418,0.9385641422390326,0.9602614448065036,0.9764917197072458,,,,,,,,,,,,,,0.9385641422390326,,0.0,,,0.8502524429249897,0.9181316437327882,,f03f57e248aa7907bdc8f6d9dc2d77aa18d6bd0c9408c1035bef8a148a559b79,c6eb3a0619930aa14ed66cc41633d3632df51fbd1eeb2b2d5c2a7d4933429313,64a672a7eca5cc4d277f0a18f05c618bdf36ed01e58bbd2099fe9d7f09d4aba7
trackside-maintenance/0066,trackside-maintenance,train,1247120,30923,50892,760025,1298012,1278043,0.93843566464876,0.9758044134665266,0.9607923501477644,,,,,,,,,,,,,,0.93843566464876,,0.9319812287609903,,,0.8746270188345622,0.9050909878682842,,6223c858287f0677fdc6d3b7cc8038c3ecc2f0d657d409ea0818439bb88d0fa5,d3884b710501411f6f6b15febc4e69affad923b6dee90f38d67b046fdfa35666,9ce6fc562d32c4914dc2c602cff7e51c7281199a4bc2321d3f326b62e9dfba44
trackside-maintenance/0067,trackside-maintenance,train,786026,28233,71747,1202954,857773,814259,0.8871565203847378,0.9653267572111577,0.9163566584632531,,,0.10854284085871699,0.0,,0.8381452318460193,,,,,,,,0.8871565203847378,,0.9749573785796919,,,0.8577016469594595,0.8990133124966352,,0500732a4422c6db9e57d541c1a7f0c06c3e10fd30ca7e04d1cb512dcd29b739,31e1a531c8bacd76bd03d1630b16b65d83c1b22e86c7d094e48509567df280d7,07af4af31a7f88abaa3ff738bb23f73c1f20bac9c810e7a9cf9284ad332e5680
trackside-maintenance/0068,trackside-maintenance,train,950404,34062,103697,1000797,1054101,984466,0.8734022384514085,0.9654005318619434,0.901625176335095,,,0.01011811523644215,0.0,,,,,0.0,,,,,0.8734022384514085,,0.9745181254733597,,,0.8591553031140186,0.8678344992789808,,2002370858caebe870952bed7a32a15d4c1e010a5b718f1e3c6e2a619ef1550f,f630baf409c8fa26b7d8c7049cc4ec4ab2d5780809fe481c6ff0414a1752009b,220dc120e65febbbe8ba5126cf3898942f37eb70f2d9faa69a1382b53a3fbb36
trackside-maintenance/0069,trackside-maintenance,train,1668692,95140,138144,186984,1806836,1763832,0.8773465070011399,0.9460606225536219,0.9235436973803931,,,,,,,,,,0.0,,,,0.8773465070011399,,,,,0.875062066374116,0.273029769584772,,f29f28360c7637a0569445615e72587d568ec754c219c552470709afefec21c0,9004352091a51ef231b51d3a96e9c590f364538a5c6d5c05d1c1cbd61935bd8f,3d1a18ebd4cf4c1c4eae968fce0654e917f91729f8509d02f8075b4deda5bbb3
trackside-maintenance/0070,trackside-maintenance,train,1788564,20800,86683,192913,1875247,1809364,0.9433120592474764,0.9885042479014725,0.9537751560194471,,,,,,,,,,,,,,0.9433120592474764,,,,,0.9287007092969536,0.18938072862530173,,8da8ac7ad697e79d43107c8ebe4903d9b515079f50e3b43f871cbcaca0df5d1e,fc37c78a2230c5c8c971926e1a494ea03d9ff1f1d5ef03a91ddce40348295058,11e277af6b5b7355c4c5939ad2830121c58a2e9a64b9b77a1839855890618e8e
trackside-maintenance/0071,trackside-maintenance,train,1605519,12415,77277,393749,1682796,1617934,0.9470909520997681,0.9923266338429132,0.954078212688882,,,,,,,,,,,,,,0.9470909520997681,,,,,0.8906314383391066,0.0,,3722b3d81a9495d0186d3ce92ec994c7f10c979ce8ebf1d78a787043f819a9f5,b67b6c1fd6b1b376e5af96480d72e2c49eda9b71209418decad92c770b5024a5,f2cdb41863ead73003b05ba546e4eb09de9eaeca970143e8becd748316203393
trackside-maintenance/0072,trackside-maintenance,train,1305000,13546,311731,458683,1616731,1318546,0.8004774648725339,0.9897265624407491,0.8071843739001726,,,,,,,,,,0.0,,,,0.8004774648725339,,0.0,,,0.5908038463298404,0.0,,190287f82f43182bf0e583f603971ce568382ea6cb8bd6655a8483c3dd9de73a,ed7b67bd4cb17da870d4d1c71e483046760415f5abff5f935a882ce1e78f4a58,18842fbfef1dad01e42083b4f1069dda1e84505262259e7401b80f819a7d6b6b
trackside-maintenance/0073,trackside-maintenance,train,1091206,12256,473096,512402,1564302,1103462,0.6921445325830068,0.9888931381415944,0.6975673495271374,,,0.0,,,,,,,0.6903783428689282,,,,0.6921445325830068,,0.5201837323140884,,,0.6113216231336621,0.16057750127852805,,5652f16f45d364803ae0cb7862cfd6866fbbefdeeefdf76929de1dbf58fe7814,776ab1d9d39e30450e3cb98591c31188fa38dda21975a58e3b3269ad48adbff8,4915826f25c50de1e58c17dd419ed3bb98d718761baa325c0797db336ec4a13b
trackside-maintenance/0074,trackside-maintenance,train,1122751,63677,223540,678992,1346291,1186428,0.7962953769163555,0.9463288121993075,0.833958631529142,,,0.0,,,,,,0.0,0.06628544373288273,,0.0,,0.7962953769163555,,0.3901179676574994,,,0.5961953644620375,0.3263261173024554,,093b845a2d8a639e83ffa1ecf5fde92d921664c2417e66a25b10d3dca8f6d55f,f7283dc707378e69d703aef147373bdcd064cb957f41e1765d75f9806d2293a0,4017476c8f1d808d2454085e8f268bc933f8f06bf26363115b72660870633ca3
trackside-maintenance/0075,trackside-maintenance,train,1399442,80527,108436,500555,1507878,1479969,0.8810360078191645,0.9455887251692434,0.9280870203027035,,,0.0,,,,,,0.0,0.30395166304009946,,,,0.8810360078191645,,0.0,,,0.6178917784902822,0.20550132767190102,,03904f8a2512daea1c39d2cbdedf3303eb95dcf456e4adbc73e729eb2d9aca10,718e6fd45e2e42240aee648e4e87a0092a7553e48a752f65433e382eadbfffee,c98277ca94bb69c7a93518932d7b2508291eaf8692b06e7bd9a1ca73388eed7c
trackside-maintenance/0076,trackside-maintenance,train,1323090,14501,297160,454209,1620250,1337591,0.8093526170040575,0.9891588684433433,0.8165962042894616,,,0.0,,,,,,,0.32227130424210493,,,,0.8093526170040575,,0.0,,,0.7197359375314907,0.0,,2c8539da08f1b6584a3d127fd3a5f5050bdc5350404f6d4739a5e44dc6d6e78b,b0a5d9f1ca8e3700479bb3fd590e0e31fd80eb007671997450e69cea9e96069c,6ffd900a0cc116421849b8046ff26dd149c72108db0652c863af4d3cfb304249
trackside-maintenance/0077,trackside-maintenance,train,1210734,41135,65793,771298,1276527,1251869,0.9188502058949867,0.9671411305815545,0.9484593745373189,,,0.0,,,,,,,,,,,0.9188502058949867,,0.9429973707274321,,,0.8555035446558801,0.8933175997552555,,845a1cf210437b2039d48232df6099976b3cbf2a66266f2948cd84e0e8dd1a89,db1147ad0f9aa22d2101b8b087ce2dcca15710e76e651244fdb30f75aeb1348f,c070bb452bbfaf1ae8c127b11d41a310d5f28eac43c9d4030b0dc24167a65aa9
trackside-maintenance/0078,trackside-maintenance,train,1240157,31264,56575,760964,1296732,1271421,0.9338559754698056,0.9754101906449555,0.9563710928703849,,,,,,,,,,,,,,0.9338559754698056,,0.9225117975117975,,,0.8646309102427225,0.9029692969643556,,9072ecd1d6bd9a6ade7bbf9d4ebfe4912556baadda2bae4e1a66249b89915dc1,5ee5a7b2559e29f59042063b25e69d22cc7635dcfb1ccedb12ca183a2172add3,e8c2b8b07c0142b7c3d8f39535501cca1c4095abc1be87f88f2aba036b708856
trackside-maintenance/0079,trackside-maintenance,train,1236714,33760,79936,738550,1316650,1270474,0.9158063106760169,0.973427240541719,0.9392883454220939,,,0.0,,,,,,0.0,,,,,0.9158063106760169,,0.9582026555676056,,,0.8894166056627388,0.8406918155047425,,7245d072113222a13b028579251a425ef833a8850f977f01ffb13f42c5569754,196f7161bb9ef2af0e3ea14b4f939200a99ce0ea7a60d5039b4f22522718c58a,a5b7341f5a1ae031473bd8ca223c29093626182f7a37bcb8144d37a26e0deb60
trackside-maintenance/0080,trackside-maintenance,train,1073624,37046,124051,854239,1197675,1110670,0.8695276098810987,0.9666453582072083,0.8964234871730645,,,0.0,,,,,,,,,,,0.8695276098810987,,0.948916785846708,,,0.8509590767655284,0.8313470450802405,,045d4791802edd4766cb20165f7f89e48500708e9eacc4fb3176b9cd89733d49,72915e72ba77b4a35ec44c0cd9aadfe5a489e09dcf8bf4df59f3ca3ef7ac9e26,3f4e37fb6696ead7347578c450cfa7b7b6bdd4f4691e3c60dc5f3f210fa493ea
trackside-maintenance/0081,trackside-maintenance,train,1274461,24840,112424,677235,1386885,1299301,0.9027685987001718,0.9808820281058815,0.9189377634050407,,,0.0,,,,,,,,,,,0.9027685987001718,,0.9515683096577366,,,0.8914715746967244,0.8073767800863779,,eaf74d01f4f349885d90aff52c367596e2cba944e49a7b0feffd851b79a71ea1,e7d19f949be6c72d26980869fabb339acd375a65015bcc000bb7ea609efc0558,c30567b846b95f2c66d7f71c31467e3b16fba6de1573c9e9aac998fe4b440bd0
trackside-maintenance/0082,trackside-maintenance,train,532859,175104,109836,1271161,642695,707963,0.651576976738783,0.7526650404046539,0.8291008954480741,,,0.8333629580361307,,,,,,,,,,,0.651576976738783,,,,,0.8542643288902235,0.2598294782785327,,65b79e130b09b882fa33f7676d2436a802b097d73fc606fa0428a40aa7592ed5,a63aebc4038689fc219bba17b9c67904c70eae12e7833a0e436e0aa12bdbfcaa,c1122b36a4c8fcfa44411644e5d70706ece9f6486b6de26799e8fd9de8afcab0
trackside-maintenance/0083,trackside-maintenance,train,1557269,50518,40205,440968,1597474,1607787,0.9449493686862558,0.9685791712459424,0.9748321412429873,,,0.0,,,,,,,,,,,0.9449493686862558,,0.0,,,0.8433091913159311,0.8079049270866628,,f93539c0825969b6f96f386dbaa98f06caadbcb1d80a39102a077ace90560d5e,eacd1a0cdf15d5e49563452c6d7003c31113591a4df0d81eaf61105edab0d64b,e4be5e539b78cba9f88749c0e6d6f34502186e90c26be1957b440eeb18db0774
trackside-maintenance/0084,trackside-maintenance,train,1237033,15882,162716,673329,1399749,1252915,0.8738385921189915,0.9873239605240579,0.8837534443675259,,,0.0,,,,,,,0.0,,,,0.8738385921189915,,0.0,,,0.9225244678104537,0.764102653967809,,78b655ec93b0e9575d9bf363a03233ad6e48a40c1e428e86125f919cccf38ced,ac028f7bcbe7ad92f61055bc538a75e3ad911ea17ef8513a38a275c9758c465e,cda01d9fc75d395fa9996d30ff30dccc2e566ab7e247ac6561af07539c479ca7
trackside-maintenance/0085,trackside-maintenance,train,1290387,41933,35815,720825,1326202,1332320,0.9431722746658773,0.9685263300108082,0.9729943100673955,,,0.0,0.0,,,,,,,,,,0.9431722746658773,,0.8060010346611485,,,0.8512997940816774,0.9303492348775745,,1fe7cf2ae2eef9be85f098226cc6e927e226f7e34a356079eaf30f81a5517c08,a964b223ce70c0ddfcfc63a7116d136b72dbabc8a5bfb3c71b4a8784a89ebc9f,67a00640ea0d29b3728f434ea5d2a7894907dcfc52a8d836191b8867c7aae31d
trackside-maintenance/0086,trackside-maintenance,train,789979,41430,64388,1193163,854367,831409,0.881872790375498,0.9501689300933717,0.9246366023032256,,,0.05058898730709524,0.0,,0.7791486541920419,,,0.0,0.0,,,,0.881872790375498,,0.961820945542257,,,0.8145634556269712,0.9008138630871124,,9db552632140a4fe745fdf61a0d0fa31fc4952af06addd32095a7c1372bb9d8a,48e0f42fd5470fdf74ebb3d8b15d9098a05ee9adf3541431ac1b7a9fa0e062d9,f68c60c64377f464120d64b7951590dbdebeb6612129ee9242dcd9931b3d1d43
trackside-maintenance/0087,trackside-maintenance,train,922476,40105,101829,1023672,1024305,962581,0.8666547664903561,0.958335973803763,0.9005872274371403,,,0.030770102567008555,0.0,,0.5613150684931507,,,0.0,,,,,0.8666547664903561,,0.9530097680615787,,,0.8450860415661,0.8546789012236016,0.0,95207ac84f3acc3ff5c55764aa554bffc9f0a32f4cab08eaf951e2fe43877d51,587b26c9e34a988459b083e4db74f236062e3ecce661eb481c45f1084fd9f4af,488174effbd9be98a5839dd3dd98e22099dd0ddf14c6c15c1c39d95898b8ba9d
trackside-maintenance/0088,trackside-maintenance,train,898265,21491,158136,1011068,1056401,919756,0.8333534342958293,0.9766340203271302,0.8503068437080238,,,0.0,,,,,,,,,,,0.8333534342958293,,0.9739193245970841,,,0.8614749751610721,0.8074260465884646,,d725e1c7a0e34cdd9a85ca766c2f77aae4456153fa89c7ec4ed4903841bcc25a,d8588ac0e324f990fbff92d6ef4ea35638073f169b1c3a29eb0f763ca8158eea,555a43fe37962a8d35d54532ca7c26d96039c878f7444ed151e5cf88879007d4
trackside-maintenance/0089,trackside-maintenance,train,1321562,60500,32381,674517,1353943,1382062,0.9343338685263386,0.9562248292768342,0.9760839267236509,,,,,,,,,,,,,,0.9343338685263386,,0.8032786885245902,,,0.8120169848763111,0.9273923509927782,,0055dcf9f3b23337c4d0b8675c5c94dc530eabdf296e211580d8631bfde63237,3fa143f99bf6e20e136865aa3ed2add68b848b13c63f491d183a418d2b345cb3,3be72b750e381401b266d09ae143c7f0ca51484748c84521f0e4cef454ab969f
trackside-maintenance/0090,trackside-maintenance,train,770907,26860,58034,1233145,828941,797767,0.9008017050692859,0.9663310214636605,0.9299901923056044,,,0.4548591784481799,0.0,,0.8802527301941774,,,0.0,0.0,,,,0.9008017050692859,,0.9740097272969245,,,0.8575280163771817,0.9066052975604459,0.0,0a5483a0127931090560f2cb06532b9de62ff8978b5d2d75fc73f10c9e628fb9,bdacebbf7725f3ad965f05b99232ec789fc6dd5801ffb98aa2a88920ad1db2bc,6214ebc74eb257b8f17dd0581b26053dc63a3116f1300bbf0e2f5ede016f88b9
trackside-maintenance/0091,trackside-maintenance,train,937614,28984,76544,1045614,1014158,966598,0.8988364000299096,0.9700144217140941,0.9245245809824505,,,0.4085199344620426,0.0,,,,,,,,,,0.8988364000299096,,0.9648687890119843,,,0.8789165142015426,0.882196803736489,,140a0439c3c000cca0ab1e8fd90ed6598c8fdb0c15a7ebf645bf70366d6dd90b,fd9fcc64d607952b1ca4b32b253c900c3b6c42ae47ad9a118acf78aa6132ac62,4fa6976928476935d09bd64dd241831e3db631c96009dd99d0f157404a47da23
trackside-maintenance/0092,trackside-maintenance,train,1215367,14864,97235,761494,1312602,1230231,0.9155541460195591,0.9879177162662947,0.9259219473991355,,,0.0,,,,,,,,,,,0.9155541460195591,,,,,0.911410420265633,0.858841622788742,,b46f2ac36452a0a15ac8e7c69746492ff0b596b959f253d1612c3db9998b2895,ca30dbb08d9fb0e4fe8996fe88911e453cc3bca799282014ced559432b824f51,dfc171d1a2d537564257a5cfd657412622de0cc5173cbf05046935088c7d3f28
trackside-maintenance/0093,trackside-maintenance,train,837572,35917,56250,1158790,893822,873489,0.9008678779743562,0.9588809933496587,0.9370680068291002,,,0.252970297029703,0.0,,0.6546461170133173,,,0.0,,,,,0.9008678779743562,,0.9663483003440457,,,0.8149400092293493,0.9109848691459304,,6259e3456d036d7371c800562ffea682d470ccccfc442c166f67ae5f354b645f,84941b6b7aa17a3e2407d6f073b2b43d7c36ff43014f7ec679d58cf5431ed076,7bd37a99f816b94f569e6e1c8218bc06941eb0b20859ecf306092e53c7c97cde
trackside-maintenance/0094,trackside-maintenance,train,961729,27363,75783,1022948,1037512,989092,0.9031379269867356,0.9723352327184933,0.9269569894131345,,,0.0,,,,,,,,,,,0.9031379269867356,,0.969629233174868,,,0.8744370429987842,0.8916557833172449,,e0ed8f532604e6e6555ff2fed40abf4191312f80d30033f9f5891f116ab17ef9,7e4ff407e211370343392cbcdbff2b1388d8e1979cda20ce09bf6f00dd9def79,629cbd662345d52107503106787afc64104488c7332d27e346ba8093d8d70c6c
trackside-maintenance/0095,trackside-maintenance,train,721723,23814,104556,1238867,826279,745537,0.8489929925314054,0.96805792334921,0.8734616273679956,,,0.1990057025880977,0.0,,0.9030026053901679,,,0.0,,,,,0.8489929925314054,,0.9753221382736493,,,0.8536609422139707,0.8549458345033475,0.0,2c0673f9062a1f999a14ea9f32f3a730731ead900fcdf51751a187ad746dfc7b,e2149e1bb2a9cbc2acdbaf0b9ef76ebcda214853f1f5097dab8ec69174e4aad8,10050e7e3ad585dfac227f12c373be63ead9af2ed178f5f32ec066bcbe901c08
trackside-maintenance/0096,trackside-maintenance,train,308862,12711,98309,1668671,407171,321573,0.735592380716487,0.9604724277224767,0.7585559875334933,,,0.20435202246205142,0.0,,0.8961711229946524,,,,0.0,,0.0,,0.735592380716487,,0.9813965046637014,0.970692548571824,,0.7605257350236629,0.824280143025696,0.0,4c21278ae3f78bf40f512492d07dff5fe47bcd04749b1b5bbb976b5f139f1b63,0bdeb500a31ea967c4b9b29ff432f98229b20b9b969b3a7a8efa595fe61979ce,0f13b075426ef8546cfbb32be22c07e3b3c631871bd84faf5840130974ebfdce
trackside-maintenance/0097,trackside-maintenance,train,1158181,68346,400614,221876,1558795,1226527,0.711788959899603,0.9442768076039092,0.7429976359944701,,,0.0,,,0.0,,,,0.0,,0.0,,0.711788959899603,,0.08809456797072897,,,0.7280348130705769,0.0,,069e56fc048051d80ef3d6c175598cb6a1df2596f82c85bd8075f4b88100565a,4dafdc7299c42b3fd729bc5fad69b105505ba91c31b992ed39c8524ab26e9327,fe2bd623a39c3af019e798532bc0cbb8cf937263749a8ca0dac775dedaadfa55
trackside-maintenance/0098,trackside-maintenance,train,1252686,54011,484220,298043,1736906,1306697,0.6994662510881298,0.9586660105594488,0.7212169225047297,,,0.0,,,,,,,,,,,0.6994662510881298,,,,,0.8343337233872393,0.0,,fc04d89f6819407752a53d790ea973fc002344aa19eadc04b345225545c7ce53,50b458614c96f982cdd8a232cc68c34b8a13e26c9ea30e839f0bb3d3f75ed0bb,6ea0d68af449aa1db8ecd774a2221dd33915d720780ef6ecd760ac21f2f52395
trackside-maintenance/0099,trackside-maintenance,train,633135,40475,671751,743599,1304886,673610,0.47060603064902284,0.939913302949778,0.485203305116309,,0.0,0.10009671179883946,0.0,,0.9220596014812202,,0.0,,,,0.0,,0.47060603064902284,,0.9640496505239174,,,0.8334836994952574,0.1001543680734761,,34c0bbfd58571e1b86214468e7824979e09367e8aa452150512daa459ff8c186,0553959daf6ce869735cd945b60890b3ab439a1579cbc8fe572569200304aa26,16ac63c4a646b38bb71f06194d5d5f52ffa8cd8d811738165d763e8e862202cf
trackside-maintenance/0100,trackside-maintenance,train,474234,50,663504,361733,1137738,474284,0.4168034818437178,0.9998945779322094,0.41682179904336497,,,0.0,,,0.0,,,,0.0,,0.0,,0.4168034818437178,,0.0,0.0,,0.4330413016270338,0.0,0.0,295de469c85a2cbd063ed52a760230d5847fd6ca3ec792d4228e881a1fc88163,f5b03baa6b4d5ea3f09082ebe6520174de0c27be86a86a96401a87b00c959c4c,2ac9f1a2ad3d188d0ac12fae5437676303faf94ab7a4a2600199372486b5cd52
trackside-maintenance/0101,trackside-maintenance,train,281571,25639,153382,205408,434953,307210,0.6113241219995137,0.9165424302594316,0.6473595997728491,,,0.19708108108108108,0.0,,,,,,,,,,0.6113241219995137,,0.020500682018775574,,,0.8872730970661514,0.5174833425443526,0.0,f18cd13f8be6e6da511d8cc5f6ff2f0e8e5ffa3cdc730d55f0752e075e4be9a7,2053724e9bccf33b2605685548994cd45b4e42ce9eed6263ab94fd76ac8b7402,0ac8295dea8fbc5266c0800e11e0f4588c5d0a586b4e0af34070a680cd4918d2
trackside-maintenance/0102,trackside-maintenance,train,213739,156848,187457,941213,401196,370587,0.38301460099920437,0.576757954272546,0.5327545638540763,,,0.6099713086982222,0.0,,0.0,,0.0,0.0,0.0,0.12917822688128702,,,0.38301460099920437,,0.6176708451273757,,0.0,0.7272053973360489,0.5275566408997616,0.0,d32849c8bde9dd413c6d0ab82ca84e62323fed3319cfb99825a11f91ac7baef3,16725b66e3177e4058bec98d44bcd85e2a17929f45e24c0a9596f58d4fc0420f,e02907b3a5948605e3a38692d15f6e30031c5cbbe6304bd88d6663b60b1b8154
trackside-maintenance/0103,trackside-maintenance,train,610618,299329,173569,1005444,784187,909947,0.5635523610172808,0.67104787421685,0.7786637625974416,,,0.647712544608923,,,,,,,,,,,0.5635523610172808,,,,,0.9197332626497956,0.40493679488922113,,bcd725f20e45aba176964b9c6318633c2f7a70f7664784eb0dfc98abf0940141,832b0e6356d68f26976e3d7922d3b08c241fb1ce86ad33ae4f971af5515c330f,193193395ac429903e67d7dd4357392859ac14f00809818a0bbe31d2ce18b8f4
trackside-maintenance/0104,trackside-maintenance,train,102056,8749,32047,279549,134103,110805,0.7144177190378853,0.9210414692477776,0.7610269718052541,,,0.0,,,,,0.0,0.0,0.0,,0.0,,0.7144177190378853,0.0,0.9450165328294756,,,0.7833544303797468,0.7694303523778385,0.0,8af545cd5a93e866ceeaf9e8b89657bd1753fb543ecfc98e2121144440cb5e5b,38d8338d1cf13856f69f9d6bf5678bbe6767d870b9c6d44089b654888be7a538,d5019ccf50b98b0c07595010a6ccc2f4c79b81cb4b16d67508a628917b31ba4b
trackside-maintenance/0105,trackside-maintenance,train,125607,30053,81171,549601,206778,155660,0.5303655349173039,0.8069317743800591,0.6074485680294809,,,0.023102098440608357,0.00019477127654865298,,,,0.0,0.8451511866040237,0.0,,,,0.5303655349173039,,0.0,,,0.8126527677929547,0.7425195755160818,0.0,d1ad562afeae01ddb70bc66ae877af92f08918967c215ffefec2257c3ad76fa6,c81174649f12ca8f38a2a5768fc715389902ca51ae6140ec8217629ad50b6eb2,e11e89c859f6e438f32d178e180d40df5073ec36ec80e9bc69a2d687c4fd1fda
vegetation-worksite/0262,vegetation-worksite,train,0,2785,0,2070815,0,2785,0.0,0.0,,,0.5310980812738275,0.654531611302239,0.0,,0.0,,0.0,,0.0,,0.1422167889160554,,0.0,0.0,0.9575973620889404,0.9902038965154225,,0.4198898649534548,0.7470669754727011,,54396730a7d632e6ac164891ed59aa4b248397c4bff8ad0524ee051361535740,ecc4df5204120b6d832dfe643f5cf2ece2d746710ad731c9c0b70f45d3c1a90e,63c841cab07335a91c32eb6c9cb5d9d02e66282865525f267d54f13cc1d14819
