key,group,split,tp,fp,fn,tn,support,predicted_pixels,iou,precision,recall,iou:person,iou:truck,iou:rail-track,iou:vegetation-overgrowth,iou:car,iou:on-rails,iou:traffic-sign,iou:road,iou:sidewalk,iou:construction,iou:tram-track,iou:pole,iou:traffic-light,iou:mud-pumping,iou:fence,iou:terrain,iou:sky,iou:rail-embedded,iou:rail-raised,iou:trackbed,iou:standing-water,image_sha256,mask_decoded_sha256,prediction_sha256
evening-water-cab-view/0289,evening-water-cab-view,train,0,0,0,2073600,0,0,,,,0.0,,0.756684515881033,,0.9327144552244014,,0.06278916060806344,0.36412556053811657,0.9722073771702496,0.6475892749789588,0.0,0.4112741728188421,,,0.7856505923483036,0.8672702283399798,0.9942403045582547,0.5539441880905296,0.5766922499855733,0.8396042665017777,0.2686327692248921,61b19d029c6cc48d744189fd60f15317991db02db7ea86e03c8dd7f235cb5126,736818a0449d28bdb2d8778a1660ca515a3168050b25ed1a01d88dae3bd752a8,9ab76d1228413a2651e9d12cc56bdc82598f84f80e1ae07764b9a6460729fa7d
evening-water-cab-view/0290,evening-water-cab-view,train,0,2,0,2069676,0,2,0.0,0.0,,,,0.7903517587939698,0.4083281541330019,,,0.6415882967607106,0.7262217392616741,0.9849690148156669,0.7052636221305872,0.8858055570182367,0.7560722121713692,,0.0,0.8864180696141676,0.9258716862504552,0.9938222315226809,0.715765247410817,0.609512743438834,0.7446886864417925,0.6970873786407767,bc87c6029c376bb13438534dc5403cc400260f97f586d1d6581f3e6c7f911c08,13322ec6a2aacce02132ed5e7696c28c5ee8042d56819195ed30830659e51b22,648c9ba9031818a258dcd822ada115d07cceb5c7cb7513c6cfa78f5866c680d7
evening-water-cab-view/0291,evening-water-cab-view,train,0,71,0,2073529,0,71,0.0,0.0,,,,0.9313721742720191,,0.0,,0.4744684413192701,,,0.8502604009328516,,0.5227377548196661,0.0,0.0,0.522618737518451,0.9413347413692452,0.9945950834761423,,0.8144157887209801,0.8777762142639368,0.8633722602542714,98c179d6033fbdd1ac8781f30103871dbd923fb986a02c3839d44f86da4740de,bb2a9920140cf227658a598969afef5c7ce53e7b98b5a3c4c066546ea5130d17,f5b8f91c0a3598436fd1b7ae7dd29d2bbc372e7214e1766b20f7ec19ffe4d6b5
evening-water-cab-view/0293,evening-water-cab-view,train,0,0,0,2073600,0,0,,,,,,0.984293772812742,,,,,,,,,,,,,0.9847939527362811,0.9884140071349818,,0.8795122423303977,0.8218766273730057,0.596917935388043,6077aba4a4bb99250442da395b3d3240725c2e1e0aef293eb44333393c53dc7c,f911421065662a54b5c3274a87ea67b0c0aab217d8246dfafdb1abfc6d028d20,72a4c21b12991d56076094bc8dd6d5e44c06dc28691e4fce8e776bceaf05292d
evening-water-cab-view/0294,evening-water-cab-view,train,0,0,0,2073600,0,0,,,,,,0.9814174035627323,,,,,,,,,,,,,0.9919584581513967,0.9911517990939939,,0.8594925283321633,0.9479603186194654,0.8208392806166144,fc99bfd711df81411031982d6c1af485a0d5de1a6bc8031d66c08fe78aaaf437,4658d8f7532c6505af3946da32505699e8955aca2113d5cdeb27eec1d16f2745,3db93bfea9f83698725f45aa268e7bd40c734cdaf9eeca24d4c4a3661bea2a5c
evening-water-cab-view/0296,evening-water-cab-view,train,0,0,0,2073600,0,0,,,,,,0.980499405469679,,,,,,,,,,,,,0.9790543964315171,0.9917455340224168,,0.8481062469257256,0.8392137925365774,0.24255889997484698,ccabc9bad6992ae81dbcf31b87e948651539d5fb18383056159cb4158d7aa1e0,60379d256d614ea088a2828671715ec0c44a063f5021ec187a15947d9abddccf,9e0217c8d23333e456373b4de0f047070a99d666c09540105fb25222b1e04335
flooded-road-crossing/0272,flooded-road-crossing,train,0,0,0,2073600,0,0,,,,,,,,0.9487757731958762,,,0.8430103266704156,,0.712253829321663,,0.062140992167101824,,,,0.9357812253656379,0.9897557100764213,,,,0.9377906373940285,1a64c22d40183eaa53211aeb2ab21c5cbf2a328ca7b2d6716a58fff64bb7291d,10ed04abff1db423799ac73be0144d2a9d4c342000410521dac7c27615a1210d,863796056ba05358c75fd04dd3d869c8643d982292a7aa11dd1fbc9c6750d998
flooded-road-crossing/0274,flooded-road-crossing,train,0,0,0,2073600,0,0,,,,,,,,,,,0.9172400783445658,,,,0.0,,,,0.6993655421118263,,,,,0.9621403364262584,5eac815d6dcafeaed42ca25116f35fe30e4598159ae3b155d664bf6b7378427a,7172a732328236e294af3f1eef4ebca9041023ad99ef10d8086e8fd60928f87b,421f7ca86b417543285db3cc1cb5d4179b65645e644aef986ccd7b6bbfd72513
flooded-station-platform/0298,flooded-station-platform,train,0,0,0,2073600,0,0,,,,0.860533468873616,,0.7817099950414395,,,0.9451319814533351,,,0.9599244016703272,0.9414737061177769,,,,,,,,,0.7662098160023472,0.0,0.8375075437537719,f0194c9f5092ef4a9f5211064d986408ef94a7c44752b254cf2a6cb67600d64a,5722f0e4963bd2152bf42d5232dc39a50a7a848f6c12b1004b0789f34038d48b,8d9a2f6900d644754aee5ccbc8b860ed6b42d199ee1016435bc4cc7872acd10d
flooded-station-platform/0299,flooded-station-platform,train,0,0,0,2073600,0,0,,,,,,0.8487485888175756,,,,,,0.988558239704612,0.9730768703190584,,0.0,,,,,0.0,,0.9155151515151515,0.0,0.9322304676305054,2e8151e2e6b02fcc2163c50aa86d9e5e0134c8e81d7ed74c33832a121b91dcaf,6af42e253b81ce9497cf93cd0a68c78ba94d0412ca46ce0bdf9850dfc84f3d38,1a614c8d7f8a5853f05908b1279a766c43c9d4cf2f072914fc40f632f3c84f43
flooded-station-platform/0300,flooded-station-platform,train,0,0,0,2073600,0,0,,,,0.5446339461953026,,0.9112215751010869,,,,,,0.0,0.9734012698056332,,,,,,,,,0.9155209149932662,,0.9521174412936892,aa5009748eb469829d461d7b4e9a1e63aced662acde1baab34479670671c9cfc,75ede15bd1fb51823b565832643d1df6ed5185b2a03eb179228324c3aed39bb0,541d35d9e2d1610f7233a024d0cfe6bc13c98fd009e9561f77a1d8ecd2773ea1
flooded-station-platform/0301,flooded-station-platform,train,0,0,0,2073600,0,0,,,,,,0.9562059927983003,,,,,,,0.9959968723399586,,,,,,,,,0.9676345497145135,,0.9673950723205852,b6bfd2eb1a154fe26098279bca8d8165e5aa045fad56b687663d941cba56bfda,47d991bcaec17e2c3c48231acaa869c7cfe0fc1945cdd8af78fe916b1e1bd398,387ee5569d13d5c28de158c6adc9e6ae51db8de37c2f814636d1c8414f0ccfcd
flooded-station-platform/0302,flooded-station-platform,train,0,0,0,2073600,0,0,,,,0.0,,0.9412963396513089,,,,,,0.0,0.9958277894686971,,,,,,,,,0.9369821164028664,,0.949406437021393,0758d8245392d38d69bb520d6aa46dd39d38ccdfa9c8011ae15e78d2a3d0dfae,eece741854c6faf5705694b7fe66da45777daa6a2c5a7a957f51d43f01e66a89,fa510cebb1ae561c04d287aea56a22404749ff43fe39a7579099774c1e98056b
flooded-station-platform/0303,flooded-station-platform,train,0,0,0,2073600,0,0,,,,0.0,0.0,0.9422505860901277,0.0,,0.7524351537703842,0.37508858965272857,,0.9682199091123865,0.8626503386940694,,0.4168372906114923,0.43929173693086004,,0.46868448321565415,0.8076927721755932,0.5683432993316919,,0.773422161912461,0.8679997274833083,0.8962589781304017,e62cac97ea08c225e113869af1e24539312d59ae8b1ea981d8625c7d8c85968b,9f41da0deb75457d49e7d121daf10240080a8bd5972f436a7e0a7b9717ecb8fb,5853ec6bacb1b74b953618266b3c51b1c22b3046dcd463c94b0bdcaf4a72325a
flooded-stone-bridge/0270,flooded-stone-bridge,train,0,76,0,589748,0,76,0.0,0.0,,,,0.0,0.9828412842719747,,,,,,,,,,0.0,,0.0,0.8444326052210975,,0.858628772341049,0.7162576687116564,0.9509334301701797,d8aff7595858cbf04c9e2b85dc09bc865c9a2ad58b92c41e823fb4a084f4bada,cc93b0303a5e58646273e1c337552e9b819a34fb83f9540d2148d3bcbe375c9e,d6567f1ddd88fdbe3e690181ea1bfda9a2014d2dabe667a6f30866a79763c181
flooded-stone-bridge/0271,flooded-stone-bridge,train,0,0,0,698368,0,0,,,,,,,,,,,,,0.9352617967764975,,0.4766594193630899,,,,0.6025783938351185,0.9735434710587344,,0.46389514984556307,,0.9251674706264837,f5180763e414fb42a131798a9a989ba50a68fa194643d48809aba9a9130498ed,deb97cc444c8d1373bf880da820dc45e4746303470e336a4c48ca969c057ecb6,a2fbe5dc5d7ea49d47a4cf582a70c278fcd0e9439036be844d53f9dee7cd3eda
flooded-stone-bridge/0310,flooded-stone-bridge,train,0,0,0,921241,0,0,,,,,,0.5005923630729974,,0.8700464119957159,,0.761997226074896,0.6227003942181341,,0.8922897570119094,,0.5786499215070644,0.0,,0.7710369569716901,0.9188093013286177,0.9163211162425076,,0.8406813381146534,0.8289735188268786,0.8455477596666422,244d2e5e9d27aab38bd91e338efee542e9ef1b32b81f5b1d04e493988fd9fb15,42ef6482e36a3fc9d3fefaf6ee832e646e4a322238c9ee94517cf29cccb2a2fe,2ca882fd02df99eb616d75877c8cd4d4caeb39c5af674f7e2d49059caf3865a4
flooded-stone-bridge/0311,flooded-stone-bridge,train,0,0,0,921600,0,0,,,,,,0.016311735387403714,,0.0,,0.7208333333333333,,,0.9617436232932989,,0.34468734112862226,0.352059925093633,,0.43819056284934355,0.8842042820577606,0.8521569637012246,,0.6491545668321451,0.24648587249751527,0.9010350052475812,3ec9872d416c77c2223a85177374f753b9fa22546177d378a402366f3a00fac8,6561271ce4c565a4c37ee75a811cabfb1e535cadc0ff4b3b0a20a98020fff530,a0517d6c683ff33c29b8d29c631f245eeb90f7c6504c57d7d67d4a8539418e55
flooded-trackside-woodland/0306,flooded-trackside-woodland,train,0,0,0,2065299,0,0,,,,,,0.838509895847207,0.0,,,,,,,,,,,,0.9789044672100129,,,0.8993242926188354,0.9599317509768719,0.8993671206916048,0021b7212f209be14d804f00cbd09a05f058de3d7582bd9ccb3bb068575fac81,8de09c6caae8edb989f229fdf3de804a969a3c4d11baa415faf551b9c1f5cd1a,1094ca2ceef2afa39f4597eb992c965d2122e90ed8fcc029d8a03e2b841f1a7f
flooded-trackside-woodland/0307,flooded-trackside-woodland,train,0,0,0,2073600,0,0,,,,,,,,,,,,,,,,,,0.6827380437602698,0.9792883526985293,0.0,,0.9228299530999171,,0.9557778923073476,05638be2766fc4b1131b1244aba691384afbe16930ecba0b0faf7738dcf28e31,8965ae7b242b8b889a19b35409caf90d8ce9f841d962398bb5984a9bf7e3e501,c4f0e5f148d6fc64637e237aacf6fafd1ab3a48784df9ba3ae93a1d864cb87c0
flooded-trackside-woodland/0308,flooded-trackside-woodland,train,0,0,0,2073600,0,0,,,,,,0.1302943287867911,,,,,,,,,,,,,0.9712803529153029,0.0,,0.863349283173835,0.7771929636268018,0.8301245271227121,0020a0a56903de99cf38302e93fdee20ec756bd51a40b2edf7884183de063666,0ae12b44425bb812368f8178ac0aef7e325786d592a022eefc8bec3277618389,343b77e197775a99ad878cff0f9f544b825a4f5a8a170873a95d3d6c669ed85c
flooded-trackside-woodland/0309,flooded-trackside-woodland,train,0,0,0,2073600,0,0,,,,,,,0.0,,,,,,,,,,,,0.9857564007885188,,,0.9154152481917266,0.7386860993597596,0.854754609839712,b0aed51ac2b31233ca1f0b25b0f75d6ad53e8afd209b956cbf317def34ebd785,0da5d8691c2ef3a4af99cd06382ed6b5e9acdc9dcff28e445e132c1371c91740,fb3a85686e105536b9bc0dd97079f3d3cdf4aeeeca57f6800e4c2b95aa7ff418
green-roadside-cab-view/0174,green-roadside-cab-view,train,0,0,0,2066931,0,0,,,,,,0.9737679988594782,,,,,0.9677266697737784,,0.8369468037550291,,0.5829413297918554,,,0.43731931668856766,0.9580328916392009,0.9847014355274782,,0.7961796809403863,0.9252620919019069,,ac8756b81048f48af6d2c3fee710b8b43f34a4e658cde8c09bb9f690902790e5,b77c97dcd4fb55499f6f8e29e571ffe8b252988a1383fbbbc8633d7e7d35146a,4dc24b8509304c402188badbde8b508fa98224c0f9ea2799a91b139c27cf16eb
green-roadside-cab-view/0200,green-roadside-cab-view,train,0,0,0,2068241,0,0,,,,,,0.8266829333277241,0.5498199279711885,,,0.5255972696245734,0.9022977249533548,,0.0,0.8728988880268942,0.7762292514876292,,,,0.9798769835865275,0.990396701889769,0.5547372611464968,0.5014364867638005,0.0,,647d89550b9094d69144e9eb687405a9b548e981193dfb8682ee2e38bdb37aa6,ec9c895b7bfc0e04c27e3fbfa6d40129a216d6b93b9c0d141f0a7cac2f4cfb82,dfaf832f3c783fb49bd855e56383576e88b4a5c81d0c6288fb644842e9a0efa1
green-roadside-cab-view/0201,green-roadside-cab-view,train,0,0,0,1982777,0,0,,,,,,0.9483381137168888,0.0,,,,0.7482861060329068,,,0.8320872903616893,0.7351156530863634,,,,0.9792645817382256,0.990052987087381,0.6639285714285714,0.7576054955839058,0.8228116586312691,,cec5a4a2267098df2b64c119ce4e99aacc9014722b05125b92bd8da623cddee4,79b14e0ec0f662a0b7defa39504fefcd6253e1a53dbd690216307f9800fec399,0637fb2cba9ecd8ac538891f4fb8802292044fce22e37029e82a8ffc45d114cb
green-roadside-cab-view/0203,green-roadside-cab-view,train,0,0,0,2067934,0,0,,,,,0.914712698793255,0.9755446688174613,,0.8349609375,,0.31092436974789917,0.6836967889375218,,0.61455,,0.5041343021799047,,,0.8715648964448949,0.9731023592634411,0.9909458495804822,,0.6872607030978072,0.8769387372425063,,18638926136c9e885bad8a5394a86973d90d5ed5638573e5985654dec64db548,02d5c3cbcfb22b2c4080b9d7ba8d170adf3ed46933f9dc0d14cd85562a56b0ef,ddb552a42b8669b61e63e45db4ea15c28766264e5891568502d5e42ee2ab2d80
green-roadside-cab-view/0204,green-roadside-cab-view,train,0,0,0,2067934,0,0,,,,,0.881155303030303,0.9775902690263547,,,,,0.45664571694599626,,0.47751710654936463,,0.0,,,0.8395740078472239,0.9720197308530983,0.9951684800980914,,0.7529590999648423,0.9255436429395723,,cb34ab4d9a1966c9d974500a92359ca204a93a0c8283bcc59a5f16456005f1dc,394bb5dc28c3d0b30d2087556ad26a909667e7937eb766dc4284b1cb12445c2d,4b8e7a89a9fb80d1bff5af8624449ee36be4611106b11d6e3bf0890cb59c0edf
green-roadside-cab-view/0205,green-roadside-cab-view,train,0,0,0,2067934,0,0,,,,,0.939434843614017,0.9786052951241494,,,,0.0,0.841406108801735,,0.7152349311817751,,0.3063619518221124,,,0.0,0.9826080197600808,0.9924465274818918,,0.7750345462920313,0.9363751433883153,,84c3ad934ba556452a390cf9a7615f786d7bada1f0ce3bec466c1ccd2a89b441,95e37b185a66109b9fa6014f770ed4e160ff0b041a57284a73413e84b110572c,ad04d18c0ade55c27736d76519f9f9c9294eaa8ffa2f8f1e0f9bb4e7d184e6b3
green-roadside-cab-view/0206,green-roadside-cab-view,train,0,0,0,2073600,0,0,,,,,0.9325134511913913,0.9742275867304334,,0.005390835579514825,,,0.9113065464739185,,0.777044975725932,,0.8092528354834938,,,0.7755910489274727,0.9788863014490611,0.9871561540278763,,0.7230848861283644,0.9508539977864856,,326099a1d7068b475af019e6dcf936e26aa1a539954a3f0fa5df1a5ff8428999,5e5fc2a4b032976fc815abe170cc8547f7fe1cada392142df6cda57eff6e1c5a,22a008ba6c43739be10be75798dde5447ad618e67a5922d3f7c3557239714702
green-roadside-cab-view/0207,green-roadside-cab-view,train,0,0,0,2067934,0,0,,,,,0.8801116135860676,0.9853061852497692,,0.0,,0.6141995981245814,0.7892506429740472,,0.7062423500611995,,0.7909348987152962,,,0.7021425980317587,0.9674417395925984,0.9924891386032879,,0.8347731199418023,0.9536857637332709,,0a69c574d773bd2b02269bec42203fa65c198e4f1f50743335704b45db4b879d,0eddcd0c9c23c948c80539aa5593c3fbc7649e64694a60c1e458201173d047ca,669d43a7e497195343e42a36157ed86759fe2d95fcdc6d345b8eda78524b856c
green-roadside-cab-view/0208,green-roadside-cab-view,train,0,0,0,2067934,0,0,,,,,0.9050312593033641,0.9816481855512901,,0.0,,,0.007257448433919022,,,,0.7368466798006722,,,,0.988459549118927,0.9872498187939863,,0.842026825633383,0.95386365778454,,3b8efe8aa3a6e136add1665ab904a06b78b874796e0c18912f3ee9f3ff74d366,f449b48b1e1888c6196e82bb26e0b4f7d76a050cbbdb529983c5bd83577aa7c1,4c59b101a14b35f5ea2e3af560c06b960dc39d7d9ed8adfe673f026d23e83717
green-roadside-cab-view/0209,green-roadside-cab-view,train,0,0,0,2067934,0,0,,,,,,0.8290038883573217,,,0.9545186100810328,0.8882723833543505,0.0,,,,0.7342471358428805,0.7492461145905822,,0.8468798195336418,0.9507419915952912,0.9861622929685531,,0.40255673564257355,0.8682655380515715,,ee956750d1fd8c7676cd76b8db71bf93b9cbcedf8b4aaf4e538041ef501ade04,9215974802ff1c3a3f4ba3b5a8c526785e3e134127875b97fb97ab0f1013f765,3bd14ddfc4ccaac4d3f0f7e14723ee259416f99f5bbb4c21913653a14fadceb9
green-roadside-cab-view/0211,green-roadside-cab-view,train,0,0,0,2073600,0,0,,,,,0.8296880988884631,0.8438457423527695,0.36351763169351325,0.3205508105281506,,0.6863403079352547,0.8624905927663907,0.30269239234098744,0.6474714605782567,0.9051054765340479,0.6487312748394987,0.47831161252674576,,0.6778851807427267,0.8662468251406161,0.9862407509183565,0.8629556116925298,0.6224965257908935,0.8768014372014056,,41f0cad9cf8e4e11e5a870a293f740a7bce70a66b0bf5b0e86c9dd1fa6396f5c,bac45ffaf5fd576f297c552e8ea5f461765b12c5c76eae223bb8742621fb0cb5,ad33414cdfd59d6a7fe929b9c3fbe9bd60ed8d3e2e6e6bef817e9ed99b323896
green-roadside-cab-view/0212,green-roadside-cab-view,train,0,0,0,2053761,0,0,,,,0.7740638969774023,0.43747238179407866,0.9265395478317274,0.06570605187319885,0.6974588286617952,,0.8576003660070914,0.8513229068947975,0.6758031503070214,0.8246014675064003,0.7577141446556406,0.6057032420919776,0.7652400891837512,,0.7973893534570671,0.8124851441442461,0.980048745087837,0.6056824726435016,0.8077570706926568,0.9120264231591219,,19490f9f31865422ef3257bbecd836b58a75e1200af558b47627240cfc9e49e9,586eda51ce95b9ec0c0e71fcb2377dc00b0f62e5a969c354b927925e1f153106,d83cbe5e4d6c081ea4f037d7be09b4c2ac9ce4b59cdcc2882f2be58c1cc61750
green-water-cab-view/0263,green-water-cab-view,train,0,1581,0,2072019,0,1581,0.0,0.0,,,,0.8687635988853686,0.5911136107986502,,,0.09345794392523364,0.792074299930788,,0.7947611502545259,,0.5767696909272183,,0.0,0.46484601975595585,0.9563885455836335,0.9967036983706788,,0.7472864933552179,0.8499400479616307,0.6947286303354508,d38268ad352c084c45d9c129d86eed80ec34068717620fc1685f07a6cefd1468,82d378a75617dcc00963a8461696510c838eaa15eae06a60adbfb38dac5fc22e,095f02cfa942eafe5bbce8df726a060c18e89a3615d50aaa9a7314ecaeefcdfe
green-water-cab-view/0264,green-water-cab-view,train,0,492,0,2073108,0,492,0.0,0.0,,,,0.9425841137150424,,,,,,,0.2876805669119651,,0.9539655556164861,,0.0,0.644168824131495,0.9577863148645789,0.9858792198033453,,0.6974404378622022,0.931347940592683,0.53747414727028,7ac26e3576a11b28c401290cbed89e663ce03d2ae23dcbd062e1ece5d3ba81a1,02043cebe3ca604a9e183ed93d8ba19b67cc40728745e1bc464f5679decd5bfa,dc415d922a6b8818c5adf691e33480a880d3dc6916b81bde51097a57614cf2cf
green-water-cab-view/0266,green-water-cab-view,train,0,0,0,2073600,0,0,,,,,,0.9579467632830007,0.7439963336388634,,,,,,,,,,,,0.9868367584044649,0.9314787792231984,,0.8711075697211156,0.8102879696710031,0.8178999912426658,1b57cba93cf3601d156721ce3f759bba69f41268fe5b975191c86fbff322be98,705e31e2edbf1c6b10421dbad0215010633600952f721fe64f10d5852d401b2f,64e80d4f777df627c536a71f9d9219714ec81a734264131dbff4c61367a18978
miscellaneous-flood-stills/0275,miscellaneous-flood-stills,train,0,0,0,249696,0,0,,,,,,0.6914405292291076,0.07048984468339307,0.30257510729613735,0.9557995782124936,,,,0.8060265950957668,,0.0,,,,0.766610381029293,0.9874621239233651,,0.5392910634048926,0.6337260777770211,0.6733330817704992,61c2965c3c11954382ff9e9e06c34ffa4996a9a48b46aa7f5490049b85765bca,03276c63c9cd09da59f8409c41b9a381d944818e83aef5664981f7567f9a3c45,1e3402a944789d502bf5f418a7cd46eeb70b7a68a9fc9397125e5fbba4257db5
miscellaneous-flood-stills/0276,miscellaneous-flood-stills,train,0,0,0,920880,0,0,,,,0.8527390536029845,,,,,,,,,,,,,,,0.8905285804465172,0.9863899211848774,,0.8142641954286463,,0.9092185173133698,85d7d06fc795f58f6e51ed5e91c5d5d8ab1f41194ab44f3471da41bdadf45973,3a0cbbff7cd33ff9ac48f3908c9fd4d2bc5716978ff64051e9719dd6e833b22b,630fa8b611f6bebda4608a40210bce36286224af118a7ddfb1f5d3391d6a1c6d
miscellaneous-flood-stills/0313,miscellaneous-flood-stills,train,0,38,0,2073562,0,38,0.0,0.0,,,,0.8321257061292625,0.41361446407294206,,0.9522257368596688,,,,,,,,0.0,,0.3316931110664792,,,0.8825722152101549,0.8423479178261989,0.8847924026373375,74272d0a74c881e4e18e9bf6000c065a51519bf7c05acb3c8e912f075c3b5ddf,f1ae22903da80e5f5b78fafd97ac79433e9f7660531a8540fb329a6830166ff3,7f0d749991eafcb70e2e944268fc829618b71b55dd0583c8d06d674044910125
miscellaneous-mud-cab-view/0173,miscellaneous-mud-cab-view,train,12537,91,33547,2027425,46084,12628,0.271510557661072,0.9927937915742794,0.27204669733530074,0.0,,0.7780552909167375,0.6938741270473754,,,0.8963721867651999,0.0,0.9403311809020644,0.0,,0.751340671747107,,0.271510557661072,0.0,0.9646425769286103,0.9960155298640716,,0.6138142470694319,0.8025847387286578,,f0ca7b2f878f2a5e167e558097ca517d126cb474aa25f5b0ec0fc4d6b1e57432,32a73b79a5806d70cd7a9d80baf0d39b1f4393bcf4a3701fe9f1134962c8bece,5d8f3e77b302763929dafd26500e3f7d2c8be42a989a65fa4724cc2c90289b3c
miscellaneous-numbered-cab-views/0013,miscellaneous-numbered-cab-views,train,0,0,0,2088960,0,0,,,,,,0.9775302193083761,0.0,,,,,,0.672819216182048,,,,,,0.9690765666688004,0.9813353917406407,,0.8442365109831521,0.8858189408511207,,cdc7c624979074f91663aae6c612b6f6c370af9ca88a91ba076c2bad37e6c319,0eaafc1f7d1f70cd68db2eb5151301233ef3f3cd718d66571eee6a4299eedf30,967dcebdca2f17c7add5647d2b894393acd2e36dd0a7c29345784495e14fca55
miscellaneous-numbered-cab-views/0014,miscellaneous-numbered-cab-views,train,0,0,0,2088960,0,0,,,,0.0,,0.9428862406268222,0.6595912665877137,,,,,,0.9560084039277386,,0.3905053598774885,,,,0.9534998511368444,0.9496376119583028,,0.7874946914507857,0.8368398027362393,,00a59e617c6d81492253ece8ef06493164bef224314ee99156bc01663f8ccd38,f8150f0c2a2628f28b20b603a30b8b3829dc4ddd821458cd917236a0fc08b586,c118dadb32d9b1c61c36fe55dff11067f52d1d1c40c5710a21eb5f43b3e67dbe
miscellaneous-numbered-cab-views/0022,miscellaneous-numbered-cab-views,train,0,0,0,1932681,0,0,,,,0.0,0.0,0.9526848459366929,,,0.0,,,,,,0.0,,,,0.9842881608652188,0.9807160021639848,,0.6614179218013084,0.9424227464040366,,34431340589d77bf879a5d44b35f1ba4ee67944d06302e41751f49b52c7cd6bd,6f977a50f3c53a6cac0d8cbaf6af2c29627331c93869e55273dc1bb80023aff6,a758d5635f987ce3413d091bac297c4c02f0ac890c8916ac03ffeaac58f8d367
miscellaneous-numbered-cab-views/0023,miscellaneous-numbered-cab-views,train,0,0,0,2088960,0,0,,,,0.0,,0.9425704068684805,0.685070882225602,,,,,,0.9446075277827334,,0.5139186295503212,,,,0.9501676322247362,0.9544900662251655,,0.8137958410943845,0.7623614713978597,,4dbdaa16ac641963e653bf5fa8dce1b9b05b89b3a3d10f8da2e3c9c38deeee7e,d15d0fb83fc7bb953dbf81e78bb9d83c848fc8a15e918257ce7bdc09120426ae,5b0b19adc9807750e14cfe36ca0bbd6d2ac8ee386a90b235803eef34a967b85b
miscellaneous-numbered-cab-views/0024,miscellaneous-numbered-cab-views,train,0,0,0,2088960,0,0,,,,0.0,,0.0,0.5439807697682869,,,,,0.8503039781747198,0.3358862144420131,,0.0,,,0.5678760701182226,0.9922883022047465,0.9973210550591567,,0.6940967234420959,0.7167886324159252,,35db7be7064f509351e3627b33430eabc718080e493e83ad1551491d62e1f113,d8556356afb32734b38fc45466c904ce057dc08037ba8cc650edaf124dd1d86d,694bc7202293fdffc4e6c74a57761dd97651c4adea7fbac7e839446d5800a974
miscellaneous-numbered-cab-views/0031,miscellaneous-numbered-cab-views,train,0,0,0,2088960,0,0,,,,0.0,,0.636605639867942,0.6560540342245528,,,,,,,,0.6367803152138951,,,,0.9782593702094877,0.9879777039029307,,0.8266882302462208,0.74437702735307,,582a1052402234b092c9e8f0eb985ba78c3b1068c2ae8c12c805aadd11584b0a,7f02b5df890d74feb99bae4ac2f419b3e48fed2208d8047fd2d8b9a7d2f2cd7b,25dbb30ab46e409ea4f389d205d39c88594079fd6acf910c68407be4257ea331
miscellaneous-numbered-cab-views/0044,miscellaneous-numbered-cab-views,train,0,0,0,2073600,0,0,,,,0.0,,0.9380897770473448,0.8912291461759108,,,,,0.0,0.9410214780859976,,0.5285842562107154,0.7650663942798774,,0.0,0.9671633014772087,0.9970467668708952,,0.8754475857495931,0.8219793264281362,,bb02fd705ac7b08fb3ae7c618b46f5a9da4ef32b590259233156f5fee831aacb,88341a86688a995a11401395977a1f70d09fcb7f5e90b34db64d6900ee238b02,5a21cd8808d498b23a790a2cd5a5683095d08acb0bb9fee0dce35acc6afa3ecd
miscellaneous-numbered-cab-views/0046,miscellaneous-numbered-cab-views,train,35685,7747,2746,2027422,38431,43432,0.7727705833946901,0.8216292134831461,0.9285472665296245,,,0.9417095721039973,0.13748344370860927,,,,,,0.0,,0.6397823458282951,,0.7727705833946901,,0.9845551474448219,0.9858097141498137,,0.8938083294944635,0.9328115719227141,,a1bc04fa20bd623f99bbac759e22dbd90554263ca7b217cee49ddc9fedd59da2,3d2b997eec63c459421626f6856cc0913505f918106b37c1868681f35c7e3799,2a3a62cd5215d8276e1672cefeea1a9b7a3d3a84c994a91b01b861bf31354a5f
miscellaneous-numbered-cab-views/0047,miscellaneous-numbered-cab-views,train,0,0,0,2073600,0,0,,,,,,0.9130887189933247,0.9313325084133952,,,0.7980854197349043,,0.972046868548812,0.45311689274331035,,0.7205352202417881,,,0.9114919845367793,0.0,0.9911444982936592,,0.7958481784294746,0.9243291269796889,,b74e6210f53416c45a93c3fb1a022de2cc33ed02723512634c739624b649276d,e7ddacfbff98ee0b1860229ca3eddde6d4869988720c162c8ddf46c159778cb8,1658fdfc330b50eb49e6faf7e2f47f9f54ecbf56107995d3a663222285267f11
miscellaneous-numbered-cab-views/0050,miscellaneous-numbered-cab-views,train,0,0,0,8211774,0,0,,,,0.6296580868228967,0.07995296884185774,0.9663043042239962,0.6467559947152353,0.7014346424802487,0.8626170806783303,0.912548298866876,0.17881555686505599,0.9758445882872336,0.764045580815239,,0.5836733259536485,0.6683976261127597,,0.5387872617742991,0.8129967412573077,0.9327260419592881,,0.8858881992969055,0.8339947733852578,,33fc6fbed915cff715396fc229a8e0da423ed1d84e76cec2dcc2a28d124be983,d7ea88db43428e6a079bd74c9f89f6882e170699de87112e056241c2de64cecf,5c0c7442600e59bb0276d59a0da8bfa08fc63f6227e29fe22f226c2f1cac6ad7
miscellaneous-numbered-cab-views/0054,miscellaneous-numbered-cab-views,train,0,0,0,8175947,0,0,,,,0.0,,0.9251180795055396,0.7458234697328373,,,,0.0,0.06344861905946753,0.7874104125989407,,0.7928908743186633,0.6732907930720146,,0.0,0.9823683617182426,0.9749908943825619,,0.8223432610963032,0.9326386839302442,,ac828e814ea477c826e95def13cde08680d0a05dbe64cde8303472779d31fce8,f84064519f157a788221b468dae3b21eede54efb2623226da7f5f33407490909,8624069702d85eee6812d1000dab16dd7798bd55fc7257d9c133cd7bd79d99c6
new-unmatched-2026/0176,new-unmatched-2026,train,0,143,0,2073457,0,143,0.0,0.0,,0.06442912795924483,,0.9582263167088264,,,0.9779848247258526,0.0,,0.0,0.6573799644339063,,0.5484913793103449,0.0,0.0,,0.948089548465765,0.9908990893329263,,0.8567778322057908,0.8783960482347813,,fdfba692303712b2119a1d725763d74b54fa20defdb3415916105955f503bd9b,a4a945408fb28a872aeb1b860b8b94abdd259836428f6aee085d01ae61280ccc,55c48099d95b2f4d3a3c94e234660457d8995915581e01056a1224044a0c26ea
new-unmatched-2026/0177,new-unmatched-2026,train,0,0,0,2073600,0,0,,,,0.8421665695981363,,0.9526667778210045,0.0,,,0.0,0.7487304781067357,0.0,0.0,,0.13646110301054978,,,,0.9873511953779159,0.9949128819549724,,0.743911907955107,0.9377646283056847,,92fdd6e752f0a8493a8a0114320f0d3adb209985cc28a17efef842ce5c887b26,d635d6076eddbb99e91c6f5abab40f42ee0cb1e7f16f8b435011ab79c2c306e8,21ebfecdf64433490ca7c0bc8a58945594a03abddd3c8399b86b844b30a69aa4
overcast-mountain-stations/0214,overcast-mountain-stations,train,0,0,0,2063146,0,0,,,,,0.0,0.8404426229508196,0.5970961887477314,,0.7495345364720629,0.6113624937154349,0.735541663885861,0.0,0.5773022122765771,0.8604302006640682,0.7718302920665943,0.7011509635974305,,0.14043922226884878,0.633165412341583,0.961918370723563,0.5911653589072944,0.5490790351969115,0.6587118145467805,,fcf5289b197c7f0a48d5f375c13e6c090599b238c68ce299010e0babb86cb7e7,74c09644d3b234cb7e5ae04360d0c4dae6b6442f72a289f3d7e00b434c6a276e,ac3f841ed1d94377585517cf3931d82cdbc714502fa0a0cbcaf8d86f7cf1b01a
overcast-mountain-stations/0215,overcast-mountain-stations,train,0,0,0,2072972,0,0,,,,,0.7666440217391305,0.9429624950040613,,0.3985890652557319,0.9190111622379477,,0.0,0.40090497737556563,0.7089137826286226,,0.6896892126493516,,,0.7548635438445881,0.8659011336698967,0.9814276652064312,,0.7516216316394233,0.8956622217576987,,a4ea3527469f92f7e01c82dbad4e004af29e5a534ebe1ed94e96185736126eff,173b1546ec227c4a29c4d3625922c07d126a8b47dc212fca972e07638a79ab0b,179476ba1e0c9118fb1780b38b00ad412e58c49a1be1e46c97d8c1bc2a3f1d6e
overcast-mountain-stations/0216,overcast-mountain-stations,train,0,0,0,2068246,0,0,,,,0.0,0.7545404888706814,0.9571982821220357,0.6387566137566137,0.0,0.8797476098089595,0.8478547854785479,0.8094088344431454,0.8466652311998708,0.8045203102522653,,0.676601506567889,,,0.0,0.9887821666869461,0.9711281031964952,,0.8013004422505919,0.9540051094654465,,39f23d5418cbc5c465dddc13feda5ebb78e7eb06be8eacb3a5acb0256a95f409,582cea7ba18778754c9af1fb978db6ca3615699fa9add68d1b3f193026791d18,9cff914aef765b81e8df739b1af27dc14df9bd2331d02f5093319c56837a3e4c
overcast-mountain-stations/0217,overcast-mountain-stations,train,0,0,0,2073600,0,0,,,,0.2897787144362487,0.659434992976432,0.9777141434262948,0.0,0.7209929341762737,,0.3130801687763713,0.0,0.9435916604949485,0.6729670544769455,,0.7268388918680908,0.0055658627087198514,,0.7271476330909645,0.8697172406122808,0.9420209335780545,,0.8198095823095823,0.9090822139091991,,014ccb7933ce4cc405469bff1fb36825df54553c505c185a5c2b9ca46750aa01,ca4552b9772cd24b48a8ad4113a2d2044d6cd2c90ed3fa87f128fad6f25b5fcf,58debce560ab4400f6a43113fe54dc48dd59e3f8e4431c0ce61617e40024c81a
overcast-mountain-stations/0218,overcast-mountain-stations,train,0,0,0,2072180,0,0,,,,,0.9513444716490675,0.9851265476060042,,0.0,,,0.859590230350735,0.8116446300162375,0.8505431389686603,,0.8934289362538061,,,0.7480397628375504,0.9454162826601233,0.9641549496874373,,0.8769696595192485,0.9496278425472404,,7d192a396ef667bb5f346b4419b19250547fc8d398f9ad1541087e3b71df732f,90e80f52de853dc11f80453389a3ecb34f1f22cb5b5d50d82f0e9a9b69360854,cce817fec437f2375efc48737ad9fc22d4b5c7c31ff774be158beee11c0865ed
overcast-mountain-stations/0219,overcast-mountain-stations,train,0,0,0,2067917,0,0,,,,0.0,,0.9442655023501062,,,,0.6783815711754282,0.9524867910549609,0.786852158869747,0.9506921044338319,0.9614045528939146,0.6349227760167262,0.8868949461635464,,0.6852166357281093,0.950144976566251,0.9972057668702302,0.8166610150333447,0.7138330286410726,0.8952157868808269,,217eb3ce4240bbab2cd912c73d871881db741d3f99a15000d1343139afbeb72c,d217dddc00d910958978c3b8564634dc39934156e8f5a5909546434d3ef106a2,0234299f8fe42a1ca4f9cb87ffcaf4576ab46d66a8592123a411b3c22d29e189
overcast-mountain-stations/0220,overcast-mountain-stations,train,0,0,0,1926737,0,0,,,,,,0.9567658341428078,,0.6465433300876339,0.9762093334957963,0.807564698075647,0.7507631923244658,0.28651539987921665,0.7887526678910012,0.0,0.7584131786854934,0.831615518239722,,0.03463203463203463,0.9508002346626415,0.9941850627288037,0.6206482593037215,0.8872126802915243,0.8904575512772983,,b998518e2d97c634c8c2c846bf7f07e5ad02688387f15d657cc9646d080b722f,5fd56feefb695330a155944520011a8468c6cfecbb0f8823735f7759291e46a5,9b7cf2a6430476947197fd8c61120e5c21e903ae5aa9ba4982ba6f3e755b0f0f
overcast-mountain-stations/0232,overcast-mountain-stations,train,0,0,0,2051970,0,0,,,,0.0,0.0,0.9732787454535485,,,,0.68996996996997,0.7962514858210222,0.0,0.6436496870086332,0.8364779874213837,0.5864202523455192,0.9259143807148794,,0.6692547432883154,0.944513322380677,0.9824222140776605,0.6666666666666666,0.8880905991232343,0.9379418812549614,,77b17d1922889f7c1d3d5c9eb9eb7abb5f53399f38433a493e4e0d9f6d369bd5,9163d80ccf7bc87211d84eefed8081de6f20c1a73578962ba1efeb4df4582c35,900f5736963bb1bed64dfaca90950b6a109946e4761f319b7083578329965853
overcast-mountain-stations/0234,overcast-mountain-stations,train,0,0,0,2073600,0,0,,,,,,0.9687744765286408,,,,0.5595533498759305,0.5001077951276602,,0.17008659638554216,,0.7716436637390214,0.6815523657628921,,0.631801889866406,0.9756140688698196,0.9953210343787373,,0.8105544026089535,0.9246190549484378,,709cbea54e2cf9800bbf3d0c032a4ecbdd34ac081630e119aea5e897a39808a8,5e14ed6bb456482f44ea9456ba84efbc491c809bf6bf91f148be3dc8bbc3f496,88e52cbdfba5d5be4efdae8e9356aeafbfbf2f43ecfb7b0f9f44b44dde71544c
overcast-mountain-stations/0235,overcast-mountain-stations,train,0,0,0,2071433,0,0,,,,,,0.7994043288468534,,0.2752652149637074,,0.6626794258373205,0.9065663533408139,0.0,0.8982540286023455,0.9048679268144917,0.7997818142148039,,,0.5920338146365544,0.9436985602952245,0.9835394329422725,0.8021462397358474,0.7365870876652548,0.8925743429366255,,468c69f20ee4665d35f34a795d6f47eaaff96dedee7864164a769f063403427d,a6f6323515aac89998837b46a7e676cd3a75633f3314472a74cd0ad6d91d0636,659056ef5f163ac93848c32f5057a5894f1cf2f137f5d9a29cfb1a5bdb8b9a88
overcast-mountain-stations/0236,overcast-mountain-stations,train,0,0,0,2064486,0,0,,,,0.8328831870357867,,0.9582436385715074,,,,0.0,0.7978463329452852,0.697240672372555,0.9506827371565875,0.9370601246732355,0.7140290719926266,,,0.6284870089477965,0.883192297906219,0.9903174555592194,0.86553911205074,0.8454946767073488,0.9095254798632808,,7d0f48496493980d7a6b226310064c37f280f0d3d8723af88c69108db233c6e9,d086edbab9f13659cd6f7730e857ea9050a4c2dfdbcbf346fa89dbbbaa3fa819,2bc877adab569ab734b8c474b261bb45563a4fdf2bd8f62799cc3c936a850549
overcast-mountain-stations/0238,overcast-mountain-stations,train,0,0,0,2073600,0,0,,,,,,0.8158039854618373,,,0.9802599823107121,0.0,0.2069368667186282,0.6324734902609611,0.8575561882276693,,0.7348538564563145,0.8154506437768241,,0.9757832042882668,0.9738984022989865,0.9926287932251235,,0.7010380800657793,0.84125863047697,,38d3daf79fb1b3f1c4c8c5bf74635d5954f16b3c5be5297e9e5ac9b077259d42,994f9713200099d24deb58946cee11612e19cad501de11ba1cedfdea65a792f0,306f235164c293e7b808dc5cf946a514049e36013dfc28debf2ea9f4196449f6
overcast-mountain-stations/0239,overcast-mountain-stations,train,0,0,0,2037585,0,0,,,,0.7832089771458787,,0.975852795992043,,,0.9647929018616029,0.478373382624769,0.0,0.937316218244923,0.7520943551242519,,0.722307746628063,,,0.477643345607575,0.5472285024960928,0.9803778408627032,,0.7968432264936574,0.8243827573517112,,a48c958611d90e4471af958912e453f589b8b5533315c5d59ce81b77a46a7bfc,0821e76096f2d948662c34edd7251a3a702f4f86b5f0639ad4ebfa76dde65c39,1bb8cc83522217f93f3c80f49df6a0d650df1a0a72e3b4f7451c9015557d373c
overcast-mountain-stations/0240,overcast-mountain-stations,train,0,0,0,2073600,0,0,,,,,,0.9672074624223053,,,0.9256451268927277,0.6436298076923077,,0.10596026490066225,0.8740271221760889,,0.756369710467706,0.0,,0.46945182323110357,0.9557156867939667,0.9193065593890631,,0.7988082149013859,0.9256683412491954,,8b51f499144ba83986ae26ea615d1f3e8da062613143bac5e635ab5684f8c914,ec5ef1101a8496a4fe3e89c27333150b42b83b04442fe8619c079705af93439d,65289df1bf7d717f009efc46bde6c8d2f1137daae59b3a8c4fe77a0f334c252d
overcast-mountain-stations/0241,overcast-mountain-stations,train,0,0,0,2054723,0,0,,,,,,0.9619982272759939,0.0,0.0,,0.6783114992721979,,0.20650095602294455,0.0,,0.7402652008491349,0.773602630342884,,0.8618837853890319,0.9395840587195688,0.9751446071126628,,0.9037745713090757,0.967393197241303,,3625a2c4d4e9f8f3e0165e6dd90494d2791acd79e6142389e4a17e9e72601af3,7c47a95e5eb2184cb565bf52f191447540f2a51c89392876cc5789825633a0c4,9f74a1c2fb0383df725f4dfaaf270277b6485ed87a55eba99644b4c4ba2a5fde
overcast-mountain-stations/0242,overcast-mountain-stations,train,0,0,0,2064725,0,0,,,,,,0.9720534306517619,,,0.8895417229814286,0.0,,0.0,0.04172593646277857,,0.6281065243551509,,,0.0,0.9619504161772966,0.9829657543501433,,0.8581434264322805,0.9378241158152532,,ded050ca71f820d730759226ffc1d2274e07ef4601f63b34c13120c7ef05161e,e5621dbb9f82929eaa32be89ffc6c20a8853dacd37119cbd4d35a1dfa0d0688f,544483cddbc0b47e4f07b905d349a59aa14d4b069c7160e5f0302e5c80756ee8
overcast-mountain-stations/0312,overcast-mountain-stations,train,0,0,0,2073600,0,0,,,,,,0.9256443208887407,0.0,,0.45155555555555554,,,0.6873902867173786,0.7895722509187161,,0.8358106925555682,,,0.0,0.8267604144639459,0.9136683282036844,,0.826781511342581,0.9116553096703616,,5443a27572d1805ca781a25437ef08d1d27ac70239d96cb52f50717ff14822c3,cd7524fe86855d1bbc00c5f9437a737976a1453fe208f62409b95b11be6f50d7,417467c58f38ac65733f6579fbb289cbd4bf9208952d5786613b8f7d9dae85a4
rain-water-cab-view-with-overlay/0268,rain-water-cab-view-with-overlay,train,0,0,0,2030117,0,0,,,,,0.7208807290627287,0.7780710659898478,0.6735536341418332,0.46682750301568154,,,0.7895592970217333,,0.9803071643797805,,0.0,,,,0.9500652441839562,0.7570772539673313,,0.6671989242793512,0.7070770684090373,0.0,7a53e1b4c0a64e0b30e58ab9db89fcf98ce95254700008d25f5394d06f97a292,8345e900712013c77bfef80c596bd05cc01ed30bfed35402897f0715e4d1e924,3bd417bb2cb03982cd62625051c7697d7331c6cd2a80311d7c5aa948e9e11b6d
rain-water-cab-view-with-overlay/0278,rain-water-cab-view-with-overlay,train,0,0,0,2039943,0,0,,,,,,0.6679628835013945,0.7984179064227606,,,,,,,,0.38683602771362585,0.25,,,0.9860808072827013,0.9601580479220252,,0.7829478771142562,0.0,0.5678924193740331,ae02105bf482e4b7269f687a6bf9420a5d1fcf5bf84ca910a716df519b4a66f1,4c17fa98de07fb697cc8d6a82fe1574df38c19697060477017734daad0d5a10a,df3b3587f92d2e30b24d8d3234cb1980d07a889a6d9db83249eed8f081b088fc
rain-water-cab-view-with-overlay/0280,rain-water-cab-view-with-overlay,train,0,0,0,2054610,0,0,,,,,,0.5417775984940164,0.7346956384187291,,,0.0,,,,,,,,,0.9827194191827973,0.9428389613623473,,0.7498985526849723,0.842934131736527,0.32047477744807124,70a05bd99cfd467ea3e055a00e478d6e1b45acfa4adb761b94f8e266417d1ae9,4098d2b5e733662dc773d0653b36d9e745e3c5c162f30a4ce5212b86cdacf470,94d5d8638079d2c959d107af28de02e2b1798be471f30519ab5604c1bc4dec82
rain-water-cab-view-with-overlay/0281,rain-water-cab-view-with-overlay,train,0,0,0,2053892,0,0,,,,,,0.7517898651789865,0.7797902416780665,,,0.0,,,,,,,,,0.9916888011128779,0.953055728875899,,0.6995875073659399,0.8315383626783189,0.6330124923202949,a7da1f692dfad6e78cfde641dada58c6873c4539cb40843c04d9e3238e0235ac,180a4cd9f231f57b5bfe3c1b915a80b182b3c9c945ffae2b6a73052ffa34542e,f373aba87fc2ce24fd716fb348f16b48a9152df5c1e482e5df8752a9b89323ef
rain-water-cab-view-with-overlay/0282,rain-water-cab-view-with-overlay,train,0,0,0,2054107,0,0,,,,,,0.7029646250059675,0.6491971274106351,,,0.0,,,,,,,,,0.9850669677776268,0.9290227147370005,,0.6844908968307485,0.8805331158737035,0.6227611940298508,f9741378f2d70f2bd7e5236fc50ad4936840f4c1561be37a810e2aba8983efab,4f089a368ddf3f66fa942730ecda1b8c4dba2186bdbe0e20b7f5508c59e7cbdb,6389a573e7a5a73a7ab1a0a3e798f4e8e31dc61b8600b5de0f9b9c6c3e0a4e22
rain-water-cab-view-with-overlay/0283,rain-water-cab-view-with-overlay,train,0,0,0,2054399,0,0,,,,,,0.4787369570492599,0.7434821034025629,,,0.0,,,,,0.0,,,,0.982844268115913,0.9835694838841886,,0.7462553495007133,0.05447878470403353,0.7329018338727077,50f5c438789710cc8a44142a41fc391480200cadb38493f126501909f2df6f3a,46f13aaf0c4a668162a6794df5bc56c3db17562a9dbd2555adb903b8c26c5065,b0ff49762d9caca97853f8b3b3c48487d20576dcf975dbd4237576f7c9c90826
rain-water-cab-view-with-overlay/0284,rain-water-cab-view-with-overlay,train,0,0,0,2053828,0,0,,,,,,0.7652276040822938,0.5451939809601801,,,0.0,,,,,,,,,0.9838604582033741,0.7403897389053817,,0.775057426186341,0.726952474486528,0.4025689020848125,43ee426aa0b2c2ce8f85dc51fb77e1d7b14c6221bf250479b4fc3db9938e1d2f,33d82d0f364c85c4bfc46dee81a2c7dead7e1ff0c83843a6bd25d7e2d5f04119,925cf3999fa21d8573e9ff221d83df7a1d010fb155108d6ebc9b80404e160c16
rain-water-cab-view-with-overlay/0286,rain-water-cab-view-with-overlay,train,0,0,0,2054346,0,0,,,,,,0.0,0.833705088169992,,,,,,,,,,,,0.982977660925638,0.8519770336010861,,0.7178879514645938,0.1939535563020301,0.07611086669599648,65bb9a26ed2495d66bcecef26da2702eed5d5ef32bc6393785623c77524cec64,8f671867da6e3324a8cb66c2b815994ae10ae1ec68ba48184a1306a31e8f4a2a,0fd4a665d0d344224f1266dfcd75adf705143b6f4ee7f94b12657f4770d120df
rural-non-electrified-cab-view/0221,rural-non-electrified-cab-view,train,0,0,0,2073600,0,0,,,,,,0.8349881529955997,0.0,,,,0.0,0.9224198525119433,,0.9578412333544705,0.9081509808087246,,,0.9655714616704284,0.9785271961670119,0.9874990118733301,0.8209936320685506,0.3457400407095086,0.8231146635474542,,6411626e4dd88d0c532aa68480772b47bb488e0f02a7b85b9bc3a6689ed129d5,482fa66ea2bbaad879b3d94ac49dffca79303aa8f44871ff99fa139091168bce,5dd1057bf02637c57386935d3633b6eb307b928867a130764da84de2110bde50
rural-non-electrified-cab-view/0224,rural-non-electrified-cab-view,train,0,0,0,2073600,0,0,,,,,,0.8994621026894866,0.554609563123495,0.818920857575516,,0.4214123006833713,0.9740779185014736,0.0,0.9354446850716118,0.9797418363988737,0.5094964279491201,,,0.0,0.9289868918499409,0.9924472168560708,0.8818717956316866,0.7839352428393525,0.598825488649312,,1e41ae632ab7d25f8465de2e6f35040f43e06005f63f671f9bc38bc730cc1d23,14e013ec98edb93ad9f889dde346effd08deb25dea5bb168510dc27a5de98ed7,094191d9348027965634e5a3d6115ed02fd22c1a8eeb238598269b892b1f8b35
rural-non-electrified-cab-view/0225,rural-non-electrified-cab-view,train,0,744,0,2072856,0,744,0.0,0.0,,0.0,0.8975696606903424,0.9508554125662377,0.5075892748026299,0.8966138670207721,,0.27286087524493796,0.9150773856298473,,0.6096047484149467,0.8578269979048189,0.4368102749547977,,0.0,0.8102847856368983,0.9749795915935241,0.9910529657912305,0.6477768090671316,0.8038965904833271,0.8708085440070916,,f4f88535c53b204aba9d05b638314389fa878abcf8e01baf8f954e3c487ce4fb,88dd45e7d6a1c0924c267cb9957065f544898c86db893c70cf08ed5910b47846,b7ccb3b62b553f26603109852457cbd8dbb694113a0f1e1bfd86067050fe2962
rural-non-electrified-cab-view/0226,rural-non-electrified-cab-view,train,0,342,0,2073258,0,342,0.0,0.0,,,,0.9667119934729399,0.5559785964190163,,,,0.8942551505546751,,,0.9605299731307329,0.7890126206384558,,0.0,,0.9643802182816529,0.9975066301236885,0.8508784064185918,0.8669033287029891,0.9044112285818448,,31c04d2163a83cb2cbb97f6a65f78f6292915635dca2124764515620555e02a5,cc1a98dc433a2dffaf5c9e54f23cdc16e1248d56ecada8e23234d607d65dce93,78b9a521dbd7945c378bfe894b61d59e4d603caa64495ec96549315039ca9018
rural-overcast-cab-view/0002,rural-overcast-cab-view,train,34624,10294,23072,2005610,57696,44918,0.5092513604941903,0.7708268400195912,0.6001109262340544,0.0,,0.8012500758541173,,,,,0.926914514159864,,0.0,,0.7949994812739911,,0.5092513604941903,0.0,0.9487344689588703,0.9903568290966398,,0.8744028161931103,0.8943196455981303,,d6a1cdca475235fda34249ac027cadb8cfd26f48e206fe60727e06408ea9daf2,7541295884a711e816c38d561a56f88d172ad4121d1e9622385b9599b6144caf,98f15452742669e0c903fcbfbee29d4cc592a164ea3d8efe46a1296275077b92
rural-overcast-cab-view/0003,rural-overcast-cab-view,train,19983,19769,6214,2027634,26197,39752,0.4347343688813471,0.5026916884685048,0.7627972668626178,,,0.8724374068393425,,,,,0.8733142239556412,,,,0.8149705270457698,,0.4347343688813471,,0.9812254099634672,0.9954976658443004,,0.8789119461581604,0.8522838885941045,,04a002e5659f3d51126f61bc75400b6cef6d9688c3f19cc5a7f5110b8233bf8c,368630cafdffac3e53130c396eed24240568b6159ac269b13bcbb6d1bb7613f5,6084ab783096826d85df3aac48c57ccd83f2eeded31f1f4fab58ea72c0f3f763
rural-overcast-cab-view/0005,rural-overcast-cab-view,train,108469,4187,14961,1945983,123430,112656,0.8499572940909127,0.9628337594091748,0.8787895973426233,,,0.8942154687464982,,,,,,,,,0.8517532586744997,,0.8499572940909127,,0.9830351935885145,0.9865278612361903,,0.8773301638934067,0.90288016374535,,aedc6dab3debab63ed2639dc17103ad650d4dd41a6f7227f09b5480b90de2c40,c6a48a56696dd98f5974f241bea8c622141074f956d3aea9336d15b028b45f33,45ec764b5654629b39a71829d35a88514befd208bd8ca4611bcead0eb8cee1ea
rural-overcast-cab-view/0006,rural-overcast-cab-view,train,40177,2846,3742,2026835,43919,43023,0.8591254143055704,0.9338493364014597,0.9147976957581001,0.0,,0.9646124852307902,,,,,,,,,0.6790195506273708,,0.8591254143055704,,0.9633295305444536,0.9905217035695507,,0.8889376053962901,0.8578262187745952,,3db1516a2e0c1874fb0dbb51d803925befe045e5d166f68c67d2511cf052796a,940de9fc67ad22a2d27c9fd4769b827173ef23421ff12605affab481c6876f00,dab6ec7a9d9520d39114386fdaa3009d828742d3427d2cfbc87906f273df5644
rural-overcast-cab-view/0007,rural-overcast-cab-view,train,58685,17206,16454,1981255,75139,75891,0.6354973198332341,0.7732800990894836,0.7810191777904949,,,0.748079412511947,,,,0.0,0.0,,0.9309007981755987,,0.8358995866035588,,0.6354973198332341,,0.9346897253306206,0.9901056370248114,,0.8906080019340021,0.8505839808434736,,9ae138fc89678cfcd1474b9bf8cc396de8f0e6e2a43775c082e7fd324b1e9972,891237312b4d761a97244527dcaa04a9f26810693ba55afef12aee4046a931f6,037baf5d579d11ff0d2e5c440c2307e4f15e834f335bb0590b94c48fd5426b11
rural-overcast-cab-view/0008,rural-overcast-cab-view,train,57454,5320,23811,1987015,81265,62774,0.6635560431945488,0.9152515372606493,0.7069956315757091,,,0.857987445208074,,,,,,,,,0.6294027565084227,,0.6635560431945488,,0.9835538756576704,0.9925009185957177,,0.8102258064516129,0.882262045714515,,7bbb672efc6998e2fe07036354809c380b8c0b38f55bd9aae1815308defc4ec2,572a4409042ef311e85d6fd1234cae3c76099913c9079cb702d3f5aabee1808e,2e471cdeb8810e867b4733f99893042a02a75cd5ca01b3120d629168031d54de
rural-overcast-cab-view/0040,rural-overcast-cab-view,train,8684,76,29398,8207411,38082,8760,0.22758006184810525,0.991324200913242,0.22803424189905994,,0.0,0.8805592614670363,0.017856184598873087,0.27288135593220336,,0.7963125548726954,0.3742853058890795,,0.7147402693503034,,0.696969696969697,0.6096,0.22758006184810525,,0.9702654783194407,0.9939564540240536,,0.832643133149622,0.912733323363535,,021941b66ec27bb2fcf79d061d8aee08b9c3f292d08a9a7405a19e299c832db3,03d7ca34d25d285c9c357971931e84b25cefeed2da79cbebf813418ebcf853ae,b741a958aa50f2e76738e1a9349d55c0558d89f4f12b4d28960400eee193c681
rural-overcast-cab-view/0041,rural-overcast-cab-view,train,0,0,0,8244623,0,0,,,,,,0.9634321976299411,0.7609043089670582,0.0,0.0,0.8833333333333333,0.0,,0.8336149503601323,,0.8548900202781895,,,0.0,0.9792512404149752,0.993049683043293,,0.9161436580587067,0.9561975723604642,,ff35eda53bd2422223f5fcafb02cea4c44b441958325638de3a11790243b67c9,5eb16e71bb124361f4f8652f27e308c52264136dbcb5306a87c2f883c5829c14,988ef92e66abb5807b2416ee62167a630f06556feba2abd04554847130727858
rural-overcast-cab-view/0107,rural-overcast-cab-view,train,23601,1399,15775,2032825,39376,25000,0.5788105456774985,0.94404,0.5993752539618041,0.0,,0.8541848035704447,,,,0.11314984709480122,0.8767731782121315,0.8141114885559949,0.598531211750306,,0.5673333333333334,,0.5788105456774985,,0.9837319615179049,0.996069603485965,,0.8290578512396695,0.8901375708656701,,215b77d9cef9cc3af93c75d0f03981fcc3de1a90d89599e881fcd4a81e39bf3b,1f2e13eacc67db4ccc1b1898b2ee9de4f5fe5b3c921e281eaf6efc3968a779ed,a9f2970f2fc7543edb8b69a5c0147fd6433fb9966927153d20cd68b5e381d977
rural-overcast-cab-view/0108,rural-overcast-cab-view,train,84540,22680,3910,1959825,88450,107220,0.7607306757851166,0.7884722999440403,0.9557942340305258,,,0.6884774481828035,,,,0.0,,,,,0.794296987087518,,0.7607306757851166,,0.975804300388758,0.995043022056263,,0.9028825230273944,0.9207590069641542,,c33b247dbf2b4f39cc6e562b021c46ced689391a1b60185e8afc0ac60fed379e,3675771437023b100d1903dd7728f510a010fd931101a1229e30d896793df2e6,858ad7f191f436c68631e8916f76ce93461c25d6fa1f561354cae0f93e5ad708
rural-overcast-cab-view/0109,rural-overcast-cab-view,train,56196,13028,2121,2002255,58317,69224,0.7876655687153971,0.8117993759389807,0.9636298163485776,,,0.8394622819686701,,,,,,,0.7427884615384616,,0.8399474375821288,,0.7876655687153971,,0.9889234949140188,0.9795048235373078,,0.7895891212165521,0.8825808034775293,,f38954f1bfc9fe50b963723a16b16b8d3f9d7362875393e41e5e9796dd413c67,b5d03c87f28738bf1880863f87f22ad418d106faeabc5b621d3e22fd19e4352f,a8989e62435aa5d7eb64f0f8979c0cd70d4418237ad7fa9328f77680e6f4a54b
rural-overcast-cab-view/0110,rural-overcast-cab-view,train,135206,14255,3388,1920751,138594,149461,0.8845723557236227,0.9046239487224091,0.9755544973086858,,,0.7798715654279398,,,,,,0.0,0.7966349670811997,,0.8551183095027205,,0.8845723557236227,,0.9807971259817913,0.9748744870589854,,0.7415785419147,0.6452052501972411,,fdf24fc27e07ee485b7222ccde914085e8f087aa8259cc0b90e6f71e0a387ffc,6ab6a5d80714bfdca09a693d2b6ef8354c1298f4d007435af886bdf54a27984f,f029f97fe8dc70d462f0d2bfec68b6c1446ac47bae6e6c8a32ff2fa68e357e17
rural-overcast-cab-view/0112,rural-overcast-cab-view,train,77451,29554,11391,1955204,88842,107005,0.6541690597655326,0.7238072987243587,0.8717836158573647,,,0.5994927575059387,,,,,0.923667161961367,,,,0.7643135075041689,,0.6541690597655326,,0.9855677502720479,0.9856242100390693,,0.9130421900924389,0.8796608434669775,,8aa93fc1231db8b4b0a120906afce6efe281b5d722780d8cc957032da6e74746,7baa1b6dd76fce960eb947f27e2990725c86a6f5f51c52791202dfad46733104,45c156b91a3a6b5d0652e34439ed295bb980a80a08a3c3930d7993693fc15e72
rural-overcast-cab-view/0113,rural-overcast-cab-view,train,52340,16105,22122,1983033,74462,68445,0.5779146929897203,0.7647015852144057,0.7029088662673578,,,0.7139432796164732,,,,,0.6670745463931324,,,,0.8981171172123609,,0.5779146929897203,0.4371216185148287,0.9266058988870974,0.9946520122392072,,0.8702853542173012,0.9060092544356939,,ba958581ca15fdae026c4dc5918bbf409fb30ae6ee8593531607b3d3640ebc46,5619cab770a415ce98a48e4bc99f46359818dd6c29e09c86f079b60ee7199d99,f2024ab51d733bdf759d53ea73c904333308f19894902be2d1076edb0284167a
sunny-mainline-cab-view/0124,sunny-mainline-cab-view,train,25117,656,53793,1994034,78910,25773,0.31567503707613803,0.9745470065572498,0.31829932834875174,0.0,,0.7738175770900276,0.4860834306920487,,,0.16661603888213852,,0.9412919203586602,0.8991769694200954,,0.724330581840145,,0.31567503707613803,0.0,0.9193675306877294,0.9767977664711698,,0.5379559565386108,0.728201223514585,,7401f5fc76b6fc6c255d1dd4039a55eb15e32ab20cd3552dcac7878a8a74eb88,a7a2df50102d7e802732022e8559ba0e3680e8389a3d28775fdcaa5b3fe675c0,bbedfccd9adf542b6d4c1e4fe08e707606dc8a18bd83ff3825f8e2cc8389512e
sunny-mainline-cab-view/0126,sunny-mainline-cab-view,train,25832,2156,7673,2035572,33505,27988,0.7243767701410504,0.9229669858510791,0.7709894045664826,0.0,,0.8450719427836648,0.728076183021883,,,,,,0.9366644064214448,,0.7271394539124061,,0.7243767701410504,0.9304290301685525,0.6875839570140089,0.9816712222551629,,0.7807330134777328,0.9031386038945888,,a1e2fc892f0b131c74ecceb67559b53b91457b9cf91503592486c858fd335277,5e9d2acebf57172d5210c5c3b720a337687a9f178fad0f7fc5002f71acbe4474,3e51ab949aa9344dbac6132e80a1c42a3c658f77ac8356baa853a4ec9edaac4f
sunny-mainline-cab-view/0127,sunny-mainline-cab-view,train,19968,1219,4935,2047478,24903,21187,0.7644131383508154,0.9424647189314203,0.8018311046861823,,,0.872394296951819,0.5265282015946452,,,,,,0.9469698905809033,,0.7861683982012715,,0.7644131383508154,0.9141540234299981,0.8347054150211282,0.9782583036687188,,0.822320133488925,0.915221382717354,,0d4cde05aed2bd4fe2170c8e306ae84b426e1f4e3c8d7f9b0b0cb271454f8c9e,3a2f62b80bbbd8f815571d25354fdfb14621d54793dd0bfa6cc4afdc37595e4f,3e19081223aaab81c32cc4637a0e823e38db65e2c74401077e6828160217ad3b
sunny-mainline-cab-view/0128,sunny-mainline-cab-view,train,15477,1233,7536,2049354,23013,16710,0.6383320960158376,0.9262118491921005,0.6725329161778125,,,0.9088224634452109,0.7201388406803193,,,0.5470171890798786,0.0,0.588426140501887,0.7921699587892568,0.1196319018404908,0.677905117270789,,0.6383320960158376,0.7275117062351105,0.9226306226618549,0.988516322816102,0.0,0.8031426447244158,0.833585767669369,,24687c346d035f3bef72afba9b140f03eab022e4a90af673afe81fa9f274787b,09bf5c31ca2833eea50b69d465637fad45ede0f027180c676f50e73c26925838,370127555b8e9389145ef321aba97404788e46449b3c86e96e82293e1a011c87
sunny-mainline-cab-view/0129,sunny-mainline-cab-view,train,27349,7103,17743,2021405,45092,34452,0.5239773924705432,0.7938290955532334,0.6065155681717378,,,0.8439294176251573,0.6566423721184144,,,0.5826558265582655,0.6477848101265823,0.7370526458126747,0.8299328328723825,0.7580667307428257,0.7765038461971641,0.0,0.5239773924705432,0.5379941739492301,0.9234841708151835,0.9856487365509979,0.4878694309660344,0.7436744260373941,0.7493728209985301,,e52ffee04497a5939bda202788429a87b3560377d2abd91af07b4286a26b89c6,5d694e9c15aaefa0b7665df2c9da8584456f3b3dac39535757253b4487d820f4,170bf13f6e92b451342ace8bf5c020047777dc28887d169817f5a5883bcf8b4c
sunny-mainline-cab-view/0131,sunny-mainline-cab-view,train,30063,2214,13114,2028209,43177,32277,0.6623119120530502,0.9314062645227251,0.6962734789355444,0.0,,0.8721672610146095,0.4701062801932367,,,0.0,0.6744791666666666,0.5381460733537681,0.7723617334314185,0.26480836236933797,0.7613603103729581,0.0,0.6623119120530502,0.80718767826583,0.7775045943780889,0.9611823069893404,0.2057001239157373,0.7251047433787221,0.8820747312061404,,6ed3b7e372d8d5dc78b215af5af6f4653456cd41ece09177eab1178a747e70bc,af8d2a04956dbfdf21340cdf110d0b9d6e2829237768690ed087162d1ae36165,2174a2a9043d6a8d966a6a4fd8ffd1dcd51b14b58b88b8af0c2df5ba06f61d27
sunny-mainline-cab-view/0132,sunny-mainline-cab-view,train,10074,1043,3801,2058682,13875,11117,0.6752915940474594,0.9061797247458847,0.7260540540540541,,,0.9285450097656883,0.0,,0.0,0.7610294117647058,0.6684954280964256,0.0,0.835716547505958,0.0,0.820038266379364,0.7839416058394161,0.6752915940474594,0.7682467622007488,0.6829919193726333,0.9679044718193095,0.0,0.6629857599616885,0.8292019380099307,,e153b7e6bd960d596c08d639a6b6e83a0851899aff6c01d8e6bfbba8b04f29ab,204c422aa9c44f8b7d5b2eb481af1e29fa4744c6021070e0d2662705e7e0189e,cd69334a502f85482c0a051bef71cf4f03c21e154a84c16e702f9f75393a84ef
sunny-mainline-cab-view/0134,sunny-mainline-cab-view,train,27931,2663,7932,2028107,35863,30594,0.7249909152260811,0.9129567889128587,0.7788249728132058,,,0.9045566377259511,0.25012481278082876,0.0,,,,0.843266026269359,0.8866390506814359,,0.747285794382996,,0.7249909152260811,0.7457387368272155,0.9303864906743031,0.9904539356023119,,0.833915129063665,0.858003027367909,,9e4b1e6f4202cdfc0d9ff15e1ee6eb32270e1c0e88b7b7842be2345e74dab6f2,ca7f11b3b53842677ff683a60af0909d165f0e7bdad70e86ec532fdfeacf5b09,357a888e63455be6ca1be2fb1b9b71bad71bbf128ac0e0daa1416976dd0b247e
sunny-mainline-cab-view/0135,sunny-mainline-cab-view,train,14036,1234,3877,2049167,17913,15270,0.7330652321512509,0.9191879502292076,0.7835650086529337,,,0.9355326849729653,,,,,,0.8072289156626506,0.8466814837522992,,0.6887841323490171,,0.7330652321512509,,0.970380569924522,0.9929422545591048,,0.8753280063135049,0.9187729039899072,,917d7fdbcba14ad98f4155259ad4945453a4e76aecab144bfdfd515d95e55343,b6a73b1f8244f7439392be7102f2da394460911d789962cefb50cf25cba65757,080189011af1c727c1d5c86f51553da3402d50ad59b650b5a68c680764d86975
sunny-mainline-cab-view/0136,sunny-mainline-cab-view,train,66330,8712,20988,1972184,87318,75042,0.6907216494845361,0.8839050131926122,0.7596371882086168,,,0.9035756564193437,,,,,,0.7993217124936183,0.7523233834764117,,0.7065545387088795,,0.6907216494845361,0.8675478900120167,0.9742103878797987,0.9814798593470399,,0.887458348598245,0.8906673721806998,,23d8b5534877bd891ce5b404ae30036f3fd3a3f9769fc5d17235cd727642067e,197fc8d7bbdc4022d9b5cf5e18eddfe930bc031adbc821b3fb7895aef544cda7,d35a350537ded1225b2c766b0ad672f1974a2a10d048d19eb6beaa1dc5dd7144
sunny-mainline-cab-view/0137,sunny-mainline-cab-view,train,15896,2417,8337,2041683,24233,18313,0.5964727954971858,0.8680172555015563,0.6559650063962366,,,0.9273750066415175,,,,,,0.0,0.8219551095032481,,0.6582136863695692,,0.5964727954971858,0.5805117601447403,0.9753934273645021,0.976825753278774,,0.8477221198809692,0.9392499183417315,,a171edd02bf21b2bc889ac8ed17fe30fc47d76defd59a637e236ddadf0c76f27,fe62d749e1463b1b2a02805ef816e5e89d973e53a5a2098c5403781be1646e52,8ee4994242d87a1d85c5aba11f7eaea6cf7198c19f7ee59264c35acdce4fb060
sunny-mainline-cab-view/0138,sunny-mainline-cab-view,train,3892,2184,2913,2059361,6805,6076,0.4329736344420959,0.6405529953917051,0.5719324026451139,,,0.9451577131591917,0.0,,,0.0,0.7174887892376681,0.8693142966549054,0.7665819138460634,,0.5070319900896305,,0.4329736344420959,0.9244591487937496,0.9545734717178741,0.9891715505869739,,0.8891489820433055,0.9645395550061805,,461bdcfd80571cea432e10e0947270b1a03bad21b5efa4efc325d700d1107bed,9b93de1d6c571c4679b4c6c166281098003c47dc20a9bc6e8725f6a2cc661d97,b1c37d04309e5cbe6501afac4134c653bff770606a3b537ce1cbcdff6e63699a
sunny-mainline-cab-view/0139,sunny-mainline-cab-view,train,26515,4348,1246,2036231,27761,30863,0.8257809336946028,0.8591193338301526,0.9551168906019235,,0.5280720566159125,0.8924865443164348,0.2516091281451141,,,0.9374703931785884,0.0,,0.7293848711554447,,0.6820367508157307,0.0,0.8257809336946028,0.0,0.9496093848124796,0.9860067854146675,,0.8115108246112613,0.8619832771375993,,ea793969cdff22d7aeff4460d14cafa8007c32c5650e6cd3586775c958a0754c,f04ffab6071b224aa9cf94458c905bf5c66f7c4a9f098d0f1151766a202c3e74,9c3c439ed136fd2f1812bd59222bc1bfb5e11595430b1b271eeccb9866343819
sunny-mainline-cab-view/0141,sunny-mainline-cab-view,train,15319,4118,8642,2033286,23961,19437,0.5455678621033513,0.7881360292226166,0.6393305788573098,,,0.9570457218696339,,,,,,0.46820027063599456,,,0.7801974709856228,,0.5455678621033513,0.7924756316684953,0.9447528848247333,0.9491986217541453,,0.8590994047338579,0.9166810937884406,,2ab1618bf2232f7953374c7ff9fd6dbb5957a1d11d887a1004faeb1f3bfa8241,c5b7bb11d7a16e11ebd4ca5f2cd8e58e6b01971995825dc7db8b90321eab5861,0c4f35a37d5e695625b52fcecced7e5ae77dd331bb18abc97a1e54edb2fbc87c
sunny-mainline-cab-view/0142,sunny-mainline-cab-view,train,25300,1986,3795,2037073,29095,27286,0.8140021234838004,0.9272154218280437,0.8695652173913043,,,0.9554193860601384,,,,,0.08453038674033149,0.7588190356356447,0.7947905487129692,,0.486084142394822,0.0,0.8140021234838004,0.0,0.9768971614586899,0.9925039923732597,,0.9076925445754935,0.9578897526676735,,f9d4c3db5d27a80539d7e059e63c85bbda048e2f6d73d48e3b0e6d2541a023d4,8fb3a3361b3cedcbd74d9212b40445c40b7c34a84d64dd303f61a4d2c72154c4,b907c9761cbbecd23f291abdf5168ec91bcbc7ab63967377cbe32c393c3b1802
sunny-mainline-cab-view/0144,sunny-mainline-cab-view,train,7443,5577,2143,2052969,9586,13020,0.49086592362988857,0.5716589861751152,0.7764448153557271,,,0.9123047379473761,,,,,,0.0,0.2646720368239356,,0.5876543209876544,0.7673716012084593,0.49086592362988857,0.5153488372093024,0.9554628779051851,0.9675204376257737,,0.791997720869868,0.9420845435389259,,f6b634ec6548b8bf98554aa0ac61f40eb22ae85f7e7ae26d084ddb9500ae7e5d,d70ab00d52ae34ae6f1b770e428d1e0b4ebbfa4bfaccb7ed34e4430ca49985c1,351cca726fae518155a141726f734fcb2ac664ff8b3c0dfaa3594a1d56517448
sunny-mainline-cab-view/0145,sunny-mainline-cab-view,train,20366,1953,1669,2044301,22035,22319,0.8490078372519593,0.9124960795734576,0.924256864079873,,,0.9733319959628127,0.0,,,,,0.7364811245890489,0.9551483201539684,,0.0,,0.8490078372519593,0.8863327926914037,0.9472441225422581,0.9926545749189728,,0.8825310100413467,0.9376733266761055,,fcdb2f1d198ca40299c924da55b12732604c2030a0db21c6f4a86b3b5c804d35,0f953934d9f0f4da7cb3e46c89d3d0dea61aa9ac24ad33f176a47e6ac7dffc3a,9d189c28832fb3d22c81ca2649980acfa4249c2f9ef048043da556d5daaf8c35
sunny-mainline-cab-view/0146,sunny-mainline-cab-view,train,34832,12016,7865,2013371,42697,46848,0.6366311479904228,0.7435109289617486,0.8157950207274516,,,0.8896573616917809,,,,,,,,,0.5943835788943458,,0.6366311479904228,,0.9783851886196617,0.9802305819668367,,0.8159480686007373,0.9005247457493625,,144ac7ace9587dad2bd7d7909441c0b2eb1b7a5fd5d975855c31e6f54006cc89,f882a5279e95b63882b306a0fdd968e9c3131a2864242474a7e561142a4625f7,6bef3ca8261c788148b1df733cea9b6f717eea31132a09774cde024bb65e62fd
sunny-mainline-cab-view/0147,sunny-mainline-cab-view,train,1693,239,4279,2055537,5972,1932,0.27258090484624053,0.8762939958592133,0.28348961821835233,,,0.9315202401941104,0.0,,,,,0.0,0.8354034957233172,,0.6582557956158335,,0.27258090484624053,,0.9780434327519529,0.9686045768816861,,0.7492112559354983,0.9102434499675714,,6cf388fea166cff5c1481f523509bf3d72656e5aede0964f0ec6b15e88adea19,7b9aac3b84942b85ee007ace3e8af52aabc5de40a230c86d1a4772b298d5eefb,06572e9247f8e5c402a1a21c2889de7dd298dc5983144a4a1f7edce5aa12b923
sunny-mainline-cab-view/0149,sunny-mainline-cab-view,train,521,169,9968,2046846,10489,690,0.0488834678176018,0.755072463768116,0.049671083992754314,,,0.8803518070762636,0.5956855652538596,,0.0,0.32996632996632996,0.6557212110125309,0.3838615247549955,0.7344916283987438,,0.7182107369465205,,0.0488834678176018,0.21617717862301397,0.8708258750494425,0.9711868735419111,,0.8173118271162852,0.8615858912899799,,0f14ff36a7fdb27af6f7ec8cb353e753e159bb3b77aab52a80b13fe6937791bc,95eeab01f27c7865aae27495154899df43286c06b43e8597c1f0977fd2a195ba,c5822286db98b66d00211d7de032b2e28a90defe519c75a7ecd14d3f2ab2394b
sunny-mainline-cab-view/0150,sunny-mainline-cab-view,train,7255,2148,2201,1997541,9456,9403,0.6252154429507066,0.7715622673614804,0.7672377326565144,,0.20863309352517986,0.928576686664949,0.07901134521880065,0.0,,0.46134020618556704,0.0,0.723650833126088,0.8528997431131841,,0.6419943955937771,,0.6252154429507066,0.8421144867124813,0.9032411957216598,0.9940383420562126,,0.8191791954490044,0.899939511456078,,d4d60368183c52383216b6039fb814147d7720ff8a5ea3c97e9222f8f0eb8937,a86f9b31137c2cfe325672053454e95f6b6fe1b769e9835edbcd61953940837c,3bcd43f25a185e3f46fa9cc04792fafe836186209a803e9c91336c7832a7bbc2
sunny-mainline-cab-view/0151,sunny-mainline-cab-view,train,4497,2194,18987,2040448,23484,6691,0.1751304618739777,0.6720968465102376,0.1914920797138477,,,0.8650360209138148,0.7753056049334872,,,0.2524154589371981,,,0.8393968737031401,,0.5400010133252268,,0.1751304618739777,0.8211241834261592,0.8367369700755083,0.9900815708386321,,0.8507235704680797,0.8494832935658038,,4b1751c125ecc67afaa53eb1d7655c7a5ec051098de588dcb48ea4bc9cd3c5fc,e80f258a53d0d5624f90e47a73ab2a9dee90a2261893f9f06968830e26e1fcae,61b853501a464e358013873746bb95bb8a563794e24baeb3ccdf18b0d4f6a183
sunny-mainline-cab-view/0152,sunny-mainline-cab-view,train,7498,2072,4906,2045388,12404,9570,0.5179607626416137,0.7834900731452455,0.6044824250241857,,,0.8944529652351738,0.4810135227427947,,,0.6229402261712439,0.0,0.6442361412874791,0.8394479133695892,,0.7411118870897013,,0.5179607626416137,0.8629780713114047,0.8966969781402772,0.9815809659536029,,0.8533305035450958,0.8632231351491234,,7c244faef1d58c7c544581c4aaad579ceaddaf9f4f8593f1c642198319e0f064,e45440ffb717bc4b598004779ea15e237e1ba4c9c73cb27cc0b96794d8e4bd3f,2ec2ba490f96966aceb42b2148121af13a7e017879937784a44dea954f99bb4a
sunny-mainline-cab-view/0154,sunny-mainline-cab-view,train,14991,9341,1187,2042611,16178,24332,0.5874446490849955,0.6161022521782016,0.9266287550995178,0.0,,0.940849482509751,,,,,0.0,,,,0.5166934835076428,,0.5874446490849955,,0.9788302569594277,0.9165559638127165,,0.916470993908146,0.9457356224267331,,6ba5f4dc3a08179c05592eb64e30da7a3ab0f61eb7a134091c4cb022c307f8ce,dac38095dcbe26280a37351991f196700cc6958b431e99192616e9812ff695e5,ae74f8135f62240d51a7a9f18a4b2d5f9664c1c4cb21155eae931c6528a5b0ef
sunny-mainline-cab-view/0156,sunny-mainline-cab-view,train,7814,1509,1866,2049220,9680,9323,0.6983644650996514,0.838142228896278,0.8072314049586777,,,0.9615305248281942,,,,0.0,,0.8029744247574762,,,0.6678332803054406,,0.6983644650996514,,0.9772415678880856,0.9860513926463651,,0.9029907915513656,0.9390836880845732,,2a9b7f9f2e664a6492b210e6af5c8b3238a3d01e1f1d4f0c3506e92519ad0942,66a96574320f6eba811a83566a23baabbb50e25574efd274b18cda96e0b42442,feb7bef2ae50ee52a900e1da8c385a1c01ca0c31e947b13291ab0000cf2236df
sunny-mainline-cab-view/0157,sunny-mainline-cab-view,train,22219,13360,1085,2031550,23304,35579,0.606016801221907,0.624497596897046,0.9534414692756609,,,0.9328539398218688,,,,0.0,0.0,0.11539266467849107,0.6995626025150355,,0.7254131772029941,,0.606016801221907,,0.943331262546767,0.992414136858845,,0.8826961333355623,0.9219386644569273,,8e5da439095b7bf529ca9afbcfc297a86c96a3820aab657ef461687e06417c1a,653339694928a859f447c43e42320d1cd6503d7f644d3150a77a5274d8828e61,02ae4149b31422cd67593678f5709aa73ac5e6bf8ef635924281d77437234053
sunny-mainline-cab-view/0159,sunny-mainline-cab-view,train,18868,703,10261,2038302,29129,19571,0.6324751944220971,0.964079505390629,0.6477393662672938,,,0.9621889510462186,,,,,0.6802411252511721,0.6910807808284399,0.5887932720516331,,0.5857167620038135,,0.6324751944220971,0.0,0.9561955643515128,0.993166161704375,,0.91311511238883,0.9217247618074909,,0857b1a64422a748f3a1acbe2298b756354dc4e916a3e35065e7c7c8aa443cfa,4ceae0fc8775704b3c9b4c6cb0569eb7ae7807ab7173d390aef59f35ebbfa6d5,6e562138e5febff912356c492b40f5b91b679ac95bf398a5482de32322c9a376
sunny-mainline-cab-view/0160,sunny-mainline-cab-view,train,21237,7336,1433,2038446,22670,28573,0.707758448310338,0.7432541210233438,0.9367887075430084,,,0.9492461204318675,,,,,,0.7431163149768399,,,0.6945205479452055,,0.707758448310338,,0.9755088848652536,0.9913013093740923,,0.9069390664744099,0.9315678265620762,,3f99be5f7928e5a01c3e2e0da7c216742c167125a2f4df4f9eda959f3e86453c,0a56b4e26f053587a8b41fd98b7616b82f50a413ce7a4279e60244a66493f498,2ab7c3f4d6fa812741960245559bcbab470a11073ac0b964d0bbdc13e25837d9
sunny-mainline-cab-view/0161,sunny-mainline-cab-view,train,23730,4358,3566,2036568,27296,28088,0.7496682883679787,0.8448447735687838,0.8693581477139508,,,0.951574623173794,,,,,0.9454827739169008,0.724578474337072,0.8522703711382956,,0.6568726781492739,,0.7496682883679787,,0.9577407961828133,0.9939685677108459,,0.90484656411842,0.944683411623122,,016395879116dde76f1eddcc264a67c3d1fb136d9a0f2d92b33ab41044c4e774,fd25784fc16a2a7c6484ecbbec6bf22a4a6695dd9893e771651938776bf7cb23,a28d6cb78d6c0f9d03d738db41dd74b89b76a78a13b39c462d586a2ae06199a2
sunny-mainline-cab-view/0163,sunny-mainline-cab-view,train,50574,5106,8956,2003471,59530,55680,0.7824432204963179,0.9082974137931035,0.8495548462959852,,,0.930616780612733,,,,,0.9327892532139246,0.7724477926106464,0.3989429973574934,,0.7013833992094861,,0.7824432204963179,0.0,0.955016992217188,0.9944166358283181,,0.8837624069478908,0.9108970099667774,,53c1f0e23c023af87bca8d7c925f1118fa6e03bf34b314ab0e901d159fd525b9,3d556e7e8af20a6eb6d546badc61b9bcb432ea8ba8a43cb477c8d637a41abde1,eed9ca01e16b4f03371ba09fe8ac6c38dd1f21b69fa5203556d674821100fd68
sunny-mainline-cab-view/0164,sunny-mainline-cab-view,train,36609,7790,316,2023529,36925,44399,0.8187185508218718,0.824545597873826,0.9914421123899797,,,0.9411960403568568,,0.0,,,0.9104780968511818,0.47668334849863514,0.8626418063782815,,0.604256681068971,,0.8187185508218718,0.689869171418987,0.9643771180582009,0.995640923035881,,0.9125139121847224,0.9513265812200531,,dc2322339b57aed5805465301755b9054b87fba047b608e05ae4dcf959232006,b8dfdef270b26830890c889e0d2ed1a2810389a780bc38e7fb91325d5f8c46e4,8659fab08f14236bc75e5667cbb84bede20f24c136aa71008f1128106768f8fc
sunny-mainline-cab-view/0165,sunny-mainline-cab-view,train,22339,4194,4645,2037044,26984,26533,0.7164988132657644,0.8419326875965778,0.8278609546397866,,,0.9492502590245422,,0.0,,,0.9490278100550004,0.6805120167189133,0.6340797864452025,,0.7552337858220212,,0.7164988132657644,0.7072748267898383,0.9396749447773096,0.9955049842376545,,0.9092275830329063,0.9052842515373757,,ed03205def575f68a08e90b5040e492f111657b011c4a09ea8773bfee95ae4f8,fa3e6142522787e662d35be413398957686c954919d06b8e8d93c33dea075c91,3bd8e9e784561d5eb83bc151e01974a1815e1f93a10e9e1985e80c7bbcaab499
sunny-mainline-cab-view/0166,sunny-mainline-cab-view,train,21502,7815,135,2038732,21637,29317,0.7300692652451446,0.7334311150526998,0.9937606877108657,,,0.9498971147250944,,,,,,0.7703275529865126,,,0.7399489168479804,,0.7300692652451446,,0.978817693298595,0.9898053997579752,,0.8958192463098871,0.9378148389454782,,4cb25bc7ad809534409bf310ce0bd9621415dfebdaa38bfbacf278916ddd0f64,7bb389e1d2b5f1a73758fb068f5545e4eea28989d63d1a5b7b38e375565b8f9d,5c4544de0bfe3321536af0684fa93391b3abfb8b36df4483258db14e804156e1
sunny-mainline-cab-view/0167,sunny-mainline-cab-view,train,5509,2267,92,2057426,5601,7776,0.7001779359430605,0.7084619341563786,0.9835743617211212,,,0.9731568473179988,,,,,0.8058119718809913,0.9509851617611287,0.9346284519557453,,0.0,,0.7001779359430605,0.6009426821716094,0.9367884498904714,0.9909769491205511,,0.9119573322958208,0.9394315257459486,,ea08f07ca095ed6d035d6f14b8548f69a14bf8d6b49efbbdddf5179bf9ef3009,145a765c10390d86c2b694571a1204ba36f373aa962a6637297cac9712e31330,8a53af55304ddf91db6cf29a0814b2aa686c486f7588747cdd6ec9889c4c6a9f
sunny-mainline-cab-view/0168,sunny-mainline-cab-view,train,22698,3222,2180,2040176,24878,25920,0.8077580071174377,0.8756944444444444,0.9123723772007396,,,0.956326289117265,,,,,0.8562293984981041,,0.8161963421532273,,0.5642274094228842,,0.8077580071174377,,0.9647814877537093,0.9923652183995135,,0.9004932757041632,0.9284143867647595,,72b8f6a32917f9b4cd7edbfc8b38900c94a094dd308a81ee17ec8c715bf8a875,a7bcce9f412f7e553372dab86eeb666894dededfe518eb748005bc49ea92f2e5,2f27ad1be72bbb059f758eee49710d17bf9ee1eef248dae8351b561f9ecd4b2f
sunny-mainline-cab-view/0169,sunny-mainline-cab-view,train,4296,1562,1323,2060958,5619,5858,0.598245369725665,0.7333560942301127,0.7645488521089162,,,0.9738993192150951,,,,,0.9391545653784904,,0.9194580445004605,,0.5799227246708644,,0.598245369725665,,0.9757010068857279,0.9917180802723905,,0.9218233197392505,0.9625987608708009,,e50a126b8e9d96524472935c0169644a3000d548dd10622d7dd7837f28b262f3,f1b755542aeea840e9cc6f81d068c5a0f77bd69fcf3208043b1f22f53e24f45f,5479c47b202f2170f007787015b3a5d1d835b92cd1562c08c135d0c212728fcb
sunny-mainline-cab-view/0170,sunny-mainline-cab-view,train,6842,706,2181,2058534,9023,7548,0.7032582999280501,0.90646528881823,0.7582843843511028,,,0.9610809506574979,,,,,0.937900620481001,0.3371830278684409,0.8706362986416096,,0.5271366188396757,,0.7032582999280501,,0.9656038654584611,0.991808629761306,,0.8981335270338555,0.9429246729956976,,3f433ab98d445e66fbd4c3879168f0ff099bfa2f2a0555a496a23ef041827ef6,f96927f39200270347c6ed948d60abd05f38473818010a36c3e3d540abed119b,02973a28a517a19747d641d74138a54585d3efa04ad8b4b32a48c861399c3155
sunny-mainline-cab-view/0171,sunny-mainline-cab-view,train,23843,5443,1293,2031514,25136,29286,0.7797181071977501,0.8141432766509595,0.9485598345003182,0.0,,0.9515843286460478,,,,,,0.0,,,0.8209684661347701,,0.7797181071977501,,0.9650408960854117,0.9645426591294627,,0.8844192634560907,0.9368941728813018,,f0f37b4a43e03c4b5aef2ec2723b33d29fdeb183e0247dc20cc38fd51708b6d4,1e688561f0f6c93e128b35a18e4349cecaba90e35c912a9a652bd9384b3ad938,70f1ce08d43063d23a920580cfe3fcc2d6d176632a118671a63c2cd6a9fb25d1
sunny-mainline-cab-view/0172,sunny-mainline-cab-view,train,0,19529,0,2043920,0,19529,0.0,0.0,,0.0,,0.8939482909983082,0.0,0.0,,0.4752252252252252,,0.0,0.8004941110449559,,0.43631010794896957,,0.0,0.0,0.9281125261784966,0.9580807738122163,,0.7544307242235603,0.8694595877638531,,9d1f242981192b866b8c78b235337b3fcd78c0dbb947afbb3861211b73247352,54823e8b93148e0ce4a359e420c1811825ceebf36b89d5b5244374b331b7f4d6,7b194b6b7121526b681bc150284b4e9c210fc5e295e0161dc9d24736be4f683d
sunny-mainline-cab-view/0179,sunny-mainline-cab-view,train,0,0,0,2071025,0,0,,,,0.7917920359979399,0.2779510827795108,0.9492015678761831,,0.2019025983245776,0.870060457373171,0.0,0.0,0.8989933010104001,0.8820715364388075,,0.6846078171705323,,,0.7679538887551168,0.8493165924180441,0.9666546316034167,,0.7333730047605713,0.9263198909020066,,2980bdd5ac578120cb35ad4b8b8f5798eb1663f505b1d628312365558c8e6637,b958f784c717606e08ea8407c83378b8f1011a1964d40f3af6893895ae56d65b,f4790e331beea31688e28e383f7139e0786e8de70d1fd3dd87b885f1d9563414
sunny-mainline-cab-view/0182,sunny-mainline-cab-view,train,0,0,0,2071029,0,0,,,,0.243367878216889,,0.9635954092030462,0.0,,,,0.0,0.9183958877842454,0.9624911300337059,,0.0,,,,0.7948860920822048,0.9063132292290881,,0.6135974271888431,0.8405315417792313,,2b635f17ddb2ba61b77fdcac0499ec5c3d70dea1323a289937212955ea815653,0cc8828785c5fe14362b60478de1e5f431604ebe9fa709d1e5d0907e6a301151,c0713bd2f1671d2d5f3517358b976c0699fc822c1769cd6a519800d08be4166b
sunny-mountain-cab-view/0010,sunny-mountain-cab-view,train,23525,54874,29664,8186337,53189,78399,0.2176970841083442,0.30006760290309825,0.4422906992047228,0.0,,0.9070606276593447,0.6576114812916453,,,,0.0,0.7943629937388136,0.5870021610632368,,0.8897758466798026,,0.2176970841083442,0.7839438136005946,0.8651451735579365,0.9963406220346746,,0.8360902022736425,0.74666658142662,0.0,e9abfe7bf5161453fc5c6a86049cec52880047eedd0f46a57ab7b1277cc49105,990e88d21ab52552acaf245a584e26ff692e75484c7e5dbc5d5aa50435112742,0885aebdfbc716c0934a069f78d26c8344b99dc7892360220d2002543994a7e3
sunny-mountain-cab-view/0015,sunny-mountain-cab-view,train,0,1168,0,2072432,0,1168,0.0,0.0,,0.0,,0.9533658195901652,0.6603026899834216,0.8607909061799551,,0.8933434190620272,0.2048965316234334,0.6283462426960185,0.7952399575395274,0.0,0.9199982810731833,,0.0,0.0,0.9716945058010068,0.9944025293227282,,0.8298337091319054,0.8347204656412767,,3b93d1d95ac6a5f591a542a124e5c350be70f114e31e6cec7a46e8b4a97b9840,6e7f43a2f7c7265006609bf1dcac3e78460351b2b9e7e5b8ce65afa922c26e46,da22778a14aba7fd70caf859d9fb500625c8b8f866a08e39f321094215b14029
sunny-mountain-cab-view/0016,sunny-mountain-cab-view,train,0,0,0,8272141,0,0,,,,,,0.8044256458990886,0.5793222411788685,,,0.3268414102357043,0.3153523405839646,0.0053709966182613885,0.4774997211742219,0.8694167724255664,0.4108326076846971,0.7719546742209632,,0.6342538376781831,0.8314450508938579,0.991953473112727,0.6662914821000654,0.6311450716183277,0.5946708287470857,,8e6aa8676c0ac48ee943a84156a1b1ed8c8bc794a99c28a1e37f8cb4a9bcdc54,5809f9590cb378ff7d90e63feb7c96aa0cb54028613b3213627cfb731d161953,f90bfeafd4fc5067c2d2e5ff6b60caffe536cbbe609f8f623ed9ff7c054a1d43
sunny-mountain-cab-view/0025,sunny-mountain-cab-view,train,0,0,0,2073600,0,0,,,,0.0,,0.8528125759100531,0.605907247920921,0.6975554840784818,,,0.26023250181642044,0.6195589802442824,0.8540726860526986,,0.5879972247918593,,,,0.9673135123280805,0.9948341257422333,,0.7512020982077808,0.8100890866947578,,0dce3080c760760bfddf50a247fb072413c68e2c1186d80f7d1fa3746e29cf36,cb3329069e4006f8cdcb93fedca0e0e2a147705989f418693e18c17ca5e461a1,18aee47f6043d21f7aa228dac207bb22607c751b3f36745bd82adaf3ad3780d4
sunny-mountain-cab-view/0033,sunny-mountain-cab-view,train,0,46,0,2073554,0,46,0.0,0.0,,0.0,,0.8795325245047638,0.45560718939785105,,,0.42777777777777776,0.0,0.6380074454883886,0.9593489776885679,,0.7685249198667589,,0.0,0.0,0.9514620336616769,0.9915438873887286,,0.7479948438842738,0.8029947717715523,,056cfb32b06947adeeed7dc38c65cb7ff1ef4f3709826863bb10c9849023c213,b6b8af203ee90ad8d28802048e1d366d4baffcc7ce1219b9d6be9939381c8c23,48770fd8e2c1a015f2291548d03a55afcd9c15e622a5ad1e8871c9091c9e9891
sunny-mountain-cab-view/0034,sunny-mountain-cab-view,train,0,0,0,2073600,0,0,,,,,,0.9073856776014829,0.5693871814092953,,,0.01662049861495845,,0.7810163860152534,0.917588387799924,,0.8854902043797166,,,0.6371197306864032,0.9778391566301791,0.9727978632425666,,0.8197323922952507,0.9118756013209559,,2dc7f6d449d2ddd33f5e4373346976cbf0b27a6ad026f19565d15223ed49d7a2,bc7a5b320f7dab08857ca11e167bafa3d56b446389d2893f55a217dad9e125c4,9587b03fecff185f651913b4aaceb6fde2bfb3385bc70947d0ee7d1d99abe580
sunny-mountain-cab-view/0035,sunny-mountain-cab-view,train,0,0,0,8294400,0,0,,,,,,0.9599959923125267,0.38886514212438555,,,,0.9375842814732017,,,,0.7760889860418517,,,0.5883113617586838,0.9558228188183334,0.9826185256662482,,0.8526823994333221,0.7340851602023609,,8f27f4777b424fca3a01c563f2634f985f97ef3cdac8ad2838d194087f29673c,5be87826e74904d71bbeb42199b5fea86f387e50ebd7ab2b54b927d617c7df54,d1cf2e6c4607d1beb7c5d9b752318c3f397ad2119da810254f5b2c97700b3a7a
sunny-mountain-cab-view/0037,sunny-mountain-cab-view,train,0,0,0,8294400,0,0,,,,0.0,,0.9711362577016329,0.0,,,0.34831460674157305,,,0.9028767123287671,,0.7620951111957108,,,0.643745554684223,0.9834768585061171,0.9698295004948386,,0.7793273412583358,0.9045260770088195,,0dd350c7fad9d51bd0a73412fd77600d87ca6c0306501e202ac13254700718f2,9d1ce541de7ca4352ba4ff606e7a124e75a471cff72ef71e88ad02a2a9a90ee4,2a6a99b5fea8921b5b4d758972773bb823fae81796c936035c0cd40e7097919a
sunny-mountain-cab-view/0038,sunny-mountain-cab-view,train,0,261,0,8290985,0,261,0.0,0.0,,0.0,,0.9619772166016092,0.1168937107431275,,,,0.9293054224256104,,0.0,,0.9137715645449137,,0.0,0.6624241481250972,0.979572655920166,0.9832002961202487,,0.888976624305359,0.9446102868742351,,b5c7a56b8478d6e94f292e36428c999f7d2b159ae6eaa12f152b282c76555c2d,2406fe994c566446c5ec634fd8dcc7c1040d065305fbfaa732a7931592324fdd,c5f0fdf04d40c636cee25ff7af12fe3ab11683f3501af854b946fdd7164d25f3
sunny-mountain-cab-view/0039,sunny-mountain-cab-view,train,0,0,0,8292371,0,0,,,,0.0,,0.9429238483870312,0.1748586631193881,,,0.7226222053808261,,0.8460934550314333,0.30273605880484594,,0.7538875421273576,,,0.642394270686889,0.9608410357851949,0.9954030320996432,,0.8673164694051211,0.8208689162037978,,7f58ce7149cb2d8eecc31b59b6d93c8dcfc39835bfee3b20b04bf3db72ea05d3,78c8b4d93af10de0e8f2d56554823a54f60fac30d234f564b886a8eb4333f684,66be523329f69b183db514adca01ee041dc42aba9c81f4a6313626517ab73d83
sunny-mountain-cab-view/0043,sunny-mountain-cab-view,train,0,47,0,8294353,0,47,0.0,0.0,,0.03242363545317977,,0.942641430294133,0.5137049020206337,0.0,,0.0,0.9246770344770838,0.8291824055473253,0.8777392261491709,,0.9542448625026849,,0.0,0.912709316590379,0.9682332812517681,0.9940002683491133,,0.8629793403407031,0.9539003379182333,,53014f8bd86d528cd8a95f6cb5412c1b3e34232439908a147b5a50d4322c418e,4eaab9cda8650ba2babcff076fc36d6d2b6939c6b0adc6ec489300cc8289a7fa,d3f7ab952a152d1e911e2a1c3a74b429bce372db47f378b7486cce2ffd2ee7cb
sunny-mountain-cab-view/0114,sunny-mountain-cab-view,train,5818,1645,12685,2007467,18503,7463,0.2887631526702402,0.7795792576711779,0.31443549694644113,,,0.6749337372207497,0.785830258302583,0.596555514840601,,0.8274920746741811,0.0,0.459047792776359,0.0,0.0,0.7916848252418722,,0.2887631526702402,0.8452566096423018,0.9719739325522595,0.9830572563772817,,0.8491626090213494,0.8822123872006044,,c007047e3e4cafb0e9f7361205fbbf99eba406c2a2d48c27a1e4841c36d6981f,8bf2e49204f95a90068e333f0f27f561c8caaa1d199d8994120b789c9e587b54,f2db6173c483e786292fee6196c362a1b8eb9ef5945900cd7d937b3916a2e867
sunny-mountain-cab-view/0116,sunny-mountain-cab-view,train,20677,505,10134,1995656,30811,21182,0.6602695107932047,0.9761590029270135,0.6710914932978481,,,0.6729036729036729,0.6386012491781723,0.8740390301596689,,0.0,0.011955593509820665,0.7911359684166,0.8625310557007325,0.0,0.5913414870898854,0.0,0.6602695107932047,,0.9777849559796199,0.9958609789793383,0.0,0.8475931465868914,0.9351754487269103,,4aac1243132852bdd2e0dabe350ac2bbe6e1bff145fdb607bed02285a2a5b3dd,65c6488c35a0d05cdfd929bc23b6b32abeb819eeb16cdb7a777513f2413a5fd6,d96fb398828e3a5e39f7133b874faf30397b235555885bfc5fac042cea2bb11b
sunny-mountain-cab-view/0118,sunny-mountain-cab-view,train,40226,4581,13186,1962932,53412,44807,0.6936354387598503,0.8977615104782735,0.7531266382086422,,,0.6897102334100409,,0.8599933488526771,,,,0.8524812509972873,0.7220403847122212,,0.8133386741438013,,0.6936354387598503,,0.9789078864528187,0.9902135372661164,,0.8163715678727226,0.905363863932311,,1c5790e05968d7a3413632eca28a9951451130120ae6c3be0d9fb3662522973e,1cd265503b0eb3e1bc1a582b1b92a959765ea51554f6d98ccfd630d4e95830af,2bb793b4c05fa79d021960884a9b215b0b63123c070da211f30f17fd1fd72dce
sunny-mountain-cab-view/0119,sunny-mountain-cab-view,train,5259,2892,2379,2018198,7638,8151,0.49943019943019945,0.6451969083548031,0.6885310290652004,,,0.8872679310138092,0.7221238938053097,0.7945590994371482,,0.0,,0.8463794270245883,0.8900287459575997,,0.6217331499312242,,0.49943019943019945,0.0,0.9866861795861693,0.9945128303337258,,0.8683127572016461,0.97509960700755,,cb92b7934e948289bd873fc48056ab1d859792c8b97117109824dbca1535e0ec,107b44c08f0c38f5a9ba166fba98d478ab8f48d2b62eb4ceded7874beeeec550,c357140cb6a7e6505a760ee832b8b763d278d82c4e0eefe1cf800c7a532d0608
sunny-mountain-cab-view/0120,sunny-mountain-cab-view,train,7603,4254,9860,2005813,17463,11857,0.3500943960952249,0.6412245930673863,0.4353776556147283,,,0.6840041928721174,,0.8279467680608364,,0.8132530120481928,,0.8370223936221927,0.9021313121497749,,0.7454842785995689,,0.3500943960952249,,0.9874731152791074,0.9942928944915083,,0.8592604069827497,0.9777677438775291,,dc94d0155312b343e6ff5abae3d13658ce6e2e68d85a1e19ae327502112c7ade,afa9a3373ccf70a0e37bd2feb0bef0ad4e2e5e4244f0bf9b769d466a5ef8f799,bd03dbe3beb88f7fcd3084d93277c711fd56021fe7e6c1e960a1845e9ae5a9fe
sunny-mountain-cab-view/0121,sunny-mountain-cab-view,train,48670,256,22644,1956687,71314,48926,0.6800335336034652,0.9947676082246658,0.6824746894018004,,,0.775090604962364,0.35382513661202186,,,0.6859205776173285,0.0,0.8754994836797917,0.6358307120388905,0.863105462040536,0.7598141847683852,,0.6800335336034652,0.3793103448275862,0.9781132852761045,0.9659375120655853,0.7827868852459017,0.8020858023228253,0.8352680022320744,,206009d26edfc8c2e0f344aea9acb20cb6de8131d203ed7cb1f115b94e8ed2db,5bdee5a626c7c04727a5733d8b8237fc2db9e11033168790651924e422071f17,8398fa48ce492d6e3430376629b8c4ab0a20f8090488487bc0169821924442ad
sunny-mountain-cab-view/0253,sunny-mountain-cab-view,train,0,0,0,2028424,0,0,,,,,0.8715110428473068,0.9522775548737314,,0.7126610305958132,,0.0,0.8958661218360598,0.6382307663425074,0.892693555436025,0.9570123919928661,0.6804831942459311,0.10968156963653908,,0.7170075476667382,0.9201267655499362,0.990713221530351,0.8333996340202084,0.8065503927572893,0.8290212062141886,,e7783e56f279d39cd7bd7290d05da53a477bd864ffc3137b30bc05d962176634,d236923aa8b07ffe4c6528e520bfbbeac87efb2e25dc7e10ca711dd849579f22,d8397036e0f5861598b9257af65131e084d88c66d60f22175f214833d9b32c11
sunny-mountain-cab-view/0254,sunny-mountain-cab-view,train,0,11,0,2027233,0,11,0.0,0.0,,0.9127219911533637,,0.9296082783730697,,0.7902380828881166,,0.0,0.6536885245901639,0.8706170302388216,0.7819343654621066,0.0,0.7787094537086656,,0.0,0.0,0.8981331774287845,0.9861059216120803,0.19369369369369369,0.8437546737842408,0.8213961863725522,0.0,894016b1cd34242641d03b1e60f84d320a5fef1107813f9d45d43e3c77279bfb,e58a7ac86a7d940965941f8b8a997ab386ddd1d8e2c760f6d3ad1a922a3057fd,ec54036c0c8f726f7039a6385afd600d8fe6d145f5c701aaa69e2e2c79bad9b2
sunny-mountain-cab-view/0255,sunny-mountain-cab-view,train,0,0,0,2025362,0,0,,,,,0.0,0.9638646937419106,,0.8716714743357444,,,,0.0,0.975932270214595,,0.6481361139008684,,,0.7572430302916062,0.9123677323927637,0.9814795560292168,,0.7398503618300012,0.95929251495363,,0255dda3dea077491f3d1ea3685abea083122dcb6a7cfcfec7f931dd8bf33c61,6f81ab702ea6fe837688e0d536b266216ff00719a04a1013240e8548791bc79d,f3c71a509ffa736aad68896f401d13660874f651f54456679b841f6ecb530cfe
sunny-mountain-cab-view/0257,sunny-mountain-cab-view,train,0,861,0,2070659,0,861,0.0,0.0,,0.6108704214257582,,0.8814640805053808,,0.8926575880949038,0.9404277927733476,0.2699346405228758,0.8393688932105833,0.9348224186015255,0.7174573466786015,0.6049101153742957,0.6061237106693131,,0.0,,0.9409665185707828,0.9298862589617838,0.26734139718588,0.7413343799058085,0.9209676274314923,,92ee9060e9af4c102a639559aace1bb2646cdc84e4eda9f46917fcf4fa36b689,9e4232334697774902651584966f6f0f60b4cab0365bb281cab51f9bc1e81219,6a8745ebe4a717c8076196343fed04284ded036bd5624ea7f89b2e278782b072
sunny-mountain-cab-view/0259,sunny-mountain-cab-view,train,0,0,0,2030974,0,0,,,,,0.9024488388135203,0.9531426227827335,,0.6334804325687406,,0.0,0.21104737231680237,0.0,0.7604261431649509,0.0,0.3897262380805906,,,0.5805917584863227,0.9238005917186572,0.984403114708497,,0.6801089595546871,0.8756450932459532,,40c4d08494b370ed9b2c47cf3957c3cf0f558a22009eafee581dd73a00829562,326e183b830bdf3b97a9e7fd09db82f2ee3f7b37375f658f2543fae198a63fbe,80a2b832c0da7dca66960d55ad3376bd2fb6d0b5badec48cc117ee11e6c2a471
sunny-mountain-cab-view/0261,sunny-mountain-cab-view,train,0,0,0,2025125,0,0,,,,0.7108318448583822,,0.9458835289454182,,0.8181818181818182,,0.0,0.8289800726203855,0.4420238255614788,0.8441013292194468,0.06925418569254185,0.8031225881813062,,,0.0,0.8797251233153554,0.9892832415741362,0.2621614514856692,0.7817787866281469,0.9330000360537922,,c907f3894e962844d9db2c4ac28771860d430f48f3489ad03b70394d0429251d,132f4b9ed27aee03a516e67f090cd554bfd2ca10d3badbd46ea294949133e32a,0c275acd84959912278b1a36d2942a17ed4d312a156ce849ef9baf738aa637c4
sunny-mountain-stations/0228,sunny-mountain-stations,train,0,0,0,2073600,0,0,,,,0.9081412701044603,,0.9611070227443105,,,0.9739541746224614,0.5897350993377484,0.7853012026452783,0.898460876116672,0.8113161728994658,,0.7654152001042889,,,0.5436625271042775,0.8224655321877709,0.9882160173385865,,0.8175529207743492,0.9499599569191682,,8fb67a7950262b0a2133f19fd631fd9df52f83e1660f0a811abf3e9d0982f269,ec207ecc709b6c73bdcb8ae5392436a9335a1a7ac9f52fc8c883e1e0792f1725,f0a7f57ba408abad8bb7cc69762cc6c56eb8492413f8463af9bd0d1071877532
sunny-mountain-stations/0229,sunny-mountain-stations,train,0,0,0,2070056,0,0,,,,,0.5241109499318651,0.9563003238940125,0.0,0.09618320610687023,,0.3730475240943835,0.9453751870314523,0.9802045489238285,0.8336026817871193,,0.6323403526793357,0.6435124508519003,,0.7572729891265212,0.8024481965230327,0.9901013067139652,,0.8047449200172936,0.9452214452214452,,0354800bf80455fa7680958e010518b436ea155dca8b0abbc8d1e10092f0661b,21a10b8db464646bdbc600d69546c1cc56b0319f1c530ba2a460d772ee98d838,43fa166c64e6c4ec0c958cd4f317b051551c1c5e0040945d1bd6492a1bc745c5
sunny-mountain-stations/0243,sunny-mountain-stations,train,0,0,0,2073333,0,0,,,,0.0,,0.9639237796174708,,,0.983457311524944,,,0.0,0.0,,0.47775412992804295,0.8762117822520508,,0.0,0.9857303647863206,0.9947562944078203,,0.5994269031141869,0.942186538927513,,d048231d419c08d7176eaceaa89f964709a5a5de28918f80af2d6d5cb56dc892,502b0c205ec3bdc1f0c021c084674028a122fd08e58a52be0230cdf0b279cf82,b95f38bb96966cca035ba5283c96e11500d3af9b4332873b9858e0aadda8cf86
sunny-mountain-stations/0244,sunny-mountain-stations,train,0,0,0,2069086,0,0,,,,0.8949552657108979,,0.9417216610742575,0.5387266461091964,0.6520787746170679,0.8559955540057537,0.18944555778223113,0.0,0.6927816416281812,0.5817171767273449,,0.7417404448283308,,,0.8651604320277797,0.9303061213114389,0.9892421689714881,,0.6933608796134183,0.8671251788659167,,8d1edf47c4a0e099e6bac09702b9eb61358d689387405e5915c4b761311fb755,cbe5a7aad07765b9159ea13722233c52e6ac593f5b2ef4c85ad81fb8e95b617d,17f11ab53ffc51d0c2146cc0559aa5c14a3a0717417ac157827e557eb2418ae8
sunny-mountain-stations/0245,sunny-mountain-stations,train,0,0,0,2073600,0,0,,,,0.8391573395952228,0.0,0.9045683981854195,,0.0,0.8379220023282887,0.375886524822695,0.8403697078115683,0.6222368133070694,0.9443309443890048,0.8266209208936021,0.49775439496984475,,,0.11630330234049374,0.9285645671508306,0.9947343035400749,0.6210650687821757,0.6898732824753724,0.7168907640560649,,ede5e722aa51b1edf1b7f3550819d1fa7c743d02958fb765bf9233ccf1ea1020,69ead58a4fdecf080f2676ba45496e4a341a37ff2c77cdab2980a0c51d66786c,edf593297d7ac481c982d2cbde70e1c3fd672d56ebee1b5eeb45d8c6231a7b1c
sunny-mountain-stations/0246,sunny-mountain-stations,train,0,0,0,2061396,0,0,,,,0.8067962605727853,,0.8188863174135633,0.0,0.0,,,0.0,0.5882841219020515,0.7593093959433669,0.9299775728881137,0.06403118040089087,,,0.8002541900018599,0.9497440099785346,0.9886366253494917,0.8163912756113682,0.7819478790184516,0.7698702076133983,,90a65adbb644d54e42c7e51d5cebfa0b1e554d4d34f442db24481dcd7007c74c,f28cde20054a844449d19347046b0f78cdc41f588971b90550e6eb1e24b0b791,dc2fe79fa4716be826807f0da6d4dc465cc09f7f7f105040649e8f325cdbae66
sunny-mountain-stations/0248,sunny-mountain-stations,train,0,0,0,2073600,0,0,,,,0.6823687367879792,,0.9727477477477477,,,0.7689956847365591,0.0,0.7998834970897027,0.7330734954519336,0.9156093701751103,,0.344368026898976,,,0.6270705677704471,0.5490994791818208,0.98758860970231,,0.8526379624014554,0.9517320772888702,,c489b83cc8d5e13b9e9ee4f588ba23a86a21404337b41cc01afb90627630275f,df85d99031750be49655b3810901e2b76cea9b2d757a8a512290c89d7f58c9f9,9ade317f0f132377eb2c36a60b6ce4571c21b0570ba7487b6da850b62529dc03
sunny-mountain-stations/0249,sunny-mountain-stations,train,0,0,0,2073600,0,0,,,,0.8093203679920321,,0.9691696996786071,,,0.9498520635875833,0.22014388489208633,,0.9029124026758967,0.9221666496813289,,0.7336001094466106,,,0.6433673469387755,0.9585069763775389,0.990365597447235,,0.8821240742728346,0.9396464547485596,,408760b135c0da743871d600304812e352ac956549d1987597238245735e8672,448ef85ddd524b1eda5440923343f04ec073449229c9e9252594792fd04c0401,7eda238b932e1c3b8ebfebcc89fa9e120d34416a89dea4de955ddbe260dd8663
sunny-mountain-stations/0250,sunny-mountain-stations,train,0,0,0,2064811,0,0,,,,0.5463052911080889,,0.9871802144194225,,,0.9547112138760051,,0.0,0.9545361421099569,0.9525371421187255,,0.8384949579496991,,,,,0.9873033447836169,,0.8500526131182041,0.8943971890274661,,0956dd0c21f6af0a1387e957effd77c906124754c421ea783a885ae3ce8cf3f2,f0b4695f1246bc1987be1637c4da90f95bdf51ea6471608cf6996822437cf2da,85a8ea3dc5d4716e1b387cd68fa6ea66dfef8727b72b362b452a583b82f55e90
trackside-maintenance/0000,trackside-maintenance,train,4285,136,94173,1990366,98458,4421,0.0434610625393026,0.9692377290205836,0.04352109528936196,,,0.9191161675157016,,,,,,,0.0,,,,0.0434610625393026,,,0.0,,0.7807095610342754,0.2960465951250648,,e41473adaa20b0dfe8eecc7e6000f550ae13c68770e4946667d4c938e7a89230,6eae10b192e629c0f36ad37a409384070a694a94a460f980f2382eb5867a7dee,7be24116b87fc9c337e81b6709ee51bf69a279d3b93742a4d7ef92089fd9e436
trackside-maintenance/0052,trackside-maintenance,train,1168364,28463,9062,883071,1177426,1196827,0.9688818788462288,0.976217949628476,0.992303550286812,0.0,,,,,,,,,,,,,0.9688818788462288,,0.9799642459608054,,,0.9155961996939829,0.9779962440461316,,efc1a697946924df5b504e34114d2f5a5bdaff8ab191a9dd2c8d978a19525204,b08d2332f951a48857173d7c6d8c0dd3acc61f0b77d72fa0e07f8bd050dab3ed,b2aa09cec9ca63b703d78558738bcb4eebbb2745b57e6861a699cc56baecd9ea
trackside-maintenance/0055,trackside-maintenance,train,1159060,25997,21736,882167,1180796,1185057,0.9604464063016607,0.9780626585894181,0.9815920785639518,0.9202753082879266,,,,,,,,,,,,,0.9604464063016607,,0.9484247006931317,,,0.9341519009117495,0.9401977617611015,,28f3b3d7bec0bf474a3fc09012c7f4ef1b0b5a4e37e51acf00fbc5bea657569b,3428e465d64a4a778d06e5751cb25564677eb49240c8bdb9097a7c35e58ef4b5,00aa401c128814522c70f767bf25808417a53afa1fc64a9f70e6a67d12121e21
trackside-maintenance/0057,trackside-maintenance,train,808674,2866,1232,1275783,809906,811540,0.9949579956002421,0.9964684427138527,0.9984788358155144,0.9563336975007602,,,0.011630142252979623,,,,,,,,,,0.9949579956002421,,0.964779542386628,,,0.9742670071619208,0.9827413985412515,,76a244cf235702a8709bcd5845224a9a5785c3cd791a1fc89b4d54cf065746b8,66fa21d4235bc5f70ab93c1c782cbc4076e5734ed8154dcdd313d55669ac501b,74b99cbeffdebc8c721b2bf981fdf581b63ed57fbac5e76be62bf98d7233b307
trackside-maintenance/0058,trackside-maintenance,train,1295776,12951,32281,747952,1328057,1308727,0.9662701490222281,0.9901041240839381,0.9756930613670949,,,,,,,,,,,,,,0.9662701490222281,,0.9409335667800865,,,0.9008584425930476,0.9589013758000302,,527bd4c6f5b48a8fa052db415d684acdb3dcbf8021025486fa219182ad9059ba,008176814841aa702e3ff2dfc230737e3cb33c8e155dbc245a12048e5f4909f9,0353ba76556e40cb4ec6402a47891c5dc9507f1c60f6ca5b9ec143b4eb329395
trackside-maintenance/0059,trackside-maintenance,train,1222235,17118,31769,817838,1254004,1239353,0.9615402770151095,0.9861879545214317,0.9746659500288676,0.0,,,,,,,,,,,,,0.9615402770151095,,0.9373430270984798,,,0.8442737430167597,0.970956570778268,,8f38d8ecfaf13ea9265b15f72d8c2a5f6320df894c563c0277971f5a71223076,1f8c92d4ffcf481e87a310434020e2a207908305a3e4385ba8853f7e9a504821,cc5adf88a5561ba1c0184c95ac1cdf33e9270e315064b615cf7880a1b41b5f00
trackside-maintenance/0060,trackside-maintenance,train,1379782,22742,32428,654008,1412210,1402524,0.9615527209272505,0.9837849477085597,0.9770374094504358,,,,,,,,,,,,,,0.9615527209272505,,0.8502898261043373,,,0.9361482425032693,0.9061074032574983,,af2519b33d6b5f52478d8c41669353834cbc46bda125e944b6f0f559e55e7d51,4e3ca1d512b429bb6d50e227bf926a6266bb4b32e6713b6ad6596226cf0f24a9,41a7b0a51a30a3824587d0561cf701c4479681153e692ef7c79dd5a164864165
trackside-maintenance/0061,trackside-maintenance,train,1663588,33144,5118,387110,1668706,1696732,0.9775174075271028,0.9804659781273648,0.9969329528389063,,,,,,,,,,,,,,0.9775174075271028,,0.0,,,0.9410581362014255,0.3021797839506173,,8bdf064f89bd89d79af62f1c4461b3024cfa2110a8194ff5044d74f7f592fc74,742cdf67e16935b556c2f1b64a61a037554ae04c5dc6242622296872e46d66cc,0c490610fee62ef5ff45c897b072506f7439f61e23eeb003359a939785ddcaba
trackside-maintenance/0062,trackside-maintenance,train,1901205,11299,1251,175205,1902456,1912504,0.9934422117773696,0.9940920385003116,0.9993424289444802,0.0,,,,,,,,,,,,,0.9934422117773696,,0.0,,,0.9400113763200825,,,6f1c22c5a26f9c6f9349d1b7472ea93537d6383a9cda356167f51397f8e8f989,23aa6346cd5ebfff7f9a2b1565a4e7ab2291ccbb4a27de12c6b65e4e02e946a9,12194598e883563b6c428a63af3bc434eb1a3c5ffa517adc06be230600274803
trackside-maintenance/0063,trackside-maintenance,train,1324509,20263,11875,732313,1336384,1344772,0.9763107131037034,0.9849320182157273,0.9911140809827116,,,,,,,,,,,,,,0.9763107131037034,,0.0,,,0.9413580150599308,0.9699007653187627,,f25b27c24e3ff91436c5e3877a5df281c4dd826a5c70266f8b58faae4174a2e4,5e60d85a56940e8ccaac6003a40470a5f53c4dc940d8c77d3d16bdcd21c01a28,0394a97af652887cf5febedb6b09c906c84818d19a23af4a0e8d8868ba511402
trackside-maintenance/0066,trackside-maintenance,train,1288465,13858,9245,777392,1297710,1302323,0.982385206104449,0.9893590146223326,0.9928759121837699,,,,,,,,,,,,,,0.982385206104449,,0.9650199360913949,,,0.9575763542917906,0.9735234772291756,,6223c858287f0677fdc6d3b7cc8038c3ecc2f0d657d409ea0818439bb88d0fa5,43a4179d47c711e75f6cf339d73d705cfe9ee6c9dfb53df5c804231ca8dcc292,a7d1baa68c52afc066ef0daa04fe63c2269d82107896d7f500a2ee039629aa59
trackside-maintenance/0067,trackside-maintenance,train,840708,14064,17015,1217173,857723,854772,0.9643502369271393,0.9835464895902065,0.9801625932847784,,,0.5939505041246563,0.008086253369272238,,0.879770138673824,,,,,,,,0.9643502369271393,,0.982556331457974,,,0.9378976305799188,0.9613156748007968,,0500732a4422c6db9e57d541c1a7f0c06c3e10fd30ca7e04d1cb512dcd29b739,2f621dbe19011b469c294190d6d920e3aa75422da05c80a309ee6fbaed7048b5,822c40b258bf08a7e6155d8536ba2598e708b082ea0d57b0c778f423f679b799
trackside-maintenance/0068,trackside-maintenance,train,1041539,20562,12459,1014400,1053998,1062101,0.9692702129243598,0.9806402592597125,0.9881792944578642,,,0.2061186650185414,0.0,,,,,,,,,,0.9692702129243598,,0.9692410686014638,,,0.9268035462668802,0.9646736916997887,,2002370858caebe870952bed7a32a15d4c1e010a5b718f1e3c6e2a619ef1550f,8609c48f75a7d2884ce4ed65218ab5c43be51c427faa25d314e09ce0ea303303,1f990485cda1dbba5b55c6c4446655e2247f1102b0d2a713369bb2a7e0bb5141
trackside-maintenance/0070,trackside-maintenance,train,1873909,35475,1455,178121,1875364,1909384,0.9806734109990428,0.981420709506312,0.9992241506182267,,,,,,,,,,,,,,0.9806734109990428,,0.0,0.0,,0.9286405499199146,0.31592089209204666,,8da8ac7ad697e79d43107c8ebe4903d9b515079f50e3b43f871cbcaca0df5d1e,b594ea4ae2a8c778d1db9fc49967f5606bc51cf59cfdef65be52b10f58ff4011,efe2cd855cca72cd224344bde2313fcec40301cd47d2c0efce82ed4dea24754d
trackside-maintenance/0073,trackside-maintenance,train,1557689,21919,6710,502642,1564399,1579608,0.9819525467150975,0.986123772480261,0.995710812906426,,,,,,,,,,0.8856576686332239,,,,0.9819525467150975,,0.5965398349956902,,,0.9073574007664343,0.6442952458289034,,5652f16f45d364803ae0cb7862cfd6866fbbefdeeefdf76929de1dbf58fe7814,d8e53f588fe1c75d94555ec5614504bb322ac9ecadacaea8932c5bbf08610032,3fd42932ea30c2a315b0b6958da20a6b21dad9ebd95cc3ddaf34ee5ba3a15673
trackside-maintenance/0074,trackside-maintenance,train,1339541,122211,7002,620206,1346543,1461752,0.912025431079677,0.9163941626212928,0.9948000175263619,,,,,,,,,,0.9037021435926238,,,,0.912025431079677,,0.8122315592903828,,,0.9030433388829716,0.19265418731359962,,093b845a2d8a639e83ffa1ecf5fde92d921664c2417e66a25b10d3dca8f6d55f,38c932592ff33a4d70acc23ed4568945de39640d595c56f80f8beb4f6d5e6c94,c2608d8a878b267041c7dc4f3f4fa6816b633d87ab4791426e652488952c5460
trackside-maintenance/0075,trackside-maintenance,train,1480557,16567,27617,564219,1508174,1497124,0.9710219637302335,0.9889341163457402,0.9816884523934241,,,,,,,,,,0.9006524073003551,,,,0.9710219637302335,,0.0,,,0.9418223073451014,0.8744977095555734,,03904f8a2512daea1c39d2cbdedf3303eb95dcf456e4adbc73e729eb2d9aca10,93f4f3be37fc1a22e66838092bfa5c7b4ac1b906ac2562c03fc4232dca424e8c,709af3ef29b61dec07ddbfae7857f63056dd18b369f448f1a9c8f10bd1d711c0
trackside-maintenance/0078,trackside-maintenance,train,1292174,23726,4824,768236,1296998,1315900,0.9783830686805116,0.9819697545406186,0.9962806419130947,,,,,,,,,,,,,,0.9783830686805116,,0.8560052007150983,,,0.9292230567561822,0.9725745122726626,,9072ecd1d6bd9a6ade7bbf9d4ebfe4912556baadda2bae4e1a66249b89915dc1,1eaf2cd3689a0fe9c0ad5ebb222ac03c3cd690d88a9826248a162160f7faafb8,b9b1a35e91e2414d52fa038826655642abea2c1d7ca1e73f1f366e8226a72778
trackside-maintenance/0079,trackside-maintenance,train,1298643,23534,18373,748410,1317016,1322177,0.9687389504307933,0.9822005677000886,0.9860495240756376,,,,,,,,,,,,,,0.9687389504307933,,0.9580268534734384,,,0.9326702597924497,0.9509414872420187,,7245d072113222a13b028579251a425ef833a8850f977f01ffb13f42c5569754,269024024b0ab056a42083d816412308ea4b46b3c9fc0d2596969ddfdd07ad7a,c5d892a443e6e6509b42db481b5047d23588bf9c9e8fdaa8720cd8660aba3fa8
trackside-maintenance/0080,trackside-maintenance,train,1176570,42328,21389,848673,1197959,1218898,0.9486272128950799,0.9652735503709088,0.9821454657463236,,,,,,,,,,,,,,0.9486272128950799,,0.962105905627815,,,0.8971309682834278,0.9273392761431917,,045d4791802edd4766cb20165f7f89e48500708e9eacc4fb3176b9cd89733d49,768207717996a901fa4c5795e878add2eca0a4b7d84e38ba927111d2d2b9c794,424ddeccac2c751c8fac0505ca95c070cd437dfd665299d5014aa5b3d61f87c9
trackside-maintenance/0082,trackside-maintenance,train,515995,24929,124268,1423768,640263,540924,0.7757083669075996,0.9539140433776279,0.8059110084449671,,,0.8079255971369756,,,,,,,,,,,0.7757083669075996,,,,,0.9389842120360598,0.2442265384373625,,65b79e130b09b882fa33f7676d2436a802b097d73fc606fa0428a40aa7592ed5,c18f270edeeac58e89a27f4e92db3c606d1e98ed7d9605fab190e4b2e8bbe628,05f83315ab31734cfadd8025e683d182a6f6cb0226c62ede632b9be4291ed008
trackside-maintenance/0083,trackside-maintenance,train,1587595,25752,10021,465592,1597616,1613347,0.9779637149432537,0.9840381517429294,0.9937275290182371,,,,,,,,,,,,,,0.9779637149432537,,,,,0.9174260778189672,0.9528641158872618,,f93539c0825969b6f96f386dbaa98f06caadbcb1d80a39102a077ace90560d5e,82efdc0cda609b8ffd12a935a3354e0d1758ab9a02c528ae1bc2155d24d0c3b1,766b4f77d33e03edea60f6b7a6af47af39961c1ac351601b16f10c5c702c4afe
trackside-maintenance/0084,trackside-maintenance,train,1368706,11355,31281,677618,1399987,1380061,0.9697904547586623,0.9917721028273387,0.9776562210934816,,,,,,,,,,,,,,0.9697904547586623,,,,,0.9652047363894952,0.9272684100892578,,78b655ec93b0e9575d9bf363a03233ad6e48a40c1e428e86125f919cccf38ced,11dc7abfc6839ef76f71e2f504f39513075773ba30a0d472935d77b70c7329bf,3ad22afe39d4410f213bf52568ef1073e1be8e34f4f1ff425887414477d97506
trackside-maintenance/0085,trackside-maintenance,train,1321568,26760,4926,735706,1326494,1348328,0.9765853269231053,0.9801531971449083,0.9962864513522112,,,,0.0,,,,,,,,,,0.9765853269231053,,0.8319838056680162,,,0.944899873425225,0.9654724568927717,,1fe7cf2ae2eef9be85f098226cc6e927e226f7e34a356079eaf30f81a5517c08,a0af4d1a49f7b2bb75c996039450d8507555a89e47ba27e24fb84a3b844237e8,8711933302b4c8ce3acde853bafc64ff602e572a1ec8d10ff0cd28c89abcc9a2
trackside-maintenance/0086,trackside-maintenance,train,843696,16314,10991,1217959,854687,860010,0.9686510118817315,0.9810304531342658,0.9871403215446123,,,0.6413894324853229,0.3062283737024221,,0.8424929348806446,,,,,,,,0.9686510118817315,,0.9654974252650794,,,0.9429389407177057,0.9602318260306824,,9db552632140a4fe745fdf61a0d0fa31fc4952af06addd32095a7c1372bb9d8a,6dd0b988989fc57ccdc706b72227722a022ce5b835a5c0aa09bf7a6d9889b5eb,ae1e7b55ac7c2121711015d122cd834d660889e5bdeed85054b4035c7f27d614
trackside-maintenance/0087,trackside-maintenance,train,1009675,18984,15043,1045258,1024718,1028659,0.9673977821255493,0.9815449045796517,0.9853198636112569,0.0,,0.6913467397928093,0.3681506849315068,,0.7562162162162163,,,,,,,,0.9673977821255493,,0.9626789299825118,,,0.9403452069866594,0.9553350161567492,,95207ac84f3acc3ff5c55764aa554bffc9f0a32f4cab08eaf951e2fe43877d51,f2fc551dcbe79800027e1f2d41cae50208e7b13341f380e70dfc14418cd942c1,7f1737a4e3fba26bad88b27fe56c01301614c792ca33239cc2113c6e4442d850
trackside-maintenance/0090,trackside-maintenance,train,819438,15400,9809,1244313,829247,834838,0.9701543958600457,0.981553307348252,0.9881711962780692,0.0,,0.6961299569995222,0.06389578163771713,,0.8944623004373254,,,,,,,,0.9701543958600457,,0.9774666937837381,,,0.9496672169240961,0.9634255954948666,,0a5483a0127931090560f2cb06532b9de62ff8978b5d2d75fc73f10c9e628fb9,3d8ae1b13c7b8c3541544116e3b1dee27d82e71568a1ed54c03b6b6fab6ddd84,a2a0fc1501f8c5e0f4ec6bfc4d0eaadeaa067599688b975638132f34994690e3
trackside-maintenance/0092,trackside-maintenance,train,1300055,14391,13286,761228,1313341,1314446,0.9791546788056625,0.9890516613082622,0.9898838153990471,,,,,,,,,,,,,,0.9791546788056625,,,,,0.9516958396094115,0.9697689569969608,,b46f2ac36452a0a15ac8e7c69746492ff0b596b959f253d1612c3db9998b2895,4fd4cbd8ce9ed83ac03e762814e76a63630fbe7269c9766c1267d2a94ad2e985,e6be1ceca3a2c5bb38adb9fc3df5c0f7c4bf36808b2ab7e5ec2b307da026c87a
trackside-maintenance/0093,trackside-maintenance,train,886312,22951,7662,1172035,893974,909263,0.9666134089483873,0.9747586781822201,0.9914292809410564,0.0,,0.6879120879120879,0.0892018779342723,,0.7408806670140698,,,,,,,,0.9666134089483873,,0.9759967392694893,,,0.9266204367012436,0.9641202153980498,,6259e3456d036d7371c800562ffea682d470ccccfc442c166f67ae5f354b645f,df9edb6931f521320ae96f20a6f60e410e0d6a5d2669dca96c03092e76f48260,e72600883c210f437d09d410a1c353ceb090b28a9487702f6fe6f8ffbeb01b2a
trackside-maintenance/0095,trackside-maintenance,train,803683,10095,22871,1252311,826554,813778,0.9605975743710923,0.9875948968883406,0.972329696547352,,,0.6964461994076999,0.0025673940949935813,,0.9413673872001018,,,,0.0,,,,0.9605975743710923,,0.9798173671522901,,,0.9499821096734726,0.9474625966495372,,2c0673f9062a1f999a14ea9f32f3a730731ead900fcdf51751a187ad746dfc7b,bbdfa9f6399575802bf5afbbe98eb2dcb7585313171454162b522e900c9f1c5e,5441b3977b002fc4617e2498861ce5d93c27ed49b97bb69db2a87fded8803f02
trackside-maintenance/0097,trackside-maintenance,train,1555660,36830,4113,252574,1559773,1592490,0.9743561799645873,0.9768726962178726,0.9973630778324795,,,,0.0,,,,,,,,,,0.9743561799645873,,0.43344334433443343,,,0.8660329509186578,,,069e56fc048051d80ef3d6c175598cb6a1df2596f82c85bd8075f4b88100565a,4d8fc7a5057b6825f2df28ce7b288ca212a7e1a81e0260c08c4b9cf2421ed1e0,d5a6379d87bdd2d7e0930f29fcb5493396e8da730da3036d80f29293749f3cbe
trackside-maintenance/0098,trackside-maintenance,train,1732595,32005,4312,320048,1736907,1764600,0.9794693009036063,0.9818627450980392,0.9975174260913221,,,,,,,,,,0.0,,,,0.9794693009036063,,0.0,,,0.9026217228464419,0.0,,fc04d89f6819407752a53d790ea973fc002344aa19eadc04b345225545c7ce53,94fe3c588358c6ff8a62bacee27373a7c513eb4df5684f7c8ebbf38b5be28c66,c1cf8d9176b1175e98083ca1f3e85c0cec9f15ac716a10173d7d933da799bc8b
trackside-maintenance/0100,trackside-maintenance,train,1132237,30503,5200,332060,1137437,1162740,0.969430792677706,0.9737662762096427,0.9954283182277348,0.0,,0.8512018203030457,,,,,,,,,,,0.969430792677706,,0.0,,,0.8464637835092014,0.923715433767677,,295de469c85a2cbd063ed52a760230d5847fd6ca3ec792d4228e881a1fc88163,c20e921d0e7477cf9902bde354d8ff7d36f6de0c1f3d07f5156553727adeebcf,43472d1042efea33d11c1c10f826dd752a104fa488266e8cd70dda52d83136e0
trackside-maintenance/0101,trackside-maintenance,train,427606,27714,8140,202540,435746,455320,0.9226384153972296,0.9391329175085654,0.9813193924901203,0.0,,0.1666974681204953,,,,,,,,,,,0.9226384153972296,,0.8673323823109843,,,0.9210292717880709,0.815789283363829,,f18cd13f8be6e6da511d8cc5f6ff2f0e8e5ffa3cdc730d55f0752e075e4be9a7,d70fbf50bcfb39b15a24b90fc58a5a1548d92a3c9a6934b757d381ca30e63faa,6b93e636e6044b73ac9183036419184157e700ea0ac8d8100e1c9482cec30fd6
trackside-maintenance/0102,trackside-maintenance,train,363109,23414,37724,1075753,400833,386523,0.855890554323307,0.9394240446234765,0.9058859924207837,0.0,,0.8277818270501867,0.16654395523486967,,,,0.0,,,0.9646582962125234,,,0.855890554323307,,0.8517239953696047,,0.7444261125479354,0.8161002856777384,0.727896707785966,,d32849c8bde9dd413c6d0ab82ca84e62323fed3319cfb99825a11f91ac7baef3,2dac0597829fa4f2262f10ef40bfadcec5e8066ba8418a99102ee49d9594cb56,dec2f3c78a5c4b44175ea99b97f0ee12f17928fb51607a7ec1096731b437a475
trackside-maintenance/0103,trackside-maintenance,train,681908,74726,98504,1233822,780412,756634,0.7974245092604936,0.9012389081114515,0.8737794908330472,,,0.8103520349142918,,,,,,,,,,,0.7974245092604936,,0.0,,,0.9716351440206431,0.6471983468599323,,bcd725f20e45aba176964b9c6318633c2f7a70f7664784eb0dfc98abf0940141,e5199e21c5930fc2d5d9e32f952f30d09cb9eabafaa1f28946192d0c93d80709,af359cfe5806949b3c5d3cf5c0e8e59dde8584c6c3da85e060d24d34c6daf423
trackside-maintenance/0104,trackside-maintenance,train,134313,16748,1042,270397,135355,151061,0.8830397822528155,0.8891308809024169,0.9923017250932732,0.0,,,,,,,,,,,,,0.8830397822528155,,0.9823911548876822,,,0.8936635343252415,0.840177759357119,,8af545cd5a93e866ceeaf9e8b89657bd1753fb543ecfc98e2121144440cb5e5b,44128203bd74b7e69abd931e02769a870f0f033c4b8a9c6b7e41decd53e337ae,4320d057422f0c2f0bd0d7d1c5d236992d7b919c0447687258d9889dd2ecb7c6
trackside-maintenance/0105,trackside-maintenance,train,203456,21962,4095,556919,207551,225418,0.8864683046276246,0.9025721104791986,0.9802699095643962,,,0.605396658794717,0.9252498875938159,,,,,0.9894714049855198,,,,,0.8864683046276246,,0.0,,,0.9479553903345725,0.9408286157285545,,d1ad562afeae01ddb70bc66ae877af92f08918967c215ffefec2257c3ad76fa6,5cd1dbead77c080576228588561fe2ea06379f9688fb892b1447d06414f13aef,4c3c06de89bb8d9b20d344a7899d41f3bc4a30aa607ac01388428ca5bee0e05c
trackside-vegetation-closeups/0012,trackside-vegetation-closeups,train,0,0,0,2088960,0,0,,,,,,0.774255904141003,0.6900306127818798,,,,,0.7164262681264361,,,,,,,0.9522945181124048,,,0.8628882055699797,0.8475317003015829,,6d411277b073c9f8148657c867b1259110caffbc10996436432e2bbef233e3c7,40d1f706fe9ff7aaec7e0b724531adee57bf3bb126a5da404cc86ed0ebfca460,a96f41c3f34519b909f15e2d144ce44b6a981d2eef59be4244622c73a5fdf244
trackside-vegetation-closeups/0017,trackside-vegetation-closeups,train,0,0,0,2088960,0,0,,,,0.0,,0.7833813377113963,0.7680109465149313,,,,,0.5743267321692206,0.0,,,,,,0.9332507841471926,,,0.8419168873951076,0.8186363945424051,,028a08528e4e767ba7b3c0cf28e85786354503f78c2dd0a447f206796a58013d,a5bb98361d8c5d8e2bd93d102162e9cbf214e4963de765e5d89ec12348a94499,4cad28e1ed7f9956b164eb67e8e19ee4ebda2903be708390d937545384459f35
trackside-vegetation-closeups/0018,trackside-vegetation-closeups,train,0,0,0,2088960,0,0,,,,0.0,,0.605700119090499,0.7193656174130733,,,,,0.35656935202691087,,,,,,,0.9292428776050455,,,0.7864369252934447,0.7419754914147325,,c63ccdb72ee621ea3abddc87464bce0d0d17c15f939a53a7189ff1ec3c846dd0,4c83b0b3a6aa5d6b746cfd84398f59574b1d3de5dbf1d58a5a038057eebf64fe,8bed457693669a611e4fd13be54f933a659af7574d74eb8c45c6be5602e0d52e
trackside-vegetation-closeups/0019,trackside-vegetation-closeups,train,0,0,0,2088960,0,0,,,,0.0,,0.7098053413262385,0.6233492679180602,,,,,0.7696880813409844,,,,,,,0.8621067535839289,,,0.8448933963119253,0.8521701357610989,,0f04b3c645dadb7431f751cf0813b5b34e40f34c8786fd50a006d9a58a70b608,6413c339aebad555f98f05dfecfcdd2819360be120b621b2087ee6bd8ad47ab2,21baa12a166b3c41a21ba8849779a1146b7f3d5a8fbcb58f425c7fd7f19d81a4
trackside-vegetation-closeups/0020,trackside-vegetation-closeups,train,0,51,0,2088909,0,51,0.0,0.0,,0.0,,0.7453228006365082,0.7520134286748891,,,,,0.8154837874331798,,,,,0.0,,0.0,,,0.8579236045402256,0.8294390277461027,,1b155b4a115f6ef6baeca7676fd004b92d57f38e06386f5ff1bd7a83f362ec1b,3a7bf8a3979cdfc107d19f7ade7089857f99c13d82793b50b1543f968610e9d5,35e59f4dd19be3d5924de45278280cc94726948599e0c67d7bd80abd18a5ce44
trackside-vegetation-closeups/0028,trackside-vegetation-closeups,train,0,0,0,2088960,0,0,,,,0.0,,0.8192431922760728,0.7317318296147808,,,,0.0,0.3499036352761348,,,,,,0.40942368779307214,0.7347560975609756,,,0.9355465425236654,0.7445624364770617,0.0,4e19459360e08e5f3877234f1a74ad6e98184568c64a7688ff552fb1f571e05c,6e80ec77d7ceb1afb45838b1b1336114098c095ad6dc35891ce5107082906ffb,fee3df57cfa45fb4ff7b993197b0dc1f9ae48a35625e1016d575152134dead65
vegetation-worksite/0262,vegetation-worksite,train,0,0,0,2073600,0,0,,,,,0.9605636189947921,0.888258519569134,0.6758454612082504,,,0.0,,0.0,0.3307702084392476,,0.6376488095238095,,,,0.9721137260256125,0.9937428441699689,,0.6300240785330616,0.9296064803240162,,54396730a7d632e6ac164891ed59aa4b248397c4bff8ad0524ee051361535740,46c8337d6d7cba2b8dd9fcbb263eb487f40f160d4e1a4d22257c1b1646d1715d,1de02497bba04752e34ca47960ff5cd773a88bea15351446da905fb7835d5307
winter-town-cab-view/0185,winter-town-cab-view,train,0,0,0,2073600,0,0,,,,,0.8549217280181747,0.9711822305421557,,0.22247972190034762,,,0.0,0.9280439513395883,0.652220545006753,,0.7994443817978657,0.0,,0.9092112575792582,0.9355662426012761,0.9860767066226486,,0.7886846466777159,0.9289961610716327,,5886ace53044086e84b2f4b85a962b8fc5d0e5df0f398df5bff81f0cefcdd458,02c16b4cc608d35f80fa4005304b2eb74c5fe0118ed6a9e69a447f8a392ee621,1613d32581fbb0faa4fd53838de3073db0731eb14f4e69ea594ed5c889a27c01
winter-town-cab-view/0186,winter-town-cab-view,train,0,5863,0,2067737,0,5863,0.0,0.0,,0.0,0.7528225364463444,0.9064793609002219,0.0,0.07866544230180594,,0.8482532751091703,0.06303088803088804,0.8058858151854031,0.6740860632164689,,0.6568457538994801,0.0,0.0,0.7863445617546658,0.925705119048927,0.9883034458314411,,0.6948148148148148,0.8738665386790997,,7b53cc55f0bba2e1833ae405668e09335397f1631bd62e9570846377941ee427,08d83649e29f837a10e16cfb3566001c6a2b63ac1223b3dbe22e3520c2558d42,dd93b88b62046d720e2ba1a275910761bc9cde3fd01b96179ae2048148582773
winter-town-cab-view/0188,winter-town-cab-view,train,0,0,0,2071713,0,0,,,,,0.7065868263473054,0.981150091950771,,0.0,,,0.7806029395987555,0.8363503324531544,0.8596151443208797,,0.7016115351993215,,,0.0,0.953108975447414,0.9963920443724692,,0.8138509790624735,0.9361536606427421,,93065b17ef536461211968f71d3b394d46cb55404435af01f1702cc875cdc85c,21220ea9d1dcae3c1fb53dbcdcfa8ec5f2d0d48d4fb3c882b2fc13ebf6880d2c,d85e9533f3d275b27dd5af437d81de04994e3bf5fd61f461aaecd354c1a2b369
winter-town-cab-view/0189,winter-town-cab-view,train,0,0,0,2073600,0,0,,,,,0.6035971793043341,0.9741415337466044,,0.6247255531160277,,0.0,0.5834471625481187,0.9139954207212364,0.8056759782951968,,0.34239794278367086,,,0.0,0.970271898210915,0.9968473387830316,,0.8291108205295848,0.9603277372649689,,06118b62db2d8b18889a7d9354ef0877b3f5042e249ab6f22e11ad80c9f3242a,db98ccf750fad56a37d5f1801491eb4450766aa87b85bdebed63fbf39363aab5,897e8d5ad60608fa2c3f71b45ca8f1410c6c9b1ade4db3b0b578c09b6e8f2816
winter-town-cab-view/0190,winter-town-cab-view,train,0,0,0,2073600,0,0,,,,,0.6225736525766086,0.9824658330910149,,0.3233590733590734,,0.41946308724832215,0.6886959121548163,0.6528013889391254,0.7798887073084959,,0.8449025804186283,0.825531914893617,,0.7433137294666396,0.795,0.9813211517476635,,0.8904481069980517,0.965447821222021,,55cf7c8129b7d290a98190185ebf3f9c9c1bcfda8b3256a472c4c639eff7e307,3723a2fa07fa1e444728f5b97c5e1abb879dd27258f29d287ce29622eb296f01,dbcf88e013b1172c680fb29ba76dfd943ed123b4608c2ec47e94aaf879ceb448
winter-town-cab-view/0191,winter-town-cab-view,train,0,0,0,2056311,0,0,,,,,,0.9461257530996301,,,,0.2503457814661134,0.9081141213658749,0.3376483279395901,0.7485320279525133,0.9066723573765827,0.7604819277108433,0.9371590661138992,,0.0,0.933318427058329,0.9802277757847934,0.6596119929453262,0.7858980355472404,0.8144164779430126,,fddfb8962d8961d625bea817fe5552ec2c1d016f4d6cc0fec53b8171c0f10c1d,d2f01638f8e68cfcba5c60ea363c59798551ee7d037ed50a9aa578dd2fb4cb78,eeb643f7f653a8b75b4d2c4c56c386a116089d9a10a66991646aa013467f10a6
winter-town-cab-view/0192,winter-town-cab-view,train,0,0,0,2073600,0,0,,,,0.0,0.6392214315613227,0.9784219942312607,,0.5937859608745685,,,0.8992039738627639,0.8755769616696769,0.8479472997886596,,0.2058252427184466,,,0.8320481918078724,0.805218481334356,0.9917002734653486,,0.8049297641134375,0.9218587058345264,,754211da40dd122ce82a710c71d8d2d60c6a74f3695406c8e58832fa940cea1a,cfb371e8c8bd13f21d3db1d5a4cf7a892f9a2b329deaf4b3848864894800aed3,49ddc3ddbb1e593a56bb4cbf5ce08c86bacb25a71d10249b16bfc230f04c329e
winter-town-cab-view/0194,winter-town-cab-view,train,0,0,0,2065582,0,0,,,,0.0,,0.0,0.0,,,,0.8717171951205385,0.5492045268164671,0.3062015503875969,0.800341603739662,0.7768300510083438,,,0.8096303452483856,0.937502323469805,0.9904791007422261,0.67626953125,0.5592529711375213,0.7158191047531149,,86bec697fc86a9152f90aa11441db7d66b5f096dac9422d72d66e592861f8801,ea751052eaed16e461703bfba2c8c200e9c8131633cf64766ef9163dd3489c13,1ce27abed5c270aa4ca8704330e40a6c2429966e0ee5c024b0b4f32bb21c45f8
winter-town-cab-view/0195,winter-town-cab-view,train,0,0,0,2068564,0,0,,,,,0.9199677404051425,0.0,,0.7209489344591877,0.8674979887369267,,0.8135462166635015,0.6661895219009447,0.8590262986582059,0.7104930467762326,0.5935744776454729,0.847859835883788,,0.20363036303630364,0.9154133044252362,0.9808013931512596,0.43203680468423256,0.5649250564031542,0.8432180432730959,,b011832e15f90292721c197db21ac1d902b6875259288cfca2f254319ca7f8a5,0a45ba6ece7b7c7ebb7ae6157bc737c892166881a058b9be199973dab69d56fe,1df043c72ced89e224ce761f769d1a865c420181eb049645033ad7b579241268
winter-town-cab-view/0196,winter-town-cab-view,train,0,0,0,2073600,0,0,,,,0.0,0.8223429014740109,0.9723673357162497,,0.0,,0.5559502664298401,0.7944144386568512,0.7445576597304746,0.7708271072167167,0.8034576888080073,0.4378573656305229,0.7423243120309302,,0.8878813089295619,0.9192639234090032,0.9670888586828678,0.45145631067961167,0.7575669944090997,0.952092385090327,,6642757595beb9bad0e29bd2abf92ae99ddffef5f2d5a4fe2af3140090621eb3,971c348d7203741a3df3355f28bb6b24e8ba5a9b8d393d99c2d3149c46519a06,86c6965e15a4001754c1661ddc4ccb22ee3f111ae4d46d11bd4fa47c05d49070
winter-town-cab-view/0198,winter-town-cab-view,train,0,0,0,2070318,0,0,,,,,,0.9703243434967093,,0.8727084598600895,0.9857038969927707,0.5155690272802425,0.7290493959901334,0.9067757384544175,0.8201223197234511,,0.5314910308960289,0.9183563851215254,,0.8914838032579686,0.7587981708668238,0.9921051816840215,,0.7422596244426302,0.9471570191431176,,cc5f67af19f67c1a6ec338148aac18a59457131b40eefe18cb47d42221300216,0dbb68073d6882c06ad4b479071c7b4b7db0f0406be6f2c0cc90a390d0a77a66,1ea2100a97779cab6c104f163b222f327f64df10feda182210af9693c8c27ab0
winter-town-cab-view/0199,winter-town-cab-view,train,0,0,0,2073600,0,0,,,,0.7464827586206897,0.5306040317564849,0.9708833135609356,,0.70272568378289,,,0.6739464136198716,0.6838193253287593,0.8495327250755925,,0.7077680120601871,,,0.7996957446990351,0.927152645240785,0.9901195167513348,,0.7410917361637605,0.9199527020453372,,bf2591468b8c776a8775aaf5f6535f7fa792b9c0ee28c52f9e87b591efe4c9b3,073cab9e51ecddedc95299e84dc6d995120a0ac8b5b993f541211aadeb7f8e1b,8829e33548ef9d1dbd38bbac2f5c153d6e68d1348641cc0921168a8dcb6deb90
