key,group,split,tp,fp,fn,tn,support,predicted_pixels,iou,precision,recall,iou:person,iou:truck,iou:rail-track,iou:vegetation-overgrowth,iou:car,iou:on-rails,iou:traffic-sign,iou:road,iou:sidewalk,iou:construction,iou:tram-track,iou:pole,iou:traffic-light,iou:mud-pumping,iou:fence,iou:terrain,iou:sky,iou:rail-embedded,iou:rail-raised,iou:trackbed,iou:standing-water,image_sha256,mask_decoded_sha256,prediction_sha256
evening-water-cab-view/0289,evening-water-cab-view,train,0,0,0,2073600,0,0,,,,,0.0,0.8265685950708311,,0.9346262568433106,,0.43403205918618987,0.4761222540592168,0.9836090799926358,0.7282210259525356,0.0,0.6735051925634568,,,0.8545223281331412,0.9221725743077226,0.9936153297803108,0.702223172295853,0.6323077766809257,0.8684997246479427,0.15328598399712307,61b19d029c6cc48d744189fd60f15317991db02db7ea86e03c8dd7f235cb5126,fa814612b6d681d61fe077228cb1a4c725d255f34f5f50e60fb2c6005314c066,e329557ebc87a1990501aa3076275abc92d0dc3a0163fbf1993656121ed417c6
evening-water-cab-view/0290,evening-water-cab-view,train,0,0,0,2069597,0,0,,,,0.0,0.0,0.7817652199242645,0.3485748218527316,0.0,,0.7531718569780853,0.8260730198416515,0.9897995535078136,0.7679919706197678,0.9167193870378181,0.767014460918909,,,0.8641472932857477,0.9480106447618388,0.9934110915897822,0.7579693816687654,0.6620549094832754,0.8232327092090179,0.286167321051042,bc87c6029c376bb13438534dc5403cc400260f97f586d1d6581f3e6c7f911c08,8360e0500210419eed9bcc69436f11e0f6aaab9a724b94697d42da433f023e28,fb204462c74dcb231107d9d9835dd75e3cba64d4982d8c78d6c8f04fa8dd8636
evening-water-cab-view/0291,evening-water-cab-view,train,0,30,0,2073570,0,30,0.0,0.0,,,,0.9114032645259363,0.0,0.7029702970297029,,0.8591549295774648,,0.0,0.8604581072935503,,0.6528719585161548,0.182648401826484,0.0,0.6108147875666728,0.9485122397298819,0.9939538556907634,,0.8056258143634552,0.9036829369060969,0.7560251284980012,98c179d6033fbdd1ac8781f30103871dbd923fb986a02c3839d44f86da4740de,555e39fcc692b9c099bbb1a823068a2b232fdcb7a7c9e0f077b329cf8a995911,bbb41b97abe99fbf58d7c2d53aafb4431cc75ab96bb81d246ff9c8d4d5267a1f
evening-water-cab-view/0293,evening-water-cab-view,train,0,0,0,2073600,0,0,,,,,,0.9746633398158001,,,,,,,,,,,,,0.9884362718379759,0.9909325846043852,,0.8169898430286242,0.8799967090184647,0.6213033707865169,6077aba4a4bb99250442da395b3d3240725c2e1e0aef293eb44333393c53dc7c,6ebc9eebf302b885657ef7be4b9c34e798fb1a973f26946e5ebfec7c576a8de7,d94b723cf620d33afdcf91e6e4da42d2c73f15b225c2f3a001d106db5ce6c7d6
evening-water-cab-view/0294,evening-water-cab-view,train,0,0,0,2073600,0,0,,,,,,0.97690556415627,,,,,,,,,,,,,0.9928676605581929,0.9928078394722185,,0.8265821531147866,0.9441775108441776,0.8550147130946543,fc99bfd711df81411031982d6c1af485a0d5de1a6bc8031d66c08fe78aaaf437,bf5ac7a07a2a1c0c25d7467a385622e90eb9fa5c05327e6a4e867b300e68a568,f827c5cec079cd423e9e1b875580126717137be0ef7fe60aecec99762df268dd
evening-water-cab-view/0296,evening-water-cab-view,train,0,0,0,2073600,0,0,,,,,,0.9802150066619212,,,,,,,,,,,,,0.9905627769107497,0.9925055501595671,,0.8510249644814288,0.9213772729587939,0.8500948766603416,ccabc9bad6992ae81dbcf31b87e948651539d5fb18383056159cb4158d7aa1e0,487027c57289a0912519e79243a4b9a77949055af890e964ee7ea07d68c66471,40e0614c8af02f8c30a68b1b5c49bc5b0f1cf447a20eea5107d677ec70194e52
flooded-road-crossing/0272,flooded-road-crossing,train,0,0,0,2073600,0,0,,,,,,,,0.9694624606918238,,,0.8467263016055977,0.0,0.8923033812815244,,0.5824451410658307,,,,0.9501332011397665,0.9818921668362157,,0.0,0.0,0.947276586453061,1a64c22d40183eaa53211aeb2ab21c5cbf2a328ca7b2d6716a58fff64bb7291d,2ae0b928ea09fecae228600e65afc5ccf5aeab55c6186e155c041878168d2b7b,f10b8ff0e7424c004395a8855ca1ea84aa03dd3a23bffabd44b428fe7da97e57
flooded-road-crossing/0274,flooded-road-crossing,train,0,0,0,2073600,0,0,,,,,,,0.0,0.0,,,0.9754989904546392,,0.0,,0.0,,,0.0,0.8476657862505104,,,,0.0,0.9800009996222738,5eac815d6dcafeaed42ca25116f35fe30e4598159ae3b155d664bf6b7378427a,92f986c0cf867798fb963a56a3cc9a99da42fa01c35481b1810a31fc272e5aab,d984ca2c7fb74c1d30116eecbfb195363dbaad5db861d195169c02b4ad1f376a
flooded-station-platform/0298,flooded-station-platform,train,0,0,0,2073600,0,0,,,,0.9418102106141564,,0.8220335248057119,,,0.9849887581007803,,,0.9867398526650296,0.9850765997937476,,,,,,0.0,0.0,0.0,0.8898062712719838,0.0,0.8812863674147964,f0194c9f5092ef4a9f5211064d986408ef94a7c44752b254cf2a6cb67600d64a,9c2a8282ac3b685c1b4f7d0eada263e2c6deb4d18423159e43b764c65f2afc9f,ff10bfaa493f64e1850f6ae22ebd55ba125c2ec90ccb17f25fb944691c553199
flooded-station-platform/0299,flooded-station-platform,train,0,0,0,2073600,0,0,,,,,,0.9258962372717244,,,0.0,,,0.9971081286265757,0.9805876815957587,,,,,,,,,0.9497983030945798,,0.9685634813932471,2e8151e2e6b02fcc2163c50aa86d9e5e0134c8e81d7ed74c33832a121b91dcaf,ac007d07fbb9218cd6a46518c8161c36b300c81f837d4ca78ee881cc5c1285ad,7244863959d7cd444fbfe61cd6cb48981431dec13ad60595e2b724b749ec169a
flooded-station-platform/0300,flooded-station-platform,train,0,0,0,1958520,0,0,,,,,,0.9472787376887162,,,,,,0.0,0.953711576561234,,,,,,,,,0.9370734160074476,0.0,0.9769921382278268,aa5009748eb469829d461d7b4e9a1e63aced662acde1baab34479670671c9cfc,71b71d95fce3df9c264c4586d0b956bfa611ac012f0c0847d66c466d4e709978,4f4f5c6e996e946a57450185d85942c044b0daa8f7c92e336b11d2db16d4c8a8
flooded-station-platform/0301,flooded-station-platform,train,0,0,0,2073600,0,0,,,,,,0.9822857082214604,,,,,,,0.9622906370563579,,,,,0.0,0.0,,,0.9789449464093767,0.0,0.9900796636375729,b6bfd2eb1a154fe26098279bca8d8165e5aa045fad56b687663d941cba56bfda,7894d14854f9ccbb4158b0466157085afe2d2c32ff1bb92ff09db44e499d08ca,9000b930ed62ea6702ab14c94e649b28999d5475f7feb9753ffcaa318fa21c19
flooded-station-platform/0302,flooded-station-platform,train,0,0,0,2073600,0,0,,,,,,0.975611397465679,,,,,,0.7178389212827988,0.9980555783812789,,,,,,,,,0.9796090333076775,0.0,0.9768406763053274,0758d8245392d38d69bb520d6aa46dd39d38ccdfa9c8011ae15e78d2a3d0dfae,00ea88ab0410bcf15bd3202f7dbdea2d25333ff4bec6c06d01c990410360a826,385f2b2020c146251a85e19e258e8496cca8d4e9259022be2b57f496d165e2f0
flooded-station-platform/0303,flooded-station-platform,train,0,0,0,2073600,0,0,,,,,0.0,0.9640999569825193,0.06231916314266637,0.0,0.4558052434456929,0.5484344422700587,,0.9758945867904528,0.8695633763625585,0.0,0.6197625430869399,0.6872682323856613,,0.6815155485440787,0.7263662417234905,0.7855277406204216,0.0,0.8891628225686816,0.874912857285131,0.9347899140188649,e62cac97ea08c225e113869af1e24539312d59ae8b1ea981d8625c7d8c85968b,e39d3cc9f2e733f410aab08b883c5b815fc0b7cec4923951527119e1188c966a,336d42a1ebb35567adb13bdf7c1e64365abd8b231ba7e06a79947af1d8d8481d
flooded-stone-bridge/0270,flooded-stone-bridge,train,0,0,0,589824,0,0,,,,,,0.0,0.0012065451469004769,,,,,,0.0,,,,,0.0,0.0,0.8295870360690015,,0.8757059102470147,0.7417355371900827,0.9272402460605039,d8aff7595858cbf04c9e2b85dc09bc865c9a2ad58b92c41e823fb4a084f4bada,fd6955216cc66b2eee2cfcf1242e63211c7bcc1bf86fb2ab9d8a15726ce917af,31a5c7042cde56627b8717d4f064b6cc5c951cdc41225ae5057544c144b69569
flooded-stone-bridge/0271,flooded-stone-bridge,train,0,0,0,698368,0,0,,,,,,,,,,,,0.0,0.9681984559395839,,0.8124163116250761,,,0.0,0.7794367071976303,0.971617288086919,,0.7807384849638371,,0.9732222826434649,f5180763e414fb42a131798a9a989ba50a68fa194643d48809aba9a9130498ed,2368f3e5da46a76defb9ae32ea5cfde760f7cd9dad6b26b038b2df07dbeee742,7c5ed70f13dcf66b4aa12d03029c1eb412bc5c9e7ca024c6af4b72fe1c330374
flooded-stone-bridge/0310,flooded-stone-bridge,train,0,0,0,921222,0,0,,,,,,0.49503571861000123,0.0,0.8667146974063401,,0.7989099254159495,0.4751856547726861,0.0,0.9161131747193416,,0.5501209816799171,0.4118372379778052,,0.8752050807091823,0.9308481527409265,0.922085201793722,0.0,0.827213773576289,0.7876693097872918,0.671274123614929,244d2e5e9d27aab38bd91e338efee542e9ef1b32b81f5b1d04e493988fd9fb15,e7400d491f361454e85ea2bdd892beb8058b0cd329a928274504f090705578d3,2eb691934d5541acebcf281276354d91f7dfc9dc45c27296e3dd4797eec37f5f
flooded-stone-bridge/0311,flooded-stone-bridge,train,0,0,0,921600,0,0,,,,,,0.46539792387543255,,0.47757255936675463,,0.7439024390243902,,0.0,0.9661284102585339,,0.5361037673496365,0.5472779369627507,,0.7223576652803672,0.8821025583733662,0.921615984191459,0.0,0.745064236137137,0.5484971221487955,0.9216106334214099,3ec9872d416c77c2223a85177374f753b9fa22546177d378a402366f3a00fac8,1f576c93da65df63c0f97c19e0f4a5a88fa854a978139bb0b399a9b0722ff0ce,172de4d1152e6caa9ec42f4079cfa2fc3d44cc3a987a496a70c6fa0b4898c9f3
flooded-trackside-woodland/0306,flooded-trackside-woodland,train,0,0,0,2065173,0,0,,,,,,0.8926233310995412,0.0,,,,,0.0,,,,,,,0.9842447690993645,,,0.9262472279948116,0.9691827735503805,0.928377649544402,0021b7212f209be14d804f00cbd09a05f058de3d7582bd9ccb3bb068575fac81,aa2fe3eca522a323488e965cd1ae37a0ba3d6252e47f48565377c996bbc3f41f,068c1494adae3f9e246b0eb351db3adf9ceebe16831fe9eebbb816d1a95e2a9c
flooded-trackside-woodland/0307,flooded-trackside-woodland,train,0,0,0,2073600,0,0,,,,,,0.0,,,,,,,,,,,,0.8257587838196991,0.9880839993083532,,,0.9582425126576847,0.0,0.9715978406831778,05638be2766fc4b1131b1244aba691384afbe16930ecba0b0faf7738dcf28e31,039026c54fc1756768d7e211751a539a85cfddad377d093f7f073676ca1ab04e,ec2d26b66d2a213c5e0082788dc689e47c3a67f22225bf9febaac90805c2566d
flooded-trackside-woodland/0308,flooded-trackside-woodland,train,0,0,0,2073600,0,0,,,,,,0.6113338473400154,,,,,,,,,,,,,0.9887422502419756,,,0.9293058943330097,0.8838033072236727,0.8946617173094339,0020a0a56903de99cf38302e93fdee20ec756bd51a40b2edf7884183de063666,010ec835c062914cb3ed6f8341416facf035b35c9a551687ea67bd3c61333838,1cc745376831d81bc5619a6c050a2217e5913a8ba292f96935f8e0b260a509e0
flooded-trackside-woodland/0309,flooded-trackside-woodland,train,0,0,0,2073600,0,0,,,,,,,0.6538523145923434,,,,,,,,,,,,0.9927312004083062,,,0.9595890410958904,0.8577681080591062,0.9214359909047714,b0aed51ac2b31233ca1f0b25b0f75d6ad53e8afd209b956cbf317def34ebd785,fa2b9789faca5ec5d93cfa616783c670f51287959e496c26cc6f13e5dcc6d89a,c005f79c3d0a333a8189f40ccacb9dfedbe91cff5f5d58b1bcbfae8c9e418b1b
green-roadside-cab-view/0174,green-roadside-cab-view,train,0,0,0,2066880,0,0,,,,,,0.9656806615776081,,,,,0.9784876516526901,0.0,0.8432001770499059,,0.7050691816094806,,,0.8230621088107848,0.9678719922563134,0.9832083236829446,,0.7972359200622892,0.9354403263198051,,ac8756b81048f48af6d2c3fee710b8b43f34a4e658cde8c09bb9f690902790e5,1d89a374fa0d7ed2a6e6429295a1bbd6e07539abb712f5298181462289d6c8e5,41f3a56e20a40c0a49e783468aba667cd23fecec9de8945d81034b4eccf7eee0
green-roadside-cab-view/0200,green-roadside-cab-view,train,0,0,0,2068190,0,0,,,,,,0.4823511665325825,0.36398467432950193,,,0.8358862144420132,0.9066299123551032,,0.0,0.9469779620336024,0.7805772699939868,,,,0.9790939140148704,0.9854235957850238,0.8354744525547445,0.7402026381189065,0.0,,647d89550b9094d69144e9eb687405a9b548e981193dfb8682ee2e38bdb37aa6,f46c80584a147ea51bb34d9112360631c5f11d0019df6dd603d23b6e150c5218,448451f9ae96a49aaf03f7856264bfafff4c1c9d89a93f29deb3e11addb460e0
green-roadside-cab-view/0201,green-roadside-cab-view,train,0,0,0,1982593,0,0,,,,,,0.9501052808894129,0.0,,,,0.8919562780269058,0.0,0.0,0.9056394316163411,0.7502995872353646,,,0.0,0.9840023904564652,0.9838399666762538,0.8449760765550239,0.743490054249548,0.8916124303956792,,cec5a4a2267098df2b64c119ce4e99aacc9014722b05125b92bd8da623cddee4,55581854220617568ef435d0ce1a25842c7ab9554e57da4b56132ea6a7b2c5f0,63a1482bce0302f9f011c68bfcd19e0d2745a03fcac7e2edae76afe8b80a50eb
green-roadside-cab-view/0203,green-roadside-cab-view,train,0,0,0,2067867,0,0,,,,,0.9746748331154085,0.9650950147093902,,0.8964338055691256,,0.6772908366533864,0.887824779901224,,0.7060221870047544,,0.5219029674988224,,,0.9423463687150838,0.9783836993337377,0.9887284749129898,,0.6604075771800961,0.9015681978896577,,18638926136c9e885bad8a5394a86973d90d5ed5638573e5985654dec64db548,e71b82e1e191ebb38f5c61ef1b0d128e6e5a11962065312506493cb014a6a361,4f7d52aa8184c15dd4fae48ed3bb040504952b23c8ef4f6ae2c8fe929af07fc0
green-roadside-cab-view/0204,green-roadside-cab-view,train,0,0,0,2067867,0,0,,,,,0.9394328893043546,0.9685883172020259,,,,,0.8639365918097754,0.0,0.7101369863013699,,0.0,,,0.9170890328574628,0.9748502824372876,0.9930156586043624,,0.792748745952124,0.9351835250121667,,cb34ab4d9a1966c9d974500a92359ca204a93a0c8283bcc59a5f16456005f1dc,f8a201f8055169f4e1fc3ed4547ed752839f649ac12fc2ace4db3701d27241e9,4e255570151e3b04a18447a8af5f278085fec143ca79878b0fae00891a90f28e
green-roadside-cab-view/0205,green-roadside-cab-view,train,0,0,0,2067867,0,0,,,,,0.9609577026709344,0.9836388544588688,,,,0.7517241379310344,0.9054504483357589,,0.7850897376898297,,0.5279293926373243,,,0.0,0.9845896705318328,0.9871787230491786,,0.8098571011956839,0.9595876511080697,,84c3ad934ba556452a390cf9a7615f786d7bada1f0ce3bec466c1ccd2a89b441,54f8b882502e1aba4a8f31dfe42009d9359e4354cbb6ad2a4af730894c4a64a2,d965a919c059ef62b73439b75e0c9df43713d60d2a0fb31ef107e834c580c775
green-roadside-cab-view/0206,green-roadside-cab-view,train,0,0,0,2073600,0,0,,,,,0.9608184097016779,0.9793092067683012,,0.4427890345649583,,,0.9364986513275486,,0.8414158305462653,,0.8127018733850129,,,0.8857090942127737,0.9788626766105192,0.9834614804764058,,0.7446863884792227,0.9475280576228194,,326099a1d7068b475af019e6dcf936e26aa1a539954a3f0fa5df1a5ff8428999,6cf8bd75df6f49b6f9d82d83a98a90658290b0098de456864106c497d525afa3,c0b4fdff22a9c8b6bd7ad81883df62d8a5edfae993a2223e1960b5b55e9cd57e
green-roadside-cab-view/0207,green-roadside-cab-view,train,0,0,0,2067867,0,0,,,,,0.9566698726831098,0.9878498170386023,,0.07837837837837838,,0.7765151515151515,0.8259729028538484,,0.8233585124927367,,0.7913755507098037,,,0.6846876859012493,0.9690989207805196,0.990127754784282,,0.8329154727793696,0.9616726914457389,,0a69c574d773bd2b02269bec42203fa65c198e4f1f50743335704b45db4b879d,12929b2c41df570afd935b15f8686b36c15ffe4535cbf298828b651dc6b7f72e,6db72fedc5303e70111d7c1a62f260090edf449e7d9679202d4771437144a569
green-roadside-cab-view/0208,green-roadside-cab-view,train,0,0,0,2067867,0,0,,,,,0.9386699762126384,0.9671681182370019,,0.0,,,0.5051490514905149,,,,0.750178013912472,,,,0.9910266579979807,0.9859086178337413,,0.7732091690544413,0.9670439794731072,,3b8efe8aa3a6e136add1665ab904a06b78b874796e0c18912f3ee9f3ff74d366,dae9e0177528e83bb9056a8fb457e3d484018332b434fe9195634f6a0f23d72c,77850ab3f82ddc49d1c8201fe27a22f3506b10f92bdc7f0095932af724b10ba2
green-roadside-cab-view/0209,green-roadside-cab-view,train,0,0,0,2067867,0,0,,,,,0.0,0.9171146997602817,,,0.981782592044482,0.9383634431455898,,,0.0,,0.7242010652463382,0.5122422182745038,,0.901903122459714,0.9617088489984019,0.9756089933266937,,0.6892510529207105,0.9484866884069918,,ee956750d1fd8c7676cd76b8db71bf93b9cbcedf8b4aaf4e538041ef501ade04,e9baf13f1df68cf0182ca0ed2887e288cb340e796f1b398ed5a32febcb242750,5810ce85f9277e3abe76c67c6c94e26e871fffe5231a0d99afc145ad2f62eb76
green-roadside-cab-view/0211,green-roadside-cab-view,train,0,0,0,2073600,0,0,,,,0.0,0.9125004808370412,0.8558461464769842,0.7299960583366181,0.8452186638149378,,0.7901559271087732,0.9174011678804632,0.68959628830106,0.7637025916172381,0.9041742626092647,0.6909366255144033,0.5695116242783586,,0.7360225615561689,0.882437843616636,0.9819711195991716,0.8976075612877819,0.639190446650124,0.868065416199148,,41f0cad9cf8e4e11e5a870a293f740a7bce70a66b0bf5b0e86c9dd1fa6396f5c,c790e550e0f15182c68acd0fa1c3df3839237fe9c736e380c9569a42ede21622,88ea2ec809a16ce7dd7c9432befa0081e84683a5fd848d294d88fd024c8f7159
green-roadside-cab-view/0212,green-roadside-cab-view,train,0,0,0,2053480,0,0,,,,0.7881734370498416,0.4901938555719306,0.9312145167568148,0.27766881479405997,0.7998583067658519,,0.8876718453112775,0.8802553903309571,0.8099565217391305,0.8148864452671714,0.8433688035297171,0.6396182202663314,0.857304068160018,,0.8605049747028493,0.7929968261585612,0.9810548153136396,0.7236739974126779,0.8056987048398091,0.8963120496674254,,19490f9f31865422ef3257bbecd836b58a75e1200af558b47627240cfc9e49e9,e4afe2ecf4ebd828471240e23f7446384dc2ec9d184d5b7d3aee969d13726f9e,be4447a90700fd08128a0a01cc76339d924405b0d0c199181b95dcd0071acc3b
green-water-cab-view/0263,green-water-cab-view,train,0,21323,0,2052277,0,21323,0.0,0.0,,,0.0,0.8831494090944666,0.7347134249961378,0.0,,0.6840579710144927,0.882714963952875,0.0,0.8901416143252838,0.0,0.5799630466023403,,0.0,0.41405269761606023,0.9693909981964302,0.995331544534229,,0.8511584609019446,0.8936863985183872,0.0,d38268ad352c084c45d9c129d86eed80ec34068717620fc1685f07a6cefd1468,8529f0f311585470613e21978d79fd7cd6125e1beefccb98f037b4124151b53e,91ba043c54d48a780fd2ead2dc1797da0aaaf77d43377bca20ada769809e66ee
green-water-cab-view/0264,green-water-cab-view,train,0,20749,0,2052851,0,20749,0.0,0.0,,,,0.9506395618083391,,,,,,,0.7523022432113341,,0.9651815628333654,,0.0,0.6936153389998023,0.9641826868023397,0.9818417778081852,,0.7034852130714896,0.9104124329416894,0.0017115960633290544,7ac26e3576a11b28c401290cbed89e663ce03d2ae23dcbd062e1ece5d3ba81a1,da975b659994aec1a32dd22d6e772c441d1fe28b507d5d47bfe4db184dbe094b,58dd5000521c72ebb9d5c59cb513f589bf2b2027c0535c4442c6944fbf2d879e
green-water-cab-view/0266,green-water-cab-view,train,0,0,0,2073600,0,0,,,,,,0.9624554787345485,0.7913884182198744,,,,,,,,,,,0.0,0.9856919220960016,0.9264007966763658,,0.8650347864939044,0.7786557038128393,0.8640774787897876,1b57cba93cf3601d156721ce3f759bba69f41268fe5b975191c86fbff322be98,b57e3716ffe62a58f7111bf46af37413badf80d0ecc178d2c7b52919b30064bf,b734043aeb6d4a6e4f9bdfd30e44bfa372e44f05e0270a25a03e671615027058
miscellaneous-flood-stills/0275,miscellaneous-flood-stills,train,0,0,0,249696,0,0,,,,,0.0,0.7506137479541735,0.1863799283154122,0.7157258064516129,0.9700730893101369,0.0,0.0,0.0,0.900718317085685,0.0,0.5245398773006135,,,,0.8454319966928483,0.9907796479938531,0.0,0.6268755935422602,0.7303233264202903,0.0,61c2965c3c11954382ff9e9e06c34ffa4996a9a48b46aa7f5490049b85765bca,f4155b4c85702af56db693f3f999b74f08d30680a34733c864fb141f6a3f8c60,788315fa157ca0b29dc2bea11b0f1038d4705415eccb9deca4775e99dfe127d5
miscellaneous-flood-stills/0276,miscellaneous-flood-stills,train,0,0,0,920880,0,0,,,,0.9004045463301869,,0.0,0.0,,,,,,,,,,,0.0,0.9506402521841855,0.9774024342447881,0.0,0.8482527086830459,0.0,0.9540080793505819,85d7d06fc795f58f6e51ed5e91c5d5d8ab1f41194ab44f3471da41bdadf45973,b9c514a9abc72bf370a67587f1c41ec3e1c7769276c383024395b7a22ca7be38,92282d24c75542214d5825a91bd6e5b68960dce69305ea4dd9593e9081344741
miscellaneous-flood-stills/0313,miscellaneous-flood-stills,train,0,0,0,2073600,0,0,,,,,,0.94671466360551,0.6583370685791126,,0.9875132541553895,,,,0.0,,,,,,0.783295444480529,,,0.9457664310304049,0.9624071994731631,0.8927550088112082,74272d0a74c881e4e18e9bf6000c065a51519bf7c05acb3c8e912f075c3b5ddf,c3e7c0a88b0198168b7659a591eafc02b94abdbacb436e871eca4779200bf186,e4cfc9ba250c3e9c8cf4b3700e05aa19884f9925497518bc12c7d8c9f47b80e4
miscellaneous-mud-cab-view/0173,miscellaneous-mud-cab-view,train,20031,413,26266,2026784,46297,20444,0.4288375080282595,0.979798473879867,0.43266302352204244,,,0.8086862325692411,0.7963652614330403,,,0.9243772241992882,0.0,0.13707600618056068,0.0,,0.8011720385098368,,0.4288375080282595,,0.9688352497590546,0.9962752814612277,0.0,0.6524471903290895,0.8254262179937424,,f0ca7b2f878f2a5e167e558097ca517d126cb474aa25f5b0ec0fc4d6b1e57432,b968925b81e441c3dc638759e4923b6ad0ca44e3896210a4c69b136305b9eb89,eaca49906624df614fc93fb696eaf41c34f7d0dc064d8afcd2483e1cf3bf54b2
miscellaneous-numbered-cab-views/0013,miscellaneous-numbered-cab-views,train,0,0,0,2088960,0,0,,,,,,0.9799438091187377,0.0,0.0,,,,,0.8422611700814614,,0.0,,,,0.9804762098388765,0.976208121043693,,0.8822625733497872,0.9302022211716643,,cdc7c624979074f91663aae6c612b6f6c370af9ca88a91ba076c2bad37e6c319,5566ae6fabe4c0bdb27e7217400a18101ccd23bbecd3e8cc415f9ed41cca7115,f0eeba292abca98c5fc179d6dac7cc0dbae00bc51544449151bd97f3d955e5f9
miscellaneous-numbered-cab-views/0014,miscellaneous-numbered-cab-views,train,0,0,0,2088928,0,0,,,,,,0.9404810166378476,0.6303754407799211,,,,,0.0,0.9645657800380011,,0.5176056338028169,,,,0.9653509075964786,0.9553240600133633,,0.8608965906950461,0.8525194237006865,,00a59e617c6d81492253ece8ef06493164bef224314ee99156bc01663f8ccd38,3ba891a877a2984212cd387b6a1eca2332a40b2a757b57c0248ffa03807c605c,dc63aea886d0f6b6fe25d47c017816a047f837a0e5d7cd8e1811ccf5094f0952
miscellaneous-numbered-cab-views/0022,miscellaneous-numbered-cab-views,train,0,0,0,1931319,0,0,,,,,,0.953856405130768,,,,,,,,,0.0,,,,0.9863243340984865,0.9821469334956627,,0.695943908323281,0.9552615744468079,,34431340589d77bf879a5d44b35f1ba4ee67944d06302e41751f49b52c7cd6bd,601f45356d35a2626927e94aad629de30fc2805b197f3f27a60dd2cd87622d80,959662da6a3ad567c9f1fe740de717c7fedc844e6e773ed8f01bb7166a1c52f8
miscellaneous-numbered-cab-views/0023,miscellaneous-numbered-cab-views,train,0,0,0,2087873,0,0,,,,,,0.9302210182948157,0.7274849157507836,,,,,0.0,0.9544696659714874,,0.5476694915254238,,,,0.9613818154476319,0.9572642741054539,,0.8489281870800733,0.7996944569009418,,4dbdaa16ac641963e653bf5fa8dce1b9b05b89b3a3d10f8da2e3c9c38deeee7e,03b59830b108e9c2dc87a79168457ed2a8be69f44abafae8f6486184598ecb19,b410f345222a916b3aeaedfe51da6ce99986667e9f68a8d6ef91b1efd705be18
miscellaneous-numbered-cab-views/0024,miscellaneous-numbered-cab-views,train,0,0,0,2087739,0,0,,,,,,0.0,0.5155851219614243,,,,,0.8907855341458264,0.7424624784167884,,,,,0.5520904146838885,0.994087580963109,0.9960759717598623,,0.8310398025300834,0.6320423230289391,,35db7be7064f509351e3627b33430eabc718080e493e83ad1551491d62e1f113,e3c3c38776bc33b723f23e1afe17f11dd1b9be409c25e6ae796447766a6b56b2,a00614aa739b5348d63167fbc4ca91dd3c1006abb4c2a9a11b4d53fac398836a
miscellaneous-numbered-cab-views/0031,miscellaneous-numbered-cab-views,train,0,0,0,2088575,0,0,,,,,,0.6456992256740367,0.6582713819217675,,,,,,,,0.706408687672071,,,,0.9857755824586358,0.9817394064610981,,0.8693657135722312,0.7849951822440775,,582a1052402234b092c9e8f0eb985ba78c3b1068c2ae8c12c805aadd11584b0a,eac752094ab94f349e6d48690930d8ada3181efb518c33f473c5388d2ce23c74,877f6a30024784264323841df297e12feccc70092725be021f05a54b54a9b977
miscellaneous-numbered-cab-views/0044,miscellaneous-numbered-cab-views,train,0,0,0,2073482,0,0,,,,,,0.9399732729702457,0.9089806309505758,,,0.0,,0.0,0.944278933353915,,0.5743476460030374,0.8076545632973503,,0.0,0.9666366005043752,0.995237324994159,,0.8692022903396417,0.8705312582754476,,bb02fd705ac7b08fb3ae7c618b46f5a9da4ef32b590259233156f5fee831aacb,d3844dea10ab96975316c1574eadb989106b149d9b1fafe094beae7e9c50ec59,0ef0947960e76eff33531114b457d680b3ca04d4fcbceae0c0444a9017135695
miscellaneous-numbered-cab-views/0046,miscellaneous-numbered-cab-views,train,36296,2489,2369,2032446,38665,38785,0.8819555814744617,0.9358257058141034,0.9387301176774862,,,0.9599076212471132,0.4938688688688689,,,,,0.0,0.6647619047619048,,0.5286129970902037,,0.8819555814744617,,0.9861796609821175,0.9807457562265924,,0.9149570992700976,0.9546267292848263,,a1bc04fa20bd623f99bbac759e22dbd90554263ca7b217cee49ddc9fedd59da2,550d403c2cd02d480d3ae049a478b103700ae04d047712fa0e5187f9b0fd5068,ac77395f9f6a249f1756b9119c738fdd7141b540e35d3c4e41d5fcec5bbaccd3
miscellaneous-numbered-cab-views/0047,miscellaneous-numbered-cab-views,train,0,4,0,2073596,0,4,0.0,0.0,,,,0.9005547027630477,0.011060787269708924,0.0,,0.8687063716025546,,0.9719479866538691,0.7370737073707371,,0.8021005989989333,,0.0,0.9085879979154696,0.0,0.9884589171452257,,0.7901344548260788,0.921620442352247,,b74e6210f53416c45a93c3fb1a022de2cc33ed02723512634c739624b649276d,52518430666be87ad030da35871a2439ebbc09260cee1aaa6bf65be527c77193,8cc0021d66ee35f8f306accfbdc10e50d2e0628e93315e050533ec76564853e5
miscellaneous-numbered-cab-views/0050,miscellaneous-numbered-cab-views,train,0,0,0,8211623,0,0,,,,0.6740054074932407,0.5586073966991929,0.9668661837029184,0.703317510124172,0.8502076192068667,0.975196366856131,0.9183641357212337,0.3809742515141947,0.974225609910085,0.8882220187087068,,0.7887503874803912,0.7109886324491905,,0.5763897919375812,0.897467292885127,0.9756239372952349,,0.8925903232394896,0.8714895409411605,,33fc6fbed915cff715396fc229a8e0da423ed1d84e76cec2dcc2a28d124be983,a9c086f93a23a8995da1495bf54ec1a377ef02d5932b137a3002f7384f45c4b8,751277252ba69871d8f764285e1360e3e97ba08b84debcdf0b3ee6484fb2ff0e
miscellaneous-numbered-cab-views/0054,miscellaneous-numbered-cab-views,train,0,31,0,8175623,0,31,0.0,0.0,,,,0.9609149361860044,0.6764449765973658,,,0.0,0.0,0.776916242629836,0.8668352026281344,,0.7962516892560488,0.8833373177145589,0.0,0.0,0.9830276160215622,0.9724535097259615,,0.8705791597436506,0.9650563200680091,,ac828e814ea477c826e95def13cde08680d0a05dbe64cde8303472779d31fce8,ea34de2ac35692d4e015602569d70b94968ad6bdbb3c7aaffedafab451351ee1,3fff486034a177c986768a834c6e839dac305715dd8894d9332cf5b38329c1b3
new-unmatched-2026/0176,new-unmatched-2026,train,0,0,0,2073600,0,0,,,,0.7846469381775564,,0.9652848563544879,,,0.9807333730898651,0.6590909090909091,,,0.701363073110285,,0.631452167928424,0.547112462006079,,,0.9557207454201077,0.9893893547736377,,0.8904249322202239,0.9027332186302761,,fdfba692303712b2119a1d725763d74b54fa20defdb3415916105955f503bd9b,bf61db99763dc894604525d3f039b209cb136d83f1cd35b7655768228102fad0,e0498cd21b61464b0c0d5d260932d3492be894f2245ce2698aa8afc82cbe706f
new-unmatched-2026/0177,new-unmatched-2026,train,0,0,0,2073600,0,0,,,,0.8352059925093633,,0.9500331272084805,0.0,,,0.0,0.8424690055394355,0.0,0.0,,0.207090788601723,,,,0.9876864967572409,0.9945390889893864,,0.7085606378514477,0.9377530057297401,,92fdd6e752f0a8493a8a0114320f0d3adb209985cc28a17efef842ce5c887b26,4bd80258418635ffe4fd02e59e7e743a04d3ef8362742a3493154f57d54ca4c1,600f463426daf2911c4d1dfd8ba46e6a4ec9de67b8d187f5d62ea534d20c70b0
overcast-mountain-stations/0214,overcast-mountain-stations,train,0,0,0,2062997,0,0,,,,,0.0,0.8647335260069331,0.5896495517522412,,0.7462567454586911,0.717812197483059,0.8189550266849782,0.29916897506925205,0.5674155711695377,0.8884803154534644,0.757924299585132,0.6426364572605562,,0.5415300546448087,0.7619792125429402,0.956508257034658,0.7366127898805341,0.5950230154116852,0.7233464160022864,,fcf5289b197c7f0a48d5f375c13e6c090599b238c68ce299010e0babb86cb7e7,d66cff571333e436c6a9212058e636e2420673e9fa861b9fb9c61d3cadc245d5,4a7ea4f2d6cf085de59a67da7a42f8379c14a665808528e53fc0f15f316044e3
overcast-mountain-stations/0215,overcast-mountain-stations,train,0,0,0,2072956,0,0,,,,,0.9243190115136197,0.9405981757940924,,0.765850385776585,0.9622739393436329,,0.0,0.5637962128043282,0.8359472295514512,,0.6599339374190957,,,0.8653931790611612,0.8826230019571638,0.9801851166728328,0.0,0.7774287788979516,0.9139151964781181,,a4ea3527469f92f7e01c82dbad4e004af29e5a534ebe1ed94e96185736126eff,854429faa83f8da4db49e7aad63e0ef178c079e045e63a5be44bdb3fcd0af9f4,32b5e4a2e8d9463ef1ba4202f2e794608f6d431aacaa89a54b793e47fba7d15e
overcast-mountain-stations/0216,overcast-mountain-stations,train,0,0,0,2068117,0,0,,,,,0.6741253773752441,0.9532215111334198,0.71611071682044,,0.8911454102355808,0.9032656267534508,0.8131075491209928,0.9012267465299776,0.7872130116367885,,0.6296110220092366,0.0,,0.0,0.9892961019527399,0.9695722982743948,,0.8169366803157083,0.9632235316623953,,39f23d5418cbc5c465dddc13feda5ebb78e7eb06be8eacb3a5acb0256a95f409,484d599c7a9c73383e03fb6ad49561d2771579ca685ae29f0f30e4be25d04b96,71140393e9cf40dc02b16532e3a416746e708c8aecdaaf5b148d56cfb04fe4e5
overcast-mountain-stations/0217,overcast-mountain-stations,train,0,0,0,2073600,0,0,,,,0.2889120249869859,0.7144507835632267,0.9782043223903689,0.0,0.7585945638791552,,0.339606501283148,0.0,0.9460772161136348,0.7329387987268392,,0.78483171108416,0.6215277777777778,,0.7903371302515151,0.9058620213742656,0.9627093034165033,,0.8145250776742121,0.9240009832526425,,014ccb7933ce4cc405469bff1fb36825df54553c505c185a5c2b9ca46750aa01,aa3b2a2139a82a89c2ca14efdb1d56c34c50fe2cbd36c733edc6aeb721cead1e,c22a224ffea10cdcde6ca95fcca955a4369251b0c36cf800e1119fd6669624f0
overcast-mountain-stations/0218,overcast-mountain-stations,train,0,0,0,2072152,0,0,,,,,0.9582803217205633,0.9877747252747253,0.0,0.408675799086758,0.0,0.0,0.8549367306533528,0.8275258918296893,0.8992609879424348,,0.8904261947603491,,,0.8449139982658213,0.9585024080385909,0.9609827968456206,,0.8623223909848113,0.9558534682236453,,7d192a396ef667bb5f346b4419b19250547fc8d398f9ad1541087e3b71df732f,5a08d87d4ef25c8edc375b184d40fb21715f14fe709bd157766f55da6db5be90,c877f92c4ca9b42fa20a447b30845953c1a8b57bdcb343699b24dbae772e9fc0
overcast-mountain-stations/0219,overcast-mountain-stations,train,0,0,0,2067823,0,0,,,,,,0.9359557789902552,,,,0.8191448007774539,0.9535499094497555,0.8635269121813031,0.9471669956193135,0.9662349397590362,0.7348110879058287,0.9167912476216363,,0.7348025930111044,0.9562904887789156,0.9947800660201715,0.8872488216323493,0.6891992749760102,0.9066761229314421,,217eb3ce4240bbab2cd912c73d871881db741d3f99a15000d1343139afbeb72c,5dd19a743ac1e5e12f6fb63c62e75e423f24b6825f5013be4daef1327de5b91c,ebf66d8e3d5a37110951e876211aa0ac98535a573e75f0b1421a3cb521532786
overcast-mountain-stations/0220,overcast-mountain-stations,train,0,0,0,1926688,0,0,,,,,,0.9570763362560063,,0.5863678804855276,0.9750894368266901,0.8870541611624835,0.7973761553861226,0.7065019978205593,0.8166361229892078,0.0,0.8239404664670116,0.8484195402298851,,0.5375170532060027,0.9650805816838587,0.990764260159717,0.7520128824476651,0.8999652570974787,0.9319923198145162,,b998518e2d97c634c8c2c846bf7f07e5ad02688387f15d657cc9646d080b722f,a78aeb5c9b6e22817ec40a0d14a2e3b3369a6697165133d9a00b6e867bffaa90,2eae10c83eb4971b114a07982a5513099639446dd1a9cbee9a236632d2b9e1d7
overcast-mountain-stations/0232,overcast-mountain-stations,train,0,0,0,2051786,0,0,,,,,0.0,0.9731980032051872,,,,0.8371136443765425,0.8756681193980758,0.0,0.8329098878240844,0.8695513840279987,0.6811143559468034,0.9318016425823891,,0.7622192577689331,0.9588073997166574,0.9754086538461538,0.8,0.8764760361194721,0.9396698579898384,,77b17d1922889f7c1d3d5c9eb9eb7abb5f53399f38433a493e4e0d9f6d369bd5,3315c387c153f722bf32fbe0bc5bfbdaa858f63464cab9be2c8c073d479522f3,4166612fd467959d2baa28f7a601099b3a799ec218b7b78c3c98c7e56f79a11c
overcast-mountain-stations/0234,overcast-mountain-stations,train,0,0,0,2073600,0,0,,,,,,0.9843869204974894,,,,0.6414435389988359,0.8540477480104995,0.0,0.7301052285432423,,0.711783912140101,0.8849604221635884,,0.8245647165464365,0.9846458009339984,0.9938901816889558,,0.8545675863667981,0.9500749567557178,,709cbea54e2cf9800bbf3d0c032a4ecbdd34ac081630e119aea5e897a39808a8,9f031a8f85e736e4469eff85abe294ba9b7cd9f12c496873f486d04a6bb80267,8427bde93c7bb1591ece0188a131931c1dc394bbb68af63291e584499c991126
overcast-mountain-stations/0235,overcast-mountain-stations,train,0,0,0,2071387,0,0,,,,0.0,,0.8476166328600405,,0.6128277153558053,,0.7930327868852459,0.9407367069163067,0.0,0.881206705861808,0.9308588869735739,0.7915838339118194,0.0,,0.647198306280875,0.9452480416693202,0.9810792063838274,0.7207572401688328,0.7359056677368058,0.9153140114319215,,468c69f20ee4665d35f34a795d6f47eaaff96dedee7864164a769f063403427d,727abdd8767871d43483380b4a639a89408335f221c2798f071ede7d71cbcad3,f7a68e2acabc5756adc92409fcc6e5f51e66f777f185e14b415100b95045d614
overcast-mountain-stations/0236,overcast-mountain-stations,train,0,0,0,2064486,0,0,,,,0.815140250084488,0.0,0.9632481721386673,,,,0.6887675507020281,0.8080327368504346,0.8141431417840707,0.9465934641664302,0.9473840960984811,0.7247756450205659,0.0,,0.5477895382727412,0.9084523775384375,0.981251657158497,0.8541728541728542,0.8497467158925045,0.9221146417240642,,7d0f48496493980d7a6b226310064c37f280f0d3d8723af88c69108db233c6e9,357469e787079530c7c4af0fe3afad136d2be00a3110c53be46d1dbb7f58abff,363221cbdbee690fa548659eab11eb14fd3f8323a36d087ab6c7ffbf87a1ab67
overcast-mountain-stations/0238,overcast-mountain-stations,train,0,0,0,2073600,0,0,,,,,,0.826850378034222,,,0.9838498853462992,0.0,0.8557059961315281,0.8392396353001892,0.8721032759829079,,0.7036463518047413,0.8298097251585623,,0.9723103993532356,0.9686777639074609,0.989281905313491,,0.7192394568967657,0.8409049360146252,,38d3daf79fb1b3f1c4c8c5bf74635d5954f16b3c5be5297e9e5ac9b077259d42,0bd106de9c902a9bc8006dd281b20d065ef8b5bfdbd81729dc77edc4d0287715,6594bfc6d31fa00b8f04412fb5c682057ddfc38ab959b3e23dc0d1e410e209dc
overcast-mountain-stations/0239,overcast-mountain-stations,train,0,0,0,2037432,0,0,,,,0.8594468594468595,,0.9764588675903548,,,0.9866015546261901,0.0913391557496361,0.0,0.9644113767606007,0.874817610062893,,0.7966715003997994,,,0.7996409751577972,0.8582552909077502,0.9779822535838618,,0.7960328317373461,0.9221175871723085,0.0,a48c958611d90e4471af958912e453f589b8b5533315c5d59ce81b77a46a7bfc,7b59514cf69597aa4f2cce3764a3d0af51710e328dc3d85c3976e4c563c3ecc1,ca4aa44e7ef876530764980038b1d67273847407652bd5a2c1bb92f34cd78a6c
overcast-mountain-stations/0240,overcast-mountain-stations,train,0,0,0,2073600,0,0,,,,,,0.960406499504497,0.0,,0.9687399896168163,0.6084049665711557,0.0,0.6096774193548387,0.9068764131120822,,0.8267001288144628,0.0,,0.5698397121360811,0.9670903881668651,0.9412652218651953,,0.8662336304467156,0.935488473061396,,8b51f499144ba83986ae26ea615d1f3e8da062613143bac5e635ab5684f8c914,99709ace9ed244e7aac8df6f8691255f3bb94e3107826bf9d3f678400c6ead23,db4318bc4b050ba51277205fbe5fdb7f5167dfc4905713f1d53299409ec7a874
overcast-mountain-stations/0241,overcast-mountain-stations,train,0,0,0,2054583,0,0,,,,,,0.9614493927125506,0.0,0.6482939632545932,,0.8677150786308974,,0.6845637583892618,0.0,,0.76663042975436,0.9162108693122308,,0.8844669798033397,0.9351457346805491,0.9751003606382277,,0.8969806945914612,0.9539895774609155,,3625a2c4d4e9f8f3e0165e6dd90494d2791acd79e6142389e4a17e9e72601af3,a18c6013db023e74d3f18197e3c928119a026a0643711724bc334d3c6663f66b,d82e441ce44d98f599c5c43b770352315cd8ad6bf49d0a0b00838c44fef107ec
overcast-mountain-stations/0242,overcast-mountain-stations,train,0,0,0,2064724,0,0,,,,,0.0,0.9816661477560824,,,0.9300778960814913,0.0,,,0.6158759124087592,,0.6115674955595026,,,0.0,0.9775055724831803,0.9862543213249411,,0.8756130790190736,0.9431592647873005,,ded050ca71f820d730759226ffc1d2274e07ef4601f63b34c13120c7ef05161e,eb2b02a061e3cd39e085fb56063ea4abf4c835ba5583526332833e0723c0d442,2390c79f8458e4c7bb9d3596971c3498f41ee8a06c0eefb80ea08b38879f2e28
overcast-mountain-stations/0312,overcast-mountain-stations,train,0,0,0,2073600,0,0,,,,,,0.9390669751046486,0.0,,0.7348484848484849,,0.0,0.8142347985743601,0.8242520525741998,,0.7813421150118066,0.0,,0.0,0.8615362728360904,0.8831551373075368,,0.8433517634642346,0.9300411971437375,,5443a27572d1805ca781a25437ef08d1d27ac70239d96cb52f50717ff14822c3,b7a584f428c50f605f7f6cf81f78b931a71df4e8242a20fa82991bce28e1f9f1,014793b0fa663f21a8f0081efaa88f1bed499375f5c29e1816cc53170a86f2a6
rain-water-cab-view-with-overlay/0268,rain-water-cab-view-with-overlay,train,0,0,0,2029558,0,0,,,,0.0,0.7946096290202531,0.769966578310476,0.5966116683344581,0.5056986070071761,,,0.8011427611125116,,0.9830856208941989,,0.0,,,,0.9701285579995261,0.7859698516041996,,0.6907286453473577,0.8034057359763813,0.0,7a53e1b4c0a64e0b30e58ab9db89fcf98ce95254700008d25f5394d06f97a292,23a6618e87555de6cbd8e26e944af51a428323c138f0f4bdd425e1c41c6ebf5c,ce4ac9c6aa476bb6cdab67f221775d43d987355ef2c96c93f57d48643035276f
rain-water-cab-view-with-overlay/0278,rain-water-cab-view-with-overlay,train,0,0,0,2039559,0,0,,,,,,0.7359654017857142,0.8992457573852922,,,,,,,,0.7122969837587007,0.774390243902439,,,0.9897805353036823,0.9279278541356093,,0.8432579065766839,0.0,0.6703723382515224,ae02105bf482e4b7269f687a6bf9420a5d1fcf5bf84ca910a716df519b4a66f1,f9d9cc36d418487bbef456deb4bd834ff96e352253bedc9a16b3f55061617ea3,97c53ba1c4aa4fedd97e94b82fd6d5c733c15b091d7835211f4afb849ce518f6
rain-water-cab-view-with-overlay/0280,rain-water-cab-view-with-overlay,train,0,0,0,2054275,0,0,,,,,,0.5648562969949436,0.7847167998077963,,,,,,,,,,,,0.98827288597165,0.9388377124351979,,0.7560847602178049,0.8649058434666586,0.4675478260869565,70a05bd99cfd467ea3e055a00e478d6e1b45acfa4adb761b94f8e266417d1ae9,e106743e4b56f6a000935339646381f74dd47b337309998f9c1f64e772dc2e55,7b07aa979c46aec569df1b3895219a293dda8e195364f9b8b470e667fdd0366d
rain-water-cab-view-with-overlay/0281,rain-water-cab-view-with-overlay,train,0,0,0,2053597,0,0,,,,,,0.827339594885142,0.8344964087495919,,,,,,,,,,,,0.993879779247912,0.9385425812115891,,0.7446358238786668,0.8151056320016369,0.6863631692529031,a7da1f692dfad6e78cfde641dada58c6873c4539cb40843c04d9e3238e0235ac,0307bb1c875ecbe072c4937d166fb5c6179a715723a729d6f851102552edbb52,205f884db9a1691cd0837103553a1dec4c245738dad5e0b0ec12a2e8562a6b04
rain-water-cab-view-with-overlay/0282,rain-water-cab-view-with-overlay,train,0,0,0,2053810,0,0,,,,,,0.7354767023358052,0.7269181856718949,,,,,,,,,,,,0.9894971926934361,0.9105326372037159,,0.7015831987075929,0.9201303366174056,0.6533552697178183,f9741378f2d70f2bd7e5236fc50ad4936840f4c1561be37a810e2aba8983efab,c2f421c7de5534678595c101104109c3b656630b9d60fb9b35495a373e44edea,837b2d27d0fe4329dc302c603c93acd8963bb4c88abc57c4bf370e1c64b4174d
rain-water-cab-view-with-overlay/0283,rain-water-cab-view-with-overlay,train,0,0,0,2054083,0,0,,,,,,0.6260503115385609,0.8193338574317832,,,,,,,,,,,,0.9904114157616544,0.9771667914979021,,0.7871269645064454,0.1518467852257182,0.6377238721378372,50f5c438789710cc8a44142a41fc391480200cadb38493f126501909f2df6f3a,04b5fbb59ca9fdefb2c884a036413016e6db4df5eab65336733ce8f35b69af69,e2cd1f0ef5b3f611502d679136c0bd9609cbe4a1d47086d64c660548e7f09c38
rain-water-cab-view-with-overlay/0284,rain-water-cab-view-with-overlay,train,0,0,0,2053473,0,0,,,,,,0.7732204961743566,0.6874723067379552,,,,,,0.0,,,,,,0.99090362420699,0.7948861842797517,,0.8420679500463544,0.8842426530740671,0.5693441946793153,43ee426aa0b2c2ce8f85dc51fb77e1d7b14c6221bf250479b4fc3db9938e1d2f,124b16930742b8657398889555a2a4ca0cd3a302b337fa75ca4b08d758b9ab29,93e7ba72d3d9c86d3db8b0305f60df926d6beb2d927a5e83fb2846ee4991a687
rain-water-cab-view-with-overlay/0286,rain-water-cab-view-with-overlay,train,0,0,0,2054089,0,0,,,,,,0.0,0.855412219609262,,,,,,,,,,,,0.988528246738622,0.8794921335909467,,0.7553017944535073,0.3888938567468479,0.01238861117148446,65bb9a26ed2495d66bcecef26da2702eed5d5ef32bc6393785623c77524cec64,c5023a4e5a1ade5fe386facb5dd55efc8f17e3afa73682ad1f23e1e7f6e96499,669454db04736c7a51601611d9404af3802368dad424c22a4d9248a8f02c2da1
rural-non-electrified-cab-view/0221,rural-non-electrified-cab-view,train,0,0,0,2073600,0,0,,,,,,0.8924416971059286,,,,,0.0,0.9459599632778128,0.0,0.9741600519195247,0.8915477190036384,,,0.9734501407947079,0.9782788193718142,0.9848580910475064,0.8726241865859159,0.5375206611570248,0.8476422481294589,0.0,6411626e4dd88d0c532aa68480772b47bb488e0f02a7b85b9bc3a6689ed129d5,fb1abded07d425fb8a98d44431c5a19ee3ad4ed81d01befee289eda8bce27016,fca301195c86601c5a3db4db2aaab5a2531f78f00f37f65d5830efed2c9ccb2b
rural-non-electrified-cab-view/0224,rural-non-electrified-cab-view,train,0,0,0,2073600,0,0,,,,,,0.9270964614638876,0.624601593625498,0.8644670871745107,,0.6005132591958939,0.9739981747063039,0.052060737527114966,0.9367142059308297,0.9705168942683193,0.6945697577276525,,,0.0,0.9221098582001832,0.9870829659980715,0.8820901663433844,0.8168969849246231,0.777134175291995,,1e41ae632ab7d25f8465de2e6f35040f43e06005f63f671f9bc38bc730cc1d23,7f080b3dd91b88b6a5a384adf9a410234a66e336b25e3fae8adf584c4a236906,0efe406fbecf1a78ebe5a67551d4d4abcf358db83bc353ac977623d6bbaa10ab
rural-non-electrified-cab-view/0225,rural-non-electrified-cab-view,train,0,0,0,2073598,0,0,,,,,0.9544293651230227,0.9695495897977419,0.5483460559796438,0.9506147749212478,,0.8225439167208849,0.9432074532976208,0.0,0.6340547039374812,0.9244260204081632,0.6094100527496513,,,0.8668459716591064,0.9711797202880343,0.9834272845759829,0.7540045766590389,0.8250219042056075,0.8781829848201179,,f4f88535c53b204aba9d05b638314389fa878abcf8e01baf8f954e3c487ce4fb,e33882c5bcb85c6e1bbb522cfadf458420298be5edf847ea927bd32a0c6bfd44,a7718bd50234c97bf8405e85d867ad899952f6976f07124c241ac532325ae358
rural-non-electrified-cab-view/0226,rural-non-electrified-cab-view,train,0,0,0,2073600,0,0,,,,,,0.9733508912450279,0.6875405496587341,,,,0.9423465947403911,,,0.966780609073959,0.7976614858120633,,,,0.977525975814468,0.9974299272766337,0.8228709083179822,0.8533246086475059,0.9137441908210306,,31c04d2163a83cb2cbb97f6a65f78f6292915635dca2124764515620555e02a5,90687f948de9e1564c98f9cb85946cd5e2febe474688ed8af4475fb429735071,c24a8710ba825eb54717a01ea7ffb67fee6f3ea4f561e3bab0321da6e61fc98c
rural-overcast-cab-view/0002,rural-overcast-cab-view,train,45168,12351,13824,2002170,58992,57519,0.6331104663386737,0.7852709539456527,0.7656631407648494,,,0.8156524175166495,,,,,0.933080164580407,,0.0,,0.8193323264413311,,0.6331104663386737,0.4183046683046683,0.9552037296961665,0.9895766363885193,,0.8835050589436554,0.9189057593965569,,d6a1cdca475235fda34249ac027cadb8cfd26f48e206fe60727e06408ea9daf2,684853039dd062f3bb7968f4d2bc038a95fa699e5c320177db0f141fa6f698e0,f38710cb3d92b787c8d72e1c4a030cbc5d56b7ad6b8dccf000a60af6caf5df14
rural-overcast-cab-view/0003,rural-overcast-cab-view,train,20082,17794,6932,2028792,27014,37876,0.44817889662560256,0.5302038230013729,0.7433923150958762,,,0.8485967910900369,,,,,0.9612293053503942,,,,0.8359145014719058,,0.44817889662560256,,0.9816042921970832,0.9947004812614371,,0.8864262188866692,0.9187278162040111,,04a002e5659f3d51126f61bc75400b6cef6d9688c3f19cc5a7f5110b8233bf8c,15896db37daec4994ee767696b2c8c184bb7d4481b780842e8736f986450e748,c5e9528adef0968a96d11e6524ed730f6772db733312d8e6666b683f46f03e0b
rural-overcast-cab-view/0005,rural-overcast-cab-view,train,113105,3739,10688,1946068,123793,116844,0.8868754508672333,0.9680000684673582,0.9136623233946992,,,0.8996248078835548,,,,,,,,,0.8472185371893517,,0.8868754508672333,0.0,0.9876515660572265,0.9829915322202665,,0.8913444396631217,0.9344673889454619,,aedc6dab3debab63ed2639dc17103ad650d4dd41a6f7227f09b5480b90de2c40,31a76787a3bc46e88e158e7e9813a9dca57af06e74a19ec3f08859f7a4a4d90a,6957e824e604623444832dad95c27824dc853a30ef17fde134bc1637570a8298
rural-overcast-cab-view/0006,rural-overcast-cab-view,train,40439,1460,3504,2028132,43943,41899,0.8906680175318812,0.9651542996252894,0.9202603372550805,,,0.9848201410811022,,,,,,,,,0.5963435169593457,,0.8906680175318812,,0.9809601709942624,0.9871794871794872,,0.8967205765716059,0.9252720961215677,,3db1516a2e0c1874fb0dbb51d803925befe045e5d166f68c67d2511cf052796a,cef05118bb2dba5a06eecb8dfa31730b77f4569c611f14288c09ccf97ac22ff4,94cf8f4d11b82ee928f04ad03d7961c9c70360f413de2778c1f177d09c1239b3
rural-overcast-cab-view/0007,rural-overcast-cab-view,train,71593,22882,4178,1974947,75771,94475,0.7257052497136428,0.7577983593543265,0.9448601707777382,,,0.7873320736158207,,,,0.020618556701030927,,,0.940625,,0.8370088569220709,,0.7257052497136428,,0.948292055733878,0.9865682574428601,,0.8959299022099944,0.8877113773666448,,9ae138fc89678cfcd1474b9bf8cc396de8f0e6e2a43775c082e7fd324b1e9972,5d330275c7ca8001a8454bc47b60700924fb50dd2f28b5371a0498c31dc3d11b,430d8c8cb6cadceb1be6bf8fbee224bd38986aebcc9d87eda45c055f2a09f752
rural-overcast-cab-view/0008,rural-overcast-cab-view,train,66750,6919,15069,1984862,81819,73669,0.7522143839166986,0.9060798979217853,0.8158251750815825,,,0.9021774648724118,,,,0.0,0.0,,0.0,,0.59354247767346,,0.7522143839166986,,0.9876106260119923,0.9882521035084935,,0.8554470370254059,0.9129742621244038,,7bbb672efc6998e2fe07036354809c380b8c0b38f55bd9aae1815308defc4ec2,4cafaa30213f2760491099414b51421342dd3202b54f1de9f62554743135539f,20fa60345239676be46f3bc10a836385e72966962b2917559e13276fc3dfbe40
rural-overcast-cab-view/0040,rural-overcast-cab-view,train,18080,93,20582,8206429,38662,18173,0.4665204489743259,0.9948825180212403,0.4676426465263049,,,0.9157531076434806,0.7334173193843457,0.2753111076970349,,0.7643630308076603,0.3563602212250861,0.0,0.7790055248618785,,0.6904009887393573,0.6649214659685864,0.4665204489743259,0.0,0.9841188673259955,0.9916066287320623,,0.895623687032657,0.9472507906361548,,021941b66ec27bb2fcf79d061d8aee08b9c3f292d08a9a7405a19e299c832db3,92a824ad5637cc6ac5a0902d44509a094952f26ea5e68785381cc3146da9dcd3,522f47e597f4114bc80afde6f8f5174900a8e7395bcfe5af4a3420f9c71acdb1
rural-overcast-cab-view/0041,rural-overcast-cab-view,train,0,0,0,8244156,0,0,,,,,,0.96512083034825,0.7522294404252178,0.0,,0.6405017921146954,0.0,0.0,0.8392621973551941,,0.8416610275992074,0.0,,0.0,0.9749654368171669,0.9895588290242849,,0.9249473961073119,0.9501676590272947,,ff35eda53bd2422223f5fcafb02cea4c44b441958325638de3a11790243b67c9,f333c07d2fd6c1334671860b144e30435a0065218a37a5321955316a07979611,f19aee4a965c7148a25f700a953b20731fc146afa17caed5d4a3b41607486592
rural-overcast-cab-view/0107,rural-overcast-cab-view,train,28830,3503,11495,2029642,40325,32333,0.6577986675184814,0.8916586768935763,0.7149411035337879,,,0.8809173325856349,,,,0.5510204081632653,0.899977500414466,0.8017430485563526,0.7642369020501139,,0.5871032241939516,,0.6577986675184814,,0.9787870420481781,0.9958726500558044,,0.8250279329608938,0.9264484689005911,,215b77d9cef9cc3af93c75d0f03981fcc3de1a90d89599e881fcd4a81e39bf3b,7584e7654d73913c2389fd85b8500ecfa8d8d7c55c1d76d3aefd7787fca1070a,cd74421e54d20f553d7c57d7d7b517b97d7955fa3173f31600d7fe25173a04f4
rural-overcast-cab-view/0108,rural-overcast-cab-view,train,82423,5899,6183,1976370,88606,88322,0.8721549124384953,0.9332102986798306,0.9302191725165339,,,0.8797685288226129,,,,0.0,,,0.0,,0.7957661464171768,,0.8721549124384953,,0.9845746403192495,0.9926965133747246,,0.8837448257640255,0.9552421956261273,,c33b247dbf2b4f39cc6e562b021c46ced689391a1b60185e8afc0ac60fed379e,46d0c602ba5c0780e8a5f1cf801575c256c21fc72a367e491cc266f159594a12,d4319059cbb02fa8e15235af67bfe6d8d5dd9aed0c64c732ec7984f6345dd25b
rural-overcast-cab-view/0109,rural-overcast-cab-view,train,55287,7393,3174,2007746,58461,62680,0.839538980168251,0.882051691129547,0.945707394673372,,,0.8943607068607069,,,,,,,0.7428127428127428,,0.8397724265678751,,0.839538980168251,,0.9890226342227324,0.9807842833066547,,0.7705684641239222,0.8932251991310645,,f38954f1bfc9fe50b963723a16b16b8d3f9d7362875393e41e5e9796dd413c67,9abec4da302b70961e931a2691048fc6eb9130f825efe442056adeb8cb3eb610,5c3cd1cfe62a8a3b83e7f8b5516785697bdde16fce22db297c1134ea1daa6036
rural-overcast-cab-view/0110,rural-overcast-cab-view,train,129995,3230,8714,1931661,138709,133225,0.9158511755049704,0.9757553011822105,0.9371778327289505,,,0.8895016544670611,,,,,,,0.887719298245614,,0.8815975343521253,,0.9158511755049704,,0.9866040911706383,0.9787480390206356,,0.7171022466758368,0.755539420645452,,fdf24fc27e07ee485b7222ccde914085e8f087aa8259cc0b90e6f71e0a387ffc,988e6b7d69b4f4b852fbcf80446a88d51b9a623d42d1842bf573bb0d9a471dc4,81fc56f770a01b0a85a83941e68b82b008077359b28656b6a79b7093d9a8058c
rural-overcast-cab-view/0112,rural-overcast-cab-view,train,74671,15830,16047,1967052,90718,90501,0.7008202875699215,0.8250848056927548,0.8231111796997288,,,0.7330926428164245,0.0,,,,0.9403713945051878,0.0,,,0.6955090214671408,,0.7008202875699215,,0.981503566268376,0.9815968533777383,,0.9176097912167027,0.894707281183488,,8aa93fc1231db8b4b0a120906afce6efe281b5d722780d8cc957032da6e74746,fabe1664911d495a46eace7cafe67152470a7e9b4c71b1f54245cffe1b7941e5,09586e2f629e035f3836f6e48e37c0a1e1c35e3c1f17fbb451abf7002aef556a
rural-overcast-cab-view/0113,rural-overcast-cab-view,train,63455,27380,12217,1970548,75672,90835,0.615757093506191,0.6985743380855397,0.838553229728301,,,0.685562652639489,,,,,0.8767353807320152,,0.0,,0.9291841975848314,,0.615757093506191,0.5636058106268922,0.9449442374580698,0.9940933783331737,,0.8971730623211261,0.9083383153456468,,ba958581ca15fdae026c4dc5918bbf409fb30ae6ee8593531607b3d3640ebc46,763c7251db10ed362cf24bad3e7f1278c5790578ef282e3c7f28a4f383704a56,b358ac9bc36cf9e172d57dc1850d048467639d7c0c979c9d54965647f8aa179e
sunny-mainline-cab-view/0124,sunny-mainline-cab-view,train,48937,6994,30434,1987235,79371,55931,0.5666300005789382,0.8749530671720512,0.6165602046087362,0.0,,0.7928757425974148,0.5304296817715207,0.0,,0.7444648145536595,,0.943889709502708,0.9208396309330744,,0.7585200446390248,,0.5666300005789382,0.0,0.9113084843032452,0.977543431203863,,0.49752808988764047,0.7878087296357729,,7401f5fc76b6fc6c255d1dd4039a55eb15e32ab20cd3552dcac7878a8a74eb88,9544d3a4d4f26ddcf2a101283fbc57247e7d6b9a4c2a4d1dcc6ecbc47866431b,1f2307ce6b56108c2d6caf4a6a435e47a8f1776dfcd9e5c6403e2eb300f52adc
sunny-mainline-cab-view/0126,sunny-mainline-cab-view,train,25901,1146,7758,2036332,33659,27047,0.744174687544893,0.9576293119384774,0.7695118690394842,,,0.8519989521056128,0.776032516964624,0.0,,,,0.0,0.948521957565155,,0.6943049577554599,,0.744174687544893,0.9677939572167149,0.7321102564869961,0.9795209696193976,,0.7801951032647103,0.9060341959949438,,a1e2fc892f0b131c74ecceb67559b53b91457b9cf91503592486c858fd335277,e27211315a2ae32a9a3ef1ca41e51ca0a0fa4f6fa09bc2a6e3ea542fe11ec29e,17dd4c10d6a9f5d0a86289002b9fb684d9ba48e47f92507e95be71ff3fa9864d
sunny-mainline-cab-view/0127,sunny-mainline-cab-view,train,17553,675,7477,2047895,25030,18228,0.6828632561758413,0.9629690585911784,0.7012784658409909,,,0.8587846254226229,0.6875034032126327,,,,,,0.9570115776095405,,0.7717966879152753,0.0,0.6828632561758413,0.9564269703095563,0.8256330904513909,0.9752330240026265,,0.8146821129295015,0.9125819031737069,,0d4cde05aed2bd4fe2170c8e306ae84b426e1f4e3c8d7f9b0b0cb271454f8c9e,aaedcf88592ad3e09dd1013b51109aeb4e7c40f4b2d9226c243471e2f34e9ce8,2b19d362f041a7ac10d8e1c0a0fb4a1175ec57be77483b450b0eb8d8ad7a0556
sunny-mainline-cab-view/0128,sunny-mainline-cab-view,train,10819,809,12364,2049608,23183,11628,0.45094198066022007,0.9304265565875472,0.4666781693482293,,,0.9129381126342822,0.6690678677334527,,0.0,0.6366001734605378,0.0,0.6462330802244965,0.7998049541642286,0.0,0.6624646494519509,,0.45094198066022007,0.6769874476987447,0.9253116085542453,0.9878084879819444,0.1497175141242938,0.7783010933557611,0.8359616797142301,,24687c346d035f3bef72afba9b140f03eab022e4a90af673afe81fa9f274787b,c2fb729a44959c3f10648bb333aa2bfa0a8bf6c4779e7237ba1a4ca106ac5d1e,b99836c55256f0d5ab84cea218504157217a317a06838da1f4eb38372a611016
sunny-mainline-cab-view/0129,sunny-mainline-cab-view,train,19026,1959,26225,2026390,45251,20985,0.40300783732260115,0.9066476054324517,0.42045479657908114,,0.0,0.8502935482847259,0.6716334741276511,,0.0,0.6272102161100196,0.7405029427501337,0.7620152213054092,0.8306837895931305,0.8308989609998494,0.7594008749059095,0.0,0.40300783732260115,0.7223946453277493,0.9152706757892209,0.9847087949951931,0.5810119386014782,0.7441436329739807,0.7872235144423836,,e52ffee04497a5939bda202788429a87b3560377d2abd91af07b4286a26b89c6,0c3855bad8ebb48418e3eb7da192926f4eba3d0bd8a6c1ba206a8a0de118136e,7b464faef553d3016c49cfbe63e85a2dd2443f7c68c7c9efca1c56d1ee067128
sunny-mainline-cab-view/0131,sunny-mainline-cab-view,train,22330,1964,21022,2028204,43352,24294,0.49276193838820725,0.9191569934963365,0.5150858091898874,,,0.835319080623434,0.6396626345577627,,,0.0,0.7729831144465291,0.7427061495457722,0.8008428877200551,0.0,0.7396782286744288,0.0,0.49276193838820725,0.8453358996117398,0.8080117343292529,0.9534918052496929,0.0944700460829493,0.7261884063010745,0.9035937452782358,,6ed3b7e372d8d5dc78b215af5af6f4653456cd41ece09177eab1178a747e70bc,a8c27ee277932c37a1cbb160b15f22866e20dd4aec146b5de86eb4603ff534fb,eaa32fd9f9b4a120179fdc2373de6d112b2c70c6801be17c288d24d16f9184d0
sunny-mainline-cab-view/0132,sunny-mainline-cab-view,train,9206,1082,4841,2058471,14047,10288,0.6085002313437768,0.8948289269051322,0.6553712536484658,,,0.9269918325843802,0.0,0.0,,0.8876909254267745,0.6891758586673841,0.0,0.8752821137723009,0.0,0.8273489179890029,0.8256578947368421,0.6085002313437768,0.8830511647497923,0.7402276028165389,0.9623338847447621,0.3033175355450237,0.6794791010291955,0.8381202581687068,,e153b7e6bd960d596c08d639a6b6e83a0851899aff6c01d8e6bfbba8b04f29ab,51ec0f2f880b6d5e6d011aff4a6f35f79480042485ebc9db45b9e0c8ccb772ca,016f4e98d9854e4b131b28600e38d0569cc445cbd4a44bb0cf97f4d7b635cd50
sunny-mainline-cab-view/0134,sunny-mainline-cab-view,train,26434,2006,9777,2028217,36211,28440,0.691681712326975,0.9294655414908579,0.7299991715224655,,0.0,0.8829564717428156,0.37277559510053154,0.3246463142218913,,,,0.8297423100916551,0.9353488025752794,,0.738068321454903,,0.691681712326975,0.7729362665346254,0.943962471672704,0.9873932294106386,,0.8122279053169977,0.8713936348127169,,9e4b1e6f4202cdfc0d9ff15e1ee6eb32270e1c0e88b7b7842be2345e74dab6f2,810016b295ab6550cc7248033bb01b9032302ca875b032e9d08005c80b18156f,68b061e47550c23e16145fb6262028e425c83b472738263bf6e929433f9a965f
sunny-mainline-cab-view/0135,sunny-mainline-cab-view,train,14690,1784,3434,2048367,18124,16474,0.737894313843681,0.8917081461697219,0.8105274773780622,,,0.9375998154523193,0.0,,,,,0.8898986889153755,0.8577412995678216,,0.6692307692307692,,0.737894313843681,0.0,0.9650371325350184,0.9904268963622482,,0.8657911783758319,0.9291501205502766,,917d7fdbcba14ad98f4155259ad4945453a4e76aecab144bfdfd515d95e55343,ef3653ad7186e447e51f20d8a071847cfab4d31d30567977a105bb93a6e226d0,02264ad28e8c898f1a3b99af1ca49d2d271194af2ffcb2edc268263eca147402
sunny-mainline-cab-view/0136,sunny-mainline-cab-view,train,69434,6092,18266,1974269,87700,75526,0.7402976799727056,0.9193390355639117,0.7917217787913341,,,0.8970324534070198,,,,,,0.8417295159991214,0.8052806541591838,,0.6739172096588731,,0.7402976799727056,0.8827145864410088,0.9732471671550909,0.9733055702106272,,0.8434088854898144,0.9021543952539148,,23d8b5534877bd891ce5b404ae30036f3fd3a3f9769fc5d17235cd727642067e,79c1982f49ada9c405b84125d26d3248d5d79d06d6bc5cb458d82e04d838eb1d,a8225cd534492a5996cc7a46f2464e3b422e883eeab070b53de8d490f7d891e0
sunny-mainline-cab-view/0137,sunny-mainline-cab-view,train,15984,2777,8387,2041078,24371,18761,0.5887726536024753,0.8519801716326422,0.6558614747035411,,,0.9256426090825183,,,,,,0.0,0.8588613960973647,,0.6767215375333966,,0.5887726536024753,0.7675614651279479,0.9745359999693666,0.9743622911952551,,0.8232151880459107,0.9363129458779061,,a171edd02bf21b2bc889ac8ed17fe30fc47d76defd59a637e236ddadf0c76f27,6f160ebe16131fde736faa1b907b2b9193af1e3c3ecb7fbcc5d577bc8750144d,2e2ab8ebc52bc61a5d480925b0320b2dd1e6287f0af9ad74f8d1e8b1b1d348fb
sunny-mainline-cab-view/0138,sunny-mainline-cab-view,train,6213,2722,723,2058573,6936,8935,0.64330089045351,0.6953553441522105,0.8957612456747405,,,0.9527399101176971,0.21867881548974943,,,0.7282608695652174,0.8226358286574518,0.8901342004611058,0.7434454219238338,,0.5416552103381909,,0.64330089045351,0.9337316124668884,0.9513808995535102,0.9868576890935653,,0.8794675868868622,0.9644853256158317,,461bdcfd80571cea432e10e0947270b1a03bad21b5efa4efc325d700d1107bed,50f45cb9d7c36f7e9ad713cde316882219c82f7d0791f0d0e907e65ccc5286eb,9c716faf2318f66da372c10d0bc973e01225399f1f9354faccd534e605f0f5aa
sunny-mainline-cab-view/0139,sunny-mainline-cab-view,train,23627,2481,4243,2037979,27870,26108,0.778458699878093,0.9049716561973341,0.8477574452816649,,0.6178294271341107,0.9139314225702917,0.4362262825017569,0.0,,0.9398496240601504,0.0,,0.7860088124898004,,0.7049734210289216,0.0,0.778458699878093,0.0,0.9420736463595725,0.9830757365657573,,0.810364302257921,0.9007633396044901,,ea793969cdff22d7aeff4460d14cafa8007c32c5650e6cd3586775c958a0754c,9ffd1fbd5a02985f044eebd2c5f1c76c095bee6781c959b4c6742485ddd6b778,a60de004f2e9779b8027767eb04148b5c1e145b72f79563c122675e7561c0c59
sunny-mainline-cab-view/0141,sunny-mainline-cab-view,train,22496,4908,1628,2032147,24124,27404,0.774869109947644,0.820902058093709,0.9325153374233128,,,0.9591290721229185,,,,0.0,,0.7882608695652173,,,0.7967723444596323,,0.774869109947644,0.8485462401671389,0.9442026566118583,0.9486160639796358,,0.8697894284486464,0.9269689118370952,,2ab1618bf2232f7953374c7ff9fd6dbb5957a1d11d887a1004faeb1f3bfa8241,97b17a45f269102384f6109c04c9d6b8bf8782c9ed75e154169d5296a043ea20,42a22ec023c87d0c07bea39ebe52b8be7902ccd99c2fffd83d1866081f94d783
sunny-mainline-cab-view/0142,sunny-mainline-cab-view,train,24076,763,5191,2037977,29267,24839,0.8017316017316017,0.9692821772213052,0.82263299962415,,,0.9662992793556592,0.0,,,0.0,0.6378244746600742,0.8250469462577126,0.8291739774798562,,0.3809990205680705,0.0,0.8017316017316017,0.0,0.9763911477573114,0.9890053545612296,,0.905049807969275,0.9478091054861272,,f9d4c3db5d27a80539d7e059e63c85bbda048e2f6d73d48e3b0e6d2541a023d4,ecd3fb29f78f54f484c4e6ff39b9f5010a4ff9510a0ca54c9e0fcee6ada30585,9a97b8d863d4c9ed05db2a97906d01d08e442559c04bf2ec294cc0280d94008c
sunny-mainline-cab-view/0144,sunny-mainline-cab-view,train,7907,3431,1762,2054936,9669,11338,0.603587786259542,0.6973893102840008,0.8177681249353604,,,0.9432585222454632,,,,,,,0.4506688963210702,,0.57238176577346,0.624263839811543,0.603587786259542,0.66395756694328,0.959545814784589,0.9674084728432555,,0.8261439886988547,0.9429127057340176,,f6b634ec6548b8bf98554aa0ac61f40eb22ae85f7e7ae26d084ddb9500ae7e5d,7f8b37a8c257a86c7ca870dd1ce5018c32c9ed888de4dc3afc7b590ae25fb898,4dab54c3dd567a2ee593449fc5ad287573a8689482e372ba5d91509dd22999dd
sunny-mainline-cab-view/0145,sunny-mainline-cab-view,train,18685,815,3519,2045120,22204,19500,0.8117207524219123,0.9582051282051282,0.8415150423347144,,,0.9724760932363782,0.7146466165413534,,,0.0,,0.8689691105321921,0.9706185950984878,,0.0,,0.8117207524219123,0.9297681931287379,0.9741466858649305,0.9906015915053326,,0.8894994230452222,0.9517379589463798,0.0,fcdb2f1d198ca40299c924da55b12732604c2030a0db21c6f4a86b3b5c804d35,20c74d76997181bbbf1ecde190ab83a62b8b818f8a40955abbde22b23f85c59b,a1decf8aad87cbf6557a7c75a32cca34535e6b91877bd5a3111dfddab715143c
sunny-mainline-cab-view/0146,sunny-mainline-cab-view,train,37365,10579,5508,2014505,42873,47944,0.6990383895831774,0.7793467378608376,0.8715275348121195,,,0.9085439890241811,,,,,,0.0,,,0.6338098197638284,,0.6990383895831774,,0.9733257844157707,0.975774443666212,,0.8420983628050279,0.9256940458816392,,144ac7ace9587dad2bd7d7909441c0b2eb1b7a5fd5d975855c31e6f54006cc89,14b653b227e8c3d3a8b942968a57b177faaf75fb68a3e71ae071e6286eda5cde,c1675b842073b5b76a3470ce435b8c7a3480a612d5611fcd8cbe2c9b80d7d00f
sunny-mainline-cab-view/0147,sunny-mainline-cab-view,train,5196,731,855,2054549,6051,5927,0.7661456797404895,0.8766661042686014,0.858701041150223,,,0.9497037601924092,0.0,,,0.0,,0.8332665865705513,0.9175917360468702,,0.6538401620190061,0.0,0.7661456797404895,,0.9839044988010156,0.9575540275049116,0.0,0.8046427444663998,0.939246341269571,,6cf388fea166cff5c1481f523509bf3d72656e5aede0964f0ec6b15e88adea19,692808c9fd7ae6179769e38738eb5f38b5dfd78c857fdca542786e3cce1a19ce,a8cac9eb1da9f4668e97251e84de77f2738dfbc677abfc9468f904b8b673c89a
sunny-mainline-cab-view/0149,sunny-mainline-cab-view,train,7245,765,3369,2045749,10614,8010,0.6366991827049828,0.9044943820224719,0.6825890333521764,,,0.8987219993221895,0.6298328602964365,0.0,,0.13538461538461538,0.7518574881389312,0.594640522875817,0.8068905211612452,,0.6994052803145295,0.0,0.6366991827049828,0.7795708304256804,0.8692208480882961,0.9646648883486726,,0.7859963207250864,0.87907779501604,,0f14ff36a7fdb27af6f7ec8cb353e753e159bb3b77aab52a80b13fe6937791bc,f956580152828b020215fbf2c78a840a5b4b68ad7e56c3e41bf4fea9766fcbe0,639934c5dc1a61231d4464960ef654f9257714914df0b9a2352ac3e95930d672
sunny-mainline-cab-view/0150,sunny-mainline-cab-view,train,6992,366,2626,1998586,9618,7358,0.7003205128205128,0.950258222343028,0.726970264088168,,0.39825581395348836,0.9429327403837195,0.08223684210526316,0.0,,0.6269070735090153,0.0,0.7263570771391216,0.8682137508674954,,0.6248583986587521,,0.7003205128205128,0.8278217630588008,0.8993945604832729,0.9917899317736354,,0.7753787878787879,0.8872495750787149,,d4d60368183c52383216b6039fb814147d7720ff8a5ea3c97e9222f8f0eb8937,ea19db3c93ddb0c57d8a40d4882b76fc921b3e7ef2c036f491aeeeed322a8ba8,666bb4a1227ad468147aed2497b4672b5ed7a2193759c01c4b2dce718c93a040
sunny-mainline-cab-view/0151,sunny-mainline-cab-view,train,8690,1357,15148,2040792,23838,10047,0.34490970430641,0.8649348064098736,0.364544005369578,,,0.8954276470708684,0.8294457484863971,,,0.3742937853107345,0.0,0.0,0.8566826676501605,,0.4440588332507024,,0.34490970430641,0.8335041946452065,0.8607664798386044,0.9872420392286912,,0.8475320735637996,0.869092992551628,,4b1751c125ecc67afaa53eb1d7655c7a5ec051098de588dcb48ea4bc9cd3c5fc,1ab5b3a734f95118a4f540fd1aa10298673d5e4910ab7f3050c63f27f8d9a24b,1da872a824493fe2b7715950ed7f9ca44a1c3ef7b0bbb615d700361f5a460def
sunny-mainline-cab-view/0152,sunny-mainline-cab-view,train,8692,2177,4016,2044694,12708,10869,0.5839435673496809,0.7997055846904039,0.6839785961598993,,,0.9076352853965901,0.5616962461439846,0.0,,0.8331466965285554,0.0,0.7520179644352734,0.8379821670866447,,0.7282239413031342,0.0,0.5839435673496809,0.8679069966143692,0.9008424278685337,0.9797994798301342,,0.8584655157645557,0.8787118644067796,,7c244faef1d58c7c544581c4aaad579ceaddaf9f4f8593f1c642198319e0f064,57425f7fe572f2d8c613752e0aa310cac5a68f17926ddb24529c7254a7030148,958fe7183a06ed98b11271729067b70f483c03ae3dd3811300c625eeca4a7fc1
sunny-mainline-cab-view/0154,sunny-mainline-cab-view,train,13961,3572,2455,1983802,16416,17533,0.6984690814488693,0.7962698910625677,0.8504507797270955,,,0.963937964418956,,,,,0.0,0.0,,,0.5575969134668382,,0.6984690814488693,,0.9761202950504148,0.9949663291829259,,0.9177835341817773,0.951323240755364,,6ba5f4dc3a08179c05592eb64e30da7a3ab0f61eb7a134091c4cb022c307f8ce,73a89e97a564e8790df1b2ef5cc6b4b1abecd82ba42528df33db4e2887c0a69e,e7b8e4b117d7efe22025fce2204de98ed8a7064062126eff8a803350ab17aaaf
sunny-mainline-cab-view/0156,sunny-mainline-cab-view,train,8055,1686,1817,2048802,9872,9741,0.6969198823325835,0.8269171542962734,0.8159440842787682,,,0.970391721818722,,,,0.2653061224489796,,0.8357346253559438,,,0.659392881388808,,0.6969198823325835,,0.9764477492014858,0.9795613381324614,,0.9120319426541328,0.9420511801358413,,2a9b7f9f2e664a6492b210e6af5c8b3238a3d01e1f1d4f0c3506e92519ad0942,407421d1c13fc9a5c28ada48397820d63763e5bbd52ba90e03022634e21f2fbc,936084f45c57917e190558987f355acea1506d9dc144dcffea12e19ac695b335
sunny-mainline-cab-view/0157,sunny-mainline-cab-view,train,22274,6521,1263,2038114,23537,28795,0.7410340009315324,0.7735370724084042,0.9463398054127544,,,0.954093538217114,,,,,0.0,0.6283118657792849,0.8653580315178324,,0.7612194257355548,,0.7410340009315324,,0.9576332084703004,0.9898240302983283,,0.894912793151772,0.9190157840927662,,8e5da439095b7bf529ca9afbcfc297a86c96a3820aab657ef461687e06417c1a,9981e1d1ae142c1e9738d94cae092b732bd369db06694bee51a34ebb4e3fc179,ca13e9183f43bc5d901b044a30e58805942718aaf7bf41fd1d723eb132c07e77
sunny-mainline-cab-view/0159,sunny-mainline-cab-view,train,19469,904,9890,2037846,29359,20373,0.643326834748703,0.9556275462622098,0.6631356653836984,,,0.960968840837049,0.0,,,,0.7448155130622138,0.7712731925783749,0.9057407407407407,,0.568243785084202,,0.643326834748703,0.0,0.9589228012473241,0.9913357907380883,,0.9031436830694435,0.9101715148238589,,0857b1a64422a748f3a1acbe2298b756354dc4e916a3e35065e7c7c8aa443cfa,d11d1839c3df1fc963b3d4a7d2fad7dd497deb84c04b0fae9ac7612d46bf2393,2661ad37271410977ecd6ecd86cf1902bcf4c19ec7593f4f3aa4025eeef55239
sunny-mainline-cab-view/0160,sunny-mainline-cab-view,train,20886,3219,2082,2042115,22968,24105,0.7975713140107688,0.8664592408214064,0.9093521421107628,,,0.9660837241004993,,,,,,0.8109335157659059,,,0.6295909486510008,,0.7975713140107688,,0.9763259871936489,0.9873444977840704,,0.9069888961463096,0.9448225047703614,,3f99be5f7928e5a01c3e2e0da7c216742c167125a2f4df4f9eda959f3e86453c,3a16390f7fe8b99976e346e04b3a49000f78f09ada1595a248415368e11aedf5,5d2a65e13ab2b3398208149b07749a07445ab6381deb9074d0463239c69ca076
sunny-mainline-cab-view/0161,sunny-mainline-cab-view,train,23065,3158,4633,2037263,27698,26223,0.7475045372050817,0.8795713686458453,0.8327316051700484,,0.0,0.9563491814294057,0.0,0.0,,,0.939640896016735,0.7784154312131356,0.8181443440623819,,0.6243810655575361,,0.7475045372050817,0.0,0.951708255147184,0.9917897658355136,,0.9061323002659534,0.9381545708886448,,016395879116dde76f1eddcc264a67c3d1fb136d9a0f2d92b33ab41044c4e774,d23f8db4f6d3d5ebf380883116bb37266ab923f0b3242a26533b21ff6567c406,de27730d85f915bf567458717dadc3e258a1c80d2ca8a51d358b28903e86d96a
sunny-mainline-cab-view/0163,sunny-mainline-cab-view,train,48414,3111,11721,2004719,60135,51525,0.7654871454321222,0.9396215429403202,0.8050885507607882,,0.0,0.9382077163498489,0.0,0.0,,,0.9442620129916687,0.8500462249614792,0.5449432350796792,,0.6904932521199092,,0.7654871454321222,0.0,0.9554183221452218,0.9924412588976067,,0.8918105521167838,0.9051392675399653,,53c1f0e23c023af87bca8d7c925f1118fa6e03bf34b314ab0e901d159fd525b9,0dcf0e9793f56137c43c73198bc407fb3d307128f3264ea267e08b830d3a3e6c,17c5ed1c713c53027e0c275f291e46c9169a53324c7ee9456e00031b9d48cefa
sunny-mainline-cab-view/0164,sunny-mainline-cab-view,train,34627,1906,2466,2029178,37093,36533,0.8878945613990102,0.9478279911313059,0.9335184536165854,,,0.9657279687025733,,,,,0.9365275647246658,0.579426096372496,0.8948392725320449,,0.48645966255494116,,0.8878945613990102,0.9018754295813832,0.966417168221059,0.9939353432347593,,0.9177710512695848,0.9557225716853198,,dc2322339b57aed5805465301755b9054b87fba047b608e05ae4dcf959232006,595424faa77d35db1f99a37b4f55a72e40170bff8e5dfdb3ab73ae65e3e2479a,7fcd4c6b20f1d4811a56387c5d6868f8161ad9fc616b9f443cd8cdd312ef2952
sunny-mainline-cab-view/0165,sunny-mainline-cab-view,train,21409,2134,6008,2038499,27417,23543,0.7244763290582383,0.9093573461326084,0.7808658861290441,,0.0,0.9498511303996771,,,,,0.9479817728378337,0.7296676241280262,0.6968417129902799,,0.7212857702861623,,0.7244763290582383,0.7083815941876382,0.9427928498534701,0.9938968746647453,,0.9001401541695866,0.9196521350490698,,ed03205def575f68a08e90b5040e492f111657b011c4a09ea8773bfee95ae4f8,48f2d8f29663c715443a61887d3de406b2141c0cd0635bc8d985d53ed8a38d72,71005204f530eb10990c5f25ed5d3306b42dd8aa9df862f5281f06008743633a
sunny-mainline-cab-view/0166,sunny-mainline-cab-view,train,21311,4473,534,2041702,21845,25784,0.8097499810015959,0.8265203226807323,0.9755550469214923,,,0.9630890774193135,,,,,,0.8110941786040842,,,0.7407703230386936,,0.8097499810015959,,0.9763375232031575,0.9871948246298653,,0.891042005105593,0.9395987995577318,,4cb25bc7ad809534409bf310ce0bd9621415dfebdaa38bfbacf278916ddd0f64,6efebaf42ad436d141650e14308bf18e2389d3ec7ed42dbb736ae5b5f6d3a70d,920d7cd062f0be922f3f69a9d059953736b0c4211cb9713610a31ed785e60cc0
sunny-mainline-cab-view/0167,sunny-mainline-cab-view,train,5379,1318,280,2058245,5659,6697,0.7709617314031819,0.8031954606540241,0.9505212935147552,,,0.9774963689708877,,,,,0.9146439966075683,0.9520199727644122,0.9388654444424989,,0.0,,0.7709617314031819,0.6798302763021616,0.9442347263790207,0.9862514972886537,,0.9176799552608452,0.9381874828605381,,ea08f07ca095ed6d035d6f14b8548f69a14bf8d6b49efbbdddf5179bf9ef3009,b5e44b4d05c9f941f3f50ad3195bd2b3c67bdab306fccddeab16a0e824382b20,e0258e9eb06d4e31e50b97d4621a31295cd4564c8e172b1acbea8067579e6084
sunny-mainline-cab-view/0168,sunny-mainline-cab-view,train,22640,1748,2544,2041135,25184,24388,0.8406356750334175,0.9283254059373462,0.8989834815756036,,,0.9616687489534899,,,,,0.8704820006294333,,0.8167639490365908,,0.5910868868226996,,0.8406356750334175,,0.9701706036579427,0.9902433294992466,,0.8849272710062159,0.9458525107414162,,72b8f6a32917f9b4cd7edbfc8b38900c94a094dd308a81ee17ec8c715bf8a875,adeae42b66b6f80ff7ded176032da0f049d5158fb43d05363602b068574857d5,2cbf2a9280c54cf82e8d9315155c672e4d8bf4960ef133ac5e360ac81b1b83a3
sunny-mainline-cab-view/0169,sunny-mainline-cab-view,train,4968,1215,794,2061050,5762,6183,0.7120538913573169,0.8034934497816594,0.8622006247830615,,,0.9823968905715826,,0.0,,,0.9346874200971619,,0.8972346204932451,,0.6053312114581261,,0.7120538913573169,,0.9731465072696655,0.9896761967537283,,0.9319330562731664,0.9674078053585019,,e50a126b8e9d96524472935c0169644a3000d548dd10622d7dd7837f28b262f3,1fabbee7225ef01c83c8f9d87a5e21012dbd0cd0e092aae0b3f85cc885236dfa,f9d64ffe0599d0b207292af257d2c1004d3328b8ce29276a02b962d72e9551c4
sunny-mainline-cab-view/0170,sunny-mainline-cab-view,train,6630,123,2610,2058842,9240,6753,0.7081063761614868,0.9817858729453576,0.7175324675324676,,,0.9669868563252049,0.0,,,,0.9566080258333614,0.50992501102779,0.870835271984302,,0.5009203018590097,,0.7081063761614868,,0.9717325593334518,0.9879208848218467,,0.9110552207406002,0.9639980021267682,,3f433ab98d445e66fbd4c3879168f0ff099bfa2f2a0555a496a23ef041827ef6,2432eb316800d123f6938e33fc85795b3d6c60ffa520a0ea9203c0121e31584d,4af97b5d006af73d0932705960a0bd0b0c7167af0da644424b089693cf161e59
sunny-mainline-cab-view/0171,sunny-mainline-cab-view,train,23011,2977,2386,2033094,25397,25988,0.8109889335306971,0.8854471294443589,0.9060518958932158,,,0.9572562118771619,0.0,,,,,,0.0,,0.840614753028972,,0.8109889335306971,,0.9652626051246991,0.9685103792696057,,0.8755795148247978,0.9376647878873996,,f0f37b4a43e03c4b5aef2ec2723b33d29fdeb183e0247dc20cc38fd51708b6d4,e8e0d147bf6775475813b28df3bf64d5faa50955a9846c2f56a541b5e2252767,89dc651baeeb9817a1f39fa415c2dd48c84b043ae76b8e77ff07b939edbcd228
sunny-mainline-cab-view/0172,sunny-mainline-cab-view,train,0,24987,0,2038150,0,24987,0.0,0.0,,,,0.8922764464204658,0.0,0.0,,0.4404494382022472,0.0,0.0,0.8705796796096049,,0.690671031096563,,0.0,0.0,0.857671977346508,0.9585781672817892,,0.7919609882032342,0.8613931712619824,,9d1f242981192b866b8c78b235337b3fcd78c0dbb947afbb3861211b73247352,c9cc1d7969f031b1ba1caed9230b1e99f67407a3ccf18ad66582f8d9f85d7a54,c8e24fbdb34d8c97563c816a4dbbbc00924d7c2e824eb992d0ab2d28db42e06b
sunny-mainline-cab-view/0179,sunny-mainline-cab-view,train,0,0,0,2070979,0,0,,,,0.8897802789917979,0.6469408671627824,0.9706304585670649,,0.4705355810830971,0.9113539376697272,0.0,0.0,0.9011206648505843,0.8983163524296817,,0.7438967268094355,0.0,,0.7425624446753647,0.8904149306301276,0.9594859377910225,,0.7957873980460697,0.9611124190345111,,2980bdd5ac578120cb35ad4b8b8f5798eb1663f505b1d628312365558c8e6637,0a9409b2e919a722e20a573aade797666e16f212e11504e1bba1fad37db8571f,a21772a7ec9d2c61a072dc8824e3581cd30ba6ca2683b80c0ef720b11448c9fe
sunny-mainline-cab-view/0182,sunny-mainline-cab-view,train,0,2,0,2070134,0,2,0.0,0.0,,0.8420611439842209,0.0,0.9586080860113927,,,0.0,0.0,,0.9651449949043325,0.9761243395175946,,0.006152125279642058,,0.0,0.0,0.9038632147753851,0.9173935062742671,0.0,0.7036858649361184,0.8966433989365723,0.0,2b635f17ddb2ba61b77fdcac0499ec5c3d70dea1323a289937212955ea815653,4ceaeb2102494da778ecf94d2ac615d63cfe08ae62aaef2a6796fec50fb8bb6f,9de09ca39c41f206fc17d08d2e3a3eeb5aed31dc61b44cf2130c87b0ef9ca712
sunny-mountain-cab-view/0010,sunny-mountain-cab-view,train,33806,165139,19526,8075831,53332,198945,0.15473907292043337,0.1699263615572143,0.633878346958674,,,0.4705165145790846,0.34405990690143695,,,,0.0,0.8409120220470945,0.6736777807136869,,0.8869223682296465,,0.15473907292043337,0.8519030638235936,0.9059558115983519,0.9953773653925064,,0.8436128114759166,0.8192721095528561,,e9abfe7bf5161453fc5c6a86049cec52880047eedd0f46a57ab7b1277cc49105,6de36079bbbf98cb66593714d219565ff31c6ee530b680fd555f3ab5f887fcda,7f07681653592c2a24679b04706daa83e6c73a61da3b6398d2f96a0523209f1e
sunny-mountain-cab-view/0015,sunny-mountain-cab-view,train,0,0,0,2073359,0,0,,,,,,0.9424861148686283,0.6125714834927195,0.8553796183516037,,0.8695976154992549,0.47095643465197795,0.8323525806056148,0.8677400499495191,0.7135135135135136,0.9259344219988817,,,0.0,0.9746281408284532,0.9941882084948045,0.0,0.8339381003201708,0.8688479741744863,,3b93d1d95ac6a5f591a542a124e5c350be70f114e31e6cec7a46e8b4a97b9840,352ea491c4ebb8e2e6c533837478fe381c537beb8033fe3e32730f1a1df6d760,0ca54366846ef2fe8f9049dd449f131e5c445a8a6bc69515e247c6c53eb7ba9b
sunny-mountain-cab-view/0016,sunny-mountain-cab-view,train,0,0,0,8272069,0,0,,,,,0.0,0.832368662884966,0.6556524399571669,0.0,,0.9009347339038455,0.5262988126304043,0.1713213839099625,0.7413450365793917,0.9537287965472248,0.8344862484291068,0.7883225208526413,,0.6613025658943371,0.8802772932701265,0.9918557433632811,0.869771332961517,0.6810376661742984,0.7069141719208974,0.0,8e6aa8676c0ac48ee943a84156a1b1ed8c8bc794a99c28a1e37f8cb4a9bcdc54,120cd7b172d8c734870b17724dab445a9811c5c3a8f03906bb7928a993db08c5,3dc8c2c94619de718807315ee00da9483b1e5cfb1ee2eb62e16e5d53d93ab10d
sunny-mountain-cab-view/0025,sunny-mountain-cab-view,train,0,0,0,2073533,0,0,,,,,0.0,0.8478750967394596,0.5166545981173063,0.813454708458329,,,0.6339196423319019,0.7165832131036238,0.8892122089136709,,0.6062322946175638,,,0.0,0.973654301957574,0.9945977697299347,,0.7295747062115276,0.8276373299765726,,0dce3080c760760bfddf50a247fb072413c68e2c1186d80f7d1fa3746e29cf36,d4c9c2c5b0805823dc75005e7e44cf325b9a6a1301209f40ec6f38960ab022d5,0599b43ed7c432c75219e911e371384c419d078d548a34f84e22cb351c4f179c
sunny-mountain-cab-view/0033,sunny-mountain-cab-view,train,0,559,0,2072893,0,559,0.0,0.0,,,,0.8691239042395038,0.6145452785909564,,,0.7015706806282722,0.0,0.7520248095625207,0.9664500756693646,,0.7177233604073221,,0.0,0.0,0.9454023516767894,0.9890311310851594,,0.7429572626082177,0.8652599720183879,,056cfb32b06947adeeed7dc38c65cb7ff1ef4f3709826863bb10c9849023c213,c1a20128ea43d58d23cfb537651dc7774301d87af1bd1d306e3c680c97b1522a,604455c2bb553425dca2199c929ea5df2ccb61306f0da0056d09979ee095e74f
sunny-mountain-cab-view/0034,sunny-mountain-cab-view,train,0,0,0,2073600,0,0,,,,,,0.8977973568281938,0.4479372364839622,0.0,,0.7371273712737128,,0.876606308411215,0.9466801378898291,,0.9094469385805712,,,0.8127300475805728,0.9783149869526213,0.9729739809301227,,0.8010558287532543,0.9063792210438726,,2dc7f6d449d2ddd33f5e4373346976cbf0b27a6ad026f19565d15223ed49d7a2,67dc53c9aed3fe567debb19ec65facfa6e77e80fecca5a7d9da629e788e52581,46a3bde730a0bfb88444b15ecc49be647bcd525acc7ce464ab59873298a917b4
sunny-mountain-cab-view/0035,sunny-mountain-cab-view,train,0,9,0,8294391,0,9,0.0,0.0,,,,0.9505315398632006,0.501449555469656,,,0.0,0.9426954146932424,0.0,,,0.8056964408318753,,0.0,0.8607896797810649,0.9736291502033778,0.9841168507659926,,0.831167159953674,0.820339199387335,,8f27f4777b424fca3a01c563f2634f985f97ef3cdac8ad2838d194087f29673c,924251addc2281b84f16500c5e21a712d6b6e9ef80c95bc00aff6773ad66e8df,3e7b82ffac6a4c17ce03b8d3f6a7e7d91809a519ada99683d4cec8f74dbf9ea5
sunny-mountain-cab-view/0037,sunny-mountain-cab-view,train,0,0,0,8294217,0,0,,,,,,0.971287364534953,0.4041426324069219,,,0.2919762258543834,,,0.8940622547737379,,0.6926450245754481,,,0.8239139831424249,0.9904376092608068,0.972472733709441,,0.8466544441800904,0.9461557819073564,,0dd350c7fad9d51bd0a73412fd77600d87ca6c0306501e202ac13254700718f2,707934a341dd6b8277c6a4223b81217e6a672be24bcf25c1e4c2c6979bfe5aa8,52f852ca1c0a735d5bdf7b33ee1f9c441dba22878c0b66f4eb2d6c30a8e0b971
sunny-mountain-cab-view/0038,sunny-mountain-cab-view,train,0,0,0,8289053,0,0,,,,,,0.9641721894325483,0.4502730996813837,,,,0.9230892362512702,0.0,0.0,,0.9463986288280718,,,0.7774265601186973,0.9865956079168461,0.9906149850098211,,0.8961883832283041,0.9634498889508472,,b5c7a56b8478d6e94f292e36428c999f7d2b159ae6eaa12f152b282c76555c2d,ebe63fc8df4bb00d55fcdec9e2c9f3bf480d512a8c3f6d73ea8b9d3fef8ac05e,42dd9006255b2a398864e76a79fb4354c09927feabb353431650aaa92cb51b6f
sunny-mountain-cab-view/0039,sunny-mountain-cab-view,train,0,0,0,8292174,0,0,,,,,,0.9494107844304249,0.3200963796626712,,,0.8067562658917544,0.0,0.9417054869786224,0.5310356507748327,,0.731656524678837,,,0.7009091505502208,0.9712031288030718,0.9929854796866351,,0.8634604422309562,0.8892161263659358,,7f58ce7149cb2d8eecc31b59b6d93c8dcfc39835bfee3b20b04bf3db72ea05d3,7c6fe547371da1267af524004612aa8af64f2893bf405547615edb8c3979dfa4,8711261da2923d94a95464d767726250b22e984d9aeb592e404b2167dafeab6c
sunny-mountain-cab-view/0043,sunny-mountain-cab-view,train,0,0,0,8292301,0,0,,,,0.76,,0.9654182326932733,0.7470965400435519,0.0,,0.0,0.9451514874946338,0.8784102445224259,0.8940776901706999,,0.9573528383900016,,,0.9088191579569165,0.9701551674494152,0.9925202575326313,,0.9014505800868315,0.965633519320421,,53014f8bd86d528cd8a95f6cb5412c1b3e34232439908a147b5a50d4322c418e,176b1e6454530e20c658f813a0d68756cf578fd0366cda807f85579231bf4cdb,1d9a14f112546a59a571e66b39e722118387f8e62df81368ea440fa74ba2a3ba
sunny-mountain-cab-view/0114,sunny-mountain-cab-view,train,7203,715,11394,2008151,18597,7918,0.3729805302402651,0.9096994190452135,0.38732053557025325,,,0.6966099859200693,0.7871733788523945,0.8344155844155844,,0.9289622231871472,0.15827338129496402,0.5779741948592909,0.0,0.6465863453815262,0.7747542258999929,,0.3729805302402651,0.8013461485195136,0.9713511123240914,0.9792727837387588,0.0,0.8702887656177096,0.8869827123818954,,c007047e3e4cafb0e9f7361205fbbf99eba406c2a2d48c27a1e4841c36d6981f,7e2c7c3de8410e81b2808d2b072eedb4ca4e912d804480ebefac62c6ea13a3db,978302c830cd2522d73443bc137f9a1c1da0b9d857adb44d561d3491a4082c41
sunny-mountain-cab-view/0116,sunny-mountain-cab-view,train,16285,42,14743,1995755,31028,16327,0.5241390408754425,0.9974275739572487,0.5248485239138843,,,0.611874984460081,0.6613269622434592,0.8722063037249284,,0.0,0.20198440822111977,0.7627933650961708,0.8524964150697432,0.046296296296296294,0.5059523809523809,0.1,0.5241390408754425,,0.9759402196462639,0.99435302630755,0.2222222222222222,0.8514938973877506,0.9354384665246782,,4aac1243132852bdd2e0dabe350ac2bbe6e1bff145fdb607bed02285a2a5b3dd,5922d0077cc3a3706a26d85b463ea9d55ad117616950fd7befe6d4e0fa5ad83c,25abd923f0c73db930899a8f1a8190966b80ddcbfdbc082bfd0d0389a294581e
sunny-mountain-cab-view/0118,sunny-mountain-cab-view,train,43072,4309,10506,1962798,53578,47381,0.7440703439459637,0.9090563728076655,0.8039120534547762,0.0,0.0,0.7008054718084867,,0.8396284829721362,,,,0.918511027266716,0.7825239845118012,,0.7942904564315353,,0.7440703439459637,,0.9805965545320827,0.9875576703353919,,0.8772356042592784,0.9216711302866318,,1c5790e05968d7a3413632eca28a9951451130120ae6c3be0d9fb3662522973e,3ad8a73021038b42aeb9e72a2f219d6a61766deab0c7f199c8785ed2293f8382,ad7c132d3ed6c5ee76a191c6221faa739abdcdba9fbf05474046a1f3dceb27dc
sunny-mountain-cab-view/0119,sunny-mountain-cab-view,train,5888,5666,2182,2014823,8070,11554,0.42865463016889926,0.5096070624891812,0.7296158612143743,,,0.8438315394651011,0.6538128785069831,0.8810572687224669,,0.7017543859649122,,0.844392401769451,0.9113179637045856,,0.7060957910014514,,0.42865463016889926,0.806282722513089,0.9883283564050254,0.9935864141297401,,0.8905787485965091,0.9782639571725118,,cb92b7934e948289bd873fc48056ab1d859792c8b97117109824dbca1535e0ec,1fca109ab7b06dc8bbf9d28dad3811539afbb924601efef5c4fdf8f8dc4595ad,1a72f811f322eb700befced9e7caf2c375813b638cb157adc1228d5ea73d1462
sunny-mountain-cab-view/0120,sunny-mountain-cab-view,train,7435,4542,10778,2004498,18213,11977,0.32674137552186333,0.6207731485346915,0.40822489430626474,,,0.6628121720881427,,0.9452054794520548,,0.6857142857142857,,0.9009317665140405,0.9385755296457268,,0.8018917498686284,,0.32674137552186333,0.0,0.9883008003301482,0.9935450876507015,,0.8819115118036375,0.9828434826917031,,dc94d0155312b343e6ff5abae3d13658ce6e2e68d85a1e19ae327502112c7ade,aac5c3429e216f15cefa8c1a0ad346e09ad08423880dce4a22821052022b4200,8a9b3b709032824350acec403321ff065f89c4c98a8e2d065a877698d2b620ee
sunny-mountain-cab-view/0121,sunny-mountain-cab-view,train,56027,263,15383,1956457,71410,56290,0.781703012291937,0.9953277669213004,0.7845819913177426,,,0.78807994289793,0.5625,,,0.10104529616724739,0.0,0.8671391005927709,0.6430170724881052,0.9029961926833305,0.750112215453671,,0.781703012291937,0.5435073627844712,0.9794855915310329,0.9675823264093165,0.7816658452439625,0.7634481974297737,0.8773062790202067,,206009d26edfc8c2e0f344aea9acb20cb6de8131d203ed7cb1f115b94e8ed2db,4b55340c02cf995b531779753c7ae03a75948b5efc127f72701efeebc5bffeff,dfe2e60e2e3da82c004c5d85f344ac2228b56adde0c2d74063fe07b697a9e586
sunny-mountain-cab-view/0253,sunny-mountain-cab-view,train,0,0,0,2028181,0,0,,,,,0.8312618724559023,0.9595043254617722,,0.8595124403116361,,0.0,0.9527789665630872,0.8445626246431783,0.9526998844272195,0.9721007248187953,0.7839800212736439,0.6835177983846844,,0.739484125518128,0.9239385264121244,0.9898747139129073,0.8331781633516716,0.8312639682145517,0.9047866034380557,,e7783e56f279d39cd7bd7290d05da53a477bd864ffc3137b30bc05d962176634,f9e7839ca7da3aa296e8f668f7d168ba3f25aa7d093468a272b5231b7b09dfe7,bc73d9bc4e7bf98769305df5d20662067cff6d68c493b6e04bb9517ee66860a4
sunny-mountain-cab-view/0254,sunny-mountain-cab-view,train,0,276,0,2026735,0,276,0.0,0.0,,0.9164906258251915,0.0,0.9363821725588415,,0.8284709631338938,,0.0,0.8407377216221724,0.9508129396402848,0.83223022381329,0.0,0.7733301715279425,,0.0,0.0,0.8746595743832465,0.9840727385222209,0.24497991967871485,0.8468232763877033,0.8863550352999517,,894016b1cd34242641d03b1e60f84d320a5fef1107813f9d45d43e3c77279bfb,890847d3df90801f42a611540c789912f357211f51c39eda9f54a15bf942ee1b,534feb37caed2c4d3f7348dd5a829821f095d5e477b7650dcd7bd7e5c1f01cd3
sunny-mountain-cab-view/0255,sunny-mountain-cab-view,train,0,0,0,2025140,0,0,,,,,0.0,0.9599328424771332,0.0,0.08371148793885837,,0.0,0.0,0.0,0.9852691530967203,,0.6948628371800012,,,0.7690435772389634,0.9199839546378575,0.9825296569831382,0.0,0.712687831883403,0.9549469050362591,,0255dda3dea077491f3d1ea3685abea083122dcb6a7cfcfec7f931dd8bf33c61,c8560e2297ec8655391b3b10d2a0032a6771f67b1adee7e098eff19ffbc14cd3,315d02f2fd06a0d3ccaa88f39aaddfe3867c871e01e8cb222c113a2480f2de78
sunny-mountain-cab-view/0257,sunny-mountain-cab-view,train,0,0,0,2071364,0,0,,,,0.7062216728471363,0.0,0.9225863241707678,,0.9037595287595288,0.9545032320759121,0.25903614457831325,0.8452878689336926,0.9120517941175202,0.863998293757998,0.5709388971684054,0.7023533544081489,0.0,,0.0,0.9433632947459704,0.9888175744962697,0.36281431933605846,0.7077817057636434,0.9339277334584702,0.0,92ee9060e9af4c102a639559aace1bb2646cdc84e4eda9f46917fcf4fa36b689,5f350e0319eaeaacaceb3f5ef0ed176198527fb7f1d901ebf9cea5020d2f4519,ecd7b53f515459fc92c43eabcd32c5640fe6e902971aadc69419ddbc47ee9182
sunny-mountain-cab-view/0259,sunny-mountain-cab-view,train,0,0,0,2030875,0,0,,,,,0.9729072398190045,0.9441050547442168,,0.7798320307943544,,0.05534351145038168,0.600942655145326,0.0,0.7817074356854544,0.33984375,0.3595213319458897,,,0.6792268392998764,0.9371579527928441,0.9818233141255256,0.0,0.6521712197237193,0.852176085138024,,40c4d08494b370ed9b2c47cf3957c3cf0f558a22009eafee581dd73a00829562,b0a370d4b10aa2906c4993529f8550a11fc32436019748aa8ba0380a9d38316c,db29174ad3cedf236857cbbdb0b623403089885e495fe57c320d5a6d7c29fcc6
sunny-mountain-cab-view/0261,sunny-mountain-cab-view,train,0,4,0,2024939,0,4,0.0,0.0,,0.7566043712385175,,0.9675256098848876,,0.7901085645355851,,0.0,0.8589829955995002,0.5900669889333301,0.8940310843954173,0.4140939597315436,0.8660656931180678,,0.0,0.0,0.8946235301428096,0.9907381118070053,0.581891146225232,0.8065360147752925,0.9386912535583387,,c907f3894e962844d9db2c4ac28771860d430f48f3489ad03b70394d0429251d,051061de10c1e38ccfdccc45f3b55d71a3fe2091d51d5bd99752887efc313ebf,c94508775cd00da8b7b4b2bd36d168e1761fdcd7b140795273662e249ef0f18e
sunny-mountain-stations/0228,sunny-mountain-stations,train,0,0,0,2073600,0,0,,,,0.8997739676939192,,0.9665314471236676,,0.0,0.9789313243043156,0.4739960500329164,0.7668352857649983,0.8903591100716989,0.8404247186239117,,0.7554154745810671,,,0.7594911937377691,0.8493266885802142,0.9875676402882,,0.8333492430172398,0.9499652408226543,,8fb67a7950262b0a2133f19fd631fd9df52f83e1660f0a811abf3e9d0982f269,f4c0dfc2948c51f179a4a80f4d4b7d2a14b8c5ced33c320220f787477a45e6d3,6b31d676fb11e1fc96f28054c4120615c841afa768c90c221a9b2655d18ed8a9
sunny-mountain-stations/0229,sunny-mountain-stations,train,0,0,0,2070011,0,0,,,,,0.8412461479198767,0.9581942416023368,,0.28919112383679313,0.0,0.5488853782692645,0.9372032482418309,0.9803529242337427,0.8924457265793077,,0.6634732192159029,0.8827838827838828,,0.7854022079963866,0.7718865684151708,0.988180963856811,,0.8343491481761808,0.9476159334868978,,0354800bf80455fa7680958e010518b436ea155dca8b0abbc8d1e10092f0661b,fc908e7e08e5cc665f4c59c11eadf28fcdf161bd566dd5bc31ca5349d4ad036e,7df7dddb38b651afa59be8f9cf95144aead48c1ea637cbb8306fe4cc2accb74b
sunny-mountain-stations/0243,sunny-mountain-stations,train,0,0,0,2073291,0,0,,,,0.0,,0.9672497275277385,,,0.9733651690387065,0.0,0.0,,0.0,,0.371498443752779,0.8114630467571644,,0.0,0.9848029079870658,0.9939136672001061,,0.7825785459006774,0.9594643674148983,,d048231d419c08d7176eaceaa89f964709a5a5de28918f80af2d6d5cb56dc892,ac493ba00b218289c9290e59fc10ebc5e73442a5005678ae91222731a9f1a765,393d0e981a0a6c2f27082d37bac327469a3904d74ac034db3bed0b04be9c637e
sunny-mountain-stations/0244,sunny-mountain-stations,train,0,0,0,2068950,0,0,,,,0.8709384352287303,,0.9586658058962771,0.5824027072758037,0.8060747663551402,0.8628987697200013,0.2391547943012646,0.4215867158671587,0.8400785130240528,0.6037289138798461,,0.7367943986607102,,,0.8849095994012683,0.9405939197888185,0.9866344420010006,0.0,0.6705866160998287,0.8666863099279605,,8d1edf47c4a0e099e6bac09702b9eb61358d689387405e5915c4b761311fb755,62634f58072805641c40889959a1644646ac9bf20776fc28c0eb907ebb26db45,ae7e7e227508b1a673713b976427a22359bcd97d0f7e7a210af67842bac1a50a
sunny-mountain-stations/0245,sunny-mountain-stations,train,0,1,0,2073599,0,1,0.0,0.0,,0.8763094196855359,0.0,0.906904755813656,,0.3181818181818182,0.8953807961698732,0.0,0.8504712193707409,0.6896526414298034,0.9541612928259688,0.8625995515348334,0.5291517988673192,0.0,0.0,0.2748224574567868,0.9259127352103661,0.9925315325642549,0.7111607142857143,0.674860825667937,0.7070770773198793,,ede5e722aa51b1edf1b7f3550819d1fa7c743d02958fb765bf9233ccf1ea1020,cadf2ab9a2d6547b808e82099b83169aa947fb0617b0d25d7c012f3a84f18477,e7b984f287f0e76f0f238493ebc4b9b2d75fd361b947093a9d607573ec7b3908
sunny-mountain-stations/0246,sunny-mountain-stations,train,0,30,0,2061073,0,30,0.0,0.0,,0.8546771459392819,,0.8860122388383966,0.0,0.0,,,0.0,0.9132592872882677,0.8229057787068836,0.9663364674278039,0.3973105134474328,,0.0,0.7951874527671599,0.9571850830527431,0.9755915612121433,0.8325668295487209,0.8490980733817793,0.8406124251643929,,90a65adbb644d54e42c7e51d5cebfa0b1e554d4d34f442db24481dcd7007c74c,8211f22cbe10bb54834c2a0f57f23d5612d3a7a8d288102d2f5c719f02078527,3ca4534e0b35057187f353be9ad844ba0e44ce13dffa9dcaf4f91513df0529fa
sunny-mountain-stations/0248,sunny-mountain-stations,train,0,0,0,2073600,0,0,,,,0.8319825648709391,,0.9791924563235341,,,0.8522937345354228,0.0,0.0058090513125101904,0.6180941384228757,0.940355432930293,,0.4384240921597678,0.0,,0.7690810851658731,0.6280646386721603,0.9885209242376154,,0.8998092351111924,0.9479038409561849,0.0,c489b83cc8d5e13b9e9ee4f588ba23a86a21404337b41cc01afb90627630275f,1828c615b6f7ff9fa65e720ed3534d3325375ddada62df18c96577a26343ed35,fc400715e3fa953f9e09a998787ba3e1e458f4101fe50bff86204026dbee71d4
sunny-mountain-stations/0249,sunny-mountain-stations,train,0,0,0,2073600,0,0,,,,0.8430523609795697,,0.9771179020650479,,,0.9724995485385548,0.5833904109589041,0.0,0.9223383496437335,0.9455715949997783,,0.827904496909312,,,0.7414725946836038,0.9565130785762961,0.9865318779277331,,0.9036105211566737,0.9361919509586373,,408760b135c0da743871d600304812e352ac956549d1987597238245735e8672,459bc06543c1527b8f31f3778f2304eca8cda8b56ce00177d1006117d7a4ed71,f4b4b724ae1b176042b96e1b23260970cfed8c37e9820734fea7300e38e8a621
sunny-mountain-stations/0250,sunny-mountain-stations,train,0,0,0,2064289,0,0,,,,0.6593319299360527,,0.9883650190114068,,,0.9703673115221971,,0.0,0.9682368025307506,0.9669765465929793,,0.8026729559748428,,,0.0,,0.9863632242270378,,0.8826849080803763,0.9260414385211791,,0956dd0c21f6af0a1387e957effd77c906124754c421ea783a885ae3ce8cf3f2,1a54313fd7aaffafd2aa769b53c139c749f29333937e07fd9220a885589e54d0,04a098fa9ea3c1f112e4d5ca4dee339522b04d1cf77a073dff677fc985a08411
trackside-maintenance/0000,trackside-maintenance,train,88008,37166,10721,1953065,98729,125174,0.6476176459766732,0.703085305255085,0.8914098187969087,,,0.9730904374856792,,,,,,0.0,,,,,0.6476176459766732,,,,,0.9756249524389315,0.7414118225793228,,e41473adaa20b0dfe8eecc7e6000f550ae13c68770e4946667d4c938e7a89230,608d5152e26531f443e848f1ab03966ce4ec96ab2768c3ee09bd3bac6d538107,1d229d1454ae19a423daaca47941aca34dd339c0e42c457dbad64bdc35891692
trackside-maintenance/0052,trackside-maintenance,train,1166112,8593,11390,902573,1177502,1174705,0.9831522770098516,0.9926849719716865,0.9903269803363391,,,,,,,,,,,,,,0.9831522770098516,,0.970255960611068,,,0.9610727209312464,0.9808856221206875,,efc1a697946924df5b504e34114d2f5a5bdaff8ab191a9dd2c8d978a19525204,d7c67dfa30ada59632dc54a7ee5807a8e61a421646642ee6822c51b526280b84,30e941a474a20e62e38fb91eed5cb7ecfaae2a94ea9fd88ef2b7fa8f2a4460b1
trackside-maintenance/0055,trackside-maintenance,train,1153547,14352,27378,893683,1180925,1167899,0.9650875905752391,0.987711266128321,0.9768164786078709,0.9597845463781173,,,,,,,,,,,,,0.9650875905752391,,0.9597163832590826,,,0.9576460756672801,0.9410033838458143,,28f3b3d7bec0bf474a3fc09012c7f4ef1b0b5a4e37e51acf00fbc5bea657569b,7b23c5e8ffdcb864899f2b44e3f35d742c5fa4f4a7b41a710d74ec6204039136,3ac1516ab1a1f6954df9de37b3fa6afbf1a2fe24221fbebc761dc542a151a46c
trackside-maintenance/0057,trackside-maintenance,train,806867,478,2413,1278797,809280,807345,0.9964297975444516,0.9994079358886225,0.9970183372874654,0.9625300985870701,,0.0,0.5366247176508551,,,,,,,,,,0.9964297975444516,,0.9775240610362039,,,0.9766191389868677,0.9821800762805769,,76a244cf235702a8709bcd5845224a9a5785c3cd791a1fc89b4d54cf065746b8,c6a6ea3d247a64e8a78e7264e9e5bf9070735b251f3b1498e53ceeb2d9a5eece,cfce1ea00a77890ce98cbaab6d6d66d296507cba5e1d7f477b1c70779105024b
trackside-maintenance/0058,trackside-maintenance,train,1289760,12852,38349,747999,1328109,1302612,0.9618176814985671,0.9901336698878868,0.9711251109660427,,,,,,,,,,,,,,0.9618176814985671,,0.9232106442015178,,,0.8662858978706695,0.9673618218777533,,527bd4c6f5b48a8fa052db415d684acdb3dcbf8021025486fa219182ad9059ba,135090e121d0df3d05d16ca027cf3a9280fcb288b8d5e5c4b535ae20858a57bb,86e99f141dd7ba5a6ac4d944e854c9e3a2ab9254fe04053ab38b190b8a5ff7a2
trackside-maintenance/0059,trackside-maintenance,train,1210501,11444,43706,823280,1254207,1221945,0.9564255865163461,0.9906346030304146,0.9651524828038752,,,,0.0,,,,,,,,,,0.9564255865163461,,0.9466344713986223,,,0.8132727464863151,0.9766928942080658,,8f38d8ecfaf13ea9265b15f72d8c2a5f6320df894c563c0277971f5a71223076,51caf95e4def10813bd0f02b5d94ab8f9ddcf77d3b4125ae347e9e88f0e70034,6a69da5e82ded14b71788f3eac72c5a94b6bca7a46947ffe5dca1e252af7336d
trackside-maintenance/0060,trackside-maintenance,train,1402045,15522,10130,661263,1412175,1417567,0.9820326021557796,0.9890502530039145,0.9928266680829217,,,,,,,,,,,,,,0.9820326021557796,,0.9017586416009703,,,0.9612609768805692,0.958781567148003,,af2519b33d6b5f52478d8c41669353834cbc46bda125e944b6f0f559e55e7d51,a1ed253eef60a1b41a1f265e34bb48ebce8b527eb2c22c4dfdfd0244558ab6a4,56fbb917b082d0d42a5e5ff883223baeae0b66369c4be9ad954e1bc1adb1af75
trackside-maintenance/0061,trackside-maintenance,train,1659263,5450,9492,414755,1668755,1664713,0.9910751670195704,0.9967261624075742,0.9943119271552744,,,,,,,,,,,,,,0.9910751670195704,,,,,0.9689981430285071,0.8856446590550116,,8bdf064f89bd89d79af62f1c4461b3024cfa2110a8194ff5044d74f7f592fc74,a2d3dc8b57ca001020539c453fd25cc135c52f4e3a1b7e3782882c0642be1d36,d222895908d538f65a7c0e73afac3ff102b8a55d4e0cff731c4ba9d1ac604656
trackside-maintenance/0062,trackside-maintenance,train,1902374,3562,687,181560,1903061,1905936,0.9977714524580895,0.9981311019887341,0.999639002638381,,,,,,,,,,,,,,0.9977714524580895,,,,,0.9773007422877966,0.0,,6f1c22c5a26f9c6f9349d1b7472ea93537d6383a9cda356167f51397f8e8f989,8b6b3404dcee61dcef88a2efe10d1c664ce76c5c90f08c90a160e1881b9c7ba9,5207e9ce52992fbbf905a30d15dae100e69aff9c062e41fd1d63d60be76f6e88
trackside-maintenance/0063,trackside-maintenance,train,1330588,9360,5954,743058,1336542,1339948,0.9886217570075682,0.9930146543000176,0.9955452204270423,,,,,,,,,,,,,,0.9886217570075682,,0.0,,,0.9756518159791194,0.9826589991569394,,f25b27c24e3ff91436c5e3877a5df281c4dd826a5c70266f8b58faae4174a2e4,f404f535862173c8b8688fb06460f4e3b4307973ba3453d76a2a74ed1ce29373,8d85315431c34076e5584c21cc7858144f7e9913e3946762e4d8765a04a241bc
trackside-maintenance/0066,trackside-maintenance,train,1290784,9449,7228,781499,1298012,1300233,0.9872447438202746,0.9927328409600433,0.9944314844546892,,,,,,,,,,,,,,0.9872447438202746,,0.9634411640062156,,,0.9727575953051495,0.978336298321627,,6223c858287f0677fdc6d3b7cc8038c3ecc2f0d657d409ea0818439bb88d0fa5,d3884b710501411f6f6b15febc4e69affad923b6dee90f38d67b046fdfa35666,f2d9ff4e5d78808d6c203afef0fcfddb02b8a2a909f2f845b23dfa91c047fe38
trackside-maintenance/0067,trackside-maintenance,train,844168,8583,13605,1222604,857773,852751,0.9743892810807566,0.9899349282498643,0.9841391603606082,,,0.864561403508772,0.5460251046025104,,0.9188568512375606,,,0.0,0.0,,,,0.9743892810807566,,0.979560200681666,,,0.9546072499714608,0.9663324222350004,,0500732a4422c6db9e57d541c1a7f0c06c3e10fd30ca7e04d1cb512dcd29b739,31e1a531c8bacd76bd03d1630b16b65d83c1b22e86c7d094e48509567df280d7,b51f72f50b53d59a64ac22c5e22a32a45360af808c41bc91d5fe599480e27a1d
trackside-maintenance/0068,trackside-maintenance,train,1035912,13965,18189,1020894,1054101,1049877,0.9698951188409705,0.98669844181747,0.9827445377625105,,,0.8271752085816448,0.6066252587991718,,,,,,0.0,,,,0.9698951188409705,,0.9759898105742392,,,0.9527653501667878,0.955783026803524,,2002370858caebe870952bed7a32a15d4c1e010a5b718f1e3c6e2a619ef1550f,f630baf409c8fa26b7d8c7049cc4ec4ab2d5780809fe481c6ff0414a1752009b,178843c2975a6f6784e86dfc6c32780c90b7a81bcfb4439694bdf96145488d11
trackside-maintenance/0070,trackside-maintenance,train,1866937,4813,8310,208900,1875247,1871750,0.9930199036200972,0.9974286095899559,0.9955685837652319,,,,,,,,,,0.0,,,,0.9930199036200972,,,,,0.9680960453547508,0.8247434923047692,,8da8ac7ad697e79d43107c8ebe4903d9b515079f50e3b43f871cbcaca0df5d1e,fc37c78a2230c5c8c971926e1a494ea03d9ff1f1d5ef03a91ddce40348295058,e8df74cfeaf95e1f94749ab8117f26d1f9892d7eb12706ef97641bb3ea715233
trackside-maintenance/0073,trackside-maintenance,train,1551751,4737,12551,519921,1564302,1556488,0.9889817907649204,0.9969566100092002,0.9919766132115154,,,0.0,0.0,,,,,0.0,0.9389758716584417,,,,0.9889817907649204,,0.8810114889440563,,,0.961843113874457,0.803653118314958,,5652f16f45d364803ae0cb7862cfd6866fbbefdeeefdf76929de1dbf58fe7814,776ab1d9d39e30450e3cb98591c31188fa38dda21975a58e3b3269ad48adbff8,d478cff6709f73feda4e8fd40ed2948a5bd134ee62dda24931ecd1c9d5eb4ea1
trackside-maintenance/0074,trackside-maintenance,train,1331180,23782,15111,718887,1346291,1354962,0.9716124615257727,0.9824482162599394,0.9887758292969351,,,0.0,,,,,,0.0,0.9454616471838898,,,,0.9716124615257727,,0.8889168463934819,,,0.9525837101773283,0.8027843197368971,,093b845a2d8a639e83ffa1ecf5fde92d921664c2417e66a25b10d3dca8f6d55f,f7283dc707378e69d703aef147373bdcd064cb957f41e1765d75f9806d2293a0,959cef618f3034aab1835ca90edef1cb3aaf43da5097ab5c05003b7a81a18ad1
trackside-maintenance/0075,trackside-maintenance,train,1489238,9756,18640,571326,1507878,1498994,0.9812892963652633,0.9934916350565779,0.9876382572064849,,,0.0,0.0,,,,,0.0,0.9550148783476282,,,,0.9812892963652633,,0.0,,,0.9628564231328669,0.8855345410314952,,03904f8a2512daea1c39d2cbdedf3303eb95dcf456e4adbc73e729eb2d9aca10,718e6fd45e2e42240aee648e4e87a0092a7553e48a752f65433e382eadbfffee,963e21eee102968ee3c9720ea2b0dd66ab36bf065e011b257e4f264cf95d7057
trackside-maintenance/0078,trackside-maintenance,train,1290237,12952,6495,779276,1296732,1303189,0.9851513800275487,0.9900613034640409,0.9949912549393398,,,,,,,,,,,,,,0.9851513800275487,,0.8998459986192979,,,0.9619631468296733,0.9770943846040269,,9072ecd1d6bd9a6ade7bbf9d4ebfe4912556baadda2bae4e1a66249b89915dc1,5ee5a7b2559e29f59042063b25e69d22cc7635dcfb1ccedb12ca183a2172add3,86ee24cd0eb3b822925f4fdd02fb10b62b0949344f0dd4b4efc8a4ec9a7a813a
trackside-maintenance/0079,trackside-maintenance,train,1309720,22158,6930,750152,1316650,1331878,0.9782732101989232,0.9833633410867962,0.9947366422359777,,,,,,,,,,,,,,0.9782732101989232,,0.9568443720172274,,,0.9552801098341469,0.9620381104540716,,7245d072113222a13b028579251a425ef833a8850f977f01ffb13f42c5569754,196f7161bb9ef2af0e3ea14b4f939200a99ce0ea7a60d5039b4f22522718c58a,ca4f214ef30a020d6727ff51bddb1751b3bd23c451ae010f2d30181dbddef101
trackside-maintenance/0080,trackside-maintenance,train,1187371,20134,10304,871151,1197675,1207505,0.9750059327858474,0.9833259489608739,0.9913966643705513,,,,,,,,,,,,,,0.9750059327858474,,0.9630133662478505,,,0.9511150955542303,0.9612498833260338,,045d4791802edd4766cb20165f7f89e48500708e9eacc4fb3176b9cd89733d49,72915e72ba77b4a35ec44c0cd9aadfe5a489e09dcf8bf4df59f3ca3ef7ac9e26,7cbc30fc86ebc84c65eeb4fdbfda9aa37a41b80d268c615c98ef43a3a4af2f98
trackside-maintenance/0082,trackside-maintenance,train,602447,39741,40248,1406524,642695,642188,0.8827890087861718,0.9381162525615552,0.9373762048872327,,,0.9611354335604985,,,,,,,,,,,0.8827890087861718,,,,,0.9712899953794965,0.7180908599242833,,65b79e130b09b882fa33f7676d2436a802b097d73fc606fa0428a40aa7592ed5,a63aebc4038689fc219bba17b9c67904c70eae12e7833a0e436e0aa12bdbfcaa,329690022ddde6169de90e61e0bbb946a104a8fa2836dd558597d3e877832141
trackside-maintenance/0083,trackside-maintenance,train,1586033,7066,11441,484420,1597474,1593099,0.9884658531417104,0.9955646196501284,0.9928380681000128,,,,,,,,,,,,,,0.9884658531417104,,,,,0.966169847427544,0.9566604880472378,,f93539c0825969b6f96f386dbaa98f06caadbcb1d80a39102a077ace90560d5e,eacd1a0cdf15d5e49563452c6d7003c31113591a4df0d81eaf61105edab0d64b,1717a0aecc484af0b84c218818a5e28cdc1ba41f0c5e21a6eb10d793f4987992
trackside-maintenance/0084,trackside-maintenance,train,1392925,21115,6824,668096,1399749,1414040,0.9803366120895455,0.9850676077055812,0.9951248402392143,,,,,,,,,0.0,,,,,0.9803366120895455,,,,,0.9766911044608404,0.9521718122518564,,78b655ec93b0e9575d9bf363a03233ad6e48a40c1e428e86125f919cccf38ced,ac028f7bcbe7ad92f61055bc538a75e3ad911ea17ef8513a38a275c9758c465e,d8a155e0e312be2d402b3eaf5d77a4a10bafc0af0ead97e50621e754b2ec563f
trackside-maintenance/0085,trackside-maintenance,train,1322187,16768,4015,745990,1326202,1338955,0.9845245984645972,0.987476800938045,0.9969725577249922,,,,0.0,,,,,,,,,,0.9845245984645972,,0.8861490031479539,,,0.9704082945814624,0.9729966853096189,,1fe7cf2ae2eef9be85f098226cc6e927e226f7e34a356079eaf30f81a5517c08,a964b223ce70c0ddfcfc63a7116d136b72dbabc8a5bfb3c71b4a8784a89ebc9f,a39c99b343bbb0624551bfaca585cd620bd821b030fd5cf4c85897831d09ebd5
trackside-maintenance/0086,trackside-maintenance,train,848193,13046,6174,1221547,854367,861239,0.9778421582337364,0.984852056165594,0.9927735972948394,,,0.8475845410628019,0.6921921921921922,,0.9325068437116516,,,,0.0,,,,0.9778421582337364,,0.970167205283125,,,0.9548761867816521,0.9699634281594006,,9db552632140a4fe745fdf61a0d0fa31fc4952af06addd32095a7c1372bb9d8a,48e0f42fd5470fdf74ebb3d8b15d9098a05ee9adf3541431ac1b7a9fa0e062d9,aa5c1b67a15678b783bb9a2da53d9bc2935dca617de0d16186adf47b72e1cf85
trackside-maintenance/0087,trackside-maintenance,train,1014901,17815,9404,1045962,1024305,1032716,0.9738811269335585,0.9827493715600417,0.9908191407832628,,,0.7502648305084746,0.6683291770573566,,0.8254961173425367,,,,0.0,,,,0.9738811269335585,,0.9767129089869045,,,0.9605406715965572,0.960980578208046,,95207ac84f3acc3ff5c55764aa554bffc9f0a32f4cab08eaf951e2fe43877d51,587b26c9e34a988459b083e4db74f236062e3ecce661eb481c45f1084fd9f4af,38830fdfa60c6c9f5645ad9cf40495195d0cbeffbabd274927236b236cf76996
trackside-maintenance/0090,trackside-maintenance,train,823340,17384,5601,1242621,828941,840724,0.9728414025344874,0.9793225838681898,0.9932431861857478,,0.0,0.8263213055846683,0.396100278551532,,0.8950585973998239,,,0.0,0.0,,,,0.9728414025344874,,0.9740718216114189,,,0.9643825700152646,0.9593198416078205,,0a5483a0127931090560f2cb06532b9de62ff8978b5d2d75fc73f10c9e628fb9,bdacebbf7725f3ad965f05b99232ec789fc6dd5801ffb98aa2a88920ad1db2bc,a49bd91fb9424520d7a1d947346155e5d0e2cbea8c92b30b2ae869483f488959
trackside-maintenance/0092,trackside-maintenance,train,1303198,7568,9404,768790,1312602,1310766,0.9871440799291,0.9942262768488045,0.9928356043949347,,,,,,,,,,,,,,0.9871440799291,,,,,0.9731329886028868,0.9803148581611353,,b46f2ac36452a0a15ac8e7c69746492ff0b596b959f253d1612c3db9998b2895,ca30dbb08d9fb0e4fe8996fe88911e453cc3bca799282014ced559432b824f51,585e972d109c6c07abd95796aec9530bba8147137d20712f39db02201e1c6352
trackside-maintenance/0093,trackside-maintenance,train,885233,8209,8589,1186498,893822,893442,0.9813775801496845,0.9908119385477737,0.9903907041894248,,,0.8432565789473684,0.5301794453507341,,0.8754803996925442,,,0.0,0.0,,,,0.9813775801496845,,0.9796010919729319,,,0.9603505843071787,0.975156502224497,,6259e3456d036d7371c800562ffea682d470ccccfc442c166f67ae5f354b645f,84941b6b7aa17a3e2407d6f073b2b43d7c36ff43014f7ec679d58cf5431ed076,b4bc12c21d6cb198cd1eb8db92796d8f3298dd324b7647eb5acf63e27c67d316
trackside-maintenance/0095,trackside-maintenance,train,811686,6630,14593,1256051,826279,818316,0.9745194252913584,0.9918979953954218,0.9823388952157807,,,0.8567850993895758,0.4067796610169492,,0.9399010948668668,,,0.0,0.0,,,,0.9745194252913584,,0.9816608032324359,,,0.9533421687565841,0.96317396578408,,2c0673f9062a1f999a14ea9f32f3a730731ead900fcdf51751a187ad746dfc7b,e2149e1bb2a9cbc2acdbaf0b9ef76ebcda214853f1f5097dab8ec69174e4aad8,3ba1e3960ede7449048e084140739abfa68e6f9050e46c84164ae2a8bcd5ec99
trackside-maintenance/0097,trackside-maintenance,train,1455859,8604,102936,281618,1558795,1464463,0.9288375199933138,0.9941248088889921,0.9339643763291516,,,,,,,,,,,,,,0.9288375199933138,,0.8767712550607287,,,0.9601530740882732,0.0,,069e56fc048051d80ef3d6c175598cb6a1df2596f82c85bd8075f4b88100565a,4dafdc7299c42b3fd729bc5fad69b105505ba91c31b992ed39c8524ab26e9327,25d925044dd88819ce87dc2ee7136b1623230fc4f39cc6734f916bc1ade7aaff
trackside-maintenance/0098,trackside-maintenance,train,1733755,12250,3151,339804,1736906,1746005,0.9911951821335547,0.9929839834364735,0.9981858546173483,,,0.0,,,,,,,,,,,0.9911951821335547,,,,,0.9591683402111066,0.0,,fc04d89f6819407752a53d790ea973fc002344aa19eadc04b345225545c7ce53,50b458614c96f982cdd8a232cc68c34b8a13e26c9ea30e839f0bb3d3f75ed0bb,fb60e42d1e5f712ff127ecef8355388e91e7809407bcccf6f495cd7d5bb7e450
trackside-maintenance/0100,trackside-maintenance,train,1126665,23037,11073,338746,1137738,1149702,0.970614460166699,0.97996263379554,0.9902675308375039,,,0.9093618423461355,,,,,,,,,,,0.970614460166699,,,,,0.865832632917394,0.8565363890411691,,295de469c85a2cbd063ed52a760230d5847fd6ca3ec792d4228e881a1fc88163,f5b03baa6b4d5ea3f09082ebe6520174de0c27be86a86a96401a87b00c959c4c,18a1ce8047bd56ce65078c5fbe35bb1578f1691a12eea41fbae5d87c0234b51f
trackside-maintenance/0101,trackside-maintenance,train,423713,8096,11240,222951,434953,431809,0.956356971802216,0.9812509697574622,0.9741581274298602,,,0.6795824486907289,,,,,,,,,,,0.956356971802216,,0.9508656995788488,,,0.9366334108947184,0.9080622648594647,,f18cd13f8be6e6da511d8cc5f6ff2f0e8e5ffa3cdc730d55f0752e075e4be9a7,2053724e9bccf33b2605685548994cd45b4e42ce9eed6263ab94fd76ac8b7402,a468926d017d52d470cbd57561de69a5caf3f63bea4d50f4a79f4ee77df776b9
trackside-maintenance/0102,trackside-maintenance,train,380342,21598,20854,1076463,401196,401940,0.8995917633646646,0.9462656117828532,0.9480204189473475,,,0.9407562562010804,0.17124542124542125,,,,,0.0,,0.9829419932624293,,,0.8995917633646646,,0.957352896100048,,0.5202127659574468,0.8445824334053276,0.822498202432952,,d32849c8bde9dd413c6d0ab82ca84e62323fed3319cfb99825a11f91ac7baef3,16725b66e3177e4058bec98d44bcd85e2a17929f45e24c0a9596f58d4fc0420f,3438d7e0da61edf462db1cef7e910fef3ecbfe263d9a94689955254a9a79413d
trackside-maintenance/0103,trackside-maintenance,train,735802,53905,48385,1250868,784187,789707,0.8779489602573465,0.9317405062890414,0.93829915568608,,,0.91869702140225,,,,,,,,,,,0.8779489602573465,,,,,0.9776386822470773,0.8397239647943143,,bcd725f20e45aba176964b9c6318633c2f7a70f7664784eb0dfc98abf0940141,832b0e6356d68f26976e3d7922d3b08c241fb1ce86ad33ae4f971af5515c330f,77dc40e3043819ea2b023c01b6913e9668502ef857b9fb36cd968cd6e3923491
trackside-maintenance/0104,trackside-maintenance,train,132353,2448,1750,285850,134103,134801,0.9692569076755205,0.9818398973301385,0.9869503292245513,,,0.0,,,,,,,,,,,0.9692569076755205,,0.9946969966234228,,,0.9734778744206717,0.9628387304285895,,8af545cd5a93e866ceeaf9e8b89657bd1753fb543ecfc98e2121144440cb5e5b,38d8338d1cf13856f69f9d6bf5678bbe6767d870b9c6d44089b654888be7a538,71ba13244170a53511dd8bbd509b121c5e44c493b8536a4355ed37681091312a
trackside-maintenance/0105,trackside-maintenance,train,202683,13890,4095,565764,206778,216573,0.9184974713143728,0.9358645814575224,0.9801961523953225,,,0.7406155912231681,0.7019344956370583,,,,,0.9919707570300782,,,,,0.9184974713143728,,0.0,,,0.9643256743256743,0.9507551760547216,,d1ad562afeae01ddb70bc66ae877af92f08918967c215ffefec2257c3ad76fa6,c81174649f12ca8f38a2a5768fc715389902ca51ae6140ec8217629ad50b6eb2,c38c984101424ece14663b21484883b81daaa89bb41dc72e82872c889e5b9d5c
trackside-vegetation-closeups/0012,trackside-vegetation-closeups,train,0,3778,0,2085182,0,3778,0.0,0.0,,,,0.8243508537985702,0.726049033427102,,,,,0.8276548814699017,,,,,0.0,,0.9777901237967356,,,0.9020906846135271,0.870473449307704,,6d411277b073c9f8148657c867b1259110caffbc10996436432e2bbef233e3c7,4b681dd2b792a639ec71ac899c324f1eca876bb9c6dd875589f6acc59ffc244f,f1e2aba7af91c10a134c01c3107478e910101ac88b509bf5b6bc3623e7aaac90
trackside-vegetation-closeups/0017,trackside-vegetation-closeups,train,0,900,0,2087753,0,900,0.0,0.0,,,,0.8456464500977038,0.8027152762116244,,,,,0.6702360896355958,0.0,,0.0,,0.0,,0.9684933407908626,,,0.9027138090448791,0.8487970902532832,,028a08528e4e767ba7b3c0cf28e85786354503f78c2dd0a447f206796a58013d,22d3561d3062fe05ceba10e56b4c8b6db384a4e8fcd842244f2da597be610a77,6202fa26acd060b85dca6a342e7fff8e27d58336631b6a00d88ce6a878cf6ff2
trackside-vegetation-closeups/0018,trackside-vegetation-closeups,train,0,11,0,2088419,0,11,0.0,0.0,,,,0.735731314647189,0.7842969100946313,,,,,0.6078642955801105,0.0,,,0.0,0.0,,0.9745217862686656,,,0.830857734686239,0.8117667820324393,,c63ccdb72ee621ea3abddc87464bce0d0d17c15f939a53a7189ff1ec3c846dd0,6047d5dcef86ee0c3cbe19959ffea5fb1ae8da0ad78346d1a212f33aa78cf5e1,5b88475e7740a22c764db7f7d4802004e0e38ea35c69ed79d859056d1d73b4af
trackside-vegetation-closeups/0019,trackside-vegetation-closeups,train,0,129,0,2088781,0,129,0.0,0.0,,,,0.7951074843698028,0.6968545939794619,,,,,0.8484432989690721,,,,,0.0,,0.9304332841713675,,,0.8180192470779101,0.8761647646091406,,0f04b3c645dadb7431f751cf0813b5b34e40f34c8786fd50a006d9a58a70b608,d2f9b5b7fb36f2b9f9bc41b1b06402c355fe3014bac2d7651dcc9f6384446059,fb6415fe7a68ecfc23c76b5cd551595019634391a2e597067cd894e4e57e97aa
trackside-vegetation-closeups/0020,trackside-vegetation-closeups,train,0,1136,0,2086720,0,1136,0.0,0.0,,,,0.8327641742559625,0.587741180064145,,,,,0.8713823707759872,,,,,0.0,,0.0,,,0.909882045568064,0.8964687879876615,,1b155b4a115f6ef6baeca7676fd004b92d57f38e06386f5ff1bd7a83f362ec1b,06cd7338ee14ee937c07d3d04b3b5c78c6ceda8e729ee1833cb2e357ddd0f7c4,1465e729b02f90493a8519324e70140deed26bb52346d06247dc5320c65d3027
trackside-vegetation-closeups/0028,trackside-vegetation-closeups,train,0,17332,0,2071407,0,17332,0.0,0.0,,,,0.877724281909706,0.7574340751823453,,,,,0.7811808648182732,0.0,,0.0,,0.0,0.695383360010043,0.6156880713439574,,,0.9447810326971445,0.8241879873723542,,4e19459360e08e5f3877234f1a74ad6e98184568c64a7688ff552fb1f571e05c,220e1be1ff2d191eb0b0cd9c279b3e72a31c6e700004ac0ee2e6c68118bf1205,b6b9b4da0e1b9b9ab46b535eb9fc30ef6bb542bd927ff266927408cbf084b255
vegetation-worksite/0262,vegetation-worksite,train,0,140,0,2073460,0,140,0.0,0.0,,,0.9733178019435085,0.8635552109069269,0.40789473684210525,,,0.0,0.0,0.0,0.8728870039382005,,0.33890602174971596,,0.0,,0.9736979993791238,0.99044146035423,0.0,0.6457394711067581,0.9262667339487667,,54396730a7d632e6ac164891ed59aa4b248397c4bff8ad0524ee051361535740,ecc4df5204120b6d832dfe643f5cf2ece2d746710ad731c9c0b70f45d3c1a90e,52d7ae82f2e610c0cbc2827c9a5a3e3233351f9d5c5dfd3d4e75121d7d790a1f
winter-town-cab-view/0185,winter-town-cab-view,train,0,0,0,2073600,0,0,,,,,0.925718132854578,0.9681465795707415,,0.2938066465256798,,0.0,0.0,0.9440732964306165,0.7702520515826494,,0.7891079100328532,0.0,,0.9135471633259709,0.9432513369240493,0.9826037464316889,,0.7721103653989561,0.9534910212284684,,5886ace53044086e84b2f4b85a962b8fc5d0e5df0f398df5bff81f0cefcdd458,b8e61201f1dacec0106270d80967bb58fb8ebc3c977bd832ebe30748c3009013,65d0c51f30c07b0a98308d7b59963a1f232ecad5c766f5845ded956120febe50
winter-town-cab-view/0186,winter-town-cab-view,train,0,0,0,2073600,0,0,,,,,0.9253440845266231,0.9782993639780283,,0.13424914142990946,,0.8613883344422266,0.43294030950626383,0.8740362811791383,0.8202034411860188,,0.6957177054703431,,,0.8327446141059492,0.9334305823108053,0.9885425947359218,,0.7926664869236991,0.9383162890751712,,7b53cc55f0bba2e1833ae405668e09335397f1631bd62e9570846377941ee427,c6b76e6b73f5dd0a4d5c80df5ce3abbc5fe5bec63a2c2eb5852ebaa72565dd54,d7a6c3217c27ffb8f45f3a9838dea3190cf640b18291d31ceba798661cbf505e
winter-town-cab-view/0188,winter-town-cab-view,train,0,0,0,2071641,0,0,,,,0.0,0.8283613096227356,0.9847049221051137,,0.0,0.0,,0.8300980898296334,0.874403766338351,0.9087619580892413,,0.7699742268041238,0.0,,0.0,0.9601172838868871,0.9961390570257861,,0.8450990350431691,0.9464196294441662,,93065b17ef536461211968f71d3b394d46cb55404435af01f1702cc875cdc85c,4b85a509ccdf89d3e280fedaaef03147ea70980f662bd158dfd8dfcc6e5ee6eb,d87bec2911cc0eb6c5458cd7644b2cc511d4e7ad49654918329695323f3fb36b
winter-town-cab-view/0189,winter-town-cab-view,train,0,0,0,2073600,0,0,,,,,0.9074118302682908,0.9612346705466639,,0.8613127531137771,,0.0,0.7568737426080595,0.8997006833455695,0.8893578099425528,,0.638863705046842,,,0.0,0.9752117377038582,0.9962369208708083,,0.7531884742560226,0.9608080808080808,,06118b62db2d8b18889a7d9354ef0877b3f5042e249ab6f22e11ad80c9f3242a,7b662c7643f74d777d4282712cd4c38c45c8968b67c969bd90c2430de620dd5f,07723e8c596e976209d9f4a975987204a7441553d67f4f72999e609317e43c99
winter-town-cab-view/0190,winter-town-cab-view,train,0,0,0,2073600,0,0,,,,,0.8770140845070422,0.9778135518805795,,0.7084723148765844,,0.3442340791738382,0.8371920431504035,0.8855178181480277,0.8939876388990946,,0.8449043559773852,0.8532710280373832,,0.8806902382018001,0.8621497983379801,0.981138282478112,,0.8785947340465893,0.9688402113328128,,55cf7c8129b7d290a98190185ebf3f9c9c1bcfda8b3256a472c4c639eff7e307,d8d8f132f167f5f1f69acb80e438c5c783672c70a9e21daa9e35bb94d7d92acb,140d57eeb5fb5301810412042abdf7fb1dcb46294229bf68bd571b01913e8942
winter-town-cab-view/0191,winter-town-cab-view,train,0,0,0,2056203,0,0,,,,,0.0,0.9696569615268802,,0.0,,0.880789165691356,0.923574284082565,0.6735477676428229,0.783964391833033,0.9454877603215199,0.8408214034804842,0.937466538173252,,0.28065630397236613,0.9493747923987342,0.9817378909748818,0.8213621138816524,0.7811477198341698,0.9045167472450891,,fddfb8962d8961d625bea817fe5552ec2c1d016f4d6cc0fec53b8171c0f10c1d,5bd5e6d2d0fcf46993603edaf2660a84f8964a6f228be9967525edf77af92174,4a31ac77c9f660e2b1c840ef8bfe6833dd24052ff70e935b8f66bcabf3a6ae97
winter-town-cab-view/0192,winter-town-cab-view,train,0,0,0,2069343,0,0,,,,,0.8745349583066068,0.9705650411722633,,0.6950635628198778,,0.0,0.9029516385378037,0.9090346534653465,0.8821204023891858,,0.24804992199687986,0.0,,0.8922156696139383,0.8601827281089198,0.9915767831556969,,0.7711302618495194,0.9553479450108344,,754211da40dd122ce82a710c71d8d2d60c6a74f3695406c8e58832fa940cea1a,c44e426c668e2da87d0f29c2c5dbc7a1e35d395d40a60d02d42715a16d97f3b0,9d286246029b8ba52cc25b23c715de28691e3875ec634b17978a1dea4da83f7c
winter-town-cab-view/0194,winter-town-cab-view,train,0,576,0,2064412,0,576,0.0,0.0,,,,0.0,0.0,,,,0.8795970607187406,0.8562106043752318,0.8678405181137422,0.8641781783743183,0.8402352146955888,,0.0,0.8647879858657244,0.9498277732836943,0.9881332401913537,0.7193543898705997,0.5945269741985927,0.6846358272149903,,86bec697fc86a9152f90aa11441db7d66b5f096dac9422d72d66e592861f8801,9981573109ba2d8de2c54874727c5ae46d8060e1260c3527b4b95a4f13024e74,c3e8f208a66da74edc6de187c04c3e826528fce8507195ce3e8120ac7a7430f3
winter-town-cab-view/0195,winter-town-cab-view,train,0,0,0,2068516,0,0,,,,0.0,0.9331854857736045,0.0,,0.7897501419647928,0.9013109077417759,,0.8405033613920118,0.7716477987421384,0.8404383975812547,0.7869764208330919,0.6359300141406893,0.8994452149791956,,0.6495753885595257,0.9209908939088591,0.9807835567728339,0.5339787395596052,0.6289308176100629,0.659797280637656,,b011832e15f90292721c197db21ac1d902b6875259288cfca2f254319ca7f8a5,37e930f7d2ab55af31301c5a401f8d96af4fb05bab1e995d802af52c96cda10c,729420227e6bf4c0e5ad8807795eb5d898a1b2c3a8acce1565d6e598dcde8a8c
winter-town-cab-view/0196,winter-town-cab-view,train,0,0,0,2071231,0,0,,,,0.0,0.9072600559732207,0.9679124611402512,0.0,0.0,,0.6760992599042229,0.8210273495002711,0.8140274086811526,0.8037076232529285,0.7465551181102362,0.4568626900847315,0.7901824500434405,,0.8967228289944279,0.9200658668548577,0.9674655073068416,0.526984126984127,0.7440846246636356,0.96266389077759,,6642757595beb9bad0e29bd2abf92ae99ddffef5f2d5a4fe2af3140090621eb3,8407b4b7ea14b6b0fb15c8d922b15d9a2126a83bb818ee62555dc96577ccc8f3,f3cd2487c5f6b9ebcd0a48cafebc479356968460c26b74d01768e213c02e764d
winter-town-cab-view/0198,winter-town-cab-view,train,0,0,0,2070225,0,0,,,,,,0.9561445022874271,,0.8751879699248121,0.9952331490093483,0.5740740740740741,0.8410287081339712,0.9528775048405533,0.7948539346587333,,0.5877002631700448,0.9424,,0.8881661455110947,0.8213488058240432,0.9929366297448952,,0.6813865690424437,0.9523630473766415,,cc5f67af19f67c1a6ec338148aac18a59457131b40eefe18cb47d42221300216,e8ffc70ec31eed6a3066d511fff9313edf510d50b9f54c1769275749cea76c4d,02e92ba16a4fc206baaa2a4aae43888356b83c626da77c4527422120bc3e2d87
winter-town-cab-view/0199,winter-town-cab-view,train,0,0,0,2073600,0,0,,,,0.8306128734216199,0.8246313463663,0.9796812336288162,0.0,0.8287948742108735,,0.0,0.7718444950852011,0.7311918376499608,0.9109061634007689,,0.7001171521380265,,,0.9048131365165619,0.945539542494768,0.9855714891212207,,0.8042356565267617,0.9375870284989325,,bf2591468b8c776a8775aaf5f6535f7fa792b9c0ee28c52f9e87b591efe4c9b3,50cb12ad4ea2dd882c3acd69274d43aff289df3afc6fadefcfd6d4fa987f0090,b4713548c88104c907faa0c86feae368a436a4c51d0646627543c74985bcb223
