key,group,split,tp,fp,fn,tn,support,predicted_pixels,iou,precision,recall,iou:person,iou:truck,iou:rail-track,iou:vegetation-overgrowth,iou:car,iou:on-rails,iou:traffic-sign,iou:road,iou:sidewalk,iou:construction,iou:tram-track,iou:pole,iou:traffic-light,iou:mud-pumping,iou:fence,iou:terrain,iou:sky,iou:rail-embedded,iou:rail-raised,iou:trackbed,iou:standing-water,image_sha256,mask_decoded_sha256,prediction_sha256
evening-water-cab-view/0289,evening-water-cab-view,train,0,279,0,2073321,0,279,0.0,0.0,,0.0,0.0,0.4222264901400772,,0.8890386343216532,0.0,0.0,0.008008879554427148,0.6934778262086616,0.5047866884473654,0.0,0.3227499031094416,0.0,0.0,0.7248483157821326,0.7317287206813672,0.9905223167750816,0.26464646464646463,0.4540596312071748,0.36786493791827474,0.00027733481245233307,61b19d029c6cc48d744189fd60f15317991db02db7ea86e03c8dd7f235cb5126,736818a0449d28bdb2d8778a1660ca515a3168050b25ed1a01d88dae3bd752a8,2b43878fad284a493c45017f0b0d0176a42c01f2267e5c30563a1cc4f1042389
evening-water-cab-view/0290,evening-water-cab-view,train,0,1005,0,2068673,0,1005,0.0,0.0,,0.0,,0.3549361359938661,0.44960883571099863,0.0,,0.26852976913730253,0.006839984928846767,0.9480403809319548,0.4992633216010477,0.40209132859961777,0.7219523217715512,,0.0,0.6657601557550566,0.8693059624949911,0.9883107515886349,0.27342103350534197,0.4596370836960789,0.5513972857565637,0.20470737913486006,bc87c6029c376bb13438534dc5403cc400260f97f586d1d6581f3e6c7f911c08,13322ec6a2aacce02132ed5e7696c28c5ee8042d56819195ed30830659e51b22,d63f3b78fabd8afe6d6bbf58f59fcf5b83e0ed58f1a54a75ba48d10bb5c663fc
evening-water-cab-view/0291,evening-water-cab-view,train,0,3148,0,2070452,0,3148,0.0,0.0,,,,0.6647929965550442,0.0,0.0,,0.4200588948553612,,0.0,0.7384312085548719,,0.5248154457694492,0.0,0.0,0.3504250316512932,0.9123452326241518,0.9935098496081338,,0.7273715486629466,0.5421838679683868,0.6009202835468226,98c179d6033fbdd1ac8781f30103871dbd923fb986a02c3839d44f86da4740de,bb2a9920140cf227658a598969afef5c7ce53e7b98b5a3c4c066546ea5130d17,c58954ffa9927028c778869682de3ec4af9172d5a9a26d852efdb43c19beb20e
evening-water-cab-view/0293,evening-water-cab-view,train,0,0,0,2073600,0,0,,,,,,0.8061030073010502,,,,,,,,,,,,,0.9760078371803139,0.98540395456614,,0.7846680942184154,0.6252777909120999,0.003854737269222966,6077aba4a4bb99250442da395b3d3240725c2e1e0aef293eb44333393c53dc7c,f911421065662a54b5c3274a87ea67b0c0aab217d8246dfafdb1abfc6d028d20,a19ff55bf80bd60549f23709199a5998eec67bdd8e9598c26649dd03d0f3178a
evening-water-cab-view/0294,evening-water-cab-view,train,0,0,0,2073600,0,0,,,,,,0.9011849666887046,,,,,,,,,,,,,0.9691173460436283,0.9847343599830134,,0.7646628905536269,0.7378939803565928,0.0,fc99bfd711df81411031982d6c1af485a0d5de1a6bc8031d66c08fe78aaaf437,4658d8f7532c6505af3946da32505699e8955aca2113d5cdeb27eec1d16f2745,3ff8d1f76f98c5ebe72d10cc3730305e6707bec5931c5f6f7d3fb0ac2ae41288
evening-water-cab-view/0296,evening-water-cab-view,train,0,0,0,2073600,0,0,,,,,,0.9047171289766495,,,,,,,,,,,,,0.9573944517741824,0.9863654529192047,,0.7365973279215289,0.5505357600615227,0.0,ccabc9bad6992ae81dbcf31b87e948651539d5fb18383056159cb4158d7aa1e0,60379d256d614ea088a2828671715ec0c44a063f5021ec187a15947d9abddccf,fd6ad2f313cc171b4232db321ea50d14e5da0c89dad07c034fa0a5f88dc748dd
flooded-road-crossing/0272,flooded-road-crossing,train,0,0,0,2073600,0,0,,,,,,,,0.9059839759639459,,,0.7023051983734476,,0.5304137407477699,,0.15943919139223997,,,0.0,0.877777504468605,0.9871348415723039,,0.0,,0.8610718492343934,1a64c22d40183eaa53211aeb2ab21c5cbf2a328ca7b2d6716a58fff64bb7291d,10ed04abff1db423799ac73be0144d2a9d4c342000410521dac7c27615a1210d,cc50be3e63e38e08c30d057fd86944e8f8245ce1f92cc66e1ea652cf1bab849d
flooded-road-crossing/0274,flooded-road-crossing,train,0,47,0,2073553,0,47,0.0,0.0,,,,,,,,,0.693123841445372,0.0,0.0,,0.0,,0.0,0.0,0.26486811669109733,,,0.0,,0.8691530111156831,5eac815d6dcafeaed42ca25116f35fe30e4598159ae3b155d664bf6b7378427a,7172a732328236e294af3f1eef4ebca9041023ad99ef10d8086e8fd60928f87b,a2598c34ff3633efc6316814853cc228831f7ee754a9143022cdb81cf0081dc1
flooded-station-platform/0298,flooded-station-platform,train,0,0,0,2073600,0,0,,,,0.7951465675434056,,0.5621247403864309,,,0.767516835619496,,,0.8877960959509243,0.8864493962503972,0.0,,,,,,0.0,,0.6375362259684069,0.0,0.7787018982052608,f0194c9f5092ef4a9f5211064d986408ef94a7c44752b254cf2a6cb67600d64a,5722f0e4963bd2152bf42d5232dc39a50a7a848f6c12b1004b0789f34038d48b,6fb1db1769ca8dc8155630f71b7092c050cf94119d769dd15b4e2433bc50ac67
flooded-station-platform/0299,flooded-station-platform,train,0,8,0,2073592,0,8,0.0,0.0,,,,0.6104760632970555,,,,,0.0,0.9756877850232281,0.8284092323866702,0.0,0.0,,0.0,,,0.0,0.0,0.7560496674354089,0.0,0.796607355916377,2e8151e2e6b02fcc2163c50aa86d9e5e0134c8e81d7ed74c33832a121b91dcaf,6af42e253b81ce9497cf93cd0a68c78ba94d0412ca46ce0bdf9850dfc84f3d38,2862c1d2222165266dc52c7b01b8d921e8d205113e376876dfd07bdd7e7d6602
flooded-station-platform/0300,flooded-station-platform,train,0,0,0,2073600,0,0,,,,0.0,,0.7755569512690731,,,,,,0.0,0.9010446393982772,,,,,,0.0,,,0.7524967433782024,,0.7799927059554523,aa5009748eb469829d461d7b4e9a1e63aced662acde1baab34479670671c9cfc,75ede15bd1fb51823b565832643d1df6ed5185b2a03eb179228324c3aed39bb0,0609004f75fc6d551d53d229e37fd5eaa2f635761daee1b8c4a494d76c1a6176
flooded-station-platform/0301,flooded-station-platform,train,0,0,0,2073600,0,0,,,,,,0.8825661501541262,,,,,,,0.9860370658288753,,,,,,,0.0,,0.9370056399432546,,0.903835867272221,b6bfd2eb1a154fe26098279bca8d8165e5aa045fad56b687663d941cba56bfda,47d991bcaec17e2c3c48231acaa869c7cfe0fc1945cdd8af78fe916b1e1bd398,410d58270625e702e7660e0e776d09b0475abb0780c86f211e83d7921ddf7d7e
flooded-station-platform/0302,flooded-station-platform,train,0,0,0,2073600,0,0,,,,,,0.8882621653992925,,,,,,0.0048415090892481956,0.9919259758202101,,,,,,,0.0,,0.8870843055877167,,0.912679989527882,0758d8245392d38d69bb520d6aa46dd39d38ccdfa9c8011ae15e78d2a3d0dfae,eece741854c6faf5705694b7fe66da45777daa6a2c5a7a957f51d43f01e66a89,f5fe5dc5bb6d72da439bd23f4a7e4e56bac51b9481fc58137b592bc3c2a32494
flooded-station-platform/0303,flooded-station-platform,train,0,0,0,2073600,0,0,,,,0.0,0.0,0.664956075497956,0.0,0.0,0.5348785130444519,0.24089746112969887,0.0,0.8971366725735178,0.7656503951129294,,0.2344756474798326,0.03564727954971857,,0.2902711040975904,0.7438157926003375,0.1023120978575974,0.0,0.6844414760394055,0.2948865673170482,0.7465556015998585,e62cac97ea08c225e113869af1e24539312d59ae8b1ea981d8625c7d8c85968b,9f41da0deb75457d49e7d121daf10240080a8bd5972f436a7e0a7b9717ecb8fb,ab9d6280407baf1360624287d438ff38efba25ee07f03223b9ff1a0cab9cf17e
flooded-stone-bridge/0270,flooded-stone-bridge,train,0,0,0,589824,0,0,,,,,,,0.9582817908959275,,,,0.0,0.0,,,,,,,0.0,0.805111821086262,,0.4672005638732257,0.6928356928356928,0.8617647402286501,d8aff7595858cbf04c9e2b85dc09bc865c9a2ad58b92c41e823fb4a084f4bada,cc93b0303a5e58646273e1c337552e9b819a34fb83f9540d2148d3bcbe375c9e,f5766ee51223e2faf01c762e687862c2253bcb7625780b3a298529b1da9bbecb
flooded-stone-bridge/0271,flooded-stone-bridge,train,0,4,0,698364,0,4,0.0,0.0,,,,,0.0,,,0.0,,0.0,0.7800048757446938,,0.046264257336921695,,0.0,0.0,0.49665487802130964,0.7508881625692767,,0.013527223537368955,0.0,0.7251098417613387,f5180763e414fb42a131798a9a989ba50a68fa194643d48809aba9a9130498ed,deb97cc444c8d1373bf880da820dc45e4746303470e336a4c48ca969c057ecb6,a9bdd682aef2ebe82b962e362d84edbe217221eb946f5d615b6de7dba15139b5
flooded-stone-bridge/0310,flooded-stone-bridge,train,0,0,0,921241,0,0,,,,,,0.21562947424499718,0.0,0.8196415235250186,,0.6725128515270637,0.7132045929018789,0.0,0.8241574949878127,,0.37089090980670053,0.0,,0.3375974765618155,0.9103777816111782,0.8927944100218117,,0.7666521400064223,0.6919376603042819,0.7984458745201313,244d2e5e9d27aab38bd91e338efee542e9ef1b32b81f5b1d04e493988fd9fb15,42ef6482e36a3fc9d3fefaf6ee832e646e4a322238c9ee94517cf29cccb2a2fe,1b453cdcb7354915a7222656e5ce46dcff6395e4be41e781a3026acd0e851310
flooded-stone-bridge/0311,flooded-stone-bridge,train,0,0,0,921600,0,0,,,,,,0.016260162601626018,,0.0,,0.005263157894736842,0.0,,0.9408507991075779,,0.1610520991401113,0.0,,0.02235161532682194,0.3996205955975619,0.8628297710200675,,0.5347236908460901,0.09686109159053642,0.6921039484222964,3ec9872d416c77c2223a85177374f753b9fa22546177d378a402366f3a00fac8,6561271ce4c565a4c37ee75a811cabfb1e535cadc0ff4b3b0a20a98020fff530,1d87ad35b29f77418be1a378a8759093ac41b82e3973fb13d32be85653835d8b
flooded-trackside-woodland/0306,flooded-trackside-woodland,train,0,0,0,2065299,0,0,,,,,,0.4795524015997199,0.0,,,,,,,,,,,,0.8232948716482882,,,0.7787620148008266,0.6058932503757559,0.3799474515285651,0021b7212f209be14d804f00cbd09a05f058de3d7582bd9ccb3bb068575fac81,8de09c6caae8edb989f229fdf3de804a969a3c4d11baa415faf551b9c1f5cd1a,edb2ff30c49efdbab0c4f1417c4b4a74be09fb1ddb2e274d308b8b808dd951f9
flooded-trackside-woodland/0307,flooded-trackside-woodland,train,0,0,0,2073600,0,0,,,,,,,,,,,,,,,,,,0.0,0.8520008379231364,0.0,,0.8067039183895008,,0.7974312135497793,05638be2766fc4b1131b1244aba691384afbe16930ecba0b0faf7738dcf28e31,8965ae7b242b8b889a19b35409caf90d8ce9f841d962398bb5984a9bf7e3e501,c98dd814d4800b6905c2b0f705f822bdd53f3dbbb1071fc6dc820a5138c86341
flooded-trackside-woodland/0308,flooded-trackside-woodland,train,0,0,0,2073600,0,0,,,,,,0.0,0.0,,,,,,,,,,,,0.918293658600564,0.0,,0.7577981230352676,0.49933683939635887,0.6533266731007802,0020a0a56903de99cf38302e93fdee20ec756bd51a40b2edf7884183de063666,0ae12b44425bb812368f8178ac0aef7e325786d592a022eefc8bec3277618389,c187e9386fe06eaf7c4bfa838ec1107d87b452fcf332d0839faea26c7f90a5e6
flooded-trackside-woodland/0309,flooded-trackside-woodland,train,0,0,0,2073600,0,0,,,,,,,0.0,,,,,,,,,,,,0.8643749063305112,,,0.8704152592886946,0.28091450395453044,0.6510776840884132,b0aed51ac2b31233ca1f0b25b0f75d6ad53e8afd209b956cbf317def34ebd785,0da5d8691c2ef3a4af99cd06382ed6b5e9acdc9dcff28e445e132c1371c91740,fb873865b0c9f0983179fe1d9bdbfa09a3f57aed1bbbc57983e40be8936eae82
green-roadside-cab-view/0174,green-roadside-cab-view,train,0,0,0,2066931,0,0,,,,,,0.8896022802403656,,,,,0.8801064167211481,,0.7407774692582308,,0.45690577821428124,,,0.0,0.9305150797895195,0.9817850838969967,,0.8135548348666358,0.8481819168566157,,ac8756b81048f48af6d2c3fee710b8b43f34a4e658cde8c09bb9f690902790e5,b77c97dcd4fb55499f6f8e29e571ffe8b252988a1383fbbbc8633d7e7d35146a,4419c03b0526d2fb2678164137dd09c7f0899ecbd9474e04f27d5661feefcda7
green-roadside-cab-view/0200,green-roadside-cab-view,train,0,0,0,2068241,0,0,,,,,,0.5781281984315774,0.026330224904004388,,,0.761854583772392,0.6313758763899433,0.0,,0.5758090065625707,0.7182759064026742,,,0.0,0.9717895120369251,0.9864986341709127,0.5137103684661525,0.4777796134148356,0.0,,647d89550b9094d69144e9eb687405a9b548e981193dfb8682ee2e38bdb37aa6,ec9c895b7bfc0e04c27e3fbfa6d40129a216d6b93b9c0d141f0a7cac2f4cfb82,7aa33145354a4b06e0e45b6e10c8d203bbf4246bcbfdaf9920288b56ad01657d
green-roadside-cab-view/0201,green-roadside-cab-view,train,0,0,0,1982777,0,0,,,,,,0.7090041968714231,0.0,,,0.0,0.4899118218502466,,,0.654245687601258,0.6188372093023256,,,0.0,0.9557267514412396,0.9872305164030037,0.4638439581351094,0.7455889766425811,0.5057430563240013,,cec5a4a2267098df2b64c119ce4e99aacc9014722b05125b92bd8da623cddee4,79b14e0ec0f662a0b7defa39504fefcd6253e1a53dbd690216307f9800fec399,e781212f728a13219e6e068d69f1a8ea150f3b9b75b656e7c7b19a35cad00e0d
green-roadside-cab-view/0203,green-roadside-cab-view,train,0,0,0,2067934,0,0,,,,,0.9247670315015694,0.7308346494958086,,0.7121616469691193,,0.0,0.7288287920258181,,0.5690852791028538,,0.23278259447079994,,,0.8782247035239897,0.9624571152104268,0.9860974202276103,,0.6766174383770431,0.6945801733656879,,18638926136c9e885bad8a5394a86973d90d5ed5638573e5985654dec64db548,02d5c3cbcfb22b2c4080b9d7ba8d170adf3ed46933f9dc0d14cd85562a56b0ef,327d377c4aae5bda231373fa05c26a443daf938f3b9058ce663d163ef31a1395
green-roadside-cab-view/0204,green-roadside-cab-view,train,0,0,0,2067934,0,0,,,,,0.830384732928113,0.7318677983371814,0.0,0.0,,,0.2065618296578651,0.0,0.39802490339201374,0.0,0.0,,,0.6101994331491284,0.9208875741444559,0.9940791122248076,0.0,0.6150703836599504,0.6215272633579181,,cb34ab4d9a1966c9d974500a92359ca204a93a0c8283bcc59a5f16456005f1dc,394bb5dc28c3d0b30d2087556ad26a909667e7937eb766dc4284b1cb12445c2d,592538470bdac59d7890831b7d9651963e72f8af55dc40654998e8f00c24a582
green-roadside-cab-view/0205,green-roadside-cab-view,train,0,0,0,2067934,0,0,,,,,0.8988260942478619,0.8781322013341419,,,,0.0,0.714409587122307,,0.2581441263573544,,0.247259591429995,,,0.0,0.971159162954593,0.9794761615573961,,0.6237250554323726,0.8803851206933742,,84c3ad934ba556452a390cf9a7615f786d7bada1f0ce3bec466c1ccd2a89b441,95e37b185a66109b9fa6014f770ed4e160ff0b041a57284a73413e84b110572c,29155f0ca651c1e6cefd7f1832275a9df25e917d0eb36625905e9502b74539b7
green-roadside-cab-view/0206,green-roadside-cab-view,train,0,0,0,2073600,0,0,,,,0.0,0.9125573425587524,0.9023613975277444,,0.3473407747866054,,0.0,0.8934087247426806,,0.6837854008775429,,0.7326934819111586,,,0.4946705644254554,0.969649619332286,0.9839406309373766,,0.6526616805983282,0.9119459187001512,,326099a1d7068b475af019e6dcf936e26aa1a539954a3f0fa5df1a5ff8428999,5e5fc2a4b032976fc815abe170cc8547f7fe1cada392142df6cda57eff6e1c5a,12155e15bc1e0342b0ee2f62b3fc95d7765c5e6acf2358525c6b0ae374904a5e
green-roadside-cab-view/0207,green-roadside-cab-view,train,0,0,0,2067934,0,0,,,,,0.8635989343666748,0.6459012655341466,,0.007317759639741064,0.0,0.5088640840446487,0.7317932762465927,,0.24139414802065404,,0.6019340758579169,,,0.0007638252367858234,0.9152901485450061,0.9909536138752847,,0.7522123893805309,0.7648783779638662,,0a69c574d773bd2b02269bec42203fa65c198e4f1f50743335704b45db4b879d,0eddcd0c9c23c948c80539aa5593c3fbc7649e64694a60c1e458201173d047ca,29f485b76de0233c86790a61c6579678198e1e20be96359599191fd0ffab6452
green-roadside-cab-view/0208,green-roadside-cab-view,train,0,0,0,2067934,0,0,,,,,0.7632060138155221,0.8374020182516149,,0.0,,0.0,0.09159274971075974,,0.0,,0.6634255584533394,,,0.0,0.9673887396503812,0.984114635688458,,0.8045530632741882,0.8207542889734333,,3b8efe8aa3a6e136add1665ab904a06b78b874796e0c18912f3ee9f3ff74d366,f449b48b1e1888c6196e82bb26e0b4f7d76a050cbbdb529983c5bd83577aa7c1,b25ecdc88fd9abb89f3e07b7564b7eb43bc40a2affc7b3a5bae7b957cc96ebf6
green-roadside-cab-view/0209,green-roadside-cab-view,train,0,0,0,2067934,0,0,,,,,,0.780282457929113,,,0.9122387082696923,0.8459775967413442,0.0,,0.0,,0.6476628021706956,0.45572100313479624,,0.7305504045853001,0.8425595628006214,0.9841906259089128,,0.33199713205579456,0.6659150143274728,,ee956750d1fd8c7676cd76b8db71bf93b9cbcedf8b4aaf4e538041ef501ade04,9215974802ff1c3a3f4ba3b5a8c526785e3e134127875b97fb97ab0f1013f765,ad2ad36be9081ccedb9ceadeef833fa086d75f47451aeb202361c855cd2a3c55
green-roadside-cab-view/0211,green-roadside-cab-view,train,0,0,0,2073600,0,0,,,,,0.7739501831323542,0.6328905155664001,0.20388349514563106,0.3416184971098266,0.0,0.6867679798664215,0.6581874937734533,0.2452159650082012,0.39453917307477987,0.3603080855179083,0.5117005586073141,0.4096853289742542,,0.34681925639372446,0.7400906355095174,0.9818603433444291,0.5010195412064571,0.5276947828085498,0.600906126781923,,41f0cad9cf8e4e11e5a870a293f740a7bce70a66b0bf5b0e86c9dd1fa6396f5c,bac45ffaf5fd576f297c552e8ea5f461765b12c5c76eae223bb8742621fb0cb5,e74d3d4793cfdec92b67b316241d0d5c3ea4e727f88334523cef895fef5a35a7
green-roadside-cab-view/0212,green-roadside-cab-view,train,0,0,0,2053761,0,0,,,,0.6957361898760764,0.0,0.7438861464607581,0.0,0.44729414652104554,,0.676635889201124,0.7049877055297621,0.4068613943235051,0.7148253766554864,0.6952705997074597,0.5153516106529571,0.5732985879643658,,0.6071270047317952,0.704371501049685,0.9755737199007,0.34386920980926433,0.7201982718925215,0.7376458112407211,,19490f9f31865422ef3257bbecd836b58a75e1200af558b47627240cfc9e49e9,586eda51ce95b9ec0c0e71fcb2377dc00b0f62e5a969c354b927925e1f153106,625c0c691f85409b69c4f6b21830c4a766afc7eeb536b847185cee7a5e52ab23
green-water-cab-view/0263,green-water-cab-view,train,0,3468,0,2070132,0,3468,0.0,0.0,,,,0.5133501765668513,0.3861204472186021,,,0.0,0.6638746629652674,0.0,0.846802925182824,,0.5712544191149579,,0.0,0.11121652962260173,0.9071118022277934,0.9935975109075335,,0.7328699621349655,0.6222888890902993,0.07436575052854123,d38268ad352c084c45d9c129d86eed80ec34068717620fc1685f07a6cefd1468,82d378a75617dcc00963a8461696510c838eaa15eae06a60adbfb38dac5fc22e,4baa0a6230db46d772fe6f111f5cf3e26df5e252e65642005071fdf8e50da275
green-water-cab-view/0264,green-water-cab-view,train,0,453,0,2073147,0,453,0.0,0.0,,,,0.4574829647240034,,,,,,,0.1772179155900086,,0.9374238296080295,,0.0,0.0,0.9250268085310703,0.9775936452880282,,0.6279387643521049,0.42885081475997233,0.0,7ac26e3576a11b28c401290cbed89e663ce03d2ae23dcbd062e1ece5d3ba81a1,02043cebe3ca604a9e183ed93d8ba19b67cc40728745e1bc464f5679decd5bfa,3e6a3ed27581c372808cb7a18706a4943c02af7e623e762c2241e2ce783c7b34
green-water-cab-view/0266,green-water-cab-view,train,0,24,0,2073576,0,24,0.0,0.0,,,,0.492803825519011,0.6290170132325141,,,,,,,0.0,,,0.0,,0.9594101920558707,0.850333396238284,,0.7845392208111681,0.30050903267450507,0.43036574768939095,1b57cba93cf3601d156721ce3f759bba69f41268fe5b975191c86fbff322be98,705e31e2edbf1c6b10421dbad0215010633600952f721fe64f10d5852d401b2f,e8f27f6e12117a1f27f80655e4fc8bed39e30598ec838c0d247a27ffc7570ed6
miscellaneous-flood-stills/0275,miscellaneous-flood-stills,train,0,0,0,249696,0,0,,,,,,0.40232893542011644,0.0,0.0,0.9119295325287835,,0.0,0.0,0.6094060299693086,,0.0,,,,0.743801652892562,0.9727392030541637,,0.5159401431359791,0.39478055838379505,0.4264722089563205,61c2965c3c11954382ff9e9e06c34ffa4996a9a48b46aa7f5490049b85765bca,03276c63c9cd09da59f8409c41b9a381d944818e83aef5664981f7567f9a3c45,cdbaf6aade64fcfbfa2a7e1f77728942f3dcfe95ec3985868c4750df88ecf751
miscellaneous-flood-stills/0276,miscellaneous-flood-stills,train,0,0,0,920880,0,0,,,,0.8210223558635116,,,,,,,,,0.0,,,,,,0.7868432046791143,0.982288578666523,,0.6032058216147114,,0.8333209768861753,85d7d06fc795f58f6e51ed5e91c5d5d8ab1f41194ab44f3471da41bdadf45973,3a0cbbff7cd33ff9ac48f3908c9fd4d2bc5716978ff64051e9719dd6e833b22b,cec10332d4567f3b0cd1ae5f9d526b265c91c5eb97da6191be41e56b9106f21d
miscellaneous-flood-stills/0313,miscellaneous-flood-stills,train,0,1,0,2073599,0,1,0.0,0.0,,,,0.21896392423669733,0.22308465714860246,,0.889579107505071,,,,,,,,0.0,,0.08217922873524099,,,0.8158628643961261,0.7191942611105594,0.8331178553866724,74272d0a74c881e4e18e9bf6000c065a51519bf7c05acb3c8e912f075c3b5ddf,f1ae22903da80e5f5b78fafd97ac79433e9f7660531a8540fb329a6830166ff3,351eda550cf28df163db9cdd5153a9b26c9c79ea15a4841017bab83db5e8f75d
miscellaneous-mud-cab-view/0173,miscellaneous-mud-cab-view,train,0,0,46084,2027516,46084,0,0.0,,0.0,0.0,,0.5423237521228915,0.7377645948496697,,,0.0,0.0,0.014764084812843513,0.0,,0.6788518819388032,0.0,0.0,0.0,0.9557331909333365,0.9963456645671511,,0.5870233086221867,0.6721347208988037,,f0ca7b2f878f2a5e167e558097ca517d126cb474aa25f5b0ec0fc4d6b1e57432,32a73b79a5806d70cd7a9d80baf0d39b1f4393bcf4a3701fe9f1134962c8bece,3062d0c3237f4a64bc7e192e08fe0442cd7770ab525d0e06d48bd6f2ec51795d
miscellaneous-numbered-cab-views/0013,miscellaneous-numbered-cab-views,train,0,113,0,2088847,0,113,0.0,0.0,,,,0.9294238039739617,,0.0,,,0.0,,0.5308580030105369,,,,0.0,,0.931512898858755,0.9662509742790335,,0.7736608244877808,0.7774224092132097,,cdc7c624979074f91663aae6c612b6f6c370af9ca88a91ba076c2bad37e6c319,0eaafc1f7d1f70cd68db2eb5151301233ef3f3cd718d66571eee6a4299eedf30,c7ac2abf1836a0dbc7940d2f2c73aef34a4a6a891b6c67c618494850b13971ae
miscellaneous-numbered-cab-views/0014,miscellaneous-numbered-cab-views,train,0,32,0,2088928,0,32,0.0,0.0,,0.0,,0.878605976176687,0.3382034077379779,,,,0.0,,0.9290864829941391,,0.49281867145421904,,0.0,,0.897132625502948,0.9543850370716923,,0.7175137542572702,0.7884835128958537,,00a59e617c6d81492253ece8ef06493164bef224314ee99156bc01663f8ccd38,f8150f0c2a2628f28b20b603a30b8b3829dc4ddd821458cd917236a0fc08b586,5d2499e9c89b4a5e56049893243a0ad97dc8241f0020c353f918122c84ffb3b9
miscellaneous-numbered-cab-views/0022,miscellaneous-numbered-cab-views,train,0,0,0,1932681,0,0,,,,0.0,,0.8809570975775414,,,,,0.0,,,,0.0,,,,0.9671170681553733,0.975596562445612,,0.547011874635001,0.8101169099105983,0.0,34431340589d77bf879a5d44b35f1ba4ee67944d06302e41751f49b52c7cd6bd,6f977a50f3c53a6cac0d8cbaf6af2c29627331c93869e55273dc1bb80023aff6,bd94d5da5e10dbadac190c0c7c7077f6aa9e0fd242d7c9018e55a5854725dedd
miscellaneous-numbered-cab-views/0023,miscellaneous-numbered-cab-views,train,0,0,0,2088960,0,0,,,,0.0,,0.8893507446150084,0.5442664607259411,,,,0.0,0.0,0.8848401608902219,,0.23529411764705882,,,,0.9134502310412814,0.8935799023028611,,0.7606850653315423,0.6051043025796614,,4dbdaa16ac641963e653bf5fa8dce1b9b05b89b3a3d10f8da2e3c9c38deeee7e,d15d0fb83fc7bb953dbf81e78bb9d83c848fc8a15e918257ce7bdc09120426ae,bc6439b8cdc86eba0f3cb7892db338d4eb2867bfe8aaf1e01367892573b6b55d
miscellaneous-numbered-cab-views/0024,miscellaneous-numbered-cab-views,train,0,336,0,2088624,0,336,0.0,0.0,,0.0,,0.0,0.4838097141714971,,,,,0.5295652851355562,0.0,,0.0,,0.0,0.0,0.9765982880929873,0.9932612674506605,,0.4149406198101087,0.36947498529181577,,35db7be7064f509351e3627b33430eabc718080e493e83ad1551491d62e1f113,d8556356afb32734b38fc45466c904ce057dc08037ba8cc650edaf124dd1d86d,a98dcfe26f4b78e3056fe940e7e36296f6635edae0617a0a4048c291dcada50b
miscellaneous-numbered-cab-views/0031,miscellaneous-numbered-cab-views,train,0,0,0,2088960,0,0,,,,0.0,,0.5983382321130918,0.32879476685523823,,,,,,,,0.5528893241919687,,,,0.8396914101261904,0.9843647191337028,,0.7754808496404081,0.7370208798161777,,582a1052402234b092c9e8f0eb985ba78c3b1068c2ae8c12c805aadd11584b0a,7f02b5df890d74feb99bae4ac2f419b3e48fed2208d8047fd2d8b9a7d2f2cd7b,33dcbc306edb8ce10f1978a59f1409fe81b3a8e72025ef01570760380fd8cfbf
miscellaneous-numbered-cab-views/0044,miscellaneous-numbered-cab-views,train,0,0,0,2073600,0,0,,,,0.0,,0.849653194219624,0.8865768079059455,,,0.0,0.0,0.0,0.7812190610681751,,0.471518544436669,0.613265306122449,,0.0,0.9449035270339218,0.9948439624516264,,0.8171227032254395,0.7045560252607208,0.0,bb02fd705ac7b08fb3ae7c618b46f5a9da4ef32b590259233156f5fee831aacb,88341a86688a995a11401395977a1f70d09fcb7f5e90b34db64d6900ee238b02,9ff116f2f6fed453572b2aef3ee7e4435927b82a185f1ebe343297ae22fbf734
miscellaneous-numbered-cab-views/0046,miscellaneous-numbered-cab-views,train,30175,3160,8256,2032009,38431,33335,0.7255175398523719,0.9052047397630119,0.785173427701595,,,0.8054403237732031,0.09349220898258478,,,,,,0.0,,0.5291808149405772,,0.7255175398523719,,0.9836655679826712,0.9841127292397209,,0.841209045498795,0.8747043160025709,,a1bc04fa20bd623f99bbac759e22dbd90554263ca7b217cee49ddc9fedd59da2,3d2b997eec63c459421626f6856cc0913505f918106b37c1868681f35c7e3799,03b8deff824e4312e7c9cc0f74f13b3ebde5773bf52393a1fbf00323f6dfa0bd
miscellaneous-numbered-cab-views/0047,miscellaneous-numbered-cab-views,train,0,413,0,2073187,0,413,0.0,0.0,,,,0.7975973307139405,0.022324172411500372,,,0.6534125533211457,0.0,0.948999758978067,0.2768827276133383,,0.7289356896304897,0.0,0.0,0.8852355938642109,0.0,0.9865897423976797,,0.7148071006821699,0.7907789643993407,,b74e6210f53416c45a93c3fb1a022de2cc33ed02723512634c739624b649276d,e7ddacfbff98ee0b1860229ca3eddde6d4869988720c162c8ddf46c159778cb8,02c28772cfd97bbdf9b27c19c30f17c8d3d928bf79d61cfe001e881885a2c594
miscellaneous-numbered-cab-views/0050,miscellaneous-numbered-cab-views,train,0,1106,0,8210668,0,1106,0.0,0.0,,0.6024535809018567,0.0,0.7457148475012895,0.16982841708557214,0.3907866047967798,0.9105903688930875,0.574079554871552,0.07514285182496697,0.7385741528757602,0.6339436228262889,,0.3946432464060761,0.4396747967479675,0.0,0.39159028023656844,0.7713843355400918,0.95520970449675,0.0,0.8376721343048824,0.6222865986745506,,33fc6fbed915cff715396fc229a8e0da423ed1d84e76cec2dcc2a28d124be983,d7ea88db43428e6a079bd74c9f89f6882e170699de87112e056241c2de64cecf,9f75ca8a0cf62a7e5141f7a1ebefd7e6500c71bb0257e9055e27425f96a42580
miscellaneous-numbered-cab-views/0054,miscellaneous-numbered-cab-views,train,0,563,0,8175384,0,563,0.0,0.0,,0.0,,0.7802260088953343,0.6596903494278196,,,0.0,0.0,0.0,0.45661900526783883,,0.7139862173243,0.7602801626751017,0.0,0.0,0.9791120318394151,0.9690917968459609,,0.7704548007338429,0.8336830910841457,,ac828e814ea477c826e95def13cde08680d0a05dbe64cde8303472779d31fce8,f84064519f157a788221b468dae3b21eede54efb2623226da7f5f33407490909,262cc9c391bb9762a710773bc6842adaea21e99e3d1aa512e761d1a666751934
new-unmatched-2026/0176,new-unmatched-2026,train,0,219,0,2073381,0,219,0.0,0.0,,0.0,,0.8801728228565721,,,0.842505808823869,0.0,0.0,,0.5085220045789876,,0.3859852884243128,0.0,0.0,,0.8830259984283753,0.9661876552573465,,0.7929688450032834,0.6660234840763442,0.0,fdfba692303712b2119a1d725763d74b54fa20defdb3415916105955f503bd9b,a4a945408fb28a872aeb1b860b8b94abdd259836428f6aee085d01ae61280ccc,08425b5e0dc587d450c7308ac9462f9ed2c55be51cec47f4320d55a41bffbc54
new-unmatched-2026/0177,new-unmatched-2026,train,0,537,0,2073063,0,537,0.0,0.0,,0.7631878288070525,,0.866282029526557,0.0,,,,0.676540550244603,0.0,0.0,,0.0006861651942705207,,0.0,,0.985487559409401,0.9942497068988212,,0.735858650057201,0.8655025189992315,,92fdd6e752f0a8493a8a0114320f0d3adb209985cc28a17efef842ce5c887b26,d635d6076eddbb99e91c6f5abab40f42ee0cb1e7f16f8b435011ab79c2c306e8,ad07d27f6f68ae195f539efedc7ca1cc7e8f747012807496e1d7df13edb924f0
overcast-mountain-stations/0214,overcast-mountain-stations,train,0,0,0,2063146,0,0,,,,,0.0,0.5656634235670773,0.04082876294942109,,0.6452331932415647,0.30976430976430974,0.4517752670874259,0.0,0.3748812335423623,0.7255198830182331,0.7133347976456835,0.4649122807017544,,0.0,0.4315208252287073,0.9527093789862167,0.42551079976649153,0.4640412935569518,0.3741413487353506,,fcf5289b197c7f0a48d5f375c13e6c090599b238c68ce299010e0babb86cb7e7,74c09644d3b234cb7e5ae04360d0c4dae6b6442f72a289f3d7e00b434c6a276e,e1dd2ed309e956f4c0c1da6edaaeb3719d6206f4d3ea3642b9292152090637a6
overcast-mountain-stations/0215,overcast-mountain-stations,train,0,0,0,2072972,0,0,,,,,0.16665448432132154,0.765920570183216,,0.5133297062023939,0.8106195379760808,,0.0,0.3019627579265224,0.6065748524775685,,0.5403021451921775,,,0.6569740470606428,0.48144753866058776,0.9782700608799263,,0.4373254495951015,0.6174197472575617,,a4ea3527469f92f7e01c82dbad4e004af29e5a534ebe1ed94e96185736126eff,173b1546ec227c4a29c4d3625922c07d126a8b47dc212fca972e07638a79ab0b,0b91a36858ebe63adada4830dbe3ed58473d7dc9f976f0a91139b02926cfcdd8
overcast-mountain-stations/0216,overcast-mountain-stations,train,0,0,0,2068246,0,0,,,,,0.316315660083586,0.7988774831121869,0.22952051705997295,,0.5990478486199832,0.7565442085158971,0.747634987629166,0.4943416561882522,0.6289855488014681,0.0,0.5836387740778289,0.0,,0.0,0.962918014605074,0.9648390538821838,0.0,0.716239735548002,0.8422385824806589,0.0,39f23d5418cbc5c465dddc13feda5ebb78e7eb06be8eacb3a5acb0256a95f409,582cea7ba18778754c9af1fb978db6ca3615699fa9add68d1b3f193026791d18,7c5dd0bdd13ca1005fe25aac59a75767b9c104ff4914c75df7300d91f6cde65b
overcast-mountain-stations/0217,overcast-mountain-stations,train,0,0,0,2073600,0,0,,,,0.22467672413793102,0.5103658105143989,0.7831179848603498,,0.6203365032918801,0.0,0.04197714853452558,0.0,0.8862985756376506,0.28905333039906106,,0.5638157512221085,0.0,,0.27464369506600833,0.7028087782127093,0.8760195758564437,,0.6474686694113921,0.716877210712481,,014ccb7933ce4cc405469bff1fb36825df54553c505c185a5c2b9ca46750aa01,ca4552b9772cd24b48a8ad4113a2d2044d6cd2c90ed3fa87f128fad6f25b5fcf,5025af2c1cddafa6539902e9f5080033bbd9dfa8956193626a316bb6dfe5fe64
overcast-mountain-stations/0218,overcast-mountain-stations,train,0,0,0,2072180,0,0,,,,,0.920943460781798,0.9260512200455346,0.0,0.0,0.0,,0.7295100785160017,0.7050526768436896,0.644481150408084,,0.8164144982731057,,,0.5205138288111155,0.8969753313748898,0.9503047882344943,,0.8579849295089936,0.8371264189084123,,7d192a396ef667bb5f346b4419b19250547fc8d398f9ad1541087e3b71df732f,90e80f52de853dc11f80453389a3ecb34f1f22cb5b5d50d82f0e9a9b69360854,0b93e6e7c0d9dc4b011c325bf8d68fbea8ef259202f10c8359f16b4d817bcb56
overcast-mountain-stations/0219,overcast-mountain-stations,train,0,0,0,2067917,0,0,,,,,,0.4515786915309662,,,,0.6181221157259496,0.8256737056936982,0.3257304710793083,0.9275405641313835,0.787359137677609,0.5742215287179605,0.893843035851562,,0.5157595596076908,0.911441847763474,0.9966005968010548,0.4665858095815646,0.6592300962379702,0.6970640713706407,,217eb3ce4240bbab2cd912c73d871881db741d3f99a15000d1343139afbeb72c,d217dddc00d910958978c3b8564634dc39934156e8f5a5909546434d3ef106a2,fd4324eb2b98c817da60c89547fd1c0159d30b5cf16f030543781f069a5d8f7e
overcast-mountain-stations/0220,overcast-mountain-stations,train,0,0,0,1926737,0,0,,,,,,0.7603664675481576,,0.0,0.8688665942139631,0.43548387096774194,0.6407732020650738,0.05817215414144397,0.6600588508595323,0.0,0.5177717910836882,0.8878301773006875,,0.0,0.9167775799699062,0.9901106498831087,0.11094224924012158,0.7314263399394708,0.7329921877369568,,b998518e2d97c634c8c2c846bf7f07e5ad02688387f15d657cc9646d080b722f,5fd56feefb695330a155944520011a8468c6cfecbb0f8823735f7759291e46a5,a258daa5a213a2496b48cb767d8522fcde658b53133a66749e0f125c81d2ae2a
overcast-mountain-stations/0232,overcast-mountain-stations,train,0,0,0,2051970,0,0,,,,0.0,0.0,0.8284622761645731,,0.0,,0.4480626842067429,0.37989209024613996,0.0,0.5783864609528988,0.4295798319327731,0.32421170470800426,0.6549756148178894,,0.2938440591375176,0.9011170147597475,0.9545216658105659,0.13862332695984703,0.8563500408926277,0.8447468213250056,,77b17d1922889f7c1d3d5c9eb9eb7abb5f53399f38433a493e4e0d9f6d369bd5,9163d80ccf7bc87211d84eefed8081de6f20c1a73578962ba1efeb4df4582c35,cc255d3edb9d712982456957155453ba98b27913cc8728f9ebe4fe067e979b72
overcast-mountain-stations/0234,overcast-mountain-stations,train,0,0,0,2073600,0,0,,,,,,0.9216075208774357,,,,0.12379702537182852,0.2692913001573804,,0.0,,0.5103201999761933,0.0,,0.5133718483376057,0.941740742294736,0.9945802474420994,,0.7888216326299712,0.9058481802840459,,709cbea54e2cf9800bbf3d0c032a4ecbdd34ac081630e119aea5e897a39808a8,5e14ed6bb456482f44ea9456ba84efbc491c809bf6bf91f148be3dc8bbc3f496,c6a6dcc10f762a2f011b5d34c5684e0d5a75ed249ebf0d99f47b66c5f35dbe91
overcast-mountain-stations/0235,overcast-mountain-stations,train,0,0,0,2071433,0,0,,,,,,0.5235631440520847,,0.09620128268376912,,0.0,0.6442677565965237,,0.8173362842672677,0.4718625160171855,0.7273734761728851,,,0.3692483436143477,0.8494734194083532,0.9776013725916481,0.14343529411764705,0.640904341769213,0.7551426020556948,0.0,468c69f20ee4665d35f34a795d6f47eaaff96dedee7864164a769f063403427d,a6f6323515aac89998837b46a7e676cd3a75633f3314472a74cd0ad6d91d0636,01247071642baef3d504eaa119321156ed5c1708b82d2b8dccea217b5ba068b1
overcast-mountain-stations/0236,overcast-mountain-stations,train,0,100,0,2064386,0,100,0.0,0.0,,0.6362011743681388,,0.896091136013596,,,,0.12970881694155975,0.643620184701011,0.29942081119435004,0.8504025144178737,0.8606066151242051,0.4471674407442438,,0.0,0.35589943999455187,0.7347135164483414,0.9762857289871105,0.5553846153846154,0.7755000414972197,0.8229151581209936,,7d0f48496493980d7a6b226310064c37f280f0d3d8723af88c69108db233c6e9,d086edbab9f13659cd6f7730e857ea9050a4c2dfdbcbf346fa89dbbbaa3fa819,6cfa307568901bc77bc6688a27f1dcfe59bdc25a9eedb76138e3a6727b11096e
overcast-mountain-stations/0238,overcast-mountain-stations,train,0,0,0,2073600,0,0,,,,,,0.734137537993921,,,0.9225510797625099,0.0,0.6213178294573644,0.11481142286237615,0.6155444911383153,,0.6602763647407183,0.009411764705882352,,0.954792169638442,0.926948254086842,0.9896538515174998,,0.6276315459312976,0.7121563506180623,0.0,38d3daf79fb1b3f1c4c8c5bf74635d5954f16b3c5be5297e9e5ac9b077259d42,994f9713200099d24deb58946cee11612e19cad501de11ba1cedfdea65a792f0,033ac8cba95a5a4adce61e048c3de0cc3a2792551cd219a3f30b52a30a8f9e3a
overcast-mountain-stations/0239,overcast-mountain-stations,train,0,0,0,2037585,0,0,,,,0.6342205777035091,,0.8797762603515908,,,0.8865546090660177,0.21189591078066913,0.0,0.8751086170069134,0.647239383455804,,0.4642672371603954,,,0.018127258252189356,0.46431808477966124,0.9750904278885938,,0.7933611480445647,0.6177015906059916,,a48c958611d90e4471af958912e453f589b8b5533315c5d59ce81b77a46a7bfc,0821e76096f2d948662c34edd7251a3a702f4f86b5f0639ad4ebfa76dde65c39,afd1f70ccfd9d96f0a636f72834bce4a93018d378a558eabd72ff128d012eb08
overcast-mountain-stations/0240,overcast-mountain-stations,train,0,75,0,2073525,0,75,0.0,0.0,,,,0.7982687596978599,0.0,,0.7560751397164004,0.5828738241972105,,0.0,0.8335891620273851,,0.5955619612215484,0.0,0.0,0.136869340232859,0.8795585511255195,0.8559888642950049,,0.7377382836922831,0.7506034082620516,0.0,8b51f499144ba83986ae26ea615d1f3e8da062613143bac5e635ab5684f8c914,ec5ef1101a8496a4fe3e89c27333150b42b83b04442fe8619c079705af93439d,af1818d273c31493b0a495facd09b5b2dc0391f92efa40ef533e36ff8da7b25c
overcast-mountain-stations/0241,overcast-mountain-stations,train,0,0,0,2054723,0,0,,,,,,0.636386494449212,0.0,0.0,,0.46115371790596865,0.0,0.0,0.0,,0.6464037210709423,0.7802146523565096,,0.5402249955449272,0.8315442092737086,0.9479676558506517,,0.8249901344600903,0.7915312122564901,,3625a2c4d4e9f8f3e0165e6dd90494d2791acd79e6142389e4a17e9e72601af3,7c47a95e5eb2184cb565bf52f191447540f2a51c89392876cc5789825633a0c4,f62a1eacc4699502cf1275cbcdfb8589182d31d62bd04d1c7fcf20cd43609844
overcast-mountain-stations/0242,overcast-mountain-stations,train,0,0,0,2064725,0,0,,,,,,0.836661769960694,,,0.8024907232677181,,0.0,,0.01674641148325359,,0.580592889143075,,,0.0,0.8836136214850017,0.9799793694894325,,0.8071761161325665,0.8018013028841249,,ded050ca71f820d730759226ffc1d2274e07ef4601f63b34c13120c7ef05161e,e5621dbb9f82929eaa32be89ffc6c20a8853dacd37119cbd4d35a1dfa0d0688f,c5c3b3bb6a0748181f72dae303a9174fe56fa837a7c9142aae66905fd15bb3c8
overcast-mountain-stations/0312,overcast-mountain-stations,train,0,0,0,2073600,0,0,,,,,0.0,0.7166553646443385,0.0,,0.2056545313710302,,0.0,0.5450516747804428,0.5822355568357799,,0.693874203661387,,,0.0,0.7251868847605655,0.8513395843840382,,0.7582150070266244,0.7774278601536311,,5443a27572d1805ca781a25437ef08d1d27ac70239d96cb52f50717ff14822c3,cd7524fe86855d1bbc00c5f9437a737976a1453fe208f62409b95b11be6f50d7,a8b6b643ef6decfeeadfbcd3f003ded05bcd306f69c9e45f0f37c9d72b0f7eeb
rain-water-cab-view-with-overlay/0268,rain-water-cab-view-with-overlay,train,0,0,0,2030117,0,0,,,,0.0,0.012202182142061901,0.5832729808749765,0.3334941026877713,0.11715867158671586,0.0,0.0,0.2200806305490125,0.0,0.9445364561187867,,0.0,,,0.0,0.6802780565595119,0.28825056033974283,0.0,0.56153050672182,0.5624450811843362,0.03378533670420593,7a53e1b4c0a64e0b30e58ab9db89fcf98ce95254700008d25f5394d06f97a292,8345e900712013c77bfef80c596bd05cc01ed30bfed35402897f0715e4d1e924,7d1bd91577c30838373f1da4fe8e8c7b984ba8539e294dd0abcbc43c435e9e67
rain-water-cab-view-with-overlay/0278,rain-water-cab-view-with-overlay,train,0,2270,0,2037673,0,2270,0.0,0.0,,,,0.5619123985165881,0.44654411224949925,,,0.0,,,,,0.0,0.0,0.0,,0.9669631909584973,0.9161776819150652,,0.7938117182356814,0.0,0.009557945041816009,ae02105bf482e4b7269f687a6bf9420a5d1fcf5bf84ca910a716df519b4a66f1,4c17fa98de07fb697cc8d6a82fe1574df38c19697060477017734daad0d5a10a,865c4eb9cca2c88c1c8677d5c3b8a172b998b79d72236cf6da06b95b28852f85
rain-water-cab-view-with-overlay/0280,rain-water-cab-view-with-overlay,train,0,0,0,2054610,0,0,,,,,,0.5445205479452054,0.37169387049092684,,,0.0,,,,,0.0,,,,0.9594745509265393,0.8682236593985277,,0.7215173143008194,0.7361194714363517,0.006864456079115765,70a05bd99cfd467ea3e055a00e478d6e1b45acfa4adb761b94f8e266417d1ae9,4098d2b5e733662dc773d0653b36d9e745e3c5c162f30a4ce5212b86cdacf470,7efaaf0cf7a31fcb0d27dfec819bf3daf2cd9fce43c3b66c81183218468d9aaf
rain-water-cab-view-with-overlay/0281,rain-water-cab-view-with-overlay,train,0,0,0,2053892,0,0,,,,,,0.6839462357471872,0.5845862447986182,,,0.0,,,,,0.0,,,,0.9794860749414214,0.9038741963279645,,0.6716435388488787,0.6458360986487562,0.3031688643130583,a7da1f692dfad6e78cfde641dada58c6873c4539cb40843c04d9e3238e0235ac,180a4cd9f231f57b5bfe3c1b915a80b182b3c9c945ffae2b6a73052ffa34542e,27d76fbe94b0f9e94c767ad8b6fd86003fb823384b123957d0475a02a033d99e
rain-water-cab-view-with-overlay/0282,rain-water-cab-view-with-overlay,train,0,0,0,2054107,0,0,,,,,,0.5326404238446353,0.5423748410220834,,,0.0,,,,,0.0,,,,0.983802489038364,0.875190181559996,,0.6652209830648492,0.7719201306040437,0.0,f9741378f2d70f2bd7e5236fc50ad4936840f4c1561be37a810e2aba8983efab,4f089a368ddf3f66fa942730ecda1b8c4dba2186bdbe0e20b7f5508c59e7cbdb,406670620139f2dd2fb068238817c75bf90e0a918f31ab8e2c5bff7fec9f783e
rain-water-cab-view-with-overlay/0283,rain-water-cab-view-with-overlay,train,0,0,0,2054399,0,0,,,,,,0.45779674166020173,0.5292303436830095,,,0.0,,,,,0.0,,,,0.969051881840938,0.9607746582390122,,0.7322085614286996,0.07317073170731707,0.18794048551292092,50f5c438789710cc8a44142a41fc391480200cadb38493f126501909f2df6f3a,46f13aaf0c4a668162a6794df5bc56c3db17562a9dbd2555adb903b8c26c5065,e0e259345ad5f49597bedf27087efcd0902bd7e65acf03ec783cabf78293d8eb
rain-water-cab-view-with-overlay/0284,rain-water-cab-view-with-overlay,train,0,0,0,2053828,0,0,,,,,,0.6701618933347244,0.40423015937004486,,,,,,,,,,,,0.9733517689823926,0.5186299908564462,,0.7887196841511562,0.7114444220508523,0.0,43ee426aa0b2c2ce8f85dc51fb77e1d7b14c6221bf250479b4fc3db9938e1d2f,33d82d0f364c85c4bfc46dee81a2c7dead7e1ff0c83843a6bd25d7e2d5f04119,d471c6c1580b0eb647bfb948a2a4122d27c4cee33b96850c777a90da52f4d47f
rain-water-cab-view-with-overlay/0286,rain-water-cab-view-with-overlay,train,0,0,0,2054346,0,0,,,,,,0.0,0.5521542699724518,,,0.0,,,,,0.0,,,,0.9583120712063034,0.7590366581415174,,0.7068076553351393,0.09473991533258722,0.10473269062226118,65bb9a26ed2495d66bcecef26da2702eed5d5ef32bc6393785623c77524cec64,8f671867da6e3324a8cb66c2b815994ae10ae1ec68ba48184a1306a31e8f4a2a,20d89a8528c3e7cf4c9c578572e5de0a63ce206d12866ce876e6625f52d406fb
rural-non-electrified-cab-view/0221,rural-non-electrified-cab-view,train,0,0,0,2073600,0,0,,,,,,0.7543213514044392,,,,,0.0,0.9016368407954571,,0.9030427901699065,0.8418282748179655,,,0.7688872495696787,0.8395843586881928,0.9833237745810517,0.5870429838258256,0.3308666017526777,0.7511377315834288,,6411626e4dd88d0c532aa68480772b47bb488e0f02a7b85b9bc3a6689ed129d5,482fa66ea2bbaad879b3d94ac49dffca79303aa8f44871ff99fa139091168bce,8854711f9817755f040421d16ace2838a829b3f863fffee1fafea59404dfd037
rural-non-electrified-cab-view/0224,rural-non-electrified-cab-view,train,0,0,0,2073600,0,0,,,,,0.0,0.7320724183270962,0.17545871559633028,0.7711208615875549,,0.004507888805409466,0.8367670616390844,0.0,0.8975501113585747,0.0,0.20958613371064733,,,0.0,0.8677387586471945,0.9905716372112766,0.08599981378604016,0.6989413891040537,0.5144073117979487,0.0,1e41ae632ab7d25f8465de2e6f35040f43e06005f63f671f9bc38bc730cc1d23,14e013ec98edb93ad9f889dde346effd08deb25dea5bb168510dc27a5de98ed7,afb0a77d48018628409ef653ea1b81d1aa6191fc489c4f9cac098945cef18031
rural-non-electrified-cab-view/0225,rural-non-electrified-cab-view,train,0,1195,0,2072405,0,1195,0.0,0.0,,0.0,0.8424616814383042,0.4183290993625078,0.08811737847318893,0.9193969849246231,,0.0,0.8072474896281614,0.0,0.5718897442264713,0.0,0.07218453188602442,,0.0,0.748427424140523,0.9477057821878968,0.9888757723464907,0.07395498392282958,0.7529347028613352,0.5318790646259381,,f4f88535c53b204aba9d05b638314389fa878abcf8e01baf8f954e3c487ce4fb,88dd45e7d6a1c0924c267cb9957065f544898c86db893c70cf08ed5910b47846,461234f5dea1815fab09172510b308bc5b6cb25250f168825cd6ebe7d9066de4
rural-non-electrified-cab-view/0226,rural-non-electrified-cab-view,train,0,2493,0,2071107,0,2493,0.0,0.0,,,,0.8185513352748002,0.16408165514201492,,,0.0,0.788483653688188,,0.0,0.8587364731410132,0.5313480885311871,0.0,0.0,0.0,0.9388192379507333,0.9978441983711202,0.5108150694742873,0.7230041048839742,0.6731490983726727,,31c04d2163a83cb2cbb97f6a65f78f6292915635dca2124764515620555e02a5,cc1a98dc433a2dffaf5c9e54f23cdc16e1248d56ecada8e23234d607d65dce93,006c2516688b9d3804399c8653f552d08ec9eddea39ec174b83bda35bd09fa92
rural-overcast-cab-view/0002,rural-overcast-cab-view,train,11328,3631,46368,2012273,57696,14959,0.18471472597713895,0.7572698709806805,0.19633943427620631,0.0,,0.4596393775073844,,,,0.0,0.8801211894265629,,0.0,,0.6945772713399125,,0.18471472597713895,0.0,0.9387334369146554,0.9893520695395799,,0.8444417192960941,0.809359929961353,,d6a1cdca475235fda34249ac027cadb8cfd26f48e206fe60727e06408ea9daf2,7541295884a711e816c38d561a56f88d172ad4121d1e9622385b9599b6144caf,8f872f420b73d3bb3605b0dc4a5fc66c5df5277cba80737a93d1e30545c72de8
rural-overcast-cab-view/0003,rural-overcast-cab-view,train,6859,4963,19338,2042440,26197,11822,0.2201219512195122,0.5801894772458129,0.26182387296255294,,,0.49394063085000073,,,,,0.6926864790220814,,,,0.7399417401950437,,0.2201219512195122,,0.9809030639960865,0.993625513415265,,0.8425032307734609,0.663177332631216,,04a002e5659f3d51126f61bc75400b6cef6d9688c3f19cc5a7f5110b8233bf8c,368630cafdffac3e53130c396eed24240568b6159ac269b13bcbb6d1bb7613f5,900dcc820860b915b317a162ca73d5fa4f0fbbb5b6236cf6ef78e05fbb64bd33
rural-overcast-cab-view/0005,rural-overcast-cab-view,train,32852,261,90578,1949909,123430,33113,0.26559733529521146,0.9921178993144686,0.2661589564935591,,,0.3086317755666511,0.0,,,,0.0,,,,0.776147113429405,,0.26559733529521146,,0.9755194239036757,0.9831486845563875,,0.8243612736306706,0.7473637506077522,,aedc6dab3debab63ed2639dc17103ad650d4dd41a6f7227f09b5480b90de2c40,c6a48a56696dd98f5974f241bea8c622141074f956d3aea9336d15b028b45f33,b9aabc68774c1dbf00acd409beef7348832fe61b66accc3a76eb7a377a17d02a
rural-overcast-cab-view/0006,rural-overcast-cab-view,train,28845,5133,15074,2024548,43919,33978,0.5880494169452826,0.8489316616634293,0.6567772490266172,0.0,,0.7585875861178787,,,,,0.0,,,,0.6634965034965035,,0.5880494169452826,,0.9221631928223784,0.9896394782026147,,0.8185833873907269,0.6447285768741376,0.0,3db1516a2e0c1874fb0dbb51d803925befe045e5d166f68c67d2511cf052796a,940de9fc67ad22a2d27c9fd4769b827173ef23421ff12605affab481c6876f00,a0eda765967c8e9ee94721118b1956b21800741bfb767bed704bdef8bd4ac746
rural-overcast-cab-view/0007,rural-overcast-cab-view,train,35863,3344,39276,1995117,75139,39207,0.45695246104251874,0.9147091080674369,0.47728875816819494,,,0.5511201629327902,,,,0.0,0.0,,0.30094187916379506,,0.7316748594552022,,0.45695246104251874,,0.8989799446153917,0.987496923873289,,0.8240018291463032,0.7658591966869809,,9ae138fc89678cfcd1474b9bf8cc396de8f0e6e2a43775c082e7fd324b1e9972,891237312b4d761a97244527dcaa04a9f26810693ba55afef12aee4046a931f6,7081cf2f827e87990e08025b5f5e5b773b18d352676f20886420dcee1e20fcf5
rural-overcast-cab-view/0008,rural-overcast-cab-view,train,35632,5734,45633,1986601,81265,41366,0.4095679260681157,0.8613837451046753,0.4384667446009967,,,0.5886926920062696,,,,,0.0,,,,0.5896758703481393,,0.4095679260681157,,0.9785525774230048,0.988409071888861,,0.7757239309827457,0.7700304590133408,,7bbb672efc6998e2fe07036354809c380b8c0b38f55bd9aae1815308defc4ec2,572a4409042ef311e85d6fd1234cae3c76099913c9079cb702d3f5aabee1808e,f387ff525442908ccb40c46ebd3d8427717a741219b33f36e6a2e6c3165cb125
rural-overcast-cab-view/0040,rural-overcast-cab-view,train,29,29,38053,8207458,38082,58,0.0007609351630762772,0.5,0.0007615146263326506,,,0.7354177309857746,0.017297661924666034,0.20929880357413297,,0.49510763209393344,0.06603254367073462,,0.7533039647577092,,0.5576006573541495,0.5848765432098766,0.0007609351630762772,0.0,0.953082124835451,0.9899190240462232,,0.6929683955844549,0.8252216086879541,,021941b66ec27bb2fcf79d061d8aee08b9c3f292d08a9a7405a19e299c832db3,03d7ca34d25d285c9c357971931e84b25cefeed2da79cbebf813418ebcf853ae,c902cff572107c12a5c511845af48660914bf72d1c62a0847ca904496c080c31
rural-overcast-cab-view/0041,rural-overcast-cab-view,train,0,53,0,8244570,0,53,0.0,0.0,,,,0.7941718314998911,0.6312625386325436,,,0.5284391534391535,0.0,0.0,0.8134308251882232,,0.7927534271549468,0.0,0.0,0.0,0.9644740263984636,0.9898303602658272,,0.8508856394294287,0.8490385009713701,,ff35eda53bd2422223f5fcafb02cea4c44b441958325638de3a11790243b67c9,5eb16e71bb124361f4f8652f27e308c52264136dbcb5306a87c2f883c5829c14,22ca3efa9c775f3142e763a8bd1b1c65518b78f788a7516f90c865c3ade24ea8
rural-overcast-cab-view/0107,rural-overcast-cab-view,train,11482,452,27894,2033772,39376,11934,0.28828964547554486,0.9621250209485503,0.29159894351889476,0.0,,0.4670971546513342,,,,0.0,0.9023054352382283,0.0,0.0,,0.4486294203808328,,0.28828964547554486,,0.9819979927378456,0.9953357668462831,,0.49340131344285687,0.7018621062829481,,215b77d9cef9cc3af93c75d0f03981fcc3de1a90d89599e881fcd4a81e39bf3b,1f2e13eacc67db4ccc1b1898b2ee9de4f5fe5b3c921e281eaf6efc3968a779ed,ce17474c21a3266927dc590bd1d3f18ad6733e2eae23d31c456bde183877030a
rural-overcast-cab-view/0108,rural-overcast-cab-view,train,49613,8638,38837,1973867,88450,58251,0.511010629531971,0.8517107002454893,0.5609157716223855,,,0.7057127882599581,,,,0.0,0.0,,,,0.7300778543186728,,0.511010629531971,,0.9609018643931967,0.9912682891733327,,0.8347289318303811,0.8364351427543882,,c33b247dbf2b4f39cc6e562b021c46ced689391a1b60185e8afc0ac60fed379e,3675771437023b100d1903dd7728f510a010fd931101a1229e30d896793df2e6,f6b4790b682a09bdf27bd857bff0b029bf89fb5ca2f185cc3ed5d0e42ceae403
rural-overcast-cab-view/0109,rural-overcast-cab-view,train,43378,15290,14939,1999993,58317,58668,0.5893189506432812,0.7393809231608373,0.7438311298592177,,,0.6759845086084589,,,,,0.0,,0.0,,0.7201971572673086,,0.5893189506432812,,0.978269260637151,0.9744867005140978,,0.7306266470141587,0.7306347746090156,,f38954f1bfc9fe50b963723a16b16b8d3f9d7362875393e41e5e9796dd413c67,b5d03c87f28738bf1880863f87f22ad418d106faeabc5b621d3e22fd19e4352f,c69277095d1611ee33c4e8368057b8c326b9aceb1b84567a1179e648f61ad3a6
rural-overcast-cab-view/0110,rural-overcast-cab-view,train,82884,1541,55710,1933465,138594,84425,0.5914582367003247,0.9817471128220314,0.5980345469500844,,,0.26470208090991343,,,,0.0,0.0,,0.12207987942727958,0.0,0.7936507936507936,,0.5914582367003247,,0.9637272800450777,0.9602080897518425,,0.5909936171282103,0.5637275947193302,,fdf24fc27e07ee485b7222ccde914085e8f087aa8259cc0b90e6f71e0a387ffc,6ab6a5d80714bfdca09a693d2b6ef8354c1298f4d007435af886bdf54a27984f,df640a2fd2e5c1c93daf2b2a32c5dbdfe0d6cbc66078643300624c2f633c4556
rural-overcast-cab-view/0112,rural-overcast-cab-view,train,66193,32276,22649,1952482,88842,98469,0.5465166201555508,0.672221714448202,0.7450642714031652,,,0.5138185091345513,,,,,0.8724642570958627,,,,0.6963546534917879,,0.5465166201555508,,0.9775233301116583,0.9859551708651452,,0.8714261829125565,0.8248681435430532,,8aa93fc1231db8b4b0a120906afce6efe281b5d722780d8cc957032da6e74746,7baa1b6dd76fce960eb947f27e2990725c86a6f5f51c52791202dfad46733104,feaaf7cf0efd163f125ec33718a60933f489aeecb1dc6534cba2025ed79fd20e
rural-overcast-cab-view/0113,rural-overcast-cab-view,train,4619,4073,69843,1995065,74462,8692,0.05881454128732412,0.531408191440405,0.06203164029975021,,,0.43789854382792426,,,,,0.4936691131155807,,,,0.8476227552680702,,0.05881454128732412,0.2230397030556108,0.9094944621334948,0.993452692803609,,0.8180920124188541,0.7230100259656359,,ba958581ca15fdae026c4dc5918bbf409fb30ae6ee8593531607b3d3640ebc46,5619cab770a415ce98a48e4bc99f46359818dd6c29e09c86f079b60ee7199d99,5c9d84acc18f5c725f5fb8a867f0453663b2399951ed5b109e17e0ea1f584755
sunny-mainline-cab-view/0124,sunny-mainline-cab-view,train,0,0,78910,1994690,78910,0,0.0,,0.0,0.0,,0.531299030454198,0.4840846786475784,,,0.005923450789793438,0.0,0.6911662918525342,0.7171381314361455,,0.6523374595877024,,0.0,0.0,0.8633765850781481,0.9725068214858751,,0.42602010409630897,0.504762946982251,0.0,7401f5fc76b6fc6c255d1dd4039a55eb15e32ab20cd3552dcac7878a8a74eb88,a7a2df50102d7e802732022e8559ba0e3680e8389a3d28775fdcaa5b3fe675c0,db2320d61a7e84e17d9b752c62bbc11fcd8f50692e3712e2a5d79e5fc11e469d
sunny-mainline-cab-view/0126,sunny-mainline-cab-view,train,13788,143,19717,2037585,33505,13931,0.40977175463623394,0.9897351231067404,0.4115206685569318,0.0,,0.6194446041510953,0.51003818669893,,,,,0.0,0.8395518564300949,0.0,0.6776126979168701,,0.40977175463623394,0.6425689606751194,0.4593659111121794,0.9790029027268682,0.0,0.684274173440383,0.6832251333178762,,a1e2fc892f0b131c74ecceb67559b53b91457b9cf91503592486c858fd335277,5e9d2acebf57172d5210c5c3b720a337687a9f178fad0f7fc5002f71acbe4474,3ef64839c8fcb295b8e18fe8eab9d84e2a77997a29acedbfa869e0e500f3f6eb
sunny-mainline-cab-view/0127,sunny-mainline-cab-view,train,4,36,24899,2048661,24903,40,0.00016039135490597057,0.1,0.00016062321808617435,,,0.4900687194396723,0.10728662271746106,,,,,0.0,0.771529923567797,0.0,0.7414809418154121,0.0,0.00016039135490597057,0.319559285882467,0.6794054160125589,0.9720942769213973,0.0,0.7264757300188308,0.5165268991977893,,0d4cde05aed2bd4fe2170c8e306ae84b426e1f4e3c8d7f9b0b0cb271454f8c9e,3a2f62b80bbbd8f815571d25354fdfb14621d54793dd0bfa6cc4afdc37595e4f,3c10fdc003cc923d23ea0b7a0aeacb9bea73ffbc578f3d173e994a1412ac7219
sunny-mainline-cab-view/0128,sunny-mainline-cab-view,train,1511,1,21502,2050586,23013,1512,0.06565568784218302,0.9993386243386243,0.06565854082475123,,,0.5627221235006664,0.6417539355448956,,,0.36923076923076925,0.012057272042200452,0.13428033496318778,0.7635105402120616,0.019075413441610626,0.5212666291924302,0.0,0.06565568784218302,0.4781469572466357,0.8976053033074295,0.9795544256372516,0.0024057738572574178,0.6356483320095314,0.6001711945575795,,24687c346d035f3bef72afba9b140f03eab022e4a90af673afe81fa9f274787b,09bf5c31ca2833eea50b69d465637fad45ede0f027180c676f50e73c26925838,f03692ba577521fbf2c8f48c3782ac24fddb692a5c6f74669e5719f70bfd8552
sunny-mainline-cab-view/0129,sunny-mainline-cab-view,train,7627,882,37465,2027626,45092,8509,0.16589811632661938,0.8963450464214361,0.16914308524793756,,,0.45702764094841886,0.6193410891034725,,,0.4406862745098039,0.09385335303638027,0.23858874866734436,0.7826651261509332,0.11028896331489992,0.7022827687776141,0.0,0.16589811632661938,0.35681455473986595,0.8530936932792534,0.9765923117203055,0.0992503748125937,0.61049401598287,0.5519354979806669,,e52ffee04497a5939bda202788429a87b3560377d2abd91af07b4286a26b89c6,5d694e9c15aaefa0b7665df2c9da8584456f3b3dac39535757253b4487d820f4,4beb7abd5a485af20ad8e61bb136a678c91a808ac94d4823f573d8383c57df62
sunny-mainline-cab-view/0131,sunny-mainline-cab-view,train,38,0,43139,2030423,43177,38,0.0008800982004307849,1.0,0.0008800982004307849,0.0,,0.5749737673522515,0.16403685688298336,,,0.0,0.22779407842091223,0.48166314363699797,0.7046214521427997,0.0,0.689983469931979,0.0,0.0008800982004307849,0.6399974668614017,0.7326171462494363,0.9460790831961582,0.0,0.6154775645649978,0.6557906286081926,,6ed3b7e372d8d5dc78b215af5af6f4653456cd41ece09177eab1178a747e70bc,af8d2a04956dbfdf21340cdf110d0b9d6e2829237768690ed087162d1ae36165,3ada1b957eea889a5e87574835e99fd80007596d7a82c4be84884cd8b3c0f606
sunny-mainline-cab-view/0132,sunny-mainline-cab-view,train,16,0,13859,2059725,13875,16,0.0011531531531531532,1.0,0.0011531531531531532,,,0.7425330042345055,0.0,,0.0,0.0,0.4378494029953758,0.0,0.7663759976952074,0.0,0.7403035470552396,0.7202797202797203,0.0011531531531531532,0.6385546927068163,0.6183593366363793,0.9575224129907512,0.0,0.5817443848452815,0.7106577023020509,,e153b7e6bd960d596c08d639a6b6e83a0851899aff6c01d8e6bfbba8b04f29ab,204c422aa9c44f8b7d5b2eb481af1e29fa4744c6021070e0d2662705e7e0189e,eb05ba0b8d42fa88184bcebda4e026ff3315a869d2cdee3c91b5614c6d1dc284
sunny-mainline-cab-view/0134,sunny-mainline-cab-view,train,17860,2851,18003,2027919,35863,20711,0.4613318179469959,0.8623436821012989,0.4980063017594736,,,0.6639857598941791,0.027061086423028454,0.0,,,0.0,0.5743096177390831,0.8804520491989288,0.0,0.7385298470646275,,0.4613318179469959,0.7151340876414327,0.8900873968138542,0.9878715290497968,,0.7615620247199194,0.7089229522174513,0.0,9e4b1e6f4202cdfc0d9ff15e1ee6eb32270e1c0e88b7b7842be2345e74dab6f2,ca7f11b3b53842677ff683a60af0909d165f0e7bdad70e86ec532fdfeacf5b09,608969d5eeb206e8465b5289cb80a01914dcd6942db9756e4b7ec3b73c7d43c7
sunny-mainline-cab-view/0135,sunny-mainline-cab-view,train,6544,1160,11369,2049241,17913,7704,0.3431028154983484,0.8494288681204569,0.36532127505163847,,,0.6920545273550982,0.0,,,,,0.7842321926067612,0.6988046050784227,,0.579901007601202,,0.3431028154983484,0.0,0.9228425793950026,0.9923913013507887,,0.7982383846708561,0.706518684483044,0.0,917d7fdbcba14ad98f4155259ad4945453a4e76aecab144bfdfd515d95e55343,b6a73b1f8244f7439392be7102f2da394460911d789962cefb50cf25cba65757,ed0c1460e42153ad8199be248c03c3d13e5e3054bb7e60fb4f185a5546d5faa7
sunny-mainline-cab-view/0136,sunny-mainline-cab-view,train,50715,13109,36603,1967787,87318,63824,0.5049936769992134,0.794607044372023,0.5808080808080808,,,0.6180279148755506,,,,,0.0,0.6802440686767712,0.5156285136046773,0.0,0.6207724713571401,,0.5049936769992134,0.6703115865145183,0.9509020037397841,0.974791286403352,,0.8017136059670782,0.6966343680469766,,23d8b5534877bd891ce5b404ae30036f3fd3a3f9769fc5d17235cd727642067e,197fc8d7bbdc4022d9b5cf5e18eddfe930bc031adbc821b3fb7895aef544cda7,20b7c69a0458771b7bd4806ac695826f48898f5aa2fb8d023e11d4b0112e3323
sunny-mainline-cab-view/0137,sunny-mainline-cab-view,train,3002,517,21231,2043583,24233,3519,0.1212929292929293,0.8530832622904234,0.12388065860603309,,,0.6814070451653944,,,,,0.0,0.0,0.640875292118122,,0.5110803324099723,,0.1212929292929293,0.0018269607203445126,0.9466174177405207,0.9725917698309268,,0.7674556307712004,0.716176231866948,,a171edd02bf21b2bc889ac8ed17fe30fc47d76defd59a637e236ddadf0c76f27,fe62d749e1463b1b2a02805ef816e5e89d973e53a5a2098c5403781be1646e52,18ff26c606000365734be27d88533ef028dd0e144fbc8bbc949b9d925ab5ab75
sunny-mainline-cab-view/0138,sunny-mainline-cab-view,train,907,1387,5898,2060158,6805,2294,0.1107177734375,0.3953792502179599,0.13328434974283615,,,0.8801686553464892,0.0,,0.0,0.0,0.2893810335036911,0.575520293878002,0.599292966662556,0.0,0.409952934662237,,0.1107177734375,0.7830544540090918,0.9038845911218832,0.9867470223643997,,0.7335890661518139,0.9149942000235362,0.0,461bdcfd80571cea432e10e0947270b1a03bad21b5efa4efc325d700d1107bed,9b93de1d6c571c4679b4c6c166281098003c47dc20a9bc6e8725f6a2cc661d97,4d494aec152e53df2b22b9c272efcb1f48d3a283e0ae50f898de7b2a524f090b
sunny-mainline-cab-view/0139,sunny-mainline-cab-view,train,1944,2413,25817,2038166,27761,4357,0.06442632730165043,0.44617856323158134,0.07002629588271315,,0.27665822201750345,0.6296879798408979,0.35932142212597007,0.0,,0.8140096618357487,0.0,0.0,0.683525249523006,,0.5968223765578917,0.0,0.06442632730165043,0.0,0.8969154686090055,0.9802113553603371,,0.7730945099752439,0.5522212636988959,0.0,ea793969cdff22d7aeff4460d14cafa8007c32c5650e6cd3586775c958a0754c,f04ffab6071b224aa9cf94458c905bf5c66f7c4a9f098d0f1151766a202c3e74,46553f96c7b651ed8c503440e7f32d73efb7c01b7dd1cea91c7ff890d40732c1
sunny-mainline-cab-view/0141,sunny-mainline-cab-view,train,12155,1041,11806,2036363,23961,13196,0.48616110711143107,0.9211124583207032,0.5072826676682943,,,0.6716956946366078,,,,,0.0,0.0,,,0.7227790045863768,,0.48616110711143107,0.4935851485583042,0.8887312618990407,0.9189609118927645,,0.7886412755664334,0.7582233430948806,,2ab1618bf2232f7953374c7ff9fd6dbb5957a1d11d887a1004faeb1f3bfa8241,c5b7bb11d7a16e11ebd4ca5f2cd8e58e6b01971995825dc7db8b90321eab5861,0e2f7a178b1a7a8a6c79edc4dfc77673e37cdd7b4c6b513a856d9ecffa1481ea
sunny-mainline-cab-view/0142,sunny-mainline-cab-view,train,9482,225,19613,2038834,29095,9707,0.3233969986357435,0.9768208509323169,0.32589792060491496,,,0.6377092273904665,,,,,0.19994646680942185,0.6635458307034154,0.13750179108754837,,0.32933996383363473,0.0,0.3233969986357435,0.0,0.9539383690691147,0.9894162776725054,0.0,0.7567198939742913,0.7768917288632599,0.0,f9d4c3db5d27a80539d7e059e63c85bbda048e2f6d73d48e3b0e6d2541a023d4,8fb3a3361b3cedcbd74d9212b40445c40b7c34a84d64dd303f61a4d2c72154c4,227623cc91f567c679e3946a07984ef9ce0d62739c36233e0c4252a5e68ef855
sunny-mainline-cab-view/0144,sunny-mainline-cab-view,train,390,6982,9196,2051564,9586,7372,0.023539352969579912,0.0529028757460662,0.04068433131650323,,,0.6587879872332103,0.0,,,0.0,,,0.05996913353421033,,0.3935256032960565,0.3034934497816594,0.023539352969579912,0.5180381029590596,0.947474108487541,0.9618965015470392,,0.773546597231909,0.7317662122572249,,f6b634ec6548b8bf98554aa0ac61f40eb22ae85f7e7ae26d084ddb9500ae7e5d,d70ab00d52ae34ae6f1b770e428d1e0b4ebbfa4bfaccb7ed34e4430ca49985c1,81f0731dfc74fd87d74f3843eee07e230c738dfdda3bcd5bc41d2f406bd13d16
sunny-mainline-cab-view/0145,sunny-mainline-cab-view,train,18001,943,4034,2045311,22035,18944,0.7834015144921229,0.950221706081081,0.8169276151577036,,,0.6991281965677115,0.0,,,,0.0,0.558132821408467,0.9332524020004566,,0.0,,0.7834015144921229,0.7774653018104987,0.8151076928048603,0.9905649383038332,0.0,0.7920769121004566,0.7429771764754971,,fcdb2f1d198ca40299c924da55b12732604c2030a0db21c6f4a86b3b5c804d35,0f953934d9f0f4da7cb3e46c89d3d0dea61aa9ac24ad33f176a47e6ac7dffc3a,83ad25a21ab3868da88cf28861d9bc33ccd999ec759f490d63109b1ab151edd7
sunny-mainline-cab-view/0146,sunny-mainline-cab-view,train,18814,5226,23883,2020161,42697,24040,0.3925881100932746,0.7826123128119801,0.44063985760123664,,,0.5191074058358086,,,,,,0.0,,0.0,0.4317368565923479,,0.3925881100932746,,0.9576949416442967,0.9747172992687352,0.0,0.689459721960483,0.5782388913080521,,144ac7ace9587dad2bd7d7909441c0b2eb1b7a5fd5d975855c31e6f54006cc89,f882a5279e95b63882b306a0fdd968e9c3131a2864242474a7e561142a4625f7,2e79b56873ba6bf2cc417b9a3d6f0fdc404d202153565b9c784b4f60247e3da3
sunny-mainline-cab-view/0147,sunny-mainline-cab-view,train,152,3,5820,2055773,5972,155,0.025439330543933054,0.9806451612903225,0.025452109845947757,,,0.6476288293649841,,,,0.0,,0.2550921435499515,0.7753477526734743,0.0,0.597972007997715,,0.025439330543933054,,0.9783777669561334,0.965301627502476,0.0,0.677776241183792,0.7357668639648552,,6cf388fea166cff5c1481f523509bf3d72656e5aede0964f0ec6b15e88adea19,7b9aac3b84942b85ee007ace3e8af52aabc5de40a230c86d1a4772b298d5eefb,a7a6664e7fc8054fda4847b8c4803aa53bb27be22292676dcb4ca3544290af84
sunny-mainline-cab-view/0149,sunny-mainline-cab-view,train,0,17,10489,2046998,10489,17,0.0,0.0,0.0,,,0.6538792772666422,0.3955356411027021,0.0,,0.0,0.315508531121914,0.0,0.7396366083445491,,0.6654976850910097,,0.0,0.18878618765259852,0.7442383001946326,0.9656733189242491,,0.7063901193836702,0.6974785294989856,0.0,0f14ff36a7fdb27af6f7ec8cb353e753e159bb3b77aab52a80b13fe6937791bc,95eeab01f27c7865aae27495154899df43286c06b43e8597c1f0977fd2a195ba,465eb2aa621b5b39625a3d1072d7416f00c21eaf7839c3c68ff33ec9b3442fd8
sunny-mainline-cab-view/0150,sunny-mainline-cab-view,train,6430,3081,3026,1996608,9456,9511,0.5128818696657893,0.6760592997581747,0.6799915397631133,,0.4948787061994609,0.636483205180089,0.010517894538695028,0.0,,0.35049019607843135,0.005611455108359133,0.26701115317712065,0.8290888714023416,,0.42006652969376773,0.0,0.5128818696657893,0.6616983573051542,0.7420178348744736,0.9925879669495369,,0.6835490905423972,0.6218958853109608,0.0,d4d60368183c52383216b6039fb814147d7720ff8a5ea3c97e9222f8f0eb8937,a86f9b31137c2cfe325672053454e95f6b6fe1b769e9835edbcd61953940837c,4dd7b8931d488ea5433503d8a25ba11e9f75e2c0796a931360d2cdb1914fc16e
sunny-mainline-cab-view/0151,sunny-mainline-cab-view,train,4338,14205,19146,2028437,23484,18543,0.11509989652153148,0.23394272771396213,0.184721512519162,,0.0,0.674199255890864,0.5404679573818258,,,0.11645962732919254,0.0,0.0,0.7798626171002081,,0.3505603307583506,,0.11509989652153148,0.7654181806384636,0.7313764925440742,0.9878330874953475,,0.7707795284013631,0.6801144850729471,,4b1751c125ecc67afaa53eb1d7655c7a5ec051098de588dcb48ea4bc9cd3c5fc,e80f258a53d0d5624f90e47a73ab2a9dee90a2261893f9f06968830e26e1fcae,148993d21c8f733a0ac929c2a6c1f9d7c7f323d687de8752b3e8ce6601a3710a
sunny-mainline-cab-view/0152,sunny-mainline-cab-view,train,4694,1135,7710,2046325,12404,5829,0.34670211980205334,0.8052839252015783,0.3784263140922283,,0.0,0.693862575861384,0.24022346368715083,0.0,,0.42708706556789683,0.0,0.1302690977311368,0.7557181724364387,,0.7028355855159405,,0.34670211980205334,0.7207755140167516,0.822346621401854,0.9773156564899437,,0.7904555687798442,0.6933535005393074,,7c244faef1d58c7c544581c4aaad579ceaddaf9f4f8593f1c642198319e0f064,e45440ffb717bc4b598004779ea15e237e1ba4c9c73cb27cc0b96794d8e4bd3f,2ff930b8836ef381b296b1182cb1b44d12e78df83acb56f95044607126d26918
sunny-mainline-cab-view/0154,sunny-mainline-cab-view,train,12969,3106,3209,2048846,16178,16075,0.6725264467952707,0.8067807153965786,0.8016442081839535,0.0,,0.6522543805953018,,,,,0.0,0.0,,,0.3438235923785057,,0.6725264467952707,,0.9576779901004079,0.9157648417326293,,0.8573826772129883,0.7261178542230048,,6ba5f4dc3a08179c05592eb64e30da7a3ab0f61eb7a134091c4cb022c307f8ce,dac38095dcbe26280a37351991f196700cc6958b431e99192616e9812ff695e5,05afed07b92398b97dc38cae867bd68ea7b04a9f4971cb74817a63a5054b6493
sunny-mainline-cab-view/0156,sunny-mainline-cab-view,train,8145,3253,1535,2047476,9680,11398,0.6297842727905358,0.7145990524653448,0.8414256198347108,,,0.7054516988247805,,,,0.0,0.0,0.7366082808346383,0.0,,0.6095022158095434,,0.6297842727905358,,0.9166249785194661,0.981140590940954,,0.8383126195028681,0.6735016771090437,,2a9b7f9f2e664a6492b210e6af5c8b3238a3d01e1f1d4f0c3506e92519ad0942,66a96574320f6eba811a83566a23baabbb50e25574efd274b18cda96e0b42442,3bf627781c24e3dbb6f18a6df30bf520775cacc53d915df4e630f3633c8a86f4
sunny-mainline-cab-view/0157,sunny-mainline-cab-view,train,20812,10015,2492,2034895,23304,30827,0.6246285902938263,0.6751224575858825,0.8930655681428081,,,0.5671403189801911,,,,0.0,0.0,0.16638210035422135,0.523630343166767,,0.5726823512058411,,0.6246285902938263,,0.9106744038726388,0.9893865223524357,0.0,0.8100820448090881,0.5704444956934153,,8e5da439095b7bf529ca9afbcfc297a86c96a3820aab657ef461687e06417c1a,653339694928a859f447c43e42320d1cd6503d7f644d3150a77a5274d8828e61,d264032b388852eca0d1e08c52ca5b2b2a682bc91d22b9ec6e083b98f9228d77
sunny-mainline-cab-view/0159,sunny-mainline-cab-view,train,5929,34,23200,2038971,29129,5963,0.20330555841305764,0.9942981720610431,0.20354286106629133,,,0.7185109822290853,,,,,0.39275748351090817,0.3511045399199861,0.3136228931283571,,0.48116860260471667,,0.20330555841305764,0.0,0.9248590680366673,0.989966912742295,,0.8381287131792591,0.719979253588768,,0857b1a64422a748f3a1acbe2298b756354dc4e916a3e35065e7c7c8aa443cfa,4ceae0fc8775704b3c9b4c6cb0569eb7ae7807ab7173d390aef59f35ebbfa6d5,89b26b4616eeea3c97209c9c5888f6ed6a0eb3812d135e0c9cd489cc074178e0
sunny-mainline-cab-view/0160,sunny-mainline-cab-view,train,20545,5012,2125,2040770,22670,25557,0.742179033306842,0.803889345384826,0.9062637847375385,,,0.5936056320610552,,,,,0.0,0.6012746914975365,,,0.6158442559753277,,0.742179033306842,,0.9519551714856487,0.9866770045685123,,0.835496597000542,0.6170320892027356,,3f99be5f7928e5a01c3e2e0da7c216742c167125a2f4df4f9eda959f3e86453c,0a56b4e26f053587a8b41fd98b7616b82f50a413ce7a4279e60244a66493f498,f4ef1075f3d51b9740e417173f1ec458ed186f7dacc8756b4bdf09ceba0f76be
sunny-mainline-cab-view/0161,sunny-mainline-cab-view,train,21365,5582,5931,2035344,27296,26947,0.6498266317902549,0.7928526366571418,0.7827154161781946,,,0.6790473319264395,,,,,0.8048683458067083,0.6608683647408021,0.8516690051793726,,0.586810979692033,,0.6498266317902549,0.0,0.9284678207444781,0.9924711961782247,,0.8231521816753553,0.7690197065341247,,016395879116dde76f1eddcc264a67c3d1fb136d9a0f2d92b33ab41044c4e774,fd25784fc16a2a7c6484ecbbec6bf22a4a6695dd9893e771651938776bf7cb23,80f82733e319fd46f88b1c6e0c4b4c3dc2848ffeb93c551dbd462857229f6239
sunny-mainline-cab-view/0163,sunny-mainline-cab-view,train,48694,5785,10836,2002792,59530,54479,0.7455255301232488,0.8938122946456433,0.8179741306904083,,,0.7315133730400507,,0.0,,,0.8826001827437672,0.629825922095829,0.3768231046931408,,0.6510062728698379,,0.7455255301232488,0.0,0.9139516437028115,0.9931781992831987,,0.8027107781578834,0.7390584160652246,,53c1f0e23c023af87bca8d7c925f1118fa6e03bf34b314ab0e901d159fd525b9,3d556e7e8af20a6eb6d546badc61b9bcb432ea8ba8a43cb477c8d637a41abde1,5f0cb9ddce88ec4661f351371761f17d19385778dd359b29cf843c62232c89a3
sunny-mainline-cab-view/0164,sunny-mainline-cab-view,train,34178,5934,2747,2025385,36925,40112,0.7974521104085489,0.8520642201834863,0.9256059580230196,,,0.7141064847486865,,0.0,,,0.7530374934777747,0.30644367929168714,0.8240507975034674,,0.532396694214876,,0.7974521104085489,0.43586748434407346,0.9364556732669344,0.9948293292379987,,0.8418954372902223,0.7837327995094592,,dc2322339b57aed5805465301755b9054b87fba047b608e05ae4dcf959232006,b8dfdef270b26830890c889e0d2ed1a2810389a780bc38e7fb91325d5f8c46e4,0f61901b0def76fea6e394712b6be210ee9d9e0fb0b5fd0ef4279c0700f438a8
sunny-mainline-cab-view/0165,sunny-mainline-cab-view,train,17741,5565,9243,2035673,26984,23306,0.5450551476235829,0.7612202866214709,0.6574636821820338,,,0.7808503342084404,,,,,0.8725845579009006,0.33960658218271234,0.5269406605710021,,0.7051617507136061,,0.5450551476235829,0.35179620270454853,0.9357215923316284,0.9939474289460675,,0.8520091664112333,0.8550812775456471,,ed03205def575f68a08e90b5040e492f111657b011c4a09ea8773bfee95ae4f8,fa3e6142522787e662d35be413398957686c954919d06b8e8d93c33dea075c91,0189f618e94a79095076eec3b49b23f5c594ae530be4021d921272662ab2a3aa
sunny-mainline-cab-view/0166,sunny-mainline-cab-view,train,17785,4924,3852,2041623,21637,22709,0.6695907533601898,0.7831696684134044,0.8219716226833664,,,0.665826249466564,,,,,0.0,0.6482132674396502,,,0.6847093129214507,,0.6695907533601898,,0.8944614214477309,0.9843755221842012,,0.8167343867569601,0.6185667418494977,,4cb25bc7ad809534409bf310ce0bd9621415dfebdaa38bfbacf278916ddd0f64,7bb389e1d2b5f1a73758fb068f5545e4eea28989d63d1a5b7b38e375565b8f9d,95a60ee02c434f1fe5ab1599c1c4afd3bab783855399f9b9b8e1ac7d6119e86c
sunny-mainline-cab-view/0167,sunny-mainline-cab-view,train,4307,952,1294,2058741,5601,5259,0.657256218525866,0.8189769918235406,0.7689698268166398,,,0.7154116879467751,,,,,0.6190852051532462,0.7726167315175098,0.873306342780027,,0.0,,0.657256218525866,0.48085660948892256,0.8515010515887517,0.9879975604200193,,0.8482757579417805,0.6555299952686278,,ea08f07ca095ed6d035d6f14b8548f69a14bf8d6b49efbbdddf5179bf9ef3009,145a765c10390d86c2b694571a1204ba36f373aa962a6637297cac9712e31330,10c85552a0be8c37739d0cf8a3a856b4435782e94bc73dff7114dcaaa125d1fd
sunny-mainline-cab-view/0168,sunny-mainline-cab-view,train,20084,2056,4794,2041342,24878,22140,0.7456746120145541,0.9071364046973803,0.8072996221561218,,,0.8009176229823847,,,,,0.5216268650466872,,0.8042514931603623,,0.4809275030415802,,0.7456746120145541,,0.9017118097015634,0.990457188523333,,0.8472802407582087,0.7471119146949634,,72b8f6a32917f9b4cd7edbfc8b38900c94a094dd308a81ee17ec8c715bf8a875,a7bcce9f412f7e553372dab86eeb666894dededfe518eb748005bc49ea92f2e5,ef24a35b13ea9fdd414d6a606e992912d57038eff06f7cc2c71adb73b415c1fa
sunny-mainline-cab-view/0169,sunny-mainline-cab-view,train,3977,2119,1642,2060401,5619,6096,0.513957094856552,0.6523950131233596,0.7077771845524115,,,0.7228096317549895,,,,,0.7118055555555556,,0.891794759719288,,0.4957871691103297,,0.513957094856552,0.0,0.931653087030166,0.9900149447373175,0.0,0.8367912504816385,0.7579368842526737,,e50a126b8e9d96524472935c0169644a3000d548dd10622d7dd7837f28b262f3,f1b755542aeea840e9cc6f81d068c5a0f77bd69fcf3208043b1f22f53e24f45f,e2a26811e96606a931bfab06873d053552e30b711e2be4861448edbd03af8030
sunny-mainline-cab-view/0170,sunny-mainline-cab-view,train,7218,2001,1805,2057239,9023,9219,0.6547532656023222,0.7829482590302635,0.7999556688462818,,,0.7569798068481124,,,,,0.5916612057667103,0.041456016177957536,0.8519550815963807,,0.3918014213616232,,0.6547532656023222,0.0,0.9067334538308051,0.9890715647839481,0.0,0.821174715535145,0.7887054889545018,,3f433ab98d445e66fbd4c3879168f0ff099bfa2f2a0555a496a23ef041827ef6,f96927f39200270347c6ed948d60abd05f38473818010a36c3e3d540abed119b,fa30a9c14b892ef0be6bd733f4d9534517dd9fc1789d65e38bc006b35b376b51
sunny-mainline-cab-view/0171,sunny-mainline-cab-view,train,21288,2919,3848,2034038,25136,24207,0.7587952236677954,0.8794150452348494,0.8469127943984723,0.0,,0.6897850653667184,,,,,,0.0,,0.0,0.8185746428936692,,0.7587952236677954,,0.9592178179697405,0.962800778846452,0.0,0.8157968306284302,0.6934784657430968,,f0f37b4a43e03c4b5aef2ec2723b33d29fdeb183e0247dc20cc38fd51708b6d4,1e688561f0f6c93e128b35a18e4349cecaba90e35c912a9a652bd9384b3ad938,4220f2b0283c48c464e1c521aeed1770ba9ef2946c13ac4efdba4eb867c12ea0
sunny-mainline-cab-view/0172,sunny-mainline-cab-view,train,0,20474,0,2042975,0,20474,0.0,0.0,,0.0,,0.6670108637194794,0.0,0.0,,0.003870967741935484,0.0,0.0,0.7975874458286518,,0.4982800448998805,,0.0,0.0,0.8685433699616237,0.9504109800758066,,0.6784458891965036,0.6741124416725812,,9d1f242981192b866b8c78b235337b3fcd78c0dbb947afbb3861211b73247352,54823e8b93148e0ce4a359e420c1811825ceebf36b89d5b5244374b331b7f4d6,cd0f181cc622f51a1fd44e18ffd027b5ab147d0096bbc77a3b37e8b51b32de4c
sunny-mainline-cab-view/0179,sunny-mainline-cab-view,train,0,0,0,2071025,0,0,,,,0.7941071534756496,0.005952380952380952,0.7263222803050925,,0.007747024438340728,0.49583016425816956,0.0,0.0,0.8495801753870202,0.770021197465068,,0.5512414339336754,,,0.2535582816796986,0.8784588422558913,0.9499918347051841,0.0,0.6110193765796125,0.8246909170288346,0.0,2980bdd5ac578120cb35ad4b8b8f5798eb1663f505b1d628312365558c8e6637,b958f784c717606e08ea8407c83378b8f1011a1964d40f3af6893895ae56d65b,04d8a9a414a15b1286a7010de545fc6a11cd8781c30830db3a5cd607f332245b
sunny-mainline-cab-view/0182,sunny-mainline-cab-view,train,0,0,0,2071029,0,0,,,,0.538972692438279,,0.63783835811171,,,,,0.0,0.6322714206091423,0.8596056700858027,0.0,0.0,,,,0.8412907474481396,0.6620479098168154,,0.27765944117278535,0.4102311274828995,0.0,2b635f17ddb2ba61b77fdcac0499ec5c3d70dea1323a289937212955ea815653,0cc8828785c5fe14362b60478de1e5f431604ebe9fa709d1e5d0907e6a301151,eced5e6b782f9347a6dc45720b2febc1500d77eb3169e2b36cc9422052601aa8
sunny-mountain-cab-view/0010,sunny-mountain-cab-view,train,36892,334285,16297,7906926,53189,371177,0.09521154967817196,0.09939193430627437,0.693602060576435,0.0,,0.24779705375245006,0.0,,,,0.0,0.011253453906053755,0.2992241827516735,0.0,0.8180077501709596,,0.09521154967817196,0.47890504097216935,0.8162791841714303,0.9941752304034084,0.0,0.6810639063682963,0.7233158466605548,0.0,e9abfe7bf5161453fc5c6a86049cec52880047eedd0f46a57ab7b1277cc49105,990e88d21ab52552acaf245a584e26ff692e75484c7e5dbc5d5aa50435112742,1b984a16fe1607ecc2fd6e11c3d00d2b3d80c76b3ecf17ad6c101f4503fa4511
sunny-mountain-cab-view/0015,sunny-mountain-cab-view,train,0,1088,0,2072512,0,1088,0.0,0.0,,0.0,,0.9386003960274456,0.6040786016223009,0.8218404517617116,,0.7861178369652946,0.3380114647163471,0.5696192320103259,0.6296610169491526,0.0,0.905169462512838,,0.0,0.0,0.9631642221687906,0.9926997076381716,,0.7820652916268269,0.7798729762373282,,3b93d1d95ac6a5f591a542a124e5c350be70f114e31e6cec7a46e8b4a97b9840,6e7f43a2f7c7265006609bf1dcac3e78460351b2b9e7e5b8ce65afa922c26e46,8fb844f30b33fe709ac011e0388c02f9a13265652a5aefb920b7e22295dea0fb
sunny-mountain-cab-view/0016,sunny-mountain-cab-view,train,0,0,0,8272141,0,0,,,,,0.0,0.40487523438626855,0.14890932787881317,,0.0,0.02880039830338079,0.12346996868773129,0.0,0.33621156542280434,0.7929638419656568,0.355305776614685,0.603185967424378,,0.053990157290359934,0.7360502746176413,0.9900199196718041,0.6007713654108462,0.6142509842731438,0.44252874569493056,0.0,8e6aa8676c0ac48ee943a84156a1b1ed8c8bc794a99c28a1e37f8cb4a9bcdc54,5809f9590cb378ff7d90e63feb7c96aa0cb54028613b3213627cfb731d161953,750db201ed1143b561eb5233a59715fd3892050b82eb22a8cec66772f5c4289d
sunny-mountain-cab-view/0025,sunny-mountain-cab-view,train,0,13,0,2073587,0,13,0.0,0.0,,0.0,0.0,0.7491489756761776,0.46278487013646674,0.5451468966208763,,,0.37564322469982847,0.44576745653116745,0.7576351071621923,,0.4805834621329212,,0.0,0.0,0.9663277038441561,0.9929397218643294,,0.7110358835477318,0.7479698725066556,,0dce3080c760760bfddf50a247fb072413c68e2c1186d80f7d1fa3746e29cf36,cb3329069e4006f8cdcb93fedca0e0e2a147705989f418693e18c17ca5e461a1,eacb4ffcc6581c76e893bf58d8b078d1703f260b8f212989c5dd42d99dcb8b4b
sunny-mountain-cab-view/0033,sunny-mountain-cab-view,train,0,3513,0,2070087,0,3513,0.0,0.0,,0.0,,0.6957247012467824,0.16317276048819673,,,0.0,0.0,0.3498722963439247,0.908777241193342,,0.7336695933744318,,0.0,0.0,0.7858129384342993,0.9902498851479951,,0.6390207513902075,0.6394484360077154,,056cfb32b06947adeeed7dc38c65cb7ff1ef4f3709826863bb10c9849023c213,b6b8af203ee90ad8d28802048e1d366d4baffcc7ce1219b9d6be9939381c8c23,68b9f6cddbcc9ee8b98ef88e2f84e5d35b16495d8059d51f21527a99b03a978b
sunny-mountain-cab-view/0034,sunny-mountain-cab-view,train,0,0,0,2073600,0,0,,,,,,0.8155244447702118,0.35027578976159,,,0.0,0.0,0.3089986936140782,0.8570181027818836,,0.8249846759850076,,,0.4494917477319926,0.9530545799339541,0.9669518885742729,,0.7488323819408407,0.8543298750793987,,2dc7f6d449d2ddd33f5e4373346976cbf0b27a6ad026f19565d15223ed49d7a2,bc7a5b320f7dab08857ca11e167bafa3d56b446389d2893f55a217dad9e125c4,181663d9a94005dea3dcffbdf477a3204efa21ac8b4b6d661084de7e057b85d1
sunny-mountain-cab-view/0035,sunny-mountain-cab-view,train,0,913,0,8293487,0,913,0.0,0.0,,,,0.5969500523126919,0.3634941329856584,,,,0.8617761971548787,,0.0,,0.6965916494878396,,0.0,0.38455211938521083,0.9427019059597015,0.9822878922923264,,0.663859757882592,0.5917815568161382,,8f27f4777b424fca3a01c563f2634f985f97ef3cdac8ad2838d194087f29673c,5be87826e74904d71bbeb42199b5fea86f387e50ebd7ab2b54b927d617c7df54,4dc92d6efdea2c1d794d03d686db36bc61584aa5bdedfeec7188e73a9f0dc8ad
sunny-mountain-cab-view/0037,sunny-mountain-cab-view,train,0,0,0,8294400,0,0,,,,0.0,,0.5879353525161709,0.018923899851665392,,,0.14311926605504588,,,0.5239862542955327,,0.6572297811205949,,,0.6286581101446991,0.9804382565879162,0.9458379607565163,,0.8022504255878649,0.7418765961902363,,0dd350c7fad9d51bd0a73412fd77600d87ca6c0306501e202ac13254700718f2,9d1ce541de7ca4352ba4ff606e7a124e75a471cff72ef71e88ad02a2a9a90ee4,663100e38d8859ec78a1f100d9dcc53ba8e193bc7e3a11c66d6d5fca79f56a7e
sunny-mountain-cab-view/0038,sunny-mountain-cab-view,train,0,3036,0,8288210,0,3036,0.0,0.0,,0.0,,0.6455581273799746,0.05294965180501081,,,,0.883538814114971,0.0,0.0,,0.8911031352803934,,0.0,0.3014318803958728,0.9699076730565588,0.9837407925188849,,0.7510699090421351,0.7452407002188184,0.0,b5c7a56b8478d6e94f292e36428c999f7d2b159ae6eaa12f152b282c76555c2d,2406fe994c566446c5ec634fd8dcc7c1040d065305fbfaa732a7931592324fdd,a302881117180c9abfc37793cb8474d6c35ce249d0d11a9310b0bbefa35ea1c7
sunny-mountain-cab-view/0039,sunny-mountain-cab-view,train,0,540,0,8291831,0,540,0.0,0.0,,0.0,,0.6169799073555011,0.08753940706301945,,,0.5672603258810155,0.0,0.4311101375264408,0.23169958325783657,0.0,0.66592637107099,,0.0,0.5186905926499146,0.9510512268059703,0.9936148831048833,0.0,0.7599837768153309,0.723337841890021,,7f58ce7149cb2d8eecc31b59b6d93c8dcfc39835bfee3b20b04bf3db72ea05d3,78c8b4d93af10de0e8f2d56554823a54f60fac30d234f564b886a8eb4333f684,27f2933676490b43929447ef2d19a254d6c4197f0999d1cd886221a3e1800eef
sunny-mountain-cab-view/0043,sunny-mountain-cab-view,train,0,2302,0,8292098,0,2302,0.0,0.0,,0.020505309410472353,,0.6526414948977091,0.4248180365702113,0.0,,0.0,0.6872607755034116,0.432346021101647,0.8490926297207368,,0.9480114943395658,,0.0,0.6631535240995121,0.950710833853603,0.9935583507953374,,0.8253931066797128,0.7911709111224917,0.0,53014f8bd86d528cd8a95f6cb5412c1b3e34232439908a147b5a50d4322c418e,4eaab9cda8650ba2babcff076fc36d6d2b6939c6b0adc6ec489300cc8289a7fa,5d8e20e77c38bf7e414637cdf5fa04eead6cf5d1bdaca5c7df51ce7fb2c50906
sunny-mountain-cab-view/0114,sunny-mountain-cab-view,train,2,541,18501,2008571,18503,543,0.00010501995379122033,0.003683241252302026,0.0001080905799059612,,,0.4608666386201094,0.21764738670779063,0.0,,0.47590414713944645,0.0,0.3595978249717862,0.0,0.0,0.6932175313114424,,0.00010501995379122033,0.045617123536479724,0.8977276476111776,0.9665687315186898,,0.8115575346624836,0.8113652882744176,,c007047e3e4cafb0e9f7361205fbbf99eba406c2a2d48c27a1e4841c36d6981f,8bf2e49204f95a90068e333f0f27f561c8caaa1d199d8994120b789c9e587b54,8c9ba580aa42a2e5e55501b6c851e19b45d08726aa2bbd99c866ddafda9050b2
sunny-mountain-cab-view/0116,sunny-mountain-cab-view,train,1755,48,29056,1996113,30811,1803,0.05687157717359603,0.9733777038269551,0.05696017656031937,,,0.42793886587630336,0.17266541319724238,0.4731977818853974,,0.0,0.3767653758542141,0.6175006911805364,0.8186210811833722,0.0,0.4716069271043093,0.0,0.05687157717359603,,0.9619363586297375,0.9910027041733994,0.0,0.7889481036891396,0.8810170584037386,,4aac1243132852bdd2e0dabe350ac2bbe6e1bff145fdb607bed02285a2a5b3dd,65c6488c35a0d05cdfd929bc23b6b32abeb819eeb16cdb7a777513f2413a5fd6,7ce6ccc507ced9d4fecee7609e3fa0dcc4a47b0d95ae47bde56d4d3b9ab50d09
sunny-mountain-cab-view/0118,sunny-mountain-cab-view,train,16692,2574,36720,1964939,53412,19266,0.29814596506269425,0.8663967611336032,0.3125140417883622,,,0.4081191206801147,,0.8175587467362925,,,,0.8009578926362003,0.705915784035133,,0.7665468064358849,,0.29814596506269425,,0.975839784837628,0.985631323024451,,0.7583264519680705,0.8467838706756022,,1c5790e05968d7a3413632eca28a9951451130120ae6c3be0d9fb3662522973e,1cd265503b0eb3e1bc1a582b1b92a959765ea51554f6d98ccfd630d4e95830af,bca8bfbc079dd9fbdf18199d52eeb283d1512e4e9a3070c892279620f02fe47c
sunny-mountain-cab-view/0119,sunny-mountain-cab-view,train,2304,334,5334,2020756,7638,2638,0.2890115403913698,0.8733889310083397,0.3016496465043205,,,0.7468402059210864,0.2586140147115757,0.20502901353965183,,0.0,,0.7734024021270743,0.7928926519929032,,0.4388695474093795,,0.2890115403913698,0.0,0.9750578435431532,0.9902737576757649,,0.7778386772631771,0.9174782244511713,,cb92b7934e948289bd873fc48056ab1d859792c8b97117109824dbca1535e0ec,107b44c08f0c38f5a9ba166fba98d478ab8f48d2b62eb4ceded7874beeeec550,1ecf5a3fe49c50813bbaaf47c72106647ec7875072afc7a8dd0dca33f30704a2
sunny-mountain-cab-view/0120,sunny-mountain-cab-view,train,1126,1148,16337,2008919,17463,2274,0.060501853742410405,0.4951627088830255,0.06447918456164461,,,0.5520827996105959,,0.7848101265822784,,0.7064846416382252,0.0,0.6909229545153163,0.8345216355696705,,0.7055908424652754,,0.060501853742410405,0.0,0.9779160950403297,0.9892324779015702,,0.7398212512413108,0.9047299147860868,,dc94d0155312b343e6ff5abae3d13658ce6e2e68d85a1e19ae327502112c7ade,afa9a3373ccf70a0e37bd2feb0bef0ad4e2e5e4244f0bf9b769d466a5ef8f799,48006e592527bcab4696b6220ee1da0cff7d227a6fc595071fc8d15c050a39cb
sunny-mountain-cab-view/0121,sunny-mountain-cab-view,train,4427,94,66887,1956849,71314,4521,0.06199585480618418,0.9792081397920814,0.06207757242617158,,,0.2723218090395159,0.6285714285714286,,,0.0,0.0,0.7616161616161616,0.32981149285497113,0.5265901981230449,0.6074460725740519,,0.06199585480618418,0.11434977578475336,0.9723614506691832,0.9618679340975868,0.02308105206655931,0.6866629605296407,0.6569468965762869,,206009d26edfc8c2e0f344aea9acb20cb6de8131d203ed7cb1f115b94e8ed2db,5bdee5a626c7c04727a5733d8b8237fc2db9e11033168790651924e422071f17,5531d0aff02a40f992785475d216879b1e96416de4a4478c39b265ee59907cef
sunny-mountain-cab-view/0253,sunny-mountain-cab-view,train,0,3301,0,2025123,0,3301,0.0,0.0,,,0.660088964603445,0.497456919456464,,0.5012633538720688,,0.0,0.5563947424562069,0.16225970768167508,0.8401082620857812,0.4648846576345661,0.5094341790770363,0.04473768908915352,0.0,0.2976413383758021,0.895082213976447,0.989987024469783,0.43495567215487607,0.6440516913721018,0.49002334161584216,,e7783e56f279d39cd7bd7290d05da53a477bd864ffc3137b30bc05d962176634,d236923aa8b07ffe4c6528e520bfbbeac87efb2e25dc7e10ca711dd849579f22,874a929143ac4ef4e4e6d08fdb5e4667ab4270359d9d8ab4403119a3fde044cb
sunny-mountain-cab-view/0254,sunny-mountain-cab-view,train,0,2388,0,2024856,0,2388,0.0,0.0,,0.8827308225217282,0.0,0.5056849078056256,,0.7356095425694901,,0.0,0.1719598332936906,0.8170243578655189,0.7449831137282427,0.0,0.6505383074611918,,0.0,0.0,0.8770871919722844,0.9729212044785815,0.14556962025316456,0.6802232777718659,0.4681979102713434,0.0,894016b1cd34242641d03b1e60f84d320a5fef1107813f9d45d43e3c77279bfb,e58a7ac86a7d940965941f8b8a997ab386ddd1d8e2c760f6d3ad1a922a3057fd,d5bc10eaf3d62f04a3da3378e033ad9bec0369de86a2dbcdb35e254f2db1f686
sunny-mountain-cab-view/0255,sunny-mountain-cab-view,train,0,0,0,2025362,0,0,,,,,0.0,0.441855289634005,,0.02381552232612594,0.0,,0.0,0.0,0.9418027339718801,,0.5671703155514441,,,0.6053879071826466,0.8121647670991899,0.9752885379591555,0.0,0.41996447602131437,0.5600902777312697,,0255dda3dea077491f3d1ea3685abea083122dcb6a7cfcfec7f931dd8bf33c61,6f81ab702ea6fe837688e0d536b266216ff00719a04a1013240e8548791bc79d,70f6653f7ba2d37d28c8b02b4af28b8cb7e234b336bb4698f3f2a79645211a76
sunny-mountain-cab-view/0257,sunny-mountain-cab-view,train,0,1046,0,2070474,0,1046,0.0,0.0,,0.49411317888340295,0.0,0.562708866357118,,0.8219581145791265,0.9040055001964356,0.13614374568071874,0.48226824207004615,0.7265471360865466,0.680543039434792,0.0,0.48581387504216483,,0.0,0.0,0.9019289711063361,0.9288190239135338,0.0,0.5169341141278171,0.6994516599164204,0.0,92ee9060e9af4c102a639559aace1bb2646cdc84e4eda9f46917fcf4fa36b689,9e4232334697774902651584966f6f0f60b4cab0365bb281cab51f9bc1e81219,a99ea4e1f98ebf625a4105f3d13cfc274d860441c666757fc0842b4fd3356344
sunny-mountain-cab-view/0259,sunny-mountain-cab-view,train,0,294,0,2030680,0,294,0.0,0.0,,,0.7481874750242622,0.661313815454082,,0.6235910224438903,0.0,0.0,0.2744513510084993,0.0,0.6444188722669736,0.0,0.3118985126859143,,0.0,0.48251547339560996,0.907251456440155,0.9819013323170495,,0.6668037602820212,0.7020938702939704,,40c4d08494b370ed9b2c47cf3957c3cf0f558a22009eafee581dd73a00829562,326e183b830bdf3b97a9e7fd09db82f2ee3f7b37375f658f2543fae198a63fbe,b88ab3096cc2beea1221463ad114dd42053234cbdabb6e204033a4de7c0b8419
sunny-mountain-cab-view/0261,sunny-mountain-cab-view,train,0,0,0,2025125,0,0,,,,0.5900253592561285,,0.7683615016133388,,0.0,,0.0,0.6402148733195921,0.06035102318719976,0.6496860277030224,0.0,0.7198859356504896,,,0.0,0.7742788319223255,0.9882045869202345,0.0,0.7329782639988485,0.8734721045625076,,c907f3894e962844d9db2c4ac28771860d430f48f3489ad03b70394d0429251d,132f4b9ed27aee03a516e67f090cd554bfd2ca10d3badbd46ea294949133e32a,a353a04e581e16618c9c733eae2bb7900d0a4d5317578c14593abec15f683744
sunny-mountain-stations/0228,sunny-mountain-stations,train,0,0,0,2073600,0,0,,,,0.8918547811281375,,0.788086855488022,,0.0,0.8038444751321918,0.4864406779661017,0.20497954295978446,0.7644724734495504,0.5676051882315722,0.0,0.7003230506112624,,,0.1656188252200467,0.78101082534648,0.9866827327008578,0.0,0.7400725643297832,0.7773484790729588,0.0,8fb67a7950262b0a2133f19fd631fd9df52f83e1660f0a811abf3e9d0982f269,ec207ecc709b6c73bdcb8ae5392436a9335a1a7ac9f52fc8c883e1e0792f1725,b68eb069ad0a812b9a692401de1955d5a7c62f8c3a667e18dce818a0a155faba
sunny-mountain-stations/0229,sunny-mountain-stations,train,0,3031,0,2067025,0,3031,0.0,0.0,,,0.3201139871764426,0.7581410985828075,,0.0,0.0,0.19431474869541335,0.6493411631977088,0.8966908194517069,0.7701251908955401,0.0,0.549638872349789,0.5704088254380273,0.0,0.5161064306099082,0.6963103235433359,0.9858622748989342,,0.6248702285071087,0.7646569663772025,0.0,0354800bf80455fa7680958e010518b436ea155dca8b0abbc8d1e10092f0661b,21a10b8db464646bdbc600d69546c1cc56b0319f1c530ba2a460d772ee98d838,a4985ca97dad3c96afc77fc44e15f1a686392cff23bd9c3911ab650f96197191
sunny-mountain-stations/0243,sunny-mountain-stations,train,0,1935,0,2071398,0,1935,0.0,0.0,,0.0,,0.07285386037351209,,0.0,0.8859381177348856,0.0,0.0,0.0,0.006802721088435374,,0.42288283328745757,0.822892498066512,0.0,0.0,0.9263558678339888,0.9891771186237055,,0.5261035653650254,0.6999381964603427,,d048231d419c08d7176eaceaa89f964709a5a5de28918f80af2d6d5cb56dc892,502b0c205ec3bdc1f0c021c084674028a122fd08e58a52be0230cdf0b279cf82,3711028e94ada6ab87c03edd3ec23e11a5e30901345fefd89bcc14b9d5a8a3f5
sunny-mountain-stations/0244,sunny-mountain-stations,train,0,0,0,2069086,0,0,,,,0.7905057965594615,,0.626713624766532,0.06321452589105582,0.383248730964467,0.779234389211848,0.052218782249742,0.0015151144888932333,0.3203563967298501,0.4970204188940496,0.0,0.6993981336621818,0.0,,0.4263021396153015,0.7942952569192092,0.9855945794965131,,0.5405943322565335,0.4853248534281933,,8d1edf47c4a0e099e6bac09702b9eb61358d689387405e5915c4b761311fb755,cbe5a7aad07765b9159ea13722233c52e6ac593f5b2ef4c85ad81fb8e95b617d,3c41141e8442f0d0f5a55a6eb119b0078f7bf286f1a7ecabf0d3fec31cffc4aa
sunny-mountain-stations/0245,sunny-mountain-stations,train,0,0,0,2073600,0,0,,,,0.8180553847318278,0.0,0.6774981364510181,,0.0,0.03222977417233063,0.13333333333333333,0.661830565574821,0.16819493971811852,0.8991519531897924,0.6901251531919634,0.42261295511039626,,,0.00015199416342412452,0.9075255666771924,0.9939857931300455,0.31362467866323906,0.6321599338855984,0.4912033612916424,,ede5e722aa51b1edf1b7f3550819d1fa7c743d02958fb765bf9233ccf1ea1020,69ead58a4fdecf080f2676ba45496e4a341a37ff2c77cdab2980a0c51d66786c,c10512060e673916bb15fffda7ab541d874aec5c007037c6c08802bc18aea55c
sunny-mountain-stations/0246,sunny-mountain-stations,train,0,2721,0,2058675,0,2721,0.0,0.0,,0.819440353460972,,0.590308818493943,0.0,0.0,,,0.0,0.3788639963792713,0.37947321533625805,0.9319111261014377,0.013472752865473557,,0.0,0.6072650861844774,0.8199099025092929,0.9825685592361885,0.4276522519826425,0.6227808513712193,0.617832600414028,0.0,90a65adbb644d54e42c7e51d5cebfa0b1e554d4d34f442db24481dcd7007c74c,f28cde20054a844449d19347046b0f78cdc41f588971b90550e6eb1e24b0b791,f76fc25fb1a78f5c94800aa7bfbb265eb69377a9196a328f5798c6e5bb3059df
sunny-mountain-stations/0248,sunny-mountain-stations,train,0,0,0,2073600,0,0,,,,0.5974021463550169,,0.8448897795591183,,,0.4316690381633997,0.0,0.4275583034050098,0.20925451616918708,0.8067293560679959,,0.13801896368182606,,,0.35044790847556934,0.36902414982750126,0.9677526834810706,,0.6927663713445964,0.8130222257836573,,c489b83cc8d5e13b9e9ee4f588ba23a86a21404337b41cc01afb90627630275f,df85d99031750be49655b3810901e2b76cea9b2d757a8a512290c89d7f58c9f9,c0d4d409a3491078d003d56c4ef29fe960467aa11166719a6efd773cea80a137
sunny-mountain-stations/0249,sunny-mountain-stations,train,0,0,0,2073600,0,0,,,,0.8117567681538331,,0.783942564386118,,,0.9103429913102413,0.0,0.0,0.8630296079612679,0.861134693239433,,0.40140857316755063,,,0.50135189731796,0.9317759209443929,0.9874507500029228,,0.8192012329604337,0.7496095007103555,,408760b135c0da743871d600304812e352ac956549d1987597238245735e8672,448ef85ddd524b1eda5440923343f04ec073449229c9e9252594792fd04c0401,e59ac992eb16780e23509277f0a322ef98641a80165b173a61e7f4edd997eed5
sunny-mountain-stations/0250,sunny-mountain-stations,train,0,0,0,2064811,0,0,,,,0.5274807667231712,,0.7463575121416262,,,0.8473070166818171,0.0,0.0,0.8901648425686095,0.911332465845015,0.0,0.7238819548051381,,,,,0.9756509960956142,,0.7858368047047293,0.40578602081586346,,0956dd0c21f6af0a1387e957effd77c906124754c421ea783a885ae3ce8cf3f2,f0b4695f1246bc1987be1637c4da90f95bdf51ea6471608cf6996822437cf2da,b482ad3bfff14348b9a5e30415a3aa67337d1b73f40aa2a55d88ebdd216db09e
trackside-maintenance/0000,trackside-maintenance,train,0,1041,98458,1989461,98458,1041,0.0,0.0,0.0,,,0.8864457914834092,,,,,,,,,,,0.0,,,0.0,,0.48535150201300714,0.0,,e41473adaa20b0dfe8eecc7e6000f550ae13c68770e4946667d4c938e7a89230,6eae10b192e629c0f36ad37a409384070a694a94a460f980f2382eb5867a7dee,3eac02a147e32808ec72c632326458b835490c7385f52b46f3c7a12bdab4fcae
trackside-maintenance/0052,trackside-maintenance,train,1174666,196670,2760,714864,1177426,1371336,0.854864580058453,0.8565851111616701,0.9976559036406534,0.0,,,,,,,,,,,,,0.854864580058453,,0.9273885784380537,0.0,,0.8720290495980135,0.6995111582610819,,efc1a697946924df5b504e34114d2f5a5bdaff8ab191a9dd2c8d978a19525204,b08d2332f951a48857173d7c6d8c0dd3acc61f0b77d72fa0e07f8bd050dab3ed,d480c6fdfa8c8097adacfab0472d4e6f9691fd4aeef145885624ef891ef13ef1
trackside-maintenance/0055,trackside-maintenance,train,1149665,92073,31131,816091,1180796,1241738,0.903207635664,0.9258515081281237,0.9736355814213463,0.9068747807786741,,,,,,,,,,,,,0.903207635664,,0.921740233384069,0.0,,0.8829299733538747,0.8345533325674145,,28f3b3d7bec0bf474a3fc09012c7f4ef1b0b5a4e37e51acf00fbc5bea657569b,3428e465d64a4a778d06e5751cb25564677eb49240c8bdb9097a7c35e58ef4b5,ddd4619a8cc039a7356460590a4d56630f44e6a29f4bfaec7777894fc51e44f9
trackside-maintenance/0057,trackside-maintenance,train,790576,4355,19330,1274294,809906,794931,0.9709122750567692,0.9945215370893826,0.9761330327223159,0.9468422776717234,,,0.05041774704696053,,,,,,,,,,0.9709122750567692,,0.9543689045936395,,,0.9106927355950842,0.965165735769444,,76a244cf235702a8709bcd5845224a9a5785c3cd791a1fc89b4d54cf065746b8,66fa21d4235bc5f70ab93c1c782cbc4076e5734ed8154dcdd313d55669ac501b,c6062bff3366b62baabd21059666db8676ca5865c0adaa055dc87ffb5aa15493
trackside-maintenance/0058,trackside-maintenance,train,1295571,38370,32486,722533,1328057,1333941,0.9481450527543732,0.9712356093710292,0.9755387005226432,,,,0.0,,,,,,,,,,0.9481450527543732,,0.8448351058476197,,,0.8794956075703083,0.9145161647989001,,527bd4c6f5b48a8fa052db415d684acdb3dcbf8021025486fa219182ad9059ba,008176814841aa702e3ff2dfc230737e3cb33c8e155dbc245a12048e5f4909f9,fdd201687a1eae52bd898e76b1155543f4d3a9075154aff52424227feb27556e
trackside-maintenance/0059,trackside-maintenance,train,1214988,46031,39016,788925,1254004,1261019,0.934580992050214,0.9634969814094791,0.9688868616049071,0.0,,,0.0,,,,,,,,,,0.934580992050214,,0.9328772818322688,,,0.7576890765353381,0.9455675964958782,,8f38d8ecfaf13ea9265b15f72d8c2a5f6320df894c563c0277971f5a71223076,1f8c92d4ffcf481e87a310434020e2a207908305a3e4385ba8853f7e9a504821,816b06fbf48b384a26c7d7284f62334d1fe015be8d88fa1156b01b973b9308c7
trackside-maintenance/0060,trackside-maintenance,train,1398933,73023,13277,603727,1412210,1471956,0.9418946387536501,0.9503905008030131,0.9905984237471764,,,,,,,,,,,,,,0.9418946387536501,,0.772764063132335,,,0.8342840399964395,0.8899903654761264,,af2519b33d6b5f52478d8c41669353834cbc46bda125e944b6f0f559e55e7d51,4e3ca1d512b429bb6d50e227bf926a6266bb4b32e6713b6ad6596226cf0f24a9,a3daf28e080f9a7429f3ed4323af990d02366681e306fffe7bdea3881ead5b8a
trackside-maintenance/0061,trackside-maintenance,train,1667214,116325,1492,303929,1668706,1783539,0.9339972246980585,0.934778549838271,0.9991058940280673,,,,,,,,,,,,,,0.9339972246980585,,,,,0.7571382259794021,0.01490162037037037,,8bdf064f89bd89d79af62f1c4461b3024cfa2110a8194ff5044d74f7f592fc74,742cdf67e16935b556c2f1b64a61a037554ae04c5dc6242622296872e46d66cc,2bb97c02adcf0d26c40d038ca8bbeb502a2a880430b98b4f605ec1c7f5038e85
trackside-maintenance/0062,trackside-maintenance,train,1902163,31507,293,154997,1902456,1933670,0.9835570794270625,0.9837061132457968,0.9998459885537432,0.0,,,,,,,,,,,,,0.9835570794270625,,,,,0.835946390529353,,,6f1c22c5a26f9c6f9349d1b7472ea93537d6383a9cda356167f51397f8e8f989,23aa6346cd5ebfff7f9a2b1565a4e7ab2291ccbb4a27de12c6b65e4e02e946a9,af0bbf681e62ead87959dc5c3ad8171a54b2a3f9394899b4523d9bfc9046f1fc
trackside-maintenance/0063,trackside-maintenance,train,1329509,53446,6875,699130,1336384,1382955,0.956598288999374,0.9613537678377099,0.9948555205689382,,,,,,,,,,,,,,0.956598288999374,,,,,0.886576255531077,0.9453904311953147,,f25b27c24e3ff91436c5e3877a5df281c4dd826a5c70266f8b58faae4174a2e4,5e60d85a56940e8ccaac6003a40470a5f53c4dc940d8c77d3d16bdcd21c01a28,6214932b1f4fa4959089520af13bdc35c376cdbcdfc4df5dd85bb4cba5172b1f
trackside-maintenance/0066,trackside-maintenance,train,1292079,45460,5631,745790,1297710,1337539,0.9619623725961718,0.966012205999227,0.9956608179023049,,,,,,,,,,,,,,0.9619623725961718,,0.9351888111888111,,,0.8945449539841107,0.947769782477199,,6223c858287f0677fdc6d3b7cc8038c3ecc2f0d657d409ea0818439bb88d0fa5,43a4179d47c711e75f6cf339d73d705cfe9ee6c9dfb53df5c804231ca8dcc292,2a4937eea37a66876e62f8dfe6d72b65d83bba5358c011d0d24bbcacbd98f38b
trackside-maintenance/0067,trackside-maintenance,train,840428,35117,17295,1196120,857723,875545,0.9412974329107119,0.9598912677246744,0.9798361475674547,,,0.024582645386167674,0.0,,0.8241120342488119,,,,,,,,0.9412974329107119,,0.9792096504762755,,,0.8684070102014125,0.9493776255814134,,0500732a4422c6db9e57d541c1a7f0c06c3e10fd30ca7e04d1cb512dcd29b739,2f621dbe19011b469c294190d6d920e3aa75422da05c80a309ee6fbaed7048b5,cb31eebb3d7f7b25737ca3333381caad8dacbfc221fa3f7d8937c9966b36d213
trackside-maintenance/0068,trackside-maintenance,train,1043196,47510,10802,987452,1053998,1090706,0.9470616645544109,0.9564410574435274,0.9897514037028533,,,0.0,0.0,,,,,,,,,,0.9470616645544109,,0.9749118862008588,,,0.9027484882223241,0.9348464940874397,,2002370858caebe870952bed7a32a15d4c1e010a5b718f1e3c6e2a619ef1550f,8609c48f75a7d2884ce4ed65218ab5c43be51c427faa25d314e09ce0ea303303,0d315282117bdbd58a6ebcd517a7070c48ebf2a6004c7a8254d3e187814df549
trackside-maintenance/0070,trackside-maintenance,train,1874690,55369,674,158227,1875364,1930059,0.9709732003337592,0.9713122759459685,0.9996406031042507,,,,,,,,,,,,,,0.9709732003337592,,,0.0,,0.8833974763583147,0.0,,8da8ac7ad697e79d43107c8ebe4903d9b515079f50e3b43f871cbcaca0df5d1e,b594ea4ae2a8c778d1db9fc49967f5606bc51cf59cfdef65be52b10f58ff4011,7bdee6d2157002ca5bc171eb9c435d3a34a666f850a1a184f94b9b309da86481
trackside-maintenance/0073,trackside-maintenance,train,1549847,58871,14552,465690,1564399,1608718,0.9547684611925311,0.9634050218869933,0.9906980252480345,,,0.0,,,,,,,0.6765561018677789,,,,0.9547684611925311,,0.008373353035340475,,,0.5226455021555018,0.4470973823257262,0.0,5652f16f45d364803ae0cb7862cfd6866fbbefdeeefdf76929de1dbf58fe7814,d8e53f588fe1c75d94555ec5614504bb322ac9ecadacaea8932c5bbf08610032,0ea83a72706fd4f4c62005067405bbbfecf811b81d94cb6724fc95a35a0bb59b
trackside-maintenance/0074,trackside-maintenance,train,1297844,205154,48699,537263,1346543,1502998,0.8364029833143971,0.8635034777158719,0.9638340550580263,,,0.0,0.0,,,,,,0.7329856333791956,,,,0.8364029833143971,,0.03166480473770827,0.0,,0.683926033853183,0.03307536735897072,0.0,093b845a2d8a639e83ffa1ecf5fde92d921664c2417e66a25b10d3dca8f6d55f,38c932592ff33a4d70acc23ed4568945de39640d595c56f80f8beb4f6d5e6c94,1ea08841a7d205c09ef169d871cbfaea88aa678c29a7544597082ac267ece997
trackside-maintenance/0075,trackside-maintenance,train,1444964,79064,63210,501722,1508174,1524028,0.9103637891733943,0.9481216880529754,0.9580883903316195,,,0.0,,,,,,,0.8125344192921944,,,,0.9103637891733943,,0.0,,,0.8347716562964376,0.013889023691898554,0.0,03904f8a2512daea1c39d2cbdedf3303eb95dcf456e4adbc73e729eb2d9aca10,93f4f3be37fc1a22e66838092bfa5c7b4ac1b906ac2562c03fc4232dca424e8c,3543e64e36b743136f1426393f40f3b5871ba1ed820dde9d49e8ea310a413bc5
trackside-maintenance/0078,trackside-maintenance,train,1287376,45916,9622,746046,1296998,1333292,0.9586436659383997,0.9655619324199051,0.9925813301177026,,,,0.0,,,,,,,,,,0.9586436659383997,,0.8930532212885154,,,0.8474836641816154,0.9588453986918997,,9072ecd1d6bd9a6ade7bbf9d4ebfe4912556baadda2bae4e1a66249b89915dc1,1eaf2cd3689a0fe9c0ad5ebb222ac03c3cd690d88a9826248a162160f7faafb8,715816a3267e28e56b7988e65d60e6bb93a18f5541dfbc69bff77819a56d3019
trackside-maintenance/0079,trackside-maintenance,train,1299899,76632,17117,695312,1317016,1376531,0.9327312205090525,0.9443296227981789,0.987003195101654,,,,,,,,,,,,,,0.9327312205090525,,0.9265114034029203,0.0,,0.8714896188293259,0.8745049744035546,,7245d072113222a13b028579251a425ef833a8850f977f01ffb13f42c5569754,269024024b0ab056a42083d816412308ea4b46b3c9fc0d2596969ddfdd07ad7a,b3a539b2eab5ef8d780dc418b9c5533dd2dc68be11929fd1de58d79d4c865e5e
trackside-maintenance/0080,trackside-maintenance,train,1183478,120718,14481,770283,1197959,1304196,0.8974737558932172,0.9074387592049048,0.9879119402249994,,,,,,,,,,,,,,0.8974737558932172,,0.9459271796207092,,,0.7877061332134105,0.8470460266091334,,045d4791802edd4766cb20165f7f89e48500708e9eacc4fb3176b9cd89733d49,768207717996a901fa4c5795e878add2eca0a4b7d84e38ba927111d2d2b9c794,235bd529a59e9703e8b01d213b07e97f41e8f76bd46d71546655c0819ed0e923
trackside-maintenance/0082,trackside-maintenance,train,534595,66936,105668,1381761,640263,601531,0.7559329128010644,0.8887239394145937,0.834961570479631,,,0.7270933850385535,,,,,,,,,,,0.7559329128010644,,,,,0.7737155034510532,0.0034899105790311344,,65b79e130b09b882fa33f7676d2436a802b097d73fc606fa0428a40aa7592ed5,c18f270edeeac58e89a27f4e92db3c606d1e98ed7d9605fab190e4b2e8bbe628,b10d615f55c50fdd73b61fd2c0cbb26988b59ed2f247828278241013b2855850
trackside-maintenance/0083,trackside-maintenance,train,1596740,122794,876,368550,1597616,1719534,0.9281159723554269,0.9285887920797147,0.9994516830076814,,,,,,,,,,,,,,0.9281159723554269,,,,,0.7854972751238312,0.6658573950976319,,f93539c0825969b6f96f386dbaa98f06caadbcb1d80a39102a077ace90560d5e,82efdc0cda609b8ffd12a935a3354e0d1758ab9a02c528ae1bc2155d24d0c3b1,a1aea183ab31d5de951299c52387fd286b7f85e496db20ad73f7813e441997f9
trackside-maintenance/0084,trackside-maintenance,train,1392424,98374,7563,590599,1399987,1490798,0.9292980797017542,0.9340125221525652,0.9945978069796363,,,,,,,,,,,,,,0.9292980797017542,,,,,0.9454064899486824,0.7900404445470737,,78b655ec93b0e9575d9bf363a03233ad6e48a40c1e428e86125f919cccf38ced,11dc7abfc6839ef76f71e2f504f39513075773ba30a0d472935d77b70c7329bf,403656cf18b0619a67bf53abaed8a1b08959dd60c89556f4631b5d35b3b3474e
trackside-maintenance/0085,trackside-maintenance,train,1319976,57802,6518,704664,1326494,1377778,0.9535359489588932,0.9580469422504931,0.9950862951509769,,,,0.0,,,,,,,,,,0.9535359489588932,,0.43824485373781147,,,0.8736880504455677,0.9390243394529038,,1fe7cf2ae2eef9be85f098226cc6e927e226f7e34a356079eaf30f81a5517c08,a0af4d1a49f7b2bb75c996039450d8507555a89e47ba27e24fb84a3b844237e8,1909edb705792d52efb8e22feedc1e48b4586856fc74edb1be58b2d6bd1b6bc4
trackside-maintenance/0086,trackside-maintenance,train,839598,33342,15089,1200931,854687,872940,0.9454623666569447,0.9618049350470823,0.9823455838219137,,,0.023439427584505304,0.0,,0.788551796067364,,,,0.0,,,,0.9454623666569447,,0.9568255145353824,,,0.8954914222522338,0.9442514704417814,,9db552632140a4fe745fdf61a0d0fa31fc4952af06addd32095a7c1372bb9d8a,6dd0b988989fc57ccdc706b72227722a022ce5b835a5c0aa09bf7a6d9889b5eb,523c99ee82739e4fc31869e58b358842916a14419d073ec20749d6699e49bbe3
trackside-maintenance/0087,trackside-maintenance,train,1007571,58517,17147,1005725,1024718,1066088,0.9301499674585847,0.9451105349652187,0.983266615790881,0.0,,0.0,0.0,,0.0831768474538827,,,,0.0,,,,0.9301499674585847,,0.9650759995113694,,,0.8771801360858823,0.9197865310317016,,95207ac84f3acc3ff5c55764aa554bffc9f0a32f4cab08eaf951e2fe43877d51,f2fc551dcbe79800027e1f2d41cae50208e7b13341f380e70dfc14418cd942c1,929355bcb29868f86b5e824a3c5a4b688387c5bd462b284f0c2bfb23ff26b785
trackside-maintenance/0090,trackside-maintenance,train,815361,37390,13886,1222323,829247,852751,0.9408333592957605,0.956153672056673,0.9832546876865397,0.0,,0.1472107438016529,0.0,,0.8585628549994642,,,,0.0,,,,0.9408333592957605,,0.971968984278773,,,0.8995692468346169,0.9370881393497635,,0a5483a0127931090560f2cb06532b9de62ff8978b5d2d75fc73f10c9e628fb9,3d8ae1b13c7b8c3541544116e3b1dee27d82e71568a1ed54c03b6b6fab6ddd84,8650473d2ab861a87e5eaa65dc1952864fa1c669da4d466875fc0e46265fc06a
trackside-maintenance/0092,trackside-maintenance,train,1305525,57243,7816,718376,1313341,1362768,0.9525319134033375,0.9579950512486352,0.9940487657051749,,,,,,,,,,,,,,0.9525319134033375,,,0.0,,0.8118324021812378,0.9552449354919609,,b46f2ac36452a0a15ac8e7c69746492ff0b596b959f253d1612c3db9998b2895,4fd4cbd8ce9ed83ac03e762814e76a63630fbe7269c9766c1267d2a94ad2e985,fb91f64b52cbef8eea5eae9c95ed2bc325c630a6095477ad353eeb6f5cb6c09c
trackside-maintenance/0093,trackside-maintenance,train,884392,54726,9582,1140260,893974,939118,0.9322146094655844,0.9417261728558073,0.9892815674728795,0.0,,0.0,0.0,,0.5910094637223975,,,,0.0,,,,0.9322146094655844,,0.9740657733601246,,,0.8455784298575459,0.940690661351883,,6259e3456d036d7371c800562ffea682d470ccccfc442c166f67ae5f354b645f,df9edb6931f521320ae96f20a6f60e410e0d6a5d2669dca96c03092e76f48260,f5e679e9f9f1da784d98fd4374f379ccb4bd50cca6eca042c27a1800da7c02c6
trackside-maintenance/0095,trackside-maintenance,train,806365,26585,20189,1235821,826554,832950,0.9451742330382271,0.9680833183264301,0.9755744936205015,,,0.12395449983271997,0.0,,0.87227024092864,,,,,,,,0.9451742330382271,,0.9737953435656485,,,0.8998740554156172,0.9382851771696566,,2c0673f9062a1f999a14ea9f32f3a730731ead900fcdf51751a187ad746dfc7b,bbdfa9f6399575802bf5afbbe98eb2dcb7585313171454162b522e900c9f1c5e,f0d4cb4974f018516c80be11ba87187740940bcc1634e0211761948022cac0f4
trackside-maintenance/0097,trackside-maintenance,train,1544582,88174,15191,201230,1559773,1632756,0.9372765022176077,0.9459968298998748,0.9902607623032326,,,,0.0,,,,,,,,,,0.9372765022176077,,0.8897721250662427,,,0.6770308459074794,0.0,,069e56fc048051d80ef3d6c175598cb6a1df2596f82c85bd8075f4b88100565a,4d8fc7a5057b6825f2df28ce7b288ca212a7e1a81e0260c08c4b9cf2421ed1e0,c9bf770262de5fc2d9a2140a136655a8dc65befec53732c41db01c9999947c9e
trackside-maintenance/0098,trackside-maintenance,train,1725734,58769,11173,293284,1736907,1784503,0.9610497662161771,0.967067020901618,0.9935673009550886,,,,,,,,,,0.0,,,,0.9610497662161771,,,,,0.8084036670948251,0.0,,fc04d89f6819407752a53d790ea973fc002344aa19eadc04b345225545c7ce53,94fe3c588358c6ff8a62bacee27373a7c513eb4df5684f7c8ebbf38b5be28c66,824c33225fb05e64f20de7abc36df86160cc49b11390e27e03c1fab202043918
trackside-maintenance/0100,trackside-maintenance,train,1136338,121086,1099,241477,1137437,1257424,0.9029139713775592,0.9037031263917342,0.9990337926408231,0.0,,0.2795771313585654,,,,,,,,,,,0.9029139713775592,,0.0,,,0.6544185912958584,0.7707994032873937,,295de469c85a2cbd063ed52a760230d5847fd6ca3ec792d4228e881a1fc88163,c20e921d0e7477cf9902bde354d8ff7d36f6de0c1f3d07f5156553727adeebcf,667bb9710c7806843591e9b24a2d29ca8646550bd5a4aba741075b8308f635d3
trackside-maintenance/0101,trackside-maintenance,train,414528,53541,21218,176713,435746,468069,0.847208284708157,0.8856130185934125,0.9513064950682278,0.0,,0.436084142394822,0.0,,,,,,,,,,0.847208284708157,,0.31664282308059133,,,0.8929737779905325,0.5700960694041568,,f18cd13f8be6e6da511d8cc5f6ff2f0e8e5ffa3cdc730d55f0752e075e4be9a7,d70fbf50bcfb39b15a24b90fc58a5a1548d92a3c9a6934b757d381ca30e63faa,d691d37d4e550f89d67fdbfcf9e39641c5b2125319f6e5424274f5797f9a0b52
trackside-maintenance/0102,trackside-maintenance,train,252596,14064,148237,1085103,400833,266660,0.6088161640117908,0.9472586814670366,0.630177655033393,0.0,,0.6204322070083366,0.05047560601411476,,,,0.0,0.0,,0.8904133851294707,,,0.6088161640117908,,0.6447978182414699,,8.128759551292472e-05,0.6986054353408812,0.5682893242416804,,d32849c8bde9dd413c6d0ab82ca84e62323fed3319cfb99825a11f91ac7baef3,2dac0597829fa4f2262f10ef40bfadcec5e8066ba8418a99102ee49d9594cb56,7632b0a1386b38057631e5d4b3f1c288f0d058a038a1eb8b450507899be083a8
trackside-maintenance/0103,trackside-maintenance,train,740008,354050,40404,954498,780412,1094058,0.6522986226070154,0.6763882719197702,0.9482273465810367,,,0.5667388714951287,,,,,,,,,,,0.6522986226070154,,,0.0,,0.8893540336686833,0.2889432119719068,,bcd725f20e45aba176964b9c6318633c2f7a70f7664784eb0dfc98abf0940141,e5199e21c5930fc2d5d9e32f952f30d09cb9eabafaa1f28946192d0c93d80709,a86b0ff2391ddca6e351e8ae66227b00ea2fed44e3385792a4a6ae4f0a1feafa
trackside-maintenance/0104,trackside-maintenance,train,120751,2272,14604,284873,135355,123023,0.8773787120259833,0.981531908667485,0.8921059436297144,0.0,,0.0,,,,,0.0,0.0,,,,,0.8773787120259833,,0.986691328103408,,,0.9264108841850808,0.8552013989017394,,8af545cd5a93e866ceeaf9e8b89657bd1753fb543ecfc98e2121144440cb5e5b,44128203bd74b7e69abd931e02769a870f0f033c4b8a9c6b7e41decd53e337ae,5ae846d1088d00bf4dbd3eeba980814c48b7c9ce8d89dbfc71421d4907d12260
trackside-maintenance/0105,trackside-maintenance,train,195547,23594,12004,555287,207551,219141,0.8459927750978823,0.8923341592855741,0.942163612798782,,,0.37665597282506136,0.9196593563683275,,,,,0.9793102830847463,,,,,0.8459927750978823,,0.0,,,0.882289585845661,0.8195157771601539,0.0,d1ad562afeae01ddb70bc66ae877af92f08918967c215ffefec2257c3ad76fa6,5cd1dbead77c080576228588561fe2ea06379f9688fb892b1447d06414f13aef,8f6ef95e75b42003a17116433374c630f5579817eba92b2dfbd1680e46f7dceb
trackside-vegetation-closeups/0012,trackside-vegetation-closeups,train,0,0,0,2088960,0,0,,,,,,0.6870348126753132,0.44604904599685674,,,,,0.7128733454990644,,,,,,,0.4770672128167844,,,0.8342156622602896,0.695345574710852,,6d411277b073c9f8148657c867b1259110caffbc10996436432e2bbef233e3c7,40d1f706fe9ff7aaec7e0b724531adee57bf3bb126a5da404cc86ed0ebfca460,3cfe32fa21a632f6e90134fa020a3a20f3fce9ba52a4b51bc57320a31eb48008
trackside-vegetation-closeups/0017,trackside-vegetation-closeups,train,0,0,0,2088960,0,0,,,,0.0,,0.6576480014984859,0.470803668344715,,,,,0.5486298953310597,0.0,,,,,,0.026603719551228058,,,0.8008836178691181,0.6412569485433387,,028a08528e4e767ba7b3c0cf28e85786354503f78c2dd0a447f206796a58013d,a5bb98361d8c5d8e2bd93d102162e9cbf214e4963de765e5d89ec12348a94499,b9ddf109d97fca7bb4b83f5941fc96efdd1e4cf8ab5f25febacd7614dceeecdb
trackside-vegetation-closeups/0018,trackside-vegetation-closeups,train,0,0,0,2088960,0,0,,,,0.0,,0.4555173051315115,0.5083324763893298,,,,,0.359327665396267,,,,,,,0.22554396962208426,,,0.6925229350693602,0.4171714954429997,,c63ccdb72ee621ea3abddc87464bce0d0d17c15f939a53a7189ff1ec3c846dd0,4c83b0b3a6aa5d6b746cfd84398f59574b1d3de5dbf1d58a5a038057eebf64fe,b2973ebde54e374feb63495719a863d84f71e907f9f18d34cc53fc513d1d5bef
trackside-vegetation-closeups/0019,trackside-vegetation-closeups,train,0,0,0,2088960,0,0,,,,0.0,,0.4758915177080835,0.408509415872598,,,,,0.49443324853810827,,,,,,,0.2592879137995522,,,0.7166675693729802,0.31994441977395466,,0f04b3c645dadb7431f751cf0813b5b34e40f34c8786fd50a006d9a58a70b608,6413c339aebad555f98f05dfecfcdd2819360be120b621b2087ee6bd8ad47ab2,8ece26e7132b04b6cfb6d743e6d46b85f60d9324b74cf796f34c86985e4cf609
trackside-vegetation-closeups/0020,trackside-vegetation-closeups,train,0,1,0,2088959,0,1,0.0,0.0,,0.0,,0.5361137841257125,0.723710406263818,,,,,0.655017297646932,,,,,0.0,,0.0,,,0.8001880104189107,0.3002798026371495,,1b155b4a115f6ef6baeca7676fd004b92d57f38e06386f5ff1bd7a83f362ec1b,3a7bf8a3979cdfc107d19f7ade7089857f99c13d82793b50b1543f968610e9d5,479563f1ddec6a78e30f3b4784f9db747ec8bc601f0bdea986e0f85b839b73bf
trackside-vegetation-closeups/0028,trackside-vegetation-closeups,train,0,0,0,2088960,0,0,,,,0.0,,0.7595952529415642,0.6807239114065381,,,,0.0,0.18264474041859202,0.0,,0.0,,,0.10984065978060693,0.03054153054153054,,,0.9098407026946553,0.601850920195154,,4e19459360e08e5f3877234f1a74ad6e98184568c64a7688ff552fb1f571e05c,6e80ec77d7ceb1afb45838b1b1336114098c095ad6dc35891ce5107082906ffb,83f3472b1ebadb2268e380b77e6a140386ec61e7aa372150ace5cead0869cf19
vegetation-worksite/0262,vegetation-worksite,train,0,155,0,2073445,0,155,0.0,0.0,,,0.8967563659271668,0.7122151088348272,0.5834508697696286,,,,0.0,0.0,0.05953311739081872,,0.27287648748461224,,0.0,0.0,0.9543066190202717,0.9919230792430979,,0.43678942165101337,0.8198977909660402,,54396730a7d632e6ac164891ed59aa4b248397c4bff8ad0524ee051361535740,46c8337d6d7cba2b8dd9fcbb263eb487f40f160d4e1a4d22257c1b1646d1715d,de92e7f8da77bc51f4a3e83b3be07e943f982007ef93457ce82b8935493b1393
winter-town-cab-view/0185,winter-town-cab-view,train,0,9,0,2073591,0,9,0.0,0.0,,,0.7833514999289133,0.5528438030560272,,0.0,,0.0,0.0,0.7484083267758781,0.5780006710765986,0.0,0.6561333305831151,0.0,0.0,0.8678302181511673,0.8994780127282959,0.9782203566694003,,0.8005392699115044,0.45534125226494865,,5886ace53044086e84b2f4b85a962b8fc5d0e5df0f398df5bff81f0cefcdd458,02c16b4cc608d35f80fa4005304b2eb74c5fe0118ed6a9e69a447f8a392ee621,22dbc535569978510e40efa5ef55e068368c9e644178d214b1ed5f689c760b97
winter-town-cab-view/0186,winter-town-cab-view,train,0,18761,0,2054839,0,18761,0.0,0.0,,,0.0,0.3029504141645918,,0.0,,0.6854838709677419,0.10805860805860806,0.6026295133437991,0.4224739897361115,,0.5278129208668326,0.0,0.0,0.392283118201451,0.8288467959809368,0.9844847803544952,,0.6087166402317081,0.553853377942126,,7b53cc55f0bba2e1833ae405668e09335397f1631bd62e9570846377941ee427,08d83649e29f837a10e16cfb3566001c6a2b63ac1223b3dbe22e3520c2558d42,0b568769fc95e400c3006722903f711aa20037efd80294988f86f9ed967940c2
winter-town-cab-view/0188,winter-town-cab-view,train,0,0,0,2071713,0,0,,,,,0.6848844101956135,0.8661994114482803,,0.0,,,0.4978766092626651,0.63513753721726,0.6710118993888355,,0.6957511380880121,,,0.0,0.8929177881354078,0.9965544736015931,,0.754546766743649,0.816188570157883,,93065b17ef536461211968f71d3b394d46cb55404435af01f1702cc875cdc85c,21220ea9d1dcae3c1fb53dbcdcfa8ec5f2d0d48d4fb3c882b2fc13ebf6880d2c,e44e5c55395f545f22a4e1e99feaf4857468244fd217b2d5f486177d6cb9ab80
winter-town-cab-view/0189,winter-town-cab-view,train,0,0,0,2073600,0,0,,,,,0.2283981389165836,0.8940433708482021,,0.4350579358663433,,,0.6757345518304022,0.8278103654046367,0.7538483187791702,,0.2513598259422794,,,0.0,0.9533649054077509,0.9964725825471699,,0.7247242974030594,0.8755185776156827,,06118b62db2d8b18889a7d9354ef0877b3f5042e249ab6f22e11ad80c9f3242a,db98ccf750fad56a37d5f1801491eb4450766aa87b85bdebed63fbf39363aab5,30f44f7534175c46dbb7ea028b714918d9e38350bf17fef62af52f9b5a14ab73
winter-town-cab-view/0190,winter-town-cab-view,train,0,0,0,2073600,0,0,,,,,0.3996472603320501,0.8137521055816311,,0.5,,0.0,0.6543715990228252,0.7386573516421746,0.6968475251372225,,0.8157519358782774,0.3500908540278619,,0.6933839812226821,0.7188392587450386,0.9778119375029982,,0.8471137336461029,0.8682485029264573,,55cf7c8129b7d290a98190185ebf3f9c9c1bcfda8b3256a472c4c639eff7e307,3723a2fa07fa1e444728f5b97c5e1abb879dd27258f29d287ce29622eb296f01,d674e5f38791bbb081a6ad2ba300ae98f8e95a0f0fd189a294a21595f8caf7bf
winter-town-cab-view/0191,winter-town-cab-view,train,0,0,0,2056311,0,0,,,,,,0.8643713914395892,,0.0,,0.11838790931989925,0.7088973376279203,0.0,0.7018062200956938,0.0,0.6250047093395622,0.2809436783518857,,0.04858104858104858,0.8960577542919183,0.9781954640601611,0.08176352705410822,0.6966961008036512,0.5880612674905613,,fddfb8962d8961d625bea817fe5552ec2c1d016f4d6cc0fec53b8171c0f10c1d,d2f01638f8e68cfcba5c60ea363c59798551ee7d037ed50a9aa578dd2fb4cb78,6e39583824c50e415213310b42a3941e12fc38f874f4eb41f02a2e01dee41e9d
winter-town-cab-view/0192,winter-town-cab-view,train,0,0,0,2073600,0,0,,,,0.0,0.4233263982376698,0.8602394881464649,,0.6346618357487923,,,0.7991513919491381,0.8384365061755787,0.7776960013719382,,0.22189349112426035,,,0.6511423882380524,0.6970224383127419,0.9894077511612306,,0.7942214009742987,0.8208668251128262,,754211da40dd122ce82a710c71d8d2d60c6a74f3695406c8e58832fa940cea1a,cfb371e8c8bd13f21d3db1d5a4cf7a892f9a2b329deaf4b3848864894800aed3,b50fd60c3ece9d0a72af432ab4ab8f911e961a7b0afd289a353d23aea19d446e
winter-town-cab-view/0194,winter-town-cab-view,train,0,228,0,2065354,0,228,0.0,0.0,,0.0,,0.0,,,,0.0,0.6371407672444942,0.16726795670711708,0.04500226142017187,0.7082671120329714,0.46569814366424533,,0.0,0.40909402647280707,0.8562847383047707,0.9887143404946669,0.5850601811639161,0.37386167856263847,0.22132882320865796,,86bec697fc86a9152f90aa11441db7d66b5f096dac9422d72d66e592861f8801,ea751052eaed16e461703bfba2c8c200e9c8131633cf64766ef9163dd3489c13,17918f645ff3de5fe943e570e39c1a0a48d642d4d5f341a4ec6ca1106dcbad4d
winter-town-cab-view/0195,winter-town-cab-view,train,0,0,0,2068564,0,0,,,,,0.8750108761855042,0.0,,0.5665422885572139,0.7434441741011084,0.0,0.3477687106288666,0.27712569570727946,0.6529039785322599,0.09105500339527131,0.4811992423087809,0.8358857142857142,,0.04111381050270978,0.7162867973378706,0.9750211521660644,0.15509518477043674,0.3482848576879648,0.3706028939087057,,b011832e15f90292721c197db21ac1d902b6875259288cfca2f254319ca7f8a5,0a45ba6ece7b7c7ebb7ae6157bc737c892166881a058b9be199973dab69d56fe,1157a1f3ef4cede0a6759c2564247f1fc775f01b70b4c4a98d99851ae696a186
winter-town-cab-view/0196,winter-town-cab-view,train,0,0,0,2073600,0,0,,,,0.0,0.6741478671338798,0.854962939675707,,0.0,,0.4762376237623762,0.5657196805008633,0.6123980815347722,0.7386610537751223,0.049102428722280884,0.3907791723623711,0.6378571428571429,,0.6918434621418224,0.7841230215434549,0.9641287195313464,0.0205761316872428,0.5930011689070719,0.7947718552460872,,6642757595beb9bad0e29bd2abf92ae99ddffef5f2d5a4fe2af3140090621eb3,971c348d7203741a3df3355f28bb6b24e8ba5a9b8d393d99c2d3149c46519a06,eb9829aca653c20ef7c115a6d9d429a6b7511faf4562a2734c7095596e508761
winter-town-cab-view/0198,winter-town-cab-view,train,0,0,0,2070318,0,0,,,,,,0.8974272847154836,,0.6978517982138547,0.9557582847293125,0.15791129285938973,0.33977467032066144,0.7337135739512998,0.7041660597232338,0.0,0.44491578814733923,0.8683956407780383,,0.7054155128607725,0.2972061507997896,0.9897439863871916,0.0,0.5213079771543337,0.8773960718995073,,cc5f67af19f67c1a6ec338148aac18a59457131b40eefe18cb47d42221300216,0dbb68073d6882c06ad4b479071c7b4b7db0f0406be6f2c0cc90a390d0a77a66,bd3a65d06500f5335bb7039f8a88b18937432d970c1f48b78d902cffed9bee72
winter-town-cab-view/0199,winter-town-cab-view,train,0,0,0,2073600,0,0,,,,0.7696514012303486,0.4412635005178281,0.9487139092575618,,0.742660210269162,,,0.3736138709057112,0.3927924770749372,0.810551864448263,,0.581367397137746,,,0.6060750215832408,0.8780339147205918,0.9880342181953989,,0.6206976744186047,0.7453434282488954,,bf2591468b8c776a8775aaf5f6535f7fa792b9c0ee28c52f9e87b591efe4c9b3,073cab9e51ecddedc95299e84dc6d995120a0ac8b5b993f541211aadeb7f8e1b,17646b00e8f74ac2d809793c24b2255c994da1c1ba73ee5051d8c4cd26e2579f
