key,group,split,tp,fp,fn,tn,support,predicted_pixels,iou,precision,recall,iou:person,iou:truck,iou:rail-track,iou:vegetation-overgrowth,iou:car,iou:on-rails,iou:traffic-sign,iou:road,iou:sidewalk,iou:construction,iou:tram-track,iou:pole,iou:traffic-light,iou:mud-pumping,iou:fence,iou:terrain,iou:sky,iou:rail-embedded,iou:rail-raised,iou:trackbed,iou:standing-water,image_sha256,mask_decoded_sha256,prediction_sha256
flooded-road-crossing/0272,flooded-road-crossing,train,0,0,0,2073600,0,0,,,,,,,,0.0,0.0,,0.09564381908270868,0.0,0.17499358895739722,,0.18087855297157623,,,0.0,0.4994511911733522,0.8849488645968333,,0.0,0.0,0.5428194253293261,1a64c22d40183eaa53211aeb2ab21c5cbf2a328ca7b2d6716a58fff64bb7291d,2ae0b928ea09fecae228600e65afc5ccf5aeab55c6186e155c041878168d2b7b,dbc3acbc65a28bd323ca65ca7c847c51dbd309aa33619cfa314f1e95d8ae347b
flooded-road-crossing/0273,flooded-road-crossing,train,0,229730,0,1843870,0,229730,0.0,0.0,,,,0.0,,,,,0.0,0.0,0.10524352949951518,,,,0.0,0.0,0.5102232926865568,0.0,,0.0,0.0,0.5901153896999113,4f42631f3a3bf1174b11d6978aa00479044e989be0e1722cf53a2a7d698ca4da,d71932fbc886eb13c90b1ecf925dd2ed196974dc2b78b22dae98b2b052263ceb,ff887fc872874b4e34407f143c17f621d29de7e79adc3a7a903bd542bf885128
flooded-road-crossing/0274,flooded-road-crossing,train,0,148182,0,1925418,0,148182,0.0,0.0,,,,0.0,0.0,,,,0.2845429507865916,0.0,0.0,,0.0,,0.0,0.0,0.45655612515756316,0.0,,0.0,0.0,0.8325991426912348,5eac815d6dcafeaed42ca25116f35fe30e4598159ae3b155d664bf6b7378427a,92f986c0cf867798fb963a56a3cc9a99da42fa01c35481b1810a31fc272e5aab,73daeed559d78307e094f28d331ce88033820d4bfece803dca2f41bd23af5c8c
flooded-station-platform/0298,flooded-station-platform,train,0,32369,0,2041231,0,32369,0.0,0.0,,0.033707865168539325,,0.021655720206556338,,,0.3158505093013247,,0.0,0.4459715039224547,0.6486795664548564,0.0,0.0,,0.0,0.0,0.0,0.0,,0.23318868114627864,0.0,0.30818427201675935,f0194c9f5092ef4a9f5211064d986408ef94a7c44752b254cf2a6cb67600d64a,9c2a8282ac3b685c1b4f7d0eada263e2c6deb4d18423159e43b764c65f2afc9f,51a1c44eb086a864df953dd42cb5617e57cf2be1cb008abc4b0d92cee9b1b30c
flooded-station-platform/0299,flooded-station-platform,train,0,185115,0,1888485,0,185115,0.0,0.0,,,,0.09354624986824472,0.0,,,,0.0,0.23331774316969917,0.6378678252971752,0.0,,,0.0,0.0,0.0,0.0,,0.389799392702474,0.0,0.6250429088220538,2e8151e2e6b02fcc2163c50aa86d9e5e0134c8e81d7ed74c33832a121b91dcaf,ac007d07fbb9218cd6a46518c8161c36b300c81f837d4ca78ee881cc5c1285ad,f9ea82953100b2da9b9185fc405f97431ce39773bbd565696b36672fb897af73
flooded-station-platform/0300,flooded-station-platform,train,0,7582,0,1950938,0,7582,0.0,0.0,,,,0.22440903044716176,,,,,,0.0,0.7951080488000375,,,,0.0,,0.0,0.0,,0.4538749025983396,0.0,0.3844745203618812,aa5009748eb469829d461d7b4e9a1e63aced662acde1baab34479670671c9cfc,71b71d95fce3df9c264c4586d0b956bfa611ac012f0c0847d66c466d4e709978,b5063dd37709ad991d93d7999ce3b30143fc800ef867fa3f574e5e6c8c682cee
flooded-station-platform/0301,flooded-station-platform,train,0,5987,0,2067613,0,5987,0.0,0.0,,,,0.16116827861248254,0.0,,,,,0.0,0.6855061407079016,,,,0.0,,0.0,,,0.7120587309266555,0.0,0.6943285790525219,b6bfd2eb1a154fe26098279bca8d8165e5aa045fad56b687663d941cba56bfda,7894d14854f9ccbb4158b0466157085afe2d2c32ff1bb92ff09db44e499d08ca,700b029443f1ecee6840b243ab5ae09493103a301412b9fcaece9b4875eb6994
flooded-station-platform/0302,flooded-station-platform,train,0,8417,0,2065183,0,8417,0.0,0.0,,,,0.3320634393757654,,,,,,0.0,0.8585132822986268,,,,0.0,0.0,0.0,0.0,,0.6969777585789091,0.0,0.6056833340949993,0758d8245392d38d69bb520d6aa46dd39d38ccdfa9c8011ae15e78d2a3d0dfae,00ea88ab0410bcf15bd3202f7dbdea2d25333ff4bec6c06d01c990410360a826,876cde7b18df583930c8772055ee89b066819d113b804466bdd5fa880ae6b771
flooded-station-platform/0303,flooded-station-platform,train,0,58054,0,2015546,0,58054,0.0,0.0,,0.0,,0.6111792938701265,0.0,,0.0,0.0,0.0,0.32748884527125915,0.6875025963028647,0.0,0.06217104880967596,0.0,0.0,0.02158425348055689,0.24816080235858154,0.03376050841150033,,0.49225470687279965,0.4094565622845258,0.21857190811146027,e62cac97ea08c225e113869af1e24539312d59ae8b1ea981d8625c7d8c85968b,e39d3cc9f2e733f410aab08b883c5b815fc0b7cec4923951527119e1188c966a,c0df091e2189b0b6e29c1bc1b1e3c6327eb01a36176021ebbd7737264ce07c8e
flooded-station-platform/0304,flooded-station-platform,train,0,90119,0,1983481,0,90119,0.0,0.0,,,,0.17332634794443844,0.0,,,,,,0.7249142733711941,0.0,0.0,,0.0,0.0,0.0,0.0,,0.5428774997401057,0.0,0.8496079794987091,c9797d293e9f42ce5aacd15adf5adeae5aabd49c586206b065f6f9ae8218987a,fdcfa33e5312540d1fe6a49626ab748f10be173352f093e26fb20c90e293784a,e803eebd4bbc1b101297ee4eded874744d7167f9b264b939906661335689e622
flooded-station-platform/0305,flooded-station-platform,train,0,45867,0,2027733,0,45867,0.0,0.0,,,,0.21269490092492502,0.0,,,,0.0,0.33271747244091243,0.6575868900145444,0.0,,,0.0,,0.0,0.0,,0.7758308972868899,0.0,0.7237327953597152,10d64186056082ebd4e47902c4c0de8902ac70f0ef5c2e64b7a35ce344eeda23,e7d2de4d96aec0a8b3246ae5cbcc210d76914bab2c93070d8a83137bb7c9c701,9ee65ce1eb20de58eef0a1e1c9a836eb0f3a42e25f0e5087eb0d4acb4bea2baf
flooded-stone-bridge/0270,flooded-stone-bridge,train,0,20727,0,569097,0,20727,0.0,0.0,,,,0.0,0.21243974065048857,,,,0.0,0.0,0.0,,,,0.0,,0.0,0.0,,0.458818410527314,0.012530052326403621,0.3758677135831986,d8aff7595858cbf04c9e2b85dc09bc865c9a2ad58b92c41e823fb4a084f4bada,fd6955216cc66b2eee2cfcf1242e63211c7bcc1bf86fb2ab9d8a15726ce917af,abf9d904686a0f4884527e9eefd90261c901c2bb3d4f1f8130be8591addb962a
flooded-stone-bridge/0271,flooded-stone-bridge,train,0,434,0,697934,0,434,0.0,0.0,,,,0.0,0.0,,,,0.0,0.0,0.4921405766736506,0.0,0.1749356854097758,,0.0,0.0,0.1763349607627617,0.49828696013289037,,0.1900733726748491,0.0,0.4924458391343101,f5180763e414fb42a131798a9a989ba50a68fa194643d48809aba9a9130498ed,2368f3e5da46a76defb9ae32ea5cfde760f7cd9dad6b26b038b2df07dbeee742,3b30b86b75617ef210b0dc5c7c3ac59857e228d702816e61151d70b59e4540ee
flooded-stone-bridge/0310,flooded-stone-bridge,train,0,7533,0,913689,0,7533,0.0,0.0,,,,0.11833688699360341,,0.0,,0.0,0.32033602789665555,0.0,0.7252074951977094,,0.0873643074250977,0.0,0.0,0.0003514463368477967,0.8138203716231611,0.7144688123041868,,0.49509396195538247,0.5541620341857099,0.44248788256951577,244d2e5e9d27aab38bd91e338efee542e9ef1b32b81f5b1d04e493988fd9fb15,e7400d491f361454e85ea2bdd892beb8058b0cd329a928274504f090705578d3,d206c3eec83262790a92b1028e5a8ae074f9ecf194da4f60a2c6ba4510a3bbac
flooded-stone-bridge/0311,flooded-stone-bridge,train,0,2,0,921598,0,2,0.0,0.0,,,,0.0,,0.0,,0.0,,0.0,0.8046426841112068,,0.01685097419694576,0.0,0.0,0.0,0.4153759700294354,0.5013718194460105,,0.33916212511284227,0.02697207208772875,0.5909409796549802,3ec9872d416c77c2223a85177374f753b9fa22546177d378a402366f3a00fac8,1f576c93da65df63c0f97c19e0f4a5a88fa854a978139bb0b399a9b0722ff0ce,bd90d3d09c59025c8fc615e42767196e9caee1b3a11113860c1bdb8ca312d71b
green-roadside-cab-view/0174,green-roadside-cab-view,train,0,0,0,2066880,0,0,,,,,,0.8318576908758356,,,,,0.051023000268542104,0.0,0.09195257138847962,,0.3855592260500236,,,0.0,0.8978156020000295,0.9698423729000518,,0.4276504755217974,0.8424117982745695,,ac8756b81048f48af6d2c3fee710b8b43f34a4e658cde8c09bb9f690902790e5,1d89a374fa0d7ed2a6e6429295a1bbd6e07539abb712f5298181462289d6c8e5,62779a13353c19f40c84ec283fa0945f7a9519fe927093716631dd7dc15e0c4d
green-roadside-cab-view/0200,green-roadside-cab-view,train,0,0,0,2068190,0,0,,,,,,0.16073702234775863,0.0,,,0.0,0.31633811957491687,0.0,,0.388621431807884,0.25179593327651284,,,0.0,0.9248506427923379,0.9744206316455257,0.0,0.23500335416445997,0.0,,647d89550b9094d69144e9eb687405a9b548e981193dfb8682ee2e38bdb37aa6,f46c80584a147ea51bb34d9112360631c5f11d0019df6dd603d23b6e150c5218,ac8b41d7ce74a15fa2028b8e985208652e1f3157dd6a2dbcfed0775db10568df
green-roadside-cab-view/0201,green-roadside-cab-view,train,0,0,0,1982593,0,0,,,,,,0.7678351351772983,,,,,0.0,,,0.0,0.4043552905032981,,,,0.9607285008956915,0.9643455676973588,0.0,0.4176380439325686,0.7115654752614328,,cec5a4a2267098df2b64c119ce4e99aacc9014722b05125b92bd8da623cddee4,55581854220617568ef435d0ce1a25842c7ab9554e57da4b56132ea6a7b2c5f0,fa32c16ed3c8fa6f6cc58da31b8fae8e43112404234e6b3db0b42293073ca47a
green-roadside-cab-view/0202,green-roadside-cab-view,train,0,548,0,2067186,0,548,0.0,0.0,,,,0.6674439885468016,0.2037016264722378,,,0.0,0.5642723341678192,0.046620046620046623,0.5535530968404243,0.16929570158685248,0.5061314899627616,,0.0,0.11090483493421584,0.8716703925113141,0.8696923352403989,0.0,0.14640181688756312,0.5356724694741447,,318bdc8615a85a559ef35aac3c3b7f2506709bbb305ce03e4e8ea37ade4d7da2,0f3fd0d5280d3287ce8cec97acdffe99355f4a4f1aa7868d9c5c404b03adc696,23249a6fea01508853ac32d60549cd4366dab16bcc57ae618669968c829d1e0a
green-roadside-cab-view/0203,green-roadside-cab-view,train,0,0,0,2067867,0,0,,,,,0.0,0.5980446586954461,,0.0,,0.0,0.1373933232931727,0.0,0.11706690252490697,,0.21941309255079006,,,0.7149136632692376,0.9447342356110752,0.9739597788662772,,0.47705446241436483,0.7315792787996405,,18638926136c9e885bad8a5394a86973d90d5ed5638573e5985654dec64db548,e71b82e1e191ebb38f5c61ef1b0d128e6e5a11962065312506493cb014a6a361,e302d27bcb1ce51f0c613b1619ebc8b92c730d38ddaa7b9679c82a29281374c0
green-roadside-cab-view/0204,green-roadside-cab-view,train,0,0,0,2067867,0,0,,,,,0.0,0.7522082431892406,,,,,0.19102071105714094,0.0,0.006863706401456787,,0.0,,,0.3238057759645347,0.901531125937388,0.9798661738883603,,0.3922069135194981,0.8246891432106402,,cb34ab4d9a1966c9d974500a92359ca204a93a0c8283bcc59a5f16456005f1dc,f8a201f8055169f4e1fc3ed4547ed752839f649ac12fc2ace4db3701d27241e9,eac7b63193ee05f618cabb77b6e99dbad95a1cedad52aa9c3b46aa65543f6b17
green-roadside-cab-view/0205,green-roadside-cab-view,train,0,0,0,2067867,0,0,,,,,0.0,0.6721195716135107,,,0.0,0.0,0.2924953141354884,0.0,0.04249980396769388,,0.07248113094524979,,,0.0,0.9320173249528386,0.9694179457146532,,0.29411125597566273,0.725482649579762,,84c3ad934ba556452a390cf9a7615f786d7bada1f0ce3bec466c1ccd2a89b441,54f8b882502e1aba4a8f31dfe42009d9359e4354cbb6ad2a4af730894c4a64a2,7047a559821a25cf35b59295c44b64a00cd972aceb7536244eb7e82ea2c7ba79
green-roadside-cab-view/0206,green-roadside-cab-view,train,0,102,0,2073498,0,102,0.0,0.0,,,0.0006989961956272631,0.8014630112588258,,0.0,0.0,,0.09990545542323785,0.0,0.14371475699106218,,0.5214646218602023,,0.0,0.2072178636089318,0.9501730910991052,0.9664681627386126,,0.2761752136752137,0.8363716033935708,,326099a1d7068b475af019e6dcf936e26aa1a539954a3f0fa5df1a5ff8428999,6cf8bd75df6f49b6f9d82d83a98a90658290b0098de456864106c497d525afa3,76cf7024907b5a0de0b6d45f5354a7731b156857c37a95eb89370419a2d7ae42
green-roadside-cab-view/0207,green-roadside-cab-view,train,0,0,0,2067867,0,0,,,,,0.0,0.0018837980465272312,,0.0,0.0,0.0,0.16214228043419754,0.0,0.0,,0.3939652497672976,,,0.004902737971827551,0.9032581481268542,0.9709609899242782,,0.45032403829002915,0.6190696969426785,,0a69c574d773bd2b02269bec42203fa65c198e4f1f50743335704b45db4b879d,12929b2c41df570afd935b15f8686b36c15ffe4535cbf298828b651dc6b7f72e,67db86491656a897806fe46c3a2e703492b2e2b63f2b83d490e640a5eef665f6
green-roadside-cab-view/0208,green-roadside-cab-view,train,0,0,0,2067867,0,0,,,,,0.0,0.14177396861502634,,0.0,,,0.0,,0.0,,0.502973058303515,,,,0.9670293890992162,0.9702143289945004,,0.5147027533086515,0.636427999180221,,3b8efe8aa3a6e136add1665ab904a06b78b874796e0c18912f3ee9f3ff74d366,dae9e0177528e83bb9056a8fb457e3d484018332b434fe9195634f6a0f23d72c,2fa1384ea2e3aad6371d2dc3bf8f12fc0e2f5a64e503f9c4373216798e1f6d1f
green-roadside-cab-view/0209,green-roadside-cab-view,train,0,0,0,2067867,0,0,,,,,,0.5211279408375756,,,0.07249047559939273,0.0,0.0,0.0,0.0,,0.32371529907464197,0.0,,0.4235885730589536,0.6948418478057357,0.9428437753135387,,0.2781262028211108,0.6360033419092919,0.0,ee956750d1fd8c7676cd76b8db71bf93b9cbcedf8b4aaf4e538041ef501ade04,e9baf13f1df68cf0182ca0ed2887e288cb340e796f1b398ed5a32febcb242750,2c2592bcbb09fe1f02605c304de77b7ef3ae34783d812e0f2b26a9a52f201013
green-roadside-cab-view/0210,green-roadside-cab-view,train,0,0,0,2073600,0,0,,,,,0.0,0.29658703071672354,,0.0,,0.0,0.2857315163402828,0.07238782663011417,0.16604826689499888,0.22875165529909297,0.4020108721797277,0.0,,0.19745793913781234,0.7132128853550272,0.973730603880098,0.0,0.05168986083499006,0.2611767767246815,,7fa10db78fee89d3d4e8282d50e5cec55c3943202f620889b50503ae276b1a74,6026feb523e6c808b7f1ebc4a15de86ec7be4191ea33e7e454205851f8780c5b,910d613109c1f40a83205f8c6ff93081d480857fc5e56462b9334cc2d03c3b87
green-roadside-cab-view/0211,green-roadside-cab-view,train,0,150,0,2073450,0,150,0.0,0.0,,,0.0,0.4134808404335995,0.0,0.0,,0.0,0.3025810172435021,0.04996854806427632,0.07599211933577259,0.14657200381477165,0.24488821269947397,0.0,0.0,0.22767526235711777,0.6446203779775593,0.9382548776711056,0.0,0.21153278006069884,0.5393814742343446,,41f0cad9cf8e4e11e5a870a293f740a7bce70a66b0bf5b0e86c9dd1fa6396f5c,c790e550e0f15182c68acd0fa1c3df3839237fe9c736e380c9569a42ede21622,ca5756b5b8f90c93bd34933b361e54bc8385677d4e7d2641349d9c2afd5450b6
green-roadside-cab-view/0212,green-roadside-cab-view,train,0,25,0,2053455,0,25,0.0,0.0,,0.0,0.0,0.3821656050955414,0.0,0.0,,0.0,0.3824009125749222,0.10381023082367971,0.3760140771947068,0.2670925649041729,0.1995014172045214,0.0,0.0,0.1936569314569352,0.4836268851858329,0.9579657194346732,0.0,0.4859828346428118,0.6111892216250783,,19490f9f31865422ef3257bbecd836b58a75e1200af558b47627240cfc9e49e9,e4afe2ecf4ebd828471240e23f7446384dc2ec9d184d5b7d3aee969d13726f9e,d9e089262c4737e767b787a602d22f00d672d8bf506cc10fdafc114a0e59b628
green-roadside-cab-view/0213,green-roadside-cab-view,train,0,0,0,2073600,0,0,,,,,0.0,0.5509538121818071,0.0,,,,0.37311478937646825,0.49778024417314093,0.011871017241746766,,0.3560441330434082,,,0.0,0.8847430155855914,0.9688810423321115,,0.40085841922391896,0.7513921507806384,,5229632691652545fa2f89ea5800c86d39d27545bb45654c44af717c422b95c4,4f60ce021a149db8b77724d1203b796eafcc96c75f291f1e5fb521ca6adfa064,0cd7f721348d744df7df8ee7957a4ebc332d138a2a6dd7cf835626277dd4331b
green-water-cab-view/0263,green-water-cab-view,train,0,1245,0,2072355,0,1245,0.0,0.0,,,,0.3085848325549249,0.14961048712573913,,,0.0,0.3546732055107487,0.0,0.7481471171578691,,0.27800114876507753,,0.0,0.1217877094972067,0.8837585980990669,0.9752911407840985,,0.6708377420987257,0.506272375352912,0.0,d38268ad352c084c45d9c129d86eed80ec34068717620fc1685f07a6cefd1468,8529f0f311585470613e21978d79fd7cd6125e1beefccb98f037b4124151b53e,1548749d356634544cbdac264e5ed0594de0d03c156c4eacbf076d29c5c53ed1
green-water-cab-view/0264,green-water-cab-view,train,0,0,0,2073600,0,0,,,,,,0.39986894176902915,,,,,0.0,,0.0031511018064878165,,0.2990531773090061,,,0.0,0.8223453971024585,0.9406585681054536,,0.29779924487227455,0.5856878044052436,0.0,7ac26e3576a11b28c401290cbed89e663ce03d2ae23dcbd062e1ece5d3ba81a1,da975b659994aec1a32dd22d6e772c441d1fe28b507d5d47bfe4db184dbe094b,0a484274b554386b5b308ac8e3f4583564aeda20ddfcac1efe6d8c8c007ec5a8
green-water-cab-view/0265,green-water-cab-view,train,0,0,0,2073600,0,0,,,,,,0.571641586398382,0.0,,,,0.0,,0.0,,0.0,,,,0.7320211579009182,0.796714394411012,,0.6866354330883496,0.4246228724948091,0.0,021d832dd111da4e3fd13f74b2531f5a87481b14073f6b0ac4a5a1149c442820,ee51403528cd8ec8eeea2c81f9e4b41eaae0496ac53ebbdeaf38f6f511c45009,a7a76b02eb7a3d3153731a25e396769706656edc6740f791bac44a4f34f8746e
green-water-cab-view/0266,green-water-cab-view,train,0,25,0,2073575,0,25,0.0,0.0,,,,0.5086292334506681,0.5731925911173074,,,,,,,,,,0.0,,0.9524793811378487,0.8540604555104635,,0.7157442506949709,0.4081305612954919,0.0,1b57cba93cf3601d156721ce3f759bba69f41268fe5b975191c86fbff322be98,b57e3716ffe62a58f7111bf46af37413badf80d0ecc178d2c7b52919b30064bf,64d28e0f615fa9614363aa0c6ed2951ee59e79ae2073a6d873cffacb3398fe0b
green-water-cab-view/0267,green-water-cab-view,train,0,0,0,2073600,0,0,,,,,,0.5999616699140767,0.0,,,,,,,,,,,,0.9585792165763496,0.7577056104802424,,0.6872361384745286,0.5330010147829187,0.0,9b17276ea65c583df9303ed986d88d187c963d9ed6bf0b5700396e0de25190c4,71df9d1285b9ad09eb96265be443e2d18e28a00ec69a0f759a6d3989f1f4d48a,1a018b5d763684d34993227eaa96ee08254007059d0c6271f2f2518203688c64
miscellaneous-flood-stills/0275,miscellaneous-flood-stills,train,0,0,0,249696,0,0,,,,,,0.04350062458667059,0.0,0.0,0.6920722285176083,,,0.0,0.17586248060164736,,0.0,,,0.0,0.30251130251130254,0.8621645742845243,,0.22311932735675705,0.2727016470019732,0.2474335440886532,61c2965c3c11954382ff9e9e06c34ffa4996a9a48b46aa7f5490049b85765bca,f4155b4c85702af56db693f3f999b74f08d30680a34733c864fb141f6a3f8c60,2ef71f6d24997a46e040034a21b3de697f591647fba1e68d37577c1f090f1587
miscellaneous-flood-stills/0276,miscellaneous-flood-stills,train,0,751,0,920129,0,751,0.0,0.0,,0.0,,,,,,,0.0,0.0,0.0,,0.0,,0.0,,0.577385775088457,0.9080618664102256,,0.5941903691536267,0.0,0.3148431433149886,85d7d06fc795f58f6e51ed5e91c5d5d8ab1f41194ab44f3471da41bdadf45973,b9c514a9abc72bf370a67587f1c41ec3e1c7769276c383024395b7a22ca7be38,99e9f3deaf27f59700ec9022066a59a1c850feede93aed29a288a59977f4d114
miscellaneous-flood-stills/0313,miscellaneous-flood-stills,train,0,52264,0,2021336,0,52264,0.0,0.0,,,0.0,0.24241418764302058,0.2496641410070396,,0.4342708758967019,,,0.0,0.0,0.0,,,0.0,,0.11314211515317864,0.0,,0.47071554481948163,0.6793410474579201,0.2752318018868471,74272d0a74c881e4e18e9bf6000c065a51519bf7c05acb3c8e912f075c3b5ddf,c3e7c0a88b0198168b7659a591eafc02b94abdbacb436e871eca4779200bf186,00023bebb883d08ebdcf4ec5346cf93502c75b098520a4febe8f54da1a724332
miscellaneous-mud-cab-view/0173,miscellaneous-mud-cab-view,train,0,0,46297,2027197,46297,0,0.0,,0.0,,,0.5221353938010361,0.09416510188469296,,,0.0,0.0,0.09872933629410313,0.0,,0.42077256602286167,,0.0,,0.8716458103169882,0.990991512325383,,0.4388312397596942,0.5513191607971784,,f0ca7b2f878f2a5e167e558097ca517d126cb474aa25f5b0ec0fc4d6b1e57432,b968925b81e441c3dc638759e4923b6ad0ca44e3896210a4c69b136305b9eb89,03df250f46fb404e423db387abbdda098a1beea85fc9c274d22b4cab2893a868
miscellaneous-numbered-cab-views/0013,miscellaneous-numbered-cab-views,train,0,30724,0,2058236,0,30724,0.0,0.0,,,,0.8221720787599095,,,,,,,0.5498839907192575,,,,0.0,,0.9227462340672075,0.703822567765071,,0.6719255738250689,0.7590187308345866,,cdc7c624979074f91663aae6c612b6f6c370af9ca88a91ba076c2bad37e6c319,5566ae6fabe4c0bdb27e7217400a18101ccd23bbecd3e8cc415f9ed41cca7115,b6a6606d109afc9ac8ba137037ef343104a36a0a60bd98ce7663f0c8604a0e9e
miscellaneous-numbered-cab-views/0014,miscellaneous-numbered-cab-views,train,0,500,0,2088428,0,500,0.0,0.0,,,,0.8321421623770415,0.2913406875412115,,,,0.0,0.0,0.5176656938791183,0.0,0.0017043649074154317,,0.0,0.0,0.7923836584492135,0.7595585990317093,,0.5645628022745209,0.6997224919211095,0.0,00a59e617c6d81492253ece8ef06493164bef224314ee99156bc01663f8ccd38,3ba891a877a2984212cd387b6a1eca2332a40b2a757b57c0248ffa03807c605c,f784b0a708f8debf20f12d3f5526022839ce4a6f7dd4182f7f704efbd7c02579
miscellaneous-numbered-cab-views/0022,miscellaneous-numbered-cab-views,train,0,2229,0,1929090,0,2229,0.0,0.0,,,,0.7801483083577939,,,,,0.0,0.0,0.0,,0.0,,0.0,0.0,0.9085846524504935,0.9391625652834846,,0.35409825078748075,0.6456633380884451,0.0,34431340589d77bf879a5d44b35f1ba4ee67944d06302e41751f49b52c7cd6bd,601f45356d35a2626927e94aad629de30fc2805b197f3f27a60dd2cd87622d80,a6e6c61b0511e530646d981a45b7a5768e9bf89a5f32c8cc0712ea5185e59865
miscellaneous-numbered-cab-views/0023,miscellaneous-numbered-cab-views,train,0,47332,0,2040541,0,47332,0.0,0.0,,,,0.41293912926519666,0.2722979080751189,,,,0.0,0.0,0.6726843680793926,,0.0,,0.0,0.0,0.79734721541777,0.7388099705172876,,0.7212984384037016,0.5616775115426869,,4dbdaa16ac641963e653bf5fa8dce1b9b05b89b3a3d10f8da2e3c9c38deeee7e,03b59830b108e9c2dc87a79168457ed2a8be69f44abafae8f6486184598ecb19,cff6f9580db8b65cb7c9c0ac9a4002b30a051d28c12b9d26a3e771c15ef47dbe
miscellaneous-numbered-cab-views/0024,miscellaneous-numbered-cab-views,train,0,1827,0,2085912,0,1827,0.0,0.0,,,,0.0,0.02228299223712068,,,,0.0,0.0454982710656995,0.09601873536299765,,,,0.0,0.0,0.919264088714945,0.9667321780453693,,0.32227910082350325,0.4821029253707015,,35db7be7064f509351e3627b33430eabc718080e493e83ad1551491d62e1f113,e3c3c38776bc33b723f23e1afe17f11dd1b9be409c25e6ae796447766a6b56b2,5f9ec38b3612280683ca849d21a4b498bf8be3e686109dcdabaede80d1c2a47a
miscellaneous-numbered-cab-views/0030,miscellaneous-numbered-cab-views,train,0,2764,0,2086196,0,2764,0.0,0.0,,,,0.22397775390254693,0.4136821347654611,,,,0.0,0.0,0.7922923000159463,,0.0,,0.0,0.020837336993822925,0.9112179197130079,0.6483429340914192,,0.735778786796592,0.5493701395906853,,a88a70e7bc9e1730883e2cfef16954b7c5a6ebee797dfe8205837e1e2f9cc290,d0384c853c39b8e3b218a40e21a03110e8eb9368264b796d43fe35330caa8f52,a4b34969c951a19cf3d3c22f8b91711cc1845285dbec9fc884ab35006030ad9e
miscellaneous-numbered-cab-views/0031,miscellaneous-numbered-cab-views,train,0,0,0,2088575,0,0,,,,,,0.07233798610833367,0.382890108213802,,,,,,,,0.44568226318276954,,,,0.9407115925734979,0.9475386906827391,,0.732821075740944,0.5215366626330745,,582a1052402234b092c9e8f0eb985ba78c3b1068c2ae8c12c805aadd11584b0a,eac752094ab94f349e6d48690930d8ada3181efb518c33f473c5388d2ce23c74,f9c3c10ea68717b8332b724d8ecea9a9e333424b7b80bd6238acf0db805c2900
miscellaneous-numbered-cab-views/0032,miscellaneous-numbered-cab-views,train,0,25818,0,2063142,0,25818,0.0,0.0,,,,0.22770392656494642,0.049778802888796464,,,0.0,0.2124029685234155,0.0,0.11705383039301775,0.0,0.14223981527296717,,0.0,0.14808609631945704,0.7959237787533612,0.6125142531356899,0.0,0.04806429178579708,0.4458108772200584,0.0,1bdac9a6b7ef8988de21ddaa678ad8a54e0a98f75bf8ed86e61e0f50a7a6c16b,1fe12468826aec7019e49ab44aa6f832aac76a9576018cf252bcfd26dfa6c329,5c27edead512fabf969772c1592f82065d6e547a68e6798985a6119f79fab618
miscellaneous-numbered-cab-views/0044,miscellaneous-numbered-cab-views,train,0,0,0,2073482,0,0,,,,,,0.5052177504474324,0.045888195510830856,,,,,,0.7671484948256065,,0.2677079549582274,0.0,,0.0,0.5736019717934215,0.8842648510539458,,0.5966750194781949,0.42245070480615254,,bb02fd705ac7b08fb3ae7c618b46f5a9da4ef32b590259233156f5fee831aacb,d3844dea10ab96975316c1574eadb989106b149d9b1fafe094beae7e9c50ec59,d2a702b75d315091cd18331ddcce09634222d3846c118efb12efdedbcf196bee
miscellaneous-numbered-cab-views/0045,miscellaneous-numbered-cab-views,train,0,282,51220,2022097,51220,282,0.0,0.0,0.0,,,0.6396381222780972,0.0005791161796151105,,,,,0.060029890401859846,0.26008266025554444,,0.43797442029739003,,0.0,0.656925289297675,0.8583675395581264,0.9730395227848446,,0.6873446239900559,0.8381627196502446,,8a2c09c50911afe45e05157fb8602cf7345aa5cf6f005c3b76f7c0d8b50f36c3,a820d863d1b63b281c0ec5f7e11041e0e68f73f39d613cc757bc489e1e03b351,1d7aa073036d653d82ef99ee6b6b769566f854eb34f4c615ccecd9fe16e8fcc2
miscellaneous-numbered-cab-views/0046,miscellaneous-numbered-cab-views,train,25037,9174,13628,2025761,38665,34211,0.5233596019983695,0.7318406360527315,0.647536531747058,,,0.6729385669734684,0.0,,,,,,0.0,,0.30166244632830563,,0.5233596019983695,,0.9708497902561488,0.9684932466398015,,0.7061976635334248,0.8128889170020479,,a1bc04fa20bd623f99bbac759e22dbd90554263ca7b217cee49ddc9fedd59da2,550d403c2cd02d480d3ae049a478b103700ae04d047712fa0e5187f9b0fd5068,c0563586884e9141dcfffe1363d24476ed32c915513f04ab0772bf74dff04b21
miscellaneous-numbered-cab-views/0047,miscellaneous-numbered-cab-views,train,0,29,0,2073571,0,29,0.0,0.0,,,,0.7252700384775856,0.006187021198978558,,,0.0,0.0,0.6869956366202598,0.011109094209475404,,0.3700351383572818,,0.0,0.6526420315080109,0.0,0.9737077629372376,,0.6252778093214153,0.6866964136625912,,b74e6210f53416c45a93c3fb1a022de2cc33ed02723512634c739624b649276d,52518430666be87ad030da35871a2439ebbc09260cee1aaa6bf65be527c77193,cd3bbce8f8dc769287740856021ab02a9cb3507028bb63b41ac1927d37db966c
miscellaneous-numbered-cab-views/0048,miscellaneous-numbered-cab-views,train,0,0,0,2023939,0,0,,,,,,0.2899144598678482,0.2846697143711307,,,,0.0,,0.5188970304666409,,0.3422527429157787,,,0.11438512040225433,0.8454108050116802,0.9811195972921368,,0.371455245652935,0.5564960855650651,,f912ea15971bc82b19029b9aad152ec1934e74e2a32d29934c116cdd7409125d,207a7f72a12615e89d5f214f068689216c6d434bd46045ce97046eadaaf814f5,4b8e7f2f0e716716fcc1c3c11e92c59244c742285c4350faac02dbff7a51709f
miscellaneous-numbered-cab-views/0049,miscellaneous-numbered-cab-views,train,0,0,0,2023841,0,0,,,,,,0.36713759111303856,0.14995282383070493,,,,0.0,,0.6249274310595065,,0.7548359966358285,,,0.0,0.9348398457912261,0.9835454154484443,,0.3301847594249467,0.5903925307837672,,18e4e59e4f1f16790b92171327c69eba67d5364edbe5a933d052ee78b21f9557,d8c2a5b6f12b75c02efc4512cc0c2efdba9b29f877cc7842dbd1070c4cc562b6,fc5496a7a50db38d8ea8517d4ccbfc15ad36961804d1af6041c78b7e3729b7f9
miscellaneous-numbered-cab-views/0050,miscellaneous-numbered-cab-views,train,0,14107,0,8197516,0,14107,0.0,0.0,,0.03276209677419355,0.0,0.8480808619893838,0.0658618985785367,0.0,0.1737904625778967,0.0,0.006485363598363459,0.5032886613923021,0.1861641772648214,0.0,0.18858656836769958,0.0,0.0,0.04220175159958252,0.6103032768385654,0.8729475634589345,,0.3426591833821115,0.63579278441355,0.0,33fc6fbed915cff715396fc229a8e0da423ed1d84e76cec2dcc2a28d124be983,a9c086f93a23a8995da1495bf54ec1a377ef02d5932b137a3002f7384f45c4b8,34dbec8f1fea9d6540e30508c62337a2b63b1991727e0a979a513b9b5c80cc62
miscellaneous-numbered-cab-views/0051,miscellaneous-numbered-cab-views,train,0,28490,0,8183962,0,28490,0.0,0.0,,0.0,0.0,0.7287398131183993,0.16485025134119038,0.0,0.0,0.0,0.0,0.20655444254873678,0.49201564386304136,,0.2611988304093567,0.0,0.0,0.3892328774907604,0.6021563505944197,0.9381434695684892,,0.6486260710644668,0.6987575469017647,0.0,a29169723725172c5b690fadfa30cc7cf76f7eb2328590890c3c828f7d3f20bf,f19c28ac63b6c849df2da22a96db0a6b720006896d82875ceff69a43205d2023,6978bdc4483c3e6fe150d31d2b5a32af79a47bacc91c2d0c1ba7a65040b4cc8f
miscellaneous-numbered-cab-views/0053,miscellaneous-numbered-cab-views,train,0,3002,0,8116782,0,3002,0.0,0.0,,,,0.7775717277546234,0.17849755035383777,,,,0.0,0.03326067414410021,0.04806893199316325,0.0,0.21440614107826708,0.0,0.0,0.31979232022828924,0.7486801108442843,0.8893780557085333,,0.32282291684456005,0.6142379527314314,0.0,9e09a858819a1882bccc4f5b7cd52bca20f66b1052a3c5191dc459062ae69e81,70a16c903d27ac00306c86f14141f728ececfc9dc4e320ea99148e50ab77339d,17e88c0ad161e5fdbf0b1a2d1204e52c3427dd200827be4bac747fd0e3129670
miscellaneous-numbered-cab-views/0054,miscellaneous-numbered-cab-views,train,0,1277,0,8174377,0,1277,0.0,0.0,,,,0.6216514774924055,0.07843015686031372,,,,0.0,0.0,0.4370171424781989,,0.40999297077852215,0.0,0.0,0.0,0.9484154511429063,0.9396089056182332,,0.6779308192921458,0.792233953402812,,ac828e814ea477c826e95def13cde08680d0a05dbe64cde8303472779d31fce8,ea34de2ac35692d4e015602569d70b94968ad6bdbb3c7aaffedafab451351ee1,2a18046254195203926b5aeca6b5259c931f3676f08b34a1d0c24baaa8e81aa3
new-unmatched-2026/0175,new-unmatched-2026,train,0,7123,0,2066477,0,7123,0.0,0.0,,0.0,,0.66397218694164,,,,0.0,0.0,0.0,0.41453929092706815,,0.1783546158676994,,0.0,0.0,0.8019042419245211,0.891455916530198,,0.6038155325221571,0.6210353750545591,0.0,c81bc0c590d9bd6563e2e11176cfe441dc0920a5f9cdbbea9d32b36a51347b86,e567f1deccb42140b8e6f7f671b1b6b71cab015fd5065dba841e709332e19b53,15c9f045891d53b10489527e49339bcbb81b654393f4e258c58e0c5f387baf42
new-unmatched-2026/0176,new-unmatched-2026,train,0,9421,0,2064179,0,9421,0.0,0.0,,0.0,,0.6540835754425492,,,0.5808299799875191,0.0,,0.0,0.0070755006192595865,,0.07749419953596287,0.0,0.0,0.0,0.8085917778836308,0.9650878295977033,,0.5950452250354172,0.5299980772004038,,fdfba692303712b2119a1d725763d74b54fa20defdb3415916105955f503bd9b,bf61db99763dc894604525d3f039b209cb136d83f1cd35b7655768228102fad0,e285687233e93370afc08e15523719ee0dd03218d9d54f48c8cca8cb76af0834
new-unmatched-2026/0177,new-unmatched-2026,train,0,0,0,2073600,0,0,,,,0.0,,0.8353587353836144,,,,,0.4174948127115868,0.0,0.0,,0.035760079783444934,,,0.0,0.966960029722132,0.9869959997072957,,0.44898033370896795,0.802615653577192,,92fdd6e752f0a8493a8a0114320f0d3adb209985cc28a17efef842ce5c887b26,4bd80258418635ffe4fd02e59e7e743a04d3ef8362742a3493154f57d54ca4c1,10283015eb8f00d4134f00fdea1c7cb8bc9b43ba862198e9906f1d1d97a2ebac
new-unmatched-2026/0178,new-unmatched-2026,train,0,0,0,2073600,0,0,,,,,,0.5581060924088282,0.0,,0.44720818636892345,0.0,0.0,0.0,0.09077052094156615,,0.1863074082163493,,,0.0,0.8037811503997849,0.9481578032315343,,0.475262876212064,0.7666445918117408,,bcfbb199baa79a77d97dfe9e368490306a1c84afc0dabca15e0dae262f2a945e,c0720faac0cf1b752740879c16180ae323eda041ad52f9878faa4a44fe5fdf85,70a63510fb28622ea9af158f52f76480eaef0da54f3047abb52f2e3089597031
new-unmatched-2026/0183,new-unmatched-2026,train,0,0,0,2073599,0,0,,,,2.621231979030144e-05,,0.7874986036639857,,0.0,0.7922533808459308,0.0,0.3208471372533079,0.6021214453217313,0.2988677529993526,,0.43222182383171986,,,0.0,0.6123747450563093,0.913171531998645,,0.5005358809768016,0.819490253183453,,60f737c273e283351acc6efb1ba0704e0827f47b77fdd8695a5bd891f5dbab4e,291ed9200b9c9d9d1be97ae0e9b2cfb2da0843377519c6b9e5e806e193e1071c,257aad97d89b02cd4f639e8f3aa0b4f3a198bba94c62b82deffe14fbeddac7ee
overcast-mountain-stations/0214,overcast-mountain-stations,train,0,8733,0,2054264,0,8733,0.0,0.0,,,,0.34661622065653536,0.0,,0.0,0.0,0.009119260434939994,0.0,0.2363354536682986,0.4111047403573476,0.4975866489558878,0.0,0.0,0.0,0.36954723827214686,0.9221752129685051,0.0,0.23076227097941643,0.3967283057957191,,fcf5289b197c7f0a48d5f375c13e6c090599b238c68ce299010e0babb86cb7e7,d66cff571333e436c6a9212058e636e2420673e9fa861b9fb9c61d3cadc245d5,a82240d02a21218f750f7d23db8f2a0d5380e1c185b6f5827fb5071732fd406d
overcast-mountain-stations/0215,overcast-mountain-stations,train,0,0,0,2072956,0,0,,,,,0.0,0.6569571701148078,,0.0,0.49003475088191534,,0.0,0.0,0.37592538950647475,,0.2752640459971252,,,0.10678592687740844,0.41890299837350764,0.9514574701357121,,0.3588709315174328,0.5525119774233773,,a4ea3527469f92f7e01c82dbad4e004af29e5a534ebe1ed94e96185736126eff,854429faa83f8da4db49e7aad63e0ef178c079e045e63a5be44bdb3fcd0af9f4,3e9e8d3c16c534c055f6410b9669771e71a65271c0e6ef267b162343a14fcf43
overcast-mountain-stations/0216,overcast-mountain-stations,train,0,0,0,2068117,0,0,,,,,0.0,0.7433055938889586,0.017234919445485202,,0.322262118491921,0.0,0.00023722291046153035,0.04262018439249259,0.3484053694128533,,0.3011383011545394,,,0.0,0.907715453786455,0.9432620332470466,,0.5589398059828713,0.7395466206838541,,39f23d5418cbc5c465dddc13feda5ebb78e7eb06be8eacb3a5acb0256a95f409,484d599c7a9c73383e03fb6ad49561d2771579ca685ae29f0f30e4be25d04b96,48ddf1ff3fa1e53f8d6104227036583201fc069fa9e1c02f60362229cb127545
overcast-mountain-stations/0217,overcast-mountain-stations,train,0,31921,0,2041679,0,31921,0.0,0.0,,0.0,0.0,0.4192731145119459,,0.0,0.0,0.0,0.0,0.454268042121211,0.2139806099176274,,0.3434714186951934,0.0,0.0,0.14890415545542193,0.6922722634229928,0.6794577368249975,,0.3737266388449675,0.5888536008487929,0.0,014ccb7933ce4cc405469bff1fb36825df54553c505c185a5c2b9ca46750aa01,aa3b2a2139a82a89c2ca14efdb1d56c34c50fe2cbd36c733edc6aeb721cead1e,0ad6dbc82da28964d5952b3f86cf6764e99411e3e4917c0ed53d9eb578752fde
overcast-mountain-stations/0218,overcast-mountain-stations,train,0,0,0,2072152,0,0,,,,,0.0058757036854651876,0.8793044987861279,,0.0,0.0,,0.091909771174493,0.21619501368080668,0.07195429339606789,,0.5907052540872614,,,0.21020642971019354,0.8182324499012037,0.9116826108097797,,0.33612241649803326,0.7046959335092732,,7d192a396ef667bb5f346b4419b19250547fc8d398f9ad1541087e3b71df732f,5a08d87d4ef25c8edc375b184d40fb21715f14fe709bd157766f55da6db5be90,fd06a789ab8853a6bec2b761e51b88afddaaa04e6f00895858472e1c4f5f0b5f
overcast-mountain-stations/0219,overcast-mountain-stations,train,0,0,0,2067823,0,0,,,,,,0.13253346279214925,,,,0.0,0.28620596405831306,0.0,0.8521168223779952,0.7843477238663414,0.22660688828743208,0.0,,0.22066284197050876,0.8045430936270295,0.9662310297625452,0.0,0.30732193979352823,0.5951893353941268,,217eb3ce4240bbab2cd912c73d871881db741d3f99a15000d1343139afbeb72c,5dd19a743ac1e5e12f6fb63c62e75e423f24b6825f5013be4daef1327de5b91c,58f8833cf5409cefe4f551852e67b63a9b0be202e0fe5368db670876f7b13d97
overcast-mountain-stations/0220,overcast-mountain-stations,train,0,0,0,1926688,0,0,,,,,0.0,0.7479205311353774,0.0,0.0,0.6616605416059294,0.0,0.09891971070218804,0.0,0.30223366118209394,,0.14266605111450453,0.0,,0.0,0.8785715997833142,0.9584402573677133,0.0,0.40569910374238866,0.7256110667847084,,b998518e2d97c634c8c2c846bf7f07e5ad02688387f15d657cc9646d080b722f,a78aeb5c9b6e22817ec40a0d14a2e3b3369a6697165133d9a00b6e867bffaa90,7d9c876e177f121e584d34eed0e30231c85de899538d67d0dd7eb44224f10f28
overcast-mountain-stations/0231,overcast-mountain-stations,train,0,0,0,2073600,0,0,,,,,,0.676556871773924,,,0.11725933332075686,0.0,0.00851909219476059,0.0,0.001882795374263881,,0.42313065102927405,,,0.3017253471735166,0.7709449673699456,0.8315336581508658,,0.4774482858382757,0.714999941898974,,27cd78cb2b58647066724fd485237e2568caa02d648e8186d42928145e8c8070,e2756ab550685eb2f70de905f8a2f1b99510c181fc397402f3f807c8450880f1,608611cd2320c4ccad6ab878a7042cf8f33a9e93734aa97f497ac4ecf60ccc72
overcast-mountain-stations/0232,overcast-mountain-stations,train,0,0,0,2051786,0,0,,,,,,0.7844575599039303,,,,0.0,0.15273944320083455,0.0,0.3901997050663601,0.0,0.02998232575967292,0.0,,0.20279579624880575,0.8802434597706087,0.9072144324213783,0.0,0.3421461897356143,0.6792092131405073,,77b17d1922889f7c1d3d5c9eb9eb7abb5f53399f38433a493e4e0d9f6d369bd5,3315c387c153f722bf32fbe0bc5bfbdaa858f63464cab9be2c8c073d479522f3,da4fe8d0b6853e984faac2d83045228a00de61a591e8cbdcbbecc01403a6bbff
overcast-mountain-stations/0233,overcast-mountain-stations,train,0,559,0,2071336,0,559,0.0,0.0,,,,0.47089612850825735,0.0,0.0,,0.0,0.3950507070418512,0.0,0.3546844515460456,0.6555177883525946,0.270240832627375,0.0,0.0,0.10729989280948526,0.8119175316597671,0.9645287924531529,0.0,0.22914419273642575,0.5074128740516504,,ccfe0f6097d8c9ab6aa93e8322b418afe7878378f87ebfaa7638f12f8605381e,3b67554f9922cacbbdfd34af50631afad68cbcf60e66ebde1584c6133fe36a61,a273f9d4120b39008030b19ac7fa3600c765347ff3012e5bc8ec7dadc9b1bae9
overcast-mountain-stations/0234,overcast-mountain-stations,train,0,0,0,2073600,0,0,,,,,,0.7232988956180976,,,,0.0,0.1287435840214238,0.0,0.0,,0.44260253993098786,0.0,,0.313505385368583,0.9443224748630226,0.9841364981266666,,0.535384276914051,0.8023509066203767,,709cbea54e2cf9800bbf3d0c032a4ecbdd34ac081630e119aea5e897a39808a8,9f031a8f85e736e4469eff85abe294ba9b7cd9f12c496873f486d04a6bb80267,c7ce2f7582de14cc858c152978fb5e9cb7bdd5f848c6c4be06835fd2d31ed38b
overcast-mountain-stations/0235,overcast-mountain-stations,train,0,1511,0,2069876,0,1511,0.0,0.0,,,,0.24879527984767635,,0.0,,0.0,0.5592129656584104,0.0,0.642277943425497,0.4361754632606972,0.5561820892009571,,0.0,0.19562528796954193,0.7894442071289572,0.9273144116712212,0.0,0.29776578838423634,0.6321782217718449,0.0,468c69f20ee4665d35f34a795d6f47eaaff96dedee7864164a769f063403427d,727abdd8767871d43483380b4a639a89408335f221c2798f071ede7d71cbcad3,fe072e8e37777211b73093ee90fa5be125d20069c4cd010e28a61643bd06f919
overcast-mountain-stations/0236,overcast-mountain-stations,train,0,7132,0,2057354,0,7132,0.0,0.0,,0.0,,0.5008290941794779,,,,0.0,0.2196202286628642,0.24598306321164642,0.6251773714224519,0.6932980687659065,0.23589129249506607,,0.0,0.2657057840144068,0.6726560036187679,0.8336679590141235,0.0,0.4294940336170395,0.6805493496177142,,7d0f48496493980d7a6b226310064c37f280f0d3d8723af88c69108db233c6e9,357469e787079530c7c4af0fe3afad136d2be00a3110c53be46d1dbb7f58abff,d5d0d69fd9a12f40bd3e3d5a079830cb3b02e208c1152b9a1a514eed5c7d930e
overcast-mountain-stations/0237,overcast-mountain-stations,train,0,6421,0,2051975,0,6421,0.0,0.0,,,,0.44265579417243683,,,,0.0,0.48985002198374833,0.0,0.2712965276042968,0.16032266196117972,0.12603469199234432,0.0,0.0,0.18307541665404845,0.778299809132286,0.9439119408146797,0.0,0.22021290239835833,0.5724019044491874,0.0,d9eebb905aa35607b8a9ee3cdb0cfd1d4a4e368e77135f92e804f42440f333cd,b1eec86e60b77ba128bbba833a23764f54d112d408858a88b1250f02d7da05d0,11e1e06ccd53a3c168f3a4a3ea01dec31a5e75455f751301b762154208999f6c
overcast-mountain-stations/0238,overcast-mountain-stations,train,0,0,0,2073600,0,0,,,,,,0.5391527108664067,,,0.3951485497363157,,0.05233494363929147,0.026088473955152257,0.12253619687099085,,0.31271779471343175,0.0,,0.5840232027695123,0.6757262839416852,0.9599483713491842,,0.41704754175387637,0.3881670708379148,,38d3daf79fb1b3f1c4c8c5bf74635d5954f16b3c5be5297e9e5ac9b077259d42,0bd106de9c902a9bc8006dd281b20d065ef8b5bfdbd81729dc77edc4d0287715,35c674d7fa0dc61fa8ef38652ba71410e38f60b0e8a63a2e00511eab65f5bd94
overcast-mountain-stations/0239,overcast-mountain-stations,train,0,0,0,2037432,0,0,,,,0.0,,0.6316753636060841,,,0.47777586038986003,0.0,0.0,0.5587816303678035,0.3680125335008708,,0.30607372242390396,,,0.05167035848288956,0.16511331435403223,0.8017676303419341,,0.4046114893930828,0.671559856091603,0.0,a48c958611d90e4471af958912e453f589b8b5533315c5d59ce81b77a46a7bfc,7b59514cf69597aa4f2cce3764a3d0af51710e328dc3d85c3976e4c563c3ecc1,64d6a7a146a81c56d425e8e6f6ecddc63ac1c6727aaac57cbf87f7bb04654775
overcast-mountain-stations/0240,overcast-mountain-stations,train,0,20501,0,2053099,0,20501,0.0,0.0,,,,0.5871512788376735,,,0.1213021778584392,0.0,,0.0,0.23347969306058233,,0.5002370563781908,,0.0,0.0,0.8041092601390528,0.760759561298398,,0.5446290186084989,0.6553270878510227,,8b51f499144ba83986ae26ea615d1f3e8da062613143bac5e635ab5684f8c914,99709ace9ed244e7aac8df6f8691255f3bb94e3107826bf9d3f678400c6ead23,a9bf179b88a6cc59e1ea185fc10bd0442691a4bc99f1b0486e2dbca70d99c96f
overcast-mountain-stations/0241,overcast-mountain-stations,train,0,0,0,2054583,0,0,,,,,,0.5766567193227157,,0.0,,0.0,,0.0,0.0,,0.4463003894326913,0.0,,0.20508567227761965,0.6795680485039028,0.8928700499386718,,0.6140959499532843,0.7513901902597386,,3625a2c4d4e9f8f3e0165e6dd90494d2791acd79e6142389e4a17e9e72601af3,a18c6013db023e74d3f18197e3c928119a026a0643711724bc334d3c6663f66b,2a399d623139ef84b160b01cc8125f0c8375dfc7cd2cd5b3361f8b76f13355a0
overcast-mountain-stations/0242,overcast-mountain-stations,train,0,0,0,2064724,0,0,,,,,,0.6120880400605566,,,0.01360498080653256,,0.0,0.0,0.0,,0.2744957142123903,,,0.0,0.8329286478934467,0.9462245533859577,,0.5176628338851115,0.7273139706583521,,ded050ca71f820d730759226ffc1d2274e07ef4601f63b34c13120c7ef05161e,eb2b02a061e3cd39e085fb56063ea4abf4c835ba5583526332833e0723c0d442,c60240e0b9d8a12437c142a49d3027331ae3c2be0e3ff10c1d7634a30593e5d4
overcast-mountain-stations/0312,overcast-mountain-stations,train,0,5,0,2073595,0,5,0.0,0.0,,,,0.5135651080267709,,,0.0,,0.0,0.3187713704499877,0.4757661668481249,,0.4208737157006644,,0.0,0.0,0.6691481337671438,0.79530507266208,,0.4626963040280875,0.6420017686506669,,5443a27572d1805ca781a25437ef08d1d27ac70239d96cb52f50717ff14822c3,b7a584f428c50f605f7f6cf81f78b931a71df4e8242a20fa82991bce28e1f9f1,8de6cae2d68cad9ac1a500b7beb368af0cd2422b54692e946f8ac0fec847a338
rain-water-cab-view-with-overlay/0268,rain-water-cab-view-with-overlay,train,0,0,0,2029558,0,0,,,,,0.0,0.47589898435355477,0.34670899260949356,0.0,0.0,,0.07800368869206048,0.0,0.7420716956642093,,0.0,,,0.0,0.6185583822570124,0.08743507296561959,,0.3452888431574305,0.4232223585365444,0.0,7a53e1b4c0a64e0b30e58ab9db89fcf98ce95254700008d25f5394d06f97a292,23a6618e87555de6cbd8e26e944af51a428323c138f0f4bdd425e1c41c6ebf5c,e91430013966a8ce753a3550066c3f262bb0f12a5a3072e9c5886733ac878de2
rain-water-cab-view-with-overlay/0269,rain-water-cab-view-with-overlay,train,0,0,0,2054769,0,0,,,,,,0.7222917377621052,0.14542346994436162,0.0,,,0.5065205926067987,0.04393859184753838,0.507768524309556,,0.20648967551622419,,,,0.9186868291920002,0.9849437853479768,,0.5308752461070342,0.6378428771200114,0.0,1100c1ea54949235b635d2def045d12f73d290500eb308c1ce83323f8600862a,abf7569acfa9b70797209bfc372ddce4a802e55f69e55594dc883d24cab15bdf,389733aa05e30fbf254c763ecfe89497e50eda2d9f0e8690bd4849a8e8903d51
rain-water-cab-view-with-overlay/0277,rain-water-cab-view-with-overlay,train,0,389,0,2032217,0,389,0.0,0.0,,,,0.34357962897493627,0.6108464639061928,,,,,,0.0,,0.0,0.0,0.0,,0.9700000438780279,0.7972523207468923,,0.4068920105355575,0.0,0.0,ca57dfd0f80377755014a88660f5a17884651b8fc20abd7455c72679bd8bb09f,5542b12fe43765140207071f9c0e4692ea5687467fc0d4d502d4e96bd01a76f5,b9c27c4441e84b7aceb85edb6c7d472d507a4f899a95dbac5e88b3d05f4d9de7
rain-water-cab-view-with-overlay/0278,rain-water-cab-view-with-overlay,train,0,4915,0,2034644,0,4915,0.0,0.0,,,,0.4483007187228359,0.6473406029246799,,,,,,0.0,0.0,0.0,0.0,0.0,,0.9719368861159033,0.857433587916212,,0.6199449793672627,0.0,0.0,ae02105bf482e4b7269f687a6bf9420a5d1fcf5bf84ca910a716df519b4a66f1,f9d9cc36d418487bbef456deb4bd834ff96e352253bedc9a16b3f55061617ea3,1a704712ea7fd0b9342b59649a788e84dc4e2f1cf266997216331ae75f7fd441
rain-water-cab-view-with-overlay/0279,rain-water-cab-view-with-overlay,train,0,4280,0,2050040,0,4280,0.0,0.0,,,,0.6142230988384835,0.4244791016843419,,,,,0.0,0.0981807109690188,,0.07322127561593368,0.0,0.0,,0.8479211654930509,0.8497661348000278,,0.5191465040960183,0.29658792650918636,0.0,41a8c3396c58a82a580a4b2d762d7a5813c5b86e025f72d9bc3ad2ba21db3545,75cfc723508e1a083341fb8e16648a7f892140dd4f2ab1043d614110da2558d1,4e9e241541948fb3334ba8c36bbce35fdafa75935039d5b58baf7697dde93f06
rain-water-cab-view-with-overlay/0280,rain-water-cab-view-with-overlay,train,0,0,0,2054275,0,0,,,,,,0.3929876911600149,0.3851476878321356,,,,0.0,,,,0.0,,,,0.9590752272440605,0.8361132609217795,,0.4839392869749382,0.3268294802711629,0.0,70a05bd99cfd467ea3e055a00e478d6e1b45acfa4adb761b94f8e266417d1ae9,e106743e4b56f6a000935339646381f74dd47b337309998f9c1f64e772dc2e55,94dd269da50d78796dee7582c6e57dbc36d7fc996e7e2d5462897337f2c88a58
rain-water-cab-view-with-overlay/0281,rain-water-cab-view-with-overlay,train,0,97,0,2053500,0,97,0.0,0.0,,,,0.6185996475085261,0.4502201391847749,,,,,,,,,,0.0,,0.972373920522817,0.842060032188003,,0.5737005105884322,0.5440012662234884,0.0,a7da1f692dfad6e78cfde641dada58c6873c4539cb40843c04d9e3238e0235ac,0307bb1c875ecbe072c4937d166fb5c6179a715723a729d6f851102552edbb52,c3dec4b9da871381a279ac00311e2ca7fe3b579bb15502c11ad7649c864b97a9
rain-water-cab-view-with-overlay/0282,rain-water-cab-view-with-overlay,train,0,0,0,2053810,0,0,,,,,,0.4560024134095066,0.5962686863604465,,,,,,0.0,,,,,0.0,0.9842093813528172,0.813466787989081,,0.4951745287273383,0.7347669453833837,0.0,f9741378f2d70f2bd7e5236fc50ad4936840f4c1561be37a810e2aba8983efab,c2f421c7de5534678595c101104109c3b656630b9d60fb9b35495a373e44edea,3e17abc9451c3bd4970ba682322241958077f5befbd95c6174ce5f54cfbe39c2
rain-water-cab-view-with-overlay/0283,rain-water-cab-view-with-overlay,train,0,0,0,2054083,0,0,,,,,,0.24970977478523335,0.5316113096489384,,,,,,,,,,,,0.971037821631319,0.9391976870256595,,0.4314970977987077,0.0,0.0,50f5c438789710cc8a44142a41fc391480200cadb38493f126501909f2df6f3a,04b5fbb59ca9fdefb2c884a036413016e6db4df5eab65336733ce8f35b69af69,085f7bc586749ddb8f00aedba697d663276a07909ccb9129ccdad7006dc00bb6
rain-water-cab-view-with-overlay/0284,rain-water-cab-view-with-overlay,train,0,6544,0,2046929,0,6544,0.0,0.0,,,,0.625002598806628,0.40305440213948907,,,,,,,,,,0.0,,0.9727356386048999,0.45665174709444467,,0.5276259664089576,0.5916310258118592,0.0,43ee426aa0b2c2ce8f85dc51fb77e1d7b14c6221bf250479b4fc3db9938e1d2f,124b16930742b8657398889555a2a4ca0cd3a302b337fa75ca4b08d758b9ab29,577572faf304e580fef4e58e91afdc850f02f3ecd8e52159b709db5f0b9f9667
rain-water-cab-view-with-overlay/0285,rain-water-cab-view-with-overlay,train,0,0,0,2054047,0,0,,,,,,0.28796487603305787,0.46930890653733925,,,,,,0.0,,0.0,,,,0.9179402267384639,0.5953171252238063,,0.5313097514340345,0.0,0.0,2956bdb840f2c86e03cbc88cc38600c415d72eea5fff4f468697cb6ad1fb86fb,7c817992adbdd24001302c811f1bdc3fd0af55e9c6cee7d75ee1ebab90d9ce52,bb8f8a53b2cfcff2b61b903ab899cab418996827581d05a3d8bb283aa0d25302
rain-water-cab-view-with-overlay/0286,rain-water-cab-view-with-overlay,train,0,0,0,2054089,0,0,,,,,,0.0,0.5880706264806808,,,,,,,,0.0,,,,0.9341205096954345,0.47888341912739013,,0.44433129667345556,0.03823825744854387,0.0,65bb9a26ed2495d66bcecef26da2702eed5d5ef32bc6393785623c77524cec64,c5023a4e5a1ade5fe386facb5dd55efc8f17e3afa73682ad1f23e1e7f6e96499,2b4c47d18b54e3738ad38be6da08aefa43f9229d88ff71327c5f46fbcd63cbe5
rain-water-cab-view-with-overlay/0287,rain-water-cab-view-with-overlay,train,0,2314,0,2051916,0,2314,0.0,0.0,,,,0.41758130287476414,0.5059970871291087,,,,,,0.0,,0.0,,0.0,,0.9673643666274102,0.9413316378983821,,0.30776925641880626,0.0,0.0,e86117d8914772da397288df8ec1e772efd2441073ebe583809d2c492b5a8b2e,49c1380aaf9d4764c6f027260ff4e8b042c503f86f3393d63dba98fb7b567287,4e5a1a9286b09b1dba87d4b865bbab8fbec426f2da81849bf8fbd09a2342cd06
rain-water-cab-view-with-overlay/0288,rain-water-cab-view-with-overlay,train,0,20362,0,2007132,0,20362,0.0,0.0,,,,0.4001290816082612,0.4195172324770879,,0.0,,,0.0,0.8578608491061488,0.0,0.0,,0.0,0.0,0.44669928688692795,0.0,,0.1336492127622448,0.31304193451936013,0.0,edfc5f576a3fe8034173a9ff71791befd981bc683b089bc729fe555cefbe4b3f,18a05516eb56af5f738ece0bf1f771ff1da45279a794c9ca45f4549211644f6d,b4d520421eb52be82c106fe30cb67d707aaa73047b9696f4c6e5539017f82332
sunny-mainline-cab-view/0124,sunny-mainline-cab-view,train,693,246,78678,1993983,79371,939,0.008704171219714382,0.7380191693290735,0.00873114865631024,,,0.47719318304527064,0.16066859969298994,,,0.0,0.0,0.5832669342549526,0.7066354368258906,,0.3766914502322756,,0.008704171219714382,0.0,0.7628708940768154,0.8818961941675367,,0.313765524416412,0.5795956591674724,,7401f5fc76b6fc6c255d1dd4039a55eb15e32ab20cd3552dcac7878a8a74eb88,9544d3a4d4f26ddcf2a101283fbc57247e7d6b9a4c2a4d1dcc6ecbc47866431b,78407d343324ed99c3a461612aa789c9fb617c9d678c18aaee36b446e135d283
sunny-mainline-cab-view/0125,sunny-mainline-cab-view,train,7099,15133,28432,1990920,35531,22232,0.14011921680088427,0.31931450161928754,0.19979736005178578,,,0.028385810056969087,0.0,,,0.0,0.13874991525998237,0.007574557930852468,0.011397562431948298,0.21026975297565645,0.118361540706157,0.0,0.14011921680088427,0.43776824034334766,0.7114698023183588,0.9846986221216977,0.0,0.5919922652562134,0.4920807473451955,,b9b5845a7575d6e07a9bbc5c28a07e05557e8f29ff815f5cbf7248d75ec08247,258f3be8e12caaaceed243c728d350b639caa3c57d90a8ad103831ada0b7f6ef,cfd768d84a43c0afb5a683079f0d0473312983a360348b93c9f9908a89f85ced
sunny-mainline-cab-view/0126,sunny-mainline-cab-view,train,16355,526,17304,2036952,33659,16881,0.47842621032616645,0.9688407084888336,0.4859027303247274,,,0.4692968928773965,0.0,,,,,0.0,0.6375658902133777,,0.48870423266683977,,0.47842621032616645,0.23704655491015544,0.19990395336770406,0.9621231406189211,,0.5405649569241795,0.5520388751900568,,a1e2fc892f0b131c74ecceb67559b53b91457b9cf91503592486c858fd335277,e27211315a2ae32a9a3ef1ca41e51ca0a0fa4f6fa09bc2a6e3ea542fe11ec29e,ee71738ebf4da4e62824532cf788f8eca61a070da4fafa41378dc5168c955a69
sunny-mainline-cab-view/0127,sunny-mainline-cab-view,train,10765,6683,14265,2041887,25030,17448,0.33945069845173903,0.6169761577258138,0.43008389932081503,,,0.4764274651522974,0.0,,,,,0.0,0.4955014995001666,,0.4164824087923522,,0.33945069845173903,0.21828341059211304,0.19998406475023156,0.9362909606382277,,0.6010600756262064,0.5570281449874196,,0d4cde05aed2bd4fe2170c8e306ae84b426e1f4e3c8d7f9b0b0cb271454f8c9e,aaedcf88592ad3e09dd1013b51109aeb4e7c40f4b2d9226c243471e2f34e9ce8,cfba07e217860fdec82797365093382d2416c99a1d0860c45702604203c3241e
sunny-mainline-cab-view/0128,sunny-mainline-cab-view,train,2704,5784,20479,2044633,23183,8488,0.0933476024441606,0.31856738925541944,0.1166371910451624,,,0.35571014924077554,0.0020148595894723584,,,0.0,0.0,0.25289556096833526,0.6336691179382913,0.0,0.3971133108444395,,0.0933476024441606,0.07359629176141333,0.7456871705013534,0.9642437459638573,0.0,0.48063082222055425,0.5617832697260945,,24687c346d035f3bef72afba9b140f03eab022e4a90af673afe81fa9f274787b,c2fb729a44959c3f10648bb333aa2bfa0a8bf6c4779e7237ba1a4ca106ac5d1e,0af269a8665b66fdc201049ba036995eb0c18088c8b54e7a5ebef0d0243473d1
sunny-mainline-cab-view/0129,sunny-mainline-cab-view,train,6216,13924,39035,2014425,45251,20140,0.10504435994930292,0.3086395233366435,0.1373671300081766,,,0.1738406380533592,0.017785590569500815,,,0.0,0.020192533458558346,0.3512420312156518,0.6414099059056373,0.25211622054449784,0.5109331188732149,0.0,0.10504435994930292,0.11379055137535463,0.6615941655499433,0.9555689115941545,0.0,0.4742741066098841,0.4752383667962529,,e52ffee04497a5939bda202788429a87b3560377d2abd91af07b4286a26b89c6,0c3855bad8ebb48418e3eb7da192926f4eba3d0bd8a6c1ba206a8a0de118136e,0fb73502f823a09298be3d24072ae0d713f748278b6a563447e2e18ac84ec92e
sunny-mainline-cab-view/0130,sunny-mainline-cab-view,train,16936,6397,10348,2039919,27284,23333,0.5028354265015884,0.7258389405562936,0.6207300982260665,,,0.20067753611979086,0.04459450850480984,,,0.0,0.0,0.34961106909850204,0.6547927260724711,0.0,0.25175948231070805,0.0,0.5028354265015884,0.15292979687420455,0.03720294087784368,0.9536843633100882,,0.47705025219503083,0.44139702683280946,0.0,e0ef00001b7bf26a5b6122387465145d21b99c1296743b3f03e61660ac3b3c2c,9e56d793d32c98b488bb34adae6c07d0b0bd6f457d0f9aa68dfdc9a0a4542a74,21a5afeae433f0f45e53c676e1e3077f6133c6541e0a5174afd30745030fd464
sunny-mainline-cab-view/0131,sunny-mainline-cab-view,train,5066,9238,38286,2020930,43352,14304,0.0963301007796159,0.3541666666666667,0.11685735375530541,,,0.26672843240097704,0.0,,,0.0,0.0,0.316208229142987,0.576402314579768,0.0,0.42348819720841513,0.0,0.0963301007796159,0.4767717124838595,0.5785173235328682,0.9161923591121485,0.0,0.45819311767260096,0.6064578677863177,,6ed3b7e372d8d5dc78b215af5af6f4653456cd41ece09177eab1178a747e70bc,a8c27ee277932c37a1cbb160b15f22866e20dd4aec146b5de86eb4603ff534fb,e42394ee2b88950254b255d9f27c80c79e475469bfe4dc6ab21a40a586085dce
sunny-mainline-cab-view/0132,sunny-mainline-cab-view,train,3845,1548,10202,2058005,14047,5393,0.24655338249438924,0.712961246059707,0.273723926817114,,,0.6520829804146414,,,,0.0,0.00503755266532332,0.0,0.4890894242547979,0.0,0.3781144131395,0.0,0.24655338249438924,0.43050346692250663,0.5194419613417547,0.8961783851825211,0.0,0.35846843324209704,0.6761557921659114,,e153b7e6bd960d596c08d639a6b6e83a0851899aff6c01d8e6bfbba8b04f29ab,51ec0f2f880b6d5e6d011aff4a6f35f79480042485ebc9db45b9e0c8ccb772ca,3e800c0f21c327ddffb0b338c2a979568d1a71db8221df70ef323b1f49dc267e
sunny-mainline-cab-view/0133,sunny-mainline-cab-view,train,0,15,4876,2068011,4876,15,0.0,0.0,0.0,,,0.4687606042919387,0.1276793688597797,,,,,0.38198482523075594,0.6943615068470897,,0.2650087187577846,,0.0,0.4017186717837477,0.13747801946830188,0.707656472154158,,0.4278039890526476,0.5325157661858698,0.0,f9e73f2fb85c57a08b9d33b0c1c38cfbd56bb541c4b32e14c80883c01757b91a,7b970b234bbeedfb2a18e0ce9e899a251b487dd70a00f183d3d16356c2b2478d,d8b6c9b513680c6496d3c049fe824e86ff0b8dceacc9b7ce1c231fa6868701a8
sunny-mainline-cab-view/0134,sunny-mainline-cab-view,train,13410,19525,22801,2010698,36211,32935,0.24059853595521746,0.4071656292697738,0.3703294578995333,,,0.13640177897121758,0.0,0.0,,,0.0,0.3664923977169169,0.8191115851991616,,0.3619281045751634,,0.24059853595521746,0.5893587994542974,0.8286806640870125,0.9739527292753422,,0.5132225890285875,0.5464241990252016,,9e4b1e6f4202cdfc0d9ff15e1ee6eb32270e1c0e88b7b7842be2345e74dab6f2,810016b295ab6550cc7248033bb01b9032302ca875b032e9d08005c80b18156f,8554f7ea3006df9faa06c67054fa3ddcfbc3a96e150ece75f0ab3122ee92b0c6
sunny-mainline-cab-view/0135,sunny-mainline-cab-view,train,7696,22712,10428,2027439,18124,30408,0.18846116172005092,0.2530912917653249,0.4246303244316928,,,0.4288603232102977,,,,,,0.49418171845002545,0.6618847232848764,,0.2449732660591912,,0.18846116172005092,0.0,0.8935962910848129,0.9796966141947931,,0.5655420021632015,0.6622325210672804,,917d7fdbcba14ad98f4155259ad4945453a4e76aecab144bfdfd515d95e55343,ef3653ad7186e447e51f20d8a071847cfab4d31d30567977a105bb93a6e226d0,7de70f6f620ebbe04826a5eb3d22067910ae182bce48bddb5e0a5d4642c2743b
sunny-mainline-cab-view/0136,sunny-mainline-cab-view,train,12550,9507,75150,1970854,87700,22057,0.12910592858538994,0.568980369043841,0.14310148232611175,,,0.3914349260144642,,,,,0.0,0.32626502840533755,0.6048287538358436,,0.34080409989894617,,0.12910592858538994,0.7214284818303834,0.9439227998486844,0.9288527164647891,,0.6289890692710691,0.6111884269805604,,23d8b5534877bd891ce5b404ae30036f3fd3a3f9769fc5d17235cd727642067e,79c1982f49ada9c405b84125d26d3248d5d79d06d6bc5cb458d82e04d838eb1d,1c22ac7cc6c169f660cc7e39bc5943ec5a4a57674737223c5ef45a3f87e90942
sunny-mainline-cab-view/0137,sunny-mainline-cab-view,train,0,14943,24371,2028912,24371,14943,0.0,0.0,0.0,,,0.2530042904355482,,,,,,,0.5901835227794969,,0.17700385961762857,,0.0,0.0,0.9478493817229213,0.9512548913776818,,0.5936494368463395,0.6812169418659882,0.0,a171edd02bf21b2bc889ac8ed17fe30fc47d76defd59a637e236ddadf0c76f27,6f160ebe16131fde736faa1b907b2b9193af1e3c3ecb7fbcc5d577bc8750144d,1f897d9387b7d92198eb3a8e2f1489787a6896cae45bf9a5ed3e7166efed0db0
sunny-mainline-cab-view/0138,sunny-mainline-cab-view,train,6680,38874,256,2022421,6936,45554,0.1458196900240122,0.14663915353207183,0.9630911188004614,,,0.5845800866901399,0.0,,,0.0,0.6314316182351373,0.5615725173000272,0.5187864273408194,,0.10806666666666667,,0.1458196900240122,0.7322350117287655,0.8910311040631939,0.9740499071139278,,0.6128987752849532,0.8173146625647554,,461bdcfd80571cea432e10e0947270b1a03bad21b5efa4efc325d700d1107bed,50f45cb9d7c36f7e9ad713cde316882219c82f7d0791f0d0e907e65ccc5286eb,2dd320f46dd8a7931f3c63f85f5cc2ff576a57a7a02eafda487110bfa9678e53
sunny-mainline-cab-view/0139,sunny-mainline-cab-view,train,484,28671,27386,2011789,27870,29155,0.008560159883977998,0.0166009260847196,0.017366343738787225,,0.0,0.35114743708242,0.0,,,0.0,,0.0,0.5260159691201419,,0.44772264830176867,,0.008560159883977998,0.0,0.8406654732310458,0.946644694338068,,0.5962772903676727,0.5092571702284963,,ea793969cdff22d7aeff4460d14cafa8007c32c5650e6cd3586775c958a0754c,9ffd1fbd5a02985f044eebd2c5f1c76c095bee6781c959b4c6742485ddd6b778,3e423856aeec4b699b469643ecd4fc15075cc59deb80da6a28761cccc806c865
sunny-mainline-cab-view/0140,sunny-mainline-cab-view,train,0,1285,23511,2029190,23511,1285,0.0,0.0,0.0,,,0.5866980079365604,,,,,,0.3007969532407081,0.46687399627826354,,0.037345307195268865,,0.0,,0.9407925969710159,0.9772600983116051,,0.6370934313427474,0.7137085337372592,,3a5fae521d4841d641c0b0953b4733aa8f8734d7fd9997403022f033352a935e,bec802af770693ccb921ee7235635fe5fd724eaa5b1d6e1f6746af21fd9112cd,f21c9e741f4c0aef1cbeb8c7085efb38c2f5264848a4c6dac295867fafeb2f14
sunny-mainline-cab-view/0141,sunny-mainline-cab-view,train,0,31261,24124,2005794,24124,31261,0.0,0.0,0.0,,,0.349056489876734,,,,,0.0,0.0,0.0,,0.6069307611761199,,0.0,0.2571130445006172,0.8353105259031922,0.9036905988673773,,0.5259545701391359,0.6443939062548821,0.0,2ab1618bf2232f7953374c7ff9fd6dbb5957a1d11d887a1004faeb1f3bfa8241,97b17a45f269102384f6109c04c9d6b8bf8782c9ed75e154169d5296a043ea20,f81a6708c6394d43ba458c20d89ef2d9b042889b42b8f87df537e1771008c641
sunny-mainline-cab-view/0142,sunny-mainline-cab-view,train,15793,20170,13474,2018570,29267,35963,0.31945708679733803,0.4391457887273031,0.5396179997949909,,,0.3632210659307777,,,,,0.0,0.35337658777300557,0.0011056620597414176,0.0,0.06497849976110846,0.0,0.31945708679733803,0.0,0.925922253688705,0.9773375880307877,,0.6070980188014821,0.6838900408254812,0.0,f9d4c3db5d27a80539d7e059e63c85bbda048e2f6d73d48e3b0e6d2541a023d4,ecd3fb29f78f54f484c4e6ff39b9f5010a4ff9510a0ca54c9e0fcee6ada30585,f91830bb4d11c089688f979579fe472c45300e63e579c760a0bdedf1bc628e39
sunny-mainline-cab-view/0143,sunny-mainline-cab-view,train,6204,9790,38140,2014087,44344,15994,0.11460449994458197,0.3878954607977992,0.13990618798484575,,,0.18788116860635437,0.0,,,,0.4904712660658886,0.0,0.2374836946394186,,0.11445612042033514,,0.11460449994458197,0.31353953744150576,0.7943698605636517,0.9795957388328927,,0.6856359617647904,0.5547186704784643,,4437f8bc5b8248f9f54a530115e7dbcc3ace4af83f6e7e7505c28bd61deecdb4,5633b96990c8cacdbca53cbc8c942d05e63f5e2d839d47c6d0409a38e1392cfe,a094f74cc9b71d37abe3a6f2e588b9fabe166cf49ba6e80903285264334eb3d7
sunny-mainline-cab-view/0144,sunny-mainline-cab-view,train,0,18448,9669,2039919,9669,18448,0.0,0.0,0.0,,,0.17178863459869353,,,,,,,0.14436248682824027,,0.1527570789865872,0.0,0.0,0.1491223528193445,0.9081187678536041,0.9045316147816747,,0.5904599214681424,0.6423025814831957,,f6b634ec6548b8bf98554aa0ac61f40eb22ae85f7e7ae26d084ddb9500ae7e5d,7f8b37a8c257a86c7ca870dd1ce5018c32c9ed888de4dc3afc7b590ae25fb898,6514e3526526417324b4256c65eb69e706092d77df685dece800717927311dfb
sunny-mainline-cab-view/0145,sunny-mainline-cab-view,train,7437,23145,14767,2022790,22204,30582,0.16399479591611724,0.243182264076908,0.334939650513421,,,0.34461780250700264,0.0,,,,0.0,0.3615217671580214,0.6136283294652874,,0.0,,0.16399479591611724,0.5265295621803667,0.7503615980490376,0.8812179496933822,,0.6606557601854011,0.6671635424749407,,fcdb2f1d198ca40299c924da55b12732604c2030a0db21c6f4a86b3b5c804d35,20c74d76997181bbbf1ecde190ab83a62b8b818f8a40955abbde22b23f85c59b,d743cb00f42a8a681470f621f041ee3f0a0414ecbf980c042781a4ed2188f16d
sunny-mainline-cab-view/0146,sunny-mainline-cab-view,train,17220,9057,25653,2016027,42873,26277,0.3316002310803004,0.6553259504509648,0.40165138898607516,,,0.3291607396870555,,,,,0.0,0.0,,,0.23271394261155354,,0.3316002310803004,0.0,0.936633747467754,0.9453957592008757,,0.6527972682196651,0.6271020240524687,,144ac7ace9587dad2bd7d7909441c0b2eb1b7a5fd5d975855c31e6f54006cc89,14b653b227e8c3d3a8b942968a57b177faaf75fb68a3e71ae071e6286eda5cde,8d7b005e62a023a1e4b855da757e92d6555bca6438f987899a3e1a4466b11dd2
sunny-mainline-cab-view/0147,sunny-mainline-cab-view,train,0,3461,6051,2051819,6051,3461,0.0,0.0,0.0,,,0.36302253877960755,,,,,0.0,0.0,0.5347873500545256,,0.343267776096823,,0.0,0.0,0.9569806612054473,0.92144753819399,,0.5447954597644589,0.6353752400124725,,6cf388fea166cff5c1481f523509bf3d72656e5aede0964f0ec6b15e88adea19,692808c9fd7ae6179769e38738eb5f38b5dfd78c857fdca542786e3cce1a19ce,1855629ad4ca5f966023cdea7becedfb1d40bfe01c0bfd73a30a2a2de5ead6bc
sunny-mainline-cab-view/0148,sunny-mainline-cab-view,train,8422,27380,22533,1985440,30955,35802,0.14437301791377388,0.23523825484609798,0.272072363107737,,,0.12232046451573932,0.04162933638920721,,,0.0,0.0,0.010475651189127973,0.746767036992124,,0.2687847028287939,,0.14437301791377388,0.0,0.8464857780395345,0.9622169198016831,,0.7047879616963064,0.5927189164440169,,d859eb4079cd5f05a69e1a52ca314157548f99524569888aa31aa39194c4c163,3f6263d12602f503c9afd8899de5bf72117310b14c1df89f7ca3507e4df9258a,e45e6b246a22297ade2f45ba5d98a5f91d288e9b50eb5f68d67847f6960c4ea8
sunny-mainline-cab-view/0149,sunny-mainline-cab-view,train,0,754,10614,2045760,10614,754,0.0,0.0,0.0,,,0.49690619189090984,0.007086735479895239,,,0.0,0.0,0.10812649976720032,0.35339111170985077,,0.3519898268342849,,0.0,0.0,0.5906014220195603,0.9303525849728961,,0.5121245087029759,0.5923684658549783,,0f14ff36a7fdb27af6f7ec8cb353e753e159bb3b77aab52a80b13fe6937791bc,f956580152828b020215fbf2c78a840a5b4b68ad7e56c3e41bf4fea9766fcbe0,b17abb7a6cc92da4a4512ee61b29fd26e01b4e2a9fe237a0d64577a37d78bff0
sunny-mainline-cab-view/0150,sunny-mainline-cab-view,train,6728,29163,2890,1969789,9618,35891,0.17348701683814238,0.1874564654091555,0.6995217300894156,,0.0,0.6607312595216084,0.0,,,0.0,0.0,0.34340848958932474,0.49266703233557957,,0.25322824828568885,,0.17348701683814238,0.5073002486228245,0.7197958219758833,0.9794978774762777,,0.6773476112026359,0.7541661095346338,,d4d60368183c52383216b6039fb814147d7720ff8a5ea3c97e9222f8f0eb8937,ea19db3c93ddb0c57d8a40d4882b76fc921b3e7ef2c036f491aeeeed322a8ba8,fe26b609ae096167dc0cadc0f8ddee2aa5b0e7343956dd8caefe8b9119199134
sunny-mainline-cab-view/0151,sunny-mainline-cab-view,train,1581,56494,22257,1985655,23838,58075,0.019680824578001296,0.02722341799397331,0.06632267807701989,,,0.3400819007299848,0.0010129329836302795,,,0.0,0.0,0.0,0.5697391208078636,,0.1467811926810719,,0.019680824578001296,0.3809483822751434,0.4498320826481693,0.9739523638846452,,0.6477984219903283,0.5893751147038613,,4b1751c125ecc67afaa53eb1d7655c7a5ec051098de588dcb48ea4bc9cd3c5fc,1ab5b3a734f95118a4f540fd1aa10298673d5e4910ab7f3050c63f27f8d9a24b,06f6400976972e620b832772da7d113eed4ec4f5e765b733727f65ce279f161c
sunny-mainline-cab-view/0152,sunny-mainline-cab-view,train,7170,16390,5538,2030481,12708,23560,0.24640868788232867,0.3043293718166384,0.5642115203021718,,,0.5175386709241762,0.0,,,0.0,0.0,0.090821960620898,0.5020603432467127,,0.4309115185462598,,0.24640868788232867,0.34113317060982873,0.6600700315049383,0.9573653799737835,,0.6145782589084349,0.6644049380695521,,7c244faef1d58c7c544581c4aaad579ceaddaf9f4f8593f1c642198319e0f064,57425f7fe572f2d8c613752e0aa310cac5a68f17926ddb24529c7254a7030148,cc3e1e989985635ab390c648a225afa410464df7c662d0f77a8d40dd5c86b8ed
sunny-mainline-cab-view/0153,sunny-mainline-cab-view,train,10561,20714,10854,2024608,21415,31275,0.25068242778133826,0.3376818545163869,0.4931590007004436,,,0.2500331758585912,,,,,,0.3113696930243912,0.0,,0.5380569069085558,,0.25068242778133826,0.7969188992206143,0.9024858553520401,0.9632476535406542,,0.7144893174916085,0.7034471002228256,,8a9db76dfcf9155f0dfba13eb33441d81632dfa0d872dd599c6a9a249961a009,05a5851a91ad31d3a2d1b4e3dda4c9fb4c997e5bb7d94639cfcf404ebbcfe4e3,9e620652f73a542f87600137c5c2eebda1872f08c34c16227d81517e5dabcfb3
sunny-mainline-cab-view/0154,sunny-mainline-cab-view,train,6143,23193,10273,1964181,16416,29336,0.15509101466838346,0.20940141805290427,0.37420808966861596,,,0.18756079276868082,,,,,0.0,0.0,0.0,,0.02770199370409234,,0.15509101466838346,,0.942940816870353,0.9781628147736189,,0.7285101596006468,0.6501519163616032,,6ba5f4dc3a08179c05592eb64e30da7a3ab0f61eb7a134091c4cb022c307f8ce,73a89e97a564e8790df1b2ef5cc6b4b1abecd82ba42528df33db4e2887c0a69e,8cff231bfab761942d098bd4cf6d8bdee79a7d6efcec9ded233c38a54d311959
sunny-mainline-cab-view/0155,sunny-mainline-cab-view,train,0,39384,4964,2016275,4964,39384,0.0,0.0,0.0,,,0.34416263287345067,,,,,0.0,0.02621765171205786,0.570323488045007,,0.0,,0.0,0.009306260575296108,0.9314989736156063,0.9523335227801929,,0.6987991156667671,0.7279980741789157,,06a90f5ff240f94f7308b963ae697e96d8e7f41f7c690b41c58516e490c044e0,3520046f77397809711aadef6d4851348e6ef6dfa7e4d4acffde40d4a08d976e,353af96b15b3d1264107091b5185c810bf1e03e8318aa0bafdb7ad817ed2d922
sunny-mainline-cab-view/0156,sunny-mainline-cab-view,train,5558,29775,4314,2020713,9872,35333,0.1401871516129846,0.15730337078651685,0.5630064829821718,,,0.3792454154938118,,,,0.0,0.0,0.32728410513141426,,,0.251980106833671,,0.1401871516129846,,0.9095703001906704,0.9546872006041456,,0.6992349208232015,0.6649605901940778,,2a9b7f9f2e664a6492b210e6af5c8b3238a3d01e1f1d4f0c3506e92519ad0942,407421d1c13fc9a5c28ada48397820d63763e5bbd52ba90e03022634e21f2fbc,6a2ae59248db2a37bb062d982c8d69b5e1cd6a1a83daaa2c3bf50c742b1724ab
sunny-mainline-cab-view/0157,sunny-mainline-cab-view,train,8877,28016,14660,2016619,23537,36893,0.17219172502085234,0.2406147507657279,0.37715086884479754,,,0.2967163473794823,,,,,0.0,0.013912173151507569,0.16904196357878068,,0.14854375845617032,,0.17219172502085234,0.0,0.8864546118374964,0.9706622715943621,,0.6836560703192122,0.6490553556308213,,8e5da439095b7bf529ca9afbcfc297a86c96a3820aab657ef461687e06417c1a,9981e1d1ae142c1e9738d94cae092b732bd369db06694bee51a34ebb4e3fc179,c2da91d005c282513cea5be2a610ae303cde414fd969e787e2198a774a211770
sunny-mainline-cab-view/0158,sunny-mainline-cab-view,train,1199,25277,3885,2037817,5084,26476,0.03949145285069662,0.04528629702371959,0.235837922895358,,,0.35406387638691666,,,,0.0,0.5317166048702274,0.31067026194144837,0.4546054803565533,,0.13830034924330617,,0.03949145285069662,,0.5745845348558041,0.7388979878548673,,0.6997070508447369,0.695572815975618,,e6a650c2b434f3111eccf6b5f78e578afe4a7a00834675380b1cee62d761869d,07015ed660b2b8ea64300203f1815f3802c8e66a3db06436fb5305d647e31263,603cd3cfc64110527df7e29e2824e185eeb544139cb8eeed058f8a986cbd67ac
sunny-mainline-cab-view/0159,sunny-mainline-cab-view,train,11379,24672,17980,2014078,29359,36051,0.21060132146360422,0.3156361820753932,0.38758132088967606,,,0.37333547248515964,,,,,0.03549310781114737,0.05323383084577114,0.7907499459693106,,0.24513839602555004,,0.21060132146360422,0.0,0.9026085059713882,0.96991469128033,,0.7008596288919174,0.6924221902620886,,0857b1a64422a748f3a1acbe2298b756354dc4e916a3e35065e7c7c8aa443cfa,d11d1839c3df1fc963b3d4a7d2fad7dd497deb84c04b0fae9ac7612d46bf2393,a1575a311a0bc07e288771f59c36bb99c8fb9658a1350ad7fbe44f20f477db6a
sunny-mainline-cab-view/0160,sunny-mainline-cab-view,train,11249,29432,11719,2015902,22968,40681,0.21467557251908398,0.27651729308522405,0.48976837338906304,,,0.2969987204337856,,,,,0.0,0.3470441817050404,0.0,,0.09473485563313833,,0.21467557251908398,,0.9185768405270697,0.9710369735836826,,0.7205228654716209,0.656010274017758,,3f99be5f7928e5a01c3e2e0da7c216742c167125a2f4df4f9eda959f3e86453c,3a16390f7fe8b99976e346e04b3a49000f78f09ada1595a248415368e11aedf5,432582d4421efda91b9c3d987c1c9561fa0efc802234d2290f109e6f863238c1
sunny-mainline-cab-view/0161,sunny-mainline-cab-view,train,8434,31170,19264,2009251,27698,39604,0.14326968811578447,0.21295828704171296,0.30449851974871833,,,0.09122727501636703,,,,,0.31478663085646075,0.10547464499354534,0.64002835234229,,0.18047783039173482,,0.14326968811578447,,0.8925655170825247,0.9774338149441664,,0.7281683149413876,0.6302402842829583,,016395879116dde76f1eddcc264a67c3d1fb136d9a0f2d92b33ab41044c4e774,d23f8db4f6d3d5ebf380883116bb37266ab923f0b3242a26533b21ff6567c406,98644f8bf9e12db1b7b3f402aab3684fa0a62a2b69aa0204416193a48f5d223d
sunny-mainline-cab-view/0162,sunny-mainline-cab-view,train,14710,20991,12560,2016884,27270,35701,0.30480097801537476,0.41203327637881293,0.5394206087275394,,,0.3681498584641073,,,,,0.5277378422302788,0.24248944299215766,0.2502135922330097,,0.5073301153797843,,0.30480097801537476,0.0,0.8917768153363255,0.9567328100623761,,0.6832186148504599,0.6910891650254332,,9a198f581ccbd0527724f15f9a3cece6e5832854e77e259dffc5bd5a429ff05c,0f13810f4e07bcb4e31d23ae621fe1f2f1ba5df5bd7d2a28ccf1edc7b7b90c12,bc0da43758a2f6d8301bc32994e024ef12fee6e7da660ecea0b5b26debaaa117
sunny-mainline-cab-view/0163,sunny-mainline-cab-view,train,28791,22620,31344,1985210,60135,51411,0.3479064709081022,0.5600163389157963,0.478772761287104,,,0.19877058408514342,,,,,0.4451389889096932,0.2366128516624041,0.31602855288773524,,0.3796974648184262,,0.3479064709081022,0.0,0.8837384379305939,0.9819237463077551,,0.666235573784626,0.6066760043528798,,53c1f0e23c023af87bca8d7c925f1118fa6e03bf34b314ab0e901d159fd525b9,0dcf0e9793f56137c43c73198bc407fb3d307128f3264ea267e08b830d3a3e6c,040d42c349b73cc08466ce049859fa3f405dc6a574986f5124143b39f21a71dc
sunny-mainline-cab-view/0164,sunny-mainline-cab-view,train,21740,21957,15353,2009127,37093,43697,0.36816257408975445,0.49751699201318167,0.5860944113444585,,,0.2687899137759547,,,,,0.5492906396132202,0.03640013544236444,0.5714406172266959,,0.06912910877668586,,0.36816257408975445,0.2434633668903803,0.9036092156658434,0.9812216944659229,,0.6835760986000468,0.6641453124865746,,dc2322339b57aed5805465301755b9054b87fba047b608e05ae4dcf959232006,595424faa77d35db1f99a37b4f55a72e40170bff8e5dfdb3ab73ae65e3e2479a,c3f19d819198dbf50e12f60476cdb8f428d51b64fbb5eadcf66a71c6fc43f611
sunny-mainline-cab-view/0165,sunny-mainline-cab-view,train,7988,31010,19429,2009623,27417,38998,0.13671761343214608,0.20483101697522949,0.291352080825765,,,0.20302142253845562,,,,,0.5012914669820128,0.0784313725490196,0.39801891843655185,,0.2096257929348775,,0.13671761343214608,0.14689671699017492,0.8933248435887742,0.9761569935114093,,0.6851885325910126,0.6750754495931931,0.0,ed03205def575f68a08e90b5040e492f111657b011c4a09ea8773bfee95ae4f8,48f2d8f29663c715443a61887d3de406b2141c0cd0635bc8d985d53ed8a38d72,9254f1b2275a26c728484c2426f966fe3266668fee9b883d6f92145c2a64b19b
sunny-mainline-cab-view/0166,sunny-mainline-cab-view,train,14124,23582,7721,2022593,21845,37706,0.3109164153477007,0.3745822945950247,0.6465552758068208,,,0.28601046945122305,,,,,0.0,0.1858707971288251,,,0.3926604080999302,,0.3109164153477007,0.0,0.8753499533395547,0.9687750234566929,,0.6882684759156723,0.5683489370001951,,4cb25bc7ad809534409bf310ce0bd9621415dfebdaa38bfbacf278916ddd0f64,6efebaf42ad436d141650e14308bf18e2389d3ec7ed42dbb736ae5b5f6d3a70d,036faf4972adb49b48c511a20c89272e2f4148b0663bcb6c22c6ca5992bd9370
sunny-mainline-cab-view/0167,sunny-mainline-cab-view,train,925,24458,4734,2035105,5659,25383,0.03071355048643623,0.03644171295749123,0.16345644106732637,,,0.22972260927602076,,,,,0.3807730830582038,0.45531207914311966,0.7762820179768276,,0.0,,0.03071355048643623,0.22853253281206368,0.8062336705506506,0.9693128579240728,,0.6841305809407605,0.587541012271503,,ea08f07ca095ed6d035d6f14b8548f69a14bf8d6b49efbbdddf5179bf9ef3009,b5e44b4d05c9f941f3f50ad3195bd2b3c67bdab306fccddeab16a0e824382b20,a6fc3bfedd3b6bddec519c5b10de25a1f49818a7a8585959530bc058b3c78857
sunny-mainline-cab-view/0168,sunny-mainline-cab-view,train,16334,24883,8850,2018000,25184,41217,0.32624283460163384,0.39629279180920496,0.6485864040660737,,,0.31404066572460354,,,,,0.3647821628237785,0.0,0.6286989026890148,,0.22134756504336225,,0.32624283460163384,0.0,0.8762472185232932,0.9751797495659843,,0.6726423715870253,0.6439004314178076,,72b8f6a32917f9b4cd7edbfc8b38900c94a094dd308a81ee17ec8c715bf8a875,adeae42b66b6f80ff7ded176032da0f049d5158fb43d05363602b068574857d5,3dba61f8b1e2d126a8ad0757231ca0f6fb9afe6bce3e1e509e187c2a0c042f8c
sunny-mainline-cab-view/0169,sunny-mainline-cab-view,train,2105,11819,3657,2050446,5762,13924,0.11973152835447358,0.15117782246480896,0.36532454009024645,,,0.21394592785599886,,,,,0.2760845559236473,0.0,0.7484079092978096,,0.2541645633518425,,0.11973152835447358,0.0,0.9182373924484055,0.9767518142313812,,0.7010204338100384,0.6293804060588265,,e50a126b8e9d96524472935c0169644a3000d548dd10622d7dd7837f28b262f3,1fabbee7225ef01c83c8f9d87a5e21012dbd0cd0e092aae0b3f85cc885236dfa,7fe3b959bb81347f86a28a80884c7d57a81a8ae3cc278454b2c29ac55cbedb73
sunny-mainline-cab-view/0170,sunny-mainline-cab-view,train,4058,30142,5182,2028823,9240,34200,0.10304199888273831,0.11865497076023392,0.43917748917748917,,,0.30344916518780973,,,,,0.45207736290512385,0.0,0.6618504850901732,,0.035581344427414056,,0.10304199888273831,0.0,0.8833920365719304,0.9696634280326323,,0.6972388467451938,0.6852143241535834,,3f433ab98d445e66fbd4c3879168f0ff099bfa2f2a0555a496a23ef041827ef6,2432eb316800d123f6938e33fc85795b3d6c60ffa520a0ea9203c0121e31584d,1274ea64f0662c2909f6aa6413d57c55cfa5631f043857c7b57ff0d62c798e09
sunny-mainline-cab-view/0171,sunny-mainline-cab-view,train,15728,29929,9669,2006142,25397,45657,0.28427863933774355,0.3444816786035,0.6192857424105209,,,0.5677069488011058,,,,,,,0.0,0.0,0.6217909480430635,,0.28427863933774355,,0.9429338506804054,0.933748069614361,,0.6916115171868826,0.8077755228094944,,f0f37b4a43e03c4b5aef2ec2723b33d29fdeb183e0247dc20cc38fd51708b6d4,e8e0d147bf6775475813b28df3bf64d5faa50955a9846c2f56a541b5e2252767,de5adec2b1439463c7392792553812939ce36f18c4eaa8d5625e297b416247cd
sunny-mainline-cab-view/0172,sunny-mainline-cab-view,train,0,39956,0,2023181,0,39956,0.0,0.0,,,,0.4737627252967536,,,,0.0,,0.0,0.7528126045876992,,0.31438116347049566,,0.0,0.0,0.8548470727591717,0.921438649057482,,0.4803082098865918,0.7786189666883361,,9d1f242981192b866b8c78b235337b3fcd78c0dbb947afbb3861211b73247352,c9cc1d7969f031b1ba1caed9230b1e99f67407a3ccf18ad66582f8d9f85d7a54,bba39b2e0d69f288cc221b05cbaead370d8659d9d8990afd0402dbda5eaf1151
sunny-mainline-cab-view/0179,sunny-mainline-cab-view,train,0,0,0,2070979,0,0,,,,0.0,0.0,0.55089805033177,,0.0,0.17488726042841038,,0.0,0.6997835683981195,0.5666159449951651,,0.15459203669564964,,,0.10326240135287486,0.6891230993153089,0.8606606115398133,,0.3919819632479287,0.7419676947145495,0.0,2980bdd5ac578120cb35ad4b8b8f5798eb1663f505b1d628312365558c8e6637,0a9409b2e919a722e20a573aade797666e16f212e11504e1bba1fad37db8571f,34a4342659597a8549710391445945b3147296cd7669ee10f015edcd6c75b20b
sunny-mainline-cab-view/0180,sunny-mainline-cab-view,train,0,3643,0,2069896,0,3643,0.0,0.0,,,0.0,0.0,,,0.4109792436794085,,0.0,0.0,0.33554498279228834,,0.08795948987246811,,0.0,0.16723448146527473,0.6983952202447915,0.9653261419538053,,0.60570368927764,0.658003522715876,,11d2b9c079ad57dd8e7e64839160cd7b1d1b689d42720e385bbae214ae1ce4e2,d03eedc21174cd47abea991f73f6f1990f52f4dc95c05ca152a8ebc1c4f8dbbd,121593a139fbb35b3f694d33dec3b723384206e25421f3a43a6176016176bb67
sunny-mainline-cab-view/0181,sunny-mainline-cab-view,train,0,23443,0,2050157,0,23443,0.0,0.0,,,0.0,0.557469434914347,,0.0,,,0.0,,0.0,,0.09833940866747672,,0.0,0.0,0.964488826645558,0.9838935175676712,,0.5342434670801346,0.8767736092433516,,961d4dc340edb778535bf1a91b174154c09e8c3bf2814a05efe15d66cfa809cb,f7acffee97a0d29fb4655547c1884e20e9bd9972cc8706da96cdee1e26eb908f,c4be1481985cd65ac0d47fb2f61a6d59a6952d4a070343912305ccd0fcd16778
sunny-mainline-cab-view/0182,sunny-mainline-cab-view,train,0,25,0,2070111,0,25,0.0,0.0,,0.0,,0.8257398561467084,,,0.0,,0.0,0.41203947102357746,0.7701447634235327,,0.0,,0.0,0.0,0.08054245947519675,0.6456535580621282,,0.23448072962636068,0.5482763222733246,0.0,2b635f17ddb2ba61b77fdcac0499ec5c3d70dea1323a289937212955ea815653,4ceaeb2102494da778ecf94d2ac615d63cfe08ae62aaef2a6796fec50fb8bb6f,64cc8be624dff57288000c30542ecb4a6d1b229f292bbd7571352677747c14d2
sunny-mainline-cab-view/0184,sunny-mainline-cab-view,train,0,0,0,2070348,0,0,,,,,0.0,0.5918688631015175,,0.0,,,0.0,0.37657029628648386,0.6062811783245189,,0.32014534140311995,,,0.13905797529696826,0.5327868852459017,0.9294774537214942,,0.4795135656910401,0.6586801377921909,0.0,fce720c8ba60a17547f87e487d475b7dfc8130e8e3f6de1eb655de80095dd9d4,cfb308f1843883bcd1f15e0bb17c380c182c15635fad7bdad3e92fd028097a16,a426abb15f9f13a54d7a928cc73eeaab49fc30817fe62c544dad60915637078d
sunny-mountain-stations/0228,sunny-mountain-stations,train,0,662,0,2072938,0,662,0.0,0.0,,0.0,,0.8021900143129108,,,0.6984152181390058,0.0,0.34094790227493116,0.5863138006647267,0.29304669786371,,0.4164099602104993,,0.0,0.006400714498362608,0.5387487083763874,0.9240155288951575,,0.507444520596507,0.8631096557238266,,8fb67a7950262b0a2133f19fd631fd9df52f83e1660f0a811abf3e9d0982f269,f4c0dfc2948c51f179a4a80f4d4b7d2a14b8c5ced33c320220f787477a45e6d3,751943453c10aeea665b3b29123846bd399b0ee8d85e31cbac21bdfcf74e2077
sunny-mountain-stations/0229,sunny-mountain-stations,train,0,15378,0,2054633,0,15378,0.0,0.0,,,0.0,0.6799732262382865,,0.0,,0.0,0.27770329994107246,0.7076778331857748,0.5186909042075899,,0.2926979652955166,0.0,0.0,0.0841739361047178,0.4337830134904047,0.9549991470225494,,0.4822320092063025,0.8234571209800919,0.0,0354800bf80455fa7680958e010518b436ea155dca8b0abbc8d1e10092f0661b,fc908e7e08e5cc665f4c59c11eadf28fcdf161bd566dd5bc31ca5349d4ad036e,adab771cbd2b3ce1be9c0f0d38aca3a2cb41008d671c6c2e94bab7f8d0ea86f8
sunny-mountain-stations/0230,sunny-mountain-stations,train,0,12963,0,2017279,0,12963,0.0,0.0,,,0.0,0.27054595829830563,,,0.0,,0.24826059200478387,0.0,0.4652571513738516,0.08829086542706292,0.30473001255755544,,0.0,0.04628072321394442,0.5843181166007468,0.9317436108876106,0.0,0.3758331373010272,0.36250215013168857,0.0,505099662669780df8408d783f6869cfd7b572910896d2c7b6f0e27c7432cffb,0f54a1615827a6cc63096a9eaf5bd58b3ed9758a76361bcee72da0187c106f17,5edf5bc97a0702bed4657dbdf6368fb170b3f3a1568be57fc178695ac89b797c
sunny-mountain-stations/0243,sunny-mountain-stations,train,0,0,0,2073291,0,0,,,,,,0.002974910394265233,,,0.5325505719416253,,0.0,0.0,0.0,,0.1065952675179642,0.0,,0.0,0.9265682799889305,0.9758430189037234,,0.13745640113298532,0.706274337535087,,d048231d419c08d7176eaceaa89f964709a5a5de28918f80af2d6d5cb56dc892,ac493ba00b218289c9290e59fc10ebc5e73442a5005678ae91222731a9f1a765,90908f6e69c1e917c77ee11ad999d1bec163cfd38da7b65a77bb291487ca6a9e
sunny-mountain-stations/0244,sunny-mountain-stations,train,0,0,0,2068950,0,0,,,,0.013273078672123692,,0.6571368010513375,0.0,0.0,0.22387427657271913,0.0,0.0,0.3525440313111546,0.10502017032720753,,0.282814505129095,,,0.2848281719190755,0.7544802774075309,0.9168464437710381,,0.30950856671621874,0.5729669413306857,,8d1edf47c4a0e099e6bac09702b9eb61358d689387405e5915c4b761311fb755,62634f58072805641c40889959a1644646ac9bf20776fc28c0eb907ebb26db45,87b8795153494b9b44ed622a8f5193366224954e4c797155aed8400930c00d9c
sunny-mountain-stations/0245,sunny-mountain-stations,train,0,14333,0,2059267,0,14333,0.0,0.0,,0.028985507246376812,,0.5304805569706232,,0.0,0.0,0.0,0.22917285184426314,0.1275459937669649,0.5147570231939278,0.10870747730030546,0.1134324221321415,,0.0,0.1160138118419563,0.7496458290156176,0.9817387722881021,0.0,0.3784528357331766,0.3979124339699309,0.0,ede5e722aa51b1edf1b7f3550819d1fa7c743d02958fb765bf9233ccf1ea1020,cadf2ab9a2d6547b808e82099b83169aa947fb0617b0d25d7c012f3a84f18477,12dd7a3a9aa9fa10cbe5c90ddc4b01abac798aa637cd83fe38b1749f6ccfd7d3
sunny-mountain-stations/0246,sunny-mountain-stations,train,0,24886,0,2036217,0,24886,0.0,0.0,,0.0,,0.13560380853905477,,0.0,,,0.0,0.15409650282592588,0.26048494109131853,0.26419232754171684,0.11016315855025532,,0.0,0.12766395976750897,0.7779088654590808,0.9258018996163655,0.0,0.49063243784435157,0.36798293498160806,0.0,90a65adbb644d54e42c7e51d5cebfa0b1e554d4d34f442db24481dcd7007c74c,8211f22cbe10bb54834c2a0f57f23d5612d3a7a8d288102d2f5c719f02078527,e08a99feba29b0adcff30ae0fdbfc76d65366944682c296b36babcbbaec4ca04
sunny-mountain-stations/0247,sunny-mountain-stations,train,0,0,0,2073600,0,0,,,,,0.0,0.735881280916428,,,0.0,,0.0,0.21245733788395904,0.5901415304756884,,0.14642819233627002,,,0.1830368148574246,0.8507280576252501,0.9720535926701753,,0.5118207229828967,0.813950254733142,0.0,a442fff38da0ce40c7e735cd036d9ad22fde5c1909107105ed77bd798ca3f872,c5c7e80094cc032a92fa08b0b660de2231a9cddd7643b6d1c2df97dbdb15ba15,e5af3aba076a8c31155e45720c0ac0f873ed5721a3a1c4b563146e9994fd9be9
sunny-mountain-stations/0248,sunny-mountain-stations,train,0,0,0,2073600,0,0,,,,0.0,,0.7942092864199407,,,0.037782415941741955,,0.021375901919592325,0.29020687376983745,0.6687335162318407,,0.023752159840354337,,,0.37701762879172523,0.06025504467719983,0.8549581930628327,,0.5888502958476602,0.8102851214056647,,c489b83cc8d5e13b9e9ee4f588ba23a86a21404337b41cc01afb90627630275f,1828c615b6f7ff9fa65e720ed3534d3325375ddada62df18c96577a26343ed35,e40ee1f5f1959880238f40a83f7ec26be616349b081f80efbbe35d2ccedf4cdb
sunny-mountain-stations/0249,sunny-mountain-stations,train,0,65,0,2073535,0,65,0.0,0.0,,0.0,,0.803193208506604,,,0.62074023626791,0.0,0.0,0.45934623130034524,0.5993278649798343,,0.13583177042704686,,0.0,0.28977981651376145,0.8509826322035484,0.9517061335679119,,0.5551371530595682,0.7324437556638342,,408760b135c0da743871d600304812e352ac956549d1987597238245735e8672,459bc06543c1527b8f31f3778f2304eca8cda8b56ce00177d1006117d7a4ed71,c802ecae3edb9398d797817d0d4467d8a9f41c8684b246728faa16d0b7cb5581
sunny-mountain-stations/0250,sunny-mountain-stations,train,0,0,0,2064289,0,0,,,,0.0,,0.8985606060606061,,,0.1046059213695483,,0.0,0.6123898531375167,0.439959959185628,,0.6213945565062526,,,0.0,0.0,0.9390677416688059,,0.5750865837733492,0.6041798743588266,,0956dd0c21f6af0a1387e957effd77c906124754c421ea783a885ae3ce8cf3f2,1a54313fd7aaffafd2aa769b53c139c749f29333937e07fd9220a885589e54d0,57609679470eb81df4a383dfaf3ec4b1e16e3b046d6b787aeff36e0a71a4cb6b
sunny-mountain-stations/0252,sunny-mountain-stations,train,0,0,0,2029299,0,0,,,,0.0,,0.35834249936542856,,,0.0,,,0.6436692081430452,0.6788417273783127,,0.1964590569258845,,,0.0,0.6382118284292198,0.9551857616026178,,0.44334065615720736,0.7591341642171879,,1749f26376edb32da712444c9e60186ff4bd29e1fed12a43bf0f659bf8e5a11b,c37061946bca614f0217b26c4987befc27e64f2bc1d0d90685762ea41c67810e,bf8dccce9390cf564ebbd848a26d5fd512d5880a9cd863b7431bcbf797ace52b
trackside-maintenance/0000,trackside-maintenance,train,89972,164806,8757,1825425,98729,254778,0.3414043675413133,0.3531388110433397,0.9113026567675151,,,0.8757226856654821,,,,,,0.0,0.0,,,,0.3414043675413133,,0.0,,,0.8399764950504001,0.029888361243022576,,e41473adaa20b0dfe8eecc7e6000f550ae13c68770e4946667d4c938e7a89230,608d5152e26531f443e848f1ab03966ce4ec96ab2768c3ee09bd3bac6d538107,28aba08bc25c55f524a9fa80545e8eef6432d00eb5c764084b2ca3728a8a5e49
trackside-maintenance/0021,trackside-maintenance,train,1036123,20608,275524,756412,1311647,1056731,0.7777212320464175,0.980498348207822,0.7899404336685099,,,,0.0,,,,,,,,,,0.7777212320464175,,0.9638108006200511,,,0.7388136460015284,0.6553344399960941,,f193c1a096a827f7ac610c2dfa2ef5244731e66842755d4d9a52dae046fadeb1,3cc3a810432c2d42f2e1b1d81348e5530c70ad2520bc91739596cf667ef7070b,cccb318c5ef2d4991642147d5dbf3d2283e5c70f31efba1ae294247854f404e3
trackside-maintenance/0052,trackside-maintenance,train,1157097,120582,20405,790584,1177502,1277679,0.8913883847270284,0.9056241825998549,0.9826709423848112,,,,0.0,,,,,,,,,,0.8913883847270284,,0.9171025519099699,,,0.8594425305355465,0.8143458866852382,,efc1a697946924df5b504e34114d2f5a5bdaff8ab191a9dd2c8d978a19525204,d7c67dfa30ada59632dc54a7ee5807a8e61a421646642ee6822c51b526280b84,41e443d714d41947656eb816e59d1a63888c8f9f5a6e5e7a1f47b53cfe3a1ea0
trackside-maintenance/0055,trackside-maintenance,train,1078924,52818,102001,855217,1180925,1131742,0.8745127631929827,0.9533303526775537,0.9136261828651269,0.0,,,0.0,,,,,,,,,,0.8745127631929827,,0.8929725951597403,,,0.7061597188148998,0.8278744291504413,,28f3b3d7bec0bf474a3fc09012c7f4ef1b0b5a4e37e51acf00fbc5bea657569b,7b23c5e8ffdcb864899f2b44e3f35d742c5fa4f4a7b41a710d74ec6204039136,4f708176f877d7f3d27cdd261b919b845b0e5a677a3c8cba5a7f7bdef6826db6
trackside-maintenance/0056,trackside-maintenance,train,1017520,122947,59038,887713,1076558,1140467,0.8482832501740302,0.8921959162343145,0.9451604093787794,0.0,,0.0,0.0,,0.0,,,,0.0,,,,0.8482832501740302,,0.7942158487665442,,,0.6449827903057133,0.7945422552812853,,ecf8e84d483b920ff62e729b88a34b2e02bc43b25ba2201f33a1d1233e98db4f,71ac374b6a05e5b030909b340d8dfeaf290ad55a7d2193361ea9ad5698cb1afc,dc2114ccb130681dab8e1db8770b7658d2f4af37820ffe63fdbac2f86d6d72f4
trackside-maintenance/0057,trackside-maintenance,train,728991,5893,80289,1273382,809280,734884,0.8942776563993164,0.9919810473489694,0.900789590747331,0.08297954008816721,,0.0,0.003783256041005614,,0.0,,,0.0,0.0,,0.0,,0.8942776563993164,0.0,0.8844072576354156,0.0,,0.6999319733651732,0.8856714715875088,,76a244cf235702a8709bcd5845224a9a5785c3cd791a1fc89b4d54cf065746b8,c6a6ea3d247a64e8a78e7264e9e5bf9070735b251f3b1498e53ceeb2d9a5eece,9abb4f2912692be4ed21a78ebcb1733ed9b38d30ecee7a00bb4dab19a1a05b08
trackside-maintenance/0058,trackside-maintenance,train,1282655,34542,45454,726309,1328109,1317197,0.9412938455994969,0.9737761321958674,0.96577539945893,,,,,,,,,,,,,,0.9412938455994969,,0.8217527882647915,,,0.8326726026429228,0.9215313751210156,,527bd4c6f5b48a8fa052db415d684acdb3dcbf8021025486fa219182ad9059ba,135090e121d0df3d05d16ca027cf3a9280fcb288b8d5e5c4b535ae20858a57bb,1e5dedfda7ad17b76d976c802d7e632165c3a7dd175ee578a38f01382a4a3e0a
trackside-maintenance/0059,trackside-maintenance,train,1198724,18686,55483,816038,1254207,1217410,0.9417319444760871,0.9846510214307423,0.955762485777866,,,,0.0,,,,,,,,,,0.9417319444760871,,0.9152601784180732,,,0.7879760032039769,0.9517561674829553,,8f38d8ecfaf13ea9265b15f72d8c2a5f6320df894c563c0277971f5a71223076,51caf95e4def10813bd0f02b5d94ab8f9ddcf77d3b4125ae347e9e88f0e70034,cd1d47c36230cfd4b3aed96c81ff269ab7fcb1d43838ce974d87923b035d8359
trackside-maintenance/0060,trackside-maintenance,train,1397095,47862,15080,628923,1412175,1444957,0.9568901336062031,0.9668765229691956,0.989321436790766,,,,,,,,,,,,,,0.9568901336062031,,0.9012774401587499,,,0.8462777232654467,0.9427564541561768,,af2519b33d6b5f52478d8c41669353834cbc46bda125e944b6f0f559e55e7d51,a1ed253eef60a1b41a1f265e34bb48ebce8b527eb2c22c4dfdfd0244558ab6a4,28f31223442d58e9f0decc9f721afd05e15db4bcfc5e15cbd33981402ee1e6a2
trackside-maintenance/0061,trackside-maintenance,train,1662722,86270,6033,333935,1668755,1748992,0.9474064472016068,0.9506744456235363,0.9963847299333934,,,,,,,,,,,,,,0.9474064472016068,,,,,0.8060791217895609,0.3397466885816494,,8bdf064f89bd89d79af62f1c4461b3024cfa2110a8194ff5044d74f7f592fc74,a2d3dc8b57ca001020539c453fd25cc135c52f4e3a1b7e3782882c0642be1d36,379e83a7e8ac049cfdfa2c15f75919fea8b29fc1f4fd83054a2dd2b8b0768178
trackside-maintenance/0062,trackside-maintenance,train,1901060,26930,2001,158192,1903061,1927990,0.9850097746569803,0.9860320852286578,0.9989485360689963,,,,,,,,,,,,,,0.9850097746569803,,0.0,,,0.8490794911706296,,,6f1c22c5a26f9c6f9349d1b7472ea93537d6383a9cda356167f51397f8e8f989,8b6b3404dcee61dcef88a2efe10d1c664ce76c5c90f08c90a160e1881b9c7ba9,4d2d69b97958ad563719940f86167a2757dc30cf3d09b798c17ddbc752ec869d
trackside-maintenance/0063,trackside-maintenance,train,1318435,54024,18107,698394,1336542,1372459,0.9481283160957481,0.9606370754973372,0.9864523524139159,,,,,,,,,,,,,,0.9481283160957481,,0.0,,,0.8935858910201263,0.9155217082303041,,f25b27c24e3ff91436c5e3877a5df281c4dd826a5c70266f8b58faae4174a2e4,f404f535862173c8b8688fb06460f4e3b4307973ba3453d76a2a74ed1ce29373,6bad7c0fb7e715defad2e65af47ca231d50364417833cfab42d02cff770ca2ea
trackside-maintenance/0064,trackside-maintenance,train,373379,545078,8169,1162334,381548,918457,0.40294466160025727,0.4065285582231939,0.9785898497698848,,,0.577453594405722,,,,,,,0.0,,,,0.40294466160025727,,,,,0.8506404295527492,0.04004566364116926,,40ea4a91bdc724c6898236dad7394cdb56c3f9eff92be4c2d3cdc31bac221ba5,8cf27ff8c967f94b6ce773a71a3e75cdd9d3bead6550b3d272103014e8ccae9c,7a9bc0d0d0cc20fd4809412fb317acb913ffca897b46de3dd9597cdcae354d44
trackside-maintenance/0065,trackside-maintenance,train,1332953,75224,8787,671996,1341740,1408177,0.9407105614539254,0.9465805790039178,0.9934510411853266,,,,,,,,,,,,,,0.9407105614539254,,0.0,,,0.9008453854354981,0.8732593546377048,,f03f57e248aa7907bdc8f6d9dc2d77aa18d6bd0c9408c1035bef8a148a559b79,c6eb3a0619930aa14ed66cc41633d3632df51fbd1eeb2b2d5c2a7d4933429313,79d88e54926c25597e212882e84af8f454d492bc1e4e5070eaa49a760c49c5a7
trackside-maintenance/0066,trackside-maintenance,train,1286840,55035,11172,735913,1298012,1341875,0.9510682186206392,0.9589864927806241,0.9913929917442982,,,0.0,0.0,,,,,,,,,,0.9510682186206392,,0.8847092679668028,,,0.8909559156540495,0.9161321995335201,,6223c858287f0677fdc6d3b7cc8038c3ecc2f0d657d409ea0818439bb88d0fa5,d3884b710501411f6f6b15febc4e69affad923b6dee90f38d67b046fdfa35666,fb714cadd7dfa3580b8c1453e89d60971e53ec20fb9a0d61193a48e2ed62967b
trackside-maintenance/0067,trackside-maintenance,train,795094,28686,62679,1202501,857773,823780,0.8969326274537232,0.9651775959600865,0.9269282199369764,,,0.0,0.0,,0.2820598624279606,,,,0.0,,0.0,,0.8969326274537232,0.0,0.9511155434963727,,,0.85214176139716,0.8929767699471631,,0500732a4422c6db9e57d541c1a7f0c06c3e10fd30ca7e04d1cb512dcd29b739,31e1a531c8bacd76bd03d1630b16b65d83c1b22e86c7d094e48509567df280d7,8cffe8fcacfab94bafdac26b7d5484ec8c830f56aa005ad72b0a41f339ad5a48
trackside-maintenance/0068,trackside-maintenance,train,1002901,17726,51200,1017133,1054101,1020627,0.9356929803037244,0.9826322446888041,0.9514278043565085,,,0.0,0.0,,,,,,,,,,0.9356929803037244,,0.9430646683393936,,,0.8955577948524164,0.9144981119456896,,2002370858caebe870952bed7a32a15d4c1e010a5b718f1e3c6e2a619ef1550f,f630baf409c8fa26b7d8c7049cc4ec4ab2d5780809fe481c6ff0414a1752009b,5d99e1f791915925165d51bcd6a6d6d3099f6e0627b0c2d5beb9800eafd8db65
trackside-maintenance/0069,trackside-maintenance,train,1777235,94504,29601,187620,1806836,1871739,0.9347276131570366,0.9495100545535462,0.983617218164792,,,,,,,,,,0.0,,,,0.9347276131570366,,,,,0.5772473615339302,0.00636654443317469,,f29f28360c7637a0569445615e72587d568ec754c219c552470709afefec21c0,9004352091a51ef231b51d3a96e9c590f364538a5c6d5c05d1c1cbd61935bd8f,ac1959cf922fd912e2d6b6d6031c7533340e53193ca846d5b76d1aa1f51c0cb6
trackside-maintenance/0070,trackside-maintenance,train,1857790,40532,17457,173181,1875247,1898322,0.969730851001081,0.9786485116855834,0.9906908263284784,,,,,,,,,,,,,,0.969730851001081,,,,,0.8842261661628952,0.0,,8da8ac7ad697e79d43107c8ebe4903d9b515079f50e3b43f871cbcaca0df5d1e,fc37c78a2230c5c8c971926e1a494ea03d9ff1f1d5ef03a91ddce40348295058,3742ad0c96df007819fd8f3aaac4e7137c8ab50fa952e65ec99a72b8747ac477
trackside-maintenance/0071,trackside-maintenance,train,1522263,18827,160533,387337,1682796,1541090,0.8945947486605434,0.9877833221940315,0.9046034100390065,,,,,,,,,0.0,0.0,,,,0.8945947486605434,,,,,0.686852978206515,0.0,,3722b3d81a9495d0186d3ce92ec994c7f10c979ce8ebf1d78a787043f819a9f5,b67b6c1fd6b1b376e5af96480d72e2c49eda9b71209418decad92c770b5024a5,3aef84cc2e51cc86fcdbcbf4bd72252a3e24668dd9c993b31778bad40f1eeada
trackside-maintenance/0072,trackside-maintenance,train,1529821,60672,86910,411557,1616731,1590493,0.9120175652481842,0.9618533372985609,0.9462433762945104,,,,,,,,,,,,,,0.9120175652481842,,0.0,,,0.7323675728448059,0.0,,190287f82f43182bf0e583f603971ce568382ea6cb8bd6655a8483c3dd9de73a,ed7b67bd4cb17da870d4d1c71e483046760415f5abff5f935a882ce1e78f4a58,b56dd97828f84c6d224c8ae9da9774fd6caf0789ccbca12af82a6d475dec1e3e
trackside-maintenance/0073,trackside-maintenance,train,1487515,144258,76787,380400,1564302,1631773,0.8706249707355902,0.9115943210238189,0.9509129311347809,,,,,,,,,,0.0,,,,0.8706249707355902,,0.11676594760279914,,,0.35390420071806006,0.0,,5652f16f45d364803ae0cb7862cfd6866fbbefdeeefdf76929de1dbf58fe7814,776ab1d9d39e30450e3cb98591c31188fa38dda21975a58e3b3269ad48adbff8,ced73f0718d7b9e5bf92e7ed29a1272c98773394804b7d55b24e242bac0522f0
trackside-maintenance/0074,trackside-maintenance,train,1245239,288902,101052,453767,1346291,1534141,0.7615241748221769,0.8116848451348344,0.9249404474961208,,,,0.0,,,,,0.0,0.01743662678137627,,,,0.7615241748221769,,0.22796937183224666,,,0.5332843713833135,0.0,,093b845a2d8a639e83ffa1ecf5fde92d921664c2417e66a25b10d3dca8f6d55f,f7283dc707378e69d703aef147373bdcd064cb957f41e1765d75f9806d2293a0,4d10c6d24a4843cc3d51c26f4d442294f38389e505242e2cfb89a4275bf5b54d
trackside-maintenance/0075,trackside-maintenance,train,1403968,145410,103910,435672,1507878,1549378,0.8491974779953644,0.9061494354508712,0.9310885893951633,,,,0.0,,,,,0.0,0.0,,,,0.8491974779953644,,0.0,,,0.462062727486378,0.1071776013697564,,03904f8a2512daea1c39d2cbdedf3303eb95dcf456e4adbc73e729eb2d9aca10,718e6fd45e2e42240aee648e4e87a0092a7553e48a752f65433e382eadbfffee,0550ac924624ef16c7025ba092bf530c3194907b7a9a1aac95d20b79235e0042
trackside-maintenance/0076,trackside-maintenance,train,1429323,8358,190927,460352,1620250,1437681,0.8776347653947421,0.9941864711295482,0.8821620120351797,,,,,,,,,0.0,0.0,,,,0.8776347653947421,,0.0,,,0.5670275983397486,0.0,,2c8539da08f1b6584a3d127fd3a5f5050bdc5350404f6d4739a5e44dc6d6e78b,b0a5d9f1ca8e3700479bb3fd590e0e31fd80eb007671997450e69cea9e96069c,0324941989e572b869558f8f16428ef98b7249c55291ae154eb7e0905b698563
trackside-maintenance/0077,trackside-maintenance,train,1262163,49025,14364,763408,1276527,1311188,0.9521791676222434,0.9626102435348707,0.98874759405794,,,0.0,,,,,,,,,,,0.9521791676222434,,0.8013223530800792,,,0.890197411391477,0.9255949700037833,,845a1cf210437b2039d48232df6099976b3cbf2a66266f2948cd84e0e8dd1a89,db1147ad0f9aa22d2101b8b087ce2dcca15710e76e651244fdb30f75aeb1348f,41e49b2a5414bd8cbe1ca1501a09f199bd4b35651c8d7a02069ebae737ce702d
trackside-maintenance/0078,trackside-maintenance,train,1286810,47328,9922,744900,1296732,1334138,0.957405175364195,0.9645254089157194,0.9923484575070254,,,0.0,0.0,,,,,,,,,,0.957405175364195,,0.720918038076799,,,0.8702164871308494,0.9361753167696262,,9072ecd1d6bd9a6ade7bbf9d4ebfe4912556baadda2bae4e1a66249b89915dc1,5ee5a7b2559e29f59042063b25e69d22cc7635dcfb1ccedb12ca183a2172add3,57af9e19e0e4b195c612053a7b7dc7f9ed8d21acea08bc4bed6f64496a544b31
trackside-maintenance/0079,trackside-maintenance,train,1298037,56331,18613,715979,1316650,1354368,0.94541512227773,0.9584079068613552,0.9858633653590552,,,,,,,,,,,,,,0.94541512227773,,0.9355561225936322,,,0.8649724227940425,0.925448689556895,,7245d072113222a13b028579251a425ef833a8850f977f01ffb13f42c5569754,196f7161bb9ef2af0e3ea14b4f939200a99ce0ea7a60d5039b4f22522718c58a,b0392b19999d3cdead472166013b5b2bfe8d45be920edb1fdfa67931ca5cbf4f
trackside-maintenance/0080,trackside-maintenance,train,1177436,63099,20239,828186,1197675,1240535,0.9338993348530347,0.9491356551810307,0.9831014256789196,,,0.0,0.0,,,,,,,,,,0.9338993348530347,,0.8183147208121827,,,0.8241240675182623,0.9142777144740643,,045d4791802edd4766cb20165f7f89e48500708e9eacc4fb3176b9cd89733d49,72915e72ba77b4a35ec44c0cd9aadfe5a489e09dcf8bf4df59f3ca3ef7ac9e26,6a00fbebe8317576b32e391c662788d81270e0535ca1d8712d08a087e27f8d22
trackside-maintenance/0081,trackside-maintenance,train,1371259,42073,15626,660002,1386885,1413332,0.9596216263878994,0.9702313398408866,0.9887330240070373,,,,,,,,,,,,,,0.9596216263878994,,0.8490205843293492,,,0.8662588063877874,0.9362963808303175,,eaf74d01f4f349885d90aff52c367596e2cba944e49a7b0feffd851b79a71ea1,e7d19f949be6c72d26980869fabb339acd375a65015bcc000bb7ea609efc0558,f0e6f3cd9741318a22edc5cbe6b6da453e26dc69a7bcaea0abeb9c445fe3d803
trackside-maintenance/0082,trackside-maintenance,train,612269,699869,30426,746396,642695,1312138,0.45604455355573364,0.46661936473145355,0.9526587261453722,,,0.36103394003239964,,,,,,,,,,,0.45604455355573364,,,,,0.8746210486391756,0.14185012291799023,,65b79e130b09b882fa33f7676d2436a802b097d73fc606fa0428a40aa7592ed5,a63aebc4038689fc219bba17b9c67904c70eae12e7833a0e436e0aa12bdbfcaa,94fd5dcdec7285be2c0ee8dc99d9fe009c3b6509d135ec176dd0553be22072c1
trackside-maintenance/0083,trackside-maintenance,train,1591147,69426,6327,422060,1597474,1660573,0.9545545623612695,0.9581915399082124,0.9960393721587957,,,,,,,,,,,,,,0.9545545623612695,,0.0,,,0.8382032945425946,0.8695165216490574,,f93539c0825969b6f96f386dbaa98f06caadbcb1d80a39102a077ace90560d5e,eacd1a0cdf15d5e49563452c6d7003c31113591a4df0d81eaf61105edab0d64b,477f8e759465ca7bb6e6478609c2ac99a612e5945c916b781cd26696902bbeea
trackside-maintenance/0084,trackside-maintenance,train,1383457,100394,16292,588817,1399749,1483851,0.9222167486699602,0.9323422634752411,0.9883607703952637,,,,,,,,,,,,,,0.9222167486699602,,,,,0.9013827328297294,0.7937491432488005,,78b655ec93b0e9575d9bf363a03233ad6e48a40c1e428e86125f919cccf38ced,ac028f7bcbe7ad92f61055bc538a75e3ad911ea17ef8513a38a275c9758c465e,6146e73ad173a2dd8fa8028d9908b80b7fb141e29285f3722e37e163e36aae13
trackside-maintenance/0085,trackside-maintenance,train,1313702,49528,12500,713230,1326202,1363230,0.954912664549003,0.9636686399213632,0.990574588184907,,,,0.0,,,,,,,,,,0.954912664549003,,0.4433389953894686,,,0.9033806230258142,0.9254817772715039,,1fe7cf2ae2eef9be85f098226cc6e927e226f7e34a356079eaf30f81a5517c08,a964b223ce70c0ddfcfc63a7116d136b72dbabc8a5bfb3c71b4a8784a89ebc9f,795cf4ec24352648f4e159c0b65d576671ef02d1d17d6e79c323d859a5aff0cf
trackside-maintenance/0086,trackside-maintenance,train,817251,54116,37116,1180477,854367,871367,0.899577647572932,0.937895284076629,0.9565573108511916,,,0.0,0.0,,0.2104193971166448,,,,0.0,,0.0,,0.899577647572932,,0.9404300593571508,,,0.8598552333336442,0.9204484217779623,,9db552632140a4fe745fdf61a0d0fa31fc4952af06addd32095a7c1372bb9d8a,48e0f42fd5470fdf74ebb3d8b15d9098a05ee9adf3541431ac1b7a9fa0e062d9,1e84aa59e93983b3c9b207f1212379962d8abbce1107929cadc6afe9c6540df2
trackside-maintenance/0087,trackside-maintenance,train,993504,52466,30801,1011311,1024305,1045970,0.9226697227172723,0.9498398615639072,0.9699298548772094,,,0.0,0.0,,0.0,,,,,,,,0.9226697227172723,,0.9372646463611446,,,0.8481228950670276,0.9219550535631114,,95207ac84f3acc3ff5c55764aa554bffc9f0a32f4cab08eaf951e2fe43877d51,587b26c9e34a988459b083e4db74f236062e3ecce661eb481c45f1084fd9f4af,bac6fac0857113cad872c2da2467dc432212d4982b70d69d9f90a9e74aa60d11
trackside-maintenance/0088,trackside-maintenance,train,1034619,36833,21782,995726,1056401,1071452,0.9463838482886555,0.9656232850375005,0.9793809358378116,,,0.0,0.0,,,,,,,,,,0.9463838482886555,,0.9395874567046016,,,0.848958151547939,0.9402715464488479,,d725e1c7a0e34cdd9a85ca766c2f77aae4456153fa89c7ec4ed4903841bcc25a,d8588ac0e324f990fbff92d6ef4ea35638073f169b1c3a29eb0f763ca8158eea,2bba48a57c19606bccfdf3d21a7b5c52e7fb66b6633eaa2b35e6e597bc852925
trackside-maintenance/0089,trackside-maintenance,train,1346475,103816,7468,631201,1353943,1450291,0.9236609069125966,0.9284171245632773,0.994484258199939,,,,,,,,,,,,,,0.9236609069125966,,0.21962402567629527,,,0.8924449044566711,0.807470670224592,,0055dcf9f3b23337c4d0b8675c5c94dc530eabdf296e211580d8631bfde63237,3fa143f99bf6e20e136865aa3ed2add68b848b13c63f491d183a418d2b345cb3,1a6190f27712743a75ec92b64d6f06de5e5ff3184be1d8fcfb53e3a954134779
trackside-maintenance/0090,trackside-maintenance,train,783140,25589,45801,1234416,828941,808729,0.9164569997542509,0.968358992938302,0.9447475755210564,,0.0,0.0,0.0,,0.3150302995817804,,,,0.0,,0.0,,0.9164569997542509,0.0,0.9445732120791129,,,0.8675123673865973,0.9179067549573542,,0a5483a0127931090560f2cb06532b9de62ff8978b5d2d75fc73f10c9e628fb9,bdacebbf7725f3ad965f05b99232ec789fc6dd5801ffb98aa2a88920ad1db2bc,3fc0d65a27153980f1049c348a466ede6bdc5bd156b785f7514570d4a67b7851
trackside-maintenance/0091,trackside-maintenance,train,975659,23324,38499,1051274,1014158,998983,0.9404105324236951,0.9766522553436845,0.962038459490533,,,0.0,0.0,,,,,,,,,,0.9404105324236951,,0.9394490798948452,,,0.8889794173284878,0.9316219256080202,,140a0439c3c000cca0ab1e8fd90ed6598c8fdb0c15a7ebf645bf70366d6dd90b,fd9fcc64d607952b1ca4b32b253c900c3b6c42ae47ad9a118acf78aa6132ac62,ed17f9de9249a345e06b1059fe71cba141ccf1ae3489cd998f7455871836a053
trackside-maintenance/0092,trackside-maintenance,train,1305114,79757,7488,696601,1312602,1384871,0.9373401543711068,0.9424083542799293,0.9942953004795055,,,0.0,,,,,,,,,,,0.9373401543711068,,,,,0.8666068616869677,0.8901313930612811,,b46f2ac36452a0a15ac8e7c69746492ff0b596b959f253d1612c3db9998b2895,ca30dbb08d9fb0e4fe8996fe88911e453cc3bca799282014ced559432b824f51,f2649d433c1535dd8f270ed3c876339678dad3d1944d202ebc613ecc65ffcf93
trackside-maintenance/0093,trackside-maintenance,train,862755,36356,31067,1158351,893822,899111,0.9275160238147967,0.9595645031592317,0.9652425203228383,,,0.0,0.0,,0.0,,,,0.0,,0.0,,0.9275160238147967,,0.9604900841154544,,,0.8461042649886383,0.9377185754698525,,6259e3456d036d7371c800562ffea682d470ccccfc442c166f67ae5f354b645f,84941b6b7aa17a3e2407d6f073b2b43d7c36ff43014f7ec679d58cf5431ed076,b24c824f07f18faa93e61d1acb35153cf7a6b249907a7d71660a0ed09abcd909
trackside-maintenance/0094,trackside-maintenance,train,999140,21614,38372,1028697,1037512,1020754,0.943362734934276,0.978825456476291,0.9630153675330985,,,,0.0,,,,,,,,,,0.943362734934276,,0.9532294679230028,,,0.8878526912646215,0.9369660754131841,,e0ed8f532604e6e6555ff2fed40abf4191312f80d30033f9f5891f116ab17ef9,7e4ff407e211370343392cbcdbff2b1388d8e1979cda20ce09bf6f00dd9def79,5067434f60d636e613a67a48a844e9c1efe014f1d7ea1edbc82aadcce7a2c74d
trackside-maintenance/0095,trackside-maintenance,train,758804,21623,67475,1241058,826279,780427,0.8949194600319377,0.9722933727305693,0.9183387209405056,,,0.0,0.0,,0.3621012724420429,,0.0,,,,0.0,,0.8949194600319377,0.0,0.9277133965188414,,,0.8486298250783532,0.891484343404719,,2c0673f9062a1f999a14ea9f32f3a730731ead900fcdf51751a187ad746dfc7b,e2149e1bb2a9cbc2acdbaf0b9ef76ebcda214853f1f5097dab8ec69174e4aad8,006ce464cb542f749937c8a7ef045ecf5a5691f41db13f7dde09a8a17c4f3c9e
trackside-maintenance/0096,trackside-maintenance,train,170128,3769,237043,1677613,407171,173897,0.41399717720348467,0.9783262505966175,0.41782936407553584,,,0.1678819738850263,0.0,,0.06586977520196698,,0.0,,0.0,,0.0,,0.41399717720348467,0.0,0.8869055118829147,0.8974659319629129,,0.7858454993715557,0.745237473478048,0.0,4c21278ae3f78bf40f512492d07dff5fe47bcd04749b1b5bbb976b5f139f1b63,0bdeb500a31ea967c4b9b29ff432f98229b20b9b969b3a7a8efa595fe61979ce,08d57a03e5b4202c2e37f63a0cce8c6834fe79820a4e45342762f3baf51c0306
trackside-maintenance/0097,trackside-maintenance,train,1465936,42542,92859,247680,1558795,1508478,0.9154450312457653,0.9717980640088885,0.9404289852097293,,,,,,,,,0.0,0.0,,,,0.9154450312457653,,0.4650744735490498,,,0.8009331157595437,0.0,,069e56fc048051d80ef3d6c175598cb6a1df2596f82c85bd8075f4b88100565a,4dafdc7299c42b3fd729bc5fad69b105505ba91c31b992ed39c8524ab26e9327,c1704e56443d4017287c1a6c5250f93eabc446b92d1e14b42802286d93fa8979
trackside-maintenance/0098,trackside-maintenance,train,1502543,28222,234363,323832,1736906,1530765,0.8512374173431049,0.9815634666326967,0.8650686911093635,,,,0.0,,,,,,,,,,0.8512374173431049,,0.0,,,0.866033823276603,0.0,,fc04d89f6819407752a53d790ea973fc002344aa19eadc04b345225545c7ce53,50b458614c96f982cdd8a232cc68c34b8a13e26c9ea30e839f0bb3d3f75ed0bb,23de03664d9854fca364dc4b7e1958f24325d55ff66e2f96a811a0d3b5807dab
trackside-maintenance/0099,trackside-maintenance,train,601499,7730,703387,776344,1304886,609229,0.45824445229983485,0.9873118318399157,0.46095904163275564,,0.0,0.0,0.0,,0.4403682083520431,,,,0.0,0.0,0.0,,0.45824445229983485,,0.9685633493080218,,,0.7887898115466386,0.13521326449314003,,34c0bbfd58571e1b86214468e7824979e09367e8aa452150512daa459ff8c186,0553959daf6ce869735cd945b60890b3ab439a1579cbc8fe572569200304aa26,c331193384c50f59b8bc14d65c1a4b98cb3539274b6a844ea14ab50c3297febd
trackside-maintenance/0100,trackside-maintenance,train,1122711,136068,15027,225715,1137738,1258779,0.8813830363493342,0.8919047743885146,0.98679221402467,,,0.17538245278222248,,,,,,,,,,,0.8813830363493342,,0.0,,,0.5501418829577025,0.5865744959269942,,295de469c85a2cbd063ed52a760230d5847fd6ca3ec792d4228e881a1fc88163,f5b03baa6b4d5ea3f09082ebe6520174de0c27be86a86a96401a87b00c959c4c,e54a3f3360ed677e16092521551378d2ffa04dad1f0dc0d6fe938b1578a88e96
trackside-maintenance/0101,trackside-maintenance,train,364031,26875,70922,204172,434953,390906,0.7882393445178725,0.9312494563910505,0.8369433019199776,,,0.004099348926935134,,,,,,,,,,,0.7882393445178725,,0.4090909090909091,,,0.7671931307558838,0.5743783303730018,,f18cd13f8be6e6da511d8cc5f6ff2f0e8e5ffa3cdc730d55f0752e075e4be9a7,2053724e9bccf33b2605685548994cd45b4e42ce9eed6263ab94fd76ac8b7402,5b7ab91ac094096883c5b27101105c3d080d162fb934095d6bdc949b48b03961
trackside-maintenance/0102,trackside-maintenance,train,317424,567167,83772,530894,401196,884591,0.32779443245972845,0.3588370218552981,0.7911943289564203,,,0.12031308432675716,0.009913258983890954,,,,,0.0,,0.0,,,0.32779443245972845,,0.5956445975483234,,0.0,0.5681803850207645,0.4913624338624339,,d32849c8bde9dd413c6d0ab82ca84e62323fed3319cfb99825a11f91ac7baef3,16725b66e3177e4058bec98d44bcd85e2a17929f45e24c0a9596f58d4fc0420f,a578a2ac10a261d3663deabc9e06b59f38ba0b4d026426f47dc5e9b3b31a6b67
trackside-maintenance/0103,trackside-maintenance,train,764352,657428,19835,647345,784187,1421780,0.5302053599608773,0.5376021606718339,0.9747062881685108,,,0.2987268855280345,,,,,,,,,,,0.5302053599608773,,,,,0.8931948008508459,0.21595101890096277,,bcd725f20e45aba176964b9c6318633c2f7a70f7664784eb0dfc98abf0940141,832b0e6356d68f26976e3d7922d3b08c241fb1ce86ad33ae4f971af5515c330f,068660108d6ffa3f7b1469d5650efae4bac63b9c4e751b20dc6b44e2ffce9963
trackside-maintenance/0104,trackside-maintenance,train,117969,17593,16134,270705,134103,135562,0.7776671764581795,0.8702217435564539,0.8796894924050916,,,0.0,0.0,,,,,0.0,0.0,,0.0,,0.7776671764581795,,0.9641905467603346,,,0.7986502636203866,0.7591057212391206,,8af545cd5a93e866ceeaf9e8b89657bd1753fb543ecfc98e2121144440cb5e5b,38d8338d1cf13856f69f9d6bf5678bbe6767d870b9c6d44089b654888be7a538,dfae1e10504c5e42f0a0e4659d134c1833366909c8cbd61fac41ad4335db7674
trackside-maintenance/0105,trackside-maintenance,train,175772,46626,31006,533028,206778,222398,0.6936433521175672,0.7903488340722489,0.8500517463173065,,,0.0,0.27521834730580885,,,,0.0,0.3916388774558803,0.0,,,,0.6936433521175672,0.0,0.0,,,0.6006549196943708,0.6759314384835321,,d1ad562afeae01ddb70bc66ae877af92f08918967c215ffefec2257c3ad76fa6,c81174649f12ca8f38a2a5768fc715389902ca51ae6140ec8217629ad50b6eb2,ff706cb17469010da2b1ce15616b6c2e1888ab3c298dbbd634ada768d3e57104
vegetation-worksite/0262,vegetation-worksite,train,0,122,0,2073478,0,122,0.0,0.0,,,0.07191184537959437,0.5447213948546445,0.012020115294983442,,0.0,,0.0,,0.0,0.0,0.0,,0.0,0.0,0.9229347259408496,0.9742989995772862,,0.2477346799899717,0.624717446526525,,54396730a7d632e6ac164891ed59aa4b248397c4bff8ad0524ee051361535740,ecc4df5204120b6d832dfe643f5cf2ece2d746710ad731c9c0b70f45d3c1a90e,8ce067585e4a500235ec58ebf617792f078318efe44e4ef9ee5b48e1c5426f90
