key,group,split,tp,fp,fn,tn,support,predicted_pixels,iou,precision,recall,iou:person,iou:truck,iou:rail-track,iou:vegetation-overgrowth,iou:car,iou:on-rails,iou:traffic-sign,iou:road,iou:sidewalk,iou:construction,iou:tram-track,iou:pole,iou:traffic-light,iou:mud-pumping,iou:fence,iou:terrain,iou:sky,iou:rail-embedded,iou:rail-raised,iou:trackbed,iou:standing-water,image_sha256,mask_decoded_sha256,prediction_sha256
evening-water-cab-view/0289,evening-water-cab-view,train,0,1429,0,2072171,0,1429,0.0,0.0,,0.0,,0.7636780497416195,,0.9342943111048911,,0.0,0.27193452153293046,0.9681328737945134,0.7127373762887782,0.0,0.626462009840026,,0.0,0.846896854517515,0.8904229155863159,0.9940794097458658,0.49021975368268533,0.5786374656968535,0.8117935815463687,0.1661056297156123,61b19d029c6cc48d744189fd60f15317991db02db7ea86e03c8dd7f235cb5126,736818a0449d28bdb2d8778a1660ca515a3168050b25ed1a01d88dae3bd752a8,26d7eeb121f243094b8aa9ea287f6c3bf311f578dcfadae5e4601c7800bff9a7
evening-water-cab-view/0290,evening-water-cab-view,train,0,3635,0,2066043,0,3635,0.0,0.0,,,,0.6606519805705685,0.38837703756201275,,,0.5710754017305315,0.6223348045005284,0.9845281528677438,0.7118755676657584,0.7229453133200378,0.7582583148141173,,0.0,0.8496661189385729,0.9267393449875782,0.9930585954025584,0.5794706723891273,0.5541355451640888,0.7554037657843886,0.507182172103638,bc87c6029c376bb13438534dc5403cc400260f97f586d1d6581f3e6c7f911c08,13322ec6a2aacce02132ed5e7696c28c5ee8042d56819195ed30830659e51b22,52526cc8b81c64a5eba96718c2a3977a594695595f07746a35e906c19f558522
evening-water-cab-view/0291,evening-water-cab-view,train,0,1225,0,2072375,0,1225,0.0,0.0,,,,0.9112310588806899,0.0,0.0,,0.4873906330416881,,0.0,0.8324245773974389,,0.5316644872034373,0.0,0.0,0.3914437320362591,0.933005618705297,0.9940276475483606,,0.8011761800388973,0.8539305959115637,0.779504051666362,98c179d6033fbdd1ac8781f30103871dbd923fb986a02c3839d44f86da4740de,bb2a9920140cf227658a598969afef5c7ce53e7b98b5a3c4c066546ea5130d17,8c7267de6e6c239aa94161cfe85f15407a26fa21e8bf5339333db9539389ed44
evening-water-cab-view/0293,evening-water-cab-view,train,0,0,0,2073600,0,0,,,,,,0.9812007165149305,,,,,,,,,,,,,0.9840036618727557,0.9874342776607941,,0.8520649651972158,0.8395282911894772,0.4463627546071775,6077aba4a4bb99250442da395b3d3240725c2e1e0aef293eb44333393c53dc7c,f911421065662a54b5c3274a87ea67b0c0aab217d8246dfafdb1abfc6d028d20,3de6024ed0af838d53929bb99bcb27fdd9c7f63d063b6720939a2ef9130e0489
evening-water-cab-view/0294,evening-water-cab-view,train,0,0,0,2073600,0,0,,,,,,0.9776172625034287,,,,,,,,,,,,,0.9919091970459196,0.9925998300472358,,0.8165565487757481,0.9385005792464279,0.8061471442400775,fc99bfd711df81411031982d6c1af485a0d5de1a6bc8031d66c08fe78aaaf437,4658d8f7532c6505af3946da32505699e8955aca2113d5cdeb27eec1d16f2745,d47ac56aae5b357ceebc11518c89bb5129cb88f989f36da2c13292a624383917
evening-water-cab-view/0296,evening-water-cab-view,train,0,0,0,2073600,0,0,,,,,,0.9783889980353635,,,,,,,,,,,,,0.9726708668132062,0.9916421585154371,,0.816892020567511,0.7603551207883352,0.15837751409576706,ccabc9bad6992ae81dbcf31b87e948651539d5fb18383056159cb4158d7aa1e0,60379d256d614ea088a2828671715ec0c44a063f5021ec187a15947d9abddccf,781073e2105aa95a2d0be163f2965525b34a5d35ae6346e5a5d04b68e7ffb02e
flooded-road-crossing/0272,flooded-road-crossing,train,0,0,0,2073600,0,0,,,,,,,,0.9340563232464579,,,0.7042804538820456,,0.6115401427946962,,0.12165605095541401,,,,0.8993218827869981,0.985961338843299,,,,0.8834247909215831,1a64c22d40183eaa53211aeb2ab21c5cbf2a328ca7b2d6716a58fff64bb7291d,10ed04abff1db423799ac73be0144d2a9d4c342000410521dac7c27615a1210d,12eb9d6a89a4ee18d44b623b56b71516b2a3d79ca1359f1b8f8a2f7d20335594
flooded-road-crossing/0274,flooded-road-crossing,train,0,0,0,2073600,0,0,,,,,,,,,,,0.843301833666964,,0.0,,0.0,,,0.0,0.4431376196435215,,,,,0.9401292452054708,5eac815d6dcafeaed42ca25116f35fe30e4598159ae3b155d664bf6b7378427a,7172a732328236e294af3f1eef4ebca9041023ad99ef10d8086e8fd60928f87b,3d1f85e55e1e977b4960e9623918dd3ecd1c4e176a16c2a0ab4534a7de6bebb5
flooded-station-platform/0298,flooded-station-platform,train,0,0,0,2073600,0,0,,,,0.8649600568869926,,0.7526113880946566,,,0.9458974119539999,,,0.95166223186603,0.9476062520427118,,,,,,,,,0.7766235193887927,0.0,0.8322388281518498,f0194c9f5092ef4a9f5211064d986408ef94a7c44752b254cf2a6cb67600d64a,5722f0e4963bd2152bf42d5232dc39a50a7a848f6c12b1004b0789f34038d48b,d95409b6a47e2d83dcb22b145e7797dad53c66f541397ae3da62ef36f6dd5cbb
flooded-station-platform/0299,flooded-station-platform,train,0,0,0,2073600,0,0,,,,,,0.8360871877446708,,,,,,0.9714397690307915,0.9612051866697482,,0.0,,,,,0.0,,0.8284481534264824,,0.9072964751108622,2e8151e2e6b02fcc2163c50aa86d9e5e0134c8e81d7ed74c33832a121b91dcaf,6af42e253b81ce9497cf93cd0a68c78ba94d0412ca46ce0bdf9850dfc84f3d38,6e2ad32c2a5287eb7b1e69f21d1ceb54f6a57236b93eaf655f92e07c1521aee4
flooded-station-platform/0300,flooded-station-platform,train,0,0,0,2073600,0,0,,,,0.5394721091692602,,0.920608770691143,,,,,,0.0,0.9652666230392448,,,,,,,,,0.9027834660599166,,0.8769111619690734,aa5009748eb469829d461d7b4e9a1e63aced662acde1baab34479670671c9cfc,75ede15bd1fb51823b565832643d1df6ed5185b2a03eb179228324c3aed39bb0,c34d696c2769a0f2f661dce6e880c4414dba2b58a5ab2c4e6475bc354b2cec22
flooded-station-platform/0301,flooded-station-platform,train,0,0,0,2073600,0,0,,,,,,0.9476160044691981,,,,,,,0.9955744193589718,,,,,,,,,0.9750252182684616,,0.9539943283268564,b6bfd2eb1a154fe26098279bca8d8165e5aa045fad56b687663d941cba56bfda,47d991bcaec17e2c3c48231acaa869c7cfe0fc1945cdd8af78fe916b1e1bd398,3d7f4181b1349f607ba5cec05b574f046a824d2f27649259e31aa8b290042a75
flooded-station-platform/0302,flooded-station-platform,train,0,0,0,2073600,0,0,,,,,,0.9549506996516502,,,,,,0.09198867269571571,0.9867364252010855,,,,,,,,,0.969869496099671,,0.9646762517086013,0758d8245392d38d69bb520d6aa46dd39d38ccdfa9c8011ae15e78d2a3d0dfae,eece741854c6faf5705694b7fe66da45777daa6a2c5a7a957f51d43f01e66a89,897db40f3b952701478310db80d44eef4df4d2483198f609c9ffb4c36ed056a4
flooded-station-platform/0303,flooded-station-platform,train,0,0,0,2073600,0,0,,,,0.0,,0.9218591329254003,0.0005064573309698658,,0.7195878456524025,0.3935528120713306,0.0,0.9608356617278728,0.8467209387717052,,0.43140990117299344,0.344682639764607,,0.4514395476324082,0.7997811051859441,0.18125352907961603,,0.725122614295893,0.8692782450635501,0.8941341888146358,e62cac97ea08c225e113869af1e24539312d59ae8b1ea981d8625c7d8c85968b,9f41da0deb75457d49e7d121daf10240080a8bd5972f436a7e0a7b9717ecb8fb,b668255a99fe210f67a51989e4ef16f83816ca5e93310614055426d230231426
flooded-stone-bridge/0270,flooded-stone-bridge,train,0,0,0,589824,0,0,,,,,,,0.9781367910976614,,,,,,,,,,,,0.0,0.8798349664775658,,0.8362818872310203,0.4807480748074808,0.9504322185702815,d8aff7595858cbf04c9e2b85dc09bc865c9a2ad58b92c41e823fb4a084f4bada,cc93b0303a5e58646273e1c337552e9b819a34fb83f9540d2148d3bcbe375c9e,93dd13c8d53530acb0df89550dea11bfefee5407046dfb18828d6abfe5770bc7
flooded-stone-bridge/0271,flooded-stone-bridge,train,0,0,0,698368,0,0,,,,,,,,,,,,,0.9477716003549503,,0.5017848036715962,,,,0.5655047488495055,0.9534773992639426,,0.4390837388823628,,0.9291117101019125,f5180763e414fb42a131798a9a989ba50a68fa194643d48809aba9a9130498ed,deb97cc444c8d1373bf880da820dc45e4746303470e336a4c48ca969c057ecb6,093cba23768cfc067a30e40bb8c05d81a56913d9a9aba50fb2442162ead82a9c
flooded-stone-bridge/0310,flooded-stone-bridge,train,0,25,0,921216,0,25,0.0,0.0,,,,0.45664928292046936,,0.8838709677419355,,0.7581021519315531,0.8479322696190166,0.0,0.9112667243314868,,0.5514621756441352,0.0,0.0,0.8033831762111334,0.9264026763907038,0.8874546884290071,,0.833784824912394,0.8551955642782836,0.8433498439452729,244d2e5e9d27aab38bd91e338efee542e9ef1b32b81f5b1d04e493988fd9fb15,42ef6482e36a3fc9d3fefaf6ee832e646e4a322238c9ee94517cf29cccb2a2fe,01db5399e4fe9249ced712f6aeaa42d1bee71b19efc3f5164dd279058cf004ce
flooded-stone-bridge/0311,flooded-stone-bridge,train,0,0,0,921600,0,0,,,,,,0.014524647887323943,,0.0,,0.6045016077170418,,,0.9638533085030101,,0.33213429256594723,0.0,,0.4558709677419355,0.885229784823204,0.8824453701673609,,0.6573456890478513,0.24091027988490715,0.9075883152173913,3ec9872d416c77c2223a85177374f753b9fa22546177d378a402366f3a00fac8,6561271ce4c565a4c37ee75a811cabfb1e535cadc0ff4b3b0a20a98020fff530,465063f005520b6377abb498b714f7538036a28bcca8274086d04cff9ab65713
flooded-trackside-woodland/0306,flooded-trackside-woodland,train,0,0,0,2065299,0,0,,,,,,0.8225062218335911,0.0,,,,,,,,,,,,0.9756760461865366,,,0.885356121203287,0.9418709118907623,0.9011734129831843,0021b7212f209be14d804f00cbd09a05f058de3d7582bd9ccb3bb068575fac81,8de09c6caae8edb989f229fdf3de804a969a3c4d11baa415faf551b9c1f5cd1a,bcc681974ef21db70821bac23cffa70f90bbca815809928cdacee7e563836927
flooded-trackside-woodland/0307,flooded-trackside-woodland,train,0,0,0,2073600,0,0,,,,,,,,,,,,,,,,,,0.49221310196310974,0.9522432862079736,0.0,,0.9294957005774104,0.0,0.9343332071277648,05638be2766fc4b1131b1244aba691384afbe16930ecba0b0faf7738dcf28e31,8965ae7b242b8b889a19b35409caf90d8ce9f841d962398bb5984a9bf7e3e501,f896547ac6ad987ba1b7723314d2a8983af3e377178ae34001e6344d206c003e
flooded-trackside-woodland/0308,flooded-trackside-woodland,train,0,0,0,2073600,0,0,,,,,,0.09410061527325371,,,,,,,,,,,,,0.978069611871727,0.0,,0.8707326641283027,0.7213977568720755,0.7909785593151902,0020a0a56903de99cf38302e93fdee20ec756bd51a40b2edf7884183de063666,0ae12b44425bb812368f8178ac0aef7e325786d592a022eefc8bec3277618389,a8744fa0bdfaffba9979a9f3bfe0ce64f30212752e2fd5be79cfb94c13285441
flooded-trackside-woodland/0309,flooded-trackside-woodland,train,0,0,0,2073600,0,0,,,,,,,0.0,,,,,,,,,,,,0.9812277525104911,,,0.9236393128537258,0.7903115926453498,0.8690768977366953,b0aed51ac2b31233ca1f0b25b0f75d6ad53e8afd209b956cbf317def34ebd785,0da5d8691c2ef3a4af99cd06382ed6b5e9acdc9dcff28e445e132c1371c91740,7fee1455ada3609325cd0b0f4533dbd8d402412ff0075ac3d05af630c7258445
green-roadside-cab-view/0174,green-roadside-cab-view,train,0,0,0,2066931,0,0,,,,,,0.9754297800607497,,0.0,,,0.9538130891008443,,0.8553835327234341,,0.5256918483578794,,,0.30424274973147153,0.9479216403775993,0.9860293970780467,,0.8306384742951907,0.8963694556705885,,ac8756b81048f48af6d2c3fee710b8b43f34a4e658cde8c09bb9f690902790e5,b77c97dcd4fb55499f6f8e29e571ffe8b252988a1383fbbbc8633d7e7d35146a,df192766e46cb3ed91f67343dce06adfc574acb1567196e65ad3fe5ea3568329
green-roadside-cab-view/0200,green-roadside-cab-view,train,0,0,0,2068241,0,0,,,,,,0.6811324281846947,0.2629362214199759,,,0.16350710900473933,0.8205348257570916,0.0,,0.7946289450368152,0.7515764500218518,,,0.0,0.9757271920122135,0.9888649418319304,0.5553465346534654,0.46616541353383456,0.0,,647d89550b9094d69144e9eb687405a9b548e981193dfb8682ee2e38bdb37aa6,ec9c895b7bfc0e04c27e3fbfa6d40129a216d6b93b9c0d141f0a7cac2f4cfb82,d2a4b9d257575d07cfc0ce35426ab41270704b3367cdaf60d6e127232b45d65b
green-roadside-cab-view/0201,green-roadside-cab-view,train,0,0,0,1982777,0,0,,,,,,0.955186637470082,0.0,,,0.0,0.8806727562708424,,,0.8828419419197517,0.7579390500594857,,,,0.9805312492830738,0.9900927621625926,0.7980813156692553,0.8172159193228885,0.841794413342322,,cec5a4a2267098df2b64c119ce4e99aacc9014722b05125b92bd8da623cddee4,79b14e0ec0f662a0b7defa39504fefcd6253e1a53dbd690216307f9800fec399,10f7d8567572b92b69adb49fe532b9b885a3749ccf1e430c4efb7fff94e68a9a
green-roadside-cab-view/0203,green-roadside-cab-view,train,0,0,0,2067934,0,0,,,,,0.9051082196328912,0.9790333996607952,,0.7834662190516156,,0.6157112526539278,0.7094009878002449,,0.5747225025227043,,0.47290422472904226,,,0.8897617466991222,0.9713255433202593,0.9903463736313756,,0.720325944498262,0.8751359885371613,,18638926136c9e885bad8a5394a86973d90d5ed5638573e5985654dec64db548,02d5c3cbcfb22b2c4080b9d7ba8d170adf3ed46933f9dc0d14cd85562a56b0ef,0f9d67b0808c534e9fc175116db8d4e0ad73cf19773c17e35fc0f08a98272d8c
green-roadside-cab-view/0204,green-roadside-cab-view,train,0,0,0,2067934,0,0,,,,,0.8509209250796289,0.9675744891777276,,0.0,,,0.5839253755626661,,0.4427679500520291,,0.0,,,0.847723569593282,0.9666070520753371,0.9949157035688952,,0.7515065378055713,0.9048967625226124,,cb34ab4d9a1966c9d974500a92359ca204a93a0c8283bcc59a5f16456005f1dc,394bb5dc28c3d0b30d2087556ad26a909667e7937eb766dc4284b1cb12445c2d,d0bd34a06bb8a690e0b05d961d8bcb01d69fc855180b0d3ab24f3665327bdd51
green-roadside-cab-view/0205,green-roadside-cab-view,train,0,0,0,2067934,0,0,,,,,0.9241076888135712,0.9711051339635453,,,,0.0,0.8292649634870441,,0.5764087870105062,,0.312597387031044,,,0.0,0.9829406389220061,0.991588155550061,,0.7350202073449306,0.9446744028915726,,84c3ad934ba556452a390cf9a7615f786d7bada1f0ce3bec466c1ccd2a89b441,95e37b185a66109b9fa6014f770ed4e160ff0b041a57284a73413e84b110572c,59b91a7ec0f39e33320b1b1a7adaccad6963906dab20f321120d1af5e0b86143
green-roadside-cab-view/0206,green-roadside-cab-view,train,0,0,0,2073600,0,0,,,,,0.9370450997207379,0.9699340447887788,,0.2496607869742198,,0.0,0.9212035792716903,,0.7818660940854968,,0.831946755407654,,,0.7346393588601959,0.9782708051635758,0.9882637321899063,,0.7212022884467595,0.9556520657190765,,326099a1d7068b475af019e6dcf936e26aa1a539954a3f0fa5df1a5ff8428999,5e5fc2a4b032976fc815abe170cc8547f7fe1cada392142df6cda57eff6e1c5a,da68a67bae7df2cc38be6b8c81da60697eef16d7efa09e6b91d61726264f56a0
green-roadside-cab-view/0207,green-roadside-cab-view,train,0,0,0,2067934,0,0,,,,,0.9472966249939818,0.9821547698465644,,0.09743589743589744,,0.6151293961512939,0.6289068146991644,0.0,0.6742053789731052,,0.8079756861300423,,,0.5047503886681638,0.9528913201896013,0.9930930849567223,,0.844440484675695,0.9445666520017598,,0a69c574d773bd2b02269bec42203fa65c198e4f1f50743335704b45db4b879d,0eddcd0c9c23c948c80539aa5593c3fbc7649e64694a60c1e458201173d047ca,36975a3df43d1a824d394e040cd9415009cb49aee35595b06fd54bfa606178d4
green-roadside-cab-view/0208,green-roadside-cab-view,train,0,0,0,2067934,0,0,,,,,0.9026466967583094,0.9858903447535173,,0.0,,,0.0,,,,0.7422106931834558,,,0.0,0.9772381908684282,0.9872831390175154,,0.8503744138848065,0.9481911276163872,,3b8efe8aa3a6e136add1665ab904a06b78b874796e0c18912f3ee9f3ff74d366,f449b48b1e1888c6196e82bb26e0b4f7d76a050cbbdb529983c5bd83577aa7c1,f69def9647c0fbe3bdda711ab0875191c41a9dde36b752e608dd4b18df21bab9
green-roadside-cab-view/0209,green-roadside-cab-view,train,0,0,0,2067934,0,0,,,,,,0.8243576314005792,,,0.9458592003268604,0.8852213053263316,0.0,,0.0,,0.7094850591374823,0.6548105856029627,,0.845529657883059,0.9317682293553607,0.9862711248191193,,0.3683034288998148,0.8003918061411354,,ee956750d1fd8c7676cd76b8db71bf93b9cbcedf8b4aaf4e538041ef501ade04,9215974802ff1c3a3f4ba3b5a8c526785e3e134127875b97fb97ab0f1013f765,881d4fc1e1fa5ddc7df46401ccc3835d95776b3cea5a81c489f852af21a8750d
green-roadside-cab-view/0211,green-roadside-cab-view,train,0,0,0,2073600,0,0,,,,,0.8716056670602125,0.8131549609810479,0.2942266131522075,0.44936746101794645,,0.7648215790952515,0.8194675841582506,0.3113662131519274,0.5485448899392673,0.8760353588083803,0.6342308943089431,0.544869042507514,,0.629197404182151,0.8407223486988319,0.9861240440474116,0.7567045179995168,0.5775548886431844,0.8171980658255315,,41f0cad9cf8e4e11e5a870a293f740a7bce70a66b0bf5b0e86c9dd1fa6396f5c,bac45ffaf5fd576f297c552e8ea5f461765b12c5c76eae223bb8742621fb0cb5,9689594f2aa68e310734258ecad707fdddefdfb2ac0c8239508e709225f4b87c
green-roadside-cab-view/0212,green-roadside-cab-view,train,0,0,0,2053761,0,0,,,,0.787191020509223,0.0,0.9285327558202491,0.05829596412556054,0.5606576629477393,,0.8644827586206897,0.843021608793985,0.6204747502520392,0.816182008250621,0.8200836820083682,0.5991956577317155,0.7441097050881559,,0.7218637849108808,0.7637622463713922,0.9797701780262752,0.3324196741282168,0.7349344253223397,0.8938016485090222,,19490f9f31865422ef3257bbecd836b58a75e1200af558b47627240cfc9e49e9,586eda51ce95b9ec0c0e71fcb2377dc00b0f62e5a969c354b927925e1f153106,b98fe320a4f5b1337595dd861fc349fdeab0727d0349d19a44238a6e9e24e77a
green-water-cab-view/0263,green-water-cab-view,train,0,5737,0,2067863,0,5737,0.0,0.0,,,,0.8042861032243008,0.5703232620075306,0.0,,0.0,0.760027448630468,0.0,0.864262498065315,,0.6456701599558743,,0.0,0.2634279849469723,0.9533840309465931,0.9969086557638612,,0.7632565892280446,0.8486014623377149,0.7052169754434118,d38268ad352c084c45d9c129d86eed80ec34068717620fc1685f07a6cefd1468,82d378a75617dcc00963a8461696510c838eaa15eae06a60adbfb38dac5fc22e,ebe87b3a9303a9710577e1f9fe29bd431ccd57a898b93497f55c8a7674471496
green-water-cab-view/0264,green-water-cab-view,train,0,904,0,2072696,0,904,0.0,0.0,,,,0.9386170501108082,0.0,,,,,,0.4328427937397804,,0.9557800275224023,,0.0,0.11252423419930206,0.9536537238763966,0.981456609147618,,0.6867927453108045,0.8999720653963773,0.5699274041170815,7ac26e3576a11b28c401290cbed89e663ce03d2ae23dcbd062e1ece5d3ba81a1,02043cebe3ca604a9e183ed93d8ba19b67cc40728745e1bc464f5679decd5bfa,e0d3993df456487d0df4d4342df699127a84284b2aaace2ee5ca00e2190b3462
green-water-cab-view/0266,green-water-cab-view,train,0,0,0,2073600,0,0,,,,,,0.9501505242395931,0.6182004539131708,,,,,,,,,,,,0.984717347000434,0.9195157141960981,0.0,0.8500591073197227,0.7620213766979516,0.8112485041882729,1b57cba93cf3601d156721ce3f759bba69f41268fe5b975191c86fbff322be98,705e31e2edbf1c6b10421dbad0215010633600952f721fe64f10d5852d401b2f,4dc5c551649b75a6ba21e5a17ad86fc525602ee552d7a09cc2a0bb0ea50441bc
miscellaneous-flood-stills/0275,miscellaneous-flood-stills,train,0,0,0,249696,0,0,,,,,,0.7245248454316464,0.04430811179277437,0.0,0.9571434806010969,,,,0.7948998178506376,0.0,0.0,,,,0.7994864436220829,0.9882851683783138,0.0,0.5496146435452793,0.6622088006902502,0.7106035764669997,61c2965c3c11954382ff9e9e06c34ffa4996a9a48b46aa7f5490049b85765bca,03276c63c9cd09da59f8409c41b9a381d944818e83aef5664981f7567f9a3c45,fb8b7ccd22e847dbe666763a4e337502f9e9f9d8932f771c8499406a7b6ad84e
miscellaneous-flood-stills/0276,miscellaneous-flood-stills,train,0,0,0,920880,0,0,,,,0.8456171250508061,,,,,,,,,,,,,,,0.8612606864460578,0.9858340264201078,,0.7441722247903322,,0.885598143036966,85d7d06fc795f58f6e51ed5e91c5d5d8ab1f41194ab44f3471da41bdadf45973,3a0cbbff7cd33ff9ac48f3908c9fd4d2bc5716978ff64051e9719dd6e833b22b,f78b91cf0ca075b01d61d7cea8cfa00d685d07bfb853a58d9f64734ce25b82f8
miscellaneous-flood-stills/0313,miscellaneous-flood-stills,train,0,0,0,2073600,0,0,,,,,,0.6644442834021789,0.4080523964256702,,0.9417730672334153,,,,,,,,,,0.3183307148064857,,,0.878452966326417,0.8245198610549337,0.8845927834469042,74272d0a74c881e4e18e9bf6000c065a51519bf7c05acb3c8e912f075c3b5ddf,f1ae22903da80e5f5b78fafd97ac79433e9f7660531a8540fb329a6830166ff3,49fb78e7fc0f7ad78ffa37c4d523e37618150d0db89df2860f0cd2e863fe22c3
miscellaneous-mud-cab-view/0173,miscellaneous-mud-cab-view,train,27038,2433,19046,2025083,46084,29471,0.557289197600841,0.917444267245767,0.5867112229841159,0.0,,0.8073663528928771,0.762212018851514,,,0.5955242436800663,0.0,0.9127826656002327,0.0,,0.7395439921667366,,0.557289197600841,0.0,0.9629410476861083,0.9962085826579476,,0.6063668963577555,0.7858552712738398,,f0ca7b2f878f2a5e167e558097ca517d126cb474aa25f5b0ec0fc4d6b1e57432,32a73b79a5806d70cd7a9d80baf0d39b1f4393bcf4a3701fe9f1134962c8bece,57f16a7cd7cc687fbf15b0c99e15e97ac7c3e42a77c1d212dcb4dd50549bad73
miscellaneous-numbered-cab-views/0013,miscellaneous-numbered-cab-views,train,0,0,0,2088960,0,0,,,,,,0.9776636392853317,,,,,,,0.3557540725170783,,,,,,0.9587842416940529,0.9608319700864688,,0.843932443703086,0.8502723104592548,,cdc7c624979074f91663aae6c612b6f6c370af9ca88a91ba076c2bad37e6c319,0eaafc1f7d1f70cd68db2eb5151301233ef3f3cd718d66571eee6a4299eedf30,d2b175d5105b681068bc8e63106e156df389cb870959b5c58b65796f7fad0d0f
miscellaneous-numbered-cab-views/0014,miscellaneous-numbered-cab-views,train,0,0,0,2088960,0,0,,,,0.0,,0.9447767112197862,0.5905849288600035,,,,,,0.954815275406873,,0.44076655052264807,,,,0.9460507416546158,0.9577021803313617,,0.7944539276627267,0.824190800681431,,00a59e617c6d81492253ece8ef06493164bef224314ee99156bc01663f8ccd38,f8150f0c2a2628f28b20b603a30b8b3829dc4ddd821458cd917236a0fc08b586,5e22b56b7391307f6b88690663b36a33f0387477e567534997a80ed8c28aa0be
miscellaneous-numbered-cab-views/0022,miscellaneous-numbered-cab-views,train,0,0,0,1932681,0,0,,,,0.0,,0.945495177958094,,,,,,,,,0.0,,,,0.9857813387438427,0.9828971698455834,,0.6149834741094381,0.941284556225317,,34431340589d77bf879a5d44b35f1ba4ee67944d06302e41751f49b52c7cd6bd,6f977a50f3c53a6cac0d8cbaf6af2c29627331c93869e55273dc1bb80023aff6,0ed4a41d87419520dce9a3764f9a5ec842f3a9986d30a5fd26cf3b16fe9dc817
miscellaneous-numbered-cab-views/0023,miscellaneous-numbered-cab-views,train,0,0,0,2088960,0,0,,,,0.0,,0.9426835993119398,0.622900348853292,,,,,,0.9444385295969944,,0.44549763033175355,,,,0.9392522041611449,0.9565810959124127,,0.7980687734592565,0.7306591838825875,,4dbdaa16ac641963e653bf5fa8dce1b9b05b89b3a3d10f8da2e3c9c38deeee7e,d15d0fb83fc7bb953dbf81e78bb9d83c848fc8a15e918257ce7bdc09120426ae,3828acb431d76dd3344cbcf3b27e3c7d6409bd09daabbdde771ce73fa3d28fc2
miscellaneous-numbered-cab-views/0024,miscellaneous-numbered-cab-views,train,0,911,0,2088049,0,911,0.0,0.0,,0.0,,0.0,0.5500118730376508,,,,,0.85587996368328,0.12923894358493515,,0.0,,0.0,0.2642869113457349,0.9909408560098378,0.996660282306739,,0.6312827727330861,0.6621597135877137,,35db7be7064f509351e3627b33430eabc718080e493e83ad1551491d62e1f113,d8556356afb32734b38fc45466c904ce057dc08037ba8cc650edaf124dd1d86d,af091a43a810ed67ce5dc11f82a09028db5df69f37bcb07db4588884e9e22b8a
miscellaneous-numbered-cab-views/0031,miscellaneous-numbered-cab-views,train,0,0,0,2088960,0,0,,,,0.0,,0.6584186976756112,0.697895161367761,,,,,,,,0.6145941209272684,,,,0.9829583827542178,0.9869641304590142,,0.795818079878632,0.7891164228384763,,582a1052402234b092c9e8f0eb985ba78c3b1068c2ae8c12c805aadd11584b0a,7f02b5df890d74feb99bae4ac2f419b3e48fed2208d8047fd2d8b9a7d2f2cd7b,171321fdd3044d44fca5af853aef9894e19669fdd45618f6b3ae91e9ebb4ff76
miscellaneous-numbered-cab-views/0044,miscellaneous-numbered-cab-views,train,0,0,0,2073600,0,0,,,,0.0,,0.9324212940565142,0.8993730513377531,,,,,0.0,0.9178037434070294,,0.5910449789373556,0.6628982528263104,,0.0,0.9702395524865769,0.9963625974450022,,0.8714574655076931,0.8329548575170578,,bb02fd705ac7b08fb3ae7c618b46f5a9da4ef32b590259233156f5fee831aacb,88341a86688a995a11401395977a1f70d09fcb7f5e90b34db64d6900ee238b02,2cd807fc1493f3f57d1f7c82fa4d78a5baecf1117cc522e2eefbb9c4dae605d2
miscellaneous-numbered-cab-views/0046,miscellaneous-numbered-cab-views,train,36019,2872,2412,2032297,38431,38891,0.872067404304772,0.9261525802884987,0.9372381671046811,,,0.9491911346150315,0.07457537154989384,,,,,,0.0,,0.6167549892885331,,0.872067404304772,,0.9854955742906168,0.9846260757781914,,0.8930729736554162,0.9576131848769914,,a1bc04fa20bd623f99bbac759e22dbd90554263ca7b217cee49ddc9fedd59da2,3d2b997eec63c459421626f6856cc0913505f918106b37c1868681f35c7e3799,51905de510f55eda3a7a1794766acd0fd3d0ad08cdee71e75e9efaf2463b1022
miscellaneous-numbered-cab-views/0047,miscellaneous-numbered-cab-views,train,0,882,0,2072718,0,882,0.0,0.0,,,,0.9085337271931299,0.9309608496257235,0.0,,0.7670598775571151,,0.9763378696408472,0.25171875,,0.7130514917636217,,0.0,0.9060777204167734,0.0,0.9891493192896805,,0.7906698317679843,0.9094026724803116,,b74e6210f53416c45a93c3fb1a022de2cc33ed02723512634c739624b649276d,e7ddacfbff98ee0b1860229ca3eddde6d4869988720c162c8ddf46c159778cb8,8aa93f2a34c79ba61d881e5802c7bfdfe795c2ec760f8367d27a942fb3b6aa05
miscellaneous-numbered-cab-views/0050,miscellaneous-numbered-cab-views,train,0,0,0,8211774,0,0,,,,0.6683899556868538,0.0,0.964653649652388,0.6118416141450982,0.7135207864242957,0.9684605716923607,0.9070003627130939,0.18146038653526175,0.9398628292777049,0.6761993301018709,,0.4797992200335608,0.5351604760187523,,0.4878112847322327,0.8668235151285492,0.9610529221675517,,0.8777941512214358,0.8306673314403192,,33fc6fbed915cff715396fc229a8e0da423ed1d84e76cec2dcc2a28d124be983,d7ea88db43428e6a079bd74c9f89f6882e170699de87112e056241c2de64cecf,01a6c41384d57eb664f68f6976a3e21359016a319e82a1ebdc68d0065d5d9b77
miscellaneous-numbered-cab-views/0054,miscellaneous-numbered-cab-views,train,0,177,0,8175770,0,177,0.0,0.0,,0.0,,0.9050085697197883,0.7249299719887955,,,,0.0,0.0,0.7014739025087027,,0.7855268723776424,0.6310483870967742,0.0,0.0,0.983584450446331,0.978543783203292,,0.8545020870602266,0.9232800817118583,,ac828e814ea477c826e95def13cde08680d0a05dbe64cde8303472779d31fce8,f84064519f157a788221b468dae3b21eede54efb2623226da7f5f33407490909,c6ceb7b50f5ca8427a6402ccc841a2735a110531f47633a39df948f7d390fe5b
new-unmatched-2026/0176,new-unmatched-2026,train,0,348,0,2073252,0,348,0.0,0.0,,0.0,,0.9569724574486695,,,0.9647946997420838,0.6958174904942965,,,0.6496,,0.5466330572560317,0.0,0.0,,0.9517573273062792,0.9905869940533282,,0.8585194331114452,0.8748110369450948,,fdfba692303712b2119a1d725763d74b54fa20defdb3415916105955f503bd9b,a4a945408fb28a872aeb1b860b8b94abdd259836428f6aee085d01ae61280ccc,331901b94cbe8dc2b5a0837bb2d916eb8a53180e0e1e07deff7134dc63bb1298
new-unmatched-2026/0177,new-unmatched-2026,train,0,615,0,2072985,0,615,0.0,0.0,,0.835854163349785,,0.9410316681782006,,,,0.0,0.8354639394907851,0.0,0.0,,0.17406931964056482,,0.0,,0.9864376725105027,0.9950979716325746,,0.7403963087488376,0.9227558684627851,,92fdd6e752f0a8493a8a0114320f0d3adb209985cc28a17efef842ce5c887b26,d635d6076eddbb99e91c6f5abab40f42ee0cb1e7f16f8b435011ab79c2c306e8,60642097bb4804a493748415d82cd42bb655ae3b9e86e4c52506a82b93fbf3a1
overcast-mountain-stations/0214,overcast-mountain-stations,train,0,0,0,2063146,0,0,,,,,0.0,0.8047494472207148,0.5003046922608165,,0.7461037605117788,0.56187624750499,0.7816826727297408,0.0,0.534187785504379,0.8003085337634107,0.7739755131865819,0.7888693988199649,,0.06424025457438345,0.6356996427245621,0.961358583841383,0.523191196698762,0.5218785430839002,0.6359572194957522,,fcf5289b197c7f0a48d5f375c13e6c090599b238c68ce299010e0babb86cb7e7,74c09644d3b234cb7e5ae04360d0c4dae6b6442f72a289f3d7e00b434c6a276e,e3970cb6951cbc7a3b8e7a5c1532be9bd8d5926a738f11e11230ed59ce42e574
overcast-mountain-stations/0215,overcast-mountain-stations,train,0,0,0,2072972,0,0,,,,,0.7715274479202009,0.9292489038654194,,0.6570605187319885,0.9378646147656408,,0.0,0.37902097902097903,0.8021993716081119,,0.7159059747496352,,,0.8076832395154873,0.7876825450927418,0.9824189885586803,,0.7488657828305118,0.8249783261439567,,a4ea3527469f92f7e01c82dbad4e004af29e5a534ebe1ed94e96185736126eff,173b1546ec227c4a29c4d3625922c07d126a8b47dc212fca972e07638a79ab0b,48faadf249adff10b9cb13b6fc683de3f2ae758bcc2ad3025b8e1b7583cf90a3
overcast-mountain-stations/0216,overcast-mountain-stations,train,0,0,0,2068246,0,0,,,,,0.44845915758309784,0.9582969813296109,0.7006892506232586,,0.7963161377745565,0.8230128863040256,0.845943290286356,0.764719293245939,0.7966837622354347,,0.6770464799828118,,,0.0,0.9807684182008436,0.9734163022989374,,0.8288826649801881,0.9316394015417885,,39f23d5418cbc5c465dddc13feda5ebb78e7eb06be8eacb3a5acb0256a95f409,582cea7ba18778754c9af1fb978db6ca3615699fa9add68d1b3f193026791d18,e964728e4f1edc22c474b4474876ac8c34af6160bc28943c0cb37250f51b985d
overcast-mountain-stations/0217,overcast-mountain-stations,train,0,107,0,2073493,0,107,0.0,0.0,,0.2933155080213904,0.6497646060044764,0.9518149973054123,,0.7057054045923995,,0.06928406466512702,0.0,0.9442049925147095,0.7092322504724887,,0.7685575603059424,0.39517625231910947,0.0,0.8344145929076324,0.9178253286574274,0.939413780959042,,0.7367818117729996,0.9048704542073158,,014ccb7933ce4cc405469bff1fb36825df54553c505c185a5c2b9ca46750aa01,ca4552b9772cd24b48a8ad4113a2d2044d6cd2c90ed3fa87f128fad6f25b5fcf,32a18acde94296523f2632262d000f659832287131dbdd0ae7e04c35dfec4a50
overcast-mountain-stations/0218,overcast-mountain-stations,train,0,0,0,2072180,0,0,,,,,0.9433488858756579,0.9874439092668066,,0.0022624434389140274,,,0.8461962053832163,0.7958898364322662,0.8615,,0.8478441854351064,,,0.7933717350957403,0.9480352398816158,0.9466078232659786,,0.8811655040434595,0.9283859522830111,,7d192a396ef667bb5f346b4419b19250547fc8d398f9ad1541087e3b71df732f,90e80f52de853dc11f80453389a3ecb34f1f22cb5b5d50d82f0e9a9b69360854,d03d375b1207ea98986bad466edc695779459dbf849013c3975ca19e49c6f212
overcast-mountain-stations/0219,overcast-mountain-stations,train,0,0,0,2067917,0,0,,,,,,0.9492538029655934,,,,0.7666275606894685,0.9446508244422891,0.762949376375642,0.9497024635774379,0.9611271633254893,0.6608983039177434,0.902164876459047,,0.6342248548166085,0.9401807385075,0.9969426421366433,0.7829457364341085,0.6972929571002523,0.8916023361644896,,217eb3ce4240bbab2cd912c73d871881db741d3f99a15000d1343139afbeb72c,d217dddc00d910958978c3b8564634dc39934156e8f5a5909546434d3ef106a2,fc9c7373f9b4449366ab7f62d6faa3a8a0ffb545758e34d7afed18ada138875a
overcast-mountain-stations/0220,overcast-mountain-stations,train,0,0,0,1926737,0,0,,,,,,0.9452602815933504,,0.2932932932932933,0.9701445979532899,0.6537348002316156,0.7201718907987866,0.2960972850678733,0.8043432315333404,0.0,0.7833043064374804,0.803338898163606,,0.0,0.9538171448644963,0.993519555473196,0.5352112676056338,0.8534719792031196,0.8865703422053232,,b998518e2d97c634c8c2c846bf7f07e5ad02688387f15d657cc9646d080b722f,5fd56feefb695330a155944520011a8468c6cfecbb0f8823735f7759291e46a5,4da76bc5abac6833480a6e3f73dd56b78d2d47a0da1b5c9b6b118cf32b6dc204
overcast-mountain-stations/0232,overcast-mountain-stations,train,0,0,0,2051970,0,0,,,,0.0,,0.9687403337033061,,0.0,,0.5088998135277165,0.7197997548017981,0.0,0.6661252635778195,0.686974082800404,0.5385777018300316,0.8309559095961467,,0.6354285130144776,0.9369034539707369,0.9763948705540769,0.48512173128944996,0.8852284803400637,0.9089036425623542,,77b17d1922889f7c1d3d5c9eb9eb7abb5f53399f38433a493e4e0d9f6d369bd5,9163d80ccf7bc87211d84eefed8081de6f20c1a73578962ba1efeb4df4582c35,3e493028fd06706206bd2ee9ad71c311447d45609cc2fa648d88db8d89b71fbe
overcast-mountain-stations/0234,overcast-mountain-stations,train,0,0,0,2073600,0,0,,,,,,0.972448461282469,,,,0.32603938730853393,0.5226154344815394,,0.03893182040496919,,0.7074818603544665,0.6598493003229279,,0.6016686069072565,0.9749731917136935,0.9956666488251351,,0.8505571847507332,0.9461330307931713,,709cbea54e2cf9800bbf3d0c032a4ecbdd34ac081630e119aea5e897a39808a8,5e14ed6bb456482f44ea9456ba84efbc491c809bf6bf91f148be3dc8bbc3f496,fab4a2bd9331b007f1592b7257a1709358b6b4ca439653e2786ef6cff5ad106c
overcast-mountain-stations/0235,overcast-mountain-stations,train,0,0,0,2071433,0,0,,,,,,0.7935880647273408,0.0,0.3395689304595364,,0.4845605700712589,0.8916488457531392,0.0,0.9022938316886444,0.9055801163726964,0.7757856876548895,,,0.5299340818107937,0.9294201109016571,0.9838738752860771,0.7329654001273614,0.7509445943800603,0.8829314483274977,,468c69f20ee4665d35f34a795d6f47eaaff96dedee7864164a769f063403427d,a6f6323515aac89998837b46a7e676cd3a75633f3314472a74cd0ad6d91d0636,af20ec146d5cc9cc833867c1a9cd82ddacd211f6f3ae497be6b975155e682a07
overcast-mountain-stations/0236,overcast-mountain-stations,train,0,0,0,2064486,0,0,,,,0.8209735380594577,,0.9504465019448858,,,,0.0,0.7915342255681026,0.6794004158075307,0.9367941888619855,0.9394966359332171,0.694031091857988,0.0,,0.6083849314275794,0.8484341140254475,0.988471475141752,0.870276531055451,0.8246753246753247,0.8491921549607445,,7d0f48496493980d7a6b226310064c37f280f0d3d8723af88c69108db233c6e9,d086edbab9f13659cd6f7730e857ea9050a4c2dfdbcbf346fa89dbbbaa3fa819,f29faf798433ed5507d16bd3f3b0088114ae42c68004c5863eebada7de8b2ae7
overcast-mountain-stations/0238,overcast-mountain-stations,train,0,0,0,2073600,0,0,,,,,,0.8011907159399859,,,0.978843637780809,0.0,0.2892591279688054,0.5068635068635069,0.8473663711137077,,0.732092178453854,0.7235494880546075,,0.9705184222957015,0.9635427226781315,0.9918542442421431,,0.6846590173275661,0.8136570447338406,0.0,38d3daf79fb1b3f1c4c8c5bf74635d5954f16b3c5be5297e9e5ac9b077259d42,994f9713200099d24deb58946cee11612e19cad501de11ba1cedfdea65a792f0,c3db0c9cd1581bc95a61b60095e1938af1c812b6447deb1f1784539d55f88e2a
overcast-mountain-stations/0239,overcast-mountain-stations,train,0,0,0,2037585,0,0,,,,0.7726729291204099,,0.967724087052748,,,0.9556032245560322,0.5188284518828452,,0.9284477137501019,0.7529032420585938,,0.7212475889307318,,,0.5694591106417928,0.6141910420475319,0.9789028156815323,,0.6862034604583749,0.8081933027710798,,a48c958611d90e4471af958912e453f589b8b5533315c5d59ce81b77a46a7bfc,0821e76096f2d948662c34edd7251a3a702f4f86b5f0639ad4ebfa76dde65c39,6252abe45f55db6e94660e12755d8a10d07bf8ffb6571535ce2c0af8ff694751
overcast-mountain-stations/0240,overcast-mountain-stations,train,0,0,0,2073600,0,0,,,,,,0.9679055629114373,,,0.9177286954159025,0.6420857759950632,,0.0594059405940594,0.8897486889163312,,0.7620357258068926,0.0,,0.5182154171066525,0.9501873095722326,0.9228367635292716,,0.8068018543118172,0.9221116399826915,,8b51f499144ba83986ae26ea615d1f3e8da062613143bac5e635ab5684f8c914,ec5ef1101a8496a4fe3e89c27333150b42b83b04442fe8619c079705af93439d,e97a70c9a27b74e5f95253f27ef5348ecf4e3d80d1019cbb734308f69eccc57f
overcast-mountain-stations/0241,overcast-mountain-stations,train,0,0,0,2054723,0,0,,,,,,0.9486273596646887,0.0,0.0,,0.8388148148148148,0.0,0.0,0.0,,0.7261523367105843,0.8223920342711589,,0.8233853780023468,0.916923644606099,0.9716590046851009,,0.8880606866856905,0.956104372347722,,3625a2c4d4e9f8f3e0165e6dd90494d2791acd79e6142389e4a17e9e72601af3,7c47a95e5eb2184cb565bf52f191447540f2a51c89392876cc5789825633a0c4,d21196b4cb14b2701852f0b61e8d7cd9d8e390adab438c5074736b5580961472
overcast-mountain-stations/0242,overcast-mountain-stations,train,0,0,0,2064725,0,0,,,,,,0.9566369635202675,,,0.8754895063534656,0.0,,,0.0,,0.6266939126693912,,,0.0,0.9335892944435392,0.9793848437371155,,0.8321737542135065,0.8819625895646475,,ded050ca71f820d730759226ffc1d2274e07ef4601f63b34c13120c7ef05161e,e5621dbb9f82929eaa32be89ffc6c20a8853dacd37119cbd4d35a1dfa0d0688f,4e5f9c46be86ee1eb6e783779b17476adc783fe0eced292df2afa2131c123284
overcast-mountain-stations/0312,overcast-mountain-stations,train,0,0,0,2073600,0,0,,,,,,0.9176310920493885,0.0,,0.4620253164556962,,,0.6621730576966491,0.7772479520606891,,0.8377438030237441,,,0.0,0.7788170181955237,0.9154775303264736,,0.8330571699435307,0.9022186850226244,,5443a27572d1805ca781a25437ef08d1d27ac70239d96cb52f50717ff14822c3,cd7524fe86855d1bbc00c5f9437a737976a1453fe208f62409b95b11be6f50d7,6e5953a81891bdcb1b6062353fd3f7ac8d39ce3d0111094d69f39bfc68136971
rain-water-cab-view-with-overlay/0268,rain-water-cab-view-with-overlay,train,0,0,0,2030117,0,0,,,,0.0,0.7668308125219838,0.7472618738645211,0.6445141790039082,0.5014872099940512,,0.0,0.7183206444107382,0.0,0.9804535215208069,,0.0,,,0.0,0.9454010261669995,0.7888766071324684,,0.6802113702623906,0.7203567203567204,0.0,7a53e1b4c0a64e0b30e58ab9db89fcf98ce95254700008d25f5394d06f97a292,8345e900712013c77bfef80c596bd05cc01ed30bfed35402897f0715e4d1e924,ec983e3e9549abd82e97d6ff50c24e2065318ce5b3cf5ef6b088a2e1afe4c170
rain-water-cab-view-with-overlay/0278,rain-water-cab-view-with-overlay,train,0,20,0,2039923,0,20,0.0,0.0,,,,0.7137681159420289,0.6878625427468703,,,,,,,,0.4682352941176471,0.0,0.0,,0.9746278531447236,0.9554142287797847,,0.799084030266826,0.0,0.6008282476024411,ae02105bf482e4b7269f687a6bf9420a5d1fcf5bf84ca910a716df519b4a66f1,4c17fa98de07fb697cc8d6a82fe1574df38c19697060477017734daad0d5a10a,bc6bb8715213bdc961b6118160c27a4cf665e4b1434e0790fbad2c9bf74b1c7d
rain-water-cab-view-with-overlay/0280,rain-water-cab-view-with-overlay,train,0,0,0,2054610,0,0,,,,,,0.6083303447922537,0.6940797544082585,,,0.0,,,,,,,,,0.9756005993423325,0.9234594654664666,,0.7514450867052023,0.848804142844314,0.2571119913575801,70a05bd99cfd467ea3e055a00e478d6e1b45acfa4adb761b94f8e266417d1ae9,4098d2b5e733662dc773d0653b36d9e745e3c5c162f30a4ce5212b86cdacf470,2486ac36dfde5aba9eb94eccc245d0e3686ef61e6c2257b1cc003d552ee72203
rain-water-cab-view-with-overlay/0281,rain-water-cab-view-with-overlay,train,0,0,0,2053892,0,0,,,,,,0.7220315569082001,0.6081519670599633,,,0.0,,,,,,,,,0.9735163702099131,0.9456991115302527,,0.659899675420478,0.7975596515265103,0.3337910636949403,a7da1f692dfad6e78cfde641dada58c6873c4539cb40843c04d9e3238e0235ac,180a4cd9f231f57b5bfe3c1b915a80b182b3c9c945ffae2b6a73052ffa34542e,10f28b0b8d28ead579f6e653e83d89a47368f6cc59d268c6b81ce37f1ee350b4
rain-water-cab-view-with-overlay/0282,rain-water-cab-view-with-overlay,train,0,0,0,2054107,0,0,,,,,,0.639225021490445,0.5728463710990084,,,0.0,,,,,,,,,0.9782843170946466,0.9214913610184905,,0.6608917725013804,0.8263565122507688,0.44903565821933167,f9741378f2d70f2bd7e5236fc50ad4936840f4c1561be37a810e2aba8983efab,4f089a368ddf3f66fa942730ecda1b8c4dba2186bdbe0e20b7f5508c59e7cbdb,6908dc4be56be6b074e828fc652409ef12e52d4925bc7ba37c52010aa3ad3ca4
rain-water-cab-view-with-overlay/0283,rain-water-cab-view-with-overlay,train,0,0,0,2054399,0,0,,,,,,0.4390139727866252,0.7066795410655459,,,0.0,,,,,,,,,0.9788065317799117,0.9802165397649751,,0.7504217348841339,0.14954682779456194,0.7243373493975903,50f5c438789710cc8a44142a41fc391480200cadb38493f126501909f2df6f3a,46f13aaf0c4a668162a6794df5bc56c3db17562a9dbd2555adb903b8c26c5065,37959fb9267c5b79bb09f19b1f399368816a8cb71d3fc8218ebc59f93b1baf23
rain-water-cab-view-with-overlay/0284,rain-water-cab-view-with-overlay,train,0,0,0,2053828,0,0,,,,,,0.7790741858333892,0.540149283048517,,,,,,,,,,,,0.978658870820391,0.7044355606320198,,0.8397038661913901,0.721275490185682,0.539462469458492,43ee426aa0b2c2ce8f85dc51fb77e1d7b14c6221bf250479b4fc3db9938e1d2f,33d82d0f364c85c4bfc46dee81a2c7dead7e1ff0c83843a6bd25d7e2d5f04119,56821463ea9a3b2c0610edd157f5f1e5f7bc667bb54835df025959aaf6a03f0c
rain-water-cab-view-with-overlay/0286,rain-water-cab-view-with-overlay,train,0,0,0,2054346,0,0,,,,,,0.0,0.7475489971294148,,,,,,,,,,,,0.9706165475845957,0.8208700316169828,,0.6942669083277687,0.18687210200927357,0.0,65bb9a26ed2495d66bcecef26da2702eed5d5ef32bc6393785623c77524cec64,8f671867da6e3324a8cb66c2b815994ae10ae1ec68ba48184a1306a31e8f4a2a,630e64d16c824a2eaf0f32840953999225df7421174bd21e37e759513326e367
rural-non-electrified-cab-view/0221,rural-non-electrified-cab-view,train,0,0,0,2073600,0,0,,,,,,0.8508405731693558,,,,,0.0,0.9205396403196626,,0.965194483804658,0.9186459963020908,,,0.9287580473779611,0.9571793499382467,0.987972025320056,0.8034897965281305,0.3735397196261682,0.815830846728912,,6411626e4dd88d0c532aa68480772b47bb488e0f02a7b85b9bc3a6689ed129d5,482fa66ea2bbaad879b3d94ac49dffca79303aa8f44871ff99fa139091168bce,e49dc6074549ffe89c3732111c6fda9c308f0b364f62ed49c9b15e1b2e7cdcbd
rural-non-electrified-cab-view/0224,rural-non-electrified-cab-view,train,0,0,0,2073600,0,0,,,,,,0.9303989804921086,0.40046744036105736,0.834584013050571,,0.4142705005324814,0.920540068072019,0.0,0.9403647970816233,0.5433007433446849,0.477632021527077,,,0.0,0.9166716681270931,0.9924863732259992,0.8339130434782609,0.719435736677116,0.5005492493592091,,1e41ae632ab7d25f8465de2e6f35040f43e06005f63f671f9bc38bc730cc1d23,14e013ec98edb93ad9f889dde346effd08deb25dea5bb168510dc27a5de98ed7,d085904ff1485eb0341ec823546196a13ed2b8cf3e153f8bfd0e8f70e5b06ee3
rural-non-electrified-cab-view/0225,rural-non-electrified-cab-view,train,0,73,0,2073527,0,73,0.0,0.0,,0.0,0.9108844912659014,0.9637400713243638,0.35995147551359474,0.9276283133128165,,0.6170143943069707,0.9217964997515596,,0.6986031224322103,0.8803872579637726,0.4541949697080962,,0.0,0.8652938142284649,0.964934314292152,0.9906132245436391,0.6239015817223199,0.8175158175158175,0.8575930128013015,,f4f88535c53b204aba9d05b638314389fa878abcf8e01baf8f954e3c487ce4fb,88dd45e7d6a1c0924c267cb9957065f544898c86db893c70cf08ed5910b47846,c7c7b10599dc63d79e55bad0fa516abbc0d91890f9db77a1256d66320084e232
rural-non-electrified-cab-view/0226,rural-non-electrified-cab-view,train,0,981,0,2072619,0,981,0.0,0.0,,,,0.9507916015492288,0.4900296196095809,,,0.0,0.8858516113482015,,0.0,0.9256995625861346,0.7842849416673106,,0.0,,0.9635773437438659,0.9980862663043922,0.7930711610486891,0.8410662391021144,0.8751000727802037,,31c04d2163a83cb2cbb97f6a65f78f6292915635dca2124764515620555e02a5,cc1a98dc433a2dffaf5c9e54f23cdc16e1248d56ecada8e23234d607d65dce93,872adeed55cd08885b864a773d95670358f0b54a7145430262358fe987bb45c3
rural-overcast-cab-view/0002,rural-overcast-cab-view,train,32653,9003,25043,2006901,57696,41656,0.4895575645811781,0.7838726714038794,0.5659491125901276,0.0,,0.81120826709062,,,,0.0,0.8696255278686691,,0.0,,0.7958696554586966,,0.4895575645811781,0.0,0.936687259801414,0.990233092710905,,0.8737785774110494,0.8887759857589255,,d6a1cdca475235fda34249ac027cadb8cfd26f48e206fe60727e06408ea9daf2,7541295884a711e816c38d561a56f88d172ad4121d1e9622385b9599b6144caf,ad664dc6956ff9f415582917f6f3fd8a5a973bc1559b9ffe4f7213420af5fe44
rural-overcast-cab-view/0003,rural-overcast-cab-view,train,18330,12146,7867,2035257,26197,30476,0.47805336045692826,0.6014568841055257,0.6996984387525289,,,0.8323633005455092,,,,,0.8247733382311199,,,,0.8058851447555766,,0.47805336045692826,,0.9836126543482185,0.994852950652765,,0.8729198606271777,0.8295625737978584,,04a002e5659f3d51126f61bc75400b6cef6d9688c3f19cc5a7f5110b8233bf8c,368630cafdffac3e53130c396eed24240568b6159ac269b13bcbb6d1bb7613f5,c240a373a2836a03203b2fece6331d6d77bf11d27a9a920b811781499b33d19d
rural-overcast-cab-view/0005,rural-overcast-cab-view,train,100167,2974,23263,1947196,123430,103141,0.7924353659694313,0.9711656858087473,0.8115288017499798,,,0.7591039606216672,,,,,,,,,0.8264923708396538,,0.7924353659694313,,0.9821472562278475,0.9856269296094093,,0.8875346260387812,0.8676288445933166,,aedc6dab3debab63ed2639dc17103ad650d4dd41a6f7227f09b5480b90de2c40,c6a48a56696dd98f5974f241bea8c622141074f956d3aea9336d15b028b45f33,02d3d0935eea53fc10fc6cfb14be7e236a21c5a0dd2d37dbdcab2aedde2b63b4
rural-overcast-cab-view/0006,rural-overcast-cab-view,train,39145,2316,4774,2027365,43919,41461,0.8466529685303341,0.9441402764043317,0.8912998929848129,0.0,,0.9688110867979577,,,,,,,,,0.6846354166666667,,0.8466529685303341,,0.957259814844086,0.9904803550633474,,0.8657092043891145,0.8437496414763145,0.0,3db1516a2e0c1874fb0dbb51d803925befe045e5d166f68c67d2511cf052796a,940de9fc67ad22a2d27c9fd4769b827173ef23421ff12605affab481c6876f00,31d708768d1326234a0b5e05571ad8ccb9b6556118cb8cc1fe978fa1aa109e53
rural-overcast-cab-view/0007,rural-overcast-cab-view,train,61360,23402,13779,1975059,75139,84762,0.6226849737672644,0.7239092989783158,0.8166198645177604,,,0.6996434937611408,,,,0.0,0.0,,0.8545830461750517,,0.8285479178299585,,0.6226849737672644,,0.9296657254551343,0.9896118820137593,,0.8742223424398161,0.8437671258098545,,9ae138fc89678cfcd1474b9bf8cc396de8f0e6e2a43775c082e7fd324b1e9972,891237312b4d761a97244527dcaa04a9f26810693ba55afef12aee4046a931f6,5b41f856bd011e784a1dbb6ad6ee06695b0aaff4bf96b3f60f327b55352ba580
rural-overcast-cab-view/0008,rural-overcast-cab-view,train,60039,3946,21226,1988389,81265,63985,0.704592130124045,0.9383292959287333,0.7388051436657848,,,0.8526462886835714,,,,,,,,,0.6281925343811395,,0.704592130124045,,0.9803630946894577,0.9915367874046008,,0.8164874325901164,0.883812904477646,,7bbb672efc6998e2fe07036354809c380b8c0b38f55bd9aae1815308defc4ec2,572a4409042ef311e85d6fd1234cae3c76099913c9079cb702d3f5aabee1808e,421ae9405738264bca6f7e6999b4f8bb72bd8ae1cd4c9605dcc9b93cd125d061
rural-overcast-cab-view/0040,rural-overcast-cab-view,train,9316,0,28766,8207487,38082,9316,0.24463000892810252,1.0,0.24463000892810252,,0.0,0.8782472485476043,0.0,0.2674883411059294,,0.7215189873417721,0.3870750134916352,,0.7398653702318624,,0.6725450095551011,0.6757741347905283,0.24463000892810252,0.0,0.9684734935173346,0.9934595484381935,,0.8221693040405592,0.904919420043579,,021941b66ec27bb2fcf79d061d8aee08b9c3f292d08a9a7405a19e299c832db3,03d7ca34d25d285c9c357971931e84b25cefeed2da79cbebf813418ebcf853ae,5194bff882f1d99e7f2c6201549c025d36a0087833bd0804dbe7c20b9bd8ab07
rural-overcast-cab-view/0041,rural-overcast-cab-view,train,0,0,0,8244623,0,0,,,,,,0.9107581065456365,0.7525922749848144,0.0,,0.7836909871244635,0.0,0.0,0.8275093289482006,,0.8359546517905344,,,0.0,0.9773346625860835,0.9920250211630977,,0.905385413377836,0.9311943858579992,,ff35eda53bd2422223f5fcafb02cea4c44b441958325638de3a11790243b67c9,5eb16e71bb124361f4f8652f27e308c52264136dbcb5306a87c2f883c5829c14,3f54af25890849665d4d64dca2af77ad54f54657c6f21a92bf43fb74831d304e
rural-overcast-cab-view/0107,rural-overcast-cab-view,train,19399,536,19977,2033688,39376,19935,0.4860442974543997,0.9731126160020065,0.4926605038602194,0.0,,0.8526299714204681,,,,0.24770642201834864,0.9382691819252349,0.4570559191640831,0.35862913096695226,,0.5393120393120393,,0.4860442974543997,,0.981505059379139,0.9963476620147795,,0.6614266442749773,0.9144473992664759,,215b77d9cef9cc3af93c75d0f03981fcc3de1a90d89599e881fcd4a81e39bf3b,1f2e13eacc67db4ccc1b1898b2ee9de4f5fe5b3c921e281eaf6efc3968a779ed,cea348418235f74945e0cfb927cfb8916d58babf77f17763d16435c533332da7
rural-overcast-cab-view/0108,rural-overcast-cab-view,train,83457,18725,4993,1963780,88450,102182,0.7786983904828552,0.816748546710771,0.9435500282645563,,,0.6580440551444413,,,,0.0,,,,,0.7964790262986308,,0.7786983904828552,,0.9744792592543822,0.9949039419219465,,0.8963622472966619,0.9283841064034033,,c33b247dbf2b4f39cc6e562b021c46ced689391a1b60185e8afc0ac60fed379e,3675771437023b100d1903dd7728f510a010fd931101a1229e30d896793df2e6,915eab7afb94fddc6f08f236fda5de4db999ff070169abac577cab7956e2b30c
rural-overcast-cab-view/0109,rural-overcast-cab-view,train,49574,4291,8743,2010992,58317,53865,0.7918157423971377,0.9203378817413905,0.8500780218461169,,,0.9195944764901242,,,,,,,0.2909556313993174,,0.7426636568848759,,0.7918157423971377,,0.9852928066100815,0.978351252957092,,0.7903330503819843,0.8558615405417587,,f38954f1bfc9fe50b963723a16b16b8d3f9d7362875393e41e5e9796dd413c67,b5d03c87f28738bf1880863f87f22ad418d106faeabc5b621d3e22fd19e4352f,f109de5df48221783e297d73471e25cdf0f5ff625e06546e09b190942a4e99d3
rural-overcast-cab-view/0110,rural-overcast-cab-view,train,121864,3176,16730,1931830,138594,125040,0.859589475911688,0.9746001279590532,0.8792877036523947,,,0.8044423440453686,,,,,,,0.7752276867030965,,0.8711556529909177,,0.859589475911688,,0.9829127893607983,0.9715244364416369,,0.7126624395756168,0.6637970602393454,,fdf24fc27e07ee485b7222ccde914085e8f087aa8259cc0b90e6f71e0a387ffc,6ab6a5d80714bfdca09a693d2b6ef8354c1298f4d007435af886bdf54a27984f,552b6521a8c287285e18ffb69dd5e0ca04fc9fe8e3b9217ae2e389eab268e255
rural-overcast-cab-view/0112,rural-overcast-cab-view,train,74859,23838,13983,1960920,88842,98697,0.6643503727369542,0.7584729019119122,0.8426082258391301,,,0.6319353118891061,,,,,0.9045829187701908,,,,0.7580032555615843,,0.6643503727369542,,0.9857295241404942,0.985697181425771,,0.8868997533729871,0.8886674368121057,,8aa93fc1231db8b4b0a120906afce6efe281b5d722780d8cc957032da6e74746,7baa1b6dd76fce960eb947f27e2990725c86a6f5f51c52791202dfad46733104,8239642cd3b584eae89df92419d2dd07ddfc8d2b91e2ddf10b2f4029fc675a10
rural-overcast-cab-view/0113,rural-overcast-cab-view,train,49511,16048,24951,1983090,74462,65559,0.5470224284609435,0.7552128616970972,0.6649163331632242,,,0.6631453652730248,,,,,0.7589864596656817,,,,0.8917847968299861,,0.5470224284609435,0.33304248065021735,0.9278040160330189,0.9953966611663152,,0.8646831891512743,0.8793292624749547,,ba958581ca15fdae026c4dc5918bbf409fb30ae6ee8593531607b3d3640ebc46,5619cab770a415ce98a48e4bc99f46359818dd6c29e09c86f079b60ee7199d99,6d5022b850bd098ef9dbf84c3dc526ce5e2874cb38df6882033289b9b0072fb1
sunny-mainline-cab-view/0124,sunny-mainline-cab-view,train,33929,4476,44981,1990214,78910,38405,0.4068908449859689,0.8834526754328863,0.42997085287035863,0.0,,0.7624224159580957,0.3275116342732001,,,0.15416160388821384,,0.9302095533727578,0.8931018513453888,,0.7670171820481769,,0.4068908449859689,0.0,0.9057011204002525,0.9776160064877468,0.0,0.49843457943925235,0.7323397994768962,,7401f5fc76b6fc6c255d1dd4039a55eb15e32ab20cd3552dcac7878a8a74eb88,a7a2df50102d7e802732022e8559ba0e3680e8389a3d28775fdcaa5b3fe675c0,aa291d006ae43e0f76dd582dc58b864fe01b390f98d7fbf38f05f1b935a80a1b
sunny-mainline-cab-view/0126,sunny-mainline-cab-view,train,24234,862,9271,2036866,33505,25096,0.7051531992900166,0.9656518967166082,0.7232950305924489,0.0,,0.8286550609975638,0.6823511496878331,,,,0.0,,0.902496946205447,,0.7256190399871785,,0.7051531992900166,0.81415033264921,0.6326331996978677,0.9785600765200304,,0.7708611263700332,0.8870429268485411,,a1e2fc892f0b131c74ecceb67559b53b91457b9cf91503592486c858fd335277,5e9d2acebf57172d5210c5c3b720a337687a9f178fad0f7fc5002f71acbe4474,d01f810d67b7e9e9222412c9387c7d739b0761653b031fe1d5a6edc224e1f320
sunny-mainline-cab-view/0127,sunny-mainline-cab-view,train,18608,1647,6295,2047050,24903,20255,0.7008662900188324,0.9186867440138238,0.7472192105368831,,,0.8094991853102164,0.6768256693673874,,,,,,0.9246711809125394,,0.7768901852895356,0.0,0.7008662900188324,0.8174724412699723,0.8276117700729927,0.9770333178387838,,0.8103401625593905,0.8756859695618364,,0d4cde05aed2bd4fe2170c8e306ae84b426e1f4e3c8d7f9b0b0cb271454f8c9e,3a2f62b80bbbd8f815571d25354fdfb14621d54793dd0bfa6cc4afdc37595e4f,b44db8c220bb59090ebb734bbc906efe17440e6e2ef149cd8501dcdbe0df9a91
sunny-mainline-cab-view/0128,sunny-mainline-cab-view,train,14816,1204,8197,2049383,23013,16020,0.6118016269562704,0.9248439450686642,0.6438100204232391,,,0.8900728537477477,0.6678975365387595,,,0.4908424908424908,0.0,0.6770138398346546,0.8005220722425941,0.0,0.6377648992301704,,0.6118016269562704,0.5293973542381186,0.9147596224997439,0.984916793163923,0.0,0.7969962961083769,0.8173155366902415,,24687c346d035f3bef72afba9b140f03eab022e4a90af673afe81fa9f274787b,09bf5c31ca2833eea50b69d465637fad45ede0f027180c676f50e73c26925838,9c1873e2aedcb4be0342bc7f5e5a41b81b92e7c1e8144e5a2b9d560b9023fe4b
sunny-mainline-cab-view/0129,sunny-mainline-cab-view,train,19604,2837,25488,2025671,45092,22441,0.4090216778985583,0.8735796087518382,0.4347556107513528,,,0.825286936363751,0.6704814972087869,,,0.5516397454723446,0.41086976445788653,0.6762885302219382,0.8638351514079251,0.7789203084832905,0.7613008816852331,0.0,0.4090216778985583,0.581073261062459,0.9179727756260287,0.9812685941443607,0.5385411277806519,0.7135737160219907,0.7310931513146088,,e52ffee04497a5939bda202788429a87b3560377d2abd91af07b4286a26b89c6,5d694e9c15aaefa0b7665df2c9da8584456f3b3dac39535757253b4487d820f4,7887445984d3046ddef9112b1d8b9225615f41af893a747636b2d0bdd75847d9
sunny-mainline-cab-view/0131,sunny-mainline-cab-view,train,21226,373,21951,2030050,43177,21599,0.48739380022962114,0.9827306819760174,0.4916043263774695,0.0,,0.8272813545776935,0.2675013566943174,,,0.7681818181818182,0.7546798029556651,0.5833044482957828,0.7894210834964608,0.0,0.7396253489367604,0.0,0.48739380022962114,0.7695075765698919,0.7683700788553538,0.9595745165478441,0.0,0.6971345331169789,0.8434863691635007,,6ed3b7e372d8d5dc78b215af5af6f4653456cd41ece09177eab1178a747e70bc,af8d2a04956dbfdf21340cdf110d0b9d6e2829237768690ed087162d1ae36165,237aceed41410fd325870c0addca3ae01f82a55a61748498cd20b8ab29d875ee
sunny-mainline-cab-view/0132,sunny-mainline-cab-view,train,5661,153,8214,2059572,13875,5814,0.40355004277159967,0.9736842105263158,0.408,,,0.9210809260984876,0.0,,0.0,0.35733819507748404,0.5806351904798702,0.0,0.8195414223106726,0.0,0.8039164797189918,0.7934373318988703,0.40355004277159967,0.7484417552319012,0.6392852738260194,0.9667426471943524,0.0,0.6589225218277467,0.8151431755024232,,e153b7e6bd960d596c08d639a6b6e83a0851899aff6c01d8e6bfbba8b04f29ab,204c422aa9c44f8b7d5b2eb481af1e29fa4744c6021070e0d2662705e7e0189e,003179883eb7711d90dbaf16bd0b9ee6bb5c4e8b3c4fb4565375a4f67b7f83d8
sunny-mainline-cab-view/0134,sunny-mainline-cab-view,train,20621,1028,15242,2029742,35863,21649,0.5589710227426744,0.9525151277195252,0.5749937261244179,,,0.8747922766479386,0.3154046148846279,0.0,,,,0.7994392523364486,0.8778884473508669,,0.7534496353242657,,0.5589710227426744,0.7282290279627164,0.9233581738838537,0.9892098107387817,,0.8233734255137797,0.8377372145384367,,9e4b1e6f4202cdfc0d9ff15e1ee6eb32270e1c0e88b7b7842be2345e74dab6f2,ca7f11b3b53842677ff683a60af0909d165f0e7bdad70e86ec532fdfeacf5b09,8835051bd7fa5c606898b53f4cd22be56da52522c6e855eef14ec02f10c27edb
sunny-mainline-cab-view/0135,sunny-mainline-cab-view,train,11177,344,6736,2050057,17913,11521,0.6122035383688448,0.9701414807742383,0.6239602523307095,,,0.9215939205672266,,,,,,0.8375777020252657,0.8416378292961014,,0.6558951235804943,,0.6122035383688448,0.0,0.9628041555726752,0.9928508138754938,,0.8525459418070445,0.8809608232800917,,917d7fdbcba14ad98f4155259ad4945453a4e76aecab144bfdfd515d95e55343,b6a73b1f8244f7439392be7102f2da394460911d789962cefb50cf25cba65757,248c589d38ea3e426ebf7722a386f278df4f3b97aae323d035480f3bbeaba237
sunny-mainline-cab-view/0136,sunny-mainline-cab-view,train,66408,8726,20910,1972170,87318,75134,0.6914330931656324,0.8838608353075837,0.7605304748161891,,,0.8894335709468524,,,,,,0.7403758667210492,0.7386695467818712,,0.7017102381285242,,0.6914330931656324,0.867781929347826,0.975744575378035,0.9800120986826227,,0.8549332243118016,0.8892424695827342,,23d8b5534877bd891ce5b404ae30036f3fd3a3f9769fc5d17235cd727642067e,197fc8d7bbdc4022d9b5cf5e18eddfe930bc031adbc821b3fb7895aef544cda7,c931029d3a5fb172997ca9d2926ebd5983060c718b20456810d2a0a887ed0b9c
sunny-mainline-cab-view/0137,sunny-mainline-cab-view,train,18556,7032,5677,2037068,24233,25588,0.5935071165840397,0.7251836798499297,0.7657326785787975,,,0.9079461775338064,,,,,,,0.816013299311838,,0.6377120525801581,,0.5935071165840397,0.47775754422476585,0.9714825344515686,0.9732049229557046,,0.8400382632725727,0.9281594417909453,,a171edd02bf21b2bc889ac8ed17fe30fc47d76defd59a637e236ddadf0c76f27,fe62d749e1463b1b2a02805ef816e5e89d973e53a5a2098c5403781be1646e52,b43e5d7ecb4d8d3e8e522dcfe1fb6182ab52b28ff147b600aa18504874ef4f4c
sunny-mainline-cab-view/0138,sunny-mainline-cab-view,train,2892,1036,3913,2060509,6805,3928,0.36883050631297026,0.7362525458248472,0.4249816311535636,,,0.9439155324062699,0.0,,,0.0,0.7795043020418646,0.8882540978031694,0.7346960073948177,,0.5317302219692658,,0.36883050631297026,0.930899616139975,0.9506135514242182,0.9905531066964556,,0.8694947106786699,0.9619363315614308,,461bdcfd80571cea432e10e0947270b1a03bad21b5efa4efc325d700d1107bed,9b93de1d6c571c4679b4c6c166281098003c47dc20a9bc6e8725f6a2cc661d97,3960f0491d00a77c1c35608cd7a5374f49c57955a210c375eff49643eae3669c
sunny-mainline-cab-view/0139,sunny-mainline-cab-view,train,25538,2573,2223,2038006,27761,28111,0.841893584756379,0.9084699939525452,0.9199236338748604,,0.5174883904752495,0.7934926976226341,0.49781454886044335,,,0.9193849021435229,0.0,,0.7267718456471354,,0.6435434398423693,,0.841893584756379,0.0,0.9418365514404723,0.9852844252876916,,0.8108685059284869,0.7800062426220891,,ea793969cdff22d7aeff4460d14cafa8007c32c5650e6cd3586775c958a0754c,f04ffab6071b224aa9cf94458c905bf5c66f7c4a9f098d0f1151766a202c3e74,958b89b8496735fac7e4fb1934dc8cf770287f6f5f4fc4906c4e2e85ca36587f
sunny-mainline-cab-view/0141,sunny-mainline-cab-view,train,15180,1212,8781,2036192,23961,16392,0.603027052794661,0.9260614934114202,0.6335294854137974,,,0.9583716159238795,,,,,,0.17514434973879572,,,0.7582057255885887,,0.603027052794661,0.8148781728235239,0.9336873495866904,0.9474981301640183,,0.8578267559880007,0.8981589752546618,,2ab1618bf2232f7953374c7ff9fd6dbb5957a1d11d887a1004faeb1f3bfa8241,c5b7bb11d7a16e11ebd4ca5f2cd8e58e6b01971995825dc7db8b90321eab5861,db2d6dcd3cee80d4e1bde9771fc2e9a3dd6cad035355bdc939b95f79a8e5de99
sunny-mainline-cab-view/0142,sunny-mainline-cab-view,train,18340,612,10755,2038447,29095,18952,0.6173629110983944,0.9677078936260025,0.6303488571919574,,,0.9213130702120893,,,,,0.12465526751241036,0.806024315006351,0.7014654781689077,,0.48894038340004214,0.0,0.6173629110983944,,0.9679340676724282,0.9921533279949137,,0.9001265393043425,0.9308596472209747,,f9d4c3db5d27a80539d7e059e63c85bbda048e2f6d73d48e3b0e6d2541a023d4,8fb3a3361b3cedcbd74d9212b40445c40b7c34a84d64dd303f61a4d2c72154c4,676365ca6b7045ec66b947af909373a3b9ba1657f76cfbfcff1296bf6b2a60f3
sunny-mainline-cab-view/0144,sunny-mainline-cab-view,train,5398,617,4188,2057929,9586,6015,0.529060080368519,0.8974231088944306,0.5631128729397037,,,0.9216549198680829,,,,,,0.0,0.30164888457807953,,0.5294185244771317,0.8826754385964912,0.529060080368519,0.47067053580681933,0.9576829106722571,0.9709896560611481,,0.8022269521570621,0.9425597246711213,,f6b634ec6548b8bf98554aa0ac61f40eb22ae85f7e7ae26d084ddb9500ae7e5d,d70ab00d52ae34ae6f1b770e428d1e0b4ebbfa4bfaccb7ed34e4430ca49985c1,9fe700043699bd749e6d0642ceb02541ecbb101a63ea581de6377bf8c94ee64d
sunny-mainline-cab-view/0145,sunny-mainline-cab-view,train,19554,1425,2481,2044829,22035,20979,0.8335038363171355,0.9320749320749321,0.8874063989108237,,,0.9598375284632901,0.0,,,,,0.7200911239087063,0.9580075780507917,,0.0,,0.8335038363171355,0.870122474650892,0.953864784690456,0.9918140547486748,,0.8602312905126694,0.9356476251764166,,fcdb2f1d198ca40299c924da55b12732604c2030a0db21c6f4a86b3b5c804d35,0f953934d9f0f4da7cb3e46c89d3d0dea61aa9ac24ad33f176a47e6ac7dffc3a,e4e56802a3c476e2bc42722bd83b23b5d6d950e30b4a93671e814592ff874e1d
sunny-mainline-cab-view/0146,sunny-mainline-cab-view,train,33337,8779,9360,2016608,42697,42116,0.6476221928665786,0.7915519042644126,0.7807808511136614,,,0.8879012279370792,,,,,,0.0,,,0.6256170105049994,,0.6476221928665786,,0.9697274571526197,0.9781349852478484,,0.7903508356611902,0.8794415931273001,,144ac7ace9587dad2bd7d7909441c0b2eb1b7a5fd5d975855c31e6f54006cc89,f882a5279e95b63882b306a0fdd968e9c3131a2864242474a7e561142a4625f7,eec1c790d591ace4bacc6425c49aacb2863644f7c491a5b0e7a2db832bae0e8a
sunny-mainline-cab-view/0147,sunny-mainline-cab-view,train,1252,0,4720,2055776,5972,1252,0.20964501004688546,1.0,0.20964501004688546,,,0.9204600428482572,0.0,,,,,0.43053054439673083,0.8297062023939065,,0.6678660596269643,,0.20964501004688546,,0.9833724356577874,0.9691573315993262,,0.7669287103968618,0.9140718805477596,,6cf388fea166cff5c1481f523509bf3d72656e5aede0964f0ec6b15e88adea19,7b9aac3b84942b85ee007ace3e8af52aabc5de40a230c86d1a4772b298d5eefb,225e0c906a8d1c76bb87d9e46a8906865f25e543b282a8f44bd2c38d08bae01f
sunny-mainline-cab-view/0149,sunny-mainline-cab-view,train,6188,590,4301,2046425,10489,6778,0.5585341637331889,0.9129536736500442,0.5899513776337115,,,0.8922839874564611,0.6046095979939713,,,0.25126475548060706,0.7232427366447985,0.061888269838879684,0.7471851098053376,,0.717539444309735,,0.5585341637331889,0.24109053689401694,0.834121136134559,0.9696396754111473,,0.7918441259676066,0.8286864490880986,,0f14ff36a7fdb27af6f7ec8cb353e753e159bb3b77aab52a80b13fe6937791bc,95eeab01f27c7865aae27495154899df43286c06b43e8597c1f0977fd2a195ba,f0fd5f50b16c9b786dd0d0a43cc1acc9ef424aca8b0f6c921e9b80c15ba7ce60
sunny-mainline-cab-view/0150,sunny-mainline-cab-view,train,7177,1238,2279,1998451,9456,8415,0.6711239947634188,0.8528817587641117,0.7589890016920474,,0.75,0.9102337917956842,0.061248073959938365,0.0,,0.4770992366412214,0.0,0.6547546634225466,0.8670525192824122,,0.6390707599786605,,0.6711239947634188,0.8223443000353241,0.8864870211640815,0.9938709261272836,,0.7697610294117647,0.8714551131884691,,d4d60368183c52383216b6039fb814147d7720ff8a5ea3c97e9222f8f0eb8937,a86f9b31137c2cfe325672053454e95f6b6fe1b769e9835edbcd61953940837c,084d524a9ec1bfc07b9337c6f2cca034636b4c3e35255d0766112899c92e61b6
sunny-mainline-cab-view/0151,sunny-mainline-cab-view,train,3871,4571,19613,2038071,23484,8442,0.1379789698805917,0.45854063018242125,0.16483563277124852,,,0.8518797291915572,0.8206518210738167,,,0.25091352009744217,,,0.8492937113541562,,0.4727703904463454,,0.1379789698805917,0.7923631356681872,0.814363424810832,0.989502822660214,,0.852671373769945,0.8329404091018388,,4b1751c125ecc67afaa53eb1d7655c7a5ec051098de588dcb48ea4bc9cd3c5fc,e80f258a53d0d5624f90e47a73ab2a9dee90a2261893f9f06968830e26e1fcae,55538b8e3a174404967d98e96f8221f391d304af847c7cc07499b1a33a72f5bd
sunny-mainline-cab-view/0152,sunny-mainline-cab-view,train,5779,1108,6625,2046352,12404,6887,0.4276939017169923,0.8391171772905474,0.46589809738793936,,,0.8469701910534796,0.5795149320546746,,,0.5958481998053844,0.0,0.6302948371314536,0.8522821823368596,,0.7412595284809109,,0.4276939017169923,0.8736832105385378,0.8962592300307123,0.9812017780297229,,0.8605313385051102,0.8257081950287932,,7c244faef1d58c7c544581c4aaad579ceaddaf9f4f8593f1c642198319e0f064,e45440ffb717bc4b598004779ea15e237e1ba4c9c73cb27cc0b96794d8e4bd3f,69935d3d0ff79ef5c0beebf83a6d2c193eab009a6ecb4fa970555f62bf53b27f
sunny-mainline-cab-view/0154,sunny-mainline-cab-view,train,15484,9927,694,2042025,16178,25411,0.593143076039073,0.6093424107669907,0.9571022376066263,0.0,,0.9360696058537785,,,,,0.0,,,,0.451881993896236,,0.593143076039073,,0.9793958781198822,0.916146157122088,,0.9063038740526299,0.9540226421916075,,6ba5f4dc3a08179c05592eb64e30da7a3ab0f61eb7a134091c4cb022c307f8ce,dac38095dcbe26280a37351991f196700cc6958b431e99192616e9812ff695e5,a90eeddfbfa83de8f39d5c7b23e8cad7031c74019fac43efa5ca0bf31c58846b
sunny-mainline-cab-view/0156,sunny-mainline-cab-view,train,8349,2089,1331,2048640,9680,10438,0.7094060667856232,0.7998658746886377,0.8625,,,0.9537943295592777,,,,0.0,,0.7893246100450791,,,0.6615623383341955,,0.7094060667856232,,0.9654784408607799,0.985287059435808,,0.8967982106267499,0.8946759555859817,,2a9b7f9f2e664a6492b210e6af5c8b3238a3d01e1f1d4f0c3506e92519ad0942,66a96574320f6eba811a83566a23baabbb50e25574efd274b18cda96e0b42442,680a769dc38fcae98d0c7e8b5f52e4938d37653e9b2c9927ba0a767cb4992ab9
sunny-mainline-cab-view/0157,sunny-mainline-cab-view,train,22588,12635,716,2032275,23304,35223,0.6285094187373049,0.6412855236635153,0.9692756608307587,,,0.9320742336453226,,,,0.0,0.0,0.215319449346982,0.6257696350803424,,0.6847105612019443,,0.6285094187373049,,0.9387031891420917,0.9923399673839041,,0.8825506160868039,0.9076231612076425,,8e5da439095b7bf529ca9afbcfc297a86c96a3820aab657ef461687e06417c1a,653339694928a859f447c43e42320d1cd6503d7f644d3150a77a5274d8828e61,ebb59e1dd4ef812bb7526b64005b40bd5c0bb913557872f8efa0915c348b403e
sunny-mainline-cab-view/0159,sunny-mainline-cab-view,train,14829,515,14300,2038490,29129,15344,0.500236135474295,0.9664363920750783,0.5090802979848261,,,0.9372699347566703,,,,,0.7096935495392528,0.633821682712432,0.71669099756691,,0.5847893114080165,,0.500236135474295,0.0,0.9512430062941825,0.9928753537570442,,0.9117489629332263,0.8929174939799756,,0857b1a64422a748f3a1acbe2298b756354dc4e916a3e35065e7c7c8aa443cfa,4ceae0fc8775704b3c9b4c6cb0569eb7ae7807ab7173d390aef59f35ebbfa6d5,56b2ed0663ad5df68c34e10e1db08135d5624e96ee83493989604d072633669f
sunny-mainline-cab-view/0160,sunny-mainline-cab-view,train,21181,6644,1489,2039138,22670,27825,0.722555775397421,0.7612219227313567,0.9343184825760917,,,0.9477664175186861,,,,,,0.7312261824702981,,,0.7083727083727084,,0.722555775397421,,0.9786406691784212,0.9911949147795117,,0.9083754372328022,0.9430704549310911,,3f99be5f7928e5a01c3e2e0da7c216742c167125a2f4df4f9eda959f3e86453c,0a56b4e26f053587a8b41fd98b7616b82f50a413ce7a4279e60244a66493f498,c2c3ec7f1ba5b61d1d3e2a64aca9185d9b3ae6621f9839c4ff996620286becdf
sunny-mainline-cab-view/0161,sunny-mainline-cab-view,train,22830,4344,4466,2036582,27296,27174,0.7215549936788875,0.840141311547803,0.8363862837045721,,,0.9447739505179586,,,,,0.9386662766890904,0.6460596786534047,0.8713638633897662,,0.6830392267056311,,0.7215549936788875,,0.952876470562538,0.9943228047482945,,0.9027769168784479,0.9328977334345515,,016395879116dde76f1eddcc264a67c3d1fb136d9a0f2d92b33ab41044c4e774,fd25784fc16a2a7c6484ecbbec6bf22a4a6695dd9893e771651938776bf7cb23,66580ec72219debdb269b4a82d811c7b27cf851c9c0f1ab762a18f64301f808e
sunny-mainline-cab-view/0163,sunny-mainline-cab-view,train,49749,3953,9781,2004624,59530,53702,0.783658617267615,0.9263900785818033,0.835696287586091,,,0.9385769709391699,,0.0,,,0.9497093357891102,0.7974624334912004,0.3099635407327715,,0.7199973739495799,,0.783658617267615,0.0,0.9403411224441546,0.9940932894106403,,0.8859589741975095,0.8830804705125308,,53c1f0e23c023af87bca8d7c925f1118fa6e03bf34b314ab0e901d159fd525b9,3d556e7e8af20a6eb6d546badc61b9bcb432ea8ba8a43cb477c8d637a41abde1,690878505ebe1e0b4fe4a24321e104389ee1d4097600d19b06ac03906bdae493
sunny-mainline-cab-view/0164,sunny-mainline-cab-view,train,36438,5667,487,2025652,36925,42105,0.8555127723516154,0.86540790879943,0.9868111035883548,,,0.9500746775288527,,0.0,,,0.9206879093756922,0.5005574136008919,0.8357312354362186,,0.6254055807916937,,0.8555127723516154,0.7386834743334794,0.9533271352282906,0.9955400012803824,,0.9040621079046424,0.9251677786691189,,dc2322339b57aed5805465301755b9054b87fba047b608e05ae4dcf959232006,b8dfdef270b26830890c889e0d2ed1a2810389a780bc38e7fb91325d5f8c46e4,2c6d4906059d0b845c93bbb95f03a3dc9cc962bfadb6b9ab4d7e97ab6ffc033b
sunny-mainline-cab-view/0165,sunny-mainline-cab-view,train,21150,4121,5834,2037117,26984,25271,0.6799549911589776,0.836927703691979,0.7837978061073229,,,0.9474963816875301,,,,,0.9441692161948099,0.6369717015803014,0.649547457425271,,0.7602836879432624,,0.6799549911589776,0.6767561735794774,0.953828050579951,0.9951865413790638,,0.9037983286735971,0.9430931213533651,,ed03205def575f68a08e90b5040e492f111657b011c4a09ea8773bfee95ae4f8,fa3e6142522787e662d35be413398957686c954919d06b8e8d93c33dea075c91,c467d7d989f781353ccf8b99fc6e1aec9f2a9d2dec3764861fccf45cb6b1bdaa
sunny-mainline-cab-view/0166,sunny-mainline-cab-view,train,21423,6328,214,2040219,21637,27751,0.7660647237618452,0.7719721811826601,0.9901095345935204,,,0.9482609503430691,,,,,,0.6869152152008061,,,0.7634103993420451,,0.7660647237618452,,0.9607758311515977,0.9897731811551477,,0.8852620194671124,0.8928710966849999,,4cb25bc7ad809534409bf310ce0bd9621415dfebdaa38bfbacf278916ddd0f64,7bb389e1d2b5f1a73758fb068f5545e4eea28989d63d1a5b7b38e375565b8f9d,2178a72e346e0db1f9cc9d6949bf2bac74dbec21e9f2bc780d82a7e40a154562
sunny-mainline-cab-view/0167,sunny-mainline-cab-view,train,5474,2216,127,2057477,5601,7690,0.7002686452603301,0.7118335500650195,0.9773254775932869,,,0.9714803234998904,,,,,0.8111525277689325,0.9104173088496484,0.9409242950923281,,0.0,,0.7002686452603301,0.6917834256543934,0.9147724578799794,0.9902925075084151,,0.9046441330035724,0.8926665522166174,,ea08f07ca095ed6d035d6f14b8548f69a14bf8d6b49efbbdddf5179bf9ef3009,145a765c10390d86c2b694571a1204ba36f373aa962a6637297cac9712e31330,34702d3e4c49054029ab7a8e099b2d0a15a7891b111eaa362c289d7ba7a3f09d
sunny-mainline-cab-view/0168,sunny-mainline-cab-view,train,21927,2076,2951,2041322,24878,24003,0.8134970690806559,0.9135108111486064,0.8813811399630196,,,0.9586345895450764,,,,,0.8422857142857143,,0.8137125149294684,,0.5826882477128783,,0.8134970690806559,,0.9429310993263146,0.9917496064180811,,0.9021382913138,0.8692010406740179,,72b8f6a32917f9b4cd7edbfc8b38900c94a094dd308a81ee17ec8c715bf8a875,a7bcce9f412f7e553372dab86eeb666894dededfe518eb748005bc49ea92f2e5,5a89c700d4fead92a50c07340b390ba07dca8547f6ef7e73c3f4dcc042a7f188
sunny-mainline-cab-view/0169,sunny-mainline-cab-view,train,4182,820,1437,2061700,5619,5002,0.649479732877776,0.8360655737704918,0.7442605445808863,,,0.9737939565294221,,,,,0.9324485281606262,,0.9138657772239124,,0.5940573341703285,,0.649479732877776,,0.9607684053857602,0.9917073344690143,,0.9205904035385749,0.9271884300271293,,e50a126b8e9d96524472935c0169644a3000d548dd10622d7dd7837f28b262f3,f1b755542aeea840e9cc6f81d068c5a0f77bd69fcf3208043b1f22f53e24f45f,b2c973832cd111b6aafc728d2798c2026ef06638a9135202faa0bffa263a8807
sunny-mainline-cab-view/0170,sunny-mainline-cab-view,train,6328,321,2695,2058919,9023,6649,0.6772260273972602,0.9517220634681907,0.7013188518231187,,,0.9591281962038609,,,,,0.9401973706444963,0.5349297447061152,0.8823738524915832,,0.5706175298804781,,0.6772260273972602,,0.9646007279759713,0.9913457658384736,,0.892344913739939,0.9354676362841905,,3f433ab98d445e66fbd4c3879168f0ff099bfa2f2a0555a496a23ef041827ef6,f96927f39200270347c6ed948d60abd05f38473818010a36c3e3d540abed119b,e3d8d15613afa0a7d84a677523c0ab03b73f0bb2eb73bd8c2ee54a0e868e7da6
sunny-mainline-cab-view/0171,sunny-mainline-cab-view,train,21706,4061,3430,2032896,25136,25767,0.7434325444394972,0.8423953118329647,0.863542329726289,0.0,,0.9482987763760041,,,,,,,,,0.8312024864185413,,0.7434325444394972,,0.963827267810013,0.9640319367795448,,0.8754141507973371,0.9284703576678099,,f0f37b4a43e03c4b5aef2ec2723b33d29fdeb183e0247dc20cc38fd51708b6d4,1e688561f0f6c93e128b35a18e4349cecaba90e35c912a9a652bd9384b3ad938,d8331514fd13504363a07813da993515cb333d22abde8102802f2303bf3f4463
sunny-mainline-cab-view/0172,sunny-mainline-cab-view,train,0,20539,0,2042910,0,20539,0.0,0.0,,0.0,,0.885537518577831,0.0,0.0,,0.4087968952134541,,0.0,0.8558023719705811,,0.5741996465705009,,0.0,0.0,0.9245291337870531,0.953495335973739,,0.7702517162471396,0.8684230657425682,,9d1f242981192b866b8c78b235337b3fcd78c0dbb947afbb3861211b73247352,54823e8b93148e0ce4a359e420c1811825ceebf36b89d5b5244374b331b7f4d6,dc99a51fd5a88be63ddc2b1310540b3733bbf9b0f4223c566a3edde78b407fdb
sunny-mainline-cab-view/0179,sunny-mainline-cab-view,train,0,0,0,2071025,0,0,,,,0.8332851359167148,0.2717918763479511,0.9116675196017109,,0.23279940717095138,0.8650296176628971,0.0,0.0,0.9186018656042575,0.8405804714158436,,0.6268767143063375,,,0.6060012688665576,0.8888192476640928,0.9605792081400097,,0.7154050803600714,0.9333903594690147,,2980bdd5ac578120cb35ad4b8b8f5798eb1663f505b1d628312365558c8e6637,b958f784c717606e08ea8407c83378b8f1011a1964d40f3af6893895ae56d65b,7c45f2dab3acb25e812172421e68d5a8980f4b00a81e21b62098bae576f13ce3
sunny-mainline-cab-view/0182,sunny-mainline-cab-view,train,0,0,0,2071029,0,0,,,,0.5811869575416373,,0.9365317557136534,0.0,,,0.0,,0.8242330476934528,0.9414588119461765,,0.00026068821689259646,,,,0.6415965025906736,0.8278843438402885,,0.6337056957661013,0.8180258083294928,,2b635f17ddb2ba61b77fdcac0499ec5c3d70dea1323a289937212955ea815653,0cc8828785c5fe14362b60478de1e5f431604ebe9fa709d1e5d0907e6a301151,f495c24181f07a6a751d8048b6a74f4edbbc84f9d1d6663ddb61875692e0bc22
sunny-mountain-cab-view/0010,sunny-mountain-cab-view,train,31214,73459,21975,8167752,53189,104673,0.24646263659907777,0.2982048856916301,0.5868506646111038,0.0,,0.7649275442631127,0.6409978308026031,,,,0.0,0.8311274622720363,0.5856527459128175,,0.8596544797107272,,0.24646263659907777,0.6717793827971109,0.903915917917743,0.995868587641671,,0.7962428162994195,0.8078109903767169,0.0,e9abfe7bf5161453fc5c6a86049cec52880047eedd0f46a57ab7b1277cc49105,990e88d21ab52552acaf245a584e26ff692e75484c7e5dbc5d5aa50435112742,345884d22edd8142d0a39d51993758335852adc5ef86fe2e14930d1038e9f22d
sunny-mountain-cab-view/0015,sunny-mountain-cab-view,train,0,0,0,2073600,0,0,,,,0.0,,0.9487199722213454,0.6502319613068799,0.8554385387526741,,0.8788121990369181,0.2780866003510825,0.6414735698769009,0.7562347327160143,0.0,0.9166416448619511,,,,0.9711005640174394,0.9940087426073541,,0.8313367421475529,0.8405214616811936,,3b93d1d95ac6a5f591a542a124e5c350be70f114e31e6cec7a46e8b4a97b9840,6e7f43a2f7c7265006609bf1dcac3e78460351b2b9e7e5b8ce65afa922c26e46,3e9d6e0bd82c8001223378f2015e6b78d1d8cdeea2ae1b3b3574749af69c0505
sunny-mountain-cab-view/0016,sunny-mountain-cab-view,train,0,0,0,8272141,0,0,,,,,,0.6578495020103933,0.4627392182752422,,,0.638275359141302,0.21457095027548742,0.022859638905066978,0.5194719345106554,0.8792954971746747,0.5226578799587938,0.6170295489891136,,0.5249281937604043,0.8097651966130137,0.9922737358145832,0.6712652739456051,0.523833057401962,0.600061888985243,,8e6aa8676c0ac48ee943a84156a1b1ed8c8bc794a99c28a1e37f8cb4a9bcdc54,5809f9590cb378ff7d90e63feb7c96aa0cb54028613b3213627cfb731d161953,1fe389156bcf73a62e6b5083465782ddae190ea5730f8205657ea85533c37c37
sunny-mountain-cab-view/0025,sunny-mountain-cab-view,train,0,0,0,2073600,0,0,,,,0.0,0.0,0.8262756327031497,0.5765093956164212,0.6180121011532296,,,0.3796620219389268,0.5446339388109948,0.8292993530433689,,0.5748803827751197,,,,0.9702154306723483,0.9948845912469415,,0.7329719210453155,0.8111690785545731,,0dce3080c760760bfddf50a247fb072413c68e2c1186d80f7d1fa3746e29cf36,cb3329069e4006f8cdcb93fedca0e0e2a147705989f418693e18c17ca5e461a1,5bd6c3aa76cc5dea3022934f12a08e6dc8a83a77187089ee585dee2fba54e221
sunny-mountain-cab-view/0033,sunny-mountain-cab-view,train,0,12,0,2073588,0,12,0.0,0.0,,0.0,,0.8612467298751937,0.44582364243098394,,,0.06666666666666667,0.0,0.6829275118947663,0.9488368190956179,,0.747839941172866,,0.0,0.0,0.9379041920412895,0.9916270105448299,,0.7578774043858992,0.8007564764054605,,056cfb32b06947adeeed7dc38c65cb7ff1ef4f3709826863bb10c9849023c213,b6b8af203ee90ad8d28802048e1d366d4baffcc7ce1219b9d6be9939381c8c23,8bd31c0d2bd1e1c23bbd3dcec11e7db903581710c01e03afbaa61340e8307c93
sunny-mountain-cab-view/0034,sunny-mountain-cab-view,train,0,0,0,2073600,0,0,,,,,,0.9133086622807017,0.5886882129277566,,,0.00554016620498615,,0.7547757181265035,0.9077358252807088,,0.874788106950092,,,0.5796402656645159,0.9761358054209142,0.969255889032442,,0.8057262779193525,0.9088613485934914,0.0,2dc7f6d449d2ddd33f5e4373346976cbf0b27a6ad026f19565d15223ed49d7a2,bc7a5b320f7dab08857ca11e167bafa3d56b446389d2893f55a217dad9e125c4,0a8637da0f1fe81412cba79e4de2383df307beb940f07537ab597e239b833a18
sunny-mountain-cab-view/0035,sunny-mountain-cab-view,train,0,0,0,8294400,0,0,,,,,,0.9466837493422408,0.4602862449470119,,,,0.9251988430947217,,,,0.7820275457213818,,,0.6983027196551558,0.9598238289540728,0.9786272029470576,,0.8052224267662776,0.7341180474709111,,8f27f4777b424fca3a01c563f2634f985f97ef3cdac8ad2838d194087f29673c,5be87826e74904d71bbeb42199b5fea86f387e50ebd7ab2b54b927d617c7df54,821374e84b14dfa6b5a443d1d7d9c61ebc5fb1bf8c1dcc560b8431658b94aa19
sunny-mountain-cab-view/0037,sunny-mountain-cab-view,train,0,0,0,8294400,0,0,,,,0.0,,0.9665687681075904,0.044214184579739996,,,0.40362438220757824,,,0.8439918533604888,,0.7512720096210183,,,0.5507446157658739,0.9821123522039316,0.9679984304775994,,0.804310380465488,0.920980788095858,,0dd350c7fad9d51bd0a73412fd77600d87ca6c0306501e202ac13254700718f2,9d1ce541de7ca4352ba4ff606e7a124e75a471cff72ef71e88ad02a2a9a90ee4,bf1d1920a2fd7590dda079fb32d06de1201a994571890579f69173209463a7fb
sunny-mountain-cab-view/0038,sunny-mountain-cab-view,train,0,11,0,8291235,0,11,0.0,0.0,,0.0,,0.9529423140455912,0.23350485991995426,,,,0.9224037961921082,0.0,,,0.9042529115173281,,0.0,0.5489206638412485,0.9775468157972355,0.9857796819564794,,0.8667740647810219,0.9405389723898606,,b5c7a56b8478d6e94f292e36428c999f7d2b159ae6eaa12f152b282c76555c2d,2406fe994c566446c5ec634fd8dcc7c1040d065305fbfaa732a7931592324fdd,b4521e90314cc5519146098c90557eedd821f7a903f5b553ccaabc7d0b51669c
sunny-mountain-cab-view/0039,sunny-mountain-cab-view,train,0,2438,0,8289933,0,2438,0.0,0.0,,0.0,,0.9238353906831255,0.10612937987786958,,,0.7575644378035113,0.0,0.8610950369978208,0.25018378974453226,,0.7480107652703019,,0.0,0.6539949232442887,0.9655023179025833,0.9953227281060856,0.0,0.8158512749806821,0.8607829657754171,,7f58ce7149cb2d8eecc31b59b6d93c8dcfc39835bfee3b20b04bf3db72ea05d3,78c8b4d93af10de0e8f2d56554823a54f60fac30d234f564b886a8eb4333f684,7ce8b6ff78a155df043a5d13516c312037e292482e6b872029319a3f4f2a82fa
sunny-mountain-cab-view/0043,sunny-mountain-cab-view,train,0,0,0,8294400,0,0,,,,0.07451835696110505,,0.939041314746546,0.45931372549019606,0.0,,,0.897595509142058,0.8195232330904402,0.8836818068771712,,0.9561367845688215,,,0.6614975102114314,0.9271245887948226,0.9937602541062233,,0.8857436365711677,0.9523326261287827,,53014f8bd86d528cd8a95f6cb5412c1b3e34232439908a147b5a50d4322c418e,4eaab9cda8650ba2babcff076fc36d6d2b6939c6b0adc6ec489300cc8289a7fa,d55982c596d952d6c6b3ac472eee0c95a66265f2d09a2a29fa4d2813c49b2733
sunny-mountain-cab-view/0114,sunny-mountain-cab-view,train,7507,2567,10996,2006545,18503,10074,0.35628856193640246,0.7451856263648997,0.4057179916770253,,,0.67031421665568,0.7403454167160038,0.0022813688212927757,,0.8668423364075538,0.0,0.4253119761594338,0.0,0.0,0.7992644483362522,,0.35628856193640246,0.7374421506941917,0.9628153189930527,0.9843565372267149,,0.8371178813427818,0.8843221661764947,,c007047e3e4cafb0e9f7361205fbbf99eba406c2a2d48c27a1e4841c36d6981f,8bf2e49204f95a90068e333f0f27f561c8caaa1d199d8994120b789c9e587b54,3f734ab4a731df0d7f809033a2bc665a1db9874512686a6ee008a823a65ee961
sunny-mountain-cab-view/0116,sunny-mountain-cab-view,train,24604,1400,6207,1994761,30811,26004,0.7638384402843749,0.9461621289032457,0.7985459738405115,,,0.7255521481894496,0.5745054430527917,0.8419797257006559,,0.0,0.18852013057671382,0.7300099356343687,0.8526622999313296,0.0,0.5975609756097561,0.0,0.7638384402843749,,0.9775021406929258,0.99587821675125,0.0,0.8578713604211219,0.9293960570074169,,4aac1243132852bdd2e0dabe350ac2bbe6e1bff145fdb607bed02285a2a5b3dd,65c6488c35a0d05cdfd929bc23b6b32abeb819eeb16cdb7a777513f2413a5fd6,c51e8354944e8219b0ee6a723b56add51c740c8df64f7886449cf23c8b33ebe6
sunny-mountain-cab-view/0118,sunny-mountain-cab-view,train,37348,4901,16064,1962612,53412,42249,0.6404746797455113,0.8839972543728846,0.6992436156668913,,,0.6229500810956929,,0.8686703691604051,,,,0.8690822944580372,0.7290889303482587,,0.8353988769644816,,0.6404746797455113,,0.9792991125364005,0.9897967735782531,,0.8256672345258376,0.8920911133858083,,1c5790e05968d7a3413632eca28a9951451130120ae6c3be0d9fb3662522973e,1cd265503b0eb3e1bc1a582b1b92a959765ea51554f6d98ccfd630d4e95830af,c0bd65bf94284d3370fdf996cee1ed544e61d08bbf8645e7769e3fe7eb2c33e8
sunny-mountain-cab-view/0119,sunny-mountain-cab-view,train,4490,3977,3148,2017113,7638,8467,0.3865690916917779,0.5302940829101217,0.5878502225713538,,,0.8482464380773446,0.5128008192524321,0.7157996146435452,,0.0,,0.8084463913579721,0.8726040162990846,,0.6008478357875948,,0.3865690916917779,0.0,0.9850133736879306,0.9946175629694854,,0.8512727088710086,0.9778303248900778,,cb92b7934e948289bd873fc48056ab1d859792c8b97117109824dbca1535e0ec,107b44c08f0c38f5a9ba166fba98d478ab8f48d2b62eb4ceded7874beeeec550,7a19d7f260331b652ea5022529aac5d1eb4b1eb4058ea887e0e7b78f0eda44d1
sunny-mountain-cab-view/0120,sunny-mountain-cab-view,train,8469,7954,8994,2002113,17463,16423,0.3332021875122949,0.5156792303476831,0.4849682185191548,,,0.6171860003839017,,0.8275251033668045,,0.714765100671141,,0.8402587220697766,0.8844770087562221,,0.7445111241217799,,0.3332021875122949,,0.9864792057403661,0.9940534178997391,,0.8365814047909054,0.9760636298213767,,dc94d0155312b343e6ff5abae3d13658ce6e2e68d85a1e19ae327502112c7ade,afa9a3373ccf70a0e37bd2feb0bef0ad4e2e5e4244f0bf9b769d466a5ef8f799,a77cfa14cd17a4c4aae6e658435cf217c60bec7c083612b2b55dff3340c5189f
sunny-mountain-cab-view/0121,sunny-mountain-cab-view,train,37427,219,33887,1956724,71314,37646,0.5232130625026211,0.9941826488869999,0.5248198109768067,,,0.593503727369542,0.4818688981868898,,,0.0979020979020979,0.0,0.8748534848075016,0.48532362339302965,0.7861054072553045,0.7524060053894521,,0.5232130625026211,0.6005361930294906,0.9769189715302875,0.969312814852977,0.48373333333333335,0.7400769653655855,0.7906057064607902,,206009d26edfc8c2e0f344aea9acb20cb6de8131d203ed7cb1f115b94e8ed2db,5bdee5a626c7c04727a5733d8b8237fc2db9e11033168790651924e422071f17,9d4dda5a406c76d62869d8e75bea86d0fa8e202ee07acbfc6c652d05448eb725
sunny-mountain-cab-view/0253,sunny-mountain-cab-view,train,0,0,0,2028424,0,0,,,,,0.8079003523398343,0.9421951790311257,,0.846647061659355,,0.0,0.8638180918441093,0.4868514960197639,0.9084231197919431,0.818676716917923,0.5760048212878401,0.29011592434411226,,0.6800455931151699,0.9216050185739271,0.9897345741529877,0.8396202847864102,0.8013438133874239,0.8730916731563249,,e7783e56f279d39cd7bd7290d05da53a477bd864ffc3137b30bc05d962176634,d236923aa8b07ffe4c6528e520bfbbeac87efb2e25dc7e10ca711dd849579f22,853122a48a0e760d07f629e69d8d98e40e56ab86d72e8c176ca99cf6410438da
sunny-mountain-cab-view/0254,sunny-mountain-cab-view,train,0,5,0,2027239,0,5,0.0,0.0,,0.9165975368515091,,0.8663990437743849,,0.7723140715538781,,0.0,0.5768665079142737,0.9078994261200318,0.7957605098833748,0.0,0.7675256347463385,,0.0,0.0,0.8993166672372854,0.9816724676025225,0.0,0.8022237006799653,0.7820125493841505,,894016b1cd34242641d03b1e60f84d320a5fef1107813f9d45d43e3c77279bfb,e58a7ac86a7d940965941f8b8a997ab386ddd1d8e2c760f6d3ad1a922a3057fd,aeb12f22639f6f59ede08a61f4736c83948c4d459e583d7780691ccbf35c71f2
sunny-mountain-cab-view/0255,sunny-mountain-cab-view,train,0,0,0,2025362,0,0,,,,,0.0,0.9449394797836724,,0.826652512596624,,,0.0,,0.9784245866379103,,0.666531463669023,,,0.7228815997698173,0.9053254707004733,0.9802838980115014,0.0,0.5829088262813182,0.9501199974054615,,0255dda3dea077491f3d1ea3685abea083122dcb6a7cfcfec7f931dd8bf33c61,6f81ab702ea6fe837688e0d536b266216ff00719a04a1013240e8548791bc79d,53f498dd175a485240a2bb335ef979a8117ec09ce71bb902b590e6386c8bef2c
sunny-mountain-cab-view/0257,sunny-mountain-cab-view,train,0,0,0,2071520,0,0,,,,0.5876180482686254,,0.8639008504267568,,0.8672674550830112,0.948783320585819,0.271889400921659,0.8078535968671949,0.9067937356729558,0.7130563758568622,0.1876795403766358,0.6307875736901372,,,0.0,0.9342908999188472,0.9267813556336552,0.1018348623853211,0.6991219842233942,0.9122522522522523,,92ee9060e9af4c102a639559aace1bb2646cdc84e4eda9f46917fcf4fa36b689,9e4232334697774902651584966f6f0f60b4cab0365bb281cab51f9bc1e81219,b0d09bd2af1e8cea9cbf52fc99344bc27590286d7b98f616c47676d26bd3a687
sunny-mountain-cab-view/0259,sunny-mountain-cab-view,train,0,0,0,2030974,0,0,,,,,0.923911814584511,0.952183947345927,,0.6847146401985111,,0.0,0.3125562961628535,0.0,0.7242857984331743,0.0,0.42335437330928766,,,0.5963694767116124,0.920193770569026,0.9829210607186342,,0.6818370124874238,0.9093478034742207,,40c4d08494b370ed9b2c47cf3957c3cf0f558a22009eafee581dd73a00829562,326e183b830bdf3b97a9e7fd09db82f2ee3f7b37375f658f2543fae198a63fbe,57a3e22c4fbf8ae9087b60c99d1ea517e728acb3605dbd905145ef1f05384c17
sunny-mountain-cab-view/0261,sunny-mountain-cab-view,train,0,0,0,2025125,0,0,,,,0.7317615658362989,,0.9456918520559268,,0.7780784844384303,,0.0,0.7886339740651875,0.4424020953247283,0.8041551802444099,0.0,0.8027072303110523,,,0.0,0.8674160863054398,0.989521700816789,0.2619410569105691,0.7929003418353932,0.9415038762491642,,c907f3894e962844d9db2c4ac28771860d430f48f3489ad03b70394d0429251d,132f4b9ed27aee03a516e67f090cd554bfd2ca10d3badbd46ea294949133e32a,5e37201f3361540019858799824f0c5e65a5717209259bfbee15c7b84a1b31ed
sunny-mountain-stations/0228,sunny-mountain-stations,train,0,0,0,2073600,0,0,,,,0.9094379287452976,,0.9515258352824973,,,0.9565293244088524,0.37289845326160054,0.7974749205702271,0.8897779323940396,0.7891457370152859,,0.7628145752547216,0.0,,0.5100148981956629,0.8249491131142774,0.988423735744197,,0.8047819815821591,0.9366367118534311,,8fb67a7950262b0a2133f19fd631fd9df52f83e1660f0a811abf3e9d0982f269,ec207ecc709b6c73bdcb8ae5392436a9335a1a7ac9f52fc8c883e1e0792f1725,8b71e5fe3166ab77057c27819a0c49294089f4fb4ed21ad0e182c7bf9dcd3062
sunny-mountain-stations/0229,sunny-mountain-stations,train,0,0,0,2070056,0,0,,,,,0.5372785939859948,0.9554133105049483,,0.17364813404417365,,0.6401935667520637,0.9402971187544583,0.9812781492794702,0.8519232092479185,,0.649271184596976,0.7670967741935484,,0.7425547769154129,0.7686759159482759,0.9897790353586625,,0.7891276830314001,0.939822847983078,,0354800bf80455fa7680958e010518b436ea155dca8b0abbc8d1e10092f0661b,21a10b8db464646bdbc600d69546c1cc56b0319f1c530ba2a460d772ee98d838,646e061b5dbb6683743dfb08d73def287df0c391645228525556b295a9243e48
sunny-mountain-stations/0243,sunny-mountain-stations,train,0,0,0,2073333,0,0,,,,0.0,,0.961280182883269,,,0.9794312925968298,,,0.0,0.0,,0.514953833801686,0.8682505399568035,,0.0,0.9816717119084247,0.9940068686679938,,0.6233470855812969,0.9305571015138023,,d048231d419c08d7176eaceaa89f964709a5a5de28918f80af2d6d5cb56dc892,502b0c205ec3bdc1f0c021c084674028a122fd08e58a52be0230cdf0b279cf82,0ca68e784538b27337f69f3d62a9a103e978230012c30f5fdca9c2b7e349046e
sunny-mountain-stations/0244,sunny-mountain-stations,train,0,1563,0,2067523,0,1563,0.0,0.0,,0.8808855546520473,,0.8976992216058143,0.3130016051364366,0.27918781725888325,0.8490469836517287,0.1321926314336967,0.007067137809187279,0.6124939084380775,0.5799119121146155,,0.7340623027512717,,0.0,0.7363518214433021,0.9174306040788889,0.9879138769393322,,0.651611794034213,0.8421217703387274,,8d1edf47c4a0e099e6bac09702b9eb61358d689387405e5915c4b761311fb755,cbe5a7aad07765b9159ea13722233c52e6ac593f5b2ef4c85ad81fb8e95b617d,c53eac0f7617bb129185e3eae302b07c4144a01551546ffca38c7c4299392015
sunny-mountain-stations/0245,sunny-mountain-stations,train,0,0,0,2073600,0,0,,,,0.8421619335115076,0.0,0.874154822685249,,0.0,0.8274925209109225,0.0,0.8170824260713221,0.6010737769198287,0.9341346672904596,0.8117304932396707,0.5527451370908849,,,0.2936496455952553,0.9294448979728117,0.9945616997204498,0.6902996763078209,0.6642022265433022,0.7220490407172928,,ede5e722aa51b1edf1b7f3550819d1fa7c743d02958fb765bf9233ccf1ea1020,69ead58a4fdecf080f2676ba45496e4a341a37ff2c77cdab2980a0c51d66786c,628285149527e92da5c69a28d39995e4a6f4b45196715d70a61be5320ffaaa05
sunny-mountain-stations/0246,sunny-mountain-stations,train,0,0,0,2061396,0,0,,,,0.8065767023421746,,0.8110875135621782,0.0,0.0,,,0.0,0.8376569826347164,0.6319041586094997,0.9467213114754098,0.03921161825726141,,,0.7630135698392303,0.951139093092656,0.9862978449662271,0.7100904662491301,0.7446984502113349,0.7674007104511097,0.0,90a65adbb644d54e42c7e51d5cebfa0b1e554d4d34f442db24481dcd7007c74c,f28cde20054a844449d19347046b0f78cdc41f588971b90550e6eb1e24b0b791,c313e0619945f4ab24c2cd71c41d5ae0fa92b4b734258943ec8f49780a3947cc
sunny-mountain-stations/0248,sunny-mountain-stations,train,0,0,0,2073600,0,0,,,,0.6721815437929686,0.0,0.9751600842322403,,,0.7121412030804029,0.0,0.8499259714245114,0.7856146423630607,0.9183765461036385,,0.3322486630259472,,,0.6293742249644618,0.5376015961972946,0.985149291369745,,0.864088368798048,0.944100258698456,,c489b83cc8d5e13b9e9ee4f588ba23a86a21404337b41cc01afb90627630275f,df85d99031750be49655b3810901e2b76cea9b2d757a8a512290c89d7f58c9f9,1a627b5f6e4b15a5d2a0fcb82bea1700aa83ae7d0d6433aa4b04e9b9f0b8ebb5
sunny-mountain-stations/0249,sunny-mountain-stations,train,0,0,0,2073600,0,0,,,,0.7966608084358524,,0.9651431526293017,0.0,,0.9462023693522745,0.17485955056179775,0.0,0.9069662072871436,0.8853621501049356,,0.40839291794347976,,,0.5733402850191172,0.958537658662296,0.9898804438771996,,0.8654750705550329,0.946852249411802,,408760b135c0da743871d600304812e352ac956549d1987597238245735e8672,448ef85ddd524b1eda5440923343f04ec073449229c9e9252594792fd04c0401,e11c4ef6b27e8751635593a9999f6234098232be7ba3430b4b03bffffe2898d0
sunny-mountain-stations/0250,sunny-mountain-stations,train,0,0,0,2064811,0,0,,,,0.5851898556816589,,0.9825264266636572,,,0.9359860758535763,0.0,0.0,0.9340490427009724,0.941816257959123,,0.743594255948191,,,0.0,,0.9850785304592656,,0.8468920584609967,0.8295350203082217,,0956dd0c21f6af0a1387e957effd77c906124754c421ea783a885ae3ce8cf3f2,f0b4695f1246bc1987be1637c4da90f95bdf51ea6471608cf6996822437cf2da,8d26c556fb57e5b75ffe799b9b1d360e412aa61967d6a6b8a716511395ff7140
trackside-maintenance/0000,trackside-maintenance,train,16481,5481,81977,1985021,98458,21962,0.1585641578233387,0.7504325653401329,0.16739117187023908,,,0.9166720111791559,,,,,,,,,,,0.1585641578233387,,,0.0,,0.7162605300611609,0.018290159728544236,,e41473adaa20b0dfe8eecc7e6000f550ae13c68770e4946667d4c938e7a89230,6eae10b192e629c0f36ad37a409384070a694a94a460f980f2382eb5867a7dee,39c68aeeef0dcf4960cb6dcb2afb7039dd8c56f3664a5aa82fd4f5d010b18e4b
trackside-maintenance/0052,trackside-maintenance,train,1167204,56884,10222,854650,1177426,1224088,0.9456327826883036,0.9535294848082817,0.9913183503676665,0.0,,,,,,,,,,,,,0.9456327826883036,,0.9774458801812385,0.0,,0.9359270569100436,0.9104219972097777,,efc1a697946924df5b504e34114d2f5a5bdaff8ab191a9dd2c8d978a19525204,b08d2332f951a48857173d7c6d8c0dd3acc61f0b77d72fa0e07f8bd050dab3ed,80d439bfeb6f41cfbc16dfc2286d41f1d26f136ce44256f46d3544256288a476
trackside-maintenance/0055,trackside-maintenance,train,1150540,27848,30256,880316,1180796,1178388,0.9519262909508507,0.9763677158966316,0.9743766069668258,0.9512983309888606,,,,,,,,,,,0.0,,0.9519262909508507,,0.9618054474708171,,,0.9447061562228853,0.9185184708932541,,28f3b3d7bec0bf474a3fc09012c7f4ef1b0b5a4e37e51acf00fbc5bea657569b,3428e465d64a4a778d06e5751cb25564677eb49240c8bdb9097a7c35e58ef4b5,b87173623fa946d050a2421fcf91ff626fbafd8af29aeedb3d419f420bd423ff
trackside-maintenance/0057,trackside-maintenance,train,807322,2882,2584,1275767,809906,810204,0.9932749991387668,0.996442871178123,0.996809506288384,0.967522358208616,,,0.14204003813155386,,,,,,,,,,0.9932749991387668,,0.9680452825927389,,,0.9693460673725475,0.9835374302896266,,76a244cf235702a8709bcd5845224a9a5785c3cd791a1fc89b4d54cf065746b8,66fa21d4235bc5f70ab93c1c782cbc4076e5734ed8154dcdd313d55669ac501b,c69cff27d44795607dd90cf6d59581669820040733b5148426adccc4fb57f55e
trackside-maintenance/0058,trackside-maintenance,train,1286276,27830,41781,733073,1328057,1314106,0.9486601759586161,0.9788221041529375,0.9685397539412841,,,,,,,,,,,,,,0.9486601759586161,,0.9457753692627962,,,0.8621058276598087,0.93416123340325,,527bd4c6f5b48a8fa052db415d684acdb3dcbf8021025486fa219182ad9059ba,008176814841aa702e3ff2dfc230737e3cb33c8e155dbc245a12048e5f4909f9,acbd80dcf034c36435fab27e063dcf89508230955a2a256604e6fdb1216fda5f
trackside-maintenance/0059,trackside-maintenance,train,1213578,18442,40426,816514,1254004,1232020,0.9537363471612941,0.9850310871576761,0.967762463277629,0.0,,,,,,,,,,,,,0.9537363471612941,,0.9566476671432019,,,0.8137691314848972,0.9703082402229896,,8f38d8ecfaf13ea9265b15f72d8c2a5f6320df894c563c0277971f5a71223076,1f8c92d4ffcf481e87a310434020e2a207908305a3e4385ba8853f7e9a504821,dd5a58f4200bf57bf9e080770b07196a444e57ef6477adf14c4045bcd251955c
trackside-maintenance/0060,trackside-maintenance,train,1394257,23116,17953,653634,1412210,1417373,0.9713869880431345,0.983690955027364,0.9872873014636634,,,,,,,,,,,,,,0.9713869880431345,,0.8578337197747599,,,0.9301716722145341,0.9407675006757018,,af2519b33d6b5f52478d8c41669353834cbc46bda125e944b6f0f559e55e7d51,4e3ca1d512b429bb6d50e227bf926a6266bb4b32e6713b6ad6596226cf0f24a9,d21c69a62e23f5b65967bc4b51a50ad7b54777b31d6963fd3d8c4c855cf3e8f9
trackside-maintenance/0061,trackside-maintenance,train,1661454,26322,7252,393932,1668706,1687776,0.9801926575844175,0.9844043285364883,0.9956541176216781,,,,,,,,,,,,,,0.9801926575844175,,0.0,,,0.9384483161605734,0.2152777777777778,,8bdf064f89bd89d79af62f1c4461b3024cfa2110a8194ff5044d74f7f592fc74,742cdf67e16935b556c2f1b64a61a037554ae04c5dc6242622296872e46d66cc,53b4aca3e35e05bcab067dfc2f8bf6f0a89d6da382c37a2ab149337e5e981d1b
trackside-maintenance/0062,trackside-maintenance,train,1900976,9441,1480,177063,1902456,1910417,0.9942878722023205,0.9950581469909449,0.9992220582236856,0.0,,,,,,,,,,,,,0.9942878722023205,,,,,0.9483166895251157,,,6f1c22c5a26f9c6f9349d1b7472ea93537d6383a9cda356167f51397f8e8f989,23aa6346cd5ebfff7f9a2b1565a4e7ab2291ccbb4a27de12c6b65e4e02e946a9,407370392d4b9a94005167a5806ad4324381b49d59219ae0e9ce4087af379ae2
trackside-maintenance/0063,trackside-maintenance,train,1326837,16526,9547,736050,1336384,1343363,0.980728208084795,0.9876980384304168,0.9928560952540587,,,,,,,,,,,,,,0.980728208084795,,0.0,,,0.9585712429864337,0.9710155165773744,,f25b27c24e3ff91436c5e3877a5df281c4dd826a5c70266f8b58faae4174a2e4,5e60d85a56940e8ccaac6003a40470a5f53c4dc940d8c77d3d16bdcd21c01a28,7f3d64f584154debca6a3ead46c284e54dc1b6d59db2b0ca8e869ecae0580f89
trackside-maintenance/0066,trackside-maintenance,train,1289806,18625,7904,772625,1297710,1308431,0.9798463157175035,0.9857653938190092,0.9939092709465135,,,,0.0,,,,,,,,,,0.9798463157175035,,0.9467867376176832,,,0.9521812766454476,0.967955966541506,,6223c858287f0677fdc6d3b7cc8038c3ecc2f0d657d409ea0818439bb88d0fa5,43a4179d47c711e75f6cf339d73d705cfe9ee6c9dfb53df5c804231ca8dcc292,d347d9b7c1c4bb7bf73e0051fb6a193538f64d69f3d7343417dd976338b0017c
trackside-maintenance/0067,trackside-maintenance,train,839024,15053,18699,1216184,857723,854077,0.9613279925204176,0.982375125427801,0.978199255470589,,,0.5254081819849569,0.0,,0.8910307251974205,,,,,,,,0.9613279925204176,,0.9836591345156275,,,0.9296201229338247,0.960862788773231,,0500732a4422c6db9e57d541c1a7f0c06c3e10fd30ca7e04d1cb512dcd29b739,2f621dbe19011b469c294190d6d920e3aa75422da05c80a309ee6fbaed7048b5,c212d3aab8811cca85a1a0abeab63feb114a45c93b8aa5ccf4419c755ceef1f8
trackside-maintenance/0068,trackside-maintenance,train,1046113,29910,7885,1005052,1053998,1076023,0.965130804459419,0.9722031964000769,0.9925189611365487,,,0.5539708265802269,0.0,,,,,,,,,,0.965130804459419,,0.9759861694780603,,,0.9159451453647833,0.9614006107275178,,2002370858caebe870952bed7a32a15d4c1e010a5b718f1e3c6e2a619ef1550f,8609c48f75a7d2884ce4ed65218ab5c43be51c427faa25d314e09ce0ea303303,40adfe79f3983a5ecd34877c49db03ca750423e1e92923add9789023f018a9b4
trackside-maintenance/0070,trackside-maintenance,train,1872724,39862,2640,173734,1875364,1912586,0.9778083630861318,0.979158061389135,0.9985922732866793,,,,,,,,,,,,,,0.9778083630861318,,,,,0.9544789024989917,0.027806940385324747,,8da8ac7ad697e79d43107c8ebe4903d9b515079f50e3b43f871cbcaca0df5d1e,b594ea4ae2a8c778d1db9fc49967f5606bc51cf59cfdef65be52b10f58ff4011,92f94a6974adf77c84564de54c2b3f89d3bbed189b18f86d918c5cdaf3ad0360
trackside-maintenance/0073,trackside-maintenance,train,1558319,20375,6080,504186,1564399,1578694,0.9833067680312777,0.9870937623123924,0.9961135234681178,,,,,,,,,,0.8917283044008206,,,,0.9833067680312777,,0.5390961704223618,,,0.9193970223027366,0.6444011937199948,,5652f16f45d364803ae0cb7862cfd6866fbbefdeeefdf76929de1dbf58fe7814,d8e53f588fe1c75d94555ec5614504bb322ac9ecadacaea8932c5bbf08610032,d3e0d550be70d42566740d9c7426434c36d8b9eb310978133d0adc51b47c5e76
trackside-maintenance/0074,trackside-maintenance,train,1306106,75149,40437,667268,1346543,1381255,0.9186982834538001,0.9455936811088467,0.9699697670256353,,,,,,,,,,0.8616236363438212,,,,0.9186982834538001,,0.7679565799675759,,,0.9263396948897081,0.4365086629617522,,093b845a2d8a639e83ffa1ecf5fde92d921664c2417e66a25b10d3dca8f6d55f,38c932592ff33a4d70acc23ed4568945de39640d595c56f80f8beb4f6d5e6c94,664ece2b7601778b69c60eb80703b8394b1a732bee8cc8b19d7b8e6cfc3dafd0
trackside-maintenance/0075,trackside-maintenance,train,1458126,13049,50048,567737,1508174,1471175,0.9585221890544647,0.991130219042602,0.9668155000682945,,,,,,,,,,0.8550010935592885,,,,0.9585221890544647,,0.0,,,0.9344296758173979,0.8586315843994407,,03904f8a2512daea1c39d2cbdedf3303eb95dcf456e4adbc73e729eb2d9aca10,93f4f3be37fc1a22e66838092bfa5c7b4ac1b906ac2562c03fc4232dca424e8c,8f3bb2b2b3c304092e94b840231f2c4f559b0ea97f5c2e080579b3de8f37364a
trackside-maintenance/0078,trackside-maintenance,train,1291279,17044,5719,774918,1296998,1308323,0.9826771138213238,0.9869726359622203,0.9955905868783144,,,,,,,,,,,,,,0.9826771138213238,,0.9070350418688997,,,0.9522905219931529,0.9752051489496951,,9072ecd1d6bd9a6ade7bbf9d4ebfe4912556baadda2bae4e1a66249b89915dc1,1eaf2cd3689a0fe9c0ad5ebb222ac03c3cd690d88a9826248a162160f7faafb8,548b604ed73f63825ae8661913a4289a24e184c3d5491524bdd8b9c9d5c0d5d8
trackside-maintenance/0079,trackside-maintenance,train,1304208,27397,12808,744547,1317016,1331605,0.9700947551087352,0.9794255804086046,0.990274985269731,,,,,,,,,,,,,,0.9700947551087352,,0.9614438063986874,,,0.9570982816459869,0.9345430457770061,,7245d072113222a13b028579251a425ef833a8850f977f01ffb13f42c5569754,269024024b0ab056a42083d816412308ea4b46b3c9fc0d2596969ddfdd07ad7a,c059daf08323b0bcb03869b5fc1bb95f49326f5a473bc68414d24d878ceea23d
trackside-maintenance/0080,trackside-maintenance,train,1191332,53853,6627,837148,1197959,1245185,0.951686035922327,0.9567510048707621,0.9944680911450224,,,,,,,,,,,,,,0.951686035922327,,0.9653325129684831,,,0.9166374152684499,0.9229887083788445,,045d4791802edd4766cb20165f7f89e48500708e9eacc4fb3176b9cd89733d49,768207717996a901fa4c5795e878add2eca0a4b7d84e38ba927111d2d2b9c794,603a850f526d5e3534356fc7c33b8f96338c5c85f96809a8b25429bba221ff0f
trackside-maintenance/0082,trackside-maintenance,train,491981,16587,148282,1432110,640263,508568,0.7490005328461598,0.9673848924824212,0.7684045462567726,,,0.7604310457828362,,,,,,,,,,,0.7490005328461598,,,,,0.8940978966646318,0.0899716684958779,,65b79e130b09b882fa33f7676d2436a802b097d73fc606fa0428a40aa7592ed5,c18f270edeeac58e89a27f4e92db3c606d1e98ed7d9605fab190e4b2e8bbe628,052f22425a93ee2d5d4c224d8d5933ace24cddaced00f983f60a1766255c6f2b
trackside-maintenance/0083,trackside-maintenance,train,1586568,19303,11048,472041,1597616,1605871,0.9812291153731263,0.9879797318713646,0.9930846961973341,,,,,,,,,,,,,,0.9812291153731263,,0.0,,,0.9437737400407634,0.9303869233415296,,f93539c0825969b6f96f386dbaa98f06caadbcb1d80a39102a077ace90560d5e,82efdc0cda609b8ffd12a935a3354e0d1758ab9a02c528ae1bc2155d24d0c3b1,d7277c669b5bc06ca2a4420ff076e5950fe7617566cf9591ca106dd0a01d780a
trackside-maintenance/0084,trackside-maintenance,train,1386904,27092,13083,661881,1399987,1413996,0.9718480896993089,0.980840115530737,0.9906549132241942,,,,,,,,,,,,,,0.9718480896993089,,,,,0.9671516429995114,0.9286225668319172,,78b655ec93b0e9575d9bf363a03233ad6e48a40c1e428e86125f919cccf38ced,11dc7abfc6839ef76f71e2f504f39513075773ba30a0d472935d77b70c7329bf,7a57f3f740375bee398e88b7f40b8c65703fdf3e8cfd8c343b26f53d19ee1b4c
trackside-maintenance/0085,trackside-maintenance,train,1318245,25569,8249,736897,1326494,1343814,0.9749878518974338,0.980972813201827,0.9937813514422229,,,,0.0,,,,,,,,,,0.9749878518974338,,0.48961108151305277,,,0.9546353311439518,0.9547465601978475,,1fe7cf2ae2eef9be85f098226cc6e927e226f7e34a356079eaf30f81a5517c08,a0af4d1a49f7b2bb75c996039450d8507555a89e47ba27e24fb84a3b844237e8,ae8e9a02f0c1ae11bb4b258bc518a9b6cfce00a7adf1c1e8dcead0af8b608692
trackside-maintenance/0086,trackside-maintenance,train,843564,15249,11123,1219024,854687,858813,0.9696851262621619,0.9822440973762624,0.9869858790410992,,,0.5576116456945472,0.17523809523809525,,0.8628021881065819,,,,,,,,0.9696851262621619,,0.9700292005811904,,,0.9434902061550017,0.964418541536213,,9db552632140a4fe745fdf61a0d0fa31fc4952af06addd32095a7c1372bb9d8a,6dd0b988989fc57ccdc706b72227722a022ce5b835a5c0aa09bf7a6d9889b5eb,4c2229cbc09ed21e6edb809b9dc0dd2d20ec04ad8188f04c06962e7c8ec621fc
trackside-maintenance/0087,trackside-maintenance,train,1011567,28731,13151,1035511,1024718,1040298,0.960242973319069,0.972381952094496,0.9871662252444087,0.0,,0.5620242458415562,0.05821917808219178,,0.6574398024284832,,,,,,,,0.960242973319069,,0.9657960414572428,,,0.9346404948397005,0.9465997457445228,,95207ac84f3acc3ff5c55764aa554bffc9f0a32f4cab08eaf951e2fe43877d51,f2fc551dcbe79800027e1f2d41cae50208e7b13341f380e70dfc14418cd942c1,24006287dbf954a2fe620fd2b0578a60459995065afcc7d3795976f26bba6dda
trackside-maintenance/0090,trackside-maintenance,train,819341,17220,9906,1242493,829247,836561,0.967953859985091,0.9794157270061598,0.9880542226863649,0.0,,0.6248958506915514,0.08189655172413793,,0.9120805727719599,,,,0.0,,,,0.967953859985091,,0.9786441307396494,,,0.9393094136610077,0.965597474870713,,0a5483a0127931090560f2cb06532b9de62ff8978b5d2d75fc73f10c9e628fb9,3d8ae1b13c7b8c3541544116e3b1dee27d82e71568a1ed54c03b6b6fab6ddd84,59b25922a0807ffae4187c9cd8410ca434da03ab0fa58a4c8d0bb97b4ead2d9e
trackside-maintenance/0092,trackside-maintenance,train,1298463,14643,14878,760976,1313341,1313106,0.9777700634947409,0.9888485773425756,0.9886716397340828,,,,,,,,,,,,,,0.9777700634947409,,,,,0.9620270346170408,0.9626053857673748,,b46f2ac36452a0a15ac8e7c69746492ff0b596b959f253d1612c3db9998b2895,4fd4cbd8ce9ed83ac03e762814e76a63630fbe7269c9766c1267d2a94ad2e985,bb3e26afb5d9f842ab3eda9d5109762d946d057a96213e8291964d1fba6595ad
trackside-maintenance/0093,trackside-maintenance,train,888526,29686,5448,1165300,893974,918212,0.9619621938808652,0.9676697756073761,0.9939058630340479,0.0,,0.63,0.07981220657276995,,0.7091364205256571,,,,,,0.0,,0.9619621938808652,,0.9765490864741335,,,0.8971005139788416,0.9657592647572859,,6259e3456d036d7371c800562ffea682d470ccccfc442c166f67ae5f354b645f,df9edb6931f521320ae96f20a6f60e410e0d6a5d2669dca96c03092e76f48260,93d854e810cf4063814d1737f82653517170c9ce3a429439ad922b5cac507044
trackside-maintenance/0095,trackside-maintenance,train,809711,11222,16843,1251184,826554,820933,0.9665005920436966,0.9863301877254295,0.9796226259869288,,,0.5558862433862434,0.0,,0.9375304509924376,,,,,,,,0.9665005920436966,,0.9783088331288023,,,0.9485745011898224,0.9554600634364216,,2c0673f9062a1f999a14ea9f32f3a730731ead900fcdf51751a187ad746dfc7b,bbdfa9f6399575802bf5afbbe98eb2dcb7585313171454162b522e900c9f1c5e,d66bc4823bd2166d201209c89c7e8882971349be8b646667e761b61fc4c4dfa5
trackside-maintenance/0097,trackside-maintenance,train,1520917,19409,38856,269995,1559773,1540326,0.963104316031971,0.9873994206421238,0.9750886827762758,,,,0.0,,,,,,,,,,0.963104316031971,,0.7546110665597434,,,0.8309986119558945,0.0,,069e56fc048051d80ef3d6c175598cb6a1df2596f82c85bd8075f4b88100565a,4d8fc7a5057b6825f2df28ce7b288ca212a7e1a81e0260c08c4b9cf2421ed1e0,1186b469e2f4d6e9e484c8cf88dd6099f16685e069f7b8723d35ab004594e7b3
trackside-maintenance/0098,trackside-maintenance,train,1729867,31555,7040,320498,1736907,1761422,0.9781759517592122,0.9820854968315372,0.995946818108281,,,,,,,,,,0.0,,,,0.9781759517592122,,,,,0.8925581628504113,,,fc04d89f6819407752a53d790ea973fc002344aa19eadc04b345225545c7ce53,94fe3c588358c6ff8a62bacee27373a7c513eb4df5684f7c8ebbf38b5be28c66,b6ddb8ed110716c9cc51e023aa2ecb9bf671e2a12be4bc1dad48afe9792f659a
trackside-maintenance/0100,trackside-maintenance,train,1132691,34171,4746,328392,1137437,1166862,0.9667832585642979,0.9707154744948417,0.9958274612132364,0.0,,0.8237491877842755,,,,,,,0.0,,,,0.9667832585642979,,0.0,,,0.8446527708520328,0.9056113296190741,,295de469c85a2cbd063ed52a760230d5847fd6ca3ec792d4228e881a1fc88163,c20e921d0e7477cf9902bde354d8ff7d36f6de0c1f3d07f5156553727adeebcf,49429d39e80768ad2cd59efd323f3affb51801460ffa38f66aa50951e78804b7
trackside-maintenance/0101,trackside-maintenance,train,432802,38065,2944,192189,435746,470867,0.9134486113661354,0.9191597627355496,0.9932437704534293,0.0,,0.05203103605659516,0.0,,,,,,0.0,,,,0.9134486113661354,,0.5261669024045261,,,0.919655961322628,0.7713253619748398,,f18cd13f8be6e6da511d8cc5f6ff2f0e8e5ffa3cdc730d55f0752e075e4be9a7,d70fbf50bcfb39b15a24b90fc58a5a1548d92a3c9a6934b757d381ca30e63faa,e00bb2c9494e802531ceabb0c85edcc0cd35627ee1dbbb90c5139df22513b6d1
trackside-maintenance/0102,trackside-maintenance,train,363412,16211,37421,1082956,400833,379623,0.8713996604674806,0.9572971079202262,0.9066419182053373,0.0,,0.8348153272008166,0.07237569060773481,,,,0.0,,,0.9687847151539826,,,0.8713996604674806,,0.8894934735426283,,0.8534805958050461,0.866835518053929,0.7549512590984676,,d32849c8bde9dd413c6d0ab82ca84e62323fed3319cfb99825a11f91ac7baef3,2dac0597829fa4f2262f10ef40bfadcec5e8066ba8418a99102ee49d9594cb56,3cdd09edf6bcea119f75e9b17de7087780197e9bf34bf953c0879c19f7eda31f
trackside-maintenance/0103,trackside-maintenance,train,699726,84969,80686,1223579,780412,784695,0.8085756447160268,0.8917171639936536,0.8966110208453996,,,0.7408322717419102,,,,,,,,,,,0.8085756447160268,,,0.0,,0.948034220897818,0.4078641807646134,,bcd725f20e45aba176964b9c6318633c2f7a70f7664784eb0dfc98abf0940141,e5199e21c5930fc2d5d9e32f952f30d09cb9eabafaa1f28946192d0c93d80709,54dcacaae9ee776a2baf6f92fae755d48bf9186d21a490f6b0f083424385017a
trackside-maintenance/0104,trackside-maintenance,train,132612,4676,2743,282469,135355,137288,0.9470188743920989,0.9659402132742847,0.9797347715267261,0.0,,,,,,,,,,,,,0.9470188743920989,,0.9795558664102115,,,0.9516118612313457,0.9153093721565059,,8af545cd5a93e866ceeaf9e8b89657bd1753fb543ecfc98e2121144440cb5e5b,44128203bd74b7e69abd931e02769a870f0f033c4b8a9c6b7e41decd53e337ae,be5c2034f69d86fc0368aa4513157b6bc0a9b8fafc63fb1b414352f5be56cab8
trackside-maintenance/0105,trackside-maintenance,train,204669,21921,2882,556960,207551,226590,0.8919127388090922,0.9032569839798755,0.9861142562550891,,,0.5288771107558203,0.9269669147421634,,,,,0.9750525787801723,,,,,0.8919127388090922,,0.0,,,0.9479150955727831,0.911595416959412,,d1ad562afeae01ddb70bc66ae877af92f08918967c215ffefec2257c3ad76fa6,5cd1dbead77c080576228588561fe2ea06379f9688fb892b1447d06414f13aef,6c42865e0d83455c7efd738b4507f2bacc71b97da2f57c17dd0042e651b968f0
trackside-vegetation-closeups/0012,trackside-vegetation-closeups,train,0,0,0,2088960,0,0,,,,,,0.8089008415025593,0.6833040876329303,,,,,0.7261814872896943,,,,,,,0.9302619434978029,,,0.8532700587952818,0.81546162760752,,6d411277b073c9f8148657c867b1259110caffbc10996436432e2bbef233e3c7,40d1f706fe9ff7aaec7e0b724531adee57bf3bb126a5da404cc86ed0ebfca460,a8956227e90e6f5ba4272f0a18c6f3c85fbab5832d93e90f3d146a6813e904b3
trackside-vegetation-closeups/0017,trackside-vegetation-closeups,train,0,0,0,2088960,0,0,,,,0.0,,0.8292198115323711,0.7531640822027651,,,,,0.6229638356725745,0.0,,,,,,0.8706326782876315,,,0.7874972679586186,0.7906574299114352,,028a08528e4e767ba7b3c0cf28e85786354503f78c2dd0a447f206796a58013d,a5bb98361d8c5d8e2bd93d102162e9cbf214e4963de765e5d89ec12348a94499,5e01600abf023baaeec494b7a623a97e3c7be69d2dcbaafc5610c3a7360cb813
trackside-vegetation-closeups/0018,trackside-vegetation-closeups,train,0,0,0,2088960,0,0,,,,0.0,,0.6972155442227564,0.7311282971669423,,,,,0.42187060478199717,,,,,,,0.933474014251426,,,0.7345695531034049,0.7279368179791011,,c63ccdb72ee621ea3abddc87464bce0d0d17c15f939a53a7189ff1ec3c846dd0,4c83b0b3a6aa5d6b746cfd84398f59574b1d3de5dbf1d58a5a038057eebf64fe,52a5ab9775b90cd3ae5b2a50713260ce5d64892b65fb8563557bd04b74827631
trackside-vegetation-closeups/0019,trackside-vegetation-closeups,train,0,0,0,2088960,0,0,,,,0.0,,0.7498626762321687,0.5037001520367723,,,,,0.7526054820786129,,,,,,,0.47603223202961864,,,0.783261876516714,0.7680253967222305,,0f04b3c645dadb7431f751cf0813b5b34e40f34c8786fd50a006d9a58a70b608,6413c339aebad555f98f05dfecfcdd2819360be120b621b2087ee6bd8ad47ab2,204ccf2bae827ffc34ff477c5d397fc6ee95035479c3468c4a653a2e06542d28
trackside-vegetation-closeups/0020,trackside-vegetation-closeups,train,0,100,0,2088860,0,100,0.0,0.0,,0.0,,0.7989367915549018,0.7807948267915163,,,,,0.8210154853809658,,,,,0.0,,0.0,,,0.8566013320949137,0.7939123192535149,,1b155b4a115f6ef6baeca7676fd004b92d57f38e06386f5ff1bd7a83f362ec1b,3a7bf8a3979cdfc107d19f7ade7089857f99c13d82793b50b1543f968610e9d5,ecebf40b3db40f4bad88eeba60b865b3913bb6cd295963b68229d62418d2ae00
trackside-vegetation-closeups/0028,trackside-vegetation-closeups,train,0,0,0,2088960,0,0,,,,0.0,,0.8211406663189583,0.7274878154671298,,,,0.0,0.2871566021015318,0.0,,,,,0.3728059800350097,0.5663396353530675,,,0.9114357271563106,0.6842369441914828,0.0,4e19459360e08e5f3877234f1a74ad6e98184568c64a7688ff552fb1f571e05c,6e80ec77d7ceb1afb45838b1b1336114098c095ad6dc35891ce5107082906ffb,f6430187c0dd700e28e6354c8237f895052581c8c187ad40cc3ecf33e469c9d6
vegetation-worksite/0262,vegetation-worksite,train,0,0,0,2073600,0,0,,,,,0.9529829382800871,0.8478766230084481,0.6098824037112958,,,0.0,,0.0,0.18913977122932346,,0.5376260667183863,,,0.0,0.9702137649754653,0.9935641330220049,,0.5467198437245645,0.901782879354969,,54396730a7d632e6ac164891ed59aa4b248397c4bff8ad0524ee051361535740,46c8337d6d7cba2b8dd9fcbb263eb487f40f160d4e1a4d22257c1b1646d1715d,dcd6791f2622a701ed5404f82d955851aef7cc01086c9607e19d7bb6051578f4
winter-town-cab-view/0185,winter-town-cab-view,train,0,0,0,2073600,0,0,,,,,0.7991087052894374,0.9712002633118783,,0.0,,,0.0,0.9555062434180833,0.6523274006124387,,0.7853307437450017,0.0,,0.877706025238462,0.9286915468221285,0.9862127222194328,,0.8135449135732502,0.950242030792145,,5886ace53044086e84b2f4b85a962b8fc5d0e5df0f398df5bff81f0cefcdd458,02c16b4cc608d35f80fa4005304b2eb74c5fe0118ed6a9e69a447f8a392ee621,c81af5827178183cebd2f52aba5c084e12043bf294c96b9e2f624d4bf4ca350e
winter-town-cab-view/0186,winter-town-cab-view,train,0,39,0,2073561,0,39,0.0,0.0,,,0.8165863304906686,0.9377877295118674,0.0,0.15377982178787009,,0.7527179705819654,0.3395518799884604,0.7325692075830887,0.6566951183392121,,0.6396777176066569,,0.0,0.7337145088693405,0.9058305289620162,0.9836576943117191,,0.680839775655601,0.8859618773283554,,7b53cc55f0bba2e1833ae405668e09335397f1631bd62e9570846377941ee427,08d83649e29f837a10e16cfb3566001c6a2b63ac1223b3dbe22e3520c2558d42,f42e81e26d8d5f871cc81dba4060128405387cc04251352613f5ab39d461db21
winter-town-cab-view/0188,winter-town-cab-view,train,0,0,0,2071713,0,0,,,,,0.6684249210947295,0.9795707910317728,,0.0,,,0.6891808663518785,0.7986806319078757,0.8622200221427355,,0.705542823189882,,,0.0,0.9456788895757032,0.9965536806270621,,0.7860928723993355,0.9140591998068915,,93065b17ef536461211968f71d3b394d46cb55404435af01f1702cc875cdc85c,21220ea9d1dcae3c1fb53dbcdcfa8ec5f2d0d48d4fb3c882b2fc13ebf6880d2c,d274f5a92d7bf35a8bb358c846edcbb681fcf20b0405034ee8ee1c35a52a472d
winter-town-cab-view/0189,winter-town-cab-view,train,0,0,0,2073600,0,0,,,,,0.3252262443438914,0.9708499913088823,,0.5217248806067983,,0.0,0.6922610015174507,0.9039541547277937,0.8788997007160877,,0.5008024651730115,,,0.0,0.9738095550643578,0.9970214564091692,,0.8158166098199413,0.9683189784978619,,06118b62db2d8b18889a7d9354ef0877b3f5042e249ab6f22e11ad80c9f3242a,db98ccf750fad56a37d5f1801491eb4450766aa87b85bdebed63fbf39363aab5,cf123919d096a4b620f63e4101ed4e105e206d84152056507ecfe4efdf440722
winter-town-cab-view/0190,winter-town-cab-view,train,0,0,0,2073600,0,0,,,,,0.7441522570992893,0.9817462169837009,,0.6740968485780169,,0.33756805807622503,0.75353525347334,0.8421623150155528,0.7900591525696249,,0.8472460568946488,0.8211974110032363,,0.7829263537967335,0.8423072644343086,0.9817056979128376,,0.8958349552355002,0.9668527470148984,,55cf7c8129b7d290a98190185ebf3f9c9c1bcfda8b3256a472c4c639eff7e307,3723a2fa07fa1e444728f5b97c5e1abb879dd27258f29d287ce29622eb296f01,55cc220809e0bfdd00e7170c5ba8b1cdebecdd9ad7229d09befc990518b6d3cd
winter-town-cab-view/0191,winter-town-cab-view,train,0,0,0,2056311,0,0,,,,,,0.9603887089310504,,0.0,,0.16252357277558718,0.8908457126644104,0.24366270046559751,0.7702969106863806,0.8920769951697787,0.7704339160763415,0.9375134901791495,,0.0,0.9369309969352494,0.9827098157365908,0.6955702167766258,0.7777165527881861,0.8436307365968582,,fddfb8962d8961d625bea817fe5552ec2c1d016f4d6cc0fec53b8171c0f10c1d,d2f01638f8e68cfcba5c60ea363c59798551ee7d037ed50a9aa578dd2fb4cb78,de6d09ca6262bb19171959c6a464ada6d44ebcf4ffb80508c3dbfa7e029dc05a
winter-town-cab-view/0192,winter-town-cab-view,train,0,0,0,2073600,0,0,,,,0.0,0.6402985664073298,0.9736890221604623,,0.6611311295629014,,0.0,0.8857683170792698,0.8496643222506394,0.827392098739225,,0.1737733644859813,,,0.8106150280602962,0.7659425643503446,0.9910056479380983,,0.7890313269377706,0.9105665096724409,,754211da40dd122ce82a710c71d8d2d60c6a74f3695406c8e58832fa940cea1a,cfb371e8c8bd13f21d3db1d5a4cf7a892f9a2b329deaf4b3848864894800aed3,b04f8461acb60d3365ca13d327e055c2ef5d93fcd7b3d54bb8828c8e5467e6c3
winter-town-cab-view/0194,winter-town-cab-view,train,0,0,0,2065582,0,0,,,,0.0,,0.0,,,,,0.805500618700623,0.4963986599664992,0.0,0.8541958742239135,0.6686051533035843,0.0,,0.7856857921680739,0.9133459906689642,0.9905478292722978,0.6270430906389302,0.5073041168658698,0.6377078630982542,,86bec697fc86a9152f90aa11441db7d66b5f096dac9422d72d66e592861f8801,ea751052eaed16e461703bfba2c8c200e9c8131633cf64766ef9163dd3489c13,b3f1f79d8a546c5b81033b2952b15f11899536b178ad7e3398e93197cebe5b64
winter-town-cab-view/0195,winter-town-cab-view,train,0,0,0,2068564,0,0,,,,,0.9230444767305619,0.0,,0.6913168661918473,0.8702457348567851,,0.7658175633654444,0.5495967632443588,0.8180645804389676,0.5797040675732343,0.5870699092060357,0.8524696707105719,,0.14519505233111324,0.899251077509566,0.9785520827728177,0.3333333333333333,0.5097820703318474,0.7732576228998134,,b011832e15f90292721c197db21ac1d902b6875259288cfca2f254319ca7f8a5,0a45ba6ece7b7c7ebb7ae6157bc737c892166881a058b9be199973dab69d56fe,ddc2a352b5d205b407ae023b71e1eb7a886ba4f87bccdfab413b052a7f41f73b
winter-town-cab-view/0196,winter-town-cab-view,train,0,0,0,2073600,0,0,,,,0.0,0.7763007636856756,0.9707075259125733,,0.0,,0.5169189670525378,0.7453068197620135,0.7192578408032295,0.7971016314320907,0.6743095362167796,0.4490915186054308,0.7922437673130194,,0.8698285588006095,0.9064407163404294,0.9670869887455045,0.47774480712166173,0.767268862911796,0.9466293806152198,,6642757595beb9bad0e29bd2abf92ae99ddffef5f2d5a4fe2af3140090621eb3,971c348d7203741a3df3355f28bb6b24e8ba5a9b8d393d99c2d3149c46519a06,c222fa40b58e03726b364a7dd59149e1394e9d1043ffe6cf81ab191f2136e075
winter-town-cab-view/0198,winter-town-cab-view,train,0,0,0,2070318,0,0,,,,,,0.9569600671228926,,0.8637405375373289,0.9839623933965819,0.44744083654375344,0.7698154180238871,0.900454314062605,0.7741843346553722,,0.5250487118423901,0.9220352353405207,,0.8311160968210832,0.7530718222445296,0.9919371599336487,,0.717101558100244,0.9439506829236749,,cc5f67af19f67c1a6ec338148aac18a59457131b40eefe18cb47d42221300216,0dbb68073d6882c06ad4b479071c7b4b7db0f0406be6f2c0cc90a390d0a77a66,7c129e80749e1101eff68a59e05461d98882f4277e2afecc3deee55c74690c1d
winter-town-cab-view/0199,winter-town-cab-view,train,0,0,0,2073600,0,0,,,,0.8235294117647058,0.4813343288357954,0.9789157517829136,,0.5928221256128018,,0.0,0.6087253118503119,0.6990558207096909,0.8266595537162472,,0.6518005462173044,,,0.8265344567749007,0.9088772262518042,0.9898460342558323,,0.8019655656543264,0.8347967613107938,,bf2591468b8c776a8775aaf5f6535f7fa792b9c0ee28c52f9e87b591efe4c9b3,073cab9e51ecddedc95299e84dc6d995120a0ac8b5b993f541211aadeb7f8e1b,97d0e38f3270407113791cc7cdc48c0387c7d07ce1fe5f1027c40933a2a50ca3
