key,group,split,tp,fp,fn,tn,support,predicted_pixels,iou,precision,recall,iou:person,iou:truck,iou:rail-track,iou:vegetation-overgrowth,iou:car,iou:on-rails,iou:traffic-sign,iou:road,iou:sidewalk,iou:construction,iou:tram-track,iou:pole,iou:traffic-light,iou:mud-pumping,iou:fence,iou:terrain,iou:sky,iou:rail-embedded,iou:rail-raised,iou:trackbed,iou:standing-water,image_sha256,mask_decoded_sha256,prediction_sha256
flooded-road-crossing/0272,flooded-road-crossing,train,0,1404,0,2072196,0,1404,0.0,0.0,,,0.0,,,0.0,0.0,,0.6872531688419152,0.0,0.5927476227307885,,0.05580159433126661,,0.0,0.0,0.9018509381401537,0.9834288581710979,,,,0.8502996075126817,1a64c22d40183eaa53211aeb2ab21c5cbf2a328ca7b2d6716a58fff64bb7291d,2ae0b928ea09fecae228600e65afc5ccf5aeab55c6186e155c041878168d2b7b,e0437b81cadca9757e4ad79812c745fda13fc17d09143d13df48543531e9a11a
flooded-road-crossing/0273,flooded-road-crossing,train,0,849,0,2072751,0,849,0.0,0.0,,,,,,,,,0.0,,0.16225678522741355,,,,0.0,0.0,0.47313554727443674,0.0,,0.0,,0.6624859465196182,4f42631f3a3bf1174b11d6978aa00479044e989be0e1722cf53a2a7d698ca4da,d71932fbc886eb13c90b1ecf925dd2ed196974dc2b78b22dae98b2b052263ceb,111ead9bc50f01d01f081f105046aace45a77ca8b3a2ee054a49199dc2df60f6
flooded-road-crossing/0274,flooded-road-crossing,train,0,19101,0,2054499,0,19101,0.0,0.0,,,,,,,,,0.8078804034377217,0.0,0.0,,0.0,,0.0,0.0,0.7014194684764027,0.0,,,0.0,0.8951527041373523,5eac815d6dcafeaed42ca25116f35fe30e4598159ae3b155d664bf6b7378427a,92f986c0cf867798fb963a56a3cc9a99da42fa01c35481b1810a31fc272e5aab,61f65763da57927df5eb99fc1ea80b5aa52e8510cf54b7c2e1d05fd938ec4627
flooded-station-platform/0298,flooded-station-platform,train,0,0,0,2073600,0,0,,,,0.8762405268856008,,0.39061595461387055,,,0.8651734442224263,,0.0,0.9233217497088376,0.8743723474424221,,,,,,,,,0.40694435585039657,0.0,0.2616514037576852,f0194c9f5092ef4a9f5211064d986408ef94a7c44752b254cf2a6cb67600d64a,9c2a8282ac3b685c1b4f7d0eada263e2c6deb4d18423159e43b764c65f2afc9f,fa16601904e8c4f23784101f13420ea651f4a1334a925be3781fa6849b2054ec
flooded-station-platform/0299,flooded-station-platform,train,0,499,0,2073101,0,499,0.0,0.0,,,,0.6893697061184392,,,,,,0.942464804119686,0.8332713790432579,,,,0.0,,,,,0.6413347246710566,0.0,0.7879302554373776,2e8151e2e6b02fcc2163c50aa86d9e5e0134c8e81d7ed74c33832a121b91dcaf,ac007d07fbb9218cd6a46518c8161c36b300c81f837d4ca78ee881cc5c1285ad,805d746f5f5f396a068872585a7044fc6940921262703760c71867b1d13e834a
flooded-station-platform/0300,flooded-station-platform,train,0,70,0,1958450,0,70,0.0,0.0,,,,0.5884370024827156,,,,,,0.0,0.884882940331032,,,,0.0,,,,,0.6612189616252822,0.0,0.6286396493638178,aa5009748eb469829d461d7b4e9a1e63aced662acde1baab34479670671c9cfc,71b71d95fce3df9c264c4586d0b956bfa611ac012f0c0847d66c466d4e709978,3f4fd22c9a569b99cff45e18a9373409fe68d64bed12c2560714163b5e4230d5
flooded-station-platform/0301,flooded-station-platform,train,0,0,0,2073600,0,0,,,,,,0.4606191292640082,,,,,,0.0,0.9714827884452979,,,,,,0.0,,,0.5529074282200898,0.0,0.9099094205926099,b6bfd2eb1a154fe26098279bca8d8165e5aa045fad56b687663d941cba56bfda,7894d14854f9ccbb4158b0466157085afe2d2c32ff1bb92ff09db44e499d08ca,921d7814e568720492faa899aee576a2d6b4a6242b60bb193db8813f85c732b7
flooded-station-platform/0302,flooded-station-platform,train,0,0,0,2073600,0,0,,,,,,0.6633598407573927,,,,,,0.5740799191970204,0.9920240803281318,,,,,,0.0,0.0,,0.7031606308504361,0.0,0.9268750777290182,0758d8245392d38d69bb520d6aa46dd39d38ccdfa9c8011ae15e78d2a3d0dfae,00ea88ab0410bcf15bd3202f7dbdea2d25333ff4bec6c06d01c990410360a826,430575a411c4803bbd96651b837ede8b8e841965a71e0861a0cea89bd3702de3
flooded-station-platform/0303,flooded-station-platform,train,0,1477,0,2072123,0,1477,0.0,0.0,,0.0,,0.8566918728434035,0.0,,0.5635235479605331,0.20793804453049372,0.0,0.9421846244933652,0.7890069756905657,,0.14781196136056446,0.0,0.0,0.28497186026466564,0.79376830760484,0.08668435735184052,,0.7705533635760851,0.785489463515744,0.8176616866824262,e62cac97ea08c225e113869af1e24539312d59ae8b1ea981d8625c7d8c85968b,e39d3cc9f2e733f410aab08b883c5b815fc0b7cec4923951527119e1188c966a,32119fa2c0e5609592374f2155742d7b828b94f2f1dd3b49a47c2835c12ea1b6
flooded-station-platform/0304,flooded-station-platform,train,0,7273,0,2066327,0,7273,0.0,0.0,,,,0.40090613477734394,,,0.0,,,0.0,0.9052764399580586,,0.0,,0.0,,0.0,0.0,,0.6088173573081511,0.0,0.7439230801457958,c9797d293e9f42ce5aacd15adf5adeae5aabd49c586206b065f6f9ae8218987a,fdcfa33e5312540d1fe6a49626ab748f10be173352f093e26fb20c90e293784a,55003058421ffd16077e8180d047df4b85ce0c4cf5a8468ffe374898f1061646
flooded-station-platform/0305,flooded-station-platform,train,0,0,0,2073600,0,0,,,,,,0.766821405412082,,,,,,0.9243305707670986,0.9010340383150741,,,,,,,,,0.8262268459162119,0.0,0.8832084335076841,10d64186056082ebd4e47902c4c0de8902ac70f0ef5c2e64b7a35ce344eeda23,e7d2de4d96aec0a8b3246ae5cbcc210d76914bab2c93070d8a83137bb7c9c701,c14d14a56d17e5de1882fde9ba8f3d988a068722b8a2e3b982efeca597965905
flooded-stone-bridge/0270,flooded-stone-bridge,train,0,269,0,589555,0,269,0.0,0.0,,,,0.0,0.8593872401778205,,,,,0.0,,,,,0.0,,0.0,0.7671986791414419,,0.7932858202457351,0.22705162403891416,0.910121886939469,d8aff7595858cbf04c9e2b85dc09bc865c9a2ad58b92c41e823fb4a084f4bada,fd6955216cc66b2eee2cfcf1242e63211c7bcc1bf86fb2ab9d8a15726ce917af,6c683e51c0e47ea2d9b00ddea4b8e2f82139f2d1caab66e8bbc900e75a1f6725
flooded-stone-bridge/0271,flooded-stone-bridge,train,0,0,0,698368,0,0,,,,,,,,,0.0,,,0.0,0.7634899454549711,,0.005573445627941541,,,0.0,0.5804871220604704,0.8903983755559853,,0.5296102218074797,,0.7653919486796881,f5180763e414fb42a131798a9a989ba50a68fa194643d48809aba9a9130498ed,2368f3e5da46a76defb9ae32ea5cfde760f7cd9dad6b26b038b2df07dbeee742,b3fb851947c810b204e22d4ae6fb2834cf8f2e69462a23c8a0f061fc78814496
flooded-stone-bridge/0310,flooded-stone-bridge,train,0,654,0,920568,0,654,0.0,0.0,,0.0,,0.3877025311730008,0.0,0.0,,0.5355159310143233,0.04697320542507443,0.0,0.7865575560870937,,0.46316308906982484,0.0,0.0,0.19682566389052467,0.7464795468676337,0.864836739903006,,0.7776924962955856,0.7055259527737957,0.617676621642089,244d2e5e9d27aab38bd91e338efee542e9ef1b32b81f5b1d04e493988fd9fb15,e7400d491f361454e85ea2bdd892beb8058b0cd329a928274504f090705578d3,8aac76fe4fa2b3ce94a3082955f863b044fd09bacd964b1dae4cc56688f5f2d2
flooded-stone-bridge/0311,flooded-stone-bridge,train,0,0,0,921600,0,0,,,,,,0.1649122807017544,0.0,0.0,,0.0,,0.0,0.9236358731637934,,0.11772098868873063,0.0,,0.24592182209910743,0.8204818333389282,0.4541548377196348,,0.603782408362561,0.30704204645692446,0.8449400634642588,3ec9872d416c77c2223a85177374f753b9fa22546177d378a402366f3a00fac8,1f576c93da65df63c0f97c19e0f4a5a88fa854a978139bb0b399a9b0722ff0ce,ad447a85cda92d71529e12582a83ec4bab374ee4dcc7021935fb97d450892cc0
green-roadside-cab-view/0174,green-roadside-cab-view,train,0,0,0,2066880,0,0,,,,,,0.972712525898206,,,,,0.8408904239412001,,0.28584063680952,,0.4450045946497856,,,0.0030173497611264773,0.9309641089057553,0.9799123382960978,,0.8066916903960653,0.8355844710564286,,ac8756b81048f48af6d2c3fee710b8b43f34a4e658cde8c09bb9f690902790e5,1d89a374fa0d7ed2a6e6429295a1bbd6e07539abb712f5298181462289d6c8e5,bf25697ecc08e8a97c2497817e6c86e2acd92c542f7308108c55c26e2c3aa88a
green-roadside-cab-view/0200,green-roadside-cab-view,train,0,0,0,2068190,0,0,,,,,,0.14066720090226456,0.0,,,0.806243272335845,0.759310485915305,,,0.5018012719185384,0.6707882534775889,,,0.0,0.9572123461987408,0.9866569871267296,0.4766051468676891,0.537322884508826,0.0,,647d89550b9094d69144e9eb687405a9b548e981193dfb8682ee2e38bdb37aa6,f46c80584a147ea51bb34d9112360631c5f11d0019df6dd603d23b6e150c5218,1d05419a4c6597ee43b5cd7c8d4fd9cfe76c31615ca185c60460b70ed15bdc73
green-roadside-cab-view/0201,green-roadside-cab-view,train,0,0,0,1982593,0,0,,,,,,0.9254613633758535,0.0,,,,0.7077376565954311,,0.0,0.8202328216750798,0.6909692085141558,,,,0.9728028496128107,0.9883524474188522,0.46285140562248994,0.7107925059371977,0.7738328910384247,0.0,cec5a4a2267098df2b64c119ce4e99aacc9014722b05125b92bd8da623cddee4,55581854220617568ef435d0ce1a25842c7ab9554e57da4b56132ea6a7b2c5f0,87530fdace5902a25dbc5e968aa63c187c7bf9c818cbe69241794efa8e77b113
green-roadside-cab-view/0202,green-roadside-cab-view,train,0,0,0,2067734,0,0,,,,,,0.6375622706798317,0.061522297455054865,,,0.0,0.6949202151470699,0.05149425287356322,0.7956865010591181,0.7456427609795147,0.6406402751439912,,,0.4443517088845303,0.905197509623258,0.9856097901261635,0.4022235457613659,0.5621497341572065,0.6020036771603317,,318bdc8615a85a559ef35aac3c3b7f2506709bbb305ce03e4e8ea37ade4d7da2,0f3fd0d5280d3287ce8cec97acdffe99355f4a4f1aa7868d9c5c404b03adc696,81929d05d3b2bdc3fbdf1211f591d3a93e624b029b8f2a134144b358b67bb1be
green-roadside-cab-view/0203,green-roadside-cab-view,train,0,0,0,2067867,0,0,,,,,0.9309528474399164,0.9591761092873028,,0.0,,0.0,0.7807406169021148,,0.4774240532667499,,0.37962962962962965,,,0.8609784432683619,0.9716296253155711,0.989935165994792,,0.6558071347124939,0.8930044564203544,,18638926136c9e885bad8a5394a86973d90d5ed5638573e5985654dec64db548,e71b82e1e191ebb38f5c61ef1b0d128e6e5a11962065312506493cb014a6a361,ae07ead2a03238c30351ca46a2a1cf97729535c1687e997435029da70472e022
green-roadside-cab-view/0204,green-roadside-cab-view,train,0,0,0,2067867,0,0,,,,,0.8982181724277862,0.9564930874943368,,,,,0.43138751534862113,0.0,0.4065874730021598,,0.0,,,0.6081256762963482,0.938692617256696,0.9931947134997325,,0.6814372512046931,0.9024067196464465,,cb34ab4d9a1966c9d974500a92359ca204a93a0c8283bcc59a5f16456005f1dc,f8a201f8055169f4e1fc3ed4547ed752839f649ac12fc2ace4db3701d27241e9,b015504fa9b2004377caa3c7a4075e11ab5b0d2ff395235eeffc470afa81217c
green-roadside-cab-view/0205,green-roadside-cab-view,train,0,0,0,2067867,0,0,,,,,0.9082354138053818,0.9703689193601045,,,,0.0,0.6738895168466367,,0.19808612440191387,,0.25230730855574957,,,0.0,0.9749072933794745,0.9898830796985083,,0.7046974112806446,0.8884789812806503,,84c3ad934ba556452a390cf9a7615f786d7bada1f0ce3bec466c1ccd2a89b441,54f8b882502e1aba4a8f31dfe42009d9359e4354cbb6ad2a4af730894c4a64a2,6ad2e7652a1b81559ad5f2f0d0094ce4fd056c1330a658a3d8abe82cb6136a87
green-roadside-cab-view/0206,green-roadside-cab-view,train,0,0,0,2073600,0,0,,,,,0.8811288066960279,0.9730001655650224,,0.0,,,0.8215636210852914,,0.602618463140668,,0.7415388436937217,,,0.6422358369261024,0.9741274063762765,0.9834044615419293,,0.722697288052773,0.930231874169147,,326099a1d7068b475af019e6dcf936e26aa1a539954a3f0fa5df1a5ff8428999,6cf8bd75df6f49b6f9d82d83a98a90658290b0098de456864106c497d525afa3,45711ad4420e8b3a097f95c1c6a922ee0710e6f3b7040ca3b4f23c0e45223d6a
green-roadside-cab-view/0207,green-roadside-cab-view,train,0,0,0,2067867,0,0,,,,,0.7918426371748312,0.9770024709152682,,0.0,,0.5523255813953488,0.7851212714226413,0.0,0.11296942335317053,,0.7117757889778615,,,0.5627218479730101,0.9549366050600222,0.9891539318555964,,0.7783301036313085,0.927910851905853,,0a69c574d773bd2b02269bec42203fa65c198e4f1f50743335704b45db4b879d,12929b2c41df570afd935b15f8686b36c15ffe4535cbf298828b651dc6b7f72e,16ec376a14cc740fb61e4728c04de73ca835870d92f367dda7ab9b1169b31220
green-roadside-cab-view/0208,green-roadside-cab-view,train,0,0,0,2067867,0,0,,,,,0.7579365079365079,0.9580994545023322,,0.0,0.0,,0.0,,0.0,,0.6512321966786833,,,0.0,0.9806650544566092,0.9828749117019495,,0.7052450786101202,0.9485440979018176,,3b8efe8aa3a6e136add1665ab904a06b78b874796e0c18912f3ee9f3ff74d366,dae9e0177528e83bb9056a8fb457e3d484018332b434fe9195634f6a0f23d72c,df740c28c9c252063b3f7dfe8d19d273b52f58761896ff3d3dc3ffe5580159fe
green-roadside-cab-view/0209,green-roadside-cab-view,train,0,0,0,2067867,0,0,,,,,,0.804736173246407,,,0.9344822826315706,0.6011004126547456,0.0,0.0,0.0,,0.5177560473494596,0.4267011602383192,,0.5531704254599894,0.9272469317002506,0.9822863861529268,,0.35464369616288177,0.7937459372023764,0.0,ee956750d1fd8c7676cd76b8db71bf93b9cbcedf8b4aaf4e538041ef501ade04,e9baf13f1df68cf0182ca0ed2887e288cb340e796f1b398ed5a32febcb242750,8bf9992658d5e24919197c22c32c05159a5dcdcb763fb7a2701a20d3dd8dd752
green-roadside-cab-view/0210,green-roadside-cab-view,train,0,0,0,2073600,0,0,,,,0.0,0.35694476017276655,0.7182542431589886,,0.0,,0.0,0.8057414109552719,0.043943533697632056,0.5754741775811468,0.6905220390629959,0.6642029521097368,0.25036954915003695,,0.3709651067802544,0.8425090186799865,0.9904536171201016,0.2571701069555147,0.6178937558247903,0.5527827537216629,,7fa10db78fee89d3d4e8282d50e5cec55c3943202f620889b50503ae276b1a74,6026feb523e6c808b7f1ebc4a15de86ec7be4191ea33e7e454205851f8780c5b,f0e222e8045e20e57095fbf031d6608b78283324c94d93e46cfa254143f0791c
green-roadside-cab-view/0211,green-roadside-cab-view,train,0,0,0,2073600,0,0,,,,,0.7680756673229818,0.5643205715148161,0.0,0.0,,0.6248137478891428,0.6845403550599101,0.2628402028716337,0.41342417629211686,0.5600373427381711,0.5862437387265654,0.0,,0.2096192875638603,0.7385572220410825,0.9861299429083377,0.3392467507826582,0.5690465007045561,0.5535984504569941,,41f0cad9cf8e4e11e5a870a293f740a7bce70a66b0bf5b0e86c9dd1fa6396f5c,c790e550e0f15182c68acd0fa1c3df3839237fe9c736e380c9569a42ede21622,6efa098d958403655ac32c41a01366b0b6e602b520f4500bf3ea4e318239597d
green-roadside-cab-view/0212,green-roadside-cab-view,train,0,0,0,2053480,0,0,,,,0.6434681448025731,0.0,0.665217273515388,0.0,0.0,0.0,0.8277109840084044,0.7671027466755259,0.695127382861215,0.7430910537061336,0.22140077821011672,0.5731036184386968,0.42166274225683753,,0.7794759004436423,0.7377877625589471,0.983542597232814,0.015206611570247934,0.6804181497155348,0.805126941089475,,19490f9f31865422ef3257bbecd836b58a75e1200af558b47627240cfc9e49e9,e4afe2ecf4ebd828471240e23f7446384dc2ec9d184d5b7d3aee969d13726f9e,90a8f1cc60f52d14076a5809ac1afcdd720e1548479c79f0cbf61316d47a92cb
green-roadside-cab-view/0213,green-roadside-cab-view,train,0,0,0,2073600,0,0,,,,,0.967572598659717,0.9614003371362959,0.0,,,,0.9022361446636049,0.8029328531000772,0.6671872431366103,,0.6404219734980059,,,0.0,0.9658163315422925,0.9918616640864872,,0.7659751420782701,0.9255370264030657,0.0,5229632691652545fa2f89ea5800c86d39d27545bb45654c44af717c422b95c4,4f60ce021a149db8b77724d1203b796eafcc96c75f291f1e5fb521ca6adfa064,ac0ec48be25b04678a79e44e6f171cc096781cf02cb9a53661363f8cdc99b9c2
green-water-cab-view/0263,green-water-cab-view,train,0,332,0,2073268,0,332,0.0,0.0,,,,0.8933759385230636,0.5733599952247359,,,0.0,0.7956823900627072,0.0,0.8259846929251446,0.0,0.7076746557878634,,0.0,0.06938527084601338,0.9349334013261583,0.9966333779699447,,0.8065278393147246,0.8308726300195862,0.0,d38268ad352c084c45d9c129d86eed80ec34068717620fc1685f07a6cefd1468,8529f0f311585470613e21978d79fd7cd6125e1beefccb98f037b4124151b53e,8b2be7b184e6b079ce84354ac639a059f16485403b4fbdc190e05bb367c0344e
green-water-cab-view/0264,green-water-cab-view,train,0,1290,0,2072310,0,1290,0.0,0.0,,,,0.8786576783465442,,,,,,,0.17850510677808729,,0.9588273755501556,,0.0,0.12466208388043562,0.9293259086147435,0.9717922300922944,,0.673190851143607,0.8291614567359489,0.0,7ac26e3576a11b28c401290cbed89e663ce03d2ae23dcbd062e1ece5d3ba81a1,da975b659994aec1a32dd22d6e772c441d1fe28b507d5d47bfe4db184dbe094b,9cbfe2aaca4a6be7f995df49374a54591b1973b9a8825693ac66e9339c107cb3
green-water-cab-view/0265,green-water-cab-view,train,0,0,0,2073600,0,0,,,,,,0.9555468135326515,0.0,,,,,,0.14934303671849156,,,,,,0.7760992156349297,0.9227179935841353,,0.8590377902564881,0.6478302840163501,0.03486351088845721,021d832dd111da4e3fd13f74b2531f5a87481b14073f6b0ac4a5a1149c442820,ee51403528cd8ec8eeea2c81f9e4b41eaae0496ac53ebbdeaf38f6f511c45009,b95d797949498214dc7287eef7d32ed44146c2db31c7913012c18ae9efebe5d7
green-water-cab-view/0266,green-water-cab-view,train,0,2053,0,2071547,0,2053,0.0,0.0,,,,0.9509729911088743,0.7282740595538131,,,,,,,0.0,,,0.0,,0.9639813211066027,0.922523849057786,,0.8434362689032914,0.6926497704183087,0.0,1b57cba93cf3601d156721ce3f759bba69f41268fe5b975191c86fbff322be98,b57e3716ffe62a58f7111bf46af37413badf80d0ecc178d2c7b52919b30064bf,afad5bd3c8d3933c0000ae68a164b4c2862a74512c0e2bb091abf71957db7018
green-water-cab-view/0267,green-water-cab-view,train,0,0,0,2073600,0,0,,,,,,0.9543587123147675,,,,,0.0,,,0.0,,,,,0.9714160559617964,0.8229824532169102,,0.8437790589548075,0.8089634500096693,0.0,9b17276ea65c583df9303ed986d88d187c963d9ed6bf0b5700396e0de25190c4,71df9d1285b9ad09eb96265be443e2d18e28a00ec69a0f759a6d3989f1f4d48a,f0e909fd44f701be73ff9709cbae4d27cdf1babedcd2fdfea01005a854d6fdc6
miscellaneous-flood-stills/0275,miscellaneous-flood-stills,train,0,2,0,249694,0,2,0.0,0.0,,,,0.40105908584169453,0.0,0.0,0.8710161021654637,,0.0,0.0,0.4550575708802773,0.0,0.0,,0.0,,0.6628663802271664,0.9722133086129235,0.0,0.45791275344509785,0.3756145775254701,0.0595734445157152,61c2965c3c11954382ff9e9e06c34ffa4996a9a48b46aa7f5490049b85765bca,f4155b4c85702af56db693f3f999b74f08d30680a34733c864fb141f6a3f8c60,20033f27933c10a95bc927f1c85a476159b27718b9c769f7def17f9f8fc01a7e
miscellaneous-flood-stills/0276,miscellaneous-flood-stills,train,0,0,0,920880,0,0,,,,0.77094006542806,,,,,,,,,0.0,,0.0,,,0.0,0.8662696455000353,0.9843053345570466,,0.4898327913012056,,0.8742088281732684,85d7d06fc795f58f6e51ed5e91c5d5d8ab1f41194ab44f3471da41bdadf45973,b9c514a9abc72bf370a67587f1c41ec3e1c7769276c383024395b7a22ca7be38,b82c817ef38c0679e4d5b090e1a9de7ec1976b3a38b285c10a7b1de5f7e80c61
miscellaneous-flood-stills/0313,miscellaneous-flood-stills,train,0,50391,0,2023209,0,50391,0.0,0.0,,,,0.11622032242894867,0.11279576097791301,,0.8759506525169448,,,0.0,0.0,,0.0,,0.0,,0.0038399968083143413,,,0.7709163721730179,0.6022396073017334,0.03433625118647643,74272d0a74c881e4e18e9bf6000c065a51519bf7c05acb3c8e912f075c3b5ddf,c3e7c0a88b0198168b7659a591eafc02b94abdbacb436e871eca4779200bf186,33dc9d5a5601595e5b0f33d228f5b90141b5a22e364a1bdacd0f7600948e8383
miscellaneous-mud-cab-view/0173,miscellaneous-mud-cab-view,train,0,0,46297,2027197,46297,0,0.0,,0.0,,,0.708547638462021,0.7015380730952931,,,0.20309069413950345,0.0,0.07414194443068695,0.0,,0.7146450531022918,,0.0,,0.9488171930906758,0.995380880229894,,0.6254515831975632,0.7648593922929873,,f0ca7b2f878f2a5e167e558097ca517d126cb474aa25f5b0ec0fc4d6b1e57432,b968925b81e441c3dc638759e4923b6ad0ca44e3896210a4c69b136305b9eb89,70d84887ec90bc9b22320bcc9eb7d4dd996b498281c40d9cf187b1d3e555e4d3
miscellaneous-numbered-cab-views/0013,miscellaneous-numbered-cab-views,train,0,8990,0,2079970,0,8990,0.0,0.0,,,0.0,0.9674072515358222,,,,,,,0.5721847930702598,,0.0,,0.0,0.0,0.9278208066400632,0.7056987467486403,,0.8006457660660348,0.789377908790794,,cdc7c624979074f91663aae6c612b6f6c370af9ca88a91ba076c2bad37e6c319,5566ae6fabe4c0bdb27e7217400a18101ccd23bbecd3e8cc415f9ed41cca7115,04501bcb6f93a091b488ce5a4e435aca1f8b2dee140b7e69c2fc2e2305fc3342
miscellaneous-numbered-cab-views/0014,miscellaneous-numbered-cab-views,train,0,0,0,2088928,0,0,,,,,,0.8161170012152705,0.36298504830505207,,,,0.0,0.0,0.9175918928868996,,0.4120603015075377,,,0.0,0.8778739535449002,0.9388580615049525,,0.8238011988011988,0.5244099816950617,,00a59e617c6d81492253ece8ef06493164bef224314ee99156bc01663f8ccd38,3ba891a877a2984212cd387b6a1eca2332a40b2a757b57c0248ffa03807c605c,0581e748211b48f6436c6894c96180149ec3265fbd271583909b39539711c1fa
miscellaneous-numbered-cab-views/0022,miscellaneous-numbered-cab-views,train,0,0,0,1931319,0,0,,,,,,0.9280662333549486,,,,,,0.0,0.0,,0.0,,,,0.8705230335612689,0.9672553801963222,,0.5424672622690001,0.8552931144392287,0.0,34431340589d77bf879a5d44b35f1ba4ee67944d06302e41751f49b52c7cd6bd,601f45356d35a2626927e94aad629de30fc2805b197f3f27a60dd2cd87622d80,6cbfc841263b7a8a2ca998a2626f5358274647930e5111e453c8938c684b70f9
miscellaneous-numbered-cab-views/0023,miscellaneous-numbered-cab-views,train,0,988,0,2086885,0,988,0.0,0.0,,,,0.867822345524167,0.5820186828946858,,,,,,0.9384155998712834,,0.18437118437118438,,0.0,0.0,0.9378090475473917,0.8718357422666486,,0.7862854858056777,0.6072801155418472,,4dbdaa16ac641963e653bf5fa8dce1b9b05b89b3a3d10f8da2e3c9c38deeee7e,03b59830b108e9c2dc87a79168457ed2a8be69f44abafae8f6486184598ecb19,279abfb6d41b943814d2e825e132bc1e8622fae1eb094777e88158d382fb69c4
miscellaneous-numbered-cab-views/0024,miscellaneous-numbered-cab-views,train,0,0,0,2087739,0,0,,,,,,0.0,0.39634728510271333,,,,0.0,0.11096228868660599,0.0058823529411764705,,0.0,,,0.0,0.9576001971579999,0.9932596046602254,,0.5282927045082512,0.5738074143654666,,35db7be7064f509351e3627b33430eabc718080e493e83ad1551491d62e1f113,e3c3c38776bc33b723f23e1afe17f11dd1b9be409c25e6ae796447766a6b56b2,ce4eaaab2092afc8e89c844a9fa79490d87164f287074b13728c2a772082c89b
miscellaneous-numbered-cab-views/0030,miscellaneous-numbered-cab-views,train,0,2558,0,2086402,0,2558,0.0,0.0,,,,0.4859306563593013,0.5057247702905979,,,,,0.0,0.8113506861618677,,0.0,,0.0,0.7483754512635379,0.9522641462345043,0.9132023151917956,,0.8146046048974577,0.567687125748503,,a88a70e7bc9e1730883e2cfef16954b7c5a6ebee797dfe8205837e1e2f9cc290,d0384c853c39b8e3b218a40e21a03110e8eb9368264b796d43fe35330caa8f52,ceef3b1a1b4c213611f6365e9eeddc3a0cff673ee3b54bdef779bc6d731a5a90
miscellaneous-numbered-cab-views/0031,miscellaneous-numbered-cab-views,train,0,0,0,2088575,0,0,,,,,,0.3471576832942752,0.5506129796170519,,,,,,,,0.6345920479691627,,,,0.973530045536915,0.9839424141749723,,0.7767318588923414,0.5329081464922085,,582a1052402234b092c9e8f0eb985ba78c3b1068c2ae8c12c805aadd11584b0a,eac752094ab94f349e6d48690930d8ada3181efb518c33f473c5388d2ce23c74,d31c946b21f0c0f24702b5d012aa9ec5e217f157f00e3e30598f9223f15202a0
miscellaneous-numbered-cab-views/0032,miscellaneous-numbered-cab-views,train,0,0,0,2088960,0,0,,,,,,0.3333605253497573,0.3751784136477945,,,0.03328843563594382,0.7909759201580763,0.0,0.38860084873820316,0.36389103554868624,0.33117745320597936,,,0.3991370761495503,0.9263460722912709,0.951979353887276,0.22816072548357533,0.34917245061398827,0.6591941114718879,,1bdac9a6b7ef8988de21ddaa678ad8a54e0a98f75bf8ed86e61e0f50a7a6c16b,1fe12468826aec7019e49ab44aa6f832aac76a9576018cf252bcfd26dfa6c329,d8d1a927862626e572cf477ccbbd8dfb6b0bd319d56da2461faf0e62c401494e
miscellaneous-numbered-cab-views/0044,miscellaneous-numbered-cab-views,train,0,0,0,2073482,0,0,,,,,,0.9166078952603122,0.8408990826367071,,,,,0.0,0.9165687248352682,,0.5575035063113605,0.2153846153846154,,0.0,0.8941516583853437,0.9938268676056983,,0.8413800841514727,0.6107303174475177,,bb02fd705ac7b08fb3ae7c618b46f5a9da4ef32b590259233156f5fee831aacb,d3844dea10ab96975316c1574eadb989106b149d9b1fafe094beae7e9c50ec59,debfefda8658503a7db242e24bbdb647404591be6dc2b53f46e98252afb080df
miscellaneous-numbered-cab-views/0045,miscellaneous-numbered-cab-views,train,5647,0,45573,2022379,51220,5647,0.11024990238188208,1.0,0.11024990238188208,,,0.7290693524723423,0.08292122924761568,,,,,0.1255363321799308,0.6195348607300858,,0.7377447923163278,,0.11024990238188208,0.8798280555351193,0.8941354211576991,0.9870257145767322,,0.832771068079077,0.884014264530626,,8a2c09c50911afe45e05157fb8602cf7345aa5cf6f005c3b76f7c0d8b50f36c3,a820d863d1b63b281c0ec5f7e11041e0e68f73f39d613cc757bc489e1e03b351,49e74fc229b4559dc506bfc0fc7f71e38f569f2fc68f90ff4f8aa448b33ce9be
miscellaneous-numbered-cab-views/0046,miscellaneous-numbered-cab-views,train,36823,8935,1842,2026000,38665,45758,0.77359243697479,0.8047335984964378,0.9523600155179103,,,0.9112385194456204,0.07777923268299071,,,,,,0.0,,0.6244436424876699,,0.77359243697479,,0.9779090545112575,0.9843032952407658,,0.8688960010558269,0.9158758633456601,,a1bc04fa20bd623f99bbac759e22dbd90554263ca7b217cee49ddc9fedd59da2,550d403c2cd02d480d3ae049a478b103700ae04d047712fa0e5187f9b0fd5068,898d3f375785bf0b93dc1ca03e1422f7481258aabc1b1fc0f9d424341de0ee5f
miscellaneous-numbered-cab-views/0047,miscellaneous-numbered-cab-views,train,0,0,0,2073600,0,0,,,,,,0.9086632100390427,0.32611515026067606,,,0.35949177877429,0.0,0.8840883736377907,0.4409702082784076,,0.6877420216317265,,,0.7973042519299105,0.0,0.9899667670844792,,0.8069352184776647,0.8995580479833618,,b74e6210f53416c45a93c3fb1a022de2cc33ed02723512634c739624b649276d,52518430666be87ad030da35871a2439ebbc09260cee1aaa6bf65be527c77193,0062734ace9f8832cdfc8c822ebf91f77f4082f8f9cfb205f88511a900200c2e
miscellaneous-numbered-cab-views/0048,miscellaneous-numbered-cab-views,train,0,0,0,2023939,0,0,,,,,0.0,0.6673432765569381,0.7096018476567248,,,,0.348993288590604,0.0,0.5739345673697804,,0.48290726817042606,,,0.556803020917711,0.920202724126938,0.9945656190935425,,0.6727674524025385,0.7625373071587709,,f912ea15971bc82b19029b9aad152ec1934e74e2a32d29934c116cdd7409125d,207a7f72a12615e89d5f214f068689216c6d434bd46045ce97046eadaaf814f5,d39b64ee4ab8ce31c4eea1439fbcb7a840b7282137ee22dcf06f88997b77db17
miscellaneous-numbered-cab-views/0049,miscellaneous-numbered-cab-views,train,0,0,0,2023841,0,0,,,,,0.0,0.9089128305582762,0.42469162755157736,,,,0.0,,0.6826336875108866,,0.887807670291929,,,0.0,0.9556837713005166,0.9942270569302686,,0.70707656612529,0.7884012539184952,,18e4e59e4f1f16790b92171327c69eba67d5364edbe5a933d052ee78b21f9557,d8c2a5b6f12b75c02efc4512cc0c2efdba9b29f877cc7842dbd1070c4cc562b6,16c2896f61cc999aff852e4cc7129f1e4bdd03af6e23801835606e2416ac03ca
miscellaneous-numbered-cab-views/0050,miscellaneous-numbered-cab-views,train,0,0,0,8211623,0,0,,,,0.39689119170984455,0.07912960944915105,0.9232853212832501,0.3549539117674035,0.0,0.8942498851590162,0.7525663613728031,0.005108636537895741,0.6255115969315752,0.5777509735592021,,0.4635489112772181,0.2894736842105263,,0.22632811589288174,0.754801863657151,0.8929611009853087,,0.7303478928528945,0.7983290776176629,,33fc6fbed915cff715396fc229a8e0da423ed1d84e76cec2dcc2a28d124be983,a9c086f93a23a8995da1495bf54ec1a377ef02d5932b137a3002f7384f45c4b8,119a671a614d8d8960c32a0adcd96705b1b04f4c5f83aa58a607a2f97fdfdd61
miscellaneous-numbered-cab-views/0051,miscellaneous-numbered-cab-views,train,0,0,0,8212452,0,0,,,,0.008559201141226819,0.5792318851033477,0.9034815718613262,0.6516825097730404,0.0,0.0,0.0,0.08360761017901581,0.58618477746749,0.5965192918487995,,0.3983592890480323,0.3389394490959835,,0.45829407670017647,0.726070496775195,0.9059544729069394,,0.7252210969011542,0.8198849842992277,,a29169723725172c5b690fadfa30cc7cf76f7eb2328590890c3c828f7d3f20bf,f19c28ac63b6c849df2da22a96db0a6b720006896d82875ceff69a43205d2023,769743c2ec63c811472567fe5d687710ab79809987844eeedfd30d34b5239123
miscellaneous-numbered-cab-views/0053,miscellaneous-numbered-cab-views,train,0,891,0,8118893,0,891,0.0,0.0,,,,0.9263438461357819,0.3237765266349069,,,0.0,,0.19921298573536644,0.09270712334787932,,0.7860037529369097,0.0,0.0,0.7340546520124751,0.8374810347192582,0.8975794755269387,,0.8187400439144099,0.8402829639792977,0.0,9e09a858819a1882bccc4f5b7cd52bca20f66b1052a3c5191dc459062ae69e81,70a16c903d27ac00306c86f14141f728ececfc9dc4e320ea99148e50ab77339d,b4bca42112f33e46a50761736aac230c8ccace933aac46c76ca1047ba3da4979
miscellaneous-numbered-cab-views/0054,miscellaneous-numbered-cab-views,train,0,0,0,8175654,0,0,,,,,,0.9190280892131689,0.18182250095020905,,0.0,,,0.0,0.6758214362032298,,0.7888953689851324,0.6959224266534063,,,0.9756795858243245,0.9698036372446153,,0.7501012944362698,0.9286951293630202,0.0,ac828e814ea477c826e95def13cde08680d0a05dbe64cde8303472779d31fce8,ea34de2ac35692d4e015602569d70b94968ad6bdbb3c7aaffedafab451351ee1,c6f5938b654a1f836683a7d4b36702840fdb1dee09dba497b9970e3a3743e1c7
new-unmatched-2026/0175,new-unmatched-2026,train,0,139,0,2073461,0,139,0.0,0.0,,0.7554650664380625,,0.9112964567178685,,,,0.637546468401487,0.0,0.0,0.5201737532369894,,0.5029555194325402,,0.0,0.0,0.8691264232215875,0.9486633502983687,,0.791485320883121,0.7543309828501784,0.0,c81bc0c590d9bd6563e2e11176cfe441dc0920a5f9cdbbea9d32b36a51347b86,e567f1deccb42140b8e6f7f671b1b6b71cab015fd5065dba841e709332e19b53,ed357e8591d9e75e7987d85feb7dbfce8f9ef37dce7e81b00ff11327fef54f02
new-unmatched-2026/0176,new-unmatched-2026,train,0,0,0,2073600,0,0,,,,0.0,,0.9429340856629905,,,0.9523076595903047,0.0,,,0.5229810438847052,,0.35065859736561056,0.0,,0.0,0.9160740483246625,0.9866111766237347,,0.8087664658429491,0.7962731252606742,,fdfba692303712b2119a1d725763d74b54fa20defdb3415916105955f503bd9b,bf61db99763dc894604525d3f039b209cb136d83f1cd35b7655768228102fad0,513e0d1e90d330cbf05a221a19cd39166a5a40ce7d74a56b11a2926cefa13f02
new-unmatched-2026/0177,new-unmatched-2026,train,0,0,0,2073600,0,0,,,,0.6596888083484347,0.0,0.9461952911653997,,,,,0.715483906105332,,0.0,,0.005303678357570573,,,,0.9761186891875295,0.9948747178796501,,0.6705179015248203,0.83577643026628,,92fdd6e752f0a8493a8a0114320f0d3adb209985cc28a17efef842ce5c887b26,4bd80258418635ffe4fd02e59e7e743a04d3ef8362742a3493154f57d54ca4c1,d8245b45c4c7fbb2798b27788d06b26f33df9f65445542c56b9d5b568c5c1c60
new-unmatched-2026/0178,new-unmatched-2026,train,0,0,0,2073600,0,0,,,,,,0.8545234269609823,0.0,,0.9677219292232652,0.1281326893283514,,,0.5046637795650312,,0.34496853787841253,0.0,,,0.8970734300751322,0.9725377778835281,,0.7116509848468612,0.8799301232684595,,bcfbb199baa79a77d97dfe9e368490306a1c84afc0dabca15e0dae262f2a945e,c0720faac0cf1b752740879c16180ae323eda041ad52f9878faa4a44fe5fdf85,5163f27c11587daa46c0e84b0a5f5c782d90c397bdad8ea8ec89b871ab343f84
new-unmatched-2026/0183,new-unmatched-2026,train,0,0,0,2073599,0,0,,,,0.7637310800278928,,0.9384192325319778,,0.0,0.9046873931185444,0.08654813820865481,0.6813510535429176,0.8253170394281761,0.6936716436233062,,0.7227765518564713,,,0.0,0.8395928517725985,0.9828754525129767,,0.783588583362339,0.8937382577609206,,60f737c273e283351acc6efb1ba0704e0827f47b77fdd8695a5bd891f5dbab4e,291ed9200b9c9d9d1be97ae0e9b2cfb2da0843377519c6b9e5e806e193e1071c,ff2998d058a869467809fa9e54163069cf87262f61724488bf106c76f1dd9378
overcast-mountain-stations/0214,overcast-mountain-stations,train,0,0,0,2062997,0,0,,,,,,0.5119106800863861,0.25952380952380955,,0.609914716305152,0.1122334455667789,0.5298309424082082,0.0,0.4168099794114085,0.5198944802972078,0.7467110116804447,0.5251057827926657,,0.14026086956521738,0.4915630999292715,0.9569302889835776,0.32360282901123283,0.5208159297680706,0.4546051677514566,0.0,fcf5289b197c7f0a48d5f375c13e6c090599b238c68ce299010e0babb86cb7e7,d66cff571333e436c6a9212058e636e2420673e9fa861b9fb9c61d3cadc245d5,7243546b2b8eaff78947ae4ada877b5e43c2ef4a895051a758c41188274deef5
overcast-mountain-stations/0215,overcast-mountain-stations,train,0,0,0,2072956,0,0,,,,,0.1731429027367749,0.9413188653163472,,0.0,0.8813220576610438,,0.0,0.1267572633552015,0.6003410980635667,,0.637013732937317,,,0.6986022322364284,0.7809992273620918,0.9435819328433569,,0.7232818492795687,0.8458590485133192,,a4ea3527469f92f7e01c82dbad4e004af29e5a534ebe1ed94e96185736126eff,854429faa83f8da4db49e7aad63e0ef178c079e045e63a5be44bdb3fcd0af9f4,3bff771ce699911388236ae99d08cf974e08a9f3792f7eda77fa63be2bdd6eb6
overcast-mountain-stations/0216,overcast-mountain-stations,train,0,0,0,2068117,0,0,,,,,0.47024246877296105,0.9370766015101071,0.2163846838824577,,0.6986083613925057,0.7886321322965721,0.5863842742041309,0.44151003072474243,0.641110337040863,,0.6351325309647694,,,0.0,0.977269757522713,0.9715625857438409,,0.7760159041961517,0.9210778790122662,,39f23d5418cbc5c465dddc13feda5ebb78e7eb06be8eacb3a5acb0256a95f409,484d599c7a9c73383e03fb6ad49561d2771579ca685ae29f0f30e4be25d04b96,658799a7879b09c290bfc232b28cd0bf1da22680da2e7e84e7be2baebfb04db0
overcast-mountain-stations/0217,overcast-mountain-stations,train,0,8806,0,2064794,0,8806,0.0,0.0,,0.0,0.0014894443724906101,0.845082537596165,0.0,0.0,,0.0323960880195599,0.0,0.8758282834993688,0.21499639212452323,,0.7281207924600884,0.0,0.0,0.6062632664428621,0.7150816975608634,0.920641936690354,,0.706953310623193,0.792275267618531,,014ccb7933ce4cc405469bff1fb36825df54553c505c185a5c2b9ca46750aa01,aa3b2a2139a82a89c2ca14efdb1d56c34c50fe2cbd36c733edc6aeb721cead1e,27a9a178f193360ccd2ac15b472c6a55a7e974be4e1fb6f7be5eeb72c73b8826
overcast-mountain-stations/0218,overcast-mountain-stations,train,0,0,0,2072152,0,0,,,,,0.8941125913192952,0.9822315523723278,0.0,0.0,0.0,,0.8381430817325937,0.6961754728379571,0.5134817427081038,,0.8407939759882807,,,0.35870157353280113,0.8784225756193776,0.9557376116515901,,0.8583393156257478,0.9110259684972328,,7d192a396ef667bb5f346b4419b19250547fc8d398f9ad1541087e3b71df732f,5a08d87d4ef25c8edc375b184d40fb21715f14fe709bd157766f55da6db5be90,9683d0489df474a433c86c0a5d00eb813fa80b22f03fe8f3e5e3f169fcb57b68
overcast-mountain-stations/0219,overcast-mountain-stations,train,0,0,0,2067823,0,0,,,,,,0.8676069263651074,,,,0.5294776499338153,0.9149568740198641,0.3306503772906935,0.9244468110282806,0.7785724502932342,0.5031882507816356,0.6402432518937373,,0.5638544767758251,0.9237608824693312,0.9961397339856292,0.19485609308022045,0.6775867661368796,0.7832207649414906,,217eb3ce4240bbab2cd912c73d871881db741d3f99a15000d1343139afbeb72c,5dd19a743ac1e5e12f6fb63c62e75e423f24b6825f5013be4daef1327de5b91c,fef7293dccef2a158a8f75a77db5d1085cb6cc40c6ab9616f64f45b301e6b5a3
overcast-mountain-stations/0220,overcast-mountain-stations,train,0,0,0,1926688,0,0,,,,,,0.9461775116609878,,0.0,0.9433211864738843,0.674879485806106,0.3626987732848705,0.32198988656553235,0.6863576738084828,0.0,0.6720067453625632,0.7728059332509271,,0.0,0.9388932860765963,0.9866291495858837,0.1934931506849315,0.8685083407984893,0.8825336875460104,,b998518e2d97c634c8c2c846bf7f07e5ad02688387f15d657cc9646d080b722f,a78aeb5c9b6e22817ec40a0d14a2e3b3369a6697165133d9a00b6e867bffaa90,529626f300750f2dee41886502067f07fa81042f86785632bf26dac1e98dbbef
overcast-mountain-stations/0231,overcast-mountain-stations,train,0,0,0,2073600,0,0,,,,,0.0,0.9660410758476183,,,0.9847046145686995,0.0,0.6114242599085704,,0.012609858616736722,,0.7746009767415751,,,0.38804412641621944,0.9039856054562962,0.9438291117662942,,0.8234892992026857,0.9600484074265963,,27cd78cb2b58647066724fd485237e2568caa02d648e8186d42928145e8c8070,e2756ab550685eb2f70de905f8a2f1b99510c181fc397402f3f807c8450880f1,d23c298e9cb12252b51deebe94869a14b8e146a5274de202dc28cb99729b91b6
overcast-mountain-stations/0232,overcast-mountain-stations,train,0,0,0,2051786,0,0,,,,,,0.9635612799941785,,,,0.3865470228158041,0.5002742558173878,0.0,0.5660391498546119,0.723326706428098,0.452262661274793,0.7579027686941356,,0.5108542721556719,0.9228244396193253,0.972383170767215,0.19848053181386516,0.8430203399275564,0.9047511984972548,,77b17d1922889f7c1d3d5c9eb9eb7abb5f53399f38433a493e4e0d9f6d369bd5,3315c387c153f722bf32fbe0bc5bfbdaa858f63464cab9be2c8c073d479522f3,2db37d964c8dbfd542768af79b0a6973b9121c564ac5b280391dcbc880470211
overcast-mountain-stations/0233,overcast-mountain-stations,train,0,0,0,2071895,0,0,,,,0.0,0.0,0.2152543862218447,0.0,0.0,,0.0,0.6589960089832836,,0.7662440482781531,0.42542536736272235,0.467488706213434,0.41747398636526734,,0.43708282546868654,0.8591430200354886,0.9768216308198734,0.30094717312762426,0.5508398656215006,0.6641100323624596,,ccfe0f6097d8c9ab6aa93e8322b418afe7878378f87ebfaa7638f12f8605381e,3b67554f9922cacbbdfd34af50631afad68cbcf60e66ebde1584c6133fe36a61,8b84b98b0d704a030b9ce71db671079d6cfed22e9077397e004171cc513c5126
overcast-mountain-stations/0234,overcast-mountain-stations,train,0,0,0,2073600,0,0,,,,,0.0,0.9579542875102582,,,,0.14047619047619048,0.5163939393939394,0.0,0.13196085048936887,,0.7364263089249115,0.533066132264529,,0.5338153503893215,0.9750261789423411,0.9955608523334998,,0.7942171119377748,0.9417034845748973,,709cbea54e2cf9800bbf3d0c032a4ecbdd34ac081630e119aea5e897a39808a8,9f031a8f85e736e4469eff85abe294ba9b7cd9f12c496873f486d04a6bb80267,a053a82d102d0f40c88dbb357eaae2ffb0aa3461176744c70b2a96aff2030736
overcast-mountain-stations/0235,overcast-mountain-stations,train,0,614,0,2070773,0,614,0.0,0.0,,0.0,0.0,0.5478458157067568,,0.0,0.0,0.0,0.8007104709761043,0.0,0.8671468873963539,0.7284770637721151,0.737290366050091,,0.0,0.41209663198730384,0.862054156117668,0.9757261064596237,0.21834491827916588,0.703422275477102,0.5786257372273147,,468c69f20ee4665d35f34a795d6f47eaaff96dedee7864164a769f063403427d,727abdd8767871d43483380b4a639a89408335f221c2798f071ede7d71cbcad3,a7b9dc55e4d7d69bb1e3ab15bb7cc02c50aba566f69544ffa5a7c0a6bff50516
overcast-mountain-stations/0236,overcast-mountain-stations,train,0,1731,0,2062755,0,1731,0.0,0.0,,0.671523178807947,,0.927062706270627,,,,0.07449978714346531,0.6153756636388799,0.22337015882110692,0.9162301175314435,0.7978276968649716,0.6280916935848821,,0.0,0.4223216420204228,0.8751887208106918,0.978676366323913,0.2382297551789077,0.7453249475890985,0.8832618247164733,,7d0f48496493980d7a6b226310064c37f280f0d3d8723af88c69108db233c6e9,357469e787079530c7c4af0fe3afad136d2be00a3110c53be46d1dbb7f58abff,4ae8813da17910ab4d736a4b7fef9731dbe725d08aac252b61216b9c0b9d3419
overcast-mountain-stations/0237,overcast-mountain-stations,train,0,0,0,2058396,0,0,,,,0.0,0.0,0.5802892865898505,0.0,,,0.3230769230769231,0.7634583521614701,0.0,0.511959037665708,0.6096812792341999,0.5295664605554999,0.0,,0.630200368202141,0.9172718747335815,0.9830014258935866,0.22704458222615884,0.7751836570393479,0.7284352720450281,,d9eebb905aa35607b8a9ee3cdb0cfd1d4a4e368e77135f92e804f42440f333cd,b1eec86e60b77ba128bbba833a23764f54d112d408858a88b1250f02d7da05d0,ada5b968a07edec9225baccbbe9238c5de949d5c5eadb92d3ef328684bea21de
overcast-mountain-stations/0238,overcast-mountain-stations,train,0,792,0,2072808,0,792,0.0,0.0,,,,0.7955583614958963,,,0.9743916340801976,,0.30434782608695654,0.3295708712613784,0.5487569843712041,,0.6716342328004051,0.0,0.0,0.5098145608490847,0.8381243041491985,0.9913818406860578,,0.5993097673002259,0.6854338678735333,0.0,38d3daf79fb1b3f1c4c8c5bf74635d5954f16b3c5be5297e9e5ac9b077259d42,0bd106de9c902a9bc8006dd281b20d065ef8b5bfdbd81729dc77edc4d0287715,38f912b7c7ec84665bbf7e4e25c7ed38d95515a8068cf29785eb003149502b5c
overcast-mountain-stations/0239,overcast-mountain-stations,train,0,98,0,2037334,0,98,0.0,0.0,,0.6104271083024624,,0.9604255871285844,,,0.9488389558555619,0.14494875549048317,0.0,0.9227774195114171,0.6807816213998721,,0.4187985624795807,,0.0,0.549037669074514,0.44517732380937497,0.9750110083663585,,0.7787610619469026,0.8080002329034324,,a48c958611d90e4471af958912e453f589b8b5533315c5d59ce81b77a46a7bfc,7b59514cf69597aa4f2cce3764a3d0af51710e328dc3d85c3976e4c563c3ecc1,bba57236dc15091d22202e76f38b56e0617a35d12c746dd0590597fcc57641ad
overcast-mountain-stations/0240,overcast-mountain-stations,train,0,75,0,2073525,0,75,0.0,0.0,,,,0.9578666070746855,,,0.8409744858124082,0.5963244613434727,,0.0,0.6648470916867926,,0.8099567265346762,0.0,0.0,0.13550247116968697,0.9209701931986456,0.9359438251229993,,0.7381065526162944,0.8217889135852361,,8b51f499144ba83986ae26ea615d1f3e8da062613143bac5e635ab5684f8c914,99709ace9ed244e7aac8df6f8691255f3bb94e3107826bf9d3f678400c6ead23,d52bd18d0154afb82a58b9b55f946826457704e0a229794c47644a9afcdbe9cd
overcast-mountain-stations/0241,overcast-mountain-stations,train,0,0,0,2054583,0,0,,,,,,0.9439555462089716,0.0,0.0,,0.7275237803007057,0.0,0.0,0.0,,0.7324210618577032,0.5054918815663801,,0.4612521775853877,0.8613077785283223,0.9745702021930506,,0.8648877141496691,0.9412267184778239,,3625a2c4d4e9f8f3e0165e6dd90494d2791acd79e6142389e4a17e9e72601af3,a18c6013db023e74d3f18197e3c928119a026a0643711724bc334d3c6663f66b,3763d882d9b925090fc4bafc0eb6415a2d1181f51cb949c37d0378bc765029ae
overcast-mountain-stations/0242,overcast-mountain-stations,train,0,0,0,2064724,0,0,,,,,,0.940662916728631,,,0.8654878353048051,,,,0.05565616322588434,,0.6191764933307559,,,0.0,0.9177760217976784,0.9731775737425251,,0.7960148329699361,0.848269639979463,,ded050ca71f820d730759226ffc1d2274e07ef4601f63b34c13120c7ef05161e,eb2b02a061e3cd39e085fb56063ea4abf4c835ba5583526332833e0723c0d442,59930fecaad772ef064a6d577602dbec901e4fa628baca30dc8dfbac64081e07
overcast-mountain-stations/0312,overcast-mountain-stations,train,0,0,0,2073600,0,0,,,,,,0.926851653394446,0.0,,0.29229406554472986,,0.0,0.35111881601335515,0.7031267111267111,,0.7389316104211844,,,0.0,0.7229333798395535,0.8990228652669447,,0.8167634999287603,0.869158853961501,,5443a27572d1805ca781a25437ef08d1d27ac70239d96cb52f50717ff14822c3,b7a584f428c50f605f7f6cf81f78b931a71df4e8242a20fa82991bce28e1f9f1,31af92de37bfe3bc02a58bb62c89d909e2f98c222fccd89924a8811cec804e87
rain-water-cab-view-with-overlay/0268,rain-water-cab-view-with-overlay,train,0,0,0,2029558,0,0,,,,0.0,0.11046460757721585,0.615853171964357,0.5474194645259532,0.0,0.0,0.0,0.36284155285918473,0.0,0.9515399409486145,,0.0,,,0.0,0.8734400614853526,0.20186260280599902,,0.6102922382210105,0.6643588163506966,0.0,7a53e1b4c0a64e0b30e58ab9db89fcf98ce95254700008d25f5394d06f97a292,23a6618e87555de6cbd8e26e944af51a428323c138f0f4bdd425e1c41c6ebf5c,9bce9f89eba78987c8f2f993a387cbf6e159f47c47ebf9975898f89639355c81
rain-water-cab-view-with-overlay/0269,rain-water-cab-view-with-overlay,train,0,0,0,2054769,0,0,,,,,,0.9591741492280983,0.48296712195648656,0.0,,0.0,0.5380602006688964,0.017455391776570985,0.6598436016084382,,0.4205428673920842,,,0.0,0.9512474141220735,0.9930756989767142,,0.7617484345552921,0.8319816656763869,0.0,1100c1ea54949235b635d2def045d12f73d290500eb308c1ce83323f8600862a,abf7569acfa9b70797209bfc372ddce4a802e55f69e55594dc883d24cab15bdf,325bad544c60a3f01321f16f59d90a696352e570331eb9f535b1776f4bb8b26e
rain-water-cab-view-with-overlay/0277,rain-water-cab-view-with-overlay,train,0,0,0,2032606,0,0,,,,,,0.42324168254986694,0.6915002334914758,,,0.0,,,,,0.0,0.0,,,0.9725597059566305,0.8817609754903161,,0.6453534839787837,0.0,0.0054922019117893675,ca57dfd0f80377755014a88660f5a17884651b8fc20abd7455c72679bd8bb09f,5542b12fe43765140207071f9c0e4692ea5687467fc0d4d502d4e96bd01a76f5,5c9b03dbc4c62b78d1ee91ea4c9587d320eb3b5adef810aa699597af0aca485a
rain-water-cab-view-with-overlay/0278,rain-water-cab-view-with-overlay,train,0,3740,0,2035819,0,3740,0.0,0.0,,,,0.5686743111887308,0.6865775685663101,,0.0,,,,0.0,,0.008563273073263558,0.1066350710900474,0.0,,0.9736540353955621,0.9456408859531146,,0.8214808895991477,0.0,0.16056280587275693,ae02105bf482e4b7269f687a6bf9420a5d1fcf5bf84ca910a716df519b4a66f1,f9d9cc36d418487bbef456deb4bd834ff96e352253bedc9a16b3f55061617ea3,ac6f9046a986fcf6385f897d250785722b240180329c8777470684aea9d14007
rain-water-cab-view-with-overlay/0279,rain-water-cab-view-with-overlay,train,0,0,0,2054320,0,0,,,,,,0.69126874808693,0.8367479100435653,,0.0,0.0,,,0.5828633371561435,,0.7237440098933374,0.1626728922561889,,,0.942326785023891,0.9469451572390779,,0.6561283534981589,0.43703703703703706,0.0,41a8c3396c58a82a580a4b2d762d7a5813c5b86e025f72d9bc3ad2ba21db3545,75cfc723508e1a083341fb8e16648a7f892140dd4f2ab1043d614110da2558d1,a7405ab0794a3d53e5768c29b4884bfa6009288afc3e71bd63ae03391a60e2ee
rain-water-cab-view-with-overlay/0280,rain-water-cab-view-with-overlay,train,0,0,0,2054275,0,0,,,,,,0.5754497555418427,0.7263554438321441,,,0.0,,,,,0.0,0.0,,,0.983621108198789,0.9213247037068168,,0.7635752938981153,0.6513951617892718,0.007842282975710707,70a05bd99cfd467ea3e055a00e478d6e1b45acfa4adb761b94f8e266417d1ae9,e106743e4b56f6a000935339646381f74dd47b337309998f9c1f64e772dc2e55,e64e63fa7a1fdeba1100e322ca0a0b8e383991c7bb84de72d6c6aefb1c3e9e5b
rain-water-cab-view-with-overlay/0281,rain-water-cab-view-with-overlay,train,0,0,0,2053597,0,0,,,,,,0.6809606607259292,0.6420541374771149,,,0.0,,,,,0.0,,,,0.9821843950672282,0.9329655355777859,,0.716963133381965,0.6633757516431268,0.11843672187939808,a7da1f692dfad6e78cfde641dada58c6873c4539cb40843c04d9e3238e0235ac,0307bb1c875ecbe072c4937d166fb5c6179a715723a729d6f851102552edbb52,8ec241dbabd0fe7bea582bb842f3ee37dc3f6ee79a5d63a7076a29d41436b2d3
rain-water-cab-view-with-overlay/0282,rain-water-cab-view-with-overlay,train,0,0,0,2053810,0,0,,,,,,0.54043358568479,0.5948146304133359,,,,,,,,0.0,,,,0.9813888418527629,0.9132764487785058,,0.6851360523230703,0.8312485371752529,0.034132255269997115,f9741378f2d70f2bd7e5236fc50ad4936840f4c1561be37a810e2aba8983efab,c2f421c7de5534678595c101104109c3b656630b9d60fb9b35495a373e44edea,40d7b282ff1fd573c7e022b72f688d31e1d8e91e162027f0ca0aa999ba8995b4
rain-water-cab-view-with-overlay/0283,rain-water-cab-view-with-overlay,train,0,0,0,2054083,0,0,,,,,,0.22467731349814046,0.7236713675069839,,,0.0,,,,,0.0,,,,0.9837419792313349,0.9754744332187875,,0.6813168308495411,0.0,0.4983044085378017,50f5c438789710cc8a44142a41fc391480200cadb38493f126501909f2df6f3a,04b5fbb59ca9fdefb2c884a036413016e6db4df5eab65336733ce8f35b69af69,718049d177dcb57b9561d343e0a3504d008f32ff19c01c09a0bdf6c88228dd83
rain-water-cab-view-with-overlay/0284,rain-water-cab-view-with-overlay,train,0,66,0,2053407,0,66,0.0,0.0,,,,0.7261487986876588,0.6085607374281281,,0.0,0.0,,,,,0.0,,0.0,,0.9842302516589903,0.6412539137651364,,0.7938963210702341,0.7418445428916633,0.28373618365116,43ee426aa0b2c2ce8f85dc51fb77e1d7b14c6221bf250479b4fc3db9938e1d2f,124b16930742b8657398889555a2a4ca0cd3a302b337fa75ca4b08d758b9ab29,a8aee1a3c3f13a847272887d67a7ed9f5e11f1c7c3da87cb5661da8f84d4acd0
rain-water-cab-view-with-overlay/0285,rain-water-cab-view-with-overlay,train,0,0,0,2054047,0,0,,,,,,0.4648948326209319,0.7491158191120421,,,,,,,,0.0,,,,0.9587493963428896,0.6173253079160735,,0.7038573508005822,0.0,0.009163987138263666,2956bdb840f2c86e03cbc88cc38600c415d72eea5fff4f468697cb6ad1fb86fb,7c817992adbdd24001302c811f1bdc3fd0af55e9c6cee7d75ee1ebab90d9ce52,ea18539734f76630f94481948b01bed04a06dcc04429fc7cbe9fd7fd997f9884
rain-water-cab-view-with-overlay/0286,rain-water-cab-view-with-overlay,train,0,0,0,2054089,0,0,,,,,,0.0,0.7116761452920436,,,,,,0.0,,0.0,,,,0.9462250071946771,0.8483202347861668,,0.6422941790903048,0.0,0.0,65bb9a26ed2495d66bcecef26da2702eed5d5ef32bc6393785623c77524cec64,c5023a4e5a1ade5fe386facb5dd55efc8f17e3afa73682ad1f23e1e7f6e96499,4cef4acaa1655740d86b4a759a1c4a7143576e094be2a25152fe1edb5477d494
rain-water-cab-view-with-overlay/0287,rain-water-cab-view-with-overlay,train,0,9003,0,2045227,0,9003,0.0,0.0,,,,0.5264473887714595,0.7455043693488912,,,,,,,,0.0,,0.0,,0.9845733477227429,0.9768997477395766,,0.5344801339625513,,0.2828319314722122,e86117d8914772da397288df8ec1e772efd2441073ebe583809d2c492b5a8b2e,49c1380aaf9d4764c6f027260ff4e8b042c503f86f3393d63dba98fb7b567287,ad8db14ab8760e6142b30ad66662c05e6ed4e9f78aa970e7f26d69587c7d13fd
rain-water-cab-view-with-overlay/0288,rain-water-cab-view-with-overlay,train,0,8177,0,2019317,0,8177,0.0,0.0,,,,0.8457925110723393,0.5249206817678743,,0.0,0.0,0.0,0.0,0.9686133298868905,0.0,0.0,,0.0,0.0,0.8615292245804689,,,0.6884275278738946,0.4697538407821229,0.19324577861163228,edfc5f576a3fe8034173a9ff71791befd981bc683b089bc729fe555cefbe4b3f,18a05516eb56af5f738ece0bf1f771ff1da45279a794c9ca45f4549211644f6d,8e82514be12115517347edbd4a8978f2ef85ffbf93909018871f9f644f72847d
sunny-mainline-cab-view/0124,sunny-mainline-cab-view,train,4,25,79367,1994204,79371,29,5.038037180714394e-05,0.13793103448275862,5.039624044046314e-05,,,0.6216394371750327,0.24178229089158315,,,0.11485700999767495,,0.9063170931138855,0.873286759574361,,0.687502143371552,,5.038037180714394e-05,0.0,0.8756853776452538,0.9736521693696375,,0.41509906232550975,0.6697528831981847,,7401f5fc76b6fc6c255d1dd4039a55eb15e32ab20cd3552dcac7878a8a74eb88,9544d3a4d4f26ddcf2a101283fbc57247e7d6b9a4c2a4d1dcc6ecbc47866431b,a5959cc8db12903b528a99ee8ed25f7a8f7da625d84ccddbf098f030bfe38fba
sunny-mainline-cab-view/0125,sunny-mainline-cab-view,train,0,40,35531,2006013,35531,40,0.0,0.0,0.0,,0.0,0.6265829383506163,0.1256480919239572,,0.0,0.436871996505024,0.5474060429439419,0.0,0.009612403100775194,0.6031471779437446,0.4607291666666667,0.11250748055056853,0.0,0.44190170053919536,0.7754145351754712,0.9936748955067921,0.14864864864864866,0.7737747021473924,0.6300327280965166,,b9b5845a7575d6e07a9bbc5c28a07e05557e8f29ff815f5cbf7248d75ec08247,258f3be8e12caaaceed243c728d350b639caa3c57d90a8ad103831ada0b7f6ef,be562d1e622f50d82b01de611ce75f30805d9032738f257908315a41d94f6712
sunny-mainline-cab-view/0126,sunny-mainline-cab-view,train,21931,2824,11728,2034654,33659,24755,0.6011292930954143,0.8859220359523329,0.6515642175941055,0.0,0.0,0.7737160487407484,0.0,,,,0.0,0.0,0.819425214437092,0.0,0.6803085800814422,,0.6011292930954143,0.5392600460746851,0.5434532697313653,0.9759450283520695,0.0,0.7252919387435424,0.834676808132935,,a1e2fc892f0b131c74ecceb67559b53b91457b9cf91503592486c858fd335277,e27211315a2ae32a9a3ef1ca41e51ca0a0fa4f6fa09bc2a6e3ea542fe11ec29e,7b58f059b6d2ea71927e8ccc85f9530ae3890cbadef6776d8894aa7884ab1ed3
sunny-mainline-cab-view/0127,sunny-mainline-cab-view,train,2871,5914,22159,2042656,25030,8785,0.09278050672182006,0.3268070574843483,0.11470235717139432,0.0,,0.7260790661384671,0.007286252929787017,,,,,0.0,0.7905607770832397,,0.732282930961457,,0.09278050672182006,0.21018775350905314,0.7825357421964787,0.9732077957671075,,0.7701768710313229,0.8059001421452807,,0d4cde05aed2bd4fe2170c8e306ae84b426e1f4e3c8d7f9b0b0cb271454f8c9e,aaedcf88592ad3e09dd1013b51109aeb4e7c40f4b2d9226c243471e2f34e9ce8,84a3959e89e3a11f416ded33b0c52075a7b6bd2fd580d176b950cd4d48a83914
sunny-mainline-cab-view/0128,sunny-mainline-cab-view,train,4407,799,18776,2049618,23183,5206,0.18376282211658745,0.8465232424126008,0.19009619117456758,,,0.7975727546412443,0.32745452425373134,,,0.0,0.0,0.4702341050894653,0.715325306658663,0.0,0.6317420954742715,,0.18376282211658745,0.6293261090416525,0.8565472656224881,0.9823041851624622,0.0,0.738443600255764,0.7478895530185461,,24687c346d035f3bef72afba9b140f03eab022e4a90af673afe81fa9f274787b,c2fb729a44959c3f10648bb333aa2bfa0a8bf6c4779e7237ba1a4ca106ac5d1e,b47cf2d6a3a7258b8a4511a293cb94bce64da0d219af736b5557c72e6f807abb
sunny-mainline-cab-view/0129,sunny-mainline-cab-view,train,14978,1474,30273,2026875,45251,16452,0.32055644729802035,0.9104060296620472,0.33099820998430973,,,0.7226991579512522,0.29816933917907257,,,0.0,0.22832244008714597,0.5606870964633324,0.7776229315808004,0.6055914624981211,0.720854002316383,0.0,0.32055644729802035,0.4246996996996997,0.7591098315214424,0.9769342389146588,0.0361890694239291,0.7370541545262734,0.6846457100320125,,e52ffee04497a5939bda202788429a87b3560377d2abd91af07b4286a26b89c6,0c3855bad8ebb48418e3eb7da192926f4eba3d0bd8a6c1ba206a8a0de118136e,1d790671afabd3b25be36ee1888487a55cd38e4ec0b9924508a51f92b4c7a564
sunny-mainline-cab-view/0130,sunny-mainline-cab-view,train,19030,2004,8254,2044312,27284,21034,0.6497541655285441,0.9047256822287725,0.69747837560475,,,0.8273316080102966,0.22042249183962553,,,0.1907522243192235,0.0,0.8311189767960108,0.7940823129983254,0.0,0.6116068466794932,0.0,0.6497541655285441,0.7963416205075358,0.30193768187948045,0.9794164537188125,0.0,0.730282679993753,0.7443982844524969,,e0ef00001b7bf26a5b6122387465145d21b99c1296743b3f03e61660ac3b3c2c,9e56d793d32c98b488bb34adae6c07d0b0bd6f457d0f9aa68dfdc9a0a4542a74,22705c8827586faafb9b564e31a39cd51b85a4709397a64f069934b64fb0b3ba
sunny-mainline-cab-view/0131,sunny-mainline-cab-view,train,0,0,43352,2030168,43352,0,0.0,,0.0,,,0.763306151290033,0.2110433735875432,,,0.0,0.12936641773066732,0.39896567231299657,0.6573404709614447,0.0,0.6477561074010766,0.0,0.0,0.623389589693374,0.6763578207331915,0.9214780494867673,0.0,0.7230140700571596,0.8404262314485426,0.0,6ed3b7e372d8d5dc78b215af5af6f4653456cd41ece09177eab1178a747e70bc,a8c27ee277932c37a1cbb160b15f22866e20dd4aec146b5de86eb4603ff534fb,d1aa125bb43b9b94316f27d37921868c689a2bc68d08379936dcdee7fb95d6c0
sunny-mainline-cab-view/0132,sunny-mainline-cab-view,train,0,0,14047,2059553,14047,0,0.0,,0.0,,,0.9068732670037515,0.0,,,0.021415270018621976,0.2749176997968761,0.0,0.783227963971001,0.0,0.7819191038368661,0.0,0.0,0.6196582439767974,0.6209715166036905,0.9591770701741349,0.0,0.629059580212276,0.7475104821802935,,e153b7e6bd960d596c08d639a6b6e83a0851899aff6c01d8e6bfbba8b04f29ab,51ec0f2f880b6d5e6d011aff4a6f35f79480042485ebc9db45b9e0c8ccb772ca,4839b56bd14a0637ae3a66e62bd7a16ba439ff5e83098a2c8878a5f0204ff286
sunny-mainline-cab-view/0133,sunny-mainline-cab-view,train,0,0,4876,2068026,4876,0,0.0,,0.0,,,0.8027883087734635,0.41264641515147343,,,,0.0,0.12236884715025907,0.9012511066391681,,0.6099897802759325,,0.0,0.6981467461075085,0.3884564656053204,0.8698452625962345,,0.6728103427192992,0.7614108149175157,,f9e73f2fb85c57a08b9d33b0c1c38cfbd56bb541c4b32e14c80883c01757b91a,7b970b234bbeedfb2a18e0ce9e899a251b487dd70a00f183d3d16356c2b2478d,a3ef807229115865fa89b4bbb6ac07fa6c79f916452877878d52dd11c943b8ea
sunny-mainline-cab-view/0134,sunny-mainline-cab-view,train,22697,4702,13514,2025521,36211,27399,0.5547625449123751,0.8283878973685171,0.6267984866477038,,,0.8272506082725061,0.0,0.0,,,0.0,0.5230705893530101,0.8658710129298365,0.0,0.7084898929845422,,0.5547625449123751,0.6053187651394114,0.8662357111713522,0.9829652996845426,,0.7880055788005579,0.6805285642486179,,9e4b1e6f4202cdfc0d9ff15e1ee6eb32270e1c0e88b7b7842be2345e74dab6f2,810016b295ab6550cc7248033bb01b9032302ca875b032e9d08005c80b18156f,e4d259c2f3ac0f95f66c104a5ba6a4bd3633328ffcea8e173340747bbff9b0a5
sunny-mainline-cab-view/0135,sunny-mainline-cab-view,train,11051,4448,7073,2045703,18124,15499,0.4895888711678185,0.7130137428221176,0.6097439858750827,,,0.8918843777965056,,,,,,0.7691921474117588,0.6662651167884354,,0.622292833848984,,0.4895888711678185,,0.9405208941698817,0.9910181998543791,,0.8421373580303376,0.8209896301492995,,917d7fdbcba14ad98f4155259ad4945453a4e76aecab144bfdfd515d95e55343,ef3653ad7186e447e51f20d8a071847cfab4d31d30567977a105bb93a6e226d0,104e923b1b940fe6cdb569e3b692f257721af28667428aba78a10fbd2fba24b0
sunny-mainline-cab-view/0136,sunny-mainline-cab-view,train,53323,34255,34377,1946106,87700,87578,0.4372350457135829,0.60886295645025,0.6080159635119726,,,0.7018153592257451,,,,,0.0,0.589230108450553,0.7275972233178196,,0.6900667703283637,,0.4372350457135829,0.8660618176226357,0.9627975041490026,0.9722309747674623,,0.7930730278596256,0.797680933250384,,23d8b5534877bd891ce5b404ae30036f3fd3a3f9769fc5d17235cd727642067e,79c1982f49ada9c405b84125d26d3248d5d79d06d6bc5cb458d82e04d838eb1d,e6aad8a7969c0073ebd9345cbe1660eedffb3b359f5cd5c607c96adc133fef31
sunny-mainline-cab-view/0137,sunny-mainline-cab-view,train,1707,3443,22664,2040412,24371,5150,0.06137197094988135,0.3314563106796117,0.07004226334577981,,,0.837855010609857,,,,,0.0,0.0,0.7835978040159435,,0.49128570125011406,,0.06137197094988135,0.43760506918401654,0.9532629664923797,0.9653823091355732,,0.7934868248271032,0.8681477185976862,0.0,a171edd02bf21b2bc889ac8ed17fe30fc47d76defd59a637e236ddadf0c76f27,6f160ebe16131fde736faa1b907b2b9193af1e3c3ecb7fbcc5d577bc8750144d,4092e0a4f6fecf0fed9c864169d72483aed0763f721e9635407313438b4b55b4
sunny-mainline-cab-view/0138,sunny-mainline-cab-view,train,6518,9226,418,2052069,6936,15744,0.4032916718227942,0.4139989837398374,0.9397347174163783,,,0.9145345638255302,0.0,,,0.0,0.522163367716755,0.8571814845812142,0.5805143636757749,,0.49238975817923186,,0.4032916718227942,0.8924003871684584,0.9246140594977804,0.9860440182717355,,0.858109859283765,0.9503637604112486,,461bdcfd80571cea432e10e0947270b1a03bad21b5efa4efc325d700d1107bed,50f45cb9d7c36f7e9ad713cde316882219c82f7d0791f0d0e907e65ccc5286eb,bfa03e9ce4d4efaaa88bc4ba2b42bd7b4bc28c9ac2c7327aecc52d15fb9f6d50
sunny-mainline-cab-view/0139,sunny-mainline-cab-view,train,14156,4790,13714,2035670,27870,18946,0.43343539497856703,0.7471761849466906,0.5079296734840331,,0.5687012840305757,0.7231167183305227,0.23031727379553465,,,0.9178537511870846,0.0,0.0,0.6566475143642269,0.0,0.6526790143872995,,0.43343539497856703,0.0,0.9173730012334922,0.9816922152030491,,0.8167482831560952,0.649782906027789,,ea793969cdff22d7aeff4460d14cafa8007c32c5650e6cd3586775c958a0754c,9ffd1fbd5a02985f044eebd2c5f1c76c095bee6781c959b4c6742485ddd6b778,ef57be11b3c75a2872dd00f43e0144419ad4eb9060cc3a7bf671cf7a406a2b2e
sunny-mainline-cab-view/0140,sunny-mainline-cab-view,train,539,0,22972,2030475,23511,539,0.02292543915613968,1.0,0.02292543915613968,,,0.910608917072693,,,,,,0.35087446560435287,0.46126699948356,,0.5533554659710694,,0.02292543915613968,,0.9424677234230081,0.9798842880923833,,0.8342139405449109,0.889753306854207,,3a5fae521d4841d641c0b0953b4733aa8f8734d7fd9997403022f033352a935e,bec802af770693ccb921ee7235635fe5fd724eaa5b1d6e1f6746af21fd9112cd,37a5192e5918181b51c34d09501c720635ad8eb1b5a36c210fbef9c251a71a7e
sunny-mainline-cab-view/0141,sunny-mainline-cab-view,train,4676,5374,19448,2031681,24124,10050,0.15851922164214524,0.465273631840796,0.19383186867849445,,,0.9063146812150796,,,,,0.0,0.20947741364038971,0.0,0.0,0.8130732949448769,,0.15851922164214524,0.40874543319415446,0.8866021203241392,0.9200051700536394,,0.8609631515643793,0.8520339619806147,,2ab1618bf2232f7953374c7ff9fd6dbb5957a1d11d887a1004faeb1f3bfa8241,97b17a45f269102384f6109c04c9d6b8bf8782c9ed75e154169d5296a043ea20,626d0e6f1bd22576d701a709af11dfa09ada65952ba5dae11b393c3de9be1ee0
sunny-mainline-cab-view/0142,sunny-mainline-cab-view,train,22737,15346,6530,2023394,29267,38083,0.5096496536883868,0.597038048473072,0.7768818122800424,,,0.9457194688151634,,,,,0.0,0.5522090047526645,0.46772499737459305,,0.426268271711092,0.0,0.5096496536883868,0.0,0.9398582538563289,0.9892767984332278,,0.8728000604275248,0.8442014258715885,0.0,f9d4c3db5d27a80539d7e059e63c85bbda048e2f6d73d48e3b0e6d2541a023d4,ecd3fb29f78f54f484c4e6ff39b9f5010a4ff9510a0ca54c9e0fcee6ada30585,3656d65da6c446ad7aa215459ec9cd341b3249e7367eb81b6669bcfbe658147f
sunny-mainline-cab-view/0143,sunny-mainline-cab-view,train,37292,19848,7052,2004029,44344,57140,0.580944666001994,0.6526426321316066,0.8409705935414036,,,0.8544750249654935,0.0006542789845590159,,0.0,,0.645798340713595,0.0,0.6936043554997158,0.0,0.38164684765537354,,0.580944666001994,0.6539763495215742,0.8563632583500645,0.9907272922886575,,0.8653596999659052,0.8484695586887814,,4437f8bc5b8248f9f54a530115e7dbcc3ace4af83f6e7e7505c28bd61deecdb4,5633b96990c8cacdbca53cbc8c942d05e63f5e2d839d47c6d0409a38e1392cfe,3beaf415280141ae9c3540de39471bd44afe2a96a19ae890f5955d4984909651
sunny-mainline-cab-view/0144,sunny-mainline-cab-view,train,0,1609,9669,2056758,9669,1609,0.0,0.0,0.0,,,0.8256305210600435,,,,,,,0.06878522441773613,,0.5255347456759799,0.449685534591195,0.0,0.3605900272566939,0.9396854966330367,0.9479624825230638,,0.7784323770491803,0.854771337524761,,f6b634ec6548b8bf98554aa0ac61f40eb22ae85f7e7ae26d084ddb9500ae7e5d,7f8b37a8c257a86c7ca870dd1ce5018c32c9ed888de4dc3afc7b590ae25fb898,27adb6c4d94b2a6be02816a6c2bdb6efe132139b43f9a631c2717ea14c504a2b
sunny-mainline-cab-view/0145,sunny-mainline-cab-view,train,21336,8918,868,2037017,22204,30254,0.6855600539811066,0.7052290606200833,0.9609079445145019,,,0.9260691342918324,0.0,,,,0.0,0.7545454545454545,0.908818295332763,,0.0,,0.6855600539811066,0.8888700947225981,0.8938563272708695,0.9850445476573229,,0.84568563605417,0.842784319417998,,fcdb2f1d198ca40299c924da55b12732604c2030a0db21c6f4a86b3b5c804d35,20c74d76997181bbbf1ecde190ab83a62b8b818f8a40955abbde22b23f85c59b,9ee653633505ff0ea218b000332d3ac847d225f985a42ae3a73eeebd693fe21c
sunny-mainline-cab-view/0146,sunny-mainline-cab-view,train,27752,21571,15121,2003513,42873,49323,0.4306374526720874,0.5626583946637471,0.6473071630163506,,,0.76824528666109,,,,,,0.0,,0.0,0.5611881188118812,,0.4306374526720874,,0.9397832997024903,0.9449263997628986,,0.794179159282852,0.8032863132080258,0.0,144ac7ace9587dad2bd7d7909441c0b2eb1b7a5fd5d975855c31e6f54006cc89,14b653b227e8c3d3a8b942968a57b177faaf75fb68a3e71ae071e6286eda5cde,4e6a4d2eb99c4fe5cde1c19d35a29bf0900edbe1421f9d17b9cb1d241498a482
sunny-mainline-cab-view/0147,sunny-mainline-cab-view,train,0,0,6051,2055280,6051,0,0.0,,0.0,,,0.919495148730461,0.0,,,,,0.5977607864554888,0.8241674884320717,,0.6307380738073808,,0.0,,0.9698903008200472,0.9659940602290769,,0.7295939920206524,0.8454621190722221,,6cf388fea166cff5c1481f523509bf3d72656e5aede0964f0ec6b15e88adea19,692808c9fd7ae6179769e38738eb5f38b5dfd78c857fdca542786e3cce1a19ce,5275be357245a816ae85fbe139120075731ba35d1178db83ceb0b91435278138
sunny-mainline-cab-view/0148,sunny-mainline-cab-view,train,22059,18456,8896,1994364,30955,40515,0.44643905203294815,0.5444650129581636,0.7126150864157648,,,0.8333299646286003,0.6611226611226612,,,0.8092105263157895,0.0,0.0,0.9349490319383017,0.0,0.5443671766342142,,0.44643905203294815,0.0,0.9197835185201299,0.9815411875115851,,0.8375349673637938,0.881140667247857,,d859eb4079cd5f05a69e1a52ca314157548f99524569888aa31aa39194c4c163,3f6263d12602f503c9afd8899de5bf72117310b14c1df89f7ca3507e4df9258a,69725a65cfac379cff9056f267da366c429d4c25da9cb0543d01c3aa8f477a6e
sunny-mainline-cab-view/0149,sunny-mainline-cab-view,train,1638,580,8976,2045934,10614,2218,0.14632839020904057,0.7385031559963932,0.15432447710570943,,,0.8836346357142094,0.39002551148016606,,,0.034722222222222224,0.2945130813953488,0.21487863161866433,0.7531501393866985,,0.7020139677069267,,0.14632839020904057,0.2837162837162837,0.7892440663403516,0.968790299559762,,0.792254553987856,0.824767115363758,,0f14ff36a7fdb27af6f7ec8cb353e753e159bb3b77aab52a80b13fe6937791bc,f956580152828b020215fbf2c78a840a5b4b68ad7e56c3e41bf4fea9766fcbe0,607317c3ed53f5e4b82a062d98f6327376533b75a687f65ecd6da2201a698eda
sunny-mainline-cab-view/0150,sunny-mainline-cab-view,train,8268,3031,1350,1995921,9618,11299,0.6536485097636177,0.7317461722276307,0.859638178415471,,0.015854374633000587,0.8281202667944461,0.0144253140995812,,,0.49890829694323147,0.0013854253255749516,0.6195608980727201,0.8061616308618894,,0.6067575632373869,0.0,0.6536485097636177,0.7474253627485388,0.788338962293937,0.9926233603256478,,0.7244143606078705,0.7392729810315295,,d4d60368183c52383216b6039fb814147d7720ff8a5ea3c97e9222f8f0eb8937,ea19db3c93ddb0c57d8a40d4882b76fc921b3e7ef2c036f491aeeeed322a8ba8,1976a62daabcf3077040234fb061f4c218b8152ea536a62228df87c8b7db2eef
sunny-mainline-cab-view/0151,sunny-mainline-cab-view,train,4294,23427,19544,2018722,23838,27721,0.09084946577805987,0.1549006168608636,0.18013256145649803,,,0.8180111673063357,0.5006857603872529,,,0.0,0.0,0.0,0.7886781170060795,,0.3678026683653608,,0.09084946577805987,0.6358172877932484,0.6939596045598599,0.9878220586894728,,0.837352385085082,0.787915981755043,,4b1751c125ecc67afaa53eb1d7655c7a5ec051098de588dcb48ea4bc9cd3c5fc,1ab5b3a734f95118a4f540fd1aa10298673d5e4910ab7f3050c63f27f8d9a24b,daf7f729792c1b6b2b33795c54210a855ad6f4eb21cfd1e2f322cbd643598c7b
sunny-mainline-cab-view/0152,sunny-mainline-cab-view,train,7808,4433,4900,2042438,12708,12241,0.4555160142348754,0.6378563842823298,0.6144161158325464,,,0.8520392495210798,0.10456454015982664,,,0.3897324656543745,0.0,0.45599637783688945,0.8267919592582629,0.0,0.7261409475599145,,0.4555160142348754,0.8102895265791387,0.8225407810182896,0.9802946849608489,,0.8236284889316651,0.7950580841502541,,7c244faef1d58c7c544581c4aaad579ceaddaf9f4f8593f1c642198319e0f064,57425f7fe572f2d8c613752e0aa310cac5a68f17926ddb24529c7254a7030148,2660917b28ee94a09a855146c7a0f497eeffe9fbd7ce9ecefe38c1d9787ee216
sunny-mainline-cab-view/0153,sunny-mainline-cab-view,train,19399,18925,2016,2026397,21415,38324,0.4808874566187407,0.5061841143930697,0.9058603782395517,,,0.8786471511385837,,,,,,0.5178195115904302,0.0,,0.8726650911239376,,0.4808874566187407,0.9297557817501708,0.968912840339547,0.9900997311115605,,0.8676830751763848,0.9325011845050403,,8a9db76dfcf9155f0dfba13eb33441d81632dfa0d872dd599c6a9a249961a009,05a5851a91ad31d3a2d1b4e3dda4c9fb4c997e5bb7d94639cfcf404ebbcfe4e3,c2f939cb97f80b088574c99178685d3560cb59e95012eaff3f98f8e04c75bf97
sunny-mainline-cab-view/0154,sunny-mainline-cab-view,train,14895,19620,1521,1967754,16416,34515,0.41333666333666336,0.4315514993481095,0.9073464912280702,,,0.8973028795052662,,,,,0.0,0.0,,,0.43567652242020755,,0.41333666333666336,,0.958191074554134,0.9953906016162826,,0.8932089760191454,0.8791088580576307,,6ba5f4dc3a08179c05592eb64e30da7a3ab0f61eb7a134091c4cb022c307f8ce,73a89e97a564e8790df1b2ef5cc6b4b1abecd82ba42528df33db4e2887c0a69e,aa9f75705ec16812b15222c3e258357ebc925325ee1e1271d09f3a90bcd2887b
sunny-mainline-cab-view/0155,sunny-mainline-cab-view,train,4609,6730,355,2048929,4964,11339,0.39413374380023947,0.4064732339712497,0.9284850926672039,,,0.9332852823289501,,,0.0,,0.0,0.00018691588785046728,0.7111843913162957,,0.41808361672334465,,0.39413374380023947,0.3513824884792627,0.959245819819075,0.9793047005936438,,0.8405232484479919,0.9126410466067049,,06a90f5ff240f94f7308b963ae697e96d8e7f41f7c690b41c58516e490c044e0,3520046f77397809711aadef6d4851348e6ef6dfa7e4d4acffde40d4a08d976e,5654ee790e5b127b5740f88dee2885a5d4342b313cf935065d01c560b8601f7a
sunny-mainline-cab-view/0156,sunny-mainline-cab-view,train,7987,3033,1885,2047455,9872,11020,0.618907400232468,0.7247731397459165,0.8090559157212318,,,0.9477835747834384,,,0.0,0.0,0.0,0.6362546506821001,0.0,,0.6316160903316866,,0.618907400232468,,0.9628576050524706,0.9781175575261579,,0.8759708240780125,0.9131639653674466,,2a9b7f9f2e664a6492b210e6af5c8b3238a3d01e1f1d4f0c3506e92519ad0942,407421d1c13fc9a5c28ada48397820d63763e5bbd52ba90e03022634e21f2fbc,95610f6511b78a065bd84cf239246d63faee984d29295bc2b08ab871e617c9e9
sunny-mainline-cab-view/0157,sunny-mainline-cab-view,train,21898,32076,1639,2012559,23537,53974,0.3937568554115045,0.4057138622299626,0.9303649573012703,,,0.8808822630903648,,,,0.0,0.0,0.06496544111849886,0.5672426746806912,,0.6051168757126568,,0.3937568554115045,,0.9356489015351048,0.9908209466314936,,0.8664474238974619,0.8602959402110639,,8e5da439095b7bf529ca9afbcfc297a86c96a3820aab657ef461687e06417c1a,9981e1d1ae142c1e9738d94cae092b732bd369db06694bee51a34ebb4e3fc179,522564936631d37aa30e89816acf643f075a23495dcc4d324fb99bff3eafe1ff
sunny-mainline-cab-view/0158,sunny-mainline-cab-view,train,4389,2057,695,2061037,5084,6446,0.6146198011482985,0.6808873720136519,0.8632966168371361,,,0.9763768305284036,,,,0.11924528301886793,0.24686126804770872,0.31695117973252146,0.470213319458897,,0.4445499630684816,,0.6146198011482985,,0.5853721240771722,0.7272032958559458,,0.8906023131227156,0.9273906521730748,,e6a650c2b434f3111eccf6b5f78e578afe4a7a00834675380b1cee62d761869d,07015ed660b2b8ea64300203f1815f3802c8e66a3db06436fb5305d647e31263,e26a6b70d16cf9460fe3be0394ef986bb64bacf8ab2acf352a10d1a6070d86b0
sunny-mainline-cab-view/0159,sunny-mainline-cab-view,train,18517,5021,10842,2033729,29359,23538,0.5385980221058755,0.7866853598436571,0.6307094928301372,,,0.9286948406542822,,,,,0.3340732519422864,0.37489040855689987,0.3231387227826722,,0.4894545454545455,,0.5385980221058755,0.0,0.937056661925083,0.9924395654023718,,0.8998893063196028,0.9006070847648151,,0857b1a64422a748f3a1acbe2298b756354dc4e916a3e35065e7c7c8aa443cfa,d11d1839c3df1fc963b3d4a7d2fad7dd497deb84c04b0fae9ac7612d46bf2393,27bfa30468c1347ed4818560a7ce71c7adedb8292b680d35b5d1ccf381f379f8
sunny-mainline-cab-view/0160,sunny-mainline-cab-view,train,21265,14650,1703,2030684,22968,35915,0.5652878940932532,0.5920924404844773,0.9258533611981887,,,0.9186907536664771,,,,,,0.5786002433245822,,,0.6124614197530864,,0.5652878940932532,,0.9681638141972602,0.9875302361113368,,0.898507804574757,0.9141600048176084,,3f99be5f7928e5a01c3e2e0da7c216742c167125a2f4df4f9eda959f3e86453c,3a16390f7fe8b99976e346e04b3a49000f78f09ada1595a248415368e11aedf5,45c912ae35c141b0684dbf570efee63c1a9669a1184382f5d05b3c2fcee42184
sunny-mainline-cab-view/0161,sunny-mainline-cab-view,train,22145,9494,5553,2030927,27698,31639,0.5954237470423747,0.699927304908499,0.7995162105567188,,,0.9101529208366815,,,,,0.8536308723061908,0.5475451112043642,0.8282853127196065,,0.6049989318521684,,0.5954237470423747,,0.9327684223354912,0.9929847454751869,,0.8473563569682152,0.8962343193613703,,016395879116dde76f1eddcc264a67c3d1fb136d9a0f2d92b33ab41044c4e774,d23f8db4f6d3d5ebf380883116bb37266ab923f0b3242a26533b21ff6567c406,8438d3f76b159d2f7954c5f81b7c587bce4e189b70241c57a637443c54870d89
sunny-mainline-cab-view/0162,sunny-mainline-cab-view,train,23835,8487,3435,2029388,27270,32322,0.6665827670106552,0.7374234267681455,0.8740374037403741,,,0.9171137050243522,,,,,0.9364256144292772,0.6743810848400557,0.36110210696920586,,0.811951305162121,,0.6665827670106552,0.35517568850902187,0.9383086209069973,0.9879091249497142,,0.8640279394644936,0.9078139179084889,,9a198f581ccbd0527724f15f9a3cece6e5832854e77e259dffc5bd5a429ff05c,0f13810f4e07bcb4e31d23ae621fe1f2f1ba5df5bd7d2a28ccf1edc7b7b90c12,1b793b7dbcdd2ddca3dbb0aaef4d19bb598a5680fa42a5ebe64db9ad0a3370fb
sunny-mainline-cab-view/0163,sunny-mainline-cab-view,train,51360,13927,8775,1993903,60135,65287,0.6934730361048851,0.7866803498399375,0.854078323771514,,,0.8832161197099959,,,,,0.9381157897725659,0.7930890177557243,0.36371910663025975,0.0,0.6750592606829393,,0.6934730361048851,0.0,0.9490951479106444,0.99325192342914,,0.8539825752643165,0.8845518536270405,,53c1f0e23c023af87bca8d7c925f1118fa6e03bf34b314ab0e901d159fd525b9,0dcf0e9793f56137c43c73198bc407fb3d307128f3264ea267e08b830d3a3e6c,2c0fc497fb8a4de78d9aec8108566715c6d9822da7760610512046eeccae50c4
sunny-mainline-cab-view/0164,sunny-mainline-cab-view,train,35295,10516,1798,2020568,37093,45811,0.7413514251507068,0.7704481456418764,0.9515272423368291,,0.0,0.9138315561655406,,,,,0.9115765422696116,0.1738023044269254,0.8112398632934943,,0.4911861368389603,,0.7413514251507068,0.7739089439655172,0.9582171521556729,0.9941798609841107,,0.8431649978232477,0.9343938638418285,,dc2322339b57aed5805465301755b9054b87fba047b608e05ae4dcf959232006,595424faa77d35db1f99a37b4f55a72e40170bff8e5dfdb3ab73ae65e3e2479a,36cc3563f77829e5fa8c1465e85fee1b76623cc558a5a58d64c19cc0ec4a6ce8
sunny-mainline-cab-view/0165,sunny-mainline-cab-view,train,17910,4383,9507,2036250,27417,22293,0.5632075471698114,0.803391199031086,0.6532443374548638,,0.0,0.9196506925394751,,,0.0,,0.9263970444681394,0.36939736346516006,0.6647689743025195,,0.7183372641509433,,0.5632075471698114,0.6084938827169174,0.9307862275247102,0.9943980558737642,,0.8489924664665891,0.8984764261574544,,ed03205def575f68a08e90b5040e492f111657b011c4a09ea8773bfee95ae4f8,48f2d8f29663c715443a61887d3de406b2141c0cd0635bc8d985d53ed8a38d72,9977c7ad16111783b122b444baf27d6e66360950212380082a0dfc012634b899
sunny-mainline-cab-view/0166,sunny-mainline-cab-view,train,21112,13058,733,2033117,21845,34170,0.6048763716585966,0.6178519168861575,0.9664454108491646,,,0.9335345324972578,,,,,,0.6398526615969582,,,0.6675065322881673,,0.6048763716585966,,0.9451707469029699,0.9869306444685333,,0.869660642136242,0.8341163532784077,,4cb25bc7ad809534409bf310ce0bd9621415dfebdaa38bfbacf278916ddd0f64,6efebaf42ad436d141650e14308bf18e2389d3ec7ed42dbb736ae5b5f6d3a70d,8e1dc319e06cb83f9646f4c8c97f9f3a39d186f6395ccbdf7817047ef7770562
sunny-mainline-cab-view/0167,sunny-mainline-cab-view,train,5322,2641,337,2056922,5659,7963,0.6412048192771085,0.6683410774833606,0.9404488425516876,,,0.9591238142785822,,,,,0.8360571428571428,0.8500735807827806,0.9229504828436409,,0.0,,0.6412048192771085,0.6442799334985414,0.9025335979204605,0.9896569472834141,,0.8425491439441979,0.8812757537802465,,ea08f07ca095ed6d035d6f14b8548f69a14bf8d6b49efbbdddf5179bf9ef3009,b5e44b4d05c9f941f3f50ad3195bd2b3c67bdab306fccddeab16a0e824382b20,5774df9c76376168fe58d23201e63f5a1a51527f44d9b155c6a72a4657e94916
sunny-mainline-cab-view/0168,sunny-mainline-cab-view,train,20899,3045,4285,2039838,25184,23944,0.7403379503347621,0.8728282659538924,0.8298522871664549,,,0.9343618969061858,,,,,0.8048809439023811,,0.810740194270257,,0.5225493591963977,,0.7403379503347621,,0.9443890799000666,0.9909314165594467,,0.8315270306938437,0.8735558901247465,,72b8f6a32917f9b4cd7edbfc8b38900c94a094dd308a81ee17ec8c715bf8a875,adeae42b66b6f80ff7ded176032da0f049d5158fb43d05363602b068574857d5,234d9228fde5ea067276d48563a93568e755557713b6cde241829f963886c3f4
sunny-mainline-cab-view/0169,sunny-mainline-cab-view,train,4387,2163,1375,2060102,5762,6550,0.5535646687697161,0.6697709923664122,0.7613675807011454,,,0.9574972395173925,,,,,0.8343231703979419,,0.883174007389596,,0.5140518417462483,,0.5535646687697161,0.0,0.9514576387344056,0.9900730913992901,,0.8476223977487128,0.9250682905066412,,e50a126b8e9d96524472935c0169644a3000d548dd10622d7dd7837f28b262f3,1fabbee7225ef01c83c8f9d87a5e21012dbd0cd0e092aae0b3f85cc885236dfa,a9aa3a2da7b523bf9ea3d3bdf92ba1a7ab46d4652cfd404138c37ecea70a85e1
sunny-mainline-cab-view/0170,sunny-mainline-cab-view,train,6110,1099,3130,2057866,9240,7209,0.5909662443176322,0.847551671521709,0.6612554112554112,,,0.9479265402843602,,,,,0.9068255857661948,0.16347783967062243,0.8475339790808731,,0.44815220639505926,,0.5909662443176322,,0.9607518802637062,0.9900377822484046,,0.8651101011394188,0.9392840389004742,,3f433ab98d445e66fbd4c3879168f0ff099bfa2f2a0555a496a23ef041827ef6,2432eb316800d123f6938e33fc85795b3d6c60ffa520a0ea9203c0121e31584d,865884be6bf15708c50960b9c9970e371c00d499792794a188b55ad391b18860
sunny-mainline-cab-view/0171,sunny-mainline-cab-view,train,25209,21794,188,2014277,25397,47003,0.5341908414740099,0.53632746845946,0.9925975508918377,,,0.8825240370474466,,,,,,0.0,,,0.8111906137505,,0.5341908414740099,,0.9566500577917649,0.9621778730722776,,0.8415455512229706,0.8837309399883627,,f0f37b4a43e03c4b5aef2ec2723b33d29fdeb183e0247dc20cc38fd51708b6d4,e8e0d147bf6775475813b28df3bf64d5faa50955a9846c2f56a541b5e2252767,5e15406f79f2d5b1126886ad45373107929d0cc7d1516bcf10947d9f7e8f6cc3
sunny-mainline-cab-view/0172,sunny-mainline-cab-view,train,0,19842,0,2043295,0,19842,0.0,0.0,,,0.0,0.8843123560614369,0.0,,,0.08082191780821918,,0.0,0.8408815310802974,,0.5500889811656533,,0.0,0.0,0.8834378700332084,0.9495009253360032,,0.7085102632717484,0.8354343994665682,,9d1f242981192b866b8c78b235337b3fcd78c0dbb947afbb3861211b73247352,c9cc1d7969f031b1ba1caed9230b1e99f67407a3ccf18ad66582f8d9f85d7a54,fbbe6902fe7a5aab92b27f0f0966ef239728d4766ab3c3f1b60db0823d42a431
sunny-mainline-cab-view/0179,sunny-mainline-cab-view,train,0,0,0,2070979,0,0,,,,0.7394576392254905,0.0,0.9395795863309353,,0.0,0.6035388990891745,,0.0,0.824175514885413,0.7400648161977971,,0.5504843097503076,,,0.1853836337255039,0.8098659972282092,0.9259720366949677,,0.7045944243710014,0.849726199871082,,2980bdd5ac578120cb35ad4b8b8f5798eb1663f505b1d628312365558c8e6637,0a9409b2e919a722e20a573aade797666e16f212e11504e1bba1fad37db8571f,105927b7a1bd9bc0d47332dfb3ef79fed9884b0390cc574458bbc85dc17c8b6e
sunny-mainline-cab-view/0180,sunny-mainline-cab-view,train,0,20238,0,2053301,0,20238,0.0,0.0,,,0.0,0.0,,,0.7717661201324294,,0.0,,0.6606002219941779,,0.33545188763188,,0.0,0.7767712167632819,0.8486114992146925,0.9788374770847816,,0.7694644101646608,0.5904516538116046,,11d2b9c079ad57dd8e7e64839160cd7b1d1b689d42720e385bbae214ae1ce4e2,d03eedc21174cd47abea991f73f6f1990f52f4dc95c05ca152a8ebc1c4f8dbbd,6a394f1a2ebd5c8a84b2f13e28c970209fbc33ce45e3823b0ecb05a6fc46e9c2
sunny-mainline-cab-view/0181,sunny-mainline-cab-view,train,0,0,0,2073600,0,0,,,,,0.9513730845091792,0.9682816476576491,,0.0,,,0.0,0.0,0.02830188679245283,,0.4783759929390997,,,,0.9810881763649594,0.9929742418030738,,0.7869725738396625,0.9308392465727978,,961d4dc340edb778535bf1a91b174154c09e8c3bf2814a05efe15d66cfa809cb,f7acffee97a0d29fb4655547c1884e20e9bd9972cc8706da96cdee1e26eb908f,8d2b5ac2ff300cd89e06a990059f240c21e1a194b769605805d336349a3209eb
sunny-mainline-cab-view/0182,sunny-mainline-cab-view,train,0,0,0,2070136,0,0,,,,0.5186607838048274,,0.8967244412029688,0.0,,,0.0,,0.649732223472808,0.8325433979452401,,0.0,,,0.0,0.48371939658725577,0.026777504226856107,,0.5881781107738998,0.7577581151031441,,2b635f17ddb2ba61b77fdcac0499ec5c3d70dea1323a289937212955ea815653,4ceaeb2102494da778ecf94d2ac615d63cfe08ae62aaef2a6796fec50fb8bb6f,c82dac9261f1b6ec2b4b26a41a07594553a4127a43b51d0f297311a772682062
sunny-mainline-cab-view/0184,sunny-mainline-cab-view,train,0,0,0,2070348,0,0,,,,,0.13545546901456146,0.8528033161502896,,0.0,,0.0,0.0,0.8816563578147212,0.8641611456986923,,0.6135208093091519,,,0.3820254669974779,0.6548662557258383,0.9719198678582017,,0.751156594539759,0.8879830043178966,,fce720c8ba60a17547f87e487d475b7dfc8130e8e3f6de1eb655de80095dd9d4,cfb308f1843883bcd1f15e0bb17c380c182c15635fad7bdad3e92fd028097a16,9dc1f2fcab3b344bc6a457bf15666679671e6fcbc2da59d543edba26ea6d63f7
sunny-mountain-stations/0228,sunny-mountain-stations,train,0,0,0,2073600,0,0,,,,0.8126429509951822,,0.933097116645723,,,0.8696729068092985,0.2794167514411665,0.7859157923212181,0.8885944828372608,0.6604776285697531,,0.7163327562041388,,,0.04717554160761288,0.8133248657698747,0.9861677602411775,,0.7485849137267644,0.9237045203969129,,8fb67a7950262b0a2133f19fd631fd9df52f83e1660f0a811abf3e9d0982f269,f4c0dfc2948c51f179a4a80f4d4b7d2a14b8c5ced33c320220f787477a45e6d3,6de233619ff1c3a98b59afa80e77ebccc008c9345a030c3c08ac876ecf40a001
sunny-mountain-stations/0229,sunny-mountain-stations,train,0,0,0,2070011,0,0,,,,,0.5136034732272069,0.9644876011896555,0.0,0.0,,0.38472079479273724,0.5858861930828758,0.8606267095865824,0.7963829714010393,,0.5327696744029788,0.05,,0.5858667081690531,0.6848889498038755,0.9853894467658654,,0.7848737938611005,0.9334262070112695,,0354800bf80455fa7680958e010518b436ea155dca8b0abbc8d1e10092f0661b,fc908e7e08e5cc665f4c59c11eadf28fcdf161bd566dd5bc31ca5349d4ad036e,d8a0534eeb1d6378a594d3f241fc48b968d609135767aa7959fde486b90083c3
sunny-mountain-stations/0230,sunny-mountain-stations,train,0,22889,0,2007353,0,22889,0.0,0.0,,,0.2589917717652977,0.7979356099236723,0.0,,0.7281189398836457,,0.49452151630290714,0.0,0.4146625467186204,0.3930736181231646,0.5424775623682198,,0.0,0.37533353930848523,0.7909418739685838,0.9739673714771613,0.135126582278481,0.7137174353907753,0.6529701696014033,0.0,505099662669780df8408d783f6869cfd7b572910896d2c7b6f0e27c7432cffb,0f54a1615827a6cc63096a9eaf5bd58b3ed9758a76361bcee72da0187c106f17,f767e9e4b537ac43750c4d9d5f5624a8ed90acd3e43110d1356cdaebfb845c43
sunny-mountain-stations/0243,sunny-mountain-stations,train,0,7,0,2073284,0,7,0.0,0.0,,0.0,0.0,0.9613589531340813,,,0.9531941203748003,,0.0,0.0,0.0,,0.36425339366515835,0.2657728706624606,0.0,,0.9354500879353761,0.9926882434134604,,0.6103859727746345,0.9403737985381239,,d048231d419c08d7176eaceaa89f964709a5a5de28918f80af2d6d5cb56dc892,ac493ba00b218289c9290e59fc10ebc5e73442a5005678ae91222731a9f1a765,11f9d0813e729c47e4a9ab6b289d282a9a0ffec95631f95914dcba820aec7da3
sunny-mountain-stations/0244,sunny-mountain-stations,train,0,0,0,2068950,0,0,,,,0.76984601241094,,0.9419086429436136,0.0,0.0,0.8388123729961616,0.18935392117025598,0.0,0.46258089554117415,0.4536278938452851,,0.6745581860620207,,,0.5729979762937265,0.8807426329456927,0.9890496351680029,,0.6492876316332852,0.7379237377205398,,8d1edf47c4a0e099e6bac09702b9eb61358d689387405e5915c4b761311fb755,62634f58072805641c40889959a1644646ac9bf20776fc28c0eb907ebb26db45,33aeae4b6ac514ecc8ab02a9610418ee9d47f92f764881a61728782a509b19b4
sunny-mountain-stations/0245,sunny-mountain-stations,train,0,0,0,2073600,0,0,,,,0.7440775428689484,,0.8591073461880153,,0.0,0.06136616068122917,0.0,0.6455364581991222,0.1235750686005488,0.8756850370489475,0.5829515479661252,0.37393162393162394,,,0.07344256048771194,0.8965233494390065,0.9942688982256328,0.2726326742976067,0.6519126126857793,0.7132362184926772,,ede5e722aa51b1edf1b7f3550819d1fa7c743d02958fb765bf9233ccf1ea1020,cadf2ab9a2d6547b808e82099b83169aa947fb0617b0d25d7c012f3a84f18477,df89881aa4f28379ee6d5617306d239e720aed1f3e8eb7ddbb41e14eb8b0dc4b
sunny-mountain-stations/0246,sunny-mountain-stations,train,0,26654,0,2034449,0,26654,0.0,0.0,,0.8021196063588191,,0.5243271097476212,0.0,0.0,,,0.0,0.12610773338119488,0.6842601493751387,0.7846902894238572,0.060656189688447756,,0.0,0.7010212430679718,0.8567706204528733,0.9834026040900398,0.1334574798261949,0.7504811621714256,0.6303285582686942,0.0,90a65adbb644d54e42c7e51d5cebfa0b1e554d4d34f442db24481dcd7007c74c,8211f22cbe10bb54834c2a0f57f23d5612d3a7a8d288102d2f5c719f02078527,e3d991457f7abd0180795b1fdab9c8f2e7fda9586fd3730edd3d9db6623e3caf
sunny-mountain-stations/0247,sunny-mountain-stations,train,0,0,0,2073600,0,0,,,,,0.7299766996862919,0.9550812987093635,,,0.0,,0.07813880435849613,0.6715094663387291,0.8216988850070234,,0.33296590241034685,,,0.5235325123388759,0.9519881777102002,0.9924238407474829,,0.8456807596304778,0.9397450892187734,,a442fff38da0ce40c7e735cd036d9ad22fde5c1909107105ed77bd798ca3f872,c5c7e80094cc032a92fa08b0b660de2231a9cddd7643b6d1c2df97dbdb15ba15,f6b65e493f6f2c3e1731bd594759a341d713fca0e6280870a866551ee617e01d
sunny-mountain-stations/0248,sunny-mountain-stations,train,0,0,0,2073600,0,0,,,,0.4323601515489191,,0.9596418319694957,,,0.17882461575122124,,0.007113409265599888,0.35443608550651456,0.8416592386678954,,0.14125740834499806,,,0.4332641654673851,0.4600373031224095,0.9698794450251368,,0.81507295309297,0.9300340158740745,,c489b83cc8d5e13b9e9ee4f588ba23a86a21404337b41cc01afb90627630275f,1828c615b6f7ff9fa65e720ed3534d3325375ddada62df18c96577a26343ed35,7c693816be542e7b13efe1ca5ac14e8ac7fe85bfa66c4cb2495aad07296dab88
sunny-mountain-stations/0249,sunny-mountain-stations,train,0,0,0,2073600,0,0,,,,0.705588287805749,,0.9676025233259719,,,0.9385295497764935,0.4958222222222222,0.0,0.7595511621693829,0.8764352354461089,,0.7013809770412567,,,0.38110729192241594,0.939723578136249,0.9862726180693506,,0.8699029126213592,0.9211053485886219,0.0,408760b135c0da743871d600304812e352ac956549d1987597238245735e8672,459bc06543c1527b8f31f3778f2304eca8cda8b56ce00177d1006117d7a4ed71,d78140c5271b627febf1059c5cdcfe9acf10fd069667fc94ad770ee3c82e70be
sunny-mountain-stations/0250,sunny-mountain-stations,train,0,0,0,2064289,0,0,,,,0.5300175502500083,,0.9853778029018277,,,0.7962553574663339,,,0.8607963092969612,0.7872415564402209,,0.7269923713682843,,,,0.0,0.9812363777775768,,0.8364376678506454,0.6883806750610841,,0956dd0c21f6af0a1387e957effd77c906124754c421ea783a885ae3ce8cf3f2,1a54313fd7aaffafd2aa769b53c139c749f29333937e07fd9220a885589e54d0,3b74f4960da7346cbf9af370c93a2f3a6dc1d943f32575d9287648dafe376c8a
sunny-mountain-stations/0252,sunny-mountain-stations,train,0,0,0,2029299,0,0,,,,0.6118633139909736,0.0,0.855813748401605,,,0.1567408566626094,,,0.8816176238570634,0.8022200077840047,,0.018878493353922547,,,,0.9042187113823457,0.98887530798456,,0.7321840738603578,0.9333720774285842,,1749f26376edb32da712444c9e60186ff4bd29e1fed12a43bf0f659bf8e5a11b,c37061946bca614f0217b26c4987befc27e64f2bc1d0d90685762ea41c67810e,ac912f81ebfb68acaca20b5c978b1e79d1047f61439ffe07ccf0baf115babf20
trackside-maintenance/0000,trackside-maintenance,train,191,11525,98538,1978706,98729,11716,0.0017323634516661526,0.01630249231819734,0.0019345886213777107,,,0.9096444402078071,,,,,,,0.0,,,,0.0017323634516661526,,,,,0.6579169326691426,0.05689576695493855,,e41473adaa20b0dfe8eecc7e6000f550ae13c68770e4946667d4c938e7a89230,608d5152e26531f443e848f1ab03966ce4ec96ab2768c3ee09bd3bac6d538107,6abed8e1f0f2a69fed2d7fdc48fbadd3f6b11a4b1a0f3d9edc4ff4d9d8406556
trackside-maintenance/0021,trackside-maintenance,train,961543,16085,350104,760935,1311647,977628,0.7241996125724167,0.9835469115041713,0.7330806230639799,,,0.0,,,,,,,,,,,0.7241996125724167,,0.9695149332768481,,,0.7497398573771745,0.6115942613854194,,f193c1a096a827f7ac610c2dfa2ef5244731e66842755d4d9a52dae046fadeb1,3cc3a810432c2d42f2e1b1d81348e5530c70ad2520bc91739596cf667ef7070b,4209424918f026242b59bdc2785db332d4e16bbf47d5998ffb2d1adbc9332bdf
trackside-maintenance/0052,trackside-maintenance,train,1152438,35140,25064,876026,1177502,1187578,0.9503530308203081,0.970410364624471,0.9787142612071996,,,0.0,0.0,,,,,,0.0,,,,0.9503530308203081,,0.9159629804769304,,,0.8953371611697156,0.9448659097314034,,efc1a697946924df5b504e34114d2f5a5bdaff8ab191a9dd2c8d978a19525204,d7c67dfa30ada59632dc54a7ee5807a8e61a421646642ee6822c51b526280b84,0bd1d04d83ea4d59e3288a453f29fcaf3cb35fbf1c0b49c844c351fbd34ae4fc
trackside-maintenance/0055,trackside-maintenance,train,1079524,12667,101401,895368,1180925,1092191,0.9044330055831473,0.9884022117010669,0.9141342591612507,0.8420867894552105,,0.0,,,,,,,0.0,,,,0.9044330055831473,,0.9578583765112263,,,0.8625412238915353,0.8638407480197725,,28f3b3d7bec0bf474a3fc09012c7f4ef1b0b5a4e37e51acf00fbc5bea657569b,7b23c5e8ffdcb864899f2b44e3f35d742c5fa4f4a7b41a710d74ec6204039136,80f9bea7bbf6d811373082babf8aeb6471f6b7b0875007193a3ab13f90ceea2a
trackside-maintenance/0056,trackside-maintenance,train,1016252,17151,60306,993509,1076558,1033403,0.9291795166721678,0.9834033769981314,0.943982581523708,0.919262330085606,,0.0,0.0,,,,,,0.0,,,,0.9291795166721678,,0.8864150287006436,,,0.9124636515061687,0.8870376118743205,,ecf8e84d483b920ff62e729b88a34b2e02bc43b25ba2201f33a1d1233e98db4f,71ac374b6a05e5b030909b340d8dfeaf290ad55a7d2193361ea9ad5698cb1afc,48883c53cadccf36d823d60729a52b8712c821e3c629f241b41b8cdfca05d4cb
trackside-maintenance/0057,trackside-maintenance,train,758397,288,50883,1278987,809280,758685,0.9367922151073165,0.9996203958164456,0.9371255931198103,0.8431569612769731,,0.0,0.010484681064791562,,,,,0.0,0.0,,0.0,,0.9367922151073165,,0.9347180511048102,,,0.9046254799200012,0.9572945470821304,,76a244cf235702a8709bcd5845224a9a5785c3cd791a1fc89b4d54cf065746b8,c6a6ea3d247a64e8a78e7264e9e5bf9070735b251f3b1498e53ceeb2d9a5eece,09bd61e43f16c478851942ad83cf3e0d88463a21c0654e3925f62ac07207c9e6
trackside-maintenance/0058,trackside-maintenance,train,1214034,5886,114075,754965,1328109,1219920,0.9100738758391148,0.9951750934487508,0.91410720053851,,,0.0,0.0,,,,,,,,,,0.9100738758391148,,0.8864615591759796,,,0.8150583294918083,0.8866216315441663,,527bd4c6f5b48a8fa052db415d684acdb3dcbf8021025486fa219182ad9059ba,135090e121d0df3d05d16ca027cf3a9280fcb288b8d5e5c4b535ae20858a57bb,864322996a631c488f38cf63585ca23c0137f05ba13165ede10202535e7b8f1a
trackside-maintenance/0059,trackside-maintenance,train,1145077,6647,109130,828077,1254207,1151724,0.9081757285141658,0.9942286520034314,0.9129888447441291,,,0.0,,,,,,,,,,,0.9081757285141658,,0.9545463040837305,,,0.7874141583491975,0.8974474841418785,,8f38d8ecfaf13ea9265b15f72d8c2a5f6320df894c563c0277971f5a71223076,51caf95e4def10813bd0f02b5d94ab8f9ddcf77d3b4125ae347e9e88f0e70034,8ca3840a3baa7c8f2f0cea6ff75d2fd98f48cba2e236c77c9e216a828709a4e8
trackside-maintenance/0060,trackside-maintenance,train,1290196,18718,121979,658067,1412175,1308914,0.9016718930066748,0.9856995952369675,0.9136233115584117,,,0.0,0.0,,,,,,,,,,0.9016718930066748,,0.6374162096282754,,,0.9174177130825975,0.7662403671793343,,af2519b33d6b5f52478d8c41669353834cbc46bda125e944b6f0f559e55e7d51,a1ed253eef60a1b41a1f265e34bb48ebce8b527eb2c22c4dfdfd0244558ab6a4,12777458051ea604a780be4b31651bbe21ab06aca220a4631ce3527f8092c3e7
trackside-maintenance/0061,trackside-maintenance,train,1655519,18676,13236,401529,1668755,1674195,0.9810884119113611,0.9888447880921876,0.9920683383720199,,,,,,,,,,,,,,0.9810884119113611,,,,,0.9451064575484097,0.5854339254862003,,8bdf064f89bd89d79af62f1c4461b3024cfa2110a8194ff5044d74f7f592fc74,a2d3dc8b57ca001020539c453fd25cc135c52f4e3a1b7e3782882c0642be1d36,420cb9654fd3b32b1bbc2ca41a8b8482d11edc4f60981ac0175aec69140fcb8b
trackside-maintenance/0062,trackside-maintenance,train,1902287,16274,774,168848,1903061,1918561,0.9911177569314372,0.9915176009519635,0.9995932868152939,,,,,,,,,,0.0,,,,0.9911177569314372,,,,,0.9083860469627251,0.0,,6f1c22c5a26f9c6f9349d1b7472ea93537d6383a9cda356167f51397f8e8f989,8b6b3404dcee61dcef88a2efe10d1c664ce76c5c90f08c90a160e1881b9c7ba9,74ec1cf54ade0cbf1d6cbc024cc966df6f4e7f624b6f285c3f4430108a4e403d
trackside-maintenance/0063,trackside-maintenance,train,1272370,3923,64172,748495,1336542,1276293,0.9492004640180832,0.996926254394563,0.9519865443809472,,,,,,,,,,,,,,0.9492004640180832,,,,,0.9383441848206959,0.9015761734287987,,f25b27c24e3ff91436c5e3877a5df281c4dd826a5c70266f8b58faae4174a2e4,f404f535862173c8b8688fb06460f4e3b4307973ba3453d76a2a74ed1ce29373,8a95e6372d9975edb4c13f8517da0a09aa5cc7bd86295c83f73de5c89992d443
trackside-maintenance/0064,trackside-maintenance,train,282327,64555,99221,1642857,381548,346882,0.6328740223670318,0.8138992510421411,0.739951460890897,,,0.8828044396127399,,,,,,,,,,,0.6328740223670318,,,,,0.8175384264624855,0.002820365293712842,,40ea4a91bdc724c6898236dad7394cdb56c3f9eff92be4c2d3cdc31bac221ba5,8cf27ff8c967f94b6ce773a71a3e75cdd9d3bead6550b3d272103014e8ccae9c,7e4b9b906952c15759aaba594ffed165cc6f73727a23d06b5fa51dbf31c2baac
trackside-maintenance/0065,trackside-maintenance,train,1301523,14868,40217,732352,1341740,1316391,0.9593950500070765,0.9887054834012083,0.9700262345909043,,,,0.0,,,,,,,,,,0.9593950500070765,,0.0,,,0.939189286402836,0.9222942561761791,,f03f57e248aa7907bdc8f6d9dc2d77aa18d6bd0c9408c1035bef8a148a559b79,c6eb3a0619930aa14ed66cc41633d3632df51fbd1eeb2b2d5c2a7d4933429313,c88142934a91d62b096602376e3556d11d8d6414bcc1d5d39ca856704469760c
trackside-maintenance/0066,trackside-maintenance,train,1235046,6452,62966,784496,1298012,1241498,0.9467842730807443,0.994803052441486,0.9514904330622521,,,,0.0,,,,,,,,,,0.9467842730807443,,0.9097733711048158,,,0.9583226188528103,0.8927230796522974,,6223c858287f0677fdc6d3b7cc8038c3ecc2f0d657d409ea0818439bb88d0fa5,d3884b710501411f6f6b15febc4e69affad923b6dee90f38d67b046fdfa35666,f304f1692a27e1fb4da9e14eab7e3fb5c8bde58fc95cf09a69e5c1761c1ccbf5
trackside-maintenance/0067,trackside-maintenance,train,789544,11759,68229,1219428,857773,801303,0.9080102859929249,0.9853251516592351,0.9204579766441704,,,0.4732126858985845,0.0,,0.8706915239540429,,,,,,,,0.9080102859929249,,0.9815073344488129,,,0.9244629781780789,0.8988779477185226,0.0,0500732a4422c6db9e57d541c1a7f0c06c3e10fd30ca7e04d1cb512dcd29b739,31e1a531c8bacd76bd03d1630b16b65d83c1b22e86c7d094e48509567df280d7,69efd8d482004b7b7134ff7fed825e0df5238b3ece09e330ca859015f6286295
trackside-maintenance/0068,trackside-maintenance,train,964258,10983,89843,1023876,1054101,975241,0.9053351660526305,0.9887381683091666,0.9147681294297226,,,0.011701081612586038,0.3230769230769231,,,,,0.0,,,,,0.9053351660526305,,0.9748256182625238,,,0.9434691298929239,0.8755720416204809,,2002370858caebe870952bed7a32a15d4c1e010a5b718f1e3c6e2a619ef1550f,f630baf409c8fa26b7d8c7049cc4ec4ab2d5780809fe481c6ff0414a1752009b,edb3fd3a6c6c93ce23303a22e3d911aa0ee7c5e2940c97472c290a5d8462e88d
trackside-maintenance/0069,trackside-maintenance,train,1777833,99207,29003,182917,1806836,1877040,0.9327349907635872,0.9471471039509014,0.9839481834543921,,,0.0,,,,,,0.0,0.0,,,,0.9327349907635872,,0.0,,,0.9304972656746788,0.6236122027903321,,f29f28360c7637a0569445615e72587d568ec754c219c552470709afefec21c0,9004352091a51ef231b51d3a96e9c590f364538a5c6d5c05d1c1cbd61935bd8f,41b4c9d06509142b25ba38045cfbd0329c6ed29e9406bb4e9acc08c50a0b13f2
trackside-maintenance/0070,trackside-maintenance,train,1865655,29130,9592,184583,1875247,1894785,0.9796668411769308,0.9846262240834712,0.994884940490506,,,,,,,,,,0.0,,,,0.9796668411769308,,,,,0.9435437685658469,0.21321634219906774,,8da8ac7ad697e79d43107c8ebe4903d9b515079f50e3b43f871cbcaca0df5d1e,fc37c78a2230c5c8c971926e1a494ea03d9ff1f1d5ef03a91ddce40348295058,8e7ac696c10cc2a51d989f0ab8ec7976e4da21db812160860f571fe8db47973c
trackside-maintenance/0071,trackside-maintenance,train,1599832,6064,82964,400100,1682796,1605896,0.9472851509302133,0.9962239148736904,0.9506987180858524,,,,,,,,,0.0,0.0,,,,0.9472851509302133,,,,,0.8953991393100962,0.0,,3722b3d81a9495d0186d3ce92ec994c7f10c979ce8ebf1d78a787043f819a9f5,b67b6c1fd6b1b376e5af96480d72e2c49eda9b71209418decad92c770b5024a5,c19673b3bf21b2881a8fcd0bff8b2646eff3a3fd77a5ad71cb7474a3594f9ffe
trackside-maintenance/0072,trackside-maintenance,train,1440517,24262,176214,447967,1616731,1464779,0.8778325075122198,0.9834364091784494,0.8910059867720728,,,,,,,,,0.0,0.0,,,,0.8778325075122198,0.0,,,,0.8268893761955862,,,190287f82f43182bf0e583f603971ce568382ea6cb8bd6655a8483c3dd9de73a,ed7b67bd4cb17da870d4d1c71e483046760415f5abff5f935a882ce1e78f4a58,d3b2627a3b3e73a7817d58e04890d6ea09278b9f2ebc54335f298d4649cebc47
trackside-maintenance/0073,trackside-maintenance,train,1480551,56769,83751,467889,1564302,1537320,0.9133165666402027,0.9630727499804855,0.9464611053364376,,,0.0,,,,,,0.0,0.8056753043725425,,,,0.9133165666402027,,0.31053228703791247,,,0.7898256802511545,0.2858661644542997,,5652f16f45d364803ae0cb7862cfd6866fbbefdeeefdf76929de1dbf58fe7814,776ab1d9d39e30450e3cb98591c31188fa38dda21975a58e3b3269ad48adbff8,956c32a1d5186622b81d44aef86967364d2821cad7c6ac3514b65023288480c6
trackside-maintenance/0074,trackside-maintenance,train,1100138,23965,246153,718704,1346291,1124103,0.8028704125360516,0.978680779252435,0.8171621142828704,0.0,,0.0,,,,,,0.0,0.37538093790814775,,0.0,,0.8028704125360516,,0.37807465435639176,,,0.7179914375086109,0.3723091024001294,,093b845a2d8a639e83ffa1ecf5fde92d921664c2417e66a25b10d3dca8f6d55f,f7283dc707378e69d703aef147373bdcd064cb957f41e1765d75f9806d2293a0,cf2541289e71382252a42f9dab6915c96c5bdac20f84c431f243cc64ddc7c1b4
trackside-maintenance/0075,trackside-maintenance,train,1366620,83399,141258,497683,1507878,1450019,0.8588196775294308,0.9424842019311471,0.9063200073215473,,,0.0,,,,,,0.0,0.8097724103185672,,,,0.8588196775294308,,0.0,,,0.8845029728414868,0.20283938766230486,,03904f8a2512daea1c39d2cbdedf3303eb95dcf456e4adbc73e729eb2d9aca10,718e6fd45e2e42240aee648e4e87a0092a7553e48a752f65433e382eadbfffee,b047fac826b80b440a6112df1db1435533d38f495da2277ec04cf3ce3734c79f
trackside-maintenance/0076,trackside-maintenance,train,1415329,56634,204921,412076,1620250,1471963,0.8440232001736554,0.9615248481109919,0.8735250732911588,,,0.0,,,,,,0.0,0.5553941279275969,,,,0.8440232001736554,,,,,0.6601030211190385,0.0,,2c8539da08f1b6584a3d127fd3a5f5050bdc5350404f6d4739a5e44dc6d6e78b,b0a5d9f1ca8e3700479bb3fd590e0e31fd80eb007671997450e69cea9e96069c,9aea11e3e04bfb532560fd14ec043613b1c56a3369a0976168b2285f808b2fc3
trackside-maintenance/0077,trackside-maintenance,train,1208159,11731,68368,800702,1276527,1219890,0.9378237899551177,0.9903835591733681,0.9464421825781985,,,0.0,0.0,,,,,,,,,,0.9378237899551177,,0.9350071225071225,,,0.9452292491047186,0.8835651197443151,,845a1cf210437b2039d48232df6099976b3cbf2a66266f2948cd84e0e8dd1a89,db1147ad0f9aa22d2101b8b087ce2dcca15710e76e651244fdb30f75aeb1348f,9100365b91b0f16607f5b94a05b8980c5ba82431c07022d29bb3144c61ec8391
trackside-maintenance/0078,trackside-maintenance,train,1230123,14321,66609,777907,1296732,1244444,0.9382709928584123,0.9884920494614462,0.948633179407927,,,,0.0,,,,,,,,,,0.9382709928584123,,0.8889954191967615,,,0.9241844759525242,0.8931368415569363,,9072ecd1d6bd9a6ade7bbf9d4ebfe4912556baadda2bae4e1a66249b89915dc1,5ee5a7b2559e29f59042063b25e69d22cc7635dcfb1ccedb12ca183a2172add3,2a780745d9bbd612f1ea3e93b3d0cec2e056f01657062f4707e3685c18d17e53
trackside-maintenance/0079,trackside-maintenance,train,1220277,20076,96373,752234,1316650,1240353,0.9128849143354734,0.9838142851268953,0.9268043899289864,,,,0.0,,,,,,,,,,0.9128849143354734,,0.9408200482381317,,,0.9245654921672211,0.8143838940337609,,7245d072113222a13b028579251a425ef833a8850f977f01ffb13f42c5569754,196f7161bb9ef2af0e3ea14b4f939200a99ce0ea7a60d5039b4f22522718c58a,f73b8ea45c3eb2c1c623413ba54ac219914c8d14972b1ec1fc30ffc5cd330445
trackside-maintenance/0080,trackside-maintenance,train,1044978,21332,152697,869953,1197675,1066310,0.8572370790323599,0.9799945606812278,0.8725054793662722,,,0.0,0.0,,,,,,,,,,0.8572370790323599,,0.9086938502247585,,,0.9105510089311347,0.7846511487050659,,045d4791802edd4766cb20165f7f89e48500708e9eacc4fb3176b9cd89733d49,72915e72ba77b4a35ec44c0cd9aadfe5a489e09dcf8bf4df59f3ca3ef7ac9e26,5cdbd4829b1cce7c54e8f52feb7621b34e270323aac19f9ba90cbf3ac201c028
trackside-maintenance/0081,trackside-maintenance,train,1262387,17568,124498,684507,1386885,1279955,0.8988460275993572,0.9862745174635046,0.9102319226179532,,,0.0,0.0,,,,,,,,,,0.8988460275993572,,0.7095130510022593,,,0.9219761754858508,0.7811912557696211,,eaf74d01f4f349885d90aff52c367596e2cba944e49a7b0feffd851b79a71ea1,e7d19f949be6c72d26980869fabb339acd375a65015bcc000bb7ea609efc0558,b185732c0a55148db20bbb1b868be3215a36462c9e3080c2bfb01a2cd21117ad
trackside-maintenance/0082,trackside-maintenance,train,574237,117920,68458,1328345,642695,692157,0.7549640751234199,0.8296340281178981,0.8934829118010876,,,0.87117022668201,,,,,,,,,,,0.7549640751234199,,,,,0.9034441547153411,0.05881390695977149,,65b79e130b09b882fa33f7676d2436a802b097d73fc606fa0428a40aa7592ed5,a63aebc4038689fc219bba17b9c67904c70eae12e7833a0e436e0aa12bdbfcaa,999c1d7e9f2898041917f84d828b1332623d18bdb8d7b8c8758fdbc59ed515e3
trackside-maintenance/0083,trackside-maintenance,train,1534388,19290,63086,472196,1597474,1553678,0.9490488407708237,0.9875842999643427,0.9605089034312921,,,0.0,,,,,,0.0,,,,,0.9490488407708237,,,,,0.8816707362147091,0.7450878057738216,,f93539c0825969b6f96f386dbaa98f06caadbcb1d80a39102a077ace90560d5e,eacd1a0cdf15d5e49563452c6d7003c31113591a4df0d81eaf61105edab0d64b,29320fe4337b8832c97f33f8344eaf021af36351c94fb8d62f571577bb8e3a7f
trackside-maintenance/0084,trackside-maintenance,train,1249981,6980,149768,682231,1399749,1256961,0.8885727101666347,0.994446923969797,0.8930036742301656,,,0.0,,,,,,,,,,,0.8885727101666347,,0.0,,,0.943883298867249,0.7557626143321001,,78b655ec93b0e9575d9bf363a03233ad6e48a40c1e428e86125f919cccf38ced,ac028f7bcbe7ad92f61055bc538a75e3ad911ea17ef8513a38a275c9758c465e,bb83ccfccf5034cddb0e6875f9036052939be0a3be7d9f5d0085e1d580e09e8f
trackside-maintenance/0085,trackside-maintenance,train,1284253,7232,41949,755526,1326202,1291485,0.9631170346638829,0.9944002446795743,0.968369071981493,,,,0.17029328287606432,,,,,,,,,,0.9631170346638829,,0.21066810344827586,,,0.941468648980611,0.9351401979729463,,1fe7cf2ae2eef9be85f098226cc6e927e226f7e34a356079eaf30f81a5517c08,a964b223ce70c0ddfcfc63a7116d136b72dbabc8a5bfb3c71b4a8784a89ebc9f,d6cf788df8e6883948f2abd71f4af8333a943cc57c2fcc2d4d5c2fc242ce6256
trackside-maintenance/0086,trackside-maintenance,train,792943,16489,61424,1218104,854367,809432,0.9105328550299935,0.97962892497455,0.928105837421155,,,0.13852657004830918,0.24477611940298508,,0.7996098829648894,,,,0.0,,0.0,,0.9105328550299935,,0.9643736817419682,,,0.9151846785225718,0.9090071438161121,0.0,9db552632140a4fe745fdf61a0d0fa31fc4952af06addd32095a7c1372bb9d8a,48e0f42fd5470fdf74ebb3d8b15d9098a05ee9adf3541431ac1b7a9fa0e062d9,d959b15915b4addc47c5bd9f856377ab944de4cef6477424d794331a850e7d5a
trackside-maintenance/0087,trackside-maintenance,train,932627,16091,91678,1047686,1024305,948718,0.8964154033656415,0.9830392171330153,0.9104973616256876,,,0.11396843950905904,0.2646566164154104,,0.4159011373578303,,,,0.0,,,,0.8964154033656415,,0.9667867509848642,,,0.9222104937408062,0.867578318440376,,95207ac84f3acc3ff5c55764aa554bffc9f0a32f4cab08eaf951e2fe43877d51,587b26c9e34a988459b083e4db74f236062e3ecce661eb481c45f1084fd9f4af,0f01f4c3c78c31d05092f30cf5af9ac6873481f72cf06b53e52ea1d66c55f6f7
trackside-maintenance/0088,trackside-maintenance,train,916904,15352,139497,1017207,1056401,932256,0.8555180158114789,0.9835324202794082,0.867950711898228,,,,,,,,,,,,,,0.8555180158114789,,0.9711700118308807,,,0.9187517283668586,0.8205494078582476,,d725e1c7a0e34cdd9a85ca766c2f77aae4456153fa89c7ec4ed4903841bcc25a,d8588ac0e324f990fbff92d6ef4ea35638073f169b1c3a29eb0f763ca8158eea,347fb4c08fc4d1759b55c4ed1ffe4e9f7e97d08e3f9fde51ff9afcb2eaf0def5
trackside-maintenance/0089,trackside-maintenance,train,1304424,9020,49519,725997,1353943,1313444,0.9570501913845056,0.9931325583732539,0.9634260821910523,,,,,,,,,,,,,,0.9570501913845056,,0.8045248868778281,,,0.9572902486424866,0.9015724434572602,,0055dcf9f3b23337c4d0b8675c5c94dc530eabdf296e211580d8631bfde63237,3fa143f99bf6e20e136865aa3ed2add68b848b13c63f491d183a418d2b345cb3,74d0d4bf0bf76a74fa9c3f6c1c5332e5617747d30d8c696821b072c87a7a626f
trackside-maintenance/0090,trackside-maintenance,train,759740,9965,69201,1250040,828941,769705,0.9056318586349364,0.9870534815286376,0.9165187872236986,,,0.4069137249157756,0.010344827586206896,,0.9071833018763185,,,,0.0,,0.0,,0.9056318586349364,,0.9765445721483883,,,0.9340959226156571,0.8992932683192291,0.0,0a5483a0127931090560f2cb06532b9de62ff8978b5d2d75fc73f10c9e628fb9,bdacebbf7725f3ad965f05b99232ec789fc6dd5801ffb98aa2a88920ad1db2bc,ea22f3656219ed70f92469671f1ce8e8cfe4394b594302163c0379ad51133a9c
trackside-maintenance/0091,trackside-maintenance,train,945748,13711,68410,1060887,1014158,959459,0.9201055776562966,0.9857096551285672,0.9325450275006458,,,0.05055069189494493,0.14985994397759103,,,,,,,,,,0.9201055776562966,,0.9646008942832777,,,0.9270468052880262,0.8994863167145083,,140a0439c3c000cca0ab1e8fd90ed6598c8fdb0c15a7ebf645bf70366d6dd90b,fd9fcc64d607952b1ca4b32b253c900c3b6c42ae47ad9a118acf78aa6132ac62,21eacbd29f5b66ac1b7df092605a0e3741614954a45d44e5ed086160df469a54
trackside-maintenance/0092,trackside-maintenance,train,1205467,3483,107135,772875,1312602,1208950,0.9159491978101718,0.9971189875511808,0.9183796763984818,,,,,,,,,,,,,,0.9159491978101718,,,,,0.9413458589132594,0.8529365771509337,,b46f2ac36452a0a15ac8e7c69746492ff0b596b959f253d1612c3db9998b2895,ca30dbb08d9fb0e4fe8996fe88911e453cc3bca799282014ced559432b824f51,487968f5dc0989af6f44870049f98c448ee7ab178dd74cf30a203c798b90a272
trackside-maintenance/0093,trackside-maintenance,train,842746,14745,51076,1179962,893822,857491,0.927555150032964,0.9828044842453157,0.9428566314098332,,,0.3793501566881082,0.02534562211981567,,0.7593882495457298,,,,0.0,,,,0.927555150032964,,0.9771063983920147,,,0.9065194390040746,0.9247400229868623,0.0,6259e3456d036d7371c800562ffea682d470ccccfc442c166f67ae5f354b645f,84941b6b7aa17a3e2407d6f073b2b43d7c36ff43014f7ec679d58cf5431ed076,f7db748debde00631b049decf4ebff89a679377f258aba16b82ed5f41eacdab7
trackside-maintenance/0094,trackside-maintenance,train,971472,7643,66040,1042668,1037512,979115,0.9295004090302396,0.9921939710861339,0.9363477241709012,,,,,,,,,,,,,,0.9295004090302396,,0.9659546767996443,,,0.9390278508058122,0.9056472767659715,,e0ed8f532604e6e6555ff2fed40abf4191312f80d30033f9f5891f116ab17ef9,7e4ff407e211370343392cbcdbff2b1388d8e1979cda20ce09bf6f00dd9def79,9e7979902f52bfb368b5b72c5a65d9d7545d074adeeb05328d0002689ef47d73
trackside-maintenance/0095,trackside-maintenance,train,719357,8422,106922,1254259,826279,727779,0.8618139908781708,0.9884278056937614,0.8705981877791884,,,0.3379029270100037,0.0,,0.9015305022634188,,,,0.0,,,,0.8618139908781708,,0.9761635172286394,,,0.9273201934813073,0.8454927133884307,,2c0673f9062a1f999a14ea9f32f3a730731ead900fcdf51751a187ad746dfc7b,e2149e1bb2a9cbc2acdbaf0b9ef76ebcda214853f1f5097dab8ec69174e4aad8,0d341bc41774ec1ae0d8082a0d2098c58f10002fb1dc20e7b9441284bb37c56d
trackside-maintenance/0096,trackside-maintenance,train,321446,2884,85725,1678498,407171,324330,0.7839094755581568,0.9911078222797768,0.7894619214040293,,0.0,0.2953570762632855,0.0,,0.8565501015934125,,0.0,,,,0.0,,0.7839094755581568,,0.987801405503453,0.9752249110816654,,0.8760498395953237,0.8427638886608995,,4c21278ae3f78bf40f512492d07dff5fe47bcd04749b1b5bbb976b5f139f1b63,0bdeb500a31ea967c4b9b29ff432f98229b20b9b969b3a7a8efa595fe61979ce,b0bdae9069e5ca11a82d3a25cfdb2a59f263c52e1771d6b5ee626de102b3a1ea
trackside-maintenance/0097,trackside-maintenance,train,1306286,46850,252509,243372,1558795,1353136,0.8135584142198307,0.9653767248820517,0.8380101296193534,,,0.0,0.0,,,,0.0,0.0,0.0,,,,0.8135584142198307,,0.20324625318405307,,,0.7889636231344431,0.0,,069e56fc048051d80ef3d6c175598cb6a1df2596f82c85bd8075f4b88100565a,4dafdc7299c42b3fd729bc5fad69b105505ba91c31b992ed39c8524ab26e9327,5725e2e939a6dfcfd8a754afe622fed79d93021941e2815ebdd63715490f2024
trackside-maintenance/0098,trackside-maintenance,train,1438321,25793,298585,326261,1736906,1464114,0.8159765223671199,0.9823832024009059,0.8280937483087744,,,0.0,,,,,,,0.0,,,,0.8159765223671199,,,,,0.8753089169033899,0.0,,fc04d89f6819407752a53d790ea973fc002344aa19eadc04b345225545c7ce53,50b458614c96f982cdd8a232cc68c34b8a13e26c9ea30e839f0bb3d3f75ed0bb,cf0156c9205289138d7f75a954578b47b4ccc8b4449fd4bbe9028b37d12c6c97
trackside-maintenance/0099,trackside-maintenance,train,681375,23217,623511,760857,1304886,704592,0.5130437925371752,0.9670490156005177,0.5221720518114226,,,0.07544715447154472,0.0,,0.9506478824245587,,0.0,,0.0,,,,0.5130437925371752,,0.980101697510345,,,0.8505608449950773,0.1279598966343447,0.0,34c0bbfd58571e1b86214468e7824979e09367e8aa452150512daa459ff8c186,0553959daf6ce869735cd945b60890b3ab439a1579cbc8fe572569200304aa26,38964536a24749ce03514ac746e3c35f22336fa954412e1a5c24c10c5e9cb7d9
trackside-maintenance/0100,trackside-maintenance,train,864959,8139,272779,353644,1137738,873098,0.7548445426516109,0.990678022398402,0.7602444499524496,,,0.4391543494695133,,,,,,0.0,0.0,,,,0.7548445426516109,,0.0,,,0.7409548053248759,0.8442360821439151,0.0,295de469c85a2cbd063ed52a760230d5847fd6ca3ec792d4228e881a1fc88163,f5b03baa6b4d5ea3f09082ebe6520174de0c27be86a86a96401a87b00c959c4c,abfaf1072b288559f5572aa88f76335dafeef7cc6a51f8c357fb93b3cdf1c647
trackside-maintenance/0101,trackside-maintenance,train,385999,10413,48954,220634,434953,396412,0.8667006462100834,0.9737318749180146,0.8874499083809055,,,0.33389195583596215,0.0,,,,,,,,,,0.8667006462100834,,0.659377070907886,,,0.9115290018446403,0.6802316647952249,0.0,f18cd13f8be6e6da511d8cc5f6ff2f0e8e5ffa3cdc730d55f0752e075e4be9a7,2053724e9bccf33b2605685548994cd45b4e42ce9eed6263ab94fd76ac8b7402,2ee9159476e7954817cd08c5c75b628f9d5b9e33b3b51a23ae38de47114dcce4
trackside-maintenance/0102,trackside-maintenance,train,269503,30283,131693,1067778,401196,299786,0.6246028196041986,0.8989846090211017,0.6717489705779719,,,0.5880499227987767,0.0,,0.0,,0.0,0.0,0.0,0.2631643271698597,,,0.6246028196041986,,0.6253400662472914,,0.0,0.7724102467107208,0.536445118380951,0.0,d32849c8bde9dd413c6d0ab82ca84e62323fed3319cfb99825a11f91ac7baef3,16725b66e3177e4058bec98d44bcd85e2a17929f45e24c0a9596f58d4fc0420f,465c59c3be53d898ea29e2b004659c1a0e6e5707b236e4e326660bf13dc74c0d
trackside-maintenance/0103,trackside-maintenance,train,660625,262367,123562,1042406,784187,922992,0.6312383307502527,0.7157429316830481,0.8424329911105387,,,0.6619474677044616,,,,,,,,,,,0.6312383307502527,,,,,0.9415645591899429,0.22526907388597484,,bcd725f20e45aba176964b9c6318633c2f7a70f7664784eb0dfc98abf0940141,832b0e6356d68f26976e3d7922d3b08c241fb1ce86ad33ae4f971af5515c330f,64cd27e54eb297ba1e69412e0c41d2010862cd04697e8419d8a501d9ffa6ed44
trackside-maintenance/0104,trackside-maintenance,train,127920,19319,6183,268979,134103,147239,0.8337787279529664,0.8687915565848722,0.9538936489116575,,,0.0,,,,,,0.0,0.0,,,,0.8337787279529664,,0.9795283788727241,,,0.8871318841931772,0.6270379311485168,0.0,8af545cd5a93e866ceeaf9e8b89657bd1753fb543ecfc98e2121144440cb5e5b,38d8338d1cf13856f69f9d6bf5678bbe6767d870b9c6d44089b654888be7a538,64a066d59d2a47da75a8a101b7b0f2a31a136d09de32b47abe5536bf163c02d9
trackside-maintenance/0105,trackside-maintenance,train,177509,40329,29269,539325,206778,217838,0.7183487315211629,0.8148670112652522,0.858452059696873,,,0.0,0.7663388533246929,,,,,0.7024961343052795,,,,,0.7183487315211629,,0.0,,,0.895065086458131,0.8678169918266371,,d1ad562afeae01ddb70bc66ae877af92f08918967c215ffefec2257c3ad76fa6,c81174649f12ca8f38a2a5768fc715389902ca51ae6140ec8217629ad50b6eb2,36c4ab3abf9de26907ade6163cebe658171f8d56bcea6d12c4542b3a27586903
vegetation-worksite/0262,vegetation-worksite,train,0,0,0,2073600,0,0,,,,,0.8929542662794578,0.8034826301654683,0.10462406476143751,,,,0.0,,0.12089951657458564,,0.0,,,0.0,0.9528837180364587,0.9916227907067781,,0.5218147328485615,0.9144247654407707,,54396730a7d632e6ac164891ed59aa4b248397c4bff8ad0524ee051361535740,ecc4df5204120b6d832dfe643f5cf2ece2d746710ad731c9c0b70f45d3c1a90e,966e01ae0535c9f5f27212a714febc5506ddfa07277f4abacf35823d434ff88c
