key,group,split,tp,fp,fn,tn,support,predicted_pixels,iou,precision,recall,iou:person,iou:truck,iou:rail-track,iou:vegetation-overgrowth,iou:car,iou:on-rails,iou:traffic-sign,iou:road,iou:sidewalk,iou:construction,iou:tram-track,iou:pole,iou:traffic-light,iou:mud-pumping,iou:fence,iou:terrain,iou:sky,iou:rail-embedded,iou:rail-raised,iou:trackbed,iou:standing-water,image_sha256,mask_decoded_sha256,prediction_sha256
flooded-road-crossing/0272,flooded-road-crossing,train,0,0,0,2073600,0,0,,,,,,,,0.927191123301334,,,0.45377699030378943,0.0,0.5282611125600805,,0.19690746557139405,,,0.0,0.9020419498766479,0.9838896861056874,,0.0,0.0,0.8140570994055025,1a64c22d40183eaa53211aeb2ab21c5cbf2a328ca7b2d6716a58fff64bb7291d,2ae0b928ea09fecae228600e65afc5ccf5aeab55c6186e155c041878168d2b7b,8da344c083ed9fa716ea0b25b25ba16b9e8c899e86e571e266ba74690e2d6b81
flooded-road-crossing/0273,flooded-road-crossing,train,0,0,0,2073600,0,0,,,,,,,,,,,0.0,,0.5919637421362376,,,,,,0.8480491012713722,,,0.0,,0.9762787510431514,4f42631f3a3bf1174b11d6978aa00479044e989be0e1722cf53a2a7d698ca4da,d71932fbc886eb13c90b1ecf925dd2ed196974dc2b78b22dae98b2b052263ceb,437549b35619107a1a015b082e431e66728e29cf0a77387f98385281e5b69b58
flooded-road-crossing/0274,flooded-road-crossing,train,0,0,0,2073600,0,0,,,,,,,,,,0.0,0.5627024966647608,0.0,0.0,,0.0,,,,0.65611034120821,,,0.0,,0.7764512461102784,5eac815d6dcafeaed42ca25116f35fe30e4598159ae3b155d664bf6b7378427a,92f986c0cf867798fb963a56a3cc9a99da42fa01c35481b1810a31fc272e5aab,e975928fc9bd0c56c72aa81bde850f41093256e1121b996a4ee3f4644790407b
flooded-station-platform/0298,flooded-station-platform,train,0,0,0,2073600,0,0,,,,0.8697006105485129,,0.38533943586132624,,,0.7743487767680871,,,0.8935010853674744,0.8508951798907634,,,,,,0.0,,,0.535886719966774,0.0,0.2592329850810439,f0194c9f5092ef4a9f5211064d986408ef94a7c44752b254cf2a6cb67600d64a,9c2a8282ac3b685c1b4f7d0eada263e2c6deb4d18423159e43b764c65f2afc9f,5be7c87a3b382630db2e84a501d761f6a00aa79569a5080743f3aafc1d03b035
flooded-station-platform/0299,flooded-station-platform,train,0,3501,0,2070099,0,3501,0.0,0.0,,,,0.42606928807308064,,,0.0,,,0.839332175285024,0.891478622327791,,,,0.0,,,,,0.7247938240893625,0.0,0.3965512792392945,2e8151e2e6b02fcc2163c50aa86d9e5e0134c8e81d7ed74c33832a121b91dcaf,ac007d07fbb9218cd6a46518c8161c36b300c81f837d4ca78ee881cc5c1285ad,639ee2fac64ea3d5be557c0a437f57de150102837afc09cb8d9984dde032befe
flooded-station-platform/0300,flooded-station-platform,train,0,0,0,1958520,0,0,,,,,,0.5119557773212015,,,,,,0.0,0.8804114663817065,,,,,,,,,0.6415293839283074,,0.47373860937939516,aa5009748eb469829d461d7b4e9a1e63aced662acde1baab34479670671c9cfc,71b71d95fce3df9c264c4586d0b956bfa611ac012f0c0847d66c466d4e709978,2dc1070958c2aef7752087d123fb45ec4242670162459fec65244bc9eba38a77
flooded-station-platform/0301,flooded-station-platform,train,0,0,0,2073600,0,0,,,,,,0.7570781338045983,,,,,,,0.9539718207005671,,,,,,,,,0.8654458724152381,,0.8175952298102492,b6bfd2eb1a154fe26098279bca8d8165e5aa045fad56b687663d941cba56bfda,7894d14854f9ccbb4158b0466157085afe2d2c32ff1bb92ff09db44e499d08ca,27057d6f3564cb4e7175bb3f614297ea3a704405f75943341401d101b4b06d4f
flooded-station-platform/0302,flooded-station-platform,train,0,0,0,2073600,0,0,,,,,,0.8286596519104279,,,,,,0.009295543607035451,0.9798595034414659,,,,,,,,,0.8355104797045586,,0.9076197629131791,0758d8245392d38d69bb520d6aa46dd39d38ccdfa9c8011ae15e78d2a3d0dfae,00ea88ab0410bcf15bd3202f7dbdea2d25333ff4bec6c06d01c990410360a826,3f93e0b40fe9af0cece0279aae2898d8c12469a9824b1d9789163234c513378a
flooded-station-platform/0303,flooded-station-platform,train,0,0,0,2073600,0,0,,,,0.0,,0.6754429638307219,0.0,,0.5404308762438412,0.1965403018034597,0.0,0.8133647280076136,0.7142572600884356,,0.05896167177374793,0.029045643153526972,,0.26557621693797,0.7035058351438307,0.12974137931034482,,0.7357027807895512,0.6031243265130192,0.5732572260083959,e62cac97ea08c225e113869af1e24539312d59ae8b1ea981d8625c7d8c85968b,e39d3cc9f2e733f410aab08b883c5b815fc0b7cec4923951527119e1188c966a,44d4960d44eb70f7fd7d9bfa4d99f79c328a33a006747a53385d60f42a934133
flooded-station-platform/0304,flooded-station-platform,train,0,0,0,2073600,0,0,,,,,,0.5680566929444615,,,,,,,0.9412497733860969,,,,,,,0.0,,0.8051896633638823,0.0,0.7477539428977129,c9797d293e9f42ce5aacd15adf5adeae5aabd49c586206b065f6f9ae8218987a,fdcfa33e5312540d1fe6a49626ab748f10be173352f093e26fb20c90e293784a,35d646bfe9d9394934e8b45990ada1cc9813082ffa607350fde4df71b68a4f45
flooded-station-platform/0305,flooded-station-platform,train,0,0,0,2073600,0,0,,,,,,0.7319656148738942,,,,,,0.24884041302781745,0.9066284366916192,,,,,,,,,0.8681462803763623,,0.7801552166284249,10d64186056082ebd4e47902c4c0de8902ac70f0ef5c2e64b7a35ce344eeda23,e7d2de4d96aec0a8b3246ae5cbcc210d76914bab2c93070d8a83137bb7c9c701,9feafa52d96581240cf418f07cc956368c07582a627e9da35641a57ab1f6dc13
flooded-stone-bridge/0270,flooded-stone-bridge,train,0,0,0,589824,0,0,,,,,,0.0,0.7832496923550223,,,,,,,,,,,0.0,0.0,0.7224986180210061,,0.518881765147577,0.0,0.832392185305427,d8aff7595858cbf04c9e2b85dc09bc865c9a2ad58b92c41e823fb4a084f4bada,fd6955216cc66b2eee2cfcf1242e63211c7bcc1bf86fb2ab9d8a15726ce917af,4d4a2f4e93f6b300f9332ee37fdb970aa5b807e3713a38b6c4eb24276550b16f
flooded-stone-bridge/0271,flooded-stone-bridge,train,0,0,0,698368,0,0,,,,,,,,,,,,,0.8072341109746828,,0.0002550369803621525,,,,0.6072463432161154,0.6724578929588341,,0.1707259585166562,,0.7645474893929777,f5180763e414fb42a131798a9a989ba50a68fa194643d48809aba9a9130498ed,2368f3e5da46a76defb9ae32ea5cfde760f7cd9dad6b26b038b2df07dbeee742,33f76c256de09aa574273af785882a4d90b599553d473c5fbeed47752026f8c2
flooded-stone-bridge/0310,flooded-stone-bridge,train,0,0,0,921222,0,0,,,,,,0.33206474612197706,,0.7246265798544619,,0.6803301237964237,0.03895032183528635,0.0,0.80338943294435,,0.2241562300997665,0.0,,0.4395147413100837,0.909395937821361,0.9033678142766899,,0.7625381476903557,0.7577780617134096,0.750556819258838,244d2e5e9d27aab38bd91e338efee542e9ef1b32b81f5b1d04e493988fd9fb15,e7400d491f361454e85ea2bdd892beb8058b0cd329a928274504f090705578d3,7b45359a7777345d9bb2edd4596900eb013cc1d98acca546caa2f4a3818942a3
flooded-stone-bridge/0311,flooded-stone-bridge,train,0,0,0,921600,0,0,,,,,,0.03389830508474576,,0.0,,0.0,,,0.9182328604480505,,0.09435153045124645,0.0,,0.2415997621171573,0.6927516908542873,0.9043905365378127,,0.41754065236216686,0.10820895522388059,0.7859666375291375,3ec9872d416c77c2223a85177374f753b9fa22546177d378a402366f3a00fac8,1f576c93da65df63c0f97c19e0f4a5a88fa854a978139bb0b399a9b0722ff0ce,043cbc78d75a5aceb9a9bbd2f1a6a07dbd43fc1a18a20d2eb6556f10f4180a59
green-roadside-cab-view/0174,green-roadside-cab-view,train,0,0,0,2066880,0,0,,,,,0.0,0.9614215460028965,,,,,0.5320576107787909,0.0,0.5458908920627488,,0.4256269672047924,,,0.0,0.8958589972936305,0.980751366845374,,0.730185497470489,0.8227290070734642,,ac8756b81048f48af6d2c3fee710b8b43f34a4e658cde8c09bb9f690902790e5,1d89a374fa0d7ed2a6e6429295a1bbd6e07539abb712f5298181462289d6c8e5,e35f2186b760b1b317d813e0f0c93834f929a3a46d337ac329b302f70440cd2c
green-roadside-cab-view/0200,green-roadside-cab-view,train,0,114,0,2068076,0,114,0.0,0.0,,,,0.3803363140101567,0.11604095563139932,,,0.39362912400455063,0.7220755503503583,,,0.6697832117538272,0.544788907929584,,0.0,,0.9479511609038284,0.986563408828817,0.5952931573935519,0.4627659574468085,0.0,,647d89550b9094d69144e9eb687405a9b548e981193dfb8682ee2e38bdb37aa6,f46c80584a147ea51bb34d9112360631c5f11d0019df6dd603d23b6e150c5218,fa1de77a07b34e9dfc7678386ec3655baad00e5c6fe85dc07505b1e9b24674ef
green-roadside-cab-view/0201,green-roadside-cab-view,train,0,0,0,1982593,0,0,,,,,,0.8328754102743083,0.0,,,,0.037316748111950244,,,0.6146537368988148,0.6201919030384647,,,,0.9556284702373746,0.9850994328592965,0.24415941365093907,0.54205683576256,0.5535166083379383,,cec5a4a2267098df2b64c119ce4e99aacc9014722b05125b92bd8da623cddee4,55581854220617568ef435d0ce1a25842c7ab9554e57da4b56132ea6a7b2c5f0,3c4a7bcecba8979a2ce5abc3816b8f9d066ab4a082535c1f0e589e0518122a03
green-roadside-cab-view/0202,green-roadside-cab-view,train,0,269,0,2067465,0,269,0.0,0.0,,,,0.8132987490205614,0.07990681421083284,,,0.0,0.7429411106917712,0.05722249549106411,0.7654162462930691,0.6230872609813028,0.6292262698694338,,0.0,0.22280323565193264,0.9085904781970775,0.9832488734091547,0.38553502618318347,0.38509937081793666,0.6682084024600741,0.0,318bdc8615a85a559ef35aac3c3b7f2506709bbb305ce03e4e8ea37ade4d7da2,0f3fd0d5280d3287ce8cec97acdffe99355f4a4f1aa7868d9c5c404b03adc696,b1871621c798c1032b8e367391b96014e69fa79680e98c71090a506f8da066e7
green-roadside-cab-view/0203,green-roadside-cab-view,train,0,0,0,2067867,0,0,,,,,0.9306182193903909,0.827867171118607,,0.42343173431734316,,0.0,0.5676643713904931,0.0,0.46578151432818987,,0.34805993084902037,,,0.7158871279474295,0.9580269379603255,0.9883053217313649,,0.5934429788850893,0.7617925343322575,,18638926136c9e885bad8a5394a86973d90d5ed5638573e5985654dec64db548,e71b82e1e191ebb38f5c61ef1b0d128e6e5a11962065312506493cb014a6a361,8daaa6ba4b6dce104f4daaafb823741c7faf5254fab6b53458274a50c0ed04bf
green-roadside-cab-view/0204,green-roadside-cab-view,train,0,0,0,2067867,0,0,,,,,0.7950977488151659,0.8582242943801073,,,,,0.2870946271602671,0.0,0.0,0.0,0.0,,,0.3328807441578046,0.9115465630565245,0.9935620380862606,0.0,0.600065065336442,0.7712873184885558,,cb34ab4d9a1966c9d974500a92359ca204a93a0c8283bcc59a5f16456005f1dc,f8a201f8055169f4e1fc3ed4547ed752839f649ac12fc2ace4db3701d27241e9,b88cb955e678a75557434fd8a2664d6dfe3cceea494f024065ed1611a8fdd40b
green-roadside-cab-view/0205,green-roadside-cab-view,train,0,0,0,2067867,0,0,,,,,0.9384538671130661,0.8682960190051112,,,,0.0,0.7536937998549673,,0.3464085583290881,,0.24467030242935053,,,0.0,0.9766788597181707,0.9902465054666283,,0.5449451887941534,0.8549646904253572,,84c3ad934ba556452a390cf9a7615f786d7bada1f0ce3bec466c1ccd2a89b441,54f8b882502e1aba4a8f31dfe42009d9359e4354cbb6ad2a4af730894c4a64a2,6f5c0f2c294c3ec8f30888f1653eb71e094fa38de6800ea2d5874257866fcac1
green-roadside-cab-view/0206,green-roadside-cab-view,train,0,0,0,2073600,0,0,,,,,0.7277816968434725,0.9054182162911106,,0.0027347310847766638,0.0,,0.894618953655805,0.0,0.38082495757733975,,0.6718972307565416,,,0.569912801913728,0.9586542438253677,0.9772005863505645,,0.5293903681070857,0.8706271281309763,,326099a1d7068b475af019e6dcf936e26aa1a539954a3f0fa5df1a5ff8428999,6cf8bd75df6f49b6f9d82d83a98a90658290b0098de456864106c497d525afa3,13e71cd4aed42edcc72fc99312db6d7f63d7909e0b078c562de914d25e535bab
green-roadside-cab-view/0207,green-roadside-cab-view,train,0,0,0,2067867,0,0,,,,,0.4633940182054616,0.610739982451009,,0.0,0.0,0.24083769633507854,0.5576194410415658,,0.19419509275882704,,0.5537348455220962,,,0.4118480758020825,0.9279048131062257,0.9885316718587747,,0.6096559958212073,0.70111489976651,,0a69c574d773bd2b02269bec42203fa65c198e4f1f50743335704b45db4b879d,12929b2c41df570afd935b15f8686b36c15ffe4535cbf298828b651dc6b7f72e,936c14cbf3edf6cf8ff0f98e2b4c08ce3b9109d0f0c48a3ea5a188f1a79386d6
green-roadside-cab-view/0208,green-roadside-cab-view,train,0,0,0,2067867,0,0,,,,,0.22869955156950672,0.9107645298873257,,0.0,,,0.0,,0.0,,0.6157743235463443,,,,0.9674023939624078,0.9814264271252705,,0.6491357858632053,0.8400584814578216,,3b8efe8aa3a6e136add1665ab904a06b78b874796e0c18912f3ee9f3ff74d366,dae9e0177528e83bb9056a8fb457e3d484018332b434fe9195634f6a0f23d72c,f16747201781122556c8b6875d76335414ac9bcd0d7103cbc6890b20ad24d3a6
green-roadside-cab-view/0209,green-roadside-cab-view,train,0,0,0,2067867,0,0,,,,0.0,,0.7339858790164547,,,0.936681895965295,0.5639614855570839,0.0,0.0,0.0,,0.5564804164901023,0.4888193543463329,,0.5246172005109383,0.882716895801008,0.9805229218974444,,0.3070980501220605,0.650788639549421,,ee956750d1fd8c7676cd76b8db71bf93b9cbcedf8b4aaf4e538041ef501ade04,e9baf13f1df68cf0182ca0ed2887e288cb340e796f1b398ed5a32febcb242750,6afb7e7f37dfdce76084ab6051959471b8eb6b6c71b27c783a8f449ba9d8196c
green-roadside-cab-view/0210,green-roadside-cab-view,train,0,0,0,2073600,0,0,,,,,0.7338275359564088,0.8288817542181843,,0.8525582248303686,0.0,0.0,0.7387403515223064,0.025212167167313133,0.5467407141499673,0.2186118345345527,0.5727715399321877,0.4966180135279459,,0.1004235294117647,0.8290149659719381,0.989228114920111,0.5276592863430157,0.2848293132990642,0.5781269066503966,0.0,7fa10db78fee89d3d4e8282d50e5cec55c3943202f620889b50503ae276b1a74,6026feb523e6c808b7f1ebc4a15de86ec7be4191ea33e7e454205851f8780c5b,af24b884c40eee26b4e0c7fa21f798f033ea5c854a60a46eb20788dd19b4470a
green-roadside-cab-view/0211,green-roadside-cab-view,train,0,0,0,2073600,0,0,,,,,0.37444253631002306,0.5948925352438179,0.0,0.050944510035419124,,0.4950379451255108,0.6837334317109806,0.2124063366065624,0.20585490517006216,0.5077456135049656,0.5209145956387682,0.31225889412773256,,0.42457356580214967,0.7885649733290601,0.9808251042943683,0.5713421484746348,0.4070284697508897,0.4996201844818231,,41f0cad9cf8e4e11e5a870a293f740a7bce70a66b0bf5b0e86c9dd1fa6396f5c,c790e550e0f15182c68acd0fa1c3df3839237fe9c736e380c9569a42ede21622,2051632d245a776d31a2869ef30416ee40f78a752c0803cc347e6fdc60c237f6
green-roadside-cab-view/0212,green-roadside-cab-view,train,0,0,0,2053480,0,0,,,,0.36571193076447556,0.0,0.6662599218102121,0.0,0.017543859649122806,,0.5485969511603068,0.6941843211606628,0.3413318726694335,0.6624333117680703,0.2656472986748216,0.5174755447331962,0.2213099799306696,,0.6337541870651894,0.7097843402161639,0.9830039004096315,0.21654815772462832,0.6352012132939362,0.759274786301519,,19490f9f31865422ef3257bbecd836b58a75e1200af558b47627240cfc9e49e9,e4afe2ecf4ebd828471240e23f7446384dc2ec9d184d5b7d3aee969d13726f9e,a936febfad481a58d1205512870b768511007fefb4e46a57a653220b8935e3e6
green-roadside-cab-view/0213,green-roadside-cab-view,train,0,0,0,2073600,0,0,,,,,0.9135120925341745,0.8513216101415146,0.0,,0.0,,0.7494722026741731,0.6441107496784931,0.06231480650085301,,0.4354350401474266,,,0.0,0.9383875328147839,0.9854874178207041,,0.5846043761533537,0.8523607235325833,,5229632691652545fa2f89ea5800c86d39d27545bb45654c44af717c422b95c4,4f60ce021a149db8b77724d1203b796eafcc96c75f291f1e5fb521ca6adfa064,c571a9309e1c7dbed50e8747bf93dcc29a7e73326087aff3310fa75df08b08b9
green-water-cab-view/0263,green-water-cab-view,train,0,0,0,2073600,0,0,,,,,,0.7501128219939708,0.44429784161915903,,,0.0,0.6182412950711388,0.0,0.7829991569224002,,0.5638111888111889,,,0.0,0.9189905818265349,0.9965177210048672,,0.7660446062812927,0.7009778172855469,0.0,d38268ad352c084c45d9c129d86eed80ec34068717620fc1685f07a6cefd1468,8529f0f311585470613e21978d79fd7cd6125e1beefccb98f037b4124151b53e,0cbcd191c42ac8a227313d9dbec0b9f1eb17d31d61a04ed20d15c69754f177a5
green-water-cab-view/0264,green-water-cab-view,train,0,0,0,2073600,0,0,,,,,,0.6357141257362987,,,,,,,0.17379627853443314,,0.8902765010007758,,,0.00973065545695158,0.9141414537113209,0.9672414155203193,,0.5404900064474533,0.6586494564581203,0.0,7ac26e3576a11b28c401290cbed89e663ce03d2ae23dcbd062e1ece5d3ba81a1,da975b659994aec1a32dd22d6e772c441d1fe28b507d5d47bfe4db184dbe094b,eb99e002220a092fd8e9a47fc9f0949d361d9bed9fa8ed161f7d747dd1404bc8
green-water-cab-view/0265,green-water-cab-view,train,0,0,0,2073600,0,0,,,,,,0.9029773366908607,0.0,,,,0.0,,0.6495316707798683,,0.0,,,,0.8682073284697159,0.9076367838289183,,0.8430555555555556,0.622053251064686,0.028129328048139834,021d832dd111da4e3fd13f74b2531f5a87481b14073f6b0ac4a5a1149c442820,ee51403528cd8ec8eeea2c81f9e4b41eaae0496ac53ebbdeaf38f6f511c45009,be09e7ddfe57751d518cd551a398ba6c7610bb258670a4a795820df64b0e00a0
green-water-cab-view/0266,green-water-cab-view,train,0,0,0,2073600,0,0,,,,,,0.7659797921268967,0.4622744338137338,,,,,,,,,,,,0.9636848854276874,0.9446332945285215,,0.7226497990215935,0.579435118900683,0.045652037025376235,1b57cba93cf3601d156721ce3f759bba69f41268fe5b975191c86fbff322be98,b57e3716ffe62a58f7111bf46af37413badf80d0ecc178d2c7b52919b30064bf,5a946aa157e7b2c305f54639b564fe4c7da81038715732f8672c3f2c91e5eab3
green-water-cab-view/0267,green-water-cab-view,train,0,0,0,2073600,0,0,,,,,,0.8027433164424252,0.0,,,,,,,0.0,,,,,0.9759518492144224,0.8997866465863453,,0.7586473775078884,0.6535203476886606,0.0,9b17276ea65c583df9303ed986d88d187c963d9ed6bf0b5700396e0de25190c4,71df9d1285b9ad09eb96265be443e2d18e28a00ec69a0f759a6d3989f1f4d48a,f2186900ca32e31d92d5ed85e4e556fe000ad2fffbaf2b76960f5e1ff08b7b12
miscellaneous-flood-stills/0275,miscellaneous-flood-stills,train,0,181,0,249515,0,181,0.0,0.0,,,,0.42271310045975796,0.0,0.0,0.9194478198208381,,0.0,0.0,0.6351914561083616,0.0,0.16355140186915887,,0.0,,0.7393120943072446,0.9837060397553516,,0.3545473863153421,0.3543379461778073,0.006341815846512001,61c2965c3c11954382ff9e9e06c34ffa4996a9a48b46aa7f5490049b85765bca,f4155b4c85702af56db693f3f999b74f08d30680a34733c864fb141f6a3f8c60,13ef6d398d6d333e618c6aebf4db315f4814b40d97f79c841b2d7644bd99cb1f
miscellaneous-flood-stills/0276,miscellaneous-flood-stills,train,0,0,0,920880,0,0,,,,0.7490510858067326,,,,,,,,,0.0,,0.0,,,0.0,0.8740605769999201,0.9794845876266249,,0.5904471214728707,,0.8969016730261227,85d7d06fc795f58f6e51ed5e91c5d5d8ab1f41194ab44f3471da41bdadf45973,b9c514a9abc72bf370a67587f1c41ec3e1c7769276c383024395b7a22ca7be38,c55d2e63d6d8fa078d956bdf730b70f8b4d44d318cd1da1939cc715d9156b53e
miscellaneous-flood-stills/0313,miscellaneous-flood-stills,train,0,13180,0,2060420,0,13180,0.0,0.0,,,,0.4912225155902823,0.14012162864829425,,0.9037396214773382,,,0.0,0.0,,,,0.0,,0.1347543887957691,,,0.7349502050380785,0.7114540814057928,0.14484965510541145,74272d0a74c881e4e18e9bf6000c065a51519bf7c05acb3c8e912f075c3b5ddf,c3e7c0a88b0198168b7659a591eafc02b94abdbacb436e871eca4779200bf186,6e625fb8c28f1a3b4d11269e60a185be71062eae2e3156ede1f32174c4b603d8
miscellaneous-mud-cab-view/0173,miscellaneous-mud-cab-view,train,0,0,46297,2027197,46297,0,0.0,,0.0,,,0.6591327864954827,0.37356134193127094,,,0.0,0.0,0.13213808132336188,0.0,,0.7399415286092162,,0.0,,0.9362472947626606,0.9957254299036801,,0.6092124064890309,0.6430879448597443,,f0ca7b2f878f2a5e167e558097ca517d126cb474aa25f5b0ec0fc4d6b1e57432,b968925b81e441c3dc638759e4923b6ad0ca44e3896210a4c69b136305b9eb89,bb6c4361fe52a6a32d264343b999a38ca122a3016e3edad02651f996bcead4e7
miscellaneous-numbered-cab-views/0013,miscellaneous-numbered-cab-views,train,0,0,0,2088960,0,0,,,,,,0.9604363152488561,,,,,0.0,,0.0,,,,,,0.9436734189553745,0.9458898570186013,,0.7557726238269363,0.8228009306134939,,cdc7c624979074f91663aae6c612b6f6c370af9ca88a91ba076c2bad37e6c319,5566ae6fabe4c0bdb27e7217400a18101ccd23bbecd3e8cc415f9ed41cca7115,a63c8d34aaa1fb3bd9aebd001bcd640793a55015fc0fd2151ed74f25b53f046e
miscellaneous-numbered-cab-views/0014,miscellaneous-numbered-cab-views,train,0,0,0,2088928,0,0,,,,,,0.9313117408906882,0.4297555973337891,,,,,,0.8559385630101811,,0.4979044425817267,,,,0.8626908926868934,0.8945175529062332,,0.7551064822011503,0.7718617033644121,,00a59e617c6d81492253ece8ef06493164bef224314ee99156bc01663f8ccd38,3ba891a877a2984212cd387b6a1eca2332a40b2a757b57c0248ffa03807c605c,7bb90d2bfe6de53a894a3090511b50688dcfa19343ad49df1410a11997ffff9f
miscellaneous-numbered-cab-views/0022,miscellaneous-numbered-cab-views,train,0,0,0,1931319,0,0,,,,,,0.9065725550420106,,,,,,0.0,,,0.0,,,,0.9597582104695885,0.9695926108879424,,0.3987219596618518,0.7539289148237791,,34431340589d77bf879a5d44b35f1ba4ee67944d06302e41751f49b52c7cd6bd,601f45356d35a2626927e94aad629de30fc2805b197f3f27a60dd2cd87622d80,d7bb7adc996cf596944eafc130929af8927d1aa7f5975f3027b3b58012c3f1d9
miscellaneous-numbered-cab-views/0023,miscellaneous-numbered-cab-views,train,0,0,0,2087873,0,0,,,,,,0.9069171648163963,0.5061373486003157,,,,,,0.9227150397791511,,0.37995337995337997,,,,0.9128170444773708,0.8854597002835156,,0.754821250534112,0.6666433027265718,0.0,4dbdaa16ac641963e653bf5fa8dce1b9b05b89b3a3d10f8da2e3c9c38deeee7e,03b59830b108e9c2dc87a79168457ed2a8be69f44abafae8f6486184598ecb19,ac9ebcf817559d7957dd3a82c210d810a89a7b315eaf35fd89d193117f1b72c1
miscellaneous-numbered-cab-views/0024,miscellaneous-numbered-cab-views,train,0,0,0,2087739,0,0,,,,,,0.0,0.3887453093287777,,,,,2.6007802340702212e-05,0.0,,0.0,,,0.0,0.9388750122635781,0.9926217611009569,,0.4728772168621642,0.38665149791429654,,35db7be7064f509351e3627b33430eabc718080e493e83ad1551491d62e1f113,e3c3c38776bc33b723f23e1afe17f11dd1b9be409c25e6ae796447766a6b56b2,8cb042c7bfc5e8564d4d70b6aa2b336c8a2cfb7139a3d06ee7fa71e69284ade2
miscellaneous-numbered-cab-views/0030,miscellaneous-numbered-cab-views,train,0,0,0,2088960,0,0,,,,,,0.7459868093578895,0.6427463903462333,,,,,,0.8477743147126988,,0.0,,,0.784154090548054,0.9637555170148772,0.8824995774885922,,0.8270054660954351,0.7352852466252253,,a88a70e7bc9e1730883e2cfef16954b7c5a6ebee797dfe8205837e1e2f9cc290,d0384c853c39b8e3b218a40e21a03110e8eb9368264b796d43fe35330caa8f52,2c3e908da7a6ad07d9ad8577036c3eac379a854ae307760b713de9a9af8bc708
miscellaneous-numbered-cab-views/0031,miscellaneous-numbered-cab-views,train,0,0,0,2088575,0,0,,,,,,0.6259921986254721,0.6207476981602115,,,,,,,,0.5894568690095847,,,,0.9734555953187214,0.9823395006687472,,0.7605593697598633,0.7074140857021638,,582a1052402234b092c9e8f0eb985ba78c3b1068c2ae8c12c805aadd11584b0a,eac752094ab94f349e6d48690930d8ada3181efb518c33f473c5388d2ce23c74,023a61ddffb3a4f6067952fd0eec3a7821296a53c87f778fa2ae3dcb2346d22f
miscellaneous-numbered-cab-views/0032,miscellaneous-numbered-cab-views,train,0,5,0,2088955,0,5,0.0,0.0,,,,0.17916723179167232,0.36506740980643215,,,0.19786328498219405,0.6756297377465983,0.0,0.3341402608664234,0.8120494419154692,0.3843626121427081,,0.0,0.5561149110807113,0.889331460771387,0.9399036276025093,0.6483121437965804,0.286603382158798,0.6403041920212134,0.0,1bdac9a6b7ef8988de21ddaa678ad8a54e0a98f75bf8ed86e61e0f50a7a6c16b,1fe12468826aec7019e49ab44aa6f832aac76a9576018cf252bcfd26dfa6c329,0272fc98ea81d86bc222745843345e427a74260189a86f464930adffb7f18f45
miscellaneous-numbered-cab-views/0044,miscellaneous-numbered-cab-views,train,0,0,0,2073482,0,0,,,,,,0.8713988123535971,0.47180634064375687,,,0.0,,0.0,0.8803821748073348,,0.4618179500254972,0.08480176211453745,,0.0,0.724099753158124,0.962924821410125,,0.8041981794302794,0.5944120087189978,,bb02fd705ac7b08fb3ae7c618b46f5a9da4ef32b590259233156f5fee831aacb,d3844dea10ab96975316c1574eadb989106b149d9b1fafe094beae7e9c50ec59,ce730300d1bd5bf30e56135c000358865810e7e2761ac42a286a1fefdb23ef7c
miscellaneous-numbered-cab-views/0045,miscellaneous-numbered-cab-views,train,1291,679,49929,2021700,51220,1970,0.024875238443900653,0.6553299492385787,0.025204998047637643,,,0.6759420118430682,0.0012027797576621526,,,,,0.09924980834519768,0.5862159260520045,,0.7005826983415508,,0.024875238443900653,0.8688220106338467,0.8938588582037821,0.9860626364743068,,0.7918610209160885,0.8725582409792936,,8a2c09c50911afe45e05157fb8602cf7345aa5cf6f005c3b76f7c0d8b50f36c3,a820d863d1b63b281c0ec5f7e11041e0e68f73f39d613cc757bc489e1e03b351,a01853f30882f3b7d85890ddd67a4728a1b410ac82796f9e49aef2050b7323c9
miscellaneous-numbered-cab-views/0046,miscellaneous-numbered-cab-views,train,31424,2802,7241,2032133,38665,34226,0.7578074131236887,0.9181324139543038,0.812724686408897,,,0.881753055937125,0.04452009951551657,,,,,,0.0,,0.5769925491081508,,0.7578074131236887,,0.9818881711455836,0.9840764862015658,,0.8327726426495085,0.9148808547731451,,a1bc04fa20bd623f99bbac759e22dbd90554263ca7b217cee49ddc9fedd59da2,550d403c2cd02d480d3ae049a478b103700ae04d047712fa0e5187f9b0fd5068,cbec9b64cffe475fc284520507924c33928304e88393399f9d0b7ae88d0503a2
miscellaneous-numbered-cab-views/0047,miscellaneous-numbered-cab-views,train,0,0,0,2073600,0,0,,,,,,0.8540999925955788,0.01632180431073879,,,0.0,,0.9219454716533249,0.15679696026516834,,0.5911397410128835,,,0.585712612507095,0.0,0.9895463082716061,,0.7199351954871074,0.8123863719513911,,b74e6210f53416c45a93c3fb1a022de2cc33ed02723512634c739624b649276d,52518430666be87ad030da35871a2439ebbc09260cee1aaa6bf65be527c77193,4695bb00d43eefa9570a4a817a958040d0470b4c4e6acee5d683c23d6973b49e
miscellaneous-numbered-cab-views/0048,miscellaneous-numbered-cab-views,train,0,0,0,2023939,0,0,,,,,0.0,0.532915891013708,0.4711695093905711,,,,0.33844678811121764,0.0,0.5958304228681962,,0.4174905554215899,,,0.589222594023942,0.9232125761644565,0.9942287476224128,,0.5951751137445773,0.712041168939328,,f912ea15971bc82b19029b9aad152ec1934e74e2a32d29934c116cdd7409125d,207a7f72a12615e89d5f214f068689216c6d434bd46045ce97046eadaaf814f5,29d4569355f01325ea455a365a29149d74abf79998b9e4d3f6250fd9ac23a631
miscellaneous-numbered-cab-views/0049,miscellaneous-numbered-cab-views,train,0,0,0,2023841,0,0,,,,,0.0,0.7808170239204721,0.35034958766583,,,,0.0,,0.6275017869907077,,0.9028640536529052,,,0.0,0.9548259904925734,0.994366604951938,,0.49809291852396487,0.7156028796653797,,18e4e59e4f1f16790b92171327c69eba67d5364edbe5a933d052ee78b21f9557,d8c2a5b6f12b75c02efc4512cc0c2efdba9b29f877cc7842dbd1070c4cc562b6,3ad4dab68593009f016246160afebdbe7cd7eb04410927747e81400701754b60
miscellaneous-numbered-cab-views/0050,miscellaneous-numbered-cab-views,train,0,18406,0,8193217,0,18406,0.0,0.0,,0.5985205110961668,0.0,0.8757748372247758,0.11613011966964436,0.07719859100731137,0.8743158753856204,0.4619133225370318,0.07416417240049766,0.7492961947909093,0.657729485374431,,0.38150848059791836,0.46256176358798934,0.0,0.16289602757279836,0.7560208361797501,0.9182751856487892,,0.6695105184850368,0.6864344261801868,,33fc6fbed915cff715396fc229a8e0da423ed1d84e76cec2dcc2a28d124be983,a9c086f93a23a8995da1495bf54ec1a377ef02d5932b137a3002f7384f45c4b8,9d725d6053aba4729f404f442d7570d48b53f32c80cab52f514fcd7fded24a28
miscellaneous-numbered-cab-views/0051,miscellaneous-numbered-cab-views,train,0,0,0,8212452,0,0,,,,0.25401459854014596,0.01157216730734029,0.8231074251854394,0.4600702731608925,0.056645056726094004,0.0,0.0,0.0,0.32473724051591113,0.576785948810655,,0.3410489486237896,0.32893852065321805,,0.39117856372654736,0.7793404283064941,0.9458326755883928,,0.8072024971797996,0.7421635470321315,,a29169723725172c5b690fadfa30cc7cf76f7eb2328590890c3c828f7d3f20bf,f19c28ac63b6c849df2da22a96db0a6b720006896d82875ceff69a43205d2023,2ab25233f91dda66f7d2151aca8abdfd7d697a6248aa7dd372bc78a2ed97e57d
miscellaneous-numbered-cab-views/0053,miscellaneous-numbered-cab-views,train,0,84,0,8119700,0,84,0.0,0.0,,,,0.8476629486010907,0.3169112276741252,,0.0,0.0,,0.13554875820396395,0.16286800481103395,,0.6331133975444717,0.049978822532825075,0.0,0.4881895348004782,0.7950374040252183,0.8818201395661266,,0.7906826058566477,0.6941962822618218,,9e09a858819a1882bccc4f5b7cd52bca20f66b1052a3c5191dc459062ae69e81,70a16c903d27ac00306c86f14141f728ececfc9dc4e320ea99148e50ab77339d,0acf59e087011a256c6d361e6e7251326f4e46047b5fc8a7bf50301ca7ec3dd3
miscellaneous-numbered-cab-views/0054,miscellaneous-numbered-cab-views,train,0,7713,0,8167941,0,7713,0.0,0.0,,,0.0,0.8100675255992122,0.5127297415256292,,,,0.0,0.10676098042441191,0.4730848487039514,,0.6986152592994841,0.4798392498325519,0.0,0.0,0.9754622282227433,0.9744768774585113,,0.7568343826421771,0.8660770657588087,,ac828e814ea477c826e95def13cde08680d0a05dbe64cde8303472779d31fce8,ea34de2ac35692d4e015602569d70b94968ad6bdbb3c7aaffedafab451351ee1,b0e1cd265c3c6574eea6f00ad78794be77fe508741fd3b6a87e1e53d7250100e
new-unmatched-2026/0175,new-unmatched-2026,train,0,0,0,2073600,0,0,,,,0.7329258010118044,,0.8640481562061914,,,,0.0,0.0,0.0,0.471797757672828,,0.5408942202835333,,,0.0,0.841361591030403,0.92039257342963,,0.7996601647967971,0.7090610015451368,0.0,c81bc0c590d9bd6563e2e11176cfe441dc0920a5f9cdbbea9d32b36a51347b86,e567f1deccb42140b8e6f7f671b1b6b71cab015fd5065dba841e709332e19b53,6d2f99f06c259957e4fea84da237a31086aee0f6afa062afe81d3dc7b14fbe5c
new-unmatched-2026/0176,new-unmatched-2026,train,0,0,0,2073600,0,0,,,,0.0,,0.9162477889619892,,,0.9001368326936281,0.0,0.0,,0.28068376068376066,,0.37037037037037035,0.0,,,0.8278975216620291,0.9845100706481197,,0.7596677782671617,0.5926880077234629,,fdfba692303712b2119a1d725763d74b54fa20defdb3415916105955f503bd9b,bf61db99763dc894604525d3f039b209cb136d83f1cd35b7655768228102fad0,395153adadc64dc40bcbdd2761386ab355560c06009c63b369ef43ba5289f443
new-unmatched-2026/0177,new-unmatched-2026,train,0,0,0,2073600,0,0,,,,0.7638186648384608,,0.8877616495846556,,,,,0.5763985082578583,0.0,0.0,,0.028973157221985513,,,,0.9727449760812293,0.9923371998838506,,0.7037505534121814,0.7983400513631648,0.0,92fdd6e752f0a8493a8a0114320f0d3adb209985cc28a17efef842ce5c887b26,4bd80258418635ffe4fd02e59e7e743a04d3ef8362742a3493154f57d54ca4c1,b55887d3d9e97d7ac59bf6726b19d38fa84e1fad62c6e712f867d7d975dd4fc7
new-unmatched-2026/0178,new-unmatched-2026,train,0,0,0,2073600,0,0,,,,,,0.7210634505361815,0.0,,0.9168159610930575,0.0,0.0,,0.24521211807085289,,0.3377519599921382,,,0.0,0.8714099568386668,0.9692121402964328,,0.6699640920932197,0.7879975154092408,,bcfbb199baa79a77d97dfe9e368490306a1c84afc0dabca15e0dae262f2a945e,c0720faac0cf1b752740879c16180ae323eda041ad52f9878faa4a44fe5fdf85,72e9fb80fac42ef156045517da4b1ed576b618ee4e9375e28a7abe939f011b1c
new-unmatched-2026/0183,new-unmatched-2026,train,0,0,0,2073599,0,0,,,,0.7289695182842741,,0.8996465530539292,,0.0,0.9026872336107165,0.043824701195219126,0.4060084286574353,0.7608295506600591,0.6424277596840136,,0.7068947992546163,,,0.0,0.8410913102318863,0.9822699790427778,,0.7197772650788419,0.8808461769878737,,60f737c273e283351acc6efb1ba0704e0827f47b77fdd8695a5bd891f5dbab4e,291ed9200b9c9d9d1be97ae0e9b2cfb2da0843377519c6b9e5e806e193e1071c,ca3ad543ece4a7f575b833082b043a5ebab4becc4288a05db85d479e57c76867
overcast-mountain-stations/0214,overcast-mountain-stations,train,0,5017,0,2057980,0,5017,0.0,0.0,,,0.0,0.6385959141155588,0.5095238095238095,,0.5005036241186578,0.0,0.6182007315190765,0.0,0.4148240826628125,0.721918748284381,0.7377762919540051,0.5288485451380254,0.0,0.002524854031876282,0.5096115175480809,0.9547473971501063,0.2350721420643729,0.41551045510455104,0.48592072623070015,,fcf5289b197c7f0a48d5f375c13e6c090599b238c68ce299010e0babb86cb7e7,d66cff571333e436c6a9212058e636e2420673e9fa861b9fb9c61d3cadc245d5,58bea891f44a7ebb1e2de37e005849d447bc9d2736271dd12854fdf080fbaa33
overcast-mountain-stations/0215,overcast-mountain-stations,train,0,0,0,2072956,0,0,,,,,0.0,0.8844545635019108,,0.0,0.8740443711587468,,0.0,0.10620178957112003,0.5579780458489564,,0.5002770865705376,,,0.5652476611792008,0.7384702942122584,0.9632697545864822,,0.6498524610200269,0.801948077451789,,a4ea3527469f92f7e01c82dbad4e004af29e5a534ebe1ed94e96185736126eff,854429faa83f8da4db49e7aad63e0ef178c079e045e63a5be44bdb3fcd0af9f4,4d02bcca37613556fc3d4e477d1aed434017416b6af7ed9780d61b897f0cf7ef
overcast-mountain-stations/0216,overcast-mountain-stations,train,0,0,0,2068117,0,0,,,,,0.0,0.8802030390700342,0.034728406055209264,,0.5920312822567914,0.631981460023175,0.3955870764381403,0.2833266939485025,0.6548860222654179,,0.5820208783416067,,,0.0,0.9405794897052575,0.9732235778215412,,0.7195943087170437,0.8309744351979766,,39f23d5418cbc5c465dddc13feda5ebb78e7eb06be8eacb3a5acb0256a95f409,484d599c7a9c73383e03fb6ad49561d2771579ca685ae29f0f30e4be25d04b96,72fe414c5ae1e78585747f4d9891e86dca9a788412011fc4b58c80a78b97dcfc
overcast-mountain-stations/0217,overcast-mountain-stations,train,0,293,0,2073307,0,293,0.0,0.0,,0.0502283105022831,0.00038804811796662784,0.7338555142481213,0.0,0.45879579609075727,0.0,0.0,0.0,0.8573238529759968,0.3471459125779639,,0.5958425023577492,0.0,0.0,0.47083012487199233,0.7939463140477786,0.7911321609899912,,0.6505895818360883,0.7655541123096328,,014ccb7933ce4cc405469bff1fb36825df54553c505c185a5c2b9ca46750aa01,aa3b2a2139a82a89c2ca14efdb1d56c34c50fe2cbd36c733edc6aeb721cead1e,73e2a5dac9a6898c71d5547d34c94f587008c4fcbf6f92935b26dd65a38a32af
overcast-mountain-stations/0218,overcast-mountain-stations,train,0,0,0,2072152,0,0,,,,,0.7498998887652948,0.9608759710688455,0.0,0.0,0.0,0.0,0.6726811789199371,0.6135528270900132,0.31462158837198706,,0.848615783109746,,,0.3066514347714955,0.8746797164507811,0.970210207837072,,0.6224002464951471,0.8253239458696902,,7d192a396ef667bb5f346b4419b19250547fc8d398f9ad1541087e3b71df732f,5a08d87d4ef25c8edc375b184d40fb21715f14fe709bd157766f55da6db5be90,e74b04c66d68dba6d778fb278fdc7f966662f8be6528a5878d3261fa7d1f6b6b
overcast-mountain-stations/0219,overcast-mountain-stations,train,0,0,0,2067823,0,0,,,,,0.0,0.25163838969698354,,,,0.5600739371534196,0.8231759031603115,0.3713809206137425,0.9340030696246686,0.4709704590578184,0.37327777668586254,0.313393555729426,,0.6624415845272903,0.9236543513083263,0.9958948533058639,0.5754421171453656,0.63490124210955,0.6076054673529366,,217eb3ce4240bbab2cd912c73d871881db741d3f99a15000d1343139afbeb72c,5dd19a743ac1e5e12f6fb63c62e75e423f24b6825f5013be4daef1327de5b91c,71589e6ab5471537cffb49f6eef81161d9d0e23082c861df347f46a5d2f702ea
overcast-mountain-stations/0220,overcast-mountain-stations,train,0,0,0,1926688,0,0,,,,,,0.8981431816747649,,0.0,0.9269418245796198,0.08228730822873083,0.45537300177619894,0.0038629492777964396,0.6510906647368965,0.0,0.6423300807359923,0.7106344135098128,,0.0,0.9313961401610376,0.9865339609952926,0.0,0.7469009958992384,0.8020440628473055,,b998518e2d97c634c8c2c846bf7f07e5ad02688387f15d657cc9646d080b722f,a78aeb5c9b6e22817ec40a0d14a2e3b3369a6697165133d9a00b6e867bffaa90,36e20dc9c2aef559ea198d42fbdb99549a46fca90eb12f1066c5107b1611aed3
overcast-mountain-stations/0231,overcast-mountain-stations,train,0,0,0,2073600,0,0,,,,,,0.8791292283298098,,,0.9754236908679786,0.0,0.7501930587119122,,0.0,,0.7568131718070268,,,0.30048608042421565,0.8941691772399164,0.9122867669064303,,0.7758187715810401,0.9156296857368104,,27cd78cb2b58647066724fd485237e2568caa02d648e8186d42928145e8c8070,e2756ab550685eb2f70de905f8a2f1b99510c181fc397402f3f807c8450880f1,d73c7814b2959f81eea60cdfa231615cde0ee2243c212289fc7a7de87ddb3717
overcast-mountain-stations/0232,overcast-mountain-stations,train,0,0,0,2051786,0,0,,,,,,0.8705084971011845,,,,0.3818531580634819,0.4685969274789658,0.0,0.5601858574125164,0.1071087025820848,0.34400893224422635,0.7937950485741146,,0.16363977485928705,0.9202890868334529,0.9802753642045811,0.0,0.7545171339563863,0.8536466238860252,,77b17d1922889f7c1d3d5c9eb9eb7abb5f53399f38433a493e4e0d9f6d369bd5,3315c387c153f722bf32fbe0bc5bfbdaa858f63464cab9be2c8c073d479522f3,49c37b57d56a8b1bac89bba6952022017c88751b7b6420f1cc2ca59ce88ab13f
overcast-mountain-stations/0233,overcast-mountain-stations,train,0,0,0,2071895,0,0,,,,,,0.7941905874975058,0.0,0.8030028048176868,,0.0,0.705422625595893,0.0,0.5246899409607563,0.6728726934820125,0.34440777614465184,0.5588183576578161,,0.48530124863619833,0.8537858746893118,0.980158426317145,0.7086857850216629,0.7511424597655474,0.5977165433421502,,ccfe0f6097d8c9ab6aa93e8322b418afe7878378f87ebfaa7638f12f8605381e,3b67554f9922cacbbdfd34af50631afad68cbcf60e66ebde1584c6133fe36a61,bf97ba8066c30bbaa42178f5f19b0c4b551dc3bd30fee4e3a1b65dc12393df7b
overcast-mountain-stations/0234,overcast-mountain-stations,train,0,0,0,2073600,0,0,,,,,,0.9387245746884444,,,,0.011078717201166181,0.5848823892168091,,0.10573502205777714,,0.63438787466455,0.0,,0.45536772256892327,0.9686291949823765,0.9940873892857754,,0.7690001153269519,0.8653813249545024,,709cbea54e2cf9800bbf3d0c032a4ecbdd34ac081630e119aea5e897a39808a8,9f031a8f85e736e4469eff85abe294ba9b7cd9f12c496873f486d04a6bb80267,ae0e6ed70fdf7f8b1b6646f5e41223a9f430edc8d58a2e843e876f442d2e7701
overcast-mountain-stations/0235,overcast-mountain-stations,train,0,0,0,2071387,0,0,,,,,,0.5680044969083755,,0.0,,0.0,0.7321306870229007,,0.8282234773577658,0.6840824944157156,0.733062048581479,,,0.36572460962704867,0.8695545473584937,0.9757705665824046,0.6182223747426219,0.6835162367734149,0.6483861487290251,,468c69f20ee4665d35f34a795d6f47eaaff96dedee7864164a769f063403427d,727abdd8767871d43483380b4a639a89408335f221c2798f071ede7d71cbcad3,75f6945964a7ecc7b7413b4ca3ffad88a58c37bfe45c29aff6ffeaf8c6c3c110
overcast-mountain-stations/0236,overcast-mountain-stations,train,0,0,0,2064486,0,0,,,,0.6135032724767482,,0.8908667090485273,,,,0.0,0.6850148917772684,0.603424203046808,0.8308620086598884,0.7347613641972262,0.41806832955160245,,,0.4935049143783565,0.864713373808609,0.9828352319516882,0.6256057526965765,0.7239109232769831,0.876470886589572,,7d0f48496493980d7a6b226310064c37f280f0d3d8723af88c69108db233c6e9,357469e787079530c7c4af0fe3afad136d2be00a3110c53be46d1dbb7f58abff,bd5030d31130674bb512f99f38a67317a069f98e10376c890feedafa20695f9a
overcast-mountain-stations/0237,overcast-mountain-stations,train,0,0,0,2058396,0,0,,,,,,0.8151775176241667,,,0.0,0.07811447811447811,0.645366985799922,0.0,0.5717924768616796,0.43177661260821854,0.3535164584636429,0.0,,0.32496970629532035,0.8958093973762148,0.9886773260208102,0.5970768505421971,0.696781272860278,0.7153023846901398,,d9eebb905aa35607b8a9ee3cdb0cfd1d4a4e368e77135f92e804f42440f333cd,b1eec86e60b77ba128bbba833a23764f54d112d408858a88b1250f02d7da05d0,15ed3454d8dc446e7ba0e435a6d03a7a3a8d1a84a5488eba02bf19fff89df6cc
overcast-mountain-stations/0238,overcast-mountain-stations,train,0,0,0,2073600,0,0,,,,,,0.7424747924080665,,,0.8920793009012851,0.0,0.0,0.26103640076040274,0.5960088894998511,,0.615372907153729,0.4572405929304447,,0.933294957001064,0.8361805514899596,0.969712563795134,,0.5689204428952225,0.5771069159507556,,38d3daf79fb1b3f1c4c8c5bf74635d5954f16b3c5be5297e9e5ac9b077259d42,0bd106de9c902a9bc8006dd281b20d065ef8b5bfdbd81729dc77edc4d0287715,b9c795b7f9c9c7e931950511ab36030f492e09c96f733e3431a314f9be081d89
overcast-mountain-stations/0239,overcast-mountain-stations,train,0,0,0,2037432,0,0,,,,0.5775416938690724,,0.926412972502358,,,0.9244033911253192,0.12920937042459738,,0.934655286076125,0.6695237851923764,,0.4539484714692897,,,0.39354479688369504,0.45040321470839184,0.9517836747476236,,0.7027393879565647,0.725361235675137,,a48c958611d90e4471af958912e453f589b8b5533315c5d59ce81b77a46a7bfc,7b59514cf69597aa4f2cce3764a3d0af51710e328dc3d85c3976e4c563c3ecc1,3eaa0a5d9f5c1c94e74bf50e4bc8f4d5d5be7736af9950be1280f0070fc1e2c3
overcast-mountain-stations/0240,overcast-mountain-stations,train,0,0,0,2073600,0,0,,,,,,0.8678669620002241,0.0,,0.8207043506767199,0.19993423216047354,,0.0,0.8021903484437399,,0.7330004755111745,0.0,,0.2317408017572762,0.8806330213258708,0.9145676030008012,,0.6903360071653429,0.7588080523376086,,8b51f499144ba83986ae26ea615d1f3e8da062613143bac5e635ab5684f8c914,99709ace9ed244e7aac8df6f8691255f3bb94e3107826bf9d3f678400c6ead23,f4facdbb0bc780efa5db618ba0e3b7c4fed58c78df1092395aa50f7bed0e7d78
overcast-mountain-stations/0241,overcast-mountain-stations,train,0,0,0,2054583,0,0,,,,,,0.7765509148130367,,0.0,,0.0,0.0,0.0,0.0,,0.6626101103511758,0.42036771728748806,,0.3282971542633521,0.8086430438596364,0.9441799564612089,,0.8352692609088114,0.8796885082257433,,3625a2c4d4e9f8f3e0165e6dd90494d2791acd79e6142389e4a17e9e72601af3,a18c6013db023e74d3f18197e3c928119a026a0643711724bc334d3c6663f66b,05a2befc50b509c05728c9c4ff808130a78eba6b26149c4e4a30e596a255e03d
overcast-mountain-stations/0242,overcast-mountain-stations,train,0,0,0,2064724,0,0,,,,,,0.7951044938390915,,,0.81829272107354,,0.0,0.0,0.0,,0.5653680562847843,,,0.0,0.8937438788663753,0.9631740245614293,,0.7692395116248864,0.7777474504354731,,ded050ca71f820d730759226ffc1d2274e07ef4601f63b34c13120c7ef05161e,eb2b02a061e3cd39e085fb56063ea4abf4c835ba5583526332833e0723c0d442,6590492b163198c88650602704977de0b91e6ded1d452434ca5b14d842e06f61
overcast-mountain-stations/0312,overcast-mountain-stations,train,0,0,0,2073600,0,0,,,,,,0.7589172107381991,,,0.0,,,0.5003563338338975,0.6015579308602755,,0.6176919483666872,,,0.0,0.629903040987219,0.8959837355462373,,0.7236593785960874,0.7630677379106079,,5443a27572d1805ca781a25437ef08d1d27ac70239d96cb52f50717ff14822c3,b7a584f428c50f605f7f6cf81f78b931a71df4e8242a20fa82991bce28e1f9f1,22180fc6d11ac63cd66fb210cee04a1a065703795bdcb2cd3beca0bcf387cd66
rain-water-cab-view-with-overlay/0268,rain-water-cab-view-with-overlay,train,0,0,0,2029558,0,0,,,,0.0,0.2971264367816092,0.6318367346938776,0.457629989273415,0.0,0.0,,0.11406823961571065,0.0,0.9124157448455014,,0.0,,,0.0,0.8086801019855981,0.4243513597999375,,0.5629647992067427,0.601021097680006,0.0,7a53e1b4c0a64e0b30e58ab9db89fcf98ce95254700008d25f5394d06f97a292,23a6618e87555de6cbd8e26e944af51a428323c138f0f4bdd425e1c41c6ebf5c,0ca65610e750e550ea39742cc4ce52dd1429a997c4a3693a7658c9b7818ce7a8
rain-water-cab-view-with-overlay/0269,rain-water-cab-view-with-overlay,train,0,0,0,2054769,0,0,,,,,,0.948090932386426,0.39080532456445444,0.0,,0.0,0.4697227238924891,0.0,0.5996914842210905,,0.46226415094339623,,,,0.9444504430276713,0.992547944469083,,0.7187816616008106,0.8142002569150432,0.0,1100c1ea54949235b635d2def045d12f73d290500eb308c1ce83323f8600862a,abf7569acfa9b70797209bfc372ddce4a802e55f69e55594dc883d24cab15bdf,2bf6e195c12a94c32441b7a28eac71268f67c44620f2a95065625ce17b473d0f
rain-water-cab-view-with-overlay/0277,rain-water-cab-view-with-overlay,train,0,0,0,2032606,0,0,,,,,,0.48216716072860155,0.8129550455269137,,,0.0,,,0.0,,0.0,0.0,,,0.9855843647340111,0.9165438135989357,,0.6682398452611219,,0.047570395193918834,ca57dfd0f80377755014a88660f5a17884651b8fc20abd7455c72679bd8bb09f,5542b12fe43765140207071f9c0e4692ea5687467fc0d4d502d4e96bd01a76f5,b142ee69aedb8ed57c560bacb7b84ecab3c54a0da4b1d43fc49cb3b03a79e7c7
rain-water-cab-view-with-overlay/0278,rain-water-cab-view-with-overlay,train,0,0,0,2039559,0,0,,,,,,0.43941301710125685,0.7788650618353976,,,0.0,,,0.0,,0.0,0.0,,,0.9866097541340308,0.9615559945297067,,0.7824930067544518,0.0,0.26613672496025437,ae02105bf482e4b7269f687a6bf9420a5d1fcf5bf84ca910a716df519b4a66f1,f9d9cc36d418487bbef456deb4bd834ff96e352253bedc9a16b3f55061617ea3,1a35fb1de1d2c70a5d906ec73cb3ff2f49d69022dac21ec8cc1559c2237ecb03
rain-water-cab-view-with-overlay/0279,rain-water-cab-view-with-overlay,train,0,0,0,2054320,0,0,,,,,,0.7527516034523716,0.6351670604117449,,,0.0,,,0.6416056025741557,,0.7383704085246112,0.3203171933197165,,,0.9307927241491756,0.9576654010475579,,0.6857178126157265,0.4108416547788873,0.0,41a8c3396c58a82a580a4b2d762d7a5813c5b86e025f72d9bc3ad2ba21db3545,75cfc723508e1a083341fb8e16648a7f892140dd4f2ab1043d614110da2558d1,5c81cb41a11d0145e27828486d3db81968f728097aec598391494f8d6980a07c
rain-water-cab-view-with-overlay/0280,rain-water-cab-view-with-overlay,train,0,0,0,2054275,0,0,,,,,,0.5421641626646694,0.635038636316043,,,0.0,,,,,,,,,0.978363637269551,0.9192927459715119,,0.6871624167818113,0.5977518832391714,0.0,70a05bd99cfd467ea3e055a00e478d6e1b45acfa4adb761b94f8e266417d1ae9,e106743e4b56f6a000935339646381f74dd47b337309998f9c1f64e772dc2e55,70bea3a9e18b533675846f9d607726e8f3af74ac4ff6972cf5039c8897099bb3
rain-water-cab-view-with-overlay/0281,rain-water-cab-view-with-overlay,train,0,0,0,2053597,0,0,,,,,,0.6538308615959604,0.6699434581607575,,,0.0,,,,,0.0,0.0,,,0.986667429901218,0.9471933061009356,,0.6668341428013175,0.6183454266469013,0.0,a7da1f692dfad6e78cfde641dada58c6873c4539cb40843c04d9e3238e0235ac,0307bb1c875ecbe072c4937d166fb5c6179a715723a729d6f851102552edbb52,d059ba000428a97cf3e00a1249d8e8d91a683c87979c31a6a8dfc91f6a16d6c6
rain-water-cab-view-with-overlay/0282,rain-water-cab-view-with-overlay,train,0,0,0,2053810,0,0,,,,,,0.5178365516610232,0.6178258482932483,,,0.0,,,,,0.0,,,,0.9856846835304122,0.9284187503106826,,0.573785861616351,0.8215822240218656,0.0,f9741378f2d70f2bd7e5236fc50ad4936840f4c1561be37a810e2aba8983efab,c2f421c7de5534678595c101104109c3b656630b9d60fb9b35495a373e44edea,34f012fc7ccf3ac318a531c59c18d6557b430c1798ef69e4f2e61602df661c77
rain-water-cab-view-with-overlay/0283,rain-water-cab-view-with-overlay,train,0,0,0,2054083,0,0,,,,,,0.4525551328775505,0.7512459258388363,,,0.0,,,0.0,,0.0,0.0,,,0.9852821429973672,0.9762133889676552,,0.6674991674991675,0.016229712858926344,0.0,50f5c438789710cc8a44142a41fc391480200cadb38493f126501909f2df6f3a,04b5fbb59ca9fdefb2c884a036413016e6db4df5eab65336733ce8f35b69af69,ecc3144d04731a3c4bda27a4c14f98648c53c8c9648451860df23f4b99a3955d
rain-water-cab-view-with-overlay/0284,rain-water-cab-view-with-overlay,train,0,0,0,2053473,0,0,,,,,,0.6529326140936724,0.5245964383006506,,,0.0,,,,,0.0,,,,0.982178895911462,0.6724923725940714,,0.7494743651948892,0.6322528624415417,0.004618310241782124,43ee426aa0b2c2ce8f85dc51fb77e1d7b14c6221bf250479b4fc3db9938e1d2f,124b16930742b8657398889555a2a4ca0cd3a302b337fa75ca4b08d758b9ab29,173902f7ee318aee539529a85b39f6b40ea09484b78dbaef68cb5134c18a6a46
rain-water-cab-view-with-overlay/0285,rain-water-cab-view-with-overlay,train,0,0,0,2054047,0,0,,,,,,0.6418622771987923,0.6959980282818324,,,0.0,,,,,0.0,,,,0.9671854250371551,0.8591022939609589,,0.7082337118947998,0.0019342359767891683,0.0,2956bdb840f2c86e03cbc88cc38600c415d72eea5fff4f468697cb6ad1fb86fb,7c817992adbdd24001302c811f1bdc3fd0af55e9c6cee7d75ee1ebab90d9ce52,3df4511ee1bcb57bd2625a1e39a445f9c1fd6f2eb082651f2d2da976a9714404
rain-water-cab-view-with-overlay/0286,rain-water-cab-view-with-overlay,train,0,0,0,2054089,0,0,,,,,,0.0,0.7295052191843756,,,0.0,,,0.0,,0.0,,,,0.9758175705691048,0.8839810799051188,,0.6685210941121928,0.06841730168302176,0.0,65bb9a26ed2495d66bcecef26da2702eed5d5ef32bc6393785623c77524cec64,c5023a4e5a1ade5fe386facb5dd55efc8f17e3afa73682ad1f23e1e7f6e96499,6af4b5e1d329c73978b3447df4f984719fba0e9237bb9b65b2e859a1633dea89
rain-water-cab-view-with-overlay/0287,rain-water-cab-view-with-overlay,train,0,0,0,2054230,0,0,,,,,,0.5486108183312955,0.7458908084148413,,,0.0,,,,,0.0,,,,0.9823312527313419,0.9809776099423692,,0.5805557754730425,0.0,0.4121900347624565,e86117d8914772da397288df8ec1e772efd2441073ebe583809d2c492b5a8b2e,49c1380aaf9d4764c6f027260ff4e8b042c503f86f3393d63dba98fb7b567287,95deb0c1bd7019f6a90edfdf2716f909d16998faf0e896580fe1506547535d6d
rain-water-cab-view-with-overlay/0288,rain-water-cab-view-with-overlay,train,0,7,0,2027487,0,7,0.0,0.0,,,,0.7030943323075431,0.37508957719563657,,,,,,0.9799440959237475,,,,0.0,0.0,0.782738144466315,0.0,,0.6204714553925318,0.2627864829754134,0.44429149342622765,edfc5f576a3fe8034173a9ff71791befd981bc683b089bc729fe555cefbe4b3f,18a05516eb56af5f738ece0bf1f771ff1da45279a794c9ca45f4549211644f6d,6381da50261aa7ccd0f8496c44ce10e687ab4ac2505fbcea072cf8004a7a2ef9
sunny-mainline-cab-view/0124,sunny-mainline-cab-view,train,0,0,79371,1994229,79371,0,0.0,,0.0,,,0.5426482864165468,0.2631955627124709,,,0.03550295857988166,,0.8729434066013573,0.850639243463849,,0.6698985343855693,,0.0,0.0,0.8796748855716816,0.9722478672339238,,0.38260201529336096,0.5535660133524305,,7401f5fc76b6fc6c255d1dd4039a55eb15e32ab20cd3552dcac7878a8a74eb88,9544d3a4d4f26ddcf2a101283fbc57247e7d6b9a4c2a4d1dcc6ecbc47866431b,c5820af3d1067dcaaa75c76839064823d830bea9adcfa9189e0ff4d94b13da90
sunny-mainline-cab-view/0125,sunny-mainline-cab-view,train,3144,944,32387,2005109,35531,4088,0.08619602467443455,0.7690802348336595,0.08848611072021614,,,0.6224090574615503,0.0,0.0,,0.18218442256042972,0.4611224068762211,0.0,0.02058165548098434,0.368618561893968,0.34729984457157975,0.0,0.08619602467443455,0.5233660854508114,0.7673552186168868,0.9930287374317225,0.23777495000908927,0.6745334110981503,0.5609817946939069,,b9b5845a7575d6e07a9bbc5c28a07e05557e8f29ff815f5cbf7248d75ec08247,258f3be8e12caaaceed243c728d350b639caa3c57d90a8ad103831ada0b7f6ef,7d5dd7b1a9971c07be3ef4b49f61ba98b7f614b7afaa1b84fff822c3a6f84f6a
sunny-mainline-cab-view/0126,sunny-mainline-cab-view,train,20666,4229,12993,2033249,33659,24895,0.5454497466216216,0.8301265314320144,0.6139814017053389,,,0.6293146477250912,0.14489601221141005,,,,,0.0,0.8237871232790792,,0.654915777970381,,0.5454497466216216,0.6641136580248352,0.39002643897860845,0.9710711378326157,,0.6766136335014483,0.6380085075789348,,a1e2fc892f0b131c74ecceb67559b53b91457b9cf91503592486c858fd335277,e27211315a2ae32a9a3ef1ca41e51ca0a0fa4f6fa09bc2a6e3ea542fe11ec29e,c4fbeefe28f49b465936c14c0c8475965609ec972af94daf081b8b5772d48d36
sunny-mainline-cab-view/0127,sunny-mainline-cab-view,train,8447,1681,16583,2046889,25030,10128,0.3162367563924975,0.8340244865718799,0.33747502996404316,,,0.7071100937780025,0.029822435323252017,,,,,0.0,0.8210934717586508,,0.7169823612762423,,0.3162367563924975,0.4722229959333742,0.6931952722091786,0.9691744670075948,,0.7166469893742621,0.7321371550216681,,0d4cde05aed2bd4fe2170c8e306ae84b426e1f4e3c8d7f9b0b0cb271454f8c9e,aaedcf88592ad3e09dd1013b51109aeb4e7c40f4b2d9226c243471e2f34e9ce8,41ec2d637f4753763411824c7266ac50c428a43bc5fb8f8be5cb057605bc8141
sunny-mainline-cab-view/0128,sunny-mainline-cab-view,train,2689,153,20494,2050264,23183,2842,0.11522968803565307,0.946164672765658,0.11599016520726395,,,0.7754560713204743,0.31960359244348097,,,0.0,0.0,0.38056792139714984,0.7542176506977866,0.0,0.5424181696726786,,0.11522968803565307,0.3686050067718118,0.8561966655339304,0.9751535283459559,0.0,0.685344787854766,0.6687277921467841,,24687c346d035f3bef72afba9b140f03eab022e4a90af673afe81fa9f274787b,c2fb729a44959c3f10648bb333aa2bfa0a8bf6c4779e7237ba1a4ca106ac5d1e,7a9e972fb29fb253e48b57ac55afc1868a33a074ca36735b688a5be3399add19
sunny-mainline-cab-view/0129,sunny-mainline-cab-view,train,4495,2158,40756,2026191,45251,6653,0.09481322111835305,0.6756350518563055,0.09933482132991536,,,0.7067869385237637,0.3528468323977546,,,0.0,0.03456116416552979,0.5301312854942175,0.794064219141887,0.32953291651342403,0.6583898366306491,0.0,0.09481322111835305,0.4116588469695996,0.7871825424833616,0.9657312477691451,0.0,0.6329224667548021,0.6117393992855196,,e52ffee04497a5939bda202788429a87b3560377d2abd91af07b4286a26b89c6,0c3855bad8ebb48418e3eb7da192926f4eba3d0bd8a6c1ba206a8a0de118136e,1c0145d8e1ea26be282e9023b18d2623374dd41d143f42805506a8045f68dc08
sunny-mainline-cab-view/0130,sunny-mainline-cab-view,train,21190,12954,6094,2033362,27284,34144,0.5266166310452806,0.6206068416119962,0.7766456531300396,,,0.6857186863816565,0.12867001254705143,,0.0,0.1351572070232748,,0.8328239443685507,0.7848586166785425,,0.5800664230043893,0.0,0.5266166310452806,0.5188310351924265,0.5175519630484988,0.9675195018246342,,0.63073586782772,0.6457274185686941,,e0ef00001b7bf26a5b6122387465145d21b99c1296743b3f03e61660ac3b3c2c,9e56d793d32c98b488bb34adae6c07d0b0bd6f457d0f9aa68dfdc9a0a4542a74,3b0e0d0e5110e2e73b0f050f301898cd67101b125f5c5026e05e4c8600830da7
sunny-mainline-cab-view/0131,sunny-mainline-cab-view,train,0,0,43352,2030168,43352,0,0.0,,0.0,,,0.6782682462020061,0.14465180451673806,,,0.0,0.10502759958227659,0.23440148921317688,0.6422620007525668,0.0,0.6663691230333325,0.0,0.0,0.5988250006999599,0.6793220092387153,0.9404389333551996,0.0,0.6111054818117337,0.7066781807714451,,6ed3b7e372d8d5dc78b215af5af6f4653456cd41ece09177eab1178a747e70bc,a8c27ee277932c37a1cbb160b15f22866e20dd4aec146b5de86eb4603ff534fb,a62dd27f507a3ce1e52cd85d96477920c776903fbb16ae4fd162afe0f4b8364f
sunny-mainline-cab-view/0132,sunny-mainline-cab-view,train,0,0,14047,2059553,14047,0,0.0,,0.0,,,0.8274277704228643,0.0,,0.0,0.0,0.27941701065076696,0.0,0.6079705893138729,0.0,0.6089611656708234,0.0,0.0,0.4264229364415998,0.6088210183294294,0.9549821305111705,0.0,0.5683172385453051,0.7328599072034895,,e153b7e6bd960d596c08d639a6b6e83a0851899aff6c01d8e6bfbba8b04f29ab,51ec0f2f880b6d5e6d011aff4a6f35f79480042485ebc9db45b9e0c8ccb772ca,462d001d447c6cc89be4a1b1f4e9c51a3cb197c9b865fa6a7067efa84cc941b8
sunny-mainline-cab-view/0133,sunny-mainline-cab-view,train,0,0,4876,2068026,4876,0,0.0,,0.0,,,0.5506370140247636,0.5403598971722365,,,,,0.0741241918508495,0.9006554380732336,,0.6052642661612971,,0.0,0.5865422014780242,0.42637738186818797,0.902313885855071,,0.5607065199927163,0.5073339957640596,,f9e73f2fb85c57a08b9d33b0c1c38cfbd56bb541c4b32e14c80883c01757b91a,7b970b234bbeedfb2a18e0ce9e899a251b487dd70a00f183d3d16356c2b2478d,9656a36951c9d5678d2cd7e0c5cab686d92ed0079fe7477cce62e063aee0274c
sunny-mainline-cab-view/0134,sunny-mainline-cab-view,train,5453,158,30758,2030065,36211,5611,0.1499353845307817,0.9718410265549813,0.15058959984535086,,,0.724960434094506,0.0,0.0,,,0.0,0.4291970802919708,0.8685455901866205,,0.6914376518975509,,0.1499353845307817,0.7639881928501148,0.8777839285761135,0.9871360087510881,,0.7404560810810811,0.6871511775902617,0.0,9e4b1e6f4202cdfc0d9ff15e1ee6eb32270e1c0e88b7b7842be2345e74dab6f2,810016b295ab6550cc7248033bb01b9032302ca875b032e9d08005c80b18156f,b8b0c1251c2c5a350b9d29bcd80785ce0b3790365f581f0db3749d41e50c6bfe
sunny-mainline-cab-view/0135,sunny-mainline-cab-view,train,0,0,18124,2050151,18124,0,0.0,,0.0,,,0.8302902886714644,,,,,,0.7274497395706566,0.7417527879955625,,0.5846476510067115,,0.0,0.0,0.9384183979440035,0.991469923997754,,0.7974972369781453,0.7939357079408775,0.0,917d7fdbcba14ad98f4155259ad4945453a4e76aecab144bfdfd515d95e55343,ef3653ad7186e447e51f20d8a071847cfab4d31d30567977a105bb93a6e226d0,98e7d46b3c44ee08f17bfac6672b4bfdfa5d55680b5369a4d3e0babb8025d00c
sunny-mainline-cab-view/0136,sunny-mainline-cab-view,train,1942,598,85758,1979763,87700,2540,0.021993703141634013,0.7645669291338583,0.022143671607753705,,,0.6776744422997458,,,,,,0.6654373182213427,0.7075231619547497,,0.5948206205559147,,0.021993703141634013,0.854869045279735,0.9569412136678787,0.9753873262538311,,0.73461915658712,0.7414972670079223,,23d8b5534877bd891ce5b404ae30036f3fd3a3f9769fc5d17235cd727642067e,79c1982f49ada9c405b84125d26d3248d5d79d06d6bc5cb458d82e04d838eb1d,d5bf5e7fcde23f6c40f411dccdcbef7573bff2216b1bd6ac1c6ad08476dcc3e7
sunny-mainline-cab-view/0137,sunny-mainline-cab-view,train,0,0,24371,2043855,24371,0,0.0,,0.0,,,0.8084990545548212,,,,,,,0.7132031477703293,,0.577242231638418,,0.0,0.4488309697201993,0.9540144070892621,0.9716907668762504,,0.730958966147476,0.8585939943978397,,a171edd02bf21b2bc889ac8ed17fe30fc47d76defd59a637e236ddadf0c76f27,6f160ebe16131fde736faa1b907b2b9193af1e3c3ecb7fbcc5d577bc8750144d,02b9958e1f68b10a3caf689aba8f8a764b15f85273448730ad1e423c3c8fd4da
sunny-mainline-cab-view/0138,sunny-mainline-cab-view,train,328,254,6608,2061041,6936,582,0.045618915159944366,0.563573883161512,0.04728950403690888,,,0.8958851685979006,0.0,,,0.0,0.5083275017494752,0.6508311066384426,0.5414807877159687,,0.4865816394313804,,0.045618915159944366,0.8255371951870006,0.910207676617838,0.9855819892452856,,0.7287458935490049,0.8885684579357535,,461bdcfd80571cea432e10e0947270b1a03bad21b5efa4efc325d700d1107bed,50f45cb9d7c36f7e9ad713cde316882219c82f7d0791f0d0e907e65ccc5286eb,3dbdd5c216fb0cee2be1c10fd051e4e61f9d0514983fa12ad593f0f6485ef5e3
sunny-mainline-cab-view/0139,sunny-mainline-cab-view,train,62,0,27808,2040460,27870,62,0.0022246142805884463,1.0,0.0022246142805884463,,0.0,0.6803202949478656,0.5067466266866567,,,0.4398854961832061,,0.0,0.637059023979052,,0.6274285488865659,,0.0022246142805884463,0.0,0.9027506158095095,0.9748433018166366,,0.7589020603368163,0.6298447662550501,,ea793969cdff22d7aeff4460d14cafa8007c32c5650e6cd3586775c958a0754c,9ffd1fbd5a02985f044eebd2c5f1c76c095bee6781c959b4c6742485ddd6b778,f0d169a22d3ddfa9eb765e190388ab5f42c70a77d886653502d651ee26868cab
sunny-mainline-cab-view/0140,sunny-mainline-cab-view,train,0,175,23511,2030300,23511,175,0.0,0.0,0.0,,,0.8713376932223543,,,,,,0.12346930816628968,0.4617954722872756,,0.4556342948398044,,0.0,,0.9514219840401531,0.9853833342752002,,0.7780508787022244,0.8605873466719361,,3a5fae521d4841d641c0b0953b4733aa8f8734d7fd9997403022f033352a935e,bec802af770693ccb921ee7235635fe5fd724eaa5b1d6e1f6746af21fd9112cd,83d387c51171b4925ca04c931069cbeb1ef1620249f5dac18f894c73467373d6
sunny-mainline-cab-view/0141,sunny-mainline-cab-view,train,0,0,24124,2037055,24124,0,0.0,,0.0,,,0.8650729632617145,,,,,0.0,0.0,0.0,,0.7720224445706112,,0.0,0.370275846259647,0.8873824716951839,0.952592918883621,,0.7603362946112938,0.7848594810525338,,2ab1618bf2232f7953374c7ff9fd6dbb5957a1d11d887a1004faeb1f3bfa8241,97b17a45f269102384f6109c04c9d6b8bf8782c9ed75e154169d5296a043ea20,ed960a3b05a5482935e4259db3d3ef382d7916aa0f31374279bd1226e17fee9e
sunny-mainline-cab-view/0142,sunny-mainline-cab-view,train,8825,11,20442,2038729,29267,8836,0.3014208620807432,0.9987550928021729,0.3015341510916732,,,0.868762677484787,,,,,0.0,0.3613656652516898,0.19345791053308561,,0.3689142391525769,0.0,0.3014208620807432,,0.9607756057928667,0.9897561505327043,,0.8184072325072784,0.8343176338875824,0.0,f9d4c3db5d27a80539d7e059e63c85bbda048e2f6d73d48e3b0e6d2541a023d4,ecd3fb29f78f54f484c4e6ff39b9f5010a4ff9510a0ca54c9e0fcee6ada30585,1c7dcf6eb759ad95625ec9b85a77e369eee68ca65e76437e90cb4c9ac829af9e
sunny-mainline-cab-view/0143,sunny-mainline-cab-view,train,0,0,44344,2023877,44344,0,0.0,,0.0,,,0.8807288624470846,0.0,,,,0.4581005586592179,0.0,0.4664284040309351,,0.3938755131476756,,0.0,0.6299116411304239,0.8517866175301684,0.9914037729973234,,0.8474431304176193,0.8005692911230727,,4437f8bc5b8248f9f54a530115e7dbcc3ace4af83f6e7e7505c28bd61deecdb4,5633b96990c8cacdbca53cbc8c942d05e63f5e2d839d47c6d0409a38e1392cfe,fd99fdbb89b809ca855830c75e881569171d94c51297c1ff8e7853680669106e
sunny-mainline-cab-view/0144,sunny-mainline-cab-view,train,0,0,9669,2058367,9669,0,0.0,,0.0,,,0.8629208389994643,,,,,,,0.041793177353098766,,0.5407086413459088,0.041371158392434985,0.0,0.5190725117747529,0.9315796524959206,0.9390933167620992,,0.733614622856873,0.8916029008679762,,f6b634ec6548b8bf98554aa0ac61f40eb22ae85f7e7ae26d084ddb9500ae7e5d,7f8b37a8c257a86c7ca870dd1ce5018c32c9ed888de4dc3afc7b590ae25fb898,f54e91a9e1a8630a2c5a1d167ae02fe3747fb840afa169140544aa90904ff9d2
sunny-mainline-cab-view/0145,sunny-mainline-cab-view,train,9555,111,12649,2045824,22204,9666,0.4281873179475689,0.9885164494103041,0.430327868852459,,,0.9037808739328178,0.0,,,,,0.4737673328300687,0.8812036289547533,,0.0,,0.4281873179475689,0.6936322809272901,0.866051363971894,0.9535830923741084,,0.8149962518087203,0.8540063581271133,,fcdb2f1d198ca40299c924da55b12732604c2030a0db21c6f4a86b3b5c804d35,20c74d76997181bbbf1ecde190ab83a62b8b818f8a40955abbde22b23f85c59b,573199cf5baf28c10bcc018a56e277d120ba3c7e3add363d7c3142198d8dbcfe
sunny-mainline-cab-view/0146,sunny-mainline-cab-view,train,21616,786,21257,2024298,42873,22402,0.49510982844316176,0.9649138469779484,0.5041867842231708,,,0.8426343264578559,,,,,,0.0,,,0.5368234250221828,,0.49510982844316176,,0.9523160817853156,0.9675136227269945,,0.7659741579782237,0.8006355221099585,,144ac7ace9587dad2bd7d7909441c0b2eb1b7a5fd5d975855c31e6f54006cc89,14b653b227e8c3d3a8b942968a57b177faaf75fb68a3e71ae071e6286eda5cde,414be8844fda57b863c7474b36728c165ee200c8b7ddc52ae58b22312da4620a
sunny-mainline-cab-view/0147,sunny-mainline-cab-view,train,0,0,6051,2055280,6051,0,0.0,,0.0,,,0.8766431911264778,0.0,,,,,0.11736312232795476,0.7477431934715101,,0.5995026694946245,,0.0,,0.9738281472439577,0.9610072118322943,,0.7363498169634547,0.8547719168643718,,6cf388fea166cff5c1481f523509bf3d72656e5aede0964f0ec6b15e88adea19,692808c9fd7ae6179769e38738eb5f38b5dfd78c857fdca542786e3cce1a19ce,3d9ca7c6522acda062d37be69dfcc01471911db82a672b66e553f7b1b09f3025
sunny-mainline-cab-view/0148,sunny-mainline-cab-view,train,15202,9299,15753,2003521,30955,24501,0.37765191036915585,0.620464470837925,0.49109998384752057,,,0.672533692722372,0.6141735421898042,,,0.0,,0.07309149972929074,0.9173462202963464,,0.5235973263115252,,0.37765191036915585,0.0,0.9087249372072205,0.980354358817444,,0.804297994269341,0.7795578303284524,,d859eb4079cd5f05a69e1a52ca314157548f99524569888aa31aa39194c4c163,3f6263d12602f503c9afd8899de5bf72117310b14c1df89f7ca3507e4df9258a,2d2328a843d66c33f9d2c5b241797e2c47037e400c3d37e805838695177b400d
sunny-mainline-cab-view/0149,sunny-mainline-cab-view,train,0,0,10614,2046514,10614,0,0.0,,0.0,,,0.7795682222142999,0.16847095450364397,,0.0,0.0,0.4738880918220947,0.0,0.6810543186759128,,0.6288637353069221,,0.0,0.16460841019227762,0.7683975547067798,0.9653508539434983,,0.6954176164174092,0.7522509784068234,,0f14ff36a7fdb27af6f7ec8cb353e753e159bb3b77aab52a80b13fe6937791bc,f956580152828b020215fbf2c78a840a5b4b68ad7e56c3e41bf4fea9766fcbe0,283bfdf0c968c6d13954596ed8ade4254ae00f2c5467ed665e7ed804158cfb07
sunny-mainline-cab-view/0150,sunny-mainline-cab-view,train,251,0,9367,1998952,9618,251,0.026096901642753172,1.0,0.026096901642753172,,0.0,0.8702038799813872,0.005958673714560308,,,0.0,0.0,0.5129616154265964,0.775555119740254,,0.5353747714808044,,0.026096901642753172,0.7092039452157247,0.8055406453717631,0.9926154154191075,,0.6797413187122171,0.7730622565293809,,d4d60368183c52383216b6039fb814147d7720ff8a5ea3c97e9222f8f0eb8937,ea19db3c93ddb0c57d8a40d4882b76fc921b3e7ef2c036f491aeeeed322a8ba8,df02640743d09c1e698cf0eebd9bc52377af82c04169034ca503e8e12e88199a
sunny-mainline-cab-view/0151,sunny-mainline-cab-view,train,269,561,23569,2041588,23838,830,0.01102504200991844,0.3240963855421687,0.011284503733534693,,,0.7312784509275576,0.4532343509151149,,,0.0,0.0,0.0,0.7659293531077027,,0.40446361901601263,,0.01102504200991844,0.6837407608327117,0.7272323037691548,0.9873029850890475,,0.8072584303644337,0.6834543476799845,,4b1751c125ecc67afaa53eb1d7655c7a5ec051098de588dcb48ea4bc9cd3c5fc,1ab5b3a734f95118a4f540fd1aa10298673d5e4910ab7f3050c63f27f8d9a24b,e47322e4430a0aa54789027f0fcc08525081f96ee72df59e7d8954221c93585b
sunny-mainline-cab-view/0152,sunny-mainline-cab-view,train,2957,3394,9751,2043477,12708,6351,0.18364178362936281,0.4655959691387183,0.2326880705067674,,,0.7292156161678074,0.23594894823918694,,,0.08828451882845188,0.0,0.10866752910737387,0.7755844831108057,,0.7183543813434571,,0.18364178362936281,0.744869731679867,0.823036710262938,0.9791437755498986,,0.7669981267446079,0.7228674949255254,,7c244faef1d58c7c544581c4aaad579ceaddaf9f4f8593f1c642198319e0f064,57425f7fe572f2d8c613752e0aa310cac5a68f17926ddb24529c7254a7030148,358d7b73b052c20fe31bc9c3c1a2de43158186125263dd3dc1fb1e73afb9158d
sunny-mainline-cab-view/0153,sunny-mainline-cab-view,train,2337,1109,19078,2044213,21415,3446,0.10375599360681939,0.6781775972141614,0.10912911510623395,,,0.8641084316141524,,,,,,0.6423450919156789,0.0,,0.8213153595655137,,0.10375599360681939,0.9325630733253776,0.955768835605776,0.9873501629564161,,0.8358281325762908,0.9159658669304972,,8a9db76dfcf9155f0dfba13eb33441d81632dfa0d872dd599c6a9a249961a009,05a5851a91ad31d3a2d1b4e3dda4c9fb4c997e5bb7d94639cfcf404ebbcfe4e3,38aaa7eb4775c0c29b60067ca71fcaa1e7d5242ef75c58d8a3d7f91be6a3b2f8
sunny-mainline-cab-view/0154,sunny-mainline-cab-view,train,8298,674,8118,1986700,16416,8972,0.4855471035693388,0.9248773963441819,0.5054824561403509,,,0.94347364528788,,,,,0.0,0.0,,,0.35119405980333135,,0.4855471035693388,,0.9590801540493584,0.9930704607010143,,0.854238788511089,0.8855236215799157,,6ba5f4dc3a08179c05592eb64e30da7a3ab0f61eb7a134091c4cb022c307f8ce,73a89e97a564e8790df1b2ef5cc6b4b1abecd82ba42528df33db4e2887c0a69e,72ba6fd600a12a40f60789847e65c9ecd9385eaaf3eb2b0f787a227183d73580
sunny-mainline-cab-view/0155,sunny-mainline-cab-view,train,3670,5801,1294,2049858,4964,9471,0.3409196470041802,0.387498680181607,0.7393231265108783,,,0.943919137307907,,,,,0.0,0.018508132361189006,0.7764450867052023,,0.36079720567084445,,0.3409196470041802,0.2816820276497696,0.9611924608211262,0.9823088479081763,,0.8358885176879777,0.8735232503455843,,06a90f5ff240f94f7308b963ae697e96d8e7f41f7c690b41c58516e490c044e0,3520046f77397809711aadef6d4851348e6ef6dfa7e4d4acffde40d4a08d976e,980c7be3fc639de21ddfe918c4151780ef9e364d9ddb2efac64de0dda429a749
sunny-mainline-cab-view/0156,sunny-mainline-cab-view,train,62,71,9810,2050417,9872,133,0.006235542592778839,0.46616541353383456,0.006280388978930308,,,0.916325545644674,,,,0.0,0.0,0.5113485238053019,,,0.6038789601949635,,0.006235542592778839,,0.9386343395951419,0.9825067683859294,,0.8659471654395512,0.8189296632965718,,2a9b7f9f2e664a6492b210e6af5c8b3238a3d01e1f1d4f0c3506e92519ad0942,407421d1c13fc9a5c28ada48397820d63763e5bbd52ba90e03022634e21f2fbc,6c09d44a5544cdfbfa5a0476515ba0d231c95534c656dc26b6743b037c0bbe05
sunny-mainline-cab-view/0157,sunny-mainline-cab-view,train,14669,4764,8868,2039871,23537,19433,0.5183209073884315,0.754849997427057,0.623231507838722,,,0.922566331337568,,,,0.0,,0.0,0.41228070175438597,,0.6146366059209105,,0.5183209073884315,,0.9141827197233825,0.98820513143754,,0.8307417997237125,0.8583656885502434,,8e5da439095b7bf529ca9afbcfc297a86c96a3820aab657ef461687e06417c1a,9981e1d1ae142c1e9738d94cae092b732bd369db06694bee51a34ebb4e3fc179,e6827bdc604f8ffd08862d11d4ee2207b5e5f215c4ea6e6749f703fee548b551
sunny-mainline-cab-view/0158,sunny-mainline-cab-view,train,1039,46,4045,2063048,5084,1085,0.20253411306042884,0.9576036866359448,0.20436664044059796,,,0.9503526126189554,,,,0.0,0.7306122448979592,0.02780279153534444,0.2348714069591528,,0.41186937408415325,,0.20253411306042884,,0.57443829213161,0.7290876653292268,,0.831927867151012,0.9041511099667102,,e6a650c2b434f3111eccf6b5f78e578afe4a7a00834675380b1cee62d761869d,07015ed660b2b8ea64300203f1815f3802c8e66a3db06436fb5305d647e31263,b332196ed08e1838aa8597dc4c7abf110943bda1b741fd6d17511c2eb0789b50
sunny-mainline-cab-view/0159,sunny-mainline-cab-view,train,0,0,29359,2038750,29359,0,0.0,,0.0,,,0.8600098758465011,,,,,0.6056952283222166,0.0,0.481501210653753,,0.40551942344876074,,0.0,0.0,0.922774095092756,0.989158932841879,,0.8628855983039426,0.8543559528505059,,0857b1a64422a748f3a1acbe2298b756354dc4e916a3e35065e7c7c8aa443cfa,d11d1839c3df1fc963b3d4a7d2fad7dd497deb84c04b0fae9ac7612d46bf2393,90f8049acec6757b0f4c621c823a780fe8e108b529feebdc52df867506e1b53e
sunny-mainline-cab-view/0160,sunny-mainline-cab-view,train,15718,4147,7250,2041187,22968,19865,0.5796791443850268,0.7912408759124088,0.6843434343434344,,,0.9328630593208883,,,,,,0.38882710800026166,,,0.5130565470599286,,0.5796791443850268,,0.9597145860284605,0.9856507694674157,,0.8409350503043295,0.8954559875660819,,3f99be5f7928e5a01c3e2e0da7c216742c167125a2f4df4f9eda959f3e86453c,3a16390f7fe8b99976e346e04b3a49000f78f09ada1595a248415368e11aedf5,272f979a4d898849dd5bbf942db3dd77056a413d4b084d6a6896bb1128e78f7a
sunny-mainline-cab-view/0161,sunny-mainline-cab-view,train,11817,1200,15881,2039221,27698,13017,0.4089210325974116,0.9078128601060153,0.42663730233229835,,,0.9073782513693914,,,,,0.8836114438532467,0.17271589486858574,0.7980155555933761,,0.5666666666666667,,0.4089210325974116,0.0,0.9267433561321232,0.9913519945219318,,0.8203755306887647,0.8820862663306394,,016395879116dde76f1eddcc264a67c3d1fb136d9a0f2d92b33ab41044c4e774,d23f8db4f6d3d5ebf380883116bb37266ab923f0b3242a26533b21ff6567c406,74bfb15b66e30ad11b2482cbc419a14e5bbb5223d55eb362b5baa3c193158822
sunny-mainline-cab-view/0162,sunny-mainline-cab-view,train,8095,154,19175,2037721,27270,8249,0.2951794049008168,0.9813310704327798,0.2968463513017969,,,0.8935445988399473,,,,,0.8739272610037306,0.4904358557244629,0.3667015906276788,,0.7750965982271384,,0.2951794049008168,0.4453860640301318,0.9283601980894063,0.9848270848190377,,0.8306338343842453,0.894251943411022,,9a198f581ccbd0527724f15f9a3cece6e5832854e77e259dffc5bd5a429ff05c,0f13810f4e07bcb4e31d23ae621fe1f2f1ba5df5bd7d2a28ccf1edc7b7b90c12,4c2ab0006a44a722671bd4b50dfbc892e0523efd3fe84cebc6313a81f13b65cb
sunny-mainline-cab-view/0163,sunny-mainline-cab-view,train,15253,4316,44882,2003514,60135,19569,0.23666040868256505,0.7794470846747407,0.2536459632493556,,,0.760218564588638,,,,,0.8612483930867019,0.5009678668215254,0.38932893289328935,,0.636391418617444,,0.23666040868256505,0.0,0.9263113353271765,0.9918683898244636,,0.7929580557792255,0.8277141561517034,,53c1f0e23c023af87bca8d7c925f1118fa6e03bf34b314ab0e901d159fd525b9,0dcf0e9793f56137c43c73198bc407fb3d307128f3264ea267e08b830d3a3e6c,5129759685e88a73dac23ecd903826e9247249c2b063cf5b760a34a7926bc403
sunny-mainline-cab-view/0164,sunny-mainline-cab-view,train,14687,520,22406,2030564,37093,15207,0.3904766968867147,0.9658052212796738,0.3959507184644003,,,0.8720935224882085,,,,,0.8830695980955048,0.0,0.6786043038018653,,0.45232273838630804,,0.3904766968867147,0.4886494544961713,0.9422284222338512,0.9932002045131363,,0.8180854399665527,0.8929372800344261,,dc2322339b57aed5805465301755b9054b87fba047b608e05ae4dcf959232006,595424faa77d35db1f99a37b4f55a72e40170bff8e5dfdb3ab73ae65e3e2479a,3c3f40f43262431d648cf1150d44fad1937f370b4b424b5a71d7023e9358a6e1
sunny-mainline-cab-view/0165,sunny-mainline-cab-view,train,316,473,27101,2040160,27417,789,0.011330225887414844,0.4005069708491762,0.011525695736222053,,,0.8515368776486827,,,,,0.8678964066996236,0.005035246727089627,0.5281924605305552,,0.6482086591200841,,0.011330225887414844,0.6751989812161732,0.926349649287393,0.9911904849850405,,0.8229252380392618,0.895612626882001,,ed03205def575f68a08e90b5040e492f111657b011c4a09ea8773bfee95ae4f8,48f2d8f29663c715443a61887d3de406b2141c0cd0635bc8d985d53ed8a38d72,c2ab761e16dbe35a047dd364fe6b68af5e26f48ccf8f26826ae19fececea1a64
sunny-mainline-cab-view/0166,sunny-mainline-cab-view,train,13288,2633,8557,2043542,21845,15921,0.542854808399379,0.8346209408956724,0.6082856488899061,,,0.9113264783996491,,,,,,0.07358255042375665,,,0.6154917319408181,,0.542854808399379,,0.918335545743889,0.9853244280929044,,0.8293867638129934,0.796711915535445,,4cb25bc7ad809534409bf310ce0bd9621415dfebdaa38bfbacf278916ddd0f64,6efebaf42ad436d141650e14308bf18e2389d3ec7ed42dbb736ae5b5f6d3a70d,52deed5ef70c9d8b5b811f28021fbbcaf5b77a544a93d2603c1c9553f3a8fed9
sunny-mainline-cab-view/0167,sunny-mainline-cab-view,train,2679,188,2980,2059375,5659,2867,0.4581836839404823,0.9344262295081968,0.47340519526418096,,,0.9452537607277623,,,,,0.8428835489833642,0.7910515062037266,0.9081065531327311,,0.0,,0.4581836839404823,0.581832554302997,0.8824698540826827,0.9884676952620504,,0.8019045880491663,0.8276346318231774,,ea08f07ca095ed6d035d6f14b8548f69a14bf8d6b49efbbdddf5179bf9ef3009,b5e44b4d05c9f941f3f50ad3195bd2b3c67bdab306fccddeab16a0e824382b20,2f0f3372f49a57c4c9f21022c0828f2b59ac4f75e1dd87a9dd976cd24be07f0e
sunny-mainline-cab-view/0168,sunny-mainline-cab-view,train,13482,2016,11702,2040867,25184,15498,0.49566176470588236,0.8699186991869918,0.5353398983481575,,,0.9058915347756643,,,,,0.6549859791401884,,0.749178182746625,,0.5151733630464704,,0.49566176470588236,,0.9285876833665931,0.9887228264526426,,0.8066239152726549,0.8484635907815447,,72b8f6a32917f9b4cd7edbfc8b38900c94a094dd308a81ee17ec8c715bf8a875,adeae42b66b6f80ff7ded176032da0f049d5158fb43d05363602b068574857d5,d498cda52ba4815354107b73f25bc6b981a0fcc487cff32ebd0dc8d459b74980
sunny-mainline-cab-view/0169,sunny-mainline-cab-view,train,0,0,5762,2062265,5762,0,0.0,,0.0,,,0.9509464510239584,,,,,0.7973806261199536,,0.8961699256635463,,0.5189203670216328,,0.0,,0.9448547364123163,0.9902374453025335,,0.8274018071178315,0.9048287078610547,,e50a126b8e9d96524472935c0169644a3000d548dd10622d7dd7837f28b262f3,1fabbee7225ef01c83c8f9d87a5e21012dbd0cd0e092aae0b3f85cc885236dfa,a964f0fd1c2a084f52e78acbdb250fa468dab08807da74d3bec0bb1a473b712b
sunny-mainline-cab-view/0170,sunny-mainline-cab-view,train,0,0,9240,2058965,9240,0,0.0,,0.0,,,0.9136526761030948,,,,,0.9031482740627125,0.0,0.854660895839288,,0.4068109052100514,,0.0,,0.9554490665809439,0.9897444018167553,,0.8372309265888698,0.9171985174295371,,3f433ab98d445e66fbd4c3879168f0ff099bfa2f2a0555a496a23ef041827ef6,2432eb316800d123f6938e33fc85795b3d6c60ffa520a0ea9203c0121e31584d,f93581b3661016c11acd4204c76accd823b1d71b19b691aada0163fa43055be8
sunny-mainline-cab-view/0171,sunny-mainline-cab-view,train,20166,6849,5231,2029222,25397,27015,0.6253798920796377,0.7464741810105497,0.7940307910383116,,,0.9141389509953574,,,,,,,,,0.8112524804482316,,0.6253798920796377,,0.9538456932626355,0.9628138652917534,,0.7754309514281056,0.8616037312198158,,f0f37b4a43e03c4b5aef2ec2723b33d29fdeb183e0247dc20cc38fd51708b6d4,e8e0d147bf6775475813b28df3bf64d5faa50955a9846c2f56a541b5e2252767,d5203d9c6d1af038e64efabb3694a7c64fc3e862a4b9ae0ffc4b457ff7d854b1
sunny-mainline-cab-view/0172,sunny-mainline-cab-view,train,0,4239,0,2058898,0,4239,0.0,0.0,,,,0.8762743904737798,0.0,,,0.0,0.0,0.0,0.8557293437606256,,0.530194924604634,,0.0,0.0,0.9032877094193404,0.953398851231013,,0.673092924313547,0.8204717457114026,,9d1f242981192b866b8c78b235337b3fcd78c0dbb947afbb3861211b73247352,c9cc1d7969f031b1ba1caed9230b1e99f67407a3ccf18ad66582f8d9f85d7a54,67ab793ab0133759d7514bfb8374cdeb7507583326b0ab9e620c61e365175adf
sunny-mainline-cab-view/0179,sunny-mainline-cab-view,train,0,0,0,2070979,0,0,,,,0.7364004712779103,0.0,0.8704060235201786,,0.0,0.5061667037235643,,,0.844038547974391,0.7931941761260798,,0.5368125950870956,,,0.20540388272025165,0.8559096841962944,0.9188841110101774,,0.6237523407033276,0.9009146385404986,,2980bdd5ac578120cb35ad4b8b8f5798eb1663f505b1d628312365558c8e6637,0a9409b2e919a722e20a573aade797666e16f212e11504e1bba1fad37db8571f,d473af41a8c4f77698a28778e15027cc96eed0b1fecfa60db1f4914521e8bcd3
sunny-mainline-cab-view/0180,sunny-mainline-cab-view,train,0,271,0,2073268,0,271,0.0,0.0,,,0.0,0.0,,0.0,0.9169399348192394,,,0.0,0.5563527040415428,,0.3811807198903973,,0.0,0.6593145781632921,0.8829692187133452,0.979753750574376,,0.7514899051325712,0.6641913638727005,,11d2b9c079ad57dd8e7e64839160cd7b1d1b689d42720e385bbae214ae1ce4e2,d03eedc21174cd47abea991f73f6f1990f52f4dc95c05ca152a8ebc1c4f8dbbd,5769b3102bbca9c9fdff31bea24702e39cc252edb048539f482dfa1e9fb8d26e
sunny-mainline-cab-view/0181,sunny-mainline-cab-view,train,0,0,0,2073600,0,0,,,,,0.8729164719444185,0.9454436104139439,,0.0,,,0.0,,0.0,,0.3138650306748466,,,,0.9752513620729889,0.9924885748650779,,0.7380469278393423,0.8963039163128993,,961d4dc340edb778535bf1a91b174154c09e8c3bf2814a05efe15d66cfa809cb,f7acffee97a0d29fb4655547c1884e20e9bd9972cc8706da96cdee1e26eb908f,4358576e7b00cd1189d10312eb95ffc2d991e788f14e2fc28e1bd70d8557e4d6
sunny-mainline-cab-view/0182,sunny-mainline-cab-view,train,0,0,0,2070136,0,0,,,,0.23249946317371697,,0.7287229916658766,,,,,,0.7504851590896857,0.8953330903729718,,0.0,,,0.0,0.4904442368130468,0.6524012270025574,,0.4608894132129668,0.5518313354740492,,2b635f17ddb2ba61b77fdcac0499ec5c3d70dea1323a289937212955ea815653,4ceaeb2102494da778ecf94d2ac615d63cfe08ae62aaef2a6796fec50fb8bb6f,b239260f14ea0614785badaf296a3140495098cdff51abe4a945c161ed0506b4
sunny-mainline-cab-view/0184,sunny-mainline-cab-view,train,0,28,0,2070320,0,28,0.0,0.0,,,0.0,0.6461103781118711,,0.0,,,0.0,0.8271596100698714,0.8338145829659672,,0.45279515918311214,,0.0,0.305890095426127,0.6676566889123472,0.9682991612380741,,0.5899881528483364,0.6605395480133694,,fce720c8ba60a17547f87e487d475b7dfc8130e8e3f6de1eb655de80095dd9d4,cfb308f1843883bcd1f15e0bb17c380c182c15635fad7bdad3e92fd028097a16,1ef9aa4f651410663aa1692e2d0f909fca7f67cf4f5175a04ec4859a2aecc535
sunny-mountain-stations/0228,sunny-mountain-stations,train,0,0,0,2073600,0,0,,,,0.7086212955370739,,0.9077115803642227,,,0.8588342052298278,0.007776599505125486,0.22647559219997382,0.7655418556146805,0.5674556978398655,,0.7239583333333334,,,0.16839584996009577,0.8214504068099515,0.9852941615136573,,0.7028030603961936,0.9114061025858977,,8fb67a7950262b0a2133f19fd631fd9df52f83e1660f0a811abf3e9d0982f269,f4c0dfc2948c51f179a4a80f4d4b7d2a14b8c5ced33c320220f787477a45e6d3,1b85133b8066124ee4cc2c5d4678959d2c0fa47ce6c98a63e2f8ed9abd8ca207
sunny-mountain-stations/0229,sunny-mountain-stations,train,0,25,0,2069986,0,25,0.0,0.0,,,0.0,0.8739043120216232,,0.0,,0.0505096607333029,0.023925872728408168,0.6845530813226933,0.7091659745926034,,0.5241845905281228,0.005194805194805195,0.0,0.33862024013073994,0.677060992642547,0.9837172947296211,,0.6858734882542898,0.8760015152564327,,0354800bf80455fa7680958e010518b436ea155dca8b0abbc8d1e10092f0661b,fc908e7e08e5cc665f4c59c11eadf28fcdf161bd566dd5bc31ca5349d4ad036e,33932752b5e03f7a54bc2e29c1bbe3e21c89a5fef3922a7657a854f422b63934
sunny-mountain-stations/0230,sunny-mountain-stations,train,0,6732,0,2023510,0,6732,0.0,0.0,,,0.39581851020743253,0.7565645786450068,0.0,,0.029272419627749575,,0.2664062732937774,0.0,0.737993942569878,0.39477400080262787,0.5774000997712143,,0.0,0.3145113677058431,0.6499299056414293,0.9765442056875556,0.1835,0.6126762254725364,0.6043018641151015,0.0,505099662669780df8408d783f6869cfd7b572910896d2c7b6f0e27c7432cffb,0f54a1615827a6cc63096a9eaf5bd58b3ed9758a76361bcee72da0187c106f17,c83cc6d6ae6acd90b78b35c5b9377d799e6701c27abc2331b646e379b903f513
sunny-mountain-stations/0243,sunny-mountain-stations,train,0,0,0,2073291,0,0,,,,,,0.0,,,0.9450485039229211,,0.0,0.0,0.0,,0.35294776955839496,0.38818897637795274,,,0.9686482118040861,0.9899162163949009,,0.4326241134751773,0.6966967526514671,0.0,d048231d419c08d7176eaceaa89f964709a5a5de28918f80af2d6d5cb56dc892,ac493ba00b218289c9290e59fc10ebc5e73442a5005678ae91222731a9f1a765,9bdb39382d332b9276f59a7c5804bb78049787c717dcb6c5b11f9bd25a842280
sunny-mountain-stations/0244,sunny-mountain-stations,train,0,0,0,2068950,0,0,,,,0.7781739223675745,,0.8229763178747356,0.013916947250280583,0.0,0.8215653487243109,0.17076753580609622,0.0031910484873601324,0.42246991203836015,0.46521555367709216,,0.6601885371585146,,,0.5671315221877019,0.8313387011731622,0.9871990312780426,,0.49143640452207127,0.6233279112046695,,8d1edf47c4a0e099e6bac09702b9eb61358d689387405e5915c4b761311fb755,62634f58072805641c40889959a1644646ac9bf20776fc28c0eb907ebb26db45,c96eb0c76afb28060b3497c902725450584a204c45435ef090cb4e40e9166157
sunny-mountain-stations/0245,sunny-mountain-stations,train,0,7445,0,2066155,0,7445,0.0,0.0,,0.8118011062915357,,0.7008439794911766,,0.0,0.2954383353490247,0.0,0.5419201806273757,0.16197330432235657,0.8523428427518084,0.4128011801344042,0.43459552495697074,,0.0,0.03973545542531455,0.8540489156019085,0.9946808972792816,0.19159968887736584,0.5339398734177215,0.6092986102379385,,ede5e722aa51b1edf1b7f3550819d1fa7c743d02958fb765bf9233ccf1ea1020,cadf2ab9a2d6547b808e82099b83169aa947fb0617b0d25d7c012f3a84f18477,f5bae5062c97c729e2eb81203eac13c36b6d4c26af66aec8e56365454b4e1e1d
sunny-mountain-stations/0246,sunny-mountain-stations,train,0,711,0,2060392,0,711,0.0,0.0,,0.32849516182849514,,0.6188469769930444,,0.0,,,0.0,0.3187695014949449,0.2555646772719528,0.7672470370227387,0.023638666103841282,,0.0,0.4822501204298115,0.8596374917220805,0.9849217560149632,0.19061757719714964,0.6380913066079564,0.5831592674229398,0.0,90a65adbb644d54e42c7e51d5cebfa0b1e554d4d34f442db24481dcd7007c74c,8211f22cbe10bb54834c2a0f57f23d5612d3a7a8d288102d2f5c719f02078527,830276186e6c88002320777cca6b0c77c323997c4a8d7a79a570bb8ec42ec942
sunny-mountain-stations/0247,sunny-mountain-stations,train,0,0,0,2073600,0,0,,,,,0.5115045659369143,0.9121670556047317,,,0.0,,0.07101876762503646,0.35588180635569594,0.7659464508389874,,0.3866555841015566,,,0.12063905762600559,0.9133999601490622,0.9914703923290018,,0.7930200414651002,0.8934815937196137,,a442fff38da0ce40c7e735cd036d9ad22fde5c1909107105ed77bd798ca3f872,c5c7e80094cc032a92fa08b0b660de2231a9cddd7643b6d1c2df97dbdb15ba15,62b01c92d7ae7f498c196f62f08aa030a8e47ced405d5a619d4baba055ac8d13
sunny-mountain-stations/0248,sunny-mountain-stations,train,0,0,0,2073600,0,0,,,,0.2467026486042106,,0.9367005852269732,,,0.5103415103415103,,0.0,0.3607698948441384,0.8751888942127366,,0.13980268375471877,,,0.50127497965458,0.5362964309519481,0.9749406304622988,,0.7754201989513402,0.8751320704177146,,c489b83cc8d5e13b9e9ee4f588ba23a86a21404337b41cc01afb90627630275f,1828c615b6f7ff9fa65e720ed3534d3325375ddada62df18c96577a26343ed35,612a96d5ed8b43ac042e548393ad259f416a927d528249308447d18cfe4aa7ac
sunny-mountain-stations/0249,sunny-mountain-stations,train,0,0,0,2073600,0,0,,,,0.7683810652800603,,0.9202088696343735,,,0.952338766832034,0.0,,0.6835496137460639,0.7796790175370499,,0.17718083918726277,,,0.21239356669820245,0.9422319635469375,0.9822419907470424,,0.7833416223856765,0.8224719934713257,,408760b135c0da743871d600304812e352ac956549d1987597238245735e8672,459bc06543c1527b8f31f3778f2304eca8cda8b56ce00177d1006117d7a4ed71,c266a032352e70b84bdb7e4e671c1a52fb637b860c0741f3932d631b5a5fc054
sunny-mountain-stations/0250,sunny-mountain-stations,train,0,0,0,2064289,0,0,,,,0.5168015969834756,,0.9689980530178224,,,0.871987412692202,,,0.873680138225524,0.8824470480209777,,0.7298839345031068,,,,,0.9805240809282681,,0.7662008662253821,0.6975899129196206,,0956dd0c21f6af0a1387e957effd77c906124754c421ea783a885ae3ce8cf3f2,1a54313fd7aaffafd2aa769b53c139c749f29333937e07fd9220a885589e54d0,d2a5875257dfb65bec23894490ac8d45715f90acdd39861bcdd081392681e0ce
sunny-mountain-stations/0252,sunny-mountain-stations,train,0,0,0,2029299,0,0,,,,0.6236187845303868,,0.5799561624078414,,,0.6046325968403891,,,0.8655301153869389,0.8321510995160432,,0.024033692948590785,,,0.0,0.8932349992034561,0.9892771332463788,,0.6585008092797411,0.8072482835176582,,1749f26376edb32da712444c9e60186ff4bd29e1fed12a43bf0f659bf8e5a11b,c37061946bca614f0217b26c4987befc27e64f2bc1d0d90685762ea41c67810e,5cfae902f7a3685d0c3ea40c33a3505c6b653903b87f214f0bea117f43e5987d
trackside-maintenance/0000,trackside-maintenance,train,44724,19489,54005,1970742,98729,64213,0.3783180226361468,0.6964944793110429,0.4529975994895117,,,0.9274181194439188,,,,,,,,,,,0.3783180226361468,,,,,0.697410080902041,0.010552451893234015,,e41473adaa20b0dfe8eecc7e6000f550ae13c68770e4946667d4c938e7a89230,608d5152e26531f443e848f1ab03966ce4ec96ab2768c3ee09bd3bac6d538107,f5d7757c0460d766877e28e2326b57a0a230b5c460380b6952787dc2b216bb67
trackside-maintenance/0021,trackside-maintenance,train,1048767,4222,262880,772798,1311647,1052989,0.797014748428605,0.9959904614388184,0.7995802224226488,,,,,,,,,,,,,,0.797014748428605,,0.973396911975201,,,0.7925296623728644,0.6871667096928971,,f193c1a096a827f7ac610c2dfa2ef5244731e66842755d4d9a52dae046fadeb1,3cc3a810432c2d42f2e1b1d81348e5530c70ad2520bc91739596cf667ef7070b,8538b521017e3f98363de408ee5d5564d8822c1347ca9d07cb8f15e6e5b07bbc
trackside-maintenance/0052,trackside-maintenance,train,1158887,41742,18615,869424,1177502,1200629,0.9504963731623859,0.9652332235853041,0.9841911096541662,,,,,,,,,,,,,,0.9504963731623859,,0.9400583802864707,,,0.8964232852425953,0.9475252481850823,,efc1a697946924df5b504e34114d2f5a5bdaff8ab191a9dd2c8d978a19525204,d7c67dfa30ada59632dc54a7ee5807a8e61a421646642ee6822c51b526280b84,c5c7629301b20fffcdd366544815f775db452fd92805caa53e94140fdbe0d92f
trackside-maintenance/0055,trackside-maintenance,train,1083350,17328,97575,890707,1180925,1100678,0.9041078970801659,0.9842569761546974,0.9173740923428668,0.41494117647058826,,,,,0.0,,,,,,,,0.9041078970801659,,0.9214616767033452,,,0.8656478765032064,0.8362234302121043,,28f3b3d7bec0bf474a3fc09012c7f4ef1b0b5a4e37e51acf00fbc5bea657569b,7b23c5e8ffdcb864899f2b44e3f35d742c5fa4f4a7b41a710d74ec6204039136,068c30696603d7e9472c9a3e6f5e10b1e33ff095422bc082866ee4bcbab1c917
trackside-maintenance/0056,trackside-maintenance,train,1023037,36648,53521,974012,1076558,1059685,0.9190006162381446,0.9654161378145393,0.9502850752119254,0.18054636344434274,,0.0,,,0.0,,,,,,,,0.9190006162381446,,0.8744902975794557,,,0.8583156563596313,0.83335945302297,,ecf8e84d483b920ff62e729b88a34b2e02bc43b25ba2201f33a1d1233e98db4f,71ac374b6a05e5b030909b340d8dfeaf290ad55a7d2193361ea9ad5698cb1afc,8212229bafe85123586530c3636a4121bb46453b3decfa5681f5654a40bab9dd
trackside-maintenance/0057,trackside-maintenance,train,795358,2610,13922,1276665,809280,797968,0.979637635640296,0.9967291921480561,0.9827970541716093,0.8804374900930686,,,0.06109352271754941,,0.0,,,0.0,,,,,0.979637635640296,,0.9138993127769238,,,0.9228178480758342,0.9598661649520303,,76a244cf235702a8709bcd5845224a9a5785c3cd791a1fc89b4d54cf065746b8,c6a6ea3d247a64e8a78e7264e9e5bf9070735b251f3b1498e53ceeb2d9a5eece,bb3d1464e66271a23fa0f847d6b37e7dbac0ffc5fc6f9356a9f236a0aae568ca
trackside-maintenance/0058,trackside-maintenance,train,1260850,7955,67259,752896,1328109,1268805,0.9437047925847863,0.9937303210501219,0.9493573193164115,,,,,,,,,,,,,,0.9437047925847863,,0.8525204129833323,,,0.8634201440233173,0.9209987092919489,,527bd4c6f5b48a8fa052db415d684acdb3dcbf8021025486fa219182ad9059ba,135090e121d0df3d05d16ca027cf3a9280fcb288b8d5e5c4b535ae20858a57bb,9424624f852e3b140703174c92ce15e867398a4f9ef3f9559c60a4f6fb8b292f
trackside-maintenance/0059,trackside-maintenance,train,1203343,17811,50864,816913,1254207,1221154,0.9460109841212939,0.9854146160107571,0.9594452909288499,,,,,,,,,,,,,,0.9460109841212939,,0.9398023700450536,,,0.8214616096207216,0.9490103334047497,,8f38d8ecfaf13ea9265b15f72d8c2a5f6320df894c563c0277971f5a71223076,51caf95e4def10813bd0f02b5d94ab8f9ddcf77d3b4125ae347e9e88f0e70034,e8f29e1bfdefbd105b0660097f1a712dd1de5a14c57d916781a4cb0660e49802
trackside-maintenance/0060,trackside-maintenance,train,1360778,26087,51397,650698,1412175,1386865,0.946126644519566,0.9811899499951329,0.9636043691468833,,,,,,,,,,,,,,0.946126644519566,,0.8086669362447769,,,0.8932749525374635,0.8846276161607626,,af2519b33d6b5f52478d8c41669353834cbc46bda125e944b6f0f559e55e7d51,a1ed253eef60a1b41a1f265e34bb48ebce8b527eb2c22c4dfdfd0244558ab6a4,d0c60507225aced48ed95b44f95a9f2c5f7d79c7693d2c14e04986ea88909465
trackside-maintenance/0061,trackside-maintenance,train,1660648,51728,8107,368477,1668755,1712376,0.965221975456892,0.9697916812662639,0.9951418872153192,,,,,,,,,,,,,,0.965221975456892,,,,,0.8952005024213372,0.17258048921976216,,8bdf064f89bd89d79af62f1c4461b3024cfa2110a8194ff5044d74f7f592fc74,a2d3dc8b57ca001020539c453fd25cc135c52f4e3a1b7e3782882c0642be1d36,cc8c428af3416fdadf9898f9630fa1218b6fde3d0be406bb3a534541bdbf18bb
trackside-maintenance/0062,trackside-maintenance,train,1899679,14985,3382,170137,1903061,1914664,0.9904241087022939,0.9921735615230662,0.998222863061142,,,,,,,,,,,,,,0.9904241087022939,,,,,0.903561413944003,0.0,,6f1c22c5a26f9c6f9349d1b7472ea93537d6383a9cda356167f51397f8e8f989,8b6b3404dcee61dcef88a2efe10d1c664ce76c5c90f08c90a160e1881b9c7ba9,9bf428c8998263a6dd795595bc6a86ff027904235a4faed36117a13daaffe9a0
trackside-maintenance/0063,trackside-maintenance,train,1311527,25264,25015,727154,1336542,1336791,0.9630791757416255,0.9811010098063198,0.9812837905580222,,,,,,,,,,,,,,0.9630791757416255,,,,,0.9242516780274316,0.9433175968326233,,f25b27c24e3ff91436c5e3877a5df281c4dd826a5c70266f8b58faae4174a2e4,f404f535862173c8b8688fb06460f4e3b4307973ba3453d76a2a74ed1ce29373,bfc7295348717488d60f6727efa7bcc74f6d8f1d694978a7b803032ee23b5bd5
trackside-maintenance/0064,trackside-maintenance,train,198595,9752,182953,1697660,381548,208347,0.5075261947354971,0.9531934705083347,0.520498076257771,,,0.7957803496604011,,,,,,,,,,,0.5075261947354971,,,,,0.7527804909813115,0.0005640730587425683,,40ea4a91bdc724c6898236dad7394cdb56c3f9eff92be4c2d3cdc31bac221ba5,8cf27ff8c967f94b6ce773a71a3e75cdd9d3bead6550b3d272103014e8ccae9c,aa8b607a5915506d49dc8e57a0d169de8341948de1aed6de066647feb507a93d
trackside-maintenance/0065,trackside-maintenance,train,1320682,35818,21058,711402,1341740,1356500,0.9587124462273094,0.9735952819756727,0.9843054541118249,,,,,,,,,,,,,,0.9587124462273094,,0.0,,,0.9076692061903071,0.9405761061029945,,f03f57e248aa7907bdc8f6d9dc2d77aa18d6bd0c9408c1035bef8a148a559b79,c6eb3a0619930aa14ed66cc41633d3632df51fbd1eeb2b2d5c2a7d4933429313,fb0456feb64f40d00f27597aa2220272ecc935483128c641ba85c30418a950d7
trackside-maintenance/0066,trackside-maintenance,train,1283602,34446,14410,756502,1298012,1318048,0.9633339287242074,0.9738658986622643,0.9888984077188808,,,,,,,,,,,,,,0.9633339287242074,,0.9244741330301307,,,0.9161633771247121,0.9419046677483576,,6223c858287f0677fdc6d3b7cc8038c3ecc2f0d657d409ea0818439bb88d0fa5,d3884b710501411f6f6b15febc4e69affad923b6dee90f38d67b046fdfa35666,6cf192944fb326372683a676ce77728d535b666b9aa11e0c4e2195e61c165aaa
trackside-maintenance/0067,trackside-maintenance,train,814255,28869,43518,1202318,857773,843124,0.9183582550792766,0.965759484963066,0.9492662977267878,,,0.0,0.0,,0.8433551750352967,,,,,,,,0.9183582550792766,,0.9671736606786633,,,0.8673913271900053,0.9177573180298089,,0500732a4422c6db9e57d541c1a7f0c06c3e10fd30ca7e04d1cb512dcd29b739,31e1a531c8bacd76bd03d1630b16b65d83c1b22e86c7d094e48509567df280d7,18e6d9954d1e205fad57b1b379bbc15eebb7d64b2a2edb3a4eb21627c57ca702
trackside-maintenance/0068,trackside-maintenance,train,1009763,25599,44338,1009260,1054101,1035362,0.9352255256089654,0.9752753143345033,0.9579376169835718,,,0.0,0.0,,,,,,,,,,0.9352255256089654,,0.9438379664811587,,,0.9037521742731716,0.9101041339146186,,2002370858caebe870952bed7a32a15d4c1e010a5b718f1e3c6e2a619ef1550f,f630baf409c8fa26b7d8c7049cc4ec4ab2d5780809fe481c6ff0414a1752009b,d2a72d44179b40cf91da0d80b3c9808f8cf28e939a48fe75f8d59a0dd82bf314
trackside-maintenance/0069,trackside-maintenance,train,1797516,139732,9320,142392,1806836,1937248,0.9234283107499969,0.9278708766249856,0.994841811874459,,,,,,,,,,0.0,,,,0.9234283107499969,,,,,0.7415216284659351,0.1454267677495604,,f29f28360c7637a0569445615e72587d568ec754c219c552470709afefec21c0,9004352091a51ef231b51d3a96e9c590f364538a5c6d5c05d1c1cbd61935bd8f,b2efb0b4e2fb2f1e2619a8373085a32577aa9a06480ee9371553a83a1b4a3596
trackside-maintenance/0070,trackside-maintenance,train,1871885,50464,3362,163249,1875247,1922349,0.9720487653651041,0.9737487833894886,0.99820716950887,,,,,,,,,,,,,,0.9720487653651041,,,,,0.8966940102662287,0.007504106020275245,,8da8ac7ad697e79d43107c8ebe4903d9b515079f50e3b43f871cbcaca0df5d1e,fc37c78a2230c5c8c971926e1a494ea03d9ff1f1d5ef03a91ddce40348295058,ade4eb1d425c32d55e07886b66405428de2381b29939c683a5656a217d37c90e
trackside-maintenance/0071,trackside-maintenance,train,1668651,13404,14145,392760,1682796,1682055,0.983758401131942,0.9920311761506015,0.9915943465518102,,,,,,,,,,0.0,,,,0.983758401131942,,,,,0.9353234660220764,0.0,,3722b3d81a9495d0186d3ce92ec994c7f10c979ce8ebf1d78a787043f819a9f5,b67b6c1fd6b1b376e5af96480d72e2c49eda9b71209418decad92c770b5024a5,5f03eff09986b536045f79e17456c0e31dfa1c73c31af6bc44282aba13c48f7a
trackside-maintenance/0072,trackside-maintenance,train,1576828,41417,39903,430812,1616731,1618245,0.9509573331210484,0.9744062240266461,0.9753187141212731,,,,,,,,,,,,,,0.9509573331210484,,,,,0.8412128123218233,,,190287f82f43182bf0e583f603971ce568382ea6cb8bd6655a8483c3dd9de73a,ed7b67bd4cb17da870d4d1c71e483046760415f5abff5f935a882ce1e78f4a58,d48a4c264bd2067de4a07aebdfd51c2feb01f78351ff4d2d77b8a0fea5184c49
trackside-maintenance/0073,trackside-maintenance,train,1520548,171303,43754,353355,1564302,1691851,0.8760910460617479,0.8987481758145368,0.972029697590363,,,,,,,,,,0.5190679775943636,,,,0.8760910460617479,,0.0,,,0.6318913343057694,0.04200778528989961,,5652f16f45d364803ae0cb7862cfd6866fbbefdeeefdf76929de1dbf58fe7814,776ab1d9d39e30450e3cb98591c31188fa38dda21975a58e3b3269ad48adbff8,829024d65891c3b18a0557efee227a7422da0f318001f6f8428021482ae6c8aa
trackside-maintenance/0074,trackside-maintenance,train,1271969,267929,74322,474740,1346291,1539898,0.7879774751892555,0.8260086057647974,0.9447949960298331,,,0.0,,,,,,,0.38065149898127487,,,,0.7879774751892555,,7.276872885158818e-05,,,0.6564979518677183,0.074354856271777,,093b845a2d8a639e83ffa1ecf5fde92d921664c2417e66a25b10d3dca8f6d55f,f7283dc707378e69d703aef147373bdcd064cb957f41e1765d75f9806d2293a0,2b08160151ba70dd11a11aaeceadcca48c4bd90aa23a4bf7acef63488309024b
trackside-maintenance/0075,trackside-maintenance,train,1482704,202504,25174,378578,1507878,1685208,0.8668847076267173,0.8798344180659005,0.9833050153924919,,,,,,,,,,0.3981508723706961,,,,0.8668847076267173,,,,,0.763362008638395,0.010274404336681094,,03904f8a2512daea1c39d2cbdedf3303eb95dcf456e4adbc73e729eb2d9aca10,718e6fd45e2e42240aee648e4e87a0092a7553e48a752f65433e382eadbfffee,9312104dad622c7bcb13e5203c5d4c2c7eec5014800eea9d8b65e1a937106bbd
trackside-maintenance/0076,trackside-maintenance,train,1529272,43774,90978,424936,1620250,1573046,0.9190203987442489,0.9721724603094887,0.943849405955871,,,,,,,,,,0.5699531789762183,,,,0.9190203987442489,,,,,0.663826755133503,0.0,,2c8539da08f1b6584a3d127fd3a5f5050bdc5350404f6d4739a5e44dc6d6e78b,b0a5d9f1ca8e3700479bb3fd590e0e31fd80eb007671997450e69cea9e96069c,846d2a7f0ab4a99b08fe3bd1b2cbf1499d643fed818a64eb3fefb75cd029608b
trackside-maintenance/0077,trackside-maintenance,train,1244782,27060,31745,785373,1276527,1271842,0.9548898539184573,0.9787237722924703,0.9751317441777573,,,,,,,,,,,,,,0.9548898539184573,,0.8959168201018087,,,0.9148604736859737,0.9303546298091784,,845a1cf210437b2039d48232df6099976b3cbf2a66266f2948cd84e0e8dd1a89,db1147ad0f9aa22d2101b8b087ce2dcca15710e76e651244fdb30f75aeb1348f,bdf6d69324625e187ccc7aeddb044e8de1dfff5eef245df22e92e78b440e8373
trackside-maintenance/0078,trackside-maintenance,train,1279644,31452,17088,760776,1296732,1311096,0.963453858802696,0.9760109099562504,0.9868222577988358,,,,,,,,,,,,,,0.963453858802696,,0.8812243782454222,,,0.889017387143085,0.955453162539903,,9072ecd1d6bd9a6ade7bbf9d4ebfe4912556baadda2bae4e1a66249b89915dc1,5ee5a7b2559e29f59042063b25e69d22cc7635dcfb1ccedb12ca183a2172add3,16b0ca4646bd1340c4a0e2c1e5117e59c3c675720fbffb973a0393cb55ae7ad4
trackside-maintenance/0079,trackside-maintenance,train,1286200,36965,30450,735345,1316650,1323165,0.9501963261340928,0.972063196955784,0.9768731249762655,,,,,,,,,,,,,,0.9501963261340928,,0.9443208466117492,,,0.8925830147444318,0.9240514829841234,,7245d072113222a13b028579251a425ef833a8850f977f01ffb13f42c5569754,196f7161bb9ef2af0e3ea14b4f939200a99ce0ea7a60d5039b4f22522718c58a,f22a6c4af49814dbf33ed80ae00d37f9fbbd98ac40a41038577af3bbe9987e3f
trackside-maintenance/0080,trackside-maintenance,train,1145672,24057,52003,867228,1197675,1169729,0.9377441206418429,0.979433697890708,0.956580040495126,,,,0.0,,,,,,,,,,0.9377441206418429,,0.8784670347515428,,,0.8942825312984474,0.9047866365113157,,045d4791802edd4766cb20165f7f89e48500708e9eacc4fb3176b9cd89733d49,72915e72ba77b4a35ec44c0cd9aadfe5a489e09dcf8bf4df59f3ca3ef7ac9e26,2b7b3ceb24cd772a5efbf2037f21e93953c0597a9f671da8dd2e435baee37d2f
trackside-maintenance/0081,trackside-maintenance,train,1327087,25793,59798,676282,1386885,1352880,0.9394122369004119,0.9809347466146295,0.9568832311258684,,,,,,,,,,,,,,0.9394122369004119,,0.9464071712765447,,,0.9003360721618143,0.8749469624683518,,eaf74d01f4f349885d90aff52c367596e2cba944e49a7b0feffd851b79a71ea1,e7d19f949be6c72d26980869fabb339acd375a65015bcc000bb7ea609efc0558,4d3a1ed2e357c978d5137fd68acea494aac4e8cee68c4104fcc89482504d5cc3
trackside-maintenance/0082,trackside-maintenance,train,380758,34201,261937,1412064,642695,414959,0.5625059093272822,0.9175798090895727,0.5924396486669415,,,0.6691381559872427,,,,,,,,,,,0.5625059093272822,,,,,0.8485719283340414,0.01792699045280411,,65b79e130b09b882fa33f7676d2436a802b097d73fc606fa0428a40aa7592ed5,a63aebc4038689fc219bba17b9c67904c70eae12e7833a0e436e0aa12bdbfcaa,9ab5a030be203c36b9c55994a2ca340555f62d65b21b01eba257ee55636342b3
trackside-maintenance/0083,trackside-maintenance,train,1589849,38632,7625,452854,1597474,1628481,0.9717273819666941,0.9762772792559447,0.9952268393726595,,,,,,,,,,,,,,0.9717273819666941,,,,,0.8911390626920533,0.9424492881601433,,f93539c0825969b6f96f386dbaa98f06caadbcb1d80a39102a077ace90560d5e,eacd1a0cdf15d5e49563452c6d7003c31113591a4df0d81eaf61105edab0d64b,a7916543853f2cefabf001377d62b664b6d239bf7b3c4bdd0816d281cc70a5ff
trackside-maintenance/0084,trackside-maintenance,train,1344376,15291,55373,673920,1399749,1359667,0.9500621890547264,0.9887538639975818,0.9604407647371065,,,,,,,,,,,,,,0.9500621890547264,,,,,0.9448989859896276,0.8839437766863292,,78b655ec93b0e9575d9bf363a03233ad6e48a40c1e428e86125f919cccf38ced,ac028f7bcbe7ad92f61055bc538a75e3ad911ea17ef8513a38a275c9758c465e,2bafb7b1db7cc9848fcb277fc7bfce0de71b7b17cc90e9fbde4f0243e85420b0
trackside-maintenance/0085,trackside-maintenance,train,1307655,27801,18547,734957,1326202,1335456,0.9657696474823172,0.9791823916325211,0.9860149509652376,,,,0.0,,,,,,,,,,0.9657696474823172,,0.37600860677783754,,,0.9218974719824258,0.9496087016091597,,1fe7cf2ae2eef9be85f098226cc6e927e226f7e34a356079eaf30f81a5517c08,a964b223ce70c0ddfcfc63a7116d136b72dbabc8a5bfb3c71b4a8784a89ebc9f,0d5926c764c653d16ccb4c965c55fcc265a4afc71677cb4225a0abcc66116b43
trackside-maintenance/0086,trackside-maintenance,train,829377,37485,24990,1197108,854367,866862,0.9299491395433322,0.9567578230444984,0.9707502747648259,,,0.0,0.0,,0.8429522577387902,,,,,,,,0.9299491395433322,,0.947026919863489,,,0.8614758160915073,0.9344819595868935,,9db552632140a4fe745fdf61a0d0fa31fc4952af06addd32095a7c1372bb9d8a,48e0f42fd5470fdf74ebb3d8b15d9098a05ee9adf3541431ac1b7a9fa0e062d9,00758cc804bedc5b570187fb396941b63586c665cd2b9f0525149d013b47b27b
trackside-maintenance/0087,trackside-maintenance,train,987681,39366,36624,1024411,1024305,1027047,0.9285587366770364,0.96167069277258,0.9642450246752676,,,0.0,0.0,,0.06291611185086551,,,,,,,,0.9285587366770364,,0.9599196282145417,,,0.8680840906378408,0.927479846769345,,95207ac84f3acc3ff5c55764aa554bffc9f0a32f4cab08eaf951e2fe43877d51,587b26c9e34a988459b083e4db74f236062e3ecce661eb481c45f1084fd9f4af,ca15f580c92a753d9d120560310efdffe29a45a13d6925c53cf7b3fd40dff4f8
trackside-maintenance/0088,trackside-maintenance,train,1019342,28054,37059,1004505,1056401,1047396,0.9399578590167411,0.9732154791501972,0.9649195712612919,,,,,,,,,,,,,,0.9399578590167411,,0.9411032093648776,,,0.855431161024255,0.9288459529298684,,d725e1c7a0e34cdd9a85ca766c2f77aae4456153fa89c7ec4ed4903841bcc25a,d8588ac0e324f990fbff92d6ef4ea35638073f169b1c3a29eb0f763ca8158eea,9dc08f0214e02b04dc3375bad6012d3d8c5f6e0a8ad4f71516f85a6415a466db
trackside-maintenance/0089,trackside-maintenance,train,1334504,33319,19439,701698,1353943,1367823,0.9619696928193809,0.9756408541163586,0.9856426747654813,,,,,,,,,,,,,,0.9619696928193809,,0.6899791231732777,,,0.8952790795207964,0.9562164949181752,,0055dcf9f3b23337c4d0b8675c5c94dc530eabdf296e211580d8631bfde63237,3fa143f99bf6e20e136865aa3ed2add68b848b13c63f491d183a418d2b345cb3,3c5cc613f62ae1c0897685795c22bcef66ecdf9b391e24a8727acd2fb919a371
trackside-maintenance/0090,trackside-maintenance,train,806813,28317,22128,1231688,828941,835130,0.9411554047906231,0.9660927041298959,0.9733056996818833,,,0.009510634618710012,0.0,,0.8671761760442747,,,,,,,,0.9411554047906231,,0.9678599508599509,,,0.884804667415188,0.9412041377966659,,0a5483a0127931090560f2cb06532b9de62ff8978b5d2d75fc73f10c9e628fb9,bdacebbf7725f3ad965f05b99232ec789fc6dd5801ffb98aa2a88920ad1db2bc,d851d4cfd487963273fa3b4bdc77058069598c4603802ef0abed08ff4d952299
trackside-maintenance/0091,trackside-maintenance,train,986368,24974,27790,1049624,1014158,1011342,0.9492230053544689,0.9753060784581279,0.9725979581090914,,,0.0,0.0,,,,,,,,,,0.9492230053544689,,0.9405466916384154,,,0.9137090406220102,0.9367978908933603,,140a0439c3c000cca0ab1e8fd90ed6598c8fdb0c15a7ebf645bf70366d6dd90b,fd9fcc64d607952b1ca4b32b253c900c3b6c42ae47ad9a118acf78aa6132ac62,e794c98d4c04384eaf95c3e335f83554fdcda3137e3d1e6552ae3d0bb4694565
trackside-maintenance/0092,trackside-maintenance,train,1291824,25871,20778,750487,1312602,1317695,0.9651475972993104,0.9803664732734054,0.9841703730452948,,,,,,,,,,,,,,0.9651475972993104,,,,,0.8765733260367489,0.9655465942116215,,b46f2ac36452a0a15ac8e7c69746492ff0b596b959f253d1612c3db9998b2895,ca30dbb08d9fb0e4fe8996fe88911e453cc3bca799282014ced559432b824f51,34b39ba1a5b84e06b81894ad5f8affa472ee2abd0ec91466cfb26e97141a94b8
trackside-maintenance/0093,trackside-maintenance,train,876411,32621,17411,1162086,893822,909032,0.9459955982181311,0.9641145746244356,0.9805207300782482,,,0.0,0.0,,0.23537234042553193,,,,0.0,,,,0.9459955982181311,,0.9636545764435008,,,0.8718298946885134,0.9548487269847442,,6259e3456d036d7371c800562ffea682d470ccccfc442c166f67ae5f354b645f,84941b6b7aa17a3e2407d6f073b2b43d7c36ff43014f7ec679d58cf5431ed076,62d520757a812f6193a7bcdbe2d7b9e144087d07488b5f72d7dbef0e6249b0ce
trackside-maintenance/0094,trackside-maintenance,train,1002139,25658,35373,1024653,1037512,1027797,0.9425952575787503,0.975035926355107,0.96590593650965,,,,,,,,,,,,,,0.9425952575787503,,0.9470751497848087,,,0.8986001716491424,0.9299075871570303,,e0ed8f532604e6e6555ff2fed40abf4191312f80d30033f9f5891f116ab17ef9,7e4ff407e211370343392cbcdbff2b1388d8e1979cda20ce09bf6f00dd9def79,5067338e53faea051fd850352ca4ec20a51b6f12fd5d1ecee08bb747c45de535
trackside-maintenance/0095,trackside-maintenance,train,776984,21995,49295,1240686,826279,798979,0.915958758608657,0.9724711162621296,0.9403409744166317,,,0.03328290468986384,0.0,,0.8949699855102463,,,,,,,,0.915958758608657,,0.9682748201911393,,,0.8861852931835899,0.9023178628371856,,2c0673f9062a1f999a14ea9f32f3a730731ead900fcdf51751a187ad746dfc7b,e2149e1bb2a9cbc2acdbaf0b9ef76ebcda214853f1f5097dab8ec69174e4aad8,f05f2055b24a8769b6bf61a6af6de738b86cfd6808df24661867a69ffa49fa6b
trackside-maintenance/0096,trackside-maintenance,train,341544,14338,65627,1667044,407171,355882,0.8102887482829548,0.9597113650030066,0.8388220182675092,,,0.2457759972130291,0.0,,0.9212115561908906,,,0.0,,,,,0.8102887482829548,,0.9861952310242947,0.9631277923613163,,0.8125263373346016,0.8651664731831902,,4c21278ae3f78bf40f512492d07dff5fe47bcd04749b1b5bbb976b5f139f1b63,0bdeb500a31ea967c4b9b29ff432f98229b20b9b969b3a7a8efa595fe61979ce,3aece16a994411b85e8dc39b52c9762a065ed65668487d521002f8469b136fb4
trackside-maintenance/0097,trackside-maintenance,train,1498146,28489,60649,261733,1558795,1526635,0.9438424377742105,0.9813386958899802,0.9610923822568074,,,,0.0,,,,,,,,,,0.9438424377742105,,0.8631358154168851,,,0.8750474627756231,0.0,,069e56fc048051d80ef3d6c175598cb6a1df2596f82c85bd8075f4b88100565a,4dafdc7299c42b3fd729bc5fad69b105505ba91c31b992ed39c8524ab26e9327,be972eaa5527472cb05d81649f6ead9d270eaf4d43aa2d3a282c96ee1930e2d0
trackside-maintenance/0098,trackside-maintenance,train,1663874,42286,73032,309768,1736906,1706160,0.9351851851851852,0.9752156890326816,0.9579528195538504,,,,,,,,,,,,,,0.9351851851851852,,,,,0.8422002784061249,0.0,,fc04d89f6819407752a53d790ea973fc002344aa19eadc04b345225545c7ce53,50b458614c96f982cdd8a232cc68c34b8a13e26c9ea30e839f0bb3d3f75ed0bb,507d575294d751a6d39ef9e6a4b4f1d969d7da0b990e189114dc34267fda3331
trackside-maintenance/0099,trackside-maintenance,train,908485,39103,396401,744971,1304886,947588,0.6759616336145609,0.9587341756121859,0.6962179071581732,,,0.04142692750287687,0.0,,0.9436868143686814,,,,,,,,0.6759616336145609,,0.9836745857921133,,,0.820985523257152,0.17754876496662558,,34c0bbfd58571e1b86214468e7824979e09367e8aa452150512daa459ff8c186,0553959daf6ce869735cd945b60890b3ab439a1579cbc8fe572569200304aa26,d1b49095bafe6aaa174ec8a1e5157a6eeb7d282489f39cee40a990a20043cfc3
trackside-maintenance/0100,trackside-maintenance,train,1125678,99344,12060,262439,1137738,1225022,0.9099461474663765,0.9189043135551851,0.9894000200397631,,,0.36211203856101576,,,,,,,0.0,,,,0.9099461474663765,,,,,0.6880551946911977,0.6918288887532801,,295de469c85a2cbd063ed52a760230d5847fd6ca3ec792d4228e881a1fc88163,f5b03baa6b4d5ea3f09082ebe6520174de0c27be86a86a96401a87b00c959c4c,14f262cd7b059f63fd2cb444b7140e81111b524d3edf71af44b38d86d39af9c0
trackside-maintenance/0101,trackside-maintenance,train,380523,16739,54430,214308,434953,397262,0.8424390956669588,0.9578640796250334,0.8748600423494033,,,0.0,,,,,,,,,,,0.8424390956669588,,0.462360369111219,,,0.8317126977664581,0.6646779502691161,,f18cd13f8be6e6da511d8cc5f6ff2f0e8e5ffa3cdc730d55f0752e075e4be9a7,2053724e9bccf33b2605685548994cd45b4e42ce9eed6263ab94fd76ac8b7402,0734f4304556a00a397ccfbef74268c406e88e105ee33a6792a2da0d6ae4e295
trackside-maintenance/0102,trackside-maintenance,train,305137,48354,96059,1049707,401196,353491,0.6787609832054277,0.8632100958723136,0.7605684004825571,,,0.444477189765372,0.0,,,,,0.0,,0.003746368468463094,,,0.6787609832054277,,0.5438087968311602,,0.0,0.6834588610603484,0.5007490131134911,,d32849c8bde9dd413c6d0ab82ca84e62323fed3319cfb99825a11f91ac7baef3,16725b66e3177e4058bec98d44bcd85e2a17929f45e24c0a9596f58d4fc0420f,b058c84e951d04cdbaf706694ebfb6a79a5d14e5ae0646e9dd8c180ff6901c8d
trackside-maintenance/0103,trackside-maintenance,train,747209,442341,36978,862432,784187,1189550,0.6092066385765348,0.628144256231348,0.9528454310005139,,,0.5819991426926091,,,,,,,,,,,0.6092066385765348,,,,,0.9397295765970438,0.2731752182405482,,bcd725f20e45aba176964b9c6318633c2f7a70f7664784eb0dfc98abf0940141,832b0e6356d68f26976e3d7922d3b08c241fb1ce86ad33ae4f971af5515c330f,8207896cfad63369164ad4c008cb46135d6fcde260f22f13afadf3630b6d9b0b
trackside-maintenance/0104,trackside-maintenance,train,109705,7144,24398,281154,134103,116849,0.7766890624225647,0.9388612653937989,0.8180652185260583,,,,,,,,,0.0,0.0,,,,0.7766890624225647,,0.9830940332299481,,,0.8165265553669864,0.7860624083596638,0.0,8af545cd5a93e866ceeaf9e8b89657bd1753fb543ecfc98e2121144440cb5e5b,38d8338d1cf13856f69f9d6bf5678bbe6767d870b9c6d44089b654888be7a538,20f1b3d8baa5854d3897074bc052a89dc3b3160cdef3f9dbd9fbc85965363bc7
trackside-maintenance/0105,trackside-maintenance,train,199486,61238,7292,518416,206778,260724,0.7443063100710405,0.7651232721191759,0.9647351265608527,,,0.0,0.6023137657555587,,,,,0.9602718152630709,0.0,,,,0.7443063100710405,,0.0,,,0.8170007227598851,0.8064873559874566,,d1ad562afeae01ddb70bc66ae877af92f08918967c215ffefec2257c3ad76fa6,c81174649f12ca8f38a2a5768fc715389902ca51ae6140ec8217629ad50b6eb2,6ea5d94c69fd9d0d146f33c33f379d366517796e32e7fd90f4fe44fad266ca0b
vegetation-worksite/0262,vegetation-worksite,train,0,0,0,2073600,0,0,,,,,0.9390736899480673,0.7103985224576879,0.010057647491720839,,,,0.0,,0.0,,0.2626582278481013,,,,0.9593233383317167,0.9915240460600587,,0.4171086291882448,0.8431464763676887,,54396730a7d632e6ac164891ed59aa4b248397c4bff8ad0524ee051361535740,ecc4df5204120b6d832dfe643f5cf2ece2d746710ad731c9c0b70f45d3c1a90e,7972ac635c3ff67b5483e01081d7fd5e071b1d1376be995686ab4e494b9d2396
