key,group,split,tp,fp,fn,tn,support,predicted_pixels,iou,precision,recall,iou:person,iou:truck,iou:rail-track,iou:vegetation-overgrowth,iou:car,iou:on-rails,iou:traffic-sign,iou:road,iou:sidewalk,iou:construction,iou:tram-track,iou:pole,iou:traffic-light,iou:mud-pumping,iou:fence,iou:terrain,iou:sky,iou:rail-embedded,iou:rail-raised,iou:trackbed,iou:standing-water,image_sha256,mask_decoded_sha256,prediction_sha256
flooded-road-crossing/0272,flooded-road-crossing,train,0,41859,0,2031741,0,41859,0.0,0.0,,,,0.0,0.0,0.9694635759954578,,0.0,0.641264037200206,0.0,0.8476763449298108,,0.4530938123752495,,0.0,0.0,0.9058832778536257,0.9813176662152324,,0.0,0.0,0.8136744281554743,1a64c22d40183eaa53211aeb2ab21c5cbf2a328ca7b2d6716a58fff64bb7291d,2ae0b928ea09fecae228600e65afc5ccf5aeab55c6186e155c041878168d2b7b,38569bda9be17f4c7363e79fedaed97e5b97c3cebf1a8f7a9a53b307c7f605fe
flooded-road-crossing/0273,flooded-road-crossing,train,0,20785,0,2052815,0,20785,0.0,0.0,,,,0.0,0.0,,,,,0.0,0.9355487336914812,,,,0.0,0.0,0.9413439241737623,,,,0.0,0.9455564340679263,4f42631f3a3bf1174b11d6978aa00479044e989be0e1722cf53a2a7d698ca4da,d71932fbc886eb13c90b1ecf925dd2ed196974dc2b78b22dae98b2b052263ceb,687439789945d0fa8365d9af36ce16fe7f197575ad311ef5b0488410f7c6a2e9
flooded-road-crossing/0274,flooded-road-crossing,train,0,1606027,0,467573,0,1606027,0.0,0.0,,,,0.0,0.0,0.0,,,0.05312754115185726,0.0,,,0.0,,0.0,0.0,0.8352063134528124,,,,0.0,0.006667885678731852,5eac815d6dcafeaed42ca25116f35fe30e4598159ae3b155d664bf6b7378427a,92f986c0cf867798fb963a56a3cc9a99da42fa01c35481b1810a31fc272e5aab,fbfc918f70bbd9a1141c66c08001329d024a226a753a9e2729ee53b6415ed05a
flooded-station-platform/0298,flooded-station-platform,train,0,1770,0,2071830,0,1770,0.0,0.0,,0.9151001485022999,,0.758392476161449,,,0.9779345899947423,,,0.9824568150190237,0.9719737989070305,,0.0,,0.0,0.0,0.0,0.0,,0.8645016175388418,0.0,0.7103185493234258,f0194c9f5092ef4a9f5211064d986408ef94a7c44752b254cf2a6cb67600d64a,9c2a8282ac3b685c1b4f7d0eada263e2c6deb4d18423159e43b764c65f2afc9f,33ac0803113f5e03d9475588cc153e17ad7cc699b4b00de2e8c37723a27d5049
flooded-station-platform/0299,flooded-station-platform,train,0,24651,0,2048949,0,24651,0.0,0.0,,,,0.8834895213474467,,,,,,0.9954595050739594,0.9722077823717541,,,,0.0,0.0,,,,0.9281967166077671,,0.9304903457935356,2e8151e2e6b02fcc2163c50aa86d9e5e0134c8e81d7ed74c33832a121b91dcaf,ac007d07fbb9218cd6a46518c8161c36b300c81f837d4ca78ee881cc5c1285ad,2bd33b747f29bd8593573b856ad72f8879dab3d969d2514aa4b9a93ed0fe8822
flooded-station-platform/0300,flooded-station-platform,train,0,33567,0,1924953,0,33567,0.0,0.0,,,,0.9053623723020635,,,,,,0.0,0.928506063162137,,,,0.0,,,,,0.9256247890502602,,0.9340876354843546,aa5009748eb469829d461d7b4e9a1e63aced662acde1baab34479670671c9cfc,71b71d95fce3df9c264c4586d0b956bfa611ac012f0c0847d66c466d4e709978,1a8c2a7e976c1f02566b4979697e5c0b0b9d61af867a14b3038fed1e40f94025
flooded-station-platform/0301,flooded-station-platform,train,0,31926,0,2041674,0,31926,0.0,0.0,,,,0.9514367106116183,,,,,,,0.9426849199555676,,,,0.0,0.0,0.0,,,0.9661621415798026,,0.9746163145797204,b6bfd2eb1a154fe26098279bca8d8165e5aa045fad56b687663d941cba56bfda,7894d14854f9ccbb4158b0466157085afe2d2c32ff1bb92ff09db44e499d08ca,5b563f284a3f5e6cc91f526aa6962bcb4410a0a04e3900974c6abdfb8d21bd3c
flooded-station-platform/0302,flooded-station-platform,train,0,386597,0,1687003,0,386597,0.0,0.0,,,,0.9216667414621011,,,,,,0.02961815364986786,0.9858248237488539,,,,0.0,,,,,0.957362209567363,,0.09088658825690976,0758d8245392d38d69bb520d6aa46dd39d38ccdfa9c8011ae15e78d2a3d0dfae,00ea88ab0410bcf15bd3202f7dbdea2d25333ff4bec6c06d01c990410360a826,2ef90f39462b056fed726407aebb1e23e7df152846a038a82dceeaf26db68b9e
flooded-station-platform/0303,flooded-station-platform,train,0,319905,0,1753695,0,319905,0.0,0.0,,,,0.9343694916562665,0.0016093341380004024,0.0,0.23146944083224968,0.550301646828632,0.0,0.9780253983187028,0.8290190460235577,0.0,0.4256345148101988,0.7044812272910779,0.0,0.5296894723554658,0.7066408893185113,0.721308302690149,0.0,0.8533719543363435,0.7974396360314359,0.0,e62cac97ea08c225e113869af1e24539312d59ae8b1ea981d8625c7d8c85968b,e39d3cc9f2e733f410aab08b883c5b815fc0b7cec4923951527119e1188c966a,61f8e672192da9cfe4da4587db8be5bd179fa97ec8c113a52298b129b8c60e0f
flooded-station-platform/0304,flooded-station-platform,train,0,78,0,2073522,0,78,0.0,0.0,,,,0.8127651937253557,,,,0.0,,0.0,0.9924261533784788,,0.0,,0.0,0.0,0.0,,,0.9151254172384548,0.0,0.8751868745969956,c9797d293e9f42ce5aacd15adf5adeae5aabd49c586206b065f6f9ae8218987a,fdcfa33e5312540d1fe6a49626ab748f10be173352f093e26fb20c90e293784a,0fa3480e0f7d62a7dbe5f86002965408401b878f1d0fded4644690488e55da4f
flooded-station-platform/0305,flooded-station-platform,train,0,55171,0,2018429,0,55171,0.0,0.0,,,,0.9347575608118469,,,,,,0.8712273054950184,0.9832506893503422,,,,0.0,0.0,,,,0.9649459421836574,,0.9591130439096178,10d64186056082ebd4e47902c4c0de8902ac70f0ef5c2e64b7a35ce344eeda23,e7d2de4d96aec0a8b3246ae5cbcc210d76914bab2c93070d8a83137bb7c9c701,b994e70e5668060e99210f2ee60a44226d8b27cc3162bc79d7534feae891926d
flooded-stone-bridge/0270,flooded-stone-bridge,train,0,172761,0,417063,0,172761,0.0,0.0,,,,0.0,0.0,,,,,0.0,0.0,,,,0.0,0.0,0.0,0.7962864721485411,,0.8392373368360562,0.0,0.21071746519909357,d8aff7595858cbf04c9e2b85dc09bc865c9a2ad58b92c41e823fb4a084f4bada,fd6955216cc66b2eee2cfcf1242e63211c7bcc1bf86fb2ab9d8a15726ce917af,efc0baf9371e1fd8b532c2798ca420e34ef3aec6810526a1d69ca0a7b53f6066
flooded-stone-bridge/0271,flooded-stone-bridge,train,0,17,0,698351,0,17,0.0,0.0,,,,0.0,0.0,,,,,0.0,0.9197575362143448,,0.8019150209455416,,0.0,0.0,0.7290036210723047,0.9664923954372624,,0.7449367088607595,,0.9608323378736983,f5180763e414fb42a131798a9a989ba50a68fa194643d48809aba9a9130498ed,2368f3e5da46a76defb9ae32ea5cfde760f7cd9dad6b26b038b2df07dbeee742,d04a52e0f1e78047378639c58febd7c98584621492d333fc559db2efdc78d560
flooded-stone-bridge/0310,flooded-stone-bridge,train,0,122026,0,799196,0,122026,0.0,0.0,,,0.0,0.3849976652658262,0.0,0.8321415129845691,,0.78125,0.6452549657335347,0.0,0.9161598009400055,,0.5371857043889319,0.4176533907427341,0.0,0.8714759535655058,0.9263395575224318,0.9223700583899684,,0.8131078379671077,0.7828550713577044,0.00037934094878181454,244d2e5e9d27aab38bd91e338efee542e9ef1b32b81f5b1d04e493988fd9fb15,e7400d491f361454e85ea2bdd892beb8058b0cd329a928274504f090705578d3,c63d2cf579e0d8caf80231b9db35a259e4634ed9d02a1377249c572ce05aee7f
flooded-stone-bridge/0311,flooded-stone-bridge,train,0,238003,0,683597,0,238003,0.0,0.0,,,,0.09018241442918631,0.0,0.011204481792717087,,0.7698744769874477,0.0,0.0,0.9649114221395713,,0.5195829555757027,0.5863874345549738,0.0,0.6224905660377359,0.8677352025269831,0.919665879789359,0.0,0.7061075394506137,0.38891951488423376,0.003069552940475259,3ec9872d416c77c2223a85177374f753b9fa22546177d378a402366f3a00fac8,1f576c93da65df63c0f97c19e0f4a5a88fa854a978139bb0b399a9b0722ff0ce,f4c685708869a92ba1621c181dd9fb3d28e62666840bb8b6824ac30123c2e80b
green-roadside-cab-view/0174,green-roadside-cab-view,train,0,947,0,2065933,0,947,0.0,0.0,,,,0.9751302624428604,,,,,0.9410855570995094,0.0,0.8436492585428755,,0.6316755737189563,,0.0,0.7258387581372058,0.9548797709586988,0.9791013607282046,,0.8427200939763754,0.9021997774544209,0.0,ac8756b81048f48af6d2c3fee710b8b43f34a4e658cde8c09bb9f690902790e5,1d89a374fa0d7ed2a6e6429295a1bbd6e07539abb712f5298181462289d6c8e5,b4232f6b8e4e0aae5fa20ae7da5e7fa8d3d16993fdd7d2f692eb64e96ab864a1
green-roadside-cab-view/0200,green-roadside-cab-view,train,0,3533,0,2064657,0,3533,0.0,0.0,,,,0.32478100827667966,0.109628217349857,,,0.8137697516930023,0.7919096172034964,0.0,0.0,0.9090383642800376,0.7593870663707397,,0.0,0.0,0.9712377666435708,0.9849988832674623,0.6920722375267829,0.6336449985158801,0.0,,647d89550b9094d69144e9eb687405a9b548e981193dfb8682ee2e38bdb37aa6,f46c80584a147ea51bb34d9112360631c5f11d0019df6dd603d23b6e150c5218,16073d59951a65916a9d8e9f6049966b836009de1e0602a794b0d9dd1a7b16b0
green-roadside-cab-view/0201,green-roadside-cab-view,train,0,3376,0,1979217,0,3376,0.0,0.0,,,,0.9588703043597477,0.0,,,,0.4461120640365923,0.0,,0.9096552488637624,0.7367940127055956,,0.0,0.0,0.9736753219501807,0.9837519227023955,0.8273417721518987,0.7920339264925994,0.7785522873731896,,cec5a4a2267098df2b64c119ce4e99aacc9014722b05125b92bd8da623cddee4,55581854220617568ef435d0ce1a25842c7ab9554e57da4b56132ea6a7b2c5f0,c33d6f06f44677b86cee0d519ec9a4e276746a1abd9b78e90035ec3f631d5b86
green-roadside-cab-view/0202,green-roadside-cab-view,train,0,13385,0,2054349,0,13385,0.0,0.0,,,,0.898134021828424,0.22929188255613125,,,0.5967213114754099,0.817795039747071,0.5609247678605268,0.8429344151453685,0.8554182373431312,0.659489927924598,0.0,0.0,0.6478157680041534,0.9343927990477139,0.9800743863129184,0.7869929537231004,0.49539282250242483,0.8344751381215469,0.0,318bdc8615a85a559ef35aac3c3b7f2506709bbb305ce03e4e8ea37ade4d7da2,0f3fd0d5280d3287ce8cec97acdffe99355f4a4f1aa7868d9c5c404b03adc696,9172274c276e2f1681c6defbbbd3cf118c872c07391bea0b777c677207e981da
green-roadside-cab-view/0203,green-roadside-cab-view,train,0,0,0,2067867,0,0,,,,,0.9607263294422828,0.9610060724987404,0.0,0.8979297063071738,,0.7142857142857143,0.8618119266055045,,0.6925677355207557,,0.4858271375464684,,,0.9124335580031783,0.9739294265749731,0.9892610313662945,,0.6539932144972804,0.8811172358160796,,18638926136c9e885bad8a5394a86973d90d5ed5638573e5985654dec64db548,e71b82e1e191ebb38f5c61ef1b0d128e6e5a11962065312506493cb014a6a361,5557d2745ae861dd7bc0fca8b0603c4312b09a1141a0e8cdcf061dfd58df24ad
green-roadside-cab-view/0204,green-roadside-cab-view,train,0,3,0,2067864,0,3,0.0,0.0,,,0.9400517200846329,0.9655096841355505,0.0,,,,0.802663884114903,0.0,0.6332951945080092,,0.0,,0.0,0.8308531173180671,0.9631584479022256,0.9931175475317583,,0.7756658670111337,0.9227719033232629,,cb34ab4d9a1966c9d974500a92359ca204a93a0c8283bcc59a5f16456005f1dc,f8a201f8055169f4e1fc3ed4547ed752839f649ac12fc2ace4db3701d27241e9,5252657d32e14c25ea8b3451063196dec768fa14686447d9ed2e6f03daa539e8
green-roadside-cab-view/0205,green-roadside-cab-view,train,0,0,0,2067867,0,0,,,,,0.9586560963663081,0.9635967031962277,0.0,,,0.71875,0.8987460815047021,,0.7790432801822323,,0.29781219272369713,,,0.0,0.9826938476516103,0.9868556455130302,,0.6942669942669942,0.964660467926555,,84c3ad934ba556452a390cf9a7615f786d7bada1f0ce3bec466c1ccd2a89b441,54f8b882502e1aba4a8f31dfe42009d9359e4354cbb6ad2a4af730894c4a64a2,13fe479f690c39f60c3a16dea4549b816407e5343bd4df234ee6b0ef38a8045b
green-roadside-cab-view/0206,green-roadside-cab-view,train,0,20,0,2073580,0,20,0.0,0.0,,,0.9589504675743663,0.9591322603219035,,0.3593281343731254,,0.0,0.93021493971731,0.0,0.8149595311191739,,0.7825074208443272,,0.0,0.6433070125963527,0.9758034750940892,0.9809844219906716,,0.640119760479042,0.9563131674294432,,326099a1d7068b475af019e6dcf936e26aa1a539954a3f0fa5df1a5ff8428999,6cf8bd75df6f49b6f9d82d83a98a90658290b0098de456864106c497d525afa3,ec21033f307ec7df2321399bd9ba8611acfe1c7542ed07adbd216eaf965fe9ec
green-roadside-cab-view/0207,green-roadside-cab-view,train,0,0,0,2067867,0,0,,,,,0.0,0.9803037524636412,0.0,0.0,0.0,0.7387964148527529,0.678019848493746,,0.8361916026020106,,0.7946245850197826,,,0.35799415336181695,0.9468764052292925,0.9901872862267457,,0.7951766013854443,0.9424663978029731,,0a69c574d773bd2b02269bec42203fa65c198e4f1f50743335704b45db4b879d,12929b2c41df570afd935b15f8686b36c15ffe4535cbf298828b651dc6b7f72e,1f90b5d4082e401fa8f9ecdb7b79258bd4fdc327fb15170f6e2de02d654436a4
green-roadside-cab-view/0208,green-roadside-cab-view,train,0,1,0,2067866,0,1,0.0,0.0,,,0.9519460300985989,0.9669175911251982,0.0,0.0,,,0.0819571865443425,0.0,,,0.6803986145022997,,0.0,0.0,0.9875401348853047,0.9831563439040756,,0.7624053826745164,0.9535493588493582,,3b8efe8aa3a6e136add1665ab904a06b78b874796e0c18912f3ee9f3ff74d366,dae9e0177528e83bb9056a8fb457e3d484018332b434fe9195634f6a0f23d72c,3fa2c878795efb6b92b0a8409998e810d1e12a1df0d3165d62c0324d88736e75
green-roadside-cab-view/0209,green-roadside-cab-view,train,0,0,0,2067867,0,0,,,,,,0.8082493049504129,,,0.9679518993533863,0.9410671621980355,,,0.0,,0.7143185399159664,0.6708841108437475,,0.9039295453529438,0.9467878041117678,0.9745583123864962,,0.3692829606784888,0.7903179235995395,,ee956750d1fd8c7676cd76b8db71bf93b9cbcedf8b4aaf4e538041ef501ade04,e9baf13f1df68cf0182ca0ed2887e288cb340e796f1b398ed5a32febcb242750,c09f3653a3bf8a03a5b24df44f9554b9ef15893d722f20e7eaea75e4a256e427
green-roadside-cab-view/0210,green-roadside-cab-view,train,0,6744,0,2066856,0,6744,0.0,0.0,,,0.9498132739304199,0.9104781281790437,,0.924663109342498,,0.08540004313133491,0.9352049532424186,0.8208115614555382,0.8052523380722124,0.9563322059376175,0.6903754685136883,0.677561061324899,0.0,0.5599918517009574,0.8968376875074453,0.9899264047031056,0.8602229003582327,0.5804904051172708,0.8353586032887678,,7fa10db78fee89d3d4e8282d50e5cec55c3943202f620889b50503ae276b1a74,6026feb523e6c808b7f1ebc4a15de86ec7be4191ea33e7e454205851f8780c5b,9d578911c8b04cab7330314feb9b035e32b421357b31991a8e0583c2342ee969
green-roadside-cab-view/0211,green-roadside-cab-view,train,0,1184,0,2072416,0,1184,0.0,0.0,,,0.8726382686362075,0.8718297519136771,0.376078914919852,0.8593571265156714,,0.8030718059088241,0.9191420511118487,0.36998147004323656,0.7169723420949392,0.9005133999852613,0.681673025476263,0.7576103500761036,0.0,0.7222188490449186,0.8579371258333569,0.981206497216723,0.8398211200325236,0.622482470535581,0.8079254306768825,,41f0cad9cf8e4e11e5a870a293f740a7bce70a66b0bf5b0e86c9dd1fa6396f5c,c790e550e0f15182c68acd0fa1c3df3839237fe9c736e380c9569a42ede21622,97ac1bc711b6112cabb8393ba1a0ee1d85feeff4089bb666b4c195d87656429a
green-roadside-cab-view/0212,green-roadside-cab-view,train,0,417,0,2053063,0,417,0.0,0.0,,0.8212009128826631,0.5193842110203698,0.9106360091434719,0.03710980135341629,0.7819287576020851,,0.8989186112692089,0.7709283658646411,0.5133089695260568,0.7822387229764265,0.8158186522114081,0.6255687088652325,0.8115975115575595,0.0,0.7854391733208079,0.720084610686568,0.9800917004813324,0.6775550606285573,0.7529095792300806,0.8653712429281101,0.0,19490f9f31865422ef3257bbecd836b58a75e1200af558b47627240cfc9e49e9,e4afe2ecf4ebd828471240e23f7446384dc2ec9d184d5b7d3aee969d13726f9e,a38670d6550e75d1eff8d93b6ed892ede390e0702f3c8e67aef8e72792860a47
green-roadside-cab-view/0213,green-roadside-cab-view,train,0,0,0,2073600,0,0,,,,,0.9487126479984965,0.9637458979088318,0.0,,,0.0,0.8921817052910674,0.8584607914542365,0.5206202046035806,,0.6023380380810884,,,0.0,0.9640135059335921,0.986873246624416,,0.7625466611364579,0.9392425453929975,,5229632691652545fa2f89ea5800c86d39d27545bb45654c44af717c422b95c4,4f60ce021a149db8b77724d1203b796eafcc96c75f291f1e5fb521ca6adfa064,b7daca0bb89db69ec5015945a516870987455d197de05a9670a37e1209130c17
green-water-cab-view/0263,green-water-cab-view,train,0,9636,0,2063964,0,9636,0.0,0.0,,,,0.8427573480954264,0.5230925549602808,0.0,,0.6341463414634146,0.3287513367040771,0.0,0.8676322124718491,,0.563537492844877,,0.0,0.2476375090865035,0.9439917488686383,0.9948989536542363,,0.8282961246840775,0.8628017614217189,2.6483752218014247e-05,d38268ad352c084c45d9c129d86eed80ec34068717620fc1685f07a6cefd1468,8529f0f311585470613e21978d79fd7cd6125e1beefccb98f037b4124151b53e,fb4de2425e4ab59b2b777c79ea70badfdb7ed315db615fe6b2f4abca6e7733d5
green-water-cab-view/0264,green-water-cab-view,train,0,24886,0,2048714,0,24886,0.0,0.0,,,,0.9309089166786451,,,,,0.0,,0.636789141118652,,0.9641240651406741,,0.0,0.614246866087418,0.9662138756016126,0.9805001702060242,,0.6253780685095308,0.9342344704213189,0.0,7ac26e3576a11b28c401290cbed89e663ce03d2ae23dcbd062e1ece5d3ba81a1,da975b659994aec1a32dd22d6e772c441d1fe28b507d5d47bfe4db184dbe094b,7dab4c2fbb6ed16836198799533a498f12877fb9dfa25f5dc7e75621ad52fa32
green-water-cab-view/0265,green-water-cab-view,train,0,41207,0,2032393,0,41207,0.0,0.0,,,,0.9507165933089048,,,,,,,0.8843674718406146,,0.0,,0.0,0.0,0.924214479896981,0.9298040720988542,,0.8644570938915412,0.8194085558426644,0.0,021d832dd111da4e3fd13f74b2531f5a87481b14073f6b0ac4a5a1149c442820,ee51403528cd8ec8eeea2c81f9e4b41eaae0496ac53ebbdeaf38f6f511c45009,e93bf3f554ece9cd95be60596373365564fdccd51e2858e643f485a009473626
green-water-cab-view/0266,green-water-cab-view,train,0,45525,0,2028075,0,45525,0.0,0.0,,,,0.9473662466432555,0.7411190053285968,,,,,0.0,0.0,,0.0,,0.0,0.0,0.9777822485076643,0.9321118850742333,,0.8481252205151233,0.6880791296544632,0.0,1b57cba93cf3601d156721ce3f759bba69f41268fe5b975191c86fbff322be98,b57e3716ffe62a58f7111bf46af37413badf80d0ecc178d2c7b52919b30064bf,91ccb7cba0bb654f527574d6a0a466d09ed6e39e68ba1eb476ca17f81d2972b2
green-water-cab-view/0267,green-water-cab-view,train,0,27117,0,2046483,0,27117,0.0,0.0,,,,0.9530666775450262,,,,,,0.0,0.0,,0.0,,0.0,0.0,0.9806137565672041,0.8785086709006549,,0.8599157434857232,0.836673542319217,0.0,9b17276ea65c583df9303ed986d88d187c963d9ed6bf0b5700396e0de25190c4,71df9d1285b9ad09eb96265be443e2d18e28a00ec69a0f759a6d3989f1f4d48a,e865f3395521a71588e3b2cbaf49cc7bf83b1e019b8b97059888bfc209dc16bc
miscellaneous-flood-stills/0275,miscellaneous-flood-stills,train,0,5159,0,244537,0,5159,0.0,0.0,,,0.0,0.6074725819443584,0.22074927953890489,0.7134502923976608,0.9654822931508057,0.0,0.0,0.0,0.8711586901763224,0.0,0.5,,0.0,0.0,0.8176219412054525,0.9891890596159839,0.0,0.5377747912066814,0.712530350967552,0.0,61c2965c3c11954382ff9e9e06c34ffa4996a9a48b46aa7f5490049b85765bca,f4155b4c85702af56db693f3f999b74f08d30680a34733c864fb141f6a3f8c60,ea24f45bec5df2fc427d557b8f09c0b735dff59efecb86776334ba50dfd98cf3
miscellaneous-flood-stills/0276,miscellaneous-flood-stills,train,0,732,0,920148,0,732,0.0,0.0,,0.9066208417093574,,0.0,0.0,,,,,,0.0,,0.0,,0.0,,0.931900560636422,0.9734164734724332,0.0,0.8271586131253428,,0.923681887285964,85d7d06fc795f58f6e51ed5e91c5d5d8ab1f41194ab44f3471da41bdadf45973,b9c514a9abc72bf370a67587f1c41ec3e1c7769276c383024395b7a22ca7be38,3c112a4aa9126187e7540f8deb421a8c9db1ed19b68d37298eabb591cd8c9d89
miscellaneous-flood-stills/0313,miscellaneous-flood-stills,train,0,440256,0,1633344,0,440256,0.0,0.0,,,,0.9109214803700926,0.5754914004914005,,0.9816862066725531,,,,0.0,,,,0.0,,0.1384720041862899,,,0.9391449505053392,0.8346008054199213,0.0,74272d0a74c881e4e18e9bf6000c065a51519bf7c05acb3c8e912f075c3b5ddf,c3e7c0a88b0198168b7659a591eafc02b94abdbacb436e871eca4779200bf186,0f3fbdbf1a7168c00ecd4443ad9093db0a03868d24d26cfe3e8fa7e68b5a8a87
miscellaneous-mud-cab-view/0173,miscellaneous-mud-cab-view,train,4656,0,41641,2027197,46297,4656,0.10056807136531525,1.0,0.10056807136531525,,,0.7133986708733302,0.672626990481274,,,0.9142974190905366,0.0,0.11087362087497993,0.0,0.0,0.7735157241573826,0.0,0.10056807136531525,0.0,0.9528068586415598,0.9961055701413694,0.0,0.5937551819056147,0.7665119120342089,,f0ca7b2f878f2a5e167e558097ca517d126cb474aa25f5b0ec0fc4d6b1e57432,b968925b81e441c3dc638759e4923b6ad0ca44e3896210a4c69b136305b9eb89,206ee79974e352dc336321a86bccceaef3a5d1af3856efd7b53ffc66964f4763
miscellaneous-numbered-cab-views/0013,miscellaneous-numbered-cab-views,train,0,47,0,2088913,0,47,0.0,0.0,,,,0.9707827646631935,0.0,,,,,,0.7439766366512534,,0.0,,0.0,,0.9648290540693089,0.9818576402441881,,0.8299089995101957,0.8760213882804948,,cdc7c624979074f91663aae6c612b6f6c370af9ca88a91ba076c2bad37e6c319,5566ae6fabe4c0bdb27e7217400a18101ccd23bbecd3e8cc415f9ed41cca7115,2c1af6ac22274a51e3511afc57f57a3ba4e154efe897ca2f44f81aeac5cf91dd
miscellaneous-numbered-cab-views/0014,miscellaneous-numbered-cab-views,train,0,0,0,2088928,0,0,,,,,,0.9288126555279062,0.5365195550771439,,,,,0.0,0.9273875524832401,,0.357311320754717,,,,0.9534198159853801,0.9489590666800765,,0.8486126090793215,0.8155035975346475,,00a59e617c6d81492253ece8ef06493164bef224314ee99156bc01663f8ccd38,3ba891a877a2984212cd387b6a1eca2332a40b2a757b57c0248ffa03807c605c,12eb4c65330b6eaf2289a29e85e42c3d4b4f3568ae404a2792d22c8e6303ba34
miscellaneous-numbered-cab-views/0022,miscellaneous-numbered-cab-views,train,0,0,0,1931319,0,0,,,,,,0.9327663937516021,,,,,,,0.0,,0.0,,,,0.9808781724850195,0.9773238416228305,,0.631068619473827,0.9234840375826155,,34431340589d77bf879a5d44b35f1ba4ee67944d06302e41751f49b52c7cd6bd,601f45356d35a2626927e94aad629de30fc2805b197f3f27a60dd2cd87622d80,5b2dcbdc82142ba078fb128141f95f4bd568f0d0685ebf62aa5fa5c0a963c3b6
miscellaneous-numbered-cab-views/0023,miscellaneous-numbered-cab-views,train,0,29,0,2087844,0,29,0.0,0.0,,,,0.9252828919444868,0.6330746294362695,,,,,0.0,0.9538721136448812,,0.4888030888030888,,0.0,,0.9421018785633966,0.9610740048089768,,0.8054486408467645,0.7865922858111395,,4dbdaa16ac641963e653bf5fa8dce1b9b05b89b3a3d10f8da2e3c9c38deeee7e,03b59830b108e9c2dc87a79168457ed2a8be69f44abafae8f6486184598ecb19,db59593b88efba302b94b9a8610f785f6747c7ae892d1f908808451e64d54ff7
miscellaneous-numbered-cab-views/0024,miscellaneous-numbered-cab-views,train,0,176,0,2087563,0,176,0.0,0.0,,,,0.0,0.40418040752600803,,,,,0.8405985024725728,0.7307885484681065,0.0,,,0.0,0.04401767505098572,0.9930457542814427,0.9964332715601751,,0.8370462586816931,0.5239766081871345,,35db7be7064f509351e3627b33430eabc718080e493e83ad1551491d62e1f113,e3c3c38776bc33b723f23e1afe17f11dd1b9be409c25e6ae796447766a6b56b2,a588dfb15b434eb8fe7f52f24f75b56df3d396fe8735643ac0ba337fd174fe6d
miscellaneous-numbered-cab-views/0030,miscellaneous-numbered-cab-views,train,0,0,0,2088960,0,0,,,,,,0.7738314829638395,0.5660338101430429,,,,,,0.9043611849949555,,0.0,,,0.8828897628775441,0.9716143228645729,0.9189346434805095,,0.8735744729869831,0.7746609791812568,,a88a70e7bc9e1730883e2cfef16954b7c5a6ebee797dfe8205837e1e2f9cc290,d0384c853c39b8e3b218a40e21a03110e8eb9368264b796d43fe35330caa8f52,798e58086c5a5b28e184c9e4c94bc973e2607341960d5b2f34fee12d87b26b8c
miscellaneous-numbered-cab-views/0031,miscellaneous-numbered-cab-views,train,0,0,0,2088575,0,0,,,,,,0.6397240971796095,0.6146524048492785,,,,,,,,0.6985128763148349,,,,0.9805788701851823,0.9809333585552303,,0.852226535040802,0.7517560404539689,,582a1052402234b092c9e8f0eb985ba78c3b1068c2ae8c12c805aadd11584b0a,eac752094ab94f349e6d48690930d8ada3181efb518c33f473c5388d2ce23c74,4433e08baf314e25e49221a51e0421b0a54d52933c4b4ecf4d0b2099045013ee
miscellaneous-numbered-cab-views/0032,miscellaneous-numbered-cab-views,train,0,59104,0,2029856,0,59104,0.0,0.0,,,,0.34092344039593475,0.35463659147869675,,,0.7722278644631151,0.7657064143259268,0.0,0.6903092459839882,0.08157188186477911,0.6595264937993236,0.0,0.0,0.8687475540230372,0.9528347129981912,0.9551764812630433,0.7157454925291793,0.5093323428359179,0.7508399674290277,,1bdac9a6b7ef8988de21ddaa678ad8a54e0a98f75bf8ed86e61e0f50a7a6c16b,1fe12468826aec7019e49ab44aa6f832aac76a9576018cf252bcfd26dfa6c329,eabc3b37c5cddb36ab02aeb2e2c6c2f07f0472ebc3c4821aa48ad118887b6bb0
miscellaneous-numbered-cab-views/0044,miscellaneous-numbered-cab-views,train,0,0,0,2073482,0,0,,,,,,0.9230535442924823,0.875775663376869,,,0.0,,0.0,0.9013158916836267,,0.5927796011108306,0.752895752895753,,0.0,0.9364161568533342,0.9951083821051444,,0.8398693551679557,0.7667395020889604,,bb02fd705ac7b08fb3ae7c618b46f5a9da4ef32b590259233156f5fee831aacb,d3844dea10ab96975316c1574eadb989106b149d9b1fafe094beae7e9c50ec59,237cae6eea009fac2d0451952fd8e110a87047f5b3318786b904fe0e92f4b7d2
miscellaneous-numbered-cab-views/0045,miscellaneous-numbered-cab-views,train,8023,38,43197,2022341,51220,8061,0.15652190877521557,0.9952859446718769,0.15663803201874268,,,0.7473346771255798,0.742910387295414,,,0.0,,0.18607877271243609,0.7888872119931583,,0.7292455665764953,0.0,0.15652190877521557,0.8583021036326388,0.9199024186801398,0.9877622762028837,,0.8802403504822595,0.9019689393870145,,8a2c09c50911afe45e05157fb8602cf7345aa5cf6f005c3b76f7c0d8b50f36c3,a820d863d1b63b281c0ec5f7e11041e0e68f73f39d613cc757bc489e1e03b351,a566e4f5f88974fc192a162a51f90ec005a6798710528c02ac32d5c534ea611c
miscellaneous-numbered-cab-views/0046,miscellaneous-numbered-cab-views,train,35008,4321,3657,2030614,38665,39329,0.8144046898990369,0.8901319636909151,0.9054183369972844,,,0.9306609971530768,0.42059357964869776,,,,,,0.6776699029126214,,0.5186636419880388,,0.8144046898990369,,0.9850416797553395,0.9796959377331009,,0.8875815470643057,0.9451137943395731,,a1bc04fa20bd623f99bbac759e22dbd90554263ca7b217cee49ddc9fedd59da2,550d403c2cd02d480d3ae049a478b103700ae04d047712fa0e5187f9b0fd5068,6a580dc377b33d814afdff99d2e8a85c7d1bd67933368d41557ef6aa323f9ab2
miscellaneous-numbered-cab-views/0047,miscellaneous-numbered-cab-views,train,0,0,0,2073600,0,0,,,,,,0.896126852545236,0.0089724754259369,0.0,,0.8633944411590775,,0.9601989053912626,0.45083798882681564,,0.79615789820241,,,0.8786511916455565,0.0,0.987479610810551,,0.772577877917192,0.9070559493579483,,b74e6210f53416c45a93c3fb1a022de2cc33ed02723512634c739624b649276d,52518430666be87ad030da35871a2439ebbc09260cee1aaa6bf65be527c77193,c8887289901a951321455c63ddb7f9f0418477bb6f290bc09de78e06f32532f8
miscellaneous-numbered-cab-views/0048,miscellaneous-numbered-cab-views,train,0,0,0,2023939,0,0,,,,,,0.5807354021953012,0.5968943343183806,,,,0.8162162162162162,0.0,0.5921974350684341,,0.6691512382784324,,,0.8358281940353461,0.9626454616683284,0.9932108584129525,,0.7364688769016304,0.766031431249236,,f912ea15971bc82b19029b9aad152ec1934e74e2a32d29934c116cdd7409125d,207a7f72a12615e89d5f214f068689216c6d434bd46045ce97046eadaaf814f5,61ed9c8fca54b36c3fa817d2bc8e03f016f7a957adb6fbfd94f99865867220cd
miscellaneous-numbered-cab-views/0049,miscellaneous-numbered-cab-views,train,0,0,0,2023841,0,0,,,,,,0.9015859712462123,0.722113089580297,,,,,,0.7748603098169263,,0.9064098959797582,,,0.7798821548821548,0.9781395053490548,0.9938590349495303,,0.7141615986099045,0.8421328213631207,,18e4e59e4f1f16790b92171327c69eba67d5364edbe5a933d052ee78b21f9557,d8c2a5b6f12b75c02efc4512cc0c2efdba9b29f877cc7842dbd1070c4cc562b6,e63bb55fcdf733ba6ba383960e4db24c453b8669bd4284156b05863fbe604aac
miscellaneous-numbered-cab-views/0050,miscellaneous-numbered-cab-views,train,0,356,0,8211267,0,356,0.0,0.0,,0.6552227903579255,0.6563117019876267,0.9664637833044459,0.672025134046551,0.812323266598801,0.9826286453128407,0.9346241657885493,0.03804165310434976,0.7774254747018163,0.8485428600880616,0.0,0.7433110257236003,0.7561231630510846,0.0,0.5373564914558924,0.8957464366965374,0.9736291756787233,0.0,0.8600371610627644,0.8482318908584464,,33fc6fbed915cff715396fc229a8e0da423ed1d84e76cec2dcc2a28d124be983,a9c086f93a23a8995da1495bf54ec1a377ef02d5932b137a3002f7384f45c4b8,f4d59f41c0a6ff848daf92d2841aa3a5cc3e5d88034a32b30253a043ce45d77d
miscellaneous-numbered-cab-views/0051,miscellaneous-numbered-cab-views,train,0,0,0,8212452,0,0,,,,0.7527624309392266,0.8474712695076689,0.9445519248074751,0.7190786559514016,0.8382132132132132,0.0,0.32964970809007504,0.027494163152942817,0.6851548230285772,0.8220241868146264,0.0,0.5152366240696531,0.8800267137337213,,0.8734277508170744,0.8357265018171453,0.9635179948309522,,0.8575097638688437,0.8474681499471824,0.0,a29169723725172c5b690fadfa30cc7cf76f7eb2328590890c3c828f7d3f20bf,f19c28ac63b6c849df2da22a96db0a6b720006896d82875ceff69a43205d2023,8718ed1abb99abf3398570a1ddb5715f1f9dc8ab48a6bbae5ba95c5f957d2638
miscellaneous-numbered-cab-views/0053,miscellaneous-numbered-cab-views,train,0,130,0,8119654,0,130,0.0,0.0,,,,0.9677238467172075,0.23558920670530317,,,0.0,,0.6626618236006333,0.28014412709248027,,0.8787172305906694,0.8499791057250313,0.0,0.8832888692838887,0.931102480511523,0.9633376283233538,,0.9015777774154452,0.933347359752773,,9e09a858819a1882bccc4f5b7cd52bca20f66b1052a3c5191dc459062ae69e81,70a16c903d27ac00306c86f14141f728ececfc9dc4e320ea99148e50ab77339d,1372d65e795f54f2abb12a8d79be8cff222287340197b616384d7c52ea4a1d25
miscellaneous-numbered-cab-views/0054,miscellaneous-numbered-cab-views,train,0,132,0,8175522,0,132,0.0,0.0,,,,0.9429663342667715,0.5587194985448847,,,0.0,0.0,0.6878831881252017,0.8628997324499936,,0.7780904632450376,0.7991623036649215,0.0,0.0,0.9806496997385373,0.9619943649975584,,0.8311840816481144,0.9538308780480086,,ac828e814ea477c826e95def13cde08680d0a05dbe64cde8303472779d31fce8,ea34de2ac35692d4e015602569d70b94968ad6bdbb3c7aaffedafab451351ee1,6ddce85cad1c3f2f59c0954ce8621d27a18a10cbf29bd8460e947e01323c41af
new-unmatched-2026/0175,new-unmatched-2026,train,0,3782,0,2069818,0,3782,0.0,0.0,,0.8643299952312827,,0.9333297858188107,,,,0.7842669845053635,,0.0,0.8143190801293568,,0.6309478923158133,,0.0,0.4986981915417634,0.8941936441230158,0.9382014328902141,,0.8375372865244043,0.7956419830476139,,c81bc0c590d9bd6563e2e11176cfe441dc0920a5f9cdbbea9d32b36a51347b86,e567f1deccb42140b8e6f7f671b1b6b71cab015fd5065dba841e709332e19b53,b5461b3389d02d9efa32625357cb3215090d8314e9adbcea0e9fd0197af16a14
new-unmatched-2026/0176,new-unmatched-2026,train,0,426,0,2073174,0,426,0.0,0.0,,0.0,,0.9569374291310174,,,0.9664176326704244,0.7602996254681648,,0.0,0.6707844348363187,,0.6021211084502224,0.3281733746130031,0.0,,0.9412169741630111,0.9883798440528584,,0.8670022053550892,0.8704486036578046,,fdfba692303712b2119a1d725763d74b54fa20defdb3415916105955f503bd9b,bf61db99763dc894604525d3f039b209cb136d83f1cd35b7655768228102fad0,bc5d411e324806af8f779254d30666f1dfcff6c6dabcc9630259a5c606a310e4
new-unmatched-2026/0177,new-unmatched-2026,train,0,4905,0,2068695,0,4905,0.0,0.0,,0.8491724961610647,,0.9482374186890744,,,,0.0,0.0,0.0,0.0,,0.24541360907271514,,0.0,,0.9831263259260108,0.99471147203758,,0.699993085805158,0.8903086142717601,,92fdd6e752f0a8493a8a0114320f0d3adb209985cc28a17efef842ce5c887b26,4bd80258418635ffe4fd02e59e7e743a04d3ef8362742a3493154f57d54ca4c1,70c2050b8be61abeaaae59d5ae94a49284c9f1cd84af1b9b1e6d7b4503337986
new-unmatched-2026/0178,new-unmatched-2026,train,0,0,0,2073600,0,0,,,,,,0.8848756313732965,0.0,,0.9345232760320504,0.8277713160955533,0.0,0.0,0.5888127323420075,,0.3813360679753882,0.0,,,0.8864998463008007,0.9712815449807002,,0.7372585898435708,0.8964014043300176,,bcfbb199baa79a77d97dfe9e368490306a1c84afc0dabca15e0dae262f2a945e,c0720faac0cf1b752740879c16180ae323eda041ad52f9878faa4a44fe5fdf85,0c8c5fc5055468a6d555f7b6090d9720f25720e30ff52b3054b38689dec05d5b
new-unmatched-2026/0183,new-unmatched-2026,train,0,61699,0,2011900,0,61699,0.0,0.0,,0.8387859043773516,,0.9525127768313458,,0.11358574610244988,0.9690335851209099,0.6057692307692307,0.00015953628120928502,0.8520145303325305,0.8191429196920494,,0.7635141454290391,,0.0,0.0,0.8698488092052449,0.9825486817371186,,0.7939016542378015,0.9038858892928628,0.0,60f737c273e283351acc6efb1ba0704e0827f47b77fdd8695a5bd891f5dbab4e,291ed9200b9c9d9d1be97ae0e9b2cfb2da0843377519c6b9e5e806e193e1071c,6b5b671aee60c074fbb0843dc13a8da7f8e88ff744097731364899b9339d5ceb
overcast-mountain-stations/0214,overcast-mountain-stations,train,0,19683,0,2043314,0,19683,0.0,0.0,,,0.0,0.8307686246700547,0.5703125,0.0,0.5760874702629465,0.6043841336116911,0.5550761122333672,0.11320754716981132,0.48242478963670793,0.832185054712099,0.7486859487871378,0.521006813020439,0.0,0.429953638379359,0.563664839813471,0.9564764824646677,0.5658770485937165,0.5319544328277029,0.6033201541380723,,fcf5289b197c7f0a48d5f375c13e6c090599b238c68ce299010e0babb86cb7e7,d66cff571333e436c6a9212058e636e2420673e9fa861b9fb9c61d3cadc245d5,4f7e3f9322bd390fa5d130e1ba1acc1b680a0719d860c078d0c51d3f3c52578a
overcast-mountain-stations/0215,overcast-mountain-stations,train,0,35,0,2072921,0,35,0.0,0.0,,,0.7257183908045977,0.904794238817469,,0.7108621226268285,0.9436449797308005,0.0,0.0,0.4080267558528428,0.770658045342276,,0.6310918020400453,0.0,0.0,0.7102095039536244,0.741491805712474,0.9813709597987349,,0.7458039653161604,0.7951047776068385,,a4ea3527469f92f7e01c82dbad4e004af29e5a534ebe1ed94e96185736126eff,854429faa83f8da4db49e7aad63e0ef178c079e045e63a5be44bdb3fcd0af9f4,b539cf257e616aeb91240e9a9c9c3b391f2e48a29b13658a3122340ab6c4876f
overcast-mountain-stations/0216,overcast-mountain-stations,train,0,110,0,2068007,0,110,0.0,0.0,,,0.7280800583206309,0.9607630425900618,0.7215707662939733,,0.863283051182399,0.8959653217739246,0.8083645443196005,0.8444605990113405,0.8034788601564139,,0.6109834514453434,0.0,0.0,0.0,0.9779713686679646,0.9689960327147226,,0.8214260224109629,0.9374832795014845,0.0,39f23d5418cbc5c465dddc13feda5ebb78e7eb06be8eacb3a5acb0256a95f409,484d599c7a9c73383e03fb6ad49561d2771579ca685ae29f0f30e4be25d04b96,b9f9a1278c6977807b243efa96a6534fd65b091b8cef2899b233a44b236eedf2
overcast-mountain-stations/0217,overcast-mountain-stations,train,0,0,0,2073600,0,0,,,,0.32842053549496436,0.39284413029221016,0.9720658523632502,0.0,0.7603704418290566,,0.0839041095890411,0.0,0.945690233699942,0.6883983352640838,,0.7713573497947442,0.7559055118110236,,0.5820679047177185,0.8858509051457131,0.9268466714550334,,0.7213981202163995,0.8674258810273539,,014ccb7933ce4cc405469bff1fb36825df54553c505c185a5c2b9ca46750aa01,aa3b2a2139a82a89c2ca14efdb1d56c34c50fe2cbd36c733edc6aeb721cead1e,f0c124e3c76f9c05a96aa4a6ce04de71c015f28dd170df7dd462e8fc505e41e2
overcast-mountain-stations/0218,overcast-mountain-stations,train,0,82,0,2072070,0,82,0.0,0.0,,,0.9644515012183962,0.9846626187310681,0.0,0.0045662100456621,,0.0,0.8947222366755121,0.8006785037670177,0.8869002284843869,,0.8809761986892032,,0.0,0.5947311459248623,0.9141418461556008,0.9571779127292784,,0.8454004463178775,0.9458621034724307,,7d192a396ef667bb5f346b4419b19250547fc8d398f9ad1541087e3b71df732f,5a08d87d4ef25c8edc375b184d40fb21715f14fe709bd157766f55da6db5be90,f468e81d3c5d8ca6445c3776807f2cd8d0e3709d3b7c5483b8211b9011bbaf3a
overcast-mountain-stations/0219,overcast-mountain-stations,train,0,1867,0,2065956,0,1867,0.0,0.0,,,,0.9363875524376082,,,,0.8175336412934324,0.9431141063246952,0.8310441392185625,0.9536547246934359,0.9372982106755982,0.6790580083337235,0.8939968457434314,0.0,0.6379466597617814,0.948239392286062,0.9956100872642949,0.8694162281238527,0.7175645521198597,0.8934762446575578,,217eb3ce4240bbab2cd912c73d871881db741d3f99a15000d1343139afbeb72c,5dd19a743ac1e5e12f6fb63c62e75e423f24b6825f5013be4daef1327de5b91c,beecf5d83cc90348957462284ba56aa5ccc22e98f58d6d36989fb82008bd9422
overcast-mountain-stations/0220,overcast-mountain-stations,train,0,213,0,1926475,0,213,0.0,0.0,,,,0.9526682823087195,,0.4543707973102786,0.9731920136025332,0.7395017793594306,0.7667095667095667,0.302085811721786,0.7958454883814505,0.0,0.8018311802332874,0.9044144472820138,0.0,0.5344913151364764,0.9576323341001302,0.9901972649158901,0.6743515850144092,0.8792036918847268,0.898657211421792,,b998518e2d97c634c8c2c846bf7f07e5ad02688387f15d657cc9646d080b722f,a78aeb5c9b6e22817ec40a0d14a2e3b3369a6697165133d9a00b6e867bffaa90,375baeeea1bbd629b2457d636c61077f7d9c6ade01680e61942c730010dade43
overcast-mountain-stations/0231,overcast-mountain-stations,train,0,0,0,2073600,0,0,,,,,,0.9759951549854099,,,0.9933295628139098,0.216260162601626,0.8588554270861343,,0.3820047355958958,,0.8287474810106961,,,0.6911207743021461,0.9371128647102319,0.9471791074914182,,0.8395522388059702,0.9622310448339305,,27cd78cb2b58647066724fd485237e2568caa02d648e8186d42928145e8c8070,e2756ab550685eb2f70de905f8a2f1b99510c181fc397402f3f807c8450880f1,66c5838151f225021f851408b03747ec8c2aaa312472a1dd1add5cee24389ffc
overcast-mountain-stations/0232,overcast-mountain-stations,train,0,41,0,2051745,0,41,0.0,0.0,,,0.0,0.9701178835785433,,,,0.6502995098929025,0.8339524298062523,0.0,0.7883985590306206,0.8408656906429026,0.5691751494587171,0.8984924623115578,0.0,0.774859452832481,0.9572447514254031,0.9736610935207352,0.6842936069455406,0.8551288857429363,0.9105457381583414,,77b17d1922889f7c1d3d5c9eb9eb7abb5f53399f38433a493e4e0d9f6d369bd5,3315c387c153f722bf32fbe0bc5bfbdaa858f63464cab9be2c8c073d479522f3,fc30aa5b9cfe09256c9b1e94fd8556ac2ff55d6c19fd7b05968ff5680a576a80
overcast-mountain-stations/0233,overcast-mountain-stations,train,0,1078,0,2070817,0,1078,0.0,0.0,,,,0.9262822337337052,0.773015873015873,0.7509699669492743,,0.5132662397072278,0.845504954238276,0.0,0.9084892421391935,0.9152466166089654,0.5550296328706098,0.9142614601018676,0.0,0.8529664660361135,0.9217682091513892,0.9779340987402871,0.750183997476606,0.7042627830339109,0.7164147723056373,0.0,ccfe0f6097d8c9ab6aa93e8322b418afe7878378f87ebfaa7638f12f8605381e,3b67554f9922cacbbdfd34af50631afad68cbcf60e66ebde1584c6133fe36a61,0c7993c5c9d986523754c118d9faf2b886da7ede7d65555b0c68f5ddef4d742e
overcast-mountain-stations/0234,overcast-mountain-stations,train,0,0,0,2073600,0,0,,,,,,0.960499140908381,,,,0.6899766899766899,0.661243337052188,0.0,0.2727272727272727,,0.687382975658937,0.8697050938337801,,0.75532699255327,0.9775859034253972,0.993669896340536,,0.7649443929564411,0.9405640879860476,,709cbea54e2cf9800bbf3d0c032a4ecbdd34ac081630e119aea5e897a39808a8,9f031a8f85e736e4469eff85abe294ba9b7cd9f12c496873f486d04a6bb80267,d83a5709f67eb3cac942a76afcc1e944526d84bb392701a1d632a67826bedbf6
overcast-mountain-stations/0235,overcast-mountain-stations,train,0,3782,0,2067605,0,3782,0.0,0.0,,,0.0,0.7750295251465116,,0.6736559139784947,,0.683495145631068,0.9108501795340325,0.0,0.8715564589369892,0.8926759838287176,0.7796142383410989,0.0,0.0,0.6317894217864088,0.931192815650845,0.9787428755864849,0.6936529342671945,0.6762638991845812,0.8917451305029788,,468c69f20ee4665d35f34a795d6f47eaaff96dedee7864164a769f063403427d,727abdd8767871d43483380b4a639a89408335f221c2798f071ede7d71cbcad3,55bd284ae8578df74d949dc7a566b25fb8c9fd5994a8074ccdcf93fc41ee1afb
overcast-mountain-stations/0236,overcast-mountain-stations,train,0,148758,0,1915728,0,148758,0.0,0.0,,0.8043833824010468,,0.9551267976726314,,0.0,,0.44874580288366583,0.26045019751854237,0.8291897755305562,0.9353535741315578,0.9353541298803217,0.5949123414686135,0.0,0.0,0.5195422295213923,0.8901474048696034,0.9808129238662815,0.7883122812357327,0.8124079369205441,0.860316897609396,0.0,7d0f48496493980d7a6b226310064c37f280f0d3d8723af88c69108db233c6e9,357469e787079530c7c4af0fe3afad136d2be00a3110c53be46d1dbb7f58abff,5fe22cf9b0e950e92889235aaeb3edd4af8dca79fc3e7a6290df3e4be3fdec86
overcast-mountain-stations/0237,overcast-mountain-stations,train,0,876,0,2057520,0,876,0.0,0.0,,,0.0,0.9394945199322339,,0.0,,0.7025106584557081,0.9155655224381046,0.0,0.6749674967496749,0.9476022832142735,0.5646535240618298,0.8567639257294429,0.0,0.6358616535314492,0.9085957242789174,0.9859116659128815,0.7705192629815746,0.7478303747534517,0.8107376179574516,,d9eebb905aa35607b8a9ee3cdb0cfd1d4a4e368e77135f92e804f42440f333cd,b1eec86e60b77ba128bbba833a23764f54d112d408858a88b1250f02d7da05d0,ce56f5716d903a33fd871e73f2b6f8d458ae57e07fdd68db2319ad713e2e18d0
overcast-mountain-stations/0238,overcast-mountain-stations,train,0,960,0,2072640,0,960,0.0,0.0,,,,0.7866473873155165,0.0,,0.9861403697030967,0.0,0.7551971326164875,0.6931756704536672,0.8487256171048521,,0.6861082811817785,0.7587511825922422,0.0,0.9733725365168208,0.93443185311357,0.9878593291053268,,0.6621033453109976,0.7153904923132732,,38d3daf79fb1b3f1c4c8c5bf74635d5954f16b3c5be5297e9e5ac9b077259d42,0bd106de9c902a9bc8006dd281b20d065ef8b5bfdbd81729dc77edc4d0287715,c3cb0e1c3f8034603f04a88ab66a99960a5357d7078d74b16ad1270994de5dc9
overcast-mountain-stations/0239,overcast-mountain-stations,train,0,2931,0,2034501,0,2931,0.0,0.0,,0.8471861471861472,,0.9792732665925102,,,0.9835780688959657,0.3024871982443306,0.0,0.9508132717017702,0.7443087582477617,,0.5155069746926173,,0.0,0.790351566887566,0.5918201012202317,0.9752572446216743,,0.7500114757860914,0.873146947144918,,a48c958611d90e4471af958912e453f589b8b5533315c5d59ce81b77a46a7bfc,7b59514cf69597aa4f2cce3764a3d0af51710e328dc3d85c3976e4c563c3ecc1,716555545c861571ce1bd6894f5f770d4a3b148c3ed34fa6e05d7746af306e62
overcast-mountain-stations/0240,overcast-mountain-stations,train,0,62,0,2073538,0,62,0.0,0.0,,,,0.9553977536433677,0.0,,0.9606906625962217,0.6452937460518003,0.0,0.2663755458515284,0.9016709821643963,,0.797980162308386,0.0,0.0,0.5853260869565218,0.935515429701905,0.9078379809767552,,0.816775158800987,0.854732177693551,,8b51f499144ba83986ae26ea615d1f3e8da062613143bac5e635ab5684f8c914,99709ace9ed244e7aac8df6f8691255f3bb94e3107826bf9d3f678400c6ead23,e022cb540d95c80d5f79579f723dd17cb4e3f99235a39445a105ccb8ea832ea8
overcast-mountain-stations/0241,overcast-mountain-stations,train,0,0,0,2054583,0,0,,,,,,0.9617892624834148,0.0,0.31016042780748665,,0.8115510568621613,0.0,0.03545301069217783,0.0,,0.7460112117291936,0.9050128835792925,,0.6249035935110263,0.8737438381308434,0.9696570117853666,,0.8830368116701255,0.9548388699916066,,3625a2c4d4e9f8f3e0165e6dd90494d2791acd79e6142389e4a17e9e72601af3,a18c6013db023e74d3f18197e3c928119a026a0643711724bc334d3c6663f66b,3a1a5caf82aef367d63e23e264080daa877dff82509b0f1ec3814022c3d95451
overcast-mountain-stations/0242,overcast-mountain-stations,train,0,0,0,2064724,0,0,,,,,,0.9561658865480415,,,0.8996942576746562,0.0,0.0,0.0,0.2950756107018224,,0.5846001665972511,0.0,,0.0,0.9604862833981643,0.9866055205677338,,0.8079250188576289,0.91474957668517,,ded050ca71f820d730759226ffc1d2274e07ef4601f63b34c13120c7ef05161e,eb2b02a061e3cd39e085fb56063ea4abf4c835ba5583526332833e0723c0d442,ca60b5bf6d52f0480372a54376742cd6dd7ecded84d57677d0f4cc1d93e19ada
overcast-mountain-stations/0312,overcast-mountain-stations,train,0,0,0,2073600,0,0,,,,,,0.9230295667144282,0.0,,0.6955810147299509,,0.0,0.7982089741155624,0.7620009815266982,,0.7113173711070252,0.0,,0.0,0.8391142532657486,0.8841942186487884,,0.7957782519349023,0.913491475757069,,5443a27572d1805ca781a25437ef08d1d27ac70239d96cb52f50717ff14822c3,b7a584f428c50f605f7f6cf81f78b931a71df4e8242a20fa82991bce28e1f9f1,af05d77f587c0393bee0be92f0e0dcfe4f8a636a8db395b76802f8daf241029b
rain-water-cab-view-with-overlay/0268,rain-water-cab-view-with-overlay,train,0,0,0,2029558,0,0,,,,0.0,0.0,0.7006014192662269,0.4194013781223084,0.05387518996029217,,,0.07217531162042622,0.0,0.9787908103428751,,0.0,,,0.0,0.9487444773058058,0.7219144440002284,0.0,0.7083971928692425,0.7705632250275576,0.0,7a53e1b4c0a64e0b30e58ab9db89fcf98ce95254700008d25f5394d06f97a292,23a6618e87555de6cbd8e26e944af51a428323c138f0f4bdd425e1c41c6ebf5c,1cc4cca9042b232e814baaaa98d7ae082058f31778370348a19df5a3b0c1988f
rain-water-cab-view-with-overlay/0269,rain-water-cab-view-with-overlay,train,0,3,0,2054766,0,3,0.0,0.0,,,,0.9662765029957892,0.5065020455873758,0.5542949756888168,,,0.772953488372093,0.1524036822366178,0.7554855830164765,,0.5438842707546151,,0.0,0.0,0.9689576231863748,0.9903925746455982,,0.8195716499929547,0.9000885766187753,0.0,1100c1ea54949235b635d2def045d12f73d290500eb308c1ce83323f8600862a,abf7569acfa9b70797209bfc372ddce4a802e55f69e55594dc883d24cab15bdf,35dd9df51b43e4f2c882ff4a2edeb94c04cb7289ff0adc3951d43bc9c5e7a5f1
rain-water-cab-view-with-overlay/0277,rain-water-cab-view-with-overlay,train,0,9306,0,2023300,0,9306,0.0,0.0,,,,0.6105346832901013,0.7571252861110885,,,,,,0.0,,0.390625,0.6382978723404256,0.0,,0.9789015992082676,0.9087633357669391,,0.8425952313099648,,0.0,ca57dfd0f80377755014a88660f5a17884651b8fc20abd7455c72679bd8bb09f,5542b12fe43765140207071f9c0e4692ea5687467fc0d4d502d4e96bd01a76f5,478bbcee317e4f762c202f236795a16bd731da754e58aaafe4ff4f406d8541a6
rain-water-cab-view-with-overlay/0278,rain-water-cab-view-with-overlay,train,0,19208,0,2020351,0,19208,0.0,0.0,,,,0.5731406755907795,0.8711645557143561,,,0.0,,0.0,,,0.679,0.729064039408867,0.0,,0.9898461423809652,0.9492019849785408,,0.6731990440423352,0.0,0.0,ae02105bf482e4b7269f687a6bf9420a5d1fcf5bf84ca910a716df519b4a66f1,f9d9cc36d418487bbef456deb4bd834ff96e352253bedc9a16b3f55061617ea3,1e7084a3845cb0e27fc1fcd21b8a95c802e6a563bc54489de3f49f9574d50335
rain-water-cab-view-with-overlay/0279,rain-water-cab-view-with-overlay,train,0,1465,0,2052855,0,1465,0.0,0.0,,,,0.7204475308641975,0.7870674656872221,,,0.0,,0.0,0.8820260739474247,,0.7292508204998738,0.3784564911732542,0.0,0.0,0.9641280023511365,0.9775882429182448,,0.7457431826910766,0.5464320625610948,0.0,41a8c3396c58a82a580a4b2d762d7a5813c5b86e025f72d9bc3ad2ba21db3545,75cfc723508e1a083341fb8e16648a7f892140dd4f2ab1043d614110da2558d1,16a6236993a12f1827fc46c084b0921f6add0ab323f0004655570e8aa13a6f63
rain-water-cab-view-with-overlay/0280,rain-water-cab-view-with-overlay,train,0,2606,0,2051669,0,2606,0.0,0.0,,,,0.4278729734092848,0.7090493445095875,,,,,,0.0,,,,0.0,,0.9838932331144377,0.9427208291632964,,0.7423731013890692,0.8899571689579776,0.28581601605489737,70a05bd99cfd467ea3e055a00e478d6e1b45acfa4adb761b94f8e266417d1ae9,e106743e4b56f6a000935339646381f74dd47b337309998f9c1f64e772dc2e55,229868d56441af94c1b710c88abdbfea1f9a635a927712d6414482aac3cb19eb
rain-water-cab-view-with-overlay/0281,rain-water-cab-view-with-overlay,train,0,2407,0,2051190,0,2407,0.0,0.0,,,,0.8318171160609613,0.800129068846496,,,,,,,,,,0.0,,0.9926482075969073,0.9379217054010887,,0.7384950426958565,0.7524234497615018,0.616635397123202,a7da1f692dfad6e78cfde641dada58c6873c4539cb40843c04d9e3238e0235ac,0307bb1c875ecbe072c4937d166fb5c6179a715723a729d6f851102552edbb52,02f10ac7f9c4816517184d14c6af9f93f47e4b8c15a01aed51457ad680cf164b
rain-water-cab-view-with-overlay/0282,rain-water-cab-view-with-overlay,train,0,18553,0,2035257,0,18553,0.0,0.0,,,,0.6718511888923828,0.6727185409907114,,,,,,0.0,,,,0.0,,0.9871784621933446,0.9145629633278329,,0.663895560071433,0.8904723026299513,0.0,f9741378f2d70f2bd7e5236fc50ad4936840f4c1561be37a810e2aba8983efab,c2f421c7de5534678595c101104109c3b656630b9d60fb9b35495a373e44edea,bd9b00498b5d5553fe1001494e4b904bded8797ee1af2e5e774941b33b3681bd
rain-water-cab-view-with-overlay/0283,rain-water-cab-view-with-overlay,train,0,4881,0,2049202,0,4881,0.0,0.0,,,,0.5654662467479118,0.8291486468944502,,,,,0.0,0.0,,,,0.0,,0.9917589741653423,0.9770474130081657,,0.7674478275744099,0.0,0.0,50f5c438789710cc8a44142a41fc391480200cadb38493f126501909f2df6f3a,04b5fbb59ca9fdefb2c884a036413016e6db4df5eab65336733ce8f35b69af69,dd863896f4d304782eb736ea1b1a564882d679ac4a84f65791ee8b435a5fc7ac
rain-water-cab-view-with-overlay/0284,rain-water-cab-view-with-overlay,train,0,1735,0,2051738,0,1735,0.0,0.0,,,,0.740670104306468,0.5210509563355421,,,0.0,,,0.0,,,,0.0,,0.978481432006412,0.7876173913043478,,0.804042461934377,0.6804629805962885,0.5650517679234226,43ee426aa0b2c2ce8f85dc51fb77e1d7b14c6221bf250479b4fc3db9938e1d2f,124b16930742b8657398889555a2a4ca0cd3a302b337fa75ca4b08d758b9ab29,30aea4a935758d2925bc8a5212edf995a91e3beb06f1c1198da95cb0aa4bfa98
rain-water-cab-view-with-overlay/0285,rain-water-cab-view-with-overlay,train,0,101,0,2053946,0,101,0.0,0.0,,,,0.6820809248554913,0.8225461076189818,,,,,,,,0.0,,0.0,,0.9816049064282234,0.8986561519272551,,0.7141665402699833,0.10298363811357074,0.11906677393403058,2956bdb840f2c86e03cbc88cc38600c415d72eea5fff4f468697cb6ad1fb86fb,7c817992adbdd24001302c811f1bdc3fd0af55e9c6cee7d75ee1ebab90d9ce52,fba3331d2c75ad514041a02a05dd12b6885769d06298d261e501318fe9a2c925
rain-water-cab-view-with-overlay/0286,rain-water-cab-view-with-overlay,train,0,629,0,2053460,0,629,0.0,0.0,,,,0.0,0.8060012921949308,,,,,,0.0,,,,0.0,,0.981093876844865,0.8455337660352185,,0.7993636533782519,0.36012649887995785,0.0,65bb9a26ed2495d66bcecef26da2702eed5d5ef32bc6393785623c77524cec64,c5023a4e5a1ade5fe386facb5dd55efc8f17e3afa73682ad1f23e1e7f6e96499,8120354497c0441fcf3f9b81523fba7a7f01fee07b0e80cf005ab8a609804139
rain-water-cab-view-with-overlay/0287,rain-water-cab-view-with-overlay,train,0,4827,0,2049403,0,4827,0.0,0.0,,,,0.7469089193015573,0.8895339415929827,,,,,,0.0,,,,0.0,,0.9921240591850997,0.9772558471951681,,0.6853140692450005,0.0,0.6069609953278388,e86117d8914772da397288df8ec1e772efd2441073ebe583809d2c492b5a8b2e,49c1380aaf9d4764c6f027260ff4e8b042c503f86f3393d63dba98fb7b567287,4f6838968824d7c08c4872d54b0c62bd1bfbfd81ab0a38cd19f925fa935e04c1
rain-water-cab-view-with-overlay/0288,rain-water-cab-view-with-overlay,train,0,27460,0,2000034,0,27460,0.0,0.0,,,,0.9085129980793681,0.5736038669494278,,,,,0.0,0.9958448817980668,,,,0.0,,0.9014488494806373,,,0.7204086519275281,0.6144799436189581,0.0,edfc5f576a3fe8034173a9ff71791befd981bc683b089bc729fe555cefbe4b3f,18a05516eb56af5f738ece0bf1f771ff1da45279a794c9ca45f4549211644f6d,22ef3bb3c4a3e551a506883ec1ed49517778f1405a3bb4a44a02cc113d9d9cd6
sunny-mainline-cab-view/0124,sunny-mainline-cab-view,train,101,0,79270,1994229,79371,101,0.0012725050711216944,1.0,0.0012725050711216944,0.0,,0.6489012609689551,0.42973523421588594,,,0.5837583758375837,0.0,0.9282127938705689,0.8339205240723557,,0.7243011993174225,,0.0012725050711216944,0.0,0.9032736224443554,0.9749559682844481,,0.47717512974458126,0.6870307654643382,,7401f5fc76b6fc6c255d1dd4039a55eb15e32ab20cd3552dcac7878a8a74eb88,9544d3a4d4f26ddcf2a101283fbc57247e7d6b9a4c2a4d1dcc6ecbc47866431b,9e8948d17e0d56cdcd0d8abfefba7765337efe3e4a8ad5305401bb1fc83f0718
sunny-mainline-cab-view/0125,sunny-mainline-cab-view,train,3,1650,35528,2004403,35531,1653,8.068637207175708e-05,0.0018148820326678765,8.443331175593144e-05,,,0.7277250939961686,0.4046037871309342,,,0.7774016081252645,0.6461977343338013,0.2665186007773459,0.11790291262135923,0.5910844782227419,0.6309746237728029,0.4290909090909091,8.068637207175708e-05,0.7475236171026047,0.8069808213557822,0.9933356781873045,0.6015803069442334,0.7975909987017358,0.7508539356630934,,b9b5845a7575d6e07a9bbc5c28a07e05557e8f29ff815f5cbf7248d75ec08247,258f3be8e12caaaceed243c728d350b639caa3c57d90a8ad103831ada0b7f6ef,96f93882ef406e6a8a72ad56b64fd01ca94ba38cea61ee542e57b5924339a578
sunny-mainline-cab-view/0126,sunny-mainline-cab-view,train,19618,117,14041,2037361,33659,19735,0.5808266224538133,0.9940714466683557,0.5828455985026293,,,0.8067258626089199,0.7599645994493248,0.0,,,,0.0,0.949784272690786,,0.7169089071972641,,0.5808266224538133,0.9778609611083838,0.6265176085646221,0.9786628780509338,,0.7587638703521022,0.862407102566498,,a1e2fc892f0b131c74ecceb67559b53b91457b9cf91503592486c858fd335277,e27211315a2ae32a9a3ef1ca41e51ca0a0fa4f6fa09bc2a6e3ea542fe11ec29e,993754891b452655c9b5717eef3f4522352160f02b075cbf28a60be0c3329ba9
sunny-mainline-cab-view/0127,sunny-mainline-cab-view,train,3307,0,21723,2048570,25030,3307,0.13212145425489413,1.0,0.13212145425489413,,,0.7965400226853023,0.4377429745640342,,,,0.0,0.0,0.947279041437117,,0.7542600896860987,0.0,0.13212145425489413,0.9527641707487754,0.7777575126865431,0.9734005382085344,,0.7982363835339675,0.8772157620875052,,0d4cde05aed2bd4fe2170c8e306ae84b426e1f4e3c8d7f9b0b0cb271454f8c9e,aaedcf88592ad3e09dd1013b51109aeb4e7c40f4b2d9226c243471e2f34e9ce8,63bd657c10104d68597bffeb1227c362f3b7da4e7ecd0faa7150b37326e577c0
sunny-mainline-cab-view/0128,sunny-mainline-cab-view,train,5407,337,17776,2050080,23183,5744,0.22988945578231293,0.9413300835654597,0.2332312470344649,,,0.8794313124202036,0.6209415229403275,,,0.5078671328671329,0.0,0.5720827330726487,0.7694351305316608,0.0,0.6286079090761955,0.0,0.22988945578231293,0.5864201201022653,0.9177947852337922,0.9844188520915168,0.0,0.7643555776800612,0.8005556279292407,,24687c346d035f3bef72afba9b140f03eab022e4a90af673afe81fa9f274787b,c2fb729a44959c3f10648bb333aa2bfa0a8bf6c4779e7237ba1a4ca106ac5d1e,de17b48911a02c87ed2caf850084731add79f942ab53aacc8e9da03c2dafb6bd
sunny-mainline-cab-view/0129,sunny-mainline-cab-view,train,13913,1798,31338,2026551,45251,15711,0.2957129800845927,0.8855578893768697,0.30746281850124857,,,0.8325987249754065,0.46539889483681574,0.0,,0.5999005964214712,0.16771243220248858,0.7290476025538891,0.8117351392820296,0.8065466956251939,0.7357802546042564,0.0,0.2957129800845927,0.6828671069229056,0.8367082201679966,0.9819565910137025,0.4806240563663815,0.7257778951590027,0.7393537102973038,,e52ffee04497a5939bda202788429a87b3560377d2abd91af07b4286a26b89c6,0c3855bad8ebb48418e3eb7da192926f4eba3d0bd8a6c1ba206a8a0de118136e,da48c1f8b04f312a6193ec10958f6319130e1875e3e9a73ad8362dba3ad20142
sunny-mainline-cab-view/0130,sunny-mainline-cab-view,train,15153,614,12131,2045702,27284,15767,0.5431572155710087,0.961057905752521,0.5553804427503298,,,0.8680250057883769,0.43494004511456724,,,0.8512385746456484,,0.9427843793023984,0.9312737903984485,,0.6825103754779256,0.005961844197138315,0.5431572155710087,0.768563042527946,0.482529023446392,0.9824190901509241,,0.7929605627695199,0.8150721596890146,,e0ef00001b7bf26a5b6122387465145d21b99c1296743b3f03e61660ac3b3c2c,9e56d793d32c98b488bb34adae6c07d0b0bd6f457d0f9aa68dfdc9a0a4542a74,814dd492cebaebc87ad3634de0a1839a4f407143a67cbcfefdf17e8046785be3
sunny-mainline-cab-view/0131,sunny-mainline-cab-view,train,17291,1781,26061,2028387,43352,19072,0.38311213524472115,0.9066170302013423,0.3988512640708618,,,0.8343530934320739,0.3793957770957364,,,0.0,0.5896328293736501,0.5577023080923237,0.7272994125113177,0.0,0.7310263972595211,0.0,0.38311213524472115,0.7701285506410311,0.7263014819409072,0.9532323930580213,0.0,0.7347398030942335,0.8163997728563316,,6ed3b7e372d8d5dc78b215af5af6f4653456cd41ece09177eab1178a747e70bc,a8c27ee277932c37a1cbb160b15f22866e20dd4aec146b5de86eb4603ff534fb,96f7a60787545fbb3c5c3c9faa5c7af1dd2ab9f8a529af3d823770f42571d505
sunny-mainline-cab-view/0132,sunny-mainline-cab-view,train,2436,21,11611,2059532,14047,2457,0.17315894228035258,0.9914529914529915,0.17341781163237702,,0.0,0.9293327215521762,0.0,,,0.8621908127208481,0.6544750430292599,0.0,0.8755680391936224,0.0,0.8309815329396781,0.7224231464737794,0.17315894228035258,0.8657703604198447,0.716813242183731,0.9615807210549204,0.0,0.6626215840666976,0.8032950071581961,,e153b7e6bd960d596c08d639a6b6e83a0851899aff6c01d8e6bfbba8b04f29ab,51ec0f2f880b6d5e6d011aff4a6f35f79480042485ebc9db45b9e0c8ccb772ca,a27bb32b3097fea3edc6976224f1c1a4152c1caa0905375fcb7b01ad625d00da
sunny-mainline-cab-view/0133,sunny-mainline-cab-view,train,138,115,4738,2067911,4876,253,0.027649769585253458,0.5454545454545454,0.02830188679245283,,,0.8253404992194089,0.6712932935529901,,,,,0.045004463923382844,0.9644794447724442,,0.6572327044025157,0.0,0.027649769585253458,0.7345418614373124,0.7731634164250246,0.8904302670623145,,0.6538409444908463,0.8044738113008737,,f9e73f2fb85c57a08b9d33b0c1c38cfbd56bb541c4b32e14c80883c01757b91a,7b970b234bbeedfb2a18e0ce9e899a251b487dd70a00f183d3d16356c2b2478d,839c1d0c5e66567353513e627a7d028a6523fd45ea3f70e5a20cf1002baafea0
sunny-mainline-cab-view/0134,sunny-mainline-cab-view,train,16373,141,19838,2030082,36211,16514,0.45040162852112675,0.9914617899963667,0.45215542238546297,,0.0,0.8556094775906365,0.25297619047619047,0.3984784889821616,,,0.0,0.8077176160932507,0.9020290288620295,,0.7387918025604829,,0.45040162852112675,0.780646530381269,0.9187728091026094,0.98578152672233,,0.8219995227869243,0.8139638225617736,,9e4b1e6f4202cdfc0d9ff15e1ee6eb32270e1c0e88b7b7842be2345e74dab6f2,810016b295ab6550cc7248033bb01b9032302ca875b032e9d08005c80b18156f,3d3278c51c5d92ce51c7da98ed8f1e7285a12c04cb30bfdabf98f1f27b827675
sunny-mainline-cab-view/0135,sunny-mainline-cab-view,train,10909,570,7215,2049581,18124,11479,0.5835562212474591,0.9503441066294973,0.601909070845288,,,0.914658868386774,0.0,,,,,0.7856491334752205,0.8550525310410697,,0.6936411297141891,,0.5835562212474591,0.0,0.9376968008716716,0.9894863637682221,,0.8348288855222779,0.8751650388661065,,917d7fdbcba14ad98f4155259ad4945453a4e76aecab144bfdfd515d95e55343,ef3653ad7186e447e51f20d8a071847cfab4d31d30567977a105bb93a6e226d0,8c8a8ce9a4235405f15e45a5d702495a0c44aee019f3bfa077f860e4e25d721a
sunny-mainline-cab-view/0136,sunny-mainline-cab-view,train,31078,247,56622,1980114,87700,31325,0.3533719171773909,0.9921149241819633,0.35436716077537056,,,0.8001413868650329,,,,,,0.681388937767611,0.7605874049094189,,0.6723941522688437,,0.3533719171773909,0.8743712343154054,0.9726919056592662,0.9751188015561286,,0.8090774543660583,0.8434820460025841,,23d8b5534877bd891ce5b404ae30036f3fd3a3f9769fc5d17235cd727642067e,79c1982f49ada9c405b84125d26d3248d5d79d06d6bc5cb458d82e04d838eb1d,866eda3cb113b0fc5a44661ace7bafc5b43675b14d7ae3a30598bca31336c182
sunny-mainline-cab-view/0137,sunny-mainline-cab-view,train,12444,1063,11927,2042792,24371,13507,0.48926633640009437,0.9213000666321167,0.5106068688194986,,,0.9092728052282147,,,,,,0.0,0.7786679614793235,,0.6510772913816689,,0.48926633640009437,0.28253402874952294,0.9616710737065575,0.9664094372841525,,0.7970561046718339,0.9199526338554481,,a171edd02bf21b2bc889ac8ed17fe30fc47d76defd59a637e236ddadf0c76f27,6f160ebe16131fde736faa1b907b2b9193af1e3c3ecb7fbcc5d577bc8750144d,1fcce671ae7f6304e8388a57fd549607b789267f5daa3ffd4dda88e14eb2434b
sunny-mainline-cab-view/0138,sunny-mainline-cab-view,train,4211,1302,2725,2059993,6936,5513,0.5111677591648458,0.7638309450389987,0.6071222606689735,,,0.9434742788299003,0.37424547283702214,,,0.7988826815642458,0.718209179834462,0.8371764454988937,0.6120323438720009,,0.554509482876245,,0.5111677591648458,0.8948187780656547,0.9337556305359227,0.9863669726978473,,0.8507718431614696,0.9559907857279375,,461bdcfd80571cea432e10e0947270b1a03bad21b5efa4efc325d700d1107bed,50f45cb9d7c36f7e9ad713cde316882219c82f7d0791f0d0e907e65ccc5286eb,1d28cef309684e605cf8eb5cfde23c48815cd10a2c5321c7adab3dc037c1884a
sunny-mainline-cab-view/0139,sunny-mainline-cab-view,train,22196,1573,5674,2038887,27870,23769,0.7538633970723092,0.9338213639614624,0.7964119124506638,,0.8343050991201103,0.7616190931084967,0.36886102403343785,,,0.9318504495977283,0.0,0.0,0.8267105162857049,,0.6606505226254625,0.0,0.7538633970723092,0.0007421150278293135,0.933591280716396,0.9822858397467907,,0.7671986970684039,0.7295289783764886,,ea793969cdff22d7aeff4460d14cafa8007c32c5650e6cd3586775c958a0754c,9ffd1fbd5a02985f044eebd2c5f1c76c095bee6781c959b4c6742485ddd6b778,e80418886c30c34116d4fc13ef7f1f337f839658f70c2199bdbc6520a81a8d92
sunny-mainline-cab-view/0140,sunny-mainline-cab-view,train,11293,147,12218,2030328,23511,11440,0.47734381604531234,0.9871503496503496,0.480328356939305,,,0.9291357993476776,0.0,,,,,0.7002695417789757,0.5214599234578045,,0.5572163927935062,,0.47734381604531234,0.0,0.9444616908362529,0.9861124488121769,,0.8087286527514231,0.9301362604087813,,3a5fae521d4841d641c0b0953b4733aa8f8734d7fd9997403022f033352a935e,bec802af770693ccb921ee7235635fe5fd724eaa5b1d6e1f6746af21fd9112cd,3cddf9e72caac6b3c8eb32dc979e45d6289eb23a256b840a8a1228ab500d0376
sunny-mainline-cab-view/0141,sunny-mainline-cab-view,train,14225,1630,9899,2035425,24124,15855,0.5523413838627009,0.8971933144118575,0.5896617476372078,,,0.9597046387031205,,,,0.0,,0.6076612903225806,0.0,,0.7948812333542645,,0.5523413838627009,0.7156279697127618,0.9189024985500256,0.9388167024094866,,0.8560375794418348,0.8723389404620646,,2ab1618bf2232f7953374c7ff9fd6dbb5957a1d11d887a1004faeb1f3bfa8241,97b17a45f269102384f6109c04c9d6b8bf8782c9ed75e154169d5296a043ea20,5d6f22ca4f69bc7e94f6243a2b0f5451a59da3313021986bcf34d68902346bc9
sunny-mainline-cab-view/0142,sunny-mainline-cab-view,train,19836,384,9431,2038356,29267,20220,0.6689824963744899,0.9810089020771513,0.6777599343971026,,,0.9440396329709306,0.0,,,0.0,0.4770158251695554,0.7877339346110485,0.7642162476284889,,0.34864593781344033,0.048582995951417005,0.6689824963744899,,0.9593302595956249,0.989090865232887,,0.8989668465690054,0.9089266990606568,,f9d4c3db5d27a80539d7e059e63c85bbda048e2f6d73d48e3b0e6d2541a023d4,ecd3fb29f78f54f484c4e6ff39b9f5010a4ff9510a0ca54c9e0fcee6ada30585,10a20193652f8f6b9451da15dff065efbeb748cf8e76b5434a1d6be8c73ad927
sunny-mainline-cab-view/0143,sunny-mainline-cab-view,train,16822,1545,27522,2022332,44344,18367,0.3665802261979995,0.9158817444329505,0.37935233627999276,,,0.9004228264559736,0.638292576690934,,,,0.7786048383040789,0.0,0.5845903922023672,,0.6255268561547607,,0.3665802261979995,0.7925223415779021,0.8926976033443915,0.9883911180366186,,0.8813757961783439,0.8417683193882175,,4437f8bc5b8248f9f54a530115e7dbcc3ace4af83f6e7e7505c28bd61deecdb4,5633b96990c8cacdbca53cbc8c942d05e63f5e2d839d47c6d0409a38e1392cfe,28fc916ec5f2865f915379c87d68f72eb724daa065e314c15edad2fe7daef0fe
sunny-mainline-cab-view/0144,sunny-mainline-cab-view,train,2481,4497,7188,2053870,9669,6978,0.17513765353663702,0.3555460017196905,0.2565932361154204,,,0.8862936956851527,,,,,,,0.2560343171777963,,0.5595451195114247,0.7238542890716804,0.17513765353663702,0.5232087701744464,0.9544768240045169,0.9663676401125222,,0.7912980537236609,0.9411365059818898,,f6b634ec6548b8bf98554aa0ac61f40eb22ae85f7e7ae26d084ddb9500ae7e5d,7f8b37a8c257a86c7ca870dd1ce5018c32c9ed888de4dc3afc7b590ae25fb898,3254f45d023034e3b7a690871766270eabd5c69a26613aab1a6f02e76b4650f7
sunny-mainline-cab-view/0145,sunny-mainline-cab-view,train,17619,1053,4585,2044882,22204,18672,0.7575783635034613,0.9436053984575835,0.7935056746532156,,,0.9714223126271319,0.15247285886610373,,,,,0.7672169052009249,0.9689555463760288,,0.0,,0.7575783635034613,0.8827310761410428,0.9377062602869054,0.9886988026595089,,0.8718474697338779,0.9235572956722365,0.0,fcdb2f1d198ca40299c924da55b12732604c2030a0db21c6f4a86b3b5c804d35,20c74d76997181bbbf1ecde190ab83a62b8b818f8a40955abbde22b23f85c59b,a243fbe8af7bdd5e1bd56fdb03dfaeb276ad319cef722f2f52604c9ae7479d91
sunny-mainline-cab-view/0146,sunny-mainline-cab-view,train,20391,3710,22482,2021374,42873,24101,0.4377347959556061,0.846064478652338,0.47561402281155973,,,0.8433748684861008,,,,,,0.0,,,0.5921052631578947,,0.4377347959556061,0.0,0.9663462406576613,0.9652882398155265,,0.8268647517718993,0.9042391418221992,,144ac7ace9587dad2bd7d7909441c0b2eb1b7a5fd5d975855c31e6f54006cc89,14b653b227e8c3d3a8b942968a57b177faaf75fb68a3e71ae071e6286eda5cde,8e4a0ed1c1ca1d77df9dcf44d6699ad6822d3bbb640e5ed4b57dc3d8ca5c0339
sunny-mainline-cab-view/0147,sunny-mainline-cab-view,train,3722,268,2329,2055012,6051,3990,0.5890172495648046,0.9328320802005012,0.6151049413320112,,,0.9261231513347595,0.0,,,0.0,,0.7402631928751827,0.8657184369503709,,0.6087159897092072,,0.5890172495648046,,0.9774090680045168,0.9585380925756997,,0.7748343303074765,0.9221202710855637,,6cf388fea166cff5c1481f523509bf3d72656e5aede0964f0ec6b15e88adea19,692808c9fd7ae6179769e38738eb5f38b5dfd78c857fdca542786e3cce1a19ce,5957071ac7e8fff91e60944a92ac0475111b03d28fe0259f677239e508174916
sunny-mainline-cab-view/0148,sunny-mainline-cab-view,train,25862,7873,5093,2004947,30955,33735,0.666065725764912,0.7666222024603527,0.8354708447746729,,,0.9178611574376795,0.7131393654193956,,,0.8502581755593803,,0.002002288329519451,0.9551590068875918,,0.6344514709925763,,0.666065725764912,0.0,0.9281848561700459,0.9773342379211988,,0.8457201007623909,0.9122353514975503,,d859eb4079cd5f05a69e1a52ca314157548f99524569888aa31aa39194c4c163,3f6263d12602f503c9afd8899de5bf72117310b14c1df89f7ca3507e4df9258a,26fdce2169472cefd16abf6753e39e631d044e00114e2e2ed09c76b1cd5522b5
sunny-mainline-cab-view/0149,sunny-mainline-cab-view,train,6547,689,4067,2045825,10614,7236,0.5792267539591259,0.9047816473189607,0.6168268324853966,,,0.8966978335481836,0.39337985764257494,0.0,,0.1988555078683834,0.7401900404715819,0.3599773242630385,0.7675432378792174,,0.6928086394502168,0.0,0.5792267539591259,0.7654004106776181,0.7991953544602335,0.9642923184763958,,0.7542818827164993,0.8363015558107967,,0f14ff36a7fdb27af6f7ec8cb353e753e159bb3b77aab52a80b13fe6937791bc,f956580152828b020215fbf2c78a840a5b4b68ad7e56c3e41bf4fea9766fcbe0,cece997311d7b0590afde3ec052f3a12a913e3bf71640172d9827b8175370684
sunny-mainline-cab-view/0150,sunny-mainline-cab-view,train,7034,676,2584,1998276,9618,7710,0.6833106664076161,0.9123216601815823,0.7313370763152423,,0.03681710213776722,0.8519505093794525,0.02654703884212081,,,0.6941340782122905,0.01466544454628781,0.5755509186218128,0.8516019434775894,,0.6270258136924803,,0.6833106664076161,0.8147500708683738,0.821107498541565,0.9919648878772551,,0.6887692560437755,0.7559381914973222,,d4d60368183c52383216b6039fb814147d7720ff8a5ea3c97e9222f8f0eb8937,ea19db3c93ddb0c57d8a40d4882b76fc921b3e7ef2c036f491aeeeed322a8ba8,98f17d7c76c872be283722de3a745302a7c34d6ed9dcf80cba9723a47e41b1e0
sunny-mainline-cab-view/0151,sunny-mainline-cab-view,train,3685,5259,20153,2036890,23838,8944,0.12664535862803725,0.41200805008944547,0.15458511620102358,,,0.8562833982337947,0.672052643580806,,,0.3178893178893179,0.0,,0.805545173847295,,0.3122003497095155,,0.12664535862803725,0.7674987973335166,0.8436555391302429,0.9870546940558594,,0.8438513518743566,0.817209395703674,,4b1751c125ecc67afaa53eb1d7655c7a5ec051098de588dcb48ea4bc9cd3c5fc,1ab5b3a734f95118a4f540fd1aa10298673d5e4910ab7f3050c63f27f8d9a24b,7614d66052a076f7ef7d92c4103b22d0c53fcf1947f25c41269e333e36bdb44e
sunny-mainline-cab-view/0152,sunny-mainline-cab-view,train,7174,2669,5534,2044202,12708,9843,0.46654093776419325,0.7288428324697754,0.5645262826565943,,,0.8904197061648175,0.6216096125006942,,,0.7353054168267383,0.0,0.6646539447450869,0.8321223636346277,,0.7314463462697263,0.0,0.46654093776419325,0.8382205769996449,0.8622983476513171,0.9797441567849926,,0.8275379529965281,0.8395724155911876,,7c244faef1d58c7c544581c4aaad579ceaddaf9f4f8593f1c642198319e0f064,57425f7fe572f2d8c613752e0aa310cac5a68f17926ddb24529c7254a7030148,40c831c50932ef0d36489b3404f0912bc86df625d4de613cd6a4a01c7be996da
sunny-mainline-cab-view/0153,sunny-mainline-cab-view,train,18393,7302,3022,2038020,21415,25695,0.640491694814918,0.715820198482195,0.8588839598412328,,,0.9231978557253679,0.0,,,,,0.6376294389516176,0.0,,0.8929503625209146,,0.640491694814918,0.9583162732144931,0.9622955922636341,0.989371972174805,,0.8953349475383374,0.9489698485042377,,8a9db76dfcf9155f0dfba13eb33441d81632dfa0d872dd599c6a9a249961a009,05a5851a91ad31d3a2d1b4e3dda4c9fb4c997e5bb7d94639cfcf404ebbcfe4e3,9e5c49800d63b6027154ece84115bccbeddaea825655442f4c09c2cfc8963c2b
sunny-mainline-cab-view/0154,sunny-mainline-cab-view,train,14118,6570,2298,1980804,16416,20688,0.6141999477943095,0.6824245939675174,0.860014619883041,,,0.9451194430289598,,,,,0.0,0.0,0.0,,0.5570859006886553,,0.6141999477943095,,0.9677321360061071,0.9942832165974045,,0.8949582551291179,0.9316620673105765,,6ba5f4dc3a08179c05592eb64e30da7a3ab0f61eb7a134091c4cb022c307f8ce,73a89e97a564e8790df1b2ef5cc6b4b1abecd82ba42528df33db4e2887c0a69e,66e5664b7d5dead5d7105650ee5c3c21a518f161cd5e49e6a15181d870b9e7e7
sunny-mainline-cab-view/0155,sunny-mainline-cab-view,train,3540,3804,1424,2051855,4964,7344,0.40374087591240876,0.4820261437908497,0.7131345688960515,,,0.957510178101769,0.0,,,,,0.15445544554455445,0.9079622579043205,,0.5036568491796798,,0.40374087591240876,0.7821011673151751,0.9729925506538405,0.9816666569262867,,0.8890961824880458,0.9402167453620166,,06a90f5ff240f94f7308b963ae697e96d8e7f41f7c690b41c58516e490c044e0,3520046f77397809711aadef6d4851348e6ef6dfa7e4d4acffde40d4a08d976e,bb68f04d33f3489e4f33ba397a3170b8eaf6bfe8bfde4156a1a0294e7fd1ca38
sunny-mainline-cab-view/0156,sunny-mainline-cab-view,train,7881,1460,1991,2049028,9872,9341,0.6954641722555595,0.8436998180066374,0.7983184764991896,,,0.963341788724327,0.0,,,0.25161290322580643,,0.8108257036283486,,,0.6410700538876059,,0.6954641722555595,,0.9447901853457361,0.9794131716510383,,0.8958548250961268,0.8381180903750781,,2a9b7f9f2e664a6492b210e6af5c8b3238a3d01e1f1d4f0c3506e92519ad0942,407421d1c13fc9a5c28ada48397820d63763e5bbd52ba90e03022634e21f2fbc,d4f323bfebee959424c9ce2e5875b4d52d8439904d08b15f7e881d5f39b62fce
sunny-mainline-cab-view/0157,sunny-mainline-cab-view,train,21307,7251,2230,2037384,23537,28558,0.6920553462387944,0.7460956649625324,0.9052555550834855,,,0.9448775503885569,,,,,0.0,0.09359517391862406,0.8362153802896106,,0.7636439383418969,,0.6920553462387944,,0.91873383177731,0.9892661288665253,,0.8774963796180918,0.865672368915552,,8e5da439095b7bf529ca9afbcfc297a86c96a3820aab657ef461687e06417c1a,9981e1d1ae142c1e9738d94cae092b732bd369db06694bee51a34ebb4e3fc179,361dc915a5f1ddca9b11ba8f1ebd1cc1750f28d6966aab29d1ddd2f28a6a7a8d
sunny-mainline-cab-view/0158,sunny-mainline-cab-view,train,3991,342,1093,2062752,5084,4333,0.7355326207150755,0.9210708516039695,0.7850118017309206,,,0.9694574457923393,,,,0.8471014492753624,0.6434124816137844,0.6435995879764023,0.6412624314998985,,0.6383435582822086,,0.7355326207150755,,0.5934552304055726,0.7277903919858786,,0.8690697446933385,0.9315803534808114,,e6a650c2b434f3111eccf6b5f78e578afe4a7a00834675380b1cee62d761869d,07015ed660b2b8ea64300203f1815f3802c8e66a3db06436fb5305d647e31263,4d26f578733f105de80115a4e7c464c8425deb4dbd7aae8372ac792efca423bf
sunny-mainline-cab-view/0159,sunny-mainline-cab-view,train,11076,118,18283,2038632,29359,11194,0.3757505852020219,0.9894586385563695,0.37726080588575905,,,0.9378450839664516,0.0,,,,0.7283275540144039,0.6398934799415857,0.9104754829123328,,0.5350525015441631,,0.3757505852020219,0.0,0.9382577269381882,0.9902943315102273,,0.9106062890553015,0.8508856749027918,,0857b1a64422a748f3a1acbe2298b756354dc4e916a3e35065e7c7c8aa443cfa,d11d1839c3df1fc963b3d4a7d2fad7dd497deb84c04b0fae9ac7612d46bf2393,197f5ab40ce8a6f1cb033c9076d3f2daf29adc0b5518d71af95cffa389f80a07
sunny-mainline-cab-view/0160,sunny-mainline-cab-view,train,19535,3938,3433,2041396,22968,23473,0.7260462350405114,0.8322327780854599,0.8505311738070359,,,0.9556194587247752,0.0,,,,,0.8099295127183573,,,0.6481732070365359,,0.7260462350405114,,0.959106437774986,0.9869228649447603,,0.8893047521832823,0.9032966157256648,,3f99be5f7928e5a01c3e2e0da7c216742c167125a2f4df4f9eda959f3e86453c,3a16390f7fe8b99976e346e04b3a49000f78f09ada1595a248415368e11aedf5,16da8289320bc20c23308fe74a9a9518c705db860d3aeaf617c49ba572c200a4
sunny-mainline-cab-view/0161,sunny-mainline-cab-view,train,20488,2616,7210,2037805,27698,23104,0.6758593389193112,0.8867728531855956,0.7396923965629287,,,0.9444135252795093,0.0,0.0,,,0.9285171102661597,0.7336440677966102,0.8241856161214592,,0.6164182032169478,,0.6758593389193112,0.0,0.9436247579803323,0.9915477195147243,,0.8818953432845017,0.9153555598381191,,016395879116dde76f1eddcc264a67c3d1fb136d9a0f2d92b33ab41044c4e774,d23f8db4f6d3d5ebf380883116bb37266ab923f0b3242a26533b21ff6567c406,024aa5ebfb4190dc64fcf2fb8c2d35cd6d20c75d811aa76ac43a1bba155cea59
sunny-mainline-cab-view/0162,sunny-mainline-cab-view,train,20770,1711,6500,2036164,27270,22481,0.7166764431869156,0.9238912859748232,0.7616428309497616,,,0.9569688441187145,0.0,,,,0.9471911333260893,0.7475455820476858,0.47234161838908617,,0.7918756175313659,,0.7166764431869156,0.40121054907047127,0.9519626374536072,0.9845728976867002,,0.8882658686407309,0.9284112370160529,,9a198f581ccbd0527724f15f9a3cece6e5832854e77e259dffc5bd5a429ff05c,0f13810f4e07bcb4e31d23ae621fe1f2f1ba5df5bd7d2a28ccf1edc7b7b90c12,9a1d1c400416aa465116383a7b39c845c9cff2efe110ce903fe0e266e7e9d45e
sunny-mainline-cab-view/0163,sunny-mainline-cab-view,train,40815,2189,19320,2005641,60135,43004,0.6548841537770361,0.9490977583480606,0.6787228735345473,,,0.915348850456044,0.0,,,0.0,0.9508013096674134,0.8290953232813698,0.5965915461374593,,0.6911686626157749,,0.6548841537770361,0.0,0.9418433055142535,0.9918802835662813,0.0,0.8739335305812552,0.8794370590251749,,53c1f0e23c023af87bca8d7c925f1118fa6e03bf34b314ab0e901d159fd525b9,0dcf0e9793f56137c43c73198bc407fb3d307128f3264ea267e08b830d3a3e6c,c331d76da2797538af0c5c3cd36ac892be1c83eeb371c0f6e27182c5744b15b4
sunny-mainline-cab-view/0164,sunny-mainline-cab-view,train,33117,4892,3976,2026192,37093,38009,0.7887817077527689,0.8712936409797679,0.8928099641441781,,,0.9393831927037679,0.0,,,,0.94052465303428,0.19404430456361216,0.8590166011912305,,0.4811954811954812,,0.7887817077527689,0.8236560542797495,0.9574985019183965,0.9936227229012409,,0.8785471942963461,0.9362414118706812,,dc2322339b57aed5805465301755b9054b87fba047b608e05ae4dcf959232006,595424faa77d35db1f99a37b4f55a72e40170bff8e5dfdb3ab73ae65e3e2479a,af3847f756896243b74d261f345b0b9d200ebc6d7f3d8fbb2726117217a78d16
sunny-mainline-cab-view/0165,sunny-mainline-cab-view,train,18995,2717,8422,2037916,27417,21712,0.630351098427026,0.8748618275607959,0.6928183243972718,,,0.9364308801591248,0.0,,,0.0,0.9450982201916717,0.615187322524503,0.7120152780475173,,0.7121550664730197,,0.630351098427026,0.6930743157788233,0.9522540184815758,0.9935607936831677,,0.87120935330654,0.9354446293215012,,ed03205def575f68a08e90b5040e492f111657b011c4a09ea8773bfee95ae4f8,48f2d8f29663c715443a61887d3de406b2141c0cd0635bc8d985d53ed8a38d72,df6d6e4912ea97d8f2db7ef770b3e6f677bf0162a50a9678d7fdcd493b4a8624
sunny-mainline-cab-view/0166,sunny-mainline-cab-view,train,20250,4386,1595,2041789,21845,24636,0.7719873432198544,0.8219678519240137,0.9269855802243077,,,0.9460344871371613,0.0,,,,,0.8020755654983843,0.0,,0.7367028088448733,,0.7719873432198544,,0.947703420683336,0.986394070102948,,0.8584473385997471,0.8530565769529238,,4cb25bc7ad809534409bf310ce0bd9621415dfebdaa38bfbacf278916ddd0f64,6efebaf42ad436d141650e14308bf18e2389d3ec7ed42dbb736ae5b5f6d3a70d,ecce5fd15cdbccd0e00b310ff23832432221a8b664b02231cc64d28e12b0a159
sunny-mainline-cab-view/0167,sunny-mainline-cab-view,train,5481,1726,178,2057837,5659,7207,0.7421800947867299,0.760510614680172,0.9685456794486659,,,0.9732156391748971,0.0,,,,0.9013091641490433,0.920129370090867,0.8790974117595786,0.0,0.0,,0.7421800947867299,0.32857627118644067,0.8920031151238618,0.9866004757716532,,0.8984292533833284,0.8375792447629548,,ea08f07ca095ed6d035d6f14b8548f69a14bf8d6b49efbbdddf5179bf9ef3009,b5e44b4d05c9f941f3f50ad3195bd2b3c67bdab306fccddeab16a0e824382b20,85b2baaa91d965a76333b9877b74a2546613512a5093c50ad3c653e81f143d93
sunny-mainline-cab-view/0168,sunny-mainline-cab-view,train,19077,1218,6107,2041665,25184,20295,0.7225588970532535,0.9399852180339985,0.7575047649301143,,,0.9465949391807192,,,,,0.8716289364159069,0.0,0.8285650638067658,,0.5951799687010955,,0.7225588970532535,,0.9389134176741315,0.9899239230534483,,0.8580444672262446,0.8515534669992825,,72b8f6a32917f9b4cd7edbfc8b38900c94a094dd308a81ee17ec8c715bf8a875,adeae42b66b6f80ff7ded176032da0f049d5158fb43d05363602b068574857d5,e58bef67d4f4a04278c08a76765618bf649c95ca671e30acf7de155f265b5ccc
sunny-mainline-cab-view/0169,sunny-mainline-cab-view,train,4461,995,1301,2061270,5762,5456,0.6602042326476247,0.8176319648093842,0.7742103436306838,,,0.9718214185327462,,0.0,,,0.9374595507568941,,0.8977070171822139,,0.5838678945697047,,0.6602042326476247,,0.9607109654227297,0.9890674976320233,,0.8957690505807661,0.9298784299018689,,e50a126b8e9d96524472935c0169644a3000d548dd10622d7dd7837f28b262f3,1fabbee7225ef01c83c8f9d87a5e21012dbd0cd0e092aae0b3f85cc885236dfa,8e3f9d9fdc7db0ed61ac272f02e9e6b7dcd179ebaa2532be0870513455f1dac8
sunny-mainline-cab-view/0170,sunny-mainline-cab-view,train,5387,48,3853,2058917,9240,5435,0.5799956933677863,0.9911683532658694,0.583008658008658,,,0.9567564668656929,0.0,,,,0.9493144508091318,0.2423438630335182,0.8732241333360667,,0.5015735994964482,,0.5799956933677863,,0.9533812626376095,0.9880926295395048,,0.8944882641053368,0.9256464722169366,,3f433ab98d445e66fbd4c3879168f0ff099bfa2f2a0555a496a23ef041827ef6,2432eb316800d123f6938e33fc85795b3d6c60ffa520a0ea9203c0121e31584d,04a3c21724e66df30083724a4fc32d60eda598ecb3697a9f6c39781d7b94899d
sunny-mainline-cab-view/0171,sunny-mainline-cab-view,train,18320,872,7077,2035199,25397,19192,0.6973999771593894,0.9545644018340975,0.7213450407528448,,,0.9625548512920526,0.0,,,,,0.0,0.0,,0.8273303725001926,,0.6973999771593894,,0.9596410542515921,0.967248425845755,,0.8623001143322526,0.9097820304247592,,f0f37b4a43e03c4b5aef2ec2723b33d29fdeb183e0247dc20cc38fd51708b6d4,e8e0d147bf6775475813b28df3bf64d5faa50955a9846c2f56a541b5e2252767,30d91f0e0535930d14584960ad8f5eaead0a7d12ed777469626c8beaf317e759
sunny-mainline-cab-view/0172,sunny-mainline-cab-view,train,0,23030,0,2040107,0,23030,0.0,0.0,,,,0.869610721865279,0.0,0.0,,0.4677033492822967,0.0,0.0,0.8682583888058688,,0.6587139812841657,,0.0,0.0,0.8416960781339365,0.9572062474787935,,0.7732935510887772,0.860674496004331,,9d1f242981192b866b8c78b235337b3fcd78c0dbb947afbb3861211b73247352,c9cc1d7969f031b1ba1caed9230b1e99f67407a3ccf18ad66582f8d9f85d7a54,019025e7f386116984e34bf3ed072d7f85bd4569396377ca9b94906e79d74341
sunny-mainline-cab-view/0179,sunny-mainline-cab-view,train,0,0,0,2070979,0,0,,,,0.8869067054528185,0.5417023771933781,0.9101217660766833,,0.33074394980579624,0.9084026604503945,0.0,0.0,0.9255735140771637,0.885813265381335,,0.7604652987563263,0.0,,0.7248956628006179,0.8447974366231351,0.9584142571196417,,0.6974388218916153,0.8985191688960649,,2980bdd5ac578120cb35ad4b8b8f5798eb1663f505b1d628312365558c8e6637,0a9409b2e919a722e20a573aade797666e16f212e11504e1bba1fad37db8571f,fb9615c07048cb18429d218813132635daba53e8a4d554b1c35e78483fa631cf
sunny-mainline-cab-view/0180,sunny-mainline-cab-view,train,0,155,0,2073384,0,155,0.0,0.0,,,0.00037262451869333004,0.0,,0.0,0.0,,0.0,0.0,0.7273852599504856,,0.5694947893067512,0.0,0.0,0.80570690618357,0.9168384699911046,0.981774848157455,,0.8115180505981976,0.650169927612757,,11d2b9c079ad57dd8e7e64839160cd7b1d1b689d42720e385bbae214ae1ce4e2,d03eedc21174cd47abea991f73f6f1990f52f4dc95c05ca152a8ebc1c4f8dbbd,e8f6d19c7ef2ef94f7d613dd3a182b4895cec0ac94284d1785c07daf54596e9a
sunny-mainline-cab-view/0181,sunny-mainline-cab-view,train,0,0,0,2073600,0,0,,,,,0.9705287713841368,0.9787416766664314,,0.0,,,0.30126182965299686,0.0,0.6691729323308271,,0.5736219292989815,,,,0.9829056940394733,0.9920788313899449,,0.8022889174354783,0.9380458065579172,,961d4dc340edb778535bf1a91b174154c09e8c3bf2814a05efe15d66cfa809cb,f7acffee97a0d29fb4655547c1884e20e9bd9972cc8706da96cdee1e26eb908f,4d9ad0cfb80e95777417d1fa684c79431e4426bd318b336626803299b4d0d39b
sunny-mainline-cab-view/0182,sunny-mainline-cab-view,train,0,9,0,2070127,0,9,0.0,0.0,,0.7848273361732983,,0.940512121507156,0.0,,0.0,0.0,,0.9216554621590661,0.9487319234182646,0.0,0.0,,0.0,0.0,0.8904644308133514,0.7602228476416011,,0.6161487396574947,0.8635004818641082,,2b635f17ddb2ba61b77fdcac0499ec5c3d70dea1323a289937212955ea815653,4ceaeb2102494da778ecf94d2ac615d63cfe08ae62aaef2a6796fec50fb8bb6f,67e1adf40478c237ec3bf9cf8d41b086e919cf4d031ca64696661a98442b416e
sunny-mainline-cab-view/0184,sunny-mainline-cab-view,train,0,62,0,2070286,0,62,0.0,0.0,,,0.8245512449334106,0.8503988737681839,,0.8644176706827309,,0.0,0.0,0.9188329461491744,0.889228963440297,,0.5688217903358698,0.0,0.0,0.5119484312119378,0.6962579497083,0.9690919041805246,,0.755027240111618,0.9211444378635425,,fce720c8ba60a17547f87e487d475b7dfc8130e8e3f6de1eb655de80095dd9d4,cfb308f1843883bcd1f15e0bb17c380c182c15635fad7bdad3e92fd028097a16,bc7ccb67c3547f26855e337416dd1c7cd6c17bc6c32780e93af3d874d8da6664
sunny-mountain-stations/0228,sunny-mountain-stations,train,0,0,0,2073600,0,0,,,,0.8952596435075327,,0.9569073826236583,,0.0,0.971341743218556,0.5028142589118199,0.8503337713534823,0.9190592242949165,0.8212419161574873,,0.746392598907518,,,0.6697892271662763,0.8143154343547934,0.9865186194205964,,0.7970484598188914,0.9408957505350046,,8fb67a7950262b0a2133f19fd631fd9df52f83e1660f0a811abf3e9d0982f269,f4c0dfc2948c51f179a4a80f4d4b7d2a14b8c5ced33c320220f787477a45e6d3,a941ebd304d06ec9c536a70eb97949c4a98409eb827d67eeb4a2917e1326a1fd
sunny-mountain-stations/0229,sunny-mountain-stations,train,0,0,0,2070011,0,0,,,,,0.0,0.9514748536800124,,0.13707865168539327,0.0,0.27922774401144085,0.6923825539932421,0.8951484160289871,0.8730651337337547,,0.6230429434131067,0.8742405832320778,,0.7732317793371778,0.7470508767287364,0.9879711896165096,,0.8103621528196471,0.9385307776884323,,0354800bf80455fa7680958e010518b436ea155dca8b0abbc8d1e10092f0661b,fc908e7e08e5cc665f4c59c11eadf28fcdf161bd566dd5bc31ca5349d4ad036e,8b72130c22e839a09699d0e7c97e8a8e885ecb5d8f3594be3baead6a60a1b6b0
sunny-mountain-stations/0230,sunny-mountain-stations,train,0,70368,0,1959874,0,70368,0.0,0.0,,,0.640661938534279,0.7965239968888685,0.0,,0.9460241784437255,0.0,0.5040998290458301,0.0,0.7202517216365675,0.33626975019860533,0.6033584453988594,,0.0,0.6241003038213018,0.881138410873987,0.97551064833291,0.5289320725253752,0.7732301357458332,0.769769183501037,,505099662669780df8408d783f6869cfd7b572910896d2c7b6f0e27c7432cffb,0f54a1615827a6cc63096a9eaf5bd58b3ed9758a76361bcee72da0187c106f17,7c23ba9be801e60bc2f3705307287394aee7d03f8c01092f6b24d0ff70b82cb7
sunny-mountain-stations/0243,sunny-mountain-stations,train,0,43,0,2073248,0,43,0.0,0.0,,,,0.9584422092565416,,,0.9904172539055521,0.0,0.0,,0.5606694560669456,,0.35718335412178254,0.7510578279266573,0.0,0.0,0.9845149287008923,0.9939726424014127,,0.6081081081081081,0.9592110097716839,,d048231d419c08d7176eaceaa89f964709a5a5de28918f80af2d6d5cb56dc892,ac493ba00b218289c9290e59fc10ebc5e73442a5005678ae91222731a9f1a765,8089c437994f6d6b0a8db849050f748b23d111f816613954060f627767cb236f
sunny-mountain-stations/0244,sunny-mountain-stations,train,0,3,0,2068947,0,3,0.0,0.0,,0.8759643916913946,,0.9228143013999451,0.29217002237136463,0.7367424242424242,0.8699167576419214,0.1884502363613134,0.07180293501048218,0.7694105427161776,0.6042209987443253,0.0,0.7166962116735605,,0.0,0.8492585689369953,0.8979305320831025,0.9872025461544561,,0.595657889387307,0.7684762223450036,,8d1edf47c4a0e099e6bac09702b9eb61358d689387405e5915c4b761311fb755,62634f58072805641c40889959a1644646ac9bf20776fc28c0eb907ebb26db45,c209c41e43785be4327ffc6e543cb1b7c6301d626beba67a96107386377e45ca
sunny-mountain-stations/0245,sunny-mountain-stations,train,0,4310,0,2069290,0,4310,0.0,0.0,,0.8733210456105335,,0.7123269690942318,,0.0,0.6258806527367977,0.2043222003929273,0.15012045520981382,0.6589710756251883,0.9195430492480945,0.814633189486073,0.42502144870694936,0.0,0.0,0.0890049177341995,0.7439380403079591,0.9921984717148918,0.5454127385605887,0.6302578405145427,0.5249685835677099,,ede5e722aa51b1edf1b7f3550819d1fa7c743d02958fb765bf9233ccf1ea1020,cadf2ab9a2d6547b808e82099b83169aa947fb0617b0d25d7c012f3a84f18477,9ff4850a8fe83b412bf568d36ebdb11de44b5496b97fad03e372afe8e5527ebf
sunny-mountain-stations/0246,sunny-mountain-stations,train,0,12216,0,2048887,0,12216,0.0,0.0,,0.8454531879946244,,0.8094142975974947,0.0,0.0,,0.0,0.0,0.7411225658648339,0.7548039336707403,0.9389128205128205,0.2582700318549375,,0.0,0.6453689355107879,0.9159151086481504,0.9795108964154361,0.48824984539270255,0.7873313431752398,0.749946922409662,0.0,90a65adbb644d54e42c7e51d5cebfa0b1e554d4d34f442db24481dcd7007c74c,8211f22cbe10bb54834c2a0f57f23d5612d3a7a8d288102d2f5c719f02078527,331f2cdfef212d29943c61b6715c535c082d0a20e25d4377db5efd13a801a674
sunny-mountain-stations/0247,sunny-mountain-stations,train,0,0,0,2073600,0,0,,,,,0.7246686341513928,0.9550453485358902,,0.0,,,0.08019429343455464,0.7722354183161784,0.9301072417341126,,0.5835846617837139,,,0.370699302364342,0.9235547380751762,0.9929604701509784,,0.8264199918566775,0.952960553699057,,a442fff38da0ce40c7e735cd036d9ad22fde5c1909107105ed77bd798ca3f872,c5c7e80094cc032a92fa08b0b660de2231a9cddd7643b6d1c2df97dbdb15ba15,cdfb37c975bd7ca99985f0189820a3fb162cbcda4a5e350e90e78d0b8d6f8e33
sunny-mountain-stations/0248,sunny-mountain-stations,train,0,0,0,2073600,0,0,,,,0.7626770214709914,,0.9701078845251802,,,0.6587063983847385,0.0,0.0,0.3755857089781908,0.9051674937688662,,0.11889116559504463,0.0,,0.5824730124856228,0.4897947450123613,0.9876334284794298,,0.8675721561969439,0.9256259849413413,,c489b83cc8d5e13b9e9ee4f588ba23a86a21404337b41cc01afb90627630275f,1828c615b6f7ff9fa65e720ed3534d3325375ddada62df18c96577a26343ed35,0a46a69c6f0af033248ecdeb73f2b04cb7efe0aa5b62728127af659a262a7bae
sunny-mountain-stations/0249,sunny-mountain-stations,train,0,0,0,2073600,0,0,,,,0.8473793518063071,,0.958355952728943,,0.0,0.9622075739950885,0.5907114280744478,,0.7916534614555735,0.9002044397807247,,0.8194710554327356,,,0.6479782643439348,0.9563556154903591,0.985908902211654,,0.8392464850615114,0.9126522584192227,,408760b135c0da743871d600304812e352ac956549d1987597238245735e8672,459bc06543c1527b8f31f3778f2304eca8cda8b56ce00177d1006117d7a4ed71,d9451585465ed5d65ba4a094893f70bc51b85d2c1e9a6edbbcb9d3b629b647fc
sunny-mountain-stations/0250,sunny-mountain-stations,train,0,3,0,2064286,0,3,0.0,0.0,,0.6502372166578808,,0.9887400578111126,,,0.9698068584942846,0.0,,0.9535468501852832,0.9426494145703135,,0.7804476998393064,,0.0,0.0,0.0,0.9835665237799938,,0.8646602991530006,0.8952499203006762,,0956dd0c21f6af0a1387e957effd77c906124754c421ea783a885ae3ce8cf3f2,1a54313fd7aaffafd2aa769b53c139c749f29333937e07fd9220a885589e54d0,34102f7846dda2cebe0bbb325bd8f1b460b769dda5b7ede24d0207392e0a2e03
sunny-mountain-stations/0252,sunny-mountain-stations,train,0,0,0,2029299,0,0,,,,0.7639478471801091,,0.8932565980699919,,,0.8822982940149766,0.0,,0.974343342597209,0.9595234625999218,,0.5608199962924056,0.0,,0.0,0.9235841439501711,0.99238928111198,,0.7473786236672835,0.9627936902358396,,1749f26376edb32da712444c9e60186ff4bd29e1fed12a43bf0f659bf8e5a11b,c37061946bca614f0217b26c4987befc27e64f2bc1d0d90685762ea41c67810e,1cd05543f1f0baef84f12f703089741e8fe6b0b1900ff968588b3fdc08097b52
trackside-maintenance/0000,trackside-maintenance,train,72324,33292,26405,1956939,98729,105616,0.547821937419047,0.6847826086956522,0.7325507196467097,,,0.9623085721406541,,,,,,0.0,,,,,0.547821937419047,,,,,0.9759984812169249,0.21639574222295568,,e41473adaa20b0dfe8eecc7e6000f550ae13c68770e4946667d4c938e7a89230,608d5152e26531f443e848f1ab03966ce4ec96ab2768c3ee09bd3bac6d538107,90159bc43f734be17f3b382fed1df8a66cc5dec2964335f44b2b6e387bbe03f2
trackside-maintenance/0021,trackside-maintenance,train,1192392,1705,119255,775315,1311647,1194097,0.9078997861959323,0.9985721427991193,0.9090799582509623,,,,,,,,,,,,,,0.9078997861959323,,0.9800976564147109,,,0.7934856128723992,0.8532595971420498,,f193c1a096a827f7ac610c2dfa2ef5244731e66842755d4d9a52dae046fadeb1,3cc3a810432c2d42f2e1b1d81348e5530c70ad2520bc91739596cf667ef7070b,5a4d4450b1a405800a24b1fcf8634963f99bb2a79fcbc91c2d0485bb36e0007f
trackside-maintenance/0052,trackside-maintenance,train,1170258,47957,7244,863209,1177502,1218215,0.954954837330339,0.9606333857324035,0.99384799346413,,,,,,,,,,,,,,0.954954837330339,,0.9709964292932696,,,0.9261422765563553,0.939101052663604,,efc1a697946924df5b504e34114d2f5a5bdaff8ab191a9dd2c8d978a19525204,d7c67dfa30ada59632dc54a7ee5807a8e61a421646642ee6822c51b526280b84,b235e33e5f0f5c7c354e3721d19b70aa99962ab37c246d74402ef6b0c07f7df5
trackside-maintenance/0055,trackside-maintenance,train,1162253,115799,18672,792236,1180925,1278052,0.8962994438292189,0.9093941404575088,0.9841886656646273,0.9518219613597456,,0.0,,,,,,,0.0,,,,0.8962994438292189,,0.9553912662113903,,,0.9098095953701779,0.8030086993280079,,28f3b3d7bec0bf474a3fc09012c7f4ef1b0b5a4e37e51acf00fbc5bea657569b,7b23c5e8ffdcb864899f2b44e3f35d742c5fa4f4a7b41a710d74ec6204039136,9e52240ac3e836b163d4d9b6462a022eb95da670648d8ee549130bf09ca27330
trackside-maintenance/0056,trackside-maintenance,train,1073306,130309,3252,880351,1076558,1203615,0.8893324616548468,0.8917353140331419,0.9969792616839966,0.9630145973429556,,0.0,,,,,,,,,,,0.8893324616548468,,0.9443341104682957,,,0.9481016777552791,0.7727594057564027,,ecf8e84d483b920ff62e729b88a34b2e02bc43b25ba2201f33a1d1233e98db4f,71ac374b6a05e5b030909b340d8dfeaf290ad55a7d2193361ea9ad5698cb1afc,5f5a6572ec3d9417c2fe9afb8158a591cb8afeea90908d8532186cc5f174affd
trackside-maintenance/0057,trackside-maintenance,train,797076,292,12204,1278983,809280,797368,0.9845646835611903,0.9996337951861625,0.9849199288256227,0.9515994064288663,,0.0,0.23363471971066907,,,,,,,,,,0.9845646835611903,,0.968208313398653,,,0.9463842474595958,0.9778362999284876,,76a244cf235702a8709bcd5845224a9a5785c3cd791a1fc89b4d54cf065746b8,c6a6ea3d247a64e8a78e7264e9e5bf9070735b251f3b1498e53ceeb2d9a5eece,e5e268315749f77bd123d47c62bb9ef0cb3209af0ac5ae2af65f2e0e8e7f2d57
trackside-maintenance/0058,trackside-maintenance,train,1274580,8501,53529,752350,1328109,1283081,0.9535915487689004,0.9933745414358096,0.9596953262119299,,,,,,,,,,,,,,0.9535915487689004,,0.9238318539608106,,,0.8346416382252559,0.9676985631206363,,527bd4c6f5b48a8fa052db415d684acdb3dcbf8021025486fa219182ad9059ba,135090e121d0df3d05d16ca027cf3a9280fcb288b8d5e5c4b535ae20858a57bb,0306a5575a7d1f908ae1da1afad01c4587b962f38221e108935d5fdd758c82de
trackside-maintenance/0059,trackside-maintenance,train,1196965,8103,57242,826621,1254207,1205068,0.9482337936006211,0.9932758981235914,0.9543600059639278,,,,,,,,,,,,,,0.9482337936006211,,0.9532517659403047,,,0.7851085174187882,0.9755397794835726,,8f38d8ecfaf13ea9265b15f72d8c2a5f6320df894c563c0277971f5a71223076,51caf95e4def10813bd0f02b5d94ab8f9ddcf77d3b4125ae347e9e88f0e70034,b0ef608e679ceec0eb3560f5285431bc3774fc32682a455dd13c377c24a5ae06
trackside-maintenance/0060,trackside-maintenance,train,1397491,12879,14684,663906,1412175,1410370,0.9806582768091595,0.9908683536944206,0.9896018552941385,,,,,,,,,,,,,,0.9806582768091595,,0.8879182905523452,,,0.9661820743782245,0.9509888884329142,,af2519b33d6b5f52478d8c41669353834cbc46bda125e944b6f0f559e55e7d51,a1ed253eef60a1b41a1f265e34bb48ebce8b527eb2c22c4dfdfd0244558ab6a4,7e8f70599a512fc07b08062d8f3931cc8caa35a3f960df2186c20fc635d89f16
trackside-maintenance/0061,trackside-maintenance,train,1658659,7714,10096,412491,1668755,1666373,0.9893764811636839,0.9953707843321994,0.9939499806742152,,,,,,,,,,,,,,0.9893764811636839,,,,,0.9650042137033553,0.8405626667872812,,8bdf064f89bd89d79af62f1c4461b3024cfa2110a8194ff5044d74f7f592fc74,a2d3dc8b57ca001020539c453fd25cc135c52f4e3a1b7e3782882c0642be1d36,2f7841dcc638357a428fc2f258a4c7f69129c4e49b462b3d9dec20ddcef59e41
trackside-maintenance/0062,trackside-maintenance,train,1901799,4734,1262,180388,1903061,1906533,0.9968571046679544,0.9975169587937895,0.9993368578306213,,,0.0,,,,,,,,,,,0.9968571046679544,,,,,0.9706315670179869,0.0,,6f1c22c5a26f9c6f9349d1b7472ea93537d6383a9cda356167f51397f8e8f989,8b6b3404dcee61dcef88a2efe10d1c664ce76c5c90f08c90a160e1881b9c7ba9,e0e0ffda6ba2ffe02954da150b287363f702138af5426263fd1cb8b056b6714d
trackside-maintenance/0063,trackside-maintenance,train,1327939,9068,8603,743350,1336542,1337007,0.9868676659656216,0.9932176869679815,0.9935632400627888,,,,,,,,,,,,,,0.9868676659656216,,0.0,,,0.9712020317774955,0.9808673265609344,,f25b27c24e3ff91436c5e3877a5df281c4dd826a5c70266f8b58faae4174a2e4,f404f535862173c8b8688fb06460f4e3b4307973ba3453d76a2a74ed1ce29373,ad84dea5388f5fa9945efebcafeec2da9c609ab0bd3b9ceba416290e1dfd5cd2
trackside-maintenance/0064,trackside-maintenance,train,328575,53238,52973,1654174,381548,381813,0.7557166054104778,0.8605652505284,0.8611629467327833,,,0.9261477351631745,,,,,,,,,,,0.7557166054104778,,,,,0.968831949650135,0.6179977687024698,,40ea4a91bdc724c6898236dad7394cdb56c3f9eff92be4c2d3cdc31bac221ba5,8cf27ff8c967f94b6ce773a71a3e75cdd9d3bead6550b3d272103014e8ccae9c,97fd6fd6a6b40a5633244e03757159eab6b95acb02e6eda4b1d2d268ca40b76d
trackside-maintenance/0065,trackside-maintenance,train,1336811,21870,4929,725350,1341740,1358681,0.9803470200423875,0.9839035064154131,0.9963264119725133,,,,,,,,,,0.0,,,,0.9803470200423875,,0.0,,,0.9634655839042907,0.9645518899425671,,f03f57e248aa7907bdc8f6d9dc2d77aa18d6bd0c9408c1035bef8a148a559b79,c6eb3a0619930aa14ed66cc41633d3632df51fbd1eeb2b2d5c2a7d4933429313,d2641f744400dbb7772aceb213e4e7bddc33288dcdc6a725a5ada15c8da1e52a
trackside-maintenance/0066,trackside-maintenance,train,1283869,5902,14143,785046,1298012,1289771,0.9846270536247023,0.9954239938717804,0.989104106895776,,,,,,,,,,,,,,0.9846270536247023,,0.9587600022382631,,,0.9683403865060952,0.97395869848021,,6223c858287f0677fdc6d3b7cc8038c3ecc2f0d657d409ea0818439bb88d0fa5,d3884b710501411f6f6b15febc4e69affad923b6dee90f38d67b046fdfa35666,afe8320f23952020eb4a636ef42027d4d97bc2ca83cbba02cb41f34777c4eac7
trackside-maintenance/0067,trackside-maintenance,train,838863,5705,18910,1225482,857773,844568,0.9714931938045903,0.9932450673006792,0.9779545404203677,,,0.842687074829932,0.2651685393258427,,0.9214505893019039,,,,0.0,,,,0.9714931938045903,,0.9791095995030702,,,0.9419898234916232,0.9677485736547113,,0500732a4422c6db9e57d541c1a7f0c06c3e10fd30ca7e04d1cb512dcd29b739,31e1a531c8bacd76bd03d1630b16b65d83c1b22e86c7d094e48509567df280d7,9603c8493395cf61b39dcbd23aebfb55519a119cf2aa617bab79aa83248e544b
trackside-maintenance/0068,trackside-maintenance,train,1025403,7162,28698,1027697,1054101,1032565,0.9662100723383364,0.9930638749134437,0.9727749048715446,,,0.8502471648735097,0.4758909853249476,,,,,,,,,,0.9662100723383364,,0.9752360462646159,,,0.9549703661465623,0.9490661806814344,,2002370858caebe870952bed7a32a15d4c1e010a5b718f1e3c6e2a619ef1550f,f630baf409c8fa26b7d8c7049cc4ec4ab2d5780809fe481c6ff0414a1752009b,c74de34d3f6a3d0e011d0a343edf2e4ba96f4f387e7be00f5de08cdf4aedb59f
trackside-maintenance/0069,trackside-maintenance,train,1788967,37221,17869,244903,1806836,1826188,0.9701256522981665,0.9796181992215478,0.9901103365219643,,,0.0,,,,,,,0.0961129145411955,,,,0.9701256522981665,,,,,0.942829047007228,0.7589115541132231,,f29f28360c7637a0569445615e72587d568ec754c219c552470709afefec21c0,9004352091a51ef231b51d3a96e9c590f364538a5c6d5c05d1c1cbd61935bd8f,57b7f23856d4ea41292ff33b5c31f37947aedc2ca28ee8d30ddc8f8e6aa6712d
trackside-maintenance/0070,trackside-maintenance,train,1871225,9937,4022,203776,1875247,1881162,0.9925954177417164,0.9947176266584165,0.9978552158728957,0.0,,0.0,,,,,,,,,,,0.9925954177417164,,,,,0.9582154431097449,0.8454072416489176,0.0,8da8ac7ad697e79d43107c8ebe4903d9b515079f50e3b43f871cbcaca0df5d1e,fc37c78a2230c5c8c971926e1a494ea03d9ff1f1d5ef03a91ddce40348295058,44205b60d9e0693df7e9de4e53f3b4bdeedd214a04bc0b57beb78d0dff607db6
trackside-maintenance/0071,trackside-maintenance,train,1644465,4314,38331,401850,1682796,1648779,0.9747230471042196,0.9973835183490328,0.9772218379411408,,,0.0,,,,,,,,,,,0.9747230471042196,,,,,0.9743191095609655,0.0,,3722b3d81a9495d0186d3ce92ec994c7f10c979ce8ebf1d78a787043f819a9f5,b67b6c1fd6b1b376e5af96480d72e2c49eda9b71209418decad92c770b5024a5,db9d7540229ce6339e44acfd105f804161735ea9b639651f09fc33611b831d7d
trackside-maintenance/0072,trackside-maintenance,train,1613842,13658,2889,458571,1616731,1627500,0.9898508883462781,0.9916079877112135,0.9982130607998486,,,0.0,,,,,,,,,,,0.9898508883462781,,,,,0.9595033557612501,,,190287f82f43182bf0e583f603971ce568382ea6cb8bd6655a8483c3dd9de73a,ed7b67bd4cb17da870d4d1c71e483046760415f5abff5f935a882ce1e78f4a58,d88c17ae7d17f933fc73e7434b627a1afdc577efde0510e127ec89ca802392ea
trackside-maintenance/0073,trackside-maintenance,train,1550604,15903,13698,508755,1564302,1566507,0.9812676203403988,0.9898481143078199,0.991243378836056,,,0.0,0.0,,,,,,0.893570354858029,,0.0,,0.9812676203403988,,0.6192607230036034,,,0.9174303364035676,0.6737054791806981,0.0,5652f16f45d364803ae0cb7862cfd6866fbbefdeeefdf76929de1dbf58fe7814,776ab1d9d39e30450e3cb98591c31188fa38dda21975a58e3b3269ad48adbff8,8036eb21a1923e170d004af68cc4b004a0250a2c279038f5047fb57a0be8958e
trackside-maintenance/0074,trackside-maintenance,train,1338215,58386,8076,684283,1346291,1396601,0.9526852080585074,0.9581942158139655,0.9940012968964362,,,0.0,,,,,,0.0,0.8361337189201941,,0.0,,0.9526852080585074,,0.47631515733845786,,,0.9015246246176891,0.5260996709449374,,093b845a2d8a639e83ffa1ecf5fde92d921664c2417e66a25b10d3dca8f6d55f,f7283dc707378e69d703aef147373bdcd064cb957f41e1765d75f9806d2293a0,298a2b81059f62de918c7dd9896ab7610669a677f40fa1b2d694bf73e586efd4
trackside-maintenance/0075,trackside-maintenance,train,1484679,8281,23199,572801,1507878,1492960,0.9792370061451339,0.9944533008252063,0.9846148030543586,,,0.0,0.0,,,,,,0.9461694461399122,,0.0,,0.9792370061451339,,0.0,,,0.9521233366892687,0.8653809286453741,,03904f8a2512daea1c39d2cbdedf3303eb95dcf456e4adbc73e729eb2d9aca10,718e6fd45e2e42240aee648e4e87a0092a7553e48a752f65433e382eadbfffee,65607a67779286d6df22a5c6e8bf60ffd6125b03198568bcbb7f7db74f9da069
trackside-maintenance/0076,trackside-maintenance,train,1602422,11301,17828,457409,1620250,1613723,0.9821464361212122,0.992996939375593,0.9889967597592964,,,0.0,,,,,,,0.7748602176396321,,,,0.9821464361212122,,,,,0.8974733901337233,0.0,,2c8539da08f1b6584a3d127fd3a5f5050bdc5350404f6d4739a5e44dc6d6e78b,b0a5d9f1ca8e3700479bb3fd590e0e31fd80eb007671997450e69cea9e96069c,65b4298413ed88dfa4ebd2b9e1793160d9ed471e8d9bf47df39f062e5638e761
trackside-maintenance/0077,trackside-maintenance,train,1266699,16609,9828,795824,1276527,1283308,0.9795559013127776,0.987057666592899,0.9923009854080642,,,,,,,,,,,,,,0.9795559013127776,,0.9435546736588477,,,0.9621184283715678,0.9663307287961347,,845a1cf210437b2039d48232df6099976b3cbf2a66266f2948cd84e0e8dd1a89,db1147ad0f9aa22d2101b8b087ce2dcca15710e76e651244fdb30f75aeb1348f,843e824bd318fc5d61a80e233cd5bf554a12b2359ada0b1097bfda6a7796cb4b
trackside-maintenance/0078,trackside-maintenance,train,1287248,9868,9484,782360,1296732,1297116,0.9851890402571559,0.992392353498068,0.9926862296912546,,,,,,,,,,,,,,0.9851890402571559,,0.8857368421052632,,,0.9638611195039607,0.9761551371573761,,9072ecd1d6bd9a6ade7bbf9d4ebfe4912556baadda2bae4e1a66249b89915dc1,5ee5a7b2559e29f59042063b25e69d22cc7635dcfb1ccedb12ca183a2172add3,3a812bdad0bcd0ec2f2e4b5567b021dd779608a573e36952daa57b243591381b
trackside-maintenance/0079,trackside-maintenance,train,1304830,15891,11820,756419,1316650,1320721,0.9792043922100708,0.9879679356957298,0.9910226711730529,,,,,,,,,,,,,,0.9792043922100708,,0.9511047463175123,,,0.9617394290518637,0.9596727822687805,,7245d072113222a13b028579251a425ef833a8850f977f01ffb13f42c5569754,196f7161bb9ef2af0e3ea14b4f939200a99ce0ea7a60d5039b4f22522718c58a,fe3d4be2afc7d4213b3c64304087053d50a5b7ba70d5bad0a98084ecb109b64f
trackside-maintenance/0080,trackside-maintenance,train,1181937,12994,15738,878291,1197675,1194931,0.9762676668850032,0.9891257319460287,0.9868595403594465,,,,,,,,,,,,,,0.9762676668850032,,0.9598576752927265,,,0.9571650511272252,0.9614894045913734,,045d4791802edd4766cb20165f7f89e48500708e9eacc4fb3176b9cd89733d49,72915e72ba77b4a35ec44c0cd9aadfe5a489e09dcf8bf4df59f3ca3ef7ac9e26,64a8d80d39bc2bf663bad94b05e89474f1bc9fc0192b2c1dc71a272b0f5d0f3a
trackside-maintenance/0081,trackside-maintenance,train,1372238,14861,14647,687214,1386885,1387099,0.9789491106091974,0.989286273005748,0.9894389224773503,,,0.0,,,,,,,,,,,0.9789491106091974,,0.9536094563534875,,,0.9535134194686893,0.9576784352340489,,eaf74d01f4f349885d90aff52c367596e2cba944e49a7b0feffd851b79a71ea1,e7d19f949be6c72d26980869fabb339acd375a65015bcc000bb7ea609efc0558,ba36752046dda14ce453df88d2b797344ee604561feeef6cc86cf6260db3cf99
trackside-maintenance/0082,trackside-maintenance,train,599689,108472,43006,1337793,642695,708161,0.7983431114519142,0.8468257924398548,0.9330849003026319,,,0.912625535317339,,,,,,,,,,,0.7983431114519142,,,,,0.9598652980078711,0.4839762963602608,,65b79e130b09b882fa33f7676d2436a802b097d73fc606fa0428a40aa7592ed5,a63aebc4038689fc219bba17b9c67904c70eae12e7833a0e436e0aa12bdbfcaa,e4090dc53c6e66baa08b4b54c63b89a90ddc753965a14936fd93ef6c526b1761
trackside-maintenance/0083,trackside-maintenance,train,1581049,7688,16425,483798,1597474,1588737,0.9849778402429162,0.9951609360139532,0.9897181425174995,,,,,,,,,,,,,,0.9849778402429162,,,,,0.9559249403481435,0.9450510698857697,,f93539c0825969b6f96f386dbaa98f06caadbcb1d80a39102a077ace90560d5e,eacd1a0cdf15d5e49563452c6d7003c31113591a4df0d81eaf61105edab0d64b,38a80de851a84af2ce49c05040fb082b40e6ab2fadabb1df8c6534da05ace846
trackside-maintenance/0084,trackside-maintenance,train,1384973,21346,14776,667865,1399749,1406319,0.9745815726605188,0.9848213669871487,0.9894438217137501,,,0.0,,,,,,0.0,,,,,0.9745815726605188,,,,,0.9759280493607595,0.9472291145958549,,78b655ec93b0e9575d9bf363a03233ad6e48a40c1e428e86125f919cccf38ced,ac028f7bcbe7ad92f61055bc538a75e3ad911ea17ef8513a38a275c9758c465e,7ff867c89d3fb5c546ba18474a139498651ef1ea858793eee0f19a7559918924
trackside-maintenance/0085,trackside-maintenance,train,1318135,13806,8067,748952,1326202,1331941,0.9836769631226082,0.9896346760104239,0.9939172162310116,,,,0.0,,,,,,,,,,0.9836769631226082,,0.8099173553719008,,,0.9668153999112417,0.9728383969242342,,1fe7cf2ae2eef9be85f098226cc6e927e226f7e34a356079eaf30f81a5517c08,a964b223ce70c0ddfcfc63a7116d136b72dbabc8a5bfb3c71b4a8784a89ebc9f,d944aa615bb49830e2e9065b2a75948414c540a00426010fda6a512b020c16d3
trackside-maintenance/0086,trackside-maintenance,train,846689,14231,7678,1220362,854367,860920,0.9747765940055123,0.9834700088277657,0.9910132296776444,,,0.8423341790503805,0.7348242811501597,,0.9354504984638535,,,,0.0,,,,0.9747765940055123,,0.9684250734463912,,,0.9446772800439716,0.967336164983623,,9db552632140a4fe745fdf61a0d0fa31fc4952af06addd32095a7c1372bb9d8a,48e0f42fd5470fdf74ebb3d8b15d9098a05ee9adf3541431ac1b7a9fa0e062d9,f8e8cd6632e77d7d05108ad044c67e93eaea4c017dd2c35086f15e8e46e826f8
trackside-maintenance/0087,trackside-maintenance,train,1011691,12959,12614,1050818,1024305,1024650,0.9753457171944654,0.9873527545991314,0.9876853085750826,,,0.735833891493637,0.6774193548387096,,0.8317638345148661,,,,,,,,0.9753457171944654,,0.9727999511245713,,,0.9547839420247646,0.9649821609420611,,95207ac84f3acc3ff5c55764aa554bffc9f0a32f4cab08eaf951e2fe43877d51,587b26c9e34a988459b083e4db74f236062e3ecce661eb481c45f1084fd9f4af,c0d65444b602e00b52482c50199dae1aa42708fb59e774023360356503093447
trackside-maintenance/0088,trackside-maintenance,train,1048534,13594,7867,1018965,1056401,1062128,0.9799428969294249,0.9872011659611648,0.992553017272797,,,,,,,,,,,,,,0.9799428969294249,,0.9639454297974918,,,0.9500667105366425,0.9707938755642093,,d725e1c7a0e34cdd9a85ca766c2f77aae4456153fa89c7ec4ed4903841bcc25a,d8588ac0e324f990fbff92d6ef4ea35638073f169b1c3a29eb0f763ca8158eea,1120e0332354729a6229bbc2d2f65ac6f334831c7485b1fce84ce5be3aa49fef
trackside-maintenance/0089,trackside-maintenance,train,1344614,13755,9329,721262,1353943,1358369,0.9831220050040287,0.9898738855200612,0.9931097542511022,,,,,,,,,,,,,,0.9831220050040287,,0.8567164179104477,,,0.9627105724521686,0.9735313229525162,,0055dcf9f3b23337c4d0b8675c5c94dc530eabdf296e211580d8631bfde63237,3fa143f99bf6e20e136865aa3ed2add68b848b13c63f491d183a418d2b345cb3,1e8fa5a1aa73866c7c67fe989879f6ef3fdd5051fe3b25b23047c53f7d1adb1d
trackside-maintenance/0090,trackside-maintenance,train,820521,14402,8420,1245603,828941,834923,0.9729386501103348,0.9827505051364018,0.9898424616468482,,,0.8026030368763557,0.3399765533411489,,0.8888385842499135,,,,0.0,,,,0.9729386501103348,,0.9716755924423053,,,0.9489865387590902,0.9632940085109357,,0a5483a0127931090560f2cb06532b9de62ff8978b5d2d75fc73f10c9e628fb9,bdacebbf7725f3ad965f05b99232ec789fc6dd5801ffb98aa2a88920ad1db2bc,faa6f4e1dfb1e83f31a329eeaacbb6107aacf92f4427ea771208af5d8f374b0e
trackside-maintenance/0091,trackside-maintenance,train,1001268,8906,12890,1065692,1014158,1010174,0.9786953699866284,0.99118369706605,0.9872899489034253,,,0.9330783938814532,0.33698296836982966,,,,,,0.0,,,,0.9786953699866284,,0.964655378234267,,,0.9561204656502152,0.9700791287972863,,140a0439c3c000cca0ab1e8fd90ed6598c8fdb0c15a7ebf645bf70366d6dd90b,fd9fcc64d607952b1ca4b32b253c900c3b6c42ae47ad9a118acf78aa6132ac62,8af20966dbf2351739a28a79a504885d9ef9abed0f3c4dad3cdd5ad20c34af19
trackside-maintenance/0092,trackside-maintenance,train,1293148,3219,19454,773139,1312602,1296367,0.9827689328563688,0.9975169068635656,0.9851790565609377,,,,,,,,,,,,,,0.9827689328563688,,,,,0.9738975938911675,0.9706445229585199,,b46f2ac36452a0a15ac8e7c69746492ff0b596b959f253d1612c3db9998b2895,ca30dbb08d9fb0e4fe8996fe88911e453cc3bca799282014ced559432b824f51,15c686254197cb6d3062c22394830aee69c32ace7546b8c6d9b6fc0f0476425d
trackside-maintenance/0093,trackside-maintenance,train,881867,8782,11955,1185925,893822,890649,0.9770253621743311,0.9901397744790597,0.9866248537180781,,,0.6867765218575514,0.5727272727272728,,0.8439289384818676,,,,0.0,,,,0.9770253621743311,,0.9797189106972571,,,0.9467039256615716,0.975216259441286,,6259e3456d036d7371c800562ffea682d470ccccfc442c166f67ae5f354b645f,84941b6b7aa17a3e2407d6f073b2b43d7c36ff43014f7ec679d58cf5431ed076,2fd268522de9eed4809310bcee2d05b21ebcf66179f7a54a9859a33f291f127e
trackside-maintenance/0094,trackside-maintenance,train,1019335,7976,18177,1042335,1037512,1027311,0.9749848874401237,0.9922360414713752,0.9824802026386201,,,0.0,,,,,,,,,,,0.9749848874401237,,0.9694180741552434,,,0.9605061929650606,0.9651205959879713,,e0ed8f532604e6e6555ff2fed40abf4191312f80d30033f9f5891f116ab17ef9,7e4ff407e211370343392cbcdbff2b1388d8e1979cda20ce09bf6f00dd9def79,89918a2d9e42703660b3000173357132705c60ddc9b3a4f331e8fb4f400b0813
trackside-maintenance/0095,trackside-maintenance,train,804055,4217,22224,1258464,826279,808272,0.9681623993372636,0.9947826969139102,0.9731035158826498,,,0.82249961942457,0.24012345679012345,,0.9469265946711897,,,0.0,0.0,,,,0.9681623993372636,,0.9786139027019508,,,0.9397722854762566,0.9587976400729046,,2c0673f9062a1f999a14ea9f32f3a730731ead900fcdf51751a187ad746dfc7b,e2149e1bb2a9cbc2acdbaf0b9ef76ebcda214853f1f5097dab8ec69174e4aad8,36a5d346d4fa4788dad79d0ac0170fbe921419c30a77b0b2308e8aab39aad9c9
trackside-maintenance/0096,trackside-maintenance,train,387654,5138,19517,1676244,407171,392792,0.9402026150290195,0.9869192855251634,0.9520668220477392,,,0.8843150016270745,0.3277310924369748,,0.9614181888761888,,,,0.0,,,,0.9402026150290195,,0.988030214048295,0.970069416795056,,0.9192438011086767,0.9460508278403914,,4c21278ae3f78bf40f512492d07dff5fe47bcd04749b1b5bbb976b5f139f1b63,0bdeb500a31ea967c4b9b29ff432f98229b20b9b969b3a7a8efa595fe61979ce,686045e1c585f2386a02fda5aaf1f0b2fc2626ae5f51e16e2a62fcec9d4dda8c
trackside-maintenance/0097,trackside-maintenance,train,1440615,9580,118180,280642,1558795,1450195,0.9185398900135491,0.9933939918424763,0.9241850275372965,,,0.0,0.0,,,,,,0.0,,,,0.9185398900135491,,0.8353227771010963,,,0.9549216223112625,0.0,,069e56fc048051d80ef3d6c175598cb6a1df2596f82c85bd8075f4b88100565a,4dafdc7299c42b3fd729bc5fad69b105505ba91c31b992ed39c8524ab26e9327,16a8d6d10a521ce57316352b7605ce7878a9b5d7de2976a0b722b4f4823c0d65
trackside-maintenance/0098,trackside-maintenance,train,1731376,15121,5530,336933,1736906,1746497,0.9882130811911004,0.991342097925161,0.9968161777321283,,,0.0,,,,,,,,,,,0.9882130811911004,,,,,0.9487495810343031,0.0,,fc04d89f6819407752a53d790ea973fc002344aa19eadc04b345225545c7ce53,50b458614c96f982cdd8a232cc68c34b8a13e26c9ea30e839f0bb3d3f75ed0bb,00152d6dfad25bc1d4b22a347491533514bfddb538464aa019f5402cb0d8c3ce
trackside-maintenance/0099,trackside-maintenance,train,1222153,17352,82733,766722,1304886,1239505,0.9243063654198412,0.9860008632478288,0.9365975265272215,,,0.6352201257861635,0.4429447852760736,,0.9545334739061676,,0.0,0.0,0.0,,,,0.9243063654198412,,0.9832316394245758,,,0.9033073584593818,0.6080799170312444,,34c0bbfd58571e1b86214468e7824979e09367e8aa452150512daa459ff8c186,0553959daf6ce869735cd945b60890b3ab439a1579cbc8fe572569200304aa26,dc852916f0077a25c1a2f912be067dbc43e62073db39d38d7578eb2463fdad9d
trackside-maintenance/0100,trackside-maintenance,train,1119283,48963,18455,312820,1137738,1168246,0.9431887223487635,0.9580884505489426,0.9837792180625065,,,0.845352186798881,,,,,,0.0,,,,,0.9431887223487635,,,,,0.8206869300279722,0.6959110865328199,,295de469c85a2cbd063ed52a760230d5847fd6ca3ec792d4228e881a1fc88163,f5b03baa6b4d5ea3f09082ebe6520174de0c27be86a86a96401a87b00c959c4c,c057c9325cd54dc8084bd20e8e3bcfd81e14b7c56567262e20df5dc81daf2cee
trackside-maintenance/0101,trackside-maintenance,train,414327,32874,20626,198173,434953,447201,0.8856414871309266,0.9264894309270328,0.9525787843744037,,,0.49201277955271566,,,,,,,,,,,0.8856414871309266,,0.9572649572649573,,,0.9275873691306271,0.6954944854555155,,f18cd13f8be6e6da511d8cc5f6ff2f0e8e5ffa3cdc730d55f0752e075e4be9a7,2053724e9bccf33b2605685548994cd45b4e42ce9eed6263ab94fd76ac8b7402,7678ecfed3a79d434470259945c479ced33b61e32d8e64c04697318e1b3d848d
trackside-maintenance/0102,trackside-maintenance,train,341384,326916,59812,771145,401196,668300,0.4688619333289384,0.5108244800239413,0.8509157618720027,,,0.7917884624500308,0.07966101694915254,,,,,0.0,0.0,0.006520351490493888,0.0,,0.4688619333289384,,0.8547315936816724,,0.050791769901971345,0.7700449285386309,0.6650260908230925,,d32849c8bde9dd413c6d0ab82ca84e62323fed3319cfb99825a11f91ac7baef3,16725b66e3177e4058bec98d44bcd85e2a17929f45e24c0a9596f58d4fc0420f,9c9266d53d43193ced41197074e68e3199952e2ea015b18c256d0ee38bc7fbbd
trackside-maintenance/0103,trackside-maintenance,train,737255,121753,46932,1183020,784187,859008,0.8138011347329845,0.8582632524959023,0.9401520300642576,,,0.8479726351638741,,,,,,,,,,,0.8138011347329845,,,,,0.9668999026067653,0.7080748301548487,,bcd725f20e45aba176964b9c6318633c2f7a70f7664784eb0dfc98abf0940141,832b0e6356d68f26976e3d7922d3b08c241fb1ce86ad33ae4f971af5515c330f,6d5898f5c735a367a6d1c7feb484621b04b4554d0f49532d9e93e30aea035571
trackside-maintenance/0104,trackside-maintenance,train,128539,2060,5564,286238,134103,130599,0.9440082841888031,0.9842265254710986,0.9585095038888019,,,0.0,,,,,,0.0,,,,,0.9440082841888031,,0.9931951527894191,,,0.9670575186182855,0.9402890070129987,,8af545cd5a93e866ceeaf9e8b89657bd1753fb543ecfc98e2121144440cb5e5b,38d8338d1cf13856f69f9d6bf5678bbe6767d870b9c6d44089b654888be7a538,86809e67563565eadbdc5285cdb0278c9ff70f00961d6563d8810e205cb479e5
trackside-maintenance/0105,trackside-maintenance,train,195433,11206,11345,568448,206778,206639,0.8965474530240751,0.9457701595536177,0.9451343953418643,,,0.7101769062511992,0.08429313947263906,,,,,0.9916357044136916,,,,,0.8965474530240751,,0.0,,,0.9348277048616231,0.9377459143897663,,d1ad562afeae01ddb70bc66ae877af92f08918967c215ffefec2257c3ad76fa6,c81174649f12ca8f38a2a5768fc715389902ca51ae6140ec8217629ad50b6eb2,95d8fa72b56f2fa95989a50e113c97d4d163ba8fccc7cc7d0f78e68f896500a4
vegetation-worksite/0262,vegetation-worksite,train,0,30,0,2073570,0,30,0.0,0.0,,,0.9789238196161545,0.8326965360631511,0.38902984173009547,,,0.0,0.0,0.0,0.8467399987709703,,0.38098307816277194,,0.0,,0.9761399170317806,0.9907259797748234,,0.5430578577630436,0.9266435776527965,,54396730a7d632e6ac164891ed59aa4b248397c4bff8ad0524ee051361535740,ecc4df5204120b6d832dfe643f5cf2ece2d746710ad731c9c0b70f45d3c1a90e,cab34a1ebc44a718b86cb6213a1b92345e15e508d23b593eef5da53e0ca233ce
