key,group,split,tp,fp,fn,tn,support,predicted_pixels,iou,precision,recall,iou:person,iou:truck,iou:rail-track,iou:vegetation-overgrowth,iou:car,iou:on-rails,iou:traffic-sign,iou:road,iou:sidewalk,iou:construction,iou:tram-track,iou:pole,iou:traffic-light,iou:mud-pumping,iou:fence,iou:terrain,iou:sky,iou:rail-embedded,iou:rail-raised,iou:trackbed,iou:standing-water,image_sha256,mask_decoded_sha256,prediction_sha256
evening-water-cab-view/0289,evening-water-cab-view,train,0,0,0,2073600,0,0,,,,,,0.7876041222910076,,0.9314843835416743,,0.0,0.15596632022102355,0.977050189381157,0.6277228182620408,,0.47475267341453653,0.0,,0.8150706617160292,0.8699217018762003,0.9845971704580411,0.25592939878654164,0.581768038163387,0.7455524124894424,0.24492717016081503,61b19d029c6cc48d744189fd60f15317991db02db7ea86e03c8dd7f235cb5126,736818a0449d28bdb2d8778a1660ca515a3168050b25ed1a01d88dae3bd752a8,dba9bab8339cf0eb2da8b3bdfe510f39ed5deb4f0c29087d1a2e0cec5e99ad6e
evening-water-cab-view/0290,evening-water-cab-view,train,0,426,0,2069252,0,426,0.0,0.0,,,,0.8407728739678947,0.06978588421887391,,,0.5435582822085889,0.46808049535603713,0.9643271511940015,0.7470037798469623,0.7939259415847514,0.7353180774642673,,0.0,0.897699882928173,0.911420368359932,0.9934415685842131,0.7028703935823515,0.5829821140257072,0.709100664635835,0.6021908763505402,bc87c6029c376bb13438534dc5403cc400260f97f586d1d6581f3e6c7f911c08,13322ec6a2aacce02132ed5e7696c28c5ee8042d56819195ed30830659e51b22,011c0c77ae8c926ae738082d6ee87f38daceb9b92614da6ee19a0ca5ae4d90d0
evening-water-cab-view/0291,evening-water-cab-view,train,0,0,0,2073600,0,0,,,,,,0.9066259478611508,,0.0,0.0,0.4205197435032062,0.0,,0.8107178519915678,,0.4852103120759837,0.0,,0.4596356211716664,0.9280450620544657,0.9926979481798978,,0.7980738819659687,0.8754769201463396,0.6629848123509476,98c179d6033fbdd1ac8781f30103871dbd923fb986a02c3839d44f86da4740de,bb2a9920140cf227658a598969afef5c7ce53e7b98b5a3c4c066546ea5130d17,c6d984631175a2645df9e481f84a931773374e84d8a4d4cd005b503031919ef2
evening-water-cab-view/0293,evening-water-cab-view,train,0,0,0,2073600,0,0,,,,,,0.9814633062350697,,,,,,,,,,,,,0.9835350401067704,0.9768144767055327,,0.8452861335289802,0.872850703911858,0.39731743666169894,6077aba4a4bb99250442da395b3d3240725c2e1e0aef293eb44333393c53dc7c,f911421065662a54b5c3274a87ea67b0c0aab217d8246dfafdb1abfc6d028d20,e00644bf10dafe3b043e73d35db535fafd54bb83ac3de5ba63d62342f63186da
evening-water-cab-view/0294,evening-water-cab-view,train,0,0,0,2073600,0,0,,,,,,0.975964544484902,,,,,,,,,,,,,0.9846900372187397,0.9774134388659836,,0.7964856824098178,0.9275794420491449,0.8257016248153619,fc99bfd711df81411031982d6c1af485a0d5de1a6bc8031d66c08fe78aaaf437,4658d8f7532c6505af3946da32505699e8955aca2113d5cdeb27eec1d16f2745,9e512e969889fe3309bc8299733be22b242dab71543c75b5800b645f7824a0ef
evening-water-cab-view/0296,evening-water-cab-view,train,0,0,0,2073600,0,0,,,,,,0.9714822593124792,,,,,,,,,,,,,0.9890331179012868,0.9916574385528931,,0.7836383207750269,0.9034774612654123,0.7896060352053647,ccabc9bad6992ae81dbcf31b87e948651539d5fb18383056159cb4158d7aa1e0,60379d256d614ea088a2828671715ec0c44a063f5021ec187a15947d9abddccf,762e0f644343d07428a27f3b12ec48f5753c3fe1e61382fd0161ac8b1e4b098e
flooded-road-crossing/0272,flooded-road-crossing,train,0,0,0,2073600,0,0,,,,,,,,0.9484615004692053,,,0.8418804373852662,,0.8221253048208591,,0.0,,,,0.9389145251761023,0.9846634178444953,,0.0,,0.9326373169851025,1a64c22d40183eaa53211aeb2ab21c5cbf2a328ca7b2d6716a58fff64bb7291d,10ed04abff1db423799ac73be0144d2a9d4c342000410521dac7c27615a1210d,1e845807ef9918b427db64f31ea0309623bbd1fd034e83bdba4985213609007b
flooded-road-crossing/0274,flooded-road-crossing,train,0,0,0,2073600,0,0,,,,,,,,,,,0.9688609805280148,,0.0,,0.0,,,0.0,0.856106045811723,,,,,0.9738626478492879,5eac815d6dcafeaed42ca25116f35fe30e4598159ae3b155d664bf6b7378427a,7172a732328236e294af3f1eef4ebca9041023ad99ef10d8086e8fd60928f87b,0cf2473a14d5483f6534c36e5b603c513b36b04231679f666c68263c8dd21f8b
flooded-station-platform/0298,flooded-station-platform,train,0,0,0,2073600,0,0,,,,0.8309988189454397,,0.6045276970850446,,,0.883619077548184,,,0.9264083316426591,0.9071225529240685,,,,,,,,,0.7565709664375253,0.0,0.8332872300488037,f0194c9f5092ef4a9f5211064d986408ef94a7c44752b254cf2a6cb67600d64a,5722f0e4963bd2152bf42d5232dc39a50a7a848f6c12b1004b0789f34038d48b,234d83271b9ebea420293358ef94a25b84b997b0a2f5f17b023d5a10327fcf9f
flooded-station-platform/0299,flooded-station-platform,train,0,0,0,2073600,0,0,,,,,,0.7638800075608588,,,,,,0.9588003350299594,0.9032560926539777,,,,,,,,,0.8598549145419736,0.0,0.8430946616699279,2e8151e2e6b02fcc2163c50aa86d9e5e0134c8e81d7ed74c33832a121b91dcaf,6af42e253b81ce9497cf93cd0a68c78ba94d0412ca46ce0bdf9850dfc84f3d38,e70f9b02978ff846a35457cdc92ee6ebc8b18c7decaef51b4630be24861d10a5
flooded-station-platform/0300,flooded-station-platform,train,0,0,0,2073600,0,0,,,,0.44849969275507817,,0.8586634792674512,,,,,,0.0,0.9422388940416808,,,,,,,,,0.8529786416041726,0.0,0.8107525549038257,aa5009748eb469829d461d7b4e9a1e63aced662acde1baab34479670671c9cfc,75ede15bd1fb51823b565832643d1df6ed5185b2a03eb179228324c3aed39bb0,e0eafa3e1f1d7dd021962d0c10ce7e0f554b4a22c84a7b07df37a6ff0aae9232
flooded-station-platform/0301,flooded-station-platform,train,0,0,0,2073600,0,0,,,,,,0.9088775884399092,,,,,,,0.9959110979356314,,,,,,,,,0.9705448582419736,,0.9182426769793107,b6bfd2eb1a154fe26098279bca8d8165e5aa045fad56b687663d941cba56bfda,47d991bcaec17e2c3c48231acaa869c7cfe0fc1945cdd8af78fe916b1e1bd398,ed095811a6a26aad601e6c4ae249ee950e99a68cd8e451567a6d7fdce7d2f5ed
flooded-station-platform/0302,flooded-station-platform,train,0,0,0,2073600,0,0,,,,,,0.9312892630106533,,,,,,0.0,0.9971086986667723,,,,,,,,,0.9593409942453524,,0.9276121847363249,0758d8245392d38d69bb520d6aa46dd39d38ccdfa9c8011ae15e78d2a3d0dfae,eece741854c6faf5705694b7fe66da45777daa6a2c5a7a957f51d43f01e66a89,976afe779dfcc1a1a1f9c89056b46b5e79ce40183dc2cda3dc87b1a9e782c239
flooded-station-platform/0303,flooded-station-platform,train,0,0,0,2073600,0,0,,,,0.0,,0.9496141625056741,0.017979235249430237,,0.135503819570753,0.2868663594470046,,0.945739833239275,0.8161374483984991,,0.46803737065934437,0.1839026672905943,,0.4491903190873146,0.8389939836751426,0.1710999788329923,,0.8609109589041096,0.8803217288208666,0.9347819195688823,e62cac97ea08c225e113869af1e24539312d59ae8b1ea981d8625c7d8c85968b,9f41da0deb75457d49e7d121daf10240080a8bd5972f436a7e0a7b9717ecb8fb,adb0d8e76cdf7604b2269c00eb449e0b930e63fa2ec82bf1692332729e0e5e2d
flooded-stone-bridge/0270,flooded-stone-bridge,train,0,0,0,589824,0,0,,,,,,,0.9879956157072055,,,,,,,,,,,,0.0,0.5678336980306345,,0.8523208145993123,0.0,0.9511514028586554,d8aff7595858cbf04c9e2b85dc09bc865c9a2ad58b92c41e823fb4a084f4bada,cc93b0303a5e58646273e1c337552e9b819a34fb83f9540d2148d3bcbe375c9e,22a6a515af7a6fc8da475e1482ae4ee5e332279d4588f025f64a1cd80649e629
flooded-stone-bridge/0271,flooded-stone-bridge,train,0,0,0,698368,0,0,,,,,,,,,,,,,0.9583142381001979,,0.542642566191446,,,,0.7250944569324215,0.9719368340943684,,0.7012872628726288,,0.95844272242007,f5180763e414fb42a131798a9a989ba50a68fa194643d48809aba9a9130498ed,deb97cc444c8d1373bf880da820dc45e4746303470e336a4c48ca969c057ecb6,c283d060d5bcbd310f16f4a2cdd7cb578039c4220288124a18ba66003d07038f
flooded-stone-bridge/0310,flooded-stone-bridge,train,0,0,0,921241,0,0,,,,,,0.43762330809818767,,0.8266073871409029,,0.6984295980835773,0.6298914830647814,0.0,0.8961445816683142,,0.5487861164958922,0.0,,0.8293782748891576,0.923360845340503,0.9405223383844317,,0.8427260159665226,0.8550491306063942,0.8290486806641599,244d2e5e9d27aab38bd91e338efee542e9ef1b32b81f5b1d04e493988fd9fb15,42ef6482e36a3fc9d3fefaf6ee832e646e4a322238c9ee94517cf29cccb2a2fe,5968968c42cb8e99941924516a161d6ee92a0f9dd04e6d8ec76436c1eafd66b0
flooded-stone-bridge/0311,flooded-stone-bridge,train,0,0,0,921600,0,0,,,,0.0,,0.22535863026376676,,0.0,,0.0,,,0.956726042265211,,0.2907341970946211,0.0,,0.649763353617309,0.8852488616294357,0.9325449283647147,,0.699241002203542,0.6161715764821891,0.9227854383042076,3ec9872d416c77c2223a85177374f753b9fa22546177d378a402366f3a00fac8,6561271ce4c565a4c37ee75a811cabfb1e535cadc0ff4b3b0a20a98020fff530,ef5d2f41b70dcf2c36216e1f4ab2c3fe3d1ee05dfa588fac9c76b8623bda4bb6
flooded-trackside-woodland/0306,flooded-trackside-woodland,train,0,0,0,2065299,0,0,,,,,,0.887007828467857,,,,,,,,,,,,,0.9842290229180773,,,0.9089973537194943,0.9531905366072095,0.9205016065333691,0021b7212f209be14d804f00cbd09a05f058de3d7582bd9ccb3bb068575fac81,8de09c6caae8edb989f229fdf3de804a969a3c4d11baa415faf551b9c1f5cd1a,fb926923a06d576c173018655227f37bf4e6c57d24d81661adc61694253decff
flooded-trackside-woodland/0307,flooded-trackside-woodland,train,0,0,0,2073600,0,0,,,,,,,,,,,,,,,,,,0.6475681578844729,0.7397216808849039,,,0.9490840489469398,,0.74260895330462,05638be2766fc4b1131b1244aba691384afbe16930ecba0b0faf7738dcf28e31,8965ae7b242b8b889a19b35409caf90d8ce9f841d962398bb5984a9bf7e3e501,27fb9f51865bd2d3e9261919eccc81ba957438c49323dcae8eaa08e4164af114
flooded-trackside-woodland/0308,flooded-trackside-woodland,train,0,0,0,2073600,0,0,,,,,,0.5935524652338812,,,,,,0.0,,,,,,,0.9585231285367514,,,0.9047863072665778,0.7656029382560324,0.8276079391080674,0020a0a56903de99cf38302e93fdee20ec756bd51a40b2edf7884183de063666,0ae12b44425bb812368f8178ac0aef7e325786d592a022eefc8bec3277618389,e0c0b6a29e065811ba21c81d8d72d6eb6831b81e44bcbf2cd4845efaaf2bca25
flooded-trackside-woodland/0309,flooded-trackside-woodland,train,0,0,0,2073600,0,0,,,,,,,0.0,,,,,,,,,,,0.0,0.9621999134285619,,,0.9467317124872666,0.5144075960850024,0.7800349143001282,b0aed51ac2b31233ca1f0b25b0f75d6ad53e8afd209b956cbf317def34ebd785,0da5d8691c2ef3a4af99cd06382ed6b5e9acdc9dcff28e445e132c1371c91740,4b344018561723e3834c79cb6c7cc1de3675d7317ef662e255807e2ebb2c6e3d
green-roadside-cab-view/0174,green-roadside-cab-view,train,0,0,0,2066931,0,0,,,,,,0.979321264073695,,,,0.0,0.9232271848611252,,0.245816719490168,,0.6873250560401398,,,0.5147058823529411,0.9333267564692105,0.9856030341227655,,0.8381663837011885,0.9002419709634844,,ac8756b81048f48af6d2c3fee710b8b43f34a4e658cde8c09bb9f690902790e5,b77c97dcd4fb55499f6f8e29e571ffe8b252988a1383fbbbc8633d7e7d35146a,ff64529321bf3bba04db5e2287e0718d23b4d0d98060226add3a54a16e7f62fe
green-roadside-cab-view/0200,green-roadside-cab-view,train,0,0,0,2068241,0,0,,,,,,0.8774411059986006,0.07692307692307693,,,0.0,0.9180586325931269,,,0.9420062148667994,0.6998555224247641,,,0.0,0.9807861554520307,0.9870798777826276,0.7911392405063291,0.6884106275592801,0.0,,647d89550b9094d69144e9eb687405a9b548e981193dfb8682ee2e38bdb37aa6,ec9c895b7bfc0e04c27e3fbfa6d40129a216d6b93b9c0d141f0a7cac2f4cfb82,c7975c78b8a81227244c6b35ea7c4eb9da853d345f27634dbda17c21b77007a4
green-roadside-cab-view/0201,green-roadside-cab-view,train,0,0,0,1982777,0,0,,,,,,0.9508007623123474,0.0,,,,0.7923127035830619,,0.0,0.8789915966386554,0.7050892892340442,,,0.0,0.9771699117399211,0.9894844786045678,0.7333592837680031,0.7636649990735593,0.8516896211064621,,cec5a4a2267098df2b64c119ce4e99aacc9014722b05125b92bd8da623cddee4,79b14e0ec0f662a0b7defa39504fefcd6253e1a53dbd690216307f9800fec399,a310f1ea636e9bc6502f9a3a1b4a970acc2b57bb03517fe66042208b27eea6f9
green-roadside-cab-view/0203,green-roadside-cab-view,train,0,0,0,2067934,0,0,,,,,0.9414169386476774,0.977292881519899,,0.8744280630401627,,0.7316239316239316,0.7454818630607426,,0.5682242022378782,,0.45936559388747394,,,0.8786471567510733,0.9718120302608023,0.9906707573752214,,0.730282269114826,0.8804946509903612,,18638926136c9e885bad8a5394a86973d90d5ed5638573e5985654dec64db548,02d5c3cbcfb22b2c4080b9d7ba8d170adf3ed46933f9dc0d14cd85562a56b0ef,5bba5ae0e681c19191b4d708496fed6e886094b4c62d8a6c38e60838363f265e
green-roadside-cab-view/0204,green-roadside-cab-view,train,0,0,0,2067934,0,0,,,,,0.9171692953208707,0.9712516342117938,,,,,0.8272485992332645,0.0,0.7225806451612903,,0.0,,,0.8845956247928406,0.968685360267186,0.9944050957019335,,0.7807022755629494,0.9199445141184965,,cb34ab4d9a1966c9d974500a92359ca204a93a0c8283bcc59a5f16456005f1dc,394bb5dc28c3d0b30d2087556ad26a909667e7937eb766dc4284b1cb12445c2d,26ff8b0d6773b1d80345d75fa5a03f19950bb46fc5dc9c4e1a938b8417af21cf
green-roadside-cab-view/0205,green-roadside-cab-view,train,0,0,0,2067934,0,0,,,,,0.9402150007917378,0.9548311230156138,,,,0.0,0.8253535954593308,,0.6267922982384269,,0.24089775561097257,,,0.0,0.9833828108655773,0.9913028068214349,,0.6291698400609291,0.9455374343546301,,84c3ad934ba556452a390cf9a7615f786d7bada1f0ce3bec466c1ccd2a89b441,95e37b185a66109b9fa6014f770ed4e160ff0b041a57284a73413e84b110572c,dd30033cec60d84986d561914360328b02d4531e14cb13cade09da78ab148352
green-roadside-cab-view/0206,green-roadside-cab-view,train,0,0,0,2073600,0,0,,,,,0.9482378732685984,0.9603610725077455,,0.4651741293532338,,,0.8818636688543765,,0.7479667449846377,,0.78348004526015,,,0.6602264464526851,0.979598645311158,0.9853577641017127,,0.6537592285671237,0.9603719098924948,,326099a1d7068b475af019e6dcf936e26aa1a539954a3f0fa5df1a5ff8428999,5e5fc2a4b032976fc815abe170cc8547f7fe1cada392142df6cda57eff6e1c5a,4ea393bfd3a1f11204fc037d126473628ceee3b00bec86d45711b78ae03ea94e
green-roadside-cab-view/0207,green-roadside-cab-view,train,0,0,0,2067934,0,0,,,,,0.9010657220154552,0.9715043586871145,,0.0,,0.4220430107526882,0.7262462131644175,,0.4960098219766728,,0.6915098669114272,,,0.6768673658930147,0.9631236682013403,0.9908701439148158,,0.7502334267040149,0.95493754932107,,0a69c574d773bd2b02269bec42203fa65c198e4f1f50743335704b45db4b879d,0eddcd0c9c23c948c80539aa5593c3fbc7649e64694a60c1e458201173d047ca,5cc3cba90309421c9610b28c202a1df11f30916bec9cd1cf7e0a56f34d11d6da
green-roadside-cab-view/0208,green-roadside-cab-view,train,0,0,0,2067934,0,0,,,,,0.8810635275015222,0.9785557751515885,,0.0,,,0.03058103975535168,,,,0.6940029004464413,,,0.0,0.9695175841149739,0.9847238679906661,,0.7973419730230098,0.9173217691228026,,3b8efe8aa3a6e136add1665ab904a06b78b874796e0c18912f3ee9f3ff74d366,f449b48b1e1888c6196e82bb26e0b4f7d76a050cbbdb529983c5bd83577aa7c1,834dd368c067ec7de3edcd21cc88c52f76af8a23ecf9cda84f1014774617f716
green-roadside-cab-view/0209,green-roadside-cab-view,train,0,0,0,2067934,0,0,,,,,,0.8650949111470113,,,0.935379742570254,0.8883287118729518,,,,,0.7231990231990232,0.7602499618960524,,0.8203682315374686,0.9572815990943288,0.9826067325058602,,0.5774288699072082,0.9082386247076684,,ee956750d1fd8c7676cd76b8db71bf93b9cbcedf8b4aaf4e538041ef501ade04,9215974802ff1c3a3f4ba3b5a8c526785e3e134127875b97fb97ab0f1013f765,096d27d9d876870da02f56cc391f45f3a403d5c598d218d333d509e717cdd538
green-roadside-cab-view/0211,green-roadside-cab-view,train,0,0,0,2073600,0,0,,,,,0.7975621613289541,0.6841309477446107,0.0,0.3816050390761694,,0.682854218997116,0.8932194699124659,0.6033907445481816,0.6861074032241503,0.7922014123426466,0.6580825752274317,0.38217391304347825,,0.6832211030107407,0.8682260978115921,0.9862143737609732,0.7752514580339785,0.6085147247119078,0.8288305938130596,,41f0cad9cf8e4e11e5a870a293f740a7bce70a66b0bf5b0e86c9dd1fa6396f5c,bac45ffaf5fd576f297c552e8ea5f461765b12c5c76eae223bb8742621fb0cb5,98dd9f2f85e9356585decdb3b725c4d44b7801866a2e103f9a3e6469258bf002
green-roadside-cab-view/0212,green-roadside-cab-view,train,0,12,0,2053749,0,12,0.0,0.0,,0.7618114772989169,0.2772747849705749,0.8857135400354943,0.06870451237263464,0.6918699971067606,,0.8428086070215176,0.8630851310153205,0.7737583023518109,0.8120359577831356,0.8458200382897256,0.6255147865317356,0.745413870246085,0.0,0.8481003516279154,0.8149795379500148,0.9837337616312757,0.7637110413143271,0.8089709051724138,0.8740274237350261,,19490f9f31865422ef3257bbecd836b58a75e1200af558b47627240cfc9e49e9,586eda51ce95b9ec0c0e71fcb2377dc00b0f62e5a969c354b927925e1f153106,c88dfd564028c781b0a5ed6fbc35c1fe44e7aa1178b0e9efc6bfe69638691a3a
green-water-cab-view/0263,green-water-cab-view,train,0,8664,0,2064936,0,8664,0.0,0.0,,,,0.8012335736313815,0.5567538707955152,,,0.3052959501557632,0.9060283881683184,,0.8693602949560987,,0.5620116650159569,,0.0,0.2682926829268293,0.9679404373982918,0.9967490131724841,,0.8439827717253611,0.8171012166196192,0.7950193356008014,d38268ad352c084c45d9c129d86eed80ec34068717620fc1685f07a6cefd1468,82d378a75617dcc00963a8461696510c838eaa15eae06a60adbfb38dac5fc22e,33d44f175ccdbdf4fc4c20c3b57ecf8f890a50ff6d7f91067ca9cda9827a079f
green-water-cab-view/0264,green-water-cab-view,train,0,0,0,2073600,0,0,,,,,,0.9107060194422718,,,,,,,0.3943898345720451,,0.9483737771365977,,,0.363850478650661,0.9619165264686226,0.9790322237130747,,0.5733865259635802,0.9287713984120428,0.733408212480592,7ac26e3576a11b28c401290cbed89e663ce03d2ae23dcbd062e1ece5d3ba81a1,02043cebe3ca604a9e183ed93d8ba19b67cc40728745e1bc464f5679decd5bfa,978d265a858d77a534ab26fde3bf2a49a9dd79d64be5100b672ddcd41b56dff8
green-water-cab-view/0266,green-water-cab-view,train,0,0,0,2073600,0,0,,,,,,0.966817528127908,0.656853123977756,,,,,,,,,,,,0.9866990871039214,0.9350843410613879,,0.8853849085365854,0.8401119934587892,0.7603062775047856,1b57cba93cf3601d156721ce3f759bba69f41268fe5b975191c86fbff322be98,705e31e2edbf1c6b10421dbad0215010633600952f721fe64f10d5852d401b2f,1c279d844836faad60736abfc027bf0294b175755aa7a3ee28652f8645db443d
miscellaneous-flood-stills/0275,miscellaneous-flood-stills,train,0,0,0,249696,0,0,,,,,,0.7252813504823151,0.0007002801120448179,0.3857758620689655,0.9079800771735859,,,0.0,0.7901045951345634,0.0,0.0,,,,0.7996755879967559,0.9784769404364632,,0.5393163198041246,0.6444059240336952,0.48087387964148526,61c2965c3c11954382ff9e9e06c34ffa4996a9a48b46aa7f5490049b85765bca,03276c63c9cd09da59f8409c41b9a381d944818e83aef5664981f7567f9a3c45,523a011e9006ce250ea8d98f382bec88e115af5a80a1058f761f92b8739dcf8f
miscellaneous-flood-stills/0276,miscellaneous-flood-stills,train,0,0,0,920880,0,0,,,,0.5595650367086854,,,,,,,,,,,,,,,0.9496015980680453,0.9830820491013516,,0.8905278517954575,,0.9499996246593784,85d7d06fc795f58f6e51ed5e91c5d5d8ab1f41194ab44f3471da41bdadf45973,3a0cbbff7cd33ff9ac48f3908c9fd4d2bc5716978ff64051e9719dd6e833b22b,1701b700c846d7d48335ec48477c7afe91ced9868a81c0e8749cbe3be5916d15
miscellaneous-flood-stills/0313,miscellaneous-flood-stills,train,0,4521,0,2069079,0,4521,0.0,0.0,,,,0.7211028743452471,0.38186376421670537,,0.961596504321335,,,,,,,,0.0,,0.6403270626336939,,,0.9181177651432609,0.8507571893169485,0.9108134367769475,74272d0a74c881e4e18e9bf6000c065a51519bf7c05acb3c8e912f075c3b5ddf,f1ae22903da80e5f5b78fafd97ac79433e9f7660531a8540fb329a6830166ff3,60a75c0f19f15b2f2be05e3fd38e1e15fdc179c9e7ad32db48cec42eb6fa08dd
miscellaneous-mud-cab-view/0173,miscellaneous-mud-cab-view,train,37261,12947,8823,2014569,46084,50208,0.6312107197912961,0.7421327278521351,0.8085452651679542,0.0,,0.852210268699332,0.7854307039633386,,,0.6110494406967808,,0.9040069889341875,0.0,,0.7894596397598399,,0.6312107197912961,,0.9660701441393411,0.9954840865811057,,0.6273503954633637,0.8337522946929429,,f0ca7b2f878f2a5e167e558097ca517d126cb474aa25f5b0ec0fc4d6b1e57432,32a73b79a5806d70cd7a9d80baf0d39b1f4393bcf4a3701fe9f1134962c8bece,4819b55e2dec55aa2a65ed344dde93128294f7cf71fbd0e7da0ee5009245ea81
miscellaneous-numbered-cab-views/0013,miscellaneous-numbered-cab-views,train,0,0,0,2088960,0,0,,,,,,0.9798430189754672,,,,,,,0.6106910039113429,,,,,,0.9544456028999605,0.8028544688816097,,0.8558839728290802,0.8601723891757032,,cdc7c624979074f91663aae6c612b6f6c370af9ca88a91ba076c2bad37e6c319,0eaafc1f7d1f70cd68db2eb5151301233ef3f3cd718d66571eee6a4299eedf30,86f07910f7c33d5974b8ef68e2bf175adc97f73ba717f0c315f31e43fec2d9b3
miscellaneous-numbered-cab-views/0014,miscellaneous-numbered-cab-views,train,0,0,0,2088960,0,0,,,,0.0,,0.9594240508978277,0.6845995142461675,,,,,0.0,0.9252662493925777,,0.5479768786127167,,,,0.9479921880751898,0.9557470320009859,,0.8499379652605459,0.8565984848484849,,00a59e617c6d81492253ece8ef06493164bef224314ee99156bc01663f8ccd38,f8150f0c2a2628f28b20b603a30b8b3829dc4ddd821458cd917236a0fc08b586,2a7169ea4524795d78dfaafe553bc1cb903df97ff021ffbe7b7e49a47a4f6900
miscellaneous-numbered-cab-views/0022,miscellaneous-numbered-cab-views,train,0,0,0,1932681,0,0,,,,0.0,,0.945297359496124,,,,,,,,,0.0,,,,0.9797672250437188,0.9751099403628345,,0.6379918206176843,0.9256373167897126,,34431340589d77bf879a5d44b35f1ba4ee67944d06302e41751f49b52c7cd6bd,6f977a50f3c53a6cac0d8cbaf6af2c29627331c93869e55273dc1bb80023aff6,45ba69f28f7e89d6323f402324d80e6211c642ccb6b44c0fcad39ddd93eac66d
miscellaneous-numbered-cab-views/0023,miscellaneous-numbered-cab-views,train,0,148,0,2088812,0,148,0.0,0.0,,0.0,,0.94217263253285,0.7646424117901701,,,,,,0.9400885344605318,,0.0,,0.0,,0.9590328266235334,0.9345324126117446,,0.8159025366370432,0.8249930799212981,,4dbdaa16ac641963e653bf5fa8dce1b9b05b89b3a3d10f8da2e3c9c38deeee7e,d15d0fb83fc7bb953dbf81e78bb9d83c848fc8a15e918257ce7bdc09120426ae,36cbbea375a6769425ac62ddfb7615cc6415c79e2a70151dc7e170b24650544c
miscellaneous-numbered-cab-views/0024,miscellaneous-numbered-cab-views,train,0,0,0,2088960,0,0,,,,0.0,,0.0,0.4364382151219755,,,,,0.8590187696540881,0.22015625,,0.0,,,0.41055494178635166,0.9911025959534286,0.9961973209616648,,0.6854200154789546,0.6807559822848838,,35db7be7064f509351e3627b33430eabc718080e493e83ad1551491d62e1f113,d8556356afb32734b38fc45466c904ce057dc08037ba8cc650edaf124dd1d86d,6c365206ba1df2fabe100e47523b324daf85e05e3dae3fb22b7e723bc92dc278
miscellaneous-numbered-cab-views/0031,miscellaneous-numbered-cab-views,train,0,0,0,2088960,0,0,,,,0.0,,0.7232239519169746,0.7434489473298506,,,,,,,,0.5904537418974661,,,,0.9874721867235798,0.9834963665297856,,0.807602228130143,0.8230604568398242,,582a1052402234b092c9e8f0eb985ba78c3b1068c2ae8c12c805aadd11584b0a,7f02b5df890d74feb99bae4ac2f419b3e48fed2208d8047fd2d8b9a7d2f2cd7b,4b4036964b6ea36b4b0f2871f73a393bdaa5217df0cd70111784275c9a3112a2
miscellaneous-numbered-cab-views/0044,miscellaneous-numbered-cab-views,train,0,0,0,2073600,0,0,,,,0.0,,0.9393130687731845,0.9127197152979221,,,,,0.0,0.9193402603422303,,0.497809234917425,0.7093142272262026,,,0.9586847843208781,0.9953080078950849,,0.882502043185237,0.8581223602140523,,bb02fd705ac7b08fb3ae7c618b46f5a9da4ef32b590259233156f5fee831aacb,88341a86688a995a11401395977a1f70d09fcb7f5e90b34db64d6900ee238b02,95e9c15359f17be5bedcd29d3c0ecad873dc314e0e1107dd05647aef3d9c6c5b
miscellaneous-numbered-cab-views/0046,miscellaneous-numbered-cab-views,train,37793,8881,638,2026288,38431,46674,0.7988036861684139,0.8097227578523375,0.9833988186620176,,,0.9573072571223564,0.09969467675560865,,,,,,0.0,,0.5981005049290695,,0.7988036861684139,,0.985779656916592,0.9855443278039325,,0.9005320974939924,0.9307296661145498,,a1bc04fa20bd623f99bbac759e22dbd90554263ca7b217cee49ddc9fedd59da2,3d2b997eec63c459421626f6856cc0913505f918106b37c1868681f35c7e3799,ae4c4e06b1e3408286deb98e6ae83333ba83c1ccf1483fa0cc3365d718f3639b
miscellaneous-numbered-cab-views/0047,miscellaneous-numbered-cab-views,train,0,0,0,2073600,0,0,,,,,,0.9094757060539234,0.9279554829169585,,,0.2278403898872982,,0.9618645252568182,0.44069714803078314,,0.6216220755445827,,,0.8631246321930252,0.0,0.989809055141795,,0.7387432376196421,0.8865478414909365,,b74e6210f53416c45a93c3fb1a022de2cc33ed02723512634c739624b649276d,e7ddacfbff98ee0b1860229ca3eddde6d4869988720c162c8ddf46c159778cb8,044dff2bbb433f0769636c5938612f0eb44ac7bfbc9a5c1f4aa13b5433c48118
miscellaneous-numbered-cab-views/0050,miscellaneous-numbered-cab-views,train,0,25,0,8211749,0,25,0.0,0.0,,0.5688967656180771,0.0,0.9626276331440585,0.4388649805537017,0.8564209107754506,0.9460986560643396,0.7546873720695396,0.5603696098562628,0.9506907819183282,0.766848357314507,,0.5972806469997557,0.3859519408502773,0.0,0.42062531323489727,0.8821554664964992,0.9667418134830779,,0.8494457001399204,0.7626698646776366,,33fc6fbed915cff715396fc229a8e0da423ed1d84e76cec2dcc2a28d124be983,d7ea88db43428e6a079bd74c9f89f6882e170699de87112e056241c2de64cecf,28009093dc4d7966f1a7f92c6aa4ca6deee478b94ac946990130fdc1f5499a1a
miscellaneous-numbered-cab-views/0054,miscellaneous-numbered-cab-views,train,0,4489,0,8171458,0,4489,0.0,0.0,,0.0,,0.9146816778274175,0.5083619881212879,,,,,0.4462696783025325,0.7731533337263455,,0.8155567198629264,0.46284224250325945,0.0,0.0,0.9831321881985677,0.9831387877235911,,0.7807506362013489,0.9430958208014443,,ac828e814ea477c826e95def13cde08680d0a05dbe64cde8303472779d31fce8,f84064519f157a788221b468dae3b21eede54efb2623226da7f5f33407490909,03ec016af06be4585cc9adc04e795e12ad38550e91b718ace9abb5603b37c48f
new-unmatched-2026/0176,new-unmatched-2026,train,0,0,0,2073600,0,0,,,,0.1863949655379083,,0.9424112841460301,,,0.9199607509780725,0.0,,0.0,0.5758957654723127,,0.5538461538461539,0.0,,,0.9415577240132543,0.9858415425932635,,0.8403171616718184,0.7919270954620962,,fdfba692303712b2119a1d725763d74b54fa20defdb3415916105955f503bd9b,a4a945408fb28a872aeb1b860b8b94abdd259836428f6aee085d01ae61280ccc,a8550286d4171a142551578dff353fc6a660541af4588845b3b62407120cd7a0
new-unmatched-2026/0177,new-unmatched-2026,train,0,0,0,2073600,0,0,,,,0.7782753030186057,,0.9561447390361848,,,,0.0,0.75831279101616,0.0,0.0,,0.286106346483705,0.0,,,0.9873187987532365,0.9934342145281758,,0.7236989367655288,0.947148157735784,,92fdd6e752f0a8493a8a0114320f0d3adb209985cc28a17efef842ce5c887b26,d635d6076eddbb99e91c6f5abab40f42ee0cb1e7f16f8b435011ab79c2c306e8,4128b5c88f9b949bd6bd3802961fcc35e1db680eee3e5b9d60f15ff506bb17de
overcast-mountain-stations/0214,overcast-mountain-stations,train,0,0,0,2063146,0,0,,,,,,0.8616585815824802,0.6447714135575408,,0.7946417548047244,0.555878084179971,0.8329162499604035,0.0,0.6791304106085457,0.8532056607348462,0.77302092524896,0.9255499153976311,,0.17480719794344474,0.7899024557384826,0.9592126589721747,0.6516832068495816,0.5843561154140778,0.7712672504667875,,fcf5289b197c7f0a48d5f375c13e6c090599b238c68ce299010e0babb86cb7e7,74c09644d3b234cb7e5ae04360d0c4dae6b6442f72a289f3d7e00b434c6a276e,84d79f74c420b7e722390cca7a0ebd3839ddc791a7d0b3922cf134dc412f7488
overcast-mountain-stations/0215,overcast-mountain-stations,train,0,0,0,2072972,0,0,,,,,0.7350974329474366,0.9391438254661667,,0.45885634588563456,0.9380255419004497,,0.0,0.35295572594607966,0.8238320720878352,,0.6733065918207334,,,0.8471941327613879,0.8633461828713619,0.9811728461805896,,0.7670208997520368,0.8896905577229955,,a4ea3527469f92f7e01c82dbad4e004af29e5a534ebe1ed94e96185736126eff,173b1546ec227c4a29c4d3625922c07d126a8b47dc212fca972e07638a79ab0b,f8ee35fda743b0a60fe41a78e3cb761e224cc276adb04d680ec768145efa7e63
overcast-mountain-stations/0216,overcast-mountain-stations,train,0,0,0,2068246,0,0,,,,,0.6543395771848461,0.9501579405376145,0.5780553077609277,,0.8593266976933791,0.7908892417626042,0.8220431912274813,0.7323761665470209,0.811366568024888,,0.7283663402782891,,,,0.9814912738030813,0.9784331338761365,,0.8360994771207825,0.9513424986755908,,39f23d5418cbc5c465dddc13feda5ebb78e7eb06be8eacb3a5acb0256a95f409,582cea7ba18778754c9af1fb978db6ca3615699fa9add68d1b3f193026791d18,99fb007b61aa6a0be37e89a2d2c70dbb143c56887ed4d3370de2c4788271eab6
overcast-mountain-stations/0217,overcast-mountain-stations,train,0,0,0,2073600,0,0,,,,0.2621772690976843,0.5391780821917809,0.9628612050415002,,0.7122484860324282,,0.20865384615384616,,0.9415964289675058,0.6603622497616778,,0.7680401723357794,0.7179962894248608,,0.818851806875759,0.8791721802987494,0.8710588305602175,,0.7832909878941863,0.9132397699470708,,014ccb7933ce4cc405469bff1fb36825df54553c505c185a5c2b9ca46750aa01,ca4552b9772cd24b48a8ad4113a2d2044d6cd2c90ed3fa87f128fad6f25b5fcf,8ececf9ed81cfa638b5918269c0ed5846d15aa4b19de1ceeacce70ff305264e5
overcast-mountain-stations/0218,overcast-mountain-stations,train,0,0,0,2072180,0,0,,,,,0.9319855089400491,0.9824218481148568,,0.0,,,0.8721231199720182,0.8229617153002231,0.8853941168980007,,0.8981088472503672,,,0.7582218141637798,0.9407820525806988,0.9719199452096492,,0.8586213157416934,0.9450872178969153,,7d192a396ef667bb5f346b4419b19250547fc8d398f9ad1541087e3b71df732f,90e80f52de853dc11f80453389a3ecb34f1f22cb5b5d50d82f0e9a9b69360854,ec96ea24d609eaacbc2ccc32b0e8e9cfbf8df84ebbaa06717b3b8bb4ffcd385d
overcast-mountain-stations/0219,overcast-mountain-stations,train,0,0,0,2067917,0,0,,,,,,0.9496134992458521,0.0,,,0.6516875790292773,0.9504707979651092,0.7718812703245002,0.9516270471405209,0.9559947620062734,0.6683180414546909,0.9252455188517272,,0.7414585208520852,0.9570988581538977,0.9967832776226018,0.8135285575992256,0.7322013341419041,0.8921980284219213,,217eb3ce4240bbab2cd912c73d871881db741d3f99a15000d1343139afbeb72c,d217dddc00d910958978c3b8564634dc39934156e8f5a5909546434d3ef106a2,082b8f62cb64684f23b4b9a7c37f339e93c6fcfcc86d2f04d9077402379f02cd
overcast-mountain-stations/0220,overcast-mountain-stations,train,0,0,0,1926737,0,0,,,,,,0.964318809916271,,0.8080204778156996,0.9581840734309105,0.3218475073313783,0.7823270163067431,0.7359516616314199,0.7674367557482302,0.0,0.6791518991873411,0.7942991807877904,,0.0681421083284799,0.9432839061823031,0.9904147767931604,0.556836902800659,0.8318925786602227,0.8935190904307643,,b998518e2d97c634c8c2c846bf7f07e5ad02688387f15d657cc9646d080b722f,5fd56feefb695330a155944520011a8468c6cfecbb0f8823735f7759291e46a5,b95972a36b751d9bff627a5aef5b8162e3038f2e4860124bd9c7ebb666ac095b
overcast-mountain-stations/0232,overcast-mountain-stations,train,0,0,0,2051970,0,0,,,,0.0,,0.9752312906476138,,,,0.7446297989031079,0.7413813027233157,0.0,0.6594779657049219,0.8423318979794634,0.6366418712122748,0.9299917999179992,,0.7606162843004948,0.9445574144141352,0.9775456818433641,0.6947133283693224,0.8924655936552368,0.8982806809519777,,77b17d1922889f7c1d3d5c9eb9eb7abb5f53399f38433a493e4e0d9f6d369bd5,9163d80ccf7bc87211d84eefed8081de6f20c1a73578962ba1efeb4df4582c35,624599da092827ece1542504e5fa598617d8301fa6eea1f17c3f25298a965187
overcast-mountain-stations/0234,overcast-mountain-stations,train,0,0,0,2073600,0,0,,,,,,0.984163578002802,,,,0.6101321585903083,0.6426106144619215,0.0,0.44863195057369815,,0.8014307194605185,0.3739177489177489,,0.5464976096445645,0.9797149863501089,0.995261616957162,,0.8892877822814128,0.9400258052624303,,709cbea54e2cf9800bbf3d0c032a4ecbdd34ac081630e119aea5e897a39808a8,5e14ed6bb456482f44ea9456ba84efbc491c809bf6bf91f148be3dc8bbc3f496,d8a9e54467326887c7df9a6c10b3229fac3f83896e0861ee8be27f019f26c459
overcast-mountain-stations/0235,overcast-mountain-stations,train,0,0,0,2071433,0,0,,,,,,0.6595247005988024,,0.3500496524329692,0.0,0.7217391304347827,0.8941317725634111,0.0,0.8917176392792197,0.8213798966359454,0.7585588505374602,,,0.6108523147107013,0.9385227584214059,0.980960146454381,0.6550119196276535,0.6225419201184385,0.89483050379826,,468c69f20ee4665d35f34a795d6f47eaaff96dedee7864164a769f063403427d,a6f6323515aac89998837b46a7e676cd3a75633f3314472a74cd0ad6d91d0636,e59f705079ac3efff346e74eed24aefb25ecf9e89cb56196e72885c8a9327c74
overcast-mountain-stations/0236,overcast-mountain-stations,train,0,0,0,2064486,0,0,,,,0.8069164265129684,,0.9339687993571448,,,,0.0,0.9087444271480722,0.8557829291390456,0.9476779957177663,0.8987972185679384,0.7496336664636054,,,0.7308305407760594,0.9103202380537915,0.988279736743539,0.7848101265822784,0.7674980581686373,0.9275865506013689,,7d0f48496493980d7a6b226310064c37f280f0d3d8723af88c69108db233c6e9,d086edbab9f13659cd6f7730e857ea9050a4c2dfdbcbf346fa89dbbbaa3fa819,1ac440ba6c621bb0049aaa1e9a7f9726c7756a396e6feebbee93dd1b658c5c45
overcast-mountain-stations/0238,overcast-mountain-stations,train,0,0,0,2073600,0,0,,,,,,0.8170280604301852,,,0.9325390726441143,,0.738822652757079,0.7398100172711571,0.841245821664107,,0.6984515389026955,0.7071038251366121,,0.9480521722120259,0.9595393254787404,0.9762816256763056,,0.662607931337573,0.8767203287270271,,38d3daf79fb1b3f1c4c8c5bf74635d5954f16b3c5be5297e9e5ac9b077259d42,994f9713200099d24deb58946cee11612e19cad501de11ba1cedfdea65a792f0,e1bc845b32e7b5436b67d21dd371442c1cb753d34daeba76180ddf281909172c
overcast-mountain-stations/0239,overcast-mountain-stations,train,0,0,0,2037585,0,0,,,,0.7666227161423997,,0.9626424690364245,,,0.9227631760622503,0.6363319386331938,0.0,0.9522218918871653,0.8068554350386328,,0.7787701634729891,,,0.6835001743114697,0.7585434998711388,0.9760796643252025,0.0,0.7220657683809194,0.8423450913381342,,a48c958611d90e4471af958912e453f589b8b5533315c5d59ce81b77a46a7bfc,0821e76096f2d948662c34edd7251a3a702f4f86b5f0639ad4ebfa76dde65c39,a49c1a8cfc800a1f765f9af83c4b65be4c14271c0c6ef58d3306114c154f06d7
overcast-mountain-stations/0240,overcast-mountain-stations,train,0,0,0,2073600,0,0,,,,,,0.9645552972557446,,,0.9235335361192677,0.6245522631064799,,0.0,0.8719885866217049,,0.7575946086054951,0.0,,0.0,0.9456690419129105,0.8863186437019624,,0.7901651151004294,0.923884315670698,,8b51f499144ba83986ae26ea615d1f3e8da062613143bac5e635ab5684f8c914,ec5ef1101a8496a4fe3e89c27333150b42b83b04442fe8619c079705af93439d,6ea8e7709ebb18c677435b3290be255bb43c808642ab2689d7735a8c9428d315
overcast-mountain-stations/0241,overcast-mountain-stations,train,0,0,0,2054723,0,0,,,,,,0.9596182967574454,,0.0,,0.7487652288442542,,0.0,,,0.7093802673356592,0.9137991779213154,,0.844144623571764,0.9121233669402411,0.9670134440811831,,0.8951814346866223,0.9612783945181881,,3625a2c4d4e9f8f3e0165e6dd90494d2791acd79e6142389e4a17e9e72601af3,7c47a95e5eb2184cb565bf52f191447540f2a51c89392876cc5789825633a0c4,2387cbe76697a7ec503957a43c3a00def09991f324690d0ecf98192eff9a75b6
overcast-mountain-stations/0242,overcast-mountain-stations,train,0,0,0,2064725,0,0,,,,,,0.9621091236081847,,,0.9160661159176872,,,,0.2028301886792453,,0.6003642817111899,,,,0.9502818564424599,0.9705996207277268,,0.8602761568733885,0.9289122425560186,,ded050ca71f820d730759226ffc1d2274e07ef4601f63b34c13120c7ef05161e,e5621dbb9f82929eaa32be89ffc6c20a8853dacd37119cbd4d35a1dfa0d0688f,c5aa660278725bf4cd14dc535022e4a199ec70c544681033be0d731a72554fba
overcast-mountain-stations/0312,overcast-mountain-stations,train,0,43,0,2073557,0,43,0.0,0.0,,,,0.9282816449173962,,,0.741185296324081,,0.0,0.610689385547664,0.6695460077252765,,0.8023892387634859,,0.0,0.0,0.6232028915628728,0.8040041135155241,,0.8420688005674274,0.895906490508953,,5443a27572d1805ca781a25437ef08d1d27ac70239d96cb52f50717ff14822c3,cd7524fe86855d1bbc00c5f9437a737976a1453fe208f62409b95b11be6f50d7,a89063112fc3693f540501792d15bd42ec86815063329e5bfcd3f66a7465417c
rain-water-cab-view-with-overlay/0268,rain-water-cab-view-with-overlay,train,0,20,0,2030097,0,20,0.0,0.0,,0.0,0.7973173734029458,0.7386731567396075,0.49855956261171275,0.336322869955157,0.0,0.0,0.6484778683932018,0.0,0.9774969434597729,,0.0,,0.0,0.0,0.9330109027882285,0.825565988824241,,0.5953132397033296,0.6919429241174636,0.0,7a53e1b4c0a64e0b30e58ab9db89fcf98ce95254700008d25f5394d06f97a292,8345e900712013c77bfef80c596bd05cc01ed30bfed35402897f0715e4d1e924,d3f1341764bced921be18444a04cd9eac81c2cd17e3e10c994b27683e1474fda
rain-water-cab-view-with-overlay/0278,rain-water-cab-view-with-overlay,train,0,0,0,2039943,0,0,,,,,,0.7388458272849279,0.7424351983394442,,,,,,0.0,,0.0,0.6257668711656442,,,0.9809258281306011,0.9432388416292585,,0.8240372670807453,0.0,0.6420785040286096,ae02105bf482e4b7269f687a6bf9420a5d1fcf5bf84ca910a716df519b4a66f1,4c17fa98de07fb697cc8d6a82fe1574df38c19697060477017734daad0d5a10a,6d30a5a116059d5ebe04d5ff22345f64b893515a17841a8c1d16aaec6260b7c4
rain-water-cab-view-with-overlay/0280,rain-water-cab-view-with-overlay,train,0,0,0,2054610,0,0,,,,,,0.6025700442384664,0.6268022939051995,,,,,,,,,,,,0.9657854998901328,0.9399953779856174,,0.7681898173432854,0.8106268922034275,0.0,70a05bd99cfd467ea3e055a00e478d6e1b45acfa4adb761b94f8e266417d1ae9,4098d2b5e733662dc773d0653b36d9e745e3c5c162f30a4ce5212b86cdacf470,5db03c2ee419b7301ad583bf93846209b3569167b577f347a2156dcc560b9a3b
rain-water-cab-view-with-overlay/0281,rain-water-cab-view-with-overlay,train,0,0,0,2053892,0,0,,,,,,0.8091890087885193,0.6395179105293148,,,,,,,,,,,,0.978817280159356,0.9533549801387813,,0.7961110486680903,0.7511520737327189,0.46116090482287664,a7da1f692dfad6e78cfde641dada58c6873c4539cb40843c04d9e3238e0235ac,180a4cd9f231f57b5bfe3c1b915a80b182b3c9c945ffae2b6a73052ffa34542e,889f8ec264034a8092eb6f4448c61dce287f6189744e052c28875529aa68ddc7
rain-water-cab-view-with-overlay/0282,rain-water-cab-view-with-overlay,train,0,0,0,2054107,0,0,,,,,,0.763637627110792,0.5977685771142401,,,,,,,,,,,,0.9782589862459784,0.9277476760948452,,0.7109833659491194,0.9118022688002404,0.5775817031404191,f9741378f2d70f2bd7e5236fc50ad4936840f4c1561be37a810e2aba8983efab,4f089a368ddf3f66fa942730ecda1b8c4dba2186bdbe0e20b7f5508c59e7cbdb,0138e8a8f3634603ba0d6f5b6954033d119503715b132f887a9df72b90a235ef
rain-water-cab-view-with-overlay/0283,rain-water-cab-view-with-overlay,train,0,0,0,2054399,0,0,,,,,,0.6216269119991051,0.6962287746991634,,,,,,,,,,,,0.9725098171030397,0.9792777049657784,,0.6448245868367642,0.0703141252340337,0.8003037205770691,50f5c438789710cc8a44142a41fc391480200cadb38493f126501909f2df6f3a,46f13aaf0c4a668162a6794df5bc56c3db17562a9dbd2555adb903b8c26c5065,c5b708526a53970926c5362178c77dbc29185f7d785a5a6f87347014164e4b58
rain-water-cab-view-with-overlay/0284,rain-water-cab-view-with-overlay,train,0,0,0,2053828,0,0,,,,,,0.7715310505901489,0.6506745919426361,,,,,,,,,,,,0.9875298811669757,0.8308936970837253,,0.8037617220801364,0.8216492625686296,0.4300081714752656,43ee426aa0b2c2ce8f85dc51fb77e1d7b14c6221bf250479b4fc3db9938e1d2f,33d82d0f364c85c4bfc46dee81a2c7dead7e1ff0c83843a6bd25d7e2d5f04119,8c429a206be3e0b03393d363cdef90465bcd5095b2ee7dd9f08169b684c23095
rain-water-cab-view-with-overlay/0286,rain-water-cab-view-with-overlay,train,0,0,0,2054346,0,0,,,,,,0.0,0.777180700637857,,,0.0,,,,,0.0,,,,0.9769643281555282,0.9042991130161694,,0.6448505803902198,0.40392256319215486,0.0,65bb9a26ed2495d66bcecef26da2702eed5d5ef32bc6393785623c77524cec64,8f671867da6e3324a8cb66c2b815994ae10ae1ec68ba48184a1306a31e8f4a2a,54661b46253ffbfbf25b94484d113421e32baa995896916614e5060b834e7684
rural-non-electrified-cab-view/0221,rural-non-electrified-cab-view,train,0,0,0,2073600,0,0,,,,,,0.8677648651698071,,,,,0.0,0.942016668815717,,0.963992962533488,0.8595668368050766,,,0.9307274499089712,0.9570491717218046,0.9863708664449059,0.8291256729162799,0.44510807736063707,0.8673203075403824,,6411626e4dd88d0c532aa68480772b47bb488e0f02a7b85b9bc3a6689ed129d5,482fa66ea2bbaad879b3d94ac49dffca79303aa8f44871ff99fa139091168bce,6c4ce952d4cfc0d8c352323e9082adcbf994301bf2bf84097b0761f3e689de7b
rural-non-electrified-cab-view/0224,rural-non-electrified-cab-view,train,0,0,0,2073600,0,0,,,,,,0.9134443783462225,0.5788900979325353,0.8309593975114604,,0.06432748538011696,0.9747672418121708,0.0,0.9230266338251882,0.9714157998381114,0.4682029296177206,,,,0.9125420893422775,0.9917306938666915,0.8671551544395795,0.7110117384013416,0.7524561120953455,,1e41ae632ab7d25f8465de2e6f35040f43e06005f63f671f9bc38bc730cc1d23,14e013ec98edb93ad9f889dde346effd08deb25dea5bb168510dc27a5de98ed7,0e8baac3975e1ea55275ad4043dab11c68a06bdfc58873a976d202e917a7ca6b
rural-non-electrified-cab-view/0225,rural-non-electrified-cab-view,train,0,0,0,2073600,0,0,,,,0.0,0.9255230757610091,0.9821103792681799,0.447501472609464,0.915402162054944,,0.5638031693077564,0.9314081145584725,,0.6152720500199548,0.9162821357943309,0.45756000989853995,,,0.7780286232614392,0.9722520265261635,0.9898358838375122,0.7193370165745856,0.8914694389146944,0.83195941168701,,f4f88535c53b204aba9d05b638314389fa878abcf8e01baf8f954e3c487ce4fb,88dd45e7d6a1c0924c267cb9957065f544898c86db893c70cf08ed5910b47846,a35bebba30ce760c03fc4616f09a1b0eca84a6f562ebb33353f70b4fd2048b28
rural-non-electrified-cab-view/0226,rural-non-electrified-cab-view,train,0,0,0,2073600,0,0,,,,,,0.9593091414705962,0.6238750546089996,,,,0.894290255211275,,,0.9523824219232193,0.7679971988795519,,,,0.9588896315720317,0.997280874786092,0.7852609765574408,0.8234240340854072,0.8506319028285174,,31c04d2163a83cb2cbb97f6a65f78f6292915635dca2124764515620555e02a5,cc1a98dc433a2dffaf5c9e54f23cdc16e1248d56ecada8e23234d607d65dce93,6d2730dcba4442be3694e0888d9fd0d8f98905bfa78e267f532c0b527d33a1a2
rural-overcast-cab-view/0002,rural-overcast-cab-view,train,39552,11110,18144,2004794,57696,50662,0.5748335900938871,0.7807034858473807,0.6855241264559068,0.0,,0.8103905816506236,,,,,0.9471469065812177,,0.0,,0.7715986567619822,,0.5748335900938871,0.4697986577181208,0.9537783622594668,0.9907132958810436,,0.8555703699110105,0.9059429238599045,,d6a1cdca475235fda34249ac027cadb8cfd26f48e206fe60727e06408ea9daf2,7541295884a711e816c38d561a56f88d172ad4121d1e9622385b9599b6144caf,462ccd2ff231dd15871ad35b8bfcc1585e8286decf2177b6ff52cb4dd66c8994
rural-overcast-cab-view/0003,rural-overcast-cab-view,train,19068,25607,7129,2021796,26197,44675,0.36807968496641186,0.4268158925573587,0.7278696033897011,,,0.8506886273144623,,,,,0.8670925758799221,,,,0.7825903944100686,,0.36807968496641186,,0.9788150054171181,0.9940481362412026,,0.872237588355265,0.8471223163285405,,04a002e5659f3d51126f61bc75400b6cef6d9688c3f19cc5a7f5110b8233bf8c,368630cafdffac3e53130c396eed24240568b6159ac269b13bcbb6d1bb7613f5,e545a024ddfce428f26528b1290065f85f0ecc909c014d86d6f07a0278e6e610
rural-overcast-cab-view/0005,rural-overcast-cab-view,train,110180,11495,13250,1938675,123430,121675,0.8166018158236057,0.9055270186973495,0.8926517054200761,,,0.8288151081328053,,,,,,,,,0.8126961981164981,,0.8166018158236057,,0.984379794077852,0.9852585281403287,,0.8558627909841113,0.9003136098900743,,aedc6dab3debab63ed2639dc17103ad650d4dd41a6f7227f09b5480b90de2c40,c6a48a56696dd98f5974f241bea8c622141074f956d3aea9336d15b028b45f33,e93ff483d27de43783d483932b52879d4d102f232067b3436005bbd97b9daceb
rural-overcast-cab-view/0006,rural-overcast-cab-view,train,36947,1980,6972,2027701,43919,38927,0.8049630710908734,0.9491355614355075,0.8412532161479086,0.0,,0.9771908059899777,,,,,,,,,0.6615304256986159,,0.8049630710908734,,0.9762384366356897,0.9915506213535863,,0.8805231294109777,0.8934168799206573,,3db1516a2e0c1874fb0dbb51d803925befe045e5d166f68c67d2511cf052796a,940de9fc67ad22a2d27c9fd4769b827173ef23421ff12605affab481c6876f00,fe1ab089ec6b33ad85f3dc7e0a5ad8c73b18dfe52e361a061971b9d840d00759
rural-overcast-cab-view/0007,rural-overcast-cab-view,train,70268,22426,4871,1976035,75139,92694,0.7202172910367447,0.7580641681230716,0.9351734784865383,,,0.8256897930620813,,,,0.0,,,0.6163723916532905,,0.808591927204853,,0.7202172910367447,,0.9484502236511526,0.9895912681082143,,0.8751319241323161,0.8809719024944026,,9ae138fc89678cfcd1474b9bf8cc396de8f0e6e2a43775c082e7fd324b1e9972,891237312b4d761a97244527dcaa04a9f26810693ba55afef12aee4046a931f6,999fc8de6f0727d2aa2087035dfec2dcb34d2eb6d7a1e30c62e25a883ac81647
rural-overcast-cab-view/0008,rural-overcast-cab-view,train,71458,12658,9807,1979677,81265,84116,0.7608147099219573,0.8495173332065243,0.8793207407863164,,,0.8888289811144789,,,,,,,,,0.6620519159456119,,0.7608147099219573,,0.9815511088452715,0.990120540260781,,0.8060589250493096,0.8892034567475796,,7bbb672efc6998e2fe07036354809c380b8c0b38f55bd9aae1815308defc4ec2,572a4409042ef311e85d6fd1234cae3c76099913c9079cb702d3f5aabee1808e,dd6937f38bb3592ee73b077627a415d84042ae908218278fda3ea2a7eedc9bd6
rural-overcast-cab-view/0040,rural-overcast-cab-view,train,22448,525,15634,8206962,38082,22973,0.5814489600331546,0.977147085709311,0.5894648390315634,,0.0,0.9016179760708148,0.14995470610000383,0.24881463084217656,,0.6376953125,0.4469488188976378,,0.7513804019730546,,0.6415772831545663,0.5,0.5814489600331546,,0.9787059423465797,0.9912144786982993,,0.7553606237816765,0.9508720599690786,,021941b66ec27bb2fcf79d061d8aee08b9c3f292d08a9a7405a19e299c832db3,03d7ca34d25d285c9c357971931e84b25cefeed2da79cbebf813418ebcf853ae,a81fb7cca7cc5faaf25f5a3ecb4222aa540bd548b8d35b995b8324a8c5b19baf
rural-overcast-cab-view/0041,rural-overcast-cab-view,train,0,6784,0,8237839,0,6784,0.0,0.0,,,0.0,0.9381590182323495,0.6851263526262317,0.0,,0.7233791748526522,0.0,0.0,0.8390039409021682,,0.8254200012218217,,0.0,0.0,0.985176979980178,0.9597514171101922,,0.877512990503494,0.9321022670203495,,ff35eda53bd2422223f5fcafb02cea4c44b441958325638de3a11790243b67c9,5eb16e71bb124361f4f8652f27e308c52264136dbcb5306a87c2f883c5829c14,6a42e22846a9f9bce2fc02e94fc69a0357c55aadcfd28f52b938a0e297e25962
rural-overcast-cab-view/0107,rural-overcast-cab-view,train,19762,1759,19614,2032465,39376,21521,0.4804181354078036,0.9182658798382974,0.5018793173506705,0.0,,0.8214959342778104,,,,0.0,0.8529060604613401,0.7527870680044593,0.08812729498164015,,0.506398537477148,,0.4804181354078036,,0.9848152355763043,0.9960850354918152,,0.8096856414613424,0.8839916572489135,,215b77d9cef9cc3af93c75d0f03981fcc3de1a90d89599e881fcd4a81e39bf3b,1f2e13eacc67db4ccc1b1898b2ee9de4f5fe5b3c921e281eaf6efc3968a779ed,d4c37b7ebafc01db556a172830a8350bcbb4990bab2593f93d2256f82b637ffa
rural-overcast-cab-view/0108,rural-overcast-cab-view,train,86379,22718,2071,1959787,88450,109097,0.7770131692573402,0.7917632932161288,0.9765856416054268,,,0.7944851357173632,,,,0.0,,,,,0.7653191395768266,,0.7770131692573402,,0.975293788410645,0.9932983155225502,,0.8821151600443153,0.9113296966784423,,c33b247dbf2b4f39cc6e562b021c46ced689391a1b60185e8afc0ac60fed379e,3675771437023b100d1903dd7728f510a010fd931101a1229e30d896793df2e6,7880d93f135c97b36a011ebf78361e5748c32bcd5ac920d427c98a89b6e9ffc0
rural-overcast-cab-view/0109,rural-overcast-cab-view,train,45336,1394,12981,2013889,58317,46730,0.7592570883086869,0.9701690562807618,0.777406245177221,,,0.8505481363364561,0.0,,,,,,0.658703071672355,,0.802995684183803,,0.7592570883086869,,0.9910869318193145,0.9826661572639414,,0.7667824074074074,0.9073931621532086,,f38954f1bfc9fe50b963723a16b16b8d3f9d7362875393e41e5e9796dd413c67,b5d03c87f28738bf1880863f87f22ad418d106faeabc5b621d3e22fd19e4352f,9fcbe5e6540e31bd5f930c833e747dcdb1030e31bfe1dd221b8a56cac8790552
rural-overcast-cab-view/0110,rural-overcast-cab-view,train,134448,9357,4146,1925649,138594,143805,0.9087332968347629,0.9349327213935538,0.9700852850772761,,,0.8894004394684525,0.0,,,,,,0.8268667642752562,,0.8776008219881839,,0.9087332968347629,,0.9751818749242595,0.9786244530750701,,0.664051094890511,0.6306275913854458,,fdf24fc27e07ee485b7222ccde914085e8f087aa8259cc0b90e6f71e0a387ffc,6ab6a5d80714bfdca09a693d2b6ef8354c1298f4d007435af886bdf54a27984f,1e2ffa37971971ad359d55299ea09ac76c399518ee76fb52c2e806401f3c8c4a
rural-overcast-cab-view/0112,rural-overcast-cab-view,train,87370,53565,1472,1931193,88842,140935,0.6135232116398772,0.6199311739454358,0.9834312599896445,,,0.47781988198254244,,,,,0.9169773337309872,,0.0,,0.7261854509638385,,0.6135232116398772,,0.9842441762424418,0.9845337115259305,,0.8673965936739659,0.856692180049715,,8aa93fc1231db8b4b0a120906afce6efe281b5d722780d8cc957032da6e74746,7baa1b6dd76fce960eb947f27e2990725c86a6f5f51c52791202dfad46733104,d9ea2b6495661ef9c91f2f5ab7537edb0d1c043c876604b4fc1018bcd65f39c8
rural-overcast-cab-view/0113,rural-overcast-cab-view,train,67608,44629,6854,1954509,74462,112237,0.5677003299997481,0.6023682029990111,0.90795304987779,,,0.6865017374948194,,,,,0.724414678695965,,,,0.9353756492005291,,0.5677003299997481,0.19682885983376097,0.9156412410508038,0.9952736376978801,,0.858848438510851,0.867859667561261,,ba958581ca15fdae026c4dc5918bbf409fb30ae6ee8593531607b3d3640ebc46,5619cab770a415ce98a48e4bc99f46359818dd6c29e09c86f079b60ee7199d99,8e9f5c24219f7b0192652a60c91df1aa44aa898c81d0bda989cd55bd5935476f
sunny-mainline-cab-view/0124,sunny-mainline-cab-view,train,70254,28027,8656,1966663,78910,98281,0.6569662511572234,0.7148278914540959,0.8903054112279812,0.0,,0.7982566416624346,0.39745354439091535,,,0.19696279422930904,,0.9271981409465997,0.8322975335016508,,0.7117867773445689,,0.6569662511572234,0.0,0.9204050615118353,0.9750454941055463,,0.5060209560548402,0.7749075940860215,,7401f5fc76b6fc6c255d1dd4039a55eb15e32ab20cd3552dcac7878a8a74eb88,a7a2df50102d7e802732022e8559ba0e3680e8389a3d28775fdcaa5b3fe675c0,39c5d5d17a9dd424ce3c5f6366e8d64aa66bc6ae207bba4f81ba86d34256e7af
sunny-mainline-cab-view/0126,sunny-mainline-cab-view,train,31386,4194,2119,2033534,33505,35580,0.8325419772407756,0.8821247892074199,0.9367557081032681,0.0,,0.8763788163559146,0.5347048644491444,,,,,,0.9101682231853224,,0.6800175180156866,,0.8325419772407756,0.9353577119079285,0.5809852534314647,0.9787423911308839,,0.7958838341447038,0.9117036447451331,,a1e2fc892f0b131c74ecceb67559b53b91457b9cf91503592486c858fd335277,5e9d2acebf57172d5210c5c3b720a337687a9f178fad0f7fc5002f71acbe4474,20459fc644509bf9e29f1b1b879c7b28d399c823af290ddb85ec7033d7640b0d
sunny-mainline-cab-view/0127,sunny-mainline-cab-view,train,23298,5383,1605,2043314,24903,28681,0.769266327676154,0.8123147728461351,0.9355499337429225,,,0.8240350413322092,0.27555943039814007,,0.0,,,,0.9330622069137237,,0.7658562278063782,,0.769266327676154,0.9341119840509948,0.8322386169039856,0.9759502815364358,,0.7915032930634539,0.8588096159366926,,0d4cde05aed2bd4fe2170c8e306ae84b426e1f4e3c8d7f9b0b0cb271454f8c9e,3a2f62b80bbbd8f815571d25354fdfb14621d54793dd0bfa6cc4afdc37595e4f,995de285bf733db48835e31657a5aef8da6f6f1f3e735e89e928463df4730129
sunny-mainline-cab-view/0128,sunny-mainline-cab-view,train,17966,4556,5047,2046031,23013,22522,0.6516739816460517,0.7977089068466389,0.7806891756833094,,,0.9007986473360434,0.6315314265742413,,,0.45810363836824697,0.0,0.6934230291946967,0.857813986679353,0.21183206106870228,0.6366599153010495,,0.6516739816460517,0.7151822168456071,0.9243405934883888,0.9874154639894025,0.07142857142857142,0.7773378892448867,0.8387550013957383,,24687c346d035f3bef72afba9b140f03eab022e4a90af673afe81fa9f274787b,09bf5c31ca2833eea50b69d465637fad45ede0f027180c676f50e73c26925838,f2e0a5599e035d34941db34661d64d23b0fb1f39a29ee052c83b459bae9f900b
sunny-mainline-cab-view/0129,sunny-mainline-cab-view,train,38524,14279,6568,2014229,45092,52803,0.6488689764363073,0.7295797587258299,0.8543422336556373,,,0.8706217250436661,0.6848027920087698,,0.0,0.5867861142217246,0.6799883596857115,0.7302222591845645,0.847413056340806,0.7539584193859287,0.7662676656254778,0.0,0.6488689764363073,0.574823137744486,0.9001651817588441,0.9710361962459371,0.3546313799621928,0.7674452830982066,0.789669175564502,,e52ffee04497a5939bda202788429a87b3560377d2abd91af07b4286a26b89c6,5d694e9c15aaefa0b7665df2c9da8584456f3b3dac39535757253b4487d820f4,187ec47e70fdd82ccc1938c6d8be93eef0829c15ec6d7c6b05db05b461c642cd
sunny-mainline-cab-view/0131,sunny-mainline-cab-view,train,39069,4987,4108,2025436,43177,44056,0.8111660161116186,0.8868031596150354,0.9048567524376404,0.0,,0.8974634744870523,0.30239390210012307,,,0.0,0.7669322709163346,0.5184314051995088,0.7625348754737297,0.0,0.7371740327343711,0.0,0.8111660161116186,0.815716357132314,0.7664046592078471,0.9576325333325277,0.0,0.7483861420934835,0.8789795752409092,,6ed3b7e372d8d5dc78b215af5af6f4653456cd41ece09177eab1178a747e70bc,af8d2a04956dbfdf21340cdf110d0b9d6e2829237768690ed087162d1ae36165,f53c7887a6c260b4bddf8e0092b91449f46db3119f6538b3d50a4da1ba0139f4
sunny-mainline-cab-view/0132,sunny-mainline-cab-view,train,10877,1177,2998,2058548,13875,12054,0.7226282221631677,0.9023560643769702,0.783927927927928,,,0.9319462022203715,0.0,,,0.37349397590361444,0.5332730424297234,0.0,0.8111626869002455,0.0,0.7790304625722823,0.7355912061794415,0.7226282221631677,0.8200559696261027,0.7147598472039577,0.9641832061068702,0.0,0.661222391959225,0.8373446452602644,,e153b7e6bd960d596c08d639a6b6e83a0851899aff6c01d8e6bfbba8b04f29ab,204c422aa9c44f8b7d5b2eb481af1e29fa4744c6021070e0d2662705e7e0189e,ca91071affe882d99ee81741feafdb0ec381125933d61f7730ca334e56ffc865
sunny-mainline-cab-view/0134,sunny-mainline-cab-view,train,32700,10481,3163,2020289,35863,43181,0.7055929570170896,0.7572775063106458,0.9118032512617461,,,0.8736715587044535,0.17098270771826235,0.008904479222881814,,,0.0,0.777419793982847,0.8828788224554998,,0.7204230672374716,,0.7055929570170896,0.8020637192136778,0.9420251193337621,0.990124022019462,,0.803035610040864,0.8598518286294148,,9e4b1e6f4202cdfc0d9ff15e1ee6eb32270e1c0e88b7b7842be2345e74dab6f2,ca7f11b3b53842677ff683a60af0909d165f0e7bdad70e86ec532fdfeacf5b09,4e0db34690cef1e82985d5df4edf5d4048f8d535911e21e5d69fa42e3d5be3cf
sunny-mainline-cab-view/0135,sunny-mainline-cab-view,train,16525,3874,1388,2046527,17913,20399,0.7584798274200211,0.810088729839698,0.9225143750348909,,,0.9353998154280441,,,,,,0.8954789725385791,0.836265092774756,,0.608983666061706,,0.7584798274200211,,0.969383958072745,0.9917595667571553,,0.8532974688443378,0.9157669766007138,,917d7fdbcba14ad98f4155259ad4945453a4e76aecab144bfdfd515d95e55343,b6a73b1f8244f7439392be7102f2da394460911d789962cefb50cf25cba65757,09a956d465141fae0f6c4a254b47e4c12e2532706ecac424b1283046a9f455ed
sunny-mainline-cab-view/0136,sunny-mainline-cab-view,train,82196,43988,5122,1936908,87318,126184,0.6259881498179825,0.65139795853674,0.9413408461027508,,,0.838369259897264,,,,,,0.7786118751011163,0.8102084253644432,,0.6470044805764701,,0.6259881498179825,0.8824306285324774,0.971233560693165,0.9774222777690986,,0.8385383471425536,0.8344835422900647,,23d8b5534877bd891ce5b404ae30036f3fd3a3f9769fc5d17235cd727642067e,197fc8d7bbdc4022d9b5cf5e18eddfe930bc031adbc821b3fb7895aef544cda7,76bc299812debcd5a9e3b3de3973bbf75d95e6fdbbfb1582f4ceffdfc0161aaa
sunny-mainline-cab-view/0137,sunny-mainline-cab-view,train,23325,18023,908,2026077,24233,41348,0.5519926164331692,0.5641143465222018,0.9625304337061033,,,0.9167527454604762,,,,,,,0.819768177028451,,0.6607011070110701,,0.5519926164331692,0.8043769539973202,0.9743097551043038,0.9758254057078903,,0.8308334232581562,0.9037700044972413,,a171edd02bf21b2bc889ac8ed17fe30fc47d76defd59a637e236ddadf0c76f27,fe62d749e1463b1b2a02805ef816e5e89d973e53a5a2098c5403781be1646e52,d18b734bb105e271537a6398f20f51c594f8505bb50ebf6ef44cef7ee8155f4b
sunny-mainline-cab-view/0138,sunny-mainline-cab-view,train,6726,3660,79,2057885,6805,10386,0.6427138079311993,0.6476025418833045,0.9883908890521675,,,0.9516072347529214,0.0,,,0.0,0.8568892530383723,0.8935163652310268,0.7152310986853846,,0.47616777883698763,,0.6427138079311993,0.9145761197364012,0.9463937357754416,0.9896504577159777,,0.8836278404334658,0.9674103148133084,,461bdcfd80571cea432e10e0947270b1a03bad21b5efa4efc325d700d1107bed,9b93de1d6c571c4679b4c6c166281098003c47dc20a9bc6e8725f6a2cc661d97,3b7d90e0ef01396d75d99d30e0fc6e5aea78d9aa69f118ecfaa7e24289731f7d
sunny-mainline-cab-view/0139,sunny-mainline-cab-view,train,27275,14003,486,2026576,27761,41278,0.6530744181591801,0.6607636028877368,0.9824934260293217,,0.5620820293197167,0.8327298701938471,0.2540999421184642,,,0.8915206063477025,,0.0,0.7280197835625731,,0.6955900457263454,,0.6530744181591801,0.0,0.9447745738257032,0.9825469202278315,,0.8069184670915152,0.8129949879481195,,ea793969cdff22d7aeff4460d14cafa8007c32c5650e6cd3586775c958a0754c,f04ffab6071b224aa9cf94458c905bf5c66f7c4a9f098d0f1151766a202c3e74,689884e1e8938ead7abd943b21ed643a7ab91497d30429accbc914070778f3a1
sunny-mainline-cab-view/0141,sunny-mainline-cab-view,train,23577,7922,384,2029482,23961,31499,0.7394849920020073,0.7484999523794407,0.983973957681232,,,0.9547972298358633,,,,,,0.32947672889823826,,,0.7626463132144834,,0.7394849920020073,0.8888152470862094,0.9303118221036889,0.94621505823062,,0.8694344732036022,0.8770731737697975,,2ab1618bf2232f7953374c7ff9fd6dbb5957a1d11d887a1004faeb1f3bfa8241,c5b7bb11d7a16e11ebd4ca5f2cd8e58e6b01971995825dc7db8b90321eab5861,a793d68d1a85c6faa4a07b3ff81b603f7cbebeedf9884ce221f2e0b76190c239
sunny-mainline-cab-view/0142,sunny-mainline-cab-view,train,27791,3347,1304,2035712,29095,31138,0.8566364589112878,0.8925107585586742,0.9551813026293178,,,0.9605307545260318,,,,,0.3144195731389901,0.7712468683754096,0.8564520683326274,0.0,0.4316518298714144,0.0,0.8566364589112878,,0.9748870551355339,0.9906769184381125,0.0,0.8996538737172743,0.9389682892039711,0.0,f9d4c3db5d27a80539d7e059e63c85bbda048e2f6d73d48e3b0e6d2541a023d4,8fb3a3361b3cedcbd74d9212b40445c40b7c34a84d64dd303f61a4d2c72154c4,603cc98b6a9e4aec5a87d2872cdac9b603fae2bb7becf9a255dadddc256817c1
sunny-mainline-cab-view/0144,sunny-mainline-cab-view,train,6500,2230,3086,2056316,9586,8730,0.550101557210562,0.7445589919816724,0.6780721886083872,,,0.9172902981162798,,,,0.0,,0.0,0.5038022813688213,,0.6412123012925272,0.014319809069212411,0.550101557210562,0.657907234446731,0.9607010147768514,0.9628774358594239,,0.7916138800482032,0.9573811631139121,,f6b634ec6548b8bf98554aa0ac61f40eb22ae85f7e7ae26d084ddb9500ae7e5d,d70ab00d52ae34ae6f1b770e428d1e0b4ebbfa4bfaccb7ed34e4430ca49985c1,1b1dfb7987d51301f24608b8bf6364043d5a100167c7a5a5d85dd7814c30cca0
sunny-mainline-cab-view/0145,sunny-mainline-cab-view,train,21171,3322,864,2042932,22035,24493,0.8349173798162243,0.86436941166864,0.960789652825051,,,0.9715817457917548,0.018135778811935396,,,,,0.8346479942632977,0.9649304747190417,,0.0,,0.8349173798162243,0.8986786000759911,0.9158699964495923,0.9895207598033486,,0.8784812861180622,0.8879394294891143,,fcdb2f1d198ca40299c924da55b12732604c2030a0db21c6f4a86b3b5c804d35,0f953934d9f0f4da7cb3e46c89d3d0dea61aa9ac24ad33f176a47e6ac7dffc3a,fd5cb9c0ec4c39baff2af96c57b45a77fbb53577eee1bf95f5ac5844d42a9430
sunny-mainline-cab-view/0146,sunny-mainline-cab-view,train,42212,15627,485,2009760,42697,57839,0.7237500857280021,0.7298189802728263,0.9886408881186032,,,0.918552736119021,,,,,,,,,0.61640625,,0.7237500857280021,,0.971069848999558,0.9765399850385686,,0.8239669421487603,0.867515164680365,,144ac7ace9587dad2bd7d7909441c0b2eb1b7a5fd5d975855c31e6f54006cc89,f882a5279e95b63882b306a0fdd968e9c3131a2864242474a7e561142a4625f7,6451ab0863c5c680f32a6335bf58559b798baf7c08288dfc4695c448a1e937fe
sunny-mainline-cab-view/0147,sunny-mainline-cab-view,train,5112,684,860,2055092,5972,5796,0.7680288461538461,0.8819875776397516,0.8559946416610851,,,0.9356572139245111,,,,,,0.8641758834637173,0.8158018867924528,,0.660046900190532,,0.7680288461538461,,0.9815565891746412,0.965522837247728,,0.7627086494688923,0.9143424741464139,,6cf388fea166cff5c1481f523509bf3d72656e5aede0964f0ec6b15e88adea19,7b9aac3b84942b85ee007ace3e8af52aabc5de40a230c86d1a4772b298d5eefb,db5710d20259b12be79ccff50430c926662aadbf5ce9a692011e24a8eb76a4ba
sunny-mainline-cab-view/0149,sunny-mainline-cab-view,train,8232,2114,2257,2044901,10489,10346,0.6531778148059986,0.7956698240866035,0.7848221946801411,,,0.8997721599023231,0.6253366329427178,,,0.0,0.7178107606679035,0.4533281833397708,0.7546214529612623,,0.7191999055935804,,0.6531778148059986,0.5736998371803467,0.8509151095973607,0.9683105094743473,,0.7988300979616767,0.8501140323929306,,0f14ff36a7fdb27af6f7ec8cb353e753e159bb3b77aab52a80b13fe6937791bc,95eeab01f27c7865aae27495154899df43286c06b43e8597c1f0977fd2a195ba,eb6c7fa924884aec67815847f6666b4899af43676e62c0ff136406f5ae151f04
sunny-mainline-cab-view/0150,sunny-mainline-cab-view,train,8850,5526,606,1994163,9456,14376,0.5907088506207449,0.6156093489148581,0.9359137055837563,,0.5215116279069767,0.9459827883837515,0.0,,,0.4751640112464855,0.0,0.7226961699102462,0.8374915632927595,,0.6007373271889401,,0.5907088506207449,0.7915596461187214,0.8938335352639686,0.992645250386348,,0.8322084374672633,0.9010823564234139,,d4d60368183c52383216b6039fb814147d7720ff8a5ea3c97e9222f8f0eb8937,a86f9b31137c2cfe325672053454e95f6b6fe1b769e9835edbcd61953940837c,1bd2e2589be43cdce9a507d6ac92bd98fb0c5e2ff049e1d92cd1394b0cb2030d
sunny-mainline-cab-view/0151,sunny-mainline-cab-view,train,18817,19360,4667,2023282,23484,38177,0.4391980207263561,0.4928883882966184,0.8012689490717084,,,0.8996303173674527,0.8075914423740511,,0.0,0.054455445544554455,0.0,,0.8039818548387097,,0.4205334675390035,,0.4391980207263561,0.8101493017827679,0.84373660099745,0.987822050801333,,0.8686689344719497,0.8549621798961087,,4b1751c125ecc67afaa53eb1d7655c7a5ec051098de588dcb48ea4bc9cd3c5fc,e80f258a53d0d5624f90e47a73ab2a9dee90a2261893f9f06968830e26e1fcae,62403dc802926999f53382cb054360b6f106e453c3df37edd857bcaacbeb1ab7
sunny-mainline-cab-view/0152,sunny-mainline-cab-view,train,11838,11411,566,2036049,12404,23249,0.4970816712156204,0.5091831906748677,0.95436955820703,,,0.8800469947181583,0.2427281132209658,,,0.7266115702479339,0.0,0.6696838040067584,0.8434052000497613,0.0,0.7168402946808166,,0.4970816712156204,0.8553570123129302,0.8930788880694331,0.9812977348390887,,0.8436608863198458,0.8485817227590803,,7c244faef1d58c7c544581c4aaad579ceaddaf9f4f8593f1c642198319e0f064,e45440ffb717bc4b598004779ea15e237e1ba4c9c73cb27cc0b96794d8e4bd3f,cced0495c9f30e6d75431b3f5f61ad5d1e753e4ab81e42c4c0250f6295f17f2f
sunny-mainline-cab-view/0154,sunny-mainline-cab-view,train,15952,14533,226,2037419,16178,30485,0.5194230080427209,0.5232737411841889,0.9860304116701694,0.0,,0.9267535539185494,,,,,0.0,0.0,0.0,,0.4945404010323605,,0.5194230080427209,,0.9795669270558429,0.915534120673927,,0.8958272588848932,0.9386870192325741,,6ba5f4dc3a08179c05592eb64e30da7a3ab0f61eb7a134091c4cb022c307f8ce,dac38095dcbe26280a37351991f196700cc6958b431e99192616e9812ff695e5,ecea2b65fdc0163c6f79d33ca3d4056730bfd9118bb8548746488e93cd22063f
sunny-mainline-cab-view/0156,sunny-mainline-cab-view,train,9450,4369,230,2046360,9680,13819,0.672645739910314,0.6838410883566105,0.9762396694214877,,,0.9574905313209361,,,,0.0,,0.7327159164333406,,,0.6411327289395946,,0.672645739910314,,0.9775091034581241,0.9851696220863054,,0.8998834770449778,0.9450210650979478,,2a9b7f9f2e664a6492b210e6af5c8b3238a3d01e1f1d4f0c3506e92519ad0942,66a96574320f6eba811a83566a23baabbb50e25574efd274b18cda96e0b42442,30d78063cf42fb40428f7c509aced418c47c5907373cf6e2551b72fbbd994427
sunny-mainline-cab-view/0157,sunny-mainline-cab-view,train,22750,17329,554,2027581,23304,40079,0.5598897447887186,0.5676289328576062,0.9762272571232407,,,0.9285949488987605,,,,,,0.3187985448825091,0.8270885740765259,,0.7376835460408947,,0.5598897447887186,,0.9472437048050945,0.9926945135242522,,0.8769032386053662,0.90544289656499,,8e5da439095b7bf529ca9afbcfc297a86c96a3820aab657ef461687e06417c1a,653339694928a859f447c43e42320d1cd6503d7f644d3150a77a5274d8828e61,32f3e350239c07c95ca962500e630ec93f2183e7a88b7d2a4557a21b415a1038
sunny-mainline-cab-view/0159,sunny-mainline-cab-view,train,26550,3497,2579,2035508,29129,30047,0.8137681603629008,0.8836156687855693,0.9114628033918089,,,0.9659522148007842,,,,,0.7324956369982548,0.7219036697247706,0.8975446960667461,,0.5829497016197783,,0.8137681603629008,0.0,0.9655092312413425,0.9924277386780065,,0.9166805978133672,0.9350488202559611,,0857b1a64422a748f3a1acbe2298b756354dc4e916a3e35065e7c7c8aa443cfa,4ceae0fc8775704b3c9b4c6cb0569eb7ae7807ab7173d390aef59f35ebbfa6d5,b3ff88132091e64db243c543dfcbb1f479eea0a53f09886aa5d899105aa5707c
sunny-mainline-cab-view/0160,sunny-mainline-cab-view,train,21727,7663,943,2038119,22670,29390,0.7162825965120496,0.7392650561415447,0.9584031760035289,,,0.9556970042434606,,,,,,0.7005034539281114,,,0.6402332361516035,,0.7162825965120496,,0.9759879235004713,0.9907743750644453,,0.9068141450024221,0.936813949475169,,3f99be5f7928e5a01c3e2e0da7c216742c167125a2f4df4f9eda959f3e86453c,0a56b4e26f053587a8b41fd98b7616b82f50a413ce7a4279e60244a66493f498,999319e4d57dee39a56623170195011fca1bc884fb683cb21e877e5c0c825675
sunny-mainline-cab-view/0161,sunny-mainline-cab-view,train,25525,7762,1771,2033164,27296,33287,0.7280791830680586,0.7668158740649503,0.9351186987104337,,,0.9426003723083115,,,,,0.9285334559404589,0.7221652331728873,0.8234274106980661,,0.5948082469821601,,0.7280791830680586,,0.9463896056728283,0.9926790431588829,,0.8877877725262997,0.9244010484526127,,016395879116dde76f1eddcc264a67c3d1fb136d9a0f2d92b33ab41044c4e774,fd25784fc16a2a7c6484ecbbec6bf22a4a6695dd9893e771651938776bf7cb23,e2221893f83556fd77328eab2b4de8cec14c3bf7d5b8e1867b9d7d01cb9ec612
sunny-mainline-cab-view/0163,sunny-mainline-cab-view,train,57901,16273,1629,1992304,59530,74174,0.7638352044114349,0.7806104564941894,0.9726356458928271,,,0.900512558816687,,,,,0.9466142494943453,0.8149767230612013,0.40824972129319953,,0.696501272264631,,0.7638352044114349,0.0,0.9625226924831891,0.9933686417587436,,0.8876726486892793,0.9287685931459275,,53c1f0e23c023af87bca8d7c925f1118fa6e03bf34b314ab0e901d159fd525b9,3d556e7e8af20a6eb6d546badc61b9bcb432ea8ba8a43cb477c8d637a41abde1,b14ee92654b052633d313ae48011649c1f19663ac24f36f800b613ce1a1098db
sunny-mainline-cab-view/0164,sunny-mainline-cab-view,train,36762,10457,163,2020862,36925,47219,0.775864252247689,0.7785425358436223,0.9955856465809072,,,0.9306144969789446,,,,,0.9413619069803556,0.5965213130818227,0.8567805394437951,,0.5248215444516547,,0.775864252247689,0.8099875232037979,0.9659084379991496,0.9940907050799692,,0.8940081532189832,0.9477748474359958,,dc2322339b57aed5805465301755b9054b87fba047b608e05ae4dcf959232006,b8dfdef270b26830890c889e0d2ed1a2810389a780bc38e7fb91325d5f8c46e4,ea84f809375d0f6cdcd5e81548533bb0bd96fdf91413a5e6f77f71a88addb63b
sunny-mainline-cab-view/0165,sunny-mainline-cab-view,train,26055,10961,929,2030277,26984,37016,0.6866517327711161,0.7038848065701319,0.9655721909279573,,,0.9361515005617076,,,,,0.9406334841628959,0.7590504922197523,0.8200290275761973,,0.6903639770597921,,0.6866517327711161,0.6481788887803925,0.9494158686044596,0.9930801471443219,,0.8956026381125006,0.9154466016878552,,ed03205def575f68a08e90b5040e492f111657b011c4a09ea8773bfee95ae4f8,fa3e6142522787e662d35be413398957686c954919d06b8e8d93c33dea075c91,9ade20985ba6ad313e404f42e55b786482882d2a029af15ec69ea314450bb4e9
sunny-mainline-cab-view/0166,sunny-mainline-cab-view,train,21476,8750,161,2037797,21637,30226,0.7067495968670813,0.7105141269106068,0.9925590423811065,,,0.9409314920814189,,,,,,0.7727641804895024,,,0.7125705581937103,,0.7067495968670813,,0.9704250971233522,0.9889283003444853,,0.8755336458685741,0.9116803325842007,,4cb25bc7ad809534409bf310ce0bd9621415dfebdaa38bfbacf278916ddd0f64,7bb389e1d2b5f1a73758fb068f5545e4eea28989d63d1a5b7b38e375565b8f9d,24375abcc2e731c2ca339518a509455dea6f984cd2ea0bc06ce137e453c19590
sunny-mainline-cab-view/0167,sunny-mainline-cab-view,train,5523,2711,78,2056982,5601,8234,0.664461020211742,0.6707554044206947,0.986073915372255,,,0.9645816850409161,,,,,0.8820847559750954,0.9041744719087434,0.9539967980044493,,0.0,,0.664461020211742,0.7782823040996367,0.9125277370463127,0.9903854090512464,,0.8758066577215513,0.8711641629948909,,ea08f07ca095ed6d035d6f14b8548f69a14bf8d6b49efbbdddf5179bf9ef3009,145a765c10390d86c2b694571a1204ba36f373aa962a6637297cac9712e31330,5e1082e39f3db7cb71f5fc787dc883b719aa86215a5579f01180f546b0397f4a
sunny-mainline-cab-view/0168,sunny-mainline-cab-view,train,24362,6028,516,2037370,24878,30390,0.7882611790590823,0.8016452780519908,0.9792587828603585,,,0.9481445407616635,,,,,0.8654652035947,,0.828723047363445,,0.5993762993762993,,0.7882611790590823,,0.9624266268997684,0.9921086722375971,,0.8916530226199749,0.9187185002086611,,72b8f6a32917f9b4cd7edbfc8b38900c94a094dd308a81ee17ec8c715bf8a875,a7bcce9f412f7e553372dab86eeb666894dededfe518eb748005bc49ea92f2e5,fb6114c20c6847c31d1cdd56d827d20450c87da9d0ffd6d38fbc848ec4d239e7
sunny-mainline-cab-view/0169,sunny-mainline-cab-view,train,5347,5838,272,2056682,5619,11185,0.4667015798201973,0.4780509611086276,0.9515928101085602,,,0.9682979341759539,,,,,0.9255356785774715,,0.9079103850081086,,0.5597337040017558,,0.4667015798201973,,0.9615005208989069,0.9916446795825081,,0.9086704469857763,0.9170949048764487,,e50a126b8e9d96524472935c0169644a3000d548dd10622d7dd7837f28b262f3,f1b755542aeea840e9cc6f81d068c5a0f77bd69fcf3208043b1f22f53e24f45f,0aa7f5b059229e89799ec364f1239c7263306c15b3adbf99d9f801f877e06f2b
sunny-mainline-cab-view/0170,sunny-mainline-cab-view,train,7821,1084,1202,2058156,9023,8905,0.773820124666073,0.8782706344750141,0.8667848830765821,,,0.964354088795697,,,,,0.9443357431849837,0.5843373493975904,0.8876285725901533,,0.5020072053525476,,0.773820124666073,,0.9718482775086549,0.9903829277906773,,0.8925134795540216,0.954399258938262,,3f433ab98d445e66fbd4c3879168f0ff099bfa2f2a0555a496a23ef041827ef6,f96927f39200270347c6ed948d60abd05f38473818010a36c3e3d540abed119b,e4ca0ba8f0905834ecd4dfc8869c7383fa2565e375aa3b0d78af6198e3a48687
sunny-mainline-cab-view/0171,sunny-mainline-cab-view,train,23963,3688,1173,2033269,25136,27651,0.8313558145989454,0.8666232685978807,0.9533338637810312,0.0,,0.9626379235873876,,,,,,0.0,,,0.829873035908953,,0.8313558145989454,,0.9627160088526131,0.9649869440632162,,0.8598257531909709,0.9293678231635436,,f0f37b4a43e03c4b5aef2ec2723b33d29fdeb183e0247dc20cc38fd51708b6d4,1e688561f0f6c93e128b35a18e4349cecaba90e35c912a9a652bd9384b3ad938,ee5f980594f17c2c446c9aceef75a686bbeb1d64ebdc525c8ae0e41bd9aa8b96
sunny-mainline-cab-view/0172,sunny-mainline-cab-view,train,0,15562,0,2047887,0,15562,0.0,0.0,,0.0,,0.9113035895945357,,,,0.0,,0.0,0.8902879984180567,,0.587870608578297,,0.0,0.0,0.9401550117370499,0.9597971387594255,,0.7414466014496427,0.8744888219200823,,9d1f242981192b866b8c78b235337b3fcd78c0dbb947afbb3861211b73247352,54823e8b93148e0ce4a359e420c1811825ceebf36b89d5b5244374b331b7f4d6,c50019cca844610d2de681a3f96cad59578334b557f56d94847c3fb1423bd72f
sunny-mainline-cab-view/0179,sunny-mainline-cab-view,train,0,0,0,2071025,0,0,,,,0.7791711061934814,0.5392148726035355,0.9452933107914128,,0.5620726333383984,0.9035563722840774,,0.0,0.8970903280814507,0.8973267876462959,0.0,0.6340346725654612,,,0.7430321228427452,0.8733480176211453,0.9612242023832761,0.0,0.7260774658612112,0.9490528596783704,,2980bdd5ac578120cb35ad4b8b8f5798eb1663f505b1d628312365558c8e6637,b958f784c717606e08ea8407c83378b8f1011a1964d40f3af6893895ae56d65b,7cfdf55e2e74e2ffb46eba2866e2dfb5294d715ad93c65968f12c3ed5bbc593c
sunny-mainline-cab-view/0182,sunny-mainline-cab-view,train,0,0,0,2071029,0,0,,,,0.163369164459677,,0.9166848157505009,,,,,,0.8802988458966831,0.9415704914595243,,0.12130177514792899,,,0.0,0.7533597518952446,0.7841161984358976,,0.649367217799551,0.8311412304910829,,2b635f17ddb2ba61b77fdcac0499ec5c3d70dea1323a289937212955ea815653,0cc8828785c5fe14362b60478de1e5f431604ebe9fa709d1e5d0907e6a301151,2568674266653747efd7bbf4ae17d7fe4dabec83c02e9d9d1d0e7ba0b8059f9b
sunny-mountain-cab-view/0010,sunny-mountain-cab-view,train,38172,118905,15017,8122306,53189,157077,0.22180901135425987,0.24301457247082642,0.7176671868243434,0.0,0.0,0.6732155584693983,0.6178906681391496,,,,0.0,0.6801780431991963,0.4528321427406465,,0.7552470611511385,,0.22180901135425987,0.7948985397307036,0.8739837617501399,0.9946886422901381,,0.8430251783267986,0.7483278376704229,0.0,e9abfe7bf5161453fc5c6a86049cec52880047eedd0f46a57ab7b1277cc49105,990e88d21ab52552acaf245a584e26ff692e75484c7e5dbc5d5aa50435112742,699aa511fb723c02bf96a8b726c315a4f21aaad6b2860e40050551a9e3dc9486
sunny-mountain-cab-view/0015,sunny-mountain-cab-view,train,0,0,0,2073600,0,0,,,,0.0,,0.9515866365203093,0.5192844147968466,0.851806340624232,,0.7961229946524064,0.3890086206896552,0.7921453058278703,0.849728099930006,0.14375,0.916854314483579,,,0.0,0.9773036659905525,0.9926276109329298,,0.8022934512296215,0.8856442073753684,,3b93d1d95ac6a5f591a542a124e5c350be70f114e31e6cec7a46e8b4a97b9840,6e7f43a2f7c7265006609bf1dcac3e78460351b2b9e7e5b8ce65afa922c26e46,e217ff1eb52db4fee3df01407f4d86379fbefbfc0fbbc06b61228cd218fe7010
sunny-mountain-cab-view/0016,sunny-mountain-cab-view,train,0,0,0,8272141,0,0,,,,,,0.8300739508312,0.46246024351848875,,,0.8042106995282846,0.6357408173494693,0.029230135858377932,0.44082228053624234,0.9250970800342933,0.4793708699980624,0.34735315445975345,,0.61866024500269,0.8222663569600461,0.9725184787497022,0.8758118752591091,0.6598633359471267,0.6991875310893716,,8e6aa8676c0ac48ee943a84156a1b1ed8c8bc794a99c28a1e37f8cb4a9bcdc54,5809f9590cb378ff7d90e63feb7c96aa0cb54028613b3213627cfb731d161953,eb971a8f010460e01c9d329b60db0b90104962de3d8e4aacf2f29bd70a5ae930
sunny-mountain-cab-view/0025,sunny-mountain-cab-view,train,0,0,0,2073600,0,0,,,,0.0,,0.8799784808149523,0.3992711262394554,0.6967663209273948,,,0.4409708984623205,0.6368393114430879,0.839250341599088,,0.5366851094539331,,,0.0,0.971823438339284,0.994871765269544,,0.7866057176026702,0.7886547854268965,,0dce3080c760760bfddf50a247fb072413c68e2c1186d80f7d1fa3746e29cf36,cb3329069e4006f8cdcb93fedca0e0e2a147705989f418693e18c17ca5e461a1,debfb2c7378a8111321bd2475272e41ce94d03f1d488c1ca1053226d025a0374
sunny-mountain-cab-view/0033,sunny-mountain-cab-view,train,0,12,0,2073588,0,12,0.0,0.0,,0.0,,0.8731352089408829,0.2810106382978723,,,0.0,,0.7832373922384114,0.9606393745634473,,0.6504736458586349,,0.0,0.0,0.9513547813947586,0.990214297861529,,0.7680246294837832,0.7890160743519342,,056cfb32b06947adeeed7dc38c65cb7ff1ef4f3709826863bb10c9849023c213,b6b8af203ee90ad8d28802048e1d366d4baffcc7ce1219b9d6be9939381c8c23,fc1b6b22be5cb58902fc9f8c5413ad392a53f696f470d356600d26776fc51626
sunny-mountain-cab-view/0034,sunny-mountain-cab-view,train,0,0,0,2073600,0,0,,,,,,0.9095420670882505,0.35877712031558184,,,0.0,0.0,0.7287990283632206,0.9231831056002235,,0.8742810447245183,,,0.6644433424249938,0.9775303062287389,0.9699886067859095,,0.816003453982874,0.9066922503288729,,2dc7f6d449d2ddd33f5e4373346976cbf0b27a6ad026f19565d15223ed49d7a2,bc7a5b320f7dab08857ca11e167bafa3d56b446389d2893f55a217dad9e125c4,26baf4e6c2e3a4917bfabd74e01f480c8cc3b399e88f82269bc6efd31a3a3d7e
sunny-mountain-cab-view/0035,sunny-mountain-cab-view,train,0,3883,0,8290517,0,3883,0.0,0.0,,,,0.9239517478515036,0.23970144969140234,,,,0.9318763320670554,,,,0.7514576009603018,,0.0,0.7951929335192933,0.9645836671946181,0.9719327343521336,,0.8164937892175694,0.7506497570196109,,8f27f4777b424fca3a01c563f2634f985f97ef3cdac8ad2838d194087f29673c,5be87826e74904d71bbeb42199b5fea86f387e50ebd7ab2b54b927d617c7df54,2e83be4e361e9ffc5400c7141b70aef6ca70952209b929c925be0cade0836e6d
sunny-mountain-cab-view/0037,sunny-mountain-cab-view,train,0,5414,0,8288986,0,5414,0.0,0.0,,0.0,,0.9712909863320216,0.0,,,0.0,,0.0,0.7719702098849018,,0.6661922923663688,,0.0,0.7616645942522458,0.9860986192705924,0.9720563144752156,,0.8439270791597504,0.8958356233471488,,0dd350c7fad9d51bd0a73412fd77600d87ca6c0306501e202ac13254700718f2,9d1ce541de7ca4352ba4ff606e7a124e75a471cff72ef71e88ad02a2a9a90ee4,c7ec15d9a378beef67b4bd0c1d682be9a5e696879e4bb5c6385efaa1ac86b835
sunny-mountain-cab-view/0038,sunny-mountain-cab-view,train,0,429,0,8290817,0,429,0.0,0.0,,0.0,,0.9644282061235189,0.23590372186316025,,,,0.9321570193506803,0.0,0.0,,0.8915015757855489,,0.0,0.8427799310173167,0.9796801787131494,0.9711688851343157,,0.8875673447758118,0.9386988289276073,,b5c7a56b8478d6e94f292e36428c999f7d2b159ae6eaa12f152b282c76555c2d,2406fe994c566446c5ec634fd8dcc7c1040d065305fbfaa732a7931592324fdd,6dbb57cf7bb960e63f6f7c73f4c870de9deca95c49b91e21ad0e0398c5a7f193
sunny-mountain-cab-view/0039,sunny-mountain-cab-view,train,0,11626,0,8280745,0,11626,0.0,0.0,,0.0,,0.9381229385307346,0.06462644995240278,,,0.5074626865671642,0.0,0.8635088043914022,0.20286121716730302,,0.6106983655274889,,0.0,0.6949094804007953,0.9677606141823938,0.9941675645568882,,0.882835374733647,0.8488222159323207,,7f58ce7149cb2d8eecc31b59b6d93c8dcfc39835bfee3b20b04bf3db72ea05d3,78c8b4d93af10de0e8f2d56554823a54f60fac30d234f564b886a8eb4333f684,bed131acb5a44178f7f1b5c8552f4246265bf53285f2f5d741962304e780ea42
sunny-mountain-cab-view/0043,sunny-mountain-cab-view,train,0,0,0,8294400,0,0,,,,0.0,,0.9246179380309006,0.26594700686947986,0.0,,0.0,0.8628529200808538,0.6727200827401594,0.8559353289508049,0.0,0.8966963456336922,,,0.6823025497062484,0.9406494871718905,0.9939912117640545,,0.8765985116682321,0.9488104121606521,0.0,53014f8bd86d528cd8a95f6cb5412c1b3e34232439908a147b5a50d4322c418e,4eaab9cda8650ba2babcff076fc36d6d2b6939c6b0adc6ec489300cc8289a7fa,d9bd3487dd61a718e2b0c13a6dad4c526ccad84736afbcf7acfa8751dd467d88
sunny-mountain-cab-view/0114,sunny-mountain-cab-view,train,12100,2101,6403,2007011,18503,14201,0.5872646088138226,0.8520526723470179,0.6539480084310653,,,0.7341388296612177,0.7630137999926005,0.7859909619109102,,0.8978416028893283,0.0,0.6893237509741104,,0.0,0.7789545121711643,,0.5872646088138226,0.7100498524268956,0.9667555859770975,0.9837390899636285,,0.8298966421556024,0.8906427251806955,,c007047e3e4cafb0e9f7361205fbbf99eba406c2a2d48c27a1e4841c36d6981f,8bf2e49204f95a90068e333f0f27f561c8caaa1d199d8994120b789c9e587b54,01260f35346ca39f6c2bbc8b18c34bdb80e178d454ceadcd2133efcec7e99ad0
sunny-mountain-cab-view/0116,sunny-mountain-cab-view,train,30239,19293,572,1976868,30811,49532,0.6035246686891266,0.6104942259549382,0.9814352017136737,,,0.30420264824409904,0.3894918918918919,0.7832207207207207,,0.0,0.22390745501285347,0.6920994450209809,0.858944430678543,0.0,0.5277725118483413,0.0,0.6035246686891266,,0.9759763591240035,0.9949640417841283,0.0,0.8424245566732345,0.8947604967474867,,4aac1243132852bdd2e0dabe350ac2bbe6e1bff145fdb607bed02285a2a5b3dd,65c6488c35a0d05cdfd929bc23b6b32abeb819eeb16cdb7a777513f2413a5fd6,9ded9a85dd345e62b3dfa434cf955c63ba171874f6ea67d5d93b95c67714a0f2
sunny-mountain-cab-view/0118,sunny-mountain-cab-view,train,49383,12683,4029,1954830,53412,62066,0.7471518269158031,0.7956530145329166,0.9245675129184453,,,0.6346164684664375,,0.8047715053763441,,,,0.8857977191113215,0.7303344748564513,,0.8173217391304348,,0.7471518269158031,,0.98029624356046,0.9902043671353482,,0.8885688295936931,0.9135831658588486,,1c5790e05968d7a3413632eca28a9951451130120ae6c3be0d9fb3662522973e,1cd265503b0eb3e1bc1a582b1b92a959765ea51554f6d98ccfd630d4e95830af,fe601f9fc94035a2e5d99798adef5d69ffd4414dfe44f63eec39104c2556970e
sunny-mountain-cab-view/0119,sunny-mountain-cab-view,train,3559,3075,4079,2018015,7638,6634,0.3322131989172034,0.536478745854688,0.4659596753076722,,,0.8741751244549067,0.5672722652776013,0.8995391705069125,,0.0,,0.793299212937078,0.891535207943798,,0.5361702127659574,,0.3322131989172034,0.0,0.9862538776910006,0.9938838917133794,,0.8783905065815716,0.9726532174293369,,cb92b7934e948289bd873fc48056ab1d859792c8b97117109824dbca1535e0ec,107b44c08f0c38f5a9ba166fba98d478ab8f48d2b62eb4ceded7874beeeec550,b811880f514778aa5b450b98a57aaffaa1eef2c01d31968261f59f406db8c57d
sunny-mountain-cab-view/0120,sunny-mountain-cab-view,train,14840,14664,2623,1995403,17463,29504,0.46191676782768387,0.5029826464208242,0.8497967130504496,,,0.5750049870337124,,0.7885527207044479,,0.6515513126491647,0.0,0.8186046511627907,0.887778768956289,,0.7266482490853431,,0.46191676782768387,,0.9853662925584673,0.9932611717706126,,0.857820615261686,0.9731683648714217,,dc94d0155312b343e6ff5abae3d13658ce6e2e68d85a1e19ae327502112c7ade,afa9a3373ccf70a0e37bd2feb0bef0ad4e2e5e4244f0bf9b769d466a5ef8f799,39721beb66fdcd4e6d9cfb75b1aaef4f0b9cb3d0da4abf431fe71e8fe8ff454d
sunny-mountain-cab-view/0121,sunny-mountain-cab-view,train,66844,2740,4470,1954203,71314,69584,0.9026386150646826,0.9606231317544263,0.9373194604145049,,,0.8860822189202575,0.0,,,0.0,,0.8524069434502506,0.7283933800994348,0.8955943474646717,0.6962739932254423,,0.9026386150646826,0.4272608125819135,0.9805797814867446,0.9746523575602353,0.6564204263758057,0.7442876344086021,0.915311769264001,,206009d26edfc8c2e0f344aea9acb20cb6de8131d203ed7cb1f115b94e8ed2db,5bdee5a626c7c04727a5733d8b8237fc2db9e11033168790651924e422071f17,363f44b7d0f427b5c0450e7e59cd1bd44b3f80c0a7d2313efee7fd51b8a3a890
sunny-mountain-cab-view/0253,sunny-mountain-cab-view,train,0,0,0,2028424,0,0,,,,,0.8672921553296846,0.9366807170318218,,0.8607240948813982,,,0.7706326640069945,0.35028239869139843,0.912619367193578,0.9628017534111255,0.6755492430647143,0.5684481280365818,,0.7461846199436953,0.932779998398241,0.9905650291334794,0.7942151500082878,0.7394145321484579,0.913825391635207,,e7783e56f279d39cd7bd7290d05da53a477bd864ffc3137b30bc05d962176634,d236923aa8b07ffe4c6528e520bfbbeac87efb2e25dc7e10ca711dd849579f22,9f8f9862461c409f0333e7815591d4514dfc506631af920faa556edc85846643
sunny-mountain-cab-view/0254,sunny-mountain-cab-view,train,0,0,0,2027244,0,0,,,,0.920379886814545,,0.8928868040602892,,0.7666812753369124,,0.0,0.6017619155184097,0.916216440000828,0.7946050596092744,0.0,0.8124833831188126,,,0.0,0.9097309867830979,0.9852076528231452,0.0,0.7965530543705183,0.7821695760598504,,894016b1cd34242641d03b1e60f84d320a5fef1107813f9d45d43e3c77279bfb,e58a7ac86a7d940965941f8b8a997ab386ddd1d8e2c760f6d3ad1a922a3057fd,bd30dfe9432035a9491ac66701177d727c20a388eb4733d21308094eec5dc081
sunny-mountain-cab-view/0255,sunny-mountain-cab-view,train,0,0,0,2025362,0,0,,,,,0.0,0.9623557667206182,,0.7857880943466866,,,0.0,0.0,0.9775952168142474,,0.6301376822638826,,,0.7017780698793896,0.9041856940956555,0.9806924446441844,,0.7055779837379883,0.9408169339944933,,0255dda3dea077491f3d1ea3685abea083122dcb6a7cfcfec7f931dd8bf33c61,6f81ab702ea6fe837688e0d536b266216ff00719a04a1013240e8548791bc79d,b8412a808de83f5ed44d7dafc5d5c2bc5d2250402a9784fade7c7a5865451806
sunny-mountain-cab-view/0257,sunny-mountain-cab-view,train,0,0,0,2071520,0,0,,,,0.454060236370568,0.0,0.8868748583884805,,0.8825044122327345,0.950582930878358,0.24,0.8211481700118064,0.9168360143313011,0.860402447374815,0.4950395579555444,0.658297810851817,,,0.0,0.8832577992300951,0.9867673113834342,0.19866700845936938,0.7268737932245041,0.8354462659380693,,92ee9060e9af4c102a639559aace1bb2646cdc84e4eda9f46917fcf4fa36b689,9e4232334697774902651584966f6f0f60b4cab0365bb281cab51f9bc1e81219,b0cce31732bf57d18e7c239e8a3faa3248126ddb31b4c1089a98b6829f3cc5e8
sunny-mountain-cab-view/0259,sunny-mountain-cab-view,train,0,0,0,2030974,0,0,,,,,0.917283950617284,0.937119057293783,,0.6532087107342455,,0.0,0.3036812265431606,0.0,0.7624353455859068,0.0,0.4418310571573091,,,0.7387905932883828,0.9506814243849808,0.986338707513808,,0.6469366562824507,0.941350370262814,,40c4d08494b370ed9b2c47cf3957c3cf0f558a22009eafee581dd73a00829562,326e183b830bdf3b97a9e7fd09db82f2ee3f7b37375f658f2543fae198a63fbe,a0a6c3c29c94713c415538b5f15e359aa6c029674ca8f186eb06cc58ad6940d5
sunny-mountain-cab-view/0261,sunny-mountain-cab-view,train,0,0,0,2025125,0,0,,,,0.615304165940387,,0.9568029648794644,,0.7836593785960875,,,0.7860109760034435,0.5273669548117498,0.849302683716021,0.12004069175991862,0.6644017947231704,,,0.0,0.8814556842417861,0.989738512500694,0.5008261049153242,0.809268140116764,0.9517770976201921,,c907f3894e962844d9db2c4ac28771860d430f48f3489ad03b70394d0429251d,132f4b9ed27aee03a516e67f090cd554bfd2ca10d3badbd46ea294949133e32a,1626b8806df2761fb6529982ef6f737aa6c0e45f7d9fb567ee7283be85c390ff
sunny-mountain-stations/0228,sunny-mountain-stations,train,0,0,0,2073600,0,0,,,,0.8915717281641444,,0.9534010054668828,,,0.9429835969291438,0.37069486404833835,0.7205968639352555,0.8919258910365366,0.594389520514088,,0.7153520815579333,,,0.5836355037048715,0.6777130225080386,0.9866975044053913,,0.8068126882600126,0.9505453067908626,,8fb67a7950262b0a2133f19fd631fd9df52f83e1660f0a811abf3e9d0982f269,ec207ecc709b6c73bdcb8ae5392436a9335a1a7ac9f52fc8c883e1e0792f1725,c9de4b3ca5ec3c65cf0b32eea883af137127e3fab9681986d4a40ab834393e0b
sunny-mountain-stations/0229,sunny-mountain-stations,train,0,150,0,2069906,0,150,0.0,0.0,,,0.5027346227013316,0.959819737443668,,0.10486322188449848,,0.5652828925343154,0.9435581810276324,0.9765591482913798,0.8542427608540121,,0.6011437327277205,0.7901972504482965,0.0,0.7273169695789902,0.7640623740833267,0.9826941719952119,,0.7899828176369516,0.9442489428126043,,0354800bf80455fa7680958e010518b436ea155dca8b0abbc8d1e10092f0661b,21a10b8db464646bdbc600d69546c1cc56b0319f1c530ba2a460d772ee98d838,003686457d9c2a3784f1584b0679c66d32a3b818751f420d3c9cf21079ab729c
sunny-mountain-stations/0243,sunny-mountain-stations,train,0,0,0,2073333,0,0,,,,,,0.9575969225860205,,0.0,0.9484606068634037,,,,0.0,,0.4857030943987466,0.8289379900213828,,0.0,0.9728115941237433,0.9774623443380166,,0.5673893548557262,0.9027769983351105,,d048231d419c08d7176eaceaa89f964709a5a5de28918f80af2d6d5cb56dc892,502b0c205ec3bdc1f0c021c084674028a122fd08e58a52be0230cdf0b279cf82,9b5dd166d328f52f760a1acce5f631db11c9fa888f760e30525134073e4ab0f2
sunny-mountain-stations/0244,sunny-mountain-stations,train,0,0,0,2069086,0,0,,,,0.872707147375079,,0.9304171061137005,0.27114427860696516,0.8004338394793926,0.9208497858851009,0.41025641025641024,0.04111405835543767,0.8226937368732834,0.6642925993359752,,0.783671781854544,,,0.871605191688246,0.9250232602929451,0.9875908931572844,,0.6553912717000697,0.8310924304999076,,8d1edf47c4a0e099e6bac09702b9eb61358d689387405e5915c4b761311fb755,cbe5a7aad07765b9159ea13722233c52e6ac593f5b2ef4c85ad81fb8e95b617d,f7f13ab6fa8c61a911735265365eed8cafba2806699dd5a05afca05e694ffea0
sunny-mountain-stations/0245,sunny-mountain-stations,train,0,0,0,2073600,0,0,,,,0.8263335037080612,,0.9030025182411054,,0.0,0.8294140613268463,0.0,0.8383655889112116,0.5854160588673863,0.933118648813954,0.858048309178744,0.5433269626050269,,,0.6342668863261944,0.9211268162238352,0.9934218386644895,0.6472632493483927,0.644123043712898,0.7434443489301966,,ede5e722aa51b1edf1b7f3550819d1fa7c743d02958fb765bf9233ccf1ea1020,69ead58a4fdecf080f2676ba45496e4a341a37ff2c77cdab2980a0c51d66786c,60d735286fa7372b817e49afc78294d5e94b1da2c75434bb29d3b62afd62cd42
sunny-mountain-stations/0246,sunny-mountain-stations,train,0,0,0,2061396,0,0,,,,0.5584776216922575,,0.7959594314824723,0.0,0.0,0.0,,,0.7656234396532785,0.5986915486915487,0.9255432118934814,0.06224737267582862,,,0.8800151400454201,0.9544184582482373,0.9867180175377318,0.6445809565598947,0.7372721901558879,0.7621044755547679,,90a65adbb644d54e42c7e51d5cebfa0b1e554d4d34f442db24481dcd7007c74c,f28cde20054a844449d19347046b0f78cdc41f588971b90550e6eb1e24b0b791,cbe9cf34f45dfcfcf2ce5fc75149a3f85dcff644f7146732def5921ed97bccb4
sunny-mountain-stations/0248,sunny-mountain-stations,train,0,0,0,2073600,0,0,,,,0.7063916203505771,,0.9660785954971777,,,0.8332826245122031,,0.9461437519446962,0.9079224926691962,0.9138952366921683,,0.2666124327863648,,,0.7156174492261477,0.5956130483689539,0.9855131036407289,0.0,0.8383252070273198,0.9369798220214363,,c489b83cc8d5e13b9e9ee4f588ba23a86a21404337b41cc01afb90627630275f,df85d99031750be49655b3810901e2b76cea9b2d757a8a512290c89d7f58c9f9,34bbd7b546555f6a6c61fef230f5aac334d1bd7a5515bdeecba311e8203debb4
sunny-mountain-stations/0249,sunny-mountain-stations,train,0,0,0,2073600,0,0,,,,0.8260857232008624,,0.9584085838733666,,,0.9497999088192087,0.14002642007926025,,0.8871113461580837,0.937729587868587,,0.7993468918141517,,,0.7678797029550427,0.9638319363005523,0.9894023871715882,,0.8434145825622588,0.9432851665240676,,408760b135c0da743871d600304812e352ac956549d1987597238245735e8672,448ef85ddd524b1eda5440923343f04ec073449229c9e9252594792fd04c0401,68a2d4b199849705b6cb3765e39b8da34d52843a7ff0d201e26bb5aa860bab60
sunny-mountain-stations/0250,sunny-mountain-stations,train,0,0,0,2064811,0,0,,,,0.5615117448130884,,0.9814423972772042,,,0.9444540992540675,,,0.9635809492123564,0.9641802974508292,,0.8069000827064708,,,,0.0,0.9858536220484935,,0.830458312193472,0.7840441501103753,,0956dd0c21f6af0a1387e957effd77c906124754c421ea783a885ae3ce8cf3f2,f0b4695f1246bc1987be1637c4da90f95bdf51ea6471608cf6996822437cf2da,ea7b0078a6b105f6d78df0c91d0aefcae721e01bfd2b68bc42437695ff5a201c
trackside-maintenance/0000,trackside-maintenance,train,11929,14266,86529,1976236,98458,26195,0.10582484652780243,0.4553922504294713,0.12115826037498223,,,0.9427971918475206,,,,,,,,,,,0.10582484652780243,,,,,0.8957893784320543,0.3033421105934778,,e41473adaa20b0dfe8eecc7e6000f550ae13c68770e4946667d4c938e7a89230,6eae10b192e629c0f36ad37a409384070a694a94a460f980f2382eb5867a7dee,a042e9c3848d54f1010ec49e8ee13dfc5187d0cd1664d91e93edb7e863b649e9
trackside-maintenance/0052,trackside-maintenance,train,1170264,60381,7162,851153,1177426,1230645,0.9454333349221647,0.9509354850505223,0.9939172398095507,0.0,,,,,,,,,,,,,0.9454333349221647,,0.9683671045039541,,,0.9681460437424388,0.8871035851929981,,efc1a697946924df5b504e34114d2f5a5bdaff8ab191a9dd2c8d978a19525204,b08d2332f951a48857173d7c6d8c0dd3acc61f0b77d72fa0e07f8bd050dab3ed,06a4ce2957c32e674a21127e3685a83d4b9a3871d03f9b9244620979b5e940df
trackside-maintenance/0055,trackside-maintenance,train,1152672,44478,28124,863686,1180796,1197150,0.9407463147018544,0.9628467610575115,0.9761821686387826,0.9127554479418886,,,,,,0.0,,,,,,,0.9407463147018544,,0.9640022855691702,,,0.9438108774716776,0.8926067630857102,,28f3b3d7bec0bf474a3fc09012c7f4ef1b0b5a4e37e51acf00fbc5bea657569b,3428e465d64a4a778d06e5751cb25564677eb49240c8bdb9097a7c35e58ef4b5,1163d32d0431e4a296ce8408b116b96b964ff220f467044417da7546cf1375eb
trackside-maintenance/0057,trackside-maintenance,train,804884,1124,5022,1277525,809906,806008,0.9924219819242198,0.9986054728985321,0.9937992804103192,0.9296924384767966,,,0.21839190221543162,,,,,0.0,,,,,0.9924219819242198,,0.9659759464168534,,,0.9676256937487382,0.9786500789916368,,76a244cf235702a8709bcd5845224a9a5785c3cd791a1fc89b4d54cf065746b8,66fa21d4235bc5f70ab93c1c782cbc4076e5734ed8154dcdd313d55669ac501b,464979a87327e732a8c562e3ac7f8a9ec47045f69f15eaf991b7b0585434ef72
trackside-maintenance/0058,trackside-maintenance,train,1302356,8551,25701,752352,1328057,1310907,0.9743739376092317,0.9934770353655904,0.9806476679841302,,,,,,,,,,,,,,0.9743739376092317,,0.8920150320928532,,,0.9239644232005506,0.964888763273711,,527bd4c6f5b48a8fa052db415d684acdb3dcbf8021025486fa219182ad9059ba,008176814841aa702e3ff2dfc230737e3cb33c8e155dbc245a12048e5f4909f9,b33ddcd927fc4f8bf8dd5e843a12d1432980b75239d45f6c7196742128ded38f
trackside-maintenance/0059,trackside-maintenance,train,1220494,8402,33510,826554,1254004,1228896,0.966799904309707,0.9931629690388771,0.9732775972006469,0.0,,,,,,,,,,,,,0.966799904309707,,0.8969288727626257,,,0.8609111750906376,0.972028858390075,,8f38d8ecfaf13ea9265b15f72d8c2a5f6320df894c563c0277971f5a71223076,1f8c92d4ffcf481e87a310434020e2a207908305a3e4385ba8853f7e9a504821,d1979322aad4c728638478b51e7740108494daaf50a215202ba5b85c0faff307
trackside-maintenance/0060,trackside-maintenance,train,1394596,11256,17614,665494,1412210,1405852,0.9797185180397705,0.9919934673066582,0.9875273507481181,,,,,,,,,,,,,,0.9797185180397705,,0.8991438009842918,,,0.9567070162789815,0.9545936857031309,,af2519b33d6b5f52478d8c41669353834cbc46bda125e944b6f0f559e55e7d51,4e3ca1d512b429bb6d50e227bf926a6266bb4b32e6713b6ad6596226cf0f24a9,5f5fa93aba4d0244a2d94ae9b3d733f4278d5a3247392d441617e6787ffd5c4c
trackside-maintenance/0061,trackside-maintenance,train,1661113,24165,7593,396089,1668706,1685278,0.9812401535616122,0.9856611194117528,0.995449767664286,,,,,,,,,,,,,,0.9812401535616122,,,,,0.96210222526012,0.11164158950617284,,8bdf064f89bd89d79af62f1c4461b3024cfa2110a8194ff5044d74f7f592fc74,742cdf67e16935b556c2f1b64a61a037554ae04c5dc6242622296872e46d66cc,b0007e4a3cb40fa7b3ad79d63a8018aae23ff87d49a78fff6dd5b9cb499a8466
trackside-maintenance/0062,trackside-maintenance,train,1898010,4516,4446,181988,1902456,1902526,0.9953004029424659,0.997626313648276,0.9976630208530447,0.0,,,,,,,,0.0,,,,,0.9953004029424659,,0.0,,,0.9586175149344156,0.0,,6f1c22c5a26f9c6f9349d1b7472ea93537d6383a9cda356167f51397f8e8f989,23aa6346cd5ebfff7f9a2b1565a4e7ab2291ccbb4a27de12c6b65e4e02e946a9,e9bf09bb0896063b5bd952f13d9e9f337bd65cd03519bab787a22a12220d0d55
trackside-maintenance/0063,trackside-maintenance,train,1326112,9766,10272,742810,1336384,1335878,0.9851145860416745,0.9926894521805135,0.9923135865140559,,,,,,,,,,,,,,0.9851145860416745,,0.0,,,0.9690660505960421,0.9770103469318773,,f25b27c24e3ff91436c5e3877a5df281c4dd826a5c70266f8b58faae4174a2e4,5e60d85a56940e8ccaac6003a40470a5f53c4dc940d8c77d3d16bdcd21c01a28,aea04b5869785119d1e2d0a7c84725d9426ef1cc89eed07a9feab73e3d42b0b9
trackside-maintenance/0066,trackside-maintenance,train,1288526,10951,9184,780299,1297710,1299477,0.9846140444316748,0.9915727635040866,0.9929229180633578,,,,,,,,,,,,,,0.9846140444316748,,0.8757261934832028,,,0.9624723716992479,0.9696970291512814,,6223c858287f0677fdc6d3b7cc8038c3ecc2f0d657d409ea0818439bb88d0fa5,43a4179d47c711e75f6cf339d73d705cfe9ee6c9dfb53df5c804231ca8dcc292,0078b51fa35153fc64f9913ce2411832df65e9470eeafde9eb69fbf982ef8a3a
trackside-maintenance/0067,trackside-maintenance,train,840901,8634,16822,1222603,857723,849535,0.9706171936049458,0.9898367930691496,0.9803876076542194,,,0.8376457725947521,0.016172506738544475,,0.9475158961094946,,0.0,,,,,,0.9706171936049458,,0.97280889355689,,,0.9470013297528316,0.9599673765348996,,0500732a4422c6db9e57d541c1a7f0c06c3e10fd30ca7e04d1cb512dcd29b739,2f621dbe19011b469c294190d6d920e3aa75422da05c80a309ee6fbaed7048b5,26c3bc82a649ce66b06ea898321195d4af10a270256a13e0bcba80c7f3e21874
trackside-maintenance/0068,trackside-maintenance,train,1037579,13279,16419,1021683,1053998,1050858,0.9721740466626752,0.9873636590290982,0.9844221715790732,,,0.725796178343949,0.0,,,,,,,,,,0.9721740466626752,,0.979232640634981,,,0.9623043260542988,0.9580875494195793,,2002370858caebe870952bed7a32a15d4c1e010a5b718f1e3c6e2a619ef1550f,8609c48f75a7d2884ce4ed65218ab5c43be51c427faa25d314e09ce0ea303303,7c0402e2a9fa3f65c5dbc32081cbb7cef5da80f19c2979f288f99be9c70c5990
trackside-maintenance/0070,trackside-maintenance,train,1872160,39036,3204,174560,1875364,1911196,0.9779356456330965,0.9795750932923677,0.9982915316706517,,,,,,,,,,,,,,0.9779356456330965,,,,,0.9614611389260673,0.0,,8da8ac7ad697e79d43107c8ebe4903d9b515079f50e3b43f871cbcaca0df5d1e,b594ea4ae2a8c778d1db9fc49967f5606bc51cf59cfdef65be52b10f58ff4011,da0031b84ebb8f71d83034b6488fff536acac5333148aa61af2889c272cc95ba
trackside-maintenance/0073,trackside-maintenance,train,1522776,3146,41623,521415,1564399,1525922,0.9714400543525066,0.9979382956664888,0.9733936163344518,,,0.0,,,,,,,0.929262778479536,,,,0.9714400543525066,,0.03546361285555966,,,0.9480332548944659,0.6420097567038499,,5652f16f45d364803ae0cb7862cfd6866fbbefdeeefdf76929de1dbf58fe7814,d8e53f588fe1c75d94555ec5614504bb322ac9ecadacaea8932c5bbf08610032,177c05964afe67b78ee7162ba23604cd7e873cdeab0f05a98c4a161f886e217f
trackside-maintenance/0074,trackside-maintenance,train,1257582,17364,88961,725053,1346543,1274946,0.9220438050394931,0.9863805996489263,0.9339337845133798,,,0.0,,,,,,,0.8659505225761301,,,,0.9220438050394931,,0.24039067422810334,,,0.9113521964864134,0.5101611632058932,0.0,093b845a2d8a639e83ffa1ecf5fde92d921664c2417e66a25b10d3dca8f6d55f,38c932592ff33a4d70acc23ed4568945de39640d595c56f80f8beb4f6d5e6c94,74aa1851d6f405855dd4fe1b730ea539721f50d1c594125b297c4d3289fdec96
trackside-maintenance/0075,trackside-maintenance,train,1440655,3819,67519,576967,1508174,1444474,0.952818564636212,0.9973561310207038,0.9552312929410002,,,0.0,,,,,,,0.8765379550200453,,,,0.952818564636212,,0.0,,,0.9569820164453285,0.712899173760055,,03904f8a2512daea1c39d2cbdedf3303eb95dcf456e4adbc73e729eb2d9aca10,93f4f3be37fc1a22e66838092bfa5c7b4ac1b906ac2562c03fc4232dca424e8c,caaec7bf15c959822dd6f67549573d9613d442ea6bbebc4f692ae95febed0694
trackside-maintenance/0078,trackside-maintenance,train,1290147,25228,6851,766734,1296998,1315375,0.9757386407467408,0.9808206785137318,0.9947178021862794,,,,,,,,,,,,,,0.9757386407467408,,0.867698699243286,,,0.9470238543155993,0.9589704621900187,,9072ecd1d6bd9a6ade7bbf9d4ebfe4912556baadda2bae4e1a66249b89915dc1,1eaf2cd3689a0fe9c0ad5ebb222ac03c3cd690d88a9826248a162160f7faafb8,29e4f3a7f99ea39c4359c3264bd6546b44f4e8a4433be5b8e7f3b3829cc8cf96
trackside-maintenance/0079,trackside-maintenance,train,1307025,24887,9991,747057,1317016,1331912,0.9740085535243606,0.9813148316104968,0.9924139114483044,,,,,,,,,,,,,,0.9740085535243606,,0.9564923619271445,,,0.9399171494700219,0.9610420003364122,,7245d072113222a13b028579251a425ef833a8850f977f01ffb13f42c5569754,269024024b0ab056a42083d816412308ea4b46b3c9fc0d2596969ddfdd07ad7a,b6e853f6f3d738dd53f78b0fdd151f117dd76389ec3ec4acd45605cdfeb5bd5d
trackside-maintenance/0080,trackside-maintenance,train,1179354,25032,18605,865969,1197959,1204386,0.9643194430703088,0.9792159656455655,0.9844694184024662,,,,,,,,,,,,,,0.9643194430703088,,0.9624698106012457,,,0.9181594051399381,0.9532357936451773,,045d4791802edd4766cb20165f7f89e48500708e9eacc4fb3176b9cd89733d49,768207717996a901fa4c5795e878add2eca0a4b7d84e38ba927111d2d2b9c794,4f8756071f04f150fe16cff1bfcdd5591515a880089785b7e2f74b24d22dccaa
trackside-maintenance/0082,trackside-maintenance,train,636335,166807,3928,1281890,640263,803142,0.7884508159143568,0.7923069643973295,0.9938650210928947,,,0.9431418252068372,,,,,,,,,,,0.7884508159143568,,,,,0.9536324260675598,0.16416948394480327,,65b79e130b09b882fa33f7676d2436a802b097d73fc606fa0428a40aa7592ed5,c18f270edeeac58e89a27f4e92db3c606d1e98ed7d9605fab190e4b2e8bbe628,9991f7c30a7a6062f8aafa2dd68cb29d261209e3a71720c378eb968b1d410ee9
trackside-maintenance/0083,trackside-maintenance,train,1589045,8935,8571,482409,1597616,1597980,0.9891033649102954,0.9944085658143406,0.9946351313457051,,,,,,,,,,,,,,0.9891033649102954,,,,,0.9672609532224593,0.9599514952425559,,f93539c0825969b6f96f386dbaa98f06caadbcb1d80a39102a077ace90560d5e,82efdc0cda609b8ffd12a935a3354e0d1758ab9a02c528ae1bc2155d24d0c3b1,0c85b2cc9eb26c6c61ac07791c0135ee3c2159598ad1f5271aa15706997bad44
trackside-maintenance/0084,trackside-maintenance,train,1392213,25522,7774,663451,1399987,1417735,0.9766427290181963,0.981998046179293,0.9944470912944192,,,,,,,,,,,,,,0.9766427290181963,,,,,0.9781350457165651,0.9371827109044284,,78b655ec93b0e9575d9bf363a03233ad6e48a40c1e428e86125f919cccf38ced,11dc7abfc6839ef76f71e2f504f39513075773ba30a0d472935d77b70c7329bf,f52af60747d67732041182e355c4e3681da84beafa7309d909569554bdcf573f
trackside-maintenance/0085,trackside-maintenance,train,1321062,17687,5432,744779,1326494,1338749,0.9828006793727928,0.9867884121668812,0.9959049946701606,,,,0.0,,,,,,,,,,0.9828006793727928,,0.7200176366843033,,,0.9745995558127206,0.9658249457995999,,1fe7cf2ae2eef9be85f098226cc6e927e226f7e34a356079eaf30f81a5517c08,a0af4d1a49f7b2bb75c996039450d8507555a89e47ba27e24fb84a3b844237e8,79dc2a9f8dcad0ec6858c6b6300efd201b05ba3f72c118f04bb53f935d5d4c61
trackside-maintenance/0086,trackside-maintenance,train,844687,12591,10000,1221682,854687,857278,0.9739518355129497,0.9853128156793945,0.9882998103399256,,,0.7284558564896236,0.40484429065743943,,0.9313968060152309,,,,,,0.0,,0.9739518355129497,,0.9702150044587474,,,0.9495092874424412,0.9672379877704753,,9db552632140a4fe745fdf61a0d0fa31fc4952af06addd32095a7c1372bb9d8a,6dd0b988989fc57ccdc706b72227722a022ce5b835a5c0aa09bf7a6d9889b5eb,af89a568ca39a00fb8578aff38d718f99096f61128524f93cbcf2b915f441c94
trackside-maintenance/0087,trackside-maintenance,train,1011909,19233,12809,1045009,1024718,1031142,0.9693069885463973,0.9813478647945676,0.9874999756030439,0.0,,0.6350955502859534,0.2756849315068493,,0.757020757020757,,,,,,,,0.9693069885463973,,0.9711357163793216,,,0.9455567652162079,0.9572165382892895,,95207ac84f3acc3ff5c55764aa554bffc9f0a32f4cab08eaf951e2fe43877d51,f2fc551dcbe79800027e1f2d41cae50208e7b13341f380e70dfc14418cd942c1,70736ddf3aeb203538375842a10ed6336043f27bbb56c65d7c53a0dd58d1051d
trackside-maintenance/0090,trackside-maintenance,train,821219,13702,8028,1246011,829247,834921,0.9742214534924414,0.9835888664915603,0.9903189278948251,0.0,,0.7867466174661747,0.056451612903225805,,0.8880145757967838,,,,,,,,0.9742214534924414,,0.9736062226970387,,,0.9554964161152665,0.9640375828580724,,0a5483a0127931090560f2cb06532b9de62ff8978b5d2d75fc73f10c9e628fb9,3d8ae1b13c7b8c3541544116e3b1dee27d82e71568a1ed54c03b6b6fab6ddd84,4900762a3d5b58d89671cf754e5af91a26cd46e1b8e84f852bb1fc029008d4af
trackside-maintenance/0092,trackside-maintenance,train,1302807,8542,10534,767077,1313341,1311349,0.9855690707876567,0.9934860971411882,0.9919792346389856,,,,,,,,,,,,,,0.9855690707876567,,,,,0.9663936069525324,0.9792397711966694,,b46f2ac36452a0a15ac8e7c69746492ff0b596b959f253d1612c3db9998b2895,4fd4cbd8ce9ed83ac03e762814e76a63630fbe7269c9766c1267d2a94ad2e985,6dd39eefba4350ced6fd56d7a4a878c9a7a84bba0ed55f9900cc9f5286424238
trackside-maintenance/0093,trackside-maintenance,train,884299,11087,9675,1183899,893974,895386,0.9770601097605576,0.9876176308318424,0.9891775376017647,0.0,,0.7421861800979895,0.004694835680751174,,0.8597757640915374,,,,,,,,0.9770601097605576,,0.9710054154344313,,,0.9396977235763143,0.9737041384271705,,6259e3456d036d7371c800562ffea682d470ccccfc442c166f67ae5f354b645f,df9edb6931f521320ae96f20a6f60e410e0d6a5d2669dca96c03092e76f48260,647fa26ad9459072166d6be7bc6d943b7e2c5d43c3741b2a90ea6ea9b1aeeacf
trackside-maintenance/0095,trackside-maintenance,train,810376,9567,16178,1252839,826554,819943,0.9692090020463545,0.988332115769023,0.9804271711225159,,,0.8269851517107811,0.007702182284980745,,0.9624640306938079,,,,,,,,0.9692090020463545,,0.9804962058957233,,,0.9513028716933088,0.9558395314397911,,2c0673f9062a1f999a14ea9f32f3a730731ead900fcdf51751a187ad746dfc7b,bbdfa9f6399575802bf5afbbe98eb2dcb7585313171454162b522e900c9f1c5e,8cfda9a9d9f842a27e0e7690aad56fbb39031b09c703d439b1ae7517243d1b68
trackside-maintenance/0097,trackside-maintenance,train,1554535,12711,5238,276693,1559773,1567246,0.9885855754335179,0.9918895948689612,0.9966418190339236,,,,0.0,,,,,,0.0,,,,0.9885855754335179,,0.31433269388873664,,,0.9457271333392923,,,069e56fc048051d80ef3d6c175598cb6a1df2596f82c85bd8075f4b88100565a,4d8fc7a5057b6825f2df28ce7b288ca212a7e1a81e0260c08c4b9cf2421ed1e0,665442157f2f9964c57231883116b33d4b1268906a2277fa1c6c6962e44fc419
trackside-maintenance/0098,trackside-maintenance,train,1722997,11470,13910,340583,1736907,1734467,0.9854836800072295,0.9933870174526238,0.99199151134747,,,,,,,,,,0.0,,,,0.9854836800072295,,,,,0.931160153323746,,,fc04d89f6819407752a53d790ea973fc002344aa19eadc04b345225545c7ce53,94fe3c588358c6ff8a62bacee27373a7c513eb4df5684f7c8ebbf38b5be28c66,1b798979e007e59c402b7ea008b3fea797bc6855e256573ce2dd8e5a45a2e08e
trackside-maintenance/0100,trackside-maintenance,train,1116114,22791,21323,339772,1137437,1138905,0.9619781629128068,0.9799886733309626,0.981253467224998,0.0,,0.811064031727738,,,,,0.0,,,,,,0.9619781629128068,,,,,0.8591976573938507,0.9142048699444473,,295de469c85a2cbd063ed52a760230d5847fd6ca3ec792d4228e881a1fc88163,c20e921d0e7477cf9902bde354d8ff7d36f6de0c1f3d07f5156553727adeebcf,7e7311213c65635fdd9172efa1588ac7937236d9b0d53813b41946ad5daecee2
trackside-maintenance/0101,trackside-maintenance,train,412883,5652,22863,224602,435746,418535,0.9353984385973656,0.9864957530433536,0.9475313600124844,0.0,,0.6595011153924153,,,,,,,,,,,0.9353984385973656,,0.88804192472606,,,0.9188677270824612,0.8526870708105199,,f18cd13f8be6e6da511d8cc5f6ff2f0e8e5ffa3cdc730d55f0752e075e4be9a7,d70fbf50bcfb39b15a24b90fc58a5a1548d92a3c9a6934b757d381ca30e63faa,7454bed1800c6ea78b38cbac444e1ab327e868fa84bbdcb661904ab53b2be268
trackside-maintenance/0102,trackside-maintenance,train,326024,4263,74809,1094904,400833,330287,0.8048067618539803,0.9870930433229282,0.8133661649614677,0.0,,0.8760349117011297,0.01655867530597552,,,,,,,0.9618784450872876,,,0.8048067618539803,,0.9113284795581391,,0.6781835081662462,0.9193296987246542,0.779649673341666,,d32849c8bde9dd413c6d0ab82ca84e62323fed3319cfb99825a11f91ac7baef3,2dac0597829fa4f2262f10ef40bfadcec5e8066ba8418a99102ee49d9594cb56,47f0f7d0872edffa624039e5152757f928d44917930b6c659618513ce3c4791f
trackside-maintenance/0103,trackside-maintenance,train,777052,366603,3360,941945,780412,1143655,0.6774558310048255,0.6794461616483992,0.9956945818362608,,,0.7982549389831242,,,,,,,,,,,0.6774558310048255,,,,,0.9713879101899827,0.21039066215886157,,bcd725f20e45aba176964b9c6318633c2f7a70f7664784eb0dfc98abf0940141,e5199e21c5930fc2d5d9e32f952f30d09cb9eabafaa1f28946192d0c93d80709,b1bccfff5ae0d8187d127634764e8be7ac0e5ba5b30a2843430985a7d8be076d
trackside-maintenance/0104,trackside-maintenance,train,132345,11831,3010,275314,135355,144176,0.8991683991683992,0.917940572633448,0.9777621809316243,0.0,,,,,,,,,,,,,0.8991683991683992,,0.9904981181569343,,,0.9438464614154338,0.8562164478729644,,8af545cd5a93e866ceeaf9e8b89657bd1753fb543ecfc98e2121144440cb5e5b,44128203bd74b7e69abd931e02769a870f0f033c4b8a9c6b7e41decd53e337ae,f6ff98eb5060f7e0decbb944563167a2446682a8dae7ea96f36a87e6f35269e3
trackside-maintenance/0105,trackside-maintenance,train,207201,50190,350,528691,207551,257391,0.8039116787783085,0.8050048369989626,0.9983136674841364,,,0.22493759032978583,0.9160093665269904,,,,,0.9940861424906612,,,,,0.8039116787783085,,,,,0.9304874144003635,0.9238841231767199,,d1ad562afeae01ddb70bc66ae877af92f08918967c215ffefec2257c3ad76fa6,5cd1dbead77c080576228588561fe2ea06379f9688fb892b1447d06414f13aef,b9b13bc29bb9374394ec7f4df9931d94fff675a6ad1920b9d75aa1f525b0c62d
trackside-vegetation-closeups/0012,trackside-vegetation-closeups,train,0,30,0,2088930,0,30,0.0,0.0,,,,0.7911401224688055,0.7057042619291731,,,,,0.7754135582225106,,,,,0.0,,0.9811299522220293,,,0.8897557893905593,0.8278110086001841,,6d411277b073c9f8148657c867b1259110caffbc10996436432e2bbef233e3c7,40d1f706fe9ff7aaec7e0b724531adee57bf3bb126a5da404cc86ed0ebfca460,1bffe1a7e9d3331d04d2dc845c5899bfba2d0437920a354cc075b097d37a2ac1
trackside-vegetation-closeups/0017,trackside-vegetation-closeups,train,0,0,0,2088960,0,0,,,,0.0,,0.8730274693161894,0.8359122052989192,,,,,0.654191537689504,0.0,,0.0,,,,0.9658551093759163,,,0.8049454982251066,0.8070148241958622,,028a08528e4e767ba7b3c0cf28e85786354503f78c2dd0a447f206796a58013d,a5bb98361d8c5d8e2bd93d102162e9cbf214e4963de765e5d89ec12348a94499,7984f600a905b05be31972c2925730ddccdb468854bf03b96395c46b2c553574
trackside-vegetation-closeups/0018,trackside-vegetation-closeups,train,0,0,0,2088960,0,0,,,,0.0,,0.7112380975700832,0.7127634133151781,,,,0.0,0.4433436236149999,,,,,,,0.8987860595981312,,,0.8350793045184499,0.667973769145166,0.0,c63ccdb72ee621ea3abddc87464bce0d0d17c15f939a53a7189ff1ec3c846dd0,4c83b0b3a6aa5d6b746cfd84398f59574b1d3de5dbf1d58a5a038057eebf64fe,ca651d860d3f516b95b6ecc51c6b733e80b159cd16bc2f62c744179d0bd56568
trackside-vegetation-closeups/0019,trackside-vegetation-closeups,train,0,0,0,2088960,0,0,,,,0.0,,0.8094403387396187,0.5907784549824092,,,,,0.8251453610853627,,,,,,,0.7830739077629901,,,0.8828461398508096,0.7615540390862238,0.0,0f04b3c645dadb7431f751cf0813b5b34e40f34c8786fd50a006d9a58a70b608,6413c339aebad555f98f05dfecfcdd2819360be120b621b2087ee6bd8ad47ab2,7fcd70ff5be58f5a6437eed1a8ccbdad52d35ca0533f451bded2e856d714dc53
trackside-vegetation-closeups/0020,trackside-vegetation-closeups,train,0,0,0,2088960,0,0,,,,0.0,,0.8385623681886705,0.7855429598718283,,,,,0.7650970050857036,,,,,,,,,,0.8105458628433235,0.8104088308871122,,1b155b4a115f6ef6baeca7676fd004b92d57f38e06386f5ff1bd7a83f362ec1b,3a7bf8a3979cdfc107d19f7ade7089857f99c13d82793b50b1543f968610e9d5,7c0b0c628ff1d45242ecab0f94df3e949c3c6caf089162dfa28f79ced47e664d
trackside-vegetation-closeups/0028,trackside-vegetation-closeups,train,0,0,0,2088960,0,0,,,,0.0,,0.8699195448127881,0.7480788088434351,,0.0,,,0.5378455920709442,0.0,,0.0,,,0.27403368892110364,0.7991512457856514,,,0.8622747545498084,0.7192876583367027,,4e19459360e08e5f3877234f1a74ad6e98184568c64a7688ff552fb1f571e05c,6e80ec77d7ceb1afb45838b1b1336114098c095ad6dc35891ce5107082906ffb,278e4e3efbca120c18440f58c0f88f6d8e19a705ac23945ea06a5bc01fdf918d
vegetation-worksite/0262,vegetation-worksite,train,0,0,0,2073600,0,0,,,,,0.9572839070495363,0.8575114470528381,0.45008778530223226,,,0.0,,0.0,0.6552965107181975,,0.5265726681127982,,,0.0,0.9771522637588437,0.9923532209798716,,0.591922845087402,0.9071201408272629,,54396730a7d632e6ac164891ed59aa4b248397c4bff8ad0524ee051361535740,46c8337d6d7cba2b8dd9fcbb263eb487f40f160d4e1a4d22257c1b1646d1715d,02e4ac223a1679470a07b60526cdfda1669dfcd841a1144794c1d69f9790e7db
winter-town-cab-view/0185,winter-town-cab-view,train,0,0,0,2073600,0,0,,,,,0.8781634346033158,0.9618923674756213,,0.0,,,0.0,0.9203759531831885,0.5850299959590936,,0.8116280953248699,,,0.8622398113024025,0.9292197425827937,0.9849749927360203,,0.7650843096092639,0.9295709296930328,,5886ace53044086e84b2f4b85a962b8fc5d0e5df0f398df5bff81f0cefcdd458,02c16b4cc608d35f80fa4005304b2eb74c5fe0118ed6a9e69a447f8a392ee621,9d037b703cfa77db290d36ff03074a5e4c9790df1ced7d67b77f49f9d387c227
winter-town-cab-view/0186,winter-town-cab-view,train,0,12122,0,2061478,0,12122,0.0,0.0,,,0.8254863264730758,0.7207924725939572,,0.0,,0.7683552778397679,0.4374343800706309,0.8505100113335852,0.5510113390386904,,0.6251144538914323,,0.0,0.8120664035511135,0.921846910984863,0.9880071771559482,,0.6674091712113066,0.8355678266834924,,7b53cc55f0bba2e1833ae405668e09335397f1631bd62e9570846377941ee427,08d83649e29f837a10e16cfb3566001c6a2b63ac1223b3dbe22e3520c2558d42,bf4a7b5d9d8bfa5492d018a7acd72254ca996aa38311fb511de15e28b39c0dd2
winter-town-cab-view/0188,winter-town-cab-view,train,0,0,0,2071713,0,0,,,,,0.758329539340259,0.9717579558818289,,0.0,,,0.7959725603009515,0.7666483214089158,0.7994472998848984,,0.6799177518848526,,,0.0,0.941616897109599,0.9962434476831532,,0.736708275543227,0.9322129283429056,,93065b17ef536461211968f71d3b394d46cb55404435af01f1702cc875cdc85c,21220ea9d1dcae3c1fb53dbcdcfa8ec5f2d0d48d4fb3c882b2fc13ebf6880d2c,241b7e6419627a43ea85edbbeca872e9b400cd2226509417d308476ba2528827
winter-town-cab-view/0189,winter-town-cab-view,train,0,0,0,2073600,0,0,,,,,0.7393735098248787,0.9622770678275523,,0.7317634677366309,,0.0,0.7174392278360343,0.8597593159505964,0.8402160199403022,,0.37915998717537674,,,0.0,0.9723866533308757,0.9967962443801829,,0.7712850947272313,0.9323539485636848,,06118b62db2d8b18889a7d9354ef0877b3f5042e249ab6f22e11ad80c9f3242a,db98ccf750fad56a37d5f1801491eb4450766aa87b85bdebed63fbf39363aab5,3e2bcf31fd21ae0ef191e97bab98e1708155c8f24dd9d3f176cbe4566d6fe3b2
winter-town-cab-view/0190,winter-town-cab-view,train,0,0,0,2073600,0,0,,,,,0.7698246129008586,0.9701882845188284,,0.3241167434715822,,0.42333333333333334,0.7570185940821462,0.8652046122541261,0.8298427440633246,,0.7857792231789793,0.7006472491909385,,0.808919694243002,0.8417542317726441,0.9799821617069236,,0.839906840159992,0.9505866505972848,,55cf7c8129b7d290a98190185ebf3f9c9c1bcfda8b3256a472c4c639eff7e307,3723a2fa07fa1e444728f5b97c5e1abb879dd27258f29d287ce29622eb296f01,0a84bafb5ef8601e5e5a9ad6952b668d19f29bf947f8acf6fd837d1aeba63ee0
winter-town-cab-view/0191,winter-town-cab-view,train,0,0,0,2056311,0,0,,,,,,0.9267748617212573,,,,0.809348299547663,0.9038565424193314,0.27911728647323253,0.772918698993552,0.8918799321483886,0.788935955401431,0.9332737876320075,,0.0,0.9404453167489337,0.9807153221342987,0.5996281375890921,0.737794040773654,0.868570590923593,,fddfb8962d8961d625bea817fe5552ec2c1d016f4d6cc0fec53b8171c0f10c1d,d2f01638f8e68cfcba5c60ea363c59798551ee7d037ed50a9aa578dd2fb4cb78,769b76c07a3d6de83f4bb8ad38673ed50e1d126c90eae94110e0f28f009ca25c
winter-town-cab-view/0192,winter-town-cab-view,train,0,0,0,2073600,0,0,,,,0.0,0.4884268884268884,0.9628238484370992,,0.7521399330107927,,,0.8869965766033951,0.908598824621095,0.8483490281299046,,0.21044386422976502,,,0.8666379341890732,0.8371856948814299,0.9908234039904628,,0.7359727957250425,0.9568628843286232,,754211da40dd122ce82a710c71d8d2d60c6a74f3695406c8e58832fa940cea1a,cfb371e8c8bd13f21d3db1d5a4cf7a892f9a2b329deaf4b3848864894800aed3,93b52cd9cf3a87b109c6c40f55a623019efa53e9ce9dceb751b2cfcd94e5625d
winter-town-cab-view/0194,winter-town-cab-view,train,0,0,0,2065582,0,0,,,,0.0,,0.0,,,,,0.8349182755048894,0.7944629014396456,0.0,0.8354101271441707,0.6582608962742268,,,0.8539891488037,0.9326438436865877,0.9895156288605731,0.6529663608562691,0.4241693923222586,0.8180367047744743,,86bec697fc86a9152f90aa11441db7d66b5f096dac9422d72d66e592861f8801,ea751052eaed16e461703bfba2c8c200e9c8131633cf64766ef9163dd3489c13,d2e657af5f2512e2a4c0d5af658d2cda3a1ad6024469316d917452b8b292a60a
winter-town-cab-view/0195,winter-town-cab-view,train,0,0,0,2068564,0,0,,,,,0.8398225494360281,0.0,,0.7240692508043511,0.8899666330410492,,0.810864268310162,0.6629233712163835,0.8637840866641763,0.7276277432484461,0.5561040606365086,0.7885365853658537,,0.30498129553061626,0.9196281560578496,0.9767531108589477,0.33310455273392814,0.502488677637774,0.8927093400468169,,b011832e15f90292721c197db21ac1d902b6875259288cfca2f254319ca7f8a5,0a45ba6ece7b7c7ebb7ae6157bc737c892166881a058b9be199973dab69d56fe,96398fc487168396e1a5527a2762d69450545e48e4bc8ff2b6aeca14802860ad
winter-town-cab-view/0196,winter-town-cab-view,train,0,0,0,2073600,0,0,,,,0.0,0.8280943908269082,0.9496591576617806,,0.0,,0.4397363465160075,0.8084495893934897,0.7590424556716692,0.7545919444509606,0.6357992757371961,0.47008218651811806,0.7284421152929966,,0.8064212892672383,0.8550503087296485,0.9655319181375115,0.3717948717948718,0.6594070884398807,0.95733019219443,,6642757595beb9bad0e29bd2abf92ae99ddffef5f2d5a4fe2af3140090621eb3,971c348d7203741a3df3355f28bb6b24e8ba5a9b8d393d99c2d3149c46519a06,5aebdc7fa74d2ab6a8ba3f0866b068886edb0e579614dd0c270043300dea749d
winter-town-cab-view/0198,winter-town-cab-view,train,0,0,0,2070318,0,0,,,,,,0.9519340420233054,,0.8730893724150333,0.9861636722799861,0.5652060511215441,0.8037524764013518,0.9420052083333333,0.8733500376666339,,0.5091995529189236,0.8617669459253617,,0.8678966917763044,0.7934875624080078,0.9917370310119554,,0.6826403024134923,0.945897946807589,,cc5f67af19f67c1a6ec338148aac18a59457131b40eefe18cb47d42221300216,0dbb68073d6882c06ad4b479071c7b4b7db0f0406be6f2c0cc90a390d0a77a66,7711c4fc299e8f6562192edfe87973ddb7a2d3ba2268907bd28f94a6419eec67
winter-town-cab-view/0199,winter-town-cab-view,train,0,0,0,2073600,0,0,,,,0.8100734522560336,0.45580137659783676,0.9801647210056651,,0.7703347045624532,,,0.7158526025464225,0.7056388754501962,0.8274911690233304,,0.7468469234475527,,,0.815737734900096,0.929400768785214,0.9881416601969247,,0.8173176123802506,0.95027069306627,,bf2591468b8c776a8775aaf5f6535f7fa792b9c0ee28c52f9e87b591efe4c9b3,073cab9e51ecddedc95299e84dc6d995120a0ac8b5b993f541211aadeb7f8e1b,952d9f9c9c2047bfead37422cd77a9a2b20a612270068fd75d05c4d1bc7c7ad4
