phase,attempt_started_at,elapsed_seconds,device_used_mib,gpu_utilization_percent,board_power_w,temperature_c
training,2026-10-05T14:49:06.601770+00:00,0.34170567244291306,0.0,0.0,32.57,31.0
training,2026-10-05T14:49:06.601770+00:00,5.729395620524883,0.0,0.0,32.53,31.0
training,2026-10-05T14:49:06.601770+00:00,11.129576161503792,5937.0,0.0,127.61,34.0
training,2026-10-05T14:49:06.601770+00:00,16.4838954731822,8059.0,0.0,97.28,35.0
training,2026-10-05T14:49:06.601770+00:00,21.82790696620941,17323.0,95.0,289.28,44.0
training,2026-10-05T14:49:06.601770+00:00,27.222959995269775,17325.0,81.0,283.41,46.0
training,2026-10-05T14:49:06.601770+00:00,32.61712086945772,17325.0,81.0,289.99,51.0
training,2026-10-05T14:49:06.601770+00:00,38.0501394867897,17325.0,99.0,273.12,53.0
training,2026-10-05T14:49:06.601770+00:00,43.42172598093748,17325.0,72.0,244.3,53.0
training,2026-10-05T14:49:06.601770+00:00,48.7727976590395,17325.0,81.0,298.61,54.0
training,2026-10-05T14:49:06.601770+00:00,54.12241089344025,17325.0,65.0,237.13,54.0
training,2026-10-05T14:49:06.601770+00:00,59.476378343999386,17325.0,95.0,307.4,57.0
training,2026-10-05T14:49:06.601770+00:00,64.88944079726934,17325.0,98.0,283.82,60.0
training,2026-10-05T14:49:06.601770+00:00,70.2641711011529,17325.0,93.0,299.02,58.0
training,2026-10-05T14:49:06.601770+00:00,75.68487394601107,17325.0,89.0,300.65,60.0
training,2026-10-05T14:49:06.601770+00:00,81.08690579235554,17325.0,95.0,287.9,61.0
training,2026-10-05T14:49:06.601770+00:00,86.47968354076147,17325.0,78.0,294.93,64.0
training,2026-10-05T14:49:06.601770+00:00,91.85028319060802,17325.0,88.0,280.48,62.0
training,2026-10-05T14:49:06.601770+00:00,97.25947616249323,17325.0,78.0,307.58,63.0
training,2026-10-05T14:49:06.601770+00:00,102.70376668870449,17325.0,92.0,298.63,65.0
training,2026-10-05T14:49:06.601770+00:00,108.11501759290695,17325.0,89.0,232.29,64.0
training,2026-10-05T14:49:06.601770+00:00,113.5378070473671,17325.0,92.0,306.4,63.0
training,2026-10-05T14:49:06.601770+00:00,119.0013692677021,17325.0,82.0,289.75,65.0
training,2026-10-05T14:49:06.601770+00:00,124.36350730061531,17325.0,95.0,289.16,65.0
training,2026-10-05T14:49:06.601770+00:00,129.76349709928036,17325.0,95.0,287.45,66.0
training,2026-10-05T14:49:06.601770+00:00,135.1204597055912,17325.0,87.0,299.15,67.0
training,2026-10-05T14:49:06.601770+00:00,140.5423372760415,17325.0,83.0,310.28,68.0
training,2026-10-05T14:49:06.601770+00:00,145.9646226912737,17325.0,95.0,294.42,67.0
training,2026-10-05T14:49:06.601770+00:00,151.33640771359205,17325.0,86.0,278.18,65.0
training,2026-10-05T14:49:06.601770+00:00,156.6945607215166,17325.0,98.0,306.51,68.0
training,2026-10-05T14:49:06.601770+00:00,162.11459442973137,17325.0,80.0,256.49,67.0
training,2026-10-05T14:49:06.601770+00:00,167.5339161530137,17325.0,87.0,302.68,67.0
training,2026-10-05T14:49:06.601770+00:00,172.93180188536644,17325.0,93.0,289.59,68.0
training,2026-10-05T14:49:06.601770+00:00,178.26739736646414,17325.0,99.0,285.25,68.0
training,2026-10-05T14:49:06.601770+00:00,183.7034066990018,17325.0,83.0,319.88,68.0
training,2026-10-05T14:49:06.601770+00:00,189.0998290553689,17325.0,85.0,287.8,66.0
training,2026-10-05T14:49:06.601770+00:00,194.62312875688076,17325.0,82.0,293.88,67.0
training,2026-10-05T14:49:06.601770+00:00,200.0178245306015,17325.0,91.0,301.57,66.0
training,2026-10-05T14:49:06.601770+00:00,205.371693700552,17325.0,99.0,274.66,69.0
training,2026-10-05T14:49:06.601770+00:00,210.74749910086393,17325.0,87.0,290.29,67.0
training,2026-10-05T14:49:06.601770+00:00,216.16223863512278,17325.0,93.0,255.14,67.0
training,2026-10-05T14:49:06.601770+00:00,221.6258245036006,17325.0,95.0,297.47,68.0
training,2026-10-05T14:49:06.601770+00:00,227.07716597616673,17325.0,94.0,317.83,67.0
training,2026-10-05T14:49:06.601770+00:00,232.43977372348309,17325.0,95.0,303.44,69.0
training,2026-10-05T14:49:06.601770+00:00,237.8328481540084,17325.0,95.0,298.85,68.0
training,2026-10-05T14:49:06.601770+00:00,243.22762052714825,17325.0,94.0,305.49,68.0
training,2026-10-05T14:49:06.601770+00:00,248.7171966060996,17325.0,94.0,326.56,67.0
training,2026-10-05T14:49:06.601770+00:00,254.0903529599309,17325.0,94.0,301.19,69.0
training,2026-10-05T14:49:06.601770+00:00,259.55881126224995,17325.0,80.0,296.95,66.0
training,2026-10-05T14:49:06.601770+00:00,264.99620796740055,17325.0,78.0,282.95,68.0
training,2026-10-05T14:49:06.601770+00:00,270.4494304433465,17325.0,85.0,288.68,69.0
training,2026-10-05T14:49:06.601770+00:00,275.80929390341043,17325.0,85.0,298.56,69.0
training,2026-10-05T14:49:06.601770+00:00,281.117912940681,17325.0,80.0,292.29,69.0
training,2026-10-05T14:49:06.601770+00:00,286.51435232162476,17325.0,99.0,291.6,67.0
training,2026-10-05T14:49:06.601770+00:00,291.89818097651005,17325.0,80.0,318.11,67.0
training,2026-10-05T14:49:06.601770+00:00,297.28881953656673,17325.0,90.0,292.42,70.0
training,2026-10-05T14:49:06.601770+00:00,302.7122439816594,17325.0,84.0,299.15,68.0
training,2026-10-05T14:49:06.601770+00:00,308.01458325237036,17325.0,95.0,281.47,67.0
training,2026-10-05T14:49:06.601770+00:00,313.4479865282774,17325.0,95.0,302.56,67.0
training,2026-10-05T14:49:06.601770+00:00,318.8913334235549,17325.0,86.0,277.84,66.0
training,2026-10-05T14:49:06.601770+00:00,324.2240787446499,17325.0,82.0,296.89,68.0
training,2026-10-05T14:49:06.601770+00:00,329.6210016235709,17325.0,95.0,302.52,68.0
training,2026-10-05T14:49:06.601770+00:00,334.99305252730846,17325.0,94.0,303.41,67.0
training,2026-10-05T14:49:06.601770+00:00,340.3717875704169,18657.0,98.0,309.79,68.0
training,2026-10-05T14:49:06.601770+00:00,345.6729927062988,18657.0,4.0,99.74,59.0
training,2026-10-05T14:49:06.601770+00:00,350.98905090242624,18657.0,0.0,95.55,57.0
training,2026-10-05T14:49:06.601770+00:00,356.3010974675417,18657.0,0.0,94.68,55.0
training,2026-10-05T14:49:06.601770+00:00,361.5867405459285,18657.0,0.0,94.25,55.0
training,2026-10-05T14:49:06.601770+00:00,366.9741893187165,18657.0,0.0,93.55,54.0
training,2026-10-05T14:49:06.601770+00:00,372.3218514621258,18657.0,0.0,93.67,54.0
training,2026-10-05T14:49:06.601770+00:00,377.69684306532145,18657.0,0.0,92.94,53.0
training,2026-10-05T14:49:06.601770+00:00,383.0411478728056,18657.0,0.0,92.36,53.0
training,2026-10-05T14:49:06.601770+00:00,388.42369056493044,18657.0,0.0,92.1,52.0
training,2026-10-05T14:49:06.601770+00:00,393.7945851236582,18657.0,0.0,92.04,52.0
training,2026-10-05T14:49:06.601770+00:00,399.19032295793295,18657.0,0.0,91.39,52.0
training,2026-10-05T14:49:06.601770+00:00,404.49004285782576,18657.0,0.0,91.32,51.0
training,2026-10-05T14:49:06.601770+00:00,409.7817634344101,18657.0,0.0,91.31,51.0
training,2026-10-05T14:49:06.601770+00:00,415.1691363379359,18657.0,0.0,91.01,50.0
training,2026-10-05T14:49:06.601770+00:00,420.5191622674465,18657.0,0.0,90.23,50.0
training,2026-10-05T14:49:06.601770+00:00,425.85030726343393,18657.0,0.0,89.69,49.0
training,2026-10-05T14:49:06.601770+00:00,431.17996529489756,18657.0,0.0,89.48,48.0
training,2026-10-05T14:49:06.601770+00:00,436.5077324360609,18657.0,0.0,89.02,47.0
training,2026-10-05T14:49:06.601770+00:00,441.8492282181978,18657.0,0.0,88.44,47.0
training,2026-10-05T14:49:06.601770+00:00,447.2304804697633,18657.0,0.0,87.59,46.0
training,2026-10-05T14:49:06.601770+00:00,452.57407207787037,18657.0,90.0,288.91,53.0
training,2026-10-05T14:49:06.601770+00:00,457.94789539277554,18657.0,76.0,280.14,57.0
training,2026-10-05T14:49:06.601770+00:00,463.3935201317072,18659.0,94.0,290.36,58.0
training,2026-10-05T14:49:06.601770+00:00,468.76900923252106,18659.0,94.0,274.87,59.0
training,2026-10-05T14:49:06.601770+00:00,474.2173408791423,18659.0,75.0,228.17,58.0
training,2026-10-05T14:49:06.601770+00:00,479.64505109936,18659.0,99.0,287.32,61.0
training,2026-10-05T14:49:06.601770+00:00,485.0609829798341,18659.0,96.0,277.75,60.0
training,2026-10-05T14:49:06.601770+00:00,490.46665105968714,18659.0,96.0,305.53,61.0
training,2026-10-05T14:49:06.601770+00:00,495.89334301650524,18659.0,86.0,291.84,63.0
training,2026-10-05T14:49:06.601770+00:00,501.2775183916092,18659.0,90.0,306.75,64.0
training,2026-10-05T14:49:06.601770+00:00,506.7137322202325,18659.0,94.0,304.22,66.0
training,2026-10-05T14:49:06.601770+00:00,512.2699690312147,18659.0,90.0,292.36,65.0
training,2026-10-05T14:49:06.601770+00:00,517.7017971724272,18659.0,90.0,303.26,66.0
training,2026-10-05T14:49:06.601770+00:00,523.1073352769017,18659.0,83.0,282.81,67.0
training,2026-10-05T14:49:06.601770+00:00,528.5706897675991,18659.0,95.0,259.19,65.0
training,2026-10-05T14:49:06.601770+00:00,534.004759170115,18659.0,96.0,313.1,65.0
training,2026-10-05T14:49:06.601770+00:00,539.4054002091289,18659.0,85.0,288.64,67.0
training,2026-10-05T14:49:06.601770+00:00,544.7507703378797,18659.0,95.0,296.52,68.0
training,2026-10-05T14:49:06.601770+00:00,550.0948413163424,18659.0,81.0,291.32,66.0
training,2026-10-05T14:49:06.601770+00:00,555.5660548508167,18659.0,95.0,312.96,67.0
training,2026-10-05T14:49:06.601770+00:00,560.9722630307078,18659.0,89.0,285.0,69.0
training,2026-10-05T14:49:06.601770+00:00,566.3134768456221,18659.0,76.0,273.85,66.0
training,2026-10-05T14:49:06.601770+00:00,571.6540573313832,18659.0,85.0,319.02,67.0
training,2026-10-05T14:49:06.601770+00:00,577.0018362030387,18659.0,85.0,288.85,67.0
training,2026-10-05T14:49:06.601770+00:00,582.3672896176577,18659.0,87.0,258.28,67.0
training,2026-10-05T14:49:06.601770+00:00,587.7368412017822,18659.0,87.0,302.93,68.0
training,2026-10-05T14:49:06.601770+00:00,593.1122209876776,18659.0,90.0,301.37,69.0
training,2026-10-05T14:49:06.601770+00:00,598.4674045518041,18659.0,94.0,285.53,67.0
training,2026-10-05T14:49:06.601770+00:00,603.9005884155631,18659.0,83.0,296.88,69.0
training,2026-10-05T14:49:06.601770+00:00,609.3332385271788,18659.0,97.0,301.0,67.0
training,2026-10-05T14:49:06.601770+00:00,614.7543885037303,18659.0,93.0,295.63,66.0
training,2026-10-05T14:49:06.601770+00:00,620.1640572696924,18659.0,81.0,316.75,67.0
training,2026-10-05T14:49:06.601770+00:00,625.5712448954582,18659.0,94.0,302.25,68.0
training,2026-10-05T14:49:06.601770+00:00,631.027340516448,18659.0,85.0,305.86,67.0
training,2026-10-05T14:49:06.601770+00:00,636.3498715236783,18659.0,82.0,291.42,68.0
training,2026-10-05T14:49:06.601770+00:00,641.7187375426292,18659.0,93.0,293.84,68.0
training,2026-10-05T14:49:06.601770+00:00,647.0879248157144,18659.0,90.0,302.2,66.0
training,2026-10-05T14:49:06.601770+00:00,652.4668662175536,18659.0,99.0,296.56,69.0
training,2026-10-05T14:49:06.601770+00:00,657.9909076839685,18659.0,95.0,313.79,68.0
training,2026-10-05T14:49:06.601770+00:00,663.4098048955202,18659.0,87.0,278.93,67.0
training,2026-10-05T14:49:06.601770+00:00,668.7792038246989,18659.0,94.0,280.58,67.0
training,2026-10-05T14:49:06.601770+00:00,674.1433402374387,18659.0,81.0,299.07,69.0
training,2026-10-05T14:49:06.601770+00:00,679.54205647856,18659.0,81.0,297.52,66.0
training,2026-10-05T14:49:06.601770+00:00,684.9484034255147,18659.0,94.0,308.67,67.0
training,2026-10-05T14:49:06.601770+00:00,690.3949833735824,18659.0,94.0,305.65,68.0
training,2026-10-05T14:49:06.601770+00:00,695.7576702684164,18659.0,80.0,295.51,69.0
training,2026-10-05T14:49:06.601770+00:00,701.2123702168465,18659.0,94.0,297.03,68.0
training,2026-10-05T14:49:06.601770+00:00,706.6250782981515,18659.0,84.0,237.86,66.0
training,2026-10-05T14:49:06.601770+00:00,712.1215774863958,18659.0,94.0,289.63,68.0
training,2026-10-05T14:49:06.601770+00:00,717.5506095141172,18659.0,81.0,279.6,66.0
training,2026-10-05T14:49:06.601770+00:00,722.9718033224344,18659.0,90.0,300.73,69.0
training,2026-10-05T14:49:06.601770+00:00,728.3447881191969,18659.0,77.0,322.71,65.0
training,2026-10-05T14:49:06.601770+00:00,733.7160909101367,18659.0,5.0,98.98,58.0
training,2026-10-05T14:49:06.601770+00:00,739.0556527897716,18659.0,0.0,95.99,57.0
training,2026-10-05T14:49:06.601770+00:00,744.3807521536946,18659.0,0.0,94.94,55.0
training,2026-10-05T14:49:06.601770+00:00,749.742483727634,18659.0,0.0,93.95,54.0
training,2026-10-05T14:49:06.601770+00:00,755.1001164838672,18659.0,0.0,93.41,54.0
training,2026-10-05T14:49:06.601770+00:00,760.4239814132452,18659.0,0.0,93.28,53.0
training,2026-10-05T14:49:06.601770+00:00,765.7626080214977,18659.0,0.0,92.34,52.0
training,2026-10-05T14:49:06.601770+00:00,771.1342046186328,18659.0,0.0,92.07,52.0
training,2026-10-05T14:49:06.601770+00:00,776.5065549910069,18659.0,0.0,91.83,52.0
training,2026-10-05T14:49:06.601770+00:00,781.8045238927007,18659.0,0.0,91.6,52.0
training,2026-10-05T14:49:06.601770+00:00,787.0982958003879,18659.0,0.0,91.45,51.0
training,2026-10-05T14:49:06.601770+00:00,792.416717775166,18659.0,0.0,91.28,51.0
training,2026-10-05T14:49:06.601770+00:00,797.7587215527892,18659.0,0.0,91.02,51.0
training,2026-10-05T14:49:06.601770+00:00,803.113811828196,18659.0,0.0,91.02,51.0
training,2026-10-05T14:49:06.601770+00:00,808.5047088339925,18659.0,0.0,90.62,50.0
training,2026-10-05T14:49:06.601770+00:00,813.8464406728745,18659.0,0.0,90.05,49.0
training,2026-10-05T14:49:06.601770+00:00,819.2249113917351,18659.0,0.0,89.81,49.0
training,2026-10-05T14:49:06.601770+00:00,824.599650323391,18659.0,0.0,89.37,48.0
training,2026-10-05T14:49:06.601770+00:00,829.9920298457146,18659.0,0.0,88.65,47.0
training,2026-10-05T14:49:06.601770+00:00,835.3320403248072,18659.0,0.0,88.6,46.0
training,2026-10-05T14:49:06.601770+00:00,840.7604340687394,18659.0,93.0,282.16,53.0
training,2026-10-05T14:49:06.601770+00:00,846.1743014901876,18659.0,90.0,274.25,56.0
training,2026-10-05T14:49:06.601770+00:00,851.5924542397261,18659.0,93.0,293.89,57.0
training,2026-10-05T14:49:06.601770+00:00,856.965194940567,18659.0,86.0,284.47,61.0
training,2026-10-05T14:49:06.601770+00:00,862.3709209784865,18659.0,94.0,305.8,61.0
training,2026-10-05T14:49:06.601770+00:00,867.7453922182322,18659.0,93.0,311.83,61.0
training,2026-10-05T14:49:06.601770+00:00,873.0634633302689,18659.0,90.0,296.43,64.0
training,2026-10-05T14:49:06.601770+00:00,878.4323776811361,18659.0,96.0,293.13,65.0
training,2026-10-05T14:49:06.601770+00:00,883.7774583101273,18659.0,2.0,157.46,58.0
training,2026-10-05T14:49:06.601770+00:00,889.1064093858004,18659.0,0.0,94.68,55.0
training,2026-10-05T14:49:06.601770+00:00,894.5569352060556,18659.0,0.0,92.44,54.0
training,2026-10-05T14:49:06.601770+00:00,899.9332048892975,18659.0,0.0,91.83,52.0
training,2026-10-05T14:49:06.601770+00:00,905.3503636047244,18659.0,0.0,91.05,51.0
training,2026-10-05T14:49:06.601770+00:00,910.7484871596098,18659.0,0.0,90.02,50.0
training,2026-10-05T14:49:06.601770+00:00,916.1725547611713,18659.0,0.0,89.32,49.0
training,2026-10-05T14:49:06.601770+00:00,921.5072833895683,18659.0,0.0,88.94,48.0
training,2026-10-05T14:49:06.601770+00:00,926.8005097284913,18659.0,0.0,88.01,47.0
training,2026-10-05T14:49:06.601770+00:00,932.0797089338303,18659.0,0.0,86.92,47.0
training,2026-10-05T14:49:06.601770+00:00,937.3899996951222,18659.0,0.0,86.51,46.0
training,2026-10-05T14:49:06.601770+00:00,942.7648403048515,18659.0,0.0,86.46,45.0
training,2026-10-05T14:49:06.601770+00:00,948.1289299204946,18659.0,0.0,86.63,45.0
training,2026-10-05T14:49:06.601770+00:00,953.5504470765591,18659.0,81.0,278.21,53.0
training,2026-10-05T14:49:06.601770+00:00,958.8855914324522,18659.0,93.0,309.86,54.0
training,2026-10-05T14:49:06.601770+00:00,964.3284733146429,18659.0,92.0,270.7,56.0
training,2026-10-05T14:49:06.601770+00:00,969.7393626794219,18659.0,75.0,273.78,56.0
training,2026-10-05T14:49:06.601770+00:00,975.0921466052532,18659.0,95.0,273.8,61.0
training,2026-10-05T14:49:06.601770+00:00,980.4452831819654,18659.0,95.0,311.83,59.0
training,2026-10-05T14:49:06.601770+00:00,985.7839581370354,18659.0,91.0,289.39,59.0
training,2026-10-05T14:49:06.601770+00:00,991.1332652270794,18659.0,95.0,292.84,62.0
training,2026-10-05T14:49:06.601770+00:00,996.4866408333182,18659.0,96.0,286.32,60.0
training,2026-10-05T14:49:06.601770+00:00,1001.8005432933569,18659.0,83.0,288.48,64.0
training,2026-10-05T14:49:06.601770+00:00,1007.1726344749331,18659.0,78.0,310.84,64.0
training,2026-10-05T14:49:06.601770+00:00,1012.5462123453617,18659.0,91.0,317.78,62.0
training,2026-10-05T14:49:06.601770+00:00,1017.9665156751871,18659.0,96.0,309.03,63.0
training,2026-10-05T14:49:06.601770+00:00,1023.4139312878251,18659.0,90.0,273.98,66.0
training,2026-10-05T14:49:06.601770+00:00,1028.8413171097636,18659.0,90.0,297.33,64.0
training,2026-10-05T14:49:06.601770+00:00,1034.2354230731726,18659.0,99.0,303.19,67.0
training,2026-10-05T14:49:06.601770+00:00,1039.664836935699,18659.0,93.0,301.77,67.0
training,2026-10-05T14:49:06.601770+00:00,1045.0653147995472,18659.0,95.0,291.09,64.0
training,2026-10-05T14:49:06.601770+00:00,1050.4005452543497,18659.0,85.0,272.38,67.0
training,2026-10-05T14:49:06.601770+00:00,1055.8153626173735,18659.0,92.0,284.09,65.0
training,2026-10-05T14:49:06.601770+00:00,1061.146716028452,18659.0,95.0,291.45,66.0
training,2026-10-05T14:49:06.601770+00:00,1066.5267806127667,18659.0,90.0,256.53,67.0
training,2026-10-05T14:49:06.601770+00:00,1071.8636045902967,18659.0,95.0,299.93,64.0
training,2026-10-05T14:49:06.601770+00:00,1077.2624282985926,18659.0,85.0,290.04,68.0
training,2026-10-05T14:49:06.601770+00:00,1082.6888089478016,18659.0,88.0,289.13,69.0
training,2026-10-05T14:49:06.601770+00:00,1088.1375646293163,18659.0,99.0,289.86,67.0
training,2026-10-05T14:49:06.601770+00:00,1093.5702397450805,18659.0,93.0,310.6,68.0
training,2026-10-05T14:49:06.601770+00:00,1098.9683547616005,18659.0,94.0,293.4,66.0
training,2026-10-05T14:49:06.601770+00:00,1104.3078086450696,18659.0,76.0,293.87,67.0
training,2026-10-05T14:49:06.601770+00:00,1109.7344527170062,18659.0,78.0,304.22,66.0
training,2026-10-05T14:49:06.601770+00:00,1115.1091256067157,18659.0,94.0,290.7,69.0
training,2026-10-05T14:49:06.601770+00:00,1120.4920053258538,18659.0,80.0,254.6,67.0
training,2026-10-05T14:49:06.601770+00:00,1125.904801800847,18659.0,81.0,315.03,69.0
training,2026-10-05T14:49:06.601770+00:00,1131.2606646493077,18659.0,97.0,289.07,67.0
training,2026-10-05T14:49:06.601770+00:00,1136.6014883294702,18659.0,99.0,304.02,70.0
training,2026-10-05T14:49:06.601770+00:00,1142.0046679005027,18659.0,98.0,300.7,69.0
training,2026-10-05T14:49:06.601770+00:00,1147.2971698716283,18659.0,90.0,297.35,69.0
training,2026-10-05T14:49:06.601770+00:00,1152.6509906053543,18659.0,90.0,295.93,68.0
training,2026-10-05T14:49:06.601770+00:00,1157.9577688127756,18659.0,85.0,287.56,66.0
training,2026-10-05T14:49:06.601770+00:00,1163.3044452294707,18659.0,72.0,306.68,67.0
training,2026-10-05T14:49:06.601770+00:00,1168.6537292823195,18659.0,87.0,302.69,67.0
training,2026-10-05T14:49:06.601770+00:00,1174.0325269550085,18659.0,81.0,250.79,68.0
training,2026-10-05T14:49:06.601770+00:00,1179.3510763123631,18659.0,94.0,301.42,66.0
training,2026-10-05T14:49:06.601770+00:00,1184.722808867693,18659.0,92.0,304.71,68.0
training,2026-10-05T14:49:06.601770+00:00,1190.1100642606616,18659.0,78.0,290.3,69.0
training,2026-10-05T14:49:06.601770+00:00,1195.539974540472,18659.0,96.0,307.23,69.0
training,2026-10-05T14:49:06.601770+00:00,1200.9200734496117,18659.0,99.0,313.41,68.0
training,2026-10-05T14:49:06.601770+00:00,1206.251617245376,18659.0,95.0,293.44,69.0
training,2026-10-05T14:49:06.601770+00:00,1211.6105344295502,18659.0,95.0,296.12,67.0
training,2026-10-05T14:49:06.601770+00:00,1216.9301479533315,18659.0,96.0,289.38,67.0
training,2026-10-05T14:49:06.601770+00:00,1222.2943808734417,18659.0,82.0,274.07,69.0
training,2026-10-05T14:49:06.601770+00:00,1227.696901254356,18659.0,83.0,249.58,69.0
training,2026-10-05T14:49:06.601770+00:00,1233.0980302020907,18659.0,95.0,311.26,68.0
training,2026-10-05T14:49:06.601770+00:00,1238.4659308716655,18659.0,97.0,289.45,69.0
training,2026-10-05T14:49:06.601770+00:00,1243.796076335013,18659.0,99.0,310.86,67.0
training,2026-10-05T14:49:06.601770+00:00,1249.1508406847715,18659.0,95.0,284.49,67.0
training,2026-10-05T14:49:06.601770+00:00,1254.5821211263537,18659.0,93.0,273.31,69.0
training,2026-10-05T14:49:06.601770+00:00,1259.968628667295,18659.0,94.0,286.03,67.0
training,2026-10-05T14:49:06.601770+00:00,1265.3793161511421,18659.0,98.0,252.92,66.0
training,2026-10-05T14:49:06.601770+00:00,1270.7437371611595,18659.0,86.0,317.68,69.0
training,2026-10-05T14:49:06.601770+00:00,1276.1026136055589,18659.0,4.0,98.04,58.0
training,2026-10-05T14:49:06.601770+00:00,1281.4730560928583,18659.0,0.0,94.94,57.0
training,2026-10-05T14:49:06.601770+00:00,1286.8286077529192,18659.0,0.0,93.98,55.0
training,2026-10-05T14:49:06.601770+00:00,1292.1565690636635,18659.0,0.0,92.77,54.0
training,2026-10-05T14:49:06.601770+00:00,1297.5484455004334,18659.0,0.0,91.71,53.0
training,2026-10-05T14:49:06.601770+00:00,1302.8919497728348,18659.0,0.0,91.35,52.0
training,2026-10-05T14:49:06.601770+00:00,1308.2183534279466,18659.0,0.0,90.84,51.0
training,2026-10-05T14:49:06.601770+00:00,1313.599930651486,18659.0,0.0,89.42,50.0
training,2026-10-05T14:49:06.601770+00:00,1318.9827757179737,18659.0,0.0,89.27,49.0
training,2026-10-05T14:49:06.601770+00:00,1324.4293055161834,18659.0,0.0,88.61,48.0
training,2026-10-05T14:49:06.601770+00:00,1329.850350908935,18659.0,0.0,88.1,47.0
training,2026-10-05T14:49:06.601770+00:00,1335.2602935880423,18659.0,88.0,301.43,57.0
training,2026-10-05T14:49:06.601770+00:00,1340.6917806193233,18659.0,88.0,298.37,57.0
training,2026-10-05T14:49:06.601770+00:00,1346.1617428958416,18659.0,89.0,282.32,60.0
training,2026-10-05T14:49:06.601770+00:00,1351.5420206785202,18659.0,93.0,273.36,58.0
training,2026-10-05T14:49:06.601770+00:00,1356.9381627738476,18659.0,92.0,289.57,62.0
training,2026-10-05T14:49:06.601770+00:00,1362.2991622537374,18659.0,86.0,290.16,62.0
training,2026-10-05T14:49:06.601770+00:00,1367.6621315479279,18659.0,94.0,253.77,60.0
training,2026-10-05T14:49:06.601770+00:00,1373.121617488563,18659.0,94.0,286.33,60.0
training,2026-10-05T14:49:06.601770+00:00,1378.5578546896577,18659.0,82.0,309.48,62.0
training,2026-10-05T14:49:06.601770+00:00,1383.99765509367,18659.0,95.0,304.18,62.0
training,2026-10-05T14:49:06.601770+00:00,1389.3710849955678,18659.0,95.0,307.78,63.0
training,2026-10-05T14:49:06.601770+00:00,1394.7933127731085,18659.0,94.0,293.37,66.0
training,2026-10-05T14:49:06.601770+00:00,1400.2398752570152,18659.0,95.0,280.07,64.0
training,2026-10-05T14:49:06.601770+00:00,1405.6152607053518,18659.0,94.0,295.81,64.0
training,2026-10-05T14:49:06.601770+00:00,1411.043072834611,18659.0,87.0,300.13,64.0
training,2026-10-05T14:49:06.601770+00:00,1416.4503287002444,18659.0,93.0,282.49,64.0
training,2026-10-05T14:49:06.601770+00:00,1421.8304594531655,18659.0,93.0,300.56,63.0
training,2026-10-05T14:49:06.601770+00:00,1427.281519599259,18659.0,98.0,302.99,65.0
training,2026-10-05T14:49:06.601770+00:00,1432.6657978221774,18659.0,95.0,302.67,67.0
training,2026-10-05T14:49:06.601770+00:00,1438.0042963325977,18659.0,95.0,312.76,65.0
training,2026-10-05T14:49:06.601770+00:00,1443.3696717470884,18659.0,94.0,270.58,67.0
training,2026-10-05T14:49:06.601770+00:00,1448.716327495873,18659.0,99.0,284.92,67.0
training,2026-10-05T14:49:06.601770+00:00,1454.1005061417818,18659.0,79.0,305.25,68.0
training,2026-10-05T14:49:06.601770+00:00,1459.4471047520638,18659.0,76.0,279.51,66.0
training,2026-10-05T14:49:06.601770+00:00,1464.848627768457,18659.0,95.0,300.17,68.0
training,2026-10-05T14:49:06.601770+00:00,1470.2085555568337,18659.0,96.0,299.06,69.0
training,2026-10-05T14:49:06.601770+00:00,1475.5979674383998,18659.0,86.0,313.19,66.0
training,2026-10-05T14:49:06.601770+00:00,1480.997127637267,18659.0,86.0,310.76,68.0
training,2026-10-05T14:49:06.601770+00:00,1486.3947931081057,18659.0,67.0,278.15,67.0
training,2026-10-05T14:49:06.601770+00:00,1491.807573325932,18659.0,95.0,311.46,67.0
training,2026-10-05T14:49:06.601770+00:00,1497.2218837738037,18659.0,95.0,293.88,66.0
training,2026-10-05T14:49:06.601770+00:00,1502.6645404323936,18659.0,94.0,295.87,65.0
training,2026-10-05T14:49:06.601770+00:00,1508.0040455833077,18659.0,94.0,307.59,68.0
training,2026-10-05T14:49:06.601770+00:00,1513.3223291262984,18659.0,97.0,315.19,68.0
training,2026-10-05T14:49:06.601770+00:00,1518.6854262724519,18659.0,77.0,306.0,67.0
training,2026-10-05T14:49:06.601770+00:00,1524.0246204659343,18659.0,83.0,283.99,66.0
training,2026-10-05T14:49:06.601770+00:00,1529.5238956809044,18659.0,99.0,285.81,66.0
training,2026-10-05T14:49:06.601770+00:00,1534.9212468490005,18659.0,75.0,291.1,69.0
training,2026-10-05T14:49:06.601770+00:00,1540.3432348817587,18659.0,83.0,296.57,66.0
training,2026-10-05T14:49:06.601770+00:00,1545.7144297212362,18659.0,93.0,305.24,69.0
training,2026-10-05T14:49:06.601770+00:00,1551.0834005773067,18659.0,81.0,283.77,67.0
training,2026-10-05T14:49:06.601770+00:00,1556.4537630453706,18659.0,82.0,299.36,65.0
training,2026-10-05T14:49:06.601770+00:00,1561.8736015558243,18659.0,76.0,293.28,68.0
training,2026-10-05T14:49:06.601770+00:00,1567.256131902337,18659.0,97.0,319.97,68.0
training,2026-10-05T14:49:06.601770+00:00,1572.6659044623375,18659.0,94.0,285.23,66.0
training,2026-10-05T14:49:06.601770+00:00,1577.9880720600486,18659.0,4.0,99.92,59.0
training,2026-10-05T14:49:06.601770+00:00,1583.3509711176157,18659.0,0.0,96.17,57.0
training,2026-10-05T14:49:06.601770+00:00,1588.6543303355575,18659.0,0.0,94.58,55.0
training,2026-10-05T14:49:06.601770+00:00,1594.0256673246622,18659.0,0.0,93.61,54.0
training,2026-10-05T14:49:06.601770+00:00,1599.3476291298866,18659.0,0.0,92.56,52.0
training,2026-10-05T14:49:06.601770+00:00,1604.6624243929982,18659.0,0.0,91.59,51.0
training,2026-10-05T14:49:06.601770+00:00,1610.027429074049,18659.0,0.0,91.37,50.0
training,2026-10-05T14:49:06.601770+00:00,1615.3811302930117,18659.0,0.0,90.65,50.0
training,2026-10-05T14:49:06.601770+00:00,1620.7210495844483,18659.0,0.0,90.17,49.0
training,2026-10-05T14:49:06.601770+00:00,1626.1633502542973,18659.0,0.0,90.05,49.0
training,2026-10-05T14:49:06.601770+00:00,1631.4519620612264,18659.0,0.0,89.57,49.0
training,2026-10-05T14:49:06.601770+00:00,1636.7749352678657,18659.0,0.0,89.37,48.0
training,2026-10-05T14:49:06.601770+00:00,1642.1465269178152,18659.0,0.0,89.08,47.0
training,2026-10-05T14:49:06.601770+00:00,1647.5766771510243,18659.0,95.0,289.73,56.0
training,2026-10-05T14:49:06.601770+00:00,1652.9127082154155,18659.0,79.0,292.84,56.0
training,2026-10-05T14:49:06.601770+00:00,1658.231510385871,18659.0,78.0,294.19,60.0
training,2026-10-05T14:49:06.601770+00:00,1663.5779621750116,18659.0,93.0,303.37,59.0
training,2026-10-05T14:49:06.601770+00:00,1668.9747024402022,18659.0,73.0,247.92,58.0
training,2026-10-05T14:49:06.601770+00:00,1674.293126374483,18659.0,93.0,304.92,60.0
training,2026-10-05T14:49:06.601770+00:00,1679.7163233608007,18659.0,81.0,293.03,62.0
training,2026-10-05T14:49:06.601770+00:00,1685.1027891114354,18659.0,99.0,299.98,64.0
training,2026-10-05T14:49:06.601770+00:00,1690.5689053088427,18659.0,94.0,289.09,65.0
training,2026-10-05T14:49:06.601770+00:00,1695.972492866218,18659.0,78.0,284.37,66.0
training,2026-10-05T14:49:06.601770+00:00,1701.371546342969,18659.0,87.0,282.96,64.0
training,2026-10-05T14:49:06.601770+00:00,1706.7267779484391,18659.0,95.0,294.16,67.0
training,2026-10-05T14:49:06.601770+00:00,1712.1080545410514,18659.0,84.0,290.42,67.0
training,2026-10-05T14:49:06.601770+00:00,1717.5430536717176,18659.0,84.0,300.97,65.0
training,2026-10-05T14:49:06.601770+00:00,1722.9175297543406,18659.0,90.0,301.02,67.0
training,2026-10-05T14:49:06.601770+00:00,1728.2317921072245,18659.0,3.0,98.91,58.0
training,2026-10-05T14:49:06.601770+00:00,1733.6210851371288,18659.0,0.0,95.68,56.0
training,2026-10-05T14:49:06.601770+00:00,1739.0075444281101,18659.0,0.0,93.64,54.0
training,2026-10-05T14:49:06.601770+00:00,1744.3104398995638,18659.0,0.0,92.32,52.0
training,2026-10-05T14:49:06.601770+00:00,1749.649488478899,18659.0,0.0,92.02,51.0
training,2026-10-05T14:49:06.601770+00:00,1755.0483663454652,18659.0,0.0,90.26,50.0
training,2026-10-05T14:49:06.601770+00:00,1760.450869359076,18659.0,0.0,88.91,48.0
training,2026-10-05T14:49:06.601770+00:00,1765.801240131259,18659.0,0.0,88.39,47.0
training,2026-10-05T14:49:06.601770+00:00,1771.2126954644918,18659.0,0.0,88.07,46.0
training,2026-10-05T14:49:06.601770+00:00,1776.5509429425001,18659.0,0.0,87.42,46.0
training,2026-10-05T14:49:06.601770+00:00,1782.008223362267,18659.0,80.0,122.11,50.0
training,2026-10-05T14:49:06.601770+00:00,1787.4000946953893,18659.0,94.0,279.89,53.0
training,2026-10-05T14:49:06.601770+00:00,1792.7581838294864,18659.0,92.0,294.94,57.0
training,2026-10-05T14:49:06.601770+00:00,1798.0997374281287,18659.0,92.0,295.04,56.0
training,2026-10-05T14:49:06.601770+00:00,1803.4243570268154,18659.0,66.0,280.62,54.0
training,2026-10-05T14:49:06.601770+00:00,1808.820469893515,18659.0,94.0,289.44,60.0
training,2026-10-05T14:49:06.601770+00:00,1814.1902693361044,18659.0,93.0,295.16,62.0
training,2026-10-05T14:49:06.601770+00:00,1819.5164171755314,18659.0,93.0,280.68,62.0
training,2026-10-05T14:49:06.601770+00:00,1824.945653051138,18659.0,92.0,300.08,62.0
training,2026-10-05T14:49:06.601770+00:00,1830.3741814047098,18659.0,83.0,298.5,61.0
training,2026-10-05T14:49:06.601770+00:00,1835.7564480677247,18659.0,94.0,286.97,62.0
training,2026-10-05T14:49:06.601770+00:00,1841.1171430125833,18659.0,78.0,298.72,64.0
training,2026-10-05T14:49:06.601770+00:00,1846.4639880433679,18659.0,86.0,304.0,65.0
training,2026-10-05T14:49:06.601770+00:00,1851.8631820827723,18659.0,94.0,314.76,66.0
training,2026-10-05T14:49:06.601770+00:00,1857.2027949541807,18659.0,0.0,272.5,59.0
training,2026-10-05T14:49:06.601770+00:00,1862.545323908329,18659.0,98.0,277.05,62.0
training,2026-10-05T14:49:06.601770+00:00,1867.8985791951418,18659.0,89.0,298.84,64.0
training,2026-10-05T14:49:06.601770+00:00,1873.256664685905,18659.0,82.0,295.11,64.0
training,2026-10-05T14:49:06.601770+00:00,1878.5771777555346,18659.0,72.0,276.74,62.0
training,2026-10-05T14:49:06.601770+00:00,1883.9392418414354,18659.0,93.0,300.14,66.0
training,2026-10-05T14:49:06.601770+00:00,1889.326057948172,18659.0,77.0,278.82,67.0
training,2026-10-05T14:49:06.601770+00:00,1894.7550709620118,18659.0,95.0,285.45,65.0
training,2026-10-05T14:49:06.601770+00:00,1900.167878165841,18659.0,80.0,289.03,64.0
training,2026-10-05T14:49:06.601770+00:00,1905.6054208278656,18659.0,98.0,274.51,67.0
training,2026-10-05T14:49:06.601770+00:00,1910.9975867941976,18659.0,94.0,309.57,65.0
training,2026-10-05T14:49:06.601770+00:00,1916.3799032717943,18659.0,94.0,298.43,67.0
training,2026-10-05T14:49:06.601770+00:00,1921.7330783754587,18659.0,94.0,318.14,67.0
training,2026-10-05T14:49:06.601770+00:00,1927.098922163248,18659.0,94.0,304.39,66.0
training,2026-10-05T14:49:06.601770+00:00,1932.48634698987,18659.0,99.0,277.42,66.0
training,2026-10-05T14:49:06.601770+00:00,1937.890625230968,18659.0,83.0,310.86,66.0
training,2026-10-05T14:49:06.601770+00:00,1943.2580327689648,18659.0,95.0,276.35,65.0
training,2026-10-05T14:49:06.601770+00:00,1948.687538601458,18659.0,97.0,274.98,65.0
training,2026-10-05T14:49:06.601770+00:00,1954.0299135372043,18659.0,82.0,285.92,67.0
training,2026-10-05T14:49:06.601770+00:00,1959.3862331956625,18659.0,94.0,308.02,67.0
training,2026-10-05T14:49:06.601770+00:00,1964.7914232686162,18659.0,95.0,296.99,66.0
training,2026-10-05T14:49:06.601770+00:00,1970.1955676153302,18659.0,91.0,292.53,66.0
training,2026-10-05T14:49:06.601770+00:00,1975.6446248441935,18659.0,88.0,288.26,67.0
training,2026-10-05T14:49:06.601770+00:00,1981.0278738066554,18659.0,90.0,290.23,67.0
training,2026-10-05T14:49:06.601770+00:00,1986.4727898016572,18659.0,93.0,301.85,68.0
training,2026-10-05T14:49:06.601770+00:00,1991.8263792321086,18659.0,84.0,278.9,66.0
training,2026-10-05T14:49:06.601770+00:00,1997.2060112059116,18659.0,81.0,289.53,66.0
training,2026-10-05T14:49:06.601770+00:00,2002.6064794138074,18659.0,92.0,293.61,68.0
training,2026-10-05T14:49:06.601770+00:00,2007.9212626963854,18659.0,91.0,321.1,67.0
training,2026-10-05T14:49:06.601770+00:00,2013.3425836786628,18659.0,82.0,304.6,67.0
training,2026-10-05T14:49:06.601770+00:00,2018.6562287807465,18659.0,95.0,310.4,69.0
training,2026-10-05T14:49:06.601770+00:00,2024.0168533101678,18659.0,90.0,283.57,68.0
training,2026-10-05T14:49:06.601770+00:00,2029.436917155981,18659.0,80.0,292.61,68.0
training,2026-10-05T14:49:06.601770+00:00,2034.800648458302,18659.0,96.0,307.81,65.0
training,2026-10-05T14:49:06.601770+00:00,2040.1569179445505,18659.0,94.0,316.2,66.0
training,2026-10-05T14:49:06.601770+00:00,2045.5293353050947,18659.0,95.0,287.73,69.0
training,2026-10-05T14:49:06.601770+00:00,2050.9076763764024,18659.0,78.0,290.79,69.0
training,2026-10-05T14:49:06.601770+00:00,2056.312004350126,18659.0,98.0,253.79,68.0
training,2026-10-05T14:49:06.601770+00:00,2061.6995107233524,18659.0,83.0,302.47,67.0
training,2026-10-05T14:49:06.601770+00:00,2067.116956181824,18659.0,90.0,283.73,68.0
training,2026-10-05T14:49:06.601770+00:00,2072.528214029968,18659.0,94.0,313.3,69.0
training,2026-10-05T14:49:06.601770+00:00,2077.940679654479,18659.0,80.0,279.47,69.0
training,2026-10-05T14:49:06.601770+00:00,2083.3497061878443,18659.0,94.0,292.29,67.0
training,2026-10-05T14:49:06.601770+00:00,2088.733478039503,18659.0,95.0,300.65,67.0
training,2026-10-05T14:49:06.601770+00:00,2094.1201273575425,18659.0,92.0,295.14,68.0
training,2026-10-05T14:49:06.601770+00:00,2099.5208165869117,18659.0,87.0,276.74,67.0
training,2026-10-05T14:49:06.601770+00:00,2104.9547043293715,18659.0,99.0,303.69,67.0
training,2026-10-05T14:49:06.601770+00:00,2110.2692376971245,18659.0,4.0,100.04,60.0
training,2026-10-05T14:49:06.601770+00:00,2115.65577019006,18659.0,0.0,96.18,57.0
training,2026-10-05T14:49:06.601770+00:00,2121.054438635707,18659.0,0.0,94.44,55.0
training,2026-10-05T14:49:06.601770+00:00,2126.4468180164695,18659.0,0.0,92.93,53.0
training,2026-10-05T14:49:06.601770+00:00,2131.8081336840987,18659.0,0.0,92.17,52.0
training,2026-10-05T14:49:06.601770+00:00,2137.2172423899174,18659.0,0.0,91.53,50.0
training,2026-10-05T14:49:06.601770+00:00,2142.6540297344327,18659.0,0.0,90.06,49.0
training,2026-10-05T14:49:06.601770+00:00,2148.012989960611,18659.0,0.0,89.39,48.0
training,2026-10-05T14:49:06.601770+00:00,2153.3546835035086,18659.0,0.0,88.17,47.0
training,2026-10-05T14:49:06.601770+00:00,2158.6912077367306,18659.0,0.0,87.78,46.0
training,2026-10-05T14:49:06.601770+00:00,2164.0746887624264,18659.0,99.0,281.34,54.0
training,2026-10-05T14:49:06.601770+00:00,2169.4040254950523,18659.0,76.0,288.92,56.0
training,2026-10-05T14:49:06.601770+00:00,2174.7643567174673,18659.0,96.0,283.08,59.0
training,2026-10-05T14:49:06.601770+00:00,2180.1690558046103,18659.0,80.0,279.27,58.0
training,2026-10-05T14:49:06.601770+00:00,2185.52721131593,18659.0,89.0,306.16,61.0
training,2026-10-05T14:49:06.601770+00:00,2190.9514493644238,18659.0,94.0,298.01,58.0
training,2026-10-05T14:49:06.601770+00:00,2196.4067827686667,18659.0,84.0,271.94,60.0
training,2026-10-05T14:49:06.601770+00:00,2201.7632781490684,18659.0,88.0,289.54,63.0
training,2026-10-05T14:49:06.601770+00:00,2207.1613049954176,18659.0,87.0,251.83,63.0
training,2026-10-05T14:49:06.601770+00:00,2212.618824928999,18659.0,81.0,316.9,63.0
training,2026-10-05T14:49:06.601770+00:00,2217.958455979824,18659.0,77.0,290.22,65.0
training,2026-10-05T14:49:06.601770+00:00,2223.314940750599,18659.0,79.0,297.15,64.0
training,2026-10-05T14:49:06.601770+00:00,2228.6687085926533,18659.0,79.0,297.54,64.0
training,2026-10-05T14:49:06.601770+00:00,2233.9822909012437,18659.0,81.0,273.63,63.0
training,2026-10-05T14:49:06.601770+00:00,2239.3961734995246,18659.0,77.0,277.52,63.0
training,2026-10-05T14:49:06.601770+00:00,2244.7676272392273,18659.0,93.0,303.86,64.0
training,2026-10-05T14:49:06.601770+00:00,2250.09969124943,18659.0,94.0,314.19,66.0
training,2026-10-05T14:49:06.601770+00:00,2255.4613533243537,18659.0,99.0,278.14,67.0
training,2026-10-05T14:49:06.601770+00:00,2260.8542090952396,18659.0,96.0,298.8,67.0
training,2026-10-05T14:49:06.601770+00:00,2266.345171146095,18659.0,93.0,326.22,65.0
training,2026-10-05T14:49:06.601770+00:00,2271.8029945120215,18659.0,72.0,321.25,66.0
training,2026-10-05T14:49:06.601770+00:00,2277.1948919072747,18659.0,93.0,312.31,65.0
training,2026-10-05T14:49:06.601770+00:00,2282.632426723838,18659.0,76.0,281.23,68.0
training,2026-10-05T14:49:06.601770+00:00,2287.996994443238,18659.0,90.0,306.41,66.0
training,2026-10-05T14:49:06.601770+00:00,2293.441219687462,18659.0,87.0,310.18,66.0
training,2026-10-05T14:49:06.601770+00:00,2298.821756988764,18659.0,79.0,287.94,66.0
training,2026-10-05T14:49:06.601770+00:00,2304.2755885198712,18659.0,94.0,312.42,66.0
training,2026-10-05T14:49:06.601770+00:00,2309.643105521798,18659.0,90.0,283.96,66.0
training,2026-10-05T14:49:06.601770+00:00,2314.9639890491962,18659.0,87.0,248.35,68.0
training,2026-10-05T14:49:06.601770+00:00,2320.313913501799,18659.0,94.0,322.01,67.0
training,2026-10-05T14:49:06.601770+00:00,2325.6690369322896,18659.0,94.0,279.59,67.0
training,2026-10-05T14:49:06.601770+00:00,2331.0229927822948,18659.0,96.0,325.87,66.0
training,2026-10-05T14:49:06.601770+00:00,2336.351390272379,18659.0,81.0,282.91,66.0
training,2026-10-05T14:49:06.601770+00:00,2341.7210518717766,18659.0,95.0,303.98,66.0
training,2026-10-05T14:49:06.601770+00:00,2347.103471569717,18659.0,85.0,288.43,68.0
training,2026-10-05T14:49:06.601770+00:00,2352.4853272661567,18659.0,99.0,283.24,67.0
training,2026-10-05T14:49:06.601770+00:00,2357.821376591921,18659.0,95.0,283.0,66.0
training,2026-10-05T14:49:06.601770+00:00,2363.1975020989776,18659.0,81.0,305.33,65.0
training,2026-10-05T14:49:06.601770+00:00,2368.585294313729,18659.0,21.0,260.14,61.0
training,2026-10-05T14:49:06.601770+00:00,2373.9684794172645,18659.0,0.0,97.32,57.0
training,2026-10-05T14:49:06.601770+00:00,2379.341472618282,18659.0,0.0,94.5,55.0
training,2026-10-05T14:49:06.601770+00:00,2384.731428168714,18659.0,0.0,93.45,53.0
training,2026-10-05T14:49:06.601770+00:00,2390.1506296247244,18659.0,0.0,92.19,51.0
training,2026-10-05T14:49:06.601770+00:00,2395.5387434735894,18659.0,0.0,90.96,50.0
training,2026-10-05T14:49:06.601770+00:00,2400.8947231695056,18659.0,0.0,90.17,49.0
training,2026-10-05T14:49:06.601770+00:00,2406.3705767542124,18659.0,0.0,89.54,48.0
training,2026-10-05T14:49:06.601770+00:00,2411.7921786755323,18659.0,84.0,299.2,55.0
training,2026-10-05T14:49:06.601770+00:00,2417.292454972863,18659.0,92.0,271.94,56.0
training,2026-10-05T14:49:06.601770+00:00,2422.676699027419,18659.0,94.0,284.71,60.0
training,2026-10-05T14:49:06.601770+00:00,2428.059206917882,18659.0,78.0,286.11,59.0
training,2026-10-05T14:49:06.601770+00:00,2433.3912726193666,18659.0,78.0,304.39,58.0
training,2026-10-05T14:49:06.601770+00:00,2438.7355874553323,18659.0,79.0,300.29,62.0
training,2026-10-05T14:49:06.601770+00:00,2444.1302757263184,18659.0,98.0,314.4,63.0
training,2026-10-05T14:49:06.601770+00:00,2449.6265361383557,18659.0,94.0,276.85,62.0
training,2026-10-05T14:49:06.601770+00:00,2454.9918442443013,18659.0,95.0,287.98,64.0
training,2026-10-05T14:49:06.601770+00:00,2460.3280228450894,18659.0,98.0,301.47,65.0
training,2026-10-05T14:49:06.601770+00:00,2465.627151452005,18659.0,87.0,289.14,64.0
training,2026-10-05T14:49:06.601770+00:00,2470.9924437999725,18659.0,93.0,281.66,63.0
training,2026-10-05T14:49:06.601770+00:00,2476.405866853893,18659.0,81.0,299.02,64.0
training,2026-10-05T14:49:06.601770+00:00,2481.8034195676446,18659.0,93.0,288.64,62.0
training,2026-10-05T14:49:06.601770+00:00,2487.171054728329,18659.0,72.0,287.44,65.0
training,2026-10-05T14:49:06.601770+00:00,2492.6160922572017,18659.0,85.0,285.78,67.0
training,2026-10-05T14:49:06.601770+00:00,2498.05200445652,18659.0,97.0,317.53,65.0
training,2026-10-05T14:49:06.601770+00:00,2503.4398783817887,18659.0,95.0,306.29,65.0
training,2026-10-05T14:49:06.601770+00:00,2508.848990134895,18659.0,99.0,305.06,68.0
training,2026-10-05T14:49:06.601770+00:00,2514.222915545106,18659.0,94.0,285.62,66.0
training,2026-10-05T14:49:06.601770+00:00,2519.6126773282886,18659.0,87.0,299.65,68.0
training,2026-10-05T14:49:06.601770+00:00,2525.0671370849013,18659.0,97.0,315.83,68.0
training,2026-10-05T14:49:06.601770+00:00,2530.437804877758,18659.0,5.0,99.12,59.0
training,2026-10-05T14:49:06.601770+00:00,2535.778964675963,18659.0,0.0,95.27,56.0
training,2026-10-05T14:49:06.601770+00:00,2541.1026476994157,18659.0,0.0,93.66,54.0
training,2026-10-05T14:49:06.601770+00:00,2546.440944686532,18659.0,0.0,92.53,53.0
training,2026-10-05T14:49:06.601770+00:00,2551.845323830843,18659.0,0.0,91.57,51.0
training,2026-10-05T14:49:06.601770+00:00,2557.2047547772527,18659.0,0.0,90.55,50.0
training,2026-10-05T14:49:06.601770+00:00,2562.637451864779,18659.0,0.0,89.89,48.0
training,2026-10-05T14:49:06.601770+00:00,2568.0231059268117,18659.0,0.0,89.34,47.0
training,2026-10-05T14:49:06.601770+00:00,2573.4401992037892,18659.0,75.0,297.26,56.0
training,2026-10-05T14:49:06.601770+00:00,2578.8370764255524,18659.0,95.0,294.96,56.0
training,2026-10-05T14:49:06.601770+00:00,2584.219175077975,18659.0,99.0,302.18,59.0
training,2026-10-05T14:49:06.601770+00:00,2589.651204377413,18659.0,85.0,285.57,58.0
training,2026-10-05T14:49:06.601770+00:00,2595.0114315003157,18659.0,85.0,268.95,59.0
training,2026-10-05T14:49:06.601770+00:00,2600.386470004916,18659.0,96.0,308.68,61.0
training,2026-10-05T14:49:06.601770+00:00,2605.7429146170616,18659.0,78.0,311.9,59.0
training,2026-10-05T14:49:06.601770+00:00,2611.109673000872,18659.0,95.0,287.25,60.0
training,2026-10-05T14:49:06.601770+00:00,2616.4619219079614,18659.0,92.0,296.87,61.0
training,2026-10-05T14:49:06.601770+00:00,2621.818597279489,18659.0,93.0,265.64,62.0
training,2026-10-05T14:49:06.601770+00:00,2627.153425961733,18659.0,79.0,301.64,63.0
training,2026-10-05T14:49:06.601770+00:00,2632.513469070196,18659.0,86.0,299.47,62.0
training,2026-10-05T14:49:06.601770+00:00,2637.9109715521336,18659.0,95.0,271.76,62.0
training,2026-10-05T14:49:06.601770+00:00,2643.274626262486,18659.0,93.0,283.44,64.0
training,2026-10-05T14:49:06.601770+00:00,2648.7228904366493,18659.0,96.0,281.28,65.0
training,2026-10-05T14:49:06.601770+00:00,2654.1166042536497,18659.0,94.0,304.69,62.0
training,2026-10-05T14:49:06.601770+00:00,2659.428852342069,18659.0,84.0,288.3,63.0
training,2026-10-05T14:49:06.601770+00:00,2664.7415866702795,18659.0,90.0,308.76,64.0
training,2026-10-05T14:49:06.601770+00:00,2670.1030526310205,18659.0,94.0,295.24,64.0
training,2026-10-05T14:49:06.601770+00:00,2675.513149060309,18659.0,48.0,279.52,59.0
training,2026-10-05T14:49:06.601770+00:00,2680.8465847298503,18659.0,80.0,281.38,63.0
training,2026-10-05T14:49:06.601770+00:00,2686.2450580000877,18659.0,94.0,310.96,66.0
training,2026-10-05T14:49:06.601770+00:00,2691.649758346379,18659.0,93.0,294.09,65.0
training,2026-10-05T14:49:06.601770+00:00,2697.0387412309647,18659.0,83.0,294.68,66.0
training,2026-10-05T14:49:06.601770+00:00,2702.461133211851,18659.0,98.0,286.71,65.0
training,2026-10-05T14:49:06.601770+00:00,2707.8906534016132,18659.0,94.0,281.28,67.0
training,2026-10-05T14:49:06.601770+00:00,2713.2513008341193,18659.0,93.0,270.15,65.0
training,2026-10-05T14:49:06.601770+00:00,2718.6438205242157,18659.0,93.0,292.91,67.0
training,2026-10-05T14:49:06.601770+00:00,2724.038853980601,18659.0,69.0,306.3,67.0
training,2026-10-05T14:49:06.601770+00:00,2729.421421356499,18659.0,94.0,314.73,65.0
training,2026-10-05T14:49:06.601770+00:00,2734.754312299192,18659.0,87.0,283.79,68.0
training,2026-10-05T14:49:06.601770+00:00,2740.1072615236044,18659.0,94.0,299.52,66.0
training,2026-10-05T14:49:06.601770+00:00,2745.530950933695,18659.0,79.0,301.15,65.0
training,2026-10-05T14:49:06.601770+00:00,2750.9012781605124,18659.0,79.0,290.51,66.0
training,2026-10-05T14:49:06.601770+00:00,2756.2861587554216,18659.0,93.0,288.61,65.0
training,2026-10-05T14:49:06.601770+00:00,2761.668046154082,18659.0,73.0,288.89,65.0
training,2026-10-05T14:49:06.601770+00:00,2767.0277726501226,18659.0,99.0,253.74,65.0
training,2026-10-05T14:49:06.601770+00:00,2772.550700187683,18659.0,97.0,284.11,67.0
training,2026-10-05T14:49:06.601770+00:00,2777.962973728776,18659.0,78.0,268.41,66.0
training,2026-10-05T14:49:06.601770+00:00,2783.321236588061,18659.0,99.0,296.16,67.0
training,2026-10-05T14:49:06.601770+00:00,2788.7150600254536,18659.0,97.0,298.11,66.0
training,2026-10-05T14:49:06.601770+00:00,2794.1510253325105,18659.0,94.0,298.88,68.0
training,2026-10-05T14:49:06.601770+00:00,2799.5477750897408,18659.0,93.0,287.63,65.0
training,2026-10-05T14:49:06.601770+00:00,2804.949132204056,18659.0,92.0,300.57,65.0
training,2026-10-05T14:49:06.601770+00:00,2810.36701759696,18659.0,85.0,308.11,65.0
training,2026-10-05T14:49:06.601770+00:00,2815.7081701382995,18659.0,99.0,280.93,65.0
training,2026-10-05T14:49:06.601770+00:00,2821.061809167266,18659.0,99.0,259.74,68.0
training,2026-10-05T14:49:06.601770+00:00,2826.444013632834,18659.0,95.0,309.8,67.0
training,2026-10-05T14:49:06.601770+00:00,2831.890200972557,18659.0,84.0,283.05,68.0
training,2026-10-05T14:49:06.601770+00:00,2837.289375074208,18659.0,94.0,313.59,68.0
training,2026-10-05T14:49:06.601770+00:00,2842.683530367911,18659.0,91.0,294.66,68.0
training,2026-10-05T14:49:06.601770+00:00,2848.0897064208984,18659.0,79.0,306.02,66.0
training,2026-10-05T14:49:06.601770+00:00,2853.57202848047,18659.0,96.0,301.2,65.0
training,2026-10-05T14:49:06.601770+00:00,2859.0024714544415,18659.0,93.0,295.99,68.0
training,2026-10-05T14:49:06.601770+00:00,2864.4514046683908,18659.0,93.0,301.06,67.0
training,2026-10-05T14:49:06.601770+00:00,2869.797644175589,18659.0,94.0,288.19,69.0
training,2026-10-05T14:49:06.601770+00:00,2875.164749532938,18659.0,51.0,259.73,65.0
training,2026-10-05T14:49:06.601770+00:00,2880.52805865556,18659.0,74.0,289.01,69.0
training,2026-10-05T14:49:06.601770+00:00,2885.931769043207,18659.0,95.0,307.89,66.0
training,2026-10-05T14:49:06.601770+00:00,2891.290541023016,18659.0,98.0,257.05,66.0
training,2026-10-05T14:49:06.601770+00:00,2896.6314571872354,18659.0,99.0,309.26,69.0
training,2026-10-05T14:49:06.601770+00:00,2901.963713079691,18659.0,4.0,98.29,59.0
training,2026-10-05T14:49:06.601770+00:00,2907.277454763651,18659.0,0.0,95.3,57.0
training,2026-10-05T14:49:06.601770+00:00,2912.6874954923987,18659.0,0.0,94.25,56.0
training,2026-10-05T14:49:06.601770+00:00,2918.015816926956,18659.0,0.0,93.95,55.0
training,2026-10-05T14:49:06.601770+00:00,2923.3362554758787,18659.0,0.0,92.93,54.0
training,2026-10-05T14:49:06.601770+00:00,2928.682531185448,18659.0,0.0,91.98,53.0
training,2026-10-05T14:49:06.601770+00:00,2934.037118755281,18659.0,0.0,91.59,52.0
training,2026-10-05T14:49:06.601770+00:00,2939.392812155187,18659.0,0.0,90.51,51.0
training,2026-10-05T14:49:06.601770+00:00,2944.7085699886084,18659.0,0.0,89.91,50.0
training,2026-10-05T14:49:06.601770+00:00,2950.1129926517606,18659.0,0.0,89.68,49.0
training,2026-10-05T14:49:06.601770+00:00,2955.495110720396,18659.0,0.0,88.73,48.0
training,2026-10-05T14:49:06.601770+00:00,2960.8580523207784,18659.0,0.0,88.12,47.0
training,2026-10-05T14:49:06.601770+00:00,2966.180904775858,18659.0,0.0,87.71,46.0
training,2026-10-05T14:49:06.601770+00:00,2971.5720029249787,18659.0,93.0,272.86,53.0
training,2026-10-05T14:49:06.601770+00:00,2977.032467737794,18659.0,95.0,280.41,56.0
training,2026-10-05T14:49:06.601770+00:00,2982.356535166502,18659.0,91.0,296.48,56.0
training,2026-10-05T14:49:06.601770+00:00,2987.744334243238,18659.0,82.0,252.29,58.0
training,2026-10-05T14:49:06.601770+00:00,2993.150268085301,18659.0,82.0,308.31,61.0
training,2026-10-05T14:49:06.601770+00:00,2998.5421962291,18659.0,89.0,301.63,60.0
training,2026-10-05T14:49:06.601770+00:00,3004.1239458099008,18659.0,83.0,305.67,61.0
training,2026-10-05T14:49:06.601770+00:00,3009.5104697719216,18659.0,93.0,287.19,61.0
training,2026-10-05T14:49:06.601770+00:00,3014.9167015329003,18659.0,79.0,284.22,64.0
training,2026-10-05T14:49:06.601770+00:00,3020.2957442849874,18659.0,94.0,303.11,62.0
training,2026-10-05T14:49:06.601770+00:00,3025.769265934825,18659.0,80.0,302.69,63.0
training,2026-10-05T14:49:06.601770+00:00,3031.215519964695,18659.0,95.0,308.73,62.0
training,2026-10-05T14:49:06.601770+00:00,3036.601104170084,18659.0,85.0,292.96,65.0
training,2026-10-05T14:49:06.601770+00:00,3041.985917337239,18659.0,70.0,228.79,64.0
training,2026-10-05T14:49:06.601770+00:00,3047.382514834404,18659.0,90.0,300.14,65.0
training,2026-10-05T14:49:06.601770+00:00,3052.7231098636985,18659.0,84.0,286.27,63.0
training,2026-10-05T14:49:06.601770+00:00,3058.082679569721,18659.0,99.0,282.05,66.0
training,2026-10-05T14:49:06.601770+00:00,3063.4743688479066,18659.0,94.0,310.89,64.0
training,2026-10-05T14:49:06.601770+00:00,3068.8659882098436,18659.0,94.0,287.15,64.0
training,2026-10-05T14:49:06.601770+00:00,3074.2183934375644,18659.0,83.0,306.11,67.0
training,2026-10-05T14:49:06.601770+00:00,3079.616773545742,18659.0,83.0,268.33,67.0
training,2026-10-05T14:49:06.601770+00:00,3084.9761644005775,18659.0,94.0,301.22,66.0
training,2026-10-05T14:49:06.601770+00:00,3090.3884024098516,18659.0,78.0,294.66,66.0
training,2026-10-05T14:49:06.601770+00:00,3095.7889696210623,18659.0,85.0,260.58,64.0
training,2026-10-05T14:49:06.601770+00:00,3101.1981830000877,18659.0,92.0,279.78,68.0
training,2026-10-05T14:49:06.601770+00:00,3106.5576603859663,18659.0,94.0,278.74,66.0
training,2026-10-05T14:49:06.601770+00:00,3111.9416970685124,18659.0,94.0,296.32,66.0
training,2026-10-05T14:49:06.601770+00:00,3117.269981995225,18659.0,95.0,274.36,67.0
training,2026-10-05T14:49:06.601770+00:00,3122.6403626725078,18659.0,89.0,297.75,67.0
training,2026-10-05T14:49:06.601770+00:00,3128.051006577909,18659.0,91.0,299.47,66.0
training,2026-10-05T14:49:06.601770+00:00,3133.440938785672,18659.0,81.0,274.69,69.0
training,2026-10-05T14:49:06.601770+00:00,3138.8047235384583,18659.0,3.0,102.54,60.0
training,2026-10-05T14:49:06.601770+00:00,3144.1798159703612,18659.0,0.0,96.45,57.0
training,2026-10-05T14:49:06.601770+00:00,3149.658812597394,18659.0,0.0,94.79,55.0
training,2026-10-05T14:49:06.601770+00:00,3155.0353479608893,18659.0,0.0,93.81,54.0
training,2026-10-05T14:49:06.601770+00:00,3160.4348328113556,18659.0,0.0,92.89,53.0
training,2026-10-05T14:49:06.601770+00:00,3165.864721298218,18659.0,0.0,92.04,51.0
training,2026-10-05T14:49:06.601770+00:00,3171.1981704831123,18659.0,0.0,90.22,50.0
training,2026-10-05T14:49:06.601770+00:00,3176.528358399868,18659.0,0.0,89.93,49.0
training,2026-10-05T14:49:06.601770+00:00,3181.8712081611156,18659.0,0.0,89.21,48.0
training,2026-10-05T14:49:06.601770+00:00,3187.1986548155546,18659.0,0.0,88.07,47.0
training,2026-10-05T14:49:06.601770+00:00,3192.5348755046725,18659.0,0.0,88.1,46.0
training,2026-10-05T14:49:06.601770+00:00,3197.9385073184967,18659.0,83.0,291.45,51.0
training,2026-10-05T14:49:06.601770+00:00,3203.3336218446493,18659.0,78.0,314.63,55.0
training,2026-10-05T14:49:06.601770+00:00,3208.703867569566,18659.0,78.0,269.9,54.0
training,2026-10-05T14:49:06.601770+00:00,3214.135848224163,18659.0,95.0,286.1,56.0
training,2026-10-05T14:49:06.601770+00:00,3219.566493369639,18659.0,85.0,294.01,58.0
training,2026-10-05T14:49:06.601770+00:00,3225.015462242067,18659.0,98.0,290.52,59.0
training,2026-10-05T14:49:06.601770+00:00,3230.439345933497,18659.0,92.0,293.13,59.0
training,2026-10-05T14:49:06.601770+00:00,3235.846173889935,18659.0,76.0,299.82,60.0
training,2026-10-05T14:49:06.601770+00:00,3241.241803519428,18659.0,85.0,299.02,63.0
training,2026-10-05T14:49:06.601770+00:00,3246.6759341806173,18659.0,82.0,290.31,63.0
training,2026-10-05T14:49:06.601770+00:00,3252.044054210186,18659.0,94.0,288.93,63.0
training,2026-10-05T14:49:06.601770+00:00,3257.416484951973,18659.0,95.0,298.54,62.0
training,2026-10-05T14:49:06.601770+00:00,3262.733710721135,18659.0,94.0,258.06,63.0
training,2026-10-05T14:49:06.601770+00:00,3268.136518508196,18659.0,76.0,295.74,64.0
training,2026-10-05T14:49:06.601770+00:00,3273.511479444802,18659.0,77.0,302.84,62.0
training,2026-10-05T14:49:06.601770+00:00,3278.827028028667,18659.0,85.0,274.28,64.0
training,2026-10-05T14:49:06.601770+00:00,3284.2771040275693,18659.0,78.0,300.84,66.0
training,2026-10-05T14:49:06.601770+00:00,3289.673703484237,18659.0,93.0,297.89,66.0
training,2026-10-05T14:49:06.601770+00:00,3295.0691643208265,18659.0,94.0,307.35,66.0
training,2026-10-05T14:49:06.601770+00:00,3300.4422251433134,18659.0,94.0,281.06,65.0
training,2026-10-05T14:49:06.601770+00:00,3305.7864869832993,18659.0,95.0,289.69,65.0
training,2026-10-05T14:49:06.601770+00:00,3311.2040377631783,18659.0,92.0,300.91,65.0
training,2026-10-05T14:49:06.601770+00:00,3316.637124374509,18659.0,84.0,224.15,66.0
training,2026-10-05T14:49:06.601770+00:00,3322.036364555359,18659.0,95.0,314.95,68.0
training,2026-10-05T14:49:06.601770+00:00,3327.4340515732765,18659.0,95.0,269.05,69.0
training,2026-10-05T14:49:06.601770+00:00,3332.8594947606325,18659.0,93.0,291.17,69.0
training,2026-10-05T14:49:06.601770+00:00,3338.208891659975,18659.0,84.0,287.7,68.0
training,2026-10-05T14:49:06.601770+00:00,3343.5589470639825,18659.0,99.0,296.52,66.0
training,2026-10-05T14:49:06.601770+00:00,3348.888135485351,18659.0,87.0,309.95,66.0
training,2026-10-05T14:49:06.601770+00:00,3354.2402270957828,18659.0,7.0,162.65,60.0
training,2026-10-05T14:49:06.601770+00:00,3359.654947757721,18659.0,0.0,97.11,57.0
training,2026-10-05T14:49:06.601770+00:00,3365.056894361973,18659.0,0.0,94.49,55.0
training,2026-10-05T14:49:06.601770+00:00,3370.4829176291823,18659.0,0.0,93.27,53.0
training,2026-10-05T14:49:06.601770+00:00,3375.832068309188,18659.0,0.0,92.01,52.0
training,2026-10-05T14:49:06.601770+00:00,3381.1810815408826,18659.0,0.0,91.24,50.0
training,2026-10-05T14:49:06.601770+00:00,3386.619994364679,18659.0,0.0,90.02,49.0
training,2026-10-05T14:49:06.601770+00:00,3392.053752593696,18659.0,88.0,264.0,58.0
training,2026-10-05T14:49:06.601770+00:00,3397.4036055877805,18659.0,82.0,285.67,60.0
training,2026-10-05T14:49:06.601770+00:00,3402.841553479433,18659.0,85.0,299.85,60.0
training,2026-10-05T14:49:06.601770+00:00,3408.23763898015,18659.0,94.0,297.29,62.0
training,2026-10-05T14:49:06.601770+00:00,3413.6741192415357,18659.0,89.0,292.97,61.0
training,2026-10-05T14:49:06.601770+00:00,3419.002565063536,18659.0,89.0,289.9,61.0
training,2026-10-05T14:49:06.601770+00:00,3424.346190094948,18659.0,88.0,271.06,64.0
training,2026-10-05T14:49:06.601770+00:00,3429.7339828014374,18659.0,86.0,289.48,63.0
training,2026-10-05T14:49:06.601770+00:00,3435.1075988411903,18659.0,80.0,298.49,65.0
training,2026-10-05T14:49:06.601770+00:00,3440.475368961692,18659.0,95.0,295.53,63.0
training,2026-10-05T14:49:06.601770+00:00,3445.9142435640097,18659.0,94.0,285.9,64.0
training,2026-10-05T14:49:06.601770+00:00,3451.33162394166,18659.0,96.0,267.33,62.0
training,2026-10-05T14:49:06.601770+00:00,3456.7519648447633,18659.0,85.0,293.8,67.0
training,2026-10-05T14:49:06.601770+00:00,3462.148706957698,18659.0,80.0,283.93,63.0
training,2026-10-05T14:49:06.601770+00:00,3467.5469450056553,18659.0,97.0,310.38,66.0
training,2026-10-05T14:49:06.601770+00:00,3472.940334044397,18659.0,79.0,298.39,64.0
training,2026-10-05T14:49:06.601770+00:00,3478.3305125162005,18659.0,91.0,299.1,64.0
training,2026-10-05T14:49:06.601770+00:00,3483.724176235497,18659.0,90.0,301.02,67.0
training,2026-10-05T14:49:06.601770+00:00,3489.10132624954,18659.0,77.0,289.67,67.0
training,2026-10-05T14:49:06.601770+00:00,3494.4920593872666,18659.0,93.0,283.16,67.0
training,2026-10-05T14:49:06.601770+00:00,3499.8975640907884,18659.0,91.0,299.35,65.0
training,2026-10-05T14:49:06.601770+00:00,3505.318069629371,18659.0,78.0,269.37,66.0
training,2026-10-05T14:49:06.601770+00:00,3510.680133216083,18659.0,96.0,290.76,65.0
training,2026-10-05T14:49:06.601770+00:00,3516.1015716567636,18659.0,87.0,302.26,65.0
training,2026-10-05T14:49:06.601770+00:00,3521.5446060076356,18659.0,94.0,287.92,68.0
training,2026-10-05T14:49:06.601770+00:00,3527.0654219686985,18659.0,87.0,297.02,67.0
training,2026-10-05T14:49:06.601770+00:00,3532.4821487665176,18659.0,94.0,294.33,68.0
training,2026-10-05T14:49:06.601770+00:00,3537.9312618374825,18659.0,95.0,311.95,66.0
training,2026-10-05T14:49:06.601770+00:00,3543.278306044638,18659.0,80.0,283.08,68.0
training,2026-10-05T14:49:06.601770+00:00,3548.6339444592595,18659.0,93.0,279.66,67.0
training,2026-10-05T14:49:06.601770+00:00,3553.9506679698825,18659.0,95.0,303.44,66.0
training,2026-10-05T14:49:06.601770+00:00,3559.3446877598763,18659.0,91.0,306.77,65.0
training,2026-10-05T14:49:06.601770+00:00,3564.7258891016245,18659.0,99.0,301.71,69.0
training,2026-10-05T14:49:06.601770+00:00,3570.166071049869,18659.0,90.0,276.22,67.0
training,2026-10-05T14:49:06.601770+00:00,3575.465611435473,18659.0,99.0,308.24,68.0
training,2026-10-05T14:49:06.601770+00:00,3580.8387537151575,18659.0,79.0,292.3,65.0
training,2026-10-05T14:49:06.601770+00:00,3586.2426172196865,18659.0,94.0,294.46,66.0
training,2026-10-05T14:49:06.601770+00:00,3591.581826671958,18659.0,95.0,319.98,67.0
training,2026-10-05T14:49:06.601770+00:00,3596.956238500774,18659.0,80.0,277.39,66.0
training,2026-10-05T14:49:06.601770+00:00,3602.356898240745,18659.0,86.0,294.39,68.0
training,2026-10-05T14:49:06.601770+00:00,3607.763837136328,18659.0,95.0,295.01,68.0
training,2026-10-05T14:49:06.601770+00:00,3613.1445120051503,18659.0,93.0,283.21,68.0
training,2026-10-05T14:49:06.601770+00:00,3618.545777902007,18659.0,94.0,295.52,68.0
training,2026-10-05T14:49:06.601770+00:00,3623.918694652617,18659.0,87.0,264.84,67.0
training,2026-10-05T14:49:06.601770+00:00,3629.2874857112765,18659.0,95.0,302.19,67.0
training,2026-10-05T14:49:06.601770+00:00,3634.6271203160286,18659.0,79.0,286.9,68.0
training,2026-10-05T14:49:06.601770+00:00,3639.9669874832034,18659.0,95.0,284.96,65.0
training,2026-10-05T14:49:06.601770+00:00,3645.3163322284818,18659.0,82.0,290.11,66.0
training,2026-10-05T14:49:06.601770+00:00,3650.6977329552174,18659.0,85.0,272.9,69.0
training,2026-10-05T14:49:06.601770+00:00,3656.082454584539,18659.0,89.0,291.61,66.0
training,2026-10-05T14:49:06.601770+00:00,3661.4724828973413,18659.0,93.0,275.03,67.0
training,2026-10-05T14:49:06.601770+00:00,3666.827837012708,18659.0,83.0,248.74,67.0
training,2026-10-05T14:49:06.601770+00:00,3672.189936004579,18659.0,84.0,290.31,70.0
training,2026-10-05T14:49:06.601770+00:00,3677.5434731543064,18659.0,95.0,293.62,67.0
training,2026-10-05T14:49:06.601770+00:00,3682.962762609124,18659.0,93.0,290.63,68.0
training,2026-10-05T14:49:06.601770+00:00,3688.353377006948,18659.0,86.0,316.02,68.0
training,2026-10-05T14:49:06.601770+00:00,3693.7464403286576,18659.0,67.0,298.95,68.0
training,2026-10-05T14:49:06.601770+00:00,3699.1546187847853,18659.0,78.0,309.66,68.0
training,2026-10-05T14:49:06.601770+00:00,3704.5484804809093,18659.0,88.0,290.76,67.0
training,2026-10-05T14:49:06.601770+00:00,3709.8891369774938,18659.0,58.0,281.13,63.0
training,2026-10-05T14:49:06.601770+00:00,3715.2800437659025,18659.0,91.0,315.93,70.0
training,2026-10-05T14:49:06.601770+00:00,3720.619793266058,18659.0,0.0,99.13,59.0
training,2026-10-05T14:49:06.601770+00:00,3725.9963419511914,18659.0,0.0,95.99,57.0
training,2026-10-05T14:49:06.601770+00:00,3731.364833407104,18659.0,0.0,94.85,55.0
training,2026-10-05T14:49:06.601770+00:00,3736.7245699092746,18659.0,0.0,93.46,53.0
training,2026-10-05T14:49:06.601770+00:00,3742.128021210432,18659.0,0.0,92.14,52.0
training,2026-10-05T14:49:06.601770+00:00,3747.52041503042,18659.0,0.0,91.29,51.0
training,2026-10-05T14:49:06.601770+00:00,3752.948879919946,18659.0,94.0,277.24,58.0
training,2026-10-05T14:49:06.601770+00:00,3758.3668709918857,18659.0,94.0,303.25,59.0
training,2026-10-05T14:49:06.601770+00:00,3763.72781085968,18659.0,91.0,254.19,60.0
training,2026-10-05T14:49:06.601770+00:00,3769.104647450149,18659.0,95.0,279.52,61.0
training,2026-10-05T14:49:06.601770+00:00,3774.5222253650427,18659.0,94.0,307.11,60.0
training,2026-10-05T14:49:06.601770+00:00,3779.9308366402984,18659.0,77.0,273.43,64.0
training,2026-10-05T14:49:06.601770+00:00,3785.3600756302476,18659.0,95.0,298.79,62.0
training,2026-10-05T14:49:06.601770+00:00,3790.7585335969925,18659.0,92.0,297.12,64.0
training,2026-10-05T14:49:06.601770+00:00,3796.142991885543,18659.0,83.0,298.26,63.0
training,2026-10-05T14:49:06.601770+00:00,3801.4968525096774,18659.0,94.0,277.28,65.0
training,2026-10-05T14:49:06.601770+00:00,3806.8785393461585,18659.0,90.0,285.76,65.0
training,2026-10-05T14:49:06.601770+00:00,3812.282087214291,18659.0,94.0,307.1,64.0
training,2026-10-05T14:49:06.601770+00:00,3817.716269850731,18659.0,99.0,287.15,66.0
training,2026-10-05T14:49:06.601770+00:00,3823.0719975307584,18659.0,94.0,296.56,66.0
training,2026-10-05T14:49:06.601770+00:00,3828.494697086513,18659.0,71.0,277.74,67.0
training,2026-10-05T14:49:06.601770+00:00,3833.9469845592976,18659.0,94.0,321.15,65.0
training,2026-10-05T14:49:06.601770+00:00,3839.3753540217876,18659.0,93.0,303.72,66.0
training,2026-10-05T14:49:06.601770+00:00,3844.846463665366,18659.0,82.0,298.2,66.0
training,2026-10-05T14:49:06.601770+00:00,3850.213046826422,18659.0,94.0,291.13,65.0
training,2026-10-05T14:49:06.601770+00:00,3855.5967947021127,18659.0,90.0,302.06,66.0
training,2026-10-05T14:49:06.601770+00:00,3861.007639735937,18659.0,88.0,301.76,65.0
training,2026-10-05T14:49:06.601770+00:00,3866.414779163897,18659.0,74.0,282.12,66.0
training,2026-10-05T14:49:06.601770+00:00,3871.8853596895933,18659.0,67.0,239.54,68.0
training,2026-10-05T14:49:06.601770+00:00,3877.2413266450167,18659.0,70.0,299.77,67.0
training,2026-10-05T14:49:06.601770+00:00,3882.7074029892683,18659.0,94.0,300.79,69.0
training,2026-10-05T14:49:06.601770+00:00,3888.0653624236584,18659.0,4.0,98.06,58.0
training,2026-10-05T14:49:06.601770+00:00,3893.470357477665,18659.0,0.0,94.76,56.0
training,2026-10-05T14:49:06.601770+00:00,3898.8994647562504,18659.0,0.0,93.19,54.0
training,2026-10-05T14:49:06.601770+00:00,3904.2837537527084,18659.0,0.0,92.53,52.0
training,2026-10-05T14:49:06.601770+00:00,3909.6626363918185,18659.0,0.0,90.84,51.0
training,2026-10-05T14:49:06.601770+00:00,3915.0394925400615,18659.0,0.0,89.62,50.0
training,2026-10-05T14:49:06.601770+00:00,3920.41172016412,18659.0,0.0,89.06,48.0
training,2026-10-05T14:49:06.601770+00:00,3925.7499011680484,18659.0,0.0,88.37,47.0
training,2026-10-05T14:49:06.601770+00:00,3931.169849000871,18659.0,88.0,275.2,54.0
training,2026-10-05T14:49:06.601770+00:00,3936.530816614628,18659.0,88.0,266.49,58.0
training,2026-10-05T14:49:06.601770+00:00,3941.893010661006,18659.0,94.0,290.41,56.0
training,2026-10-05T14:49:06.601770+00:00,3947.2697926685214,18659.0,97.0,302.69,60.0
training,2026-10-05T14:49:06.601770+00:00,3952.7508169934154,18659.0,80.0,229.17,59.0
training,2026-10-05T14:49:06.601770+00:00,3958.157048225403,18659.0,94.0,288.91,62.0
training,2026-10-05T14:49:06.601770+00:00,3963.543543897569,18659.0,95.0,286.89,62.0
training,2026-10-05T14:49:06.601770+00:00,3968.928883768618,18659.0,95.0,318.05,62.0
training,2026-10-05T14:49:06.601770+00:00,3974.3100416511297,18659.0,83.0,280.77,61.0
training,2026-10-05T14:49:06.601770+00:00,3979.7464295625687,18659.0,93.0,295.52,60.0
training,2026-10-05T14:49:06.601770+00:00,3985.2169710844755,18659.0,76.0,279.4,64.0
training,2026-10-05T14:49:06.601770+00:00,3990.705300554633,18659.0,94.0,293.95,63.0
training,2026-10-05T14:49:06.601770+00:00,3996.155562840402,18659.0,89.0,282.36,64.0
training,2026-10-05T14:49:06.601770+00:00,4001.5402588695288,18659.0,88.0,282.23,66.0
training,2026-10-05T14:49:06.601770+00:00,4006.8883033171296,18659.0,93.0,246.16,62.0
training,2026-10-05T14:49:06.601770+00:00,4012.260649435222,18659.0,78.0,281.63,66.0
training,2026-10-05T14:49:06.601770+00:00,4017.7010689899325,18659.0,89.0,297.06,64.0
training,2026-10-05T14:49:06.601770+00:00,4023.105449475348,18659.0,93.0,305.71,66.0
training,2026-10-05T14:49:06.601770+00:00,4028.573363929987,18659.0,94.0,291.02,64.0
training,2026-10-05T14:49:06.601770+00:00,4033.9899329841137,18659.0,99.0,310.04,67.0
training,2026-10-05T14:49:06.601770+00:00,4039.346230700612,18659.0,96.0,310.63,65.0
training,2026-10-05T14:49:06.601770+00:00,4044.800541959703,18659.0,94.0,301.89,65.0
training,2026-10-05T14:49:06.601770+00:00,4050.218781903386,18659.0,94.0,294.61,64.0
training,2026-10-05T14:49:06.601770+00:00,4055.6318569406867,18659.0,80.0,295.24,66.0
training,2026-10-05T14:49:06.601770+00:00,4061.055583357811,18659.0,89.0,287.72,64.0
training,2026-10-05T14:49:06.601770+00:00,4066.422212995589,18659.0,96.0,301.25,65.0
training,2026-10-05T14:49:06.601770+00:00,4071.758832618594,18659.0,83.0,290.56,66.0
training,2026-10-05T14:49:06.601770+00:00,4077.1130771413445,18659.0,99.0,304.17,65.0
training,2026-10-05T14:49:06.601770+00:00,4082.473637573421,18659.0,80.0,292.85,65.0
training,2026-10-05T14:49:06.601770+00:00,4087.8344472795725,18659.0,75.0,288.69,65.0
training,2026-10-05T14:49:06.601770+00:00,4093.2967998459935,18659.0,94.0,304.08,66.0
training,2026-10-05T14:49:06.601770+00:00,4098.707186922431,18659.0,96.0,274.3,67.0
training,2026-10-05T14:49:06.601770+00:00,4104.093519002199,18659.0,81.0,273.92,68.0
training,2026-10-05T14:49:06.601770+00:00,4109.486564703286,18659.0,82.0,270.58,68.0
training,2026-10-05T14:49:06.601770+00:00,4114.850956045091,18659.0,86.0,236.87,67.0
training,2026-10-05T14:49:06.601770+00:00,4120.290690436959,18659.0,98.0,310.81,68.0
training,2026-10-05T14:49:06.601770+00:00,4125.697908557951,18659.0,3.0,98.03,57.0
training,2026-10-05T14:49:06.601770+00:00,4131.03147508949,18659.0,0.0,94.52,55.0
training,2026-10-05T14:49:06.601770+00:00,4136.413524329662,18659.0,0.0,93.43,53.0
training,2026-10-05T14:49:06.601770+00:00,4141.768356822431,18659.0,0.0,92.04,51.0
training,2026-10-05T14:49:06.601770+00:00,4147.1828215792775,18659.0,0.0,90.87,50.0
training,2026-10-05T14:49:06.601770+00:00,4152.559240557253,18659.0,0.0,89.33,48.0
training,2026-10-05T14:49:06.601770+00:00,4157.945069663227,18659.0,0.0,88.61,47.0
training,2026-10-05T14:49:06.601770+00:00,4163.292483814061,18659.0,93.0,299.57,54.0
training,2026-10-05T14:49:06.601770+00:00,4168.8043993115425,18659.0,77.0,281.12,55.0
training,2026-10-05T14:49:06.601770+00:00,4174.1969326511025,18659.0,73.0,304.15,59.0
training,2026-10-05T14:49:06.601770+00:00,4179.60665179044,18659.0,93.0,313.41,57.0
training,2026-10-05T14:49:06.601770+00:00,4185.0088368058205,18659.0,80.0,263.8,60.0
training,2026-10-05T14:49:06.601770+00:00,4190.407724067569,18659.0,94.0,295.41,60.0
training,2026-10-05T14:49:06.601770+00:00,4195.819613315165,18659.0,82.0,297.75,60.0
training,2026-10-05T14:49:06.601770+00:00,4201.174183472991,18659.0,73.0,286.4,60.0
training,2026-10-05T14:49:06.601770+00:00,4206.562038742006,18659.0,90.0,298.97,61.0
training,2026-10-05T14:49:06.601770+00:00,4211.942592382431,18659.0,92.0,288.92,61.0
training,2026-10-05T14:49:06.601770+00:00,4217.296667061746,18659.0,94.0,280.74,62.0
training,2026-10-05T14:49:06.601770+00:00,4222.732093341649,18659.0,94.0,305.43,62.0
training,2026-10-05T14:49:06.601770+00:00,4228.122030027211,18659.0,94.0,296.03,63.0
training,2026-10-05T14:49:06.601770+00:00,4233.501685529947,18659.0,96.0,303.9,63.0
training,2026-10-05T14:49:06.601770+00:00,4238.950389511883,18659.0,81.0,306.57,64.0
training,2026-10-05T14:49:06.601770+00:00,4244.36804292351,18659.0,61.0,290.34,63.0
training,2026-10-05T14:49:06.601770+00:00,4249.722490146756,18659.0,91.0,283.5,64.0
training,2026-10-05T14:49:06.601770+00:00,4255.101314038038,18659.0,88.0,293.05,64.0
training,2026-10-05T14:49:06.601770+00:00,4260.490978181362,18659.0,77.0,287.5,64.0
training,2026-10-05T14:49:06.601770+00:00,4265.993867054582,18659.0,76.0,307.68,64.0
training,2026-10-05T14:49:06.601770+00:00,4271.35042271018,18659.0,94.0,288.43,65.0
training,2026-10-05T14:49:06.601770+00:00,4276.718619152904,18659.0,95.0,284.91,67.0
training,2026-10-05T14:49:06.601770+00:00,4282.113765411079,18659.0,75.0,276.53,67.0
training,2026-10-05T14:49:06.601770+00:00,4287.459834523499,18659.0,99.0,307.77,66.0
training,2026-10-05T14:49:06.601770+00:00,4292.8801987320185,18659.0,82.0,302.79,65.0
training,2026-10-05T14:49:06.601770+00:00,4298.194626629353,18659.0,99.0,282.7,68.0
training,2026-10-05T14:49:06.601770+00:00,4303.521409027278,18659.0,81.0,301.2,66.0
training,2026-10-05T14:49:06.601770+00:00,4308.892122000456,18659.0,88.0,285.06,67.0
training,2026-10-05T14:49:06.601770+00:00,4314.305786371231,18659.0,93.0,306.21,67.0
training,2026-10-05T14:49:06.601770+00:00,4319.7368608266115,18659.0,94.0,295.88,67.0
training,2026-10-05T14:49:06.601770+00:00,4325.162737034261,18659.0,88.0,285.27,67.0
training,2026-10-05T14:49:06.601770+00:00,4330.577142164111,18659.0,93.0,288.3,65.0
training,2026-10-05T14:49:06.601770+00:00,4335.950773209333,18659.0,94.0,299.45,65.0
training,2026-10-05T14:49:06.601770+00:00,4341.349862083793,18659.0,95.0,291.25,66.0
training,2026-10-05T14:49:06.601770+00:00,4346.778154276311,18659.0,94.0,288.91,66.0
training,2026-10-05T14:49:06.601770+00:00,4352.210930556059,18659.0,81.0,278.99,66.0
training,2026-10-05T14:49:06.601770+00:00,4357.593660578132,18659.0,94.0,293.7,68.0
training,2026-10-05T14:49:06.601770+00:00,4363.056812465191,18659.0,93.0,304.02,64.0
training,2026-10-05T14:49:06.601770+00:00,4368.481653004885,18659.0,93.0,285.84,66.0
training,2026-10-05T14:49:06.601770+00:00,4373.878653109074,18659.0,94.0,295.71,66.0
training,2026-10-05T14:49:06.601770+00:00,4379.246909938753,18659.0,88.0,266.65,64.0
training,2026-10-05T14:49:06.601770+00:00,4384.615195803344,18659.0,85.0,299.21,65.0
training,2026-10-05T14:49:06.601770+00:00,4390.031461052597,18659.0,82.0,289.16,67.0
training,2026-10-05T14:49:06.601770+00:00,4395.447479568422,18659.0,95.0,289.74,68.0
training,2026-10-05T14:49:06.601770+00:00,4400.863173425198,18659.0,95.0,300.07,66.0
training,2026-10-05T14:49:06.601770+00:00,4406.269008427858,18659.0,94.0,306.16,66.0
training,2026-10-05T14:49:06.601770+00:00,4411.68920314312,18659.0,94.0,284.7,66.0
training,2026-10-05T14:49:06.601770+00:00,4417.07438094914,18659.0,95.0,309.16,67.0
training,2026-10-05T14:49:06.601770+00:00,4422.39043019712,18659.0,93.0,297.26,66.0
training,2026-10-05T14:49:06.601770+00:00,4427.7938361391425,18659.0,82.0,297.29,67.0
training,2026-10-05T14:49:06.601770+00:00,4433.162566691637,18659.0,94.0,253.04,66.0
training,2026-10-05T14:49:06.601770+00:00,4438.5159283950925,18659.0,83.0,308.89,66.0
training,2026-10-05T14:49:06.601770+00:00,4443.873104922473,18659.0,93.0,310.25,68.0
training,2026-10-05T14:49:06.601770+00:00,4449.262955412269,18659.0,95.0,318.26,69.0
training,2026-10-05T14:49:06.601770+00:00,4454.6481147632,18659.0,91.0,300.69,69.0
training,2026-10-05T14:49:06.601770+00:00,4460.04107490927,18659.0,99.0,290.45,69.0
training,2026-10-05T14:49:06.601770+00:00,4465.420365676284,18659.0,88.0,279.74,68.0
training,2026-10-05T14:49:06.601770+00:00,4470.828142940998,18659.0,94.0,304.5,67.0
training,2026-10-05T14:49:06.601770+00:00,4476.245289623737,18659.0,95.0,305.89,68.0
training,2026-10-05T14:49:06.601770+00:00,4481.665276616812,18659.0,99.0,221.62,68.0
training,2026-10-05T14:49:06.601770+00:00,4487.089865468442,18659.0,80.0,319.86,69.0
training,2026-10-05T14:49:06.601770+00:00,4492.470752209425,18659.0,3.0,98.5,59.0
training,2026-10-05T14:49:06.601770+00:00,4497.831631824374,18659.0,0.0,95.41,57.0
training,2026-10-05T14:49:06.601770+00:00,4503.22970572114,18659.0,0.0,93.54,55.0
training,2026-10-05T14:49:06.601770+00:00,4508.614767387509,18659.0,0.0,92.39,53.0
training,2026-10-05T14:49:06.601770+00:00,4513.998295277357,18659.0,0.0,91.08,52.0
training,2026-10-05T14:49:06.601770+00:00,4519.398551940918,18659.0,0.0,90.39,50.0
training,2026-10-05T14:49:06.601770+00:00,4524.734320528805,18659.0,0.0,89.3,49.0
training,2026-10-05T14:49:06.601770+00:00,4530.087342783809,18659.0,80.0,280.46,54.0
training,2026-10-05T14:49:06.601770+00:00,4535.450880371034,18659.0,89.0,286.17,57.0
training,2026-10-05T14:49:06.601770+00:00,4540.8625425845385,18659.0,90.0,294.48,57.0
training,2026-10-05T14:49:06.601770+00:00,4546.277223713696,18659.0,80.0,298.05,61.0
training,2026-10-05T14:49:06.601770+00:00,4551.646267607808,18659.0,94.0,281.7,61.0
training,2026-10-05T14:49:06.601770+00:00,4557.012173682451,18659.0,93.0,297.25,61.0
training,2026-10-05T14:49:06.601770+00:00,4562.434199698269,18659.0,96.0,278.43,63.0
training,2026-10-05T14:49:06.601770+00:00,4567.799986556172,18659.0,93.0,275.33,63.0
training,2026-10-05T14:49:06.601770+00:00,4573.206620790064,18659.0,94.0,276.53,64.0
training,2026-10-05T14:49:06.601770+00:00,4578.585000284016,18659.0,85.0,290.93,63.0
training,2026-10-05T14:49:06.601770+00:00,4583.962605856359,18659.0,83.0,289.47,64.0
training,2026-10-05T14:49:06.601770+00:00,4589.322489470243,18659.0,92.0,305.76,63.0
training,2026-10-05T14:49:06.601770+00:00,4594.731053240597,18659.0,92.0,309.56,63.0
training,2026-10-05T14:49:06.601770+00:00,4600.136086255312,18659.0,95.0,299.33,64.0
training,2026-10-05T14:49:06.601770+00:00,4605.532591231167,18659.0,94.0,314.96,66.0
training,2026-10-05T14:49:06.601770+00:00,4611.006199762225,18659.0,78.0,288.94,66.0
training,2026-10-05T14:49:06.601770+00:00,4616.39565551281,18659.0,95.0,297.07,66.0
training,2026-10-05T14:49:06.601770+00:00,4621.796916104853,18659.0,71.0,307.12,63.0
training,2026-10-05T14:49:06.601770+00:00,4627.20337190479,18659.0,4.0,96.69,57.0
training,2026-10-05T14:49:06.601770+00:00,4632.62051217258,18659.0,0.0,93.92,55.0
training,2026-10-05T14:49:06.601770+00:00,4637.954642251134,18659.0,0.0,91.92,53.0
training,2026-10-05T14:49:06.601770+00:00,4643.360348530114,18659.0,0.0,90.94,52.0
training,2026-10-05T14:49:06.601770+00:00,4648.788492664695,18659.0,0.0,90.16,50.0
training,2026-10-05T14:49:06.601770+00:00,4654.27632329613,18659.0,0.0,89.32,49.0
training,2026-10-05T14:49:06.601770+00:00,4659.653828851879,18659.0,73.0,126.22,54.0
training,2026-10-05T14:49:06.601770+00:00,4665.085898041725,18659.0,87.0,294.91,56.0
training,2026-10-05T14:49:06.601770+00:00,4670.452630124986,18659.0,77.0,284.43,60.0
training,2026-10-05T14:49:06.601770+00:00,4675.906280055642,18659.0,91.0,300.0,59.0
training,2026-10-05T14:49:06.601770+00:00,4681.324228972197,18659.0,95.0,316.92,60.0
training,2026-10-05T14:49:06.601770+00:00,4686.7967964708805,18659.0,93.0,284.55,61.0
training,2026-10-05T14:49:06.601770+00:00,4692.202877171338,18659.0,87.0,303.29,60.0
training,2026-10-05T14:49:06.601770+00:00,4697.576827809215,18659.0,85.0,294.38,64.0
training,2026-10-05T14:49:06.601770+00:00,4703.035894706845,18659.0,80.0,267.29,61.0
training,2026-10-05T14:49:06.601770+00:00,4708.545696213841,18659.0,87.0,286.04,62.0
training,2026-10-05T14:49:06.601770+00:00,4713.9613799750805,18659.0,80.0,246.74,61.0
training,2026-10-05T14:49:06.601770+00:00,4719.40334879607,18659.0,93.0,286.7,62.0
training,2026-10-05T14:49:06.601770+00:00,4724.8547541722655,18659.0,84.0,277.64,65.0
training,2026-10-05T14:49:06.601770+00:00,4730.260000698268,18659.0,94.0,289.88,61.0
training,2026-10-05T14:49:06.601770+00:00,4735.74727679044,18659.0,82.0,290.02,66.0
training,2026-10-05T14:49:06.601770+00:00,4741.187034465373,18659.0,80.0,303.82,65.0
training,2026-10-05T14:49:06.601770+00:00,4746.626347266138,18659.0,67.0,280.81,66.0
training,2026-10-05T14:49:06.601770+00:00,4752.028401769698,18659.0,93.0,308.53,66.0
training,2026-10-05T14:49:06.601770+00:00,4757.462890535593,18659.0,95.0,278.76,65.0
training,2026-10-05T14:49:06.601770+00:00,4762.926726460457,18659.0,80.0,287.79,64.0
training,2026-10-05T14:49:06.601770+00:00,4768.292552672327,18659.0,99.0,268.17,64.0
training,2026-10-05T14:49:06.601770+00:00,4773.672833777964,18659.0,83.0,279.46,67.0
training,2026-10-05T14:49:06.601770+00:00,4779.066249057651,18659.0,76.0,274.05,66.0
training,2026-10-05T14:49:06.601770+00:00,4784.412111252546,18659.0,96.0,299.29,65.0
training,2026-10-05T14:49:06.601770+00:00,4789.838247708976,18659.0,96.0,295.97,66.0
training,2026-10-05T14:49:06.601770+00:00,4795.19650349766,18659.0,83.0,283.63,67.0
training,2026-10-05T14:49:06.601770+00:00,4800.599404491484,18659.0,94.0,289.01,66.0
training,2026-10-05T14:49:06.601770+00:00,4806.0186252221465,18659.0,76.0,298.64,68.0
training,2026-10-05T14:49:06.601770+00:00,4811.42633356154,18659.0,97.0,290.1,66.0
training,2026-10-05T14:49:06.601770+00:00,4816.800329491496,18659.0,72.0,286.52,68.0
training,2026-10-05T14:49:06.601770+00:00,4822.163096539676,18659.0,84.0,248.91,67.0
training,2026-10-05T14:49:06.601770+00:00,4827.656566686928,18659.0,82.0,270.7,67.0
training,2026-10-05T14:49:06.601770+00:00,4833.05275785923,18659.0,79.0,281.36,67.0
training,2026-10-05T14:49:06.601770+00:00,4838.426544725895,18659.0,94.0,290.24,68.0
training,2026-10-05T14:49:06.601770+00:00,4843.869851790369,18659.0,79.0,309.23,67.0
training,2026-10-05T14:49:06.601770+00:00,4849.292691215873,18659.0,85.0,290.76,67.0
training,2026-10-05T14:49:06.601770+00:00,4854.6506661996245,18659.0,95.0,321.76,66.0
training,2026-10-05T14:49:06.601770+00:00,4859.987815134227,18659.0,81.0,309.25,67.0
training,2026-10-05T14:49:06.601770+00:00,4865.351805910468,18659.0,94.0,284.59,64.0
training,2026-10-05T14:49:06.601770+00:00,4870.773751355708,18659.0,81.0,293.47,68.0
training,2026-10-05T14:49:06.601770+00:00,4876.195140086114,18659.0,81.0,266.35,68.0
training,2026-10-05T14:49:06.601770+00:00,4881.549814268947,18659.0,94.0,291.22,69.0
training,2026-10-05T14:49:06.601770+00:00,4886.932973340154,18659.0,99.0,306.18,68.0
training,2026-10-05T14:49:06.601770+00:00,4892.262775093317,18659.0,3.0,121.51,60.0
training,2026-10-05T14:49:06.601770+00:00,4897.600432001054,18659.0,0.0,96.27,58.0
training,2026-10-05T14:49:06.601770+00:00,4902.952110417187,18659.0,0.0,94.58,55.0
training,2026-10-05T14:49:06.601770+00:00,4908.295645572245,18659.0,0.0,93.45,54.0
training,2026-10-05T14:49:06.601770+00:00,4913.636997893453,18659.0,0.0,92.38,52.0
training,2026-10-05T14:49:06.601770+00:00,4919.083398140967,18659.0,0.0,91.93,51.0
training,2026-10-05T14:49:06.601770+00:00,4924.4453626051545,18659.0,0.0,90.62,50.0
training,2026-10-05T14:49:06.601770+00:00,4929.849825084209,18659.0,0.0,90.02,49.0
training,2026-10-05T14:49:06.601770+00:00,4935.249648287892,18659.0,77.0,119.62,55.0
training,2026-10-05T14:49:06.601770+00:00,4940.714287899435,18659.0,96.0,275.89,58.0
training,2026-10-05T14:49:06.601770+00:00,4946.0909572690725,18659.0,18.0,261.96,53.0
training,2026-10-05T14:49:06.601770+00:00,4951.430058628321,18659.0,92.0,315.54,61.0
training,2026-10-05T14:49:06.601770+00:00,4956.775694079697,18659.0,79.0,286.4,62.0
training,2026-10-05T14:49:06.601770+00:00,4962.127852089703,18659.0,93.0,302.72,60.0
training,2026-10-05T14:49:06.601770+00:00,4967.520504936576,18659.0,77.0,306.76,63.0
training,2026-10-05T14:49:06.601770+00:00,4972.950401857495,18659.0,78.0,290.32,62.0
training,2026-10-05T14:49:06.601770+00:00,4978.39797527343,18659.0,90.0,306.95,64.0
training,2026-10-05T14:49:06.601770+00:00,4983.8841815292835,18659.0,94.0,314.26,62.0
training,2026-10-05T14:49:06.601770+00:00,4989.314749009907,18659.0,96.0,294.52,62.0
training,2026-10-05T14:49:06.601770+00:00,4994.6992003545165,18659.0,94.0,292.93,63.0
training,2026-10-05T14:49:06.601770+00:00,5000.085494726896,18659.0,0.0,241.69,59.0
training,2026-10-05T14:49:06.601770+00:00,5005.5014039203525,18659.0,94.0,311.82,65.0
training,2026-10-05T14:49:06.601770+00:00,5010.859582461417,18659.0,84.0,287.24,63.0
training,2026-10-05T14:49:06.601770+00:00,5016.318686559796,18659.0,79.0,276.47,66.0
training,2026-10-05T14:49:06.601770+00:00,5021.7531221956015,18659.0,85.0,290.69,65.0
training,2026-10-05T14:49:06.601770+00:00,5027.112682439387,18659.0,85.0,279.86,64.0
training,2026-10-05T14:49:06.601770+00:00,5032.470867745578,18659.0,76.0,283.35,67.0
training,2026-10-05T14:49:06.601770+00:00,5037.825030006468,18659.0,95.0,297.49,64.0
training,2026-10-05T14:49:06.601770+00:00,5043.262291230261,18659.0,88.0,282.14,65.0
training,2026-10-05T14:49:06.601770+00:00,5048.636444807053,18659.0,87.0,300.38,64.0
training,2026-10-05T14:49:06.601770+00:00,5053.972959861159,18659.0,94.0,315.03,65.0
training,2026-10-05T14:49:06.601770+00:00,5059.4007811918855,18659.0,87.0,292.03,67.0
training,2026-10-05T14:49:06.601770+00:00,5064.7937556654215,18659.0,75.0,298.39,66.0
training,2026-10-05T14:49:06.601770+00:00,5070.1898798123,18659.0,81.0,295.41,65.0
training,2026-10-05T14:49:06.601770+00:00,5075.633211873472,18659.0,88.0,288.66,66.0
training,2026-10-05T14:49:06.601770+00:00,5081.03865532577,18659.0,86.0,303.01,65.0
training,2026-10-05T14:49:06.601770+00:00,5086.451942369342,18659.0,89.0,295.67,65.0
training,2026-10-05T14:49:06.601770+00:00,5091.855331920087,18659.0,74.0,291.71,67.0
training,2026-10-05T14:49:06.601770+00:00,5097.196632675827,18659.0,88.0,293.45,65.0
training,2026-10-05T14:49:06.601770+00:00,5102.569374874234,18659.0,83.0,291.73,68.0
training,2026-10-05T14:49:06.601770+00:00,5107.978322312236,18659.0,95.0,313.04,65.0
training,2026-10-05T14:49:06.601770+00:00,5113.3781596422195,18659.0,91.0,275.41,65.0
training,2026-10-05T14:49:06.601770+00:00,5118.735261283815,18659.0,96.0,288.92,68.0
training,2026-10-05T14:49:06.601770+00:00,5124.083810448647,18659.0,81.0,313.46,66.0
training,2026-10-05T14:49:06.601770+00:00,5129.494593806565,18659.0,83.0,306.9,68.0
training,2026-10-05T14:49:06.601770+00:00,5134.896222665906,18659.0,92.0,327.03,68.0
training,2026-10-05T14:49:06.601770+00:00,5140.320427201688,18659.0,95.0,303.48,65.0
training,2026-10-05T14:49:06.601770+00:00,5145.7189173176885,18659.0,94.0,296.47,65.0
training,2026-10-05T14:49:06.601770+00:00,5151.147382572293,18659.0,92.0,311.62,65.0
training,2026-10-05T14:49:06.601770+00:00,5156.58177319169,18659.0,95.0,301.67,66.0
training,2026-10-05T14:49:06.601770+00:00,5161.96686141938,18659.0,95.0,305.57,64.0
training,2026-10-05T14:49:06.601770+00:00,5167.368697024882,18659.0,99.0,274.04,66.0
training,2026-10-05T14:49:06.601770+00:00,5172.643529489636,18659.0,94.0,319.59,66.0
training,2026-10-05T14:49:06.601770+00:00,5177.973675996065,18659.0,97.0,285.2,66.0
training,2026-10-05T14:49:06.601770+00:00,5183.278503008187,18659.0,94.0,293.04,66.0
training,2026-10-05T14:49:06.601770+00:00,5188.608062788844,18659.0,94.0,276.97,69.0
training,2026-10-05T14:49:06.601770+00:00,5193.9482280015945,18659.0,91.0,303.52,68.0
training,2026-10-05T14:49:06.601770+00:00,5199.302025720477,18659.0,84.0,275.4,67.0
training,2026-10-05T14:49:06.601770+00:00,5204.682216845453,18659.0,89.0,304.82,69.0
training,2026-10-05T14:49:06.601770+00:00,5210.052051544189,18659.0,95.0,290.32,68.0
training,2026-10-05T14:49:06.601770+00:00,5215.401883855462,18659.0,99.0,304.85,67.0
training,2026-10-05T14:49:06.601770+00:00,5220.756954520941,18659.0,76.0,291.59,69.0
training,2026-10-05T14:49:06.601770+00:00,5226.1645395979285,18659.0,94.0,316.52,67.0
training,2026-10-05T14:49:06.601770+00:00,5231.514488756657,18659.0,75.0,302.12,68.0
training,2026-10-05T14:49:06.601770+00:00,5236.8750772327185,18659.0,95.0,298.21,68.0
training,2026-10-05T14:49:06.601770+00:00,5242.307641282678,18659.0,93.0,290.2,67.0
training,2026-10-05T14:49:06.601770+00:00,5247.684945717454,18659.0,68.0,305.22,69.0
training,2026-10-05T14:49:06.601770+00:00,5253.074925504625,18659.0,86.0,245.16,68.0
training,2026-10-05T14:49:06.601770+00:00,5258.461573623121,18659.0,88.0,305.11,69.0
training,2026-10-05T14:49:06.601770+00:00,5263.864325843751,18659.0,5.0,100.19,61.0
training,2026-10-05T14:49:06.601770+00:00,5269.288692995906,18659.0,0.0,96.19,58.0
training,2026-10-05T14:49:06.601770+00:00,5274.705686017871,18659.0,0.0,94.82,56.0
training,2026-10-05T14:49:06.601770+00:00,5280.163751333952,18659.0,0.0,93.39,55.0
training,2026-10-05T14:49:06.601770+00:00,5285.547956161201,18659.0,0.0,92.87,54.0
training,2026-10-05T14:49:06.601770+00:00,5290.907547429204,18659.0,0.0,92.28,53.0
training,2026-10-05T14:49:06.601770+00:00,5296.260889455676,18659.0,0.0,90.96,52.0
training,2026-10-05T14:49:06.601770+00:00,5301.6348535344005,18659.0,93.0,289.77,60.0
training,2026-10-05T14:49:06.601770+00:00,5307.0576701536775,18659.0,93.0,303.03,60.0
training,2026-10-05T14:49:06.601770+00:00,5312.46840313077,18659.0,99.0,277.33,62.0
training,2026-10-05T14:49:06.601770+00:00,5317.838998652995,18659.0,84.0,300.26,64.0
training,2026-10-05T14:49:06.601770+00:00,5323.206990465522,18659.0,93.0,296.4,63.0
training,2026-10-05T14:49:06.601770+00:00,5328.588890723884,18659.0,94.0,291.82,64.0
training,2026-10-05T14:49:06.601770+00:00,5333.978298589587,18659.0,69.0,286.8,63.0
training,2026-10-05T14:49:06.601770+00:00,5339.360271655023,18659.0,82.0,285.85,68.0
training,2026-10-05T14:49:06.601770+00:00,5344.793242663145,18659.0,95.0,294.16,66.0
training,2026-10-05T14:49:06.601770+00:00,5350.260109618306,18659.0,77.0,241.9,67.0
training,2026-10-05T14:49:06.601770+00:00,5355.650230944157,18659.0,91.0,297.73,69.0
training,2026-10-05T14:49:06.601770+00:00,5361.029498010874,18659.0,0.0,97.49,58.0
training,2026-10-05T14:49:06.601770+00:00,5366.398790024221,18659.0,0.0,94.94,56.0
training,2026-10-05T14:49:06.601770+00:00,5371.80983941257,18659.0,0.0,93.04,54.0
training,2026-10-05T14:49:06.601770+00:00,5377.192234925926,18659.0,0.0,92.11,52.0
training,2026-10-05T14:49:06.601770+00:00,5382.622040197253,18659.0,0.0,91.36,50.0
training,2026-10-05T14:49:06.601770+00:00,5388.016815595329,18659.0,0.0,90.35,49.0
training,2026-10-05T14:49:06.601770+00:00,5393.413685917854,18659.0,83.0,253.56,58.0
training,2026-10-05T14:49:06.601770+00:00,5398.852481216192,18659.0,94.0,293.13,58.0
training,2026-10-05T14:49:06.601770+00:00,5404.272066965699,18659.0,87.0,291.77,62.0
training,2026-10-05T14:49:06.601770+00:00,5409.759003117681,18659.0,93.0,319.69,61.0
training,2026-10-05T14:49:06.601770+00:00,5415.212724663317,18659.0,92.0,280.32,63.0
training,2026-10-05T14:49:06.601770+00:00,5420.643535166979,18659.0,96.0,278.85,64.0
training,2026-10-05T14:49:06.601770+00:00,5426.108399957418,18659.0,90.0,291.4,62.0
training,2026-10-05T14:49:06.601770+00:00,5431.581339351833,18659.0,92.0,298.36,64.0
training,2026-10-05T14:49:06.601770+00:00,5437.0240136012435,18659.0,68.0,275.7,63.0
training,2026-10-05T14:49:06.601770+00:00,5442.453751705587,18659.0,94.0,301.94,63.0
training,2026-10-05T14:49:06.601770+00:00,5447.8533098474145,18659.0,95.0,316.82,66.0
training,2026-10-05T14:49:06.601770+00:00,5453.2483464330435,18659.0,89.0,283.46,64.0
training,2026-10-05T14:49:06.601770+00:00,5458.587145447731,18659.0,93.0,291.32,66.0
training,2026-10-05T14:49:06.601770+00:00,5464.011137552559,18659.0,82.0,278.54,66.0
training,2026-10-05T14:49:06.601770+00:00,5469.391263656318,18659.0,95.0,295.74,65.0
training,2026-10-05T14:49:06.601770+00:00,5474.777004800737,18659.0,79.0,257.68,67.0
training,2026-10-05T14:49:06.601770+00:00,5480.156070381403,18659.0,87.0,291.88,67.0
training,2026-10-05T14:49:06.601770+00:00,5485.504232950509,18659.0,87.0,302.61,65.0
training,2026-10-05T14:49:06.601770+00:00,5490.849233619869,18659.0,69.0,255.95,64.0
training,2026-10-05T14:49:06.601770+00:00,5496.2671941667795,18659.0,81.0,288.93,66.0
training,2026-10-05T14:49:06.601770+00:00,5501.636251345277,18659.0,87.0,298.07,67.0
training,2026-10-05T14:49:06.601770+00:00,5507.033473022282,18659.0,93.0,307.93,67.0
training,2026-10-05T14:49:06.601770+00:00,5512.443590261042,18659.0,79.0,301.29,67.0
training,2026-10-05T14:49:06.601770+00:00,5517.8213608413935,18659.0,96.0,317.42,65.0
training,2026-10-05T14:49:06.601770+00:00,5523.1694316715,18659.0,89.0,306.92,67.0
training,2026-10-05T14:49:06.601770+00:00,5528.561184749007,18659.0,95.0,277.4,64.0
training,2026-10-05T14:49:06.601770+00:00,5533.947236023843,18659.0,82.0,271.7,65.0
training,2026-10-05T14:49:06.601770+00:00,5539.304557487369,18659.0,99.0,286.6,65.0
training,2026-10-05T14:49:06.601770+00:00,5544.685012079775,18659.0,95.0,298.49,64.0
training,2026-10-05T14:49:06.601770+00:00,5550.035467669368,18659.0,92.0,299.97,66.0
training,2026-10-05T14:49:06.601770+00:00,5555.364967510104,18659.0,82.0,304.17,65.0
training,2026-10-05T14:49:06.601770+00:00,5560.813381880522,18659.0,90.0,307.39,66.0
training,2026-10-05T14:49:06.601770+00:00,5566.298473104835,18659.0,94.0,281.73,68.0
training,2026-10-05T14:49:06.601770+00:00,5571.679157294333,18659.0,95.0,298.89,67.0
training,2026-10-05T14:49:06.601770+00:00,5577.121359817684,18659.0,93.0,300.51,66.0
training,2026-10-05T14:49:06.601770+00:00,5582.560837060213,18659.0,93.0,282.04,68.0
training,2026-10-05T14:49:06.601770+00:00,5587.975133500993,18659.0,86.0,314.82,67.0
training,2026-10-05T14:49:06.601770+00:00,5593.340865634382,18659.0,95.0,295.45,68.0
training,2026-10-05T14:49:06.601770+00:00,5598.708023540676,18659.0,95.0,310.73,65.0
training,2026-10-05T14:49:06.601770+00:00,5604.1767404899,18659.0,82.0,292.57,67.0
training,2026-10-05T14:49:06.601770+00:00,5609.547778092325,18659.0,79.0,282.73,66.0
training,2026-10-05T14:49:06.601770+00:00,5614.859438292682,18659.0,93.0,296.07,67.0
training,2026-10-05T14:49:06.601770+00:00,5620.188189864159,18659.0,94.0,312.55,68.0
training,2026-10-05T14:49:06.601770+00:00,5625.534998521209,18659.0,95.0,268.25,67.0
training,2026-10-05T14:49:06.601770+00:00,5630.965497218072,18659.0,87.0,299.56,69.0
training,2026-10-05T14:49:06.601770+00:00,5636.365156941116,18659.0,94.0,280.28,67.0
training,2026-10-05T14:49:06.601770+00:00,5641.797681629658,18659.0,80.0,270.22,69.0
training,2026-10-05T14:49:06.601770+00:00,5647.227361880243,18659.0,86.0,302.3,69.0
training,2026-10-05T14:49:06.601770+00:00,5652.606051899493,18659.0,98.0,312.23,68.0
training,2026-10-05T14:49:06.601770+00:00,5658.0467887967825,18659.0,7.0,239.67,63.0
training,2026-10-05T14:49:06.601770+00:00,5663.396555989981,18659.0,0.0,98.1,58.0
training,2026-10-05T14:49:06.601770+00:00,5668.8418705537915,18659.0,0.0,95.84,56.0
training,2026-10-05T14:49:06.601770+00:00,5674.303741648793,18659.0,0.0,94.04,55.0
training,2026-10-05T14:49:06.601770+00:00,5679.725804261863,18659.0,0.0,92.86,53.0
training,2026-10-05T14:49:06.601770+00:00,5685.081468522549,18659.0,0.0,92.29,51.0
training,2026-10-05T14:49:06.601770+00:00,5690.435987204313,18659.0,0.0,90.84,50.0
training,2026-10-05T14:49:06.601770+00:00,5695.805657029152,18659.0,73.0,289.38,57.0
training,2026-10-05T14:49:06.601770+00:00,5701.235213316977,18659.0,94.0,273.82,57.0
training,2026-10-05T14:49:06.601770+00:00,5706.630873046815,18659.0,94.0,286.25,59.0
training,2026-10-05T14:49:06.601770+00:00,5711.995449639857,18659.0,95.0,304.36,61.0
training,2026-10-05T14:49:06.601770+00:00,5717.416805781424,18659.0,94.0,305.56,61.0
training,2026-10-05T14:49:06.601770+00:00,5722.786476641893,18659.0,94.0,304.3,64.0
training,2026-10-05T14:49:06.601770+00:00,5728.135591857135,18659.0,90.0,283.79,62.0
training,2026-10-05T14:49:06.601770+00:00,5733.56328933686,18659.0,74.0,270.82,61.0
training,2026-10-05T14:49:06.601770+00:00,5738.938686624169,18659.0,91.0,300.02,65.0
training,2026-10-05T14:49:06.601770+00:00,5744.329080663621,18659.0,92.0,302.52,66.0
training,2026-10-05T14:49:06.601770+00:00,5749.772352017462,18659.0,77.0,262.76,65.0
training,2026-10-05T14:49:06.601770+00:00,5755.157729767263,18659.0,85.0,284.19,66.0
training,2026-10-05T14:49:06.601770+00:00,5760.509580910206,18659.0,87.0,270.42,66.0
training,2026-10-05T14:49:06.601770+00:00,5765.9383557885885,18659.0,89.0,286.21,65.0
training,2026-10-05T14:49:06.601770+00:00,5771.357048854232,18659.0,86.0,304.39,66.0
training,2026-10-05T14:49:06.601770+00:00,5776.711010217667,18659.0,79.0,285.62,66.0
training,2026-10-05T14:49:06.601770+00:00,5782.061951555312,18659.0,96.0,303.02,67.0
training,2026-10-05T14:49:06.601770+00:00,5787.478643156588,18659.0,54.0,266.49,63.0
training,2026-10-05T14:49:06.601770+00:00,5792.904696375132,18659.0,94.0,293.77,65.0
training,2026-10-05T14:49:06.601770+00:00,5798.319771751761,18659.0,85.0,283.54,64.0
training,2026-10-05T14:49:06.601770+00:00,5803.708124905825,18659.0,79.0,283.71,65.0
training,2026-10-05T14:49:06.601770+00:00,5809.100375264883,18659.0,82.0,265.72,65.0
training,2026-10-05T14:49:06.601770+00:00,5814.549708306789,18659.0,95.0,285.22,66.0
training,2026-10-05T14:49:06.601770+00:00,5819.910894855857,18659.0,80.0,299.75,65.0
training,2026-10-05T14:49:06.601770+00:00,5825.294244736433,18659.0,97.0,278.81,64.0
training,2026-10-05T14:49:06.601770+00:00,5830.70535287261,18659.0,65.0,315.05,65.0
training,2026-10-05T14:49:06.601770+00:00,5836.171691864729,18659.0,94.0,287.73,65.0
training,2026-10-05T14:49:06.601770+00:00,5841.530842550099,18659.0,73.0,242.89,65.0
training,2026-10-05T14:49:06.601770+00:00,5846.930392675102,18659.0,94.0,296.33,65.0
training,2026-10-05T14:49:06.601770+00:00,5852.253414288163,18659.0,93.0,295.67,66.0
training,2026-10-05T14:49:06.601770+00:00,5857.672048024833,18659.0,86.0,314.08,67.0
training,2026-10-05T14:49:06.601770+00:00,5863.05843386054,18659.0,93.0,305.71,68.0
training,2026-10-05T14:49:06.601770+00:00,5868.438691407442,18659.0,95.0,282.31,66.0
training,2026-10-05T14:49:06.601770+00:00,5873.852981977165,18659.0,99.0,298.18,66.0
training,2026-10-05T14:49:06.601770+00:00,5879.289552658796,18659.0,94.0,313.89,66.0
training,2026-10-05T14:49:06.601770+00:00,5884.692999623716,18659.0,93.0,279.74,68.0
training,2026-10-05T14:49:06.601770+00:00,5890.112761825323,18659.0,80.0,295.6,69.0
training,2026-10-05T14:49:06.601770+00:00,5895.486833512783,18659.0,89.0,261.43,66.0
training,2026-10-05T14:49:06.601770+00:00,5900.892321012914,18659.0,92.0,308.72,66.0
training,2026-10-05T14:49:06.601770+00:00,5906.327140383422,18659.0,88.0,297.99,67.0
training,2026-10-05T14:49:06.601770+00:00,5911.684881083667,18659.0,94.0,292.51,67.0
training,2026-10-05T14:49:06.601770+00:00,5917.084929905832,18659.0,95.0,293.89,65.0
training,2026-10-05T14:49:06.601770+00:00,5922.432265408337,18659.0,81.0,307.99,66.0
training,2026-10-05T14:49:06.601770+00:00,5927.795459441841,18659.0,81.0,307.12,66.0
training,2026-10-05T14:49:06.601770+00:00,5933.129832692444,18659.0,88.0,291.43,69.0
training,2026-10-05T14:49:06.601770+00:00,5938.479964353144,18659.0,94.0,302.61,68.0
training,2026-10-05T14:49:06.601770+00:00,5943.952440515161,18659.0,70.0,272.06,69.0
training,2026-10-05T14:49:06.601770+00:00,5949.383205384016,18659.0,84.0,262.51,67.0
training,2026-10-05T14:49:06.601770+00:00,5954.761606961489,18659.0,94.0,302.38,66.0
training,2026-10-05T14:49:06.601770+00:00,5960.187497206032,18659.0,94.0,290.92,68.0
training,2026-10-05T14:49:06.601770+00:00,5965.534717202187,18659.0,93.0,304.29,66.0
training,2026-10-05T14:49:06.601770+00:00,5970.886707991362,18659.0,95.0,306.95,66.0
training,2026-10-05T14:49:06.601770+00:00,5976.2410830408335,18659.0,93.0,310.24,66.0
training,2026-10-05T14:49:06.601770+00:00,5981.570810049772,18659.0,87.0,297.1,68.0
training,2026-10-05T14:49:06.601770+00:00,5986.903610572219,18659.0,95.0,289.53,67.0
training,2026-10-05T14:49:06.601770+00:00,5992.230543166399,18659.0,92.0,284.82,68.0
training,2026-10-05T14:49:06.601770+00:00,5997.534008592367,18659.0,94.0,323.1,66.0
training,2026-10-05T14:49:06.601770+00:00,6002.847683124244,18659.0,97.0,307.25,68.0
training,2026-10-05T14:49:06.601770+00:00,6008.208796359599,18659.0,91.0,286.65,69.0
training,2026-10-05T14:49:06.601770+00:00,6013.519003368914,18659.0,98.0,307.29,67.0
training,2026-10-05T14:49:06.601770+00:00,6018.896737702191,18659.0,80.0,300.75,68.0
training,2026-10-05T14:49:06.601770+00:00,6024.228771284223,18659.0,4.0,98.97,59.0
training,2026-10-05T14:49:06.601770+00:00,6029.56910327822,18659.0,0.0,95.93,57.0
training,2026-10-05T14:49:06.601770+00:00,6034.949227839708,18659.0,0.0,95.18,56.0
training,2026-10-05T14:49:06.601770+00:00,6040.301351390779,18659.0,0.0,94.98,55.0
training,2026-10-05T14:49:06.601770+00:00,6045.611822336912,18659.0,0.0,94.29,55.0
training,2026-10-05T14:49:06.601770+00:00,6051.013348817825,18659.0,0.0,93.45,54.0
training,2026-10-05T14:49:06.601770+00:00,6056.341635540128,18659.0,0.0,93.28,54.0
training,2026-10-05T14:49:06.601770+00:00,6061.712844409049,18659.0,0.0,92.85,53.0
training,2026-10-05T14:49:06.601770+00:00,6067.02074508369,18659.0,0.0,92.1,52.0
training,2026-10-05T14:49:06.601770+00:00,6072.362747184932,18659.0,0.0,92.03,52.0
training,2026-10-05T14:49:06.601770+00:00,6077.681811407208,18659.0,0.0,92.17,52.0
training,2026-10-05T14:49:06.601770+00:00,6083.108218297362,18659.0,0.0,91.66,52.0
training,2026-10-05T14:49:06.601770+00:00,6088.484018556774,18659.0,92.0,297.26,60.0
training,2026-10-05T14:49:06.601770+00:00,6093.861036799848,18659.0,81.0,232.43,60.0
training,2026-10-05T14:49:06.601770+00:00,6099.256045028567,18659.0,91.0,284.53,65.0
training,2026-10-05T14:49:06.601770+00:00,6104.597211994231,18659.0,93.0,309.98,64.0
training,2026-10-05T14:49:06.601770+00:00,6109.934375062585,18659.0,4.0,96.18,56.0
training,2026-10-05T14:49:06.601770+00:00,6115.302121765912,18659.0,0.0,93.52,54.0
training,2026-10-05T14:49:06.601770+00:00,6120.655696921051,18659.0,0.0,92.44,53.0
training,2026-10-05T14:49:06.601770+00:00,6125.9759551510215,18659.0,0.0,91.23,52.0
training,2026-10-05T14:49:06.601770+00:00,6131.289689935744,18659.0,0.0,90.29,50.0
training,2026-10-05T14:49:06.601770+00:00,6136.638672553003,18659.0,0.0,90.29,50.0
training,2026-10-05T14:49:06.601770+00:00,6141.972965054214,18659.0,0.0,89.21,49.0
training,2026-10-05T14:49:06.601770+00:00,6147.313250422478,18659.0,0.0,88.61,48.0
training,2026-10-05T14:49:06.601770+00:00,6152.673615664244,18659.0,0.0,87.81,47.0
training,2026-10-05T14:49:06.601770+00:00,6158.025454454124,18659.0,0.0,88.07,46.0
training,2026-10-05T14:49:06.601770+00:00,6163.394280575216,18659.0,0.0,87.13,45.0
training,2026-10-05T14:49:06.601770+00:00,6168.7190727368,2181.0,0.0,87.72,45.0
training,2026-10-05T14:49:06.601770+00:00,6174.0371604040265,2181.0,0.0,86.65,44.0
training,2026-10-05T14:49:06.601770+00:00,6179.39171667397,2181.0,0.0,85.8,43.0
training,2026-10-05T14:49:06.601770+00:00,6184.767729893327,2181.0,0.0,85.47,43.0
training,2026-10-05T14:49:06.601770+00:00,6190.121395237744,2181.0,0.0,85.38,42.0
training,2026-10-05T14:49:06.601770+00:00,6195.48212634027,2181.0,0.0,85.11,42.0
training,2026-10-05T14:49:06.601770+00:00,6200.811868369579,2181.0,0.0,85.02,41.0
training,2026-10-05T14:49:06.601770+00:00,6206.271343104541,10661.0,93.0,281.65,51.0
training,2026-10-05T14:49:06.601770+00:00,6211.596724003553,2159.0,0.0,91.47,45.0
diagnostics,2026-10-05T16:33:24.994467+00:00,0.38435201346874237,0.0,0.0,92.7,44.0
diagnostics,2026-10-05T16:33:24.994467+00:00,5.755641855299473,0.0,0.0,61.86,42.0
diagnostics,2026-10-05T16:33:24.994467+00:00,11.13443922996521,0.0,0.0,34.33,40.0
diagnostics,2026-10-05T16:33:24.994467+00:00,16.471429213881493,3.0,0.0,33.98,39.0
diagnostics,2026-10-05T16:33:24.994467+00:00,21.813886910676956,9463.0,96.0,238.73,46.0
diagnostics,2026-10-05T16:33:24.994467+00:00,27.15500472486019,9463.0,96.0,236.14,46.0
diagnostics,2026-10-05T16:33:24.994467+00:00,32.51876898109913,10263.0,42.0,227.34,47.0
diagnostics,2026-10-05T16:33:24.994467+00:00,37.89100283384323,10263.0,96.0,237.22,49.0
diagnostics,2026-10-05T16:33:24.994467+00:00,43.278158254921436,10263.0,32.0,225.67,47.0
diagnostics,2026-10-05T16:33:24.994467+00:00,48.641070403158665,10263.0,37.0,223.81,52.0
diagnostics,2026-10-05T16:33:24.994467+00:00,53.992180056869984,10263.0,94.0,228.26,50.0
diagnostics,2026-10-05T16:33:24.994467+00:00,59.305510088801384,10263.0,0.0,205.52,48.0
diagnostics,2026-10-05T16:33:24.994467+00:00,64.62084294110537,10263.0,96.0,249.5,53.0
diagnostics,2026-10-05T16:33:24.994467+00:00,69.97834426909685,10263.0,95.0,238.0,53.0
diagnostics,2026-10-05T16:33:24.994467+00:00,75.36643353104591,10263.0,37.0,232.81,51.0
diagnostics,2026-10-05T16:33:24.994467+00:00,80.69855508953333,10263.0,94.0,233.26,53.0
diagnostics,2026-10-05T16:33:24.994467+00:00,86.0008642077446,10263.0,98.0,235.8,54.0
diagnostics,2026-10-05T16:33:24.994467+00:00,91.32911875098944,10263.0,96.0,246.7,54.0
diagnostics,2026-10-05T16:33:24.994467+00:00,96.65147306025028,10263.0,75.0,236.73,52.0
diagnostics,2026-10-05T16:33:24.994467+00:00,101.94683681428432,10263.0,98.0,247.68,53.0
diagnostics,2026-10-05T16:33:24.994467+00:00,107.30242957919836,10263.0,96.0,239.3,56.0
diagnostics,2026-10-05T16:33:24.994467+00:00,112.69034782797098,10263.0,96.0,235.49,55.0
diagnostics,2026-10-05T16:33:24.994467+00:00,118.047393463552,10263.0,98.0,230.16,55.0
diagnostics,2026-10-05T16:33:24.994467+00:00,123.46972357481718,10263.0,96.0,242.73,55.0
diagnostics,2026-10-05T16:33:24.994467+00:00,128.84423673897982,10263.0,67.0,248.19,55.0
diagnostics,2026-10-05T16:33:24.994467+00:00,134.26715748012066,10263.0,34.0,235.88,55.0
diagnostics,2026-10-05T16:33:24.994467+00:00,139.63549557328224,10263.0,96.0,226.54,56.0
diagnostics,2026-10-05T16:33:24.994467+00:00,144.98391798883677,10263.0,92.0,227.84,55.0
diagnostics,2026-10-05T16:33:24.994467+00:00,150.3175334483385,579.0,0.0,90.46,50.0
diagnostics,2026-10-05T16:33:24.994467+00:00,155.6706191971898,9465.0,34.0,236.1,53.0
diagnostics,2026-10-05T16:33:24.994467+00:00,160.97578202188015,10265.0,96.0,245.43,57.0
diagnostics,2026-10-05T16:33:24.994467+00:00,166.31949009001255,10265.0,62.0,248.84,54.0
diagnostics,2026-10-05T16:33:24.994467+00:00,171.66542583703995,10265.0,96.0,241.33,59.0
diagnostics,2026-10-05T16:33:24.994467+00:00,176.97023946791887,579.0,0.0,91.05,52.0
diagnostics,2026-10-05T16:33:24.994467+00:00,182.31973680108786,9465.0,98.0,248.4,55.0
diagnostics,2026-10-05T16:33:24.994467+00:00,187.72249184548855,10265.0,95.0,253.62,60.0
diagnostics,2026-10-05T16:33:24.994467+00:00,193.08201049268246,10265.0,0.0,256.33,58.0
diagnostics,2026-10-05T16:33:24.994467+00:00,198.4937572106719,10265.0,98.0,242.14,58.0
performance,2026-10-05T16:36:46.066364+00:00,0.33523228019475937,0.0,0.0,94.64,55.0
performance,2026-10-05T16:36:46.066364+00:00,5.72919674217701,0.0,0.0,52.51,52.0
performance,2026-10-05T16:36:46.066364+00:00,11.065855115652084,433.0,0.0,91.43,51.0
performance,2026-10-05T16:36:46.066364+00:00,16.42535099387169,3717.0,0.0,257.22,53.0
