key,group,split,tp,fp,fn,tn,support,predicted_pixels,iou,precision,recall,iou:person,iou:truck,iou:rail-track,iou:vegetation-overgrowth,iou:car,iou:on-rails,iou:traffic-sign,iou:road,iou:sidewalk,iou:construction,iou:tram-track,iou:pole,iou:traffic-light,iou:mud-pumping,iou:fence,iou:terrain,iou:sky,iou:rail-embedded,iou:rail-raised,iou:trackbed,iou:standing-water,image_sha256,mask_decoded_sha256,prediction_sha256
flooded-road-crossing/0272,flooded-road-crossing,train,0,0,0,2073600,0,0,,,,,,,,0.9350424008406852,,,0.6023329891569824,,0.5269929941847155,,0.057133838383838384,,,0.0,0.9054633910801199,0.982755646849446,,0.0,,0.8537229663657244,1a64c22d40183eaa53211aeb2ab21c5cbf2a328ca7b2d6716a58fff64bb7291d,2ae0b928ea09fecae228600e65afc5ccf5aeab55c6186e155c041878168d2b7b,780983961eb1b1d2b8023ab75a0cf6165ec13483310b6f6d6e0ee2a9d076b611
flooded-road-crossing/0273,flooded-road-crossing,train,0,389,0,2073211,0,389,0.0,0.0,,,,,0.0,,,,0.0,,0.5952497008906811,,0.0,,0.0,0.0,0.7421337282944516,,,0.0,0.0,0.9471026970512312,4f42631f3a3bf1174b11d6978aa00479044e989be0e1722cf53a2a7d698ca4da,d71932fbc886eb13c90b1ecf925dd2ed196974dc2b78b22dae98b2b052263ceb,4273bebe0148a1b9753454420ead8ccc4508181332a5267c1bf415a21b31cc1f
flooded-road-crossing/0274,flooded-road-crossing,train,0,0,0,2073600,0,0,,,,0.0,0.0,,,,,,0.9068595379573449,0.0,0.0,,0.0,,,0.0,0.6966150215430383,,,0.0,0.0,0.9157587650916977,5eac815d6dcafeaed42ca25116f35fe30e4598159ae3b155d664bf6b7378427a,92f986c0cf867798fb963a56a3cc9a99da42fa01c35481b1810a31fc272e5aab,028280a6c71ab8066857ef9a45eea0486e8b6e595a404426071a1a20007e6032
flooded-station-platform/0298,flooded-station-platform,train,0,0,0,2073600,0,0,,,,0.8826674656310859,,0.48003732665548443,,,0.8605556973407719,,,0.9268446631122866,0.8711080306057271,,,,,,0.0,,,0.6491719178242639,0.0,0.7093118001002842,f0194c9f5092ef4a9f5211064d986408ef94a7c44752b254cf2a6cb67600d64a,9c2a8282ac3b685c1b4f7d0eada263e2c6deb4d18423159e43b764c65f2afc9f,87c56e3a41770b748d5103d77eff2d35c003e43f913c5adc4c98d6d6d4ee3fdf
flooded-station-platform/0299,flooded-station-platform,train,0,0,0,2073600,0,0,,,,,,0.735062775297396,,,,,,0.9599554859194388,0.8930599219576929,,,,,,,,,0.8007018376464253,0.0,0.7684238206594728,2e8151e2e6b02fcc2163c50aa86d9e5e0134c8e81d7ed74c33832a121b91dcaf,ac007d07fbb9218cd6a46518c8161c36b300c81f837d4ca78ee881cc5c1285ad,aac166ee78b05d5ce2c549daa9eb6cc89941a2a3919c11c31c756eca0b48d34e
flooded-station-platform/0300,flooded-station-platform,train,0,0,0,1958520,0,0,,,,,,0.6245656628320722,,,,,,0.0,0.8967657853677032,,,,,,,,,0.7668703998430764,,0.728996691676596,aa5009748eb469829d461d7b4e9a1e63aced662acde1baab34479670671c9cfc,71b71d95fce3df9c264c4586d0b956bfa611ac012f0c0847d66c466d4e709978,643673369e80c422606705965aa0474d3a940755bb1b183ad7152ddb3b76092f
flooded-station-platform/0301,flooded-station-platform,train,0,0,0,2073600,0,0,,,,,,0.8440435973190059,,,,,,,0.9866880448246721,,,,,,0.0,,,0.8711900089427663,,0.9081827656324252,b6bfd2eb1a154fe26098279bca8d8165e5aa045fad56b687663d941cba56bfda,7894d14854f9ccbb4158b0466157085afe2d2c32ff1bb92ff09db44e499d08ca,842bf1017c32e642bb30c78e719047b4b8ce082d5c12ad33185e7006702525eb
flooded-station-platform/0302,flooded-station-platform,train,0,0,0,2073600,0,0,,,,,,0.8677014727461524,,,,,,0.0,0.9935459639354735,,,,,,,,,0.8909755856479193,,0.9031064218906381,0758d8245392d38d69bb520d6aa46dd39d38ccdfa9c8011ae15e78d2a3d0dfae,00ea88ab0410bcf15bd3202f7dbdea2d25333ff4bec6c06d01c990410360a826,0c88c527b629fb146bfeddf2e4712f53435be8eb8c16772bcf63c04f25f7e122
flooded-station-platform/0303,flooded-station-platform,train,0,0,0,2073600,0,0,,,,0.0,,0.8916078393254195,0.0,,0.7159932303786757,0.3256930463063342,0.0,0.9461123065747454,0.7958418313524158,,0.14342114973064718,0.22130013831258644,,0.24812741072539504,0.7777503395480924,0.24161755740703109,0.0,0.7979266807245484,0.817618264511653,0.859364921714015,e62cac97ea08c225e113869af1e24539312d59ae8b1ea981d8625c7d8c85968b,e39d3cc9f2e733f410aab08b883c5b815fc0b7cec4923951527119e1188c966a,b8d765c50a33e119a3f08997ef627bc6113c80f70746d85967419b3fe4119db0
flooded-station-platform/0304,flooded-station-platform,train,0,0,0,2073600,0,0,,,,,,0.5224224291184477,0.0,,,,,0.0,0.8843499294533751,,,,,,0.0,,,0.7284358500955528,0.0,0.7820186653303695,c9797d293e9f42ce5aacd15adf5adeae5aabd49c586206b065f6f9ae8218987a,fdcfa33e5312540d1fe6a49626ab748f10be173352f093e26fb20c90e293784a,09ecf21f9c8b3cb34c727b15b8a77c2732e9e32b5dfcff61971b8d2e54a4362a
flooded-station-platform/0305,flooded-station-platform,train,0,0,0,2073600,0,0,,,,,,0.7702289227717015,,,,,,0.2736463518016468,0.9413660360112264,,,,,,,,,0.899364564944361,,0.7821146898055207,10d64186056082ebd4e47902c4c0de8902ac70f0ef5c2e64b7a35ce344eeda23,e7d2de4d96aec0a8b3246ae5cbcc210d76914bab2c93070d8a83137bb7c9c701,d0dd560871ce7e64a36fa74db75164807097b04212fa178c563c90167d1e9806
flooded-stone-bridge/0270,flooded-stone-bridge,train,0,0,0,589824,0,0,,,,,,0.0,0.8292089678510999,,,,0.0,,0.0,,,,,,0.0,0.3732512590934527,,0.6268363241874971,0.09929926508289182,0.8724705472624866,d8aff7595858cbf04c9e2b85dc09bc865c9a2ad58b92c41e823fb4a084f4bada,fd6955216cc66b2eee2cfcf1242e63211c7bcc1bf86fb2ab9d8a15726ce917af,6fde50803bfca25cf6f6e2d6a6edc3b843825f7a0eb1aecbe99d34698929fe95
flooded-stone-bridge/0271,flooded-stone-bridge,train,0,0,0,698368,0,0,,,,,,0.0,0.0,,,0.0,,,0.8255717403081347,,0.003825066938671427,,,0.0,0.4834676359814312,0.9135897559331825,,0.2449701642287585,,0.8336907610966644,f5180763e414fb42a131798a9a989ba50a68fa194643d48809aba9a9130498ed,2368f3e5da46a76defb9ae32ea5cfde760f7cd9dad6b26b038b2df07dbeee742,9594d3e5452f764b03fc9d9d89fb0334aa18c5ac098cea0e73035f074a869369
flooded-stone-bridge/0310,flooded-stone-bridge,train,0,0,0,921222,0,0,,,,,0.0,0.08689700487324098,,0.7767052767052767,0.0,0.4951628825271471,0.5740023823704586,,0.818818748973896,,0.449018800603815,0.0,,0.45872446947715767,0.8745717931292734,0.8890853622991275,,0.7772929193215472,0.7505700107296137,0.6950795624860486,244d2e5e9d27aab38bd91e338efee542e9ef1b32b81f5b1d04e493988fd9fb15,e7400d491f361454e85ea2bdd892beb8058b0cd329a928274504f090705578d3,3cc14a4d06a26d720c6d6ab044dfbfc9c3f1ce5ddf13d78ee7d9ac86fadc7944
flooded-stone-bridge/0311,flooded-stone-bridge,train,0,0,0,921600,0,0,,,,,,0.0,,0.0,,0.0,0.0,,0.946740638002774,,0.25074272133095665,0.013888888888888888,,0.387672131147541,0.4549970411507647,0.9222230555763894,,0.49071589065035576,0.11372745490981964,0.6932218380210026,3ec9872d416c77c2223a85177374f753b9fa22546177d378a402366f3a00fac8,1f576c93da65df63c0f97c19e0f4a5a88fa854a978139bb0b399a9b0722ff0ce,0ee207e8c4d3378bf4512d5e20068786f5f9f8cd74ec7dc965ed37f862c6e653
green-roadside-cab-view/0174,green-roadside-cab-view,train,0,0,0,2066880,0,0,,,,,,0.9781828091436633,,,,,0.87312327078662,0.0,0.7016945422535211,,0.4440997313760357,,,0.0,0.909312766662283,0.9798267258262611,,0.811178442496132,0.7889788065127432,0.0,ac8756b81048f48af6d2c3fee710b8b43f34a4e658cde8c09bb9f690902790e5,1d89a374fa0d7ed2a6e6429295a1bbd6e07539abb712f5298181462289d6c8e5,00377a2b1ce934d97caaca3d12418209da89e037b4509825619ea0fb04cfd02d
green-roadside-cab-view/0200,green-roadside-cab-view,train,0,0,0,2068190,0,0,,,,,,0.2769512865054266,0.10507246376811594,,,0.78240302743614,0.8391366280219997,,,0.8666837093372531,0.5891575185912501,,,,0.9699277279161264,0.9855089018128876,0.6321266305144365,0.54035610149513,0.0,0.0,647d89550b9094d69144e9eb687405a9b548e981193dfb8682ee2e38bdb37aa6,f46c80584a147ea51bb34d9112360631c5f11d0019df6dd603d23b6e150c5218,18b4b9328a31dd2cdcd41d6a9c623bc9facf03b167cd16c046b2a74a6d25fa52
green-roadside-cab-view/0201,green-roadside-cab-view,train,0,0,0,1982593,0,0,,,,,,0.9286166048443616,0.0,,,,0.6193115519253208,,0.0,0.7502050487560376,0.6964793252039975,,,0.0,0.9723625302238514,0.9852455795287874,0.6064408197406943,0.7726697595951075,0.7803016762381393,,cec5a4a2267098df2b64c119ce4e99aacc9014722b05125b92bd8da623cddee4,55581854220617568ef435d0ce1a25842c7ab9554e57da4b56132ea6a7b2c5f0,70d00e145c8bf83392660797b37c299468c0ef112b6450701abb6f119a7f68b4
green-roadside-cab-view/0202,green-roadside-cab-view,train,0,0,0,2067734,0,0,,,,,,0.8868035882908404,0.21918286578978,,,0.0,0.8061982032174942,0.02417683628827999,0.7134361106299439,0.8341144262447219,0.6080038572806171,,,0.24980096375445213,0.9073676609231139,0.9846857854288146,0.7493929091792132,0.49280657684402834,0.8529269732253045,0.0,318bdc8615a85a559ef35aac3c3b7f2506709bbb305ce03e4e8ea37ade4d7da2,0f3fd0d5280d3287ce8cec97acdffe99355f4a4f1aa7868d9c5c404b03adc696,7c4290b7a530636ee8f0114682a3b94661b1781086b5e8cda14e5621b7f5b4b3
green-roadside-cab-view/0203,green-roadside-cab-view,train,0,0,0,2067867,0,0,,,,,0.8981740137630306,0.9429000243381379,,0.8535502958579881,,0.07415254237288135,0.758898116565327,,0.5505703809329803,,0.4235415060395785,,,0.8715377177848977,0.9677687004821979,0.9872997253430364,,0.6571347811749187,0.8760138896251922,,18638926136c9e885bad8a5394a86973d90d5ed5638573e5985654dec64db548,e71b82e1e191ebb38f5c61ef1b0d128e6e5a11962065312506493cb014a6a361,a9632afc85a868d69cc6b85febaa71e932599ecd03128ae9a926e213b098b866
green-roadside-cab-view/0204,green-roadside-cab-view,train,0,0,0,2067867,0,0,,,,,0.8295454545454546,0.9308113763387572,0.0,,,,0.3602816603134265,0.0,0.1439232409381663,,0.0,,,0.43079381096535485,0.9245433599553154,0.993193079941569,,0.6193620907685823,0.8796681536353569,,cb34ab4d9a1966c9d974500a92359ca204a93a0c8283bcc59a5f16456005f1dc,f8a201f8055169f4e1fc3ed4547ed752839f649ac12fc2ace4db3701d27241e9,c82aec230aa8367919cffc05714de6f38c01902500c30baa49b79d2cc5e4b486
green-roadside-cab-view/0205,green-roadside-cab-view,train,0,0,0,2067867,0,0,,,,,0.944994678068229,0.9176618150461209,,,,0.0,0.7170894948672727,,0.20839580209895053,,0.2217457114026236,,,0.0,0.9576099296017752,0.9890970492374251,,0.5418934312112391,0.8058923082236729,,84c3ad934ba556452a390cf9a7615f786d7bada1f0ce3bec466c1ccd2a89b441,54f8b882502e1aba4a8f31dfe42009d9359e4354cbb6ad2a4af730894c4a64a2,81c35c3be26a97d3e91f90a69837d41638719fe409cdadcf9522d221aaf4a85e
green-roadside-cab-view/0206,green-roadside-cab-view,train,0,0,0,2073600,0,0,,,,,0.8651350979208372,0.9352081363555056,,0.0,,,0.8489760357957234,,0.6664732617735228,,0.6986462746719024,,,0.6468982745061757,0.9661465710431175,0.980607741536501,,0.5782376920664786,0.9210698516191026,0.0,326099a1d7068b475af019e6dcf936e26aa1a539954a3f0fa5df1a5ff8428999,6cf8bd75df6f49b6f9d82d83a98a90658290b0098de456864106c497d525afa3,2ed6c72093abb1f306ee16f1bfcce251a576c0b84841380486f15d11c317d9e1
green-roadside-cab-view/0207,green-roadside-cab-view,train,0,0,0,2067867,0,0,,,,,0.8356140124927555,0.8825061570796745,,0.0,,0.6422287390029325,0.7638423618487349,,0.28667225481978204,,0.6413776493256262,,,0.4935334677760201,0.9465239233563879,0.9869426084503887,,0.6531078927309265,0.888229218808412,,0a69c574d773bd2b02269bec42203fa65c198e4f1f50743335704b45db4b879d,12929b2c41df570afd935b15f8686b36c15ffe4535cbf298828b651dc6b7f72e,7518676d76f66b4840ff74b2b021b0d4ba0ad3b9fd12c2c3332228d772ed6130
green-roadside-cab-view/0208,green-roadside-cab-view,train,0,0,0,2067867,0,0,,,,,0.7457696228338431,0.9564047435533379,,0.0,,,0.0,,,,0.6020043572984749,,,,0.9671316877372386,0.9799123479594326,,0.7492188881683665,0.8701686169497328,,3b8efe8aa3a6e136add1665ab904a06b78b874796e0c18912f3ee9f3ff74d366,dae9e0177528e83bb9056a8fb457e3d484018332b434fe9195634f6a0f23d72c,0d355c03ab071245750b6e27071635f9a93739a806b85e847fba6ec7c157bf54
green-roadside-cab-view/0209,green-roadside-cab-view,train,0,0,0,2067867,0,0,,,,,,0.85846612843075,,,0.9523536879254554,0.8762376237623762,0.0,,,,0.4853989194205973,0.49814787375907543,,0.5559150950230615,0.9314397578174497,0.9792111193331082,,0.3637592765075264,0.813316021063262,0.0,ee956750d1fd8c7676cd76b8db71bf93b9cbcedf8b4aaf4e538041ef501ade04,e9baf13f1df68cf0182ca0ed2887e288cb340e796f1b398ed5a32febcb242750,425683ee296df4060be931544d297989d857210d5826031f1776d87d4d933414
green-roadside-cab-view/0210,green-roadside-cab-view,train,0,0,0,2073600,0,0,,,,,0.7389832758162994,0.909820618412787,,0.7677591343892112,,0.0,0.854942566045856,0.044597485958812515,0.5880031570639306,0.8735125371865703,0.6208430839620959,0.6376295837846201,,0.2539372445299351,0.855047775970989,0.9902862259885772,0.6484840372130379,0.5122222222222222,0.8038455190625515,,7fa10db78fee89d3d4e8282d50e5cec55c3943202f620889b50503ae276b1a74,6026feb523e6c808b7f1ebc4a15de86ec7be4191ea33e7e454205851f8780c5b,2292db04ca3fc735c900006cf1700344a7892406e7286d76786c937428237183
green-roadside-cab-view/0211,green-roadside-cab-view,train,0,0,0,2073600,0,0,,,,,0.4675508610305894,0.6592997757902777,0.0,0.11025040533237254,,0.5436751387671633,0.7466395133534606,0.22895141022060878,0.2560232478835234,0.6659738065061259,0.5406229622652694,0.42456192456192454,,0.4058766078590279,0.7922421731123389,0.9758752372799345,0.774781050955414,0.5715918833952558,0.6558469998540075,,41f0cad9cf8e4e11e5a870a293f740a7bce70a66b0bf5b0e86c9dd1fa6396f5c,c790e550e0f15182c68acd0fa1c3df3839237fe9c736e380c9569a42ede21622,1f7a32f949b1d479ce3c85ffe80291893e14a42c7da79882644c0417e8772e74
green-roadside-cab-view/0212,green-roadside-cab-view,train,0,0,0,2053480,0,0,,,,0.6912241054613936,0.0,0.8967340081137565,0.0,0.39635971739911385,,0.7570736434108527,0.7788772029930879,0.6774949908342925,0.7585583745979887,0.6536993950674732,0.5482889733840304,0.6730970622278565,,0.7694186164826273,0.7590874141633746,0.9806476510294306,0.29098360655737704,0.772434521253757,0.8191822438843143,,19490f9f31865422ef3257bbecd836b58a75e1200af558b47627240cfc9e49e9,e4afe2ecf4ebd828471240e23f7446384dc2ec9d184d5b7d3aee969d13726f9e,0b0ad8ee804529c5645563b33160b285780a9c97a65fc07250d0824503a65ce1
green-roadside-cab-view/0213,green-roadside-cab-view,train,0,0,0,2073600,0,0,,,,,0.9401172844147057,0.9377521119162344,0.0,,,,0.8963951277899035,0.7300185366917458,0.1016668871543855,,0.5471493605029265,,,,0.9635862963015327,0.9610598314060552,,0.7008229926229159,0.9122794864690127,0.0,5229632691652545fa2f89ea5800c86d39d27545bb45654c44af717c422b95c4,4f60ce021a149db8b77724d1203b796eafcc96c75f291f1e5fb521ca6adfa064,421eeea3cbe5bfb68faa16c221de84f01e753124a7a22dc990ecab92fa9370f8
green-water-cab-view/0263,green-water-cab-view,train,0,0,0,2073600,0,0,,,,,,0.8860563193827183,0.4174586306361014,,,0.0,0.7203535411975185,0.0,0.8197397769516729,,0.5729884310412063,,,0.3241491085899514,0.9325505604402778,0.9954927751183424,,0.8200070094627747,0.8333530303925624,0.18658530142125007,d38268ad352c084c45d9c129d86eed80ec34068717620fc1685f07a6cefd1468,8529f0f311585470613e21978d79fd7cd6125e1beefccb98f037b4124151b53e,69fe20ec4461df9249fad506c32d53b0aa4afa16e6ffe2358663529861be8907
green-water-cab-view/0264,green-water-cab-view,train,0,335,0,2073265,0,335,0.0,0.0,,,,0.8804365142584037,,,,,,,0.0043417741355629095,,0.11210294535154729,,0.0,0.0,0.910180267483556,0.9764321964715437,,0.4998054150219603,0.8793023836738402,0.5244756795104865,7ac26e3576a11b28c401290cbed89e663ce03d2ae23dcbd062e1ece5d3ba81a1,da975b659994aec1a32dd22d6e772c441d1fe28b507d5d47bfe4db184dbe094b,25be4ea250684995d3d3d1270fd20b25150b3abc146ca7779b8f0636d79bdc94
green-water-cab-view/0265,green-water-cab-view,train,0,0,0,2073600,0,0,,,,,,0.9455521643237463,0.0,,,,,,0.7408966610991975,,,,,,0.8818110192172766,0.8785430274422555,,0.8680938825306455,0.8164700828694672,0.24278661240017343,021d832dd111da4e3fd13f74b2531f5a87481b14073f6b0ac4a5a1149c442820,ee51403528cd8ec8eeea2c81f9e4b41eaae0496ac53ebbdeaf38f6f511c45009,2535f57a304f17f68896ead57236e3402e1878600fe2cba405f89416c3f5ad9f
green-water-cab-view/0266,green-water-cab-view,train,0,377,0,2073223,0,377,0.0,0.0,,,,0.8736281164752903,0.7363247863247864,,,,,,,0.0,,,0.0,,0.976474105214764,0.9268423225727525,,0.8803835079335907,0.6957307776083642,0.5814690554177884,1b57cba93cf3601d156721ce3f759bba69f41268fe5b975191c86fbff322be98,b57e3716ffe62a58f7111bf46af37413badf80d0ecc178d2c7b52919b30064bf,30e7ed4f3934f4f3d416c461cf886d6f1e8331a8fb1c25250d057fc5a09e28d9
green-water-cab-view/0267,green-water-cab-view,train,0,0,0,2073600,0,0,,,,,,0.922523005818512,0.0,,,,,0.0,0.0,0.0,,,,,0.9372647524531239,0.8974610813730787,,0.8544827789399252,0.6678505106778088,0.5001053918468867,9b17276ea65c583df9303ed986d88d187c963d9ed6bf0b5700396e0de25190c4,71df9d1285b9ad09eb96265be443e2d18e28a00ec69a0f759a6d3989f1f4d48a,e93e592ab1fe5b85a7f45a5ecbd1af973899b2c1ecd87861ee061a9003ac7e34
miscellaneous-flood-stills/0275,miscellaneous-flood-stills,train,0,0,0,249696,0,0,,,,,,0.4666062425650031,0.0,0.0,0.8866085869225437,,,,0.6681456348688504,,0.0,,,,0.6351203960063764,0.9612245616919337,,0.5151212423939696,0.4455388891159521,0.05093317278747742,61c2965c3c11954382ff9e9e06c34ffa4996a9a48b46aa7f5490049b85765bca,f4155b4c85702af56db693f3f999b74f08d30680a34733c864fb141f6a3f8c60,97221a9cfd77187cf492b36fd6737f614ad4fc4b046e09dc6130aabc5b57b9a6
miscellaneous-flood-stills/0276,miscellaneous-flood-stills,train,0,0,0,920880,0,0,,,,0.7938118184123764,,,,,,,,,0.0,,0.0,,,,0.8185497080531093,0.9838598547115661,,0.6173247061930542,,0.8549263981888127,85d7d06fc795f58f6e51ed5e91c5d5d8ab1f41194ab44f3471da41bdadf45973,b9c514a9abc72bf370a67587f1c41ec3e1c7769276c383024395b7a22ca7be38,a1a4b0b2a3b7241ca492852d7c149e7ee15e4b024bfcbdc7ec45c21ce624a1af
miscellaneous-flood-stills/0313,miscellaneous-flood-stills,train,0,11215,0,2062385,0,11215,0.0,0.0,,,,0.5222705835131203,0.22399384209368814,,0.9135428022245218,,,0.0,0.0,,,,0.0,,0.10114174736988783,,,0.8026301803451005,0.7194513869876624,0.548179658517747,74272d0a74c881e4e18e9bf6000c065a51519bf7c05acb3c8e912f075c3b5ddf,c3e7c0a88b0198168b7659a591eafc02b94abdbacb436e871eca4779200bf186,641d43cf74879dbaa1eb79c71d4840b745a17740723dbb1054a3a3f5772e32e6
miscellaneous-mud-cab-view/0173,miscellaneous-mud-cab-view,train,0,0,46297,2027197,46297,0,0.0,,0.0,,0.0,0.693123845634362,0.34597578347578345,,,0.0,0.0,0.5236186798954082,0.0,,0.7486225895316805,,0.0,0.0,0.9538262602778732,0.9955079442059318,,0.5831249901724924,0.7337448056709851,,f0ca7b2f878f2a5e167e558097ca517d126cb474aa25f5b0ec0fc4d6b1e57432,b968925b81e441c3dc638759e4923b6ad0ca44e3896210a4c69b136305b9eb89,30013f64936e2a30a319c8af1c898d33db6e0cbf346ec39d7e4ffd05894511cd
miscellaneous-numbered-cab-views/0013,miscellaneous-numbered-cab-views,train,0,2238,0,2086722,0,2238,0.0,0.0,,,,0.9765304290587038,,,,,,,0.5083595832323722,,0.0,,0.0,,0.9136294800605754,0.6190416141235814,,0.8412058324522363,0.7814292460975453,,cdc7c624979074f91663aae6c612b6f6c370af9ca88a91ba076c2bad37e6c319,5566ae6fabe4c0bdb27e7217400a18101ccd23bbecd3e8cc415f9ed41cca7115,15a8108765684075f60fda564866d8e4462c8203518495d8442bf48014c15baf
miscellaneous-numbered-cab-views/0014,miscellaneous-numbered-cab-views,train,0,0,0,2088928,0,0,,,,,,0.9330190856050368,0.44838268538416454,,,,,0.0,0.8938825433611065,,0.4878048780487805,,,,0.8808404262797396,0.9168502769598253,,0.7723386777814962,0.7847003989972106,,00a59e617c6d81492253ece8ef06493164bef224314ee99156bc01663f8ccd38,3ba891a877a2984212cd387b6a1eca2332a40b2a757b57c0248ffa03807c605c,5c30ffbf713e2bb04180f0a0f351559e8fa9bb8ab36060c1614ec382f71ffb7f
miscellaneous-numbered-cab-views/0022,miscellaneous-numbered-cab-views,train,0,0,0,1931319,0,0,,,,,,0.9338255235799306,,,,,0.0,,0.0,,0.0,,,,0.9554526289737346,0.9803279567180366,,0.5271875412432361,0.829884621411429,0.0,34431340589d77bf879a5d44b35f1ba4ee67944d06302e41751f49b52c7cd6bd,601f45356d35a2626927e94aad629de30fc2805b197f3f27a60dd2cd87622d80,c6ba494d4be8db85b4e7292c8793d8fc4a71d4af4812e268d61c0b02991ade7d
miscellaneous-numbered-cab-views/0023,miscellaneous-numbered-cab-views,train,0,0,0,2087873,0,0,,,,,,0.9074181266763955,0.5781753522375296,,,,0.0,0.0,0.9088947996732779,,0.03907203907203907,,,,0.9107634047589441,0.9065266681062406,,0.7376975169300226,0.7682190978324546,,4dbdaa16ac641963e653bf5fa8dce1b9b05b89b3a3d10f8da2e3c9c38deeee7e,03b59830b108e9c2dc87a79168457ed2a8be69f44abafae8f6486184598ecb19,3dfe58159482e80bb939130e4edcebee3215386aa493677926d5009a9c67ca96
miscellaneous-numbered-cab-views/0024,miscellaneous-numbered-cab-views,train,0,0,0,2087739,0,0,,,,,,0.0,0.38517095658855166,,,,,0.4088462438567751,0.028921998247151623,,0.0,,,0.0,0.9755017447043517,0.9926945695762958,,0.6544561328563038,0.5034975047042461,,35db7be7064f509351e3627b33430eabc718080e493e83ad1551491d62e1f113,e3c3c38776bc33b723f23e1afe17f11dd1b9be409c25e6ae796447766a6b56b2,5c2801021c76577ee0b15ed5b65d840b5d07aacb27623edb05a9f9cc3b58d8da
miscellaneous-numbered-cab-views/0030,miscellaneous-numbered-cab-views,train,0,0,0,2088960,0,0,,,,,,0.8137154656368817,0.6127234079472497,,,,,,0.8681448019593886,,,,,0.8179448847023959,0.9599118765177261,0.9379144440958059,,0.7986195238766023,0.7735207023741493,,a88a70e7bc9e1730883e2cfef16954b7c5a6ebee797dfe8205837e1e2f9cc290,d0384c853c39b8e3b218a40e21a03110e8eb9368264b796d43fe35330caa8f52,29f5df818a3d2c2544b1e9d8ac5037950b8247605bb25f1352b5f99127c270dd
miscellaneous-numbered-cab-views/0031,miscellaneous-numbered-cab-views,train,0,0,0,2088575,0,0,,,,,,0.666580673693521,0.555328563847403,,,,,,,,0.5845243128964059,,,,0.9543870421369911,0.984268434818008,,0.7879729810508698,0.7414099550328039,,582a1052402234b092c9e8f0eb985ba78c3b1068c2ae8c12c805aadd11584b0a,eac752094ab94f349e6d48690930d8ada3181efb518c33f473c5388d2ce23c74,ef270620ae482384b4de4c64cd9ab7090a39365647177ba673b18258086a0773
miscellaneous-numbered-cab-views/0032,miscellaneous-numbered-cab-views,train,0,0,0,2088960,0,0,,,,,,0.5448793457409215,0.3532428355957768,,,0.2749916135524992,0.8673361369607268,0.0,0.44365610059040717,0.7814722275610225,0.38326753555783893,,,0.6604868645023687,0.9310365553056855,0.9493705528188287,0.7878381998392714,0.3747091283824214,0.6883077077052031,0.0,1bdac9a6b7ef8988de21ddaa678ad8a54e0a98f75bf8ed86e61e0f50a7a6c16b,1fe12468826aec7019e49ab44aa6f832aac76a9576018cf252bcfd26dfa6c329,25dc794a7fde49affaf5ce48c8a8672778d420393e666f3fef7b85eb0f67941f
miscellaneous-numbered-cab-views/0044,miscellaneous-numbered-cab-views,train,0,0,0,2073482,0,0,,,,,,0.9057107900466004,0.7889364094532458,,,,,0.0,0.9061528548658762,,0.4052894422170641,0.36996735582154516,,,0.8887028212738798,0.9923126514823852,,0.7859562508682504,0.7419155794472334,,bb02fd705ac7b08fb3ae7c618b46f5a9da4ef32b590259233156f5fee831aacb,d3844dea10ab96975316c1574eadb989106b149d9b1fafe094beae7e9c50ec59,b4f7e054bcb490003e4c01261ae6e7abdefb9460f01a0a286bdf63d4ff3fdbb3
miscellaneous-numbered-cab-views/0045,miscellaneous-numbered-cab-views,train,11547,0,39673,2022379,51220,11547,0.2254392815306521,1.0,0.2254392815306521,,,0.7587855928065065,0.018307856381087808,,,,,0.20146191679573924,0.6213901613224457,,0.6922077922077922,,0.2254392815306521,0.8917941908013997,0.9017607593465803,0.9858201188617752,,0.8160764690787785,0.8952658458443036,,8a2c09c50911afe45e05157fb8602cf7345aa5cf6f005c3b76f7c0d8b50f36c3,a820d863d1b63b281c0ec5f7e11041e0e68f73f39d613cc757bc489e1e03b351,3ec2ba53f5dcc41a0447c0b8f16545967b7acb455ca0a48ee0f06521f1242f5e
miscellaneous-numbered-cab-views/0046,miscellaneous-numbered-cab-views,train,35852,5737,2813,2029198,38665,41589,0.8074411062564749,0.8620548702781986,0.9272468640889694,,,0.9264392126305634,0.0,,,,,,0.0,,0.46076046600947385,,0.8074411062564749,,0.9802109112556874,0.9817436468264764,,0.8584004703564221,0.9262616707831905,,a1bc04fa20bd623f99bbac759e22dbd90554263ca7b217cee49ddc9fedd59da2,550d403c2cd02d480d3ae049a478b103700ae04d047712fa0e5187f9b0fd5068,ae6400e37e5ea79238760f80fe54c30d95941d9c57455c78b6c63ddd6af528bc
miscellaneous-numbered-cab-views/0047,miscellaneous-numbered-cab-views,train,0,0,0,2073600,0,0,,,,,,0.9127790291057922,0.032594969666987786,,,0.6704511502838363,,0.9694079458048126,0.39519920811680276,,0.6689434435425329,,,0.8852040816326531,0.0,0.9843449958830148,,0.7772961646705971,0.8886413987186396,,b74e6210f53416c45a93c3fb1a022de2cc33ed02723512634c739624b649276d,52518430666be87ad030da35871a2439ebbc09260cee1aaa6bf65be527c77193,7d68ce834779844918c3c3b7ec60698f02843c850bba9f1521ac463d24a73be7
miscellaneous-numbered-cab-views/0048,miscellaneous-numbered-cab-views,train,0,0,0,2023939,0,0,,,,,,0.6388078416242675,0.5509757189348754,,,,0.6378610646932442,0.0,0.5699320945412434,,0.3612341415809624,,,0.5967711679602317,0.9316411883472743,0.9946112529407941,,0.6589627644727293,0.7466929958127141,,f912ea15971bc82b19029b9aad152ec1934e74e2a32d29934c116cdd7409125d,207a7f72a12615e89d5f214f068689216c6d434bd46045ce97046eadaaf814f5,3e7f70ab9088f301ded83b0ce157e73a94ac0e0879cbed8a7485a39b05ad84f0
miscellaneous-numbered-cab-views/0049,miscellaneous-numbered-cab-views,train,0,0,0,2023841,0,0,,,,,,0.8588721438988819,0.4339100192720909,,,,,,0.6927314732539541,,0.8979706402447581,,,0.0,0.9631340522965092,0.9946696806183463,,0.6142158946026349,0.7591893877713128,,18e4e59e4f1f16790b92171327c69eba67d5364edbe5a933d052ee78b21f9557,d8c2a5b6f12b75c02efc4512cc0c2efdba9b29f877cc7842dbd1070c4cc562b6,34848ed465e875fa2f2e6c847a64231f339e912c8f127e701d2f79bbafcb272e
miscellaneous-numbered-cab-views/0050,miscellaneous-numbered-cab-views,train,0,0,0,8211623,0,0,,,,0.5772604588394062,0.03160222570980168,0.9482388863942524,0.29217179162547624,0.3763685861395514,0.9381533399905018,0.8284762107353045,0.05932537401671785,0.734313344713128,0.736481095755447,,0.5029291787880974,0.5680513340087808,,0.22405781005684558,0.8060990960064081,0.9300628005662352,,0.8175085718842198,0.7941151824661208,0.0,33fc6fbed915cff715396fc229a8e0da423ed1d84e76cec2dcc2a28d124be983,a9c086f93a23a8995da1495bf54ec1a377ef02d5932b137a3002f7384f45c4b8,a88f22fb555b9c1e57431345b439d0eaf95b1c0bf8eb12a71f4a642592f1bf5b
miscellaneous-numbered-cab-views/0051,miscellaneous-numbered-cab-views,train,0,0,0,8212452,0,0,,,,0.0,0.532949393722479,0.9229341243517263,0.48042622530621215,0.37377025462962965,0.0,0.0,0.46534472795839543,0.4917501025539738,0.6350265047172116,,0.36861716912952347,0.5032274602101927,,0.45557166674812777,0.7821902158350368,0.9407709532831676,,0.8138640437394727,0.7776942919241485,0.0,a29169723725172c5b690fadfa30cc7cf76f7eb2328590890c3c828f7d3f20bf,f19c28ac63b6c849df2da22a96db0a6b720006896d82875ceff69a43205d2023,e54a7b4faa2fd06ecf13cdbdc0ba4416606030abb95c76efb271264c37a32a50
miscellaneous-numbered-cab-views/0053,miscellaneous-numbered-cab-views,train,0,3,0,8119781,0,3,0.0,0.0,,,,0.963627973484961,0.21201703908527017,,,0.0,0.0,0.3042424904821757,0.1499647718474822,,0.7542983905954428,0.19593736775285653,0.0,0.816547370794116,0.8325102575939498,0.9292005944198006,,0.8449879665847261,0.7529814448518926,0.0,9e09a858819a1882bccc4f5b7cd52bca20f66b1052a3c5191dc459062ae69e81,70a16c903d27ac00306c86f14141f728ececfc9dc4e320ea99148e50ab77339d,85e05cf1af808a47bf2fab15f9f7806a6a4afa896e2e05126146ab338718feaa
miscellaneous-numbered-cab-views/0054,miscellaneous-numbered-cab-views,train,0,0,0,8175654,0,0,,,,,,0.9168679843585049,0.5470423563777994,,,,,0.0,0.6750655695036739,,0.7589740598708097,0.4068554396423249,,0.0,0.9771757610955399,0.9664576540621184,,0.7891350442348468,0.938418795628695,0.0,ac828e814ea477c826e95def13cde08680d0a05dbe64cde8303472779d31fce8,ea34de2ac35692d4e015602569d70b94968ad6bdbb3c7aaffedafab451351ee1,c3eb27d0b77b7cdee8af4839f5cd05a7328b152578e125478d06d607960492c6
new-unmatched-2026/0175,new-unmatched-2026,train,0,2190,0,2071410,0,2190,0.0,0.0,,0.743359215365754,,0.9143624103652765,0.0,,,0.6877880184331797,0.0,0.0,0.41527981374493406,,0.5890318212593094,,0.0,0.0,0.8241610968392717,0.916638014330351,,0.7956875193558377,0.7706440038760705,,c81bc0c590d9bd6563e2e11176cfe441dc0920a5f9cdbbea9d32b36a51347b86,e567f1deccb42140b8e6f7f671b1b6b71cab015fd5065dba841e709332e19b53,df76f3f79c0ac663b8a736398ba6713ff60c93b4cab7b979d81fc1256ec86638
new-unmatched-2026/0176,new-unmatched-2026,train,0,0,0,2073600,0,0,,,,0.0,,0.9454594720136255,,,0.9580358883556467,0.0,,,0.526536312849162,,0.3253012048192771,0.0,,,0.8681445252058662,0.9833831413167234,,0.8197190728630577,0.7509967165474201,,fdfba692303712b2119a1d725763d74b54fa20defdb3415916105955f503bd9b,bf61db99763dc894604525d3f039b209cb136d83f1cd35b7655768228102fad0,921948c3ac6a7744cd5e90e4a5187c3e75bcf514964107e5503615f40512f74f
new-unmatched-2026/0177,new-unmatched-2026,train,0,0,0,2073600,0,0,,,,0.7529702575552188,,0.9742361495448386,0.0,,,0.0,0.7829862035902626,,0.0,,0.38891734972677594,,,,0.9791752907932778,0.9937103645049649,,0.7435513084754232,0.8746193244739756,,92fdd6e752f0a8493a8a0114320f0d3adb209985cc28a17efef842ce5c887b26,4bd80258418635ffe4fd02e59e7e743a04d3ef8362742a3493154f57d54ca4c1,c89ea5cef18db37e103fef932ca556b3b7395ee1f84c2a20b60394af5598a01a
new-unmatched-2026/0178,new-unmatched-2026,train,0,0,0,2073600,0,0,,,,,,0.8599381008938092,0.0,,0.9060977519487751,0.0,,,0.43764373323112304,,0.3149583692219351,0.0,,,0.8576392824975319,0.9715280085707031,,0.7151118551209862,0.8375387096183095,,bcfbb199baa79a77d97dfe9e368490306a1c84afc0dabca15e0dae262f2a945e,c0720faac0cf1b752740879c16180ae323eda041ad52f9878faa4a44fe5fdf85,9c14adef1f46691c80256e07ff333f5abafa0c277c047461ba88b976573f750e
new-unmatched-2026/0183,new-unmatched-2026,train,0,0,0,2073599,0,0,,,,0.8103630913475625,,0.9250604687369679,,0.0,0.7950654385784607,0.13012958963282936,0.3449538363578478,0.7581621906266456,0.4038298461485212,,0.6469527459099053,,,0.0,0.820573288212336,0.9767584334897975,,0.7254296388542963,0.883446144100603,,60f737c273e283351acc6efb1ba0704e0827f47b77fdd8695a5bd891f5dbab4e,291ed9200b9c9d9d1be97ae0e9b2cfb2da0843377519c6b9e5e806e193e1071c,d3825e88c83e00fe33a2f229d1ab40b07f7e8438529f2ad5f6c3d0af2f09fbae
overcast-mountain-stations/0214,overcast-mountain-stations,train,0,0,0,2062997,0,0,,,,,0.0,0.7421091779315697,0.08154761904761905,,0.45132987609128283,0.10886644219977554,0.6777112980472342,0.0,0.42721128254845114,0.7092045867275463,0.7106830768199602,0.5007507507507507,,0.029249716415491817,0.45009387371944004,0.9518928040702214,0.5493071339541022,0.5395886165116934,0.590461029142418,0.0,fcf5289b197c7f0a48d5f375c13e6c090599b238c68ce299010e0babb86cb7e7,d66cff571333e436c6a9212058e636e2420673e9fa861b9fb9c61d3cadc245d5,083ca442847162b7b162e9baab8fbe51206a6a0a7699a99a8cefddec988e1750
overcast-mountain-stations/0215,overcast-mountain-stations,train,0,0,0,2072956,0,0,,,,,0.5570380719524973,0.9189232361698593,,0.447343602640679,0.8721899555859242,0.0,0.0,0.0,0.5162762805136165,,0.5870419446221329,,,0.24286793562923295,0.7555311159074636,0.9761835792221456,,0.6759518270957864,0.8434407907139587,,a4ea3527469f92f7e01c82dbad4e004af29e5a534ebe1ed94e96185736126eff,854429faa83f8da4db49e7aad63e0ef178c079e045e63a5be44bdb3fcd0af9f4,58b3fbbe3f95cc00f493e6f2a7279b23c8e619cf31844925183f91c324d5260e
overcast-mountain-stations/0216,overcast-mountain-stations,train,0,0,0,2068117,0,0,,,,,0.6526482299678176,0.9473828716251892,0.016770555060848916,,0.760484078619861,0.8052349546578731,0.7414121447339874,0.6473321626367688,0.6983089680669643,,0.5932901383703053,,,,0.9766485862894462,0.9731854275567615,,0.7650077692425535,0.9383587780140001,0.0,39f23d5418cbc5c465dddc13feda5ebb78e7eb06be8eacb3a5acb0256a95f409,484d599c7a9c73383e03fb6ad49561d2771579ca685ae29f0f30e4be25d04b96,76a78a4360926718e76050e8926acb3e9c055a994a6a3e4254c6a1453676228e
overcast-mountain-stations/0217,overcast-mountain-stations,train,0,1898,0,2071702,0,1898,0.0,0.0,,0.09254775356470271,0.17277822257806244,0.930727329120304,,0.6847756847756847,,0.055158790457377295,0.0,0.9289352629450115,0.26086316673375665,,0.6737648715384772,0.0,0.0,0.5403526473157707,0.7416257650947778,0.9196719916011691,,0.7069922308546059,0.8332901548302614,,014ccb7933ce4cc405469bff1fb36825df54553c505c185a5c2b9ca46750aa01,aa3b2a2139a82a89c2ca14efdb1d56c34c50fe2cbd36c733edc6aeb721cead1e,bfdd7a84ad7dade48547fb75e5ebbadb762b46c71972d6f50e29be63501d83da
overcast-mountain-stations/0218,overcast-mountain-stations,train,0,0,0,2072152,0,0,,,,,0.7962083042534681,0.9776186089992989,,0.0,,,0.8540813996381458,0.7103141888797289,0.13151505525175286,,0.6553236638235067,,,0.4984280428598926,0.905959292060398,0.9682251475261008,,0.5913951334512082,0.9014242155235632,,7d192a396ef667bb5f346b4419b19250547fc8d398f9ad1541087e3b71df732f,5a08d87d4ef25c8edc375b184d40fb21715f14fe709bd157766f55da6db5be90,1b7e936a13f0016ad69b5a809d2b1d21b2fd07131949d38d15d1d1cdabd3d93e
overcast-mountain-stations/0219,overcast-mountain-stations,train,0,0,0,2067823,0,0,,,,,,0.9210470563310656,,,,0.5597374179431073,0.9260132858380669,0.7314398200224972,0.9347113717854344,0.8993877260430015,0.41995155252147104,0.5847409510290986,,0.5684398904074878,0.9365405413556258,0.9965744400527009,0.692401661373076,0.6643835616438356,0.897025641025641,0.0,217eb3ce4240bbab2cd912c73d871881db741d3f99a15000d1343139afbeb72c,5dd19a743ac1e5e12f6fb63c62e75e423f24b6825f5013be4daef1327de5b91c,16d5bd6c0463658cb6ebbadc302825237708b4ef8ff42df536e3083b869b324b
overcast-mountain-stations/0220,overcast-mountain-stations,train,0,0,0,1926688,0,0,,,,,0.0,0.9387477502135742,,0.0,0.9518862164569758,0.555030094582975,0.6536420863309352,0.4541573033707865,0.4491587673580748,0.0,0.4177438833474974,0.7220616090120626,,0.07655272026961964,0.92727114953615,0.9872335044501125,0.5550239234449761,0.8490604949587535,0.845572975483783,,b998518e2d97c634c8c2c846bf7f07e5ad02688387f15d657cc9646d080b722f,a78aeb5c9b6e22817ec40a0d14a2e3b3369a6697165133d9a00b6e867bffaa90,6b2ab92e1b776fe85c3e21883ae560b8d32b7f8aba6099832bb660bdf318d5ea
overcast-mountain-stations/0231,overcast-mountain-stations,train,0,0,0,2073600,0,0,,,,,,0.9619694520622583,,,0.9501695093624795,0.0,0.7908652778394706,,0.0,,0.8003509611549813,,,0.6545924967658473,0.8871503749718369,0.8980515981906803,,0.5468090389868389,0.8938696189436175,,27cd78cb2b58647066724fd485237e2568caa02d648e8186d42928145e8c8070,e2756ab550685eb2f70de905f8a2f1b99510c181fc397402f3f807c8450880f1,dc0d6df6a1bcb7757a6a20ef32c12ca6c19d56d50aa9117ef3ca60f5a183b931
overcast-mountain-stations/0232,overcast-mountain-stations,train,0,0,0,2051786,0,0,,,,,,0.956421133821828,,,,0.4012792350432872,0.5422618146334898,0.0,0.5220264926301816,0.7903125,0.3526418362927674,0.8579909536373916,,0.713842088621889,0.9262256787270169,0.9759901882981026,0.6227272727272727,0.8437845609378456,0.8968869245144924,0.0,77b17d1922889f7c1d3d5c9eb9eb7abb5f53399f38433a493e4e0d9f6d369bd5,3315c387c153f722bf32fbe0bc5bfbdaa858f63464cab9be2c8c073d479522f3,5e020606d3b275af5ece304cb64fedda7004b0c3833e31a89b605d0b1b54fd7e
overcast-mountain-stations/0233,overcast-mountain-stations,train,0,0,0,2071895,0,0,,,,,0.0,0.9403939703321121,0.0,0.7953568357695615,,0.04048257372654156,0.7100534330501599,0.0,0.7776866283839212,0.9012484394506867,0.44423370304704574,0.13814137064944385,,0.565120075837371,0.8830512896773203,0.9783381076871732,0.5341548921704027,0.6654825340438129,0.7827173304569844,,ccfe0f6097d8c9ab6aa93e8322b418afe7878378f87ebfaa7638f12f8605381e,3b67554f9922cacbbdfd34af50631afad68cbcf60e66ebde1584c6133fe36a61,4e36f8384585e36c76046861ad16817f335edeb9f63d460877488d7f08ab4cc6
overcast-mountain-stations/0234,overcast-mountain-stations,train,0,0,0,2073600,0,0,,,,,,0.960502311411821,,,,0.18653321201091902,0.4861212081157888,0.0,0.3760642009769714,,0.6449008666745815,0.7165190203230849,,0.5889250231225945,0.9662825656902082,0.9946478366465773,,0.7949492769263976,0.8907375655327646,,709cbea54e2cf9800bbf3d0c032a4ecbdd34ac081630e119aea5e897a39808a8,9f031a8f85e736e4469eff85abe294ba9b7cd9f12c496873f486d04a6bb80267,c9204deea5091d3e1099a2ecd096ac09230674274b8c22c55ab15daa7dfe3b33
overcast-mountain-stations/0235,overcast-mountain-stations,train,0,0,0,2071387,0,0,,,,,0.0,0.7804142956748611,,0.0,,0.5725190839694656,0.7911889698877078,,0.8297881539126676,0.8369106013779807,0.7130935190690563,,,0.41959072305593453,0.9057637817103955,0.9760858162801985,0.5493393799328479,0.7295869495805637,0.8033815794382064,,468c69f20ee4665d35f34a795d6f47eaaff96dedee7864164a769f063403427d,727abdd8767871d43483380b4a639a89408335f221c2798f071ede7d71cbcad3,66edc73828ae644084250a351155da7b32f4a2a02c09d237b2166f2090178a57
overcast-mountain-stations/0236,overcast-mountain-stations,train,0,0,0,2064486,0,0,,,,0.7461252324860508,,0.943849310164404,,,,0.04000851244945733,0.7103922098334888,0.27692073797834,0.9119930884072782,0.8565217391304348,0.633713405238829,,,0.6001589716180844,0.8748226929249765,0.9825325544289464,0.6271910443364266,0.811171569460976,0.8645354533939824,,7d0f48496493980d7a6b226310064c37f280f0d3d8723af88c69108db233c6e9,357469e787079530c7c4af0fe3afad136d2be00a3110c53be46d1dbb7f58abff,1c410a3e10498878d47fa931ca522f95c2a7c2af6933f4ba0bc5fffabeae819b
overcast-mountain-stations/0237,overcast-mountain-stations,train,0,0,0,2058396,0,0,,,,,,0.9402373551850806,0.0,,,0.29455400759905914,0.789290841407255,0.0,0.4905104965527926,0.8902937420178799,0.4146095074429298,0.0,,0.6283843475549551,0.8899474186957714,0.9868665678913852,0.5961102719033232,0.7675312199807877,0.7514347479218674,,d9eebb905aa35607b8a9ee3cdb0cfd1d4a4e368e77135f92e804f42440f333cd,b1eec86e60b77ba128bbba833a23764f54d112d408858a88b1250f02d7da05d0,4531b554581e7e0dab7d2c08d999053ea6e8932ca4228a3b1175e926c9b3ba00
overcast-mountain-stations/0238,overcast-mountain-stations,train,0,0,0,2073600,0,0,,,,,,0.8044132020148861,,,0.9542612692586279,0.0,0.0,0.0274094183982458,0.49218765354454513,,0.5936631026514706,0.5501519756838906,,0.37376584272810026,0.7294799486661163,0.9808751357373535,,0.5930194270661837,0.5336403519602275,,38d3daf79fb1b3f1c4c8c5bf74635d5954f16b3c5be5297e9e5ac9b077259d42,0bd106de9c902a9bc8006dd281b20d065ef8b5bfdbd81729dc77edc4d0287715,193142f49a67a0b7c1c4bfe7c1df443d13cf6df5923901f90f91661fd3bb4b80
overcast-mountain-stations/0239,overcast-mountain-stations,train,0,0,0,2037432,0,0,,,,0.6178798696259507,,0.9574715186373188,,,0.9493954826737732,0.3006841915736406,,0.9398436148496696,0.661684452975048,,0.3682270916334661,,,0.0,0.44160922226116756,0.9711027092806681,,0.7483364331473444,0.793588775388529,,a48c958611d90e4471af958912e453f589b8b5533315c5d59ce81b77a46a7bfc,7b59514cf69597aa4f2cce3764a3d0af51710e328dc3d85c3976e4c563c3ecc1,f85a6dcde0ad39079d806c743d76cdd693e5a316a68f28a038aa9280f84757a6
overcast-mountain-stations/0240,overcast-mountain-stations,train,0,0,0,2073600,0,0,,,,,,0.9389932059130954,,,0.8314688538911403,0.541592394533571,,0.0,0.7691054643645943,,0.6517571884984026,0.0,,0.17812381314090392,0.8601470188672786,0.9298391170572657,,0.6987806259201933,0.6862267191773825,,8b51f499144ba83986ae26ea615d1f3e8da062613143bac5e635ab5684f8c914,99709ace9ed244e7aac8df6f8691255f3bb94e3107826bf9d3f678400c6ead23,e4414cffe86e81e4ad3ba0e7d10314df5a30052c225e014d2e2b647f76e1e315
overcast-mountain-stations/0241,overcast-mountain-stations,train,0,0,0,2054583,0,0,,,,,,0.927626117106998,,0.0,,0.5658730158730159,0.0,0.0,,,0.719935123789534,0.8548133153396311,,0.4289604663921369,0.8371613641314576,0.9653061284645972,,0.8250035610844689,0.9492066003863321,,3625a2c4d4e9f8f3e0165e6dd90494d2791acd79e6142389e4a17e9e72601af3,a18c6013db023e74d3f18197e3c928119a026a0643711724bc334d3c6663f66b,6b5bff94cef45fc1b6666e5269a15431bf30f2c431e308bae47bdd896f9a99d9
overcast-mountain-stations/0242,overcast-mountain-stations,train,0,0,0,2064724,0,0,,,,,,0.9350316766306772,,,0.9015946703257949,,,,0.0,,0.5793724420190995,,,,0.9145750854964543,0.9857503704903673,,0.7472945921945786,0.8096044802240112,,ded050ca71f820d730759226ffc1d2274e07ef4601f63b34c13120c7ef05161e,eb2b02a061e3cd39e085fb56063ea4abf4c835ba5583526332833e0723c0d442,d2dc68fa5fe5081ae15bf3fcb97dae53d33e73ff2c005b889edc9d8782f2a928
overcast-mountain-stations/0312,overcast-mountain-stations,train,0,3,0,2073597,0,3,0.0,0.0,,,,0.9153321551322223,0.0,,0.0,,,0.55112347803709,0.6159303419309754,,0.5677589815903624,,0.0,0.0,0.7357035456176941,0.9006334663763909,,0.7603374964813251,0.8445734867139549,,5443a27572d1805ca781a25437ef08d1d27ac70239d96cb52f50717ff14822c3,b7a584f428c50f605f7f6cf81f78b931a71df4e8242a20fa82991bce28e1f9f1,1ef956e1415bc9eb4acc9ff08ad6894d9f70cd991aa93599bd06023df9ab7514
rain-water-cab-view-with-overlay/0268,rain-water-cab-view-with-overlay,train,0,0,0,2029558,0,0,,,,0.0,0.6748239226453384,0.6649439528023599,0.5560407569141194,0.0,0.0,0.0,0.20549808020477817,0.0,0.9692565336803928,,0.0,,,0.0,0.7930240986145007,0.6732619677652153,,0.5336531140551241,0.6569706237602917,0.0004648298141842818,7a53e1b4c0a64e0b30e58ab9db89fcf98ce95254700008d25f5394d06f97a292,23a6618e87555de6cbd8e26e944af51a428323c138f0f4bdd425e1c41c6ebf5c,cceaa2d3833d42112aa63bd8cb3fda8eead8940dd15923b56297a64c5c9079e7
rain-water-cab-view-with-overlay/0269,rain-water-cab-view-with-overlay,train,0,0,0,2054769,0,0,,,,,,0.9653619223109423,0.4276303116692992,0.28900949796472186,,0.0,0.7406280734658403,0.0,0.6392113313497884,,0.5067883374137547,,,0.0,0.9589835328809765,0.9913103198138141,,0.8031480241125252,0.8947785571958726,0.0,1100c1ea54949235b635d2def045d12f73d290500eb308c1ce83323f8600862a,abf7569acfa9b70797209bfc372ddce4a802e55f69e55594dc883d24cab15bdf,1cf6aad1cb96897ac05546260f8ca75c948da09ac1176c5449303efa02fee550
rain-water-cab-view-with-overlay/0277,rain-water-cab-view-with-overlay,train,0,0,0,2032606,0,0,,,,,,0.4797858771692498,0.844229650512373,,,0.0,,,,,0.0,0.0,,,0.9851937716648648,0.8960720989611873,,0.6247592481902106,0.0,0.15312874888742695,ca57dfd0f80377755014a88660f5a17884651b8fc20abd7455c72679bd8bb09f,5542b12fe43765140207071f9c0e4692ea5687467fc0d4d502d4e96bd01a76f5,b2fbb9409606106c5fab62fb4c5404e38ca340591f71f88fab7ad12ccb5cb484
rain-water-cab-view-with-overlay/0278,rain-water-cab-view-with-overlay,train,0,82,0,2039477,0,82,0.0,0.0,,,,0.6395707929861293,0.8542533968272984,,,0.0,,,,,0.0,0.0,0.0,,0.988048601938528,0.9426435995395472,,0.8230828615542974,0.0,0.5215754753589446,ae02105bf482e4b7269f687a6bf9420a5d1fcf5bf84ca910a716df519b4a66f1,f9d9cc36d418487bbef456deb4bd834ff96e352253bedc9a16b3f55061617ea3,7416530cac54c0a6e2aebc33e9b812e060fdd9fdfd0f757c1a9714abc0a202d7
rain-water-cab-view-with-overlay/0279,rain-water-cab-view-with-overlay,train,0,156,0,2054164,0,156,0.0,0.0,,,,0.7264049868510762,0.6903675029519531,,,0.0,,,0.8908380549156342,,0.5496384476933278,0.28702095635058467,0.0,,0.9568197797446653,0.9676489707475623,,0.7232364696986064,0.16248602013101135,0.0018920422927100724,41a8c3396c58a82a580a4b2d762d7a5813c5b86e025f72d9bc3ad2ba21db3545,75cfc723508e1a083341fb8e16648a7f892140dd4f2ab1043d614110da2558d1,ad5cf28f9c04b57999eb2a0bb7c3f91bede89b8515a52e09b9404b1ee3e9d694
rain-water-cab-view-with-overlay/0280,rain-water-cab-view-with-overlay,train,0,0,0,2054275,0,0,,,,,,0.4502998001332445,0.6499446168993669,,,0.0,,,,,,,,,0.9760002806593937,0.9418309584227992,,0.7672693840024517,0.8649217721889165,0.26944632629180265,70a05bd99cfd467ea3e055a00e478d6e1b45acfa4adb761b94f8e266417d1ae9,e106743e4b56f6a000935339646381f74dd47b337309998f9c1f64e772dc2e55,23f80bf6e8e45f2619d1023cabd3d82f0137db086a519bae2d65934ce6fb6917
rain-water-cab-view-with-overlay/0281,rain-water-cab-view-with-overlay,train,0,0,0,2053597,0,0,,,,,,0.8085817060637205,0.7583179736637088,,,0.0,,,,,,,,,0.9898848605221408,0.9406498290358282,,0.7272827343277011,0.7717639152245398,0.7198505869797225,a7da1f692dfad6e78cfde641dada58c6873c4539cb40843c04d9e3238e0235ac,0307bb1c875ecbe072c4937d166fb5c6179a715723a729d6f851102552edbb52,a220858983ed45a297f024d2c32bda911b81d0b4f3001f0b6c36d436b15eaead
rain-water-cab-view-with-overlay/0282,rain-water-cab-view-with-overlay,train,0,0,0,2053810,0,0,,,,,,0.5634650563543736,0.5986772958930732,,,0.0,,,0.0,,,,,,0.9784728650696982,0.9248800341682788,,0.6350873053327041,0.8679819724792636,0.17807645800390662,f9741378f2d70f2bd7e5236fc50ad4936840f4c1561be37a810e2aba8983efab,c2f421c7de5534678595c101104109c3b656630b9d60fb9b35495a373e44edea,ec2edcfd442732592b8a6ee692318f726ba133a05653694e0540b2fb2e10abd6
rain-water-cab-view-with-overlay/0283,rain-water-cab-view-with-overlay,train,0,0,0,2054083,0,0,,,,,,0.47553351367598434,0.8020570704524004,,,0.0,,,,,,,,,0.9896173643197811,0.9770816969234271,,0.6766100211509007,0.040291878172588835,0.6889328063241107,50f5c438789710cc8a44142a41fc391480200cadb38493f126501909f2df6f3a,04b5fbb59ca9fdefb2c884a036413016e6db4df5eab65336733ce8f35b69af69,c62d78edd738c173d433bec532ba86a1097183efabbfc96a6f75ac3e2f3560df
rain-water-cab-view-with-overlay/0284,rain-water-cab-view-with-overlay,train,0,0,0,2053473,0,0,,,,,,0.7506491076232135,0.40091066147404175,,,0.0,,,0.0,,0.0,,,,0.9869363887225678,0.7094693418338646,,0.8259052924791086,0.672729749269182,0.5623343453327551,43ee426aa0b2c2ce8f85dc51fb77e1d7b14c6221bf250479b4fc3db9938e1d2f,124b16930742b8657398889555a2a4ca0cd3a302b337fa75ca4b08d758b9ab29,ce3b7ca65f5f77e6ff41d94520b9ad48d67040b0d25e7fd1598d2ae27e6eacfa
rain-water-cab-view-with-overlay/0285,rain-water-cab-view-with-overlay,train,0,883,0,2053164,0,883,0.0,0.0,,,,0.6381291140275563,0.7448097106174852,,,0.0,,,0.0,,0.0,,0.0,,0.9679407072286652,0.7921041612350185,,0.7041334300217549,0.004441976679622432,0.16473955352032055,2956bdb840f2c86e03cbc88cc38600c415d72eea5fff4f468697cb6ad1fb86fb,7c817992adbdd24001302c811f1bdc3fd0af55e9c6cee7d75ee1ebab90d9ce52,17d671d393c79ba9422a62d93742f0bdf40125649ac4c7be235ae6940f972d19
rain-water-cab-view-with-overlay/0286,rain-water-cab-view-with-overlay,train,0,0,0,2054089,0,0,,,,,,0.0,0.8075848912628768,,,0.0,,,0.0,,0.0,,,,0.9745368093403378,0.74630859303082,,0.6796356954541823,0.04030471662434491,0.02837340264240849,65bb9a26ed2495d66bcecef26da2702eed5d5ef32bc6393785623c77524cec64,c5023a4e5a1ade5fe386facb5dd55efc8f17e3afa73682ad1f23e1e7f6e96499,5b87c65723a5252562086a84ea373f305c9749da33c7b59478cc29f7be5ba254
rain-water-cab-view-with-overlay/0287,rain-water-cab-view-with-overlay,train,0,3577,0,2050653,0,3577,0.0,0.0,,,,0.719581434427273,0.7856928729285619,,,0.0,,,0.0,,,,0.0,,0.9852654141204366,0.9805870476782109,,0.539465991034886,0.0,0.6585196178462109,e86117d8914772da397288df8ec1e772efd2441073ebe583809d2c492b5a8b2e,49c1380aaf9d4764c6f027260ff4e8b042c503f86f3393d63dba98fb7b567287,3dc3c131a8d7664c2aa7b551bc9497eed11bd48446b38719fded66df8fa0f08d
rain-water-cab-view-with-overlay/0288,rain-water-cab-view-with-overlay,train,0,6497,0,2020997,0,6497,0.0,0.0,,,,0.6228050300215249,0.3369622373264261,,,0.0,,,0.9870222691868887,,,,0.0,,0.83869023348166,,,0.6965111391340899,0.3955612486424772,0.3820861678004535,edfc5f576a3fe8034173a9ff71791befd981bc683b089bc729fe555cefbe4b3f,18a05516eb56af5f738ece0bf1f771ff1da45279a794c9ca45f4549211644f6d,6991c19150f6d5c41b7e018d36477c06d9f644513295965fe34091e416fcd364
sunny-mainline-cab-view/0124,sunny-mainline-cab-view,train,0,17,79371,1994212,79371,17,0.0,0.0,0.0,,,0.6375748309175766,0.24643443685711816,,,0.31283573649985863,,0.9060775033972166,0.8832010516569958,,0.607186774149474,,0.0,0.0,0.8733158770326632,0.9687124041798678,,0.40360969692514104,0.6661360435927264,,7401f5fc76b6fc6c255d1dd4039a55eb15e32ab20cd3552dcac7878a8a74eb88,9544d3a4d4f26ddcf2a101283fbc57247e7d6b9a4c2a4d1dcc6ecbc47866431b,b07ea5465eed42ed1a2f2a1f44ba1afdd4199e3e2adba2012fbc3726daba5f67
sunny-mainline-cab-view/0125,sunny-mainline-cab-view,train,2975,3594,32556,2002459,35531,6569,0.07603833865814696,0.45288476175978076,0.083729700824632,,0.0,0.7102637388967807,0.00018911635383669803,0.0,,0.5501519756838906,0.6731509831124719,0.0,0.0,0.8355610817531862,0.43571010097529034,0.0,0.07603833865814696,0.4992084656984095,0.7977926346455516,0.9928154019006804,0.4521618336516756,0.7192532942898975,0.7684804209701346,,b9b5845a7575d6e07a9bbc5c28a07e05557e8f29ff815f5cbf7248d75ec08247,258f3be8e12caaaceed243c728d350b639caa3c57d90a8ad103831ada0b7f6ef,1cef5b7342064a0a684d409e3e323ccecdd93d9118646990569d5b73d07e8eaf
sunny-mainline-cab-view/0126,sunny-mainline-cab-view,train,8058,1029,25601,2036449,33659,9087,0.23229935424354242,0.8867613073621657,0.23940105172465018,,,0.8010709638674808,0.027452674573874795,0.0,,,0.0,0.0,0.856870809003731,,0.6047007687044713,,0.23229935424354242,0.6419258323954874,0.46531435318465847,0.9744319469536556,,0.7360298732270616,0.8489877787107006,,a1e2fc892f0b131c74ecceb67559b53b91457b9cf91503592486c858fd335277,e27211315a2ae32a9a3ef1ca41e51ca0a0fa4f6fa09bc2a6e3ea542fe11ec29e,0026bc650de7082bdba2c75a734fa780402889df46c33fbba19281f38cd264e8
sunny-mainline-cab-view/0127,sunny-mainline-cab-view,train,0,815,25030,2047755,25030,815,0.0,0.0,0.0,,,0.7939984454807906,0.0,,,,,0.0,0.8467188539896486,,0.7199091996902935,,0.0,0.536916185051019,0.7757157632457337,0.9693202628095985,,0.7674979801845474,0.8596113438924591,,0d4cde05aed2bd4fe2170c8e306ae84b426e1f4e3c8d7f9b0b0cb271454f8c9e,aaedcf88592ad3e09dd1013b51109aeb4e7c40f4b2d9226c243471e2f34e9ce8,913995f8be94988f7e17e9d2180191e0562da3973a4b002a87e5128fab64b171
sunny-mainline-cab-view/0128,sunny-mainline-cab-view,train,10719,6379,12464,2044038,23183,17098,0.3625938705094378,0.6269154287051117,0.46236466376223956,,,0.8761781309815133,0.18503772327998885,,,0.0,0.0,0.32038203335870996,0.7459319677828202,0.0,0.5362093460814806,,0.3625938705094378,0.5082796975567081,0.8931614045096502,0.9821073876679348,0.0,0.7216261223368642,0.7158898986916892,,24687c346d035f3bef72afba9b140f03eab022e4a90af673afe81fa9f274787b,c2fb729a44959c3f10648bb333aa2bfa0a8bf6c4779e7237ba1a4ca106ac5d1e,ebefc8409ec109b9b491f46f0ec78789ee199bcbb734dd264cf240ff9335b4ee
sunny-mainline-cab-view/0129,sunny-mainline-cab-view,train,19644,4448,25607,2023901,45251,24092,0.39525946196100525,0.8153743981404615,0.4341119533269983,,,0.8166888276309389,0.18344393636398373,,,0.0,0.29048066595059074,0.5765986975552472,0.777503714421667,0.6450266635752376,0.6885749036636241,0.0,0.39525946196100525,0.44569273979454427,0.8243533838416275,0.9746387267979193,0.33713974986405654,0.7021870183584681,0.6989613799813611,,e52ffee04497a5939bda202788429a87b3560377d2abd91af07b4286a26b89c6,0c3855bad8ebb48418e3eb7da192926f4eba3d0bd8a6c1ba206a8a0de118136e,a7cd246f690645daf822de3ca58511441270fe830aa8a38eeff71c374304e5dd
sunny-mainline-cab-view/0130,sunny-mainline-cab-view,train,20316,4037,6968,2042279,27284,24353,0.6486382937964944,0.8342298690099782,0.7446122269461956,,,0.8492985322910687,0.09868677675204784,,,0.19811320754716982,0.0,0.7102595225034916,0.9035554946156037,,0.5799537966038818,0.0,0.6486382937964944,0.6853045104967782,0.5920185159208865,0.9793644535035252,,0.6891026754187939,0.7588259428125228,0.0,e0ef00001b7bf26a5b6122387465145d21b99c1296743b3f03e61660ac3b3c2c,9e56d793d32c98b488bb34adae6c07d0b0bd6f457d0f9aa68dfdc9a0a4542a74,1c476b623693d7287e2edcc3e6382b7073faa44c74e0bf6e0f1195e660ca03db
sunny-mainline-cab-view/0131,sunny-mainline-cab-view,train,0,0,43352,2030168,43352,0,0.0,,0.0,,0.0,0.7459272604579803,0.06409269381784587,0.0,,0.0,0.05592606707317073,0.523817338858573,0.6571250083666139,0.20520231213872833,0.5879538763493621,0.0,0.0,0.6756093636875553,0.7311861903780373,0.9442852720330701,0.0,0.6460203224584575,0.8190445522635299,0.0,6ed3b7e372d8d5dc78b215af5af6f4653456cd41ece09177eab1178a747e70bc,a8c27ee277932c37a1cbb160b15f22866e20dd4aec146b5de86eb4603ff534fb,42fa7f45e0e4b547a08644ae186664a359c61560dbfa1a9c15ce974c635c5cd4
sunny-mainline-cab-view/0132,sunny-mainline-cab-view,train,0,0,14047,2059553,14047,0,0.0,,0.0,,,0.9020343029139314,0.0,,,0.0,0.3935935371753323,0.0,0.5750363309722969,0.0,0.43580679216106105,0.4542719614921781,0.0,0.6927814552209518,0.6716422758359348,0.9563345174596456,0.0,0.6287894201424211,0.8054854363650211,,e153b7e6bd960d596c08d639a6b6e83a0851899aff6c01d8e6bfbba8b04f29ab,51ec0f2f880b6d5e6d011aff4a6f35f79480042485ebc9db45b9e0c8ccb772ca,4d205d42ebfb654883eef8b67890016d8ff35a630558a4cf4bf8c24b6dd4c859
sunny-mainline-cab-view/0133,sunny-mainline-cab-view,train,0,0,4876,2068026,4876,0,0.0,,0.0,,,0.7504979256378566,0.5610478820122567,,0.0,,,0.0,0.9450730789343141,,0.5731979086311819,,0.0,0.6530643261522094,0.6142333505944947,0.8959022142069933,,0.6578796054668495,0.7719969867987206,0.0,f9e73f2fb85c57a08b9d33b0c1c38cfbd56bb541c4b32e14c80883c01757b91a,7b970b234bbeedfb2a18e0ce9e899a251b487dd70a00f183d3d16356c2b2478d,c07c76f21906e0108a6797e032513a23e8ec4649a6ca74006242ffa55c85a90b
sunny-mainline-cab-view/0134,sunny-mainline-cab-view,train,22729,22911,13482,2007312,36211,45640,0.38444233956902674,0.49800613496932516,0.6276821960177846,,,0.6900530476603298,0.0,0.0,,,,0.6031231273573266,0.8720137980662147,,0.655069434074959,,0.38444233956902674,0.8059107105428631,0.875513634420783,0.9878959263755799,,0.7494605914456149,0.7102270580679285,,9e4b1e6f4202cdfc0d9ff15e1ee6eb32270e1c0e88b7b7842be2345e74dab6f2,810016b295ab6550cc7248033bb01b9032302ca875b032e9d08005c80b18156f,f78a27a28cb778edfe2214056263e1e481f0c848b7dfbe4138e10d759776e655
sunny-mainline-cab-view/0135,sunny-mainline-cab-view,train,13755,16101,4369,2034050,18124,29856,0.4018991964937911,0.4607114147909968,0.7589384241889208,,,0.8365440227788405,0.0,,,,,0.7553819965955743,0.8154402657911809,,0.5959227276773792,,0.4018991964937911,,0.9361953027545906,0.9910659515016673,,0.8261265527667481,0.818621050403894,,917d7fdbcba14ad98f4155259ad4945453a4e76aecab144bfdfd515d95e55343,ef3653ad7186e447e51f20d8a071847cfab4d31d30567977a105bb93a6e226d0,54d80988daeb6e83a41375d936069009b82e796ba50c12dc7f15dfbe587e6fc2
sunny-mainline-cab-view/0136,sunny-mainline-cab-view,train,55168,11026,32532,1969335,87700,66194,0.558799100540891,0.8334290116929027,0.6290535917901938,,,0.8365522096660643,,,,,,0.5924801437905322,0.7204495877546493,,0.5963516217599703,,0.558799100540891,0.8279058644797367,0.9646519088867501,0.97361700535393,,0.7816878139043087,0.8312502630139292,,23d8b5534877bd891ce5b404ae30036f3fd3a3f9769fc5d17235cd727642067e,79c1982f49ada9c405b84125d26d3248d5d79d06d6bc5cb458d82e04d838eb1d,a91f88752d7a96210577a3bf8309bd85e14e069e6c7fcddea15b7c8e1dae1dfb
sunny-mainline-cab-view/0137,sunny-mainline-cab-view,train,9879,15115,14492,2028740,24371,24994,0.2501899407384896,0.39525486116668,0.40535882811538304,,,0.7823614078916499,,,,,,,0.75756600128783,,0.5470281161278505,,0.2501899407384896,0.003362213888529678,0.9527116987715536,0.9698122291766972,,0.7554533361114227,0.9051044599199881,0.0,a171edd02bf21b2bc889ac8ed17fe30fc47d76defd59a637e236ddadf0c76f27,6f160ebe16131fde736faa1b907b2b9193af1e3c3ecb7fbcc5d577bc8750144d,dcd34a03836c1a27cdd888749c689e6b06c51a435c76400732cdc4af4684666a
sunny-mainline-cab-view/0138,sunny-mainline-cab-view,train,6863,13169,73,2048126,6936,20032,0.3413578711763243,0.34260183706070285,0.989475201845444,,,0.868066845627434,0.0,,,0.0,0.6124247936197006,0.8070489148040169,0.5940539978151174,,0.42979059093516925,,0.3413578711763243,0.8800468239243749,0.935202934563957,0.9861325254492502,,0.8151069576027778,0.9342498999778464,,461bdcfd80571cea432e10e0947270b1a03bad21b5efa4efc325d700d1107bed,50f45cb9d7c36f7e9ad713cde316882219c82f7d0791f0d0e907e65ccc5286eb,528811d8fd7be8fc6b16f5afd9516caf72ac480cfd0338724a426e5b669d1ad7
sunny-mainline-cab-view/0139,sunny-mainline-cab-view,train,16290,65054,11580,1975406,27870,81344,0.17530454995480177,0.20026062155782848,0.5844994617868676,,0.3770504195328445,0.6910308133718821,0.018409714061887975,,,0.7486437613019892,0.0,,0.6203303107528794,,0.5903510039000434,,0.17530454995480177,0.0,0.9253742742201865,0.9804193988435722,,0.7610780791283795,0.7506772246627756,,ea793969cdff22d7aeff4460d14cafa8007c32c5650e6cd3586775c958a0754c,9ffd1fbd5a02985f044eebd2c5f1c76c095bee6781c959b4c6742485ddd6b778,ee6948b48b573491f380578096c1658b622466f818d8a786c6a9743491107a9f
sunny-mainline-cab-view/0140,sunny-mainline-cab-view,train,4993,5890,18518,2024585,23511,10883,0.1698241556409646,0.4587889368740237,0.21236867849091914,,,0.8931173362064543,,,,,,0.4330441776296892,0.4194151476355951,,0.466636456327178,,0.1698241556409646,,0.9389322421112338,0.9857664112515342,,0.7958828106498866,0.8841443447508023,,3a5fae521d4841d641c0b0953b4733aa8f8734d7fd9997403022f033352a935e,bec802af770693ccb921ee7235635fe5fd724eaa5b1d6e1f6746af21fd9112cd,3f6c482c79bcd02906823a6e24e95e88129de9d988deffb96d83af0e579e5521
sunny-mainline-cab-view/0141,sunny-mainline-cab-view,train,17684,5103,6440,2031952,24124,22787,0.605056967872173,0.7760565234563567,0.7330459293649477,,,0.943348036606079,,,,,,0.0,0.0,,0.7817968470996378,,0.605056967872173,0.44742827995974577,0.9006866598533332,0.9506950901945015,,0.8003410730683458,0.8833591231656546,,2ab1618bf2232f7953374c7ff9fd6dbb5957a1d11d887a1004faeb1f3bfa8241,97b17a45f269102384f6109c04c9d6b8bf8782c9ed75e154169d5296a043ea20,93a37d35a6292ae2d99608d725979fb352a3518c856a68b2fc828d398eb22766
sunny-mainline-cab-view/0142,sunny-mainline-cab-view,train,20485,9650,8782,2029090,29267,30135,0.5263766477374926,0.6797743487638958,0.6999350804660539,,,0.9173932613168724,,,,,0.0,0.49190603227226815,0.3406376954327219,,0.31699727732399846,0.0,0.5263766477374926,0.0,0.9288294190345873,0.9889889125722471,,0.844174115707647,0.8356293143188989,0.0,f9d4c3db5d27a80539d7e059e63c85bbda048e2f6d73d48e3b0e6d2541a023d4,ecd3fb29f78f54f484c4e6ff39b9f5010a4ff9510a0ca54c9e0fcee6ada30585,de415f1c13feaf3f54a6917e56baef12688eaec83ab12b40106326ae1ebd7fce
sunny-mainline-cab-view/0143,sunny-mainline-cab-view,train,23728,13230,20616,2010647,44344,36958,0.4121304755618856,0.6420260836625359,0.535089301822118,,,0.8740390340288273,0.0,,,,0.7003633150039277,0.0,0.49401145906914684,,0.4196573280852049,,0.4121304755618856,0.6689727485974337,0.8652160476268818,0.9903322849352713,,0.8292302357836339,0.8131953466839896,,4437f8bc5b8248f9f54a530115e7dbcc3ace4af83f6e7e7505c28bd61deecdb4,5633b96990c8cacdbca53cbc8c942d05e63f5e2d839d47c6d0409a38e1392cfe,e21cc3759ce2e0624737ba5be57e1da18447478da33f977ad03242e819ebab38
sunny-mainline-cab-view/0144,sunny-mainline-cab-view,train,0,2601,9669,2055766,9669,2601,0.0,0.0,0.0,,,0.8609328838623166,0.0,,,0.0,,,0.0682211357653253,,0.4143071643071643,0.533096926713948,0.0,0.5309592244361085,0.936713644288177,0.9457363329667667,,0.747571533382245,0.9234704052678169,,f6b634ec6548b8bf98554aa0ac61f40eb22ae85f7e7ae26d084ddb9500ae7e5d,7f8b37a8c257a86c7ca870dd1ce5018c32c9ed888de4dc3afc7b590ae25fb898,8e77d51723904cbe97a38c7a80334ab236fd9c56f576010a6c617190f7bacbd8
sunny-mainline-cab-view/0145,sunny-mainline-cab-view,train,19361,9774,2843,2036161,22204,29135,0.6054474951529176,0.6645272009610435,0.8719600072059088,,,0.8965378596215584,0.0,,,,,0.6447331617811591,0.8519565095345921,,0.0,,0.6054474951529176,0.8224710577525643,0.913765435834856,0.989882732377589,,0.7821729163529274,0.8607185528911612,,fcdb2f1d198ca40299c924da55b12732604c2030a0db21c6f4a86b3b5c804d35,20c74d76997181bbbf1ecde190ab83a62b8b818f8a40955abbde22b23f85c59b,72bbb5d3db2c862203fd4a2bf32b8e78e285d5e28ea451a692327a481ce0b7f9
sunny-mainline-cab-view/0146,sunny-mainline-cab-view,train,28573,54551,14300,1970533,42873,83124,0.2932850221711283,0.3437394735575766,0.6664567443379283,,,0.6236770022292389,,,,,,0.0,,,0.45684603090037296,,0.2932850221711283,,0.9638400506744411,0.9712648448572158,,0.7696838708695454,0.8216282610642681,,144ac7ace9587dad2bd7d7909441c0b2eb1b7a5fd5d975855c31e6f54006cc89,14b653b227e8c3d3a8b942968a57b177faaf75fb68a3e71ae071e6286eda5cde,aabb89f96940c2046b52f02ca4eed74c78d2a1f89b18f63c243963ebba8553d6
sunny-mainline-cab-view/0147,sunny-mainline-cab-view,train,0,2939,6051,2052341,6051,2939,0.0,0.0,0.0,,,0.9267121291601096,0.0,,,,,0.6971282877079978,0.80879337838864,,0.6071971211515393,,0.0,,0.9676200616641678,0.9622345151204285,,0.7261731538741361,0.8520181711932324,,6cf388fea166cff5c1481f523509bf3d72656e5aede0964f0ec6b15e88adea19,692808c9fd7ae6179769e38738eb5f38b5dfd78c857fdca542786e3cce1a19ce,574fb0ca6570699600e00b77fa80d1e3af928dcf07671fdcfff59ea753c657d5
sunny-mainline-cab-view/0148,sunny-mainline-cab-view,train,21006,22163,9949,1990657,30955,43169,0.39545916638427653,0.486599179967106,0.6785979647875949,,,0.8278449262182064,0.5470687944435257,,,0.416323165704864,,0.0,0.9307411679749411,,0.4750484670065341,,0.39545916638427653,0.0,0.9156611149620157,0.9804823579358756,,0.789625181837878,0.879960085507198,,d859eb4079cd5f05a69e1a52ca314157548f99524569888aa31aa39194c4c163,3f6263d12602f503c9afd8899de5bf72117310b14c1df89f7ca3507e4df9258a,0a7b297ece030a675a7f6c6e1a4a13c1189169d86c6291cd9bee824a1c4b7bfd
sunny-mainline-cab-view/0149,sunny-mainline-cab-view,train,0,0,10614,2046514,10614,0,0.0,,0.0,,,0.852958150623237,0.3751348134925062,,,0.18035426731078905,0.5914710890649293,0.12906976744186047,0.6789887276687171,,0.6381170176044184,,0.0,0.2009795029929258,0.7940094339622642,0.9630616637513914,,0.7488133727729243,0.8056524143439758,,0f14ff36a7fdb27af6f7ec8cb353e753e159bb3b77aab52a80b13fe6937791bc,f956580152828b020215fbf2c78a840a5b4b68ad7e56c3e41bf4fea9766fcbe0,b43bf6de1913bbc379c58832be4ecb338157d0cc634f75d8ac41f91cd5c73fa3
sunny-mainline-cab-view/0150,sunny-mainline-cab-view,train,4941,795,4677,1998157,9618,5736,0.47450302506482284,0.8614016736401674,0.5137242669993761,,0.10599078341013825,0.8762785967291303,0.022828937220422642,,,0.519193857965451,0.002564102564102564,0.481044650379107,0.7735170491582188,,0.45853171904049334,0.0,0.47450302506482284,0.7273116285704098,0.7923743849468773,0.9912019644082457,,0.6927275446117037,0.7571669903059717,,d4d60368183c52383216b6039fb814147d7720ff8a5ea3c97e9222f8f0eb8937,ea19db3c93ddb0c57d8a40d4882b76fc921b3e7ef2c036f491aeeeed322a8ba8,904c92fe5cb8ff74377e0b1c21ca39490b6d3761ddf1eb70c80a6d8d3d7c09c4
sunny-mainline-cab-view/0151,sunny-mainline-cab-view,train,3870,5678,19968,2036471,23838,9548,0.13111532728011926,0.40532048596564724,0.16234583438207903,,,0.8462194475047945,0.19917365085392424,,,0.10430463576158941,0.0,,0.8066853146853147,,0.37651952854171483,,0.13111532728011926,0.7671002220649601,0.819522659250624,0.9852076984300449,,0.8234954645673952,0.7459727675136969,,4b1751c125ecc67afaa53eb1d7655c7a5ec051098de588dcb48ea4bc9cd3c5fc,1ab5b3a734f95118a4f540fd1aa10298673d5e4910ab7f3050c63f27f8d9a24b,261ab9481aac66a7aee7e9ee81f0572420cde6a3c58cb2dd08e2b4e9c761e0e1
sunny-mainline-cab-view/0152,sunny-mainline-cab-view,train,5970,9272,6738,2037599,12708,15242,0.2716105550500455,0.3916808817740454,0.4697828139754485,,,0.8296768987058015,0.010803016334538921,,,0.3835573616755236,0.0,0.11473857034604698,0.8105918765045279,,0.6922660725652451,,0.2716105550500455,0.6762975924442383,0.8392129473650558,0.9787851610273135,,0.8268176862684842,0.8182595707342082,,7c244faef1d58c7c544581c4aaad579ceaddaf9f4f8593f1c642198319e0f064,57425f7fe572f2d8c613752e0aa310cac5a68f17926ddb24529c7254a7030148,34188d9a76da51469041d413aef005d7e3d4bf89ed2a5be4f5b36029d4306b8d
sunny-mainline-cab-view/0153,sunny-mainline-cab-view,train,20037,28564,1378,2016758,21415,48601,0.4009083815202385,0.41227546758297157,0.9356525799673127,,,0.7785140417618827,,,,,,0.713674123217374,0.0,,0.8422742172487849,,0.4009083815202385,0.9516778605520959,0.9532647356163767,0.9882232668156715,,0.8299371490313646,0.9206039814109251,,8a9db76dfcf9155f0dfba13eb33441d81632dfa0d872dd599c6a9a249961a009,05a5851a91ad31d3a2d1b4e3dda4c9fb4c997e5bb7d94639cfcf404ebbcfe4e3,8c8c5417693b30497ad9bd2c447dde32e660696d27b9073ba5ab059637b91c47
sunny-mainline-cab-view/0154,sunny-mainline-cab-view,train,11998,18911,4418,1968463,16416,30909,0.3396269142582161,0.38817172991685267,0.7308723196881092,,,0.849966530761273,,,,,0.0,0.0,0.0,,0.2385188249896566,,0.3396269142582161,,0.9638521276664996,0.9929619009363363,,0.8352039880114992,0.9076540870415064,,6ba5f4dc3a08179c05592eb64e30da7a3ab0f61eb7a134091c4cb022c307f8ce,73a89e97a564e8790df1b2ef5cc6b4b1abecd82ba42528df33db4e2887c0a69e,c133d4bd1fc6eabb1a3557a20f2d8b01b48a1233c86620648a135cab6ff53413
sunny-mainline-cab-view/0155,sunny-mainline-cab-view,train,3018,10431,1946,2045228,4964,13449,0.19603767456966548,0.22440330136069597,0.6079774375503626,,,0.9052183428308329,,,,,0.0,0.00033902135834557577,0.7063732928679818,,0.23944839114082742,,0.19603767456966548,0.353887399463807,0.9620567745604474,0.9777703133009211,,0.8234403656370993,0.9118920530365408,,06a90f5ff240f94f7308b963ae697e96d8e7f41f7c690b41c58516e490c044e0,3520046f77397809711aadef6d4851348e6ef6dfa7e4d4acffde40d4a08d976e,e3cb14d84490fe3c7c03ef9a272ca316fabbf340cdf1ace8d32dfef6147a72eb
sunny-mainline-cab-view/0156,sunny-mainline-cab-view,train,8437,16311,1435,2034177,9872,24748,0.32223198258411945,0.3409164376919347,0.8546393841166937,,,0.8652115666548709,,,,0.0,0.0,0.7215210962555708,,,0.5403251179863661,,0.32223198258411945,,0.9630805064580141,0.9793989670705784,,0.8555486487286506,0.8946968264034921,,2a9b7f9f2e664a6492b210e6af5c8b3238a3d01e1f1d4f0c3506e92519ad0942,407421d1c13fc9a5c28ada48397820d63763e5bbd52ba90e03022634e21f2fbc,b52db6765276209922e9e43eefc6a19459dcc0943b615b4e00362b662dd38b18
sunny-mainline-cab-view/0157,sunny-mainline-cab-view,train,21516,25685,2021,2018950,23537,47201,0.43712161228718865,0.4558378000466092,0.9141351914007733,,,0.8239506995336442,,,,0.0,,0.13570013554373891,0.7476000590754689,,0.6095188978118323,,0.43712161228718865,,0.9330861289774938,0.9900218489280123,,0.7978344340347104,0.8887188088210521,,8e5da439095b7bf529ca9afbcfc297a86c96a3820aab657ef461687e06417c1a,9981e1d1ae142c1e9738d94cae092b732bd369db06694bee51a34ebb4e3fc179,7d1169541eed8f971af144b8505e4d91d944bca4d77528088243beb9f0ccf08b
sunny-mainline-cab-view/0158,sunny-mainline-cab-view,train,1824,1479,3260,2061615,5084,3303,0.2779216821575499,0.5522252497729337,0.35877261998426435,,,0.947498248744185,,,,0.6236033519553073,0.5813497894015085,0.46990506968289236,0.5872404196103618,,0.4497493163172288,,0.2779216821575499,,0.5813317216460007,0.7289390698958915,,0.802837417494879,0.9099370817195684,,e6a650c2b434f3111eccf6b5f78e578afe4a7a00834675380b1cee62d761869d,07015ed660b2b8ea64300203f1815f3802c8e66a3db06436fb5305d647e31263,88586c5c17cb7df1ab7b2d3a321e576be6e94f247fafe3ca0432c618c35f61a7
sunny-mainline-cab-view/0159,sunny-mainline-cab-view,train,21888,8771,7471,2029979,29359,30659,0.574036191974823,0.713917609837242,0.7455294798869171,,,0.9046012513919084,,,,,0.4462939843713876,0.4966420416386837,0.6318212658718619,,0.5000879507475814,,0.574036191974823,0.0,0.9404102662878605,0.9897879413773525,,0.8417867975859158,0.9036577169994171,,0857b1a64422a748f3a1acbe2298b756354dc4e916a3e35065e7c7c8aa443cfa,d11d1839c3df1fc963b3d4a7d2fad7dd497deb84c04b0fae9ac7612d46bf2393,f62ea1d1da583c87e8d315df1b2f5341514e944a73729efdbeafa50ec9778623
sunny-mainline-cab-view/0160,sunny-mainline-cab-view,train,21065,19450,1903,2025884,22968,40515,0.4966052147673158,0.5199308897939035,0.9171455938697318,,,0.8638759611811901,,,,,,0.5691420949840423,,,0.41330798479087455,,0.4966052147673158,,0.9665512706673111,0.98621854664571,,0.836442199434014,0.9210228482423998,,3f99be5f7928e5a01c3e2e0da7c216742c167125a2f4df4f9eda959f3e86453c,3a16390f7fe8b99976e346e04b3a49000f78f09ada1595a248415368e11aedf5,0bacc80b11ba323e555ff6809ccf0b9ba9b56f2f2320023f008c3479f00c6cba
sunny-mainline-cab-view/0161,sunny-mainline-cab-view,train,18274,9362,9424,2031059,27698,27636,0.4930922827846735,0.6612389636705747,0.6597588273521554,,,0.8853710168610265,,,,,0.8835217261662737,0.4414973980191372,0.7816934271245615,,0.5331461887281365,,0.4930922827846735,,0.9263006820465427,0.990613839546988,,0.8373849252013809,0.8965149200071904,,016395879116dde76f1eddcc264a67c3d1fb136d9a0f2d92b33ab41044c4e774,d23f8db4f6d3d5ebf380883116bb37266ab923f0b3242a26533b21ff6567c406,5c83c1a1f6da785449fff7bcf6d74c450734d9b66b1a7dbed93e23bd0b7466c5
sunny-mainline-cab-view/0162,sunny-mainline-cab-view,train,21366,10103,5904,2027772,27270,31469,0.5716961442752789,0.6789538911309543,0.7834983498349835,,,0.8900934266957299,,,,,0.8940900777320531,0.6683966431095406,0.3062423036847589,,0.7695836273817925,,0.5716961442752789,0.32777513101476896,0.9371152979013533,0.9847494704292398,,0.8319900085682337,0.9149735596994155,,9a198f581ccbd0527724f15f9a3cece6e5832854e77e259dffc5bd5a429ff05c,0f13810f4e07bcb4e31d23ae621fe1f2f1ba5df5bd7d2a28ccf1edc7b7b90c12,35cb3ef1faf7238a4b83ea7360ef00feba1730238df8bad540030d4bd6b22b8d
sunny-mainline-cab-view/0163,sunny-mainline-cab-view,train,38862,13023,21273,1994807,60135,51885,0.5312064299188058,0.7490026019080659,0.6462459466201048,,,0.8358317108518394,,,,,0.9390083491408554,0.7584876994098054,0.2502083466888903,,0.5905139833711263,,0.5312064299188058,,0.9478470753168279,0.9909494172699524,,0.8100497911062783,0.8702855208215777,,53c1f0e23c023af87bca8d7c925f1118fa6e03bf34b314ab0e901d159fd525b9,0dcf0e9793f56137c43c73198bc407fb3d307128f3264ea267e08b830d3a3e6c,2c6bbbd25cdfd1ea69429a96a6fdb5a18888ff6b7c38f56ef746940fe382c23d
sunny-mainline-cab-view/0164,sunny-mainline-cab-view,train,32016,6606,5077,2024478,37093,38622,0.732648344355706,0.8289575889389467,0.8631278138732376,,0.0,0.9121829128052493,,,,,0.8982232781936911,0.15291232372777439,0.8372627457655971,,0.3670805475963069,,0.732648344355706,0.8287167891464104,0.9513059175269363,0.9928993105725963,,0.8216954022988506,0.9278544517073598,,dc2322339b57aed5805465301755b9054b87fba047b608e05ae4dcf959232006,595424faa77d35db1f99a37b4f55a72e40170bff8e5dfdb3ab73ae65e3e2479a,2694a4ec96df4cd003169a738f9167ab017e227de1101e083326edac45858725
sunny-mainline-cab-view/0165,sunny-mainline-cab-view,train,15507,8866,11910,2031767,27417,24373,0.4273902378524378,0.6362368194313379,0.5655979866506182,,,0.8854055149783671,,,,,0.889190192104587,0.592580297120093,0.5533621221468229,,0.6422700350537894,,0.4273902378524378,0.7327968571790647,0.9371121536686119,0.9920825693765188,,0.8190686986311025,0.9066945212137039,,ed03205def575f68a08e90b5040e492f111657b011c4a09ea8773bfee95ae4f8,48f2d8f29663c715443a61887d3de406b2141c0cd0635bc8d985d53ed8a38d72,696cdefb3027d6175aa2bfc7923a441a5a3499a5655946b47d92f46c1bfc25f1
sunny-mainline-cab-view/0166,sunny-mainline-cab-view,train,21119,21678,726,2024497,21845,42797,0.48523769041656134,0.49346916839965416,0.9667658503089952,,,0.8411288465965774,,,,,,0.43457670720299346,,,0.6260656629784147,,0.48523769041656134,,0.9443239197884904,0.9862268108558793,,0.824916608486541,0.8568698160836639,,4cb25bc7ad809534409bf310ce0bd9621415dfebdaa38bfbacf278916ddd0f64,6efebaf42ad436d141650e14308bf18e2389d3ec7ed42dbb736ae5b5f6d3a70d,38f197d0f484d5c8de885a9f02e8f613ee3be8a3c5f263043de44e65b884b204
sunny-mainline-cab-view/0167,sunny-mainline-cab-view,train,5061,5655,598,2053908,5659,10716,0.447321902068234,0.4722844344904815,0.8943276197207988,,,0.9295240072910177,,,,,0.8686062697276844,0.8176742483181548,0.9163845905867183,,0.0,,0.447321902068234,0.7158451420435283,0.8987496173119995,0.9907281232671457,,0.8206929467388548,0.849844622252051,,ea08f07ca095ed6d035d6f14b8548f69a14bf8d6b49efbbdddf5179bf9ef3009,b5e44b4d05c9f941f3f50ad3195bd2b3c67bdab306fccddeab16a0e824382b20,e9ea94a1ba2ae7a71ed2aae0b4aaacbf0e80e531ddf2393f261cb912c3846865
sunny-mainline-cab-view/0168,sunny-mainline-cab-view,train,20654,8223,4530,2034660,25184,28877,0.6182536594126979,0.7152405028223153,0.8201238881829733,,,0.9050507001448576,,,,,0.7779297668155685,,0.7617181173269412,,0.47496914003566043,,0.6182536594126979,,0.9395786023232512,0.9891238638153723,,0.8414494690725477,0.8682370346397901,,72b8f6a32917f9b4cd7edbfc8b38900c94a094dd308a81ee17ec8c715bf8a875,adeae42b66b6f80ff7ded176032da0f049d5158fb43d05363602b068574857d5,227ba94929c81fba8ec166c7d3dcee17171a82700c3007326e5a96024e0bf423
sunny-mainline-cab-view/0169,sunny-mainline-cab-view,train,2278,2203,3484,2060062,5762,4481,0.28600125549278094,0.5083686677081009,0.3953488372093023,,,0.9524132041579552,,,,,0.7705950018329141,,0.8825065274151436,,0.4723473986071282,,0.28600125549278094,,0.9345502484255351,0.9889400075879081,,0.8661635373238794,0.9041204558282864,,e50a126b8e9d96524472935c0169644a3000d548dd10622d7dd7837f28b262f3,1fabbee7225ef01c83c8f9d87a5e21012dbd0cd0e092aae0b3f85cc885236dfa,045669bb0e09a3b92ab7e9d06595b87fc8655c863f2cfbce8470d539be6dea7a
sunny-mainline-cab-view/0170,sunny-mainline-cab-view,train,6906,6209,2334,2052756,9240,13115,0.44701922454527804,0.5265726267632482,0.7474025974025974,,,0.9133652616594687,,,,,0.8777971102201377,0.0,0.8361090463467064,,0.3498157248157248,,0.44701922454527804,,0.9471473508220511,0.9879676452483274,,0.8360311214451798,0.9098312458445587,,3f433ab98d445e66fbd4c3879168f0ff099bfa2f2a0555a496a23ef041827ef6,2432eb316800d123f6938e33fc85795b3d6c60ffa520a0ea9203c0121e31584d,01bc7f0602c0f7653c8913842c208e1bf101686632d61d23827fe1d68eb0af87
sunny-mainline-cab-view/0171,sunny-mainline-cab-view,train,24102,14605,1295,2021466,25397,38707,0.6025198740062997,0.6226780685664092,0.9490097255581368,,,0.8809057961499067,,,,,,0.0,,,0.8045231479810919,,0.6025198740062997,,0.960037281828018,0.9620205881496862,,0.8019640171236839,0.9110632686135562,,f0f37b4a43e03c4b5aef2ec2723b33d29fdeb183e0247dc20cc38fd51708b6d4,e8e0d147bf6775475813b28df3bf64d5faa50955a9846c2f56a541b5e2252767,1ce7aebccef505a78cfe989797cbc17dc2ef89c085aa6c4ed2dc94c68d9208f7
sunny-mainline-cab-view/0172,sunny-mainline-cab-view,train,0,5671,0,2057466,0,5671,0.0,0.0,,,,0.9021304693343306,0.0,,,0.0,,0.0,0.8345651569880522,,0.4576811490382893,,0.0,0.0,0.8789591016152065,0.9511902433152264,,0.6809578281095097,0.8738925012015852,,9d1f242981192b866b8c78b235337b3fcd78c0dbb947afbb3861211b73247352,c9cc1d7969f031b1ba1caed9230b1e99f67407a3ccf18ad66582f8d9f85d7a54,efe0ddda832a22a52478079068099c5e5a616133fa92da5e719c3c2f8a93ad7f
sunny-mainline-cab-view/0179,sunny-mainline-cab-view,train,0,0,0,2070979,0,0,,,,0.7410642263080304,0.5054020583336892,0.9178677159217333,,0.13154533844189017,0.8197925757545006,,,0.8733851799191423,0.8020039012322184,,0.49423219802135065,,,0.25795014791871035,0.8707386735843619,0.9299668739633176,,0.6518707275390625,0.9408465781531096,,2980bdd5ac578120cb35ad4b8b8f5798eb1663f505b1d628312365558c8e6637,0a9409b2e919a722e20a573aade797666e16f212e11504e1bba1fad37db8571f,f920b657eba021a0f6ddc92b4544b0b0515bb941eb60e3f494879b8e632ff5b0
sunny-mainline-cab-view/0180,sunny-mainline-cab-view,train,0,3401,0,2070138,0,3401,0.0,0.0,,0.0,0.0,0.0,,0.0,0.6865412234872926,,,0.0,0.659207147777801,,0.20004957858205255,,0.0,0.7980305004214883,0.9120801891873869,0.9757215987504413,,0.7605426356589148,0.6494967891576204,0.0,11d2b9c079ad57dd8e7e64839160cd7b1d1b689d42720e385bbae214ae1ce4e2,d03eedc21174cd47abea991f73f6f1990f52f4dc95c05ca152a8ebc1c4f8dbbd,80487e930ab4eb08fc243a1cd83640da1f22f589c9e16d68df5fca9f416ea716
sunny-mainline-cab-view/0181,sunny-mainline-cab-view,train,0,729,0,2072871,0,729,0.0,0.0,,,0.9405858395989974,0.939725962841221,,0.0,,,0.0,,0.0,,0.3920449979911611,,0.0,,0.9810985207937722,0.9925041130636895,,0.6959279206724719,0.9351330787562089,,961d4dc340edb778535bf1a91b174154c09e8c3bf2814a05efe15d66cfa809cb,f7acffee97a0d29fb4655547c1884e20e9bd9972cc8706da96cdee1e26eb908f,104f19a522098ae63d40285664c88a127aac48cf955958a11b50e590cc11ba2e
sunny-mainline-cab-view/0182,sunny-mainline-cab-view,train,0,0,0,2070136,0,0,,,,0.2088045457053015,,0.9146868250539957,0.0,,,0.0,,0.7898219181093362,0.9082656570639512,,0.0,,,0.0,0.8978382438861531,0.6788262716105876,,0.6174409363485297,0.8411904949678171,0.0,2b635f17ddb2ba61b77fdcac0499ec5c3d70dea1323a289937212955ea815653,4ceaeb2102494da778ecf94d2ac615d63cfe08ae62aaef2a6796fec50fb8bb6f,2d55a02a06847acd39fc023894e8baf6ac04a2e1b161e4e195ba991ddc9c7f8d
sunny-mainline-cab-view/0184,sunny-mainline-cab-view,train,0,0,0,2070348,0,0,,,,,0.0,0.8958842033480718,,0.09870218579234973,,0.0,0.0,0.9278248062655711,0.8925852527585264,,0.5523369242514208,,,0.33288415378784686,0.6800996483001173,0.970436604512742,,0.7317901169081921,0.9259231048868731,,fce720c8ba60a17547f87e487d475b7dfc8130e8e3f6de1eb655de80095dd9d4,cfb308f1843883bcd1f15e0bb17c380c182c15635fad7bdad3e92fd028097a16,bd1838706a389379330b6944020657e3a5cf700ede3848ce3589d34b1c1e03a9
sunny-mountain-stations/0228,sunny-mountain-stations,train,0,0,0,2073600,0,0,,,,0.8469712497977238,,0.9199641959582745,,,0.7680743791765651,0.3808565679793044,0.6344628695025234,0.8540391728077564,0.3538700126885662,,0.6253366211349405,,,0.06131687242798354,0.8427066941048299,0.9810929910710317,,0.6984095945769783,0.9184800348996482,,8fb67a7950262b0a2133f19fd631fd9df52f83e1660f0a811abf3e9d0982f269,f4c0dfc2948c51f179a4a80f4d4b7d2a14b8c5ced33c320220f787477a45e6d3,d0fa31d06ff0b43c6e76e6a9e4b59807f34fdde55977d269595c15c2e8cf0567
sunny-mountain-stations/0229,sunny-mountain-stations,train,0,0,0,2070011,0,0,,,,,0.49642714482268874,0.9446968304403771,,0.0,,0.166996699669967,0.8956094188145814,0.9552761244272854,0.8039547601401577,,0.5108319129048221,0.31493506493506496,,0.6485886738860288,0.7121641446112418,0.9849901988238589,,0.7490351424677425,0.9313259159287666,,0354800bf80455fa7680958e010518b436ea155dca8b0abbc8d1e10092f0661b,fc908e7e08e5cc665f4c59c11eadf28fcdf161bd566dd5bc31ca5349d4ad036e,b4ff7ab16e41f88934b9b95849f6f55b958317b18f22c634698db548fa683a6c
sunny-mountain-stations/0230,sunny-mountain-stations,train,0,4306,0,2025936,0,4306,0.0,0.0,,,0.4463417753901254,0.777033359947235,,0.0,0.2608733396996267,,0.29704690662404654,0.0,0.729771660106124,0.6389272665868411,0.5753812146416395,,0.0,0.36899773499433747,0.6145105019579922,0.9758762353242231,0.35615633264766383,0.7041996003462587,0.7651001922015642,0.0,505099662669780df8408d783f6869cfd7b572910896d2c7b6f0e27c7432cffb,0f54a1615827a6cc63096a9eaf5bd58b3ed9758a76361bcee72da0187c106f17,0ef8d0db5ec50c58269cbb9cf68992f29101689db20ca60a0e01920b8b9b5390
sunny-mountain-stations/0243,sunny-mountain-stations,train,0,0,0,2073291,0,0,,,,0.0,0.0,0.5378763527268831,,,0.9851253572324508,,0.0,,0.0,,0.40780604479234617,0.7065217391304348,,,0.8925381045602522,0.9885426427484464,,0.537415997170431,0.8418568356948078,,d048231d419c08d7176eaceaa89f964709a5a5de28918f80af2d6d5cb56dc892,ac493ba00b218289c9290e59fc10ebc5e73442a5005678ae91222731a9f1a765,bd840a2778777fcd1fe7a0c6b7515f6dc0d5a9c473d22fc99b2516d3dfed6a66
sunny-mountain-stations/0244,sunny-mountain-stations,train,0,0,0,2068950,0,0,,,,0.7699688351206105,,0.900607168171066,0.0,0.3721461187214612,0.8789182335827569,0.1946604458268533,0.0018644711006979393,0.5564578030945744,0.549269071496283,,0.6297425442575119,,,0.42006653125849636,0.8076077918580552,0.9846995948625119,,0.5440888924848631,0.6101488044982033,,8d1edf47c4a0e099e6bac09702b9eb61358d689387405e5915c4b761311fb755,62634f58072805641c40889959a1644646ac9bf20776fc28c0eb907ebb26db45,504267a98a7c10fcd75b1809dbdf10593c76ce73059145ebc46d5961ac4e5bad
sunny-mountain-stations/0245,sunny-mountain-stations,train,0,0,0,2073600,0,0,,,,0.7983633202298155,0.0,0.8531093249531637,,0.0,0.014357924768195491,0.0,0.6754599303431152,0.20045785992877735,0.8737523180975237,0.6020046725450298,0.35894420036669317,,,0.02029355950582859,0.8896452716099137,0.9933873808896349,0.20107513119160375,0.6031673081710422,0.6883793605172055,0.0,ede5e722aa51b1edf1b7f3550819d1fa7c743d02958fb765bf9233ccf1ea1020,cadf2ab9a2d6547b808e82099b83169aa947fb0617b0d25d7c012f3a84f18477,587c2887a4e83dbb1ad5d0e2109052b822b213e1ce59afb46e5e2713146f4c24
sunny-mountain-stations/0246,sunny-mountain-stations,train,0,62,0,2061041,0,62,0.0,0.0,,0.3306609947643979,,0.6739756239117818,0.0,0.0,,,0.0,0.2904085581802914,0.5003903646577168,0.8489235200709037,0.028478260869565217,,0.0,0.6696606992027359,0.8085846627401071,0.9810356632463159,0.1631102016954107,0.6427305310667406,0.6656195251616022,0.0,90a65adbb644d54e42c7e51d5cebfa0b1e554d4d34f442db24481dcd7007c74c,8211f22cbe10bb54834c2a0f57f23d5612d3a7a8d288102d2f5c719f02078527,42addd8ef618f1fe86e5e744a502c5eb00f2e98c995afd8b90515201a89bbdbf
sunny-mountain-stations/0247,sunny-mountain-stations,train,0,0,0,2073600,0,0,,,,,0.6991529418101997,0.9316437844788253,,0.0,,,0.0686115769386457,0.5746714456391876,0.8143135313057664,,0.29890547263681594,,,0.2858858618411834,0.9452182777052635,0.9920392356160387,,0.7935647917112236,0.939542057183533,,a442fff38da0ce40c7e735cd036d9ad22fde5c1909107105ed77bd798ca3f872,c5c7e80094cc032a92fa08b0b660de2231a9cddd7643b6d1c2df97dbdb15ba15,d5e10ff1c477ecfa4f438cddd2016aca6088bc3c3a75cd3c09b82cb4bb76ec64
sunny-mountain-stations/0248,sunny-mountain-stations,train,0,0,0,2073600,0,0,,,,0.6891364052487031,,0.9546984512473105,,,0.42336645588678107,,0.0010807537325600355,0.38216466430898455,0.873763244907106,,0.13030524139608415,,,0.5476551541115365,0.49730982771449833,0.9736699390436432,,0.7854449758344088,0.908670603485525,,c489b83cc8d5e13b9e9ee4f588ba23a86a21404337b41cc01afb90627630275f,1828c615b6f7ff9fa65e720ed3534d3325375ddada62df18c96577a26343ed35,32fdf7ca7225360ae4bf76c8c4106719bbaba2c660167505d53bb8c364aa0d9a
sunny-mountain-stations/0249,sunny-mountain-stations,train,0,0,0,2073600,0,0,,,,0.7416460172733178,,0.9648330017355967,,,0.9501693275278181,0.44802926991518377,0.0,0.7915840309079202,0.8270588558000896,,0.14246757333146873,,,0.408412838923314,0.9497726718210129,0.9835980042265501,,0.8675723378082045,0.9002177179479317,,408760b135c0da743871d600304812e352ac956549d1987597238245735e8672,459bc06543c1527b8f31f3778f2304eca8cda8b56ce00177d1006117d7a4ed71,f7d7d2c6c2e13ae4a5c739629efd0cee569c0586bf2e2ad27ff2695e3618e505
sunny-mountain-stations/0250,sunny-mountain-stations,train,0,0,0,2064289,0,0,,,,0.5086450030656039,,0.9820908971446808,,,0.8905842451027847,0.0,,0.8757060949052129,0.8892162177709368,,0.6545847433440698,,,,0.0,0.9777194601583602,,0.7582358235823582,0.7514525747750234,,0956dd0c21f6af0a1387e957effd77c906124754c421ea783a885ae3ce8cf3f2,1a54313fd7aaffafd2aa769b53c139c749f29333937e07fd9220a885589e54d0,484a03a0e4598b352ffb008652305e3fe3e999b631364640933731731b09f95d
sunny-mountain-stations/0252,sunny-mountain-stations,train,0,0,0,2029299,0,0,,,,0.601548421544417,,0.9110014937298085,,,0.3062044746841521,0.0,0.0,0.9410566521254328,0.8458749098571523,,0.0521379773087715,,,,0.8742392148217726,0.9894858463316002,,0.7401006062169483,0.9455131002461206,,1749f26376edb32da712444c9e60186ff4bd29e1fed12a43bf0f659bf8e5a11b,c37061946bca614f0217b26c4987befc27e64f2bc1d0d90685762ea41c67810e,0212b4874e1117f7f0e75e8886ed0be2a250315ec35855d9b76f110896c87f43
trackside-maintenance/0000,trackside-maintenance,train,637,7246,98092,1982985,98729,7883,0.006010851615947157,0.08080679944183686,0.006452004983338229,,,0.9018674171793756,,,,,,,0.0,,,,0.006010851615947157,,,,,0.6274664826687366,0.0,,e41473adaa20b0dfe8eecc7e6000f550ae13c68770e4946667d4c938e7a89230,608d5152e26531f443e848f1ab03966ce4ec96ab2768c3ee09bd3bac6d538107,4f7d730b2519b19775c5d239ed55b13b564409f6818d76cd7c649cf98c7bc169
trackside-maintenance/0021,trackside-maintenance,train,1034583,14711,277064,762309,1311647,1049294,0.7800179137156031,0.9859800970938555,0.7887663372843455,,,0.0,,,,,,,,,,,0.7800179137156031,,0.974312205502356,,,0.807476600098526,0.661378166268297,,f193c1a096a827f7ac610c2dfa2ef5244731e66842755d4d9a52dae046fadeb1,3cc3a810432c2d42f2e1b1d81348e5530c70ad2520bc91739596cf667ef7070b,792a789e30900ca589874ba2ad8c639eaa1799279840dcfbbd91170961555c1d
trackside-maintenance/0052,trackside-maintenance,train,1170406,61059,7096,850107,1177502,1231465,0.9449724317171297,0.9504175920549914,0.9939736832718755,,,,,,,,,,,,,,0.9449724317171297,,0.9083160718530341,,,0.9383651496099853,0.9023334652320149,,efc1a697946924df5b504e34114d2f5a5bdaff8ab191a9dd2c8d978a19525204,d7c67dfa30ada59632dc54a7ee5807a8e61a421646642ee6822c51b526280b84,51e0657119b2f32aa5f7087505cd77a6777e82cd6c01732810b20039e5d279a9
trackside-maintenance/0055,trackside-maintenance,train,1135554,51254,45371,856781,1180925,1186808,0.9215820104059557,0.9568135705185674,0.9615801172809451,0.8200768603703272,,,,,0.0,,,,,,0.0,,0.9215820104059557,,0.9323174603174603,,,0.8856315315667932,0.8668474630189279,,28f3b3d7bec0bf474a3fc09012c7f4ef1b0b5a4e37e51acf00fbc5bea657569b,7b23c5e8ffdcb864899f2b44e3f35d742c5fa4f4a7b41a710d74ec6204039136,0dd630ff93b73c4e469bb7fd461e163ffecc12faa66b9ba2d294f473a57474d5
trackside-maintenance/0056,trackside-maintenance,train,1045970,71877,30588,938783,1076558,1117847,0.9107785812867075,0.9357005028416232,0.9715872252122041,0.8989540568976544,,,0.0,,,,,0.0,,,,0.0,0.9107785812867075,,0.8981417158735672,,,0.8960501711488037,0.8440865034171454,,ecf8e84d483b920ff62e729b88a34b2e02bc43b25ba2201f33a1d1233e98db4f,71ac374b6a05e5b030909b340d8dfeaf290ad55a7d2193361ea9ad5698cb1afc,7a84c2fd1e95658967d33001c6d0288332a62b8bc276c52fa85c2d1f9e625cbd
trackside-maintenance/0057,trackside-maintenance,train,754222,145,55058,1279130,809280,754367,0.9317997343793434,0.9998077858655005,0.931966686437327,0.9034546333456994,,0.0,0.0,,,,,0.0,0.0,,,,0.9317997343793434,,0.9438146495217098,,,0.8933273704930964,0.9564505811296928,,76a244cf235702a8709bcd5845224a9a5785c3cd791a1fc89b4d54cf065746b8,c6a6ea3d247a64e8a78e7264e9e5bf9070735b251f3b1498e53ceeb2d9a5eece,ca522e4a08c6440aba383a7a061a9795b80c905b3774b66ffc3e994986334dd9
trackside-maintenance/0058,trackside-maintenance,train,1241991,9863,86118,750988,1328109,1251854,0.9282638201696298,0.9921212857090363,0.935157430602458,,,0.0,,,,,,,,,,,0.9282638201696298,,0.7794594594594595,,,0.8060899149778087,0.9162930401533284,,527bd4c6f5b48a8fa052db415d684acdb3dcbf8021025486fa219182ad9059ba,135090e121d0df3d05d16ca027cf3a9280fcb288b8d5e5c4b535ae20858a57bb,3fcd98ffea41d12d862bb21839c9641b6789ae5a7413b564b37ea993b2c749e6
trackside-maintenance/0059,trackside-maintenance,train,1179198,17116,75009,817608,1254207,1196314,0.9275361178866425,0.985692719469972,0.9401940827949453,,,0.0,,,,,,,,,,,0.9275361178866425,,0.9468836120653856,,,0.784545158672286,0.9308974591769238,,8f38d8ecfaf13ea9265b15f72d8c2a5f6320df894c563c0277971f5a71223076,51caf95e4def10813bd0f02b5d94ab8f9ddcf77d3b4125ae347e9e88f0e70034,3fd80abbbe609df47df3e3e88b47093c632872147c768443f14188256bffcd15
trackside-maintenance/0060,trackside-maintenance,train,1317036,23065,95139,653720,1412175,1340101,0.9176416487834788,0.9827886107091928,0.9326294545647671,,,,,,,,,,,,,,0.9176416487834788,,0.737258883248731,,,0.9174166008611827,0.7971528515134104,,af2519b33d6b5f52478d8c41669353834cbc46bda125e944b6f0f559e55e7d51,a1ed253eef60a1b41a1f265e34bb48ebce8b527eb2c22c4dfdfd0244558ab6a4,d86fb2c7c2ecf2fc5dfd841cfe296a4e58a2e44cfb2509f5bc18b9a502334fc5
trackside-maintenance/0061,trackside-maintenance,train,1661509,34362,7246,385843,1668755,1695871,0.9755694999227886,0.9797378456262298,0.9956578407255708,,,,,,,,,,,,,,0.9755694999227886,,,,,0.9340208720022617,0.28599052499274874,,8bdf064f89bd89d79af62f1c4461b3024cfa2110a8194ff5044d74f7f592fc74,a2d3dc8b57ca001020539c453fd25cc135c52f4e3a1b7e3782882c0642be1d36,00330ec9a35910688f8ec5f830f09ca45479038b4ae7a46d7c2eda4de46ae920
trackside-maintenance/0062,trackside-maintenance,train,1898182,18211,4879,166911,1903061,1916393,0.9879819203111272,0.9904972518684841,0.997436235622505,,,0.0,,,,,,,,,,,0.9879819203111272,,,,,0.8913424259577695,,,6f1c22c5a26f9c6f9349d1b7472ea93537d6383a9cda356167f51397f8e8f989,8b6b3404dcee61dcef88a2efe10d1c664ce76c5c90f08c90a160e1881b9c7ba9,56d687687d795f667a339c3d16da37b90eeb2fe1a2b874c1042479772d04093d
trackside-maintenance/0063,trackside-maintenance,train,1310325,12849,26217,739569,1336542,1323174,0.9710491621776046,0.9902892590090192,0.980384454809501,,,,,,,,,,,,,,0.9710491621776046,,,,,0.9448196131684222,0.9534528451018551,,f25b27c24e3ff91436c5e3877a5df281c4dd826a5c70266f8b58faae4174a2e4,f404f535862173c8b8688fb06460f4e3b4307973ba3453d76a2a74ed1ce29373,f592b8c494e437f7834dd6de91b906d693b22a28ec1a5ae34f31e7c436142794
trackside-maintenance/0064,trackside-maintenance,train,59381,22688,322167,1684724,381548,82069,0.14689686222899495,0.7235496959875227,0.15563179468900373,,,0.7431012398492781,,,,,,,0.0,,,,0.14689686222899495,,,,,0.7537317548737481,0.00574641551869553,,40ea4a91bdc724c6898236dad7394cdb56c3f9eff92be4c2d3cdc31bac221ba5,8cf27ff8c967f94b6ce773a71a3e75cdd9d3bead6550b3d272103014e8ccae9c,6ff8b337dc2f1653de41a283c4b9991cd0e9ee019958748dd391ba84a66ad9e6
trackside-maintenance/0065,trackside-maintenance,train,1330568,42947,11172,704273,1341740,1373515,0.960916077062903,0.9687320487945162,0.9916734985913813,,,,,,,,,,,,,,0.960916077062903,,,,,0.9328985595934342,0.9251201155999759,,f03f57e248aa7907bdc8f6d9dc2d77aa18d6bd0c9408c1035bef8a148a559b79,c6eb3a0619930aa14ed66cc41633d3632df51fbd1eeb2b2d5c2a7d4933429313,8c0129c353bfe85de5914c97f86d68e27111262c009971133d51072bcf4f17eb
trackside-maintenance/0066,trackside-maintenance,train,1261400,9540,36612,781408,1298012,1270940,0.9647035070115758,0.9924937447873228,0.9717937892715938,,,,,,,,,,,,,,0.9647035070115758,,0.9169326342186254,,,0.955657030426969,0.929994322253972,,6223c858287f0677fdc6d3b7cc8038c3ecc2f0d657d409ea0818439bb88d0fa5,d3884b710501411f6f6b15febc4e69affad923b6dee90f38d67b046fdfa35666,77da908fa5fb9993669c8595e2acc5223c9b234e65ebae799cb34955f5716697
trackside-maintenance/0067,trackside-maintenance,train,833452,30041,24321,1201146,857773,863493,0.9387687060578004,0.9652099090554295,0.9716463446622824,,,0.2874102301040598,0.0,,0.7860220201053135,,,,,,,,0.9387687060578004,,0.9777076615288085,,,0.8988912368578957,0.9332997365708395,,0500732a4422c6db9e57d541c1a7f0c06c3e10fd30ca7e04d1cb512dcd29b739,31e1a531c8bacd76bd03d1630b16b65d83c1b22e86c7d094e48509567df280d7,4ea9f4b74356426f147bf8880638271c55fa380972d54156013340520dea7128
trackside-maintenance/0068,trackside-maintenance,train,1027732,32206,26369,1002653,1054101,1059938,0.9460787788350807,0.9696152039081531,0.9749843705679058,,,0.0,0.0,,,,,,,,,,0.9460787788350807,,0.9518053147157889,,,0.9203940016113522,0.9222845501860663,,2002370858caebe870952bed7a32a15d4c1e010a5b718f1e3c6e2a619ef1550f,f630baf409c8fa26b7d8c7049cc4ec4ab2d5780809fe481c6ff0414a1752009b,da11ecda2447b593f9c7e56372b5f5ac6948b00a9f766a3c3e54daedeed686b3
trackside-maintenance/0069,trackside-maintenance,train,1798554,106510,8282,175614,1806836,1905064,0.9400045783669028,0.9440911171488202,0.9954162967751362,,,0.0,,,,,,0.0,0.21209526867144674,,,,0.9400045783669028,,,,,0.7677213151309432,0.18806029112346917,,f29f28360c7637a0569445615e72587d568ec754c219c552470709afefec21c0,9004352091a51ef231b51d3a96e9c590f364538a5c6d5c05d1c1cbd61935bd8f,a055bc0cd34f823671ae1a90beae34b9868a23c6fcb6b93b8d53a6a58f5db807
trackside-maintenance/0070,trackside-maintenance,train,1869949,39802,5298,173911,1875247,1909751,0.9764496887547003,0.9791585395164082,0.9971747721766786,,,,,,,,,,,,,,0.9764496887547003,,,,,0.9467274914669265,0.0,,8da8ac7ad697e79d43107c8ebe4903d9b515079f50e3b43f871cbcaca0df5d1e,fc37c78a2230c5c8c971926e1a494ea03d9ff1f1d5ef03a91ddce40348295058,a5ade9044f3529230c093467840f61e8828a57ff06a6943b8af0042d864f47a7
trackside-maintenance/0071,trackside-maintenance,train,1659617,13699,23179,392465,1682796,1673316,0.9782622406785755,0.9918132618106801,0.986225900227954,,,,,,,,,,,,,,0.9782622406785755,,,,,0.91450215189313,0.0,,3722b3d81a9495d0186d3ce92ec994c7f10c979ce8ebf1d78a787043f819a9f5,b67b6c1fd6b1b376e5af96480d72e2c49eda9b71209418decad92c770b5024a5,64188b26e0247329814122610ab088eb7ae6a3be4902412d5ca71edb02f77e09
trackside-maintenance/0072,trackside-maintenance,train,1563518,38526,53213,433703,1616731,1602044,0.9445771865033648,0.975951971356592,0.9670860520395786,,,0.0,,,,,,,,,,,0.9445771865033648,,,,,0.8254767347358284,,,190287f82f43182bf0e583f603971ce568382ea6cb8bd6655a8483c3dd9de73a,ed7b67bd4cb17da870d4d1c71e483046760415f5abff5f935a882ce1e78f4a58,8569b04329b4bd728d08e6f94c7c2d4a114816f7ca64561127605df280338e7b
trackside-maintenance/0073,trackside-maintenance,train,1524776,109659,39526,414999,1564302,1634435,0.9108790467639329,0.9329070902177204,0.9747325005018213,,,0.0,,,,,,0.0,0.4559363378254089,,,,0.9108790467639329,,0.0,,,0.59754544972302,0.19594111762183794,,5652f16f45d364803ae0cb7862cfd6866fbbefdeeefdf76929de1dbf58fe7814,776ab1d9d39e30450e3cb98591c31188fa38dda21975a58e3b3269ad48adbff8,98561997f8cebc352caf36b11c22ee3170cf6a6008caa372b03f70b29d651d5f
trackside-maintenance/0074,trackside-maintenance,train,1268326,267769,77965,474900,1346291,1536095,0.7857985452833228,0.8256820053447215,0.9420890431563459,,,0.0,,,,,,,0.4638607713617532,,,,0.7857985452833228,,0.0802522552424756,,,0.7653292711890781,0.008388489717906063,,093b845a2d8a639e83ffa1ecf5fde92d921664c2417e66a25b10d3dca8f6d55f,f7283dc707378e69d703aef147373bdcd064cb957f41e1765d75f9806d2293a0,02a7f4e938fac2451a23d2c9cc8efedc3f8f35d6e87ba6dfe2a38bcbe48db823
trackside-maintenance/0075,trackside-maintenance,train,1400219,141077,107659,440005,1507878,1541296,0.8491553741612112,0.9084685874744372,0.9286023139803088,,,0.0,,,,,,,0.5402736267056792,,,,0.8491553741612112,,,,,0.8549263955691591,0.057251140682398026,,03904f8a2512daea1c39d2cbdedf3303eb95dcf456e4adbc73e729eb2d9aca10,718e6fd45e2e42240aee648e4e87a0092a7553e48a752f65433e382eadbfffee,bfe1b4d8a68ec86dcfbc69e27bfafadf67cb69e89fa4cb4b71e594d511d5a5a5
trackside-maintenance/0076,trackside-maintenance,train,1583771,7871,36479,460839,1620250,1591642,0.9727600098518476,0.9950547924721765,0.9774855732140102,,,0.0,,,,,,,0.8020556505250456,,,,0.9727600098518476,,,,,0.8419503776066225,0.0,,2c8539da08f1b6584a3d127fd3a5f5050bdc5350404f6d4739a5e44dc6d6e78b,b0a5d9f1ca8e3700479bb3fd590e0e31fd80eb007671997450e69cea9e96069c,173de8c1efd1c28950a656bc9d1d66bb5a162f0ae59a2198c5821f9d980f978d
trackside-maintenance/0077,trackside-maintenance,train,1253573,17271,22954,795162,1276527,1270844,0.9689093660679643,0.9864098189864373,0.9820183983574182,,,,,,,,,,,,,,0.9689093660679643,,0.8262415206587587,,,0.9459418867773395,0.9448999812757458,,845a1cf210437b2039d48232df6099976b3cbf2a66266f2948cd84e0e8dd1a89,db1147ad0f9aa22d2101b8b087ce2dcca15710e76e651244fdb30f75aeb1348f,27cc57d5db8b9454835bf9e7f39a39030eb39d6675081dc2d10676ac3a429ff4
trackside-maintenance/0078,trackside-maintenance,train,1252161,21244,44571,770984,1296732,1273405,0.9500635823414083,0.9833171693216219,0.9656282099925042,,,0.0,,,,,,,,,,,0.9500635823414083,,0.7782231852654388,,,0.9300258643024323,0.9094905115094682,,9072ecd1d6bd9a6ade7bbf9d4ebfe4912556baadda2bae4e1a66249b89915dc1,5ee5a7b2559e29f59042063b25e69d22cc7635dcfb1ccedb12ca183a2172add3,5e3bb30063158a935cc9a75ffab218a6440e50eaea8ba0443baf45eaac4387ae
trackside-maintenance/0079,trackside-maintenance,train,1291999,31734,24651,740576,1316650,1323733,0.9581832771673351,0.9760268875974234,0.9812774845251205,,,,,,,,,,,,,,0.9581832771673351,,0.9073506431061426,,,0.9236800836382645,0.921455282531073,,7245d072113222a13b028579251a425ef833a8850f977f01ffb13f42c5569754,196f7161bb9ef2af0e3ea14b4f939200a99ce0ea7a60d5039b4f22522718c58a,c1af825e1b25b391d62f157d3b3f23f2efff860e75181b0f98bd8e283ea16021
trackside-maintenance/0080,trackside-maintenance,train,1108066,29974,89609,861311,1197675,1138040,0.902591864612768,0.9736617342096938,0.9251808712714217,,,,,,,,,,,,,,0.902591864612768,,0.9547993905535805,,,0.9156024279447401,0.8394243350695755,,045d4791802edd4766cb20165f7f89e48500708e9eacc4fb3176b9cd89733d49,72915e72ba77b4a35ec44c0cd9aadfe5a489e09dcf8bf4df59f3ca3ef7ac9e26,4868ef9b07ea2e342660bdb4fa0298d6c193c98c625b9808c98b7a62ee966369
trackside-maintenance/0081,trackside-maintenance,train,1332470,17862,54415,684213,1386885,1350332,0.9485480303570678,0.9867721419621248,0.9607645911521143,,,0.0,,,,,,,,,,,0.9485480303570678,,0.9056858119493525,,,0.9368924760738649,0.881400734096912,,eaf74d01f4f349885d90aff52c367596e2cba944e49a7b0feffd851b79a71ea1,e7d19f949be6c72d26980869fabb339acd375a65015bcc000bb7ea609efc0558,800c544b74a6998b372b5933e6100253b15dd3f186ad534b40ad0b12e6a044ce
trackside-maintenance/0082,trackside-maintenance,train,365528,66673,277167,1379592,642695,432201,0.515286846883423,0.8457361274036849,0.5687425606236239,,,0.6951585076878307,,,,,,,0.0,,,,0.515286846883423,,,,,0.8530184017814608,0.00800380431870546,,65b79e130b09b882fa33f7676d2436a802b097d73fc606fa0428a40aa7592ed5,a63aebc4038689fc219bba17b9c67904c70eae12e7833a0e436e0aa12bdbfcaa,52c3aa766e8da66000807dc8216d45b836cbc3769b211336887818fe3c53f2cd
trackside-maintenance/0083,trackside-maintenance,train,1582939,18303,14535,473183,1597474,1601242,0.9796766509239827,0.988569497927234,0.990901260364801,,,,,,,,,,,,,,0.9796766509239827,,,,,0.9341179606643255,0.9372238002598064,,f93539c0825969b6f96f386dbaa98f06caadbcb1d80a39102a077ace90560d5e,eacd1a0cdf15d5e49563452c6d7003c31113591a4df0d81eaf61105edab0d64b,a2d97f939dff8dffe92734bc6c34925eeb9c63b45c2e9de278a94cdfb1bbeeb9
trackside-maintenance/0084,trackside-maintenance,train,1286665,6537,113084,682674,1399749,1293202,0.9149383553558806,0.9949451052503785,0.919211230013381,,,0.0,,,,,,,,,,,0.9149383553558806,,,,,0.9508661224364767,0.8162298076417129,,78b655ec93b0e9575d9bf363a03233ad6e48a40c1e428e86125f919cccf38ced,ac028f7bcbe7ad92f61055bc538a75e3ad911ea17ef8513a38a275c9758c465e,bc485780f8be7ff3b5710d865159d8330cda903c00a825b0eb903c557e015438
trackside-maintenance/0085,trackside-maintenance,train,1315657,28488,10545,734270,1326202,1344145,0.9711867659759797,0.978805857998951,0.9920487225927875,,,,0.0,,,,,,,,,,0.9711867659759797,,0.0,,,0.9410722319334311,0.9515639531021656,,1fe7cf2ae2eef9be85f098226cc6e927e226f7e34a356079eaf30f81a5517c08,a964b223ce70c0ddfcfc63a7116d136b72dbabc8a5bfb3c71b4a8784a89ebc9f,6972326dc253a906ff2290ffced069ad3a9c1719922fdbd24b5fe2f2fc3219d7
trackside-maintenance/0086,trackside-maintenance,train,845569,53295,8798,1181298,854367,898864,0.9315901734346045,0.940708494277221,0.9897023176222864,,,0.14786429593296546,0.0,,0.7090196078431372,,,,0.0,,0.0,,0.9315901734346045,,0.9567226013286598,,,0.8926012339411925,0.9182788540687397,,9db552632140a4fe745fdf61a0d0fa31fc4952af06addd32095a7c1372bb9d8a,48e0f42fd5470fdf74ebb3d8b15d9098a05ee9adf3541431ac1b7a9fa0e062d9,4a4293e5ca821161a1cfe5c5308eda3c8b795de5b24ae0b2e411b800bb5880c7
trackside-maintenance/0087,trackside-maintenance,train,989813,44983,34492,1018794,1024305,1034796,0.925674841576825,0.9565295961716126,0.9663264359736602,,,0.009114583333333334,0.0,,0.0,,,,,,,,0.925674841576825,,0.96321848195287,,,0.8925540825218488,0.9053604897373994,,95207ac84f3acc3ff5c55764aa554bffc9f0a32f4cab08eaf951e2fe43877d51,587b26c9e34a988459b083e4db74f236062e3ecce661eb481c45f1084fd9f4af,f87c712bd61a12df68192de9fdfe9c4c5eeae2114fa4b0a61a563d146a092f0d
trackside-maintenance/0088,trackside-maintenance,train,982453,30133,73948,1002426,1056401,1012586,0.904208243828541,0.9702415399778389,0.9300000662627165,,,,,,,,,,,,,,0.904208243828541,,0.9594304784023266,,,0.8793268402255751,0.8787367316548402,,d725e1c7a0e34cdd9a85ca766c2f77aae4456153fa89c7ec4ed4903841bcc25a,d8588ac0e324f990fbff92d6ef4ea35638073f169b1c3a29eb0f763ca8158eea,e44e0b0aa2d8bb766ebbc80474115ac2b968ff4eeada94731b4677188e7d506e
trackside-maintenance/0089,trackside-maintenance,train,1344781,43396,9162,691621,1353943,1388177,0.962387080014227,0.9687388567884355,0.9932330977005679,,,,,,,,,,,,,,0.962387080014227,,0.0,,,0.9319896397744696,0.9290344452833093,,0055dcf9f3b23337c4d0b8675c5c94dc530eabdf296e211580d8631bfde63237,3fa143f99bf6e20e136865aa3ed2add68b848b13c63f491d183a418d2b345cb3,eda79d91ff404a9b803edb08fe784bad7512d9195f5527bc085f70513626893e
trackside-maintenance/0090,trackside-maintenance,train,815169,33372,13772,1226633,828941,848541,0.9453284364262164,0.9606713170017713,0.9833860310926833,,,0.3539440203562341,0.0,,0.8323358248062444,,,,,,,,0.9453284364262164,,0.9712742600353051,,,0.9205799871860854,0.9320552858600538,,0a5483a0127931090560f2cb06532b9de62ff8978b5d2d75fc73f10c9e628fb9,bdacebbf7725f3ad965f05b99232ec789fc6dd5801ffb98aa2a88920ad1db2bc,5e7142738d2a0c9daadb6daf0c722b06605d1cf6763c273c6997b98b2112e4de
trackside-maintenance/0091,trackside-maintenance,train,997339,35404,16819,1039194,1014158,1032743,0.950243053769096,0.9657184798154043,0.9834157991161141,,,0.0,0.0,,,,,,,,,,0.950243053769096,,0.9479599684806047,,,0.9320326750733603,0.931483451910856,,140a0439c3c000cca0ab1e8fd90ed6598c8fdb0c15a7ebf645bf70366d6dd90b,fd9fcc64d607952b1ca4b32b253c900c3b6c42ae47ad9a118acf78aa6132ac62,aa23adec189a7433b18794b30cdda434e11407ca204e353c9ce87c341b56768a
trackside-maintenance/0092,trackside-maintenance,train,1249707,10988,62895,765370,1312602,1260695,0.9441798442115761,0.9912841726190712,0.9520837237791806,,,,,,,,,,,,,,0.9441798442115761,,,,,0.935135235169472,0.9039288345094213,,b46f2ac36452a0a15ac8e7c69746492ff0b596b959f253d1612c3db9998b2895,ca30dbb08d9fb0e4fe8996fe88911e453cc3bca799282014ced559432b824f51,1a34ce2024c29d879dedcb9b1686c5d0e6dd921ae8f3b65378f1292649344f66
trackside-maintenance/0093,trackside-maintenance,train,870140,39754,23682,1154953,893822,909894,0.9320505240066155,0.9563091964558509,0.9735047917818089,,,0.17360778681985,0.0,,0.0,,,,0.0,,,,0.9320505240066155,,0.9747285096889456,,,0.8965573329145446,0.929407539987254,,6259e3456d036d7371c800562ffea682d470ccccfc442c166f67ae5f354b645f,84941b6b7aa17a3e2407d6f073b2b43d7c36ff43014f7ec679d58cf5431ed076,45ad39e20f3601ecb0ba0d21f4c13433c327ec931b1ea6470fa0b5d218c10956
trackside-maintenance/0094,trackside-maintenance,train,1021291,19714,16221,1030597,1037512,1041005,0.9660101056916874,0.9810625309196401,0.9843654820377982,,,,,,,,,,,,,,0.9660101056916874,,0.9555568465694533,,,0.9449777679347178,0.9517166458718754,,e0ed8f532604e6e6555ff2fed40abf4191312f80d30033f9f5891f116ab17ef9,7e4ff407e211370343392cbcdbff2b1388d8e1979cda20ce09bf6f00dd9def79,6dc2050c8224415d25eafc01f98324549c9b0fbd06dc4e2ec5aefa2161f8b2a3
trackside-maintenance/0095,trackside-maintenance,train,793969,22399,32310,1240282,826279,816368,0.9355362104355244,0.972562618818964,0.960896985158766,,,0.46762690532792617,0.0,,0.8834396683207665,,,,,,,,0.9355362104355244,,0.9701700397093502,,,0.897731227145408,0.9194067176545366,,2c0673f9062a1f999a14ea9f32f3a730731ead900fcdf51751a187ad746dfc7b,e2149e1bb2a9cbc2acdbaf0b9ef76ebcda214853f1f5097dab8ec69174e4aad8,37232fe9ffde2b9024d8bcbd43dd9316885a46b0df2ddcca2b97d04493b3377e
trackside-maintenance/0096,trackside-maintenance,train,373903,12982,33268,1668400,407171,386885,0.8899210525689452,0.9664448091810228,0.9182947705018285,,,0.797447908253917,0.0,,0.9254534192538821,,,,,,0.0,,0.8899210525689452,,0.9882343149574011,0.9706733184361412,,0.837000384319754,0.916733505629326,,4c21278ae3f78bf40f512492d07dff5fe47bcd04749b1b5bbb976b5f139f1b63,0bdeb500a31ea967c4b9b29ff432f98229b20b9b969b3a7a8efa595fe61979ce,baa61a98c044717f7fb077fa48eb119df66ae6e7e2097e61b7f73fa22b9cc792
trackside-maintenance/0097,trackside-maintenance,train,1476013,18162,82782,272060,1558795,1494175,0.9359881087436119,0.9878447972961668,0.9468935940903069,,,0.0,0.0,,,,,,,,,,0.9359881087436119,,0.33296521258972944,,,0.9070370494776796,0.0,,069e56fc048051d80ef3d6c175598cb6a1df2596f82c85bd8075f4b88100565a,4dafdc7299c42b3fd729bc5fad69b105505ba91c31b992ed39c8524ab26e9327,0ce2d80d6b56e9960473eb34686107ac4405b93ef59b49df55e75f9d79ea2923
trackside-maintenance/0098,trackside-maintenance,train,1620213,35519,116693,316535,1736906,1655732,0.9141221772430427,0.978547856778754,0.9328155927839503,,,0.0,,,,,,,,,,,0.9141221772430427,,,,,0.874910959530587,0.0,,fc04d89f6819407752a53d790ea973fc002344aa19eadc04b345225545c7ce53,50b458614c96f982cdd8a232cc68c34b8a13e26c9ea30e839f0bb3d3f75ed0bb,ef97e117e173aa0dfa814af9d4746c7b0c55f12622fba32989c3eb42cddb6c53
trackside-maintenance/0099,trackside-maintenance,train,1174348,77316,130538,706758,1304886,1251664,0.8496211118201247,0.9382294289841363,0.8999621422867592,,,0.34542916957431963,0.007772020725388601,,0.8903209395005723,,,0.0,,,,,0.8496211118201247,,0.9852283476793386,,,0.8425263817549042,0.1841016652059597,0.0,34c0bbfd58571e1b86214468e7824979e09367e8aa452150512daa459ff8c186,0553959daf6ce869735cd945b60890b3ab439a1579cbc8fe572569200304aa26,99adf35ed12a73af8d501fc1c2f7b6669cdae806b4ac0eef4f13efa44e9b380c
trackside-maintenance/0100,trackside-maintenance,train,1085274,51838,52464,309945,1137738,1137112,0.9123200199062523,0.9544125820499652,0.9538874503620342,0.0,,0.5232550446576248,,,,,,,0.0,,,,0.9123200199062523,,,,,0.5418325120560004,0.6530239752513535,,295de469c85a2cbd063ed52a760230d5847fd6ca3ec792d4228e881a1fc88163,f5b03baa6b4d5ea3f09082ebe6520174de0c27be86a86a96401a87b00c959c4c,54cdee47143094df5b91a52091f37d4700f4363430da6b75c247dbdc5ba1a0c1
trackside-maintenance/0101,trackside-maintenance,train,419223,64791,15730,166256,434953,484014,0.8388755042581801,0.8661381695570789,0.963835172995703,,,0.3355762347888332,,,,,,,,,,,0.8388755042581801,,0.022960429897410845,,,0.865729014571352,0.5252140410958904,,f18cd13f8be6e6da511d8cc5f6ff2f0e8e5ffa3cdc730d55f0752e075e4be9a7,2053724e9bccf33b2605685548994cd45b4e42ce9eed6263ab94fd76ac8b7402,f0c661507666d0fcc06ff4bb48010556de41cbe7770ba4b37dde00c33712bd6f
trackside-maintenance/0102,trackside-maintenance,train,308010,28290,93186,1069771,401196,336300,0.7171595814531789,0.915878679750223,0.7677294888284031,,,0.5651559948810733,0.0,,,,0.0,0.0,0.0,0.1906979102661234,,,0.7171595814531789,0.0,0.6984828369024333,,0.0,0.6543527770868995,0.628527768674405,,d32849c8bde9dd413c6d0ab82ca84e62323fed3319cfb99825a11f91ac7baef3,16725b66e3177e4058bec98d44bcd85e2a17929f45e24c0a9596f58d4fc0420f,603599f46fc9142e10558da2e60a2b2dd4be2a899652f03a42b8f4e13e1475c0
trackside-maintenance/0103,trackside-maintenance,train,537869,227180,246318,1077593,784187,765049,0.5318237593277217,0.7030516999564734,0.6858937982904588,,,0.5739014436928226,,,,,,,0.0,,,,0.5318237593277217,,,,,0.9396940864081429,0.07548953278712404,,bcd725f20e45aba176964b9c6318633c2f7a70f7664784eb0dfc98abf0940141,832b0e6356d68f26976e3d7922d3b08c241fb1ce86ad33ae4f971af5515c330f,92c4b469a8b05d8a7f3aa047eff01661d8e2076b011196673be925e1192ec928
trackside-maintenance/0104,trackside-maintenance,train,109780,1234,24323,287064,134103,111014,0.8111602887606494,0.988884284864972,0.8186244901307204,,,0.0,,,,,,,,,,,0.8111602887606494,,0.9237082088541259,,,0.8595344870278152,0.7678930374278048,,8af545cd5a93e866ceeaf9e8b89657bd1753fb543ecfc98e2121144440cb5e5b,38d8338d1cf13856f69f9d6bf5678bbe6767d870b9c6d44089b654888be7a538,77a337f781932190fee679537b42a308e62da6ce2b364c0352253e9b22c30f89
trackside-maintenance/0105,trackside-maintenance,train,172387,14416,34391,565238,206778,186803,0.7793475410725427,0.9228277918448847,0.8336815328516574,,,0.28690499703732963,0.6596921027959589,,,,,0.8466448582452608,,,,,0.7793475410725427,0.0,0.0,,,0.8709856035437431,0.7620623941534286,,d1ad562afeae01ddb70bc66ae877af92f08918967c215ffefec2257c3ad76fa6,c81174649f12ca8f38a2a5768fc715389902ca51ae6140ec8217629ad50b6eb2,b538a3106bb981c120dc44271ba60f00a3823618776a4e70ee837627f0f858cc
vegetation-worksite/0262,vegetation-worksite,train,0,69,0,2073531,0,69,0.0,0.0,,,0.9373361400095751,0.77846909965492,0.15937056318031234,,,,0.0,,0.12347695013189298,,0.31685575364667745,,0.0,,0.9400561092230879,0.9906767737328758,,0.4307790549169859,0.8677831270921879,0.0,54396730a7d632e6ac164891ed59aa4b248397c4bff8ad0524ee051361535740,ecc4df5204120b6d832dfe643f5cf2ece2d746710ad731c9c0b70f45d3c1a90e,a97ef3785659963deb44e4d9c1cb9fc325549476d4cf1e4746371577176ef071
