key,group,split,tp,fp,fn,tn,support,predicted_pixels,iou,precision,recall,iou:person,iou:truck,iou:rail-track,iou:vegetation-overgrowth,iou:car,iou:on-rails,iou:traffic-sign,iou:road,iou:sidewalk,iou:construction,iou:tram-track,iou:pole,iou:traffic-light,iou:mud-pumping,iou:fence,iou:terrain,iou:sky,iou:rail-embedded,iou:rail-raised,iou:trackbed,iou:standing-water,image_sha256,mask_decoded_sha256,prediction_sha256
flooded-road-crossing/0272,flooded-road-crossing,train,0,509,0,2073091,0,509,0.0,0.0,,,,,,0.9680103000891354,,,0.8366345520914368,0.0,0.8808360477741585,,0.5556265984654731,,0.0,0.0,0.9567887209656152,0.9822478264440507,0.0,0.0,,0.9282290241593856,1a64c22d40183eaa53211aeb2ab21c5cbf2a328ca7b2d6716a58fff64bb7291d,2ae0b928ea09fecae228600e65afc5ccf5aeab55c6186e155c041878168d2b7b,32609ad5ba0df5071cca221bb728a56bc6a585c87358a6667ef8404f38e3efec
flooded-road-crossing/0273,flooded-road-crossing,train,0,0,0,2073600,0,0,,,,,,,0.0,,,,,,0.9504844902187823,,,,,0.0,0.9458756029566565,,,,,0.9934099517472725,4f42631f3a3bf1174b11d6978aa00479044e989be0e1722cf53a2a7d698ca4da,d71932fbc886eb13c90b1ecf925dd2ed196974dc2b78b22dae98b2b052263ceb,866047229964c24d242d8c3b013cea3592c86d12849f09b48f30f45696de27e7
flooded-road-crossing/0274,flooded-road-crossing,train,0,1393,0,2072207,0,1393,0.0,0.0,,,,,0.0,0.0,,,0.8382146417308766,0.0,0.0,,0.0,,0.0,,0.8740493840550992,,,,,0.9783962491180221,5eac815d6dcafeaed42ca25116f35fe30e4598159ae3b155d664bf6b7378427a,92f986c0cf867798fb963a56a3cc9a99da42fa01c35481b1810a31fc272e5aab,2f1ac572e962e9c6872ec8695abeb5faa9e49d71a5c9b03004aad056580c70e1
flooded-station-platform/0298,flooded-station-platform,train,0,0,0,2073600,0,0,,,,0.9333699365544168,,0.8428887230133211,,,0.9814232147280187,,,0.9877891503122751,0.9825796451835871,,,,,,,,,0.907546893122342,0.0,0.9027810023721798,f0194c9f5092ef4a9f5211064d986408ef94a7c44752b254cf2a6cb67600d64a,9c2a8282ac3b685c1b4f7d0eada263e2c6deb4d18423159e43b764c65f2afc9f,e9c2d3487c9aee0f24edd645a7f9906f9d38a7aab0fa98d177966d12dd4c8301
flooded-station-platform/0299,flooded-station-platform,train,0,0,0,2073600,0,0,,,,,,0.9019110919842522,,,0.0,,,0.9965270733774984,0.9720259280273723,,,,,,,,,0.9359542551039087,0.0,0.959095601129255,2e8151e2e6b02fcc2163c50aa86d9e5e0134c8e81d7ed74c33832a121b91dcaf,ac007d07fbb9218cd6a46518c8161c36b300c81f837d4ca78ee881cc5c1285ad,62e1a076a20a5f515caa538ab9b3023749bd7f2e1817a51dd36c7ae157989d69
flooded-station-platform/0300,flooded-station-platform,train,0,38,0,1958482,0,38,0.0,0.0,,,,0.9591077644922053,,,,,,0.0,0.9278438446519053,,,,0.0,,,,,0.9402043086881764,0.0,0.9827302684820116,aa5009748eb469829d461d7b4e9a1e63aced662acde1baab34479670671c9cfc,71b71d95fce3df9c264c4586d0b956bfa611ac012f0c0847d66c466d4e709978,e685acff8c849f0b81303eea91df8011b0f4c4d31a7d8f4859b40e181a6e0524
flooded-station-platform/0301,flooded-station-platform,train,0,5986,0,2067614,0,5986,0.0,0.0,,,,0.9662288174251409,,,,,,0.0,0.9941767058976044,,,,0.0,,0.0,,,0.9587076342154146,,0.985170077207891,b6bfd2eb1a154fe26098279bca8d8165e5aa045fad56b687663d941cba56bfda,7894d14854f9ccbb4158b0466157085afe2d2c32ff1bb92ff09db44e499d08ca,af5224f23596bb64bb0cc1be9ffffa493bea6652e446eca9d7493e56a199281d
flooded-station-platform/0302,flooded-station-platform,train,0,3659,0,2069941,0,3659,0.0,0.0,,,,0.9715300625564781,,,,,,0.5088854460949603,0.9968131673635906,,,,0.0,,,,,0.9639224440563847,0.0,0.9811318334573254,0758d8245392d38d69bb520d6aa46dd39d38ccdfa9c8011ae15e78d2a3d0dfae,00ea88ab0410bcf15bd3202f7dbdea2d25333ff4bec6c06d01c990410360a826,edfd10156b5bdf06dba325a07c2e35a38a9b912c94b12963a9fcbc01d3bfd1f9
flooded-station-platform/0303,flooded-station-platform,train,0,21673,0,2051927,0,21673,0.0,0.0,,,0.0,0.9364068742469402,0.09099733074496481,0.0,0.5282546046861295,0.4986949178565945,0.0,0.9727586621113119,0.8806983432411424,,0.6660622854731849,0.6935933147632312,0.0,0.6848652911695118,0.7608908998873979,0.7393148659939585,0.0,0.8982055722837452,0.8743930182127796,0.8801798467863897,e62cac97ea08c225e113869af1e24539312d59ae8b1ea981d8625c7d8c85968b,e39d3cc9f2e733f410aab08b883c5b815fc0b7cec4923951527119e1188c966a,46ddd479d392c2f75c9b2736cc722eb2c5c34f419b0dede34c849955cf3500db
flooded-station-platform/0304,flooded-station-platform,train,0,0,0,2073600,0,0,,,,,,0.9450769042803036,,,,,,,0.9977268329087927,,0.0,,,,,,,0.9554854331132016,0.0,0.9512952026791468,c9797d293e9f42ce5aacd15adf5adeae5aabd49c586206b065f6f9ae8218987a,fdcfa33e5312540d1fe6a49626ab748f10be173352f093e26fb20c90e293784a,927d8e63ed7f8d3174228ed2819c4e665892a27abce9369db6bde259cdfcf92d
flooded-station-platform/0305,flooded-station-platform,train,0,10583,0,2063017,0,10583,0.0,0.0,,,,0.9658221458310736,,,,,,0.9412266251665935,0.9952343731771623,,,,0.0,,,,,0.9702070836501544,0.0,0.9822855983250759,10d64186056082ebd4e47902c4c0de8902ac70f0ef5c2e64b7a35ce344eeda23,e7d2de4d96aec0a8b3246ae5cbcc210d76914bab2c93070d8a83137bb7c9c701,26042813b2c59447f8e65464d7ca8a779f98adf7d03671fe42ef8537c6d0e20c
flooded-stone-bridge/0270,flooded-stone-bridge,train,0,111932,0,477892,0,111932,0.0,0.0,,,,0.0,0.014507383479464698,,,,,0.0,0.0,,,,0.0,0.0,0.0,0.7952631578947369,,0.8762149647380157,0.7133956386292835,0.5575347369985342,d8aff7595858cbf04c9e2b85dc09bc865c9a2ad58b92c41e823fb4a084f4bada,fd6955216cc66b2eee2cfcf1242e63211c7bcc1bf86fb2ab9d8a15726ce917af,2f6c43be9492d416a2602e0a32d25964f7aa97830b5856232807e32df9838aec
flooded-stone-bridge/0271,flooded-stone-bridge,train,0,3,0,698365,0,3,0.0,0.0,,,,,0.0,,,,,0.0,0.9525210861690595,,0.8474392882904545,0.0,0.0,,0.7725754712835611,0.9685256501687823,,0.7818873142067059,,0.9713852087132603,f5180763e414fb42a131798a9a989ba50a68fa194643d48809aba9a9130498ed,2368f3e5da46a76defb9ae32ea5cfde760f7cd9dad6b26b038b2df07dbeee742,94f05853ea824689dee9e3f527c7e991fc67923ee2b8110bebaeff3b833869fe
flooded-stone-bridge/0310,flooded-stone-bridge,train,0,111834,0,809388,0,111834,0.0,0.0,,,0.0,0.5542300992198743,0.0,0.7458079268292683,,0.8226761397276495,0.834493670886076,0.0,0.9146859831645769,,0.5312866182329505,0.46301369863013697,0.0,0.8748953098827471,0.9258906628628388,0.9331398745764032,0.0,0.8397614788312463,0.823508775659902,0.10520249199154251,244d2e5e9d27aab38bd91e338efee542e9ef1b32b81f5b1d04e493988fd9fb15,e7400d491f361454e85ea2bdd892beb8058b0cd329a928274504f090705578d3,ed5e70df35314d3e21c859617748b55ed40596b05700275bea562e48ea47f95c
flooded-stone-bridge/0311,flooded-stone-bridge,train,0,221,0,921379,0,221,0.0,0.0,,,0.0,0.4353462981917434,,0.2698412698412698,0.0,0.7018348623853211,,0.0,0.9678368583047355,,0.5367396188732628,0.5287356321839081,0.0,0.6716965167113242,0.8838307255650165,0.9293738182627072,0.0,0.7718271967966966,0.5551605377180313,0.9346354318327412,3ec9872d416c77c2223a85177374f753b9fa22546177d378a402366f3a00fac8,1f576c93da65df63c0f97c19e0f4a5a88fa854a978139bb0b399a9b0722ff0ce,0cb141be64551ccf12c56a165cd41127d887dabceafac17b943ea6b343200a99
green-roadside-cab-view/0174,green-roadside-cab-view,train,0,0,0,2066880,0,0,,,,,,0.9681170532234362,,,,,0.9701242316124318,0.0,0.852837270920733,,0.7512114131103186,,,0.8217208033721796,0.9684396665688988,0.9851212192210285,,0.8171082030003192,0.9378113477964378,,ac8756b81048f48af6d2c3fee710b8b43f34a4e658cde8c09bb9f690902790e5,1d89a374fa0d7ed2a6e6429295a1bbd6e07539abb712f5298181462289d6c8e5,5bab73558eee237599bbee16a5bb507cb3cca8587d0f524069590576a574861a
green-roadside-cab-view/0200,green-roadside-cab-view,train,0,0,0,2068190,0,0,,,,,,0.43039502692544,0.45366795366795365,,,0.8387445887445888,0.9046955136184833,0.0,0.0,0.9591763395263593,0.7805788132508191,0.0,,,0.9779374811142345,0.9859230134459492,0.8757736516357206,0.7391613361762616,0.0,,647d89550b9094d69144e9eb687405a9b548e981193dfb8682ee2e38bdb37aa6,f46c80584a147ea51bb34d9112360631c5f11d0019df6dd603d23b6e150c5218,4fdcde4d2bf79beedc2a46e1f8880b84a0437a8f612649dbea6959e040e658ff
green-roadside-cab-view/0201,green-roadside-cab-view,train,0,0,0,1982593,0,0,,,,,,0.9477064530304566,0.0,,,,0.8619802828975568,0.0,0.0,0.8909717733247146,0.7644003777148253,,,0.0,0.9832253163280102,0.9842366805520743,0.8038004750593825,0.7495643081212966,0.8758350482824125,,cec5a4a2267098df2b64c119ce4e99aacc9014722b05125b92bd8da623cddee4,55581854220617568ef435d0ce1a25842c7ab9554e57da4b56132ea6a7b2c5f0,59e24cbed8ddc12a0519ba970c48f15ed4236ea8bc5c73ffb556a12e0d970684
green-roadside-cab-view/0202,green-roadside-cab-view,train,0,0,0,2067734,0,0,,,,,,0.9069550515944733,0.6706099413935316,,,0.7122302158273381,0.8633376094174464,0.6226581441481155,0.9148606239616024,0.9630449794032907,0.7315624963688546,0.0,,0.7447313515686312,0.9397570270233786,0.9798957459319111,0.8369597033856961,0.5763947294645361,0.8949217217645591,,318bdc8615a85a559ef35aac3c3b7f2506709bbb305ce03e4e8ea37ade4d7da2,0f3fd0d5280d3287ce8cec97acdffe99355f4a4f1aa7868d9c5c404b03adc696,9124bb0ca088d8c44e1dfe3d63ac51e4f5eed41b2ec1f1d3b387dca5004b6597
green-roadside-cab-view/0203,green-roadside-cab-view,train,0,0,0,2067867,0,0,,,,,0.9690964809586117,0.9643178569537826,,0.8558297048863086,,0.744140625,0.8892108108108108,0.0,0.7245264207377866,,0.3943785682916118,,,0.9314375632235585,0.9771273507552635,0.9882483824914189,,0.6646815550041356,0.9013380017506565,,18638926136c9e885bad8a5394a86973d90d5ed5638573e5985654dec64db548,e71b82e1e191ebb38f5c61ef1b0d128e6e5a11962065312506493cb014a6a361,61ae2fb4be53442e2584d7ee13add13885ea86c5b8d23928f96ad177f8b92be5
green-roadside-cab-view/0204,green-roadside-cab-view,train,0,0,0,2067867,0,0,,,,,0.0015742945949218908,0.9686444040111085,,,0.0,0.0,0.8265092020862058,0.0,0.6081485919712403,,0.0,,,0.9114948371988366,0.9769576376737783,0.9935436644252615,,0.7559564119928585,0.9485839181556044,,cb34ab4d9a1966c9d974500a92359ca204a93a0c8283bcc59a5f16456005f1dc,f8a201f8055169f4e1fc3ed4547ed752839f649ac12fc2ace4db3701d27241e9,fba541ae3d7f4eb0c109f0789c90fd208dc3555154d0156d0e9ed70f4683f327
green-roadside-cab-view/0205,green-roadside-cab-view,train,0,0,0,2067867,0,0,,,,,0.9483315197678637,0.9827430795960758,,,0.0,0.7094594594594594,0.9084730846330612,,0.8080568720379147,,0.5968104222821204,,,0.0,0.9856623898259904,0.9882771306784248,,0.8189597794047733,0.9651996734517633,,84c3ad934ba556452a390cf9a7615f786d7bada1f0ce3bec466c1ccd2a89b441,54f8b882502e1aba4a8f31dfe42009d9359e4354cbb6ad2a4af730894c4a64a2,53d31210a6aecf2f829b7da8420b77f2a8678d952e6e608c34db799df4b9782e
green-roadside-cab-view/0206,green-roadside-cab-view,train,0,0,0,2073600,0,0,,,,,0.9631223666923391,0.9777311458730764,,0.5306553911205074,0.0,0.0,0.9398307500054809,,0.8354002254791432,,0.7894905800445416,,,0.8307685089612461,0.9799889617815912,0.9815059296119517,,0.7525420757363254,0.9597122216394068,,326099a1d7068b475af019e6dcf936e26aa1a539954a3f0fa5df1a5ff8428999,6cf8bd75df6f49b6f9d82d83a98a90658290b0098de456864106c497d525afa3,8c0a3f891cc4b45298e28c56cb848a8a03bfdb2598a72ffbd0f9bc5ac202de87
green-roadside-cab-view/0207,green-roadside-cab-view,train,0,0,0,2067867,0,0,,,,,0.9583170826833073,0.9913413786892417,,0.28761061946902655,,0.8064926798217695,0.8320464475968157,,0.8117033603707995,,0.8048371755967209,,,0.8036435643564357,0.9737497339500063,0.9903994689334413,,0.854756253423407,0.9610295035579044,,0a69c574d773bd2b02269bec42203fa65c198e4f1f50743335704b45db4b879d,12929b2c41df570afd935b15f8686b36c15ffe4535cbf298828b651dc6b7f72e,c7b43acde16daf455027cf56237c6b2a40c68a42cbaa246df9a68bf9cfad9c56
green-roadside-cab-view/0208,green-roadside-cab-view,train,0,0,0,2067867,0,0,,,,,0.948757925371583,0.9633727034120735,,0.0,,,0.36867599569429493,,,,0.7285303231518371,,,0.0,0.9901589549130138,0.9855308125196672,,0.7496409077851193,0.9686843522757878,,3b8efe8aa3a6e136add1665ab904a06b78b874796e0c18912f3ee9f3ff74d366,dae9e0177528e83bb9056a8fb457e3d484018332b434fe9195634f6a0f23d72c,5a23739cff1fa9c92c6a2ec1be6730149340c3d7c98c3d84cba82aade7440ad9
green-roadside-cab-view/0209,green-roadside-cab-view,train,0,34,0,2067833,0,34,0.0,0.0,,,,0.837921874678253,,,0.9749013924650243,0.9323467230443975,,,0.0,,0.7251999484004128,0.7290297642056436,0.0,0.8674320323623133,0.9572261355655641,0.9758590189782145,,0.4112580371224069,0.8621334527406616,,ee956750d1fd8c7676cd76b8db71bf93b9cbcedf8b4aaf4e538041ef501ade04,e9baf13f1df68cf0182ca0ed2887e288cb340e796f1b398ed5a32febcb242750,2b52555e141064d71b12cfb88a493342d239e548a81554da84d3f4d611ad84ac
green-roadside-cab-view/0210,green-roadside-cab-view,train,0,255,0,2073345,0,255,0.0,0.0,,,0.8787748324005167,0.9492642976124376,,0.936496283380747,,0.18502622794468288,0.9463096932321315,0.8733635390815327,0.8223412305722102,0.9806192247689908,0.7439538519596743,0.7519090170593014,0.0,0.5700324771183939,0.9055038163245915,0.9894945165935318,0.841333419471542,0.6520833333333333,0.8483076742272887,,7fa10db78fee89d3d4e8282d50e5cec55c3943202f620889b50503ae276b1a74,6026feb523e6c808b7f1ebc4a15de86ec7be4191ea33e7e454205851f8780c5b,8ce718ed00de399c4717a055c96915e32bf5e6e4306d376b8b8cb9af80230fd8
green-roadside-cab-view/0211,green-roadside-cab-view,train,0,80,0,2073520,0,80,0.0,0.0,,,0.8899854900064054,0.8858731597383828,0.7372231686541738,0.8505687989481507,,0.807107563664006,0.9188394131907514,0.6133015819016839,0.7882515055629274,0.9234444074725484,0.6776379352544862,0.5819672131147541,0.0,0.7487696497682641,0.8783465198240892,0.9813007168657295,0.8283553875236295,0.6482806908355375,0.8904735253552939,,41f0cad9cf8e4e11e5a870a293f740a7bce70a66b0bf5b0e86c9dd1fa6396f5c,c790e550e0f15182c68acd0fa1c3df3839237fe9c736e380c9569a42ede21622,0fe798b95d2a712fd31593d7b20c0971d5614c2cb6e028bd1409c058c76cfa05
green-roadside-cab-view/0212,green-roadside-cab-view,train,0,0,0,2053480,0,0,,,,0.7841639871382636,0.5566313893267282,0.9236960678138328,0.4762795045571395,0.8325841464751672,,0.8770293609671848,0.8539164049287268,0.8183719639731933,0.8090103667422055,0.8396780786918753,0.6316251632368172,0.8536273197975449,,0.8371624169640008,0.778751981335616,0.981111596519172,0.7295905227916559,0.7962972987603529,0.9038902864204069,,19490f9f31865422ef3257bbecd836b58a75e1200af558b47627240cfc9e49e9,e4afe2ecf4ebd828471240e23f7446384dc2ec9d184d5b7d3aee969d13726f9e,ab7fcd00cb9b5754fb9c37f9cf148f1cbcff48e554fd4c48062cbbaed531d112
green-roadside-cab-view/0213,green-roadside-cab-view,train,0,0,0,2073600,0,0,,,,,0.9622698177313086,0.9605662043778197,0.0,,,0.0,0.9352201981916561,0.8592828685258964,0.7010384671639608,,0.6251774343999675,,,0.0,0.9761733724365945,0.9883609913298775,,0.7638027132190557,0.95046672510602,,5229632691652545fa2f89ea5800c86d39d27545bb45654c44af717c422b95c4,4f60ce021a149db8b77724d1203b796eafcc96c75f291f1e5fb521ca6adfa064,475c2dc251f431555d73c48c72e38b1e0fd36fc4d966697921a8ed9b2931bdce
green-water-cab-view/0263,green-water-cab-view,train,0,23,0,2073577,0,23,0.0,0.0,,,,0.9096016641070005,0.6507428712048972,0.0,,0.7335329341317365,0.9163282149295224,0.0,0.8775294944917572,,0.5567128523650263,,0.0,0.2929045788185949,0.9702289248128458,0.9946159074254872,,0.7927534707614641,0.8870776813956648,0.7824558091237345,d38268ad352c084c45d9c129d86eed80ec34068717620fc1685f07a6cefd1468,8529f0f311585470613e21978d79fd7cd6125e1beefccb98f037b4124151b53e,6a57ec78d485e5757e84005cd2a86918d048496b6d6e88eb651e904f7a8eac20
green-water-cab-view/0264,green-water-cab-view,train,0,1750,0,2071850,0,1750,0.0,0.0,,,,0.942938385597214,0.0,,,,0.0,,0.67578125,,0.9644119995437436,,0.0,0.7192602793625812,0.9681383311194389,0.9821213054977788,,0.6832554517133956,0.947589832116391,0.5889750439825373,7ac26e3576a11b28c401290cbed89e663ce03d2ae23dcbd062e1ece5d3ba81a1,da975b659994aec1a32dd22d6e772c441d1fe28b507d5d47bfe4db184dbe094b,b718693852ae56840433ae7f3710e49a89c21e93a5f818ad88ce9b2820f7a22e
green-water-cab-view/0265,green-water-cab-view,train,0,2288,0,2071312,0,2288,0.0,0.0,,,,0.9620779680516837,0.0,,,,,,0.9623661986292579,,,,0.0,,0.9680093660627112,0.9268243149933795,,0.8963862648073174,0.9021556526198518,0.624846484494934,021d832dd111da4e3fd13f74b2531f5a87481b14073f6b0ac4a5a1149c442820,ee51403528cd8ec8eeea2c81f9e4b41eaae0496ac53ebbdeaf38f6f511c45009,86269458bea3d3496cd5fa6dc68dddcbbeec2bb6d2f46a105c550ac0727d87c2
green-water-cab-view/0266,green-water-cab-view,train,0,0,0,2073600,0,0,,,,,,0.9640397211071202,0.7696324143692564,,,,,,,,,,,,0.9876354188414874,0.9464087203557312,,0.8849808985571307,0.7954222872917063,0.8788329193305371,1b57cba93cf3601d156721ce3f759bba69f41268fe5b975191c86fbff322be98,b57e3716ffe62a58f7111bf46af37413badf80d0ecc178d2c7b52919b30064bf,e9f8f699e03cd590767021bf804ffd03b867c6a1b33d0d6c5496f9390777b332
green-water-cab-view/0267,green-water-cab-view,train,0,63,0,2073537,0,63,0.0,0.0,,,,0.9663959327918655,,,,,,,0.0,,,,0.0,,0.9888501187791805,0.902162969698938,,0.893929534256763,0.8985494992766285,0.7298629523133799,9b17276ea65c583df9303ed986d88d187c963d9ed6bf0b5700396e0de25190c4,71df9d1285b9ad09eb96265be443e2d18e28a00ec69a0f759a6d3989f1f4d48a,c69a33446ccfb6646e06886d4eef52a7804dac9781ae22fd41973541ed6886b9
miscellaneous-flood-stills/0275,miscellaneous-flood-stills,train,0,3968,0,245728,0,3968,0.0,0.0,,,0.0,0.7960302749459376,0.28424497428705003,0.6626016260162602,0.9708729294771838,0.0,0.0,,0.8651921413567281,,0.36879432624113473,,0.0,0.0,0.8538544340481907,0.9912001632711862,0.0,0.6297671617824167,0.8034356947400426,0.673586589577432,61c2965c3c11954382ff9e9e06c34ffa4996a9a48b46aa7f5490049b85765bca,f4155b4c85702af56db693f3f999b74f08d30680a34733c864fb141f6a3f8c60,67a4718f4932c97b73a67cd9b857f020d3607d3032f463cae9dda45b956a15df
miscellaneous-flood-stills/0276,miscellaneous-flood-stills,train,0,0,0,920880,0,0,,,,0.9055288935638682,,0.0,0.0,,,,,,,,,,,,0.9511336386820102,0.9806762241989809,,0.9036640198985937,0.0,0.9389912459283387,85d7d06fc795f58f6e51ed5e91c5d5d8ab1f41194ab44f3471da41bdadf45973,b9c514a9abc72bf370a67587f1c41ec3e1c7769276c383024395b7a22ca7be38,344f45374ccdd977d38d8da5a7130f5929198158c3674fe1605269d613c71e6f
miscellaneous-flood-stills/0313,miscellaneous-flood-stills,train,0,293471,0,1780129,0,293471,0.0,0.0,,,,0.9370433458747481,0.6283572398323594,,0.9855812142160859,,,,,,,,0.0,,0.4062415408641333,,,0.9465195468535132,0.8971175520491295,0.2592932399356558,74272d0a74c881e4e18e9bf6000c065a51519bf7c05acb3c8e912f075c3b5ddf,c3e7c0a88b0198168b7659a591eafc02b94abdbacb436e871eca4779200bf186,8c8caebb21d63e72efbcaf7cb5b64706d828ae5bd4cdfae412957f292750bd0f
miscellaneous-mud-cab-view/0173,miscellaneous-mud-cab-view,train,24005,326,22292,2026871,46297,24331,0.5148746326920189,0.9866014549340347,0.5185001187981942,,,0.8795434452203801,0.7473274183077256,,,0.936124969330171,0.0,0.9186635125694045,0.0,0.0,0.7640990371389271,0.0,0.5148746326920189,0.0,0.9678782417439092,0.9963105812151484,0.0,0.6458899811754863,0.8241364824788548,,f0ca7b2f878f2a5e167e558097ca517d126cb474aa25f5b0ec0fc4d6b1e57432,b968925b81e441c3dc638759e4923b6ad0ca44e3896210a4c69b136305b9eb89,0ef70db40be96870250981f966a1e7dff68580e8153674a3805e6450b7821e35
miscellaneous-numbered-cab-views/0013,miscellaneous-numbered-cab-views,train,0,0,0,2088960,0,0,,,,,,0.9836318974297525,0.0,0.0,,,,,0.8252403846153846,,0.0,,,,0.979230746939671,0.978524772481634,,0.8875221488919134,0.9273218204704075,,cdc7c624979074f91663aae6c612b6f6c370af9ca88a91ba076c2bad37e6c319,5566ae6fabe4c0bdb27e7217400a18101ccd23bbecd3e8cc415f9ed41cca7115,d474b47462d1aa859cd77f02c7029f248746a06cb8550c2ea94c035ed42c2840
miscellaneous-numbered-cab-views/0014,miscellaneous-numbered-cab-views,train,0,0,0,2088928,0,0,,,,,,0.938026184951939,0.6288500636931929,,,,,0.0,0.9656350746441742,,0.5004269854824936,,,,0.9600231960767518,0.9575784671347429,,0.8501755629288407,0.8476462682894512,,00a59e617c6d81492253ece8ef06493164bef224314ee99156bc01663f8ccd38,3ba891a877a2984212cd387b6a1eca2332a40b2a757b57c0248ffa03807c605c,1116848ec22a19b8cce10fd1b7262fe00ac4fc2ca021987b555a71630596bad6
miscellaneous-numbered-cab-views/0022,miscellaneous-numbered-cab-views,train,0,0,0,1931319,0,0,,,,,,0.9616871062962175,,,,,,,0.0,,0.0,,,,0.9857849620377174,0.979903666804949,,0.7323803699740101,0.9579235483624186,,34431340589d77bf879a5d44b35f1ba4ee67944d06302e41751f49b52c7cd6bd,601f45356d35a2626927e94aad629de30fc2805b197f3f27a60dd2cd87622d80,72f662a5b108d2aa47cd69107dc3bb20067d3877c66da8665d6f2f3ad2ed415f
miscellaneous-numbered-cab-views/0023,miscellaneous-numbered-cab-views,train,0,0,0,2087873,0,0,,,,,,0.9356898832274346,0.7144346333088055,,,,,0.0,0.9568005941382922,,0.591304347826087,,,,0.9617198720386568,0.9564424906853941,,0.8566853482786229,0.8034910748875048,,4dbdaa16ac641963e653bf5fa8dce1b9b05b89b3a3d10f8da2e3c9c38deeee7e,03b59830b108e9c2dc87a79168457ed2a8be69f44abafae8f6486184598ecb19,a3282b08e18fcd3ec240b8fc270e1a8335ba76c0a235f64466cea300ceffda16
miscellaneous-numbered-cab-views/0024,miscellaneous-numbered-cab-views,train,0,0,0,2087739,0,0,,,,,,0.0,0.5067004400922637,,,,,0.9060431081686495,0.7607747562852745,,,,,0.02047926580557444,0.9952781424120699,0.9961194510835997,,0.8270710153220167,0.5377255257820006,,35db7be7064f509351e3627b33430eabc718080e493e83ad1551491d62e1f113,e3c3c38776bc33b723f23e1afe17f11dd1b9be409c25e6ae796447766a6b56b2,eb44e6de0e1d7e34f3a7149fa334667b8f72dd74fdf0c88486a5e12652fa52e5
miscellaneous-numbered-cab-views/0030,miscellaneous-numbered-cab-views,train,0,0,0,2088960,0,0,,,,,,0.7928453962563979,0.6727542817196784,,,,,,0.9191053340359506,,0.0,,,0.9133093619590037,0.9804279702620067,0.9447341875389007,,0.8760426386179206,0.8002117402652746,,a88a70e7bc9e1730883e2cfef16954b7c5a6ebee797dfe8205837e1e2f9cc290,d0384c853c39b8e3b218a40e21a03110e8eb9368264b796d43fe35330caa8f52,1aa0702ecd3787c452f2ae9f9e3b2826fb43c3990f38c97bcef6876e2c445467
miscellaneous-numbered-cab-views/0031,miscellaneous-numbered-cab-views,train,0,0,0,2088575,0,0,,,,,,0.6565445393069457,0.6900974400974401,,,,,,,,0.7008303484207099,,,,0.9907936225125126,0.982179422086581,,0.8770429734334574,0.7981785669730111,,582a1052402234b092c9e8f0eb985ba78c3b1068c2ae8c12c805aadd11584b0a,eac752094ab94f349e6d48690930d8ada3181efb518c33f473c5388d2ce23c74,494c74558e272a92cc638e31fed466f4f78612daf34c8bfd892be0f997678c08
miscellaneous-numbered-cab-views/0032,miscellaneous-numbered-cab-views,train,0,57202,0,2031758,0,57202,0.0,0.0,,,,0.6378160112359551,0.48006838138161473,,,0.8470313482439594,0.934278388786046,0.0,0.7945173765037771,0.0183843198288021,0.753739837398374,0.0,0.0,0.9077528464375182,0.9676172218450546,0.9609756097560975,0.8476699207957267,0.573938181009562,0.8560421766145735,,1bdac9a6b7ef8988de21ddaa678ad8a54e0a98f75bf8ed86e61e0f50a7a6c16b,1fe12468826aec7019e49ab44aa6f832aac76a9576018cf252bcfd26dfa6c329,c7456e99d5aea9ab49fa8ab3a3861182a05a5fd1e2fad632b31975f99fdb15f5
miscellaneous-numbered-cab-views/0044,miscellaneous-numbered-cab-views,train,0,0,0,2073482,0,0,,,,,,0.943437260298696,0.9071835776941369,,,0.0,,0.0,0.9352343940514115,,0.5597441938741164,0.8064516129032258,,0.0,0.9669853247651076,0.9961054915183356,,0.8739007338071301,0.8645842503456597,,bb02fd705ac7b08fb3ae7c618b46f5a9da4ef32b590259233156f5fee831aacb,d3844dea10ab96975316c1574eadb989106b149d9b1fafe094beae7e9c50ec59,99b6d249abc9d4eb67d79d31f71b968b972508475f29c96462a64e1561ee1d1a
miscellaneous-numbered-cab-views/0045,miscellaneous-numbered-cab-views,train,25730,402,25490,2021977,51220,26132,0.4984309015536012,0.9846165620694933,0.5023428348301445,,,0.8203013199413359,0.7483304476873609,,,,,0.4414633508537957,0.7952037027618127,,0.761962447001817,0.0,0.4984309015536012,0.9099975248545852,0.9434799464163024,0.9885439905810118,,0.8749913620344136,0.9325681966253411,,8a2c09c50911afe45e05157fb8602cf7345aa5cf6f005c3b76f7c0d8b50f36c3,a820d863d1b63b281c0ec5f7e11041e0e68f73f39d613cc757bc489e1e03b351,0c58dfc6e3589bedaf84fa4edb014bf5bf1d6ee3a0a6886a738f21248566960c
miscellaneous-numbered-cab-views/0046,miscellaneous-numbered-cab-views,train,34386,2756,4279,2032179,38665,37142,0.8301586151951909,0.925798287652792,0.8893314366998577,,,0.9524509713823589,0.5875453446191052,,,,,,0.3853564547206166,,0.521763085399449,,0.8301586151951909,,0.9882214521469139,0.9813681399980438,,0.9095199839325165,0.9545157296316964,,a1bc04fa20bd623f99bbac759e22dbd90554263ca7b217cee49ddc9fedd59da2,550d403c2cd02d480d3ae049a478b103700ae04d047712fa0e5187f9b0fd5068,6fb557aeca522cbbde36be6ef6164894fb6e525b85a126b36a7f5bb29f3f8fcf
miscellaneous-numbered-cab-views/0047,miscellaneous-numbered-cab-views,train,0,8,0,2073592,0,8,0.0,0.0,,,,0.9133137673425827,0.013040081433647138,0.0,,0.8755548978987866,0.0,0.9735273462256556,0.7371022342586324,,0.8053609756909202,,0.0,0.9163135593220338,0.0,0.9881493274855997,,0.8228975904854009,0.9211220493017936,,b74e6210f53416c45a93c3fb1a022de2cc33ed02723512634c739624b649276d,52518430666be87ad030da35871a2439ebbc09260cee1aaa6bf65be527c77193,c6a534eda3bc88c4281bb0f432590db0c48298e568ba52a09b7e1d3814405160
miscellaneous-numbered-cab-views/0048,miscellaneous-numbered-cab-views,train,0,0,0,2023939,0,0,,,,,,0.6505438222938367,0.6826089280940925,,,,0.8512,0.0,0.7424651729434821,,0.6663741223671013,,,0.8669271431854746,0.9667323494692553,0.9935109673790776,,0.8055156188733499,0.7710404288206015,,f912ea15971bc82b19029b9aad152ec1934e74e2a32d29934c116cdd7409125d,207a7f72a12615e89d5f214f068689216c6d434bd46045ce97046eadaaf814f5,a27217a0ee3086b4948b56981b7f5d5af43e8ea4388e06b68a2f64018faa43e9
miscellaneous-numbered-cab-views/0049,miscellaneous-numbered-cab-views,train,0,0,0,2023841,0,0,,,,,,0.921080282383845,0.6742673760662107,,,,,,0.8011087381287773,,0.9081062880552204,,,0.8143712574850299,0.9785095410810276,0.9945285028524739,,0.8124494745351657,0.8508679131223282,,18e4e59e4f1f16790b92171327c69eba67d5364edbe5a933d052ee78b21f9557,d8c2a5b6f12b75c02efc4512cc0c2efdba9b29f877cc7842dbd1070c4cc562b6,a05aab3e1d244d5006412ee47ee14193b5b43315e87ee9512559fb96afca45d0
miscellaneous-numbered-cab-views/0050,miscellaneous-numbered-cab-views,train,0,16,0,8211607,0,16,0.0,0.0,,0.7476948868398994,0.24823321554770317,0.97207951261251,0.7007552432830715,0.28841339155749635,0.974607704900252,0.9218668141335351,0.5375091865000848,0.9642537301938314,0.8329983983888399,,0.7356986558299469,0.7554254219772649,0.0,0.5899921282933831,0.9023888398115429,0.975278550241581,0.0,0.9071176064838765,0.8934378959890351,,33fc6fbed915cff715396fc229a8e0da423ed1d84e76cec2dcc2a28d124be983,a9c086f93a23a8995da1495bf54ec1a377ef02d5932b137a3002f7384f45c4b8,1ef3bf965c9de581750767fe4850606d71082c54f587a5994e2973309c73d4d2
miscellaneous-numbered-cab-views/0051,miscellaneous-numbered-cab-views,train,0,0,0,8212452,0,0,,,,0.6666666666666666,0.26573787989438796,0.947460927593378,0.7911240959036896,0.8251497005988024,0.0,0.5597733711048158,0.5334170223449661,0.7983104116261686,0.8610372006967083,0.0,0.600656498346414,0.9320711913560036,,0.9080958797897085,0.8788681380121146,0.9829825067512585,,0.8736971663800932,0.8752688658720615,,a29169723725172c5b690fadfa30cc7cf76f7eb2328590890c3c828f7d3f20bf,f19c28ac63b6c849df2da22a96db0a6b720006896d82875ceff69a43205d2023,32c9b2b18fa634d7e336d4ba05e26b4b502ddb07fcb060499d6f56669375693e
miscellaneous-numbered-cab-views/0053,miscellaneous-numbered-cab-views,train,0,3,0,8119781,0,3,0.0,0.0,,,,0.9780094729659214,0.4175554262814298,0.0,,0.0,0.0,0.7843022815948467,0.3753451753784689,,0.8937806899382709,0.8344316309719935,0.0,0.9135708860063496,0.9505677062888377,0.9768393194876438,,0.9227724259263232,0.9471186085618033,,9e09a858819a1882bccc4f5b7cd52bca20f66b1052a3c5191dc459062ae69e81,70a16c903d27ac00306c86f14141f728ececfc9dc4e320ea99148e50ab77339d,4680c3816357f1fe18eeca9019b4978504843c6a69f9129d609a315c77412dc5
miscellaneous-numbered-cab-views/0054,miscellaneous-numbered-cab-views,train,0,36,0,8175618,0,36,0.0,0.0,,,,0.9478316440029445,0.7082481254260395,,,0.0,0.0,0.7771769832943265,0.9043402869003205,,0.8100673878449103,0.8897231346785547,0.0,0.0,0.9827640812894243,0.9775655524440358,,0.8713832941417033,0.951606621865268,,ac828e814ea477c826e95def13cde08680d0a05dbe64cde8303472779d31fce8,ea34de2ac35692d4e015602569d70b94968ad6bdbb3c7aaffedafab451351ee1,2f6135e5543f5b9d06dde6f6c666188a0384113c4f70ed74a95419d00768d1dc
new-unmatched-2026/0175,new-unmatched-2026,train,0,0,0,2073600,0,0,,,,0.8689207966651228,,0.9328926707125578,,,,0.7967097532314924,0.0,0.0,0.8612001007883086,,0.6683357176919409,,,0.46387992705849346,0.9192706736370884,0.903990309673448,,0.8427848060046566,0.8946810177540467,,c81bc0c590d9bd6563e2e11176cfe441dc0920a5f9cdbbea9d32b36a51347b86,e567f1deccb42140b8e6f7f671b1b6b71cab015fd5065dba841e709332e19b53,703a0943f193ca1622d6fab942394eec8d2a0aaa7bf6997d6087f1404cf4dd8b
new-unmatched-2026/0176,new-unmatched-2026,train,0,0,0,2073600,0,0,,,,0.8128706998813761,0.0,0.9607001342421158,,,0.9822549852079807,0.6136363636363636,0.0,0.0,0.7181984175289106,,0.6458781362007169,0.6260869565217392,,,0.9585784105655069,0.9888791180096079,,0.8782525758654505,0.9074778161671816,,fdfba692303712b2119a1d725763d74b54fa20defdb3415916105955f503bd9b,bf61db99763dc894604525d3f039b209cb136d83f1cd35b7655768228102fad0,141937f3e9faa6f59d17b7b92d2324b76e50fb62777ec5766b912ef201745f1f
new-unmatched-2026/0177,new-unmatched-2026,train,0,467,0,2073133,0,467,0.0,0.0,,0.8647409841736573,,0.9456094121140143,0.0,,,0.0,0.8681990265008113,0.0,0.004966887417218543,,0.865725839729306,,0.0,,0.9869832751562625,0.9942518073305172,,0.7321278385197645,0.9360106258301429,,92fdd6e752f0a8493a8a0114320f0d3adb209985cc28a17efef842ce5c887b26,4bd80258418635ffe4fd02e59e7e743a04d3ef8362742a3493154f57d54ca4c1,4e7cbd95437bbef9a8b2ab661b957562356c548443ffafd4fa3db9d7cedf2ec4
new-unmatched-2026/0178,new-unmatched-2026,train,0,0,0,2073600,0,0,,,,,,0.9019140001388214,0.0,,0.9811164446464244,0.8623803009575923,,0.0,0.6307365188116473,,0.3964936751479005,0.0,,0.0,0.930010051824571,0.9725526084515927,,0.763458516934636,0.920251003414605,,bcfbb199baa79a77d97dfe9e368490306a1c84afc0dabca15e0dae262f2a945e,c0720faac0cf1b752740879c16180ae323eda041ad52f9878faa4a44fe5fdf85,184560337d16f670b1abd9c8ea42933b5ac14193c6de2e08627cefe361cf1b89
new-unmatched-2026/0183,new-unmatched-2026,train,0,0,0,2073599,0,0,,,,0.8542114918578579,,0.967367264330723,,0.40616966580976865,0.9859043534808514,0.6700921332388377,0.7979625842611527,0.8962584277516887,0.8371912797187958,,0.7780204289147716,,,0.0,0.8701670326745192,0.9844494482476369,,0.8278832199332793,0.9319399241587292,,60f737c273e283351acc6efb1ba0704e0827f47b77fdd8695a5bd891f5dbab4e,291ed9200b9c9d9d1be97ae0e9b2cfb2da0843377519c6b9e5e806e193e1071c,4c845426b84e6236e7c4c8a6f11ab2b0411739a4a60c304f2a83a8aaac0442d9
overcast-mountain-stations/0214,overcast-mountain-stations,train,0,111,0,2062886,0,111,0.0,0.0,,,0.0,0.8591691423404805,0.6023024594453166,0.0,0.6286412328509678,0.8317805383022774,0.7641517927962305,0.268348623853211,0.529312904400437,0.8950366277626024,0.7571059639088926,0.777993079584775,0.0,0.5427668278170323,0.6946311269514773,0.9554655387209154,0.723245704823018,0.5642194144274588,0.6826972358489665,,fcf5289b197c7f0a48d5f375c13e6c090599b238c68ce299010e0babb86cb7e7,d66cff571333e436c6a9212058e636e2420673e9fa861b9fb9c61d3cadc245d5,84b3a97afa0f3d66531580cc264fd29ffe590054203b9f03c35eb54701e4bda5
overcast-mountain-stations/0215,overcast-mountain-stations,train,0,0,0,2072956,0,0,,,,,0.9121286263544215,0.9470529211846577,,0.8290745856353591,0.9603128546704807,,0.0,0.596695615335734,0.846248343713622,,0.6805656672623381,,,0.8952659083922533,0.8934068865055063,0.980104987576026,0.0,0.7733764345699283,0.9151305615301207,,a4ea3527469f92f7e01c82dbad4e004af29e5a534ebe1ed94e96185736126eff,854429faa83f8da4db49e7aad63e0ef178c079e045e63a5be44bdb3fcd0af9f4,69cf4a566bceb24722eab102898a0ce5597e6bfd584e57f7af2acaf39f2e3794
overcast-mountain-stations/0216,overcast-mountain-stations,train,0,107,0,2068010,0,107,0.0,0.0,,,0.7632520325203253,0.9502850058524895,0.8006239364719229,,0.9136359706009511,0.9284757866547646,0.8289255987985847,0.8727521056225814,0.8093922651933702,,0.6120540685841558,,0.0,0.0,0.9883519725718929,0.9679613363385687,,0.8078033111543153,0.9634434623208522,,39f23d5418cbc5c465dddc13feda5ebb78e7eb06be8eacb3a5acb0256a95f409,484d599c7a9c73383e03fb6ad49561d2771579ca685ae29f0f30e4be25d04b96,b356a8ff81893ad557bb21412d2c61bb5ad51b9d3dd9106d265d5b5c2f9d00e2
overcast-mountain-stations/0217,overcast-mountain-stations,train,0,0,0,2073600,0,0,,,,0.39170086639306884,0.7274099796180267,0.9735618375927613,,0.7824784724822164,0.0,0.3523809523809524,0.0,0.95272718387635,0.7382442894007455,,0.7816915527884768,0.580110497237569,,0.8551299153473778,0.9237401866210428,0.9587928291394273,,0.7912736484665552,0.9193297375658217,,014ccb7933ce4cc405469bff1fb36825df54553c505c185a5c2b9ca46750aa01,aa3b2a2139a82a89c2ca14efdb1d56c34c50fe2cbd36c733edc6aeb721cead1e,c3018a3b925d948c65a4d620e28153588cdb0ba0bf97512dde3272f437f25c8f
overcast-mountain-stations/0218,overcast-mountain-stations,train,0,0,0,2072152,0,0,,,,,0.9506105744168765,0.984984819968953,,0.775377969762419,0.0,0.0,0.9081565787204691,0.8324998831611908,0.9021697265374246,,0.8979229931152786,,,0.7994306592248897,0.9514647070487738,0.9624413675541733,0.0,0.868132530120482,0.9609121610325342,,7d192a396ef667bb5f346b4419b19250547fc8d398f9ad1541087e3b71df732f,5a08d87d4ef25c8edc375b184d40fb21715f14fe709bd157766f55da6db5be90,00bd05820da6997b05370de727a36cfdb458bacf029fcfacf2bbbfed79a4c981
overcast-mountain-stations/0219,overcast-mountain-stations,train,0,0,0,2067823,0,0,,,,,0.0,0.9509987515605494,,,,0.8518406148867314,0.9551141619200623,0.8234325696254631,0.9630975745680986,0.9664401147862861,0.7401866921972236,0.9129740518962076,,0.7515120352779182,0.9573347976864812,0.9956667060486991,0.8927188709878856,0.7470846260832352,0.8973925985288645,,217eb3ce4240bbab2cd912c73d871881db741d3f99a15000d1343139afbeb72c,5dd19a743ac1e5e12f6fb63c62e75e423f24b6825f5013be4daef1327de5b91c,f09c345ef9e44362da2263173d02234d890f5cd7a8287f2b25ad4dc9eb560620
overcast-mountain-stations/0220,overcast-mountain-stations,train,0,0,0,1926688,0,0,,,,,,0.9535428524292667,,0.7823255813953488,0.9752708718720143,0.8669275929549902,0.7914530650928359,0.321907722513089,0.8083871618893823,0.0,0.8235193133047211,0.8560885608856088,,0.5750507099391481,0.9656313329748956,0.9906635518289815,0.7446197991391679,0.8920691270369548,0.9288195155703042,,b998518e2d97c634c8c2c846bf7f07e5ad02688387f15d657cc9646d080b722f,a78aeb5c9b6e22817ec40a0d14a2e3b3369a6697165133d9a00b6e867bffaa90,bd48e350e4dfbc78641286bcfd7c066019073adb84e87347971973c445872c46
overcast-mountain-stations/0231,overcast-mountain-stations,train,0,0,0,2073600,0,0,,,,,,0.9765862409841467,,,0.9934931410382806,0.23553719008264462,0.9298467531595267,,0.537643932683791,,0.8204230769230769,,,0.7773000859845228,0.9476811218288657,0.9424449237570958,,0.8555730809674027,0.9749607099389084,,27cd78cb2b58647066724fd485237e2568caa02d648e8186d42928145e8c8070,e2756ab550685eb2f70de905f8a2f1b99510c181fc397402f3f807c8450880f1,d3c2dc58c160c8501505d180832464812786d0aaf27b1eff52e47972b324df79
overcast-mountain-stations/0232,overcast-mountain-stations,train,0,0,0,2051786,0,0,,,,,0.0,0.9706049443803031,,0.0,,0.8214327588228397,0.8928263870046833,0.0,0.7018703692548641,0.8505672609400324,0.6649721016738995,0.9218830301161476,,0.8661218676065858,0.9682034116733806,0.976588596567226,0.8052276559865092,0.8801428996725216,0.9499116840166861,,77b17d1922889f7c1d3d5c9eb9eb7abb5f53399f38433a493e4e0d9f6d369bd5,3315c387c153f722bf32fbe0bc5bfbdaa858f63464cab9be2c8c073d479522f3,a7dc9fc9f7473f2dc367e8b010e0d693653af74cd8b99860d5491f870a016277
overcast-mountain-stations/0233,overcast-mountain-stations,train,0,0,0,2071895,0,0,,,,,0.0,0.9661418255001776,0.7662551440329218,0.7787043931496649,,0.5241545893719807,0.8629896971727039,0.0,0.8956143022476701,0.9422030315297081,0.5519145360700997,0.9120135363790186,,0.8640418518854517,0.9249801966357579,0.9801115011500627,0.7666875915463486,0.7959619698750133,0.8277944325481799,,ccfe0f6097d8c9ab6aa93e8322b418afe7878378f87ebfaa7638f12f8605381e,3b67554f9922cacbbdfd34af50631afad68cbcf60e66ebde1584c6133fe36a61,805ca50134314f6f8b4bbd9ffca1c8d05b6e4f8a9de530c5beda7dc0c8673e96
overcast-mountain-stations/0234,overcast-mountain-stations,train,0,0,0,2073600,0,0,,,,,,0.974204779237221,,,,0.6772228989037758,0.8635295088052131,0.0,0.6187313750532142,,0.6973500197224514,0.8758512310110005,,0.8409459146670781,0.981264518056541,0.9937153617358184,,0.8071594877764843,0.9413929806534724,0.0,709cbea54e2cf9800bbf3d0c032a4ecbdd34ac081630e119aea5e897a39808a8,9f031a8f85e736e4469eff85abe294ba9b7cd9f12c496873f486d04a6bb80267,d601396d4c62e0f4a510ac7a2cb514aded6a8223e788d3bcd7a56ed28ed84a2d
overcast-mountain-stations/0235,overcast-mountain-stations,train,0,11,0,2071376,0,11,0.0,0.0,,,0.0,0.822998395149786,,0.7080808080808081,,0.6026200873362445,0.9358558055759912,0.0,0.9036574355027308,0.9219855944622868,0.7868156189070981,0.0,0.0,0.7190949546321447,0.9406912673234262,0.9799628679767768,0.7358482042014909,0.6724682169644667,0.900127149711825,,468c69f20ee4665d35f34a795d6f47eaaff96dedee7864164a769f063403427d,727abdd8767871d43483380b4a639a89408335f221c2798f071ede7d71cbcad3,57bf0d681120c8c1c65e43326cc41d479c4a11e9192c9ef718f1fd48b9642a5c
overcast-mountain-stations/0236,overcast-mountain-stations,train,0,0,0,2064486,0,0,,,,0.8438687392055267,0.0,0.9571291866028708,,0.0,,0.46755407653910147,0.8878436738358917,0.8398101556342724,0.9515908454301297,0.944623629236342,0.6783452568785527,0.0,,0.6511162655842273,0.9063262216774958,0.9829120546403421,0.8370103556956326,0.8153054998692583,0.9135977918888059,,7d0f48496493980d7a6b226310064c37f280f0d3d8723af88c69108db233c6e9,357469e787079530c7c4af0fe3afad136d2be00a3110c53be46d1dbb7f58abff,8c2909efc0ef7cd34c91d74a66fe707f3653666f15674dc02d02f83f50205e14
overcast-mountain-stations/0237,overcast-mountain-stations,train,0,0,0,2058396,0,0,,,,,0.0,0.9381884944920441,0.0,0.0,,0.738045738045738,0.8436577528457055,0.0,0.7278063851699279,0.9380945767655023,0.697247815349544,0.8854539537910836,,0.819045332609626,0.9444651979362676,0.9890451461954932,0.8219394298115813,0.7894110648423558,0.843465463648117,,d9eebb905aa35607b8a9ee3cdb0cfd1d4a4e368e77135f92e804f42440f333cd,b1eec86e60b77ba128bbba833a23764f54d112d408858a88b1250f02d7da05d0,2edca47c1c4cb4fba81b4827f845387d2d021448accc0f9ca22eeb6736cbe49f
overcast-mountain-stations/0238,overcast-mountain-stations,train,0,0,0,2073600,0,0,,,,,,0.8124444773467575,,,0.9860883219285438,0.0,0.7953149001536098,0.8643067846607669,0.8802304220624589,,0.6974155960561697,0.8042168674698795,,0.9796643938987216,0.9652405822869208,0.9885674078541538,,0.6844074221867518,0.8111845002201673,,38d3daf79fb1b3f1c4c8c5bf74635d5954f16b3c5be5297e9e5ac9b077259d42,0bd106de9c902a9bc8006dd281b20d065ef8b5bfdbd81729dc77edc4d0287715,53294be5f325c70da000220cd2595cda8777624db1bdae0bf91cc0ab1839e2c3
overcast-mountain-stations/0239,overcast-mountain-stations,train,0,0,0,2037432,0,0,,,,0.865506230041951,0.0,0.9709180484576638,,,0.988704401277248,0.4144404332129964,0.0,0.9609302620501132,0.8793548910335879,,0.7811597606974592,0.0,,0.7992711285937409,0.8578528084177802,0.9777149855328537,,0.8161559888579387,0.9209074270736832,,a48c958611d90e4471af958912e453f589b8b5533315c5d59ce81b77a46a7bfc,7b59514cf69597aa4f2cce3764a3d0af51710e328dc3d85c3976e4c563c3ecc1,424b24c185327fc487a0692721c14cfd20b58ac5ce55f18ac36c8009a49ca26e
overcast-mountain-stations/0240,overcast-mountain-stations,train,0,10,0,2073590,0,10,0.0,0.0,,,,0.968113358044386,0.0,,0.9760657981869884,0.6319921491658489,0.0,0.5146579804560261,0.9106840879359306,,0.8264617915358158,0.0,0.0,0.5056837754047537,0.9687566083905521,0.9454468480365984,,0.8788172626897318,0.9369647522857176,,8b51f499144ba83986ae26ea615d1f3e8da062613143bac5e635ab5684f8c914,99709ace9ed244e7aac8df6f8691255f3bb94e3107826bf9d3f678400c6ead23,54cf30afc6c7a700f9b1896d862fd50f8b37501f5b5e1318635e143fe770351e
overcast-mountain-stations/0241,overcast-mountain-stations,train,0,0,0,2054583,0,0,,,,,,0.9644417524732485,0.0,0.6124031007751938,,0.8387698042870456,0.0,0.10948905109489052,0.0,,0.7547460353941623,0.9327318410232983,,0.8802162460785667,0.9344884302474671,0.9722968094564679,,0.8955709477087405,0.9593128290385148,,3625a2c4d4e9f8f3e0165e6dd90494d2791acd79e6142389e4a17e9e72601af3,a18c6013db023e74d3f18197e3c928119a026a0643711724bc334d3c6663f66b,2816b8f7e4599131fb2158f4ab173c4247e47e1bb9ee36f418a654663d13e886
overcast-mountain-stations/0242,overcast-mountain-stations,train,0,0,0,2064724,0,0,,,,,,0.9810759448707019,,,0.9297987203850681,0.0,,,0.5804387568555759,,0.5869789685343187,,,,0.9776063532135292,0.9863442086941921,,0.8800132755729457,0.9446687355494375,,ded050ca71f820d730759226ffc1d2274e07ef4601f63b34c13120c7ef05161e,eb2b02a061e3cd39e085fb56063ea4abf4c835ba5583526332833e0723c0d442,cd9e25a426df9a427bf43704a02820089281dfaab49401303387f1f50102f3c6
overcast-mountain-stations/0312,overcast-mountain-stations,train,0,0,0,2073600,0,0,,,,,,0.9304084473346528,0.0,,0.8103302286198137,,0.0,0.8078661061514966,0.8204358479237996,,0.7875490680960465,,,0.0,0.8664967120702347,0.8852282079302761,,0.8200923509335475,0.9300042369336474,,5443a27572d1805ca781a25437ef08d1d27ac70239d96cb52f50717ff14822c3,b7a584f428c50f605f7f6cf81f78b931a71df4e8242a20fa82991bce28e1f9f1,8c76112a8651e526ff27d1968af9daea1ecefb993932f48f13a5218322e76812
rain-water-cab-view-with-overlay/0268,rain-water-cab-view-with-overlay,train,0,0,0,2029558,0,0,,,,0.0,0.08322307488753639,0.7845051457151101,0.6497242444297375,0.7112756264236902,0.0,,0.6449308560278273,0.0,0.9814382804282747,,0.0,,,0.0,0.9696610468881867,0.7879817266018507,,0.7212669683257918,0.8296405048287381,0.0,7a53e1b4c0a64e0b30e58ab9db89fcf98ce95254700008d25f5394d06f97a292,23a6618e87555de6cbd8e26e944af51a428323c138f0f4bdd425e1c41c6ebf5c,5040194d10a16f01e4fc135a8c5dd754fd94eae1420f64791c3743e546947574
rain-water-cab-view-with-overlay/0269,rain-water-cab-view-with-overlay,train,0,0,0,2054769,0,0,,,,,0.0,0.9677793144694053,0.6761497481245243,0.5202797202797202,,,0.7891938496910476,0.12169593755543728,0.7540034000041975,0.0,0.556884948189296,,,0.0,0.9767064122604177,0.9923085828765296,0.0,0.8409725532929238,0.9223330152313253,0.0,1100c1ea54949235b635d2def045d12f73d290500eb308c1ce83323f8600862a,abf7569acfa9b70797209bfc372ddce4a802e55f69e55594dc883d24cab15bdf,80bee74bc61d685dd7e557964432fa804072e2b5762ccf55ee6ae12363e1eb94
rain-water-cab-view-with-overlay/0277,rain-water-cab-view-with-overlay,train,0,0,0,2032606,0,0,,,,,,0.684811193096229,0.91027078993751,,,,,,0.0,,0.0,0.6862745098039216,,,0.9888298423803806,0.9037199381182317,,0.8105758140360216,0.0,0.6013025679196129,ca57dfd0f80377755014a88660f5a17884651b8fc20abd7455c72679bd8bb09f,5542b12fe43765140207071f9c0e4692ea5687467fc0d4d502d4e96bd01a76f5,de10592650563188e368d5dcae5c6c10801a3362772e71b0b948dfc317b4bedd
rain-water-cab-view-with-overlay/0278,rain-water-cab-view-with-overlay,train,0,0,0,2039559,0,0,,,,,,0.7040258378899057,0.8321835314975045,,,0.0,,,0.0,,0.6962421711899791,0.6894977168949772,,,0.9861755257190474,0.9508533342309893,,0.7325100088213341,0.0,0.7008346474864418,ae02105bf482e4b7269f687a6bf9420a5d1fcf5bf84ca910a716df519b4a66f1,f9d9cc36d418487bbef456deb4bd834ff96e352253bedc9a16b3f55061617ea3,ab489f9b45cfa2c6603909ca72394fb99b4997bb6c53ef8202ba35d0a6f1f310
rain-water-cab-view-with-overlay/0279,rain-water-cab-view-with-overlay,train,0,80,0,2054240,0,80,0.0,0.0,,,,0.7543162843478965,0.860057009392737,,,,,0.0,0.9386830178619034,,0.9116799749491153,0.8201946652797385,0.0,,0.9760996694635139,0.978020989289416,,0.8314685314685315,0.730979612133267,0.10631008951265333,41a8c3396c58a82a580a4b2d762d7a5813c5b86e025f72d9bc3ad2ba21db3545,75cfc723508e1a083341fb8e16648a7f892140dd4f2ab1043d614110da2558d1,a61742676c6b757112750c6c2fb17e4be7399e8e7dde34384483aaa20412710f
rain-water-cab-view-with-overlay/0280,rain-water-cab-view-with-overlay,train,0,0,0,2054275,0,0,,,,,,0.5128166389686257,0.8159344217334664,,,,,,0.0,,,,,,0.9908143226927486,0.9368540648570216,,0.7698227913594619,0.8560169283611384,0.43009555073568206,70a05bd99cfd467ea3e055a00e478d6e1b45acfa4adb761b94f8e266417d1ae9,e106743e4b56f6a000935339646381f74dd47b337309998f9c1f64e772dc2e55,cd0cc766e7c8510c767a79fc5295e3ddeb28fa883b3895306706c7f1c81c8fb2
rain-water-cab-view-with-overlay/0281,rain-water-cab-view-with-overlay,train,0,0,0,2053597,0,0,,,,,,0.829418076387462,0.8264189361160601,,,,,,,,,,,,0.9930457164707936,0.9388745096124107,,0.7519630484988452,0.7866927076460186,0.7000102595670463,a7da1f692dfad6e78cfde641dada58c6873c4539cb40843c04d9e3238e0235ac,0307bb1c875ecbe072c4937d166fb5c6179a715723a729d6f851102552edbb52,192a91ce87791630373dc603415dee00627f1a4e81d344069deaca4e97435bb6
rain-water-cab-view-with-overlay/0282,rain-water-cab-view-with-overlay,train,0,0,0,2053810,0,0,,,,,,0.7129094412331407,0.7802237015344105,,,,,,0.0,,,,,,0.9914933530488511,0.9135912477413926,,0.6634256711306794,0.9376948659322386,0.6578936051262203,f9741378f2d70f2bd7e5236fc50ad4936840f4c1561be37a810e2aba8983efab,c2f421c7de5534678595c101104109c3b656630b9d60fb9b35495a373e44edea,7861cf6f452256e4e857f7b2d38e1935ebb35e086e172d0592bf727cfc7df68f
rain-water-cab-view-with-overlay/0283,rain-water-cab-view-with-overlay,train,0,0,0,2054083,0,0,,,,,,0.6544165236232659,0.8585274325296616,,,,,,,,,,,,0.9931275150905433,0.977185477679061,,0.8051205349287348,0.14285714285714285,0.7044056116170317,50f5c438789710cc8a44142a41fc391480200cadb38493f126501909f2df6f3a,04b5fbb59ca9fdefb2c884a036413016e6db4df5eab65336733ce8f35b69af69,3a112526efa3993f8095c140115266cec3ffe3b96883e0b828fd13dad756deca
rain-water-cab-view-with-overlay/0284,rain-water-cab-view-with-overlay,train,0,18,0,2053455,0,18,0.0,0.0,,,,0.7622699386503068,0.7522766230983501,,,,,,,,,,0.0,,0.991660952453227,0.7984543714564298,,0.8552869768927697,0.8886351697595386,0.5497721518987342,43ee426aa0b2c2ce8f85dc51fb77e1d7b14c6221bf250479b4fc3db9938e1d2f,124b16930742b8657398889555a2a4ca0cd3a302b337fa75ca4b08d758b9ab29,14a9fff30be8263e83ba35b4e874e31ae19d3480d9ffaa2fbbbbaf9bd003a48f
rain-water-cab-view-with-overlay/0285,rain-water-cab-view-with-overlay,train,0,0,0,2054047,0,0,,,,,,0.7208492601142944,0.8654038259827181,,,,,,,,,,,,0.9819823545154958,0.8619898285568065,,0.7292091547699977,0.3587521663778163,0.3446388035785819,2956bdb840f2c86e03cbc88cc38600c415d72eea5fff4f468697cb6ad1fb86fb,7c817992adbdd24001302c811f1bdc3fd0af55e9c6cee7d75ee1ebab90d9ce52,ba2bf109d7fe258e75cab8f7b888ea772a44779b197fce5a502f3f772521d7c7
rain-water-cab-view-with-overlay/0286,rain-water-cab-view-with-overlay,train,0,0,0,2054089,0,0,,,,,,0.0,0.8677142020295998,,,,,,,,,,,,0.9887400363461204,0.8824059191930389,,0.8090874740222936,0.32721541512024,0.39818770226537215,65bb9a26ed2495d66bcecef26da2702eed5d5ef32bc6393785623c77524cec64,c5023a4e5a1ade5fe386facb5dd55efc8f17e3afa73682ad1f23e1e7f6e96499,b805afd260df6ab4b1ed1555f358dc41c0ffaeea2e02dbfddcf91bce54975714
rain-water-cab-view-with-overlay/0287,rain-water-cab-view-with-overlay,train,0,0,0,2054230,0,0,,,,,,0.7373443008225616,0.8327785095019612,,,,,,0.0,,,,,,0.9884571439352698,0.978398269614315,,0.6788906524099908,0.0,0.7844507209751747,e86117d8914772da397288df8ec1e772efd2441073ebe583809d2c492b5a8b2e,49c1380aaf9d4764c6f027260ff4e8b042c503f86f3393d63dba98fb7b567287,741f93826965af90a548d8194245ae2c2b734d58e6e4405f5203bdf2f445f6aa
rain-water-cab-view-with-overlay/0288,rain-water-cab-view-with-overlay,train,0,114,0,2027380,0,114,0.0,0.0,,,,0.9325272470118418,0.7535429285645611,,,,,0.0,0.9964752732872696,,,,0.0,0.0,0.965381433289345,0.0,,0.8087541009842362,0.7413990744540836,0.6111663652802893,edfc5f576a3fe8034173a9ff71791befd981bc683b089bc729fe555cefbe4b3f,18a05516eb56af5f738ece0bf1f771ff1da45279a794c9ca45f4549211644f6d,2e4c66a4b30b1d0d2ba3f4387c63034aa70267119487d04e1ff38be016c13022
sunny-mainline-cab-view/0124,sunny-mainline-cab-view,train,42001,2964,37370,1991265,79371,44965,0.5101232768567437,0.9340820638274213,0.529173123684973,0.0,,0.7565686309291517,0.5030430711610487,,,0.4318087029056027,,0.9381084771978601,0.9059443135213983,,0.7181291340859528,,0.5101232768567437,0.0,0.9135876937200427,0.9757765926057533,,0.4803069160359459,0.7903768310929146,,7401f5fc76b6fc6c255d1dd4039a55eb15e32ab20cd3552dcac7878a8a74eb88,9544d3a4d4f26ddcf2a101283fbc57247e7d6b9a4c2a4d1dcc6ecbc47866431b,22b9fbf0d90acf1426495ec5793d5cc150f997cad5d470ca243f1e1d2868864f
sunny-mainline-cab-view/0125,sunny-mainline-cab-view,train,845,23,34686,2006030,35531,868,0.02376666479158463,0.9735023041474654,0.02378204947792069,,0.0,0.7675932181048261,0.7185165059095232,0.0,,0.7656045395024007,0.7520634005377246,0.6430939226519337,0.5864221615294577,0.8890573892358014,0.6603722686808741,0.29591836734693877,0.02376666479158463,0.6999525538183142,0.8640809358253416,0.9933872680430317,0.7026736048806747,0.8255876136392575,0.8053369645715378,,b9b5845a7575d6e07a9bbc5c28a07e05557e8f29ff815f5cbf7248d75ec08247,258f3be8e12caaaceed243c728d350b639caa3c57d90a8ad103831ada0b7f6ef,49d2c3ad67fa1365d8d2de20e9d98eeaf10fa9e862016fcd3a34a5d59043c857
sunny-mainline-cab-view/0126,sunny-mainline-cab-view,train,25632,1125,8027,2036353,33659,26757,0.7368905243790248,0.9579549276824756,0.7615199500876437,,,0.8549951042369739,0.73620093761763,0.0,,,,0.0,0.9487358179248173,,0.7117946901261538,,0.7368905243790248,0.9688175445920559,0.7059386973180076,0.9793042346042204,,0.7820809585870179,0.8977808677980151,,a1e2fc892f0b131c74ecceb67559b53b91457b9cf91503592486c858fd335277,e27211315a2ae32a9a3ef1ca41e51ca0a0fa4f6fa09bc2a6e3ea542fe11ec29e,e292ff437dee5063312b42a983e079c755cf7c8060c7b2b4257357907b74ca00
sunny-mainline-cab-view/0127,sunny-mainline-cab-view,train,17681,559,7349,2048011,25030,18240,0.6909609597874087,0.9693530701754386,0.7063923292049541,,,0.8623293196395545,0.522867737948084,,,,0.0,0.0,0.950932377439898,,0.7516895538249506,0.0,0.6909609597874087,0.9372910899210499,0.8465541357483227,0.9736170343377573,,0.8306969157133351,0.9193283367441061,,0d4cde05aed2bd4fe2170c8e306ae84b426e1f4e3c8d7f9b0b0cb271454f8c9e,aaedcf88592ad3e09dd1013b51109aeb4e7c40f4b2d9226c243471e2f34e9ce8,99ea4e1d23ec34613ab4a7850b9c18bf957c0798b43e09a8038740f69c232f66
sunny-mainline-cab-view/0128,sunny-mainline-cab-view,train,15899,711,7284,2049706,23183,16610,0.6653971708378672,0.9571944611679711,0.6858042531165078,,,0.9057090505810309,0.6772712127138656,,,0.6521739130434783,0.0,0.6624881921928055,0.7729126918012522,0.026724673710379118,0.6578976395323185,,0.6653971708378672,0.7112217541171965,0.923055169755726,0.9875136456484613,0.03303303303303303,0.7832632236762332,0.8530266003045153,,24687c346d035f3bef72afba9b140f03eab022e4a90af673afe81fa9f274787b,c2fb729a44959c3f10648bb333aa2bfa0a8bf6c4779e7237ba1a4ca106ac5d1e,eafd85fdf61da95323ad624b40008d63426437a17ee63e698e49e5562a71b27a
sunny-mainline-cab-view/0129,sunny-mainline-cab-view,train,23106,2830,22145,2025519,45251,25936,0.4805640481687153,0.8908852560148057,0.5106185498663013,,0.0,0.8602862828166121,0.7058081512820799,,,0.6617924528301887,0.7787035902462933,0.7772008952409084,0.8193436723321847,0.8829887218045113,0.7655866443035022,0.0,0.4805640481687153,0.7184540765262915,0.9149664796098391,0.9849580364369314,0.6988636363636364,0.7554505813953488,0.7930360602249941,,e52ffee04497a5939bda202788429a87b3560377d2abd91af07b4286a26b89c6,0c3855bad8ebb48418e3eb7da192926f4eba3d0bd8a6c1ba206a8a0de118136e,934ad8d438456a67f0f7b27af98e4d991d59397ad262fa222ed4a7eb0a57d4bb
sunny-mainline-cab-view/0130,sunny-mainline-cab-view,train,24565,1827,2719,2044489,27284,26392,0.8438390986225138,0.9307744771142771,0.9003445242633045,,,0.9425404549492141,0.43141950547805785,,,0.8466479325572059,,0.9530885590680617,0.9345807810107197,0.0,0.6796871204391974,0.0009354536950420954,0.8438390986225138,0.7221102150537635,0.7870424905342869,0.9846314116333018,,0.8232636439031032,0.8562572250646381,,e0ef00001b7bf26a5b6122387465145d21b99c1296743b3f03e61660ac3b3c2c,9e56d793d32c98b488bb34adae6c07d0b0bd6f457d0f9aa68dfdc9a0a4542a74,f1339218d210a773b4ab2e54989a41617e9b6b051333af5f0d053ea766dc42a2
sunny-mainline-cab-view/0131,sunny-mainline-cab-view,train,10553,625,32799,2029543,43352,11178,0.23996634604452327,0.9440865986759707,0.24342590883926923,,0.0,0.7922342330393262,0.6085688649618664,,,0.22593582887700533,0.7440166493236212,0.6219172428026003,0.7639663993764149,0.47461494580718766,0.7479867449136383,0.0,0.23996634604452327,0.7946269615695233,0.8110448373981421,0.9559631910245774,0.19347319347319347,0.7298003098939745,0.878605841312996,,6ed3b7e372d8d5dc78b215af5af6f4653456cd41ece09177eab1178a747e70bc,a8c27ee277932c37a1cbb160b15f22866e20dd4aec146b5de86eb4603ff534fb,75f6f867d233b7420a57045355b6d45795befddd44e3cb406d949cb320753e19
sunny-mainline-cab-view/0132,sunny-mainline-cab-view,train,9057,755,4990,2058798,14047,9812,0.6118767734089988,0.923053403995108,0.6447640065494412,,,0.9283149659953088,0.0,0.0,,0.8422907488986784,0.670883897065152,0.0,0.8711762803234502,0.27753432661408123,0.8240701023347019,0.6660098522167488,0.6118767734089988,0.8817713913083981,0.7423742969275456,0.9632775871421613,0.08744038155802862,0.6824318947452187,0.8369567053973225,,e153b7e6bd960d596c08d639a6b6e83a0851899aff6c01d8e6bfbba8b04f29ab,51ec0f2f880b6d5e6d011aff4a6f35f79480042485ebc9db45b9e0c8ccb772ca,09b8f771461d19ae921d7dd1cbffe5aef460bcfc5117ca7861a798b77fb0a71a
sunny-mainline-cab-view/0133,sunny-mainline-cab-view,train,2710,3,2166,2068023,4876,2713,0.5554416888706702,0.9988942130482861,0.5557834290401968,,,0.8429232862671638,0.7315664288141353,,,,,0.8598527200524347,0.9731694306395852,,0.6806304611396797,0.0,0.5554416888706702,0.8375972889435073,0.7708132314010737,0.8984863441921684,,0.6913504343568899,0.8712454705676889,,f9e73f2fb85c57a08b9d33b0c1c38cfbd56bb541c4b32e14c80883c01757b91a,7b970b234bbeedfb2a18e0ce9e899a251b487dd70a00f183d3d16356c2b2478d,6651790e05fdcda5b386ea8abcfd02b07b7077bee9cf2f053f4005b386b87f59
sunny-mainline-cab-view/0134,sunny-mainline-cab-view,train,26188,1739,10023,2028484,36211,27927,0.6900658761528327,0.9377305116911949,0.7232056557399685,,0.0,0.9051832613575735,0.41134070158577607,0.5554718875502008,,,,0.7848706411698537,0.9128655105617562,,0.7369662542723728,,0.6900658761528327,0.785291142898425,0.9370815837929899,0.9874784900962912,,0.828684394512886,0.8670739986422268,,9e4b1e6f4202cdfc0d9ff15e1ee6eb32270e1c0e88b7b7842be2345e74dab6f2,810016b295ab6550cc7248033bb01b9032302ca875b032e9d08005c80b18156f,160e500d9122ef18e9b910d17bcc438b8887faddd626efa629a7a7b137395ee5
sunny-mainline-cab-view/0135,sunny-mainline-cab-view,train,15371,1649,2753,2048502,18124,17020,0.7773731856572094,0.9031139835487662,0.8481019642463032,,,0.9454881650165609,0.0,,,,,0.9085438042620363,0.8612755522348028,,0.6418801939058172,,0.7773731856572094,0.0,0.965294935536944,0.9900566927221339,,0.8711766680488913,0.9217208760103759,,917d7fdbcba14ad98f4155259ad4945453a4e76aecab144bfdfd515d95e55343,ef3653ad7186e447e51f20d8a071847cfab4d31d30567977a105bb93a6e226d0,0d332aed89259d78e0c6a0d9cb40208de920c186835f6086687b2ff72f57e28e
sunny-mainline-cab-view/0136,sunny-mainline-cab-view,train,58365,2236,29335,1978125,87700,60601,0.6489614837217577,0.9631029190937443,0.6655074116305587,,,0.8847099154997414,,,,,,0.7920915783075573,0.7881893232708258,,0.671875,,0.6489614837217577,0.8965591428694367,0.9759461216701324,0.9723986794883017,,0.8511631929430079,0.8951961589533365,,23d8b5534877bd891ce5b404ae30036f3fd3a3f9769fc5d17235cd727642067e,79c1982f49ada9c405b84125d26d3248d5d79d06d6bc5cb458d82e04d838eb1d,d64c38cc44367522d07022d5a3caa311926136b1710c6f4ca37034c8f72188ad
sunny-mainline-cab-view/0137,sunny-mainline-cab-view,train,17340,3229,7031,2040626,24371,20569,0.6282608695652174,0.8430161894112499,0.7115013745845472,,,0.9289973335477214,,,,,,0.0,0.8485300040273862,,0.6853134590092065,,0.6282608695652174,0.7827606290040768,0.9696134703762324,0.9673287888028533,,0.8442697959842816,0.9405639375799288,,a171edd02bf21b2bc889ac8ed17fe30fc47d76defd59a637e236ddadf0c76f27,6f160ebe16131fde736faa1b907b2b9193af1e3c3ecb7fbcc5d577bc8750144d,186950d6b28e0759f4ad8b47eeea289f0f08965d0367b37d8cc860a49695172c
sunny-mainline-cab-view/0138,sunny-mainline-cab-view,train,6099,3082,837,2058213,6936,9181,0.6088041525254542,0.6643067204008278,0.879325259515571,,,0.9493559828262087,0.29321663019693656,,,0.3850574712643678,0.6523897483260217,0.8739001770285624,0.6975030234047094,,0.5317864806866953,,0.6088041525254542,0.917138336750156,0.9445227499215049,0.9867622285061067,,0.8655968520397184,0.9640831120095301,,461bdcfd80571cea432e10e0947270b1a03bad21b5efa4efc325d700d1107bed,50f45cb9d7c36f7e9ad713cde316882219c82f7d0791f0d0e907e65ccc5286eb,63bae7d33e946c67d3d8d8427f5dfc86e1a1ff1ede409c5b9f691d2fc3855b58
sunny-mainline-cab-view/0139,sunny-mainline-cab-view,train,24758,2146,3112,2038314,27870,26904,0.8248267590618337,0.9202349093071662,0.8883387154646574,,0.8716870469761523,0.9096260514231952,0.3979555236728838,0.0,,0.9324834749763928,0.0,,0.8096375732513418,,0.6646971622193986,0.0,0.8248267590618337,0.0,0.9406609542394003,0.9819636397545936,,0.7939921189607867,0.8850250409084147,,ea793969cdff22d7aeff4460d14cafa8007c32c5650e6cd3586775c958a0754c,9ffd1fbd5a02985f044eebd2c5f1c76c095bee6781c959b4c6742485ddd6b778,a6842c70defb02472449d9be53b6661116f31c32924d775f2f6fc5d0ef2c1d40
sunny-mainline-cab-view/0140,sunny-mainline-cab-view,train,20692,5919,2819,2024556,23511,26611,0.7030920829085967,0.7775731840216452,0.8800986772149206,,,0.9337214538856654,,,,,0.0,0.7917721061383848,0.6827153870047723,,0.5944573258253285,,0.7030920829085967,0.0,0.9708669195804159,0.9872076896533418,,0.8101327997089321,0.9401218148876296,,3a5fae521d4841d641c0b0953b4733aa8f8734d7fd9997403022f033352a935e,bec802af770693ccb921ee7235635fe5fd724eaa5b1d6e1f6746af21fd9112cd,eab99911bc0debe3a78eeadc12b8ae94f8ff05e62957e86ac719807ee5713f76
sunny-mainline-cab-view/0141,sunny-mainline-cab-view,train,19150,1845,4974,2035210,24124,20995,0.7374176903230775,0.9121219337937604,0.7938152876803184,,,0.9702975941621375,,,,,,0.7011385199240987,0.0,,0.7819117583634038,,0.7374176903230775,0.8714556357544349,0.9364848078367285,0.9486450168840422,,0.8758025130585249,0.8973383113084072,,2ab1618bf2232f7953374c7ff9fd6dbb5957a1d11d887a1004faeb1f3bfa8241,97b17a45f269102384f6109c04c9d6b8bf8782c9ed75e154169d5296a043ea20,2ab6bc80478b0ad66f5fee0c2037c08fa7ce1ecd741be165e704290c1f38d428
sunny-mainline-cab-view/0142,sunny-mainline-cab-view,train,24404,1251,4863,2037489,29267,25655,0.7996592175109771,0.9512375755213409,0.8338401612737896,,,0.9599994750587278,0.0,,,,0.7237316662659293,0.8780433820274458,0.7909924819972886,,0.42576915135246746,0.0,0.7996592175109771,0.0,0.9773710482529118,0.9895345097881577,,0.910760224909497,0.9494945134904313,,f9d4c3db5d27a80539d7e059e63c85bbda048e2f6d73d48e3b0e6d2541a023d4,ecd3fb29f78f54f484c4e6ff39b9f5010a4ff9510a0ca54c9e0fcee6ada30585,260b78a32fc138935c130f8b5b163fb31af903acd8d00ab00ae7354c7408d01b
sunny-mainline-cab-view/0143,sunny-mainline-cab-view,train,24531,1596,19813,2022281,44344,26127,0.5339791031780583,0.9389137673670915,0.5531977268627097,,,0.9255799996248992,0.6545215389674449,,,,0.828082496661556,0.0,0.7646396574962341,,0.578167855183763,,0.5339791031780583,0.7978145242592443,0.9067553132124807,0.988997190543466,,0.8934213391854992,0.8615061878774127,,4437f8bc5b8248f9f54a530115e7dbcc3ace4af83f6e7e7505c28bd61deecdb4,5633b96990c8cacdbca53cbc8c942d05e63f5e2d839d47c6d0409a38e1392cfe,3dc0fc12169eb02b47a2e0787c136ebbf1c6f08cb838f24d83c6d21b585242e8
sunny-mainline-cab-view/0144,sunny-mainline-cab-view,train,5836,2253,3833,2056114,9669,8089,0.4895151820164402,0.7214736061317839,0.6035784465818596,,,0.9185630869652095,,,,,,,0.46748871369853784,,0.5811777359505244,0.8372844827586207,0.4895151820164402,0.5745296671490593,0.9589998896734334,0.9678614987708453,,0.8014741073992534,0.9458520964319606,,f6b634ec6548b8bf98554aa0ac61f40eb22ae85f7e7ae26d084ddb9500ae7e5d,7f8b37a8c257a86c7ca870dd1ce5018c32c9ed888de4dc3afc7b590ae25fb898,68de2bf283c716465d208d609c9262bff71e6d63696eb7344d6660f1e4543d43
sunny-mainline-cab-view/0145,sunny-mainline-cab-view,train,19876,1075,2328,2044860,22204,20951,0.8538167447055286,0.9486898000095461,0.8951540263015673,,,0.97760805959489,0.591581268647036,,,0.0,0.0,0.846009362114253,0.9496252342286071,,0.0,,0.8538167447055286,0.915229921864993,0.9732371353373427,0.9894798053732814,,0.8847905030507475,0.950075299940096,0.0,fcdb2f1d198ca40299c924da55b12732604c2030a0db21c6f4a86b3b5c804d35,20c74d76997181bbbf1ecde190ab83a62b8b818f8a40955abbde22b23f85c59b,d3ef03e206c7b7f1e84f405c1deaeb0b7eacfc0d9c2a98c20384115459bae28d
sunny-mainline-cab-view/0146,sunny-mainline-cab-view,train,32770,6468,10103,2018616,42873,39238,0.6641535437060457,0.8351597940771701,0.7643505236395867,,,0.9142866817920152,,,,,,0.0,,,0.5826205528697161,,0.6641535437060457,,0.9758042621665669,0.973053000168937,,0.8579458686681612,0.9331833982111937,,144ac7ace9587dad2bd7d7909441c0b2eb1b7a5fd5d975855c31e6f54006cc89,14b653b227e8c3d3a8b942968a57b177faaf75fb68a3e71ae071e6286eda5cde,b6b20e4bd7ef295816866d6ffc825f2e9232a40a5e0172ab97cbe374e48feac2
sunny-mainline-cab-view/0147,sunny-mainline-cab-view,train,4983,279,1068,2055001,6051,5262,0.7872037914691943,0.9469783352337514,0.8235002478929102,,,0.9436696826452703,0.0,,,0.0,,0.8236889692585895,0.8915952488347617,,0.6025602181487654,0.0,0.7872037914691943,,0.9844376684524314,0.960549180610321,,0.7726993333228263,0.9384941635842063,,6cf388fea166cff5c1481f523509bf3d72656e5aede0964f0ec6b15e88adea19,692808c9fd7ae6179769e38738eb5f38b5dfd78c857fdca542786e3cce1a19ce,f0704abc7909341f2b2c449d8a4f3e2dca64df3f2908b7457f0c86b344f1c4a4
sunny-mainline-cab-view/0148,sunny-mainline-cab-view,train,26848,6704,4107,2006116,30955,33552,0.7129238694601556,0.8001907486886027,0.867323534162494,,,0.9349837751121158,0.7468151327108585,,,0.8341968911917098,,0.22011019283746555,0.9476070399835952,,0.6582875886999598,,0.7129238694601556,0.0,0.9338875643892135,0.9790169848626801,,0.8361018084393838,0.930374560192402,,d859eb4079cd5f05a69e1a52ca314157548f99524569888aa31aa39194c4c163,3f6263d12602f503c9afd8899de5bf72117310b14c1df89f7ca3507e4df9258a,521d2c27a8958e7c14413648b129347349c93c02372cd03e6b2622da58607250
sunny-mainline-cab-view/0149,sunny-mainline-cab-view,train,9793,2077,821,2044437,10614,11870,0.7716492002206288,0.8250210614995788,0.9226493310721688,,,0.9095205003474636,0.649224492439206,0.0,,0.23042168674698796,0.8092975028082606,0.5549978175469228,0.7896714256438281,,0.6966734826193207,,0.7716492002206288,0.6848213469798045,0.8668011194325791,0.9657182929272691,,0.7816829162084566,0.8648462798344648,,0f14ff36a7fdb27af6f7ec8cb353e753e159bb3b77aab52a80b13fe6937791bc,f956580152828b020215fbf2c78a840a5b4b68ad7e56c3e41bf4fea9766fcbe0,417b767c67950f2b0ea735bc0aad34fe170b2480cb232fe592e168dbe016ff40
sunny-mainline-cab-view/0150,sunny-mainline-cab-view,train,8255,1555,1363,1997397,9618,9810,0.7388346907723977,0.8414882772680938,0.8582865460594719,,0.7332044465925568,0.8580659814888422,0.04317460317460318,,,0.6344370860927152,0.004297114794352364,0.6833649336393574,0.8689679971233369,,0.6158186906455017,0.0,0.7388346907723977,0.8203929125346618,0.8687802279666349,0.992049296729301,,0.7126096307648718,0.8058644299059832,,d4d60368183c52383216b6039fb814147d7720ff8a5ea3c97e9222f8f0eb8937,ea19db3c93ddb0c57d8a40d4882b76fc921b3e7ef2c036f491aeeeed322a8ba8,e9195b83976e4756861ed900c6a189939d476aae4a15ac827052b20c9317e598
sunny-mainline-cab-view/0151,sunny-mainline-cab-view,train,5670,8614,18168,2033535,23838,14284,0.17471958584987057,0.3969476337160459,0.23785552479234834,,,0.8652731930927237,0.7849720427911252,,,0.5093795093795094,0.0,,0.856037429227415,0.0,0.4798910860152658,,0.17471958584987057,0.8192357772435898,0.8602589780438218,0.9872478069872686,,0.8619488287611173,0.870098445882418,,4b1751c125ecc67afaa53eb1d7655c7a5ec051098de588dcb48ea4bc9cd3c5fc,1ab5b3a734f95118a4f540fd1aa10298673d5e4910ab7f3050c63f27f8d9a24b,6e8758bfa532e31d315d8b85531550ed40e993860b1f3ff87e5e7cb9ee7dc749
sunny-mainline-cab-view/0152,sunny-mainline-cab-view,train,8358,2008,4350,2044863,12708,10366,0.5679532481652623,0.8062897935558557,0.657695939565628,,,0.9169542709232097,0.6534925895816397,,,0.8432721712538226,0.0,0.7656410566402708,0.8409345758255355,,0.7480094894543564,,0.5679532481652623,0.8621139484068747,0.9054020033414454,0.9812951758373417,,0.8576588027404904,0.8940818351067444,,7c244faef1d58c7c544581c4aaad579ceaddaf9f4f8593f1c642198319e0f064,57425f7fe572f2d8c613752e0aa310cac5a68f17926ddb24529c7254a7030148,e16166526ddb63ff4174f61c34a8b9b306196d5ea9be60266c764617b9fe7e77
sunny-mainline-cab-view/0153,sunny-mainline-cab-view,train,17657,4397,3758,2040925,21415,22054,0.684061676739501,0.8006257368277864,0.8245155265001167,,,0.9354217643271088,0.0,,,,,0.8036872853242522,0.0,,0.8949744511202201,,0.684061676739501,0.9754656271270342,0.9779189619601071,0.9904820190083153,,0.9096432615178529,0.9692980130694696,,8a9db76dfcf9155f0dfba13eb33441d81632dfa0d872dd599c6a9a249961a009,05a5851a91ad31d3a2d1b4e3dda4c9fb4c997e5bb7d94639cfcf404ebbcfe4e3,755f458cc78bd15a87a61e002674a054710ffcc7551f4f4e70c9b5c471835037
sunny-mainline-cab-view/0154,sunny-mainline-cab-view,train,14303,3149,2113,1984225,16416,17452,0.7310503450038334,0.8195622278248911,0.8712841130604289,,,0.9673914379478608,,,,,0.0,0.0,,,0.5338251169485426,,0.7310503450038334,,0.9742977113714912,0.9945438893420517,,0.9254858214505125,0.9517109808318972,,6ba5f4dc3a08179c05592eb64e30da7a3ab0f61eb7a134091c4cb022c307f8ce,73a89e97a564e8790df1b2ef5cc6b4b1abecd82ba42528df33db4e2887c0a69e,368dc7d152908172ebf520f7d33ccde02b5e6db2a9389880d4ebe9d40224879e
sunny-mainline-cab-view/0155,sunny-mainline-cab-view,train,4794,6380,170,2049279,4964,11174,0.42260225669957685,0.42903168068730985,0.9657534246575342,,,0.9542960730878663,0.0,,,,0.0,0.21766004415011037,0.9230769230769231,,0.513502700540108,,0.42260225669957685,0.8254504504504504,0.9703793984517753,0.982014591494587,,0.8903922330097087,0.925820126333654,,06a90f5ff240f94f7308b963ae697e96d8e7f41f7c690b41c58516e490c044e0,3520046f77397809711aadef6d4851348e6ef6dfa7e4d4acffde40d4a08d976e,210277fdcaebd3a3bc90f46bb4d43356c0264665fa1144022167ced1da083770
sunny-mainline-cab-view/0156,sunny-mainline-cab-view,train,8914,2001,958,2048487,9872,10915,0.7507790785816558,0.8166743014200641,0.9029578606158833,,,0.9731616996536994,0.0,,,0.08888888888888889,,0.8265826582658266,,,0.6451580123971141,,0.7507790785816558,,0.9774349409412215,0.9793140456764335,,0.9188424376973828,0.9507994603061367,,2a9b7f9f2e664a6492b210e6af5c8b3238a3d01e1f1d4f0c3506e92519ad0942,407421d1c13fc9a5c28ada48397820d63763e5bbd52ba90e03022634e21f2fbc,bbf7342cc4ccdc2f11e90b803feff0a5b02d7a6dc0cdedc87ff9e3c0a43b6870
sunny-mainline-cab-view/0157,sunny-mainline-cab-view,train,22564,9625,973,2035010,23537,32189,0.680417345154092,0.7009848084749448,0.9586608318817181,,,0.950931129886726,,,,,0.0,0.604197230027103,0.8194366197183098,,0.7524506419991717,,0.680417345154092,,0.9604252766518744,0.9890529748793584,,0.9083587656832824,0.9350394731919033,,8e5da439095b7bf529ca9afbcfc297a86c96a3820aab657ef461687e06417c1a,9981e1d1ae142c1e9738d94cae092b732bd369db06694bee51a34ebb4e3fc179,235002bc72f3e9546bc7aa2d06d6bdad85e68e53b599958fe7a6af72548a3477
sunny-mainline-cab-view/0158,sunny-mainline-cab-view,train,4767,1522,317,2061572,5084,6289,0.7216167120799274,0.7579901415169343,0.9376475216365067,,,0.9771496681760464,,,,0.9042004421518055,0.6164383561643836,0.711499908875524,0.6453314031640989,,0.6316446478726724,,0.7216167120799274,0.0,0.5946275607428962,0.7283623060852885,,0.8854372123602893,0.9321100498149079,,e6a650c2b434f3111eccf6b5f78e578afe4a7a00834675380b1cee62d761869d,07015ed660b2b8ea64300203f1815f3802c8e66a3db06436fb5305d647e31263,ceda0bc4518a17d8367288ad7b6007f010c433092a9766ca351496fbb62148ee
sunny-mainline-cab-view/0159,sunny-mainline-cab-view,train,16133,55,13226,2038695,29359,16188,0.5484803154960223,0.9966024215468248,0.5495078170237406,,,0.9620172275510404,,,,,0.7670836696260425,0.7275,0.9277899343544858,,0.5401287890686352,,0.5484803154960223,0.0,0.9592513239277196,0.9904834903392592,,0.9159196754970204,0.9142950665323025,,0857b1a64422a748f3a1acbe2298b756354dc4e916a3e35065e7c7c8aa443cfa,d11d1839c3df1fc963b3d4a7d2fad7dd497deb84c04b0fae9ac7612d46bf2393,61f63bc66f4e9570e4170fa15557624826719d8bad2c8473bbbb82627c5ba195
sunny-mainline-cab-view/0160,sunny-mainline-cab-view,train,22082,4595,886,2040739,22968,26677,0.8011464644632297,0.8277542452299734,0.9614245907349356,,,0.9633210355374767,,,,,,0.8014770309175115,,,0.6134020618556701,,0.8011464644632297,,0.9730552133497592,0.9867261457827246,,0.9041429336449053,0.9357241956021818,,3f99be5f7928e5a01c3e2e0da7c216742c167125a2f4df4f9eda959f3e86453c,3a16390f7fe8b99976e346e04b3a49000f78f09ada1595a248415368e11aedf5,f9c80bd9fc18e28eee22217e3a97ef5a66dd6befb17adce75bc895381a5556f5
sunny-mainline-cab-view/0161,sunny-mainline-cab-view,train,23687,3250,4011,2037171,27698,26937,0.765380638490371,0.8793481085495787,0.8551881002238428,,0.0,0.9572401606627023,,,,,0.9416382004506142,0.7973605078516539,0.8383892757297401,,0.631568310428456,,0.765380638490371,0.0,0.9470334173430096,0.9918009612666101,,0.9082625482625483,0.9188415071957045,,016395879116dde76f1eddcc264a67c3d1fb136d9a0f2d92b33ab41044c4e774,d23f8db4f6d3d5ebf380883116bb37266ab923f0b3242a26533b21ff6567c406,cda23c3762c19154671ca31ee09cea51b1d1ce0c605cee971ffad27981db741d
sunny-mainline-cab-view/0162,sunny-mainline-cab-view,train,23972,3286,3298,2034589,27270,27258,0.7845267705197015,0.8794482353804388,0.8790612394572791,,,0.9651553289375773,,,,,0.9509001887863952,0.7530864197530864,0.5895778721865679,,0.8135155166188404,,0.7845267705197015,0.5102974828375286,0.9623005025584669,0.9867823271005417,,0.9164761874941291,0.9498045347928069,,9a198f581ccbd0527724f15f9a3cece6e5832854e77e259dffc5bd5a429ff05c,0f13810f4e07bcb4e31d23ae621fe1f2f1ba5df5bd7d2a28ccf1edc7b7b90c12,c4f5e9e738f7da0f62c91c50abbb7e5655bb1f4c0770c8b25088b8b47963f942
sunny-mainline-cab-view/0163,sunny-mainline-cab-view,train,46313,1830,13822,2006000,60135,48143,0.7474057935931574,0.9619882433583283,0.7701504947202129,0.0,0.0,0.9347611036096208,,,,,0.938268416899792,0.8686535589845694,0.505273343009192,,0.6887727518471797,,0.7474057935931574,0.0,0.9563145795826529,0.9921169460339967,,0.8861591156780321,0.9195734510604172,,53c1f0e23c023af87bca8d7c925f1118fa6e03bf34b314ab0e901d159fd525b9,0dcf0e9793f56137c43c73198bc407fb3d307128f3264ea267e08b830d3a3e6c,1c299a6fe321ba74a77aaeef432d777b000e5c4cddef371958cc4b816359b5dd
sunny-mainline-cab-view/0164,sunny-mainline-cab-view,train,34648,4163,2445,2026921,37093,38811,0.8398293581539655,0.8927365952951483,0.9340845981721618,,,0.9515354112249456,,,,,0.9392587508579272,0.6005302695536898,0.8951648841354723,,0.4979400483023157,,0.8398293581539655,0.8909084986481645,0.9666888598670115,0.993657158625691,,0.9122902423865755,0.9517552445270954,,dc2322339b57aed5805465301755b9054b87fba047b608e05ae4dcf959232006,595424faa77d35db1f99a37b4f55a72e40170bff8e5dfdb3ab73ae65e3e2479a,849578701cc3adbba3a47848f684b1a9089c2ee85b84bbdde9e6c764eb09086f
sunny-mainline-cab-view/0165,sunny-mainline-cab-view,train,20628,3176,6789,2037457,27417,23804,0.6742718922629359,0.8665770458746429,0.7523799102746471,,,0.9440770757734761,,,,,0.9485504163374461,0.7699696663296259,0.6739220441237357,,0.72024312004052,,0.6742718922629359,0.7330888791593695,0.9389476499069749,0.9938626515145499,,0.8876938735207887,0.9056575172291401,,ed03205def575f68a08e90b5040e492f111657b011c4a09ea8773bfee95ae4f8,48f2d8f29663c715443a61887d3de406b2141c0cd0635bc8d985d53ed8a38d72,12fed3e3e64e41e95bf136cda072815a48076818a711a49a74f5a3a0d56d91ac
sunny-mainline-cab-view/0166,sunny-mainline-cab-view,train,21033,3330,812,2042845,21845,24363,0.8354716981132075,0.8633173254525305,0.9628290226596475,,,0.965049250234601,,,,,,0.824731639274668,,,0.7196989586068084,,0.8354716981132075,,0.974824708070764,0.9870277192233589,,0.8908289709098138,0.9365782921557362,,4cb25bc7ad809534409bf310ce0bd9621415dfebdaa38bfbacf278916ddd0f64,6efebaf42ad436d141650e14308bf18e2389d3ec7ed42dbb736ae5b5f6d3a70d,49ce89a82718f875bedd92845061a9c9f9ac981f41f53ff277332d5bf4654a59
sunny-mainline-cab-view/0167,sunny-mainline-cab-view,train,5547,2076,112,2057487,5659,7623,0.7171299288946348,0.7276662731208186,0.9802085174059021,,,0.9764348377857596,,,,,0.9155955874911447,0.9473115333089758,0.9370642766339082,,0.0,,0.7171299288946348,0.6670203594402812,0.9382498160886168,0.987080248160694,,0.9119008106210507,0.9218989970297662,,ea08f07ca095ed6d035d6f14b8548f69a14bf8d6b49efbbdddf5179bf9ef3009,b5e44b4d05c9f941f3f50ad3195bd2b3c67bdab306fccddeab16a0e824382b20,7e32698f8c93ce266316c3e0a9fdc60e010c08c84d8f44ad9079fb186d6dc7af
sunny-mainline-cab-view/0168,sunny-mainline-cab-view,train,21881,1270,3303,2041613,25184,23151,0.8271338927950405,0.9451427584121637,0.8688452986022872,,,0.9588460312400382,,,,,0.8679397921161012,,0.812251968503937,,0.5757325367062861,,0.8271338927950405,,0.9650440883663601,0.9901581333628221,,0.8895372072576133,0.9340658443271229,,72b8f6a32917f9b4cd7edbfc8b38900c94a094dd308a81ee17ec8c715bf8a875,adeae42b66b6f80ff7ded176032da0f049d5158fb43d05363602b068574857d5,0e061e5b6307e0386becfe63a269a063ed84ac5990d83ff762d43f9d302148d7
sunny-mainline-cab-view/0169,sunny-mainline-cab-view,train,4845,1727,917,2060538,5762,6572,0.6469488583255442,0.7372185027388922,0.8408538701839638,,0.0,0.9748392458256959,0.0,0.0,,,0.9420913673093847,,0.9013363352458421,,0.607003367003367,,0.6469488583255442,,0.9715789010819887,0.9897612373233223,,0.9154208840899216,0.9580856558175794,,e50a126b8e9d96524472935c0169644a3000d548dd10622d7dd7837f28b262f3,1fabbee7225ef01c83c8f9d87a5e21012dbd0cd0e092aae0b3f85cc885236dfa,f0f3d4e9190cc77049a3f31f6cdfe075ebf90411853b0b42b2a6a49306f91a31
sunny-mainline-cab-view/0170,sunny-mainline-cab-view,train,6306,107,2934,2058858,9240,6413,0.6746549695089333,0.9833151411196008,0.6824675324675324,,,0.9601387313759728,0.0,,,,0.9569373159444678,0.6632633025721578,0.8709947515673822,,0.487157615391906,,0.6746549695089333,,0.9707725103340855,0.9883860932684275,,0.9000507598109198,0.9572122229929539,,3f433ab98d445e66fbd4c3879168f0ff099bfa2f2a0555a496a23ef041827ef6,2432eb316800d123f6938e33fc85795b3d6c60ffa520a0ea9203c0121e31584d,b5395c636514cd7d8ab87d6f5ad0454105326bb8758d409e17aa381560743236
sunny-mainline-cab-view/0171,sunny-mainline-cab-view,train,22378,578,3019,2035493,25397,22956,0.8615206929740135,0.9748213974560028,0.8811276922471158,,,0.9706607688092069,0.0,,,,,,,,0.8597949158033924,,0.8615206929740135,,0.9670579590585541,0.9702036824369155,,0.8744594171106236,0.942912366549801,,f0f37b4a43e03c4b5aef2ec2723b33d29fdeb183e0247dc20cc38fd51708b6d4,e8e0d147bf6775475813b28df3bf64d5faa50955a9846c2f56a541b5e2252767,ec84cbe4e6408928d4e111562bed1e94c6a55ed65d2227e4e569f54ecf563eeb
sunny-mainline-cab-view/0172,sunny-mainline-cab-view,train,0,25068,0,2038069,0,25068,0.0,0.0,,,,0.8840579710144928,0.0,0.0,,0.46357615894039733,0.0,0.0,0.8632233672784926,,0.6317426422801968,,0.0,0.0,0.8830197677897735,0.9571393712866512,,0.7933380581148122,0.8677052115846152,,9d1f242981192b866b8c78b235337b3fcd78c0dbb947afbb3861211b73247352,c9cc1d7969f031b1ba1caed9230b1e99f67407a3ccf18ad66582f8d9f85d7a54,68c812765f3d6c1a97de65d1138af4a864887b6cc16dedd800c1dc34cc1191a6
sunny-mainline-cab-view/0179,sunny-mainline-cab-view,train,0,0,0,2070979,0,0,,,,0.8891450187664391,0.5684506539302772,0.9706911801870104,,0.4249868923676129,0.9194994154072663,0.0,0.0,0.9254116357699089,0.914308208319403,,0.750887884021969,0.0,,0.8046984926576335,0.8960287921910793,0.9593234970183463,,0.7827380419003925,0.9571459503674923,,2980bdd5ac578120cb35ad4b8b8f5798eb1663f505b1d628312365558c8e6637,0a9409b2e919a722e20a573aade797666e16f212e11504e1bba1fad37db8571f,e75efe51fe00aa88e3c9b17a9be0aaf62ee0f6b066da8c852dece40b7cfd7020
sunny-mainline-cab-view/0180,sunny-mainline-cab-view,train,0,0,0,2073539,0,0,,,,0.0,0.21593230230522323,0.0,,0.0,0.9553163663538985,,,0.0,0.7808205154454483,,0.5707636614376832,0.0,,0.746011633934228,0.9205463948729421,0.9825930736456222,,0.8169691691712954,0.6848366082135372,,11d2b9c079ad57dd8e7e64839160cd7b1d1b689d42720e385bbae214ae1ce4e2,d03eedc21174cd47abea991f73f6f1990f52f4dc95c05ca152a8ebc1c4f8dbbd,c23376986845b476c6c122d5dc2330ab164527102705450a9ce20173a72e4338
sunny-mainline-cab-view/0181,sunny-mainline-cab-view,train,0,0,0,2073600,0,0,,,,,0.9754016534082046,0.9819517140566794,,0.0,,,0.5131396957123098,,0.7927927927927928,,0.5926402286530904,,,,0.9856002066338061,0.9924264692086879,,0.8125072179235477,0.9492452113992058,,961d4dc340edb778535bf1a91b174154c09e8c3bf2814a05efe15d66cfa809cb,f7acffee97a0d29fb4655547c1884e20e9bd9972cc8706da96cdee1e26eb908f,10d2057235fdc235b1761147dbf52a336bee24b3c8317a09519684bcbd413bed
sunny-mainline-cab-view/0182,sunny-mainline-cab-view,train,0,0,0,2070136,0,0,,,,0.8790858084109744,0.0,0.9577997828167166,0.0,,0.0,0.0,,0.9569805653821262,0.9683847480360223,,0.0,,,0.0,0.8940186304951789,0.924371284865112,,0.671725688589095,0.8853306432411434,0.0,2b635f17ddb2ba61b77fdcac0499ec5c3d70dea1323a289937212955ea815653,4ceaeb2102494da778ecf94d2ac615d63cfe08ae62aaef2a6796fec50fb8bb6f,2f499e108c5ccd9668238f25f0778d7f95252f1dd626191b20301199e4d49cda
sunny-mainline-cab-view/0184,sunny-mainline-cab-view,train,0,0,0,2070348,0,0,,,,,0.8267355134825014,0.9359367320001546,,0.8573287782658208,,0.0,0.0,0.9358535446724318,0.9086652700251676,,0.5837213201439313,0.0,,0.6901851744578965,0.7944669724567351,0.9693794552867298,,0.8132246504110744,0.9468140559625249,,fce720c8ba60a17547f87e487d475b7dfc8130e8e3f6de1eb655de80095dd9d4,cfb308f1843883bcd1f15e0bb17c380c182c15635fad7bdad3e92fd028097a16,82626826412256695e8d6601654e4d5e30d0b6bdd58804c63c31558e3b9aad32
sunny-mountain-stations/0228,sunny-mountain-stations,train,0,0,0,2073600,0,0,,,,0.8936811530662575,,0.9676794952159866,,0.0,0.9813854081530077,0.6457050243111832,0.843992330634853,0.9252882946622402,0.8369318133079424,,0.7475780409041981,,,0.7716346153846154,0.800978936369136,0.9874519149546921,,0.8418847369824402,0.951104682231108,,8fb67a7950262b0a2133f19fd631fd9df52f83e1660f0a811abf3e9d0982f269,f4c0dfc2948c51f179a4a80f4d4b7d2a14b8c5ced33c320220f787477a45e6d3,723830b9e1f6583eb61ec0370b45526cbc1f0e17bce000b16451dafd4dd4b7a0
sunny-mountain-stations/0229,sunny-mountain-stations,train,0,0,0,2070011,0,0,,,,,0.47816375992016347,0.954979047916504,,0.0828819068255688,0.0,0.7181066338201654,0.8276828350760821,0.9428684597126279,0.8948799746376452,,0.6598159426900271,0.912358133669609,,0.7791190321959418,0.7646094123020074,0.989022480045462,,0.8417589706174968,0.9426476911881451,,0354800bf80455fa7680958e010518b436ea155dca8b0abbc8d1e10092f0661b,fc908e7e08e5cc665f4c59c11eadf28fcdf161bd566dd5bc31ca5349d4ad036e,bc3a3ae858046f98c40fc79d8c3ee411c70860a55a454ae34bac14b1489b788f
sunny-mountain-stations/0230,sunny-mountain-stations,train,0,8388,0,2021854,0,8388,0.0,0.0,,,0.6235052955244278,0.8908426093335721,0.0,0.0,0.9357330843025724,,0.8216226813780484,0.0,0.802427966577991,0.8496446805574721,0.6614121148652373,,0.0,0.7752103524430086,0.9050340534663148,0.9778094157892013,0.5953509995351,0.7983775695046074,0.8545057312720554,,505099662669780df8408d783f6869cfd7b572910896d2c7b6f0e27c7432cffb,0f54a1615827a6cc63096a9eaf5bd58b3ed9758a76361bcee72da0187c106f17,217ebbf6407e67b7fafa7b524c63ee75bb6dad6bfb2341e3e070a7bde9da2757
sunny-mountain-stations/0243,sunny-mountain-stations,train,0,0,0,2073291,0,0,,,,0.0,,0.9681477658949766,,,0.982769095507172,,0.0,0.0,0.28879310344827586,,0.3969257603837349,0.8031437125748503,,0.0,0.9849185591197156,0.9944181502093571,,0.7732844478494035,0.9681260845521634,,d048231d419c08d7176eaceaa89f964709a5a5de28918f80af2d6d5cb56dc892,ac493ba00b218289c9290e59fc10ebc5e73442a5005678ae91222731a9f1a765,480d14daf9bcac590d2678978927170fdbf669d1e0e0e9d410eaa40afa56c7d6
sunny-mountain-stations/0244,sunny-mountain-stations,train,0,0,0,2068950,0,0,,,,0.8646522628823514,0.0,0.9397039354916356,0.5082628747117602,0.7119047619047619,0.8689098833892426,0.20132013201320131,0.3223314606741573,0.8196431459220527,0.6440419353250972,,0.7203509949831216,0.0,,0.8927943760984183,0.942552702552195,0.986964681856261,,0.6538384661510785,0.8677516981067915,,8d1edf47c4a0e099e6bac09702b9eb61358d689387405e5915c4b761311fb755,62634f58072805641c40889959a1644646ac9bf20776fc28c0eb907ebb26db45,df1e7d6ed75daebcffc09a9804de068c5dcd40a2e2df1de085e372d1cff1255a
sunny-mountain-stations/0245,sunny-mountain-stations,train,0,0,0,2073600,0,0,,,,0.8826658451427398,0.0,0.9107885949139481,,0.0,0.7542554457802643,0.5864485981308412,0.8822800073906236,0.6734121202309643,0.9432931028767784,0.8772379525199148,0.5486197296481401,,,0.4143582306018854,0.9259167112905219,0.9928029572987042,0.7109638414137891,0.6878335870116692,0.7378606112539274,,ede5e722aa51b1edf1b7f3550819d1fa7c743d02958fb765bf9233ccf1ea1020,cadf2ab9a2d6547b808e82099b83169aa947fb0617b0d25d7c012f3a84f18477,7e36e2920784427745ca161115c6c634ecd1c6dd79aa0c5d3d1f3453c7a52a4d
sunny-mountain-stations/0246,sunny-mountain-stations,train,0,7,0,2061096,0,7,0.0,0.0,,0.850925925925926,,0.8745497766892378,0.0,0.0,,,0.0,0.8908586642999778,0.7890750954603309,0.9595844898645807,0.4997840172786177,,0.0,0.7855093573446328,0.9219773516658024,0.9775528249257078,0.8334504567814477,0.8446447455549955,0.8046052848612807,,90a65adbb644d54e42c7e51d5cebfa0b1e554d4d34f442db24481dcd7007c74c,8211f22cbe10bb54834c2a0f57f23d5612d3a7a8d288102d2f5c719f02078527,bbf9e6fa11bfbd1ecc72465beb304defe532c7016627f13e100c72cbf60ec5f6
sunny-mountain-stations/0247,sunny-mountain-stations,train,0,0,0,2073600,0,0,,,,,0.637546818080758,0.9585918098028825,0.0,,0.0,,0.4259874492432632,0.8400434467776973,0.9516594704939516,,0.6078084453880632,,,0.6823917583671177,0.9517803102357031,0.9932884639873976,,0.8551687006460876,0.9661159740686524,,a442fff38da0ce40c7e735cd036d9ad22fde5c1909107105ed77bd798ca3f872,c5c7e80094cc032a92fa08b0b660de2231a9cddd7643b6d1c2df97dbdb15ba15,31c03c8986feddbe06cd6efb6ba2503d4292c8350345eff178dfd71bbdc10d3d
sunny-mountain-stations/0248,sunny-mountain-stations,train,0,0,0,2073600,0,0,,,,0.8174936365739975,,0.9713558379326573,,,0.8301480448062415,0.0,0.4254839890804092,0.5143064012094883,0.9396508183518298,,0.5766419071665542,0.0,,0.6950199860647622,0.6069281740151536,0.9882938894441715,,0.8697161953995979,0.9509486279178408,,c489b83cc8d5e13b9e9ee4f588ba23a86a21404337b41cc01afb90627630275f,1828c615b6f7ff9fa65e720ed3534d3325375ddada62df18c96577a26343ed35,dedc3423339741f2b10bab86461c5b49869ab5f463ca82d8c497485230c182d1
sunny-mountain-stations/0249,sunny-mountain-stations,train,0,0,0,2073600,0,0,,,,0.8539981907398777,,0.9778350570366504,,0.0,0.9682963800323716,0.4440516174650875,0.0,0.919364893109897,0.9588005533403857,,0.8225252062328139,0.0,,0.816694794236012,0.9609900020681765,0.9871646112930884,,0.9122041662122369,0.9285119477202972,,408760b135c0da743871d600304812e352ac956549d1987597238245735e8672,459bc06543c1527b8f31f3778f2304eca8cda8b56ce00177d1006117d7a4ed71,50433b9333ba939fe5f4eb67c0413daf491faeb3e84633c7148c0982a5f6c227
sunny-mountain-stations/0250,sunny-mountain-stations,train,0,0,0,2064289,0,0,,,,0.6721610978035808,,0.9899265318488223,,,0.9714786610995909,0.0,,0.9727010284477056,0.9730180987349607,,0.8489270053164655,,,,,0.9876373439041354,,0.9011679348787826,0.9116295782962449,0.0,0956dd0c21f6af0a1387e957effd77c906124754c421ea783a885ae3ce8cf3f2,1a54313fd7aaffafd2aa769b53c139c749f29333937e07fd9220a885589e54d0,b32d343d8b03bfe9fbe7e67c92f5773953aeb479341ffb27f53c613254a0933b
sunny-mountain-stations/0252,sunny-mountain-stations,train,0,0,0,2029299,0,0,,,,0.7959646706101613,,0.9241488778142178,,,0.9162040446383051,0.0,0.0,0.9731847342220079,0.9621982739294501,,0.7885663700321484,0.0,,0.0,0.9261604606824637,0.9921264391532209,,0.7961168645904737,0.9693797586713567,,1749f26376edb32da712444c9e60186ff4bd29e1fed12a43bf0f659bf8e5a11b,c37061946bca614f0217b26c4987befc27e64f2bc1d0d90685762ea41c67810e,76fecbbe128925af52bf1f451ad527eb90e63673e6af242ab31d64149162d181
trackside-maintenance/0000,trackside-maintenance,train,78282,26670,20447,1963561,98729,104952,0.6242633513823874,0.7458838326091928,0.7928977301502091,,,0.9714640831763335,,,,,,,,,,,0.6242633513823874,,,,,0.9769166646819254,0.8113747954173486,,e41473adaa20b0dfe8eecc7e6000f550ae13c68770e4946667d4c938e7a89230,608d5152e26531f443e848f1ab03966ce4ec96ab2768c3ee09bd3bac6d538107,ac454df2bda4b44e13e5c2dd857a0251f6177299995ab2bc79834f1d7c4c207d
trackside-maintenance/0021,trackside-maintenance,train,1266202,11932,45445,765088,1311647,1278134,0.9566501130646528,0.9906645156141688,0.9653527206634102,,,,,,,,,,,,,,0.9566501130646528,,0.9804643285346569,,,0.9345750143859215,0.9090229767840942,,f193c1a096a827f7ac610c2dfa2ef5244731e66842755d4d9a52dae046fadeb1,3cc3a810432c2d42f2e1b1d81348e5530c70ad2520bc91739596cf667ef7070b,24f43d4caf84451faddb11f4fe560720c9599ef4b98a05c85812fe45fc1956b5
trackside-maintenance/0052,trackside-maintenance,train,1172010,26232,5492,884934,1177502,1198242,0.97364534024959,0.978107928114688,0.9953358890260908,,,,,,,,,,,,,,0.97364534024959,,0.975500889351277,,,0.9291393453867047,0.9829208510962967,,efc1a697946924df5b504e34114d2f5a5bdaff8ab191a9dd2c8d978a19525204,d7c67dfa30ada59632dc54a7ee5807a8e61a421646642ee6822c51b526280b84,e9dba20168dd1e94591fd99b77cbacef211c2c7ca72c3e519f2c4ea67e2430fa
trackside-maintenance/0055,trackside-maintenance,train,1173339,58873,7586,849162,1180925,1232212,0.9463952998794964,0.9522216956173126,0.9935762220293414,0.9653538413734172,,,,,,,,,,,,,0.9463952998794964,,0.9612410294481564,,,0.9598655789020287,0.8974863587969124,,28f3b3d7bec0bf474a3fc09012c7f4ef1b0b5a4e37e51acf00fbc5bea657569b,7b23c5e8ffdcb864899f2b44e3f35d742c5fa4f4a7b41a710d74ec6204039136,3663ebf52cfd61e11abbda63a4d194f0b6d712c7a99795ff34d16e3aaf6b9129
trackside-maintenance/0056,trackside-maintenance,train,1057552,43121,19006,967539,1076558,1100673,0.9445135614761017,0.9608230600732461,0.9823455865824229,0.9722927891460317,,,0.0,,,,,,,,,,0.9445135614761017,,0.9658168843874086,,,0.9582715120108275,0.9016969803352659,,ecf8e84d483b920ff62e729b88a34b2e02bc43b25ba2201f33a1d1233e98db4f,71ac374b6a05e5b030909b340d8dfeaf290ad55a7d2193361ea9ad5698cb1afc,a22f80a8466a4d3d2da6bf4f4dc259ebdd94eae198e3f55cdd339de62ed5476b
trackside-maintenance/0057,trackside-maintenance,train,807704,1025,1576,1278250,809280,808729,0.9967900975558586,0.9987325791457954,0.9980525899565046,0.9671944542463945,,,0.46801809077693424,,,,,,,,,,0.9967900975558586,,0.9762637762484259,,,0.9805928802191646,0.9840955911235834,,76a244cf235702a8709bcd5845224a9a5785c3cd791a1fc89b4d54cf065746b8,c6a6ea3d247a64e8a78e7264e9e5bf9070735b251f3b1498e53ceeb2d9a5eece,df6e29378411415c3e91ddba54f776dfcf6d7c3cbb0c114c47d630147e63fff5
trackside-maintenance/0058,trackside-maintenance,train,1277417,5523,50692,755328,1328109,1282940,0.9578481920049908,0.9956950441953638,0.9618314460635384,,,,,,,,,,,,,,0.9578481920049908,,0.9374175679240306,,,0.8544208357095624,0.9668125221196229,,527bd4c6f5b48a8fa052db415d684acdb3dcbf8021025486fa219182ad9059ba,135090e121d0df3d05d16ca027cf3a9280fcb288b8d5e5c4b535ae20858a57bb,5ae5056250f8db1cf7ef653d91d82831e781ada23d9542fa90354f93e797d78d
trackside-maintenance/0059,trackside-maintenance,train,1206462,8142,47745,826582,1254207,1214604,0.9557277741733863,0.9932965806139284,0.9619321212527119,,,,,,,,,,,,,,0.9557277741733863,,0.9530226119058607,,,0.8086696937009257,0.9785857103983531,,8f38d8ecfaf13ea9265b15f72d8c2a5f6320df894c563c0277971f5a71223076,51caf95e4def10813bd0f02b5d94ab8f9ddcf77d3b4125ae347e9e88f0e70034,8566743c7e4f272a6e9887e5f2788d3fd100716f0aaddc66445c1ea3d23ae972
trackside-maintenance/0060,trackside-maintenance,train,1400748,13443,11427,663342,1412175,1414191,0.9825549340706977,0.990494211885099,0.9919082266716236,,,,,,,,,,,,,,0.9825549340706977,,0.8893048128342246,,,0.963079707527405,0.9591754489462478,,af2519b33d6b5f52478d8c41669353834cbc46bda125e944b6f0f559e55e7d51,a1ed253eef60a1b41a1f265e34bb48ebce8b527eb2c22c4dfdfd0244558ab6a4,caf8f359229a5793aa010385d934d3582df5d0c1dea9b534ee91fcb039173b58
trackside-maintenance/0061,trackside-maintenance,train,1662158,8859,6597,411346,1668755,1671017,0.9907869152260294,0.9946984381367754,0.9960467534179673,,,,,,,,,,,,,,0.9907869152260294,,,,,0.9681569446428308,0.8627216672243201,,8bdf064f89bd89d79af62f1c4461b3024cfa2110a8194ff5044d74f7f592fc74,a2d3dc8b57ca001020539c453fd25cc135c52f4e3a1b7e3782882c0642be1d36,c84cd197240140e8d106682f4e51924893958d3eb5cc1b5df4260804fdcf5a30
trackside-maintenance/0062,trackside-maintenance,train,1902105,2032,956,183090,1903061,1904137,0.9984315726318873,0.9989328498947292,0.9994976514152726,,,,,,,,,,,,,,0.9984315726318873,,,,,0.9842331324621149,0.0,,6f1c22c5a26f9c6f9349d1b7472ea93537d6383a9cda356167f51397f8e8f989,8b6b3404dcee61dcef88a2efe10d1c664ce76c5c90f08c90a160e1881b9c7ba9,52f7c4e2df1dea26cca735df4b45535ecb095f1203dc1d2a42ead65ab19c8ad3
trackside-maintenance/0063,trackside-maintenance,train,1329906,12697,6636,739721,1336542,1342603,0.985671182051512,0.990542997446006,0.9950349483966834,,,,0.0,,,,,,,,,,0.985671182051512,,0.0,,,0.9692722085931696,0.9780809738749829,,f25b27c24e3ff91436c5e3877a5df281c4dd826a5c70266f8b58faae4174a2e4,f404f535862173c8b8688fb06460f4e3b4307973ba3453d76a2a74ed1ce29373,395ae6b048428460dc5313d8df29e87a01495d64e2ad9139b50df25c29acfce0
trackside-maintenance/0064,trackside-maintenance,train,355991,32390,25557,1675022,381548,388381,0.8600104363455396,0.916602511451384,0.9330176019793054,,,0.9630855004677269,,,,,,,,,,,0.8600104363455396,,,,,0.9763264354264578,0.8467272919530506,,40ea4a91bdc724c6898236dad7394cdb56c3f9eff92be4c2d3cdc31bac221ba5,8cf27ff8c967f94b6ce773a71a3e75cdd9d3bead6550b3d272103014e8ccae9c,fa68104866a7d7ac269b9fc45af45d47d4cb1667368870012a27e28b8be76e00
trackside-maintenance/0065,trackside-maintenance,train,1331796,16581,9944,730639,1341740,1348377,0.9804722153305441,0.9877029940439506,0.9925887280695217,,,,,,,,,,,,,,0.9804722153305441,,0.0,,,0.9596948969620954,0.9679095597942697,,f03f57e248aa7907bdc8f6d9dc2d77aa18d6bd0c9408c1035bef8a148a559b79,c6eb3a0619930aa14ed66cc41633d3632df51fbd1eeb2b2d5c2a7d4933429313,994e24f3f3386888f736b0631dec9fe3d5198bbec72b1fcf31ae8e698fb966d6
trackside-maintenance/0066,trackside-maintenance,train,1288062,8253,9950,782695,1298012,1296315,0.9860648490160878,0.9936334918596175,0.992334431422822,,,,,,,,,,,,,,0.9860648490160878,,0.9491436896940374,,,0.9708710774007192,0.9753064955969338,,6223c858287f0677fdc6d3b7cc8038c3ecc2f0d657d409ea0818439bb88d0fa5,d3884b710501411f6f6b15febc4e69affad923b6dee90f38d67b046fdfa35666,0b983e5554c232c3ca6593383c98854f45b32997744aa74a96d7b6c921aacc5c
trackside-maintenance/0067,trackside-maintenance,train,843547,8667,14226,1222520,857773,852214,0.9735780896542172,0.9898300192205244,0.9834151925975754,,,0.8180385288966725,0.5045871559633027,,0.9425131301582764,,,,0.0,,,,0.9735780896542172,,0.9826705324709616,,,0.9546999989570623,0.9670013222056838,0.0,0500732a4422c6db9e57d541c1a7f0c06c3e10fd30ca7e04d1cb512dcd29b739,31e1a531c8bacd76bd03d1630b16b65d83c1b22e86c7d094e48509567df280d7,111c05ea159fc54f88018158c0b3042f364baff0cefdac142ce801fe948adace
trackside-maintenance/0068,trackside-maintenance,train,1033146,9746,20955,1025113,1054101,1042892,0.9711415269300943,0.9906548329069549,0.9801205007869265,,,0.7968282465589467,0.5523809523809524,,,,,0.0,,,,,0.9711415269300943,,0.9758758015524805,,,0.9575478680331223,0.9566595147714144,,2002370858caebe870952bed7a32a15d4c1e010a5b718f1e3c6e2a619ef1550f,f630baf409c8fa26b7d8c7049cc4ec4ab2d5780809fe481c6ff0414a1752009b,7349e7e353db02dcb1acafbf2f767dbe19fd08b394a1a7a1137dcbd22d796407
trackside-maintenance/0069,trackside-maintenance,train,1787554,4930,19282,277194,1806836,1792484,0.9866362433117742,0.9972496267749112,0.9893283064982101,,,,,,,,,,0.9747139360294204,,,,0.9866362433117742,,,,,0.9567850852699858,0.7661325752681225,,f29f28360c7637a0569445615e72587d568ec754c219c552470709afefec21c0,9004352091a51ef231b51d3a96e9c590f364538a5c6d5c05d1c1cbd61935bd8f,11bf78e857bd32478365543cf5346d239900b03f2306bf9b03c2776de0b4d007
trackside-maintenance/0070,trackside-maintenance,train,1865734,3324,9513,210389,1875247,1869058,0.9931666144106345,0.99822156401781,0.994927068274206,,,,,,,,,,,,,,0.9931666144106345,,,,,0.965884250923647,0.8386275780931115,,8da8ac7ad697e79d43107c8ebe4903d9b515079f50e3b43f871cbcaca0df5d1e,fc37c78a2230c5c8c971926e1a494ea03d9ff1f1d5ef03a91ddce40348295058,16cb1f9af24d29d29095664126b516638b782a4b3d575c74d98500c25eee57a9
trackside-maintenance/0071,trackside-maintenance,train,1657361,3774,25435,402390,1682796,1661135,0.9826814185002698,0.9977280594292457,0.9848852742697273,,,,,,,,,,,,,,0.9826814185002698,,,,,0.9773555281725228,0.0,0.0,3722b3d81a9495d0186d3ce92ec994c7f10c979ce8ebf1d78a787043f819a9f5,b67b6c1fd6b1b376e5af96480d72e2c49eda9b71209418decad92c770b5024a5,883e36ea7a357a9e0e655f40c75e8746b1e0512dd2c61b77baf9aee71c8088fa
trackside-maintenance/0072,trackside-maintenance,train,1613671,10143,3060,462086,1616731,1623814,0.991884436041144,0.9937535949314392,0.9981072918129237,,,0.0,,,,,,,0.0,,,,0.991884436041144,,,,,0.9718697524083684,,0.0,190287f82f43182bf0e583f603971ce568382ea6cb8bd6655a8483c3dd9de73a,ed7b67bd4cb17da870d4d1c71e483046760415f5abff5f935a882ce1e78f4a58,7429ffd8b48c7763502319c34d60bc4f86b0b5b45192917e23752bba13e57745
trackside-maintenance/0073,trackside-maintenance,train,1534648,2709,29654,521949,1564302,1537357,0.9793473051561221,0.9982378848894564,0.981043302380231,,,0.0,,,,,,,0.935711814599347,,,,0.9793473051561221,0.0,0.8876286860931775,,,0.9533290031165643,0.810155584413436,0.0,5652f16f45d364803ae0cb7862cfd6866fbbefdeeefdf76929de1dbf58fe7814,776ab1d9d39e30450e3cb98591c31188fa38dda21975a58e3b3269ad48adbff8,b373c29a3e3d1bc01e397fcfc56545da8e40fa5af2dce80726d48360ee79915a
trackside-maintenance/0074,trackside-maintenance,train,1319088,16054,27203,726615,1346291,1335142,0.9682481309800381,0.9879758108126326,0.9797941158337982,,,0.0,,,,,,,0.9438330977625368,,,,0.9682481309800381,,0.9192020835799692,,,0.9625903516608463,0.8503345541888273,0.0,093b845a2d8a639e83ffa1ecf5fde92d921664c2417e66a25b10d3dca8f6d55f,f7283dc707378e69d703aef147373bdcd064cb957f41e1765d75f9806d2293a0,514b17c37b1e9ad50096a6dcafbde94ee66d2c1454ea9087fe99903881f770a2
trackside-maintenance/0075,trackside-maintenance,train,1479842,8004,28036,573078,1507878,1487846,0.9762250623729287,0.9946204109833948,0.9814069838541314,,,0.0,,,,,,,0.9410986230342921,,,,0.9762250623729287,,0.0,,,0.958816954341857,0.8915496579745924,,03904f8a2512daea1c39d2cbdedf3303eb95dcf456e4adbc73e729eb2d9aca10,718e6fd45e2e42240aee648e4e87a0092a7553e48a752f65433e382eadbfffee,2bbe2b16306351183a316bbfceee102ae3a0a8012e4fbce2e71168b40c6d45a2
trackside-maintenance/0076,trackside-maintenance,train,1608076,5422,12174,463288,1620250,1613498,0.9891761683783691,0.9966395991814059,0.9924863446998919,,,0.0,,,,,,,0.9796900293782601,,,,0.9891761683783691,,,,,0.9821055057255291,0.0,,2c8539da08f1b6584a3d127fd3a5f5050bdc5350404f6d4739a5e44dc6d6e78b,b0a5d9f1ca8e3700479bb3fd590e0e31fd80eb007671997450e69cea9e96069c,a3d4082404c5c6c98269772f447cfc93f4df2c467656cb645a13c21538ef08ad
trackside-maintenance/0077,trackside-maintenance,train,1267183,16376,9344,796057,1276527,1283559,0.9801067829527814,0.9872417239877559,0.992680139158827,,,,,,,,,,,,,,0.9801067829527814,,0.9340317003868406,,,0.9621277088097572,0.9670021053136199,,845a1cf210437b2039d48232df6099976b3cbf2a66266f2948cd84e0e8dd1a89,db1147ad0f9aa22d2101b8b087ce2dcca15710e76e651244fdb30f75aeb1348f,0fd0bec6dcf83d5def0b9407ef30ac4c6fa4001e7e7d8b4ec3b7d399a78bef19
trackside-maintenance/0078,trackside-maintenance,train,1289456,13266,7276,778962,1296732,1302722,0.9843190600290993,0.9898167068645498,0.994388971661068,,,,0.0,,,,,,,,,,0.9843190600290993,,0.9010485273196691,,,0.9560506360566705,0.9775308331687701,,9072ecd1d6bd9a6ade7bbf9d4ebfe4912556baadda2bae4e1a66249b89915dc1,5ee5a7b2559e29f59042063b25e69d22cc7635dcfb1ccedb12ca183a2172add3,12e30023b4c053c86b9d628cae51df9cf73b231918cf0ae4d7fb1a40360a08b6
trackside-maintenance/0079,trackside-maintenance,train,1305303,11989,11347,760321,1316650,1317292,0.9824361621177762,0.9908987528960929,0.9913819162267877,,,,,,,,,,,,,,0.9824361621177762,,0.9538857407193246,,,0.9700748499442481,0.9641074261831972,,7245d072113222a13b028579251a425ef833a8850f977f01ffb13f42c5569754,196f7161bb9ef2af0e3ea14b4f939200a99ce0ea7a60d5039b4f22522718c58a,d54844798e7942162a66df681b3844fe7c3365339d023905b2649a26b8030598
trackside-maintenance/0080,trackside-maintenance,train,1182586,15583,15089,875702,1197675,1198169,0.9747193094955896,0.9869943221699109,0.9874014235915419,,,,,,,,,,,,,,0.9747193094955896,,0.951475961139251,,,0.9586568506770192,0.9556910489433238,,045d4791802edd4766cb20165f7f89e48500708e9eacc4fb3176b9cd89733d49,72915e72ba77b4a35ec44c0cd9aadfe5a489e09dcf8bf4df59f3ca3ef7ac9e26,01e293cadbbdc4358c74128f560b870aacd11a21479b605132415569437a00c7
trackside-maintenance/0081,trackside-maintenance,train,1375596,16317,11289,685758,1386885,1391913,0.9803264248483112,0.9882772845716651,0.9918601758617334,,,,,,,,,,,,,,0.9803264248483112,,0.9482734646581692,,,0.9626939501333701,0.9563578370604351,,eaf74d01f4f349885d90aff52c367596e2cba944e49a7b0feffd851b79a71ea1,e7d19f949be6c72d26980869fabb339acd375a65015bcc000bb7ea609efc0558,cfc6f419c42092fbd23379eea7a248c80a8873fd4a3c084eaf2c8b4edcf837ba
trackside-maintenance/0082,trackside-maintenance,train,610224,65437,32471,1380828,642695,675661,0.8617376421345173,0.9031511364426835,0.9494768124849268,,,0.9540551157468597,,,,,,,,,,,0.8617376421345173,,,,,0.972894250445574,0.6499373008294698,,65b79e130b09b882fa33f7676d2436a802b097d73fc606fa0428a40aa7592ed5,a63aebc4038689fc219bba17b9c67904c70eae12e7833a0e436e0aa12bdbfcaa,ad361a11a904bbe3d5c75c488b528201a5084b90f757930afc0df11238ff34d4
trackside-maintenance/0083,trackside-maintenance,train,1589084,7587,8390,483899,1597474,1596671,0.9900458611853381,0.9952482383659501,0.994747958339228,,,,,,,,,,,,,,0.9900458611853381,,,,,0.9733275389878756,0.956487679364129,,f93539c0825969b6f96f386dbaa98f06caadbcb1d80a39102a077ace90560d5e,eacd1a0cdf15d5e49563452c6d7003c31113591a4df0d81eaf61105edab0d64b,ed719a6aa84ff86fd5a6eb5276dbbaf0fa39e58e21909189c11a962dc32d6049
trackside-maintenance/0084,trackside-maintenance,train,1390226,13894,9523,675317,1399749,1404120,0.983434997379112,0.9901048343446429,0.9931966373971334,,,,,,,,,,,,,,0.983434997379112,,,,,0.9744971726312261,0.9618374478383299,,78b655ec93b0e9575d9bf363a03233ad6e48a40c1e428e86125f919cccf38ced,ac028f7bcbe7ad92f61055bc538a75e3ad911ea17ef8513a38a275c9758c465e,1c357c07033f1341f19bf6b7df1b81479430c6d842b6df020d27cb0f28da9c73
trackside-maintenance/0085,trackside-maintenance,train,1320388,13968,5814,748790,1326202,1334356,0.9852391860734085,0.9895320289338078,0.9956160524565639,,,,0.048426150121065374,,,,,,,,,,0.9852391860734085,,0.7764003673094583,,,0.967217540277225,0.9775587147340017,,1fe7cf2ae2eef9be85f098226cc6e927e226f7e34a356079eaf30f81a5517c08,a964b223ce70c0ddfcfc63a7116d136b72dbabc8a5bfb3c71b4a8784a89ebc9f,7d954321f06b5ee8e05a75ac1d2fce796114f3bc728a21653b3164853c10d3a5
trackside-maintenance/0086,trackside-maintenance,train,847850,12550,6517,1222043,854367,860400,0.9780059682760864,0.9854137610413761,0.992372130477886,,,0.8413553639846744,0.7929447852760736,,0.932198703572855,,,0.0,0.0,,,,0.9780059682760864,,0.9734923043083465,,,0.9612311948815494,0.9691387402386938,0.0,9db552632140a4fe745fdf61a0d0fa31fc4952af06addd32095a7c1372bb9d8a,48e0f42fd5470fdf74ebb3d8b15d9098a05ee9adf3541431ac1b7a9fa0e062d9,baef13cb8932e5b721ea4ab04a027f1cf9d4d7fe6fe3501bc63c0b9d664a683f
trackside-maintenance/0087,trackside-maintenance,train,1016078,16540,8227,1047237,1024305,1032618,0.9762049104333498,0.9839824601159384,0.9919682125929289,,,0.7661267802289863,0.6947890818858561,,0.851589015735884,,,,0.0,,,,0.9762049104333498,,0.9780071068737614,,,0.9629935712856559,0.9647723308470522,,95207ac84f3acc3ff5c55764aa554bffc9f0a32f4cab08eaf951e2fe43877d51,587b26c9e34a988459b083e4db74f236062e3ecce661eb481c45f1084fd9f4af,f85f8cf2f766a4c5a912cda6ca3e1b57221ddd867cb26b8a193feca1f1ea983e
trackside-maintenance/0088,trackside-maintenance,train,1051965,14755,4436,1017804,1056401,1066720,0.9820838421294378,0.9861678791060446,0.9958008369927708,,,,,,,,,,,,,,0.9820838421294378,,0.9738982545742281,,,0.9673428723358739,0.9723211321896985,,d725e1c7a0e34cdd9a85ca766c2f77aae4456153fa89c7ec4ed4903841bcc25a,d8588ac0e324f990fbff92d6ef4ea35638073f169b1c3a29eb0f763ca8158eea,2dd0ab5025e7200434e4b3eb709801fd3a3cbb4a3a47f0556c4d9ce666837036
trackside-maintenance/0089,trackside-maintenance,train,1341996,11694,11947,723323,1353943,1353690,0.9826886647037243,0.9913613899785032,0.9911761425702559,,,,,,,,,,,,,,0.9826886647037243,,0.8413284132841329,,,0.961899422275309,0.9729364296859295,,0055dcf9f3b23337c4d0b8675c5c94dc530eabdf296e211580d8631bfde63237,3fa143f99bf6e20e136865aa3ed2add68b848b13c63f491d183a418d2b345cb3,018adb156006e8f258c0ca32cc5eb8670777b3060b218c1a47f82a35d45b0354
trackside-maintenance/0090,trackside-maintenance,train,823910,11923,5031,1248082,828941,835833,0.9798374053354645,0.9857351887278918,0.9939308105160681,,,0.8522061092255476,0.28379136287156476,,0.9114230268229789,,,,0.0,,,,0.9798374053354645,,0.980224013767411,,,0.9719105251556153,0.9700541295617252,,0a5483a0127931090560f2cb06532b9de62ff8978b5d2d75fc73f10c9e628fb9,bdacebbf7725f3ad965f05b99232ec789fc6dd5801ffb98aa2a88920ad1db2bc,e856eaffbfdfe2cb8edf459bc85c5e0f996a80405082e505ef3de5c4893ced9a
trackside-maintenance/0091,trackside-maintenance,train,1003559,9096,10599,1065502,1014158,1012655,0.9807525795159364,0.9910176713688275,0.9895489657430104,,,0.8927374301675978,0.7161383285302594,,,,,,,,,,0.9807525795159364,,0.9730238364534887,,,0.9640725546137987,0.9735142180020007,,140a0439c3c000cca0ab1e8fd90ed6598c8fdb0c15a7ebf645bf70366d6dd90b,fd9fcc64d607952b1ca4b32b253c900c3b6c42ae47ad9a118acf78aa6132ac62,cac19accedac732324806891c55f3fbe7124f00014d986006a3a9a27994f0ddd
trackside-maintenance/0092,trackside-maintenance,train,1296054,2777,16548,773581,1312602,1298831,0.9853084168137092,0.997861923529697,0.987392979745574,,,,,,,,,,,,,,0.9853084168137092,,,,,0.9721469564399285,0.9769026374830698,,b46f2ac36452a0a15ac8e7c69746492ff0b596b959f253d1612c3db9998b2895,ca30dbb08d9fb0e4fe8996fe88911e453cc3bca799282014ced559432b824f51,06b54290a0510bcef835e1c7238c012c27308b8cb980f6cf37c17f3c524a3ceb
trackside-maintenance/0093,trackside-maintenance,train,888786,13525,5036,1181182,893822,902311,0.9795436586002929,0.985010711384434,0.9943657685758462,,,0.8339146321209101,0.6352941176470588,,0.8386158767083455,,,,0.0,,,,0.9795436586002929,,0.9824540034046245,,,0.9583947299991332,0.9742098635242084,0.0,6259e3456d036d7371c800562ffea682d470ccccfc442c166f67ae5f354b645f,84941b6b7aa17a3e2407d6f073b2b43d7c36ff43014f7ec679d58cf5431ed076,284b060b62a76509239ee97537568553160565fc542b2dc51869a6e6696fe9cb
trackside-maintenance/0094,trackside-maintenance,train,1025267,8559,12245,1041752,1037512,1033826,0.9801122485949807,0.9917210439667797,0.9881977268696651,,,,,,,,,,,,,,0.9801122485949807,,0.9725409124623227,,,0.9709134083442559,0.9701609352073579,,e0ed8f532604e6e6555ff2fed40abf4191312f80d30033f9f5891f116ab17ef9,7e4ff407e211370343392cbcdbff2b1388d8e1979cda20ce09bf6f00dd9def79,ae7acaf20d6cd9ebd3bf36b7fe2937c788efad21d205277e1a31ab429e0d6f5b
trackside-maintenance/0095,trackside-maintenance,train,810011,5749,16268,1256932,826279,815760,0.9735381501584082,0.9929525840933608,0.9803117348982607,,,0.9096941252629875,0.32578685808945335,,0.9727659940627286,,,,0.0,,,,0.9735381501584082,,0.9850169596659175,,,0.9602147412333943,0.9631671636414577,,2c0673f9062a1f999a14ea9f32f3a730731ead900fcdf51751a187ad746dfc7b,e2149e1bb2a9cbc2acdbaf0b9ef76ebcda214853f1f5097dab8ec69174e4aad8,735e90d3f4c2ca764348fd761d5d711fea477872c2077eb12efb4ae20db7d4c4
trackside-maintenance/0096,trackside-maintenance,train,399438,5775,7733,1675607,407171,405213,0.9672887011861115,0.9857482361128591,0.9810079794484381,,0.0,0.9360217798196359,0.566468253968254,,0.9727350492133444,,,0.0,0.0,,,,0.9672887011861115,,0.9892096234594429,0.9704197317178711,,0.9402733887859746,0.9649647802408658,,4c21278ae3f78bf40f512492d07dff5fe47bcd04749b1b5bbb976b5f139f1b63,0bdeb500a31ea967c4b9b29ff432f98229b20b9b969b3a7a8efa595fe61979ce,ac9884e5e615ba06a6614969a7adba69e14689e884cedf7112113b4cbfa10953
trackside-maintenance/0097,trackside-maintenance,train,1522470,3717,36325,286505,1558795,1526187,0.9743733168129268,0.997564518633693,0.976696743317755,,,0.0,0.0,,0.0,,,,0.0,,,,0.9743733168129268,,0.8741854636591478,,,0.9616702588404871,0.0,,069e56fc048051d80ef3d6c175598cb6a1df2596f82c85bd8075f4b88100565a,4dafdc7299c42b3fd729bc5fad69b105505ba91c31b992ed39c8524ab26e9327,69d5489df1b217acb1058906d5e3ce919c746384da8ad0463a47225a66192f26
trackside-maintenance/0098,trackside-maintenance,train,1731260,15223,5646,336831,1736906,1746483,0.9880893473026244,0.9912836254346593,0.9967493923102344,,,0.0,,,,,,,,,,,0.9880893473026244,,,,,0.9505808863812218,0.0,,fc04d89f6819407752a53d790ea973fc002344aa19eadc04b345225545c7ce53,50b458614c96f982cdd8a232cc68c34b8a13e26c9ea30e839f0bb3d3f75ed0bb,512419f10ea976801cd3908f6350120700487b2df59f285d12cdea607109725e
trackside-maintenance/0099,trackside-maintenance,train,1268818,11234,36068,772840,1304886,1280052,0.9640595082515272,0.9912237940333674,0.9723592712313566,,,0.6718606782768103,0.45016949152542374,,0.9652547249147966,,0.0,0.0,,,,,0.9640595082515272,,0.9874292846441719,,,0.935173485049281,0.7172629975657188,,34c0bbfd58571e1b86214468e7824979e09367e8aa452150512daa459ff8c186,0553959daf6ce869735cd945b60890b3ab439a1579cbc8fe572569200304aa26,399ba22edf3d20ce9cc5e4068c4b0abe89c94e10a8f343f84eeb1cb4cedca256
trackside-maintenance/0100,trackside-maintenance,train,1127456,21656,10282,340127,1137738,1149112,0.9724528503683821,0.9811541433733179,0.9909627699874664,,,0.90666293834649,,,,,,,,,,,0.9724528503683821,,,,,0.897031759831096,0.8819590522634886,,295de469c85a2cbd063ed52a760230d5847fd6ca3ec792d4228e881a1fc88163,f5b03baa6b4d5ea3f09082ebe6520174de0c27be86a86a96401a87b00c959c4c,147d63d24efd726af49d715223725601a166de3a7b17e9545d20e1aef3e493ea
trackside-maintenance/0101,trackside-maintenance,train,419696,6952,15257,224095,434953,426648,0.9497425917335174,0.9837055371172488,0.9649226468147133,,,0.7472505891594659,,,,,,,,,,,0.9497425917335174,,0.9069561364643332,,,0.9409337494501812,0.8877354756730108,,f18cd13f8be6e6da511d8cc5f6ff2f0e8e5ffa3cdc730d55f0752e075e4be9a7,2053724e9bccf33b2605685548994cd45b4e42ce9eed6263ab94fd76ac8b7402,04ff9aaad256f3ceaab2648da9cfe2f2b72f618402ee6b9f6888db992333de22
trackside-maintenance/0102,trackside-maintenance,train,366078,15511,35118,1082550,401196,381589,0.8785021609908161,0.9593515536349319,0.9124667244937636,,,0.9127881964431788,0.14704830053667262,,,,,,,0.980272974242217,,,0.8785021609908161,,0.9618318269191444,,0.2379813506032838,0.7900504938041274,0.8333268927940025,0.0,d32849c8bde9dd413c6d0ab82ca84e62323fed3319cfb99825a11f91ac7baef3,16725b66e3177e4058bec98d44bcd85e2a17929f45e24c0a9596f58d4fc0420f,6aac030226d8e941e52fa72b48e9821778150e672c827da61b60711d8e305100
trackside-maintenance/0103,trackside-maintenance,train,734932,72877,49255,1231896,784187,807809,0.8574995566258763,0.9097843673442608,0.9371897264300479,,,0.9140335606536532,,,,,,,,,,,0.8574995566258763,,,,,0.9756748893938895,0.7969858791484481,,bcd725f20e45aba176964b9c6318633c2f7a70f7664784eb0dfc98abf0940141,832b0e6356d68f26976e3d7922d3b08c241fb1ce86ad33ae4f971af5515c330f,1db01b7d6a8a99b6697d89a70402882ada2f4e510b6a1c95f4ef6125d2eca103
trackside-maintenance/0104,trackside-maintenance,train,131529,2004,2574,286294,134103,133533,0.9663646983623179,0.9849924737705287,0.9808057985279971,,,0.0,,,,,,,,,,,0.9663646983623179,,0.994084651414416,,,0.9710597247836572,0.9598750655449924,,8af545cd5a93e866ceeaf9e8b89657bd1753fb543ecfc98e2121144440cb5e5b,38d8338d1cf13856f69f9d6bf5678bbe6767d870b9c6d44089b654888be7a538,5eda087897c1bf49eb452e02e1951a9818f7ab49822c75d4ebf794a82d9ba111
trackside-maintenance/0105,trackside-maintenance,train,198721,9800,8057,569854,206778,208521,0.9175493355742503,0.9530023354961851,0.9610355066786602,,,0.7934087237479807,0.18577924903377727,,,,,0.9933223235441947,,,,,0.9175493355742503,,0.0,,,0.9613806635747414,0.9395065161205037,,d1ad562afeae01ddb70bc66ae877af92f08918967c215ffefec2257c3ad76fa6,c81174649f12ca8f38a2a5768fc715389902ca51ae6140ec8217629ad50b6eb2,cf0667f6cb8664d726e3b481433201a05cc55b78b7375625d943b0fdeb36ee6c
vegetation-worksite/0262,vegetation-worksite,train,0,92,0,2073508,0,92,0.0,0.0,,,0.9757500802329495,0.872141489241861,0.5837061700135262,,0.0,0.0,0.0,,0.924362034147237,,0.853460972017673,,0.0,0.0,0.9776724442618451,0.9905151116832395,,0.6179110177582585,0.9310031638936852,,54396730a7d632e6ac164891ed59aa4b248397c4bff8ad0524ee051361535740,ecc4df5204120b6d832dfe643f5cf2ece2d746710ad731c9c0b70f45d3c1a90e,a8f8940c41be72d430d3d0c6ceea41581d9be896914980e1542fbcb8eca2ca58
