phase,attempt_started_at,elapsed_seconds,device_used_mib,gpu_utilization_percent,board_power_w,temperature_c
training,2026-10-05T14:49:06.497381+00:00,0.3184269517660141,0.0,0.0,33.3,30.0
training,2026-10-05T14:49:06.497381+00:00,5.629781611263752,0.0,0.0,33.53,30.0
training,2026-10-05T14:49:06.497381+00:00,10.991947762668133,5937.0,0.0,124.56,33.0
training,2026-10-05T14:49:06.497381+00:00,16.37623503804207,8059.0,0.0,93.06,34.0
training,2026-10-05T14:49:06.497381+00:00,21.701150581240654,17323.0,81.0,269.45,45.0
training,2026-10-05T14:49:06.497381+00:00,27.0210674777627,17325.0,91.0,294.83,45.0
training,2026-10-05T14:49:06.497381+00:00,32.39193616062403,17325.0,94.0,286.3,48.0
training,2026-10-05T14:49:06.497381+00:00,37.757518984377384,17325.0,79.0,241.57,48.0
training,2026-10-05T14:49:06.497381+00:00,43.152177542448044,17325.0,86.0,276.8,52.0
training,2026-10-05T14:49:06.497381+00:00,48.5987973511219,17325.0,88.0,259.25,52.0
training,2026-10-05T14:49:06.497381+00:00,53.97509282082319,17325.0,79.0,248.52,55.0
training,2026-10-05T14:49:06.497381+00:00,59.38114771991968,17325.0,91.0,271.99,57.0
training,2026-10-05T14:49:06.497381+00:00,64.79209722578526,17325.0,86.0,300.84,58.0
training,2026-10-05T14:49:06.497381+00:00,70.20916463434696,17325.0,95.0,282.42,57.0
training,2026-10-05T14:49:06.497381+00:00,75.71706096827984,17325.0,97.0,283.5,58.0
training,2026-10-05T14:49:06.497381+00:00,81.12518808990717,17325.0,94.0,268.62,61.0
training,2026-10-05T14:49:06.497381+00:00,86.528349801898,17325.0,97.0,282.35,62.0
training,2026-10-05T14:49:06.497381+00:00,91.8948438540101,17325.0,90.0,281.74,60.0
training,2026-10-05T14:49:06.497381+00:00,97.28554049879313,17325.0,75.0,294.6,62.0
training,2026-10-05T14:49:06.497381+00:00,102.73614215105772,17325.0,88.0,296.66,63.0
training,2026-10-05T14:49:06.497381+00:00,108.1336539387703,17325.0,73.0,239.11,62.0
training,2026-10-05T14:49:06.497381+00:00,113.5580300912261,17325.0,74.0,287.47,65.0
training,2026-10-05T14:49:06.497381+00:00,118.97317642718554,17325.0,85.0,293.98,62.0
training,2026-10-05T14:49:06.497381+00:00,124.3612887263298,17325.0,98.0,271.88,66.0
training,2026-10-05T14:49:06.497381+00:00,129.77944196760654,17325.0,97.0,286.49,63.0
training,2026-10-05T14:49:06.497381+00:00,135.14888207614422,17325.0,90.0,275.8,64.0
training,2026-10-05T14:49:06.497381+00:00,140.50012718886137,17325.0,81.0,280.01,67.0
training,2026-10-05T14:49:06.497381+00:00,145.85769950598478,17325.0,77.0,282.1,67.0
training,2026-10-05T14:49:06.497381+00:00,151.29726783931255,17325.0,94.0,278.11,67.0
training,2026-10-05T14:49:06.497381+00:00,156.70401318371296,17325.0,95.0,291.36,66.0
training,2026-10-05T14:49:06.497381+00:00,162.09063973277807,17325.0,70.0,250.4,65.0
training,2026-10-05T14:49:06.497381+00:00,167.47680321335793,17325.0,77.0,295.37,68.0
training,2026-10-05T14:49:06.497381+00:00,172.87003729492426,17325.0,95.0,285.23,66.0
training,2026-10-05T14:49:06.497381+00:00,178.2610563337803,17325.0,85.0,308.88,69.0
training,2026-10-05T14:49:06.497381+00:00,183.7247532904148,17325.0,83.0,282.21,65.0
training,2026-10-05T14:49:06.497381+00:00,189.12018357217312,17325.0,95.0,296.49,67.0
training,2026-10-05T14:49:06.497381+00:00,194.55912389606237,17325.0,90.0,301.92,67.0
training,2026-10-05T14:49:06.497381+00:00,199.93492901325226,17325.0,93.0,273.55,68.0
training,2026-10-05T14:49:06.497381+00:00,205.36822678893805,17325.0,93.0,263.05,69.0
training,2026-10-05T14:49:06.497381+00:00,210.76392364501953,17325.0,83.0,284.65,69.0
training,2026-10-05T14:49:06.497381+00:00,216.23892606794834,17325.0,76.0,262.86,67.0
training,2026-10-05T14:49:06.497381+00:00,221.6746976673603,17325.0,90.0,275.42,67.0
training,2026-10-05T14:49:06.497381+00:00,227.0770992860198,17325.0,93.0,276.75,70.0
training,2026-10-05T14:49:06.497381+00:00,232.52109388262033,17325.0,95.0,296.8,68.0
training,2026-10-05T14:49:06.497381+00:00,238.00159004330635,17325.0,79.0,290.84,68.0
training,2026-10-05T14:49:06.497381+00:00,243.43950513005257,17325.0,90.0,300.95,66.0
training,2026-10-05T14:49:06.497381+00:00,248.93036599457264,17325.0,93.0,285.1,67.0
training,2026-10-05T14:49:06.497381+00:00,254.2919494062662,17325.0,84.0,295.73,68.0
training,2026-10-05T14:49:06.497381+00:00,259.7108629271388,17325.0,92.0,289.51,69.0
training,2026-10-05T14:49:06.497381+00:00,265.0716260969639,17325.0,94.0,292.52,69.0
training,2026-10-05T14:49:06.497381+00:00,270.4122209921479,17325.0,86.0,244.22,68.0
training,2026-10-05T14:49:06.497381+00:00,275.7553845643997,17325.0,99.0,284.28,68.0
training,2026-10-05T14:49:06.497381+00:00,281.1562899053097,17325.0,82.0,294.01,68.0
training,2026-10-05T14:49:06.497381+00:00,286.51189295202494,17325.0,79.0,283.98,70.0
training,2026-10-05T14:49:06.497381+00:00,291.8522141650319,17325.0,92.0,284.58,67.0
training,2026-10-05T14:49:06.497381+00:00,297.2535019889474,17325.0,99.0,285.36,70.0
training,2026-10-05T14:49:06.497381+00:00,302.622701048851,17325.0,80.0,298.02,69.0
training,2026-10-05T14:49:06.497381+00:00,307.97352010011673,17325.0,78.0,300.96,67.0
training,2026-10-05T14:49:06.497381+00:00,313.35794727504253,17325.0,79.0,267.32,69.0
training,2026-10-05T14:49:06.497381+00:00,318.7459476143122,17325.0,79.0,302.85,70.0
training,2026-10-05T14:49:06.497381+00:00,324.1754327863455,17325.0,84.0,256.12,70.0
training,2026-10-05T14:49:06.497381+00:00,329.53572441637516,17325.0,94.0,306.76,68.0
training,2026-10-05T14:49:06.497381+00:00,334.92400266230106,17325.0,98.0,294.68,68.0
training,2026-10-05T14:49:06.497381+00:00,340.2747965231538,18657.0,98.0,309.3,69.0
training,2026-10-05T14:49:06.497381+00:00,345.6061146184802,18657.0,5.0,98.1,61.0
training,2026-10-05T14:49:06.497381+00:00,350.92720118165016,18657.0,0.0,93.32,59.0
training,2026-10-05T14:49:06.497381+00:00,356.3384315222502,18657.0,0.0,92.07,57.0
training,2026-10-05T14:49:06.497381+00:00,361.64822758734226,18657.0,0.0,91.35,56.0
training,2026-10-05T14:49:06.497381+00:00,367.0348746329546,18657.0,0.0,90.62,56.0
training,2026-10-05T14:49:06.497381+00:00,372.383540533483,18657.0,0.0,90.38,55.0
training,2026-10-05T14:49:06.497381+00:00,377.7191396057606,18657.0,0.0,89.76,55.0
training,2026-10-05T14:49:06.497381+00:00,383.0525777414441,18657.0,0.0,89.66,54.0
training,2026-10-05T14:49:06.497381+00:00,388.3821736574173,18657.0,0.0,89.23,53.0
training,2026-10-05T14:49:06.497381+00:00,393.71547381579876,18657.0,0.0,88.57,53.0
training,2026-10-05T14:49:06.497381+00:00,399.0704514235258,18657.0,0.0,88.69,53.0
training,2026-10-05T14:49:06.497381+00:00,404.4455358982086,18657.0,0.0,88.11,52.0
training,2026-10-05T14:49:06.497381+00:00,409.81242982298136,18657.0,0.0,87.97,52.0
training,2026-10-05T14:49:06.497381+00:00,415.1848569661379,18657.0,0.0,87.73,51.0
training,2026-10-05T14:49:06.497381+00:00,420.50845470279455,18657.0,0.0,87.18,50.0
training,2026-10-05T14:49:06.497381+00:00,425.82821644842625,18657.0,0.0,86.58,49.0
training,2026-10-05T14:49:06.497381+00:00,431.1417433694005,18657.0,0.0,86.34,48.0
training,2026-10-05T14:49:06.497381+00:00,436.4283981323242,18657.0,0.0,85.95,48.0
training,2026-10-05T14:49:06.497381+00:00,441.7765932902694,18657.0,0.0,85.61,47.0
training,2026-10-05T14:49:06.497381+00:00,447.11881299316883,18657.0,0.0,84.36,46.0
training,2026-10-05T14:49:06.497381+00:00,452.52681774646044,18657.0,96.0,287.44,55.0
training,2026-10-05T14:49:06.497381+00:00,457.93828389793634,18657.0,80.0,297.72,57.0
training,2026-10-05T14:49:06.497381+00:00,463.28366715461016,18659.0,83.0,282.87,56.0
training,2026-10-05T14:49:06.497381+00:00,468.69240825623274,18659.0,95.0,288.59,59.0
training,2026-10-05T14:49:06.497381+00:00,474.14222192019224,18659.0,65.0,258.7,59.0
training,2026-10-05T14:49:06.497381+00:00,479.62550070881844,18659.0,90.0,279.68,60.0
training,2026-10-05T14:49:06.497381+00:00,485.0404331460595,18659.0,95.0,286.74,60.0
training,2026-10-05T14:49:06.497381+00:00,490.4684637710452,18659.0,87.0,295.52,63.0
training,2026-10-05T14:49:06.497381+00:00,495.9298662543297,18659.0,81.0,300.26,64.0
training,2026-10-05T14:49:06.497381+00:00,501.38174126297235,18659.0,88.0,296.72,63.0
training,2026-10-05T14:49:06.497381+00:00,506.8057566508651,18659.0,94.0,289.96,65.0
training,2026-10-05T14:49:06.497381+00:00,512.3160513266921,18659.0,82.0,263.99,66.0
training,2026-10-05T14:49:06.497381+00:00,517.6996773332357,18659.0,76.0,296.9,65.0
training,2026-10-05T14:49:06.497381+00:00,523.1360596567392,18659.0,80.0,307.61,67.0
training,2026-10-05T14:49:06.497381+00:00,528.5795272812247,18659.0,94.0,236.93,65.0
training,2026-10-05T14:49:06.497381+00:00,534.1103561148047,18659.0,95.0,286.49,66.0
training,2026-10-05T14:49:06.497381+00:00,539.5080443620682,18659.0,94.0,307.44,67.0
training,2026-10-05T14:49:06.497381+00:00,544.9985722154379,18659.0,98.0,288.63,69.0
training,2026-10-05T14:49:06.497381+00:00,550.3911527395248,18659.0,81.0,263.99,68.0
training,2026-10-05T14:49:06.497381+00:00,555.8506802022457,18659.0,94.0,293.35,68.0
training,2026-10-05T14:49:06.497381+00:00,561.2093440294266,18659.0,91.0,286.52,67.0
training,2026-10-05T14:49:06.497381+00:00,566.5312903672457,18659.0,95.0,264.84,67.0
training,2026-10-05T14:49:06.497381+00:00,571.8694023787975,18659.0,95.0,309.84,67.0
training,2026-10-05T14:49:06.497381+00:00,577.242468893528,18659.0,94.0,306.99,70.0
training,2026-10-05T14:49:06.497381+00:00,582.6072381809354,18659.0,94.0,245.87,67.0
training,2026-10-05T14:49:06.497381+00:00,588.0567383095622,18659.0,79.0,296.67,70.0
training,2026-10-05T14:49:06.497381+00:00,593.4285788536072,18659.0,95.0,297.26,68.0
training,2026-10-05T14:49:06.497381+00:00,598.8477206081152,18659.0,95.0,311.35,69.0
training,2026-10-05T14:49:06.497381+00:00,604.2106997817755,18659.0,94.0,288.17,68.0
training,2026-10-05T14:49:06.497381+00:00,609.6707656383514,18659.0,92.0,302.98,67.0
training,2026-10-05T14:49:06.497381+00:00,615.0567296743393,18659.0,94.0,301.54,68.0
training,2026-10-05T14:49:06.497381+00:00,620.4860190302134,18659.0,90.0,310.95,70.0
training,2026-10-05T14:49:06.497381+00:00,625.9129747003317,18659.0,95.0,300.57,70.0
training,2026-10-05T14:49:06.497381+00:00,631.3434150964022,18659.0,97.0,285.95,68.0
training,2026-10-05T14:49:06.497381+00:00,636.687261544168,18659.0,96.0,306.31,68.0
training,2026-10-05T14:49:06.497381+00:00,642.0412397384644,18659.0,77.0,286.53,70.0
training,2026-10-05T14:49:06.497381+00:00,647.3941650092602,18659.0,94.0,277.36,68.0
training,2026-10-05T14:49:06.497381+00:00,652.7672000080347,18659.0,94.0,308.37,69.0
training,2026-10-05T14:49:06.497381+00:00,658.1879588216543,18659.0,94.0,300.36,70.0
training,2026-10-05T14:49:06.497381+00:00,663.6350327134132,18659.0,94.0,282.04,70.0
training,2026-10-05T14:49:06.497381+00:00,669.0861769542098,18659.0,94.0,299.66,69.0
training,2026-10-05T14:49:06.497381+00:00,674.507067501545,18659.0,95.0,284.1,70.0
training,2026-10-05T14:49:06.497381+00:00,679.9134751185775,18659.0,97.0,286.84,70.0
training,2026-10-05T14:49:06.497381+00:00,685.3139288648963,18659.0,97.0,286.65,71.0
training,2026-10-05T14:49:06.497381+00:00,690.7460364177823,18659.0,94.0,291.68,68.0
training,2026-10-05T14:49:06.497381+00:00,696.1381091922522,18659.0,90.0,298.7,70.0
training,2026-10-05T14:49:06.497381+00:00,701.5004114434123,18659.0,84.0,281.7,71.0
training,2026-10-05T14:49:06.497381+00:00,706.8393846824765,18659.0,63.0,281.94,68.0
training,2026-10-05T14:49:06.497381+00:00,712.2788338363171,18659.0,94.0,307.23,69.0
training,2026-10-05T14:49:06.497381+00:00,717.721334554255,18659.0,97.0,285.23,69.0
training,2026-10-05T14:49:06.497381+00:00,723.0960773304105,18659.0,76.0,299.96,70.0
training,2026-10-05T14:49:06.497381+00:00,728.4919260144234,18659.0,99.0,275.44,68.0
training,2026-10-05T14:49:06.497381+00:00,733.9410094246268,18659.0,6.0,97.4,61.0
training,2026-10-05T14:49:06.497381+00:00,739.2661809250712,18659.0,0.0,94.06,59.0
training,2026-10-05T14:49:06.497381+00:00,744.5715337470174,18659.0,0.0,93.0,58.0
training,2026-10-05T14:49:06.497381+00:00,749.9107034280896,18659.0,0.0,92.4,57.0
training,2026-10-05T14:49:06.497381+00:00,755.2547253072262,18659.0,0.0,91.43,56.0
training,2026-10-05T14:49:06.497381+00:00,760.6355619430542,18659.0,0.0,91.11,55.0
training,2026-10-05T14:49:06.497381+00:00,765.9472813531756,18659.0,0.0,90.33,54.0
training,2026-10-05T14:49:06.497381+00:00,771.3309770226479,18659.0,0.0,90.05,54.0
training,2026-10-05T14:49:06.497381+00:00,776.6983051151037,18659.0,0.0,90.05,53.0
training,2026-10-05T14:49:06.497381+00:00,782.00296985358,18659.0,0.0,89.69,53.0
training,2026-10-05T14:49:06.497381+00:00,787.3033883199096,18659.0,0.0,89.08,53.0
training,2026-10-05T14:49:06.497381+00:00,792.6258570253849,18659.0,0.0,88.96,52.0
training,2026-10-05T14:49:06.497381+00:00,797.9458543211222,18659.0,0.0,88.72,52.0
training,2026-10-05T14:49:06.497381+00:00,803.3264738470316,18659.0,0.0,88.72,52.0
training,2026-10-05T14:49:06.497381+00:00,808.6733484342694,18659.0,0.0,88.09,51.0
training,2026-10-05T14:49:06.497381+00:00,814.0559344813228,18659.0,0.0,88.04,50.0
training,2026-10-05T14:49:06.497381+00:00,819.4545564875007,18659.0,0.0,87.49,49.0
training,2026-10-05T14:49:06.497381+00:00,824.8156166151166,18659.0,0.0,86.67,48.0
training,2026-10-05T14:49:06.497381+00:00,830.2014085352421,18659.0,0.0,86.04,48.0
training,2026-10-05T14:49:06.497381+00:00,835.6064337491989,18659.0,0.0,85.77,47.0
training,2026-10-05T14:49:06.497381+00:00,841.0009462311864,18659.0,89.0,279.78,55.0
training,2026-10-05T14:49:06.497381+00:00,846.3886334970593,18659.0,79.0,267.71,54.0
training,2026-10-05T14:49:06.497381+00:00,851.7488595619798,18659.0,67.0,292.31,57.0
training,2026-10-05T14:49:06.497381+00:00,857.0890649855137,18659.0,92.0,295.52,61.0
training,2026-10-05T14:49:06.497381+00:00,862.4647174179554,18659.0,93.0,302.65,61.0
training,2026-10-05T14:49:06.497381+00:00,867.9015861600637,18659.0,94.0,240.86,62.0
training,2026-10-05T14:49:06.497381+00:00,873.3021479696035,18659.0,93.0,278.86,65.0
training,2026-10-05T14:49:06.497381+00:00,878.7108808904886,18659.0,78.0,294.92,66.0
training,2026-10-05T14:49:06.497381+00:00,884.0398539528251,18659.0,5.0,93.98,58.0
training,2026-10-05T14:49:06.497381+00:00,889.3646301776171,18659.0,0.0,90.9,55.0
training,2026-10-05T14:49:06.497381+00:00,894.7709700539708,18659.0,0.0,90.25,54.0
training,2026-10-05T14:49:06.497381+00:00,900.1829242929816,18659.0,0.0,89.15,52.0
training,2026-10-05T14:49:06.497381+00:00,905.5405306592584,18659.0,0.0,88.52,51.0
training,2026-10-05T14:49:06.497381+00:00,910.8770912736654,18659.0,0.0,87.92,50.0
training,2026-10-05T14:49:06.497381+00:00,916.2764504924417,18659.0,0.0,87.13,49.0
training,2026-10-05T14:49:06.497381+00:00,921.647878959775,18659.0,0.0,86.64,48.0
training,2026-10-05T14:49:06.497381+00:00,926.9852173551917,18659.0,0.0,86.29,47.0
training,2026-10-05T14:49:06.497381+00:00,932.3356118649244,18659.0,0.0,85.81,47.0
training,2026-10-05T14:49:06.497381+00:00,937.6858325600624,18659.0,0.0,85.23,46.0
training,2026-10-05T14:49:06.497381+00:00,942.9758809655905,18659.0,0.0,85.08,45.0
training,2026-10-05T14:49:06.497381+00:00,948.3730364665389,18659.0,95.0,263.66,52.0
training,2026-10-05T14:49:06.497381+00:00,953.8281949907541,18659.0,74.0,274.46,54.0
training,2026-10-05T14:49:06.497381+00:00,959.2304422706366,18659.0,83.0,286.0,55.0
training,2026-10-05T14:49:06.497381+00:00,964.6366302967072,18659.0,95.0,303.79,59.0
training,2026-10-05T14:49:06.497381+00:00,970.0210468992591,18659.0,87.0,283.1,59.0
training,2026-10-05T14:49:06.497381+00:00,975.3817698508501,18659.0,94.0,228.49,61.0
training,2026-10-05T14:49:06.497381+00:00,980.7439837008715,18659.0,91.0,269.26,60.0
training,2026-10-05T14:49:06.497381+00:00,986.1114465817809,18659.0,98.0,298.6,63.0
training,2026-10-05T14:49:06.497381+00:00,991.4359162673354,18659.0,94.0,280.91,64.0
training,2026-10-05T14:49:06.497381+00:00,996.7925425767899,18659.0,94.0,300.2,63.0
training,2026-10-05T14:49:06.497381+00:00,1002.139166355133,18659.0,94.0,293.01,64.0
training,2026-10-05T14:49:06.497381+00:00,1007.4893476590514,18659.0,96.0,308.23,63.0
training,2026-10-05T14:49:06.497381+00:00,1012.818549618125,18659.0,95.0,288.72,63.0
training,2026-10-05T14:49:06.497381+00:00,1018.2144588828087,18659.0,79.0,278.82,64.0
training,2026-10-05T14:49:06.497381+00:00,1023.5869603529572,18659.0,80.0,295.68,67.0
training,2026-10-05T14:49:06.497381+00:00,1029.030518449843,18659.0,85.0,279.84,66.0
training,2026-10-05T14:49:06.497381+00:00,1034.3775222599506,18659.0,88.0,276.66,65.0
training,2026-10-05T14:49:06.497381+00:00,1039.6792878434062,18659.0,86.0,279.38,68.0
training,2026-10-05T14:49:06.497381+00:00,1045.0274596959352,18659.0,94.0,291.64,68.0
training,2026-10-05T14:49:06.497381+00:00,1050.406255185604,18659.0,95.0,290.08,68.0
training,2026-10-05T14:49:06.497381+00:00,1055.8005419149995,18659.0,86.0,314.23,68.0
training,2026-10-05T14:49:06.497381+00:00,1061.195253483951,18659.0,94.0,271.46,67.0
training,2026-10-05T14:49:06.497381+00:00,1066.6213435977697,18659.0,94.0,276.34,66.0
training,2026-10-05T14:49:06.497381+00:00,1072.015555806458,18659.0,93.0,276.16,69.0
training,2026-10-05T14:49:06.497381+00:00,1077.4477038383484,18659.0,95.0,302.92,66.0
training,2026-10-05T14:49:06.497381+00:00,1082.8572063222528,18659.0,96.0,304.83,67.0
training,2026-10-05T14:49:06.497381+00:00,1088.226278617978,18659.0,79.0,275.54,69.0
training,2026-10-05T14:49:06.497381+00:00,1093.6314236074686,18659.0,80.0,304.05,69.0
training,2026-10-05T14:49:06.497381+00:00,1099.0716416090727,18659.0,95.0,296.37,68.0
training,2026-10-05T14:49:06.497381+00:00,1104.4812559783459,18659.0,98.0,282.7,69.0
training,2026-10-05T14:49:06.497381+00:00,1109.983628436923,18659.0,96.0,286.97,68.0
training,2026-10-05T14:49:06.497381+00:00,1115.400502100587,18659.0,94.0,283.73,69.0
training,2026-10-05T14:49:06.497381+00:00,1120.7974643483758,18659.0,94.0,302.46,67.0
training,2026-10-05T14:49:06.497381+00:00,1126.249139778316,18659.0,84.0,287.42,69.0
training,2026-10-05T14:49:06.497381+00:00,1131.639158077538,18659.0,95.0,298.96,71.0
training,2026-10-05T14:49:06.497381+00:00,1137.0128262490034,18659.0,81.0,289.33,70.0
training,2026-10-05T14:49:06.497381+00:00,1142.33952242136,18659.0,73.0,276.01,69.0
training,2026-10-05T14:49:06.497381+00:00,1147.6674710959196,18659.0,95.0,278.55,68.0
training,2026-10-05T14:49:06.497381+00:00,1152.9778780415654,18659.0,95.0,300.25,66.0
training,2026-10-05T14:49:06.497381+00:00,1158.3327707648277,18659.0,96.0,306.99,70.0
training,2026-10-05T14:49:06.497381+00:00,1163.6822293400764,18659.0,80.0,298.45,69.0
training,2026-10-05T14:49:06.497381+00:00,1169.0257763192058,18659.0,96.0,298.74,70.0
training,2026-10-05T14:49:06.497381+00:00,1174.3767876327038,18659.0,83.0,310.48,70.0
training,2026-10-05T14:49:06.497381+00:00,1179.7195181846619,18659.0,95.0,286.27,68.0
training,2026-10-05T14:49:06.497381+00:00,1185.049604870379,18659.0,74.0,311.4,71.0
training,2026-10-05T14:49:06.497381+00:00,1190.3815852701664,18659.0,82.0,293.23,71.0
training,2026-10-05T14:49:06.497381+00:00,1195.7466199025512,18659.0,87.0,298.64,71.0
training,2026-10-05T14:49:06.497381+00:00,1201.2281747460365,18659.0,84.0,293.95,69.0
training,2026-10-05T14:49:06.497381+00:00,1206.557344302535,18659.0,94.0,311.29,67.0
training,2026-10-05T14:49:06.497381+00:00,1211.94200822711,18659.0,95.0,294.21,69.0
training,2026-10-05T14:49:06.497381+00:00,1217.2931094765663,18659.0,95.0,291.74,68.0
training,2026-10-05T14:49:06.497381+00:00,1222.63731084764,18659.0,83.0,272.78,69.0
training,2026-10-05T14:49:06.497381+00:00,1228.0550004839897,18659.0,89.0,297.12,68.0
training,2026-10-05T14:49:06.497381+00:00,1233.3873554095626,18659.0,94.0,304.82,68.0
training,2026-10-05T14:49:06.497381+00:00,1238.7785331085324,18659.0,95.0,296.92,69.0
training,2026-10-05T14:49:06.497381+00:00,1244.1628536731005,18659.0,88.0,289.67,70.0
training,2026-10-05T14:49:06.497381+00:00,1249.527407310903,18659.0,95.0,297.92,69.0
training,2026-10-05T14:49:06.497381+00:00,1254.9168563559651,18659.0,72.0,277.55,71.0
training,2026-10-05T14:49:06.497381+00:00,1260.3022670298815,18659.0,14.0,261.43,67.0
training,2026-10-05T14:49:06.497381+00:00,1265.7702413201332,18659.0,99.0,313.62,69.0
training,2026-10-05T14:49:06.497381+00:00,1271.1333782598376,18659.0,5.0,140.37,62.0
training,2026-10-05T14:49:06.497381+00:00,1276.5135388374329,18659.0,0.0,94.35,59.0
training,2026-10-05T14:49:06.497381+00:00,1281.8994495719671,18659.0,0.0,92.97,58.0
training,2026-10-05T14:49:06.497381+00:00,1287.2089359983802,18659.0,0.0,91.89,56.0
training,2026-10-05T14:49:06.497381+00:00,1292.535975947976,18659.0,0.0,90.93,55.0
training,2026-10-05T14:49:06.497381+00:00,1297.8831249251962,18659.0,0.0,90.72,54.0
training,2026-10-05T14:49:06.497381+00:00,1303.262866795063,18659.0,0.0,89.44,53.0
training,2026-10-05T14:49:06.497381+00:00,1308.558003000915,18659.0,0.0,88.79,52.0
training,2026-10-05T14:49:06.497381+00:00,1313.9261839315295,18659.0,0.0,88.04,51.0
training,2026-10-05T14:49:06.497381+00:00,1319.3035135641694,18659.0,0.0,87.97,50.0
training,2026-10-05T14:49:06.497381+00:00,1324.6234720349312,18659.0,0.0,87.39,49.0
training,2026-10-05T14:49:06.497381+00:00,1330.0179791003466,18659.0,84.0,278.6,58.0
training,2026-10-05T14:49:06.497381+00:00,1335.3542565107346,18659.0,94.0,298.7,58.0
training,2026-10-05T14:49:06.497381+00:00,1340.7943917140365,18659.0,97.0,303.0,59.0
training,2026-10-05T14:49:06.497381+00:00,1346.2641339600086,18659.0,94.0,284.25,63.0
training,2026-10-05T14:49:06.497381+00:00,1351.6734796911478,18659.0,94.0,271.72,64.0
training,2026-10-05T14:49:06.497381+00:00,1357.0584081485868,18659.0,94.0,259.62,62.0
training,2026-10-05T14:49:06.497381+00:00,1362.4675754904747,18659.0,95.0,280.96,63.0
training,2026-10-05T14:49:06.497381+00:00,1367.831075757742,18659.0,79.0,290.12,65.0
training,2026-10-05T14:49:06.497381+00:00,1373.200688622892,18659.0,83.0,291.55,63.0
training,2026-10-05T14:49:06.497381+00:00,1378.6147292628884,18659.0,84.0,261.14,64.0
training,2026-10-05T14:49:06.497381+00:00,1384.0961934253573,18659.0,96.0,309.56,64.0
training,2026-10-05T14:49:06.497381+00:00,1389.5568459630013,18659.0,78.0,307.24,67.0
training,2026-10-05T14:49:06.497381+00:00,1394.9699392467737,18659.0,94.0,297.7,68.0
training,2026-10-05T14:49:06.497381+00:00,1400.3439719453454,18659.0,83.0,279.79,66.0
training,2026-10-05T14:49:06.497381+00:00,1405.7237413451076,18659.0,94.0,300.43,67.0
training,2026-10-05T14:49:06.497381+00:00,1411.1075919568539,18659.0,95.0,291.59,67.0
training,2026-10-05T14:49:06.497381+00:00,1416.4968804344535,18659.0,97.0,297.95,68.0
training,2026-10-05T14:49:06.497381+00:00,1421.9058475643396,18659.0,95.0,284.75,65.0
training,2026-10-05T14:49:06.497381+00:00,1427.2851874604821,18659.0,100.0,287.12,67.0
training,2026-10-05T14:49:06.497381+00:00,1432.7481695339084,18659.0,93.0,267.36,66.0
training,2026-10-05T14:49:06.497381+00:00,1438.096639469266,18659.0,95.0,314.44,66.0
training,2026-10-05T14:49:06.497381+00:00,1443.4733378142118,18659.0,85.0,279.41,67.0
training,2026-10-05T14:49:06.497381+00:00,1448.8578518629074,18659.0,94.0,316.75,67.0
training,2026-10-05T14:49:06.497381+00:00,1454.2688739076257,18659.0,94.0,310.58,68.0
training,2026-10-05T14:49:06.497381+00:00,1459.6467547267675,18659.0,90.0,290.42,69.0
training,2026-10-05T14:49:06.497381+00:00,1465.0262923017144,18659.0,95.0,300.91,68.0
training,2026-10-05T14:49:06.497381+00:00,1470.356770761311,18659.0,94.0,309.47,70.0
training,2026-10-05T14:49:06.497381+00:00,1475.7348233163357,18659.0,94.0,305.04,69.0
training,2026-10-05T14:49:06.497381+00:00,1481.0861143171787,18659.0,99.0,281.28,68.0
training,2026-10-05T14:49:06.497381+00:00,1486.5394910275936,18659.0,97.0,279.32,68.0
training,2026-10-05T14:49:06.497381+00:00,1491.9123025462031,18659.0,95.0,284.7,68.0
training,2026-10-05T14:49:06.497381+00:00,1497.2951161190867,18659.0,87.0,314.33,68.0
training,2026-10-05T14:49:06.497381+00:00,1502.681179650128,18659.0,95.0,302.26,68.0
training,2026-10-05T14:49:06.497381+00:00,1508.0065913051367,18659.0,80.0,278.01,70.0
training,2026-10-05T14:49:06.497381+00:00,1513.3008169606328,18659.0,84.0,292.4,67.0
training,2026-10-05T14:49:06.497381+00:00,1518.7092388495803,18659.0,85.0,268.36,67.0
training,2026-10-05T14:49:06.497381+00:00,1524.137070953846,18659.0,95.0,283.57,67.0
training,2026-10-05T14:49:06.497381+00:00,1529.514747723937,18659.0,99.0,284.12,69.0
training,2026-10-05T14:49:06.497381+00:00,1534.9277814999223,18659.0,88.0,289.97,69.0
training,2026-10-05T14:49:06.497381+00:00,1540.3287963196635,18659.0,88.0,263.16,68.0
training,2026-10-05T14:49:06.497381+00:00,1545.737782664597,18659.0,95.0,276.95,70.0
training,2026-10-05T14:49:06.497381+00:00,1551.1006103605032,18659.0,83.0,313.29,68.0
training,2026-10-05T14:49:06.497381+00:00,1556.476017832756,18659.0,99.0,297.8,70.0
training,2026-10-05T14:49:06.497381+00:00,1561.8676989972591,18659.0,97.0,313.41,70.0
training,2026-10-05T14:49:06.497381+00:00,1567.3262599110603,18659.0,88.0,288.21,69.0
training,2026-10-05T14:49:06.497381+00:00,1572.7141156941652,18659.0,4.0,96.17,60.0
training,2026-10-05T14:49:06.497381+00:00,1578.0633019432425,18659.0,0.0,92.64,58.0
training,2026-10-05T14:49:06.497381+00:00,1583.379855722189,18659.0,0.0,91.47,56.0
training,2026-10-05T14:49:06.497381+00:00,1588.6578146889806,18659.0,0.0,90.09,55.0
training,2026-10-05T14:49:06.497381+00:00,1593.9796112179756,18659.0,0.0,89.18,53.0
training,2026-10-05T14:49:06.497381+00:00,1599.3140828087926,18659.0,0.0,88.57,52.0
training,2026-10-05T14:49:06.497381+00:00,1604.6350233778358,18659.0,0.0,87.97,51.0
training,2026-10-05T14:49:06.497381+00:00,1610.002861790359,18659.0,0.0,87.04,50.0
training,2026-10-05T14:49:06.497381+00:00,1615.323050133884,18659.0,0.0,87.16,50.0
training,2026-10-05T14:49:06.497381+00:00,1620.6840860694647,18659.0,0.0,86.36,49.0
training,2026-10-05T14:49:06.497381+00:00,1626.0555273666978,18659.0,0.0,86.21,49.0
training,2026-10-05T14:49:06.497381+00:00,1631.3625599071383,18659.0,0.0,86.31,49.0
training,2026-10-05T14:49:06.497381+00:00,1636.7040402814746,18659.0,95.0,273.2,55.0
training,2026-10-05T14:49:06.497381+00:00,1642.0677044987679,18659.0,88.0,285.03,58.0
training,2026-10-05T14:49:06.497381+00:00,1647.4143035411835,18659.0,79.0,279.69,61.0
training,2026-10-05T14:49:06.497381+00:00,1652.7551483213902,18659.0,76.0,301.18,59.0
training,2026-10-05T14:49:06.497381+00:00,1658.0668691694736,18659.0,93.0,298.38,61.0
training,2026-10-05T14:49:06.497381+00:00,1663.428693972528,18659.0,95.0,287.98,61.0
training,2026-10-05T14:49:06.497381+00:00,1668.764237165451,18659.0,98.0,290.55,64.0
training,2026-10-05T14:49:06.497381+00:00,1674.1973857581615,18659.0,94.0,289.64,63.0
training,2026-10-05T14:49:06.497381+00:00,1679.577112108469,18659.0,80.0,298.11,66.0
training,2026-10-05T14:49:06.497381+00:00,1684.9931985214353,18659.0,99.0,295.84,65.0
training,2026-10-05T14:49:06.497381+00:00,1690.430079549551,18659.0,81.0,271.15,65.0
training,2026-10-05T14:49:06.497381+00:00,1695.8933467194438,18659.0,80.0,277.31,68.0
training,2026-10-05T14:49:06.497381+00:00,1701.2808888927102,18659.0,95.0,280.96,66.0
training,2026-10-05T14:49:06.497381+00:00,1706.719908684492,18659.0,85.0,277.57,69.0
training,2026-10-05T14:49:06.497381+00:00,1712.0998319014907,18659.0,99.0,305.77,69.0
training,2026-10-05T14:49:06.497381+00:00,1717.5097126960754,18659.0,2.0,187.41,61.0
training,2026-10-05T14:49:06.497381+00:00,1722.8747503086925,18659.0,0.0,92.38,58.0
training,2026-10-05T14:49:06.497381+00:00,1728.2034898102283,18659.0,0.0,90.96,56.0
training,2026-10-05T14:49:06.497381+00:00,1733.553583726287,18659.0,0.0,89.73,54.0
training,2026-10-05T14:49:06.497381+00:00,1738.9193055257201,18659.0,0.0,88.57,52.0
training,2026-10-05T14:49:06.497381+00:00,1744.2579249888659,18659.0,0.0,87.73,51.0
training,2026-10-05T14:49:06.497381+00:00,1749.6401162445545,18659.0,0.0,86.96,50.0
training,2026-10-05T14:49:06.497381+00:00,1755.0684710219502,18659.0,0.0,86.55,49.0
training,2026-10-05T14:49:06.497381+00:00,1760.4063684120774,18659.0,0.0,86.4,48.0
training,2026-10-05T14:49:06.497381+00:00,1765.7868369817734,18659.0,0.0,85.44,47.0
training,2026-10-05T14:49:06.497381+00:00,1771.1909051910043,18659.0,94.0,109.86,51.0
training,2026-10-05T14:49:06.497381+00:00,1776.5647949948907,18659.0,79.0,272.43,57.0
training,2026-10-05T14:49:06.497381+00:00,1781.9816622138023,18659.0,94.0,297.55,56.0
training,2026-10-05T14:49:06.497381+00:00,1787.3894689679146,18659.0,95.0,271.42,56.0
training,2026-10-05T14:49:06.497381+00:00,1792.725187830627,18659.0,23.0,253.3,54.0
training,2026-10-05T14:49:06.497381+00:00,1798.0844516977668,18659.0,79.0,287.35,61.0
training,2026-10-05T14:49:06.497381+00:00,1803.4686584249139,18659.0,79.0,288.7,61.0
training,2026-10-05T14:49:06.497381+00:00,1808.8248913884163,18659.0,87.0,289.39,61.0
training,2026-10-05T14:49:06.497381+00:00,1814.1843834668398,18659.0,78.0,291.29,62.0
training,2026-10-05T14:49:06.497381+00:00,1819.5865012928843,18659.0,86.0,287.89,63.0
training,2026-10-05T14:49:06.497381+00:00,1824.9752272367477,18659.0,80.0,288.94,64.0
training,2026-10-05T14:49:06.497381+00:00,1830.3906260058284,18659.0,94.0,288.19,63.0
training,2026-10-05T14:49:06.497381+00:00,1835.7904855534434,18659.0,94.0,302.82,65.0
training,2026-10-05T14:49:06.497381+00:00,1841.221184976399,18659.0,85.0,294.0,65.0
training,2026-10-05T14:49:06.497381+00:00,1846.6035400927067,18659.0,0.0,252.37,61.0
training,2026-10-05T14:49:06.497381+00:00,1852.0121707171202,18659.0,89.0,275.88,68.0
training,2026-10-05T14:49:06.497381+00:00,1857.3554884046316,18659.0,95.0,276.8,67.0
training,2026-10-05T14:49:06.497381+00:00,1862.7625411823392,18659.0,95.0,295.25,65.0
training,2026-10-05T14:49:06.497381+00:00,1868.114656329155,18659.0,87.0,277.77,66.0
training,2026-10-05T14:49:06.497381+00:00,1873.49237626791,18659.0,86.0,280.84,69.0
training,2026-10-05T14:49:06.497381+00:00,1878.832457460463,18659.0,74.0,280.95,66.0
training,2026-10-05T14:49:06.497381+00:00,1884.2829591184855,18659.0,79.0,286.73,65.0
training,2026-10-05T14:49:06.497381+00:00,1889.590802565217,18659.0,89.0,291.69,69.0
training,2026-10-05T14:49:06.497381+00:00,1894.9619604349136,18659.0,91.0,285.68,67.0
training,2026-10-05T14:49:06.497381+00:00,1900.3659569174051,18659.0,48.0,275.97,63.0
training,2026-10-05T14:49:06.497381+00:00,1905.7100982367992,18659.0,79.0,282.03,68.0
training,2026-10-05T14:49:06.497381+00:00,1911.0892443656921,18659.0,93.0,287.4,69.0
training,2026-10-05T14:49:06.497381+00:00,1916.4332840964198,18659.0,82.0,281.88,67.0
training,2026-10-05T14:49:06.497381+00:00,1921.8381310850382,18659.0,96.0,286.65,68.0
training,2026-10-05T14:49:06.497381+00:00,1927.1720741912723,18659.0,94.0,294.49,68.0
training,2026-10-05T14:49:06.497381+00:00,1932.5685117840767,18659.0,99.0,281.56,70.0
training,2026-10-05T14:49:06.497381+00:00,1937.9622561633587,18659.0,95.0,285.32,67.0
training,2026-10-05T14:49:06.497381+00:00,1943.3508447632194,18659.0,94.0,274.06,69.0
training,2026-10-05T14:49:06.497381+00:00,1948.7565722987056,18659.0,77.0,275.62,70.0
training,2026-10-05T14:49:06.497381+00:00,1954.135549582541,18659.0,95.0,237.18,68.0
training,2026-10-05T14:49:06.497381+00:00,1959.4746333435178,18659.0,90.0,287.58,68.0
training,2026-10-05T14:49:06.497381+00:00,1964.8573136851192,18659.0,97.0,280.19,70.0
training,2026-10-05T14:49:06.497381+00:00,1970.2358758449554,18659.0,97.0,283.84,70.0
training,2026-10-05T14:49:06.497381+00:00,1975.7131490185857,18659.0,79.0,268.25,70.0
training,2026-10-05T14:49:06.497381+00:00,1981.066516213119,18659.0,94.0,291.22,69.0
training,2026-10-05T14:49:06.497381+00:00,1986.4817554727197,18659.0,96.0,275.96,71.0
training,2026-10-05T14:49:06.497381+00:00,1991.8021929264069,18659.0,94.0,280.49,69.0
training,2026-10-05T14:49:06.497381+00:00,1997.2044162228703,18659.0,97.0,301.48,70.0
training,2026-10-05T14:49:06.497381+00:00,2002.5679063275456,18659.0,99.0,293.25,69.0
training,2026-10-05T14:49:06.497381+00:00,2007.9296044185758,18659.0,95.0,289.34,68.0
training,2026-10-05T14:49:06.497381+00:00,2013.3606114163995,18659.0,96.0,285.45,66.0
training,2026-10-05T14:49:06.497381+00:00,2018.7022808492184,18659.0,85.0,262.73,69.0
training,2026-10-05T14:49:06.497381+00:00,2024.0845609530807,18659.0,95.0,292.13,71.0
training,2026-10-05T14:49:06.497381+00:00,2029.4630022495985,18659.0,96.0,274.53,70.0
training,2026-10-05T14:49:06.497381+00:00,2034.7785556092858,18659.0,80.0,292.77,70.0
training,2026-10-05T14:49:06.497381+00:00,2040.2244735583663,18659.0,94.0,320.47,68.0
training,2026-10-05T14:49:06.497381+00:00,2045.5984093770385,18659.0,75.0,301.34,67.0
training,2026-10-05T14:49:06.497381+00:00,2051.0714643225074,18659.0,95.0,285.16,69.0
training,2026-10-05T14:49:06.497381+00:00,2056.5127517804503,18659.0,88.0,276.21,71.0
training,2026-10-05T14:49:06.497381+00:00,2061.9153378903866,18659.0,92.0,278.32,71.0
training,2026-10-05T14:49:06.497381+00:00,2067.320435024798,18659.0,76.0,304.73,68.0
training,2026-10-05T14:49:06.497381+00:00,2072.7381784394383,18659.0,94.0,286.91,69.0
training,2026-10-05T14:49:06.497381+00:00,2078.155263118446,18659.0,94.0,305.46,71.0
training,2026-10-05T14:49:06.497381+00:00,2083.5355163887143,18659.0,94.0,274.6,72.0
training,2026-10-05T14:49:06.497381+00:00,2088.932840742171,18659.0,98.0,291.85,69.0
training,2026-10-05T14:49:06.497381+00:00,2094.3088823631406,18659.0,85.0,308.32,70.0
training,2026-10-05T14:49:06.497381+00:00,2099.74805355072,18659.0,0.0,95.34,60.0
training,2026-10-05T14:49:06.497381+00:00,2105.0964937359095,18659.0,0.0,93.22,58.0
training,2026-10-05T14:49:06.497381+00:00,2110.431651353836,18659.0,0.0,91.53,56.0
training,2026-10-05T14:49:06.497381+00:00,2115.8094479069114,18659.0,0.0,90.54,54.0
training,2026-10-05T14:49:06.497381+00:00,2121.203597076237,18659.0,0.0,89.68,53.0
training,2026-10-05T14:49:06.497381+00:00,2126.638177201152,18659.0,0.0,88.55,52.0
training,2026-10-05T14:49:06.497381+00:00,2132.020688906312,18659.0,0.0,88.04,50.0
training,2026-10-05T14:49:06.497381+00:00,2137.456828005612,18659.0,94.0,107.77,56.0
training,2026-10-05T14:49:06.497381+00:00,2142.8447864055634,18659.0,90.0,277.41,58.0
training,2026-10-05T14:49:06.497381+00:00,2148.255869947374,18659.0,82.0,299.41,61.0
training,2026-10-05T14:49:06.497381+00:00,2153.5564844980836,18659.0,87.0,274.28,62.0
training,2026-10-05T14:49:06.497381+00:00,2158.9614585489035,18659.0,94.0,297.58,62.0
training,2026-10-05T14:49:06.497381+00:00,2164.281082905829,18659.0,69.0,246.57,63.0
training,2026-10-05T14:49:06.497381+00:00,2169.630601942539,18659.0,85.0,265.14,62.0
training,2026-10-05T14:49:06.497381+00:00,2175.013819888234,18659.0,79.0,301.72,65.0
training,2026-10-05T14:49:06.497381+00:00,2180.3447639644146,18659.0,22.0,275.36,60.0
training,2026-10-05T14:49:06.497381+00:00,2185.7655206918716,18659.0,88.0,278.5,64.0
training,2026-10-05T14:49:06.497381+00:00,2191.1010338813066,18659.0,86.0,302.78,64.0
training,2026-10-05T14:49:06.497381+00:00,2196.513540737331,18659.0,93.0,303.9,65.0
training,2026-10-05T14:49:06.497381+00:00,2201.9475191906095,18659.0,94.0,292.98,66.0
training,2026-10-05T14:49:06.497381+00:00,2207.356494434178,18659.0,96.0,288.8,66.0
training,2026-10-05T14:49:06.497381+00:00,2212.803253389895,18659.0,88.0,289.98,66.0
training,2026-10-05T14:49:06.497381+00:00,2218.241825670004,18659.0,61.0,241.9,66.0
training,2026-10-05T14:49:06.497381+00:00,2223.640004850924,18659.0,91.0,314.45,66.0
training,2026-10-05T14:49:06.497381+00:00,2228.9832899421453,18659.0,75.0,279.25,67.0
training,2026-10-05T14:49:06.497381+00:00,2234.335765451193,18659.0,95.0,292.4,68.0
training,2026-10-05T14:49:06.497381+00:00,2239.7324082776904,18659.0,89.0,259.15,69.0
training,2026-10-05T14:49:06.497381+00:00,2245.065427057445,18659.0,81.0,286.39,69.0
training,2026-10-05T14:49:06.497381+00:00,2250.4504299759865,18659.0,79.0,278.11,69.0
training,2026-10-05T14:49:06.497381+00:00,2255.8083462044597,18659.0,94.0,305.46,68.0
training,2026-10-05T14:49:06.497381+00:00,2261.2023700103164,18659.0,87.0,281.55,68.0
training,2026-10-05T14:49:06.497381+00:00,2266.53464885056,18659.0,94.0,305.76,68.0
training,2026-10-05T14:49:06.497381+00:00,2271.997847363353,18659.0,99.0,247.22,69.0
training,2026-10-05T14:49:06.497381+00:00,2277.3846257478,18659.0,88.0,274.44,70.0
training,2026-10-05T14:49:06.497381+00:00,2282.8051985800266,18659.0,75.0,313.37,69.0
training,2026-10-05T14:49:06.497381+00:00,2288.1642294451594,18659.0,95.0,295.28,69.0
training,2026-10-05T14:49:06.497381+00:00,2293.5667406469584,18659.0,93.0,283.11,70.0
training,2026-10-05T14:49:06.497381+00:00,2298.951743274927,18659.0,95.0,274.38,71.0
training,2026-10-05T14:49:06.497381+00:00,2304.380564697087,18659.0,97.0,300.55,71.0
training,2026-10-05T14:49:06.497381+00:00,2309.7767375409603,18659.0,91.0,306.2,68.0
training,2026-10-05T14:49:06.497381+00:00,2315.1567998230457,18659.0,95.0,317.94,70.0
training,2026-10-05T14:49:06.497381+00:00,2320.4749904945493,18659.0,95.0,302.51,68.0
training,2026-10-05T14:49:06.497381+00:00,2325.8222794383764,18659.0,84.0,241.52,69.0
training,2026-10-05T14:49:06.497381+00:00,2331.222273826599,18659.0,95.0,292.85,69.0
training,2026-10-05T14:49:06.497381+00:00,2336.6111802458763,18659.0,98.0,294.65,71.0
training,2026-10-05T14:49:06.497381+00:00,2341.9496736600995,18659.0,95.0,305.23,70.0
training,2026-10-05T14:49:06.497381+00:00,2347.313710577786,18659.0,0.0,96.47,60.0
training,2026-10-05T14:49:06.497381+00:00,2352.6983618587255,18659.0,0.0,92.98,58.0
training,2026-10-05T14:49:06.497381+00:00,2358.049243055284,18659.0,0.0,91.65,56.0
training,2026-10-05T14:49:06.497381+00:00,2363.4480602666736,18659.0,0.0,90.78,54.0
training,2026-10-05T14:49:06.497381+00:00,2368.836890220642,18659.0,0.0,89.29,52.0
training,2026-10-05T14:49:06.497381+00:00,2374.190092474222,18659.0,0.0,88.88,51.0
training,2026-10-05T14:49:06.497381+00:00,2379.6390932053328,18659.0,0.0,87.94,50.0
training,2026-10-05T14:49:06.497381+00:00,2384.948191508651,18659.0,95.0,290.42,57.0
training,2026-10-05T14:49:06.497381+00:00,2390.278260335326,18659.0,94.0,285.28,58.0
training,2026-10-05T14:49:06.497381+00:00,2395.6309857964516,18659.0,95.0,265.34,59.0
training,2026-10-05T14:49:06.497381+00:00,2401.0000288784504,18659.0,25.0,230.35,59.0
training,2026-10-05T14:49:06.497381+00:00,2406.4585821926594,18659.0,93.0,290.47,61.0
training,2026-10-05T14:49:06.497381+00:00,2411.876114949584,18659.0,99.0,295.15,63.0
training,2026-10-05T14:49:06.497381+00:00,2417.401907220483,18659.0,94.0,290.49,64.0
training,2026-10-05T14:49:06.497381+00:00,2422.812116034329,18659.0,78.0,299.16,63.0
training,2026-10-05T14:49:06.497381+00:00,2428.2748665437102,18659.0,79.0,287.11,63.0
training,2026-10-05T14:49:06.497381+00:00,2433.6347618848085,18659.0,99.0,277.29,65.0
training,2026-10-05T14:49:06.497381+00:00,2439.0033852905035,18659.0,79.0,275.71,63.0
training,2026-10-05T14:49:06.497381+00:00,2444.4107631370425,18659.0,83.0,283.18,66.0
training,2026-10-05T14:49:06.497381+00:00,2449.8434435352683,18659.0,75.0,312.52,66.0
training,2026-10-05T14:49:06.497381+00:00,2455.255450308323,18659.0,95.0,240.2,65.0
training,2026-10-05T14:49:06.497381+00:00,2460.620875366032,18659.0,83.0,282.64,66.0
training,2026-10-05T14:49:06.497381+00:00,2465.9702185094357,18659.0,83.0,296.71,67.0
training,2026-10-05T14:49:06.497381+00:00,2471.390389725566,18659.0,98.0,300.5,68.0
training,2026-10-05T14:49:06.497381+00:00,2476.7063911110163,18659.0,82.0,287.27,66.0
training,2026-10-05T14:49:06.497381+00:00,2482.088454090059,18659.0,84.0,286.92,69.0
training,2026-10-05T14:49:06.497381+00:00,2487.4580105170608,18659.0,95.0,293.26,65.0
training,2026-10-05T14:49:06.497381+00:00,2492.802561931312,18659.0,95.0,284.78,67.0
training,2026-10-05T14:49:06.497381+00:00,2498.185428418219,18659.0,90.0,300.83,69.0
training,2026-10-05T14:49:06.497381+00:00,2503.6210891902447,18659.0,5.0,96.88,61.0
training,2026-10-05T14:49:06.497381+00:00,2509.024256207049,18659.0,0.0,92.16,58.0
training,2026-10-05T14:49:06.497381+00:00,2514.455756224692,18659.0,0.0,91.41,56.0
training,2026-10-05T14:49:06.497381+00:00,2519.8291283473372,18659.0,0.0,89.73,54.0
training,2026-10-05T14:49:06.497381+00:00,2525.1864019036293,18659.0,0.0,89.0,53.0
training,2026-10-05T14:49:06.497381+00:00,2530.5623617321253,18659.0,0.0,87.58,51.0
training,2026-10-05T14:49:06.497381+00:00,2535.9403331056237,18659.0,0.0,87.61,50.0
training,2026-10-05T14:49:06.497381+00:00,2541.2896104454994,18659.0,80.0,292.77,60.0
training,2026-10-05T14:49:06.497381+00:00,2546.600142650306,18659.0,78.0,288.01,59.0
training,2026-10-05T14:49:06.497381+00:00,2551.9731772840023,18659.0,84.0,269.3,61.0
training,2026-10-05T14:49:06.497381+00:00,2557.3354120627046,18659.0,96.0,289.44,61.0
training,2026-10-05T14:49:06.497381+00:00,2562.7063316479325,18659.0,89.0,252.58,64.0
training,2026-10-05T14:49:06.497381+00:00,2568.0876402929425,18659.0,94.0,294.99,65.0
training,2026-10-05T14:49:06.497381+00:00,2573.5629991441965,18659.0,80.0,292.97,64.0
training,2026-10-05T14:49:06.497381+00:00,2578.90852137655,18659.0,96.0,283.03,63.0
training,2026-10-05T14:49:06.497381+00:00,2584.391557402909,18659.0,76.0,285.45,66.0
training,2026-10-05T14:49:06.497381+00:00,2589.753655657172,18659.0,95.0,300.32,65.0
training,2026-10-05T14:49:06.497381+00:00,2595.157170392573,18659.0,85.0,302.08,66.0
training,2026-10-05T14:49:06.497381+00:00,2600.4899390265346,18659.0,79.0,293.13,66.0
training,2026-10-05T14:49:06.497381+00:00,2605.8795246109366,18659.0,94.0,278.95,67.0
training,2026-10-05T14:49:06.497381+00:00,2611.3480248451233,18659.0,78.0,279.67,64.0
training,2026-10-05T14:49:06.497381+00:00,2616.697237946093,18659.0,81.0,298.99,66.0
training,2026-10-05T14:49:06.497381+00:00,2621.9911614730954,18659.0,96.0,304.36,67.0
training,2026-10-05T14:49:06.497381+00:00,2627.361894764006,18659.0,95.0,298.67,65.0
training,2026-10-05T14:49:06.497381+00:00,2632.696113921702,18659.0,79.0,295.31,66.0
training,2026-10-05T14:49:06.497381+00:00,2638.1140740960836,18659.0,94.0,297.02,66.0
training,2026-10-05T14:49:06.497381+00:00,2643.4904136657715,18659.0,95.0,305.96,68.0
training,2026-10-05T14:49:06.497381+00:00,2648.8770822286606,18659.0,84.0,301.64,69.0
training,2026-10-05T14:49:06.497381+00:00,2654.3032310903072,18659.0,79.0,321.44,67.0
training,2026-10-05T14:49:06.497381+00:00,2659.7359621822834,18659.0,94.0,285.05,66.0
training,2026-10-05T14:49:06.497381+00:00,2665.058272615075,18659.0,80.0,301.3,69.0
training,2026-10-05T14:49:06.497381+00:00,2670.4394404813647,18659.0,92.0,276.69,67.0
training,2026-10-05T14:49:06.497381+00:00,2675.7634391635656,18659.0,26.0,294.58,63.0
training,2026-10-05T14:49:06.497381+00:00,2681.102449387312,18659.0,97.0,287.2,67.0
training,2026-10-05T14:49:06.497381+00:00,2686.4427591338754,18659.0,82.0,271.07,69.0
training,2026-10-05T14:49:06.497381+00:00,2691.8226400390267,18659.0,96.0,314.46,69.0
training,2026-10-05T14:49:06.497381+00:00,2697.194914549589,18659.0,85.0,286.81,69.0
training,2026-10-05T14:49:06.497381+00:00,2702.5909852162004,18659.0,95.0,287.23,68.0
training,2026-10-05T14:49:06.497381+00:00,2707.995462678373,18659.0,84.0,278.37,70.0
training,2026-10-05T14:49:06.497381+00:00,2713.403376713395,18659.0,82.0,293.96,70.0
training,2026-10-05T14:49:06.497381+00:00,2718.884268693626,18659.0,94.0,308.82,70.0
training,2026-10-05T14:49:06.497381+00:00,2724.3038621991873,18659.0,83.0,279.9,68.0
training,2026-10-05T14:49:06.497381+00:00,2729.6761500909925,18659.0,32.0,252.57,67.0
training,2026-10-05T14:49:06.497381+00:00,2735.0227454528213,18659.0,94.0,278.61,68.0
training,2026-10-05T14:49:06.497381+00:00,2740.367617212236,18659.0,94.0,279.48,70.0
training,2026-10-05T14:49:06.497381+00:00,2745.74179353565,18659.0,94.0,298.1,68.0
training,2026-10-05T14:49:06.497381+00:00,2751.0817685350776,18659.0,86.0,272.51,68.0
training,2026-10-05T14:49:06.497381+00:00,2756.4261115416884,18659.0,87.0,292.49,68.0
training,2026-10-05T14:49:06.497381+00:00,2761.818488687277,18659.0,99.0,304.22,70.0
training,2026-10-05T14:49:06.497381+00:00,2767.1875574961305,18659.0,81.0,299.59,70.0
training,2026-10-05T14:49:06.497381+00:00,2772.577592484653,18659.0,95.0,299.39,67.0
training,2026-10-05T14:49:06.497381+00:00,2777.971621118486,18659.0,94.0,292.51,69.0
training,2026-10-05T14:49:06.497381+00:00,2783.359001599252,18659.0,82.0,255.05,67.0
training,2026-10-05T14:49:06.497381+00:00,2788.7765546813607,18659.0,90.0,306.33,70.0
training,2026-10-05T14:49:06.497381+00:00,2794.1397519633174,18659.0,94.0,284.04,71.0
training,2026-10-05T14:49:06.497381+00:00,2799.4866709187627,18659.0,94.0,285.67,69.0
training,2026-10-05T14:49:06.497381+00:00,2804.843424387276,18659.0,95.0,273.2,68.0
training,2026-10-05T14:49:06.497381+00:00,2810.2559358030558,18659.0,95.0,292.0,68.0
training,2026-10-05T14:49:06.497381+00:00,2815.6661791056395,18659.0,91.0,301.53,68.0
training,2026-10-05T14:49:06.497381+00:00,2821.0891456902027,18659.0,85.0,301.01,67.0
training,2026-10-05T14:49:06.497381+00:00,2826.4548750668764,18659.0,94.0,300.52,70.0
training,2026-10-05T14:49:06.497381+00:00,2831.894569851458,18659.0,98.0,281.56,70.0
training,2026-10-05T14:49:06.497381+00:00,2837.356451563537,18659.0,57.0,238.28,69.0
training,2026-10-05T14:49:06.497381+00:00,2842.7876051217318,18659.0,94.0,268.01,70.0
training,2026-10-05T14:49:06.497381+00:00,2848.1472238227725,18659.0,93.0,298.56,70.0
training,2026-10-05T14:49:06.497381+00:00,2853.5662476867437,18659.0,88.0,235.79,69.0
training,2026-10-05T14:49:06.497381+00:00,2858.9986482709646,18659.0,99.0,290.88,70.0
training,2026-10-05T14:49:06.497381+00:00,2864.390877120197,18659.0,0.0,95.96,60.0
training,2026-10-05T14:49:06.497381+00:00,2869.7655294537544,18659.0,0.0,93.58,58.0
training,2026-10-05T14:49:06.497381+00:00,2875.136986143887,18659.0,0.0,91.41,56.0
training,2026-10-05T14:49:06.497381+00:00,2880.5771654248238,18659.0,0.0,90.48,54.0
training,2026-10-05T14:49:06.497381+00:00,2885.9585259854794,18659.0,0.0,89.51,52.0
training,2026-10-05T14:49:06.497381+00:00,2891.3368168622255,18659.0,0.0,88.66,51.0
training,2026-10-05T14:49:06.497381+00:00,2896.6659649387,18659.0,0.0,87.88,50.0
training,2026-10-05T14:49:06.497381+00:00,2902.0060113444924,18659.0,95.0,278.54,58.0
training,2026-10-05T14:49:06.497381+00:00,2907.3302946165204,18659.0,81.0,292.14,58.0
training,2026-10-05T14:49:06.497381+00:00,2912.6542158275843,18659.0,87.0,274.86,63.0
training,2026-10-05T14:49:06.497381+00:00,2917.9975413754582,18659.0,99.0,297.93,61.0
training,2026-10-05T14:49:06.497381+00:00,2923.3225396350026,18659.0,82.0,290.12,63.0
training,2026-10-05T14:49:06.497381+00:00,2928.7368600443006,18659.0,89.0,264.38,65.0
training,2026-10-05T14:49:06.497381+00:00,2934.078272461891,18659.0,95.0,300.99,65.0
training,2026-10-05T14:49:06.497381+00:00,2939.375245541334,18659.0,92.0,271.2,65.0
training,2026-10-05T14:49:06.497381+00:00,2944.725156329572,18659.0,96.0,263.84,66.0
training,2026-10-05T14:49:06.497381+00:00,2950.153085552156,18659.0,86.0,286.46,68.0
training,2026-10-05T14:49:06.497381+00:00,2955.5083538144827,18659.0,95.0,316.99,69.0
training,2026-10-05T14:49:06.497381+00:00,2960.9134938642383,18659.0,85.0,294.4,69.0
training,2026-10-05T14:49:06.497381+00:00,2966.3382289409637,18659.0,87.0,289.05,70.0
training,2026-10-05T14:49:06.497381+00:00,2971.726325020194,18659.0,95.0,288.26,69.0
training,2026-10-05T14:49:06.497381+00:00,2977.0544699802995,18659.0,94.0,296.1,67.0
training,2026-10-05T14:49:06.497381+00:00,2982.388325177133,18659.0,95.0,296.72,69.0
training,2026-10-05T14:49:06.497381+00:00,2987.7689328938723,18659.0,95.0,299.77,68.0
training,2026-10-05T14:49:06.497381+00:00,2993.2418192476034,18659.0,94.0,282.9,68.0
training,2026-10-05T14:49:06.497381+00:00,2998.645947381854,18659.0,77.0,278.22,70.0
training,2026-10-05T14:49:06.497381+00:00,3004.20539868623,18659.0,79.0,303.02,69.0
training,2026-10-05T14:49:06.497381+00:00,3009.583627872169,18659.0,96.0,299.63,68.0
training,2026-10-05T14:49:06.497381+00:00,3014.966337159276,18659.0,96.0,316.26,69.0
training,2026-10-05T14:49:06.497381+00:00,3020.3659401014447,18659.0,94.0,299.53,70.0
training,2026-10-05T14:49:06.497381+00:00,3025.814044497907,18659.0,82.0,283.24,69.0
training,2026-10-05T14:49:06.497381+00:00,3031.230476617813,18659.0,77.0,286.71,67.0
training,2026-10-05T14:49:06.497381+00:00,3036.625536829233,18659.0,65.0,300.54,67.0
training,2026-10-05T14:49:06.497381+00:00,3041.9967214539647,18659.0,94.0,311.04,69.0
training,2026-10-05T14:49:06.497381+00:00,3047.3759980127215,18659.0,94.0,294.85,70.0
training,2026-10-05T14:49:06.497381+00:00,3052.761066481471,18659.0,79.0,287.9,68.0
training,2026-10-05T14:49:06.497381+00:00,3058.151773713529,18659.0,95.0,283.18,69.0
training,2026-10-05T14:49:06.497381+00:00,3063.511917427182,18659.0,94.0,307.34,68.0
training,2026-10-05T14:49:06.497381+00:00,3068.9315502643585,18659.0,96.0,281.69,70.0
training,2026-10-05T14:49:06.497381+00:00,3074.351203598082,18659.0,0.0,95.96,60.0
training,2026-10-05T14:49:06.497381+00:00,3079.7210486084223,18659.0,0.0,93.31,58.0
training,2026-10-05T14:49:06.497381+00:00,3085.17009858042,18659.0,0.0,91.77,56.0
training,2026-10-05T14:49:06.497381+00:00,3090.541649118066,18659.0,0.0,90.6,54.0
training,2026-10-05T14:49:06.497381+00:00,3096.012732550502,18659.0,0.0,89.75,53.0
training,2026-10-05T14:49:06.497381+00:00,3101.393765337765,18659.0,0.0,89.18,52.0
training,2026-10-05T14:49:06.497381+00:00,3106.7519157081842,18659.0,0.0,88.28,50.0
training,2026-10-05T14:49:06.497381+00:00,3112.1102596521378,18659.0,91.0,278.94,58.0
training,2026-10-05T14:49:06.497381+00:00,3117.511007376015,18659.0,79.0,285.7,57.0
training,2026-10-05T14:49:06.497381+00:00,3122.867250584066,18659.0,63.0,252.99,61.0
training,2026-10-05T14:49:06.497381+00:00,3128.2461451515555,18659.0,94.0,274.53,61.0
training,2026-10-05T14:49:06.497381+00:00,3133.5662207454443,18659.0,86.0,271.86,61.0
training,2026-10-05T14:49:06.497381+00:00,3138.9536448419094,18659.0,96.0,273.59,62.0
training,2026-10-05T14:49:06.497381+00:00,3144.3579694479704,18659.0,86.0,311.27,62.0
training,2026-10-05T14:49:06.497381+00:00,3149.7625987380743,18659.0,95.0,304.31,64.0
training,2026-10-05T14:49:06.497381+00:00,3155.1404698193073,18659.0,87.0,294.8,65.0
training,2026-10-05T14:49:06.497381+00:00,3160.497342981398,18659.0,90.0,286.24,66.0
training,2026-10-05T14:49:06.497381+00:00,3165.906619787216,18659.0,88.0,280.08,65.0
training,2026-10-05T14:49:06.497381+00:00,3171.2914512827992,18659.0,95.0,304.74,66.0
training,2026-10-05T14:49:06.497381+00:00,3176.6507781893015,18659.0,82.0,255.64,68.0
training,2026-10-05T14:49:06.497381+00:00,3182.014418616891,18659.0,91.0,272.41,67.0
training,2026-10-05T14:49:06.497381+00:00,3187.332071252167,18659.0,89.0,288.24,68.0
training,2026-10-05T14:49:06.497381+00:00,3192.6631510183215,18659.0,84.0,271.96,69.0
training,2026-10-05T14:49:06.497381+00:00,3197.974637635052,18659.0,92.0,278.33,69.0
training,2026-10-05T14:49:06.497381+00:00,3203.3754184544086,18659.0,83.0,279.89,67.0
training,2026-10-05T14:49:06.497381+00:00,3208.8577112555504,18659.0,90.0,290.71,68.0
training,2026-10-05T14:49:06.497381+00:00,3214.2198392525315,18659.0,94.0,282.98,68.0
training,2026-10-05T14:49:06.497381+00:00,3219.635340437293,18659.0,94.0,284.18,69.0
training,2026-10-05T14:49:06.497381+00:00,3225.024191915989,18659.0,84.0,271.63,71.0
training,2026-10-05T14:49:06.497381+00:00,3230.41651122272,18659.0,72.0,271.81,68.0
training,2026-10-05T14:49:06.497381+00:00,3235.820934802294,18659.0,80.0,291.03,71.0
training,2026-10-05T14:49:06.497381+00:00,3241.1830903068185,18659.0,95.0,303.03,70.0
training,2026-10-05T14:49:06.497381+00:00,3246.5596974119544,18659.0,94.0,286.36,68.0
training,2026-10-05T14:49:06.497381+00:00,3252.0182483270764,18659.0,86.0,267.0,70.0
training,2026-10-05T14:49:06.497381+00:00,3257.397535197437,18659.0,77.0,287.02,68.0
training,2026-10-05T14:49:06.497381+00:00,3262.7537460923195,18659.0,93.0,294.44,68.0
training,2026-10-05T14:49:06.497381+00:00,3268.1508235409856,18659.0,4.0,97.09,61.0
training,2026-10-05T14:49:06.497381+00:00,3273.533557496965,18659.0,0.0,93.63,58.0
training,2026-10-05T14:49:06.497381+00:00,3278.9359157532454,18659.0,0.0,92.49,56.0
training,2026-10-05T14:49:06.497381+00:00,3284.292472988367,18659.0,0.0,90.9,55.0
training,2026-10-05T14:49:06.497381+00:00,3289.706952393055,18659.0,0.0,90.03,53.0
training,2026-10-05T14:49:06.497381+00:00,3295.0716974288225,18659.0,0.0,89.09,52.0
training,2026-10-05T14:49:06.497381+00:00,3300.5031728819013,18659.0,84.0,105.84,55.0
training,2026-10-05T14:49:06.497381+00:00,3305.89205083251,18659.0,81.0,267.31,59.0
training,2026-10-05T14:49:06.497381+00:00,3311.261432990432,18659.0,89.0,286.99,61.0
training,2026-10-05T14:49:06.497381+00:00,3316.6272566840053,18659.0,94.0,304.83,62.0
training,2026-10-05T14:49:06.497381+00:00,3322.0434750318527,18659.0,85.0,289.28,64.0
training,2026-10-05T14:49:06.497381+00:00,3327.488826587796,18659.0,99.0,302.55,65.0
training,2026-10-05T14:49:06.497381+00:00,3332.817379683256,18659.0,95.0,298.4,63.0
training,2026-10-05T14:49:06.497381+00:00,3338.1449624225497,18659.0,85.0,296.61,66.0
training,2026-10-05T14:49:06.497381+00:00,3343.4936734214425,18659.0,94.0,310.95,63.0
training,2026-10-05T14:49:06.497381+00:00,3348.9008063077927,18659.0,94.0,276.15,65.0
training,2026-10-05T14:49:06.497381+00:00,3354.2448885962367,18659.0,76.0,300.68,64.0
training,2026-10-05T14:49:06.497381+00:00,3359.646526388824,18659.0,81.0,294.33,65.0
training,2026-10-05T14:49:06.497381+00:00,3365.0328661054373,18659.0,91.0,313.61,67.0
training,2026-10-05T14:49:06.497381+00:00,3370.447358958423,18659.0,86.0,303.82,68.0
training,2026-10-05T14:49:06.497381+00:00,3375.8606229797006,18659.0,94.0,305.75,66.0
training,2026-10-05T14:49:06.497381+00:00,3381.2991888821125,18659.0,68.0,308.65,68.0
training,2026-10-05T14:49:06.497381+00:00,3386.6116884574294,18659.0,82.0,267.46,69.0
training,2026-10-05T14:49:06.497381+00:00,3391.981376208365,18659.0,95.0,299.46,69.0
training,2026-10-05T14:49:06.497381+00:00,3397.3951325416565,18659.0,93.0,295.21,66.0
training,2026-10-05T14:49:06.497381+00:00,3402.8334957286716,18659.0,88.0,267.02,68.0
training,2026-10-05T14:49:06.497381+00:00,3408.140854254365,18659.0,82.0,290.61,70.0
training,2026-10-05T14:49:06.497381+00:00,3413.513261936605,18659.0,75.0,285.76,69.0
training,2026-10-05T14:49:06.497381+00:00,3418.868961274624,18659.0,97.0,296.51,70.0
training,2026-10-05T14:49:06.497381+00:00,3424.2576570287347,18659.0,84.0,289.47,70.0
training,2026-10-05T14:49:06.497381+00:00,3429.6667798087,18659.0,94.0,284.93,69.0
training,2026-10-05T14:49:06.497381+00:00,3435.0408729687333,18659.0,74.0,289.02,67.0
training,2026-10-05T14:49:06.497381+00:00,3440.4214147627354,18659.0,95.0,290.46,68.0
training,2026-10-05T14:49:06.497381+00:00,3445.8653614148498,18659.0,85.0,261.5,68.0
training,2026-10-05T14:49:06.497381+00:00,3451.264482036233,18659.0,7.0,278.76,64.0
training,2026-10-05T14:49:06.497381+00:00,3456.6675899401307,18659.0,94.0,302.33,70.0
training,2026-10-05T14:49:06.497381+00:00,3462.095959544182,18659.0,81.0,284.51,69.0
training,2026-10-05T14:49:06.497381+00:00,3467.4840584918857,18659.0,95.0,273.47,68.0
training,2026-10-05T14:49:06.497381+00:00,3472.8595519289374,18659.0,95.0,302.83,70.0
training,2026-10-05T14:49:06.497381+00:00,3478.2269622832537,18659.0,95.0,275.91,69.0
training,2026-10-05T14:49:06.497381+00:00,3483.6410395130515,18659.0,95.0,289.37,70.0
training,2026-10-05T14:49:06.497381+00:00,3489.1505077555776,18659.0,94.0,316.26,70.0
training,2026-10-05T14:49:06.497381+00:00,3494.5554920583963,18659.0,84.0,298.57,69.0
training,2026-10-05T14:49:06.497381+00:00,3499.897080913186,18659.0,94.0,288.58,68.0
training,2026-10-05T14:49:06.497381+00:00,3505.260889366269,18659.0,91.0,269.43,68.0
training,2026-10-05T14:49:06.497381+00:00,3510.6157160773873,18659.0,95.0,304.57,69.0
training,2026-10-05T14:49:06.497381+00:00,3516.064015582204,18659.0,91.0,313.21,69.0
training,2026-10-05T14:49:06.497381+00:00,3521.4886163398623,18659.0,85.0,293.31,70.0
training,2026-10-05T14:49:06.497381+00:00,3526.985867217183,18659.0,92.0,284.21,68.0
training,2026-10-05T14:49:06.497381+00:00,3532.3830131068826,18659.0,82.0,283.12,68.0
training,2026-10-05T14:49:06.497381+00:00,3537.74442987144,18659.0,77.0,288.45,70.0
training,2026-10-05T14:49:06.497381+00:00,3543.0931729972363,18659.0,76.0,311.3,71.0
training,2026-10-05T14:49:06.497381+00:00,3548.4654379040003,18659.0,75.0,290.47,69.0
training,2026-10-05T14:49:06.497381+00:00,3553.826653189957,18659.0,89.0,284.51,71.0
training,2026-10-05T14:49:06.497381+00:00,3559.217939078808,18659.0,98.0,262.05,70.0
training,2026-10-05T14:49:06.497381+00:00,3564.5531671866775,18659.0,94.0,282.21,69.0
training,2026-10-05T14:49:06.497381+00:00,3569.920006893575,18659.0,87.0,269.6,70.0
training,2026-10-05T14:49:06.497381+00:00,3575.310015551746,18659.0,83.0,296.01,71.0
training,2026-10-05T14:49:06.497381+00:00,3580.6991000697017,18659.0,95.0,305.2,70.0
training,2026-10-05T14:49:06.497381+00:00,3586.143361464143,18659.0,99.0,287.48,71.0
training,2026-10-05T14:49:06.497381+00:00,3591.5356386601925,18659.0,88.0,295.57,69.0
training,2026-10-05T14:49:06.497381+00:00,3596.9264821708202,18659.0,94.0,284.36,69.0
training,2026-10-05T14:49:06.497381+00:00,3602.4019584208727,18659.0,79.0,292.11,71.0
training,2026-10-05T14:49:06.497381+00:00,3607.7747763842344,18659.0,95.0,281.07,67.0
training,2026-10-05T14:49:06.497381+00:00,3613.1484419852495,18659.0,80.0,240.93,71.0
training,2026-10-05T14:49:06.497381+00:00,3618.510459624231,18659.0,90.0,261.24,69.0
training,2026-10-05T14:49:06.497381+00:00,3623.871478550136,18659.0,98.0,317.21,68.0
training,2026-10-05T14:49:06.497381+00:00,3629.2140171304345,18659.0,5.0,96.54,60.0
training,2026-10-05T14:49:06.497381+00:00,3634.5826197639108,18659.0,0.0,93.0,58.0
training,2026-10-05T14:49:06.497381+00:00,3639.8873697072268,18659.0,0.0,91.77,56.0
training,2026-10-05T14:49:06.497381+00:00,3645.2141973748803,18659.0,0.0,90.6,54.0
training,2026-10-05T14:49:06.497381+00:00,3650.6644822135568,18659.0,0.0,89.27,53.0
training,2026-10-05T14:49:06.497381+00:00,3656.1204637140036,18659.0,0.0,88.91,52.0
training,2026-10-05T14:49:06.497381+00:00,3661.484624221921,18659.0,0.0,88.07,50.0
training,2026-10-05T14:49:06.497381+00:00,3666.8897825852036,18659.0,0.0,87.34,49.0
training,2026-10-05T14:49:06.497381+00:00,3672.2735618948936,18659.0,0.0,86.89,48.0
training,2026-10-05T14:49:06.497381+00:00,3677.6810839399695,18659.0,89.0,278.37,58.0
training,2026-10-05T14:49:06.497381+00:00,3683.1442551985383,18659.0,80.0,269.02,59.0
training,2026-10-05T14:49:06.497381+00:00,3688.565502204001,18659.0,82.0,268.67,59.0
training,2026-10-05T14:49:06.497381+00:00,3693.929747134447,18659.0,84.0,302.45,59.0
training,2026-10-05T14:49:06.497381+00:00,3699.3497622683644,18659.0,94.0,304.61,61.0
training,2026-10-05T14:49:06.497381+00:00,3704.752551473677,18659.0,79.0,235.45,60.0
training,2026-10-05T14:49:06.497381+00:00,3710.094500027597,18659.0,86.0,288.93,64.0
training,2026-10-05T14:49:06.497381+00:00,3715.5506411269307,18659.0,94.0,288.75,65.0
training,2026-10-05T14:49:06.497381+00:00,3720.9395163580775,18659.0,95.0,302.03,64.0
training,2026-10-05T14:49:06.497381+00:00,3726.412911698222,18659.0,81.0,268.17,66.0
training,2026-10-05T14:49:06.497381+00:00,3731.729154728353,18659.0,82.0,281.72,65.0
training,2026-10-05T14:49:06.497381+00:00,3737.0594939514995,18659.0,93.0,284.67,67.0
training,2026-10-05T14:49:06.497381+00:00,3742.393428437412,18659.0,81.0,295.31,67.0
training,2026-10-05T14:49:06.497381+00:00,3747.8036073446274,18659.0,96.0,314.37,65.0
training,2026-10-05T14:49:06.497381+00:00,3753.19195266068,18659.0,69.0,287.36,66.0
training,2026-10-05T14:49:06.497381+00:00,3758.5580831989646,18659.0,74.0,250.35,66.0
training,2026-10-05T14:49:06.497381+00:00,3763.928520552814,18659.0,86.0,276.74,66.0
training,2026-10-05T14:49:06.497381+00:00,3769.3070354908705,18659.0,90.0,282.02,69.0
training,2026-10-05T14:49:06.497381+00:00,3774.7184870168567,18659.0,98.0,278.84,69.0
training,2026-10-05T14:49:06.497381+00:00,3780.109127894044,18659.0,96.0,281.16,69.0
training,2026-10-05T14:49:06.497381+00:00,3785.4290103167295,18659.0,99.0,288.64,67.0
training,2026-10-05T14:49:06.497381+00:00,3790.819314993918,18659.0,96.0,287.01,68.0
training,2026-10-05T14:49:06.497381+00:00,3796.2204747647047,18659.0,95.0,297.79,67.0
training,2026-10-05T14:49:06.497381+00:00,3801.6575596779585,18659.0,77.0,277.53,68.0
training,2026-10-05T14:49:06.497381+00:00,3807.017307281494,18659.0,5.0,151.71,62.0
training,2026-10-05T14:49:06.497381+00:00,3812.4264787584543,18659.0,0.0,92.97,59.0
training,2026-10-05T14:49:06.497381+00:00,3817.8714657500386,18659.0,0.0,91.62,57.0
training,2026-10-05T14:49:06.497381+00:00,3823.313204176724,18659.0,0.0,90.54,55.0
training,2026-10-05T14:49:06.497381+00:00,3828.6956903859973,18659.0,0.0,89.6,53.0
training,2026-10-05T14:49:06.497381+00:00,3834.0639251470566,18659.0,0.0,88.52,52.0
training,2026-10-05T14:49:06.497381+00:00,3839.5215919092298,18659.0,0.0,87.44,51.0
training,2026-10-05T14:49:06.497381+00:00,3844.9049732238054,18659.0,0.0,87.1,49.0
training,2026-10-05T14:49:06.497381+00:00,3850.3415885791183,18659.0,97.0,296.32,56.0
training,2026-10-05T14:49:06.497381+00:00,3855.667407654226,18659.0,95.0,294.02,57.0
training,2026-10-05T14:49:06.497381+00:00,3861.0397623851895,18659.0,92.0,310.33,61.0
training,2026-10-05T14:49:06.497381+00:00,3866.4525963887572,18659.0,93.0,302.07,60.0
training,2026-10-05T14:49:06.497381+00:00,3871.9238547235727,18659.0,89.0,308.92,63.0
training,2026-10-05T14:49:06.497381+00:00,3877.3961753994226,18659.0,78.0,282.8,64.0
training,2026-10-05T14:49:06.497381+00:00,3882.8114027008414,18659.0,95.0,269.63,62.0
training,2026-10-05T14:49:06.497381+00:00,3888.1935615241528,18659.0,13.0,253.44,60.0
training,2026-10-05T14:49:06.497381+00:00,3893.5527120381594,18659.0,60.0,273.94,62.0
training,2026-10-05T14:49:06.497381+00:00,3898.9523278027773,18659.0,95.0,273.87,66.0
training,2026-10-05T14:49:06.497381+00:00,3904.387580573559,18659.0,94.0,304.28,66.0
training,2026-10-05T14:49:06.497381+00:00,3909.731959283352,18659.0,90.0,276.71,65.0
training,2026-10-05T14:49:06.497381+00:00,3915.104323990643,18659.0,94.0,295.23,65.0
training,2026-10-05T14:49:06.497381+00:00,3920.4572738930583,18659.0,76.0,304.99,64.0
training,2026-10-05T14:49:06.497381+00:00,3925.8536687642336,18659.0,86.0,290.49,65.0
training,2026-10-05T14:49:06.497381+00:00,3931.21350068599,18659.0,80.0,281.94,66.0
training,2026-10-05T14:49:06.497381+00:00,3936.567629210651,18659.0,91.0,282.78,68.0
training,2026-10-05T14:49:06.497381+00:00,3942.0092367455363,18659.0,94.0,239.28,67.0
training,2026-10-05T14:49:06.497381+00:00,3947.454025760293,18659.0,92.0,305.34,68.0
training,2026-10-05T14:49:06.497381+00:00,3952.8921099081635,18659.0,95.0,295.56,67.0
training,2026-10-05T14:49:06.497381+00:00,3958.285502150655,18659.0,99.0,305.54,67.0
training,2026-10-05T14:49:06.497381+00:00,3963.6659879237413,18659.0,76.0,299.56,69.0
training,2026-10-05T14:49:06.497381+00:00,3969.1138358339667,18659.0,88.0,301.12,68.0
training,2026-10-05T14:49:06.497381+00:00,3974.4939207062125,18659.0,88.0,288.83,69.0
training,2026-10-05T14:49:06.497381+00:00,3979.957468099892,18659.0,92.0,291.96,67.0
training,2026-10-05T14:49:06.497381+00:00,3985.3942873626947,18659.0,88.0,279.75,70.0
training,2026-10-05T14:49:06.497381+00:00,3990.778471261263,18659.0,95.0,293.97,67.0
training,2026-10-05T14:49:06.497381+00:00,3996.161422818899,18659.0,95.0,309.79,67.0
training,2026-10-05T14:49:06.497381+00:00,4001.4934009984136,18659.0,95.0,310.33,67.0
training,2026-10-05T14:49:06.497381+00:00,4006.857409387827,18659.0,80.0,306.93,70.0
training,2026-10-05T14:49:06.497381+00:00,4012.2957645133138,18659.0,96.0,300.38,68.0
training,2026-10-05T14:49:06.497381+00:00,4017.7387330383062,18659.0,96.0,309.8,67.0
training,2026-10-05T14:49:06.497381+00:00,4023.2102648690343,18659.0,90.0,293.36,69.0
training,2026-10-05T14:49:06.497381+00:00,4028.5661529377103,18659.0,85.0,287.41,70.0
training,2026-10-05T14:49:06.497381+00:00,4034.047908551991,18659.0,79.0,297.08,69.0
training,2026-10-05T14:49:06.497381+00:00,4039.393764257431,18659.0,4.0,98.18,62.0
training,2026-10-05T14:49:06.497381+00:00,4044.8538318127394,18659.0,0.0,93.33,59.0
training,2026-10-05T14:49:06.497381+00:00,4050.1902691200376,18659.0,0.0,91.41,56.0
training,2026-10-05T14:49:06.497381+00:00,4055.6327334418893,18659.0,0.0,90.08,54.0
training,2026-10-05T14:49:06.497381+00:00,4061.0368784591556,18659.0,0.0,88.88,53.0
training,2026-10-05T14:49:06.497381+00:00,4066.3841990306973,18659.0,0.0,88.04,51.0
training,2026-10-05T14:49:06.497381+00:00,4071.7764908894897,18659.0,0.0,87.11,50.0
training,2026-10-05T14:49:06.497381+00:00,4077.177615597844,18659.0,88.0,299.42,60.0
training,2026-10-05T14:49:06.497381+00:00,4082.5374603420496,18659.0,77.0,284.71,58.0
training,2026-10-05T14:49:06.497381+00:00,4087.959421388805,18659.0,82.0,270.48,62.0
training,2026-10-05T14:49:06.497381+00:00,4093.339416831732,18659.0,99.0,286.36,61.0
training,2026-10-05T14:49:06.497381+00:00,4098.6985775232315,18659.0,77.0,283.62,61.0
training,2026-10-05T14:49:06.497381+00:00,4104.089560940862,18659.0,86.0,285.59,64.0
training,2026-10-05T14:49:06.497381+00:00,4109.4969395026565,18659.0,72.0,219.66,63.0
training,2026-10-05T14:49:06.497381+00:00,4114.910738296807,18659.0,76.0,290.43,65.0
training,2026-10-05T14:49:06.497381+00:00,4120.308814547956,18659.0,94.0,287.02,65.0
training,2026-10-05T14:49:06.497381+00:00,4125.669724904001,18659.0,95.0,283.03,62.0
training,2026-10-05T14:49:06.497381+00:00,4131.079205334187,18659.0,94.0,299.12,63.0
training,2026-10-05T14:49:06.497381+00:00,4136.447575889528,18659.0,91.0,292.35,64.0
training,2026-10-05T14:49:06.497381+00:00,4141.832894794643,18659.0,95.0,293.74,66.0
training,2026-10-05T14:49:06.497381+00:00,4147.237863764167,18659.0,91.0,308.89,64.0
training,2026-10-05T14:49:06.497381+00:00,4152.576333917677,18659.0,96.0,287.35,65.0
training,2026-10-05T14:49:06.497381+00:00,4157.965799741447,18659.0,91.0,278.76,65.0
training,2026-10-05T14:49:06.497381+00:00,4163.385167144239,18659.0,81.0,275.79,66.0
training,2026-10-05T14:49:06.497381+00:00,4168.832644000649,18659.0,99.0,288.68,65.0
training,2026-10-05T14:49:06.497381+00:00,4174.229326531291,18659.0,89.0,299.03,68.0
training,2026-10-05T14:49:06.497381+00:00,4179.570687636733,18659.0,94.0,292.41,65.0
training,2026-10-05T14:49:06.497381+00:00,4185.0532617121935,18659.0,92.0,285.22,69.0
training,2026-10-05T14:49:06.497381+00:00,4190.416486874223,18659.0,94.0,271.97,65.0
training,2026-10-05T14:49:06.497381+00:00,4195.887689515948,18659.0,94.0,262.91,67.0
training,2026-10-05T14:49:06.497381+00:00,4201.334099777043,18659.0,89.0,294.36,69.0
training,2026-10-05T14:49:06.497381+00:00,4206.686606898904,18659.0,83.0,298.04,69.0
training,2026-10-05T14:49:06.497381+00:00,4212.116301029921,18659.0,95.0,277.72,66.0
training,2026-10-05T14:49:06.497381+00:00,4217.463573008776,18659.0,68.0,231.47,65.0
training,2026-10-05T14:49:06.497381+00:00,4222.816185645759,18659.0,84.0,276.06,67.0
training,2026-10-05T14:49:06.497381+00:00,4228.168992124498,18659.0,77.0,281.83,66.0
training,2026-10-05T14:49:06.497381+00:00,4233.5356007143855,18659.0,99.0,293.88,69.0
training,2026-10-05T14:49:06.497381+00:00,4238.959129430354,18659.0,78.0,312.79,69.0
training,2026-10-05T14:49:06.497381+00:00,4244.42162822932,18659.0,77.0,285.73,69.0
training,2026-10-05T14:49:06.497381+00:00,4249.826288416982,18659.0,94.0,299.49,67.0
training,2026-10-05T14:49:06.497381+00:00,4255.2831244543195,18659.0,94.0,315.33,67.0
training,2026-10-05T14:49:06.497381+00:00,4260.708765596151,18659.0,95.0,282.73,70.0
training,2026-10-05T14:49:06.497381+00:00,4266.136111654341,18659.0,95.0,292.84,68.0
training,2026-10-05T14:49:06.497381+00:00,4271.504784837365,18659.0,92.0,282.13,70.0
training,2026-10-05T14:49:06.497381+00:00,4276.831405632198,18659.0,91.0,317.02,69.0
training,2026-10-05T14:49:06.497381+00:00,4282.183320641518,18659.0,95.0,299.05,66.0
training,2026-10-05T14:49:06.497381+00:00,4287.549690186977,18659.0,96.0,303.59,69.0
training,2026-10-05T14:49:06.497381+00:00,4292.85578276962,18659.0,76.0,292.5,70.0
training,2026-10-05T14:49:06.497381+00:00,4298.244323246181,18659.0,86.0,288.94,70.0
training,2026-10-05T14:49:06.497381+00:00,4303.6045130342245,18659.0,83.0,302.26,69.0
training,2026-10-05T14:49:06.497381+00:00,4308.977608636022,18659.0,79.0,280.07,68.0
training,2026-10-05T14:49:06.497381+00:00,4314.359818927944,18659.0,95.0,302.15,67.0
training,2026-10-05T14:49:06.497381+00:00,4319.746613249183,18659.0,95.0,295.78,69.0
training,2026-10-05T14:49:06.497381+00:00,4325.176298633218,18659.0,99.0,293.02,70.0
training,2026-10-05T14:49:06.497381+00:00,4330.609552949667,18659.0,94.0,291.4,70.0
training,2026-10-05T14:49:06.497381+00:00,4336.006636120379,18659.0,93.0,294.48,67.0
training,2026-10-05T14:49:06.497381+00:00,4341.474223874509,18659.0,93.0,258.91,69.0
training,2026-10-05T14:49:06.497381+00:00,4346.862043716013,18659.0,79.0,272.98,68.0
training,2026-10-05T14:49:06.497381+00:00,4352.262170270085,18659.0,93.0,304.18,71.0
training,2026-10-05T14:49:06.497381+00:00,4357.697764322162,18659.0,94.0,294.31,70.0
training,2026-10-05T14:49:06.497381+00:00,4363.0571011304855,18659.0,87.0,292.1,68.0
training,2026-10-05T14:49:06.497381+00:00,4368.4307526648045,18659.0,79.0,307.89,70.0
training,2026-10-05T14:49:06.497381+00:00,4373.856883846223,18659.0,94.0,322.87,69.0
training,2026-10-05T14:49:06.497381+00:00,4379.225734218955,18659.0,90.0,298.42,69.0
training,2026-10-05T14:49:06.497381+00:00,4384.648130007088,18659.0,95.0,283.59,68.0
training,2026-10-05T14:49:06.497381+00:00,4390.10711838305,18659.0,98.0,196.42,69.0
training,2026-10-05T14:49:06.497381+00:00,4395.6074401289225,18659.0,81.0,305.87,70.0
training,2026-10-05T14:49:06.497381+00:00,4401.013890810311,18659.0,5.0,96.4,60.0
training,2026-10-05T14:49:06.497381+00:00,4406.470148682594,18659.0,0.0,93.55,58.0
training,2026-10-05T14:49:06.497381+00:00,4411.911457046866,18659.0,0.0,91.41,56.0
training,2026-10-05T14:49:06.497381+00:00,4417.3735259622335,18659.0,0.0,90.42,54.0
training,2026-10-05T14:49:06.497381+00:00,4422.802465543151,18659.0,0.0,88.91,52.0
training,2026-10-05T14:49:06.497381+00:00,4428.180316723883,18659.0,0.0,88.04,51.0
training,2026-10-05T14:49:06.497381+00:00,4433.579184092581,18659.0,0.0,87.61,50.0
training,2026-10-05T14:49:06.497381+00:00,4438.992342226207,18659.0,95.0,159.71,55.0
training,2026-10-05T14:49:06.497381+00:00,4444.343149937689,18659.0,85.0,256.73,57.0
training,2026-10-05T14:49:06.497381+00:00,4449.705280423164,18659.0,98.0,267.59,60.0
training,2026-10-05T14:49:06.497381+00:00,4455.083085209131,18659.0,99.0,274.93,62.0
training,2026-10-05T14:49:06.497381+00:00,4460.467409320176,18659.0,94.0,278.92,61.0
training,2026-10-05T14:49:06.497381+00:00,4465.891517467797,18659.0,87.0,280.29,64.0
training,2026-10-05T14:49:06.497381+00:00,4471.306438520551,18659.0,95.0,286.86,62.0
training,2026-10-05T14:49:06.497381+00:00,4476.710264109075,18659.0,85.0,298.86,63.0
training,2026-10-05T14:49:06.497381+00:00,4482.181193329394,18659.0,82.0,297.49,63.0
training,2026-10-05T14:49:06.497381+00:00,4487.611425600946,18659.0,81.0,291.01,66.0
training,2026-10-05T14:49:06.497381+00:00,4493.018999055028,18659.0,91.0,269.48,65.0
training,2026-10-05T14:49:06.497381+00:00,4498.419544912875,18659.0,86.0,246.56,65.0
training,2026-10-05T14:49:06.497381+00:00,4503.861231982708,18659.0,81.0,301.54,65.0
training,2026-10-05T14:49:06.497381+00:00,4509.227339491248,18659.0,80.0,297.52,65.0
training,2026-10-05T14:49:06.497381+00:00,4514.574026808143,18659.0,95.0,290.21,68.0
training,2026-10-05T14:49:06.497381+00:00,4519.998880021274,18659.0,95.0,315.0,68.0
training,2026-10-05T14:49:06.497381+00:00,4525.3594670295715,18659.0,95.0,283.72,65.0
training,2026-10-05T14:49:06.497381+00:00,4530.761163368821,18659.0,76.0,298.73,65.0
training,2026-10-05T14:49:06.497381+00:00,4536.17764928937,18659.0,4.0,94.63,59.0
training,2026-10-05T14:49:06.497381+00:00,4541.551182046533,18659.0,0.0,91.62,56.0
training,2026-10-05T14:49:06.497381+00:00,4546.898854032159,18659.0,0.0,90.54,55.0
training,2026-10-05T14:49:06.497381+00:00,4552.315225429833,18659.0,0.0,89.07,53.0
training,2026-10-05T14:49:06.497381+00:00,4557.727672189474,18659.0,0.0,88.18,52.0
training,2026-10-05T14:49:06.497381+00:00,4563.056042328477,18659.0,0.0,86.96,50.0
training,2026-10-05T14:49:06.497381+00:00,4568.392297059298,18659.0,0.0,86.4,49.0
training,2026-10-05T14:49:06.497381+00:00,4573.752601839602,18659.0,0.0,85.68,48.0
training,2026-10-05T14:49:06.497381+00:00,4579.117946714163,18659.0,86.0,296.12,56.0
training,2026-10-05T14:49:06.497381+00:00,4584.421267308295,18659.0,98.0,264.89,58.0
training,2026-10-05T14:49:06.497381+00:00,4589.827808439732,18659.0,95.0,307.58,58.0
training,2026-10-05T14:49:06.497381+00:00,4595.203490100801,18659.0,96.0,249.05,58.0
training,2026-10-05T14:49:06.497381+00:00,4600.553387783468,18659.0,98.0,274.82,62.0
training,2026-10-05T14:49:06.497381+00:00,4606.05343683064,18659.0,95.0,292.14,60.0
training,2026-10-05T14:49:06.497381+00:00,4611.40824636817,18659.0,94.0,301.77,62.0
training,2026-10-05T14:49:06.497381+00:00,4616.768747836351,18659.0,73.0,285.36,62.0
training,2026-10-05T14:49:06.497381+00:00,4622.156814865768,18659.0,92.0,291.43,63.0
training,2026-10-05T14:49:06.497381+00:00,4627.549783959985,18659.0,95.0,273.09,62.0
training,2026-10-05T14:49:06.497381+00:00,4632.948032788932,18659.0,92.0,279.53,66.0
training,2026-10-05T14:49:06.497381+00:00,4638.361023716629,18659.0,88.0,292.03,65.0
training,2026-10-05T14:49:06.497381+00:00,4643.753429941833,18659.0,87.0,289.83,67.0
training,2026-10-05T14:49:06.497381+00:00,4649.139734618366,18659.0,76.0,282.74,64.0
training,2026-10-05T14:49:06.497381+00:00,4654.56323710829,18659.0,95.0,298.81,64.0
training,2026-10-05T14:49:06.497381+00:00,4659.919109895825,18659.0,89.0,280.04,68.0
training,2026-10-05T14:49:06.497381+00:00,4665.308263897896,18659.0,99.0,303.14,68.0
training,2026-10-05T14:49:06.497381+00:00,4670.672978036106,18659.0,78.0,291.63,68.0
training,2026-10-05T14:49:06.497381+00:00,4676.069393791258,18659.0,83.0,268.12,69.0
training,2026-10-05T14:49:06.497381+00:00,4681.506825916469,18659.0,95.0,276.63,66.0
training,2026-10-05T14:49:06.497381+00:00,4686.964295573533,18659.0,94.0,290.27,66.0
training,2026-10-05T14:49:06.497381+00:00,4692.4322809726,18659.0,95.0,295.84,69.0
training,2026-10-05T14:49:06.497381+00:00,4697.839248649776,18659.0,83.0,298.95,69.0
training,2026-10-05T14:49:06.497381+00:00,4703.251477688551,18659.0,92.0,288.44,67.0
training,2026-10-05T14:49:06.497381+00:00,4708.726123936474,18659.0,94.0,318.03,68.0
training,2026-10-05T14:49:06.497381+00:00,4714.142263256013,18659.0,95.0,292.62,67.0
training,2026-10-05T14:49:06.497381+00:00,4719.580904707313,18659.0,43.0,277.3,65.0
training,2026-10-05T14:49:06.497381+00:00,4724.995010077953,18659.0,95.0,303.19,67.0
training,2026-10-05T14:49:06.497381+00:00,4730.399650745094,18659.0,77.0,305.41,68.0
training,2026-10-05T14:49:06.497381+00:00,4735.81405300647,18659.0,90.0,286.4,69.0
training,2026-10-05T14:49:06.497381+00:00,4741.231148138642,18659.0,86.0,294.41,67.0
training,2026-10-05T14:49:06.497381+00:00,4746.629909209907,18659.0,99.0,281.19,69.0
training,2026-10-05T14:49:06.497381+00:00,4752.006153263152,18659.0,79.0,274.87,69.0
training,2026-10-05T14:49:06.497381+00:00,4757.343894012272,18659.0,80.0,298.76,67.0
training,2026-10-05T14:49:06.497381+00:00,4762.700856029987,18659.0,78.0,289.46,66.0
training,2026-10-05T14:49:06.497381+00:00,4768.128092393279,18659.0,99.0,274.33,70.0
training,2026-10-05T14:49:06.497381+00:00,4773.545466452837,18659.0,84.0,262.68,68.0
training,2026-10-05T14:49:06.497381+00:00,4778.940313741565,18659.0,95.0,293.86,68.0
training,2026-10-05T14:49:06.497381+00:00,4784.391931787133,18659.0,83.0,288.1,68.0
training,2026-10-05T14:49:06.497381+00:00,4789.7399329692125,18659.0,93.0,282.89,67.0
training,2026-10-05T14:49:06.497381+00:00,4795.166652582586,18659.0,94.0,287.8,67.0
training,2026-10-05T14:49:06.497381+00:00,4800.541086144745,18659.0,99.0,281.55,67.0
training,2026-10-05T14:49:06.497381+00:00,4805.923000998795,18659.0,98.0,307.63,68.0
training,2026-10-05T14:49:06.497381+00:00,4811.3118416666985,18659.0,0.0,94.81,59.0
training,2026-10-05T14:49:06.497381+00:00,4816.716437928379,18659.0,0.0,92.38,57.0
training,2026-10-05T14:49:06.497381+00:00,4822.124648936093,18659.0,0.0,91.29,55.0
training,2026-10-05T14:49:06.497381+00:00,4827.557491146028,18659.0,0.0,90.09,53.0
training,2026-10-05T14:49:06.497381+00:00,4832.864579297602,18659.0,0.0,88.88,52.0
training,2026-10-05T14:49:06.497381+00:00,4838.275305010378,18659.0,0.0,88.43,51.0
training,2026-10-05T14:49:06.497381+00:00,4843.7098727449775,18659.0,0.0,87.42,49.0
training,2026-10-05T14:49:06.497381+00:00,4849.080811731517,18659.0,89.0,288.91,55.0
training,2026-10-05T14:49:06.497381+00:00,4854.417444586754,18659.0,94.0,292.09,60.0
training,2026-10-05T14:49:06.497381+00:00,4859.828457452357,18659.0,79.0,285.9,58.0
training,2026-10-05T14:49:06.497381+00:00,4865.238342240453,18659.0,90.0,297.72,59.0
training,2026-10-05T14:49:06.497381+00:00,4870.640967302024,18659.0,95.0,282.58,60.0
training,2026-10-05T14:49:06.497381+00:00,4876.056098982692,18659.0,90.0,243.29,62.0
training,2026-10-05T14:49:06.497381+00:00,4881.399314008653,18659.0,94.0,265.98,62.0
training,2026-10-05T14:49:06.497381+00:00,4886.753783389926,18659.0,83.0,249.71,64.0
training,2026-10-05T14:49:06.497381+00:00,4892.104493416846,18659.0,85.0,289.32,62.0
training,2026-10-05T14:49:06.497381+00:00,4897.438552983105,18659.0,82.0,294.28,63.0
training,2026-10-05T14:49:06.497381+00:00,4902.811551555991,18659.0,95.0,271.93,65.0
training,2026-10-05T14:49:06.497381+00:00,4908.180599875748,18659.0,84.0,304.02,67.0
training,2026-10-05T14:49:06.497381+00:00,4913.569637686014,18659.0,95.0,279.57,65.0
training,2026-10-05T14:49:06.497381+00:00,4918.922533139586,18659.0,83.0,271.11,68.0
training,2026-10-05T14:49:06.497381+00:00,4924.332256689668,18659.0,82.0,302.18,66.0
training,2026-10-05T14:49:06.497381+00:00,4929.7415131405,18659.0,85.0,268.93,67.0
training,2026-10-05T14:49:06.497381+00:00,4935.131912223995,18659.0,94.0,284.55,67.0
training,2026-10-05T14:49:06.497381+00:00,4940.600896276534,18659.0,84.0,305.45,70.0
training,2026-10-05T14:49:06.497381+00:00,4945.958649300039,18659.0,95.0,291.07,70.0
training,2026-10-05T14:49:06.497381+00:00,4951.280714251101,18659.0,90.0,298.39,67.0
training,2026-10-05T14:49:06.497381+00:00,4956.636788748205,18659.0,91.0,277.2,67.0
training,2026-10-05T14:49:06.497381+00:00,4962.041044645011,18659.0,95.0,287.96,68.0
training,2026-10-05T14:49:06.497381+00:00,4967.39393813163,18659.0,91.0,290.08,67.0
training,2026-10-05T14:49:06.497381+00:00,4972.817577242851,18659.0,94.0,299.57,68.0
training,2026-10-05T14:49:06.497381+00:00,4978.236958838999,18659.0,92.0,280.76,70.0
training,2026-10-05T14:49:06.497381+00:00,4983.661427117884,18659.0,82.0,220.77,67.0
training,2026-10-05T14:49:06.497381+00:00,4989.046061418951,18659.0,80.0,266.92,68.0
training,2026-10-05T14:49:06.497381+00:00,4994.461430862546,18659.0,95.0,289.79,68.0
training,2026-10-05T14:49:06.497381+00:00,4999.869674056768,18659.0,99.0,282.17,67.0
training,2026-10-05T14:49:06.497381+00:00,5005.274848029017,18659.0,94.0,307.34,69.0
training,2026-10-05T14:49:06.497381+00:00,5010.711058802903,18659.0,97.0,293.7,70.0
training,2026-10-05T14:49:06.497381+00:00,5016.232062317431,18659.0,92.0,286.38,68.0
training,2026-10-05T14:49:06.497381+00:00,5021.647623352706,18659.0,96.0,290.7,69.0
training,2026-10-05T14:49:06.497381+00:00,5027.074509695172,18659.0,83.0,280.54,70.0
training,2026-10-05T14:49:06.497381+00:00,5032.4583657979965,18659.0,94.0,290.26,68.0
training,2026-10-05T14:49:06.497381+00:00,5037.834763623774,18659.0,91.0,249.4,69.0
training,2026-10-05T14:49:06.497381+00:00,5043.238581396639,18659.0,83.0,304.1,67.0
training,2026-10-05T14:49:06.497381+00:00,5048.646038338542,18659.0,95.0,279.88,68.0
training,2026-10-05T14:49:06.497381+00:00,5054.077747568488,18659.0,99.0,287.35,68.0
training,2026-10-05T14:49:06.497381+00:00,5059.468252256513,18659.0,94.0,294.04,68.0
training,2026-10-05T14:49:06.497381+00:00,5064.801463730633,18659.0,87.0,304.47,70.0
training,2026-10-05T14:49:06.497381+00:00,5070.257083825767,18659.0,94.0,290.55,70.0
training,2026-10-05T14:49:06.497381+00:00,5075.6592256352305,18659.0,89.0,286.05,71.0
training,2026-10-05T14:49:06.497381+00:00,5081.033243753016,18659.0,89.0,304.13,71.0
training,2026-10-05T14:49:06.497381+00:00,5086.403461866081,18659.0,88.0,291.95,71.0
training,2026-10-05T14:49:06.497381+00:00,5091.779149949551,18659.0,81.0,294.33,68.0
training,2026-10-05T14:49:06.497381+00:00,5097.101545460522,18659.0,96.0,287.77,67.0
training,2026-10-05T14:49:06.497381+00:00,5102.480889990926,18659.0,84.0,285.42,70.0
training,2026-10-05T14:49:06.497381+00:00,5107.8598563969135,18659.0,96.0,293.69,68.0
training,2026-10-05T14:49:06.497381+00:00,5113.228990510106,18659.0,77.0,285.68,70.0
training,2026-10-05T14:49:06.497381+00:00,5118.633834853768,18659.0,95.0,277.97,67.0
training,2026-10-05T14:49:06.497381+00:00,5124.088275641203,18659.0,95.0,288.93,70.0
training,2026-10-05T14:49:06.497381+00:00,5129.492747209966,18659.0,81.0,294.46,70.0
training,2026-10-05T14:49:06.497381+00:00,5134.862736389041,18659.0,99.0,307.58,68.0
training,2026-10-05T14:49:06.497381+00:00,5140.243749439716,18659.0,83.0,286.57,70.0
training,2026-10-05T14:49:06.497381+00:00,5145.621496729553,18659.0,79.0,285.25,70.0
training,2026-10-05T14:49:06.497381+00:00,5151.053711019456,18659.0,76.0,293.45,70.0
training,2026-10-05T14:49:06.497381+00:00,5156.5016485229135,18659.0,82.0,297.69,70.0
training,2026-10-05T14:49:06.497381+00:00,5161.837545149028,18659.0,95.0,302.36,69.0
training,2026-10-05T14:49:06.497381+00:00,5167.234802141786,18659.0,93.0,314.76,69.0
training,2026-10-05T14:49:06.497381+00:00,5172.566615797579,18659.0,19.0,229.5,63.0
training,2026-10-05T14:49:06.497381+00:00,5177.901667378843,18659.0,0.0,94.32,59.0
training,2026-10-05T14:49:06.497381+00:00,5183.240850381553,18659.0,0.0,91.47,57.0
training,2026-10-05T14:49:06.497381+00:00,5188.5979059413075,18659.0,0.0,90.38,55.0
training,2026-10-05T14:49:06.497381+00:00,5193.950473256409,18659.0,0.0,89.54,54.0
training,2026-10-05T14:49:06.497381+00:00,5199.304918117821,18659.0,0.0,88.69,52.0
training,2026-10-05T14:49:06.497381+00:00,5204.671772517264,18659.0,0.0,87.76,51.0
training,2026-10-05T14:49:06.497381+00:00,5210.080171145499,18659.0,0.0,87.15,50.0
training,2026-10-05T14:49:06.497381+00:00,5215.423477604985,18659.0,0.0,86.46,49.0
training,2026-10-05T14:49:06.497381+00:00,5220.806309565902,18659.0,0.0,85.37,48.0
training,2026-10-05T14:49:06.497381+00:00,5226.268638841808,18659.0,0.0,84.86,47.0
training,2026-10-05T14:49:06.497381+00:00,5231.725038468838,18659.0,94.0,162.17,52.0
training,2026-10-05T14:49:06.497381+00:00,5237.109623149037,18659.0,95.0,281.96,54.0
training,2026-10-05T14:49:06.497381+00:00,5242.499975152314,18659.0,93.0,269.21,56.0
training,2026-10-05T14:49:06.497381+00:00,5247.880233809352,18659.0,87.0,248.43,57.0
training,2026-10-05T14:49:06.497381+00:00,5253.257196292281,18659.0,94.0,294.46,59.0
training,2026-10-05T14:49:06.497381+00:00,5258.659933000803,18659.0,94.0,281.24,60.0
training,2026-10-05T14:49:06.497381+00:00,5264.068318344653,18659.0,95.0,289.18,60.0
training,2026-10-05T14:49:06.497381+00:00,5269.493133872747,18659.0,95.0,295.37,61.0
training,2026-10-05T14:49:06.497381+00:00,5274.906133942306,18659.0,94.0,289.55,63.0
training,2026-10-05T14:49:06.497381+00:00,5280.388906374574,18659.0,92.0,303.65,63.0
training,2026-10-05T14:49:06.497381+00:00,5285.8154013082385,18659.0,95.0,277.71,66.0
training,2026-10-05T14:49:06.497381+00:00,5291.203392885625,18659.0,5.0,93.81,58.0
training,2026-10-05T14:49:06.497381+00:00,5296.597698047757,18659.0,0.0,90.81,56.0
training,2026-10-05T14:49:06.497381+00:00,5301.964342027903,18659.0,0.0,89.92,54.0
training,2026-10-05T14:49:06.497381+00:00,5307.346010953188,18659.0,0.0,89.24,53.0
training,2026-10-05T14:49:06.497381+00:00,5312.7409256622195,18659.0,0.0,88.16,52.0
training,2026-10-05T14:49:06.497381+00:00,5318.065636433661,18659.0,0.0,87.47,51.0
training,2026-10-05T14:49:06.497381+00:00,5323.496654629707,18659.0,0.0,86.89,50.0
training,2026-10-05T14:49:06.497381+00:00,5328.910581000149,18659.0,0.0,85.93,49.0
training,2026-10-05T14:49:06.497381+00:00,5334.283480234444,18659.0,92.0,293.75,58.0
training,2026-10-05T14:49:06.497381+00:00,5339.755657918751,18659.0,85.0,291.59,58.0
training,2026-10-05T14:49:06.497381+00:00,5345.129538342357,18659.0,97.0,291.2,61.0
training,2026-10-05T14:49:06.497381+00:00,5350.562344767153,18659.0,94.0,288.06,62.0
training,2026-10-05T14:49:06.497381+00:00,5355.971389874816,18659.0,94.0,269.88,60.0
training,2026-10-05T14:49:06.497381+00:00,5361.428092621267,18659.0,90.0,263.72,63.0
training,2026-10-05T14:49:06.497381+00:00,5366.7982021942735,18659.0,97.0,292.5,64.0
training,2026-10-05T14:49:06.497381+00:00,5372.203805655241,18659.0,93.0,314.25,63.0
training,2026-10-05T14:49:06.497381+00:00,5377.596285097301,18659.0,95.0,306.52,64.0
training,2026-10-05T14:49:06.497381+00:00,5383.008313089609,18659.0,99.0,281.93,66.0
training,2026-10-05T14:49:06.497381+00:00,5388.347863867879,18659.0,97.0,291.26,63.0
training,2026-10-05T14:49:06.497381+00:00,5393.769650541246,18659.0,94.0,297.55,64.0
training,2026-10-05T14:49:06.497381+00:00,5399.164478376508,18659.0,97.0,267.59,67.0
training,2026-10-05T14:49:06.497381+00:00,5404.515493005514,18659.0,95.0,295.16,65.0
training,2026-10-05T14:49:06.497381+00:00,5409.93902875483,18659.0,83.0,299.64,66.0
training,2026-10-05T14:49:06.497381+00:00,5415.346593931317,18659.0,79.0,270.06,68.0
training,2026-10-05T14:49:06.497381+00:00,5420.803174689412,18659.0,94.0,278.18,66.0
training,2026-10-05T14:49:06.497381+00:00,5426.327772676945,18659.0,95.0,302.01,69.0
training,2026-10-05T14:49:06.497381+00:00,5431.815949305892,18659.0,86.0,240.12,66.0
training,2026-10-05T14:49:06.497381+00:00,5437.198271967471,18659.0,86.0,313.19,68.0
training,2026-10-05T14:49:06.497381+00:00,5442.60864957422,18659.0,95.0,276.85,68.0
training,2026-10-05T14:49:06.497381+00:00,5448.004888854921,18659.0,94.0,287.21,69.0
training,2026-10-05T14:49:06.497381+00:00,5453.442149750888,18659.0,96.0,311.7,67.0
training,2026-10-05T14:49:06.497381+00:00,5458.821514189243,18659.0,94.0,303.77,66.0
training,2026-10-05T14:49:06.497381+00:00,5464.171497918665,18659.0,94.0,298.76,67.0
training,2026-10-05T14:49:06.497381+00:00,5469.60837982595,18659.0,95.0,303.85,68.0
training,2026-10-05T14:49:06.497381+00:00,5475.0431286767125,18659.0,91.0,290.2,67.0
training,2026-10-05T14:49:06.497381+00:00,5480.376586779952,18659.0,95.0,312.7,68.0
training,2026-10-05T14:49:06.497381+00:00,5485.7155637815595,18659.0,80.0,241.41,67.0
training,2026-10-05T14:49:06.497381+00:00,5491.126525133848,18659.0,94.0,302.86,69.0
training,2026-10-05T14:49:06.497381+00:00,5496.464069373906,18659.0,77.0,266.82,70.0
training,2026-10-05T14:49:06.497381+00:00,5501.8345697671175,18659.0,99.0,279.1,67.0
training,2026-10-05T14:49:06.497381+00:00,5507.252202689648,18659.0,80.0,274.83,68.0
training,2026-10-05T14:49:06.497381+00:00,5512.612185917795,18659.0,94.0,276.41,69.0
training,2026-10-05T14:49:06.497381+00:00,5518.009663589299,18659.0,98.0,305.07,70.0
training,2026-10-05T14:49:06.497381+00:00,5523.397626109421,18659.0,78.0,278.8,71.0
training,2026-10-05T14:49:06.497381+00:00,5528.7543105483055,18659.0,89.0,307.45,70.0
training,2026-10-05T14:49:06.497381+00:00,5534.169901393354,18659.0,92.0,288.1,68.0
training,2026-10-05T14:49:06.497381+00:00,5539.591052636504,18659.0,76.0,307.94,67.0
training,2026-10-05T14:49:06.497381+00:00,5544.943395540118,18659.0,94.0,305.2,70.0
training,2026-10-05T14:49:06.497381+00:00,5550.345150522888,18659.0,95.0,311.72,70.0
training,2026-10-05T14:49:06.497381+00:00,5555.7058036103845,18659.0,95.0,306.09,71.0
training,2026-10-05T14:49:06.497381+00:00,5561.087272398174,18659.0,68.0,298.04,68.0
training,2026-10-05T14:49:06.497381+00:00,5566.543348260224,18659.0,99.0,298.45,71.0
training,2026-10-05T14:49:06.497381+00:00,5571.966250903904,18659.0,90.0,271.33,70.0
training,2026-10-05T14:49:06.497381+00:00,5577.33057590574,18659.0,86.0,270.52,71.0
training,2026-10-05T14:49:06.497381+00:00,5582.789826869965,18659.0,95.0,304.24,68.0
training,2026-10-05T14:49:06.497381+00:00,5588.157915361226,18659.0,0.0,252.11,64.0
training,2026-10-05T14:49:06.497381+00:00,5593.568901725113,18659.0,99.0,306.68,69.0
training,2026-10-05T14:49:06.497381+00:00,5598.963395863771,18659.0,5.0,96.03,61.0
training,2026-10-05T14:49:06.497381+00:00,5604.3697641044855,18659.0,0.0,93.25,58.0
training,2026-10-05T14:49:06.497381+00:00,5609.719118013978,18659.0,0.0,91.26,56.0
training,2026-10-05T14:49:06.497381+00:00,5615.070964790881,18659.0,0.0,90.33,54.0
training,2026-10-05T14:49:06.497381+00:00,5620.390227377415,18659.0,0.0,89.15,53.0
training,2026-10-05T14:49:06.497381+00:00,5625.778808012605,18659.0,0.0,88.16,52.0
training,2026-10-05T14:49:06.497381+00:00,5631.131717115641,18659.0,0.0,87.83,51.0
training,2026-10-05T14:49:06.497381+00:00,5636.5760355219245,18659.0,0.0,86.6,50.0
training,2026-10-05T14:49:06.497381+00:00,5641.986367441714,18659.0,94.0,284.87,57.0
training,2026-10-05T14:49:06.497381+00:00,5647.386149682105,18659.0,95.0,278.78,57.0
training,2026-10-05T14:49:06.497381+00:00,5652.813213378191,18659.0,99.0,292.27,61.0
training,2026-10-05T14:49:06.497381+00:00,5658.1847655549645,18659.0,90.0,286.98,62.0
training,2026-10-05T14:49:06.497381+00:00,5663.605866625905,18659.0,81.0,259.76,60.0
training,2026-10-05T14:49:06.497381+00:00,5668.960628055036,18659.0,79.0,297.66,61.0
training,2026-10-05T14:49:06.497381+00:00,5674.295876130462,18659.0,95.0,297.31,62.0
training,2026-10-05T14:49:06.497381+00:00,5679.656589873135,18659.0,95.0,287.1,63.0
training,2026-10-05T14:49:06.497381+00:00,5685.008342295885,18659.0,81.0,278.57,62.0
training,2026-10-05T14:49:06.497381+00:00,5690.38804012537,18659.0,90.0,271.65,66.0
training,2026-10-05T14:49:06.497381+00:00,5695.840579368174,18659.0,85.0,300.71,66.0
training,2026-10-05T14:49:06.497381+00:00,5701.188177160919,18659.0,84.0,303.33,65.0
training,2026-10-05T14:49:06.497381+00:00,5706.592688903213,18659.0,95.0,294.46,67.0
training,2026-10-05T14:49:06.497381+00:00,5711.998322181404,18659.0,97.0,286.63,68.0
training,2026-10-05T14:49:06.497381+00:00,5717.363173939288,18659.0,95.0,282.16,67.0
training,2026-10-05T14:49:06.497381+00:00,5722.761508792639,18659.0,93.0,277.96,66.0
training,2026-10-05T14:49:06.497381+00:00,5728.151993148029,18659.0,88.0,312.26,68.0
training,2026-10-05T14:49:06.497381+00:00,5733.5721752122045,18659.0,0.0,248.93,63.0
training,2026-10-05T14:49:06.497381+00:00,5739.009131520987,18659.0,95.0,299.48,69.0
training,2026-10-05T14:49:06.497381+00:00,5744.446758180857,18659.0,94.0,270.27,68.0
training,2026-10-05T14:49:06.497381+00:00,5749.852807596326,18659.0,96.0,283.95,68.0
training,2026-10-05T14:49:06.497381+00:00,5755.261548385024,18659.0,97.0,267.16,68.0
training,2026-10-05T14:49:06.497381+00:00,5760.6139953807,18659.0,90.0,297.61,69.0
training,2026-10-05T14:49:06.497381+00:00,5765.978819765151,18659.0,79.0,284.75,70.0
training,2026-10-05T14:49:06.497381+00:00,5771.362771220505,18659.0,83.0,288.37,67.0
training,2026-10-05T14:49:06.497381+00:00,5776.773976869881,18659.0,95.0,279.58,68.0
training,2026-10-05T14:49:06.497381+00:00,5782.167672164738,18659.0,85.0,300.56,70.0
training,2026-10-05T14:49:06.497381+00:00,5787.583556674421,18659.0,64.0,252.55,68.0
training,2026-10-05T14:49:06.497381+00:00,5792.92360856384,18659.0,94.0,279.32,68.0
training,2026-10-05T14:49:06.497381+00:00,5798.371178150177,18659.0,95.0,308.99,68.0
training,2026-10-05T14:49:06.497381+00:00,5803.743663363159,18659.0,93.0,313.79,67.0
training,2026-10-05T14:49:06.497381+00:00,5809.1751099824905,18659.0,95.0,283.51,66.0
training,2026-10-05T14:49:06.497381+00:00,5814.538166992366,18659.0,87.0,289.95,68.0
training,2026-10-05T14:49:06.497381+00:00,5819.955722108483,18659.0,94.0,277.12,68.0
training,2026-10-05T14:49:06.497381+00:00,5825.336731567979,18659.0,94.0,285.11,70.0
training,2026-10-05T14:49:06.497381+00:00,5830.795720100403,18659.0,94.0,310.47,69.0
training,2026-10-05T14:49:06.497381+00:00,5836.275733418763,18659.0,94.0,287.54,68.0
training,2026-10-05T14:49:06.497381+00:00,5841.6838413104415,18659.0,94.0,247.6,67.0
training,2026-10-05T14:49:06.497381+00:00,5847.061706133187,18659.0,92.0,279.3,67.0
training,2026-10-05T14:49:06.497381+00:00,5852.416471891105,18659.0,95.0,284.09,68.0
training,2026-10-05T14:49:06.497381+00:00,5857.725345402956,18659.0,95.0,297.86,68.0
training,2026-10-05T14:49:06.497381+00:00,5863.131274841726,18659.0,95.0,289.02,68.0
training,2026-10-05T14:49:06.497381+00:00,5868.53594494611,18659.0,78.0,293.59,68.0
training,2026-10-05T14:49:06.497381+00:00,5873.973704524338,18659.0,95.0,295.53,67.0
training,2026-10-05T14:49:06.497381+00:00,5879.350411251187,18659.0,96.0,298.56,68.0
training,2026-10-05T14:49:06.497381+00:00,5884.84831918031,18659.0,86.0,293.53,70.0
training,2026-10-05T14:49:06.497381+00:00,5890.271782211959,18659.0,85.0,300.5,68.0
training,2026-10-05T14:49:06.497381+00:00,5895.6358008906245,18659.0,94.0,278.64,68.0
training,2026-10-05T14:49:06.497381+00:00,5900.993288531899,18659.0,94.0,299.94,70.0
training,2026-10-05T14:49:06.497381+00:00,5906.330555252731,18659.0,95.0,284.57,71.0
training,2026-10-05T14:49:06.497381+00:00,5911.730602808297,18659.0,99.0,305.73,71.0
training,2026-10-05T14:49:06.497381+00:00,5917.107259459794,18659.0,85.0,309.95,71.0
training,2026-10-05T14:49:06.497381+00:00,5922.452707909048,18659.0,95.0,283.78,69.0
training,2026-10-05T14:49:06.497381+00:00,5927.764911226928,18659.0,74.0,274.72,68.0
training,2026-10-05T14:49:06.497381+00:00,5933.109730154276,18659.0,88.0,271.4,70.0
training,2026-10-05T14:49:06.497381+00:00,5938.54008167237,18659.0,97.0,288.6,70.0
training,2026-10-05T14:49:06.497381+00:00,5943.931464374065,18659.0,95.0,290.46,68.0
training,2026-10-05T14:49:06.497381+00:00,5949.345621243119,18659.0,94.0,296.28,68.0
training,2026-10-05T14:49:06.497381+00:00,5954.739102087915,18659.0,95.0,288.33,70.0
training,2026-10-05T14:49:06.497381+00:00,5960.084929592907,18659.0,97.0,309.95,69.0
training,2026-10-05T14:49:06.497381+00:00,5965.365994282067,18659.0,5.0,177.32,63.0
training,2026-10-05T14:49:06.497381+00:00,5970.722800925374,18659.0,0.0,94.02,59.0
training,2026-10-05T14:49:06.497381+00:00,5976.049389086664,18659.0,0.0,92.4,57.0
training,2026-10-05T14:49:06.497381+00:00,5981.407414235175,18659.0,0.0,91.17,55.0
training,2026-10-05T14:49:06.497381+00:00,5986.725072175264,18659.0,0.0,90.12,53.0
training,2026-10-05T14:49:06.497381+00:00,5992.110625945032,18659.0,0.0,89.2,52.0
training,2026-10-05T14:49:06.497381+00:00,5997.417118601501,18659.0,0.0,87.88,50.0
training,2026-10-05T14:49:06.497381+00:00,6002.790173232555,18659.0,0.0,87.76,49.0
training,2026-10-05T14:49:06.497381+00:00,6008.155201509595,18659.0,0.0,86.55,48.0
training,2026-10-05T14:49:06.497381+00:00,6013.542772218585,18659.0,0.0,85.98,47.0
training,2026-10-05T14:49:06.497381+00:00,6018.900034666061,18659.0,0.0,85.5,47.0
training,2026-10-05T14:49:06.497381+00:00,6024.267633654177,18659.0,0.0,85.16,46.0
training,2026-10-05T14:49:06.497381+00:00,6029.578448675573,18659.0,0.0,85.25,45.0
training,2026-10-05T14:49:06.497381+00:00,6034.891694389284,18659.0,0.0,84.73,45.0
training,2026-10-05T14:49:06.497381+00:00,6040.266237773001,18659.0,92.0,281.68,54.0
training,2026-10-05T14:49:06.497381+00:00,6045.561092913151,18659.0,95.0,288.44,56.0
training,2026-10-05T14:49:06.497381+00:00,6050.952166028321,18659.0,75.0,273.29,59.0
training,2026-10-05T14:49:06.497381+00:00,6056.357996210456,18659.0,82.0,271.66,59.0
training,2026-10-05T14:49:06.497381+00:00,6061.673516049981,18659.0,5.0,91.47,54.0
training,2026-10-05T14:49:06.497381+00:00,6066.975800588727,18659.0,0.0,89.08,52.0
training,2026-10-05T14:49:06.497381+00:00,6072.303529255092,18659.0,0.0,88.31,51.0
training,2026-10-05T14:49:06.497381+00:00,6077.671592839062,18659.0,0.0,88.19,51.0
training,2026-10-05T14:49:06.497381+00:00,6083.075070463121,18659.0,0.0,87.85,51.0
training,2026-10-05T14:49:06.497381+00:00,6088.453264705837,18659.0,0.0,87.87,50.0
training,2026-10-05T14:49:06.497381+00:00,6093.8635546043515,18659.0,0.0,87.37,50.0
training,2026-10-05T14:49:06.497381+00:00,6099.220911845565,18659.0,0.0,86.86,49.0
training,2026-10-05T14:49:06.497381+00:00,6104.572815850377,18659.0,8.0,88.34,48.0
training,2026-10-05T14:49:06.497381+00:00,6109.891461268067,2179.0,0.0,86.81,47.0
training,2026-10-05T14:49:06.497381+00:00,6115.23197298497,2179.0,0.0,85.47,46.0
training,2026-10-05T14:49:06.497381+00:00,6120.57557489723,2179.0,0.0,85.73,46.0
training,2026-10-05T14:49:06.497381+00:00,6125.881153061986,2179.0,0.0,83.59,45.0
training,2026-10-05T14:49:06.497381+00:00,6131.232273049653,2179.0,0.0,82.96,44.0
training,2026-10-05T14:49:06.497381+00:00,6136.554046846926,2179.0,0.0,82.7,44.0
training,2026-10-05T14:49:06.497381+00:00,6141.934686690569,2179.0,0.0,82.99,43.0
training,2026-10-05T14:49:06.497381+00:00,6147.309139363468,2179.0,0.0,82.73,43.0
training,2026-10-05T14:49:06.497381+00:00,6152.65935433656,2179.0,0.0,82.57,42.0
training,2026-10-05T14:49:06.497381+00:00,6157.990009076893,2179.0,0.0,82.34,42.0
training,2026-10-05T14:49:06.497381+00:00,6163.314064063132,2179.0,0.0,82.36,41.0
training,2026-10-05T14:49:06.497381+00:00,6168.6733387336135,2179.0,0.0,82.24,41.0
training,2026-10-05T14:49:06.497381+00:00,6173.970554985106,10659.0,99.0,271.26,52.0
training,2026-10-05T14:49:06.497381+00:00,6179.329116173089,10659.0,99.0,298.01,53.0
diagnostics,2026-10-05T16:32:53.654735+00:00,0.35226861387491226,0.0,0.0,89.65,44.0
diagnostics,2026-10-05T16:32:53.654735+00:00,5.69100496172905,0.0,0.0,63.0,41.0
diagnostics,2026-10-05T16:32:53.654735+00:00,11.012187972664833,0.0,0.0,35.52,40.0
diagnostics,2026-10-05T16:32:53.654735+00:00,16.368542596697807,3.0,0.0,34.94,39.0
diagnostics,2026-10-05T16:32:53.654735+00:00,21.738488480448723,9463.0,96.0,234.08,44.0
diagnostics,2026-10-05T16:32:53.654735+00:00,27.112049780786037,9463.0,29.0,215.16,46.0
diagnostics,2026-10-05T16:32:53.654735+00:00,32.47763818502426,10263.0,98.0,221.75,47.0
diagnostics,2026-10-05T16:32:53.654735+00:00,37.84489794820547,10263.0,96.0,204.25,48.0
diagnostics,2026-10-05T16:32:53.654735+00:00,43.20362917333841,10263.0,96.0,211.21,49.0
diagnostics,2026-10-05T16:32:53.654735+00:00,48.54956189543009,10263.0,96.0,240.74,51.0
diagnostics,2026-10-05T16:32:53.654735+00:00,53.90299417823553,10263.0,96.0,240.07,52.0
diagnostics,2026-10-05T16:32:53.654735+00:00,59.20325243473053,10263.0,96.0,219.16,53.0
diagnostics,2026-10-05T16:32:53.654735+00:00,64.56212752312422,10263.0,96.0,237.47,53.0
diagnostics,2026-10-05T16:32:53.654735+00:00,69.92996484786272,10263.0,96.0,237.98,54.0
diagnostics,2026-10-05T16:32:53.654735+00:00,75.33438122272491,10263.0,98.0,231.23,54.0
diagnostics,2026-10-05T16:32:53.654735+00:00,80.70345107465982,10263.0,21.0,228.35,53.0
diagnostics,2026-10-05T16:32:53.654735+00:00,86.06129236519337,10263.0,81.0,231.31,56.0
diagnostics,2026-10-05T16:32:53.654735+00:00,91.37525912374258,10263.0,98.0,219.85,54.0
diagnostics,2026-10-05T16:32:53.654735+00:00,96.69282919168472,10263.0,29.0,219.03,54.0
diagnostics,2026-10-05T16:32:53.654735+00:00,102.00981717556715,10263.0,52.0,222.26,52.0
diagnostics,2026-10-05T16:32:53.654735+00:00,107.35987331718206,10263.0,97.0,244.84,57.0
diagnostics,2026-10-05T16:32:53.654735+00:00,112.75660010427237,10263.0,96.0,224.5,55.0
diagnostics,2026-10-05T16:32:53.654735+00:00,118.06706253439188,10263.0,96.0,224.73,55.0
diagnostics,2026-10-05T16:32:53.654735+00:00,123.40823767334223,10263.0,98.0,244.63,56.0
diagnostics,2026-10-05T16:32:53.654735+00:00,128.74531899392605,10263.0,97.0,230.62,55.0
diagnostics,2026-10-05T16:32:53.654735+00:00,134.06285475939512,10263.0,98.0,222.71,56.0
diagnostics,2026-10-05T16:32:53.654735+00:00,139.37106223404408,10263.0,96.0,217.18,59.0
diagnostics,2026-10-05T16:32:53.654735+00:00,144.69961052387953,10263.0,96.0,236.94,59.0
diagnostics,2026-10-05T16:32:53.654735+00:00,150.03976110368967,579.0,0.0,87.8,50.0
diagnostics,2026-10-05T16:32:53.654735+00:00,155.3668383434415,9465.0,62.0,212.47,54.0
diagnostics,2026-10-05T16:32:53.654735+00:00,160.69263684004545,10265.0,96.0,247.07,55.0
diagnostics,2026-10-05T16:32:53.654735+00:00,166.0486802086234,10265.0,98.0,236.65,55.0
diagnostics,2026-10-05T16:32:53.654735+00:00,171.35653542727232,10265.0,28.0,201.73,55.0
diagnostics,2026-10-05T16:32:53.654735+00:00,176.68565361201763,579.0,0.0,87.54,49.0
diagnostics,2026-10-05T16:32:53.654735+00:00,182.09856782853603,9465.0,96.0,218.9,52.0
diagnostics,2026-10-05T16:32:53.654735+00:00,187.44886518269777,10265.0,96.0,239.67,56.0
diagnostics,2026-10-05T16:32:53.654735+00:00,192.72882856428623,10265.0,96.0,239.16,56.0
diagnostics,2026-10-05T16:32:53.654735+00:00,198.05101111531258,10265.0,96.0,225.18,56.0
performance,2026-10-05T16:36:14.033502+00:00,0.28338107466697693,0.0,0.0,90.01,51.0
performance,2026-10-05T16:36:14.033502+00:00,5.611556179821491,0.0,0.0,65.79,49.0
performance,2026-10-05T16:36:14.033502+00:00,10.924023292958736,433.0,0.0,86.22,49.0
performance,2026-10-05T16:36:14.033502+00:00,16.301944330334663,3717.0,0.0,129.18,51.0
