key,group,split,tp,fp,fn,tn,support,predicted_pixels,iou,precision,recall,iou:person,iou:truck,iou:rail-track,iou:vegetation-overgrowth,iou:car,iou:on-rails,iou:traffic-sign,iou:road,iou:sidewalk,iou:construction,iou:tram-track,iou:pole,iou:traffic-light,iou:mud-pumping,iou:fence,iou:terrain,iou:sky,iou:rail-embedded,iou:rail-raised,iou:trackbed,iou:standing-water,image_sha256,mask_decoded_sha256,prediction_sha256
evening-water-cab-view/0289,evening-water-cab-view,train,0,0,0,2073600,0,0,,,,,0.0,0.49800053557082924,0.0,0.9050453131340457,,0.048769674129904676,0.012105780398463325,0.9387598946746433,0.7399392294667502,0.0,0.5279955977438437,,,0.7208754005199202,0.879703874439637,0.9928879275027449,0.0,0.3684532768693079,0.730754032402917,0.2043849413498741,61b19d029c6cc48d744189fd60f15317991db02db7ea86e03c8dd7f235cb5126,736818a0449d28bdb2d8778a1660ca515a3168050b25ed1a01d88dae3bd752a8,0aa37b3e9035e84ea0fc41421d108d15dfea00d154b52c047a33d1b8774d99fe
evening-water-cab-view/0290,evening-water-cab-view,train,0,17599,0,2052079,0,17599,0.0,0.0,,,0.0,0.6202704238154755,0.0,0.0,0.0,0.5895806861499364,0.01250982241081251,0.9714526956718219,0.7486529037408254,0.5324935044484687,0.7400929506510093,,0.0,0.6612726372382569,0.844109668704521,0.9919607188581029,0.000859375,0.3632306483694653,0.6339807557888788,0.0,bc87c6029c376bb13438534dc5403cc400260f97f586d1d6581f3e6c7f911c08,13322ec6a2aacce02132ed5e7696c28c5ee8042d56819195ed30830659e51b22,b5ef0fadaf1b33e08e64a86ef5ef3253cd50c5c2afd7ff6ce00ca450fbb0caa8
evening-water-cab-view/0291,evening-water-cab-view,train,0,17461,0,2056139,0,17461,0.0,0.0,,,0.0,0.838594432395496,0.0,0.7734806629834254,,0.8598130841121495,,0.0,0.8338626711006489,,0.6535110199897488,0.1676829268292683,0.0,0.3401110754119429,0.9297221160019224,0.9937063213617848,,0.7497053466195222,0.8390823910255333,0.0,98c179d6033fbdd1ac8781f30103871dbd923fb986a02c3839d44f86da4740de,bb2a9920140cf227658a598969afef5c7ce53e7b98b5a3c4c066546ea5130d17,54e00f27ea4a00c71dc2cd2832cb0aa120014b8ab44c1f082afafeda4e0fd00f
evening-water-cab-view/0293,evening-water-cab-view,train,0,0,0,2073600,0,0,,,,,,0.9815695600475625,0.0,,,,,,,,,,,,0.9842859224840759,0.9878851641969398,,0.84161518488674,0.837440864528155,0.003854737269222966,6077aba4a4bb99250442da395b3d3240725c2e1e0aef293eb44333393c53dc7c,f911421065662a54b5c3274a87ea67b0c0aab217d8246dfafdb1abfc6d028d20,ba917a6b0e3c59eda35f765853e44056f3e5a16b410744bd8f5ba42c36e5f660
evening-water-cab-view/0294,evening-water-cab-view,train,0,0,0,2073600,0,0,,,,,,0.9714474578138484,0.0,,,,,,,,,,,,0.9905915166367331,0.9935059909641093,,0.7927381383556682,0.9032328815194982,0.8413879337292904,fc99bfd711df81411031982d6c1af485a0d5de1a6bc8031d66c08fe78aaaf437,4658d8f7532c6505af3946da32505699e8955aca2113d5cdeb27eec1d16f2745,6b8cee09a579d0f6d11c2dac79bc2e1ccb0c020ec65cdc7eee45802c04f8abac
evening-water-cab-view/0296,evening-water-cab-view,train,0,0,0,2073600,0,0,,,,,,0.9667617033017566,,,,,,,,,0.0,,,,0.9861055023375211,0.9922079091973696,,0.7867195958137856,0.8607627640757597,0.8554267122716276,ccabc9bad6992ae81dbcf31b87e948651539d5fb18383056159cb4158d7aa1e0,60379d256d614ea088a2828671715ec0c44a063f5021ec187a15947d9abddccf,051fb308422c4ad51fce0fb331ed38473002e3a575ce2dc78080bf198fb550df
flooded-road-crossing/0272,flooded-road-crossing,train,0,0,0,2073600,0,0,,,,0.0,,,0.0,0.9743978147504345,,,0.8201060605077144,0.0,0.8194516971279373,,0.5226615236258437,,,,0.9381149451037418,0.9832233513445933,,0.0,0.0,0.9310922535564384,1a64c22d40183eaa53211aeb2ab21c5cbf2a328ca7b2d6716a58fff64bb7291d,10ed04abff1db423799ac73be0144d2a9d4c342000410521dac7c27615a1210d,6c5a8912f165c85487b651b7b63e074be1c9a45dbcce45776d779d9fa94d1ca3
flooded-road-crossing/0274,flooded-road-crossing,train,0,2531,0,2071069,0,2531,0.0,0.0,,0.0,,,0.0,0.0,,,0.7535712445929851,0.0,,,0.0,,0.0,0.0,0.8856057022893795,,,0.0,0.0,0.9499582581317135,5eac815d6dcafeaed42ca25116f35fe30e4598159ae3b155d664bf6b7378427a,7172a732328236e294af3f1eef4ebca9041023ad99ef10d8086e8fd60928f87b,f594fcd70647b11a4fbf037ed79bf3c7a215545fd8063c3976c287fc72811d3b
flooded-station-platform/0298,flooded-station-platform,train,0,0,0,2073600,0,0,,,,0.9410817653348409,,0.6079954020052366,,,0.9453075642172855,,,0.9768726301480933,0.906145086927036,,0.0,,,,0.0,0.0,,0.5354300724299792,0.0,0.27514155175792326,f0194c9f5092ef4a9f5211064d986408ef94a7c44752b254cf2a6cb67600d64a,5722f0e4963bd2152bf42d5232dc39a50a7a848f6c12b1004b0789f34038d48b,0e9487a2ebf19e70ba28543c2a8fea72683f2ee9749238f75e701ac20589b12c
flooded-station-platform/0299,flooded-station-platform,train,0,0,0,2073600,0,0,,,,,,0.8405299497578146,,,0.0,,,0.9966074560755546,0.8975072344448534,,,,,,,,,0.8403869660588402,,0.9618207275016679,2e8151e2e6b02fcc2163c50aa86d9e5e0134c8e81d7ed74c33832a121b91dcaf,6af42e253b81ce9497cf93cd0a68c78ba94d0412ca46ce0bdf9850dfc84f3d38,e512b6a731e547710f2127d27a3d879be5b96e78c799ee1efdb182cb4871125f
flooded-station-platform/0300,flooded-station-platform,train,0,29,0,2073571,0,29,0.0,0.0,,0.0,,0.83315810840351,,,,,0.0,0.0,0.922352637366299,,,,0.0,,,,,0.8523863774524594,,0.9079429602770687,aa5009748eb469829d461d7b4e9a1e63aced662acde1baab34479670671c9cfc,75ede15bd1fb51823b565832643d1df6ed5185b2a03eb179228324c3aed39bb0,5d2608794550d2a11c845abd2d12e313c7551ee76b58337cd57c91732761ca4e
flooded-station-platform/0301,flooded-station-platform,train,0,308366,0,1765234,0,308366,0.0,0.0,,,,0.8880858583537689,0.0,,,,,,0.9910899645961927,,,,0.0,,,,,0.8560016386726751,,0.3125376343615132,b6bfd2eb1a154fe26098279bca8d8165e5aa045fad56b687663d941cba56bfda,47d991bcaec17e2c3c48231acaa869c7cfe0fc1945cdd8af78fe916b1e1bd398,ee7e94cc04dad9ab5ddb0f5981df6003405c94662157d9f5f498be56e0df4fd6
flooded-station-platform/0302,flooded-station-platform,train,0,289405,0,1784195,0,289405,0.0,0.0,,,,0.8190510707945603,,,,0.0,,0.22762148337595908,0.741370140333953,,,,0.0,,,,,0.4628152537222729,,0.16123208468006747,0758d8245392d38d69bb520d6aa46dd39d38ccdfa9c8011ae15e78d2a3d0dfae,eece741854c6faf5705694b7fe66da45777daa6a2c5a7a957f51d43f01e66a89,949f23d977a1314f9843950474776391e4a33dc9503cced24771154d1b1e9efe
flooded-station-platform/0303,flooded-station-platform,train,0,133129,0,1940471,0,133129,0.0,0.0,,,,0.8155638189304273,0.05268123918855166,0.0,0.3893550982871594,0.27321019941157243,0.0,0.9453097637720265,0.8215575866923093,0.0,0.480048465266559,0.6721247563352827,0.0,0.4673717864494372,0.6782337048294496,0.7347525140394411,,0.7740028459579458,0.8027985939902849,0.4805444553241415,e62cac97ea08c225e113869af1e24539312d59ae8b1ea981d8625c7d8c85968b,9f41da0deb75457d49e7d121daf10240080a8bd5972f436a7e0a7b9717ecb8fb,06d78fb64b30e1fe6181e4400e3b97a1d5b97c4b12188b428c52dcb2bc6fc65c
flooded-stone-bridge/0270,flooded-stone-bridge,train,0,200226,0,389598,0,200226,0.0,0.0,,,,0.0,0.0,,,,0.0,0.0,0.0,,,,0.0,0.0,0.0,0.8089780324737345,,0.8225171557276976,0.3192019950124688,0.19232375908744836,d8aff7595858cbf04c9e2b85dc09bc865c9a2ad58b92c41e823fb4a084f4bada,cc93b0303a5e58646273e1c337552e9b819a34fb83f9540d2148d3bcbe375c9e,22d03a795fa02757f55deec28122a091470caf542e741a3eb7e2428e8e3bdf49
flooded-stone-bridge/0271,flooded-stone-bridge,train,0,0,0,698368,0,0,,,,,,,0.0,,,,0.0,0.0,0.8857608035617216,,0.46861388675377913,,,,0.7081445400996829,0.9666619974786385,,0.6129766647694934,,0.9567762639739505,f5180763e414fb42a131798a9a989ba50a68fa194643d48809aba9a9130498ed,deb97cc444c8d1373bf880da820dc45e4746303470e336a4c48ca969c057ecb6,b82bbddfdf8d926d5a9f99bef7499c35898f53e97a3eef1dbe1c9e24e68067fc
flooded-stone-bridge/0310,flooded-stone-bridge,train,0,112101,0,809140,0,112101,0.0,0.0,,,,0.4210141216067901,,0.8503608051652107,,0.8046206503137479,0.7448443186413263,0.0,0.9046607239977508,0.0,0.5374504570088167,0.4446085672082718,0.0,0.8440841200315586,0.9218303860438175,0.9166044025518708,,0.7596021986108169,0.7845991519959359,7.123471125009795e-06,244d2e5e9d27aab38bd91e338efee542e9ef1b32b81f5b1d04e493988fd9fb15,42ef6482e36a3fc9d3fefaf6ee832e646e4a322238c9ee94517cf29cccb2a2fe,2b46855cf1e8434cad86051d0fb3870f21ead430178a56c13ab8a5a8e8141946
flooded-stone-bridge/0311,flooded-stone-bridge,train,0,0,0,921600,0,0,,,,,,0.013029315960912053,0.0,0.3609341825902335,,0.7489177489177489,0.0,0.0,0.9614484333282827,,0.5493472584856397,0.5425867507886435,,0.5610084940002696,0.8662685258745857,0.9149817641018377,,0.6157515980756088,0.18298056155507558,0.8882514288996755,3ec9872d416c77c2223a85177374f753b9fa22546177d378a402366f3a00fac8,6561271ce4c565a4c37ee75a811cabfb1e535cadc0ff4b3b0a20a98020fff530,d0205d0d280cdd30348f1c9630a93f8ed9568896e10baafef96e2175425ce84c
flooded-trackside-woodland/0306,flooded-trackside-woodland,train,0,83578,0,1981721,0,83578,0.0,0.0,,,,0.4531515014853087,0.0,,,,,,0.0,,,,0.0,,0.982392133456498,,,0.7727218357275425,0.7576217245671041,0.8490495464281215,0021b7212f209be14d804f00cbd09a05f058de3d7582bd9ccb3bb068575fac81,8de09c6caae8edb989f229fdf3de804a969a3c4d11baa415faf551b9c1f5cd1a,d5b14ec497b930b425e9117dafa35bfac3df4548a617de926153626fb0c55299
flooded-trackside-woodland/0307,flooded-trackside-woodland,train,0,0,0,2073600,0,0,,,,,,0.0,0.0,,,,,0.0,,,,,,0.7953562005277045,0.9881744110321788,,,0.9258207812101098,,0.9504412659768716,05638be2766fc4b1131b1244aba691384afbe16930ecba0b0faf7738dcf28e31,8965ae7b242b8b889a19b35409caf90d8ce9f841d962398bb5984a9bf7e3e501,0cee7e961291884657d3bbc3864a8f3e60aaabd152b77bacfcd8a23b4989bcc1
flooded-trackside-woodland/0308,flooded-trackside-woodland,train,0,4924,0,2068676,0,4924,0.0,0.0,,,,0.0,0.0,,,,,,,,0.0,,0.0,,0.9749415882551896,,,0.9127024123078094,0.8395160787232532,0.8639159702878366,0020a0a56903de99cf38302e93fdee20ec756bd51a40b2edf7884183de063666,0ae12b44425bb812368f8178ac0aef7e325786d592a022eefc8bec3277618389,32a3620b35f92da996aa0fe808954bd3f2fb54e8e5c7cfc943a04e24cbf35676
flooded-trackside-woodland/0309,flooded-trackside-woodland,train,0,33208,0,2040392,0,33208,0.0,0.0,,,,0.0,0.6591764848779302,,,,,,,,,,0.0,0.0,0.9862468992114841,,,0.9084662576687117,0.0,0.8596602908903443,b0aed51ac2b31233ca1f0b25b0f75d6ad53e8afd209b956cbf317def34ebd785,0da5d8691c2ef3a4af99cd06382ed6b5e9acdc9dcff28e445e132c1371c91740,a758c7ab14b02100c6fd00d96a6ce0c9bed7af6fcfd388810a7cd17332946f52
green-roadside-cab-view/0174,green-roadside-cab-view,train,0,182,0,2066749,0,182,0.0,0.0,,,,0.9632687016061944,,,,,0.8251521675380687,0.0,0.8381262637609526,,0.6193400423596055,,0.0,0.6923692636072573,0.9534914033054765,0.9859213951995435,,0.7730371272063299,0.8110885122410546,,ac8756b81048f48af6d2c3fee710b8b43f34a4e658cde8c09bb9f690902790e5,b77c97dcd4fb55499f6f8e29e571ffe8b252988a1383fbbbc8633d7e7d35146a,cf330fba637c4b328b360c4b8382e0c26f1c7532195c144d0fbc04ff17ed67c2
green-roadside-cab-view/0200,green-roadside-cab-view,train,0,285,0,2067956,0,285,0.0,0.0,,,,0.3299240934190014,0.0924043062200957,,,0.8147295742232451,0.8639074427480916,0.0,0.0,0.907002348796242,0.7244077100223982,0.0,0.0,,0.9750635256289787,0.984707567808259,0.0,0.47368421052631576,0.0,,647d89550b9094d69144e9eb687405a9b548e981193dfb8682ee2e38bdb37aa6,ec9c895b7bfc0e04c27e3fbfa6d40129a216d6b93b9c0d141f0a7cac2f4cfb82,3530fba39ac0306cc79d042f976b8acea9c1c0ac2f18ac60e0e5d584e7857e52
green-roadside-cab-view/0201,green-roadside-cab-view,train,0,1477,0,1981300,0,1477,0.0,0.0,,,,0.9422841604350782,0.0,,,,0.17274902781932397,0.0,0.0,0.788175712870197,0.7317280961348758,,0.0,0.0,0.9737847330627537,0.984754154031302,0.0,0.6395249608874982,0.7649370948710483,,cec5a4a2267098df2b64c119ce4e99aacc9014722b05125b92bd8da623cddee4,79b14e0ec0f662a0b7defa39504fefcd6253e1a53dbd690216307f9800fec399,6b52ed53f9f316a890d149798744f4825e88f513973723b5602dda67c4f1ac85
green-roadside-cab-view/0203,green-roadside-cab-view,train,0,0,0,2067934,0,0,,,,,0.9710222652803487,0.9618032569839798,,0.8710166919575114,,0.6972111553784861,0.8718833436023824,,0.7248373713056395,,0.34029511918274685,,,0.9107296297679979,0.9732168803073843,0.9888831432538352,,0.6548152144591314,0.8748428222731766,,18638926136c9e885bad8a5394a86973d90d5ed5638573e5985654dec64db548,02d5c3cbcfb22b2c4080b9d7ba8d170adf3ed46933f9dc0d14cd85562a56b0ef,037fb0a51d39e21daac17483528dfff0b17efca96ccabb28c106b0326a63bc27
green-roadside-cab-view/0204,green-roadside-cab-view,train,0,0,0,2067934,0,0,,,,,0.9413318828191779,0.9581703977218535,0.0,,,0.0,0.785419968304279,0.0,0.4882032667876588,,0.0,,,0.8277416462986612,0.9638666254262923,0.9934073013600573,,0.7260171058714748,0.9087249584600433,,cb34ab4d9a1966c9d974500a92359ca204a93a0c8283bcc59a5f16456005f1dc,394bb5dc28c3d0b30d2087556ad26a909667e7937eb766dc4284b1cb12445c2d,16f01ab0d9b1b469aa1dc0588c9ce821d34f76d185b6de0afff54e5e40fdc25b
green-roadside-cab-view/0205,green-roadside-cab-view,train,0,0,0,2067934,0,0,,,,,0.9519428139292017,0.9520705421293273,,,,0.44525547445255476,0.8987332831041628,0.0,0.8055427251732101,,0.5615561193669204,,,0.0,0.9779160283164539,0.9881542802874289,,0.6463618411058788,0.9540318542876087,,84c3ad934ba556452a390cf9a7615f786d7bada1f0ce3bec466c1ccd2a89b441,95e37b185a66109b9fa6014f770ed4e160ff0b041a57284a73413e84b110572c,0de9c8d06667ebf85618162d8d3d5ac4349acbe2d6f6029a9ec711bbe7a8f5ba
green-roadside-cab-view/0206,green-roadside-cab-view,train,0,0,0,2073600,0,0,,,,,0.9643916913946587,0.9439105008899059,,0.45871559633027525,,0.0,0.9100050552783701,,0.8444169207317073,,0.7764308265198737,,,0.659486560512511,0.9724787987328152,0.9796667353939008,,0.5881199622394888,0.9356206355992589,,326099a1d7068b475af019e6dcf936e26aa1a539954a3f0fa5df1a5ff8428999,5e5fc2a4b032976fc815abe170cc8547f7fe1cada392142df6cda57eff6e1c5a,da76e87ac12491219243c068a72e106edf930b8b565e9a629d4a0306f04c9494
green-roadside-cab-view/0207,green-roadside-cab-view,train,0,0,0,2067934,0,0,,,,,0.9653852418960743,0.9669418294677468,,0.3173076923076923,,0.8671052631578947,0.8640482477196352,,0.8567318757192175,,0.7729680365296804,,,0.46489633053009066,0.954366860096088,0.9899762727386254,,0.7696802210817213,0.9517930424240735,,0a69c574d773bd2b02269bec42203fa65c198e4f1f50743335704b45db4b879d,0eddcd0c9c23c948c80539aa5593c3fbc7649e64694a60c1e458201173d047ca,b393413bcc802d5d4de5cb3c670d6c472416586166d1004dddff7d5e2e035efb
green-roadside-cab-view/0208,green-roadside-cab-view,train,0,0,0,2067934,0,0,,,,,0.9377693682329444,0.957297633378752,,0.0,,,0.12050359712230216,0.0,0.0,,0.6817750424204078,,,,0.986806218738582,0.983125938155617,,0.7029671516614778,0.9373241658559672,,3b8efe8aa3a6e136add1665ab904a06b78b874796e0c18912f3ee9f3ff74d366,f449b48b1e1888c6196e82bb26e0b4f7d76a050cbbdb529983c5bd83577aa7c1,b8683376465e1b628139b5bc09fc89da645a36e367bf5ebda570ef898a287774
green-roadside-cab-view/0209,green-roadside-cab-view,train,0,0,0,2067934,0,0,,,,,,0.7922521720220774,,,0.9589903883356274,0.9393776824034334,,,0.0,,0.6942434727901856,0.5127213672569794,,0.8755350454788657,0.9548793754558739,0.9758731876165467,,0.3527407320368956,0.8150674897980538,,ee956750d1fd8c7676cd76b8db71bf93b9cbcedf8b4aaf4e538041ef501ade04,9215974802ff1c3a3f4ba3b5a8c526785e3e134127875b97fb97ab0f1013f765,bf40b896b6fc602b221a713043ae25a84bb8aa8fc024047e11bdd0850ac2ca1b
green-roadside-cab-view/0211,green-roadside-cab-view,train,0,0,0,2073600,0,0,,,,,0.913516172035774,0.7669454132873892,0.6916814159292035,0.848071495766698,,0.7332513829133375,0.9080039706877256,0.5804079544727924,0.8079912060943811,0.6663856586744688,0.6497074519385327,0.40589198036006546,,0.7319359847127672,0.8757388216985555,0.9800961982338838,0.039132679401135774,0.40370756684999054,0.8448898640426938,,41f0cad9cf8e4e11e5a870a293f740a7bce70a66b0bf5b0e86c9dd1fa6396f5c,bac45ffaf5fd576f297c552e8ea5f461765b12c5c76eae223bb8742621fb0cb5,4656603d4899479ad5c50012f8ac3a2e525203806a07a702e6b1199fe6070c26
green-roadside-cab-view/0212,green-roadside-cab-view,train,0,0,0,2053761,0,0,,,,0.3142977291841884,0.633270110454089,0.8922708062418726,0.0,0.6580527277473245,,0.8772753291356611,0.8356409090487282,0.7348591258365694,0.8046167183223883,0.5976499690785405,0.5814907776747867,0.8119266055045872,,0.750247297129365,0.7034576590682791,0.9724987824416556,0.0,0.6970132378574457,0.7807209031199475,,19490f9f31865422ef3257bbecd836b58a75e1200af558b47627240cfc9e49e9,586eda51ce95b9ec0c0e71fcb2377dc00b0f62e5a969c354b927925e1f153106,d07520363b8d7502c6c31cac723d2a243c20c5f096c772cbe1706332abfc10f5
green-water-cab-view/0263,green-water-cab-view,train,0,6292,0,2067308,0,6292,0.0,0.0,,,,0.7771113106267551,0.4714852000810162,0.0,,0.7476635514018691,0.8898936633835963,0.0,0.8364057047489,,0.5914264439953196,,0.0,0.2425081843364392,0.960251489518829,0.9950673072454596,,0.8344887348353552,0.8504221837490691,0.831193398122532,d38268ad352c084c45d9c129d86eed80ec34068717620fc1685f07a6cefd1468,82d378a75617dcc00963a8461696510c838eaa15eae06a60adbfb38dac5fc22e,2498888bb429e336d0f4c5cf4dc64a537bb8256142f20eccf9594e6825752818
green-water-cab-view/0264,green-water-cab-view,train,0,270,0,2073330,0,270,0.0,0.0,,,,0.9101743861384559,,,,,,,0.6414333175130518,,0.948846691933144,,0.0,0.6539639984680199,0.9588670472911024,0.9811748114275947,,0.5568691645446829,0.9217160212604404,0.5845847093276839,7ac26e3576a11b28c401290cbed89e663ce03d2ae23dcbd062e1ece5d3ba81a1,02043cebe3ca604a9e183ed93d8ba19b67cc40728745e1bc464f5679decd5bfa,0b90d62bf8be1cfe5f79addb3b46294e512bcd21ac70b8b811d17326cac548f4
green-water-cab-view/0266,green-water-cab-view,train,0,0,0,2073600,0,0,,,,,,0.9454462356656141,0.4641197143181045,,,,,0.0,,,,,,,0.9718070833896361,0.9197614911498192,,0.8604248623131393,0.5922086316626889,0.7954603367504949,1b57cba93cf3601d156721ce3f759bba69f41268fe5b975191c86fbff322be98,705e31e2edbf1c6b10421dbad0215010633600952f721fe64f10d5852d401b2f,16294ee11f90244fcd2a096e99b6025f34771bba6a476265d3d676d15ad63e73
miscellaneous-flood-stills/0275,miscellaneous-flood-stills,train,0,22843,0,226853,0,22843,0.0,0.0,,0.0,0.0,0.49575120972500886,0.12994350282485875,0.766,0.9706020973253211,,0.0,0.0,0.8811294592209756,0.0,0.3029411764705882,0.0,0.0,0.0,0.8272257849587741,0.9915169959621859,,0.5664134674604804,0.69278437138956,0.005908238937331921,61c2965c3c11954382ff9e9e06c34ffa4996a9a48b46aa7f5490049b85765bca,03276c63c9cd09da59f8409c41b9a381d944818e83aef5664981f7567f9a3c45,b6a3a5a1f185cfae221dd03b8c8e3fe4bbe602be94622a8132b9d65d1feb5354
miscellaneous-flood-stills/0276,miscellaneous-flood-stills,train,0,0,0,920880,0,0,,,,0.910392117701884,,0.0,0.0,,,0.0,,,0.0,,,,,,0.9294968402122566,0.975797709006435,,0.841534345373117,,0.9197763124358072,85d7d06fc795f58f6e51ed5e91c5d5d8ab1f41194ab44f3471da41bdadf45973,3a0cbbff7cd33ff9ac48f3908c9fd4d2bc5716978ff64051e9719dd6e833b22b,8a571abd451ee6349852d951d7a6dd6d47482ae96e42f2a470e705b10e26e8e9
miscellaneous-flood-stills/0313,miscellaneous-flood-stills,train,0,294040,0,1779560,0,294040,0.0,0.0,,,,0.8722969860694412,0.5150050864699899,,0.9840635139999951,,,,,,,,0.0,,0.13926041253056362,,,0.9231210371668642,0.8521409401193075,0.36128820678222096,74272d0a74c881e4e18e9bf6000c065a51519bf7c05acb3c8e912f075c3b5ddf,f1ae22903da80e5f5b78fafd97ac79433e9f7660531a8540fb329a6830166ff3,3612ace79cb2d68027c6e4d525c7f18ff2e0724d23332a00e77ad0fd2d689322
miscellaneous-mud-cab-view/0173,miscellaneous-mud-cab-view,train,12041,29,34043,2027487,46084,12070,0.2611194240235942,0.9975973487986745,0.26128374273066574,0.0,,0.7868275868117989,0.6944700362093715,,,0.0,0.0,0.0015660928469330682,0.0,0.0,0.6280403854979348,0.0,0.2611194240235942,0.0,0.9569027878248288,0.9962912534868219,,0.622577419132354,0.782413248711332,,f0ca7b2f878f2a5e167e558097ca517d126cb474aa25f5b0ec0fc4d6b1e57432,32a73b79a5806d70cd7a9d80baf0d39b1f4393bcf4a3701fe9f1134962c8bece,bbd8b0bd875a073ff8fa2c924364e05cdfa10d068ef1c0192a8e213744261d4d
miscellaneous-numbered-cab-views/0013,miscellaneous-numbered-cab-views,train,0,490,0,2088470,0,490,0.0,0.0,,,,0.9649963895498183,0.0,,,,,,0.7857974388824214,,,,0.0,,0.9583097257983373,0.9849655557624278,,0.7977112588076558,0.8661446690327015,,cdc7c624979074f91663aae6c612b6f6c370af9ca88a91ba076c2bad37e6c319,0eaafc1f7d1f70cd68db2eb5151301233ef3f3cd718d66571eee6a4299eedf30,35c43367966daa7ab23abf5b8d3ae830433e9ad3e984a2ad971f6149303ea687
miscellaneous-numbered-cab-views/0014,miscellaneous-numbered-cab-views,train,0,0,0,2088960,0,0,,,,0.0,,0.9277154943623233,0.48854808054443694,,,,0.0,0.0,0.963778599781729,,0.5086442220200182,,,,0.9282751716926315,0.9559649087506791,,0.803793245862058,0.7923354355918147,,00a59e617c6d81492253ece8ef06493164bef224314ee99156bc01663f8ccd38,f8150f0c2a2628f28b20b603a30b8b3829dc4ddd821458cd917236a0fc08b586,dbcbc6f4ca286966ca186ffbd3a69adc2d2b92ce1720ac8fe7a8251b65b12682
miscellaneous-numbered-cab-views/0022,miscellaneous-numbered-cab-views,train,0,0,0,1932681,0,0,,,,0.0,,0.9224131439844585,,,0.0,,,,,,0.0,,,,0.9812312165193086,0.9804765734651717,,0.543354863965551,0.9103654539495247,,34431340589d77bf879a5d44b35f1ba4ee67944d06302e41751f49b52c7cd6bd,6f977a50f3c53a6cac0d8cbaf6af2c29627331c93869e55273dc1bb80023aff6,82ab20e3cfaaadc431e10e33cf01ecc1ce9a8934d5b6f8283468d871ecd587fb
miscellaneous-numbered-cab-views/0023,miscellaneous-numbered-cab-views,train,0,0,0,2088960,0,0,,,,0.0,,0.9257459874613176,0.5474283944883109,,,,0.0,0.0,0.945144096806863,,0.5807770961145194,,,,0.9350006130130941,0.9591928607367,,0.8082349553699971,0.7745877644791936,,4dbdaa16ac641963e653bf5fa8dce1b9b05b89b3a3d10f8da2e3c9c38deeee7e,d15d0fb83fc7bb953dbf81e78bb9d83c848fc8a15e918257ce7bdc09120426ae,1ff39fb23c3a3f802524ecd6eeafa70e2a9f4d984be4ef91fc875c078f077b53
miscellaneous-numbered-cab-views/0024,miscellaneous-numbered-cab-views,train,0,0,0,2088960,0,0,,,,0.0,,0.0,0.16061489530877285,,,,0.0,0.794621372965322,0.7346607070296627,,,,,0.0,0.9898512936511614,0.9958214283799793,,0.5101899121911374,0.4783888115428427,,35db7be7064f509351e3627b33430eabc718080e493e83ad1551491d62e1f113,d8556356afb32734b38fc45466c904ce057dc08037ba8cc650edaf124dd1d86d,f7773325ea0004e2ad47f7d875446607aa20d02e9d9d065b84486e02c5394236
miscellaneous-numbered-cab-views/0031,miscellaneous-numbered-cab-views,train,0,0,0,2088960,0,0,,,,0.0,,0.6408893235398156,0.602141373823458,,,,,,,,0.642795513373598,,,,0.9849200266189528,0.9821153150143378,,0.7856878855940637,0.7482312700166991,,582a1052402234b092c9e8f0eb985ba78c3b1068c2ae8c12c805aadd11584b0a,7f02b5df890d74feb99bae4ac2f419b3e48fed2208d8047fd2d8b9a7d2f2cd7b,359f47b73ac0287780d1ef241b45f3430d0f23989a3d4127b6ced7a8da96530c
miscellaneous-numbered-cab-views/0044,miscellaneous-numbered-cab-views,train,0,0,0,2073600,0,0,,,,0.0,,0.8726749828600938,0.8758532235114932,,,,0.0,0.0,0.8483105594925806,,0.5420677584698087,0.7795431976166832,,0.0,0.9376137776531368,0.9961487474858293,,0.7722070618508565,0.6977412974098172,,bb02fd705ac7b08fb3ae7c618b46f5a9da4ef32b590259233156f5fee831aacb,88341a86688a995a11401395977a1f70d09fcb7f5e90b34db64d6900ee238b02,b5ce946b47b372021922aa1da8618d4334ed0122ea9d206923ba087f2e0aedf9
miscellaneous-numbered-cab-views/0046,miscellaneous-numbered-cab-views,train,37107,4831,1324,2030338,38431,41938,0.8577273357681106,0.8848061424006868,0.965548645624626,,,0.9334193356782894,0.2567370237621134,,,,,,0.0,,0.508090981102184,,0.8577273357681106,,0.9841551354345454,0.9823107218091439,,0.8798736360266267,0.9461831421745378,,a1bc04fa20bd623f99bbac759e22dbd90554263ca7b217cee49ddc9fedd59da2,3d2b997eec63c459421626f6856cc0913505f918106b37c1868681f35c7e3799,3210c4280fba2944687fa2827fa3cde4c62ce918803306c5199f8a933e1a81d1
miscellaneous-numbered-cab-views/0047,miscellaneous-numbered-cab-views,train,0,0,0,2073600,0,0,,,,,,0.9203124858557604,0.007076943525471972,0.0,,0.8664352550558406,0.0,0.9407108618870694,0.42169188152567655,,0.7871418888760311,0.0,,0.9031349628055261,0.0,0.9881061409066477,,0.8133672112273458,0.8811349240985599,,b74e6210f53416c45a93c3fb1a022de2cc33ed02723512634c739624b649276d,e7ddacfbff98ee0b1860229ca3eddde6d4869988720c162c8ddf46c159778cb8,06576944fdd463092aaee46de7cf68e41311a50d65efb53042cf23e70f3f73cb
miscellaneous-numbered-cab-views/0050,miscellaneous-numbered-cab-views,train,0,0,0,8211774,0,0,,,,0.7596867271228359,0.7199952561669829,0.9644792777526185,0.6087583641510048,0.6956071757129715,0.9698329299250251,0.935473458728249,0.04983096292842154,0.8026123459673093,0.814396699654451,,0.6822457211027341,0.5701779158429822,,0.49899882214369845,0.884471798275323,0.9684698593793518,,0.4849065833047526,0.7764730993816266,,33fc6fbed915cff715396fc229a8e0da423ed1d84e76cec2dcc2a28d124be983,d7ea88db43428e6a079bd74c9f89f6882e170699de87112e056241c2de64cecf,8a8ada771195b8e9cd7bd67a4ce624fc33a3424b5aec1647af8d1922b03e0676
miscellaneous-numbered-cab-views/0054,miscellaneous-numbered-cab-views,train,0,4314,0,8171633,0,4314,0.0,0.0,,0.0,,0.9016877431511577,0.5972870267930155,,,0.0,0.0,0.0,0.4919997072170985,,0.7364042949897781,0.843540455967814,0.0,0.0,0.9793254973577212,0.968057585253763,,0.8553175151654765,0.9389996228464337,,ac828e814ea477c826e95def13cde08680d0a05dbe64cde8303472779d31fce8,f84064519f157a788221b468dae3b21eede54efb2623226da7f5f33407490909,02b6151dda882f129d665f2484a5ada64edfdab6c7aa2eff85b55694698edd5e
new-unmatched-2026/0176,new-unmatched-2026,train,0,0,0,2073600,0,0,,,,0.0,,0.9395400545522706,0.0,,0.9648460105013352,0.5133079847908745,0.0,0.0,0.6630403664471801,,0.6497097985660635,0.6164772727272727,,0.0,0.9309668764833351,0.9889207104728867,,0.8098513058236442,0.846717113633783,,fdfba692303712b2119a1d725763d74b54fa20defdb3415916105955f503bd9b,a4a945408fb28a872aeb1b860b8b94abdd259836428f6aee085d01ae61280ccc,f50f8826a8e2e15f0bf211abae0c1e9a0251be7184e4e612aa25b6a7f67be1f6
new-unmatched-2026/0177,new-unmatched-2026,train,0,1758,0,2071842,0,1758,0.0,0.0,,0.8328924162257496,,0.9198073003520474,0.0,,,0.0,0.8524529498836964,0.0,0.0,,0.7536562684926874,,0.0,,0.9872839377052124,0.9944498927367453,,0.6709677419354839,0.921840118829426,,92fdd6e752f0a8493a8a0114320f0d3adb209985cc28a17efef842ce5c887b26,d635d6076eddbb99e91c6f5abab40f42ee0cb1e7f16f8b435011ab79c2c306e8,2ada7954bb8a89b9b1458b915d9a62b235a19775b3fb0891436629fd95dc7fa7
overcast-mountain-stations/0214,overcast-mountain-stations,train,0,7671,0,2055475,0,7671,0.0,0.0,,0.0,,0.8328716825560423,0.5721489526764935,0.0,0.5348911096990353,0.8304828973843058,0.21985742095965968,0.0,0.48998070739549837,0.8566568070008735,0.7486180740482814,0.38310115081768625,0.0,0.32156767283349563,0.5296456368136007,0.9512170295826279,0.0011913271384322134,0.44592040120877,0.5872374676309308,,fcf5289b197c7f0a48d5f375c13e6c090599b238c68ce299010e0babb86cb7e7,74c09644d3b234cb7e5ae04360d0c4dae6b6442f72a289f3d7e00b434c6a276e,9065499b4bca309a36ce1eb94f7533a7d3dbdeb7c5f6ddd53184491d056ca240
overcast-mountain-stations/0215,overcast-mountain-stations,train,0,1133,0,2071839,0,1133,0.0,0.0,,,0.5050592656837236,0.9315493214081431,,0.8021462105969148,0.9345781115226546,,0.0,0.5355110642781876,0.8274160282852092,0.0,0.6733265742434594,,0.0,0.8484825675919793,0.8292894935752079,0.9781650014311485,,0.7354346071044133,0.837737849358411,,a4ea3527469f92f7e01c82dbad4e004af29e5a534ebe1ed94e96185736126eff,173b1546ec227c4a29c4d3625922c07d126a8b47dc212fca972e07638a79ab0b,95996e98c0a6978437c2638bee13b046cdfcfbf7195e00ac336fa3918bde2ffe
overcast-mountain-stations/0216,overcast-mountain-stations,train,0,154,0,2068092,0,154,0.0,0.0,,,0.048418491484184915,0.9494811084525068,0.7263703703703703,,0.7534300675774508,0.9039868924085199,0.7808197624105105,0.8305312317571512,0.7318938433555642,,0.5882645900303346,0.0,0.0,0.0,0.972900428431322,0.9557420617144327,,0.7892768810587146,0.9471657349116056,,39f23d5418cbc5c465dddc13feda5ebb78e7eb06be8eacb3a5acb0256a95f409,582cea7ba18778754c9af1fb978db6ca3615699fa9add68d1b3f193026791d18,19a1d3d340d1a5f1de8dcc06d262dc8e5ade2b8cd4e66a48d68f4a7ff16c1763
overcast-mountain-stations/0217,overcast-mountain-stations,train,0,0,0,2073600,0,0,,,,0.40561544246678366,0.6917664670658683,0.9408132748058463,,0.7997904562339271,,0.052881893330313665,0.0,0.9446765112672711,0.7132554906238343,,0.7347377783793452,0.5211786372007366,,0.693293311770914,0.9139282675882949,0.9459108247524557,,0.6757907113462669,0.8114367669194286,,014ccb7933ce4cc405469bff1fb36825df54553c505c185a5c2b9ca46750aa01,ca4552b9772cd24b48a8ad4113a2d2044d6cd2c90ed3fa87f128fad6f25b5fcf,0387fc36f0eb6c83a47fcf8ad576f8c8a6154a870b8aca3de2ee870bbc15acea
overcast-mountain-stations/0218,overcast-mountain-stations,train,0,0,0,2072180,0,0,,,,,0.9634339167836885,0.9835827241431334,0.0,0.6991341991341992,,,0.894594185087291,0.8101183266561073,0.8939043209876543,,0.8922899136484266,,,0.6829064042019791,0.9240689860509143,0.9577346945674589,,0.8582349703382056,0.9217073031244638,,7d192a396ef667bb5f346b4419b19250547fc8d398f9ad1541087e3b71df732f,90e80f52de853dc11f80453389a3ecb34f1f22cb5b5d50d82f0e9a9b69360854,524496e545738bde107c410207065a3be6fe4966e0b03451bea2156067d7579b
overcast-mountain-stations/0219,overcast-mountain-stations,train,0,10241,0,2057676,0,10241,0.0,0.0,,,,0.9137557668769419,0.0,,,0.8163223563100839,0.9480914398966298,0.8097342257456625,0.966482745268864,0.6501017587558093,0.6901896384945898,0.9311708058793715,0.0,0.7019273910117401,0.9454299719947294,0.9958187038743631,0.0,0.6297333848531684,0.8873826134237713,,217eb3ce4240bbab2cd912c73d871881db741d3f99a15000d1343139afbeb72c,d217dddc00d910958978c3b8564634dc39934156e8f5a5909546434d3ef106a2,b80950a4b1ef10a0b653a3ad8067fdfcb6e0f6eea493ba8195107f48354c5d6a
overcast-mountain-stations/0220,overcast-mountain-stations,train,0,17,0,1926720,0,17,0.0,0.0,,,,0.9398892417949345,0.0,0.8207816968541468,0.973865912811804,0.6947592067988668,0.7574993698008571,0.2859188903965023,0.7962625341841386,0.0,0.7611730887687359,0.8798748194511314,0.0,0.5002832861189802,0.9546421775190524,0.9904575496360248,0.0,0.8245282079370612,0.8961464398178565,,b998518e2d97c634c8c2c846bf7f07e5ad02688387f15d657cc9646d080b722f,5fd56feefb695330a155944520011a8468c6cfecbb0f8823735f7759291e46a5,4c1579db02c0230388c10205654d943f54e1e8d8e91e049fba6420d877dac839
overcast-mountain-stations/0232,overcast-mountain-stations,train,0,531,0,2051439,0,531,0.0,0.0,,0.0,0.0,0.9638646010956717,0.0,,,0.7369744058500914,0.8182695749319392,0.0,0.6050180331127708,0.7578843626806833,0.6570355040286122,0.9464900385939293,0.0,0.7652498747209694,0.9409650803163426,0.9732771490488803,0.02521823472356935,0.8255847200777721,0.9123121824667604,,77b17d1922889f7c1d3d5c9eb9eb7abb5f53399f38433a493e4e0d9f6d369bd5,9163d80ccf7bc87211d84eefed8081de6f20c1a73578962ba1efeb4df4582c35,57a711a1492a1e64faa4b7eea06cc2b001c6db1e98e62589ae83f484be4e47a8
overcast-mountain-stations/0234,overcast-mountain-stations,train,0,0,0,2073600,0,0,,,,,,0.9613427026646237,,,,0.6401468788249693,0.7419597450039396,0.0,0.48238897396630936,,0.5358831613519368,0.8644245927482922,,0.766961760276237,0.9631056839377927,0.993679542307256,,0.7862565807702965,0.9414306216481607,0.0,709cbea54e2cf9800bbf3d0c032a4ecbdd34ac081630e119aea5e897a39808a8,5e14ed6bb456482f44ea9456ba84efbc491c809bf6bf91f148be3dc8bbc3f496,1eb6dedb8aae0873007fee685317bcb4210d08bfcec32bc3cf01c114fd28f0c5
overcast-mountain-stations/0235,overcast-mountain-stations,train,0,1890,0,2069543,0,1890,0.0,0.0,,,0.0,0.7538681825953154,0.0,0.7339319470699432,,0.5404255319148936,0.9211122547604403,,0.8493134574108376,0.8827059551971042,0.7793642844203864,0.0,0.0,0.6255579803590914,0.9335315502817834,0.9813265951222577,0.020501467828095674,0.5102773939844829,0.8768995423954565,,468c69f20ee4665d35f34a795d6f47eaaff96dedee7864164a769f063403427d,a6f6323515aac89998837b46a7e676cd3a75633f3314472a74cd0ad6d91d0636,94ae9beb020608e6f90b40499da9bfec7656400ba69b59c3bce8159a1c1d13c5
overcast-mountain-stations/0236,overcast-mountain-stations,train,0,1282,0,2063204,0,1282,0.0,0.0,,0.8473466574776016,,0.9469055463283144,0.0,,,0.016132501613250163,0.7579636306114513,0.5310301717686625,0.9261108378199884,0.8602400309717383,0.6037661723676413,0.0,0.0,0.5546895821478222,0.8845485305919978,0.9810898361076366,0.06041962454645843,0.6746048621447304,0.850612294787664,,7d0f48496493980d7a6b226310064c37f280f0d3d8723af88c69108db233c6e9,d086edbab9f13659cd6f7730e857ea9050a4c2dfdbcbf346fa89dbbbaa3fa819,e9521f1ebf2c4e02b17e9e6e4414e3496e6af12082a49c5ef7ece24e2efc74e1
overcast-mountain-stations/0238,overcast-mountain-stations,train,0,0,0,2073600,0,0,,,,,,0.7793645396501568,0.0,,0.9896227987647938,,0.7067422434367542,0.24798369228042189,0.8569368131868131,0.0,0.7061838440111421,0.7839831401475237,,0.9759262584545401,0.9497327054219247,0.9886785396762676,,0.6702432381667919,0.7430016024435818,,38d3daf79fb1b3f1c4c8c5bf74635d5954f16b3c5be5297e9e5ac9b077259d42,994f9713200099d24deb58946cee11612e19cad501de11ba1cedfdea65a792f0,cc8bf26fd51c3618dab91cbe553651715044aac8ef291d7090a3960ab3e81af0
overcast-mountain-stations/0239,overcast-mountain-stations,train,0,856,0,2036729,0,856,0.0,0.0,,0.8894102313457152,,0.9555115438924648,,,0.9825009840873498,0.403209286445886,,0.9584554387174625,0.7956846673095468,,0.7113504859277568,0.0,0.0,0.8253533971728226,0.6489662719096613,0.9792229437128104,0.0,0.7089329244318628,0.8031843718885019,,a48c958611d90e4471af958912e453f589b8b5533315c5d59ce81b77a46a7bfc,0821e76096f2d948662c34edd7251a3a702f4f86b5f0639ad4ebfa76dde65c39,08c702ca1e0f71e72de4ba7bb2bd00cf9f1fb0205510257965281840fbd5c8f5
overcast-mountain-stations/0240,overcast-mountain-stations,train,0,143,0,2073457,0,143,0.0,0.0,,,,0.9156405896750808,0.0,,0.9734181808032599,0.6317491108955706,0.0,0.0029239766081871343,0.8941152398101162,,0.6973721076840459,0.0,0.0,0.38108882521489973,0.9375404631842924,0.8994892197458431,,0.7906736125314309,0.8782923403795599,,8b51f499144ba83986ae26ea615d1f3e8da062613143bac5e635ab5684f8c914,ec5ef1101a8496a4fe3e89c27333150b42b83b04442fe8619c079705af93439d,335b8857ed1f31ce7ac0780b961fce8b38e68ac1a85ca2a85a2071c92a519850
overcast-mountain-stations/0241,overcast-mountain-stations,train,0,0,0,2054723,0,0,,,,,,0.8982974838637346,0.0,0.6521739130434783,,0.8373756218905473,0.0,0.024028629856850715,,,0.7114177926627401,0.805942215463797,,0.6638148295529911,0.8911471713657009,0.9673066557344691,,0.8060345222288356,0.9309917343937217,,3625a2c4d4e9f8f3e0165e6dd90494d2791acd79e6142389e4a17e9e72601af3,7c47a95e5eb2184cb565bf52f191447540f2a51c89392876cc5789825633a0c4,24e02ef6217fafcf325693fbbbad92bd8b84b5dfbb9b42f27b2ecc7e838a9160
overcast-mountain-stations/0242,overcast-mountain-stations,train,0,0,0,2064725,0,0,,,,,,0.9505334021977239,,,0.8575822438831626,0.0,0.0,,0.05447070914696814,,0.5373089750609786,,,0.0,0.9151499237892742,0.9839758100543584,,0.838227700508037,0.9019426947136138,,ded050ca71f820d730759226ffc1d2274e07ef4601f63b34c13120c7ef05161e,e5621dbb9f82929eaa32be89ffc6c20a8853dacd37119cbd4d35a1dfa0d0688f,44ee82f982fe6902d16bcab84ef27daba303ee229fb7b4c6e97eb880892fb950
overcast-mountain-stations/0312,overcast-mountain-stations,train,0,131,0,2073469,0,131,0.0,0.0,,0.0,,0.8941597820355072,0.0,,0.8205546492659054,,0.0,0.7282156451946059,0.7715316875992493,,0.7301900022025141,,0.0,0.0,0.8346766877083075,0.8406139171341868,,0.7572639951973585,0.8857555217241024,,5443a27572d1805ca781a25437ef08d1d27ac70239d96cb52f50717ff14822c3,cd7524fe86855d1bbc00c5f9437a737976a1453fe208f62409b95b11be6f50d7,9a9d0f9196fef926cabe863a2eb3607e4e963838568f00cee943e68dcd978fad
rain-water-cab-view-with-overlay/0268,rain-water-cab-view-with-overlay,train,0,918,0,2029199,0,918,0.0,0.0,,0.0,0.0,0.6932200996510197,0.3732161979064228,0.6563807531380753,0.0,,0.394803760832469,0.0,0.9817390145288133,0.0,0.0,,0.0,,0.9435017000426626,0.7468070417673456,,0.659137095513522,0.6686565413710197,0.0,7a53e1b4c0a64e0b30e58ab9db89fcf98ce95254700008d25f5394d06f97a292,8345e900712013c77bfef80c596bd05cc01ed30bfed35402897f0715e4d1e924,00ec7dc32e2d220bda0ccb1a92cc73fda54b4822224519877a42e94ef6831006
rain-water-cab-view-with-overlay/0278,rain-water-cab-view-with-overlay,train,0,0,0,2039943,0,0,,,,,,0.5728621204579393,0.8015278207907505,,,,,,,,0.7995594713656388,0.71875,,,0.9856524115890837,0.9459288444178218,,0.7376281483356537,0.0,0.12211050554407066,ae02105bf482e4b7269f687a6bf9420a5d1fcf5bf84ca910a716df519b4a66f1,4c17fa98de07fb697cc8d6a82fe1574df38c19697060477017734daad0d5a10a,e985c7977ce5284413a1f8d2a79069696ac85647f7466b0fa440c7cbc38f41ec
rain-water-cab-view-with-overlay/0280,rain-water-cab-view-with-overlay,train,0,0,0,2054610,0,0,,,,,,0.526389980126635,0.7925277969721716,,,,,,,,,,,,0.9893734750054439,0.9404487917146145,,0.7576142938894894,0.8616025281313683,0.3276935571196535,70a05bd99cfd467ea3e055a00e478d6e1b45acfa4adb761b94f8e266417d1ae9,4098d2b5e733662dc773d0653b36d9e745e3c5c162f30a4ce5212b86cdacf470,cf837ec6e8f6ccf4fa587832af920aec3950c1b067e77918436e643741b2d2cd
rain-water-cab-view-with-overlay/0281,rain-water-cab-view-with-overlay,train,0,0,0,2053892,0,0,,,,,,0.7746531761760718,0.7785401644037695,,,,,,,,,,,,0.9908749385324954,0.9386458078709362,,0.7245141493351517,0.7603345461896098,0.4362980769230769,a7da1f692dfad6e78cfde641dada58c6873c4539cb40843c04d9e3238e0235ac,180a4cd9f231f57b5bfe3c1b915a80b182b3c9c945ffae2b6a73052ffa34542e,c162df5dd3a030414f31354886dd8e5c350106dcdc2f1b2db156df3eaeb354fd
rain-water-cab-view-with-overlay/0282,rain-water-cab-view-with-overlay,train,0,0,0,2054107,0,0,,,,,,0.673042273042273,0.7528764641169999,,,,,,0.0,,0.0,,,,0.9884063904472762,0.9131421803286779,,0.6046990432360422,0.9029356528615202,0.5293822886297376,f9741378f2d70f2bd7e5236fc50ad4936840f4c1561be37a810e2aba8983efab,4f089a368ddf3f66fa942730ecda1b8c4dba2186bdbe0e20b7f5508c59e7cbdb,f0bce394aa7c9f7c242fcf7f9fdb42a964eb9f8c476f7f6d6ca0623be1bd3f20
rain-water-cab-view-with-overlay/0283,rain-water-cab-view-with-overlay,train,0,0,0,2054399,0,0,,,,,,0.5869679322152516,0.8067821684751997,,,,,,,,,,,,0.989671506450663,0.9744238418343473,,0.7032091647067749,0.00864304235090752,0.388086642599278,50f5c438789710cc8a44142a41fc391480200cadb38493f126501909f2df6f3a,46f13aaf0c4a668162a6794df5bc56c3db17562a9dbd2555adb903b8c26c5065,5f7111db23f546f67d8ea652aad5f77067fa7f0e17441c66f278b1649bcdd3f0
rain-water-cab-view-with-overlay/0284,rain-water-cab-view-with-overlay,train,0,1,0,2053827,0,1,0.0,0.0,,,,0.7686130240696292,0.5282129230387443,,,,0.0,,0.0,,,,0.0,,0.9787614976254526,0.7832596606302581,,0.8147378778767834,0.6742952456927365,0.5473151289922982,43ee426aa0b2c2ce8f85dc51fb77e1d7b14c6221bf250479b4fc3db9938e1d2f,33d82d0f364c85c4bfc46dee81a2c7dead7e1ff0c83843a6bd25d7e2d5f04119,6db9885fe4b65ff529120c7ad0afab38efa0ada080e8828f0aae6a3b215e01fe
rain-water-cab-view-with-overlay/0286,rain-water-cab-view-with-overlay,train,0,0,0,2054346,0,0,,,,,,0.0,0.7737691599415046,,,,,,,,,,,,0.9809954159713826,0.8356118285449881,,0.7252056119980649,0.26129297732260426,0.0,65bb9a26ed2495d66bcecef26da2702eed5d5ef32bc6393785623c77524cec64,8f671867da6e3324a8cb66c2b815994ae10ae1ec68ba48184a1306a31e8f4a2a,0eba859a575d63656fa5fb7f8e1f308ccf3eaf0b74c82a36defa2703360fe310
rural-non-electrified-cab-view/0221,rural-non-electrified-cab-view,train,0,12704,0,2060896,0,12704,0.0,0.0,,,,0.6603257212077707,0.0,,,,0.0,0.8644573809015168,0.0,0.7059365670894192,0.8913585523972358,,0.0,0.9171262753808123,0.9638833092392198,0.9848852023699952,0.016595788818587285,0.07980383415069103,0.7366474459782165,0.0,6411626e4dd88d0c532aa68480772b47bb488e0f02a7b85b9bc3a6689ed129d5,482fa66ea2bbaad879b3d94ac49dffca79303aa8f44871ff99fa139091168bce,0cb84b54545c8eec775762ff533828b46ac05d30406d9838ea5f35ae9d683a8b
rural-non-electrified-cab-view/0224,rural-non-electrified-cab-view,train,0,0,0,2073600,0,0,,,,,,0.647126026419136,0.3356283519350631,0.8632063831537385,,0.5716878402903811,0.9434454020757305,0.0,0.9108521702985148,0.8670454963855717,0.3551583790479561,,,0.0,0.9055723240691523,0.9881511129027614,0.0020176309908120187,0.12721378108971257,0.346096273536595,,1e41ae632ab7d25f8465de2e6f35040f43e06005f63f671f9bc38bc730cc1d23,14e013ec98edb93ad9f889dde346effd08deb25dea5bb168510dc27a5de98ed7,ad9d8dec21c1708e48a5429691a56fb391352107a5ce4f90320d377d53643009
rural-non-electrified-cab-view/0225,rural-non-electrified-cab-view,train,0,0,0,2073600,0,0,,,,0.0,0.956598703967125,0.9508894786232506,0.32498802745703187,0.9374097752113838,,0.812793979303857,0.9347236522453045,0.0,0.6960798926814726,0.198871181938911,0.6612842422719276,,,0.8754414784394251,0.9619888586685542,0.9825249556253969,0.0,0.7814953075393364,0.8631232120964446,,f4f88535c53b204aba9d05b638314389fa878abcf8e01baf8f954e3c487ce4fb,88dd45e7d6a1c0924c267cb9957065f544898c86db893c70cf08ed5910b47846,c7ba06fd181b7c712518d8ce129ff09da18de57b3365766545497136c4c688dd
rural-non-electrified-cab-view/0226,rural-non-electrified-cab-view,train,0,25465,0,2048135,0,25465,0.0,0.0,,,,0.9078262759641902,0.5758658670909313,,,0.0,0.3701239531957361,0.0,0.0,0.30202997533674825,0.7706961976302951,,0.0,,0.9308115126595975,0.9980333926196168,0.0,0.6914656395702412,0.8768133153871192,,31c04d2163a83cb2cbb97f6a65f78f6292915635dca2124764515620555e02a5,cc1a98dc433a2dffaf5c9e54f23cdc16e1248d56ecada8e23234d607d65dce93,927b34e7cc75a09a5b000fbf5c28096ad2b73db91d49318fc3f53b475109e00b
rural-overcast-cab-view/0002,rural-overcast-cab-view,train,23135,7715,34561,2008189,57696,30850,0.3536866887832322,0.7499189627228525,0.4009810038824182,0.0,,0.7522064871834775,0.0,,,,0.9345452277758722,,0.014184397163120567,,0.7849479331019249,,0.3536866887832322,0.44307856761090325,0.945105387871627,0.9894657445745402,,0.8456755580426537,0.8834907598584054,,d6a1cdca475235fda34249ac027cadb8cfd26f48e206fe60727e06408ea9daf2,7541295884a711e816c38d561a56f88d172ad4121d1e9622385b9599b6144caf,20d48e09bbe2c6af07c276f101d25a2e217e3ad471bbdeae4b08cee394757d7e
rural-overcast-cab-view/0003,rural-overcast-cab-view,train,20913,18323,5284,2029080,26197,39236,0.46974393530997305,0.5330054032011418,0.7982975149826316,,,0.8567991677142486,,,,,0.0,0.0,0.0,,0.8162346934360262,,0.46974393530997305,,0.9620613027935534,0.9944448562947015,0.0,0.8669258373205742,0.7859622559632465,,04a002e5659f3d51126f61bc75400b6cef6d9688c3f19cc5a7f5110b8233bf8c,368630cafdffac3e53130c396eed24240568b6159ac269b13bcbb6d1bb7613f5,30274a944527f98b914eb3ef81ff46dea8f5664e832ad06a69d78c1dd69ee7ca
rural-overcast-cab-view/0005,rural-overcast-cab-view,train,91925,1543,31505,1948627,123430,93468,0.7355588807182352,0.9834916762956306,0.7447541116422264,,,0.8051346166282253,,,,,,,,,0.8394662537571728,,0.7355588807182352,,0.9849314999614509,0.9836106088788876,,0.8582418893129771,0.8737031363231909,,aedc6dab3debab63ed2639dc17103ad650d4dd41a6f7227f09b5480b90de2c40,c6a48a56696dd98f5974f241bea8c622141074f956d3aea9336d15b028b45f33,fb9cca90f0a6d705a3f3da3aa37288ab4ffc284096531e30e660788ad7d7ead4
rural-overcast-cab-view/0006,rural-overcast-cab-view,train,34197,2429,9722,2027252,43919,36626,0.7378311901268663,0.9336809916452793,0.7786379471299437,0.0,,0.9558231760657842,0.0,,,,,,,,0.5857257848135229,,0.7378311901268663,,0.944515128031844,0.9871441068408467,,0.8215530903328051,0.7756219246099668,,3db1516a2e0c1874fb0dbb51d803925befe045e5d166f68c67d2511cf052796a,940de9fc67ad22a2d27c9fd4769b827173ef23421ff12605affab481c6876f00,a106025d9e0a51deb667a27de827dc7a9354312dbc1a08a9e4f593cc89e58878
rural-overcast-cab-view/0007,rural-overcast-cab-view,train,59441,10642,15698,1987819,75139,70083,0.692938995814924,0.8481514775337814,0.7910805307496772,,,0.8166389760630115,,,,0.02072538860103627,0.0,,0.8857270894017477,,0.870069033530572,,0.692938995814924,0.0,0.9504206781911122,0.9879069988201951,,0.8353240871780356,0.879534406554886,,9ae138fc89678cfcd1474b9bf8cc396de8f0e6e2a43775c082e7fd324b1e9972,891237312b4d761a97244527dcaa04a9f26810693ba55afef12aee4046a931f6,2179dfed1fc5fd8dabc71e7bf4eac9501c32214b5a96aca390621e8f3a225c6d
rural-overcast-cab-view/0008,rural-overcast-cab-view,train,54641,10252,26624,1982083,81265,64893,0.5970584700110362,0.8420168585209499,0.6723804836030272,,,0.7725573736212034,,,,0.0,,,,,0.5665649213430383,,0.5970584700110362,,0.9870889525575998,0.9881017082368286,,0.807422542083435,0.8902515481478415,,7bbb672efc6998e2fe07036354809c380b8c0b38f55bd9aae1815308defc4ec2,572a4409042ef311e85d6fd1234cae3c76099913c9079cb702d3f5aabee1808e,db3c9e1e259b271e106308e0505100d305c981c2815973e912a9ca49bc1b07fb
rural-overcast-cab-view/0040,rural-overcast-cab-view,train,26977,4915,11105,8202572,38082,31892,0.6274158662232249,0.8458861156402859,0.7083924163646868,,,0.9249252182817721,0.5452382232738223,0.25242575713025583,,0.6492335437330928,0.35130970724191063,,0.7694805194805194,,0.6767019082001031,0.6654991243432574,0.6274158662232249,0.0,0.9792505396235599,0.9908900581013865,,0.8273863068465767,0.9281060931175793,,021941b66ec27bb2fcf79d061d8aee08b9c3f292d08a9a7405a19e299c832db3,03d7ca34d25d285c9c357971931e84b25cefeed2da79cbebf813418ebcf853ae,7d2227a3b96b6c197ac13d4db4ce876a022c7377c87824146e95f7a60c3dafc7
rural-overcast-cab-view/0041,rural-overcast-cab-view,train,0,2135,0,8242488,0,2135,0.0,0.0,,,,0.9413695789898059,0.6852708058124174,0.0,,0.7867177522349936,0.0,0.0,0.8228979595153544,,0.8148488425508655,0.0,0.0,0.0,0.9750310591504264,0.988024468541327,,0.8989036030613122,0.9456132882372699,,ff35eda53bd2422223f5fcafb02cea4c44b441958325638de3a11790243b67c9,5eb16e71bb124361f4f8652f27e308c52264136dbcb5306a87c2f883c5829c14,5cd9979bfe9c21ac0698e898936758f755dc7e27d94fd7ba76d26abb7be653a0
rural-overcast-cab-view/0107,rural-overcast-cab-view,train,17425,899,21951,2033325,39376,18324,0.43265052762259465,0.9509386596812923,0.4425284437220642,0.0,,0.5219386620482375,0.0,,,0.27380952380952384,0.8933909880394589,0.006852196910500691,0.25586854460093894,,0.4919635099913119,,0.43265052762259465,,0.9747366714748698,0.995804677376972,,0.5258483351919707,0.7454749128460005,,215b77d9cef9cc3af93c75d0f03981fcc3de1a90d89599e881fcd4a81e39bf3b,1f2e13eacc67db4ccc1b1898b2ee9de4f5fe5b3c921e281eaf6efc3968a779ed,0a472e4e4ee58831e0e9bacacdfa61914a38a82e9083b94edd1a7290d8c67297
rural-overcast-cab-view/0108,rural-overcast-cab-view,train,67728,14664,20722,1967841,88450,82392,0.65682642512171,0.8220215554908243,0.7657207461842849,,,0.5975703991230434,,,,0.3103448275862069,,,0.0,,0.7564331210191083,,0.65682642512171,0.0,0.9789249032946512,0.9925466203990501,,0.8931918256746076,0.9254192546583851,,c33b247dbf2b4f39cc6e562b021c46ced689391a1b60185e8afc0ac60fed379e,3675771437023b100d1903dd7728f510a010fd931101a1229e30d896793df2e6,d5f43f43bd984e56245f7d7bfda1fad0cbc301c2d5ef183c7abec5ca4a41dd99
rural-overcast-cab-view/0109,rural-overcast-cab-view,train,50878,5785,7439,2009498,58317,56663,0.7937037845933044,0.8979051585690839,0.8724385685134695,,,0.8837907842326361,,,,,,,0.75,,0.8117943950059769,,0.7937037845933044,,0.9875435878464278,0.9817548146526458,,0.7374722633136095,0.8654636768440592,,f38954f1bfc9fe50b963723a16b16b8d3f9d7362875393e41e5e9796dd413c67,b5d03c87f28738bf1880863f87f22ad418d106faeabc5b621d3e22fd19e4352f,19eb00bdc80833816996040ea4e2ca60c2530e3c2eb60d38b7d01b196266ac96
rural-overcast-cab-view/0110,rural-overcast-cab-view,train,120196,4027,18398,1930979,138594,124223,0.8427650906949187,0.96758249277509,0.8672525506154668,,,0.6911839646679123,,,,,0.0,,0.8362614195361912,,0.8492728074041428,,0.8427650906949187,,0.9782600638400112,0.9800934091057548,,0.6392267094997706,0.6126218519380009,,fdf24fc27e07ee485b7222ccde914085e8f087aa8259cc0b90e6f71e0a387ffc,6ab6a5d80714bfdca09a693d2b6ef8354c1298f4d007435af886bdf54a27984f,0c796b04a8983b3863ae68961af79f9a9a9f096478c3a0884281f0f2cf964d64
rural-overcast-cab-view/0112,rural-overcast-cab-view,train,54108,15494,34734,1969264,88842,69602,0.5185937739610489,0.7773914542685555,0.6090362666306477,,,0.6123438205629986,0.0,,,,0.7051374842275839,,,,0.6556584219980655,,0.5185937739610489,,0.9657782236341704,0.9840502727738635,,0.9075483575598031,0.8321508471073762,,8aa93fc1231db8b4b0a120906afce6efe281b5d722780d8cc957032da6e74746,7baa1b6dd76fce960eb947f27e2990725c86a6f5f51c52791202dfad46733104,3d4547caf45483cfda6e414530a6807194c86645ab6e2df9d32ff6a3d3a0c599
rural-overcast-cab-view/0113,rural-overcast-cab-view,train,46605,19769,27857,1979369,74462,66374,0.49458246224703123,0.7021574712990026,0.6258897155596143,,,0.6432131303163917,0.0,,,,0.6158816117530361,,,,0.9286844901233765,,0.49458246224703123,0.6750679900916351,0.9462352574331885,0.99445728353477,,0.8699712643678161,0.9034310729432643,,ba958581ca15fdae026c4dc5918bbf409fb30ae6ee8593531607b3d3640ebc46,5619cab770a415ce98a48e4bc99f46359818dd6c29e09c86f079b60ee7199d99,f17b60ee7567f34858a94cafad26493bd1ac45ae0c4d9efbb23fbb29ab851bd7
sunny-mainline-cab-view/0124,sunny-mainline-cab-view,train,11669,528,67241,1994162,78910,12197,0.14689443339459704,0.9567106665573502,0.14787732860220504,0.0,,0.6568749916944625,0.3811334289813486,,,0.21192142088266955,0.0,0.9124705132926574,0.8697836615143694,,0.7228104674028135,,0.14689443339459704,0.0,0.9160221967761825,0.9761634398834195,,0.393311095505618,0.6919888461828322,,7401f5fc76b6fc6c255d1dd4039a55eb15e32ab20cd3552dcac7878a8a74eb88,a7a2df50102d7e802732022e8559ba0e3680e8389a3d28775fdcaa5b3fe675c0,0fa80466bf53991acf4c8e9abe5da1ab3eba9d56c1e162f432e10d0e0ba18a17
sunny-mainline-cab-view/0126,sunny-mainline-cab-view,train,16010,2308,17495,2035420,33505,18318,0.44704436936308045,0.8740037121956545,0.4778391284882853,0.0,,0.7804990210809089,0.7557608231156109,,,,0.0,0.0,0.9472449285789175,,0.703461311761956,,0.44704436936308045,0.9732086887792647,0.6375730779986949,0.9775196721151628,,0.7161336401872868,0.8654865446965424,,a1e2fc892f0b131c74ecceb67559b53b91457b9cf91503592486c858fd335277,5e9d2acebf57172d5210c5c3b720a337687a9f178fad0f7fc5002f71acbe4474,382502e5b0fb833c224bae6819a77dc48fa15450897ab7b5b4a6536c6673d5ec
sunny-mainline-cab-view/0127,sunny-mainline-cab-view,train,4351,196,20552,2048501,24903,4547,0.17335352006056018,0.9568946558170223,0.17471790547323615,,,0.786382695007489,0.47600690448791716,,,,0.0,0.0,0.9542288922320479,,0.716122301310852,,0.17335352006056018,0.96158502194159,0.7890386517047164,0.9716928279669563,,0.774294670846395,0.8756580199150124,,0d4cde05aed2bd4fe2170c8e306ae84b426e1f4e3c8d7f9b0b0cb271454f8c9e,3a2f62b80bbbd8f815571d25354fdfb14621d54793dd0bfa6cc4afdc37595e4f,f2808f4c217e6463f334a64755964fbcaeb973ede0e4f1f3a9483a761f5d0831
sunny-mainline-cab-view/0128,sunny-mainline-cab-view,train,8286,216,14727,2050371,23013,8502,0.35670928580653494,0.9745942131263232,0.360057358884109,,,0.8283668502020465,0.5883811230585424,,,0.5876068376068376,0.0,0.6143673018212443,0.7625048100634657,0.0,0.632075297250319,,0.35670928580653494,0.6289204584448562,0.8796135390999871,0.9808057597424905,0.0,0.7083019900157287,0.7942191650795412,,24687c346d035f3bef72afba9b140f03eab022e4a90af673afe81fa9f274787b,09bf5c31ca2833eea50b69d465637fad45ede0f027180c676f50e73c26925838,c5850e4a827e9c843d920883043c41a16bc3152df24dfb3a710b07df50b68bea
sunny-mainline-cab-view/0129,sunny-mainline-cab-view,train,16099,1563,28993,2026945,45092,17662,0.3450648376379809,0.9115049258294644,0.35702563647653685,,,0.7893179773714952,0.5762539011623621,,,0.6330715532286213,0.08281645846073207,0.6807442340630205,0.8041306586303378,0.51877563900284,0.7570827144915074,0.0,0.3450648376379809,0.7007241157068659,0.8026360513698558,0.9774056969073447,0.0,0.6598295853829936,0.7074667475751911,,e52ffee04497a5939bda202788429a87b3560377d2abd91af07b4286a26b89c6,5d694e9c15aaefa0b7665df2c9da8584456f3b3dac39535757253b4487d820f4,a0b0eb660a1129cf5e0c24e4698bf62fe0b9771622829f7d8508b88ac8465222
sunny-mainline-cab-view/0131,sunny-mainline-cab-view,train,9656,233,33521,2030190,43177,9889,0.22243722644551947,0.976438466983517,0.2236375848252542,0.0,,0.7918170121115493,0.23463993421310256,,,0.5593869731800766,0.35468409586056643,0.5375421099712605,0.7048924199486408,0.0,0.7281415432655949,0.0,0.22243722644551947,0.7622889378978063,0.7394857141388782,0.951853756660773,0.0,0.6606217616580311,0.7977230907031613,,6ed3b7e372d8d5dc78b215af5af6f4653456cd41ece09177eab1178a747e70bc,af8d2a04956dbfdf21340cdf110d0b9d6e2829237768690ed087162d1ae36165,3205e14e38569d3c2864996f04af63ef5c2e89a93376f37f40973a6f32ad4a55
sunny-mainline-cab-view/0132,sunny-mainline-cab-view,train,1481,0,12394,2059725,13875,1481,0.10673873873873874,1.0,0.10673873873873874,,,0.9103831370439269,0.0,0.0,,0.7994480220791168,0.5713454666334248,0.0,0.8663737085283852,0.0,0.8176360497864995,0.6666666666666666,0.10673873873873874,0.833460885577006,0.686660084289766,0.9599582284828383,0.0,0.6242425032254701,0.7799310486035406,,e153b7e6bd960d596c08d639a6b6e83a0851899aff6c01d8e6bfbba8b04f29ab,204c422aa9c44f8b7d5b2eb481af1e29fa4744c6021070e0d2662705e7e0189e,d126fa95c0808479fbf60750fe472787d265ead4299c2c4094ad11438afd947a
sunny-mainline-cab-view/0134,sunny-mainline-cab-view,train,11739,291,24124,2030479,35863,12030,0.32469436300271065,0.9758104738154614,0.32732900203552406,,,0.8347970812803249,0.18737625722657797,0.5988517224163754,,,0.0,0.7998525277662565,0.9085569543772404,,0.7217678360268033,,0.32469436300271065,0.7595706618962433,0.9207746106873455,0.9845672807880168,,0.7677962563495929,0.8004600205798681,,9e4b1e6f4202cdfc0d9ff15e1ee6eb32270e1c0e88b7b7842be2345e74dab6f2,ca7f11b3b53842677ff683a60af0909d165f0e7bdad70e86ec532fdfeacf5b09,503188e9f780639f0888d9017333d820ce858a0a1f899be50746e3f724ba6338
sunny-mainline-cab-view/0135,sunny-mainline-cab-view,train,13094,577,4819,2049824,17913,13671,0.7081665765278529,0.9577938702362665,0.7309775023725785,,,0.9104197045027319,0.0,,,,0.0,0.766556543837357,0.8462100564837856,,0.6160833555971146,,0.7081665765278529,0.0,0.9543784935980323,0.9890380476667765,,0.7947936701388227,0.889280650463631,,917d7fdbcba14ad98f4155259ad4945453a4e76aecab144bfdfd515d95e55343,b6a73b1f8244f7439392be7102f2da394460911d789962cefb50cf25cba65757,9573263781ddb3d27680f4e28d1b24613adad0c970179ffdd234e6e143570389
sunny-mainline-cab-view/0136,sunny-mainline-cab-view,train,32984,1628,54334,1979268,87318,34612,0.37083174060666024,0.9529642898416734,0.3777457110790444,,,0.7030150995030847,,,,,,0.7096593587930221,0.6876476309573434,,0.6402576489533012,,0.37083174060666024,0.8566708143232407,0.9751929123132542,0.9711971169010434,,0.8085325571507996,0.8479356366413598,,23d8b5534877bd891ce5b404ae30036f3fd3a3f9769fc5d17235cd727642067e,197fc8d7bbdc4022d9b5cf5e18eddfe930bc031adbc821b3fb7895aef544cda7,0e604588269da0893da68bf4b7bb9f150586f403255b2e4dadae4d846e79cbee
sunny-mainline-cab-view/0137,sunny-mainline-cab-view,train,11975,477,12258,2043623,24233,12452,0.4846216106839336,0.9616929007388372,0.4941608550323938,,,0.8793264914648875,,,,,,0.0,0.8345613962869962,,0.6397702407002188,,0.4846216106839336,0.4071931589537223,0.9620244767372437,0.9621420747323275,,0.7922603461760805,0.9115174383750044,,a171edd02bf21b2bc889ac8ed17fe30fc47d76defd59a637e236ddadf0c76f27,fe62d749e1463b1b2a02805ef816e5e89d973e53a5a2098c5403781be1646e52,e0a0f496fbcd719e1bbdf689b31ef2ca9a524494fa502339e4d43bb1aa5648cb
sunny-mainline-cab-view/0138,sunny-mainline-cab-view,train,5363,2844,1442,2058701,6805,8207,0.5558088921131723,0.6534665529426099,0.7880969875091844,,,0.9317644444170067,0.16159250585480095,,,0.7109826589595376,0.6271152296535052,0.8351902595388274,0.6580212179825332,0.0,0.5354879153026398,,0.5558088921131723,0.9058303085299455,0.9298624115993689,0.9865098046289031,,0.8168374705837699,0.9544217300839292,,461bdcfd80571cea432e10e0947270b1a03bad21b5efa4efc325d700d1107bed,9b93de1d6c571c4679b4c6c166281098003c47dc20a9bc6e8725f6a2cc661d97,93beb13f51c4d0affdf7a768e0bb6910b8b689af8cd3555a4d84b163dd374f2e
sunny-mainline-cab-view/0139,sunny-mainline-cab-view,train,10358,734,17403,2039845,27761,11092,0.363502368836638,0.9338261810313739,0.3731133604697237,,0.43281348909478046,0.7558160281862366,0.255310621242485,,,0.9341486359360301,0.0,0.0,0.7405762759115075,,0.6290939146606054,,0.363502368836638,0.0,0.9368809109545384,0.9828188503309818,,0.7566361072737444,0.6929384070349172,,ea793969cdff22d7aeff4460d14cafa8007c32c5650e6cd3586775c958a0754c,f04ffab6071b224aa9cf94458c905bf5c66f7c4a9f098d0f1151766a202c3e74,aff44f26e2e8b160aace9ed51ba9acbe212a177ae964ad8db4340a59d2b08c29
sunny-mainline-cab-view/0141,sunny-mainline-cab-view,train,19562,2752,4399,2034652,23961,22314,0.7323026241904691,0.8766693555615309,0.8164099995826551,,,0.9363225534006895,,,,0.0,,0.5934372818245287,0.0,,0.7185644638105289,,0.7323026241904691,0.7443891031676132,0.9315728463112573,0.932929060588635,,0.8342817911358609,0.9197370544372825,,2ab1618bf2232f7953374c7ff9fd6dbb5957a1d11d887a1004faeb1f3bfa8241,c5b7bb11d7a16e11ebd4ca5f2cd8e58e6b01971995825dc7db8b90321eab5861,583f47b5f874a8031abf100d6f0e93233d953853004a6c06edaca8acbfa68841
sunny-mainline-cab-view/0142,sunny-mainline-cab-view,train,18356,1513,10739,2037546,29095,19869,0.5997124934657606,0.9238512255272032,0.6308987798590823,,,0.9434564406125338,,,,,0.6887112403100775,0.8061875297477392,0.7242236883009222,,0.4061762813639288,0.0,0.5997124934657606,0.0,0.9612794037376189,0.9894839185310028,,0.856493534513758,0.8972627045017927,,f9d4c3db5d27a80539d7e059e63c85bbda048e2f6d73d48e3b0e6d2541a023d4,8fb3a3361b3cedcbd74d9212b40445c40b7c34a84d64dd303f61a4d2c72154c4,425aeec12967bd55fb1f93b2f0dfc95895887005e53cd4ce7836bffb57df02bc
sunny-mainline-cab-view/0144,sunny-mainline-cab-view,train,901,3688,8685,2054858,9586,4589,0.06787705288533977,0.19633907169317935,0.09399123722094721,,,0.8552919409845398,,,,,,,0.29899788669984323,,0.5576408940220298,0.004733727810650888,0.06787705288533977,0.4891522252416804,0.9555769164749905,0.9632777463977164,,0.7660292286106163,0.9317676939185556,,f6b634ec6548b8bf98554aa0ac61f40eb22ae85f7e7ae26d084ddb9500ae7e5d,d70ab00d52ae34ae6f1b770e428d1e0b4ebbfa4bfaccb7ed34e4430ca49985c1,af46cb3ace5c2050aa99a6b1aea8ad8fa3b01ec61a8806f92bffc2fad3df007e
sunny-mainline-cab-view/0145,sunny-mainline-cab-view,train,17619,4319,4416,2041935,22035,21938,0.6685512635653031,0.8031269942565412,0.7995915588835942,,,0.9495939653332999,0.45753205128205127,,,0.0,0.0,0.7900335451977402,0.9704606728402297,,0.0,,0.6685512635653031,0.8977105773509189,0.9442856220192468,0.986717846463722,,0.8519058154803663,0.9289193511793556,0.0,fcdb2f1d198ca40299c924da55b12732604c2030a0db21c6f4a86b3b5c804d35,0f953934d9f0f4da7cb3e46c89d3d0dea61aa9ac24ad33f176a47e6ac7dffc3a,2633cea2853e674d4fd6597cab07772eab20e3c3b853e9fb48a7c3cad3643a10
sunny-mainline-cab-view/0146,sunny-mainline-cab-view,train,21135,11265,21562,2014122,42697,32400,0.3916645046514214,0.6523148148148148,0.4949996486872614,,,0.7773464697437414,,,,,0.0,0.0,,,0.5474952441344325,,0.3916645046514214,,0.9558464944148414,0.9668042792820425,,0.8095327571088563,0.8221521492129553,,144ac7ace9587dad2bd7d7909441c0b2eb1b7a5fd5d975855c31e6f54006cc89,f882a5279e95b63882b306a0fdd968e9c3131a2864242474a7e561142a4625f7,025b2eecc9f99eb3b1b56e5d9c00a91fdf2970e2ac350d4bfedfc0f98ec8233b
sunny-mainline-cab-view/0147,sunny-mainline-cab-view,train,3757,618,2215,2055158,5972,4375,0.5701062215477997,0.8587428571428571,0.6291024782317481,,,0.7298354235523158,,,,0.0,0.0,0.871758482776416,0.8927298093318865,,0.6060083143775983,0.0,0.5701062215477997,,0.9851127439380198,0.9649611913491002,,0.7633092625590047,0.8168918047913373,,6cf388fea166cff5c1481f523509bf3d72656e5aede0964f0ec6b15e88adea19,7b9aac3b84942b85ee007ace3e8af52aabc5de40a230c86d1a4772b298d5eefb,6f3c78f7d70e5108418e633b08db6e8ca46f3208b8386c0185c3c4a985ae3fa7
sunny-mainline-cab-view/0149,sunny-mainline-cab-view,train,3516,2485,6973,2044530,10489,6001,0.2710035455526438,0.5859023496083986,0.3352083134712556,0.0,,0.8558335781237483,0.2754588886095046,0.0,,0.26346433770014555,0.7497369344089793,0.5196805476326298,0.7762743083844001,,0.6779378702594483,,0.2710035455526438,0.5913845200278919,0.7647523935919994,0.9620125303852542,,0.7330586648193386,0.7954635346625754,,0f14ff36a7fdb27af6f7ec8cb353e753e159bb3b77aab52a80b13fe6937791bc,95eeab01f27c7865aae27495154899df43286c06b43e8597c1f0977fd2a195ba,69acbede9ceb560beb4e8e29fd397a0aae3cedb04ae579aca01be3fa7671ab2b
sunny-mainline-cab-view/0150,sunny-mainline-cab-view,train,8099,1889,1357,1997800,9456,9988,0.7138827677390921,0.8108730476571886,0.8564932318104906,,0.8005333333333333,0.9016351943488454,0.020821892732930624,0.0,,0.49193548387096775,0.008187652135428191,0.6378051849987415,0.8716898584189099,,0.5984595876579157,,0.7138827677390921,0.7939710827994206,0.8152388178639651,0.9925709625654381,,0.7037652270210409,0.7957494635741289,,d4d60368183c52383216b6039fb814147d7720ff8a5ea3c97e9222f8f0eb8937,a86f9b31137c2cfe325672053454e95f6b6fe1b769e9835edbcd61953940837c,6f01ca46897d1d6281cf1a4e25d1efab2000a55dd6af5651172f4b3a13b3aa84
sunny-mainline-cab-view/0151,sunny-mainline-cab-view,train,3854,4471,19630,2038171,23484,8325,0.1378644249686997,0.46294294294294297,0.16411173564980414,0.0,,0.8008878098420291,0.5585634536005679,,,0.4442815249266862,0.0,0.0,0.8154959547303933,0.0,0.3244928315979365,,0.1378644249686997,0.7714768992004744,0.8483507686316085,0.9874482868868499,,0.8234000338373041,0.7656640205538733,,4b1751c125ecc67afaa53eb1d7655c7a5ec051098de588dcb48ea4bc9cd3c5fc,e80f258a53d0d5624f90e47a73ab2a9dee90a2261893f9f06968830e26e1fcae,2e19cdff2fa1b4c72a8a295737c1341dba76a2ac897434dddca38063e23cd07b
sunny-mainline-cab-view/0152,sunny-mainline-cab-view,train,6671,7955,5733,2039505,12404,14626,0.3276683530625276,0.4561055654314235,0.5378103837471784,,,0.7486709087403245,0.0746780298521675,0.0,,0.6908951798010712,0.0,0.7235017335314512,0.8564403863449732,,0.7137171241164109,0.0,0.3276683530625276,0.7986673791426296,0.8835302971747045,0.9779696807765681,,0.7826056278400271,0.7303681433808868,,7c244faef1d58c7c544581c4aaad579ceaddaf9f4f8593f1c642198319e0f064,e45440ffb717bc4b598004779ea15e237e1ba4c9c73cb27cc0b96794d8e4bd3f,30b00a3350f08cad3bb4332aaa14274b2b8da66215ef559b05b2486254bafc32
sunny-mainline-cab-view/0154,sunny-mainline-cab-view,train,14497,8285,1681,2043667,16178,22782,0.5926092466173405,0.6363357036256694,0.8960934602546669,0.0,,0.8833927384764091,,,,,0.0,0.0,0.0,,0.5085636434410277,,0.5926092466173405,,0.9672774195591338,0.9154418917678729,,0.8623271437316549,0.919022933474214,,6ba5f4dc3a08179c05592eb64e30da7a3ab0f61eb7a134091c4cb022c307f8ce,dac38095dcbe26280a37351991f196700cc6958b431e99192616e9812ff695e5,a8c3bfabdca5f04645d993ad09a83d4c967385fe34daab4b01318b67671ff934
sunny-mainline-cab-view/0156,sunny-mainline-cab-view,train,9371,3611,309,2047118,9680,12982,0.7050635768565194,0.7218456324141118,0.9680785123966942,,,0.9201412384198029,0.0,,,0.10294117647058823,0.0,0.7637524984791866,,,0.6456437611128543,,0.7050635768565194,,0.9456344534656085,0.978631394924404,,0.8691097122302158,0.8351687017714993,,2a9b7f9f2e664a6492b210e6af5c8b3238a3d01e1f1d4f0c3506e92519ad0942,66a96574320f6eba811a83566a23baabbb50e25574efd274b18cda96e0b42442,7f1dab645b87121c2fb796b3430c92a0386b36852b14bff4ed09b9550861e267
sunny-mainline-cab-view/0157,sunny-mainline-cab-view,train,21957,13171,1347,2031739,23304,35128,0.6019739547635367,0.6250569346390343,0.9421987641606591,,,0.853860953109316,,,,,0.0,0.019779814580699537,0.8206766371424423,,0.7605745633030172,,0.6019739547635367,0.0,0.9137203663966353,0.9893462263212179,,0.8742416249010815,0.8106370047433272,,8e5da439095b7bf529ca9afbcfc297a86c96a3820aab657ef461687e06417c1a,653339694928a859f447c43e42320d1cd6503d7f644d3150a77a5274d8828e61,83f792bee7b27d002c83a7e85ea8e0a6a11304dafc5ba2783ec35d1d44739d59
sunny-mainline-cab-view/0159,sunny-mainline-cab-view,train,18578,623,10551,2038382,29129,19201,0.6244286098413552,0.967553773240977,0.6377836520306224,,,0.9443186844638722,0.0,,,,0.7511927136041636,0.1470693672701201,0.913681627259427,,0.573549257759784,,0.6244286098413552,0.0,0.9322366448081726,0.9917472589453991,,0.8844020996857054,0.8638966790692508,,0857b1a64422a748f3a1acbe2298b756354dc4e916a3e35065e7c7c8aa443cfa,4ceae0fc8775704b3c9b4c6cb0569eb7ae7807ab7173d390aef59f35ebbfa6d5,1f7460e792a64471243ac492e21dc3dcb157d6632b64f6125a50a8bfa7a2bcd0
sunny-mainline-cab-view/0160,sunny-mainline-cab-view,train,21468,7642,1202,2038140,22670,29110,0.7082343626286619,0.7374785297148746,0.9469783855315395,,,0.9086684216436066,0.0,,,,,0.7738209159261791,0.0,,0.6138042890610921,,0.7082343626286619,,0.9547466946993894,0.9866140282391415,,0.8764256763125648,0.880169546927406,,3f99be5f7928e5a01c3e2e0da7c216742c167125a2f4df4f9eda959f3e86453c,0a56b4e26f053587a8b41fd98b7616b82f50a413ce7a4279e60244a66493f498,e5f26d8b75fd4ef8ae2b8fb072c19180a66c49dcc7f798700871be98141abc66
sunny-mainline-cab-view/0161,sunny-mainline-cab-view,train,22568,5176,4728,2035750,27296,27744,0.6949987681694999,0.813437139561707,0.8267878077373975,,,0.8915287315219433,0.0,0.0,,,0.9337858810901759,0.7792036086483123,0.8143179892685682,,0.6257578925360653,,0.6949987681694999,0.0,0.942612969387054,0.9919573457676314,,0.8614432140703813,0.8999665213417043,,016395879116dde76f1eddcc264a67c3d1fb136d9a0f2d92b33ab41044c4e774,fd25784fc16a2a7c6484ecbbec6bf22a4a6695dd9893e771651938776bf7cb23,1673f0fee7dda09a9513d806d0cfd16a4b4de40f3538be9f77716ab72d20555f
sunny-mainline-cab-view/0163,sunny-mainline-cab-view,train,40848,1603,18682,2006974,59530,42451,0.6681824873636171,0.9622388165178677,0.6861750377960693,,0.0,0.8592286981099219,0.0,,,0.0,0.9362890884416597,0.8326092512139024,0.634072959759308,,0.6761098847191562,,0.6681824873636171,0.0,0.9415591094456691,0.9921971577864808,,0.821363337473515,0.8705218120741101,,53c1f0e23c023af87bca8d7c925f1118fa6e03bf34b314ab0e901d159fd525b9,3d556e7e8af20a6eb6d546badc61b9bcb432ea8ba8a43cb477c8d637a41abde1,29ac5c9a7a2b16197d611fd648ae614f348c83473d5091d3107d004bd2462c1a
sunny-mainline-cab-view/0164,sunny-mainline-cab-view,train,33075,3629,3850,2027690,36925,36704,0.8155792276964048,0.9011279424585876,0.8957345971563981,,,0.8959595895091096,,,,,0.9333312500976517,0.186086529006883,0.8128889286833505,,0.4844053126399045,,0.8155792276964048,0.7820741322538742,0.9511460703521585,0.9942066880967231,,0.8610288786853553,0.885018508745912,,dc2322339b57aed5805465301755b9054b87fba047b608e05ae4dcf959232006,b8dfdef270b26830890c889e0d2ed1a2810389a780bc38e7fb91325d5f8c46e4,1e8fab15e569191b39bff8d3ff2963a0c48c35bbe9d96d4ae82ce2d2370af1a7
sunny-mainline-cab-view/0165,sunny-mainline-cab-view,train,20022,3243,6962,2037995,26984,23265,0.6623879313196811,0.8606060606060606,0.7419952564482657,,,0.9092031930687046,,,,,0.9429705163106169,0.5575950552537928,0.6903703200841791,,0.7189869152580446,,0.6623879313196811,0.5661021517452046,0.9523411154904311,0.994219324162616,,0.8430096367679762,0.9242712967509766,,ed03205def575f68a08e90b5040e492f111657b011c4a09ea8773bfee95ae4f8,fa3e6142522787e662d35be413398957686c954919d06b8e8d93c33dea075c91,bb050fbbadb48f139281aeff85aa50e090d18ba99a7c16dac5f955b59aa64895
sunny-mainline-cab-view/0166,sunny-mainline-cab-view,train,20714,5554,923,2040993,21637,26268,0.761796182560406,0.7885640322826253,0.9573415907935481,,,0.9167711987978274,0.0,,,,0.0,0.7764774343721712,,,0.7231578947368421,,0.761796182560406,,0.9433570289929494,0.9872377269522943,,0.8423771001866832,0.837566529677289,,4cb25bc7ad809534409bf310ce0bd9621415dfebdaa38bfbacf278916ddd0f64,7bb389e1d2b5f1a73758fb068f5545e4eea28989d63d1a5b7b38e375565b8f9d,6571a24f9ab823da5ac3d99c60f586892b0506d33d0f44806b81540e169cf26e
sunny-mainline-cab-view/0167,sunny-mainline-cab-view,train,5466,3239,135,2056454,5601,8705,0.6183257918552036,0.6279149913842619,0.9758971612212105,,,0.9300264467864606,,,,,0.895097861726309,0.9206780079275723,0.8982666786026006,,0.0,,0.6183257918552036,0.34365843449141903,0.8858903743964283,0.9881175153839689,,0.8508662341767389,0.7995055211239371,,ea08f07ca095ed6d035d6f14b8548f69a14bf8d6b49efbbdddf5179bf9ef3009,145a765c10390d86c2b694571a1204ba36f373aa962a6637297cac9712e31330,663b2e173590f94e81ef1a1b425f4d1dabfeee1aa21320a3368fced2aeb24976
sunny-mainline-cab-view/0168,sunny-mainline-cab-view,train,19905,1581,4973,2041817,24878,21486,0.7522960051400279,0.926417201898911,0.8001045100088432,,,0.8592503620606423,,,,,0.8703881463978931,,0.8314520266803489,,0.5833558497703324,,0.7522960051400279,,0.9396319719472469,0.9906033410043505,,0.8448625629113434,0.7883598080705728,,72b8f6a32917f9b4cd7edbfc8b38900c94a094dd308a81ee17ec8c715bf8a875,a7bcce9f412f7e553372dab86eeb666894dededfe518eb748005bc49ea92f2e5,22bf8ed7d7ac004c7791dda88008221fb1a0480f5e49c2ec83d286d3dd1bbb51
sunny-mainline-cab-view/0169,sunny-mainline-cab-view,train,5091,2904,528,2059616,5619,7995,0.5973248856036607,0.6367729831144465,0.9060331019754405,,0.0,0.9254229143187318,,0.0,,,0.908048058926523,,0.8922242890009301,0.0,0.587192118226601,,0.5973248856036607,0.0,0.9510321176548177,0.9897799690684334,,0.8455946408723602,0.8764720361211319,,e50a126b8e9d96524472935c0169644a3000d548dd10622d7dd7837f28b262f3,f1b755542aeea840e9cc6f81d068c5a0f77bd69fcf3208043b1f22f53e24f45f,3e00b0f315270f1e17c46fe11f000b3434c788032d3026c80591648bcf925f94
sunny-mainline-cab-view/0170,sunny-mainline-cab-view,train,6282,446,2741,2058794,9023,6728,0.663428028302883,0.9337098692033293,0.696220769145517,,,0.9173344653927121,0.0,,,,0.9112364743191343,0.00884732052578362,0.8690135921531533,,0.4776014463640016,,0.663428028302883,,0.9428934057385744,0.9882744706386873,,0.8210512491244455,0.8594540518456011,,3f433ab98d445e66fbd4c3879168f0ff099bfa2f2a0555a496a23ef041827ef6,f96927f39200270347c6ed948d60abd05f38473818010a36c3e3d540abed119b,179b1a85e71fef8da93965782c8b7629cd7f44c35212654b65acf54a2157dd65
sunny-mainline-cab-view/0171,sunny-mainline-cab-view,train,19555,564,5581,2036393,25136,20119,0.7608949416342412,0.9719667975545504,0.7779678548695098,0.0,,0.9528136653589871,0.0,,,,,,,,0.8411614223586595,,0.7608949416342412,,0.9607604093649236,0.9679935193354039,,0.8130707037496451,0.9026873106332463,,f0f37b4a43e03c4b5aef2ec2723b33d29fdeb183e0247dc20cc38fd51708b6d4,1e688561f0f6c93e128b35a18e4349cecaba90e35c912a9a652bd9384b3ad938,a1920575c1e56fd97caae6fb77205f23b0737f8e9d049cbe12a135bc8534067a
sunny-mainline-cab-view/0172,sunny-mainline-cab-view,train,0,22635,0,2040814,0,22635,0.0,0.0,,0.0,,0.8614381045212567,0.0,0.0,,0.4696969696969697,0.0,0.0,0.8352068435474169,,0.5925226586102719,,0.0,0.0,0.8212142026604174,0.9536853011821221,,0.7152367588029893,0.8530799120640922,,9d1f242981192b866b8c78b235337b3fcd78c0dbb947afbb3861211b73247352,54823e8b93148e0ce4a359e420c1811825ceebf36b89d5b5244374b331b7f4d6,2c812c717fc2e129fc3332fc530199005e884851d291b18ef47f1726242897f3
sunny-mainline-cab-view/0179,sunny-mainline-cab-view,train,0,19,0,2071006,0,19,0.0,0.0,,0.9021343207200698,0.14053389212827988,0.8992054761031659,0.0,0.5117868600920631,0.9234004532775453,0.0,0.0,0.8932779627176136,0.8785556349502448,,0.631348167539267,,0.0,0.7221445258490536,0.8549777973114288,0.9596255148800646,,0.6331949390353973,0.8622656136296807,,2980bdd5ac578120cb35ad4b8b8f5798eb1663f505b1d628312365558c8e6637,b958f784c717606e08ea8407c83378b8f1011a1964d40f3af6893895ae56d65b,212824ee78b7bb8192e6bbffa3ad1aa07de9a89f370bdbe5adc0aeb8b0c7026e
sunny-mainline-cab-view/0182,sunny-mainline-cab-view,train,0,0,0,2071029,0,0,,,,0.7491690767039323,,0.9116564417177914,0.0,,0.0,0.0,,0.8724574569937305,0.9292504186689171,,0.0,,,0.0,0.8428753657987544,0.7744296605501928,,0.5104761119924185,0.8304171779141104,0.0,2b635f17ddb2ba61b77fdcac0499ec5c3d70dea1323a289937212955ea815653,0cc8828785c5fe14362b60478de1e5f431604ebe9fa709d1e5d0907e6a301151,90e37254f53f7a24a15bd2149972ccb23cd89a5055eadd0d5b9fb9696b7729ad
sunny-mountain-cab-view/0010,sunny-mountain-cab-view,train,23483,103635,29706,8137576,53189,127118,0.14974111105443044,0.1847338693182712,0.4415010622497133,0.0,,0.7459965793974477,0.08969465648854962,,,,0.0,0.1399703593364316,0.6674801276132127,,0.8621442110125352,,0.14974111105443044,0.8567810437620242,0.9469876405897591,0.9950363157160687,,0.8237934089555707,0.6925927823956871,0.0,e9abfe7bf5161453fc5c6a86049cec52880047eedd0f46a57ab7b1277cc49105,990e88d21ab52552acaf245a584e26ff692e75484c7e5dbc5d5aa50435112742,602d0ed62545b2457c6ee8d99303ae0536e6ed27548f45b5aa6d7afdb31da30b
sunny-mountain-cab-view/0015,sunny-mountain-cab-view,train,0,0,0,2073600,0,0,,,,0.0,,0.9451337543236125,0.6030179640718563,0.8447339847991314,,0.921278254091972,0.5037680418955167,0.6107915880054441,0.8365384615384616,0.28431372549019607,0.9103981345539338,,,0.0,0.9722935381228355,0.9936062561259262,,0.8541820327481929,0.8250966175313793,,3b93d1d95ac6a5f591a542a124e5c350be70f114e31e6cec7a46e8b4a97b9840,6e7f43a2f7c7265006609bf1dcac3e78460351b2b9e7e5b8ce65afa922c26e46,19c4000272c5d4b84fd3574e633d7a6f456e4b2f2d694836d300ccd0f2653571
sunny-mountain-cab-view/0016,sunny-mountain-cab-view,train,0,4241,0,8267900,0,4241,0.0,0.0,,,0.0,0.6976978353660034,0.6495675801319302,0.0,,0.8874465179790624,0.09563910222063464,0.043882939923554985,0.48362409835357495,0.8855773955773956,0.7435819817523287,0.8185221674876847,0.0,0.568994425604378,0.8416203147940609,0.9923650180855219,0.0,0.5369090020252811,0.6326863173297564,,8e6aa8676c0ac48ee943a84156a1b1ed8c8bc794a99c28a1e37f8cb4a9bcdc54,5809f9590cb378ff7d90e63feb7c96aa0cb54028613b3213627cfb731d161953,d8f5520097d94869be9cd8970bd7b561e3189813d60cd4c3e5f37ef8d2ece85d
sunny-mountain-cab-view/0025,sunny-mountain-cab-view,train,0,0,0,2073600,0,0,,,,0.0,0.0,0.8334479174994004,0.34180473830907404,0.7448320857083991,,,0.4820635092662837,0.6101522014118416,0.8735862924705008,,0.529462953754351,,,,0.9688616980807547,0.99297237472042,,0.6986646022837236,0.7797213954972615,,0dce3080c760760bfddf50a247fb072413c68e2c1186d80f7d1fa3746e29cf36,cb3329069e4006f8cdcb93fedca0e0e2a147705989f418693e18c17ca5e461a1,3f87821ece7a0b7012ff18e314cf63d12df82eb8192728b26130492ea769b353
sunny-mountain-cab-view/0033,sunny-mountain-cab-view,train,0,1153,0,2072447,0,1153,0.0,0.0,,0.0,,0.8205301284162002,0.11327762302692665,,,0.2222222222222222,0.0,0.4502849733934794,0.9598445513835243,,0.7430270336541409,,0.0,0.0,0.7808094485925604,0.9893274359840689,,0.6474226804123712,0.4466649284520176,,056cfb32b06947adeeed7dc38c65cb7ff1ef4f3709826863bb10c9849023c213,b6b8af203ee90ad8d28802048e1d366d4baffcc7ce1219b9d6be9939381c8c23,aec3403d06951d5a5130b5c503ae366564d34cff49cb0ebc296c1b72ca1bf9e1
sunny-mountain-cab-view/0034,sunny-mountain-cab-view,train,0,0,0,2073600,0,0,,,,,,0.86126269035533,0.26293905241273663,0.0,,0.763681592039801,,0.843251896707733,0.9407062517401353,,0.8753997895301571,,,0.784972491809359,0.9767233163844605,0.969843764043725,,0.7047141678827485,0.8928185813998962,,2dc7f6d449d2ddd33f5e4373346976cbf0b27a6ad026f19565d15223ed49d7a2,bc7a5b320f7dab08857ca11e167bafa3d56b446389d2893f55a217dad9e125c4,7d6b65c838530c1311ea4b91e1d28eb1b2b0608c350d6bcefc7929b6b0e6b24a
sunny-mountain-cab-view/0035,sunny-mountain-cab-view,train,0,0,0,8294400,0,0,,,,,,0.900714979961921,0.43742172497286463,,,,0.8895588636632802,0.0,0.0,,0.7837353178516991,,,0.7496455885096064,0.9621589704472361,0.9834960015673144,,0.8280399656282118,0.7139182020055931,,8f27f4777b424fca3a01c563f2634f985f97ef3cdac8ad2838d194087f29673c,5be87826e74904d71bbeb42199b5fea86f387e50ebd7ab2b54b927d617c7df54,11c9523fc74041097603ea97fc1135c9ae313c14df474979e659fc8c29bd45d2
sunny-mountain-cab-view/0037,sunny-mountain-cab-view,train,0,576,0,8293824,0,576,0.0,0.0,,0.0,,0.9477005915788885,0.1035229285573706,,,0.2599337748344371,,,0.9034284218790892,,0.6967291967291968,,0.0,0.8245614035087719,0.9906678742944065,0.9717224552643944,,0.8319031787539916,0.9431992946394618,,0dd350c7fad9d51bd0a73412fd77600d87ca6c0306501e202ac13254700718f2,9d1ce541de7ca4352ba4ff606e7a124e75a471cff72ef71e88ad02a2a9a90ee4,8c46f000570e88ecfcafbe7a1ab4b0dc942c3e81bd78d11768e903207ee2da3e
sunny-mountain-cab-view/0038,sunny-mountain-cab-view,train,0,308,0,8290938,0,308,0.0,0.0,,0.0,,0.9442304492005958,0.2268001354030659,,,,0.8101600134748189,0.0,0.0,,0.9472466882290839,,0.0,0.6981101335940045,0.9807357355512969,0.9858222677949484,,0.8410470510271703,0.9564264913602781,,b5c7a56b8478d6e94f292e36428c999f7d2b159ae6eaa12f152b282c76555c2d,2406fe994c566446c5ec634fd8dcc7c1040d065305fbfaa732a7931592324fdd,dadf9786b48dea46b68ce9c40ebc2c197999e6273b4bf6db0aef87063fab91da
sunny-mountain-cab-view/0039,sunny-mountain-cab-view,train,0,5663,0,8286708,0,5663,0.0,0.0,,0.0,,0.9310811937312438,0.3070750124976978,0.0,,0.8018018018018018,0.0,0.89182113585834,0.3466478696741855,,0.6873890816623844,,0.0,0.6419343587597224,0.9621391414616061,0.993713274379415,,0.8194246154674999,0.8752312979117103,,7f58ce7149cb2d8eecc31b59b6d93c8dcfc39835bfee3b20b04bf3db72ea05d3,78c8b4d93af10de0e8f2d56554823a54f60fac30d234f564b886a8eb4333f684,7d641ef3729f55b6e772401a550cb75ec800342d2758eef83e3b40bd66734e1b
sunny-mountain-cab-view/0043,sunny-mountain-cab-view,train,0,141,0,8294259,0,141,0.0,0.0,,0.09340064911648034,,0.936917950894447,0.6465750205616261,0.0,,0.0,0.7376764550464256,0.5646537763349176,0.8478628432849007,,0.9647299625860378,,0.0,0.8503163564590213,0.9670546274215295,0.9923291088204599,,0.8751696245642977,0.899397038782579,,53014f8bd86d528cd8a95f6cb5412c1b3e34232439908a147b5a50d4322c418e,4eaab9cda8650ba2babcff076fc36d6d2b6939c6b0adc6ec489300cc8289a7fa,65b2391ca5289827b0c113a628ac53331c13ef1ff582b77991bb52d1337b9b40
sunny-mountain-cab-view/0114,sunny-mountain-cab-view,train,5369,1793,13134,2007319,18503,7162,0.26453488372093026,0.7496509354928791,0.2901691617575528,,,0.6611669511347115,0.6219843761966761,0.8434492968171725,,0.9218455743879472,0.0,0.44372055728174803,0.0,0.0,0.7671199569287414,,0.26453488372093026,0.6608068799797647,0.9451391593925451,0.9780005926152493,,0.8579711659005432,0.8610726743945182,,c007047e3e4cafb0e9f7361205fbbf99eba406c2a2d48c27a1e4841c36d6981f,8bf2e49204f95a90068e333f0f27f561c8caaa1d199d8994120b789c9e587b54,3ab2ff25f134f24e26491e09eae7319b196ac7e77870cd15d0e271d8cc26c8e1
sunny-mountain-cab-view/0116,sunny-mountain-cab-view,train,15842,911,14969,1995250,30811,16753,0.49940104659227036,0.9456216796991583,0.5141670182726948,,,0.5873346733169558,0.4765575635030962,0.8738229755178908,,0.2027491408934708,0.05532842736440447,0.6373978996499416,0.8532823133755263,0.0,0.4531169055430841,0.05154639175257732,0.49940104659227036,,0.9711320491746158,0.9935152290077925,0.0,0.82933416432949,0.9232386260374387,,4aac1243132852bdd2e0dabe350ac2bbe6e1bff145fdb607bed02285a2a5b3dd,65c6488c35a0d05cdfd929bc23b6b32abeb819eeb16cdb7a777513f2413a5fd6,1f56a0dba62037db7c0e28ec693cde54bc4b0db0013861dba79e271dbd4a13b4
sunny-mountain-cab-view/0118,sunny-mountain-cab-view,train,29537,2458,23875,1965055,53412,31995,0.5286737068194022,0.9231754961712768,0.5530030704710552,0.0,,0.5161330861792705,,0.8600583090379009,,,,0.8170982160834374,0.7745434961017644,,0.8069501969895949,,0.5286737068194022,0.0,0.9792206428294722,0.9870947570739663,,0.8436472493497571,0.9054311804115108,,1c5790e05968d7a3413632eca28a9951451130120ae6c3be0d9fb3662522973e,1cd265503b0eb3e1bc1a582b1b92a959765ea51554f6d98ccfd630d4e95830af,6c0ce1385b17dc64516bce47d21938fcb2564142c72b1dbd406713ffab17eddd
sunny-mountain-cab-view/0119,sunny-mountain-cab-view,train,2048,649,5590,2020441,7638,2697,0.24713406540364427,0.7593622543566926,0.2681330191149516,0.0,,0.8782349163172013,0.3812365113621937,0.8526912181303116,,0.20175438596491227,,0.7891234410118549,0.9057108863771565,,0.6244433448787728,,0.24713406540364427,0.6614730878186968,0.9841312502918576,0.992391763864198,,0.8723682933928398,0.9734766829481267,,cb92b7934e948289bd873fc48056ab1d859792c8b97117109824dbca1535e0ec,107b44c08f0c38f5a9ba166fba98d478ab8f48d2b62eb4ceded7874beeeec550,3d1e019067560cabd1f3bde6181d2ff58a0127fae0d742ba3f4e34580812786e
sunny-mountain-cab-view/0120,sunny-mountain-cab-view,train,4171,3519,13292,2006548,17463,7690,0.19878943856639025,0.5423927178153446,0.23884784973944911,,,0.6512302440756891,,0.9476288659793815,,0.806060606060606,,0.8226812287590326,0.9231109219486642,,0.72446539110861,,0.19878943856639025,0.0,0.9857810966173842,0.9919782813147253,,0.8575601544707396,0.9754187841144363,,dc94d0155312b343e6ff5abae3d13658ce6e2e68d85a1e19ae327502112c7ade,afa9a3373ccf70a0e37bd2feb0bef0ad4e2e5e4244f0bf9b769d466a5ef8f799,b5c4523b35890beeb60b9427076b844527466dd99472073a5260a191f3371ed9
sunny-mountain-cab-view/0121,sunny-mountain-cab-view,train,19095,105,52219,1956838,71314,19200,0.2673658270208208,0.99453125,0.2677594862158903,,,0.32296088103705406,0.4916864608076009,0.0,,0.11870503597122302,0.0,0.8524250877350851,0.6076442484380742,0.775407357634806,0.7110726643598616,,0.2673658270208208,0.5443708609271524,0.9786219659222816,0.9673311173041511,0.008051529790660225,0.7293049059066681,0.7867433150422437,,206009d26edfc8c2e0f344aea9acb20cb6de8131d203ed7cb1f115b94e8ed2db,5bdee5a626c7c04727a5733d8b8237fc2db9e11033168790651924e422071f17,fe47ba40dc2203b1dbaa8494d2df4e3310b52825adf5f51c7b915a39ac8cc596
sunny-mountain-cab-view/0253,sunny-mountain-cab-view,train,0,4,0,2028420,0,4,0.0,0.0,,,0.012832888535574356,0.8962268343629172,0.0,0.44558575642646436,,0.0,0.9067364759462804,0.6496785368288172,0.9281279442859686,0.911990894549034,0.6976773923556217,0.5028846153846154,0.0,0.7033378341507097,0.9247810414507168,0.9921058564152335,0.08739189804278562,0.5407714641227707,0.8623562021571471,0.0,e7783e56f279d39cd7bd7290d05da53a477bd864ffc3137b30bc05d962176634,d236923aa8b07ffe4c6528e520bfbbeac87efb2e25dc7e10ca711dd849579f22,7ef08816b691782d83960d4a83ad63c20bbf92150366466bf77aa36f14b31f45
sunny-mountain-cab-view/0254,sunny-mountain-cab-view,train,0,187,0,2027057,0,187,0.0,0.0,,0.9197308819610978,0.0,0.6059988191841387,0.0,0.8124524611539715,,0.0,0.5338928776081168,0.8010398718297512,0.7426124336774181,,0.7606660224014195,,0.0,0.0,0.8323968177013377,0.9851186589865986,0.0,0.7691363078182563,0.5830446209059824,,894016b1cd34242641d03b1e60f84d320a5fef1107813f9d45d43e3c77279bfb,e58a7ac86a7d940965941f8b8a997ab386ddd1d8e2c760f6d3ad1a922a3057fd,628d86613565bda5ce72a813a2f7acd4c52294aed38e766d360f61bbb352a3c3
sunny-mountain-cab-view/0255,sunny-mountain-cab-view,train,0,0,0,2025362,0,0,,,,0.0,0.0,0.9517410953922876,,0.0,,0.0,0.0,0.0,0.9743814683671895,,0.6777298180121325,,,0.7547738405020664,0.8472073954144252,0.9800549224814582,0.0,0.5641381161105644,0.8144409910986837,,0255dda3dea077491f3d1ea3685abea083122dcb6a7cfcfec7f931dd8bf33c61,6f81ab702ea6fe837688e0d536b266216ff00719a04a1013240e8548791bc79d,bc08a063a12ecedc686e828ebdad66173a1746eb835c4e739bddf0fa033bed97
sunny-mountain-cab-view/0257,sunny-mountain-cab-view,train,0,8424,0,2063096,0,8424,0.0,0.0,,0.7488752556237219,,0.8658068515030872,0.0,0.9292778120139684,0.9521159675696902,0.17560975609756097,0.3801283393479573,0.6879912631313057,0.8291119467101079,0.43903822161733014,0.5890186239505935,0.0,0.0,0.0,0.9380570300636061,0.9878216934891352,0.0,0.6555372905471675,0.9001375895518203,,92ee9060e9af4c102a639559aace1bb2646cdc84e4eda9f46917fcf4fa36b689,9e4232334697774902651584966f6f0f60b4cab0365bb281cab51f9bc1e81219,b305c4de33cbec0695fc5d31f18dbe97fc8a01cf1c1c8986599ef5257060efff
sunny-mountain-cab-view/0259,sunny-mountain-cab-view,train,0,0,0,2030974,0,0,,,,,0.9612407545438908,0.9297871620478463,,0.8099383387740298,,0.01680672268907563,0.5360314341846758,0.0,0.7771526994708864,0.5815899581589958,0.3364817001180638,,,0.6298270433076256,0.9322131987827807,0.9816182616166289,,0.5562377895618197,0.8324181212002354,,40c4d08494b370ed9b2c47cf3957c3cf0f558a22009eafee581dd73a00829562,326e183b830bdf3b97a9e7fd09db82f2ee3f7b37375f658f2543fae198a63fbe,77d56ca61ec37f66cba3b5d8d5dd17a70057d514b47d112e30a0df77ce10e26d
sunny-mountain-cab-view/0261,sunny-mountain-cab-view,train,0,47,0,2025078,0,47,0.0,0.0,,0.7953691275167786,,0.9381296932998067,0.0,0.8318098720292505,,0.0,0.8159990193152262,0.27432818137756476,0.7332641751197045,0.0,0.2683645010389235,0.0,0.0,0.0,0.8726585477285057,0.9901779665095685,0.001941747572815534,0.7555523156922778,0.9162978088623692,,c907f3894e962844d9db2c4ac28771860d430f48f3489ad03b70394d0429251d,132f4b9ed27aee03a516e67f090cd554bfd2ca10d3badbd46ea294949133e32a,4f186b03c9b6a3b94c9b1cfb06311910e964c43e326ae24f9cdbf7709efcce2b
sunny-mountain-stations/0228,sunny-mountain-stations,train,0,51,0,2073549,0,51,0.0,0.0,,0.904606536526019,,0.9418875069459213,,0.0,0.9703616529729542,0.6490416391275612,0.8517741245967899,0.9173257538309442,0.8603540343943152,,0.7467324211510258,0.0,0.0,0.671134226845369,0.8379512719790497,0.9872310062337291,,0.7621736814064998,0.9348594451057596,0.0,8fb67a7950262b0a2133f19fd631fd9df52f83e1660f0a811abf3e9d0982f269,ec207ecc709b6c73bdcb8ae5392436a9335a1a7ac9f52fc8c883e1e0792f1725,50d1475df6e4e387117c6440251912a23a4397dd74f230ca70f988bf06f241f9
sunny-mountain-stations/0229,sunny-mountain-stations,train,0,265,0,2069791,0,265,0.0,0.0,,,0.0,0.9412536663145255,0.0,0.0,0.0,0.7027363184079602,0.3899719070604852,0.8098923224183151,0.8839413108160095,,0.6601849333695948,0.8922518159806295,0.0,0.7827425987574101,0.776826452641416,0.9884951772567152,,0.7751934176593394,0.9276157747918135,,0354800bf80455fa7680958e010518b436ea155dca8b0abbc8d1e10092f0661b,21a10b8db464646bdbc600d69546c1cc56b0319f1c530ba2a460d772ee98d838,4998456576f3181de05c2a106d12d2b7c2d274456dc50c0c50ead7c6acc45cbe
sunny-mountain-stations/0243,sunny-mountain-stations,train,0,5739,0,2067594,0,5739,0.0,0.0,,0.0,,0.8275782279021751,,,0.9881707649258351,,0.0,,0.1031390134529148,,0.3565622521808089,0.7353159851301115,0.0,0.0,0.9820432764321267,0.9918651596797227,,0.6477201447527141,0.9514529563366078,,d048231d419c08d7176eaceaa89f964709a5a5de28918f80af2d6d5cb56dc892,502b0c205ec3bdc1f0c021c084674028a122fd08e58a52be0230cdf0b279cf82,fbde53873e9a34c6ab002ec1cf0c1bf1769ab96a1b09c27f238f594a0a09d324
sunny-mountain-stations/0244,sunny-mountain-stations,train,0,733,0,2068353,0,733,0.0,0.0,,0.854279935912589,0.0,0.9155518680717121,0.25717905405405406,0.7782515991471215,0.8688494749655855,0.1935881627620222,0.053171247357293866,0.5828001522110424,0.6321017501445314,,0.702452983699769,0.0,0.0,0.6444064528762294,0.8605882402101575,0.9865682341252374,,0.5628629116479844,0.6933563668151355,,8d1edf47c4a0e099e6bac09702b9eb61358d689387405e5915c4b761311fb755,cbe5a7aad07765b9159ea13722233c52e6ac593f5b2ef4c85ad81fb8e95b617d,712639df971ecec4972ca1b11d02a93db430f20d7222c2499ee787ea1552d8d2
sunny-mountain-stations/0245,sunny-mountain-stations,train,0,962,0,2072638,0,962,0.0,0.0,,0.8908298302973688,,0.769114898295767,0.0,0.0,0.24274525421478826,0.12095933263816476,0.6322421046774891,0.16825841102937006,0.8648448195192957,0.8169487725591301,0.49923127608170437,,0.0,0.3243317908695352,0.884341344527721,0.9928239836869278,0.027870382717695694,0.5838424853000326,0.6008852039594749,,ede5e722aa51b1edf1b7f3550819d1fa7c743d02958fb765bf9233ccf1ea1020,69ead58a4fdecf080f2676ba45496e4a341a37ff2c77cdab2980a0c51d66786c,878cb76938aac0244121eba142d57820f28a29ad681a3423194903768daff012
sunny-mountain-stations/0246,sunny-mountain-stations,train,0,1109,0,2060287,0,1109,0.0,0.0,,0.8306140611094631,,0.7721264335155655,0.0,0.0,,,0.0,0.6363537236942536,0.6247999014899643,0.9424192889252145,0.4258778758000346,,0.0,0.4940743992099199,0.9218010085051036,0.9833629388173677,0.04794520547945205,0.7331073488650836,0.7047734317343174,0.0,90a65adbb644d54e42c7e51d5cebfa0b1e554d4d34f442db24481dcd7007c74c,f28cde20054a844449d19347046b0f78cdc41f588971b90550e6eb1e24b0b791,0050e05dd5fa5ed3aa1e514653067a65f4fb494dc033b2f87007989166515004
sunny-mountain-stations/0248,sunny-mountain-stations,train,0,0,0,2073600,0,0,,,,0.8032463691923507,,0.9597814490317158,,,0.6392827914589688,0.0,0.0002511814832731738,0.37299818117292166,0.9213076717671161,,0.3803900866859302,,,0.5913639654217945,0.5408016889057299,0.9839649267419132,,0.8273335612758267,0.9301276677818743,,c489b83cc8d5e13b9e9ee4f588ba23a86a21404337b41cc01afb90627630275f,df85d99031750be49655b3810901e2b76cea9b2d757a8a512290c89d7f58c9f9,69e16e04da49afa45fc0a9398b127dee42870a0cad3692ca2ec50e77d4241c9a
sunny-mountain-stations/0249,sunny-mountain-stations,train,0,0,0,2073600,0,0,,,,0.8620327361203274,,0.9502253845260591,,,0.9508916043776627,0.6398237885462555,0.0,0.6336544281332389,0.8374809198888047,,0.8326391970778002,,,0.6890561483739838,0.9619462300151755,0.9871564308644001,,0.8198080169307903,0.9063441719198614,,408760b135c0da743871d600304812e352ac956549d1987597238245735e8672,448ef85ddd524b1eda5440923343f04ec073449229c9e9252594792fd04c0401,35966e24379a209ff8e8b74c4d4fa1a38c32c8511e2c1c0fe568b075a34e19f5
sunny-mountain-stations/0250,sunny-mountain-stations,train,0,151,0,2064660,0,151,0.0,0.0,,0.6113489530629719,,0.9747522150473044,,,0.9759652637431494,0.0,0.0,0.9563311261877372,0.9589006326476494,,0.792946660553263,,0.0,0.0,0.0,0.9873931018859375,,0.7328837413868934,0.8940805011641346,,0956dd0c21f6af0a1387e957effd77c906124754c421ea783a885ae3ce8cf3f2,f0b4695f1246bc1987be1637c4da90f95bdf51ea6471608cf6996822437cf2da,9dfea65006df79eea4bd464677120d1990810c5c6a57f7b21928618163a9082d
trackside-maintenance/0000,trackside-maintenance,train,82055,1371029,16403,619473,98458,1453084,0.055839214637489136,0.05646955028064448,0.8334010441000224,,,0.08668051413695159,,,,,0.0,0.0,,,,,0.055839214637489136,,,,,0.9331898880046094,0.5078863057586462,,e41473adaa20b0dfe8eecc7e6000f550ae13c68770e4946667d4c938e7a89230,6eae10b192e629c0f36ad37a409384070a694a94a460f980f2382eb5867a7dee,2cdb367a722f6c2240da83563e198bf98f76b6c35bcfce95afbc81e95e9243ed
trackside-maintenance/0052,trackside-maintenance,train,1161383,16400,16043,895134,1177426,1177783,0.9728243479368015,0.9860755334386725,0.9863745152561605,0.0,,0.0,,,,,,,,,,,0.9728243479368015,,0.9731582340764872,,,0.9452014605120327,0.9664432463660153,,efc1a697946924df5b504e34114d2f5a5bdaff8ab191a9dd2c8d978a19525204,b08d2332f951a48857173d7c6d8c0dd3acc61f0b77d72fa0e07f8bd050dab3ed,1ab30834a4dcf00f65e3094dcb6f7def93a768e3212bd17571c7c82f45ebd935
trackside-maintenance/0055,trackside-maintenance,train,1129919,17302,50877,890862,1180796,1147221,0.9430939706100836,0.9849183374432651,0.9569129637973028,0.9657652143977355,,,,,,,,,,,,,0.9430939706100836,,0.964188448896541,,,0.83966203001736,0.9492949477992576,,28f3b3d7bec0bf474a3fc09012c7f4ef1b0b5a4e37e51acf00fbc5bea657569b,3428e465d64a4a778d06e5751cb25564677eb49240c8bdb9097a7c35e58ef4b5,96f15d06d3802a1db878fb64f3b54b3e585198bf58120fefc5dd4670d2641c2d
trackside-maintenance/0057,trackside-maintenance,train,805687,4425,4219,1274224,809906,810112,0.9893851517380524,0.9945377923052615,0.99479075349485,0.9614899778547499,,0.0,0.5500989518434362,,,,,,,,,,0.9893851517380524,,0.9732646251223004,,,0.9669104162846139,0.975227176408715,,76a244cf235702a8709bcd5845224a9a5785c3cd791a1fc89b4d54cf065746b8,66fa21d4235bc5f70ab93c1c782cbc4076e5734ed8154dcdd313d55669ac501b,97c5b523aee2eb50b9d328cbba8006b0769bfa30aafaf25a101b407f7900ecf1
trackside-maintenance/0058,trackside-maintenance,train,1257918,4081,70139,756822,1328057,1261999,0.9442850515487134,0.9967662414946447,0.9471867547853744,,,,,,,,,,,,,,0.9442850515487134,,0.932609484835484,,,0.8243061494860056,0.952681975633536,,527bd4c6f5b48a8fa052db415d684acdb3dcbf8021025486fa219182ad9059ba,008176814841aa702e3ff2dfc230737e3cb33c8e155dbc245a12048e5f4909f9,44ae18548b54c90aea147aab250d784f2d529879b27864bc586cc2f1516fda74
trackside-maintenance/0059,trackside-maintenance,train,1194449,6721,59555,828235,1254004,1201170,0.9474302484681433,0.9944046221600606,0.9525081259708901,0.0,,,0.0,,,,,,,,,,0.9474302484681433,,0.9472950669356318,,,0.7809635178659089,0.975785306060427,,8f38d8ecfaf13ea9265b15f72d8c2a5f6320df894c563c0277971f5a71223076,1f8c92d4ffcf481e87a310434020e2a207908305a3e4385ba8853f7e9a504821,3ee9850860c7e9212c6de5d28f326570b9798cfce76db2442ff81b1f7ef3101b
trackside-maintenance/0060,trackside-maintenance,train,1393047,10444,19163,666306,1412210,1403491,0.9791888962460303,0.9925585557727125,0.9864304883834557,,,,,,,,,,,,,,0.9791888962460303,,0.8772259928768228,,,0.9526125749753812,0.9548425516730918,,af2519b33d6b5f52478d8c41669353834cbc46bda125e944b6f0f559e55e7d51,4e3ca1d512b429bb6d50e227bf926a6266bb4b32e6713b6ad6596226cf0f24a9,2045a7a567faf40cb2f07897b12dbe43d94fb8c4b7fcc740b661ac13846daf51
trackside-maintenance/0061,trackside-maintenance,train,1652345,6977,16361,413277,1668706,1659322,0.9860725447474253,0.9957952705984734,0.990195396912338,,,0.0,,,,,,,,,,,0.9860725447474253,,,,,0.9509331720650737,0.752440359982858,,8bdf064f89bd89d79af62f1c4461b3024cfa2110a8194ff5044d74f7f592fc74,742cdf67e16935b556c2f1b64a61a037554ae04c5dc6242622296872e46d66cc,58cf1d7d2166d879e6fd100e327ea69a6f1da1d39abb50d720a4a91dab4b2661
trackside-maintenance/0062,trackside-maintenance,train,1900548,3152,1908,183352,1902456,1903700,0.997344679493369,0.9983442769343909,0.9989970858721569,0.0,,,,,,,,,,,,,0.997344679493369,,,,,0.9850670879478127,0.0,,6f1c22c5a26f9c6f9349d1b7472ea93537d6383a9cda356167f51397f8e8f989,23aa6346cd5ebfff7f9a2b1565a4e7ab2291ccbb4a27de12c6b65e4e02e946a9,ea08f0659a61481be76562acb17a83285025de1d115049f7127d61033daba090
trackside-maintenance/0063,trackside-maintenance,train,1320483,7638,15901,744938,1336384,1328121,0.9824861497802864,0.994249017973513,0.9881014738278818,,,,,,,,,,,,,,0.9824861497802864,,0.0,,,0.9602044118275566,0.9758654397906116,,f25b27c24e3ff91436c5e3877a5df281c4dd826a5c70266f8b58faae4174a2e4,5e60d85a56940e8ccaac6003a40470a5f53c4dc940d8c77d3d16bdcd21c01a28,7cc34d3d246ccbad51b5530239219be9f0bffa12d560f57f8065c2aed309f6a3
trackside-maintenance/0066,trackside-maintenance,train,1281370,5751,16340,785499,1297710,1287121,0.9830520437512131,0.9955318886103172,0.9874085889759654,,,,0.0,,,,,,,,,,0.9830520437512131,,0.9332091466213115,,,0.955852896709976,0.9743529195947832,,6223c858287f0677fdc6d3b7cc8038c3ecc2f0d657d409ea0818439bb88d0fa5,43a4179d47c711e75f6cf339d73d705cfe9ee6c9dfb53df5c804231ca8dcc292,d854de60a0562ed5d8666279b63895f5431ff88d6744ae1936e7cc5a65490911
trackside-maintenance/0067,trackside-maintenance,train,826774,9769,30949,1221468,857723,836543,0.9530623913534649,0.9883221782980671,0.9639172553376789,,,0.8163335041858876,0.23700623700623702,,0.9466982852973367,,,,0.0,,,,0.9530623913534649,,0.976317323533139,,,0.9259805138388979,0.9453941477933283,,0500732a4422c6db9e57d541c1a7f0c06c3e10fd30ca7e04d1cb512dcd29b739,2f621dbe19011b469c294190d6d920e3aa75422da05c80a309ee6fbaed7048b5,5714c1d69004516d73795c6adbc26ea1a5268e056125c9cdbc3ceb8b684812f8
trackside-maintenance/0068,trackside-maintenance,train,1012042,9388,41956,1025574,1053998,1021430,0.9517164980543283,0.990808963903547,0.9601934728528897,,,0.8866847009317703,0.47058823529411764,,,,,,,,,,0.9517164980543283,,0.9774869815047584,,,0.9311435274915842,0.9349755044156514,,2002370858caebe870952bed7a32a15d4c1e010a5b718f1e3c6e2a619ef1550f,8609c48f75a7d2884ce4ed65218ab5c43be51c427faa25d314e09ce0ea303303,b48d23b79ccaf8b37f87edcddaa6ab109794e158d4f5e62aab71d22adcbbd406
trackside-maintenance/0070,trackside-maintenance,train,1854983,1561,20381,212035,1875364,1856544,0.9883096021418011,0.9991591904097075,0.9891322431272009,0.0,,,,,,,,,,,,,0.9883096021418011,,,,,0.9614322072610993,0.7090148268855493,0.0,8da8ac7ad697e79d43107c8ebe4903d9b515079f50e3b43f871cbcaca0df5d1e,b594ea4ae2a8c778d1db9fc49967f5606bc51cf59cfdef65be52b10f58ff4011,efc69fb4a00a812b5d2a1685514bebf857971dc2da51c244ca077c14e213b815
trackside-maintenance/0073,trackside-maintenance,train,1520348,6379,44051,518182,1564399,1526727,0.9678948903027672,0.9958217808422855,0.9718415826141541,0.0,,0.0,0.0,,,,,0.0,0.47768267206411913,,,,0.9678948903027672,,0.7392123610325985,,,0.5489842496244615,0.6785676279663723,,5652f16f45d364803ae0cb7862cfd6866fbbefdeeefdf76929de1dbf58fe7814,d8e53f588fe1c75d94555ec5614504bb322ac9ecadacaea8932c5bbf08610032,0c2f72ae53c7553a6c4cd357523682b73b6d012b237df7f67759294d80e70030
trackside-maintenance/0074,trackside-maintenance,train,1317987,87679,28556,654738,1346543,1405666,0.9189560611955472,0.9376245850721295,0.9787931020398161,,,0.0,,,,,,0.0,0.46489646394595563,,,,0.9189560611955472,,0.7344833640593451,,,0.7436074692517937,0.6327111161182659,,093b845a2d8a639e83ffa1ecf5fde92d921664c2417e66a25b10d3dca8f6d55f,38c932592ff33a4d70acc23ed4568945de39640d595c56f80f8beb4f6d5e6c94,2e32642ed835d720e4dde7a4a0376cbcca25fbfb0ec703b873902bc3639e0e3e
trackside-maintenance/0075,trackside-maintenance,train,1469057,13644,39117,567142,1508174,1482701,0.9653302825962106,0.9907978749592804,0.9740633375194109,0.0,,0.0,,,,,,,0.460768221937934,,,,0.9653302825962106,,0.0,,,0.6408848480898535,0.8060826500253973,,03904f8a2512daea1c39d2cbdedf3303eb95dcf456e4adbc73e729eb2d9aca10,93f4f3be37fc1a22e66838092bfa5c7b4ac1b906ac2562c03fc4232dca424e8c,a08cdd18c2c5ce0cb1db73323abbcd8cd555b1f3dfb135956d94aba5198b7b05
trackside-maintenance/0078,trackside-maintenance,train,1284659,10331,12339,781631,1296998,1294990,0.9826592999925803,0.9920223322187817,0.9904864926545762,,,,,,,,,,,,,,0.9826592999925803,,0.8836023342621313,,,0.9491746156191472,0.9763131291404973,,9072ecd1d6bd9a6ade7bbf9d4ebfe4912556baadda2bae4e1a66249b89915dc1,1eaf2cd3689a0fe9c0ad5ebb222ac03c3cd690d88a9826248a162160f7faafb8,8cd582f24252787df26482331887b9f02ea2dd1b514b511545cde6fdcd1c051a
trackside-maintenance/0079,trackside-maintenance,train,1295019,8443,21997,763501,1317016,1303462,0.977034370734968,0.9935226343384004,0.9832978490770043,,,0.0,,,,,,,,,,,0.977034370734968,0.0,0.9502075893505212,,,0.9612555546154004,0.9612241905279327,,7245d072113222a13b028579251a425ef833a8850f977f01ffb13f42c5569754,269024024b0ab056a42083d816412308ea4b46b3c9fc0d2596969ddfdd07ad7a,0105d448cc8223be0e0743a7b655e20f2d9d8748416b25fecc628af55afbcf6b
trackside-maintenance/0080,trackside-maintenance,train,1179468,13439,18491,877562,1197959,1192907,0.9736420235133292,0.9887342433232431,0.9845645802569203,,,0.0,,,,,,,,,,,0.9736420235133292,,0.9526062373464528,,,0.9593689913670297,0.95265315713861,,045d4791802edd4766cb20165f7f89e48500708e9eacc4fb3176b9cd89733d49,768207717996a901fa4c5795e878add2eca0a4b7d84e38ba927111d2d2b9c794,a2bc390d4397801af26e76df596d1c2f6e2928f1424cd7e52a960ab87eb1189d
trackside-maintenance/0082,trackside-maintenance,train,613172,1001681,27091,447016,640263,1614853,0.37344269962922,0.3797076266384618,0.9576877002106947,,,0.011802068808287958,,,,,,,,,,,0.37344269962922,,,,,0.8894799128309185,0.21744140279623747,,65b79e130b09b882fa33f7676d2436a802b097d73fc606fa0428a40aa7592ed5,c18f270edeeac58e89a27f4e92db3c606d1e98ed7d9605fab190e4b2e8bbe628,7683403936b0690d82b035bd3186442bc1a6a63930e3bc543fb8cceb0c6ca1eb
trackside-maintenance/0083,trackside-maintenance,train,1578245,5828,19371,485516,1597616,1584073,0.9842844527155298,0.9963208766262666,0.9878750588376681,,,,,,,,,,,,,,0.9842844527155298,0.0,,,,0.9468060762383147,0.9596732505823415,,f93539c0825969b6f96f386dbaa98f06caadbcb1d80a39102a077ace90560d5e,82efdc0cda609b8ffd12a935a3354e0d1758ab9a02c528ae1bc2155d24d0c3b1,b995a5add60e7ac9ed11c109aa1e13fc5c7d8543ccf1181f6fc7485e01b986f7
trackside-maintenance/0084,trackside-maintenance,train,1366363,14407,33624,674566,1399987,1380770,0.9660412869398485,0.9895659668156174,0.9759826341244597,,,0.0,,,,,,0.0,,,,,0.9660412869398485,,,,,0.9659481158344162,0.9595650873631553,,78b655ec93b0e9575d9bf363a03233ad6e48a40c1e428e86125f919cccf38ced,11dc7abfc6839ef76f71e2f504f39513075773ba30a0d472935d77b70c7329bf,2dd24b7701a4196c7e795b7a637bc666db40f919214c7eec966c519f66c0b62c
trackside-maintenance/0085,trackside-maintenance,train,1312870,14509,13624,747957,1326494,1327379,0.9790209268733925,0.9890694368375573,0.9897293165291362,,,,0.0,,,,,,,,,,0.9790209268733925,,0.638733705772812,,,0.9478371801837984,0.972123137983873,,1fe7cf2ae2eef9be85f098226cc6e927e226f7e34a356079eaf30f81a5517c08,a0af4d1a49f7b2bb75c996039450d8507555a89e47ba27e24fb84a3b844237e8,5875190bb95e3971b8861e2fc312936e8958916885b7e73c5701caa261113bc6
trackside-maintenance/0086,trackside-maintenance,train,839127,8212,15560,1226061,854687,847339,0.9724510052740819,0.9903084833815038,0.9817945048889243,,,0.8249764595103578,0.7857142857142857,,0.9326289620882535,,,,,0.0,,,0.9724510052740819,,0.9611217902421137,,,0.9444724089262626,0.9610666489254733,,9db552632140a4fe745fdf61a0d0fa31fc4952af06addd32095a7c1372bb9d8a,6dd0b988989fc57ccdc706b72227722a022ce5b835a5c0aa09bf7a6d9889b5eb,b186e639019e0fed5f155eebb6c843be37bee3a2dcd0bab2a13ea35acd64ddf1
trackside-maintenance/0087,trackside-maintenance,train,1007793,17183,16925,1047059,1024718,1024976,0.9672636843615661,0.9832357050311422,0.9834832607605214,0.0,,0.6813605442176871,0.6292270531400966,,0.7930244664237376,,,0.0,0.0,0.0,,,0.9672636843615661,0.0,0.9603404913909848,,,0.9363241926909159,0.953543663362264,,95207ac84f3acc3ff5c55764aa554bffc9f0a32f4cab08eaf951e2fe43877d51,f2fc551dcbe79800027e1f2d41cae50208e7b13341f380e70dfc14418cd942c1,6b5737aa304437ab8f36c6d4ad4c7801b716e809a050b0135c528ab3dac3f16b
trackside-maintenance/0090,trackside-maintenance,train,814964,5685,14283,1254028,829247,820649,0.9760842799174064,0.9930725559892232,0.9827759400998738,0.0,,0.7921515965383468,0.3260115606936416,,0.905263439995712,,,,0.0,,,,0.9760842799174064,,0.9696835983275705,,,0.9502359413958664,0.965466045262476,,0a5483a0127931090560f2cb06532b9de62ff8978b5d2d75fc73f10c9e628fb9,3d8ae1b13c7b8c3541544116e3b1dee27d82e71568a1ed54c03b6b6fab6ddd84,9788f988b0cea9243c3516317af4acdf35442002072ce581ce1a38c015aa9c32
trackside-maintenance/0092,trackside-maintenance,train,1284042,1856,29299,773763,1313341,1285898,0.9763115335573302,0.9985566506830246,0.9776912469800303,,,0.0,,,,,,,,,,,0.9763115335573302,,,,,0.949312679383128,0.9657159811340702,,b46f2ac36452a0a15ac8e7c69746492ff0b596b959f253d1612c3db9998b2895,4fd4cbd8ce9ed83ac03e762814e76a63630fbe7269c9766c1267d2a94ad2e985,5eb3b4d6dac2c6866e8ec72f43ce207b3f203d60d0d8880402779c3c45059c62
trackside-maintenance/0093,trackside-maintenance,train,882453,12103,11521,1182883,893974,894556,0.9739271607159214,0.9864703830727198,0.9871126005901738,0.0,,0.7939948619139371,0.47465437788018433,,0.8375037235627047,,,,0.0,,,,0.9739271607159214,,0.9768273211117682,,,0.9353087344271224,0.9721568433256238,,6259e3456d036d7371c800562ffea682d470ccccfc442c166f67ae5f354b645f,df9edb6931f521320ae96f20a6f60e410e0d6a5d2669dca96c03092e76f48260,4d7633cda42c489aaefcd818774cab3809a47a166440b7213b9d22ae388d34ed
trackside-maintenance/0095,trackside-maintenance,train,780567,4215,45987,1258191,826554,784782,0.9395716498810138,0.994629081706767,0.9443629817289615,,,0.8709526774595268,0.3557288542291542,,0.9679258731290092,,,,,,,,0.9395716498810138,,0.9806371831169254,,,0.9420920982952689,0.921453614238548,,2c0673f9062a1f999a14ea9f32f3a730731ead900fcdf51751a187ad746dfc7b,bbdfa9f6399575802bf5afbbe98eb2dcb7585313171454162b522e900c9f1c5e,be28e5c186518f69cca18dae8076aa7fbbae0e810aa7c1d011c2f16051cfcba2
trackside-maintenance/0097,trackside-maintenance,train,1386430,1908,173343,287496,1559773,1388338,0.8877805390473471,0.9986256948956234,0.888866520961704,,,0.0,,,,,,,0.0,,,,0.8877805390473471,,0.7983290786725459,,,0.9529470998925886,0.0,,069e56fc048051d80ef3d6c175598cb6a1df2596f82c85bd8075f4b88100565a,4d8fc7a5057b6825f2df28ce7b288ca212a7e1a81e0260c08c4b9cf2421ed1e0,10abcab379203e0d6969a20e4ca24843e70b18b115ce68094a29d79bb57e7ded
trackside-maintenance/0098,trackside-maintenance,train,1613266,10512,123641,341541,1736907,1623778,0.9232279149992074,0.9935262086319682,0.9288154172906207,,,0.0,,,,,,,,,,,0.9232279149992074,,,,,0.947314787078279,0.0,,fc04d89f6819407752a53d790ea973fc002344aa19eadc04b345225545c7ce53,94fe3c588358c6ff8a62bacee27373a7c513eb4df5684f7c8ebbf38b5be28c66,9156f63ea969eaede3d68dc31fbeeb643a4e151e65a0ce98f72a903344e0673e
trackside-maintenance/0100,trackside-maintenance,train,1112248,20720,25189,341843,1137437,1132968,0.9603602965746441,0.9817117517882235,0.9778545976612331,0.0,,0.7601745394098905,,,,,,,,,,,0.9603602965746441,,,,,0.7331005101387796,0.840298151384044,,295de469c85a2cbd063ed52a760230d5847fd6ca3ec792d4228e881a1fc88163,c20e921d0e7477cf9902bde354d8ff7d36f6de0c1f3d07f5156553727adeebcf,9306e0c5f5e8c6e92e575110ab12ff3aa78ab1813e904f1b8ebe493660d65ec7
trackside-maintenance/0101,trackside-maintenance,train,383966,2363,51780,227891,435746,386329,0.8764165995220368,0.993883451669432,0.8811693050538617,0.0,,0.5760168092450848,,,,,,,,,,,0.8764165995220368,,0.9604651162790697,,,0.9371338250790305,0.7379660638535387,,f18cd13f8be6e6da511d8cc5f6ff2f0e8e5ffa3cdc730d55f0752e075e4be9a7,d70fbf50bcfb39b15a24b90fc58a5a1548d92a3c9a6934b757d381ca30e63faa,669311a276d934c74e956baf21ad09af1eefb99822abaa4d952952d6a4e146b6
trackside-maintenance/0102,trackside-maintenance,train,344091,18017,56742,1081150,400833,362108,0.8215136683777009,0.950244126061838,0.858439799118336,0.0,,0.8826861399713781,0.09106588478785788,,,,0.0,,,0.0,0.0,,0.8215136683777009,,0.8203678236417004,,0.0,0.7081539190398484,0.6873603762492652,0.0,d32849c8bde9dd413c6d0ab82ca84e62323fed3319cfb99825a11f91ac7baef3,2dac0597829fa4f2262f10ef40bfadcec5e8066ba8418a99102ee49d9594cb56,095436f8581255ff663d91aa67b618538d39be79210f6833e2b608aae44d5a61
trackside-maintenance/0103,trackside-maintenance,train,764724,709437,15688,599111,780412,1474161,0.513289601832132,0.5187520223367733,0.9798977975735893,,,0.08033047514747244,,,,,,0.0,,,,,0.513289601832132,,,,,0.8700625200188759,0.3802755336759937,,bcd725f20e45aba176964b9c6318633c2f7a70f7664784eb0dfc98abf0940141,e5199e21c5930fc2d5d9e32f952f30d09cb9eabafaa1f28946192d0c93d80709,25423aac439091b1b5333d9038ab3498351cee0d5eadb83854c87e358127e605
trackside-maintenance/0104,trackside-maintenance,train,127223,1895,8132,285250,135355,129118,0.926943533697632,0.9853235025325671,0.9399209486166008,0.0,,0.0,0.0,,,,0.0,,,,,,0.926943533697632,,0.9934795621686335,,,0.9605103280680437,0.9378923940605242,,8af545cd5a93e866ceeaf9e8b89657bd1753fb543ecfc98e2121144440cb5e5b,44128203bd74b7e69abd931e02769a870f0f033c4b8a9c6b7e41decd53e337ae,ab2ed62d0badf344c6b2735b96b358a0b7b0e09c242b53cf88654f50d8e1647b
trackside-maintenance/0105,trackside-maintenance,train,193591,11172,13960,567709,207551,204763,0.885096674789574,0.9454393616034147,0.9327394230815559,,,0.6994189952966285,0.07080573854998515,,,,0.0,0.9925175818839146,,,,,0.885096674789574,,0.0,,,0.9405777519158127,0.9250057376348344,,d1ad562afeae01ddb70bc66ae877af92f08918967c215ffefec2257c3ad76fa6,5cd1dbead77c080576228588561fe2ea06379f9688fb892b1447d06414f13aef,68c9ec829b670b5f2283379ac27d68b916b95b2bc299abb10f8ffdd4de1b50ff
trackside-vegetation-closeups/0012,trackside-vegetation-closeups,train,0,10821,0,2078139,0,10821,0.0,0.0,,,,0.8047443727779938,0.6958248263082798,,,,0.0,0.7585138104205901,,,,,0.0,,0.9748173835334344,,,0.8533282737010583,0.8384152479117435,0.0,6d411277b073c9f8148657c867b1259110caffbc10996436432e2bbef233e3c7,40d1f706fe9ff7aaec7e0b724531adee57bf3bb126a5da404cc86ed0ebfca460,9662dd93c3674053e966494cf93be3097556ba27b94b3bb3826ee6a4ea6308a5
trackside-vegetation-closeups/0017,trackside-vegetation-closeups,train,0,1112,0,2087848,0,1112,0.0,0.0,,0.0,,0.8141430145610306,0.731344708449509,,,,0.0,0.6376755238712465,0.0,,,,0.0,,0.9738898330709318,,,0.8626092495543156,0.807832991577512,0.0,028a08528e4e767ba7b3c0cf28e85786354503f78c2dd0a447f206796a58013d,a5bb98361d8c5d8e2bd93d102162e9cbf214e4963de765e5d89ec12348a94499,f5d4171109ce9e4ef12a4636e52a1884f2fa1c4d1f3259d14370d8cd92fbf53e
trackside-vegetation-closeups/0018,trackside-vegetation-closeups,train,0,57,0,2088903,0,57,0.0,0.0,,0.0,,0.7273454952734002,0.7698259334484918,,,,,0.5784502657715846,,,,,0.0,,0.9645960224419848,,,0.7439441326031239,0.7588271231045575,,c63ccdb72ee621ea3abddc87464bce0d0d17c15f939a53a7189ff1ec3c846dd0,4c83b0b3a6aa5d6b746cfd84398f59574b1d3de5dbf1d58a5a038057eebf64fe,2e1526abf04568d172be89f81d433ba59464fc3874a8f9fca71967883423b98c
trackside-vegetation-closeups/0019,trackside-vegetation-closeups,train,0,10829,0,2078131,0,10829,0.0,0.0,,0.0,,0.7746427671528509,0.6547601781463022,,,,0.0,0.8055484149589216,,,,,0.0,,0.9196224353115827,,,0.7473415948802293,0.8075927386588732,,0f04b3c645dadb7431f751cf0813b5b34e40f34c8786fd50a006d9a58a70b608,6413c339aebad555f98f05dfecfcdd2819360be120b621b2087ee6bd8ad47ab2,dc021243ad9b526ee057f2ee9824b6cc1add7e35eedf0d8adeff63525ce61d14
trackside-vegetation-closeups/0020,trackside-vegetation-closeups,train,0,8075,0,2080885,0,8075,0.0,0.0,,0.0,,0.8147187282719813,0.39184822188106233,,,,0.0,0.8520752917067828,0.0,,,,0.0,,0.0,,,0.8768057372110453,0.8754219614603899,,1b155b4a115f6ef6baeca7676fd004b92d57f38e06386f5ff1bd7a83f362ec1b,3a7bf8a3979cdfc107d19f7ade7089857f99c13d82793b50b1543f968610e9d5,d2123d818e1e13445a58e96d88cd08e3772ccc500f6cac892bad97d98bfd267d
trackside-vegetation-closeups/0028,trackside-vegetation-closeups,train,0,4579,0,2084381,0,4579,0.0,0.0,,0.0,,0.8413645235382288,0.6119845829011316,,,,0.0,0.7045260889178487,0.0,,,,0.0,0.24412120450511302,0.32181587640561915,,,0.9082964288212275,0.7781924380337041,0.0,4e19459360e08e5f3877234f1a74ad6e98184568c64a7688ff552fb1f571e05c,6e80ec77d7ceb1afb45838b1b1336114098c095ad6dc35891ce5107082906ffb,1a1a77772b336f19ae848681d184fd5f57f3464f4dc84c5bda363956f4e7943b
vegetation-worksite/0262,vegetation-worksite,train,0,0,0,2073600,0,0,,,,,0.9750840960650864,0.7932931308403233,0.057318449767966885,,,0.0,0.0,0.0,0.5106933718068404,,0.35948501307583985,,,0.0,0.9721516101351084,0.9908566393472305,,0.48629020305320886,0.9009473159381751,,54396730a7d632e6ac164891ed59aa4b248397c4bff8ad0524ee051361535740,46c8337d6d7cba2b8dd9fcbb263eb487f40f160d4e1a4d22257c1b1646d1715d,ffa81e9c87ae78268d590c44f3b62dd31b7a2bb5a3082d34185c88359daac8b9
winter-town-cab-view/0185,winter-town-cab-view,train,0,0,0,2073600,0,0,,,,,0.9080468214320697,0.9729009166940579,,0.29475982532751094,,,0.0,0.9373781396949191,0.7138095520265466,,0.7632575350128004,0.0,,0.8814998964159934,0.9363505477457016,0.9867189760120914,,0.7860090521831736,0.9445518653321201,,5886ace53044086e84b2f4b85a962b8fc5d0e5df0f398df5bff81f0cefcdd458,02c16b4cc608d35f80fa4005304b2eb74c5fe0118ed6a9e69a447f8a392ee621,8e0291a62680077862d616862ec431fcd81b3f033589f4f9d122c0f801cc788b
winter-town-cab-view/0186,winter-town-cab-view,train,0,15485,0,2058115,0,15485,0.0,0.0,,,0.8887876025524157,0.6687068255843087,0.0,0.43498349834983496,,0.5913063477460901,0.3231485921764746,0.7796778683634917,0.6835958595859586,,0.640747014832872,,0.0,0.6315264435764806,0.9056226338091765,0.9880361981696406,,0.6758315556608991,0.9215842042981389,,7b53cc55f0bba2e1833ae405668e09335397f1631bd62e9570846377941ee427,08d83649e29f837a10e16cfb3566001c6a2b63ac1223b3dbe22e3520c2558d42,206bdf8c6ae59e1d8f8b45ea49c14cc2db34f0d0569a0dfe2011768a1a4d841c
winter-town-cab-view/0188,winter-town-cab-view,train,0,0,0,2071713,0,0,,,,0.0,0.8715945178004345,0.980345633543452,,0.0,,,0.8329019734713685,0.8357705286839145,0.7271314818411342,,0.6547280202403543,,,0.0,0.9223871478848091,0.9961873216295621,,0.8292599555631516,0.9212250668936999,,93065b17ef536461211968f71d3b394d46cb55404435af01f1702cc875cdc85c,21220ea9d1dcae3c1fb53dbcdcfa8ec5f2d0d48d4fb3c882b2fc13ebf6880d2c,01e47c979ab7a0cd3e440fae955cffc4aae88450d9f6278f40244a14e5c224d2
winter-town-cab-view/0189,winter-town-cab-view,train,0,0,0,2073600,0,0,,,,,0.025059372696748832,0.9555640085759735,,0.45187530052893093,,0.0,0.7537513155916403,0.895064992902274,0.8935620734181885,,0.6563999289225848,0.0,,0.0,0.9767334727165038,0.9962987426611098,,0.7116464556034834,0.9617711668078662,,06118b62db2d8b18889a7d9354ef0877b3f5042e249ab6f22e11ad80c9f3242a,db98ccf750fad56a37d5f1801491eb4450766aa87b85bdebed63fbf39363aab5,7e2f04ce364cef4fa782f173358f905695cca3482b3c4dd79ad5df351dce3f3f
winter-town-cab-view/0190,winter-town-cab-view,train,0,0,0,2073600,0,0,,,,,0.8081720592682189,0.9695118414693088,0.0,0.7363636363636363,,0.3896551724137931,0.8364092078358947,0.8769523292136358,0.8541438683208532,,0.8635620192732738,0.9185185185185185,,0.8357302747568393,0.8461915599663513,0.9824645495889852,,0.8396295330028698,0.9546903481282606,,55cf7c8129b7d290a98190185ebf3f9c9c1bcfda8b3256a472c4c639eff7e307,3723a2fa07fa1e444728f5b97c5e1abb879dd27258f29d287ce29622eb296f01,5442cc5bc8f358dbf1f119178b2bdaa7fe77e08f7caae0bdd1ac1cf15ff3036c
winter-town-cab-view/0191,winter-town-cab-view,train,0,295,0,2056016,0,295,0.0,0.0,,,,0.9396575468233566,0.0,,,0.843077444500932,0.910131071495995,0.22339862361037585,0.7556298878733628,0.831621721462874,0.8409574530619922,0.9467407286391113,0.0,0.00034317089910775565,0.9422010377857667,0.9764203953907019,0.0004284490145672665,0.6312436289500509,0.8427007960259075,,fddfb8962d8961d625bea817fe5552ec2c1d016f4d6cc0fec53b8171c0f10c1d,d2f01638f8e68cfcba5c60ea363c59798551ee7d037ed50a9aa578dd2fb4cb78,d7a76db982c3ab24fd8b146b75f8374e327d367158770997a888450c8bab87f6
winter-town-cab-view/0192,winter-town-cab-view,train,0,0,0,2073600,0,0,,,,0.0,0.8901328431782104,0.9564455797828665,,0.6710953190174571,,,0.8797532850630195,0.8973364669016843,0.8476838868150784,,0.20615942028985507,0.0,,0.822222771604099,0.8157055917680727,0.9908065101227324,,0.7329711320142718,0.9513871881887835,,754211da40dd122ce82a710c71d8d2d60c6a74f3695406c8e58832fa940cea1a,cfb371e8c8bd13f21d3db1d5a4cf7a892f9a2b329deaf4b3848864894800aed3,088ae364f7814021ee110f09bf6999234bd880f096ca0277ad3744b7d264c0b8
winter-town-cab-view/0194,winter-town-cab-view,train,0,4164,0,2061418,0,4164,0.0,0.0,,0.0,,0.0,0.0,,,0.0,0.8171910527671681,0.638544645694312,0.7220338983050848,0.7291526109836729,0.6821464821052942,,0.0,0.4858516621472331,0.9020845929986155,0.9883958029302866,0.0,0.4092709270927093,0.581540560847749,0.0,86bec697fc86a9152f90aa11441db7d66b5f096dac9422d72d66e592861f8801,ea751052eaed16e461703bfba2c8c200e9c8131633cf64766ef9163dd3489c13,b4169fdb4d6d601d46c2f841447f6a3b9aa14d3137da992a6ac2ff0ba54b41e7
winter-town-cab-view/0195,winter-town-cab-view,train,0,329,0,2068235,0,329,0.0,0.0,,0.0,0.9426093550068717,0.0,0.0,0.8595613131164433,0.9094386694386695,0.0,0.7226940008856704,0.5941831139082348,0.8055947785299162,0.4740929639503883,0.6117042871062033,0.8667887388418403,0.0,0.5822463154328308,0.8876095377586766,0.9762123128312561,0.0,0.5507658561974867,0.6374165646134666,,b011832e15f90292721c197db21ac1d902b6875259288cfca2f254319ca7f8a5,0a45ba6ece7b7c7ebb7ae6157bc737c892166881a058b9be199973dab69d56fe,008ee25086f227786640723bcd32235a9d0f44477c379d740a8497ce0f6fa493
winter-town-cab-view/0196,winter-town-cab-view,train,0,0,0,2073600,0,0,,,,0.0,0.9242432408155933,0.9548491099605186,0.0,0.0,,0.7614593077642656,0.7894746678128913,0.7549566788922554,0.8129442392686324,0.7550319096710849,0.4679383392971333,0.8220640569395018,,0.8870001603928391,0.9211332838014633,0.9705082804601963,0.030456852791878174,0.6309564329475834,0.9413183327847761,,6642757595beb9bad0e29bd2abf92ae99ddffef5f2d5a4fe2af3140090621eb3,971c348d7203741a3df3355f28bb6b24e8ba5a9b8d393d99c2d3149c46519a06,b63e06af305d6169978768476e3afc46700995988ce5ed7faa2ca73ba3ea17c6
winter-town-cab-view/0198,winter-town-cab-view,train,0,0,0,2070318,0,0,,,,,,0.9222559174510654,,0.8505120693961896,0.9800283335060986,0.2639056831922612,0.7221869040050858,0.8580783831407656,0.7445889508201928,,0.5082495652542732,0.9428764348413234,,0.7673719668394618,0.5483061728395062,0.9903414930694191,,0.5699259637477662,0.9282732183307196,,cc5f67af19f67c1a6ec338148aac18a59457131b40eefe18cb47d42221300216,0dbb68073d6882c06ad4b479071c7b4b7db0f0406be6f2c0cc90a390d0a77a66,4dfffea886d52697ffaf95ddc792b67b2b5f02754b6aacbba6608da3f12a3ce7
winter-town-cab-view/0199,winter-town-cab-view,train,0,0,0,2073600,0,0,,,,0.8562930494677521,0.6798409728718429,0.9620229229695136,,0.8500906618313689,,0.0,0.7426651735722285,0.71493827831856,0.8940608364601245,,0.6237058486081897,,,0.8036554827939316,0.9240676683666892,0.9868232728597921,,0.7463707532112184,0.9029028733425863,,bf2591468b8c776a8775aaf5f6535f7fa792b9c0ee28c52f9e87b591efe4c9b3,073cab9e51ecddedc95299e84dc6d995120a0ac8b5b993f541211aadeb7f8e1b,fcdbd31bd59027251b36646ed31e3de5a4f30c814ed5564e99af7ba8715b4531
