key,group,split,tp,fp,fn,tn,support,predicted_pixels,iou,precision,recall,iou:person,iou:truck,iou:rail-track,iou:vegetation-overgrowth,iou:car,iou:on-rails,iou:traffic-sign,iou:road,iou:sidewalk,iou:construction,iou:tram-track,iou:pole,iou:traffic-light,iou:mud-pumping,iou:fence,iou:terrain,iou:sky,iou:rail-embedded,iou:rail-raised,iou:trackbed,iou:standing-water,image_sha256,mask_decoded_sha256,prediction_sha256
evening-water-cab-view/0289,evening-water-cab-view,train,0,0,0,2073600,0,0,,,,,,0.9584737678855326,,0.9528890170493458,,0.009358288770053475,0.767785830498447,0.9868904352571974,0.7948148847752172,0.0,0.7947323302491944,0.0,,0.8805089718644801,0.9130065203644769,0.994086339444116,0.5142632818633865,0.6378781105647444,0.8637930771460389,0.5259917920656635,61b19d029c6cc48d744189fd60f15317991db02db7ea86e03c8dd7f235cb5126,736818a0449d28bdb2d8778a1660ca515a3168050b25ed1a01d88dae3bd752a8,73318a97699351a8a933b2d965c22348c6b0cf25f40a2b035af064abf12827b0
evening-water-cab-view/0290,evening-water-cab-view,train,0,81,0,2069597,0,81,0.0,0.0,,,,0.8580027588513146,0.3831269349845201,,,0.6666666666666666,0.8454304468568543,0.975023791035888,0.8352794749943426,0.9434743795750758,0.7959268495428097,,0.0,0.9150323406315936,0.9355462204521896,0.9906153718810643,0.7647167601553351,0.6880088722984122,0.8019757440529744,0.693598233995585,bc87c6029c376bb13438534dc5403cc400260f97f586d1d6581f3e6c7f911c08,13322ec6a2aacce02132ed5e7696c28c5ee8042d56819195ed30830659e51b22,c0f8c5285a40fa2b0b68ce015dcdf4b1f8ee3b40fea540343aa6b10d54624d23
evening-water-cab-view/0291,evening-water-cab-view,train,0,0,0,2073600,0,0,,,,,,0.9305144149236857,,0.48771929824561405,,0.47186221009549795,,,0.9061472900186206,,0.5672898926323584,0.0,,0.4985549132947977,0.9532412592206164,0.9947034755970122,,0.8209323173464814,0.9180894521839321,0.87463400059755,98c179d6033fbdd1ac8781f30103871dbd923fb986a02c3839d44f86da4740de,bb2a9920140cf227658a598969afef5c7ce53e7b98b5a3c4c066546ea5130d17,f01e4deb6b52ae12a3d6b7a40fe5ec395f81bef9acda9c5d6e0c6b79339319d8
evening-water-cab-view/0293,evening-water-cab-view,train,0,0,0,2073600,0,0,,,,,,0.9831654809202625,,,,,,,,,,,,,0.9883371984925163,0.9890853562017561,,0.8715104803082997,0.8986050483962801,0.5209388391118036,6077aba4a4bb99250442da395b3d3240725c2e1e0aef293eb44333393c53dc7c,f911421065662a54b5c3274a87ea67b0c0aab217d8246dfafdb1abfc6d028d20,11d7755f7f70fda8226641d2a524f7c3855b47fd36d9791da1118752d806df66
evening-water-cab-view/0294,evening-water-cab-view,train,0,0,0,2073600,0,0,,,,,,0.9836095629216779,,,,,,,,,,,,,0.9912386029464154,0.992651342026258,,0.8645812710354386,0.9222767954595067,0.8461322081575247,fc99bfd711df81411031982d6c1af485a0d5de1a6bc8031d66c08fe78aaaf437,4658d8f7532c6505af3946da32505699e8955aca2113d5cdeb27eec1d16f2745,1ce5bf8f239d5eb60aeb9d317145c7236921597d07585cc56684c37aa196d1ad
evening-water-cab-view/0296,evening-water-cab-view,train,0,0,0,2073600,0,0,,,,,,0.9839858958348637,,,,,,,,,,,,,0.9874125706889194,0.9900905500734613,,0.8683326748320822,0.9001390381714015,0.7870755925688662,ccabc9bad6992ae81dbcf31b87e948651539d5fb18383056159cb4158d7aa1e0,60379d256d614ea088a2828671715ec0c44a063f5021ec187a15947d9abddccf,25bb27d5595ea11570f6c1a03a52b70e01ed954681f5088a785cd14087ab77de
flooded-road-crossing/0272,flooded-road-crossing,train,0,0,0,2073600,0,0,,,,,,,,0.9654263183834401,,,0.8650535484297603,,0.8770444207877673,,0.3778213935230618,,,,0.963742157375335,0.9896789843306794,,0.0,,0.9475159632456004,1a64c22d40183eaa53211aeb2ab21c5cbf2a328ca7b2d6716a58fff64bb7291d,10ed04abff1db423799ac73be0144d2a9d4c342000410521dac7c27615a1210d,30ff59835dac42e983e4dde1d9f67fb9e0ede675da3bbc1dee5d4d0168020855
flooded-road-crossing/0274,flooded-road-crossing,train,0,0,0,2073600,0,0,,,,,,,,,,,0.9657683299420302,0.0,0.0,,0.0,,,,0.906814933681017,,,,,0.9756905532642095,5eac815d6dcafeaed42ca25116f35fe30e4598159ae3b155d664bf6b7378427a,7172a732328236e294af3f1eef4ebca9041023ad99ef10d8086e8fd60928f87b,7c194fa90037903393aae8fe3963d1231d19c65a9a20b8be59fb1e02a4124ce8
flooded-station-platform/0298,flooded-station-platform,train,0,0,0,2073600,0,0,,,,0.885400205322229,,0.8084041891331398,,,0.9701690879937807,,,0.9599209537869303,0.9611027900841387,,,,,,,,,0.8688987494957644,0.0,0.9019216555801922,f0194c9f5092ef4a9f5211064d986408ef94a7c44752b254cf2a6cb67600d64a,5722f0e4963bd2152bf42d5232dc39a50a7a848f6c12b1004b0789f34038d48b,d9fad78442183c1769b874921834c69deda2ee51277c0ce3ebb02af742eb4adf
flooded-station-platform/0299,flooded-station-platform,train,0,0,0,2073600,0,0,,,,,,0.9132483478668909,,,,,,0.9912476903627346,0.9748816016135972,,,,,,,,,0.932961624312385,,0.961766871634997,2e8151e2e6b02fcc2163c50aa86d9e5e0134c8e81d7ed74c33832a121b91dcaf,6af42e253b81ce9497cf93cd0a68c78ba94d0412ca46ce0bdf9850dfc84f3d38,f0792189998380f4326136cc542f06fd0452001a9c428cff6c8aa741a68378d0
flooded-station-platform/0300,flooded-station-platform,train,0,0,0,2073600,0,0,,,,0.7418960403767105,,0.7745355334834454,,,,,,0.0,0.9832412533629833,,,,,,,,,0.9102395008492765,,0.7755718293011933,aa5009748eb469829d461d7b4e9a1e63aced662acde1baab34479670671c9cfc,75ede15bd1fb51823b565832643d1df6ed5185b2a03eb179228324c3aed39bb0,f2b65db549f5a059bf3e383d63058d4394ce4cba7cba67c829a4bec8010b7603
flooded-station-platform/0301,flooded-station-platform,train,0,0,0,2073600,0,0,,,,,,0.9774656790955928,,,,,,0.0,0.9947911370758267,,,,,,0.0,,,0.9720487341225266,,0.9879539384462852,b6bfd2eb1a154fe26098279bca8d8165e5aa045fad56b687663d941cba56bfda,47d991bcaec17e2c3c48231acaa869c7cfe0fc1945cdd8af78fe916b1e1bd398,7e4bada90529d2dbeced37bcda3063aaaf1b41a445bacb8b3ee34546ff02e63b
flooded-station-platform/0302,flooded-station-platform,train,0,0,0,2073600,0,0,,,,,,0.9772191030052821,,,,,,0.9295697451356536,0.9965443239208808,,,,,,0.0,,,0.9660196446117688,0.0,0.9818678730595829,0758d8245392d38d69bb520d6aa46dd39d38ccdfa9c8011ae15e78d2a3d0dfae,eece741854c6faf5705694b7fe66da45777daa6a2c5a7a957f51d43f01e66a89,2cb55f4304f6c9e90c394b8f7d56c9a7f9f47b260dc8382de60487ed93e00aa8
flooded-station-platform/0303,flooded-station-platform,train,0,0,0,2073600,0,0,,,,0.0,,0.9536448406861178,0.4385577630610743,,0.7391973481709483,0.4498390212491951,,0.9778371587927158,0.8960479817810586,,0.6149703640982218,0.5752319483662768,,0.5531776529707361,0.8805769714991427,0.3195549609182452,,0.8631856829402085,0.8993863539704721,0.9486159905382809,e62cac97ea08c225e113869af1e24539312d59ae8b1ea981d8625c7d8c85968b,9f41da0deb75457d49e7d121daf10240080a8bd5972f436a7e0a7b9717ecb8fb,3da5fee88e6c9595b6e3ee33a464f180fa02fb92909d781ad7beaa454aaadf69
flooded-stone-bridge/0270,flooded-stone-bridge,train,0,0,0,589824,0,0,,,,,,,0.9900761651942664,,,,,,,,,,,,,0.6574889867841409,,0.8750508277664827,0.20656716417910448,0.9565221681033207,d8aff7595858cbf04c9e2b85dc09bc865c9a2ad58b92c41e823fb4a084f4bada,cc93b0303a5e58646273e1c337552e9b819a34fb83f9540d2148d3bcbe375c9e,4acc9e43c583ca5357a8f10faf3f98e721cb98e54591f761dafd872bb5011c93
flooded-stone-bridge/0271,flooded-stone-bridge,train,0,0,0,698368,0,0,,,,,,,,,,,,,0.969124622000058,,0.8194954690178791,0.0,,,0.7825175462583174,0.9595263007704746,,0.7742006453505427,,0.9762372096016475,f5180763e414fb42a131798a9a989ba50a68fa194643d48809aba9a9130498ed,deb97cc444c8d1373bf880da820dc45e4746303470e336a4c48ca969c057ecb6,98b14d008894af2f23539eb48b570d59386fa7ef9b4a47cdf1cd6aad69109ce4
flooded-stone-bridge/0310,flooded-stone-bridge,train,0,0,0,921241,0,0,,,,,,0.4504267566494641,,0.9089852827265685,,0.7742222222222223,0.8341580207501995,,0.9290255913758274,,0.6535252896028985,0.0,,0.8997642468092025,0.9401250073018284,0.9105778685424704,,0.8587034226731717,0.8759079440324183,0.8575285606474614,244d2e5e9d27aab38bd91e338efee542e9ef1b32b81f5b1d04e493988fd9fb15,42ef6482e36a3fc9d3fefaf6ee832e646e4a322238c9ee94517cf29cccb2a2fe,95b0f4b9b965e61f66730dfed1477aa4198861025f0e31271304265e09a7ac24
flooded-stone-bridge/0311,flooded-stone-bridge,train,0,0,0,921600,0,0,,,,,,0.41535698248765157,,0.0,,0.7871287128712872,,,0.9676516855393336,,0.5876754923207387,0.6616541353383458,,0.7009472259810555,0.9170188561033651,0.9163524545155032,,0.7667590214893905,0.7250468290072251,0.9448308120730416,3ec9872d416c77c2223a85177374f753b9fa22546177d378a402366f3a00fac8,6561271ce4c565a4c37ee75a811cabfb1e535cadc0ff4b3b0a20a98020fff530,fd2eed2904de0c50da2a0d3c4f4dbc5a3a2592774bf2c9c2d5b13751a516893c
flooded-trackside-woodland/0306,flooded-trackside-woodland,train,0,0,0,2065299,0,0,,,,,,0.8414677847057981,0.0,,,,,,,,,,,,0.9801176178902019,,,0.9236964076063126,0.9600726279666789,0.9063937879476271,0021b7212f209be14d804f00cbd09a05f058de3d7582bd9ccb3bb068575fac81,8de09c6caae8edb989f229fdf3de804a969a3c4d11baa415faf551b9c1f5cd1a,44ace9de2ba025715b29f93d39679fa62a11c97ce9b35075f5a805414788fae7
flooded-trackside-woodland/0307,flooded-trackside-woodland,train,0,0,0,2073600,0,0,,,,,,,,,,,,,,,,,,0.7867004927550373,0.987047746499068,,,0.9544331218487251,0.0,0.9661572708070042,05638be2766fc4b1131b1244aba691384afbe16930ecba0b0faf7738dcf28e31,8965ae7b242b8b889a19b35409caf90d8ce9f841d962398bb5984a9bf7e3e501,01ef2d5fdd9eb9558b5663a2a0341f9e854ba39d26eb2a2a78cb94dadd0372dd
flooded-trackside-woodland/0308,flooded-trackside-woodland,train,0,0,0,2073600,0,0,,,,,,0.6327364733359284,0.0,,,,,,,,,,,,0.9828083972526549,,,0.9203669946054761,0.8845601873387954,0.8690226402695743,0020a0a56903de99cf38302e93fdee20ec756bd51a40b2edf7884183de063666,0ae12b44425bb812368f8178ac0aef7e325786d592a022eefc8bec3277618389,56a6a716a0d0f1aef4112d00dcca34705a88b3e491bdb6db16f0497f318d3062
flooded-trackside-woodland/0309,flooded-trackside-woodland,train,0,0,0,2073600,0,0,,,,,,,0.6285143902844784,,,,,,,,,,,0.0,0.9863247520454481,,,0.9590700622469908,0.9107103365127378,0.9441484926531898,b0aed51ac2b31233ca1f0b25b0f75d6ad53e8afd209b956cbf317def34ebd785,0da5d8691c2ef3a4af99cd06382ed6b5e9acdc9dcff28e445e132c1371c91740,839b124ad504d6e66d7f3a9da47476c62b3f926494a43c328e01c02729185ed1
green-roadside-cab-view/0174,green-roadside-cab-view,train,0,0,0,2066931,0,0,,,,,,0.9761470239810457,,0.0,,,0.962606035715803,,0.8106508875739645,,0.6647083296561984,,,0.6685097419694576,0.9628476793752024,0.9887826447792893,,0.8412887040338021,0.9386855050909507,,ac8756b81048f48af6d2c3fee710b8b43f34a4e658cde8c09bb9f690902790e5,b77c97dcd4fb55499f6f8e29e571ffe8b252988a1383fbbbc8633d7e7d35146a,17db605c3ec35d78adc16fb32d38aeb034ceb4573d6b02fa03b0c718bdaedab3
green-roadside-cab-view/0200,green-roadside-cab-view,train,0,0,0,2068241,0,0,,,,,,0.8681333669774198,0.46393762183235865,,,0.8117408906882592,0.9405105002737405,,,0.9319140111978986,0.7979444426766793,,,,0.9809761676159865,0.9898010694024316,0.7386210004506535,0.76250389934491,0.0,,647d89550b9094d69144e9eb687405a9b548e981193dfb8682ee2e38bdb37aa6,ec9c895b7bfc0e04c27e3fbfa6d40129a216d6b93b9c0d141f0a7cac2f4cfb82,fb5989260cdcb78beb302311ca88c32ed12ec593418f385db176b17009c3450b
green-roadside-cab-view/0201,green-roadside-cab-view,train,0,0,0,1982777,0,0,,,,,,0.9523713725292964,,,,,0.8886928193294421,,,0.900164744645799,0.8196728657853461,,,,0.9822917157255215,0.990070857070087,0.775089605734767,0.7439542182019568,0.8588227650727651,,cec5a4a2267098df2b64c119ce4e99aacc9014722b05125b92bd8da623cddee4,79b14e0ec0f662a0b7defa39504fefcd6253e1a53dbd690216307f9800fec399,eb103ee43cfd4a41dcfc7926f3bab068d59041a3bce2e9c56771fe99625f0c06
green-roadside-cab-view/0203,green-roadside-cab-view,train,0,0,0,2067934,0,0,,,,,0.9705530080076654,0.9794298087333093,,0.8742544731610338,,0.7336956521739131,0.875831010079348,,0.5903344614772048,,0.5173326913818007,,,0.9399261325092334,0.9801740083812079,0.99147824175491,,0.7387847813742192,0.9244418643688451,,18638926136c9e885bad8a5394a86973d90d5ed5638573e5985654dec64db548,02d5c3cbcfb22b2c4080b9d7ba8d170adf3ed46933f9dc0d14cd85562a56b0ef,b370dfaeb249dbc779f3ca11bcfb77db18972ea48ae489e71e050e4b4ce1cd89
green-roadside-cab-view/0204,green-roadside-cab-view,train,0,0,0,2067934,0,0,,,,,0.9410577151452775,0.9795140934815079,,,,,0.7597858197932054,0.0,0.6301289566236812,,0.0,,,0.9076681683260407,0.9781752427056536,0.9948517922859874,,0.8021540185519517,0.9608167368887537,,cb34ab4d9a1966c9d974500a92359ca204a93a0c8283bcc59a5f16456005f1dc,394bb5dc28c3d0b30d2087556ad26a909667e7937eb766dc4284b1cb12445c2d,ccc8f59c336538597a5cd5585bd5746a77c81bc24c699d379cbf01a53e79dd90
green-roadside-cab-view/0205,green-roadside-cab-view,train,0,0,0,2067934,0,0,,,,,0.9382171695707607,0.9766637066443794,,,,0.14393939393939395,0.8671810605366792,,0.35326913329954385,,0.38895875251509054,,,,0.986616464381496,0.9912370669347254,,0.7482195979446498,0.9589247940798379,,84c3ad934ba556452a390cf9a7615f786d7bada1f0ce3bec466c1ccd2a89b441,95e37b185a66109b9fa6014f770ed4e160ff0b041a57284a73413e84b110572c,bcb742995ff388c2ddb38aee2cc90ee993c5a41123894b9e9b10d30892443d90
green-roadside-cab-view/0206,green-roadside-cab-view,train,0,0,0,2073600,0,0,,,,,0.950040739789939,0.9777056277056277,,0.3194805194805195,,0.0,0.9234852843789693,,0.8277393879565647,,0.8436739775883536,,,0.7915412836473061,0.9821099585358539,0.9873752379798867,,0.7528755364806867,0.9566794988283679,,326099a1d7068b475af019e6dcf936e26aa1a539954a3f0fa5df1a5ff8428999,5e5fc2a4b032976fc815abe170cc8547f7fe1cada392142df6cda57eff6e1c5a,f3e26bfbdffa4cc63b6353a0195f133dbb9327b87834a8eb860a44ce596899ea
green-roadside-cab-view/0207,green-roadside-cab-view,train,0,0,0,2067934,0,0,,,,,0.9574910440122825,0.9838747040049418,,0.29069767441860467,,0.6839344262295082,0.8525738021065123,,0.8030933967876264,,0.8179047619047619,,,0.8194759312749577,0.9746012065505223,0.9924359081072083,,0.7879073756432247,0.9415823684464747,,0a69c574d773bd2b02269bec42203fa65c198e4f1f50743335704b45db4b879d,0eddcd0c9c23c948c80539aa5593c3fbc7649e64694a60c1e458201173d047ca,6f7162d2338e62d7ef208d6e79f6d4fc3792b97f4e5738319eda30e455bb9547
green-roadside-cab-view/0208,green-roadside-cab-view,train,0,0,0,2067934,0,0,,,,,0.8852097130242825,0.9787728292214034,,0.0,,,0.005345551737304314,,0.0,,0.8085421412300683,,,,0.9912781177127497,0.9902233530245539,,0.7932281165264549,0.9688775476122085,,3b8efe8aa3a6e136add1665ab904a06b78b874796e0c18912f3ee9f3ff74d366,f449b48b1e1888c6196e82bb26e0b4f7d76a050cbbdb529983c5bd83577aa7c1,3bc3580f989fe921ed160b1341b6bc8ba3313e988bdb560a194baf9d1c801d57
green-roadside-cab-view/0209,green-roadside-cab-view,train,0,0,0,2067934,0,0,,,,,,0.8957126892207661,,,0.9688050560698006,0.8857574232511324,,,,,0.7960316644391899,0.8841463414634146,,0.8859086536259105,0.9672650947877317,0.9852251333825428,,0.6932799013563502,0.9350843084748665,,ee956750d1fd8c7676cd76b8db71bf93b9cbcedf8b4aaf4e538041ef501ade04,9215974802ff1c3a3f4ba3b5a8c526785e3e134127875b97fb97ab0f1013f765,39b23defaecd777983a43a9a7a154b71342d71e442d6e8e6bc2a66c2bdbbebbb
green-roadside-cab-view/0211,green-roadside-cab-view,train,0,0,0,2073600,0,0,,,,,0.8577182173423153,0.8706044700722013,0.7129337539432177,0.5724141929499073,,0.8044538511088617,0.9250934064884889,0.6288023149128379,0.7644002939611262,0.9169494677141927,0.7741978970072796,0.6217035465292513,,0.84319232270821,0.9018795065260399,0.9884920867152553,0.8373308446103593,0.6795342159834105,0.9120289883382494,,41f0cad9cf8e4e11e5a870a293f740a7bce70a66b0bf5b0e86c9dd1fa6396f5c,bac45ffaf5fd576f297c552e8ea5f461765b12c5c76eae223bb8742621fb0cb5,2f81d0f86fa63d99de6d5ffe5b54a67fff9a188ba5b4e68b6ae8c9f8bc928b30
green-roadside-cab-view/0212,green-roadside-cab-view,train,0,0,0,2053761,0,0,,,,0.7697594501718213,0.1365452677246261,0.9403041364169012,0.382183908045977,0.8117247835244559,,0.8862049227246709,0.8905969274521296,0.7939043381535039,0.8317588945022957,0.8519758874748827,0.7136843194042201,0.8079090095308304,,0.8635752145081168,0.8345054913828623,0.9872360807438327,0.506320907617504,0.7804596080642887,0.9155515208571493,,19490f9f31865422ef3257bbecd836b58a75e1200af558b47627240cfc9e49e9,586eda51ce95b9ec0c0e71fcb2377dc00b0f62e5a969c354b927925e1f153106,64b9cd24e0e4075c847288fb4a0e24d9f83f2163aff2e70c13addc972d386aeb
green-water-cab-view/0263,green-water-cab-view,train,0,0,0,2073600,0,0,,,,,,0.9306379227440295,0.7929060105117891,,,0.5482866043613707,0.9256225319017003,,0.8809225274516509,,0.6947841277763913,,,0.01606805293005671,0.9775137807978479,0.9962955992250208,,0.814700335289187,0.8947389362485204,0.8431187018025263,d38268ad352c084c45d9c129d86eed80ec34068717620fc1685f07a6cefd1468,82d378a75617dcc00963a8461696510c838eaa15eae06a60adbfb38dac5fc22e,b5cd529a07109da02dbd4d80a7ba880db7cf118b4a2c46a0f795feaf0bbc7395
green-water-cab-view/0264,green-water-cab-view,train,0,0,0,2073600,0,0,,,,,,0.9482428115015974,,,,,,,0.6962300628322862,,0.9573912681406603,,,0.6308950546510739,0.9715450611247396,0.9828863744040429,,0.6770744557217014,0.9383749504558065,0.8126281262812628,7ac26e3576a11b28c401290cbed89e663ce03d2ae23dcbd062e1ece5d3ba81a1,02043cebe3ca604a9e183ed93d8ba19b67cc40728745e1bc464f5679decd5bfa,b88370dd89333fc242a4d4f91b5d1b9704d8d7adce684af425466ed709e739bb
green-water-cab-view/0266,green-water-cab-view,train,0,0,0,2073600,0,0,,,,,,0.9605781315458735,0.7054238032498902,,,,,0.0,,,,,,,0.9874379165744158,0.9139597104186339,,0.8878992238198244,0.8526260319690848,0.8477128498587726,1b57cba93cf3601d156721ce3f759bba69f41268fe5b975191c86fbff322be98,705e31e2edbf1c6b10421dbad0215010633600952f721fe64f10d5852d401b2f,5fe037422f15ce20110c2c20aa88e828715f9de9104e063ff0c41690fd6c06a7
miscellaneous-flood-stills/0275,miscellaneous-flood-stills,train,0,0,0,249696,0,0,,,,,,0.7103602216748769,0.29571810883140054,0.05172413793103448,0.9677825615792403,,,,0.8308074828321099,,0.0,,,,0.9034017971758665,0.9855607386746177,,0.6009140184929322,0.7316813570597039,0.7573253493013972,61c2965c3c11954382ff9e9e06c34ffa4996a9a48b46aa7f5490049b85765bca,03276c63c9cd09da59f8409c41b9a381d944818e83aef5664981f7567f9a3c45,ebb48fa0b03b129815c4f47d1e58f5ee207fe55e11800ed9110f97af28929abc
miscellaneous-flood-stills/0276,miscellaneous-flood-stills,train,0,0,0,920880,0,0,,,,0.8838500067686477,,,,,,,,,0.0,,,,,,0.9649596722570734,0.9845203570486988,,0.8893403806788671,,0.968756558102872,85d7d06fc795f58f6e51ed5e91c5d5d8ab1f41194ab44f3471da41bdadf45973,3a0cbbff7cd33ff9ac48f3908c9fd4d2bc5716978ff64051e9719dd6e833b22b,f52f56053234d22e797e5d406794bc48027210697724bcc3742ab2c1daa3278e
miscellaneous-flood-stills/0313,miscellaneous-flood-stills,train,0,0,0,2073600,0,0,,,,,,0.9283978687387956,0.6126931567328918,,0.9785686601943606,,,,,,,,,,0.34365456353513074,,,0.9440969638463755,0.8500332566296368,0.9025420934958132,74272d0a74c881e4e18e9bf6000c065a51519bf7c05acb3c8e912f075c3b5ddf,f1ae22903da80e5f5b78fafd97ac79433e9f7660531a8540fb329a6830166ff3,9d2a3ab3689c14095ff6e5e1a2ce33c3206b531f19a443bdeef823aad373e9cd
miscellaneous-mud-cab-view/0173,miscellaneous-mud-cab-view,train,36969,5816,9115,2021700,46084,42785,0.7123121387283237,0.8640645085894589,0.8022090096345803,0.0,,0.8916019200260342,0.7718708748349934,,,0.2380036783146631,,0.9371920015163002,0.0,,0.7678721614802355,,0.7123121387283237,,0.9666178676104463,0.9957790248548678,,0.6861610416377654,0.8401798925317343,,f0ca7b2f878f2a5e167e558097ca517d126cb474aa25f5b0ec0fc4d6b1e57432,32a73b79a5806d70cd7a9d80baf0d39b1f4393bcf4a3701fe9f1134962c8bece,dbcf79fdefd02d3eae073077eb62b73ce9834b0d1d1b74ae9bf50024e6a8bd31
miscellaneous-numbered-cab-views/0013,miscellaneous-numbered-cab-views,train,0,0,0,2088960,0,0,,,,,,0.9795622081585247,,,,,,,0.49819994461368045,,,,,,0.9727492250448084,0.9777911814287261,,0.855757031084796,0.9007746983023113,,cdc7c624979074f91663aae6c612b6f6c370af9ca88a91ba076c2bad37e6c319,0eaafc1f7d1f70cd68db2eb5151301233ef3f3cd718d66571eee6a4299eedf30,8f66988338f1a0fb498776619facbd75ade0237897e524daeb34e482c19b0a3c
miscellaneous-numbered-cab-views/0014,miscellaneous-numbered-cab-views,train,0,0,0,2088960,0,0,,,,0.0,,0.9561376510809619,0.601985426310807,,,,,,0.9507171804385535,,0.47592067988668557,,,,0.9477255638185884,0.9552292912814936,,0.83493867591344,0.8643790603379407,,00a59e617c6d81492253ece8ef06493164bef224314ee99156bc01663f8ccd38,f8150f0c2a2628f28b20b603a30b8b3829dc4ddd821458cd917236a0fc08b586,38776494d08966d8bb7d1f2eb94e726579d1e76f1c285fe5bb450b499bce2369
miscellaneous-numbered-cab-views/0022,miscellaneous-numbered-cab-views,train,0,0,0,1932681,0,0,,,,0.0,,0.9516901621949371,,,,,,,,,0.0,,,,0.9868738001513399,0.9856907033221695,,0.6534709861160556,0.9348462914076471,,34431340589d77bf879a5d44b35f1ba4ee67944d06302e41751f49b52c7cd6bd,6f977a50f3c53a6cac0d8cbaf6af2c29627331c93869e55273dc1bb80023aff6,128478160b637ad38769c63991a3297457f7839a019b923ed8fa01675d270926
miscellaneous-numbered-cab-views/0023,miscellaneous-numbered-cab-views,train,0,0,0,2088960,0,0,,,,0.0,,0.9459653643188068,0.7143723778568191,,,,,,0.9530236160768543,,0.28144458281444584,,,,0.9564353661910039,0.9542239423461898,,0.8335872389999104,0.8296184939176855,,4dbdaa16ac641963e653bf5fa8dce1b9b05b89b3a3d10f8da2e3c9c38deeee7e,d15d0fb83fc7bb953dbf81e78bb9d83c848fc8a15e918257ce7bdc09120426ae,d73748c79c6129f044da024e6d1c9bff3d646ff1c484722a1c2eed1306636171
miscellaneous-numbered-cab-views/0024,miscellaneous-numbered-cab-views,train,0,0,0,2088960,0,0,,,,0.0,,0.0,0.5846993838421207,,,,,0.8856969298134603,0.6557965809510128,,,,,0.4239737274220033,0.9945261659674355,0.9968198088134431,,0.6790844514601421,0.7431255360205832,,35db7be7064f509351e3627b33430eabc718080e493e83ad1551491d62e1f113,d8556356afb32734b38fc45466c904ce057dc08037ba8cc650edaf124dd1d86d,b7905dbb4c86a265287c15fd9ea085f51c124164bd5cfe19b3a5dda1091d5d6b
miscellaneous-numbered-cab-views/0031,miscellaneous-numbered-cab-views,train,0,0,0,2088960,0,0,,,,0.0,,0.6947893713545042,0.6852724411022559,,,,,,,,0.6060016906170752,,,,0.9825351223565636,0.9873789649415693,,0.8388327293534236,0.7564402185986582,,582a1052402234b092c9e8f0eb985ba78c3b1068c2ae8c12c805aadd11584b0a,7f02b5df890d74feb99bae4ac2f419b3e48fed2208d8047fd2d8b9a7d2f2cd7b,58f98e7b54fcabab3992c5593a8a5f5f30db4c0a7434dd822ee6172487970ad4
miscellaneous-numbered-cab-views/0044,miscellaneous-numbered-cab-views,train,0,0,0,2073600,0,0,,,,0.0,,0.9556451612903226,0.9189444358458443,,,,0.0,,0.9324952751397853,,0.6796780986762936,0.7554918815663801,,,0.9635132080990175,0.9960139853291156,,0.8948049685111891,0.869217655252708,,bb02fd705ac7b08fb3ae7c618b46f5a9da4ef32b590259233156f5fee831aacb,88341a86688a995a11401395977a1f70d09fcb7f5e90b34db64d6900ee238b02,c1fec1d39d084c5cb0c1497effce1902c40eae34f7a44b0b6abf05d78221bac9
miscellaneous-numbered-cab-views/0046,miscellaneous-numbered-cab-views,train,37194,5255,1237,2029914,38431,42449,0.8513940392803186,0.8762043864401988,0.9678124430798054,,,0.9556365901927728,0.23899040357565401,,,,,,0.0,,0.5837483617300131,,0.8513940392803186,,0.986459926308335,0.9858339826091305,,0.9096904257500171,0.9495492325959805,,a1bc04fa20bd623f99bbac759e22dbd90554263ca7b217cee49ddc9fedd59da2,3d2b997eec63c459421626f6856cc0913505f918106b37c1868681f35c7e3799,068c4bca951d37b8bbf293bb8216c7c4b16546b7a67cc21cc7c74ef0838ddb3e
miscellaneous-numbered-cab-views/0047,miscellaneous-numbered-cab-views,train,0,0,0,2073600,0,0,,,,,,0.7647894623963397,0.3845979664536791,,,0.0,,0.8734018320584375,0.0025647003963627886,,0.10218044738196855,,,0.4101679450258048,,5.602512348240054e-05,,0.3984559602379206,0.11102113848745862,,b74e6210f53416c45a93c3fb1a022de2cc33ed02723512634c739624b649276d,e7ddacfbff98ee0b1860229ca3eddde6d4869988720c162c8ddf46c159778cb8,2f1b1a6a80d53eefa8f1c1c1efaef2d7e0fc43ffe9bc2aa5c147144d116f0067
miscellaneous-numbered-cab-views/0050,miscellaneous-numbered-cab-views,train,0,0,0,8211774,0,0,,,,0.6620090634441088,0.0002794076557697681,0.9699305778298843,0.7025109601225218,0.8748595505617978,0.8657140478437032,0.8674157303370786,0.7262312946867607,0.9792074094214174,0.8838201495101233,,0.7717904226800338,0.44483430799220275,,0.634583936392173,0.913097366225718,0.899681885184023,,0.9144075278310114,0.8729902852223609,,33fc6fbed915cff715396fc229a8e0da423ed1d84e76cec2dcc2a28d124be983,d7ea88db43428e6a079bd74c9f89f6882e170699de87112e056241c2de64cecf,31d34b989aec06e1e31073511759b8ef622c89570256ebce7ab669660eb1bb01
miscellaneous-numbered-cab-views/0054,miscellaneous-numbered-cab-views,train,0,0,0,8175947,0,0,,,,0.0,,0.9355784616972869,0.7751125492402926,,,,,0.6769991367809778,0.9105195767908889,,0.8620625172529452,0.7966057441253264,,,0.9840826857643978,0.9797546201207711,,0.8383324998369246,0.9492168124265762,,ac828e814ea477c826e95def13cde08680d0a05dbe64cde8303472779d31fce8,f84064519f157a788221b468dae3b21eede54efb2623226da7f5f33407490909,a97fe14176e89f77c46f8b057742104c9c67a2f4a63ccbb553f230d9320fccac
new-unmatched-2026/0176,new-unmatched-2026,train,0,0,0,2073600,0,0,,,,0.6640741848638947,,0.9653561090847731,,,0.9842524793019842,0.5247148288973384,,,0.6670216542421016,,0.6146788990825688,0.0,,,0.9629492039423806,0.9902741005176131,,0.8743793177892919,0.9187972693104242,,fdfba692303712b2119a1d725763d74b54fa20defdb3415916105955f503bd9b,a4a945408fb28a872aeb1b860b8b94abdd259836428f6aee085d01ae61280ccc,2cf4f378cd4ea30d323d2ead6afe0de6fb1546c4384b65a1167a03a47df32113
new-unmatched-2026/0177,new-unmatched-2026,train,0,0,0,2073600,0,0,,,,0.7413023453553461,,0.9612235381889397,,,,0.0,0.8595227622608314,,0.0028169014084507044,,0.042113388798353205,,,,0.9872706237880167,0.9937251125428962,,0.7655872745348672,0.9479931719700617,,92fdd6e752f0a8493a8a0114320f0d3adb209985cc28a17efef842ce5c887b26,d635d6076eddbb99e91c6f5abab40f42ee0cb1e7f16f8b435011ab79c2c306e8,6245b1ab2bdd69998d3ec3a407269cd6e4f76114256ccb5266e684639a24e28b
overcast-mountain-stations/0214,overcast-mountain-stations,train,0,0,0,2063146,0,0,,,,,,0.8998160487266484,0.7511709601873536,,0.8375501481765216,0.6219944816712653,0.8810334566835061,0.2027491408934708,0.7105917323197117,0.9081326669695593,0.8075470285291156,0.9332029977191267,,0.39828693790149894,0.7046035317899233,0.9643771536663535,0.7044090972512906,0.6361358474240184,0.694698816411642,,fcf5289b197c7f0a48d5f375c13e6c090599b238c68ce299010e0babb86cb7e7,74c09644d3b234cb7e5ae04360d0c4dae6b6442f72a289f3d7e00b434c6a276e,80bc7d1c6ab1d0c5f9c351eb99a66617ba12ddeb0ce913c506b9eb27e5488908
overcast-mountain-stations/0215,overcast-mountain-stations,train,0,0,0,2072972,0,0,,,,,0.8622373169178519,0.958411317491255,,0.2668463611859838,0.9562502892819122,,0.0,0.31905503634475596,0.8392984157775623,,0.7515825841866597,,,0.8934334447955333,0.9099152751584932,0.9838109052306182,,0.8042775112661724,0.9240771287523746,,a4ea3527469f92f7e01c82dbad4e004af29e5a534ebe1ed94e96185736126eff,173b1546ec227c4a29c4d3625922c07d126a8b47dc212fca972e07638a79ab0b,d56d231dd8bf2cbae5882c24e3b4e916139e696f0ef3f5f9332054235e901dda
overcast-mountain-stations/0216,overcast-mountain-stations,train,0,0,0,2068246,0,0,,,,,0.6572233173753872,0.9523345636156579,0.7572059205401195,,0.8766148304644478,0.8818560772268539,0.9409302088119671,0.7956190103657343,0.8079963153359284,,0.8127748822212831,,,,0.9887905086289692,0.9840574902805906,,0.8479430359036113,0.9572625937411526,,39f23d5418cbc5c465dddc13feda5ebb78e7eb06be8eacb3a5acb0256a95f409,582cea7ba18778754c9af1fb978db6ca3615699fa9add68d1b3f193026791d18,c65c5a5345621badefaa9a894b90031e17522375b34ec56cc55f0d226f875c42
overcast-mountain-stations/0217,overcast-mountain-stations,train,0,0,0,2073600,0,0,,,,0.4461925739458779,0.6761155673234172,0.9766986188216762,,0.6001857201815931,,0.43378119001919385,0.0,0.9368618714856377,0.7449113507115103,,0.8065560028461981,0.8479338842975207,,0.8767403881859236,0.9323486034590865,0.9729784660532995,,0.8345252104643794,0.9432413365542895,,014ccb7933ce4cc405469bff1fb36825df54553c505c185a5c2b9ca46750aa01,ca4552b9772cd24b48a8ad4113a2d2044d6cd2c90ed3fa87f128fad6f25b5fcf,5a5f9dec319e4b751292d38735871f13a7a19e611c798252095a68535fd0af98
overcast-mountain-stations/0218,overcast-mountain-stations,train,0,0,0,2072180,0,0,,,,,0.9447527937870862,0.9879771070943303,,0.44554455445544555,,,0.8427082614397129,0.8660818713450292,0.923907177549919,,0.9101942462573571,,,0.8585338978854058,0.9690611095576585,0.9708632636644604,,0.8947303007705693,0.962651440186141,,7d192a396ef667bb5f346b4419b19250547fc8d398f9ad1541087e3b71df732f,90e80f52de853dc11f80453389a3ecb34f1f22cb5b5d50d82f0e9a9b69360854,a8eeda3e7e2c6e0c7cc6070473e0fd05c14161f42e55657d3af022de9600309a
overcast-mountain-stations/0219,overcast-mountain-stations,train,0,0,0,2067917,0,0,,,,,,0.9446121663061307,,,,0.7918762809763369,0.9565059294669782,0.8087160195897509,0.9665111369660914,0.954028757861171,0.7375923347414627,0.9206566804868263,,0.7386359291967733,0.9611256581188016,0.997124946617046,0.8100484261501211,0.7258664108406284,0.9089731994097205,,217eb3ce4240bbab2cd912c73d871881db741d3f99a15000d1343139afbeb72c,d217dddc00d910958978c3b8564634dc39934156e8f5a5909546434d3ef106a2,4e5c73d82a1e334e22e484e37a705ce1c7b00f5d3918e36d1dd74ec0d5fd101d
overcast-mountain-stations/0220,overcast-mountain-stations,train,0,0,0,1926737,0,0,,,,,,0.9762577214019093,,0.3793793793793794,0.9717604626327349,0.780564263322884,0.8125926258588944,0.5869422572178478,0.8371510760707437,0.0,0.8339044366300037,0.8798122065727699,,0.3570993296770262,0.9726839025005714,0.9930521425022493,0.49734513274336284,0.8923676129128905,0.9510688374802903,,b998518e2d97c634c8c2c846bf7f07e5ad02688387f15d657cc9646d080b722f,5fd56feefb695330a155944520011a8468c6cfecbb0f8823735f7759291e46a5,4f679a803b5d6fa3f735e685dc0fbf858bfa9be99624e7cf061c581f49307f67
overcast-mountain-stations/0232,overcast-mountain-stations,train,0,0,0,2051970,0,0,,,,0.0,,0.9808264218556625,,,,0.817748659916617,0.8487244533763824,0.0,0.8387569539989232,0.8569211669770329,0.7106363214119833,0.9522515933549264,,0.8568080092759983,0.973600785280753,0.9832313542310068,0.7226107226107226,0.9157000585823082,0.9577203354874192,,77b17d1922889f7c1d3d5c9eb9eb7abb5f53399f38433a493e4e0d9f6d369bd5,9163d80ccf7bc87211d84eefed8081de6f20c1a73578962ba1efeb4df4582c35,eb428e76d23400d136a0de9097cba6e3b512f4262e08e5fba55d14e193246461
overcast-mountain-stations/0234,overcast-mountain-stations,train,0,0,0,2073600,0,0,,,,,,0.977114603567014,,,,0.7955555555555556,0.8753384296862557,0.0,0.5073616517177187,,0.8629622354269999,0.729978354978355,,0.6674321166706954,0.9818335070535422,0.995721721413223,,0.8773084765511214,0.9419338767058237,,709cbea54e2cf9800bbf3d0c032a4ecbdd34ac081630e119aea5e897a39808a8,5e14ed6bb456482f44ea9456ba84efbc491c809bf6bf91f148be3dc8bbc3f496,a389dfb31ff1c26173fd9137ca85fcdee507d0378fdc40477872bd8a4dbfb218
overcast-mountain-stations/0235,overcast-mountain-stations,train,0,0,0,2071433,0,0,,,,,,0.8623607098638052,,0.6221374045801527,,0.6875,0.9477638338034077,,0.9294035556094897,0.9381529460927706,0.8556613618575528,0.0,,0.7680353031465849,0.9577056707212609,0.9868806957123425,0.8111919318131108,0.7612117707530198,0.9313179770754751,,468c69f20ee4665d35f34a795d6f47eaaff96dedee7864164a769f063403427d,a6f6323515aac89998837b46a7e676cd3a75633f3314472a74cd0ad6d91d0636,312e8441f4fd90adf622f5db6679f00229022afdc37519314f42db7e4ea3663a
overcast-mountain-stations/0236,overcast-mountain-stations,train,0,0,0,2064486,0,0,,,,0.7932213930348259,,0.9558999471355833,,,,0.07133891213389121,0.9163217300203601,0.875478135469518,0.9641181356765631,0.931689551651164,0.7922067152606745,,,0.8347222120784978,0.9308365445548006,0.98791209964033,0.9112337759212293,0.8610088207587565,0.9432744565217391,,7d0f48496493980d7a6b226310064c37f280f0d3d8723af88c69108db233c6e9,d086edbab9f13659cd6f7730e857ea9050a4c2dfdbcbf346fa89dbbbaa3fa819,d02ad05f2588a4ccb1937e9dfb13b15b14937cb6770ad4e46e26021d9171a9ba
overcast-mountain-stations/0238,overcast-mountain-stations,train,0,0,0,2073600,0,0,,,,,,0.8359202896715874,,,0.9689157490962276,0.0,0.8383301707779887,0.8680962800875274,0.5484524764599079,,0.7432768629309323,0.35664335664335667,,0.8195284902933292,0.9757959973718324,0.9916730564148665,,0.7129547471162379,0.8810883903192869,,38d3daf79fb1b3f1c4c8c5bf74635d5954f16b3c5be5297e9e5ac9b077259d42,994f9713200099d24deb58946cee11612e19cad501de11ba1cedfdea65a792f0,5e9ea9089c0cad9d4524aefe113f296b5c53252ed1a28ff8d256d7851e57a47f
overcast-mountain-stations/0239,overcast-mountain-stations,train,0,0,0,2037585,0,0,,,,0.8263206672845227,,0.9648018733306502,,,0.9808950001773047,0.6638795986622074,,0.962972791281888,0.8859864675777731,,0.8280514721192688,,,0.7496236526765822,0.8231022048740849,0.9838423838554594,,0.7375432753407248,0.8781323780093162,,a48c958611d90e4471af958912e453f589b8b5533315c5d59ce81b77a46a7bfc,0821e76096f2d948662c34edd7251a3a702f4f86b5f0639ad4ebfa76dde65c39,86e0c2a2ce3e0f52dc096dca5e67a2785ec947af37d3ea085bdf23bc5980c94c
overcast-mountain-stations/0240,overcast-mountain-stations,train,0,0,0,2073600,0,0,,,,,,0.9741459685239054,0.0,,0.9521055142355314,0.7230376515634971,,0.0,0.9137416728645346,,0.8546319545394476,0.0,,0.3163860103626943,0.9751263606278128,0.9496334822911934,,0.8614965511688452,0.9485548862324042,,8b51f499144ba83986ae26ea615d1f3e8da062613143bac5e635ab5684f8c914,ec5ef1101a8496a4fe3e89c27333150b42b83b04442fe8619c079705af93439d,9b0c9cbc2cb726c821d0dd5389a940f7562c4cd0c41c0a8cff2f7fa874d97d00
overcast-mountain-stations/0241,overcast-mountain-stations,train,0,0,0,2054723,0,0,,,,,,0.9679721301342923,,0.0,,0.881498224087827,,0.24177396280400573,,,0.7904366944181055,0.8114897081055936,,0.9056689111282401,0.9567672074015683,0.9809573996853472,,0.9120897486786304,0.9768373447118697,,3625a2c4d4e9f8f3e0165e6dd90494d2791acd79e6142389e4a17e9e72601af3,7c47a95e5eb2184cb565bf52f191447540f2a51c89392876cc5789825633a0c4,b7dd9ff10bd6edb6b5b1e8f3a220059801b27582b2af834e740d2d321e19af33
overcast-mountain-stations/0242,overcast-mountain-stations,train,0,0,0,2064725,0,0,,,,,,0.9798827380054816,,,0.9449710356489401,,,,0.3969610636277303,,0.6822792528130369,,,,0.976991455611326,0.9887538779731128,,0.9127226141715234,0.945304060391614,,ded050ca71f820d730759226ffc1d2274e07ef4601f63b34c13120c7ef05161e,e5621dbb9f82929eaa32be89ffc6c20a8853dacd37119cbd4d35a1dfa0d0688f,1b83f551366de78758eae3b2dcf9d4cecd2e7abba1d2eeeb66364730d168790e
overcast-mountain-stations/0312,overcast-mountain-stations,train,0,0,0,2073600,0,0,,,,,,0.9490783672539737,0.0,,0.0,,,0.8354696559721685,0.7835021054104596,,0.8538492213621817,,,0.0,0.8253145853653826,0.938668579639486,,0.862263827844055,0.9428474448005698,,5443a27572d1805ca781a25437ef08d1d27ac70239d96cb52f50717ff14822c3,cd7524fe86855d1bbc00c5f9437a737976a1453fe208f62409b95b11be6f50d7,d570e2f2360ccf8ff37e076ea87394bf2f6b2744047f5e0b3c60d285e1a15c0b
rain-water-cab-view-with-overlay/0268,rain-water-cab-view-with-overlay,train,0,0,0,2030117,0,0,,,,0.0,0.8680579072130037,0.7911918189689467,0.7058097263186776,0.4391891891891892,,0.0,0.7752151406244848,,0.9863343535927708,,0.0,,,0.0,0.9602205541965775,0.7942887053623356,,0.638671875,0.8357737811024457,0.17173524150268335,7a53e1b4c0a64e0b30e58ab9db89fcf98ce95254700008d25f5394d06f97a292,8345e900712013c77bfef80c596bd05cc01ed30bfed35402897f0715e4d1e924,72043a387a39030e66c1e4d533735243e6f9c7c4d8fe5c15055fa1c481767ece
rain-water-cab-view-with-overlay/0278,rain-water-cab-view-with-overlay,train,0,0,0,2039943,0,0,,,,,,0.7276961567124455,0.9237356787408865,,,,,,,,0.5872641509433962,0.0,,,0.9944863360952465,0.9686372677927244,,0.8551836513001562,0.0,0.5782510349536938,ae02105bf482e4b7269f687a6bf9420a5d1fcf5bf84ca910a716df519b4a66f1,4c17fa98de07fb697cc8d6a82fe1574df38c19697060477017734daad0d5a10a,66c2cf11dcb8437cbe835c9922ff91c059f7a159ebcd9aed044c530e92ae9fb9
rain-water-cab-view-with-overlay/0280,rain-water-cab-view-with-overlay,train,0,0,0,2054610,0,0,,,,,,0.6535693444855086,0.7660956514998837,,,,,,,,,,,,0.9861441845263109,0.9474439659931545,,0.7613008130081301,0.872268701541479,0.1874119813671325,70a05bd99cfd467ea3e055a00e478d6e1b45acfa4adb761b94f8e266417d1ae9,4098d2b5e733662dc773d0653b36d9e745e3c5c162f30a4ce5212b86cdacf470,63c4ff6f4bb590901847889545580918e8840536ca078be9e2554910941586ba
rain-water-cab-view-with-overlay/0281,rain-water-cab-view-with-overlay,train,0,0,0,2053892,0,0,,,,,,0.7785552358531694,0.720880583083431,,,,,,,,0.0,,,,0.9888106750603101,0.9606009303242986,,0.7440350877192983,0.7933488771628421,0.49509490296438474,a7da1f692dfad6e78cfde641dada58c6873c4539cb40843c04d9e3238e0235ac,180a4cd9f231f57b5bfe3c1b915a80b182b3c9c945ffae2b6a73052ffa34542e,62ae11d2847ac03c3abd71e2f2b970566a12bfd4042d230f49c1a58ab09895e0
rain-water-cab-view-with-overlay/0282,rain-water-cab-view-with-overlay,train,0,0,0,2054107,0,0,,,,,,0.7655798115495849,0.8110261490804566,,,,,,,,0.0,,,,0.9942387635641482,0.9410588911375959,,0.7146670225543841,0.9245702023604562,0.6145138694312132,f9741378f2d70f2bd7e5236fc50ad4936840f4c1561be37a810e2aba8983efab,4f089a368ddf3f66fa942730ecda1b8c4dba2186bdbe0e20b7f5508c59e7cbdb,1262c77cedc420227399ec9ad3a948510405463752b0c4a88c030ba48304573a
rain-water-cab-view-with-overlay/0283,rain-water-cab-view-with-overlay,train,0,0,0,2054399,0,0,,,,,,0.5585199610516066,0.8607531335297872,,,,,,,,,,,,0.9940236874295665,0.9842877501163332,,0.7461208319577418,0.036211699164345405,0.25749741468459153,50f5c438789710cc8a44142a41fc391480200cadb38493f126501909f2df6f3a,46f13aaf0c4a668162a6794df5bc56c3db17562a9dbd2555adb903b8c26c5065,2d90860c9f848e53d2f09f9b4359ac016396327fd09bb9094d73d3aaa9a8be03
rain-water-cab-view-with-overlay/0284,rain-water-cab-view-with-overlay,train,0,0,0,2053828,0,0,,,,,,0.7926538502846096,0.6143586678980822,,,,,,,,0.0,,,,0.9915176739012048,0.8396792085144656,,0.8483355297083596,0.8835750184064791,0.49898154434911424,43ee426aa0b2c2ce8f85dc51fb77e1d7b14c6221bf250479b4fc3db9938e1d2f,33d82d0f364c85c4bfc46dee81a2c7dead7e1ff0c83843a6bd25d7e2d5f04119,c92272d2318c5dee2c94508cd6f7072f674deeea78946bd778e7c52a56ed7c82
rain-water-cab-view-with-overlay/0286,rain-water-cab-view-with-overlay,train,0,0,0,2054346,0,0,,,,,,0.0,0.901870373901437,,,0.0,,,,,0.0,,,,0.9912989707217393,0.9159201523594555,,0.749222608377538,0.5178090938112829,0.2119123365146695,65bb9a26ed2495d66bcecef26da2702eed5d5ef32bc6393785623c77524cec64,8f671867da6e3324a8cb66c2b815994ae10ae1ec68ba48184a1306a31e8f4a2a,c3480e8c11aa3d57c83cff3cbe8cd6c50195ee90a6d750367717dde8a5da47e0
rural-non-electrified-cab-view/0221,rural-non-electrified-cab-view,train,0,0,0,2073600,0,0,,,,,,0.9020766503461084,,,,,0.0,0.9424151992693554,0.0,0.9792184706951477,0.8476984414642986,,,0.9726803004875776,0.9827605418351246,0.9869055954579873,0.8836489261154385,0.47284728472847287,0.898606156448825,,6411626e4dd88d0c532aa68480772b47bb488e0f02a7b85b9bc3a6689ed129d5,482fa66ea2bbaad879b3d94ac49dffca79303aa8f44871ff99fa139091168bce,afa31246216c435c5eed7533c95295211e33a53cbb176d826aa3fb891f8d7287
rural-non-electrified-cab-view/0224,rural-non-electrified-cab-view,train,0,0,0,2073600,0,0,,,,0.0,,0.9497820919175911,0.6278306254735248,0.7776545842217484,,0.40382452193475815,0.9759948553801948,0.0,0.9389277216287796,0.9672891580743624,0.6875218455085634,,,,0.9257152913721444,0.9916195501947481,0.8721547912277058,0.8033132530120481,0.7548904714684936,,1e41ae632ab7d25f8465de2e6f35040f43e06005f63f671f9bc38bc730cc1d23,14e013ec98edb93ad9f889dde346effd08deb25dea5bb168510dc27a5de98ed7,392e9908d56630fb8c844b9485ac2217462f0ec47ad07e796b1e6f645201ebef
rural-non-electrified-cab-view/0225,rural-non-electrified-cab-view,train,0,0,0,2073600,0,0,,,,0.0,0.9389048017631294,0.9793233851185609,0.5208405524478986,0.9259752226886454,,0.7838541666666666,0.9445220899571075,,0.6403422639921448,0.9505016722408027,0.496873148574814,,,0.8171224183685243,0.9768266611444412,0.9911221626980499,0.7803790412486065,0.8641892645910054,0.851067745213349,,f4f88535c53b204aba9d05b638314389fa878abcf8e01baf8f954e3c487ce4fb,88dd45e7d6a1c0924c267cb9957065f544898c86db893c70cf08ed5910b47846,c50dfe98fcd2637496a303ea767257cd6eabf38a962f93a1bcc19f0ec698b21e
rural-non-electrified-cab-view/0226,rural-non-electrified-cab-view,train,0,0,0,2073600,0,0,,,,,,0.9751186929491626,0.7183959817650752,,,,0.9478618861646482,,,0.9616790002149415,0.8247816193202672,,,,0.9773116511331105,0.9974903218128487,0.8450543167524299,0.884083044982699,0.8991241859420616,,31c04d2163a83cb2cbb97f6a65f78f6292915635dca2124764515620555e02a5,cc1a98dc433a2dffaf5c9e54f23cdc16e1248d56ecada8e23234d607d65dce93,eec302173f7c6bd7d0673cc4d8401708ad57f4ddc5b32c594d035359999ba0e3
rural-overcast-cab-view/0002,rural-overcast-cab-view,train,37377,2874,20319,2013030,57696,40251,0.6170876671619614,0.9285980472534844,0.6478265391014975,0.0,,0.857446034440941,,,,,0.9428731721000573,,0.19148936170212766,,0.8147121869608407,,0.6170876671619614,0.07775653282345443,0.9536220225067663,0.9907819584758571,,0.878078893758874,0.9121565898665017,,d6a1cdca475235fda34249ac027cadb8cfd26f48e206fe60727e06408ea9daf2,7541295884a711e816c38d561a56f88d172ad4121d1e9622385b9599b6144caf,6d8b6cdb1bfb1771875a6fcb743d25cf82f64981f4d0cb8b9e17aba666adffbb
rural-overcast-cab-view/0003,rural-overcast-cab-view,train,20236,4845,5961,2042558,26197,25081,0.6518909864055151,0.8068258841354013,0.7724548612436538,,,0.9415424358215382,,,,,0.9642059016518159,,,,0.8199052132701422,,0.6518909864055151,,0.981374812139822,0.9952822439058961,,0.8852645337273399,0.9368527867414745,,04a002e5659f3d51126f61bc75400b6cef6d9688c3f19cc5a7f5110b8233bf8c,368630cafdffac3e53130c396eed24240568b6159ac269b13bcbb6d1bb7613f5,6250a09e75d6facec7137e1b1a86a0e1709ac9f361ba610ff818d8f172d9aa5a
rural-overcast-cab-view/0005,rural-overcast-cab-view,train,115857,5617,7573,1944553,123430,121474,0.8977891775864607,0.9537596522712679,0.9386453860487726,,,0.9203169557290449,,,,,,,,,0.8447348193697156,,0.8977891775864607,,0.9876943937593117,0.9880474967103202,,0.8676839401722315,0.9341076888780939,,aedc6dab3debab63ed2639dc17103ad650d4dd41a6f7227f09b5480b90de2c40,c6a48a56696dd98f5974f241bea8c622141074f956d3aea9336d15b028b45f33,52460606027fb992dbf193015209034103e9289e5a1499df5fe64f8c314c7663
rural-overcast-cab-view/0006,rural-overcast-cab-view,train,40795,3282,3124,2026399,43919,44077,0.864282536386941,0.9255393969644032,0.9288690543955919,0.0,,0.9819328964100558,,,,,,,,,0.7144898542440697,,0.864282536386941,,0.9833723627442038,0.9913182587869886,,0.8913058118391811,0.924895297523681,,3db1516a2e0c1874fb0dbb51d803925befe045e5d166f68c67d2511cf052796a,940de9fc67ad22a2d27c9fd4769b827173ef23421ff12605affab481c6876f00,0315708ebdc61f1ce303ef488555bc94baf0356f6fb55a6235c0637a838a9fe2
rural-overcast-cab-view/0007,rural-overcast-cab-view,train,67235,14917,7904,1983544,75139,82152,0.7465910100381985,0.8184219495569189,0.8948082886383902,,,0.8764090573467881,,,,0.0,,,0.9324509356458238,,0.8637380578062643,,0.7465910100381985,,0.9633367641051505,0.9903032129602037,,0.8930429522081065,0.9030370366883071,,9ae138fc89678cfcd1474b9bf8cc396de8f0e6e2a43775c082e7fd324b1e9972,891237312b4d761a97244527dcaa04a9f26810693ba55afef12aee4046a931f6,430d9b747a27988726a88b25b9c71a38b13025f3cbadafefc5a996014eb356bf
rural-overcast-cab-view/0008,rural-overcast-cab-view,train,73431,5402,7834,1986933,81265,78833,0.8472775104711135,0.931475397358974,0.903599335507291,,,0.9481300959773746,,,,,,,,,0.6729243786356425,,0.8472775104711135,,0.9838322167682756,0.9914878517157886,,0.8577302631578947,0.9092671578131059,,7bbb672efc6998e2fe07036354809c380b8c0b38f55bd9aae1815308defc4ec2,572a4409042ef311e85d6fd1234cae3c76099913c9079cb702d3f5aabee1808e,234efd26395bf8e022cc7bd0fc28888f273372a47cf4a495e9a6fa759903c1a3
rural-overcast-cab-view/0040,rural-overcast-cab-view,train,16800,0,21282,8207487,38082,16800,0.44115330077201825,1.0,0.44115330077201825,,,0.9092017897441919,0.4678802407829397,0.46636085626911317,,0.8064806480648065,0.6149498827042014,,0.7689821133539257,,0.7510786236405776,0.759090909090909,0.44115330077201825,,0.9838032591349408,0.9938825012725919,,0.8720121719284899,0.9445075458619577,,021941b66ec27bb2fcf79d061d8aee08b9c3f292d08a9a7405a19e299c832db3,03d7ca34d25d285c9c357971931e84b25cefeed2da79cbebf813418ebcf853ae,fbc875d451743962f3cb41657ff434181c8aef03d3fcb01b6b8e6e40cffcee0f
rural-overcast-cab-view/0041,rural-overcast-cab-view,train,0,0,0,8244623,0,0,,,,,,0.960103654728728,0.7471681014952424,0.0,,0.8109020742884708,0.0,,0.8698143352983306,,0.8620111092751007,,,,0.9844427848893611,0.9918697157016264,,0.9198270231311516,0.9522660568278425,,ff35eda53bd2422223f5fcafb02cea4c44b441958325638de3a11790243b67c9,5eb16e71bb124361f4f8652f27e308c52264136dbcb5306a87c2f883c5829c14,35069cff87ac52265a1e336dab21c5c4c62f44e53ef38af97b96c685f8f52dfe
rural-overcast-cab-view/0107,rural-overcast-cab-view,train,23408,1238,15968,2032986,39376,24646,0.5763529817304378,0.9497687251480971,0.5944737911418123,0.0,,0.8560624355118439,,,,0.7168141592920354,0.941393411630572,0.8487082855426293,0.6389228886168911,,0.5438810336421258,,0.5763529817304378,,0.9814266054027657,0.9961351170326388,,0.8233752446670869,0.9339388129782775,,215b77d9cef9cc3af93c75d0f03981fcc3de1a90d89599e881fcd4a81e39bf3b,1f2e13eacc67db4ccc1b1898b2ee9de4f5fe5b3c921e281eaf6efc3968a779ed,8bcc357f67ab3a21c2ceb87a3372f636c317f83ba4cf418e596da6f32a6846b9
rural-overcast-cab-view/0108,rural-overcast-cab-view,train,83210,7918,5240,1974587,88450,91128,0.8634608998837788,0.9131112281625845,0.9407574901074053,,,0.8478016023120896,,,,0.6863905325443787,,,,,0.8416500948064561,,0.8634608998837788,,0.9846660815167786,0.9949814870818247,,0.9075482389430676,0.9511130395212369,,c33b247dbf2b4f39cc6e562b021c46ced689391a1b60185e8afc0ac60fed379e,3675771437023b100d1903dd7728f510a010fd931101a1229e30d896793df2e6,249ae0f7f4e9aacdc043e91ee5bcdc660a3d3714296331ed813ceb80c8622980
rural-overcast-cab-view/0109,rural-overcast-cab-view,train,52593,2440,5724,2012843,58317,55033,0.8656286518425861,0.9556629658568495,0.901846802819075,,,0.897983544357761,,,,,,,0.8134490238611713,,0.8628238880421227,,0.8656286518425861,,0.9907580474223996,0.9822384539405464,,0.7669916765755054,0.917738131026987,,f38954f1bfc9fe50b963723a16b16b8d3f9d7362875393e41e5e9796dd413c67,b5d03c87f28738bf1880863f87f22ad418d106faeabc5b621d3e22fd19e4352f,a1f0594183dc8eb02d209bf2d56501f13f092167f393d34126935373d9e1e441
rural-overcast-cab-view/0110,rural-overcast-cab-view,train,133469,5098,5125,1929908,138594,138567,0.9288547727082928,0.9632091334877713,0.963021487221669,,,0.8868421052631579,,,,,,,0.8343991921911814,,0.8739779364049318,,0.9288547727082928,,0.991174362743212,0.9852483129979877,,0.7744123895018159,0.8024058562875915,,fdf24fc27e07ee485b7222ccde914085e8f087aa8259cc0b90e6f71e0a387ffc,6ab6a5d80714bfdca09a693d2b6ef8354c1298f4d007435af886bdf54a27984f,e5af00e4ba62343d28ed868aa066dd466a55a48e53230cf8ebf2f361d0ed1e07
rural-overcast-cab-view/0112,rural-overcast-cab-view,train,81116,15143,7726,1969615,88842,96259,0.7800740491417031,0.84268483985913,0.9130366268206479,,,0.8489494906621392,,,,,0.9514562511872445,,,,0.7519336239628744,,0.7800740491417031,,0.9859729207186403,0.9870987430345467,,0.9030481408089521,0.908459708244264,,8aa93fc1231db8b4b0a120906afce6efe281b5d722780d8cc957032da6e74746,7baa1b6dd76fce960eb947f27e2990725c86a6f5f51c52791202dfad46733104,2a04c1c3fe8b2a9288b7dd5b87780737254c4539d22ed561d780500c05b147c6
rural-overcast-cab-view/0113,rural-overcast-cab-view,train,66653,22692,7809,1976446,74462,89345,0.6860551289705005,0.7460182438860596,0.8951277161505198,,,0.7166329056943507,,,,,0.8852082135952767,,0.0,,0.9427537820653366,,0.6860551289705005,0.6861233641572754,0.9555163928475767,0.9950139164760408,,0.8807563636363637,0.929885289170819,,ba958581ca15fdae026c4dc5918bbf409fb30ae6ee8593531607b3d3640ebc46,5619cab770a415ce98a48e4bc99f46359818dd6c29e09c86f079b60ee7199d99,f63ee12df9c0dec3df3e4270163c0d2ae3469c13bd1c5370f5208c3ef20a49b7
sunny-mainline-cab-view/0124,sunny-mainline-cab-view,train,70789,4810,8121,1989880,78910,75599,0.8455446727185858,0.9363748197727483,0.8970852870358637,0.0,,0.9333284685736525,0.7134166125892277,,,0.6377440347071583,,0.9650692698318789,0.9252740116513946,,0.8188407527703477,,0.8455446727185858,0.0,0.9468627878302976,0.9811659405940594,,0.6547844063792085,0.8770035858643453,,7401f5fc76b6fc6c255d1dd4039a55eb15e32ab20cd3552dcac7878a8a74eb88,a7a2df50102d7e802732022e8559ba0e3680e8389a3d28775fdcaa5b3fe675c0,3ffae5219fc1b7df774873709114fe60d00a0ad8e366f98ad07cac7343c0f208
sunny-mainline-cab-view/0126,sunny-mainline-cab-view,train,30427,841,3078,2036887,33505,31268,0.8858964653817039,0.9731034923883843,0.9081331144605282,0.0,,0.8831286795626577,0.6127318998266514,,,,,0.0,0.9465370552416247,,0.7440702424747464,,0.8858964653817039,0.9594992686795718,0.7256459675018412,0.9828404854394244,,0.8008072080641538,0.9276929012867983,,a1e2fc892f0b131c74ecceb67559b53b91457b9cf91503592486c858fd335277,5e9d2acebf57172d5210c5c3b720a337687a9f178fad0f7fc5002f71acbe4474,56dcb5d25be94c9d694a04f98953e8621b73d76af6463dd0d66f4810ac496eab
sunny-mainline-cab-view/0127,sunny-mainline-cab-view,train,23886,4928,1017,2043769,24903,28814,0.8007106701082767,0.8289720274866385,0.9591615468015902,,,0.8814688232325504,0.6647278314310799,,,,,,0.9651373147541044,,0.7976704435320446,,0.8007106701082767,0.9563627582876263,0.8569585764575397,0.9783187296780717,,0.8318546933593014,0.9247469855372591,,0d4cde05aed2bd4fe2170c8e306ae84b426e1f4e3c8d7f9b0b0cb271454f8c9e,3a2f62b80bbbd8f815571d25354fdfb14621d54793dd0bfa6cc4afdc37595e4f,a24e1aea1c394f26c36469b6de3cd0e96ce1b614a0d0dc3bbabbf212dedea124
sunny-mainline-cab-view/0128,sunny-mainline-cab-view,train,16981,1006,6032,2049581,23013,17987,0.706981972605021,0.9440707177405905,0.7378872811019859,,,0.9196611387175957,0.6991755811622065,,,0.6917293233082706,0.0,0.763305582892252,0.8780494994635003,0.34523076923076923,0.7431011577149365,,0.706981972605021,0.8578394908670138,0.9492405457460182,0.9906799892703863,0.13212435233160622,0.8072231156087718,0.8771630093001921,,24687c346d035f3bef72afba9b140f03eab022e4a90af673afe81fa9f274787b,09bf5c31ca2833eea50b69d465637fad45ede0f027180c676f50e73c26925838,e3e5a2dc3cf95440bcb2509f854670e1cb37473a0cd03e22492bf183277a4fad
sunny-mainline-cab-view/0129,sunny-mainline-cab-view,train,35345,5061,9747,2023447,45092,40406,0.7047434849360955,0.874746324803247,0.7838419231792779,,,0.8774479003036967,0.6297616613475335,,,0.5476429287863591,0.795550968925582,0.7553280138808032,0.8727180778258455,0.7562182401711688,0.8090056243469755,0.0,0.7047434849360955,0.6553415480320612,0.9492151747563787,0.9841012481541532,0.46844771994472595,0.7645653936326388,0.800168394388293,,e52ffee04497a5939bda202788429a87b3560377d2abd91af07b4286a26b89c6,5d694e9c15aaefa0b7665df2c9da8584456f3b3dac39535757253b4487d820f4,71bd0e5563d1fd991670de6c1757baedfa56fa7f23e462a7245addf9a58e1d76
sunny-mainline-cab-view/0131,sunny-mainline-cab-view,train,41461,9568,1716,2020855,43177,51029,0.7860650298606503,0.8124987752062552,0.9602566181068625,0.0,,0.8839313023796416,0.7500830227666876,,,0.0,0.6853932584269663,0.7097367062467733,0.8253018596561643,0.26367713004484306,0.7960902940411138,0.0,0.7860650298606503,0.8803836750047019,0.8324116679875561,0.9690553325012504,0.13143631436314362,0.7536566145803302,0.9264898419470503,,6ed3b7e372d8d5dc78b215af5af6f4653456cd41ece09177eab1178a747e70bc,af8d2a04956dbfdf21340cdf110d0b9d6e2829237768690ed087162d1ae36165,ad2e90ffde82294f776432d1d302cc1b43d054cf37b86f93a8761cd2c5b543f0
sunny-mainline-cab-view/0132,sunny-mainline-cab-view,train,8224,365,5651,2059360,13875,8589,0.5775280898876405,0.9575037839096519,0.5927207207207207,0.0,,0.9240647970109517,0.0,,,0.8239043824701195,0.7428741597889901,0.0,0.8524238383423941,0.4355309218203034,0.840202342139505,0.7294332723948812,0.5775280898876405,0.7355706846386455,0.6736054490486533,0.9696539771158624,0.0,0.6724427777059356,0.8259442792643982,,e153b7e6bd960d596c08d639a6b6e83a0851899aff6c01d8e6bfbba8b04f29ab,204c422aa9c44f8b7d5b2eb481af1e29fa4744c6021070e0d2662705e7e0189e,e0c11a8e9ee345f7eacc1bb7157116fd4d793b8a8fcc3a2496bdbe6aafee3f97
sunny-mainline-cab-view/0134,sunny-mainline-cab-view,train,31903,2966,3960,2027804,35863,34869,0.8216281645162121,0.914938770827956,0.8895797897554583,,,0.9288823165423864,0.27570988425347653,0.4866476536168006,,,,0.8113242092735845,0.9075371009191304,,0.7777665436530004,,0.8216281645162121,0.7894934052757794,0.9343344487934506,0.9920149712503681,,0.8474559946061788,0.8649030164529887,,9e4b1e6f4202cdfc0d9ff15e1ee6eb32270e1c0e88b7b7842be2345e74dab6f2,ca7f11b3b53842677ff683a60af0909d165f0e7bdad70e86ec532fdfeacf5b09,e9383e663991b84aec65d22325c902a5b0de9da9eb2ded16defa483df185f25c
sunny-mainline-cab-view/0135,sunny-mainline-cab-view,train,14618,727,3295,2049674,17913,15345,0.7842274678111588,0.9526230042359075,0.8160553787751912,,,0.9445537999033695,,,,,,0.9025297619047619,0.8400937866354045,,0.711873840445269,,0.7842274678111588,,0.9748308016834938,0.9924141875641741,,0.8856261470576751,0.9381115590204401,,917d7fdbcba14ad98f4155259ad4945453a4e76aecab144bfdfd515d95e55343,b6a73b1f8244f7439392be7102f2da394460911d789962cefb50cf25cba65757,12a0a7d80eba556eb5bd29b965e79c56ec627fd0199c08f79dfe700d646caf16
sunny-mainline-cab-view/0136,sunny-mainline-cab-view,train,75680,10047,11638,1970849,87318,85727,0.7772813639398141,0.8828023843129936,0.8667170571932477,,,0.9427361415715042,,,,,,0.8022962448352774,0.8539915760603389,,0.7111428290186042,,0.7772813639398141,0.9054217936583058,0.9762063884141852,0.9765854144051955,,0.876118449083937,0.8984223781658932,,23d8b5534877bd891ce5b404ae30036f3fd3a3f9769fc5d17235cd727642067e,197fc8d7bbdc4022d9b5cf5e18eddfe930bc031adbc821b3fb7895aef544cda7,dbf913cd0442bd7d46521d15522d7cb63d335e409c51a5e7d4b810497a4cbacc
sunny-mainline-cab-view/0137,sunny-mainline-cab-view,train,6827,143,17406,2043957,24233,6970,0.2800705612077453,0.9794835007173601,0.28172326992118185,,,0.8948173790889022,,,,,,0.0,0.8387742839975967,,0.7367971935147435,,0.2800705612077453,0.8401162790697675,0.977799176981519,0.9768583572197558,,0.8783970856102004,0.9471010543947744,,a171edd02bf21b2bc889ac8ed17fe30fc47d76defd59a637e236ddadf0c76f27,fe62d749e1463b1b2a02805ef816e5e89d973e53a5a2098c5403781be1646e52,db3c88211867ae65871bbc44d05fd873cb8313c83d56461175216eb9af914f3b
sunny-mainline-cab-view/0138,sunny-mainline-cab-view,train,4032,18,2773,2061527,6805,4050,0.5909424007035029,0.9955555555555555,0.592505510653931,,,0.9632898994532538,0.0,,,0.0,0.8660631074424178,0.9149733467039637,0.8240055404060079,,0.5458124552612742,,0.5909424007035029,0.9552401623314228,0.9657936477635977,0.992258148264989,,0.9092164837694728,0.9696327875997712,,461bdcfd80571cea432e10e0947270b1a03bad21b5efa4efc325d700d1107bed,9b93de1d6c571c4679b4c6c166281098003c47dc20a9bc6e8725f6a2cc661d97,fe0d16916c2ab97679144652331cd6ef372e221f85d76897f7cebee73c681c93
sunny-mainline-cab-view/0139,sunny-mainline-cab-view,train,25544,2497,2217,2038082,27761,28041,0.8442064908453962,0.9109518205484826,0.9201397644177083,,0.8740523490675668,0.942063869213487,0.506716651046548,,,0.9231125521074571,0.0,,0.8624792594533228,,0.7806238970206582,,0.8442064908453962,0.0,0.9589447975665835,0.9859987911227205,,0.8199676040134392,0.9093967331421432,,ea793969cdff22d7aeff4460d14cafa8007c32c5650e6cd3586775c958a0754c,f04ffab6071b224aa9cf94458c905bf5c66f7c4a9f098d0f1151766a202c3e74,c596ca137aa2379c28ffc9891647cb293b1d54f33c66c6fab36e82ddfe0931a0
sunny-mainline-cab-view/0141,sunny-mainline-cab-view,train,11620,155,12341,2037249,23961,11775,0.48183778404378835,0.9868365180467091,0.48495471808355245,,,0.9400699214916585,,,,,,0.4985845129059117,0.0,,0.8144404543360126,,0.48183778404378835,0.8457121457995257,0.9555449353571565,0.9557967178401271,,0.8739260395311351,0.9314115734919808,,2ab1618bf2232f7953374c7ff9fd6dbb5957a1d11d887a1004faeb1f3bfa8241,c5b7bb11d7a16e11ebd4ca5f2cd8e58e6b01971995825dc7db8b90321eab5861,5a6102156adff780565a7ab162331ff5effa3093473954a71a51c5583a0f5491
sunny-mainline-cab-view/0142,sunny-mainline-cab-view,train,28199,1224,896,2037835,29095,29423,0.9300768495003133,0.9583998912415457,0.9692043306410036,,,0.9761532550806815,,,,,0.49313962873284906,0.8856388926159489,0.8273624676879304,,0.5134687111479486,0.0,0.9300768495003133,,0.9814224318669352,0.9922323063610569,,0.9081327838968122,0.9603976150584536,,f9d4c3db5d27a80539d7e059e63c85bbda048e2f6d73d48e3b0e6d2541a023d4,8fb3a3361b3cedcbd74d9212b40445c40b7c34a84d64dd303f61a4d2c72154c4,c8c31da52eb98483ea90ff36e167fa257e23bf8c22622daf717ff3724960c47c
sunny-mainline-cab-view/0144,sunny-mainline-cab-view,train,5733,397,3853,2058149,9586,6130,0.5742762696584193,0.935236541598695,0.5980596703525975,,,0.9360299775837264,,,,,,0.0,0.6591630591630592,,0.7525166836330732,0.6438569206842923,0.5742762696584193,0.8562750037042525,0.9673652936778333,0.9687808380658365,,0.8250043892551036,0.9527083599415329,,f6b634ec6548b8bf98554aa0ac61f40eb22ae85f7e7ae26d084ddb9500ae7e5d,d70ab00d52ae34ae6f1b770e428d1e0b4ebbfa4bfaccb7ed34e4430ca49985c1,be1e2d9db48467924f80a218fcf4da98fb80595a1cf38edeaef80ab379ccb528
sunny-mainline-cab-view/0145,sunny-mainline-cab-view,train,20380,804,1655,2045450,22035,21184,0.8923332895485792,0.962046827794562,0.9248922169276151,,,0.9757062430253407,0.6295950519313805,,,,,0.8749704386898427,0.9713916925876552,,0.0,,0.8923332895485792,0.921206772739464,0.9642050945799653,0.9920063886623037,,0.8937344088566799,0.9319356430869079,,fcdb2f1d198ca40299c924da55b12732604c2030a0db21c6f4a86b3b5c804d35,0f953934d9f0f4da7cb3e46c89d3d0dea61aa9ac24ad33f176a47e6ac7dffc3a,878752b41bc677b98ac0893b6fe674ea38bf2d001c6d9504014d1492217f311a
sunny-mainline-cab-view/0146,sunny-mainline-cab-view,train,41063,7138,1634,2018249,42697,48201,0.823979131132738,0.8519117860625298,0.9617303323418507,,,0.9449393105456159,,,,,,,,,0.6611855191619148,,0.823979131132738,,0.9855618221544188,0.9764275004301551,,0.8253367809487326,0.9410793444492704,,144ac7ace9587dad2bd7d7909441c0b2eb1b7a5fd5d975855c31e6f54006cc89,f882a5279e95b63882b306a0fdd968e9c3131a2864242474a7e561142a4625f7,9d21a8e866df0b38f05f1b62c1c4f8f501c358badf1e20a93abcc6306ea9f3fd
sunny-mainline-cab-view/0147,sunny-mainline-cab-view,train,3228,384,2744,2055392,5972,3612,0.5078665827564506,0.893687707641196,0.5405224380442063,,,0.9457486050475101,,,,0.0,,0.8749377179870453,0.8321699544764796,,0.7002911322684712,,0.5078665827564506,,0.9876051837570489,0.9697997797183542,,0.820641975308642,0.9510129481360025,,6cf388fea166cff5c1481f523509bf3d72656e5aede0964f0ec6b15e88adea19,7b9aac3b84942b85ee007ace3e8af52aabc5de40a230c86d1a4772b298d5eefb,cc6d498d7420b700aa0045b86810c0c593cdf8d107fbc332bc7f8c91455c4f99
sunny-mainline-cab-view/0149,sunny-mainline-cab-view,train,3100,0,7389,2047015,10489,3100,0.2955477166555439,1.0,0.2955477166555439,,,0.9125787506673786,0.7067623751821186,,,0.24096385542168675,0.7840159117620469,0.5517203832752613,0.8212896151669496,,0.7642660635622542,,0.2955477166555439,0.7208253358925144,0.8824170548174307,0.9734384759974785,,0.8345044054618167,0.8875439297876927,,0f14ff36a7fdb27af6f7ec8cb353e753e159bb3b77aab52a80b13fe6937791bc,95eeab01f27c7865aae27495154899df43286c06b43e8597c1f0977fd2a195ba,11ab1c852574d971ed8c39ef72bf758b035e505690bed31a1d7bc2cf414ce783
sunny-mainline-cab-view/0150,sunny-mainline-cab-view,train,6597,591,2859,1999098,9456,7188,0.6566139146013735,0.917779632721202,0.6976522842639594,,0.3906894519740719,0.9393939393939394,0.21654501216545013,0.0,,0.5163043478260869,0.0,0.7449617137219899,0.8745275980578012,,0.6733768765841295,,0.6566139146013735,0.8302425283237994,0.9161489474339811,0.9938145632102693,,0.838093535362565,0.9232860120556589,,d4d60368183c52383216b6039fb814147d7720ff8a5ea3c97e9222f8f0eb8937,a86f9b31137c2cfe325672053454e95f6b6fe1b769e9835edbcd61953940837c,2d39412ff1c5169d5abd9f0f099162bd93b7be50c5b9936a79bf0eafc501492d
sunny-mainline-cab-view/0151,sunny-mainline-cab-view,train,7638,1346,15846,2041296,23484,8984,0.3076117599677809,0.8501780943900267,0.32524271844660196,,,0.9017982767359352,0.7548112819418836,,,0.392904073587385,,,0.8785116189859685,,0.5805948475232614,,0.3076117599677809,0.8678941081139783,0.8792394809870246,0.9900276557894577,,0.864812638519722,0.8522423463293097,,4b1751c125ecc67afaa53eb1d7655c7a5ec051098de588dcb48ea4bc9cd3c5fc,e80f258a53d0d5624f90e47a73ab2a9dee90a2261893f9f06968830e26e1fcae,0819b7259b5dbb76d10513d5fd6e259700195098bf9da1a7ab81a53846c5880b
sunny-mainline-cab-view/0152,sunny-mainline-cab-view,train,10026,3068,2378,2044392,12404,13094,0.6480093071354706,0.7656942110890484,0.8082876491454369,,,0.9291594309805187,0.7181173990278564,,,0.7048710601719198,0.0,0.7390864655317715,0.8796362766212013,,0.7565988149067107,,0.6480093071354706,0.8736429794987617,0.9132323826300422,0.9827201351010875,,0.8784562211981567,0.9080077358596333,,7c244faef1d58c7c544581c4aaad579ceaddaf9f4f8593f1c642198319e0f064,e45440ffb717bc4b598004779ea15e237e1ba4c9c73cb27cc0b96794d8e4bd3f,7f1ce8b1f3535bab88f303e1964f763e70d9e548f8937a96295d45e97ef5f13c
sunny-mainline-cab-view/0154,sunny-mainline-cab-view,train,15570,8016,608,2043936,16178,23586,0.6435479871042408,0.6601373696260493,0.9624180986524911,0.0,,0.9428214562593062,,,,,0.0,,0.0,,0.5673943520929301,,0.6435479871042408,,0.9822982512529315,0.916450776409487,,0.9128154125026067,0.9631861916058463,,6ba5f4dc3a08179c05592eb64e30da7a3ab0f61eb7a134091c4cb022c307f8ce,dac38095dcbe26280a37351991f196700cc6958b431e99192616e9812ff695e5,31cffd23ea750ae00daec3b2920ff1bc94406b8dd379380689f12d705f361714
sunny-mainline-cab-view/0156,sunny-mainline-cab-view,train,7788,452,1892,2050277,9680,8240,0.7686537702329254,0.9451456310679611,0.8045454545454546,,,0.9726745098039216,,,,0.17777777777777778,,0.8065173899661434,,,0.7396759017250392,,0.7686537702329254,,0.9813456925004584,0.9847230583985551,,0.9075812498063637,0.9583754111179658,,2a9b7f9f2e664a6492b210e6af5c8b3238a3d01e1f1d4f0c3506e92519ad0942,66a96574320f6eba811a83566a23baabbb50e25574efd274b18cda96e0b42442,df2f15c0922f352e439e8a1fdbba58d207038200e7340bb8e65992dccb7e668a
sunny-mainline-cab-view/0157,sunny-mainline-cab-view,train,22335,7190,969,2037720,23304,29525,0.7324391683609891,0.7564775613886536,0.9584191555097837,,,0.9514730509210445,,,,0.0,,0.6582141893714594,0.8309743025972242,,0.774886141834743,,0.7324391683609891,,0.9655172797236934,0.9926086928990261,,0.8632493706809473,0.9345405917423525,,8e5da439095b7bf529ca9afbcfc297a86c96a3820aab657ef461687e06417c1a,653339694928a859f447c43e42320d1cd6503d7f644d3150a77a5274d8828e61,300e95473b1f5ece0f9dee682d81025f8c5caba32b31119a226e651366bd50cf
sunny-mainline-cab-view/0159,sunny-mainline-cab-view,train,25560,1443,3569,2037562,29129,27003,0.8360591390815125,0.9465614931674259,0.8774760547907583,,,0.9752835473042315,,,,,0.6144244958189867,0.7920529801324503,0.9371200700286924,,0.6340405014464803,,0.8360591390815125,0.0,0.9660507926735417,0.9940197661596408,,0.9095910780669145,0.9473208590261535,,0857b1a64422a748f3a1acbe2298b756354dc4e916a3e35065e7c7c8aa443cfa,4ceae0fc8775704b3c9b4c6cb0569eb7ae7807ab7173d390aef59f35ebbfa6d5,55ea5a2eb5b7b77e671085247c45db2301100c891b06bda34a394315db191313
sunny-mainline-cab-view/0160,sunny-mainline-cab-view,train,21575,4138,1095,2041644,22670,25713,0.8047970754998508,0.839069731264341,0.9516982796647552,,,0.9665028861578103,,,,,,0.7692873303167421,0.0,,0.7653213751868461,,0.8047970754998508,,0.9809907834101382,0.9921177918601185,,0.9027370091233637,0.952872606161532,,3f99be5f7928e5a01c3e2e0da7c216742c167125a2f4df4f9eda959f3e86453c,0a56b4e26f053587a8b41fd98b7616b82f50a413ce7a4279e60244a66493f498,0829ddb3827ded5a4a3002fb1b20a3240213b5272844802697db366660d9e50e
sunny-mainline-cab-view/0161,sunny-mainline-cab-view,train,25393,2573,1903,2038353,27296,27966,0.8501456359436205,0.9079954230136594,0.9302828253223916,,,0.9645531419949074,,,,,0.9308572662491902,0.7359558933094918,0.8707729050569382,,0.696792681582718,,0.8501456359436205,,0.9554083384625353,0.9935417188021355,,0.9001666692151256,0.9427307870965761,,016395879116dde76f1eddcc264a67c3d1fb136d9a0f2d92b33ab41044c4e774,fd25784fc16a2a7c6484ecbbec6bf22a4a6695dd9893e771651938776bf7cb23,cb857a1fec3c4880bb35217068e8749f636f3939eecffcde148c661181f384fc
sunny-mainline-cab-view/0163,sunny-mainline-cab-view,train,55150,4620,4380,2003957,59530,59770,0.8597038191738113,0.9227036975071106,0.9264236519401983,,,0.95583589195924,,,,0.0,0.9565820919017158,0.8357252994899774,0.4878532942622176,,0.7546233649075327,,0.8597038191738113,0.0,0.9687956525101411,0.9942195631376102,,0.8972957781663752,0.9356657383396398,,53c1f0e23c023af87bca8d7c925f1118fa6e03bf34b314ab0e901d159fd525b9,3d556e7e8af20a6eb6d546badc61b9bcb432ea8ba8a43cb477c8d637a41abde1,983547f488dec1c44940732af28383cdeb7aa113419c0e951f7d0614b613f95e
sunny-mainline-cab-view/0164,sunny-mainline-cab-view,train,36271,3124,654,2028195,36925,39395,0.9056655596893806,0.9207005965224013,0.982288422477996,,,0.9625776239438053,,,,,0.9471762221551847,0.39169298292565435,0.8894560048859225,,0.6359073984134693,,0.9056655596893806,0.8567306060091665,0.960148747367907,0.9954459587549976,,0.9115615847078773,0.9619021831378667,,dc2322339b57aed5805465301755b9054b87fba047b608e05ae4dcf959232006,b8dfdef270b26830890c889e0d2ed1a2810389a780bc38e7fb91325d5f8c46e4,9aa692738bfef8d74d63f4cac54f3e9d6056fabb7b3c9e7177af60e40e4654e8
sunny-mainline-cab-view/0165,sunny-mainline-cab-view,train,25142,3428,1842,2037810,26984,28570,0.8267131395501776,0.880014000700035,0.9317373258227097,,,0.9579661232806929,,,,,0.9541045294017858,0.7313213954924359,0.7681179531656548,,0.7822646817489157,,0.8267131395501776,0.6833121961530332,0.9592002274672474,0.9949976185436071,,0.9157630216265611,0.9589319287299416,,ed03205def575f68a08e90b5040e492f111657b011c4a09ea8773bfee95ae4f8,fa3e6142522787e662d35be413398957686c954919d06b8e8d93c33dea075c91,6a6255535a0a2aaf06619c5e1e7ef9f390ba65259dc847a4b6c6d10e822e4b2f
sunny-mainline-cab-view/0166,sunny-mainline-cab-view,train,21077,2982,560,2043565,21637,24059,0.856127381290873,0.8760546988652895,0.9741184082821094,,,0.9612328653106172,,,,,,0.7909181636726547,,,0.784882663270875,,0.856127381290873,,0.979544570877618,0.9914816980333024,,0.8663774745642401,0.9388553648877993,,4cb25bc7ad809534409bf310ce0bd9621415dfebdaa38bfbacf278916ddd0f64,7bb389e1d2b5f1a73758fb068f5545e4eea28989d63d1a5b7b38e375565b8f9d,bb1bf7ee385f80017011733cb69524c251ac0ff998563363678363792ac023c2
sunny-mainline-cab-view/0167,sunny-mainline-cab-view,train,5490,1597,111,2058096,5601,7087,0.7627118644067796,0.7746578241851277,0.9801821103374397,,,0.970088733095015,,,,,0.9008910239799071,0.8593113438150708,0.9570747978074134,,0.0,,0.7627118644067796,0.8034379413689758,0.9302422432414476,0.9906083555995966,,0.9047900934340202,0.9149272200937202,,ea08f07ca095ed6d035d6f14b8548f69a14bf8d6b49efbbdddf5179bf9ef3009,145a765c10390d86c2b694571a1204ba36f373aa962a6637297cac9712e31330,742c11e0870c3f1b3e65018eeec2e382e8a664f6d148ee0f963850abf3b4a614
sunny-mainline-cab-view/0168,sunny-mainline-cab-view,train,22809,1332,2069,2042066,24878,24141,0.8702403662724151,0.9448241580713309,0.9168341506551974,,,0.9674151361947998,,,,,0.8919329555046425,,0.8124378269101178,,0.632475054078571,,0.8702403662724151,,0.9690228104759223,0.9922897958413424,,0.9085195972899386,0.9389753295807421,,72b8f6a32917f9b4cd7edbfc8b38900c94a094dd308a81ee17ec8c715bf8a875,a7bcce9f412f7e553372dab86eeb666894dededfe518eb748005bc49ea92f2e5,2d79faa14508c2fdb5ce6d187d30e119eb58fea45c1b4310e198066da73f056c
sunny-mainline-cab-view/0169,sunny-mainline-cab-view,train,5252,1631,367,2060889,5619,6883,0.7244137931034482,0.7630393723667006,0.9346858871685353,,,0.9814477517190643,,,,,0.9360996379989475,0.0,0.9183204052169232,,0.6449233016800584,,0.7244137931034482,,0.9748992251704224,0.9925651679904272,,0.9187259573524988,0.9577668184524288,,e50a126b8e9d96524472935c0169644a3000d548dd10622d7dd7837f28b262f3,f1b755542aeea840e9cc6f81d068c5a0f77bd69fcf3208043b1f22f53e24f45f,bc373fd319dd0f2325e95757c68c9b321684f558ed5f2349950bc7e905fabfa5
sunny-mainline-cab-view/0170,sunny-mainline-cab-view,train,6560,129,2463,2059111,9023,6689,0.7167832167832168,0.9807146060696667,0.7270309209797184,,,0.9601199833757973,,,,0.0,0.9542651850614087,0.700796812749004,0.9021757148777455,,0.6207219390408821,,0.7167832167832168,,0.9752009187736588,0.99226567444328,,0.8806234832928879,0.9549341529053935,,3f433ab98d445e66fbd4c3879168f0ff099bfa2f2a0555a496a23ef041827ef6,f96927f39200270347c6ed948d60abd05f38473818010a36c3e3d540abed119b,92c49cc0343400f8b79519350f7300ff5c392e2b498a9465892c9030581a7dbd
sunny-mainline-cab-view/0171,sunny-mainline-cab-view,train,21451,646,3685,2036311,25136,22097,0.8320145838181677,0.9707652622527945,0.853397517504774,0.0,,0.9651279983874219,,,,,,,,,0.8202251699206369,,0.8320145838181677,,0.9671986911223308,0.960447136423138,,0.8940271811413634,0.9454574226090396,,f0f37b4a43e03c4b5aef2ec2723b33d29fdeb183e0247dc20cc38fd51708b6d4,1e688561f0f6c93e128b35a18e4349cecaba90e35c912a9a652bd9384b3ad938,1492fb079d48a13e01f5fc7158a0a70adbf7fc28bd8adb6968be3bb95813ce59
sunny-mainline-cab-view/0172,sunny-mainline-cab-view,train,0,1804,0,2061645,0,1804,0.0,0.0,,0.0,,0.9623777495424715,,,,0.10724233983286909,,0.0,0.8297412748634372,,0.4468826075196105,,0.0,,0.9469609811997232,0.9681740750849388,,0.7868246800763891,0.9240165920363299,,9d1f242981192b866b8c78b235337b3fcd78c0dbb947afbb3861211b73247352,54823e8b93148e0ce4a359e420c1811825ceebf36b89d5b5244374b331b7f4d6,744a9ce388138a888aa9decf2fc1389ad61bde1c4efc8b3f4bfd3b3d5cd22782
sunny-mainline-cab-view/0179,sunny-mainline-cab-view,train,0,0,0,2071025,0,0,,,,0.8294512551079977,0.7780508512444703,0.9629662578636334,,0.7178142076502733,0.9506991592104671,,,0.9399746750019048,0.9359125818665013,,0.7207150846461544,,,0.8399540678449012,0.904705660275598,0.9663053126175589,,0.7794372853819739,0.9632870183715346,,2980bdd5ac578120cb35ad4b8b8f5798eb1663f505b1d628312365558c8e6637,b958f784c717606e08ea8407c83378b8f1011a1964d40f3af6893895ae56d65b,58621eabd3737c211aa02c4e8600611b05ec3c9992d0082cc16ffb0a41caa9ae
sunny-mainline-cab-view/0182,sunny-mainline-cab-view,train,0,0,0,2071029,0,0,,,,0.513624177431148,,0.9428499716268716,,,,,,0.9305825924050015,0.9691792252565246,,0.0,,,0.0,0.7424212790925093,0.9149146148897597,,0.6444327585729706,0.819185272853262,,2b635f17ddb2ba61b77fdcac0499ec5c3d70dea1323a289937212955ea815653,0cc8828785c5fe14362b60478de1e5f431604ebe9fa709d1e5d0907e6a301151,2c1699ce9a183aba421bbd702605476dd8d40c7c1ea2c0e6823d21d76aea9be9
sunny-mountain-cab-view/0010,sunny-mountain-cab-view,train,38586,4142,14603,8237069,53189,42728,0.6730390190298442,0.9030612244897959,0.7254507510951512,0.0,,0.928956888837651,0.748019801980198,,,,0.0,0.5871486845552187,0.5859474258369768,,0.6822090975028494,,0.6730390190298442,0.8715013969903436,0.8656112422989607,0.9965087418482697,,0.8117132735358408,0.9128340246436926,,e9abfe7bf5161453fc5c6a86049cec52880047eedd0f46a57ab7b1277cc49105,990e88d21ab52552acaf245a584e26ff692e75484c7e5dbc5d5aa50435112742,7876cacef7782bdc3c2a6c0407865403abcb8695daf739d4764492c73929a822
sunny-mountain-cab-view/0015,sunny-mountain-cab-view,train,0,0,0,2073600,0,0,,,,0.0,,0.9517098775250517,0.6767134816685078,0.9053563897089836,,0.8234057463209531,0.44534300055772447,0.8198656255674596,0.8504045996592845,0.0,0.9351573030485532,,,0.0,0.9784169641459036,0.9938313121335043,,0.8501461988304093,0.9042520669298025,,3b93d1d95ac6a5f591a542a124e5c350be70f114e31e6cec7a46e8b4a97b9840,6e7f43a2f7c7265006609bf1dcac3e78460351b2b9e7e5b8ce65afa922c26e46,39728dd45336e901e1197536081b417498ef7a3b92376cb6484d8b3a34f2144e
sunny-mountain-cab-view/0016,sunny-mountain-cab-view,train,0,0,0,8272141,0,0,,,,,,0.717124549994748,0.716399293163785,,,0.87574088214974,0.6719630161998368,0.06921010949659115,0.686789711368545,0.7415205130186201,0.5992742081620586,0.2745035843430819,,0.7328609764054982,0.8851743391779457,0.9867073768597099,0.5946785521339817,0.5977871148459384,0.7006482365924456,,8e6aa8676c0ac48ee943a84156a1b1ed8c8bc794a99c28a1e37f8cb4a9bcdc54,5809f9590cb378ff7d90e63feb7c96aa0cb54028613b3213627cfb731d161953,c2db00b483f6a1ab049ef1009911593963b289be0e45bec073c3d47c5233126e
sunny-mountain-cab-view/0025,sunny-mountain-cab-view,train,0,0,0,2073600,0,0,,,,0.0,,0.8730017128175849,0.599250832408435,0.7746492952584052,,,0.5202555230236892,0.6843727261053802,0.8697859647452679,,0.6171725458025704,,,0.0,0.9747259942997225,0.996010300468833,,0.7950600290586526,0.8149961951976613,,0dce3080c760760bfddf50a247fb072413c68e2c1186d80f7d1fa3746e29cf36,cb3329069e4006f8cdcb93fedca0e0e2a147705989f418693e18c17ca5e461a1,771de949801bd444a4b4beaf69def2e5ec60dd3dafd76ca0ee818d1cb4d8680c
sunny-mountain-cab-view/0033,sunny-mountain-cab-view,train,0,0,0,2073600,0,0,,,,0.0,,0.907519833807912,0.6372656835791052,,,0.0,,0.8283623927790548,0.9715533420640914,,0.7247785270395346,,,0.0,0.9587454432318319,0.9910879245576735,,0.7832780847145489,0.8401233223531974,,056cfb32b06947adeeed7dc38c65cb7ff1ef4f3709826863bb10c9849023c213,b6b8af203ee90ad8d28802048e1d366d4baffcc7ce1219b9d6be9939381c8c23,163d1cae99640e7099bb1b6a509a2ea7ef820c4e6f41aa8163c1165e00a9a373
sunny-mountain-cab-view/0034,sunny-mountain-cab-view,train,0,0,0,2073600,0,0,,,,0.0,,0.9257047176813795,0.6161103047895501,,,0.699468085106383,,0.8670448759909811,0.9515282411115956,,0.9032611969195027,,,0.7729245415091698,0.9803572392677571,0.9732136241262628,,0.7951115834218916,0.9105286940804338,,2dc7f6d449d2ddd33f5e4373346976cbf0b27a6ad026f19565d15223ed49d7a2,bc7a5b320f7dab08857ca11e167bafa3d56b446389d2893f55a217dad9e125c4,3ad53ed97a1db3b28b45b03aa1d2a3878039c006609c83c7b9f12a04942569ff
sunny-mountain-cab-view/0035,sunny-mountain-cab-view,train,0,0,0,8294400,0,0,,,,,,0.9487449067535433,0.20189232409381663,,,,0.9373937866131342,,,,0.7791718946047679,,,0.8699511686179265,0.9759156824216068,0.9823390120960513,,0.8311311165964861,0.8511319840518347,0.0,8f27f4777b424fca3a01c563f2634f985f97ef3cdac8ad2838d194087f29673c,5be87826e74904d71bbeb42199b5fea86f387e50ebd7ab2b54b927d617c7df54,5beb503dfa70ead38193bc4f516aef3a1d08e8986f0887558bf0eee78fa18566
sunny-mountain-cab-view/0037,sunny-mountain-cab-view,train,0,0,0,8294400,0,0,,,,0.0,,0.970833136578993,0.18759562198422972,,,0.12348178137651822,,,0.8794601095817186,,0.7324144802391233,,,0.6640827315072005,0.9866759454190791,0.9756884142174007,,0.794190181234228,0.9320046834574071,,0dd350c7fad9d51bd0a73412fd77600d87ca6c0306501e202ac13254700718f2,9d1ce541de7ca4352ba4ff606e7a124e75a471cff72ef71e88ad02a2a9a90ee4,f04e31af3e12e3805ff1e472aa4c84656acc337ea40a6fd099a75d55005ab4e0
sunny-mountain-cab-view/0038,sunny-mountain-cab-view,train,0,0,0,8291246,0,0,,,,0.0,,0.966657537998083,0.38252563316098503,,,,0.913495006179644,0.0,0.0,,0.9179290451345817,,,0.8304701013375837,0.9809927215920485,0.9889552828118612,,0.8735389753053872,0.9065828001301377,,b5c7a56b8478d6e94f292e36428c999f7d2b159ae6eaa12f152b282c76555c2d,2406fe994c566446c5ec634fd8dcc7c1040d065305fbfaa732a7931592324fdd,c078ac99ea9c2c6814609490ea9b3d41750ef4864b6b5cb82e7ad42dde1c4ac8
sunny-mountain-cab-view/0039,sunny-mountain-cab-view,train,0,0,0,8292371,0,0,,,,0.0,,0.9458427475846878,0.23131409239877365,,,0.7064858922682301,,0.9120182259551102,0.37685274101290134,,0.7607552804305223,,,0.6882068589595036,0.9662254498794366,0.9918024244736421,,0.8753960526112425,0.859567322530224,,7f58ce7149cb2d8eecc31b59b6d93c8dcfc39835bfee3b20b04bf3db72ea05d3,78c8b4d93af10de0e8f2d56554823a54f60fac30d234f564b886a8eb4333f684,e58f57e60c206afcde45993a9f6580217875c49553d3441011d36d9a3dc530b5
sunny-mountain-cab-view/0043,sunny-mountain-cab-view,train,0,0,0,8294400,0,0,,,,0.06722689075630252,,0.938481049797224,0.5551851000229938,0.0,,0.0,0.9085419950278667,0.8135132595040805,0.8805663071662094,,0.9368766287131813,,,0.9180030689428403,0.9725915380968032,0.9952068565115775,,0.8508919309830965,0.9502665428068133,,53014f8bd86d528cd8a95f6cb5412c1b3e34232439908a147b5a50d4322c418e,4eaab9cda8650ba2babcff076fc36d6d2b6939c6b0adc6ec489300cc8289a7fa,cd5b1fbc076e2430a692cf6b74fc6098ce58c1f59401de30e237fe115edaa1ec
sunny-mountain-cab-view/0114,sunny-mountain-cab-view,train,15990,2864,2513,2006248,18503,18854,0.7483502597463378,0.8480958947703405,0.8641841863481597,,,0.8453554889675837,0.8079915839878113,0.7826736370425691,,0.9313369886123999,0.0,0.6452205882352942,0.0,0.0,0.8247401783739957,,0.7483502597463378,0.8269208355456559,0.9769944098484419,0.9857900338469504,,0.8472244271577499,0.8943764508157849,,c007047e3e4cafb0e9f7361205fbbf99eba406c2a2d48c27a1e4841c36d6981f,8bf2e49204f95a90068e333f0f27f561c8caaa1d199d8994120b789c9e587b54,59c6c54ee9cf5f47043c1ddcf62931b62804fd2cbf4968ca2a863c0013f94c64
sunny-mountain-cab-view/0116,sunny-mountain-cab-view,train,29499,4722,1312,1991439,30811,34221,0.8301860242591393,0.8620145524677829,0.9574178053292656,,,0.753911062987716,0.6436108630214019,0.8487241798298907,,0.29310344827586204,0.2567049808429119,0.7852850652205775,0.8768879199390612,0.0,0.6011605415860735,0.1916376306620209,0.8301860242591393,,0.9797418403631002,0.9951999043040904,0.0,0.8747785948150931,0.923966004959687,,4aac1243132852bdd2e0dabe350ac2bbe6e1bff145fdb607bed02285a2a5b3dd,65c6488c35a0d05cdfd929bc23b6b32abeb819eeb16cdb7a777513f2413a5fd6,10ece27f69e943209c541f6d7af826b332d85e0c137999bc15798a5a383bc243
sunny-mountain-cab-view/0118,sunny-mountain-cab-view,train,47217,5322,6195,1962191,53412,52539,0.8039125549085708,0.8987038200194142,0.8840148281285104,,,0.8636415009041591,,0.7933355772467183,,,,0.8738974191440706,0.7880167257714498,,0.865172425720314,,0.8039125549085708,,0.9823803666375684,0.9894387895738714,,0.8918066157760814,0.9132862822448917,,1c5790e05968d7a3413632eca28a9951451130120ae6c3be0d9fb3662522973e,1cd265503b0eb3e1bc1a582b1b92a959765ea51554f6d98ccfd630d4e95830af,2d82a228faefdf5730e04c5d9ad6c023390cab5ef4c6858843256d539ac66132
sunny-mountain-cab-view/0119,sunny-mountain-cab-view,train,2,0,7636,2021090,7638,2,0.0002618486514794449,1.0,0.0002618486514794449,,,0.8600950722113361,0.8137075013491635,0.6560077519379846,,0.5,,0.8597586741161557,0.9152764934344368,,0.7052229299363058,,0.0002618486514794449,0.8140822784810127,0.9894607958068264,0.9945127707112346,,0.9071439498240783,0.9803926941139722,,cb92b7934e948289bd873fc48056ab1d859792c8b97117109824dbca1535e0ec,107b44c08f0c38f5a9ba166fba98d478ab8f48d2b62eb4ceded7874beeeec550,1b1ba57cd5aca3aab3fb8c8b5641bd11ffd3fd946ccb1a65a86c16973994a7ba
sunny-mountain-cab-view/0120,sunny-mountain-cab-view,train,6663,1391,10800,2008676,17463,8054,0.3533998090590856,0.8272907871864912,0.3815495619309397,,,0.7313886863214918,0.0,0.870460358056266,,0.6473317865429234,,0.8760551845785561,0.9255056087775322,,0.7682549048532232,,0.3533998090590856,,0.9884641085306295,0.9940247493988273,,0.9065691968756259,0.9811425311710537,,dc94d0155312b343e6ff5abae3d13658ce6e2e68d85a1e19ae327502112c7ade,afa9a3373ccf70a0e37bd2feb0bef0ad4e2e5e4244f0bf9b769d466a5ef8f799,d3e2f3915947beac0d1b93f38c1f2da303ea5dc917336a959b619ad8d5434fef
sunny-mountain-cab-view/0121,sunny-mountain-cab-view,train,62482,746,8832,1956197,71314,63228,0.8670829864002221,0.988201429746315,0.8761533499733573,,,0.8597699287103046,0.5251396648044693,,,0.592057761732852,,0.8965965748970302,0.7985200380980292,0.8642305874940935,0.7856197909776426,,0.8670829864002221,0.5874015748031496,0.9850152055007748,0.9798444207177566,0.7892483349191246,0.782849558543482,0.9048919841779641,,206009d26edfc8c2e0f344aea9acb20cb6de8131d203ed7cb1f115b94e8ed2db,5bdee5a626c7c04727a5733d8b8237fc2db9e11033168790651924e422071f17,91274c4bb4aa2feca525b4cf3f6f8b1ccd174f1fa3daf244cef5279daa67e9e1
sunny-mountain-cab-view/0253,sunny-mountain-cab-view,train,0,0,0,2028424,0,0,,,,,0.9280449855325654,0.9566730064480216,,0.8446444003863556,,0.0,0.9405601017422998,0.7650107991360691,0.9551291059195504,0.9752932756635654,0.8279351760068235,0.49510650546919976,,0.8218876734058632,0.9480415773460924,0.9921076924250631,0.7545002571575519,0.7742853447160781,0.9005729541636669,,e7783e56f279d39cd7bd7290d05da53a477bd864ffc3137b30bc05d962176634,d236923aa8b07ffe4c6528e520bfbbeac87efb2e25dc7e10ca711dd849579f22,1dce058577bd001b4f91bead96f8b314da545ffc435a9953991e1a114db8bb58
sunny-mountain-cab-view/0254,sunny-mountain-cab-view,train,0,0,0,2027244,0,0,,,,0.9373260898370214,,0.9254315615620384,0.0,0.8517934568387859,,0.0,0.8269971613949716,0.9569036810403881,0.9180849482543988,0.0,0.8537370097487211,,,0.0,0.9421690584250532,0.9879008673542553,0.0,0.8237307159048395,0.8728422367014034,,894016b1cd34242641d03b1e60f84d320a5fef1107813f9d45d43e3c77279bfb,e58a7ac86a7d940965941f8b8a997ab386ddd1d8e2c760f6d3ad1a922a3057fd,a2828ba2397ae116c84c503dbe91d4ea4606f5a1711cd24354b063678b2f4956
sunny-mountain-cab-view/0255,sunny-mountain-cab-view,train,0,0,0,2025362,0,0,,,,,,0.9635566731276303,,0.9149504252478737,,,,,0.9866395626294057,,0.7067947679129529,,,0.8116961725754335,0.937854341320148,0.9803203720672903,,0.7530813233472902,0.9708625069174478,,0255dda3dea077491f3d1ea3685abea083122dcb6a7cfcfec7f931dd8bf33c61,6f81ab702ea6fe837688e0d536b266216ff00719a04a1013240e8548791bc79d,4139f194086c7fb8e0c28845ce749bf7198cce11c9146787f53b83f51309f948
sunny-mountain-cab-view/0257,sunny-mountain-cab-view,train,0,0,0,2071520,0,0,,,,0.66790415119811,,0.8655055524878827,,0.8861033826328891,0.966506027569705,0.18667642752562225,0.8551972107212901,0.9313653041959088,0.8817883857583584,0.4579267317229243,0.7023836549375709,,,,0.9540750395472674,0.9895495628460208,0.2967741935483871,0.709045954203282,0.9323320731729167,,92ee9060e9af4c102a639559aace1bb2646cdc84e4eda9f46917fcf4fa36b689,9e4232334697774902651584966f6f0f60b4cab0365bb281cab51f9bc1e81219,1f917ef11e1080ff0028b990b45ab0e79e9dbc8dcb8d646a140da3d9e668972b
sunny-mountain-cab-view/0259,sunny-mountain-cab-view,train,0,0,0,2030974,0,0,,,,,0.7459499685156563,0.9455074733580743,,0.6019417475728155,,0.0,0.33408873006188444,0.0,0.7964845790362353,0.1210762331838565,0.4653885555392946,,,0.7703343118219212,0.9553082078407428,0.9900699357740614,0.0,0.6590629935076329,0.9548660574684688,,40c4d08494b370ed9b2c47cf3957c3cf0f558a22009eafee581dd73a00829562,326e183b830bdf3b97a9e7fd09db82f2ee3f7b37375f658f2543fae198a63fbe,b75f7af1a7d5455bacf7829beea53b2c9aac7361d79acb4863fd0c4ae38e0622
sunny-mountain-cab-view/0261,sunny-mountain-cab-view,train,0,0,0,2025125,0,0,,,,0.6705544484820068,0.0,0.9682322162700885,,0.7671924290220821,,0.0,0.8447259966986237,0.5750102379760659,0.9173300701777791,0.012772351615326822,0.8426926594064345,,,0.0,0.907170991321568,0.9902882037160916,0.5993651913242815,0.8217841902052428,0.9604352976559479,,c907f3894e962844d9db2c4ac28771860d430f48f3489ad03b70394d0429251d,132f4b9ed27aee03a516e67f090cd554bfd2ca10d3badbd46ea294949133e32a,1f2cbfc880a989c753f71a5c6efe2f8b035784cc1617c86dc041b014e9a5331e
sunny-mountain-stations/0228,sunny-mountain-stations,train,0,0,0,2073600,0,0,,,,0.9344781882095315,,0.9641529528979284,,,0.9781368904823416,0.6494351249572065,0.8614986522911051,0.9304193030897586,0.8520175572389717,,0.7940076119523848,,,0.7690174326465927,0.8761370210356585,0.9898774425651973,,0.8343078083741984,0.9587960982022709,,8fb67a7950262b0a2133f19fd631fd9df52f83e1660f0a811abf3e9d0982f269,ec207ecc709b6c73bdcb8ae5392436a9335a1a7ac9f52fc8c883e1e0792f1725,3418c677484624bd3e1c8e928139d9b9943b1c3184c6609e708f5d63bb940bfe
sunny-mountain-stations/0229,sunny-mountain-stations,train,0,0,0,2070056,0,0,,,,,0.6575132756063723,0.9632444158661496,,0.4036759700476515,,0.4602561852956659,0.9665262298491138,0.978875494414677,0.8837203701295261,,0.6983991340511594,0.8289473684210527,,0.8349068712741379,0.8522631889285838,0.9888593378062926,,0.7960366526827114,0.9590409886366041,,0354800bf80455fa7680958e010518b436ea155dca8b0abbc8d1e10092f0661b,21a10b8db464646bdbc600d69546c1cc56b0319f1c530ba2a460d772ee98d838,451ea354c931ae62f98c17f3bfe0bef6b0b9981c66d3bc643115ed7021b9fc65
sunny-mountain-stations/0243,sunny-mountain-stations,train,0,0,0,2073333,0,0,,,,,,0.9680818869603917,,,0.9897647169242777,,,,0.0,,0.5339825318743098,0.8663558663558664,,,0.986414628998953,0.9943815483295354,,0.7327930848190167,0.9515784154552303,,d048231d419c08d7176eaceaa89f964709a5a5de28918f80af2d6d5cb56dc892,502b0c205ec3bdc1f0c021c084674028a122fd08e58a52be0230cdf0b279cf82,1b8c5224f7b1e7df045c2582fdbd97b69945abaacfa5d1b1f4d96ca4a71b6ad0
sunny-mountain-stations/0244,sunny-mountain-stations,train,0,0,0,2069086,0,0,,,,0.9086728344965644,,0.9557618366630415,0.3456743483188515,0.6365914786967418,0.9201631244608266,0.6608391608391608,0.03087248322147651,0.8853925033060898,0.5926616349913613,,0.8378760856079405,,,0.9273223914296316,0.949657069397663,0.988891124396413,,0.7802765953559749,0.889785936819537,,8d1edf47c4a0e099e6bac09702b9eb61358d689387405e5915c4b761311fb755,cbe5a7aad07765b9159ea13722233c52e6ac593f5b2ef4c85ad81fb8e95b617d,27c3d39893bf096d775267fa9a8b49cb92264fd4eafdd813f7435ef16c5b6f68
sunny-mountain-stations/0245,sunny-mountain-stations,train,0,0,0,2073600,0,0,,,,0.8808524082264936,,0.9227488649187728,0.0,0.0,0.8658063009138953,0.4523809523809524,0.9097073967097827,0.7262324431073623,0.9622438494072795,0.9266653330666134,0.6747364594692838,0.0,,0.27423226554093205,0.9435685470982677,0.9940542497734829,0.7603929555528932,0.7277194931732228,0.7957991688194991,,ede5e722aa51b1edf1b7f3550819d1fa7c743d02958fb765bf9233ccf1ea1020,69ead58a4fdecf080f2676ba45496e4a341a37ff2c77cdab2980a0c51d66786c,656feb77cc1e7195773afe9a50b5bd8318c55b42a46148af6c601070ac6d2dbf
sunny-mountain-stations/0246,sunny-mountain-stations,train,0,0,0,2061396,0,0,,,,0.6437754271765663,,0.8644816446402349,0.0,0.0,,,0.0,0.8330212804822358,0.7147195657792711,0.935783571399337,0.351824087956022,,,0.898830390197556,0.9695182714428496,0.9932274053828694,0.826992103374013,0.8140591829208735,0.8716020236087689,,90a65adbb644d54e42c7e51d5cebfa0b1e554d4d34f442db24481dcd7007c74c,f28cde20054a844449d19347046b0f78cdc41f588971b90550e6eb1e24b0b791,d1c235f2d5b9720cf38ad94b0ab6b4e3c01e7b38f6566df64f76336d249e0bd7
sunny-mountain-stations/0248,sunny-mountain-stations,train,0,0,0,2073600,0,0,,,,0.8126389221352118,,0.9735713445351187,,,0.8444599342788455,,0.9460462929283072,0.9649528170968638,0.9530360439133392,,0.631296992481203,,,0.7931772654071252,0.7323163980809447,0.989433490160466,,0.8697384741245084,0.9507435868027679,,c489b83cc8d5e13b9e9ee4f588ba23a86a21404337b41cc01afb90627630275f,df85d99031750be49655b3810901e2b76cea9b2d757a8a512290c89d7f58c9f9,703296eb0727a66c9ba61a9619ad2435781bc7753df53b295964105a50c9b1f4
sunny-mountain-stations/0249,sunny-mountain-stations,train,0,0,0,2073600,0,0,,,,0.8546911703744645,,0.971561409481658,,,0.9655720067626415,0.43815439219165925,0.0,0.9475645502124533,0.9578932022912123,,0.8394546319293981,,,0.7849237968759881,0.9708007540709856,0.9903072306184889,,0.88786265348256,0.961999424717952,,408760b135c0da743871d600304812e352ac956549d1987597238245735e8672,448ef85ddd524b1eda5440923343f04ec073449229c9e9252594792fd04c0401,d2610d189bbe689d7e89c151af4f1bdfaa07571291f8926a4113eb688c822c5c
sunny-mountain-stations/0250,sunny-mountain-stations,train,0,0,0,2064811,0,0,,,,0.584115922321846,,0.9826949656360642,,,0.9543077169343838,,,0.9725557819618186,0.9586549052535517,,0.8391594179335014,,,,,0.9892987213378868,,0.8363097757088447,0.8988735897504719,,0956dd0c21f6af0a1387e957effd77c906124754c421ea783a885ae3ce8cf3f2,f0b4695f1246bc1987be1637c4da90f95bdf51ea6471608cf6996822437cf2da,071518ae1d3231d7c277eb400b13c0034e8826fe137b4dc66afdcb9a9cdc6539
trackside-maintenance/0000,trackside-maintenance,train,33427,296167,65031,1694335,98458,329594,0.08470573329109915,0.10141871514651359,0.3395051697170367,,,0.48750624441289375,,,,,,,0.0,,,,0.08470573329109915,,,,,0.972503727545973,0.01680812768171698,0.0,e41473adaa20b0dfe8eecc7e6000f550ae13c68770e4946667d4c938e7a89230,6eae10b192e629c0f36ad37a409384070a694a94a460f980f2382eb5867a7dee,7c4b259569b45899a34d1adf68a351b8145ce03cd7f62c82edc2d03fdd40f44d
trackside-maintenance/0052,trackside-maintenance,train,1169579,6328,7847,905206,1177426,1175907,0.9880253836523467,0.9946186220508935,0.9933354622710896,0.0,,0.0,,,,,,,,,,,0.9880253836523467,,0.9811237928007024,,,0.9732398643934232,0.9851635318624842,,efc1a697946924df5b504e34114d2f5a5bdaff8ab191a9dd2c8d978a19525204,b08d2332f951a48857173d7c6d8c0dd3acc61f0b77d72fa0e07f8bd050dab3ed,96873055f97a95a84fa3bb5de80ba12a6733032edad8e74fbce1ff66e01d80ba
trackside-maintenance/0055,trackside-maintenance,train,1158930,5502,21866,902662,1180796,1164432,0.9769299113713418,0.9952749495032771,0.981481983340052,0.9623409963904491,,0.0,,,,,,,0.0,,0.0,,0.9769299113713418,,0.9667787660684539,,,0.9438567433498685,0.9671424476927486,,28f3b3d7bec0bf474a3fc09012c7f4ef1b0b5a4e37e51acf00fbc5bea657569b,3428e465d64a4a778d06e5751cb25564677eb49240c8bdb9097a7c35e58ef4b5,e71c3467a5adc8efbb97027982fcc4b0e71780c9de09ccc8c1538b78ee748d78
trackside-maintenance/0057,trackside-maintenance,train,807446,1271,2460,1277378,809906,808717,0.9954005106160554,0.9984283748208582,0.9969626104757836,0.96020823495019,,0.0,0.3625936963785785,,,,,,,,,,0.9954005106160554,,0.9750523110423082,,,0.9792901677185825,0.9848058351638349,,76a244cf235702a8709bcd5845224a9a5785c3cd791a1fc89b4d54cf065746b8,66fa21d4235bc5f70ab93c1c782cbc4076e5734ed8154dcdd313d55669ac501b,60c8146fb5c0828978e80f41a68980ba97c767d14f58cbd4fdcfcd574aa08bb6
trackside-maintenance/0058,trackside-maintenance,train,1289629,8710,38428,752193,1328057,1298339,0.9647373102417998,0.9932914285098113,0.9710644949727308,,,,,,,,,,,,,,0.9647373102417998,,0.9176635233747625,,,0.886640405094549,0.9624542436111172,,527bd4c6f5b48a8fa052db415d684acdb3dcbf8021025486fa219182ad9059ba,008176814841aa702e3ff2dfc230737e3cb33c8e155dbc245a12048e5f4909f9,b2725b86fe606dcbcbd4989046d3b770a8ed690119524c5930eef7b558a6a1c7
trackside-maintenance/0059,trackside-maintenance,train,1222640,8100,31364,826856,1254004,1230740,0.9687315783802286,0.9934185936916001,0.9749889155058516,0.0,,,,,,,,,,,,,0.9687315783802286,,0.946320536794632,,,0.8666185786865709,0.9786504183523899,,8f38d8ecfaf13ea9265b15f72d8c2a5f6320df894c563c0277971f5a71223076,1f8c92d4ffcf481e87a310434020e2a207908305a3e4385ba8853f7e9a504821,5af0fe12a15248c7c35618716e06608a0120baf2a5366cfb5636c7aa7a4431d9
trackside-maintenance/0060,trackside-maintenance,train,1387860,8356,24350,668394,1412210,1396216,0.9769767824937384,0.9940152526543171,0.9827575218983012,,,,,,,,,,,,,,0.9769767824937384,,0.8250807319698601,,,0.957126995037427,0.9435119112188542,,af2519b33d6b5f52478d8c41669353834cbc46bda125e944b6f0f559e55e7d51,4e3ca1d512b429bb6d50e227bf926a6266bb4b32e6713b6ad6596226cf0f24a9,b28c2a2ab5bbf5f42ea5f58dad91793f039ef97ecc6f944f29985e42ba425491
trackside-maintenance/0061,trackside-maintenance,train,1659472,9240,9234,411014,1668706,1668712,0.9889901105279908,0.9944627952576598,0.9944663709485074,,,,,,,,,,,,,,0.9889901105279908,,,,,0.9693646260274208,0.7307329772431438,,8bdf064f89bd89d79af62f1c4461b3024cfa2110a8194ff5044d74f7f592fc74,742cdf67e16935b556c2f1b64a61a037554ae04c5dc6242622296872e46d66cc,4c041cc7f64764a9fd55114a0498a49ec752318dccb988c5b85b8de2dd96d7ce
trackside-maintenance/0062,trackside-maintenance,train,1901667,4337,789,182167,1902456,1906004,0.9973117165838138,0.9977245588151966,0.9995852729314108,0.0,,,,,,,,,,,,,0.9973117165838138,,,,,0.9798613314973293,,,6f1c22c5a26f9c6f9349d1b7472ea93537d6383a9cda356167f51397f8e8f989,23aa6346cd5ebfff7f9a2b1565a4e7ab2291ccbb4a27de12c6b65e4e02e946a9,94d84fde42cbe4392478e7f863b707a6be6e71c97b504e434106c4172d2a02f7
trackside-maintenance/0063,trackside-maintenance,train,1325745,7525,10639,745051,1336384,1333270,0.9864842039155926,0.9943559819091407,0.9920389648484268,,,,,,,,,,,,,,0.9864842039155926,,,,,0.974408019962679,0.9775019447509814,,f25b27c24e3ff91436c5e3877a5df281c4dd826a5c70266f8b58faae4174a2e4,5e60d85a56940e8ccaac6003a40470a5f53c4dc940d8c77d3d16bdcd21c01a28,61473ed18d86f12e2ca6b0cd4577eaf2bc95937b6cfd087b3f20230ccb5ee2f4
trackside-maintenance/0066,trackside-maintenance,train,1288038,7630,9672,783620,1297710,1295668,0.9867452158058437,0.9941111457564746,0.9925468710266546,,,,,,,,,,,,,,0.9867452158058437,,0.9547422708844701,,,0.972039531806456,0.9768931420205894,,6223c858287f0677fdc6d3b7cc8038c3ecc2f0d657d409ea0818439bb88d0fa5,43a4179d47c711e75f6cf339d73d705cfe9ee6c9dfb53df5c804231ca8dcc292,6dd7c2af8ae8842c1e636b5749c62b2f524dc97c507579fe43b6e5f10720715f
trackside-maintenance/0067,trackside-maintenance,train,843777,6823,13946,1224414,857723,850600,0.9759769867653081,0.9919786033388197,0.983740671522158,,,0.8010548870941157,0.6047008547008547,,0.9544801322124021,,,,,,,,0.9759769867653081,,0.9863854846900826,,,0.9621979571012297,0.9709120866188067,,0500732a4422c6db9e57d541c1a7f0c06c3e10fd30ca7e04d1cb512dcd29b739,2f621dbe19011b469c294190d6d920e3aa75422da05c80a309ee6fbaed7048b5,ba8c5ffe2217e33846bf8a4947d2417897a3d8d6ab7832b10d59f35993c5f2d2
trackside-maintenance/0068,trackside-maintenance,train,1035326,8206,18672,1026756,1053998,1043532,0.9746960094294504,0.9921363216461019,0.982284596365458,,,0.9111111111111111,0.5259067357512953,,,,,,,,,,0.9746960094294504,,0.9681360924026218,,,0.9662639998239708,0.9565250962713736,,2002370858caebe870952bed7a32a15d4c1e010a5b718f1e3c6e2a619ef1550f,8609c48f75a7d2884ce4ed65218ab5c43be51c427faa25d314e09ce0ea303303,7820127e93a744a2e5e58d0eb70ac1d02cfe5b36bf815d75bdc13db04bb8f5eb
trackside-maintenance/0070,trackside-maintenance,train,1871335,5944,4029,207652,1875364,1877279,0.9946989009774051,0.9968337151803222,0.997851617072739,,,,,,,,,,,,,,0.9946989009774051,,,,,0.964002601955877,0.9049498937139386,,8da8ac7ad697e79d43107c8ebe4903d9b515079f50e3b43f871cbcaca0df5d1e,b594ea4ae2a8c778d1db9fc49967f5606bc51cf59cfdef65be52b10f58ff4011,35a4a72be7182846cb61e966e0b0aae8d04275ec3f2a28a21ef441a78ee58af8
trackside-maintenance/0073,trackside-maintenance,train,1540778,3368,23621,521193,1564399,1544146,0.9827850694650416,0.9978188590975205,0.9849009108290149,,,,,,,,,,0.9139143265515262,,,,0.9827850694650416,,0.6771333579608423,,,0.9594954238921002,0.7951935086244194,,5652f16f45d364803ae0cb7862cfd6866fbbefdeeefdf76929de1dbf58fe7814,d8e53f588fe1c75d94555ec5614504bb322ac9ecadacaea8932c5bbf08610032,aed138c95c71de2f720fb9d3ab7907c8c2006b7975910a9c553483ddad7e3338
trackside-maintenance/0074,trackside-maintenance,train,1316853,19925,29690,722492,1346543,1336778,0.963691063383848,0.9850947576934989,0.9779509454952423,,,,,,,,,0.0,0.9282626338296345,,,,0.963691063383848,,0.6282341719327531,,,0.9329459097004917,0.7325386523331566,,093b845a2d8a639e83ffa1ecf5fde92d921664c2417e66a25b10d3dca8f6d55f,38c932592ff33a4d70acc23ed4568945de39640d595c56f80f8beb4f6d5e6c94,c79f9fdb14bc77fd92a869d664c8afc548c29b0be8ff3a13c798c94ab27e6c59
trackside-maintenance/0075,trackside-maintenance,train,1474145,4447,34029,576339,1508174,1478592,0.9745633572454699,0.9969924089945029,0.9774369535610613,,,,,,,,,0.0,0.9176895442661801,,,,0.9745633572454699,,0.0,,,0.9644129706159904,0.8967059117034649,,03904f8a2512daea1c39d2cbdedf3303eb95dcf456e4adbc73e729eb2d9aca10,93f4f3be37fc1a22e66838092bfa5c7b4ac1b906ac2562c03fc4232dca424e8c,dd4daa678f20e41beaff1a3c66cc71bb99e7f7f1de1ee3586e82b272c2be85b9
trackside-maintenance/0078,trackside-maintenance,train,1288384,10493,8614,781469,1296998,1298877,0.9853865150888228,0.9919214829425727,0.9933585094194439,,,,,,,,,,,,,,0.9853865150888228,,0.9151461372081415,,,0.9668000671419611,0.9764725501130559,,9072ecd1d6bd9a6ade7bbf9d4ebfe4912556baadda2bae4e1a66249b89915dc1,1eaf2cd3689a0fe9c0ad5ebb222ac03c3cd690d88a9826248a162160f7faafb8,6c241159a50c7b789f41bf2562d7a043ee46a6bda06bd918fe0df7b2573c51f0
trackside-maintenance/0079,trackside-maintenance,train,1301723,13431,15293,758513,1317016,1315154,0.9784102636181674,0.9897875077747549,0.9883881441075887,,,,,,,,,,,,,,0.9784102636181674,,0.9526558556467756,,,0.9640120355136585,0.9584973595775325,,7245d072113222a13b028579251a425ef833a8850f977f01ffb13f42c5569754,269024024b0ab056a42083d816412308ea4b46b3c9fc0d2596969ddfdd07ad7a,4ee9f132a97b8717facc4da0bc22b2333e9732b02a2975f4e28cbbee1c2dc220
trackside-maintenance/0080,trackside-maintenance,train,1185080,13418,12879,877583,1197959,1198498,0.9782916466137297,0.9888043200739592,0.9892492147060125,,,,,,,,,,,,,,0.9782916466137297,,0.9698810100683788,,,0.9609511879940065,0.9657316156698211,,045d4791802edd4766cb20165f7f89e48500708e9eacc4fb3176b9cd89733d49,768207717996a901fa4c5795e878add2eca0a4b7d84e38ba927111d2d2b9c794,5f2ea4fff3d6fc29528fe8b813de42f64a2a41d8c1e4213e3609d35bc5906f48
trackside-maintenance/0082,trackside-maintenance,train,596503,63302,43760,1385395,640263,659805,0.8478292695060158,0.904059532740734,0.9316530863098446,,,0.9168592527555228,,,,,,,,,,,0.8478292695060158,,,,,0.9747117763895208,0.48551440955060454,,65b79e130b09b882fa33f7676d2436a802b097d73fc606fa0428a40aa7592ed5,c18f270edeeac58e89a27f4e92db3c606d1e98ed7d9605fab190e4b2e8bbe628,0c6c99a8ca28a1f82066985c5b93237131a9a7de83f7aa533b68570d07bf9b9a
trackside-maintenance/0083,trackside-maintenance,train,1588161,5355,9455,485989,1597616,1593516,0.9907609058429628,0.9966395066004985,0.9940818068922694,,,,,,,,,,,,,,0.9907609058429628,,,,,0.9685013281872134,0.9746555981648918,,f93539c0825969b6f96f386dbaa98f06caadbcb1d80a39102a077ace90560d5e,82efdc0cda609b8ffd12a935a3354e0d1758ab9a02c528ae1bc2155d24d0c3b1,f7212795b95f72f42e08fc594f2d94b8529c06b0b3cb615a2f87df5e0459e937
trackside-maintenance/0084,trackside-maintenance,train,1390722,7957,9265,681016,1399987,1398679,0.9877679794082719,0.9943110606507998,0.9933820814050416,,,,,,,,,,,,,,0.9877679794082719,,,,,0.9781849262702262,0.9736949580874804,,78b655ec93b0e9575d9bf363a03233ad6e48a40c1e428e86125f919cccf38ced,11dc7abfc6839ef76f71e2f504f39513075773ba30a0d472935d77b70c7329bf,9a207d0d4a255fa4004fef37d34c8bb08f0cd252569d1eccc286cc157905fd16
trackside-maintenance/0085,trackside-maintenance,train,1319226,10897,7268,751569,1326494,1330123,0.9864175846854062,0.9918075245672768,0.9945208949305462,,,,0.42462311557788945,,,,,,,,,,0.9864175846854062,,0.8505807814149947,,,0.9687567118162608,0.9798491082531443,,1fe7cf2ae2eef9be85f098226cc6e927e226f7e34a356079eaf30f81a5517c08,a0af4d1a49f7b2bb75c996039450d8507555a89e47ba27e24fb84a3b844237e8,2f6dafadb0ad26dec1ab44df6331705636ab621eee2c783ce9551cd4d4cd6011
trackside-maintenance/0086,trackside-maintenance,train,848068,11865,6619,1222408,854687,859933,0.9786694855011586,0.9862024134438381,0.9922556444639967,,,0.85157404250483,0.6841359773371105,,0.9402899474271149,,,,,,,,0.9786694855011586,,0.9767132156263665,,,0.9540395774438327,0.97419997194489,,9db552632140a4fe745fdf61a0d0fa31fc4952af06addd32095a7c1372bb9d8a,6dd0b988989fc57ccdc706b72227722a022ce5b835a5c0aa09bf7a6d9889b5eb,c3db04d1ed5f3c48203f0835dcd42b7c6a7fbbdf7c7648944d3d885a65464cb0
trackside-maintenance/0087,trackside-maintenance,train,1015340,14965,9378,1049277,1024718,1030305,0.9765861325038497,0.9854751748268716,0.9908482138500544,0.0,,0.6311778290993072,0.6907801418439716,,0.6789409278006452,,,,,,,,0.9765861325038497,,0.9739598435921093,,,0.9520906489086713,0.9695420727199964,,95207ac84f3acc3ff5c55764aa554bffc9f0a32f4cab08eaf951e2fe43877d51,f2fc551dcbe79800027e1f2d41cae50208e7b13341f380e70dfc14418cd942c1,c4238206001e403bef358aed468cb3969c8a35e8ce72c92508a21d62272863dd
trackside-maintenance/0090,trackside-maintenance,train,823407,12033,5840,1247680,829247,835440,0.9787549923925447,0.9855968112611319,0.9929574662314123,0.0,,0.8262530562347188,0.42841409691629956,,0.9151944400233434,,,,,,,,0.9787549923925447,,0.981361095139645,,,0.9516497034949741,0.9757189066051998,,0a5483a0127931090560f2cb06532b9de62ff8978b5d2d75fc73f10c9e628fb9,3d8ae1b13c7b8c3541544116e3b1dee27d82e71568a1ed54c03b6b6fab6ddd84,de4d092f90e7d0a194dd1232bdfad972cd277fedc90c2f69f4fc157d74af965c
trackside-maintenance/0092,trackside-maintenance,train,1297681,2922,15660,772697,1313341,1300603,0.9858827605121468,0.9977533497923655,0.9880762117378502,,,,,,,,,,,,,,0.9858827605121468,,,,,0.9731665868612042,0.9777505313344667,,b46f2ac36452a0a15ac8e7c69746492ff0b596b959f253d1612c3db9998b2895,4fd4cbd8ce9ed83ac03e762814e76a63630fbe7269c9766c1267d2a94ad2e985,fd10eaf15c0fe1370b01bade51268a87ec30e2169a1ec4f5b38f9242e3e26bef
trackside-maintenance/0093,trackside-maintenance,train,886865,12979,7109,1182007,893974,899844,0.977851112461175,0.9855763887962803,0.992047867163922,0.0,,0.7948574622694242,0.750996015936255,,0.7343571311877144,,,,,,,,0.977851112461175,,0.9782751536378043,,,0.9433717952406987,0.9763647177848465,,6259e3456d036d7371c800562ffea682d470ccccfc442c166f67ae5f354b645f,df9edb6931f521320ae96f20a6f60e410e0d6a5d2669dca96c03092e76f48260,466bd3f54cedadedbd6e136a76ed0eeefdb11cfd8a5613ca52c4ca326f69debe
trackside-maintenance/0095,trackside-maintenance,train,810114,8375,16440,1254031,826554,818489,0.9702789099432407,0.9897677305376126,0.9801101924375177,,,0.844574780058651,0.25909380982769625,,0.9623458493409462,,,,,,,,0.9702789099432407,,0.9811811321497375,,,0.9520559778852798,0.958909810150192,,2c0673f9062a1f999a14ea9f32f3a730731ead900fcdf51751a187ad746dfc7b,bbdfa9f6399575802bf5afbbe98eb2dcb7585313171454162b522e900c9f1c5e,2329acde187d900268ccf627e2cd40eb11227ab196d9c077ad9d853415632623
trackside-maintenance/0097,trackside-maintenance,train,1525530,6062,34243,283342,1559773,1531592,0.9742597400109206,0.9960420268583278,0.9780461644098212,,,,0.0,,,,,,0.0,,,,0.9742597400109206,,0.8812678617822811,,,0.9533352643505819,0.0,,069e56fc048051d80ef3d6c175598cb6a1df2596f82c85bd8075f4b88100565a,4d8fc7a5057b6825f2df28ce7b288ca212a7e1a81e0260c08c4b9cf2421ed1e0,058271592471df1f2c6a649de658a838eb24b13ccd789f58c3d740b895dc94cd
trackside-maintenance/0098,trackside-maintenance,train,1722355,7332,14552,344721,1736907,1729687,0.9874535542434265,0.9957610827854981,0.9916218887942763,,,,,,,,,,,,,,0.9874535542434265,,,,,0.9546390204008968,0.0,,fc04d89f6819407752a53d790ea973fc002344aa19eadc04b345225545c7ce53,94fe3c588358c6ff8a62bacee27373a7c513eb4df5684f7c8ebbf38b5be28c66,c44e2a304fdf405073a8a8c13af967a75e65c5599bae22c272180c31f088f87e
trackside-maintenance/0100,trackside-maintenance,train,1115604,4200,21833,358363,1137437,1119804,0.97719677971194,0.9962493436351362,0.9808050907434873,0.0,,0.9452554218603646,,,,,,0.0,,,,,0.97719677971194,,0.0,,,0.9015620428098764,0.8973112056166487,,295de469c85a2cbd063ed52a760230d5847fd6ca3ec792d4228e881a1fc88163,c20e921d0e7477cf9902bde354d8ff7d36f6de0c1f3d07f5156553727adeebcf,50895f651723fc4f5a82e81f5e819bf01a44f8d9cb5a5d27dc161f0239783b24
trackside-maintenance/0101,trackside-maintenance,train,419736,7649,16010,222605,435746,427385,0.9466412566673057,0.9821027878844601,0.9632584120106668,0.0,,0.7310723668497731,,,,,,,,,,,0.9466412566673057,,0.8419567262464722,,,0.9431802480682773,0.8744186680850483,,f18cd13f8be6e6da511d8cc5f6ff2f0e8e5ffa3cdc730d55f0752e075e4be9a7,d70fbf50bcfb39b15a24b90fc58a5a1548d92a3c9a6934b757d381ca30e63faa,21b59f93336cec7bd3d2367dd9256ebc17550c0a8246bc1b06e95e16f99bcb18
trackside-maintenance/0102,trackside-maintenance,train,345077,26992,55756,1072175,400833,372069,0.8065844679483434,0.9274543162692941,0.8608996764238473,0.0,,0.9591213323994086,0.10518679724338048,,,,,,,0.9763779757558054,,,0.8065844679483434,,0.9321037129060051,,0.8800980265703598,0.9232715546263156,0.6619823970943317,,d32849c8bde9dd413c6d0ab82ca84e62323fed3319cfb99825a11f91ac7baef3,2dac0597829fa4f2262f10ef40bfadcec5e8066ba8418a99102ee49d9594cb56,dcea301c9366d59d23c339d74191591c301d6746f7fd2ef4b6a9f53363f2f359
trackside-maintenance/0103,trackside-maintenance,train,744179,98931,36233,1209617,780412,843110,0.8462897868067409,0.8826594394562987,0.9535719594265593,,,0.8976451992177659,,,,,,,,,,,0.8462897868067409,,,,,0.9803401688311326,0.6369650984623838,,bcd725f20e45aba176964b9c6318633c2f7a70f7664784eb0dfc98abf0940141,e5199e21c5930fc2d5d9e32f952f30d09cb9eabafaa1f28946192d0c93d80709,b23210467ef4318cc43468b077ee358e0c896b0f13a6042bdfe9f07d3ff6f6eb
trackside-maintenance/0104,trackside-maintenance,train,132136,3647,3219,283498,135355,135783,0.9506050272657948,0.9731409675732603,0.9762180931624247,0.0,,,,,,,,,,,,,0.9506050272657948,,0.9946378597013438,,,0.9529955233831794,0.9457431523251306,,8af545cd5a93e866ceeaf9e8b89657bd1753fb543ecfc98e2121144440cb5e5b,44128203bd74b7e69abd931e02769a870f0f033c4b8a9c6b7e41decd53e337ae,2b0c7e570aa11c18289e01249a6aa36c1b7be5a0ce478d3562cd91fa6c38e6e9
trackside-maintenance/0105,trackside-maintenance,train,205163,35739,2388,543142,207551,240902,0.8432857906202474,0.851645067288773,0.9884943941489079,,,0.23317786682432284,0.938129894376545,,,,,0.9742813119084306,,,,,0.8432857906202474,,,,,0.9621468176573301,0.9515668084950969,,d1ad562afeae01ddb70bc66ae877af92f08918967c215ffefec2257c3ad76fa6,5cd1dbead77c080576228588561fe2ea06379f9688fb892b1447d06414f13aef,2bb7f3e72ce42001808f944afe46e9b1601e7335506c7cfa76df3e0e9209308a
trackside-vegetation-closeups/0012,trackside-vegetation-closeups,train,0,0,0,2088960,0,0,,,,,,0.752707694118859,0.7273307860863054,,,,,0.7791902274787413,,,,,,,0.9611562626449562,,,0.91084516476241,0.6677788576920362,,6d411277b073c9f8148657c867b1259110caffbc10996436432e2bbef233e3c7,40d1f706fe9ff7aaec7e0b724531adee57bf3bb126a5da404cc86ed0ebfca460,c6a1f601d499d9909d445b090a2fbcbf6390a592cf1611ed469d60e1c97d4869
trackside-vegetation-closeups/0017,trackside-vegetation-closeups,train,0,0,0,2088960,0,0,,,,0.0,,0.8120750928706673,0.7562321415488314,,,,,0.7034163604192187,0.16634920634920636,,,,,,0.96855525426954,,,0.8875020037866151,0.741424488429307,,028a08528e4e767ba7b3c0cf28e85786354503f78c2dd0a447f206796a58013d,a5bb98361d8c5d8e2bd93d102162e9cbf214e4963de765e5d89ec12348a94499,e4419eeb5f3a5be132f21701df87ae14146da00f2377cca3a780704a12ee241d
trackside-vegetation-closeups/0018,trackside-vegetation-closeups,train,0,0,0,2088960,0,0,,,,0.0,,0.766224956617763,0.7982833578177316,,,,0.0,0.511911931202274,,,,,,0.0,0.9683590592401555,,,0.8593107104984093,0.8059506319899411,,c63ccdb72ee621ea3abddc87464bce0d0d17c15f939a53a7189ff1ec3c846dd0,4c83b0b3a6aa5d6b746cfd84398f59574b1d3de5dbf1d58a5a038057eebf64fe,03cd4bb1a24df1f89109922f7f5b30f338b02e26c7b8523dde645739a123c6ee
trackside-vegetation-closeups/0019,trackside-vegetation-closeups,train,0,0,0,2088960,0,0,,,,0.0,,0.8526877316404258,0.7172656066157932,,,,,0.8434279496542127,,,,,,,0.9319504031158906,,,0.8564768376587599,0.8493001031983942,,0f04b3c645dadb7431f751cf0813b5b34e40f34c8786fd50a006d9a58a70b608,6413c339aebad555f98f05dfecfcdd2819360be120b621b2087ee6bd8ad47ab2,fe296f660cd10b2097a7d414c485d4e9b211129ed9dbb36d8749522ea9fcb486
trackside-vegetation-closeups/0020,trackside-vegetation-closeups,train,0,0,0,2088960,0,0,,,,0.0,,0.8742228060529802,0.8180049492934993,,,,,0.844461945210103,,,,,,,0.0,,,0.8192562675620886,0.8527321457373173,,1b155b4a115f6ef6baeca7676fd004b92d57f38e06386f5ff1bd7a83f362ec1b,3a7bf8a3979cdfc107d19f7ade7089857f99c13d82793b50b1543f968610e9d5,b094db7925242700bc08d1c23e855eee16fbe53df56cf079534253fdfb974584
trackside-vegetation-closeups/0028,trackside-vegetation-closeups,train,0,0,0,2088960,0,0,,,,0.0,,0.7805709827881298,0.7998337826502946,,,,,0.3213022346208047,0.0,,0.0,,,0.7608493904836807,0.7849547988196168,,,0.9428998450070116,0.6686613251728276,,4e19459360e08e5f3877234f1a74ad6e98184568c64a7688ff552fb1f571e05c,6e80ec77d7ceb1afb45838b1b1336114098c095ad6dc35891ce5107082906ffb,c7ddd50f72adc4139c18d92ea3fa399787924df9bd32c3e1f3ce3b26cdeeef3b
vegetation-worksite/0262,vegetation-worksite,train,0,0,0,2073600,0,0,,,,,0.9713316461985126,0.9028048597570122,0.637651080454157,,,,0.0,,0.5838926174496645,,0.7667191188040913,,,,0.9804662189426272,0.9927651909905243,,0.6891252955082743,0.9481142579508877,,54396730a7d632e6ac164891ed59aa4b248397c4bff8ad0524ee051361535740,46c8337d6d7cba2b8dd9fcbb263eb487f40f160d4e1a4d22257c1b1646d1715d,e1ea45d51354e149972ae2960237ea57ef18c104111cc9d7317de49cbb71ea3e
winter-town-cab-view/0185,winter-town-cab-view,train,0,0,0,2073600,0,0,,,,,0.9303616548837447,0.966688181296615,,0.0,,,0.0,0.9532998275798819,0.8043089827079549,,0.8595457190267871,,,0.9657427019062529,0.9672743482352429,0.9871390091617392,,0.7662512127770729,0.9676535087719298,,5886ace53044086e84b2f4b85a962b8fc5d0e5df0f398df5bff81f0cefcdd458,02c16b4cc608d35f80fa4005304b2eb74c5fe0118ed6a9e69a447f8a392ee621,e0ef281fa6d23c59c2ba5db6b0e10ce6d97a4b488e528aeb4ac470ad9979c43c
winter-town-cab-view/0186,winter-town-cab-view,train,0,0,0,2073600,0,0,,,,,0.9283703912186885,0.9687449217268836,,0.49218519610734296,,0.86388111135042,0.7812765155086264,0.8471255478216035,0.7618620828038258,,0.6938370720188902,,,0.8678278483043539,0.9490247889570371,0.9901901277680774,,0.7656182306559224,0.9280634803221088,,7b53cc55f0bba2e1833ae405668e09335397f1631bd62e9570846377941ee427,08d83649e29f837a10e16cfb3566001c6a2b63ac1223b3dbe22e3520c2558d42,9f746c918be9200d0ac49c660f9490bbf9823eb3048335685577f1766f7bd03b
winter-town-cab-view/0188,winter-town-cab-view,train,0,0,0,2071713,0,0,,,,,0.8300318952492866,0.9771840181676247,,0.0,,0.0,0.837695761690943,0.7625976332906664,0.9091121470516401,,0.7791585127201566,,,0.0,0.9662533028169499,0.9969076753991463,,0.7750253174417698,0.9404889074667534,,93065b17ef536461211968f71d3b394d46cb55404435af01f1702cc875cdc85c,21220ea9d1dcae3c1fb53dbcdcfa8ec5f2d0d48d4fb3c882b2fc13ebf6880d2c,ea9aaabc56887d123b5e13e745ffc61db9a8ce2a73d22c23e29693543e62b591
winter-town-cab-view/0189,winter-town-cab-view,train,0,0,0,2073600,0,0,,,,,0.929666585543928,0.9787925940171688,,0.7858995519924546,,,0.8022453980737448,0.9252984427856524,0.9185696392577785,,0.7422347483999765,,,,0.9801021434760936,0.9966920355753327,,0.8075019334880124,0.9568379990821477,,06118b62db2d8b18889a7d9354ef0877b3f5042e249ab6f22e11ad80c9f3242a,db98ccf750fad56a37d5f1801491eb4450766aa87b85bdebed63fbf39363aab5,7cf0e4c783b1573717fc0e2892ed7c90d93fb96ead46d581409096e09adc23b3
winter-town-cab-view/0190,winter-town-cab-view,train,0,0,0,2073600,0,0,,,,,0.9475943447923136,0.9805493545569252,,0.3374175306314797,,0.4061433447098976,0.8208880437854922,0.9004443210219384,0.9227333031051103,,0.8623348418927684,0.8751131221719457,,0.8475002141449904,0.8304359365669166,0.9838374745116181,,0.8880697746859101,0.9694479485248074,,55cf7c8129b7d290a98190185ebf3f9c9c1bcfda8b3256a472c4c639eff7e307,3723a2fa07fa1e444728f5b97c5e1abb879dd27258f29d287ce29622eb296f01,4f4ee2366b789d9c7daf027b13a7a4fae215c3d6aa006ce01af90e6bda2aa05b
winter-town-cab-view/0191,winter-town-cab-view,train,0,0,0,2056311,0,0,,,,,,0.9599314433944784,,,,0.9005597629239381,0.9343837612005937,0.35030078667283665,0.7854229934924079,0.9064970533275837,0.8394518933897732,0.9118279569892473,,0.0,0.9524584065602599,0.9842900247799914,0.7528774542992552,0.7756403209849401,0.9161473335078991,,fddfb8962d8961d625bea817fe5552ec2c1d016f4d6cc0fec53b8171c0f10c1d,d2f01638f8e68cfcba5c60ea363c59798551ee7d037ed50a9aa578dd2fb4cb78,bc29137b130b7079647ab7099055989cc07c62064d44b524a268bb2912ab352f
winter-town-cab-view/0192,winter-town-cab-view,train,0,0,0,2073600,0,0,,,,0.0,0.699916720644027,0.9708620658118564,,0.8072614909231364,,,0.9332110351777785,0.892588784307522,0.8837245990309132,,0.13213839099624844,,,0.9106173087632471,0.8641927498369026,0.9925762968031712,,0.7864756828780812,0.9415228083282193,,754211da40dd122ce82a710c71d8d2d60c6a74f3695406c8e58832fa940cea1a,cfb371e8c8bd13f21d3db1d5a4cf7a892f9a2b329deaf4b3848864894800aed3,4a2a75030a5007989c69640198e64e4a3088cb78f12942e4ec504e760026499e
winter-town-cab-view/0194,winter-town-cab-view,train,0,0,0,2065582,0,0,,,,0.0,,0.0,,,,,0.8731752952182585,0.7722693107308491,0.5708820882088209,0.9026811981813319,0.7427759715596609,,,0.8817836740829825,0.9507184789676616,0.9912759230886794,0.7697101056624222,0.6130262112787926,0.8268067437448545,,86bec697fc86a9152f90aa11441db7d66b5f096dac9422d72d66e592861f8801,ea751052eaed16e461703bfba2c8c200e9c8131633cf64766ef9163dd3489c13,d683f69d6db218b34b3d166e8b97f700dda2380f8a70050dd5f49c49ba87bf0b
winter-town-cab-view/0195,winter-town-cab-view,train,0,0,0,2068564,0,0,,,,,0.935876545576536,0.0,,0.7719945355191257,0.9006041079339508,,0.8758486632673184,0.8047799337434927,0.8356097063988158,0.8395923072256264,0.6823865244880627,0.8965282505105514,,0.4983508716821109,0.9187968817590266,0.9802438271434792,0.5148893360160965,0.6666297877989954,0.9311887625262905,,b011832e15f90292721c197db21ac1d902b6875259288cfca2f254319ca7f8a5,0a45ba6ece7b7c7ebb7ae6157bc737c892166881a058b9be199973dab69d56fe,4b58d2da2ca62be73eea8bcd278c2081b8e09df0d29b065e115147d1d401bbc9
winter-town-cab-view/0196,winter-town-cab-view,train,0,0,0,2073600,0,0,,,,0.00395882818685669,0.9189969168996917,0.961807608232399,,0.0,,0.6052447552447553,0.8460175581788864,0.7956548954149497,0.8300900830636041,0.780061215566244,0.49251549684649326,0.7956358517128109,,0.916392314646541,0.9294745800490365,0.9680128263763962,0.42042755344418054,0.7084343842630019,0.9627335216458351,,6642757595beb9bad0e29bd2abf92ae99ddffef5f2d5a4fe2af3140090621eb3,971c348d7203741a3df3355f28bb6b24e8ba5a9b8d393d99c2d3149c46519a06,835532db08a7e5b2c4a4e2343b397885e6a285e2fdd938700f7d65713e4ed6bc
winter-town-cab-view/0198,winter-town-cab-view,train,0,0,0,2070318,0,0,,,,,,0.9638836279461279,,0.9097125610129925,0.9893477822537399,0.7923684210526316,0.8175792864222002,0.9359484777517565,0.8999125910509885,,0.5974634930558657,0.8942319828347848,,0.9329579085827031,0.8154844854378666,0.9927483552737767,,0.7582604470359572,0.9541594708668639,,cc5f67af19f67c1a6ec338148aac18a59457131b40eefe18cb47d42221300216,0dbb68073d6882c06ad4b479071c7b4b7db0f0406be6f2c0cc90a390d0a77a66,0ab3d3d62654636fdbc5050f53b443529bdf7421d636f68bdf5165b1a13d40f7
winter-town-cab-view/0199,winter-town-cab-view,train,0,0,0,2073600,0,0,,,,0.7437831796591227,0.8066510538641686,0.9826510605430455,,0.8328236980410894,,0.0,0.8063235833639062,0.7021639042357274,0.9006926762491444,,0.7284853942702764,,,0.9130474519265921,0.9520560426483772,0.9901790914813878,,0.8102675235390824,0.9514692927258999,,bf2591468b8c776a8775aaf5f6535f7fa792b9c0ee28c52f9e87b591efe4c9b3,073cab9e51ecddedc95299e84dc6d995120a0ac8b5b993f541211aadeb7f8e1b,9780143c0237db9581d4cfee94673c717ad6d448b9f42aeaa18b5c68f2db63b0
