source,arm,model,protocol,label,checkpoint_owners,job,checkpoint,subset,images,images_with_mud_gt,mud_iou_present_images,mud_precision_present_images,mud_recall_present_images,miou_present_images,miou_present_images_classes,mud_gt_pixels,mud_iou_pixel_pooled,mud_precision_pixel_pooled,mud_recall_pixel_pooled,gt_class_miou_pixel_pooled,miou_pixel_pooled,top5_mud_share,iou_present_images:person,images_present:person,iou_present_images:truck,images_present:truck,iou_present_images:rail-track,images_present:rail-track,iou_present_images:vegetation-overgrowth,images_present:vegetation-overgrowth,iou_present_images:car,images_present:car,iou_present_images:on-rails,images_present:on-rails,iou_present_images:traffic-sign,images_present:traffic-sign,iou_present_images:road,images_present:road,iou_present_images:sidewalk,images_present:sidewalk,iou_present_images:construction,images_present:construction,iou_present_images:tram-track,images_present:tram-track,iou_present_images:pole,images_present:pole,iou_present_images:traffic-light,images_present:traffic-light,iou_present_images:mud-pumping,images_present:mud-pumping,iou_present_images:fence,images_present:fence,iou_present_images:terrain,images_present:terrain,iou_present_images:sky,images_present:sky,iou_present_images:rail-embedded,images_present:rail-embedded,iou_present_images:rail-raised,images_present:rail-raised,iou_present_images:trackbed,images_present:trackbed,iou_present_images:standing-water,images_present:standing-water
fork,fixed-grouped,,,paper-hrnet__rs19-paul__arm-fixed-grouped,map_city:nvidia -> rs19:paul -> rad:ours,paper-hrnet__rs19-paul__arm-fixed-grouped,best,all,37,18,0.153843,0.559360,0.211407,0.459881,18,1226250,0.105181,0.173095,0.211407,0.522007,0.469807,0.442561,,0,,0,0.648999,37,0.131579,13,0.416461,3,,0,0.557563,9,0.158023,11,0.159368,12,0.542490,12,0.563056,2,0.785616,21,0.537500,3,0.153843,18,0.378833,7,0.850550,35,0.967124,28,0.022153,3,0.766342,37,0.631593,37,0.006767,9
fork,fixed-grouped,,,paper-hrnet__rs19-paul__arm-fixed-grouped,map_city:nvidia -> rs19:paul -> rad:ours,paper-hrnet__rs19-paul__arm-fixed-grouped,best,cab-view,27,17,0.162158,0.888591,0.211756,0.513858,18,1213322,0.190456,0.654390,0.211756,0.608447,0.547603,0.447276,,0,,0,0.761826,27,0.258881,3,0.416461,3,,0,0.557563,9,0.158023,11,0.590718,3,0.591807,11,0.563056,2,0.785616,21,0.537500,3,0.162158,17,0.433249,6,0.903758,27,0.986437,27,0.022153,3,0.764744,27,0.748724,27,0.006767,9
fork,fixed-grouped,,,paper-hrnet__rs19-paul__arm-fixed-grouped,map_city:nvidia -> rs19:paul -> rad:ours,paper-hrnet__rs19-paul__arm-fixed-grouped,best,not-cab-view,10,1,0.012491,0.013252,0.178682,0.272082,10,12928,0.002071,0.002090,0.178682,0.259203,0.172802,1.000000,,0,,0,0.344365,10,0.093389,10,,0,,0,,0,,0,0.015585,9,0.000000,1,,0,,0,,0,0.012491,1,0.052339,1,0.670974,8,0.445684,1,,0,0.770655,10,0.315341,10,,0
fork,fixed-grouped,,,paper-hrnet__rs19-paul__arm-fixed-grouped,map_city:nvidia -> rs19:paul -> rad:ours,paper-hrnet__rs19-paul__arm-fixed-grouped,best,excl-trackside-maintenance,37,18,0.153843,0.559360,0.211407,0.459881,18,1226250,0.105181,0.173095,0.211407,0.522007,0.469807,0.442561,,0,,0,0.648999,37,0.131579,13,0.416461,3,,0,0.557563,9,0.158023,11,0.159368,12,0.542490,12,0.563056,2,0.785616,21,0.537500,3,0.153843,18,0.378833,7,0.850550,35,0.967124,28,0.022153,3,0.766342,37,0.631593,37,0.006767,9
fork,paul,,,paper-hrnet__rs19-paul__arm-paul,map_city:nvidia -> rs19:paul -> rad:ours,paper-hrnet__rs19-paul__arm-paul,best,all,37,13,0.636578,0.971750,0.916434,0.602933,21,7435760,0.880883,0.957818,0.916434,0.654020,0.654020,0.949413,0.272235,12,0.515295,5,0.784841,31,0.368824,14,0.654815,6,0.853714,6,0.466021,10,0.562732,12,0.616514,16,0.583742,26,0.721776,5,0.647346,25,0.554011,8,0.636578,13,0.626723,17,0.868255,34,0.972943,28,0.161276,5,0.724219,36,0.795633,32,0.274097,6
fork,paul,,,paper-hrnet__rs19-paul__arm-paul,map_city:nvidia -> rs19:paul -> rad:ours,paper-hrnet__rs19-paul__arm-paul,best,cab-view,28,7,0.524318,0.786823,0.689653,0.591011,21,363290,0.469913,0.595930,0.689653,0.610208,0.610208,0.889190,0.326681,10,0.515295,5,0.808771,27,0.377007,11,0.654815,6,0.853714,6,0.466021,10,0.562732,12,0.610140,14,0.607147,23,0.721776,5,0.647346,25,0.554011,8,0.524318,7,0.626723,17,0.876364,28,0.972943,28,0.161276,5,0.720431,28,0.786344,27,0.037382,4
fork,paul,,,paper-hrnet__rs19-paul__arm-paul,map_city:nvidia -> rs19:paul -> rad:ours,paper-hrnet__rs19-paul__arm-paul,best,not-cab-view,9,6,0.767548,0.980547,0.928083,0.595632,10,7072470,0.911304,0.980547,0.928083,0.607747,0.405165,0.998182,0.000000,2,,0,0.623311,4,0.338818,3,,0,,0,,0,,0,0.661131,2,0.404303,3,,0,,0,,0,0.767548,6,,0,0.830414,6,,0,,0,0.737476,8,0.845790,5,0.747527,2
fork,paul,,,paper-hrnet__rs19-paul__arm-paul,map_city:nvidia -> rs19:paul -> rad:ours,paper-hrnet__rs19-paul__arm-paul,best,excl-trackside-maintenance,32,8,0.458778,0.781234,0.666073,0.595710,21,376151,0.456939,0.592719,0.666073,0.637578,0.637578,0.858788,0.296983,11,0.515295,5,0.780347,30,0.384511,13,0.654815,6,0.853714,6,0.466021,10,0.562732,12,0.616514,16,0.599198,25,0.721776,5,0.647346,25,0.554011,8,0.458778,8,0.626723,17,0.864133,31,0.972943,28,0.161276,5,0.718071,31,0.780617,29,0.274097,6
segmentary,fixed-grouped,eomt_dinov3_large,cityscapes_to_railsem19_to_rtis,,,eomt_dinov3_large--cityscapes_to_railsem19_to_rtis--seed-0,best,all,37,18,0.114865,0.661125,0.139357,0.486158,18,1226250,0.082156,0.166773,0.139357,0.522898,0.448199,0.442561,,0,,0,0.694726,37,0.362924,13,0.632049,3,,0,0.350092,9,0.170078,11,0.402950,12,0.607118,12,0.002467,2,0.733478,21,0.528763,3,0.114865,18,0.450641,7,0.870747,35,0.968871,28,0.286846,3,0.768283,37,0.737811,37,0.068129,9
segmentary,fixed-grouped,eomt_dinov3_large,cityscapes_to_railsem19_to_rtis,,,eomt_dinov3_large--cityscapes_to_railsem19_to_rtis--seed-0,best,cab-view,27,17,0.115035,0.987899,0.131747,0.516614,18,1213322,0.121127,0.600421,0.131747,0.581167,0.498143,0.447276,,0,,0,0.736846,27,0.518220,3,0.632049,3,,0,0.350092,9,0.170078,11,0.575586,3,0.650586,11,0.002467,2,0.733478,21,0.528763,3,0.115035,17,0.486228,6,0.918266,27,0.987714,27,0.286846,3,0.756554,27,0.782114,27,0.068129,9
segmentary,fixed-grouped,eomt_dinov3_large,cityscapes_to_railsem19_to_rtis,,,eomt_dinov3_large--cityscapes_to_railsem19_to_rtis--seed-0,best,not-cab-view,10,1,0.111960,0.114152,0.853574,0.430943,10,12928,0.014513,0.014550,0.853574,0.405016,0.337513,1.000000,,0,,0,0.581002,10,0.316335,10,,0,,0,,0,,0,0.345404,9,0.128973,1,,0,,0,,0,0.111960,1,0.237117,1,0.710369,8,0.460120,1,,0,0.799952,10,0.618194,10,,0
segmentary,fixed-grouped,eomt_dinov3_large,cityscapes_to_railsem19_to_rtis,,,eomt_dinov3_large--cityscapes_to_railsem19_to_rtis--seed-0,best,excl-trackside-maintenance,37,18,0.114865,0.661125,0.139357,0.486158,18,1226250,0.082156,0.166773,0.139357,0.522898,0.448199,0.442561,,0,,0,0.694726,37,0.362924,13,0.632049,3,,0,0.350092,9,0.170078,11,0.402950,12,0.607118,12,0.002467,2,0.733478,21,0.528763,3,0.114865,18,0.450641,7,0.870747,35,0.968871,28,0.286846,3,0.768283,37,0.737811,37,0.068129,9
segmentary,fixed-grouped,eomt_dinov3_large,cityscapes_to_rtis,,,eomt_dinov3_large--cityscapes_to_rtis--seed-0,best,all,37,18,0.391942,0.478019,0.475361,0.496963,18,1226250,0.105791,0.119776,0.475361,0.514156,0.462740,0.442561,,0,,0,0.683923,37,0.290372,13,0.638195,3,,0,0.336985,9,0.151182,11,0.271423,12,0.588477,12,0.215837,2,0.734725,21,0.517111,3,0.391942,18,0.442257,7,0.878211,35,0.969210,28,0.000000,3,0.759886,37,0.732012,37,0.343587,9
segmentary,fixed-grouped,eomt_dinov3_large,cityscapes_to_rtis,,,eomt_dinov3_large--cityscapes_to_rtis--seed-0,best,cab-view,27,17,0.413753,0.879334,0.470465,0.519286,18,1213322,0.423255,0.808350,0.470465,0.578438,0.520594,0.447276,,0,,0,0.786469,27,0.310601,3,0.638195,3,,0,0.336985,9,0.151182,11,0.337930,3,0.641974,11,0.215837,2,0.734725,21,0.517111,3,0.413753,17,0.477894,6,0.924100,27,0.987897,27,0.000000,3,0.741688,27,0.787224,27,0.343587,9
segmentary,fixed-grouped,eomt_dinov3_large,cityscapes_to_rtis,,,eomt_dinov3_large--cityscapes_to_rtis--seed-0,best,not-cab-view,10,1,0.021162,0.021193,0.934870,0.377015,10,12928,0.002904,0.002905,0.934870,0.364827,0.304022,1.000000,,0,,0,0.407049,10,0.284304,10,,0,,0,,0,,0,0.249254,9,0.000000,1,,0,,0,,0,0.021162,1,0.228431,1,0.723335,8,0.464661,1,,0,0.809019,10,0.582940,10,,0
segmentary,fixed-grouped,eomt_dinov3_large,cityscapes_to_rtis,,,eomt_dinov3_large--cityscapes_to_rtis--seed-0,best,excl-trackside-maintenance,37,18,0.391942,0.478019,0.475361,0.496963,18,1226250,0.105791,0.119776,0.475361,0.514156,0.462740,0.442561,,0,,0,0.683923,37,0.290372,13,0.638195,3,,0,0.336985,9,0.151182,11,0.271423,12,0.588477,12,0.215837,2,0.734725,21,0.517111,3,0.391942,18,0.442257,7,0.878211,35,0.969210,28,0.000000,3,0.759886,37,0.732012,37,0.343587,9
segmentary,fixed-grouped,eomt_dinov3_large,railsem19_to_rtis,,,eomt_dinov3_large--railsem19_to_rtis--seed-0,best,all,37,18,0.325312,0.643764,0.388949,0.556146,18,1226250,0.188375,0.267556,0.388949,0.582850,0.499586,0.442561,,0,,0,0.754290,37,0.453795,13,0.545071,3,,0,0.375477,9,0.152440,11,0.447879,12,0.571448,12,0.460878,2,0.728206,21,0.460301,3,0.325312,18,0.471742,7,0.886453,35,0.972363,28,0.488994,3,0.782815,37,0.774002,37,0.359171,9
segmentary,fixed-grouped,eomt_dinov3_large,railsem19_to_rtis,,,eomt_dinov3_large--railsem19_to_rtis--seed-0,best,cab-view,27,17,0.341656,0.964550,0.382930,0.564947,18,1213322,0.371878,0.927983,0.382930,0.635045,0.544325,0.447276,,0,,0,0.810780,27,0.475638,3,0.545071,3,,0,0.375477,9,0.152440,11,0.368556,3,0.610919,11,0.460878,2,0.728206,21,0.460301,3,0.341656,17,0.514545,6,0.924395,27,0.988326,27,0.488994,3,0.766404,27,0.797290,27,0.359171,9
segmentary,fixed-grouped,eomt_dinov3_large,railsem19_to_rtis,,,eomt_dinov3_large--railsem19_to_rtis--seed-0,best,not-cab-view,10,1,0.047471,0.047580,0.953899,0.476099,10,12928,0.009615,0.009620,0.953899,0.455324,0.379437,1.000000,,0,,0,0.601767,10,0.447242,10,,0,,0,,0,,0,0.474319,9,0.137261,1,,0,,0,,0,0.047471,1,0.214923,1,0.758401,8,0.541359,1,,0,0.827126,10,0.711124,10,,0
segmentary,fixed-grouped,eomt_dinov3_large,railsem19_to_rtis,,,eomt_dinov3_large--railsem19_to_rtis--seed-0,best,excl-trackside-maintenance,37,18,0.325312,0.643764,0.388949,0.556146,18,1226250,0.188375,0.267556,0.388949,0.582850,0.499586,0.442561,,0,,0,0.754290,37,0.453795,13,0.545071,3,,0,0.375477,9,0.152440,11,0.447879,12,0.571448,12,0.460878,2,0.728206,21,0.460301,3,0.325312,18,0.471742,7,0.886453,35,0.972363,28,0.488994,3,0.782815,37,0.774002,37,0.359171,9
segmentary,fixed-grouped,eomt_dinov3_large,rtis_only,,,eomt_dinov3_large--rtis_only--seed-0,best,all,37,18,0.370603,0.471350,0.435208,0.478561,18,1226250,0.086720,0.097717,0.435208,0.486722,0.438050,0.442561,,0,,0,0.683077,37,0.260225,13,0.344809,3,,0,0.260190,9,0.114015,11,0.260641,12,0.396045,12,0.365963,2,0.708673,21,0.448044,3,0.370603,18,0.408600,7,0.874690,35,0.967915,28,0.025424,3,0.780808,37,0.750708,37,0.593663,9
segmentary,fixed-grouped,eomt_dinov3_large,rtis_only,,,eomt_dinov3_large--rtis_only--seed-0,best,cab-view,27,17,0.391137,0.930406,0.429694,0.503745,18,1213322,0.407477,0.887400,0.429694,0.565303,0.508772,0.447276,,0,,0,0.797024,27,0.294007,3,0.344809,3,,0,0.260190,9,0.114015,11,0.396287,3,0.432049,11,0.365963,2,0.708673,21,0.448044,3,0.391137,17,0.440450,6,0.919416,27,0.986950,27,0.025424,3,0.767343,27,0.781960,27,0.593663,9
segmentary,fixed-grouped,eomt_dinov3_large,rtis_only,,,eomt_dinov3_large--rtis_only--seed-0,best,not-cab-view,10,1,0.021515,0.021538,0.952738,0.374117,10,12928,0.002527,0.002527,0.952738,0.361778,0.278291,1.000000,,0,,0,0.375423,10,0.250090,10,,0,,0,,0,,0,0.215426,9,0.000000,1,,0,,0,,0,0.021515,1,0.217505,1,0.723740,8,0.453982,1,,0,0.817161,10,0.666330,10,,0
segmentary,fixed-grouped,eomt_dinov3_large,rtis_only,,,eomt_dinov3_large--rtis_only--seed-0,best,excl-trackside-maintenance,37,18,0.370603,0.471350,0.435208,0.478561,18,1226250,0.086720,0.097717,0.435208,0.486722,0.438050,0.442561,,0,,0,0.683077,37,0.260225,13,0.344809,3,,0,0.260190,9,0.114015,11,0.260641,12,0.396045,12,0.365963,2,0.708673,21,0.448044,3,0.370603,18,0.408600,7,0.874690,35,0.967915,28,0.025424,3,0.780808,37,0.750708,37,0.593663,9
segmentary,fixed-grouped,eomt_large,cityscapes_to_railsem19_to_rtis,,,eomt_large--cityscapes_to_railsem19_to_rtis--seed-0,best,all,37,18,0.348672,0.722200,0.390756,0.525206,18,1226250,0.156952,0.207804,0.390756,0.582155,0.551516,0.442561,,0,,0,0.710884,37,0.384260,13,0.462739,3,,0,0.444473,9,0.095035,11,0.528383,12,0.589722,12,0.411491,2,0.740504,21,0.569612,3,0.348672,18,0.510699,7,0.875440,35,0.970233,28,0.300123,3,0.757512,37,0.753921,37,0.000000,9
segmentary,fixed-grouped,eomt_large,cityscapes_to_railsem19_to_rtis,,,eomt_large--cityscapes_to_railsem19_to_rtis--seed-0,best,cab-view,27,17,0.365220,0.921648,0.386181,0.541568,18,1213322,0.346214,0.769865,0.386181,0.629149,0.596036,0.447276,,0,,0,0.776039,27,0.382797,3,0.462739,3,,0,0.444473,9,0.095035,11,0.566447,3,0.643334,11,0.411491,2,0.740504,21,0.569612,3,0.365220,17,0.561437,6,0.917212,27,0.987816,27,0.300123,3,0.742246,27,0.781694,27,0.000000,9
segmentary,fixed-grouped,eomt_large,cityscapes_to_railsem19_to_rtis,,,eomt_large--cityscapes_to_railsem19_to_rtis--seed-0,best,not-cab-view,10,1,0.067354,0.068364,0.820080,0.441661,10,12928,0.006238,0.006247,0.820080,0.430874,0.331441,1.000000,,0,,0,0.534965,10,0.384699,10,,0,,0,,0,,0,0.515695,9,0.000000,1,,0,,0,,0,0.067354,1,0.206271,1,0.734461,8,0.495506,1,,0,0.798729,10,0.678933,10,,0
segmentary,fixed-grouped,eomt_large,cityscapes_to_railsem19_to_rtis,,,eomt_large--cityscapes_to_railsem19_to_rtis--seed-0,best,excl-trackside-maintenance,37,18,0.348672,0.722200,0.390756,0.525206,18,1226250,0.156952,0.207804,0.390756,0.582155,0.551516,0.442561,,0,,0,0.710884,37,0.384260,13,0.462739,3,,0,0.444473,9,0.095035,11,0.528383,12,0.589722,12,0.411491,2,0.740504,21,0.569612,3,0.348672,18,0.510699,7,0.875440,35,0.970233,28,0.300123,3,0.757512,37,0.753921,37,0.000000,9
segmentary,fixed-grouped,eomt_large,cityscapes_to_rtis,,,eomt_large--cityscapes_to_rtis--seed-0,best,all,37,18,0.273323,0.518656,0.284674,0.529588,18,1226250,0.094021,0.123106,0.284674,0.563826,0.534151,0.442561,,0,,0,0.656847,37,0.436192,13,0.629832,3,,0,0.392576,9,0.132805,11,0.395815,12,0.555417,12,0.273655,2,0.737973,21,0.579296,3,0.273323,18,0.545475,7,0.885020,35,0.970806,28,0.157729,3,0.758440,37,0.752516,37,0.398859,9
segmentary,fixed-grouped,eomt_large,cityscapes_to_rtis,,,eomt_large--cityscapes_to_rtis--seed-0,best,cab-view,27,17,0.287453,0.959472,0.278901,0.539380,18,1213322,0.252986,0.731377,0.278901,0.608114,0.576108,0.447276,,0,,0,0.747735,27,0.302040,3,0.629832,3,,0,0.392576,9,0.132805,11,0.428047,3,0.605910,11,0.273655,2,0.737973,21,0.579296,3,0.287453,17,0.612097,6,0.919537,27,0.987995,27,0.157729,3,0.739523,27,0.775772,27,0.398859,9
segmentary,fixed-grouped,eomt_large,cityscapes_to_rtis,,,eomt_large--cityscapes_to_rtis--seed-0,best,not-cab-view,10,1,0.033121,0.033353,0.826501,0.422630,10,12928,0.004499,0.004503,0.826501,0.415915,0.319934,1.000000,,0,,0,0.411446,10,0.476438,10,,0,,0,,0,,0,0.385071,9,0.000000,1,,0,,0,,0,0.033121,1,0.145743,1,0.768523,8,0.506719,1,,0,0.809514,10,0.689725,10,,0
segmentary,fixed-grouped,eomt_large,cityscapes_to_rtis,,,eomt_large--cityscapes_to_rtis--seed-0,best,excl-trackside-maintenance,37,18,0.273323,0.518656,0.284674,0.529588,18,1226250,0.094021,0.123106,0.284674,0.563826,0.534151,0.442561,,0,,0,0.656847,37,0.436192,13,0.629832,3,,0,0.392576,9,0.132805,11,0.395815,12,0.555417,12,0.273655,2,0.737973,21,0.579296,3,0.273323,18,0.545475,7,0.885020,35,0.970806,28,0.157729,3,0.758440,37,0.752516,37,0.398859,9
segmentary,fixed-grouped,eomt_large,railsem19_to_rtis,,,eomt_large--railsem19_to_rtis--seed-0,best,all,37,18,0.098659,0.243997,0.115746,0.515388,18,1226250,0.033275,0.044617,0.115746,0.580107,0.497235,0.442561,,0,,0,0.683557,37,0.434526,13,0.523348,3,,0,0.416307,9,0.166761,11,0.527065,12,0.539305,12,0.496690,2,0.725121,21,0.501588,3,0.098659,18,0.473815,7,0.885231,35,0.968262,28,0.428081,3,0.760034,37,0.648626,37,0.000000,9
segmentary,fixed-grouped,eomt_large,railsem19_to_rtis,,,eomt_large--railsem19_to_rtis--seed-0,best,cab-view,27,17,0.102805,0.944956,0.106642,0.526234,18,1213322,0.104299,0.826020,0.106642,0.618653,0.530274,0.447276,,0,,0,0.761096,27,0.329061,3,0.523348,3,,0,0.416307,9,0.166761,11,0.505540,3,0.588333,11,0.496690,2,0.725121,21,0.501588,3,0.102805,17,0.531135,6,0.916818,27,0.987489,27,0.428081,3,0.753898,27,0.738138,27,0.000000,9
segmentary,fixed-grouped,eomt_large,railsem19_to_rtis,,,eomt_large--railsem19_to_rtis--seed-0,best,not-cab-view,10,1,0.028176,0.028201,0.970220,0.404398,10,12928,0.004147,0.004147,0.970220,0.387418,0.242136,1.000000,,0,,0,0.474203,10,0.466166,10,,0,,0,,0,,0,0.534240,9,0.000000,1,,0,,0,,0,0.028176,1,0.129894,1,0.778623,8,0.449136,1,,0,0.776603,10,0.406942,10,,0
segmentary,fixed-grouped,eomt_large,railsem19_to_rtis,,,eomt_large--railsem19_to_rtis--seed-0,best,excl-trackside-maintenance,37,18,0.098659,0.243997,0.115746,0.515388,18,1226250,0.033275,0.044617,0.115746,0.580107,0.497235,0.442561,,0,,0,0.683557,37,0.434526,13,0.523348,3,,0,0.416307,9,0.166761,11,0.527065,12,0.539305,12,0.496690,2,0.725121,21,0.501588,3,0.098659,18,0.473815,7,0.885231,35,0.968262,28,0.428081,3,0.760034,37,0.648626,37,0.000000,9
segmentary,fixed-grouped,eomt_large,rtis_only,,,eomt_large--rtis_only--seed-0,best,all,37,18,0.328911,0.567142,0.355682,0.508543,18,1226250,0.127261,0.165389,0.355682,0.531567,0.478410,0.442561,,0,,0,0.693819,37,0.385429,13,0.099747,3,,0,0.332612,9,0.123113,11,0.531864,12,0.578267,12,0.341905,2,0.716027,21,0.424065,3,0.328911,18,0.456219,7,0.895983,35,0.967080,28,0.311060,3,0.767391,37,0.766302,37,0.433986,9
segmentary,fixed-grouped,eomt_large,rtis_only,,,eomt_large--rtis_only--seed-0,best,cab-view,27,17,0.345879,0.938498,0.348868,0.497268,18,1213322,0.336102,0.901814,0.348868,0.555148,0.499633,0.447276,,0,,0,0.773017,27,0.278003,3,0.099747,3,,0,0.332612,9,0.123113,11,0.197953,3,0.630837,11,0.341905,2,0.716027,21,0.424065,3,0.345879,17,0.496513,6,0.921816,27,0.986285,27,0.311060,3,0.748176,27,0.789830,27,0.433986,9
segmentary,fixed-grouped,eomt_large,rtis_only,,,eomt_large--rtis_only--seed-0,best,not-cab-view,10,1,0.040450,0.040458,0.995204,0.457509,10,12928,0.005935,0.005935,0.995204,0.447145,0.343958,1.000000,,0,,0,0.479985,10,0.417657,10,,0,,0,,0,,0,0.643168,9,0.000000,1,,0,,0,,0,0.040450,1,0.214454,1,0.808796,8,0.448535,1,,0,0.819273,10,0.702777,10,,0
segmentary,fixed-grouped,eomt_large,rtis_only,,,eomt_large--rtis_only--seed-0,best,excl-trackside-maintenance,37,18,0.328911,0.567142,0.355682,0.508543,18,1226250,0.127261,0.165389,0.355682,0.531567,0.478410,0.442561,,0,,0,0.693819,37,0.385429,13,0.099747,3,,0,0.332612,9,0.123113,11,0.531864,12,0.578267,12,0.341905,2,0.716027,21,0.424065,3,0.328911,18,0.456219,7,0.895983,35,0.967080,28,0.311060,3,0.767391,37,0.766302,37,0.433986,9
segmentary,fixed-grouped,hrnet_w48_ocr,cityscapes_to_railsem19_to_rtis,,,hrnet_w48_ocr--cityscapes_to_railsem19_to_rtis--seed-0,best,all,37,18,0.051595,0.969728,0.066170,0.409148,18,1226250,0.065118,0.803774,0.066170,0.496483,0.446835,0.442561,,0,,0,0.654722,37,0.175869,13,0.380059,3,,0,0.416229,9,0.171651,11,0.109514,12,0.401824,12,0.290412,2,0.728018,21,0.555871,3,0.051595,18,0.157607,7,0.830809,35,0.968403,28,0.111999,3,0.732324,37,0.627763,37,0.000000,9
segmentary,fixed-grouped,hrnet_w48_ocr,cityscapes_to_railsem19_to_rtis,,,hrnet_w48_ocr--cityscapes_to_railsem19_to_rtis--seed-0,best,cab-view,27,17,0.054630,0.970470,0.066875,0.458296,18,1213322,0.066021,0.837887,0.066875,0.574976,0.517478,0.447276,,0,,0,0.747215,27,0.385453,3,0.380059,3,,0,0.416229,9,0.171651,11,0.433751,3,0.438354,11,0.290412,2,0.728018,21,0.555871,3,0.054630,17,0.183875,6,0.895779,27,0.986188,27,0.111999,3,0.743608,27,0.726242,27,0.000000,9
segmentary,fixed-grouped,hrnet_w48_ocr,cityscapes_to_railsem19_to_rtis,,,hrnet_w48_ocr--cityscapes_to_railsem19_to_rtis--seed-0,best,not-cab-view,10,1,0.000000,0.000000,0.000000,0.268288,10,12928,0.000000,0.000000,0.000000,0.246941,0.189955,1.000000,,0,,0,0.404992,10,0.112994,10,,0,,0,,0,,0,0.001435,9,0.000000,1,,0,,0,,0,0.000000,1,0.000000,1,0.611537,8,0.488201,1,,0,0.701857,10,0.361869,10,,0
segmentary,fixed-grouped,hrnet_w48_ocr,cityscapes_to_railsem19_to_rtis,,,hrnet_w48_ocr--cityscapes_to_railsem19_to_rtis--seed-0,best,excl-trackside-maintenance,37,18,0.051595,0.969728,0.066170,0.409148,18,1226250,0.065118,0.803774,0.066170,0.496483,0.446835,0.442561,,0,,0,0.654722,37,0.175869,13,0.380059,3,,0,0.416229,9,0.171651,11,0.109514,12,0.401824,12,0.290412,2,0.728018,21,0.555871,3,0.051595,18,0.157607,7,0.830809,35,0.968403,28,0.111999,3,0.732324,37,0.627763,37,0.000000,9
segmentary,fixed-grouped,hrnet_w48_ocr,cityscapes_to_rtis,,,hrnet_w48_ocr--cityscapes_to_rtis--seed-0,best,all,37,18,0.081001,0.952460,0.123584,0.355452,18,1226250,0.120236,0.816127,0.123584,0.401022,0.343733,0.442561,,0,,0,0.531262,37,0.157979,13,0.198951,3,,0,0.391949,9,0.204172,11,0.056462,12,0.398475,12,0.077922,2,0.715626,21,0.509203,3,0.081001,18,0.093391,7,0.767140,35,0.907283,28,0.044649,3,0.703698,37,0.556320,37,0.002648,9
segmentary,fixed-grouped,hrnet_w48_ocr,cityscapes_to_rtis,,,hrnet_w48_ocr--cityscapes_to_rtis--seed-0,best,cab-view,27,17,0.083841,0.952507,0.124551,0.391109,18,1213322,0.122109,0.861633,0.124551,0.466930,0.400226,0.447276,,0,,0,0.666369,27,0.263885,3,0.198951,3,,0,0.391949,9,0.204172,11,0.219656,3,0.434700,11,0.077922,2,0.715626,21,0.509203,3,0.083841,17,0.104406,6,0.854002,27,0.923813,27,0.044649,3,0.697315,27,0.646857,27,0.002648,9
segmentary,fixed-grouped,hrnet_w48_ocr,cityscapes_to_rtis,,,hrnet_w48_ocr--cityscapes_to_rtis--seed-0,best,not-cab-view,10,1,0.032724,0.935982,0.032797,0.232254,10,12928,0.018594,0.041169,0.032797,0.213977,0.152841,1.000000,,0,,0,0.166472,10,0.126208,10,,0,,0,,0,,0,0.002065,9,0.000000,1,,0,,0,,0,0.032724,1,0.027302,1,0.473980,8,0.460986,1,,0,0.720932,10,0.311872,10,,0
segmentary,fixed-grouped,hrnet_w48_ocr,cityscapes_to_rtis,,,hrnet_w48_ocr--cityscapes_to_rtis--seed-0,best,excl-trackside-maintenance,37,18,0.081001,0.952460,0.123584,0.355452,18,1226250,0.120236,0.816127,0.123584,0.401022,0.343733,0.442561,,0,,0,0.531262,37,0.157979,13,0.198951,3,,0,0.391949,9,0.204172,11,0.056462,12,0.398475,12,0.077922,2,0.715626,21,0.509203,3,0.081001,18,0.093391,7,0.767140,35,0.907283,28,0.044649,3,0.703698,37,0.556320,37,0.002648,9
segmentary,fixed-grouped,hrnet_w48_ocr,railsem19_to_rtis,,,hrnet_w48_ocr--railsem19_to_rtis--seed-0,best,all,37,18,0.071172,0.169939,0.087647,0.449141,18,1226250,0.023994,0.031982,0.087647,0.512827,0.461544,0.442561,,0,,0,0.606212,37,0.358941,13,0.309496,3,,0,0.432203,9,0.090951,11,0.130889,12,0.455046,12,0.521548,2,0.732717,21,0.417920,3,0.071172,18,0.271521,7,0.864366,35,0.961020,28,0.411833,3,0.745780,37,0.701737,37,0.001183,9
segmentary,fixed-grouped,hrnet_w48_ocr,railsem19_to_rtis,,,hrnet_w48_ocr--railsem19_to_rtis--seed-0,best,cab-view,27,17,0.074593,0.997092,0.082814,0.484750,18,1213322,0.082013,0.894459,0.082814,0.565468,0.535706,0.447276,,0,,0,0.742125,27,0.331783,3,0.309496,3,,0,0.432203,9,0.090951,11,0.428105,3,0.496414,11,0.521548,2,0.732717,21,0.417920,3,0.074593,17,0.313845,6,0.904229,27,0.981262,27,0.411833,3,0.758730,27,0.776557,27,0.001183,9
segmentary,fixed-grouped,hrnet_w48_ocr,railsem19_to_rtis,,,hrnet_w48_ocr--railsem19_to_rtis--seed-0,best,not-cab-view,10,1,0.013015,0.013160,0.541228,0.302361,10,12928,0.002150,0.002154,0.541228,0.289082,0.206487,1.000000,,0,,0,0.239249,10,0.367088,10,,0,,0,,0,,0,0.031817,9,0.000000,1,,0,,0,,0,0.013015,1,0.017577,1,0.729828,8,0.414497,1,,0,0.710817,10,0.499722,10,,0
segmentary,fixed-grouped,hrnet_w48_ocr,railsem19_to_rtis,,,hrnet_w48_ocr--railsem19_to_rtis--seed-0,best,excl-trackside-maintenance,37,18,0.071172,0.169939,0.087647,0.449141,18,1226250,0.023994,0.031982,0.087647,0.512827,0.461544,0.442561,,0,,0,0.606212,37,0.358941,13,0.309496,3,,0,0.432203,9,0.090951,11,0.130889,12,0.455046,12,0.521548,2,0.732717,21,0.417920,3,0.071172,18,0.271521,7,0.864366,35,0.961020,28,0.411833,3,0.745780,37,0.701737,37,0.001183,9
segmentary,fixed-grouped,hrnet_w48_ocr,rtis_only,,,hrnet_w48_ocr--rtis_only--seed-0,best,all,37,18,0.065170,0.660099,0.076579,0.348477,18,1226250,0.035982,0.063560,0.076579,0.372272,0.319090,0.442561,,0,,0,0.588043,37,0.305469,13,0.207881,3,,0,0.265126,9,0.123285,11,0.108034,12,0.339924,12,0.028932,2,0.661032,21,0.406780,3,0.065170,18,0.070885,7,0.780833,35,0.928541,28,0.065657,3,0.703729,37,0.612279,37,0.010994,9
segmentary,fixed-grouped,hrnet_w48_ocr,rtis_only,,,hrnet_w48_ocr--rtis_only--seed-0,best,cab-view,27,17,0.061964,0.958498,0.071722,0.374472,18,1213322,0.069583,0.699967,0.071722,0.425003,0.364288,0.447276,,0,,0,0.715184,27,0.271199,3,0.207881,3,,0,0.265126,9,0.123285,11,0.297067,3,0.370826,11,0.028932,2,0.661032,21,0.406780,3,0.061964,17,0.082699,6,0.817893,27,0.950308,27,0.065657,3,0.716252,27,0.687410,27,0.010994,9
segmentary,fixed-grouped,hrnet_w48_ocr,rtis_only,,,hrnet_w48_ocr--rtis_only--seed-0,best,not-cab-view,10,1,0.119675,0.133731,0.532410,0.280113,10,12928,0.005064,0.005087,0.532410,0.255062,0.159414,1.000000,,0,,0,0.244762,10,0.315750,10,,0,,0,,0,,0,0.045023,9,0.000000,1,,0,,0,,0,0.119675,1,0.000000,1,0.655757,8,0.340820,1,,0,0.669918,10,0.409424,10,,0
segmentary,fixed-grouped,hrnet_w48_ocr,rtis_only,,,hrnet_w48_ocr--rtis_only--seed-0,best,excl-trackside-maintenance,37,18,0.065170,0.660099,0.076579,0.348477,18,1226250,0.035982,0.063560,0.076579,0.372272,0.319090,0.442561,,0,,0,0.588043,37,0.305469,13,0.207881,3,,0,0.265126,9,0.123285,11,0.108034,12,0.339924,12,0.028932,2,0.661032,21,0.406780,3,0.065170,18,0.070885,7,0.780833,35,0.928541,28,0.065657,3,0.703729,37,0.612279,37,0.010994,9
segmentary,fixed-grouped,native_convnext_tiny_uper,cityscapes_to_railsem19_to_rtis,,,native_convnext_tiny_uper--cityscapes_to_railsem19_to_rtis--seed-0,best,all,37,18,0.110577,0.601934,0.127505,0.437537,18,1226250,0.090813,0.239874,0.127505,0.489843,0.419865,0.442561,,0,,0,0.605839,37,0.408925,13,0.423686,3,,0,0.376014,9,0.102673,11,0.181382,12,0.423559,12,0.213147,2,0.711605,21,0.441825,3,0.110577,18,0.379960,7,0.874247,35,0.960393,28,0.185194,3,0.754908,37,0.652943,37,0.068792,9
segmentary,fixed-grouped,native_convnext_tiny_uper,cityscapes_to_railsem19_to_rtis,,,native_convnext_tiny_uper--cityscapes_to_railsem19_to_rtis--seed-0,best,cab-view,27,17,0.111948,0.984189,0.120665,0.480296,18,1213322,0.119595,0.930975,0.120665,0.572430,0.490654,0.447276,,0,,0,0.735771,27,0.344598,3,0.423686,3,,0,0.376014,9,0.102673,11,0.618141,3,0.462064,11,0.213147,2,0.711605,21,0.441825,3,0.111948,17,0.424155,6,0.921974,27,0.979657,27,0.185194,3,0.755415,27,0.768675,27,0.068792,9
segmentary,fixed-grouped,native_convnext_tiny_uper,cityscapes_to_railsem19_to_rtis,,,native_convnext_tiny_uper--cityscapes_to_railsem19_to_rtis--seed-0,best,not-cab-view,10,1,0.087274,0.089618,0.769415,0.316856,10,12928,0.019993,0.020113,0.769415,0.292329,0.182706,1.000000,,0,,0,0.255020,10,0.428223,10,,0,,0,,0,,0,0.035796,9,0.000000,1,,0,,0,,0,0.087274,1,0.114788,1,0.713168,8,0.440283,1,,0,0.753540,10,0.340467,10,,0
segmentary,fixed-grouped,native_convnext_tiny_uper,cityscapes_to_railsem19_to_rtis,,,native_convnext_tiny_uper--cityscapes_to_railsem19_to_rtis--seed-0,best,excl-trackside-maintenance,37,18,0.110577,0.601934,0.127505,0.437537,18,1226250,0.090813,0.239874,0.127505,0.489843,0.419865,0.442561,,0,,0,0.605839,37,0.408925,13,0.423686,3,,0,0.376014,9,0.102673,11,0.181382,12,0.423559,12,0.213147,2,0.711605,21,0.441825,3,0.110577,18,0.379960,7,0.874247,35,0.960393,28,0.185194,3,0.754908,37,0.652943,37,0.068792,9
segmentary,fixed-grouped,native_convnext_tiny_uper,cityscapes_to_rtis,,,native_convnext_tiny_uper--cityscapes_to_rtis--seed-0,best,all,37,18,0.040599,0.531971,0.040110,0.388725,18,1226250,0.031149,0.122362,0.040110,0.410582,0.351927,0.442561,,0,,0,0.552337,37,0.397462,13,0.317939,3,,0,0.313785,9,0.062147,11,0.070858,12,0.433967,12,0.148086,2,0.709604,21,0.386538,3,0.040599,18,0.378831,7,0.837481,35,0.932876,28,0.062432,3,0.723089,37,0.581903,37,0.047121,9
segmentary,fixed-grouped,native_convnext_tiny_uper,cityscapes_to_rtis,,,native_convnext_tiny_uper--cityscapes_to_rtis--seed-0,best,cab-view,27,17,0.037396,0.975733,0.036220,0.404940,18,1213322,0.035873,0.789037,0.036220,0.451684,0.387158,0.447276,,0,,0,0.637298,27,0.322900,3,0.317939,3,,0,0.313785,9,0.062147,11,0.132764,3,0.473418,11,0.148086,2,0.709604,21,0.386538,3,0.037396,17,0.421601,6,0.872544,27,0.955133,27,0.062432,3,0.718470,27,0.669752,27,0.047121,9
segmentary,fixed-grouped,native_convnext_tiny_uper,cityscapes_to_rtis,,,native_convnext_tiny_uper--cityscapes_to_rtis--seed-0,best,not-cab-view,10,1,0.095050,0.110464,0.405167,0.314163,10,12928,0.014798,0.015127,0.405167,0.284376,0.189584,1.000000,,0,,0,0.322942,10,0.419831,10,,0,,0,,0,,0,0.050223,9,0.000000,1,,0,,0,,0,0.095050,1,0.122214,1,0.719143,8,0.331961,1,,0,0.735559,10,0.344711,10,,0
segmentary,fixed-grouped,native_convnext_tiny_uper,cityscapes_to_rtis,,,native_convnext_tiny_uper--cityscapes_to_rtis--seed-0,best,excl-trackside-maintenance,37,18,0.040599,0.531971,0.040110,0.388725,18,1226250,0.031149,0.122362,0.040110,0.410582,0.351927,0.442561,,0,,0,0.552337,37,0.397462,13,0.317939,3,,0,0.313785,9,0.062147,11,0.070858,12,0.433967,12,0.148086,2,0.709604,21,0.386538,3,0.040599,18,0.378831,7,0.837481,35,0.932876,28,0.062432,3,0.723089,37,0.581903,37,0.047121,9
segmentary,fixed-grouped,native_convnext_tiny_uper,railsem19_to_rtis,,,native_convnext_tiny_uper--railsem19_to_rtis--seed-0,best,all,37,18,0.053882,0.114755,0.057288,0.441576,18,1226250,0.020701,0.031397,0.057288,0.494640,0.423977,0.442561,,0,,0,0.589852,37,0.307491,13,0.379789,3,,0,0.408881,9,0.063556,11,0.162747,12,0.543513,12,0.310851,2,0.725951,21,0.411910,3,0.053882,18,0.343226,7,0.859641,35,0.969599,28,0.366427,3,0.763554,37,0.660984,37,0.026515,9
segmentary,fixed-grouped,native_convnext_tiny_uper,railsem19_to_rtis,,,native_convnext_tiny_uper--railsem19_to_rtis--seed-0,best,cab-view,27,17,0.055697,0.983577,0.047387,0.489518,18,1213322,0.047209,0.926145,0.047387,0.571183,0.489586,0.447276,,0,,0,0.735735,27,0.349330,3,0.379789,3,,0,0.408881,9,0.063556,11,0.559223,3,0.592923,11,0.310851,2,0.725951,21,0.411910,3,0.055697,17,0.387415,6,0.920075,27,0.988611,27,0.366427,3,0.758219,27,0.770226,27,0.026515,9
segmentary,fixed-grouped,native_convnext_tiny_uper,railsem19_to_rtis,,,native_convnext_tiny_uper--railsem19_to_rtis--seed-0,best,not-cab-view,10,1,0.023025,0.023032,0.986463,0.287856,10,12928,0.005862,0.005862,0.986463,0.269189,0.168243,1.000000,,0,,0,0.195967,10,0.294940,10,,0,,0,,0,,0,0.030589,9,0.000000,1,,0,,0,,0,0.023025,1,0.078095,1,0.655675,8,0.456284,1,,0,0.777956,10,0.366030,10,,0
segmentary,fixed-grouped,native_convnext_tiny_uper,railsem19_to_rtis,,,native_convnext_tiny_uper--railsem19_to_rtis--seed-0,best,excl-trackside-maintenance,37,18,0.053882,0.114755,0.057288,0.441576,18,1226250,0.020701,0.031397,0.057288,0.494640,0.423977,0.442561,,0,,0,0.589852,37,0.307491,13,0.379789,3,,0,0.408881,9,0.063556,11,0.162747,12,0.543513,12,0.310851,2,0.725951,21,0.411910,3,0.053882,18,0.343226,7,0.859641,35,0.969599,28,0.366427,3,0.763554,37,0.660984,37,0.026515,9
segmentary,fixed-grouped,native_convnext_tiny_uper,rtis_only,,,native_convnext_tiny_uper--rtis_only--seed-0,best,all,37,18,0.110863,0.377938,0.133509,0.288368,18,1226250,0.069002,0.124965,0.133509,0.292239,0.276858,0.442561,,0,,0,0.546345,37,0.123172,13,0.000000,3,,0,0.000000,9,0.094017,11,0.152874,12,0.297044,12,0.013752,2,0.539872,21,0.000000,3,0.110863,18,0.257695,7,0.820569,35,0.944013,28,0.000000,3,0.698797,37,0.586649,37,0.004970,9
segmentary,fixed-grouped,native_convnext_tiny_uper,rtis_only,,,native_convnext_tiny_uper--rtis_only--seed-0,best,cab-view,27,17,0.117384,0.924886,0.134932,0.318369,18,1213322,0.132965,0.901192,0.134932,0.346691,0.328444,0.447276,,0,,0,0.650293,27,0.041353,3,0.000000,3,,0,0.000000,9,0.094017,11,0.464882,3,0.324048,11,0.013752,2,0.539872,21,0.000000,3,0.117384,17,0.276340,6,0.882632,27,0.966421,27,0.000000,3,0.681862,27,0.672812,27,0.004970,9
segmentary,fixed-grouped,native_convnext_tiny_uper,rtis_only,,,native_convnext_tiny_uper--rtis_only--seed-0,best,not-cab-view,10,1,0.000000,0.000000,0.000000,0.265674,10,12928,0.000000,0.000000,0.000000,0.243069,0.173621,1.000000,,0,,0,0.265685,10,0.147718,10,,0,,0,,0,,0,0.048871,9,0.000000,1,,0,,0,,0,0.000000,1,0.145825,1,0.611108,8,0.339002,1,,0,0.744523,10,0.354008,10,,0
segmentary,fixed-grouped,native_convnext_tiny_uper,rtis_only,,,native_convnext_tiny_uper--rtis_only--seed-0,best,excl-trackside-maintenance,37,18,0.110863,0.377938,0.133509,0.288368,18,1226250,0.069002,0.124965,0.133509,0.292239,0.276858,0.442561,,0,,0,0.546345,37,0.123172,13,0.000000,3,,0,0.000000,9,0.094017,11,0.152874,12,0.297044,12,0.013752,2,0.539872,21,0.000000,3,0.110863,18,0.257695,7,0.820569,35,0.944013,28,0.000000,3,0.698797,37,0.586649,37,0.004970,9
segmentary,fixed-grouped,segformer_b2,cityscapes_to_railsem19_to_rtis,,,segformer_b2--cityscapes_to_railsem19_to_rtis--seed-0,best,all,37,18,0.173253,0.876513,0.179123,0.419727,18,1226250,0.158835,0.583751,0.179123,0.475881,0.428293,0.442561,,0,,0,0.578135,37,0.458716,13,0.366332,3,,0,0.348433,9,0.185505,11,0.142529,12,0.455948,12,0.094403,2,0.707305,21,0.466865,3,0.173253,18,0.219164,7,0.861926,35,0.966170,28,0.120022,3,0.737284,37,0.624984,37,0.048110,9
segmentary,fixed-grouped,segformer_b2,cityscapes_to_railsem19_to_rtis,,,segformer_b2--cityscapes_to_railsem19_to_rtis--seed-0,best,cab-view,27,17,0.169200,0.978443,0.173199,0.447578,18,1213322,0.166498,0.811447,0.173199,0.531135,0.478022,0.447276,,0,,0,0.720341,27,0.299131,3,0.366332,3,,0,0.348433,9,0.185505,11,0.453639,3,0.497398,11,0.094403,2,0.707305,21,0.466865,3,0.169200,17,0.231013,6,0.913756,27,0.986166,27,0.120022,3,0.738453,27,0.710337,27,0.048110,9
segmentary,fixed-grouped,segformer_b2,cityscapes_to_railsem19_to_rtis,,,segformer_b2--cityscapes_to_railsem19_to_rtis--seed-0,best,not-cab-view,10,1,0.242158,0.265314,0.735071,0.337176,10,12928,0.078719,0.081018,0.735071,0.300521,0.231170,1.000000,,0,,0,0.194178,10,0.506592,10,,0,,0,,0,,0,0.038825,9,0.000000,1,,0,,0,,0,0.242158,1,0.148067,1,0.687002,8,0.426278,1,,0,0.734130,10,0.394530,10,,0
segmentary,fixed-grouped,segformer_b2,cityscapes_to_railsem19_to_rtis,,,segformer_b2--cityscapes_to_railsem19_to_rtis--seed-0,best,excl-trackside-maintenance,37,18,0.173253,0.876513,0.179123,0.419727,18,1226250,0.158835,0.583751,0.179123,0.475881,0.428293,0.442561,,0,,0,0.578135,37,0.458716,13,0.366332,3,,0,0.348433,9,0.185505,11,0.142529,12,0.455948,12,0.094403,2,0.707305,21,0.466865,3,0.173253,18,0.219164,7,0.861926,35,0.966170,28,0.120022,3,0.737284,37,0.624984,37,0.048110,9
segmentary,fixed-grouped,segformer_b2,cityscapes_to_rtis,,,segformer_b2--cityscapes_to_rtis--seed-0,best,all,37,18,0.222099,0.617118,0.252524,0.385098,18,1226250,0.168073,0.334472,0.252524,0.450517,0.386158,0.442561,,0,,0,0.584573,37,0.425532,13,0.335293,3,,0,0.316484,9,0.042289,11,0.121984,12,0.291920,12,0.092668,2,0.684685,21,0.421552,3,0.222099,18,0.181635,7,0.829934,35,0.966953,28,0.093633,3,0.728963,37,0.560663,37,0.030912,9
segmentary,fixed-grouped,segformer_b2,cityscapes_to_rtis,,,segformer_b2--cityscapes_to_rtis--seed-0,best,cab-view,27,17,0.230772,0.859992,0.245582,0.395354,18,1213322,0.231109,0.796807,0.245582,0.477995,0.409710,0.447276,,0,,0,0.657310,27,0.207266,3,0.335293,3,,0,0.316484,9,0.042289,11,0.231224,3,0.318458,11,0.092668,2,0.684685,21,0.421552,3,0.230772,17,0.193906,6,0.895775,27,0.982971,27,0.093633,3,0.732061,27,0.649119,27,0.030912,9
segmentary,fixed-grouped,segformer_b2,cityscapes_to_rtis,,,segformer_b2--cityscapes_to_rtis--seed-0,best,not-cab-view,10,1,0.074664,0.075260,0.904084,0.333206,10,12928,0.021132,0.021179,0.904084,0.323626,0.215751,1.000000,,0,,0,0.388184,10,0.491012,10,,0,,0,,0,,0,0.085571,9,0.000000,1,,0,,0,,0,0.074664,1,0.108005,1,0.607717,8,0.534483,1,,0,0.720597,10,0.321830,10,,0
segmentary,fixed-grouped,segformer_b2,cityscapes_to_rtis,,,segformer_b2--cityscapes_to_rtis--seed-0,best,excl-trackside-maintenance,37,18,0.222099,0.617118,0.252524,0.385098,18,1226250,0.168073,0.334472,0.252524,0.450517,0.386158,0.442561,,0,,0,0.584573,37,0.425532,13,0.335293,3,,0,0.316484,9,0.042289,11,0.121984,12,0.291920,12,0.092668,2,0.684685,21,0.421552,3,0.222099,18,0.181635,7,0.829934,35,0.966953,28,0.093633,3,0.728963,37,0.560663,37,0.030912,9
segmentary,fixed-grouped,segformer_b2,railsem19_to_rtis,,,segformer_b2--railsem19_to_rtis--seed-0,best,all,37,18,0.116671,0.609773,0.138519,0.463845,18,1226250,0.060917,0.098074,0.138519,0.526875,0.451607,0.442561,,0,,0,0.579344,37,0.452254,13,0.359219,3,,0,0.375861,9,0.117162,11,0.154253,12,0.579490,12,0.449961,2,0.724550,21,0.455964,3,0.116671,18,0.374578,7,0.853046,35,0.967021,28,0.367647,3,0.746867,37,0.607478,37,0.067850,9
segmentary,fixed-grouped,segformer_b2,railsem19_to_rtis,,,segformer_b2--railsem19_to_rtis--seed-0,best,cab-view,27,17,0.119341,0.981591,0.133028,0.506833,18,1213322,0.131265,0.908270,0.133028,0.595902,0.510773,0.447276,,0,,0,0.752763,27,0.384725,3,0.359219,3,,0,0.375861,9,0.117162,11,0.617012,3,0.632171,11,0.449961,2,0.724550,21,0.455964,3,0.119341,17,0.415894,6,0.885775,27,0.986568,27,0.367647,3,0.742657,27,0.667874,27,0.067850,9
segmentary,fixed-grouped,segformer_b2,railsem19_to_rtis,,,segformer_b2--railsem19_to_rtis--seed-0,best,not-cab-view,10,1,0.071271,0.074066,0.653852,0.316604,10,12928,0.005423,0.005439,0.653852,0.294761,0.196507,1.000000,,0,,0,0.111110,10,0.472512,10,,0,,0,,0,,0,0.000000,9,0.000000,1,,0,,0,,0,0.071271,1,0.126678,1,0.742587,8,0.439240,1,,0,0.758233,10,0.444411,10,,0
segmentary,fixed-grouped,segformer_b2,railsem19_to_rtis,,,segformer_b2--railsem19_to_rtis--seed-0,best,excl-trackside-maintenance,37,18,0.116671,0.609773,0.138519,0.463845,18,1226250,0.060917,0.098074,0.138519,0.526875,0.451607,0.442561,,0,,0,0.579344,37,0.452254,13,0.359219,3,,0,0.375861,9,0.117162,11,0.154253,12,0.579490,12,0.449961,2,0.724550,21,0.455964,3,0.116671,18,0.374578,7,0.853046,35,0.967021,28,0.367647,3,0.746867,37,0.607478,37,0.067850,9
segmentary,fixed-grouped,segformer_b2,rtis_only,,,segformer_b2--rtis_only--seed-0,best,all,37,18,0.192468,0.631353,0.213042,0.371532,18,1226250,0.100815,0.160637,0.213042,0.398296,0.341396,0.442561,,0,,0,0.551652,37,0.430710,13,0.116429,3,,0,0.311528,9,0.057094,11,0.177495,12,0.371212,12,0.058604,2,0.670238,21,0.300861,3,0.192468,18,0.173104,7,0.807625,35,0.967950,28,0.111250,3,0.726694,37,0.625566,37,0.037103,9
segmentary,fixed-grouped,segformer_b2,rtis_only,,,segformer_b2--rtis_only--seed-0,best,cab-view,27,17,0.199672,0.976539,0.206111,0.409807,18,1213322,0.198715,0.847042,0.206111,0.455728,0.390624,0.447276,,0,,0,0.722397,27,0.252442,3,0.116429,3,,0,0.311528,9,0.057094,11,0.616973,3,0.404958,11,0.058604,2,0.670238,21,0.300861,3,0.199672,17,0.201954,6,0.893517,27,0.982545,27,0.111250,3,0.724004,27,0.714953,27,0.037103,9
segmentary,fixed-grouped,segformer_b2,rtis_only,,,segformer_b2--rtis_only--seed-0,best,not-cab-view,10,1,0.070011,0.070794,0.863552,0.288564,10,12928,0.008376,0.008387,0.863552,0.276898,0.184599,1.000000,,0,,0,0.090641,10,0.484190,10,,0,,0,,0,,0,0.031002,9,0.000000,1,,0,,0,,0,0.070011,1,0.000000,1,0.517739,8,0.573877,1,,0,0.733956,10,0.384220,10,,0
segmentary,fixed-grouped,segformer_b2,rtis_only,,,segformer_b2--rtis_only--seed-0,best,excl-trackside-maintenance,37,18,0.192468,0.631353,0.213042,0.371532,18,1226250,0.100815,0.160637,0.213042,0.398296,0.341396,0.442561,,0,,0,0.551652,37,0.430710,13,0.116429,3,,0,0.311528,9,0.057094,11,0.177495,12,0.371212,12,0.058604,2,0.670238,21,0.300861,3,0.192468,18,0.173104,7,0.807625,35,0.967950,28,0.111250,3,0.726694,37,0.625566,37,0.037103,9
segmentary,fixed-grouped,segformer_b5,cityscapes_to_railsem19_to_rtis,,,segformer_b5--cityscapes_to_railsem19_to_rtis--seed-0,best,all,37,18,0.214434,0.339696,0.273659,0.443768,18,1226250,0.050158,0.057861,0.273659,0.502921,0.452629,0.442561,,0,,0,0.578750,37,0.428794,13,0.361652,3,,0,0.402435,9,0.115690,11,0.094659,12,0.303756,12,0.335027,2,0.722710,21,0.461811,3,0.214434,18,0.275460,7,0.871718,35,0.967390,28,0.359823,3,0.751196,37,0.643727,37,0.098784,9
segmentary,fixed-grouped,segformer_b5,cityscapes_to_railsem19_to_rtis,,,segformer_b5--cityscapes_to_railsem19_to_rtis--seed-0,best,cab-view,27,17,0.225947,0.969737,0.266471,0.478163,18,1213322,0.251864,0.821259,0.266471,0.572713,0.515442,0.447276,,0,,0,0.761171,27,0.329949,3,0.361652,3,,0,0.402435,9,0.115690,11,0.369376,3,0.331371,11,0.335027,2,0.722710,21,0.461811,3,0.225947,17,0.302434,6,0.918079,27,0.988068,27,0.359823,3,0.741947,27,0.780652,27,0.098784,9
segmentary,fixed-grouped,segformer_b5,cityscapes_to_railsem19_to_rtis,,,segformer_b5--cityscapes_to_railsem19_to_rtis--seed-0,best,not-cab-view,10,1,0.018712,0.018731,0.948252,0.285463,10,12928,0.002267,0.002268,0.948252,0.271201,0.193715,1.000000,,0,,0,0.086211,10,0.458448,10,,0,,0,,0,,0,0.003087,9,0.000000,1,,0,,0,,0,0.018712,1,0.113617,1,0.715250,8,0.409102,1,,0,0.776171,10,0.274031,10,,0
segmentary,fixed-grouped,segformer_b5,cityscapes_to_railsem19_to_rtis,,,segformer_b5--cityscapes_to_railsem19_to_rtis--seed-0,best,excl-trackside-maintenance,37,18,0.214434,0.339696,0.273659,0.443768,18,1226250,0.050158,0.057861,0.273659,0.502921,0.452629,0.442561,,0,,0,0.578750,37,0.428794,13,0.361652,3,,0,0.402435,9,0.115690,11,0.094659,12,0.303756,12,0.335027,2,0.722710,21,0.461811,3,0.214434,18,0.275460,7,0.871718,35,0.967390,28,0.359823,3,0.751196,37,0.643727,37,0.098784,9
segmentary,fixed-grouped,segformer_b5,cityscapes_to_rtis,,,segformer_b5--cityscapes_to_rtis--seed-0,best,all,37,18,0.215963,0.272994,0.298805,0.398037,18,1226250,0.046876,0.052670,0.298805,0.441770,0.397593,0.442561,,0,,0,0.526048,37,0.293720,13,0.359241,3,,0,0.298393,9,0.133270,11,0.115228,12,0.318539,12,0.232907,2,0.698115,21,0.445819,3,0.215963,18,0.183436,7,0.862162,35,0.966143,28,0.166461,3,0.727519,37,0.551970,37,0.069737,9
segmentary,fixed-grouped,segformer_b5,cityscapes_to_rtis,,,segformer_b5--cityscapes_to_rtis--seed-0,best,cab-view,27,17,0.227880,0.941858,0.291336,0.425670,18,1213322,0.269177,0.779690,0.291336,0.512233,0.461010,0.447276,,0,,0,0.684321,27,0.251333,3,0.359241,3,,0,0.298393,9,0.133270,11,0.271927,3,0.347497,11,0.232907,2,0.698115,21,0.445819,3,0.227880,17,0.202016,6,0.904732,27,0.985899,27,0.166461,3,0.723595,27,0.658925,27,0.069737,9
segmentary,fixed-grouped,segformer_b5,cityscapes_to_rtis,,,segformer_b5--cityscapes_to_rtis--seed-0,best,not-cab-view,10,1,0.013369,0.013369,0.999845,0.270599,10,12928,0.001988,0.001988,0.999845,0.245389,0.188761,1.000000,,0,,0,0.098712,10,0.306436,10,,0,,0,,0,,0,0.062995,9,0.000000,1,,0,,0,,0,0.013369,1,0.071955,1,0.718489,8,0.432731,1,,0,0.738115,10,0.263193,10,,0
segmentary,fixed-grouped,segformer_b5,cityscapes_to_rtis,,,segformer_b5--cityscapes_to_rtis--seed-0,best,excl-trackside-maintenance,37,18,0.215963,0.272994,0.298805,0.398037,18,1226250,0.046876,0.052670,0.298805,0.441770,0.397593,0.442561,,0,,0,0.526048,37,0.293720,13,0.359241,3,,0,0.298393,9,0.133270,11,0.115228,12,0.318539,12,0.232907,2,0.698115,21,0.445819,3,0.215963,18,0.183436,7,0.862162,35,0.966143,28,0.166461,3,0.727519,37,0.551970,37,0.069737,9
segmentary,fixed-grouped,segformer_b5,railsem19_to_rtis,,,segformer_b5--railsem19_to_rtis--seed-0,best,all,37,18,0.136444,0.388547,0.154404,0.476236,18,1226250,0.055956,0.080680,0.154404,0.538534,0.461600,0.442561,,0,,0,0.615974,37,0.410326,13,0.357144,3,,0,0.469316,9,0.171298,11,0.166851,12,0.564348,12,0.482613,2,0.739543,21,0.465238,3,0.136444,18,0.305894,7,0.873947,35,0.967643,28,0.408710,3,0.747218,37,0.649797,37,0.039940,9
segmentary,fixed-grouped,segformer_b5,railsem19_to_rtis,,,segformer_b5--railsem19_to_rtis--seed-0,best,cab-view,27,17,0.142857,0.980872,0.149102,0.520760,18,1213322,0.147053,0.914532,0.149102,0.611298,0.550169,0.447276,,0,,0,0.750096,27,0.384345,3,0.357144,3,,0,0.469316,9,0.171298,11,0.627133,3,0.615652,11,0.482613,2,0.739543,21,0.465238,3,0.142857,17,0.335597,6,0.909835,27,0.988676,27,0.408710,3,0.736450,27,0.749229,27,0.039940,9
segmentary,fixed-grouped,segformer_b5,railsem19_to_rtis,,,segformer_b5--railsem19_to_rtis--seed-0,best,not-cab-view,10,1,0.027424,0.027831,0.651996,0.315069,10,12928,0.003914,0.003922,0.651996,0.299351,0.187094,1.000000,,0,,0,0.253844,10,0.418120,10,,0,,0,,0,,0,0.013423,9,0.000000,1,,0,,0,,0,0.027424,1,0.127676,1,0.752823,8,0.399752,1,,0,0.776294,10,0.381331,10,,0
segmentary,fixed-grouped,segformer_b5,railsem19_to_rtis,,,segformer_b5--railsem19_to_rtis--seed-0,best,excl-trackside-maintenance,37,18,0.136444,0.388547,0.154404,0.476236,18,1226250,0.055956,0.080680,0.154404,0.538534,0.461600,0.442561,,0,,0,0.615974,37,0.410326,13,0.357144,3,,0,0.469316,9,0.171298,11,0.166851,12,0.564348,12,0.482613,2,0.739543,21,0.465238,3,0.136444,18,0.305894,7,0.873947,35,0.967643,28,0.408710,3,0.747218,37,0.649797,37,0.039940,9
segmentary,fixed-grouped,segformer_b5,rtis_only,,,segformer_b5--rtis_only--seed-0,best,all,37,18,0.119134,0.420269,0.161386,0.371984,18,1226250,0.051946,0.071151,0.161386,0.416602,0.357087,0.442561,,0,,0,0.557346,37,0.350088,13,0.157414,3,,0,0.197175,9,0.093052,11,0.139858,12,0.420762,12,0.075885,2,0.676913,21,0.396005,3,0.119134,18,0.054638,7,0.882205,35,0.965785,28,0.189551,3,0.726073,37,0.630413,37,0.063414,9
segmentary,fixed-grouped,segformer_b5,rtis_only,,,segformer_b5--rtis_only--seed-0,best,cab-view,27,17,0.124354,0.947243,0.156210,0.410281,18,1213322,0.148779,0.757726,0.156210,0.482734,0.434460,0.447276,,0,,0,0.700769,27,0.279063,3,0.157414,3,,0,0.197175,9,0.093052,11,0.557671,3,0.459013,11,0.075885,2,0.676913,21,0.396005,3,0.124354,17,0.059850,6,0.913058,27,0.986526,27,0.189551,3,0.729630,27,0.725718,27,0.063414,9
segmentary,fixed-grouped,segformer_b5,rtis_only,,,segformer_b5--rtis_only--seed-0,best,not-cab-view,10,1,0.030386,0.030897,0.647200,0.286924,10,12928,0.003300,0.003305,0.647200,0.267072,0.178048,1.000000,,0,,0,0.170105,10,0.371396,10,,0,,0,,0,,0,0.000587,9,0.000000,1,,0,,0,,0,0.030386,1,0.023370,1,0.778077,8,0.405758,1,,0,0.716471,10,0.373088,10,,0
segmentary,fixed-grouped,segformer_b5,rtis_only,,,segformer_b5--rtis_only--seed-0,best,excl-trackside-maintenance,37,18,0.119134,0.420269,0.161386,0.371984,18,1226250,0.051946,0.071151,0.161386,0.416602,0.357087,0.442561,,0,,0,0.557346,37,0.350088,13,0.157414,3,,0,0.197175,9,0.093052,11,0.139858,12,0.420762,12,0.075885,2,0.676913,21,0.396005,3,0.119134,18,0.054638,7,0.882205,35,0.965785,28,0.189551,3,0.726073,37,0.630413,37,0.063414,9
segmentary,fixed-grouped,smp_deeplabv3plus_resnet101,cityscapes_to_railsem19_to_rtis,,,smp_deeplabv3plus_resnet101--cityscapes_to_railsem19_to_rtis--seed-0,best,all,37,18,0.054403,0.236120,0.088988,0.373474,18,1226250,0.037241,0.060187,0.088988,0.409226,0.368303,0.442561,,0,,0,0.555486,37,0.239410,13,0.266399,3,,0,0.229034,9,0.047955,11,0.162389,12,0.457004,12,0.049079,2,0.710398,21,0.533100,3,0.054403,18,0.220821,7,0.834433,35,0.957072,28,0.017786,3,0.720702,37,0.662512,37,0.004544,9
segmentary,fixed-grouped,smp_deeplabv3plus_resnet101,cityscapes_to_railsem19_to_rtis,,,smp_deeplabv3plus_resnet101--cityscapes_to_railsem19_to_rtis--seed-0,best,cab-view,27,17,0.055847,0.916581,0.081149,0.427781,18,1213322,0.079688,0.815694,0.081149,0.504737,0.454263,0.447276,,0,,0,0.725653,27,0.317156,3,0.266399,3,,0,0.229034,9,0.047955,11,0.635343,3,0.498549,11,0.049079,2,0.710398,21,0.533100,3,0.055847,17,0.256326,6,0.899762,27,0.978775,27,0.017786,3,0.718516,27,0.755830,27,0.004544,9
segmentary,fixed-grouped,smp_deeplabv3plus_resnet101,cityscapes_to_railsem19_to_rtis,,,smp_deeplabv3plus_resnet101--cityscapes_to_railsem19_to_rtis--seed-0,best,not-cab-view,10,1,0.029864,0.030055,0.824644,0.247670,10,12928,0.006291,0.006300,0.824644,0.225376,0.173366,1.000000,,0,,0,0.096037,10,0.216086,10,,0,,0,,0,,0,0.004738,9,0.000000,1,,0,,0,,0,0.029864,1,0.007790,1,0.613951,8,0.371076,1,,0,0.726605,10,0.410552,10,,0
segmentary,fixed-grouped,smp_deeplabv3plus_resnet101,cityscapes_to_railsem19_to_rtis,,,smp_deeplabv3plus_resnet101--cityscapes_to_railsem19_to_rtis--seed-0,best,excl-trackside-maintenance,37,18,0.054403,0.236120,0.088988,0.373474,18,1226250,0.037241,0.060187,0.088988,0.409226,0.368303,0.442561,,0,,0,0.555486,37,0.239410,13,0.266399,3,,0,0.229034,9,0.047955,11,0.162389,12,0.457004,12,0.049079,2,0.710398,21,0.533100,3,0.054403,18,0.220821,7,0.834433,35,0.957072,28,0.017786,3,0.720702,37,0.662512,37,0.004544,9
segmentary,fixed-grouped,smp_deeplabv3plus_resnet101,cityscapes_to_rtis,,,smp_deeplabv3plus_resnet101--cityscapes_to_rtis--seed-0,best,all,37,18,0.043730,0.084222,0.067895,0.244002,18,1226250,0.013768,0.016977,0.067895,0.235825,0.223413,0.442561,,0,,0,0.384021,37,0.000001,13,0.000000,3,,0,0.000000,9,0.007039,11,0.125231,12,0.244789,12,0.000000,2,0.590903,21,0.000000,3,0.043730,18,0.216683,7,0.728076,35,0.937442,28,0.000000,3,0.620454,37,0.493666,37,0.000000,9
segmentary,fixed-grouped,smp_deeplabv3plus_resnet101,cityscapes_to_rtis,,,smp_deeplabv3plus_resnet101--cityscapes_to_rtis--seed-0,best,cab-view,27,17,0.045694,0.329038,0.062097,0.275356,18,1213322,0.033963,0.069733,0.062097,0.282767,0.267884,0.447276,,0,,0,0.496643,27,0.000000,3,0.000000,3,,0,0.000000,9,0.007039,11,0.363502,3,0.267043,11,0.000000,2,0.590903,21,0.000000,3,0.045694,17,0.223028,6,0.799912,27,0.957770,27,0.000000,3,0.630659,27,0.574215,27,0.000000,9
segmentary,fixed-grouped,smp_deeplabv3plus_resnet101,cityscapes_to_rtis,,,smp_deeplabv3plus_resnet101--cityscapes_to_rtis--seed-0,best,not-cab-view,10,1,0.010348,0.010417,0.612005,0.205803,10,12928,0.002067,0.002069,0.612005,0.181334,0.129524,1.000000,,0,,0,0.079942,10,0.000001,10,,0,,0,,0,,0,0.045807,9,0.000000,1,,0,,0,,0,0.010348,1,0.178612,1,0.485627,8,0.388606,1,,0,0.592899,10,0.276186,10,,0
segmentary,fixed-grouped,smp_deeplabv3plus_resnet101,cityscapes_to_rtis,,,smp_deeplabv3plus_resnet101--cityscapes_to_rtis--seed-0,best,excl-trackside-maintenance,37,18,0.043730,0.084222,0.067895,0.244002,18,1226250,0.013768,0.016977,0.067895,0.235825,0.223413,0.442561,,0,,0,0.384021,37,0.000001,13,0.000000,3,,0,0.000000,9,0.007039,11,0.125231,12,0.244789,12,0.000000,2,0.590903,21,0.000000,3,0.043730,18,0.216683,7,0.728076,35,0.937442,28,0.000000,3,0.620454,37,0.493666,37,0.000000,9
segmentary,fixed-grouped,smp_deeplabv3plus_resnet101,railsem19_to_rtis,,,smp_deeplabv3plus_resnet101--railsem19_to_rtis--seed-0,best,all,37,18,0.133748,0.370379,0.167693,0.425202,18,1226250,0.056464,0.078449,0.167693,0.492414,0.443172,0.442561,,0,,0,0.639673,37,0.348473,13,0.083736,3,,0,0.348396,9,0.086824,11,0.162611,12,0.498942,12,0.477834,2,0.700180,21,0.446946,3,0.133748,18,0.232027,7,0.841376,35,0.944006,28,0.373264,3,0.695847,37,0.631181,37,0.008581,9
segmentary,fixed-grouped,smp_deeplabv3plus_resnet101,railsem19_to_rtis,,,smp_deeplabv3plus_resnet101--railsem19_to_rtis--seed-0,best,cab-view,27,17,0.139331,0.864108,0.158844,0.465326,18,1213322,0.136576,0.493477,0.158844,0.549279,0.494351,0.447276,,0,,0,0.726966,27,0.276161,3,0.083736,3,,0,0.348396,9,0.086824,11,0.650215,3,0.544300,11,0.477834,2,0.700180,21,0.446946,3,0.139331,17,0.269194,6,0.882807,27,0.958356,27,0.373264,3,0.692371,27,0.710411,27,0.008581,9
segmentary,fixed-grouped,smp_deeplabv3plus_resnet101,railsem19_to_rtis,,,smp_deeplabv3plus_resnet101--railsem19_to_rtis--seed-0,best,not-cab-view,10,1,0.038846,0.038849,0.998144,0.320268,10,12928,0.005785,0.005785,0.998144,0.304179,0.233984,1.000000,,0,,0,0.403980,10,0.370166,10,,0,,0,,0,,0,0.000076,9,0.000000,1,,0,,0,,0,0.038846,1,0.009030,1,0.701547,8,0.556546,1,,0,0.705233,10,0.417258,10,,0
segmentary,fixed-grouped,smp_deeplabv3plus_resnet101,railsem19_to_rtis,,,smp_deeplabv3plus_resnet101--railsem19_to_rtis--seed-0,best,excl-trackside-maintenance,37,18,0.133748,0.370379,0.167693,0.425202,18,1226250,0.056464,0.078449,0.167693,0.492414,0.443172,0.442561,,0,,0,0.639673,37,0.348473,13,0.083736,3,,0,0.348396,9,0.086824,11,0.162611,12,0.498942,12,0.477834,2,0.700180,21,0.446946,3,0.133748,18,0.232027,7,0.841376,35,0.944006,28,0.373264,3,0.695847,37,0.631181,37,0.008581,9
segmentary,fixed-grouped,smp_deeplabv3plus_resnet101,rtis_only,,,smp_deeplabv3plus_resnet101--rtis_only--seed-0,best,all,37,18,0.152818,0.641329,0.194246,0.306294,18,1226250,0.066249,0.091354,0.194246,0.301932,0.258798,0.442561,,0,,0,0.542460,37,0.209087,13,0.000000,3,,0,0.018584,9,0.084491,11,0.155469,12,0.322810,12,0.123191,2,0.577444,21,0.222114,3,0.152818,18,0.147575,7,0.799075,35,0.905269,28,0.000744,3,0.611424,37,0.627923,37,0.012815,9
segmentary,fixed-grouped,smp_deeplabv3plus_resnet101,rtis_only,,,smp_deeplabv3plus_resnet101--rtis_only--seed-0,best,cab-view,27,17,0.156328,0.857382,0.188009,0.336475,18,1213322,0.108181,0.203050,0.188009,0.352280,0.301955,0.447276,,0,,0,0.637452,27,0.247644,3,0.000000,3,,0,0.018584,9,0.084491,11,0.405187,3,0.352156,11,0.123191,2,0.577444,21,0.222114,3,0.156328,17,0.172170,6,0.831662,27,0.930230,27,0.000744,3,0.568078,27,0.716263,27,0.012815,9
segmentary,fixed-grouped,smp_deeplabv3plus_resnet101,rtis_only,,,smp_deeplabv3plus_resnet101--rtis_only--seed-0,best,not-cab-view,10,1,0.093155,0.095674,0.779626,0.268715,10,12928,0.006779,0.006792,0.779626,0.246226,0.153891,1.000000,,0,,0,0.285982,10,0.197520,10,,0,,0,,0,,0,0.072229,9,0.000000,1,,0,,0,,0,0.093155,1,0.000000,1,0.689094,8,0.231306,1,,0,0.728459,10,0.389405,10,,0
segmentary,fixed-grouped,smp_deeplabv3plus_resnet101,rtis_only,,,smp_deeplabv3plus_resnet101--rtis_only--seed-0,best,excl-trackside-maintenance,37,18,0.152818,0.641329,0.194246,0.306294,18,1226250,0.066249,0.091354,0.194246,0.301932,0.258798,0.442561,,0,,0,0.542460,37,0.209087,13,0.000000,3,,0,0.018584,9,0.084491,11,0.155469,12,0.322810,12,0.123191,2,0.577444,21,0.222114,3,0.152818,18,0.147575,7,0.799075,35,0.905269,28,0.000744,3,0.611424,37,0.627923,37,0.012815,9
segmentary,fixed-grouped,smp_fpn_resnet50,cityscapes_to_railsem19_to_rtis,,,smp_fpn_resnet50--cityscapes_to_railsem19_to_rtis--seed-0,best,all,37,18,0.120908,0.699119,0.166996,0.378433,18,1226250,0.144256,0.514409,0.166996,0.411361,0.352595,0.442561,,0,,0,0.583910,37,0.284931,13,0.224784,3,,0,0.291987,9,0.255332,11,0.144894,12,0.428548,12,0.112712,2,0.645841,21,0.365470,3,0.120908,18,0.234571,7,0.815349,35,0.946652,28,0.001362,3,0.704110,37,0.629336,37,0.021104,9
segmentary,fixed-grouped,smp_fpn_resnet50,cityscapes_to_railsem19_to_rtis,,,smp_fpn_resnet50--cityscapes_to_railsem19_to_rtis--seed-0,best,cab-view,27,17,0.121451,0.861910,0.162379,0.421401,18,1213322,0.157623,0.843294,0.162379,0.483991,0.414849,0.447276,,0,,0,0.725348,27,0.319332,3,0.224784,3,,0,0.291987,9,0.255332,11,0.511034,3,0.467507,11,0.112712,2,0.645841,21,0.365470,3,0.121451,17,0.262843,6,0.899203,27,0.967866,27,0.001362,3,0.691998,27,0.700046,27,0.021104,9
segmentary,fixed-grouped,smp_fpn_resnet50,cityscapes_to_railsem19_to_rtis,,,smp_fpn_resnet50--cityscapes_to_railsem19_to_rtis--seed-0,best,not-cab-view,10,1,0.111679,0.120649,0.600325,0.275757,10,12928,0.045754,0.047192,0.600325,0.249123,0.191633,1.000000,,0,,0,0.202026,10,0.274611,10,,0,,0,,0,,0,0.022847,9,0.000000,1,,0,,0,,0,0.111679,1,0.064939,1,0.532341,8,0.373895,1,,0,0.736812,10,0.438420,10,,0
segmentary,fixed-grouped,smp_fpn_resnet50,cityscapes_to_railsem19_to_rtis,,,smp_fpn_resnet50--cityscapes_to_railsem19_to_rtis--seed-0,best,excl-trackside-maintenance,37,18,0.120908,0.699119,0.166996,0.378433,18,1226250,0.144256,0.514409,0.166996,0.411361,0.352595,0.442561,,0,,0,0.583910,37,0.284931,13,0.224784,3,,0,0.291987,9,0.255332,11,0.144894,12,0.428548,12,0.112712,2,0.645841,21,0.365470,3,0.120908,18,0.234571,7,0.815349,35,0.946652,28,0.001362,3,0.704110,37,0.629336,37,0.021104,9
segmentary,fixed-grouped,smp_fpn_resnet50,cityscapes_to_rtis,,,smp_fpn_resnet50--cityscapes_to_rtis--seed-0,best,all,37,18,0.091170,0.554588,0.100071,0.315016,18,1226250,0.082353,0.317472,0.100071,0.321690,0.289521,0.442561,,0,,0,0.494965,37,0.158068,13,0.153252,3,,0,0.118342,9,0.135685,11,0.046491,12,0.325207,12,0.000000,2,0.650888,21,0.277931,3,0.091170,18,0.236282,7,0.792440,35,0.932883,28,0.000000,3,0.670329,37,0.586201,37,0.000159,9
segmentary,fixed-grouped,smp_fpn_resnet50,cityscapes_to_rtis,,,smp_fpn_resnet50--cityscapes_to_rtis--seed-0,best,cab-view,27,17,0.090219,0.871824,0.092739,0.346626,18,1213322,0.090671,0.802645,0.092739,0.392439,0.353195,0.447276,,0,,0,0.606968,27,0.260912,3,0.153252,3,,0,0.118342,9,0.135685,11,0.137290,3,0.354771,11,0.000000,2,0.650888,21,0.277931,3,0.090219,17,0.266410,6,0.888357,27,0.953427,27,0.000000,3,0.680064,27,0.664600,27,0.000159,9
segmentary,fixed-grouped,smp_fpn_resnet50,cityscapes_to_rtis,,,smp_fpn_resnet50--cityscapes_to_rtis--seed-0,best,not-cab-view,10,1,0.107331,0.110518,0.788212,0.236431,10,12928,0.040911,0.041366,0.788212,0.208602,0.139068,1.000000,,0,,0,0.192556,10,0.127215,10,,0,,0,,0,,0,0.016225,9,0.000000,1,,0,,0,,0,0.107331,1,0.055516,1,0.468719,8,0.378180,1,,0,0.644043,10,0.374523,10,,0
segmentary,fixed-grouped,smp_fpn_resnet50,cityscapes_to_rtis,,,smp_fpn_resnet50--cityscapes_to_rtis--seed-0,best,excl-trackside-maintenance,37,18,0.091170,0.554588,0.100071,0.315016,18,1226250,0.082353,0.317472,0.100071,0.321690,0.289521,0.442561,,0,,0,0.494965,37,0.158068,13,0.153252,3,,0,0.118342,9,0.135685,11,0.046491,12,0.325207,12,0.000000,2,0.650888,21,0.277931,3,0.091170,18,0.236282,7,0.792440,35,0.932883,28,0.000000,3,0.670329,37,0.586201,37,0.000159,9
segmentary,fixed-grouped,smp_fpn_resnet50,railsem19_to_rtis,,,smp_fpn_resnet50--railsem19_to_rtis--seed-0,best,all,37,18,0.154502,0.534551,0.213166,0.434422,18,1226250,0.128203,0.243371,0.213166,0.487996,0.418282,0.442561,,0,,0,0.621905,37,0.269141,13,0.290884,3,,0,0.332830,9,0.285792,11,0.154653,12,0.431204,12,0.496470,2,0.628227,21,0.478465,3,0.154502,18,0.233837,7,0.855368,35,0.962524,28,0.238260,3,0.710291,37,0.657131,37,0.018110,9
segmentary,fixed-grouped,smp_fpn_resnet50,railsem19_to_rtis,,,smp_fpn_resnet50--railsem19_to_rtis--seed-0,best,cab-view,27,17,0.162325,0.927164,0.211529,0.477084,18,1213322,0.207132,0.908796,0.211529,0.558818,0.502937,0.447276,,0,,0,0.746673,27,0.210582,3,0.290884,3,,0,0.332830,9,0.285792,11,0.576977,3,0.470404,11,0.496470,2,0.628227,21,0.478465,3,0.162325,17,0.271386,6,0.918572,27,0.980419,27,0.238260,3,0.706623,27,0.774516,27,0.018110,9
segmentary,fixed-grouped,smp_fpn_resnet50,railsem19_to_rtis,,,smp_fpn_resnet50--railsem19_to_rtis--seed-0,best,not-cab-view,10,1,0.021518,0.022349,0.366801,0.279749,10,12928,0.005929,0.005990,0.366801,0.263801,0.188429,1.000000,,0,,0,0.285031,10,0.286709,10,,0,,0,,0,,0,0.013878,9,0.000000,1,,0,,0,,0,0.021518,1,0.008545,1,0.642056,8,0.479364,1,,0,0.720194,10,0.340193,10,,0
segmentary,fixed-grouped,smp_fpn_resnet50,railsem19_to_rtis,,,smp_fpn_resnet50--railsem19_to_rtis--seed-0,best,excl-trackside-maintenance,37,18,0.154502,0.534551,0.213166,0.434422,18,1226250,0.128203,0.243371,0.213166,0.487996,0.418282,0.442561,,0,,0,0.621905,37,0.269141,13,0.290884,3,,0,0.332830,9,0.285792,11,0.154653,12,0.431204,12,0.496470,2,0.628227,21,0.478465,3,0.154502,18,0.233837,7,0.855368,35,0.962524,28,0.238260,3,0.710291,37,0.657131,37,0.018110,9
segmentary,fixed-grouped,smp_fpn_resnet50,rtis_only,,,smp_fpn_resnet50--rtis_only--seed-0,best,all,37,18,0.094073,0.238708,0.121150,0.235327,18,1226250,0.047969,0.073569,0.121150,0.223704,0.201333,0.442561,,0,,0,0.393749,37,0.168427,13,0.000000,3,,0,0.000000,9,0.077093,11,0.109320,12,0.214083,12,0.000000,2,0.403829,21,0.000000,3,0.094073,18,0.096062,7,0.752488,35,0.854672,28,0.000000,3,0.562011,37,0.510078,37,0.000000,9
segmentary,fixed-grouped,smp_fpn_resnet50,rtis_only,,,smp_fpn_resnet50--rtis_only--seed-0,best,cab-view,27,17,0.097913,0.666756,0.112507,0.254465,18,1213322,0.102548,0.536715,0.112507,0.255621,0.230059,0.447276,,0,,0,0.516392,27,0.111914,3,0.000000,3,,0,0.000000,9,0.077093,11,0.265306,3,0.233545,11,0.000000,2,0.403829,21,0.000000,3,0.097913,17,0.098895,6,0.816531,27,0.878741,27,0.000000,3,0.518158,27,0.562045,27,0.000000,9
segmentary,fixed-grouped,smp_fpn_resnet50,rtis_only,,,smp_fpn_resnet50--rtis_only--seed-0,best,not-cab-view,10,1,0.028801,0.028861,0.932317,0.220450,10,12928,0.006826,0.006829,0.932317,0.196843,0.151418,1.000000,,0,,0,0.062612,10,0.185381,10,,0,,0,,0,,0,0.057324,9,0.000000,1,,0,,0,,0,0.028801,1,0.079067,1,0.536339,8,0.204791,1,,0,0.680414,10,0.369768,10,,0
segmentary,fixed-grouped,smp_fpn_resnet50,rtis_only,,,smp_fpn_resnet50--rtis_only--seed-0,best,excl-trackside-maintenance,37,18,0.094073,0.238708,0.121150,0.235327,18,1226250,0.047969,0.073569,0.121150,0.223704,0.201333,0.442561,,0,,0,0.393749,37,0.168427,13,0.000000,3,,0,0.000000,9,0.077093,11,0.109320,12,0.214083,12,0.000000,2,0.403829,21,0.000000,3,0.094073,18,0.096062,7,0.752488,35,0.854672,28,0.000000,3,0.562011,37,0.510078,37,0.000000,9
segmentary,fixed-grouped,smp_upernet_resnet101,cityscapes_to_railsem19_to_rtis,,,smp_upernet_resnet101--cityscapes_to_railsem19_to_rtis--seed-0,best,all,37,18,0.158425,0.702522,0.205282,0.357799,18,1226250,0.158972,0.413384,0.205282,0.372724,0.319478,0.442561,,0,,0,0.550371,37,0.372414,13,0.000000,3,,0,0.292815,9,0.195190,11,0.098420,12,0.419527,12,0.001040,2,0.693905,21,0.364086,3,0.158425,18,0.198885,7,0.823593,35,0.956992,28,0.000000,3,0.716480,37,0.583866,37,0.014364,9
segmentary,fixed-grouped,smp_upernet_resnet101,cityscapes_to_railsem19_to_rtis,,,smp_upernet_resnet101--cityscapes_to_railsem19_to_rtis--seed-0,best,cab-view,27,17,0.161956,0.893032,0.200135,0.392675,18,1213322,0.193158,0.847112,0.200135,0.439272,0.376519,0.447276,,0,,0,0.718189,27,0.350523,3,0.000000,3,,0,0.292815,9,0.195190,11,0.393680,3,0.457666,11,0.001040,2,0.693905,21,0.364086,3,0.161956,17,0.210120,6,0.893667,27,0.971896,27,0.000000,3,0.693789,27,0.655265,27,0.014364,9
segmentary,fixed-grouped,smp_upernet_resnet101,cityscapes_to_railsem19_to_rtis,,,smp_upernet_resnet101--cityscapes_to_railsem19_to_rtis--seed-0,best,not-cab-view,10,1,0.098403,0.102992,0.688351,0.301663,10,12928,0.027271,0.027612,0.688351,0.265365,0.204127,1.000000,,0,,0,0.097263,10,0.378981,10,,0,,0,,0,,0,0.000000,9,0.000000,1,,0,,0,,0,0.098403,1,0.131476,1,0.587092,8,0.554584,1,,0,0.777743,10,0.391090,10,,0
segmentary,fixed-grouped,smp_upernet_resnet101,cityscapes_to_railsem19_to_rtis,,,smp_upernet_resnet101--cityscapes_to_railsem19_to_rtis--seed-0,best,excl-trackside-maintenance,37,18,0.158425,0.702522,0.205282,0.357799,18,1226250,0.158972,0.413384,0.205282,0.372724,0.319478,0.442561,,0,,0,0.550371,37,0.372414,13,0.000000,3,,0,0.292815,9,0.195190,11,0.098420,12,0.419527,12,0.001040,2,0.693905,21,0.364086,3,0.158425,18,0.198885,7,0.823593,35,0.956992,28,0.000000,3,0.716480,37,0.583866,37,0.014364,9
segmentary,fixed-grouped,smp_upernet_resnet101,cityscapes_to_rtis,,,smp_upernet_resnet101--cityscapes_to_rtis--seed-0,best,all,37,18,0.204536,0.541993,0.298392,0.286690,18,1226250,0.163371,0.265270,0.298392,0.260946,0.223668,0.442561,,0,,0,0.481012,37,0.155966,13,0.000000,3,,0,0.000000,9,0.122473,11,0.041777,12,0.366361,12,0.000000,2,0.597564,21,0.000000,3,0.204536,18,0.315062,7,0.744506,35,0.927765,28,0.000000,3,0.661381,37,0.537754,37,0.004256,9
segmentary,fixed-grouped,smp_upernet_resnet101,cityscapes_to_rtis,,,smp_upernet_resnet101--cityscapes_to_rtis--seed-0,best,cab-view,27,17,0.214968,0.736319,0.297246,0.316917,18,1213322,0.254678,0.640081,0.297246,0.327168,0.280430,0.447276,,0,,0,0.609176,27,0.211708,3,0.000000,3,,0,0.000000,9,0.122473,11,0.155048,3,0.399667,11,0.000000,2,0.597564,21,0.000000,3,0.214968,17,0.355333,6,0.829674,27,0.951127,27,0.000000,3,0.682763,27,0.570753,27,0.004256,9
segmentary,fixed-grouped,smp_upernet_resnet101,cityscapes_to_rtis,,,smp_upernet_resnet101--cityscapes_to_rtis--seed-0,best,not-cab-view,10,1,0.027195,0.028322,0.405941,0.218520,10,12928,0.006372,0.006432,0.405941,0.192091,0.147762,1.000000,,0,,0,0.134968,10,0.139244,10,,0,,0,,0,,0,0.004021,9,0.000000,1,,0,,0,,0,0.027195,1,0.073435,1,0.457065,8,0.296969,1,,0,0.603650,10,0.448658,10,,0
segmentary,fixed-grouped,smp_upernet_resnet101,cityscapes_to_rtis,,,smp_upernet_resnet101--cityscapes_to_rtis--seed-0,best,excl-trackside-maintenance,37,18,0.204536,0.541993,0.298392,0.286690,18,1226250,0.163371,0.265270,0.298392,0.260946,0.223668,0.442561,,0,,0,0.481012,37,0.155966,13,0.000000,3,,0,0.000000,9,0.122473,11,0.041777,12,0.366361,12,0.000000,2,0.597564,21,0.000000,3,0.204536,18,0.315062,7,0.744506,35,0.927765,28,0.000000,3,0.661381,37,0.537754,37,0.004256,9
segmentary,fixed-grouped,smp_upernet_resnet101,railsem19_to_rtis,,,smp_upernet_resnet101--railsem19_to_rtis--seed-0,best,all,37,18,0.096190,0.512778,0.133620,0.336331,18,1226250,0.086722,0.198129,0.133620,0.351609,0.301379,0.442561,,0,,0,0.605569,37,0.168817,13,0.000000,3,,0,0.000000,9,0.111634,11,0.144469,12,0.486135,12,0.352568,2,0.678231,21,0.000000,3,0.096190,18,0.293140,7,0.781752,35,0.948621,28,0.000000,3,0.726036,37,0.643570,37,0.017225,9
segmentary,fixed-grouped,smp_upernet_resnet101,railsem19_to_rtis,,,smp_upernet_resnet101--railsem19_to_rtis--seed-0,best,cab-view,27,17,0.098695,0.834300,0.128967,0.383215,18,1213322,0.124387,0.777921,0.128967,0.422689,0.362305,0.447276,,0,,0,0.729673,27,0.228814,3,0.000000,3,,0,0.000000,9,0.111634,11,0.561984,3,0.530329,11,0.352568,2,0.678231,21,0.000000,3,0.098695,17,0.337167,6,0.860384,27,0.962066,27,0.000000,3,0.714798,27,0.714297,27,0.017225,9
segmentary,fixed-grouped,smp_upernet_resnet101,railsem19_to_rtis,,,smp_upernet_resnet101--railsem19_to_rtis--seed-0,best,not-cab-view,10,1,0.053608,0.055865,0.570312,0.282015,10,12928,0.011677,0.011781,0.570312,0.262867,0.187762,1.000000,,0,,0,0.270489,10,0.150817,10,,0,,0,,0,,0,0.005297,9,0.000000,1,,0,,0,,0,0.053608,1,0.028974,1,0.516369,8,0.585615,1,,0,0.756377,10,0.452607,10,,0
segmentary,fixed-grouped,smp_upernet_resnet101,railsem19_to_rtis,,,smp_upernet_resnet101--railsem19_to_rtis--seed-0,best,excl-trackside-maintenance,37,18,0.096190,0.512778,0.133620,0.336331,18,1226250,0.086722,0.198129,0.133620,0.351609,0.301379,0.442561,,0,,0,0.605569,37,0.168817,13,0.000000,3,,0,0.000000,9,0.111634,11,0.144469,12,0.486135,12,0.352568,2,0.678231,21,0.000000,3,0.096190,18,0.293140,7,0.781752,35,0.948621,28,0.000000,3,0.726036,37,0.643570,37,0.017225,9
segmentary,fixed-grouped,smp_upernet_resnet101,rtis_only,,,smp_upernet_resnet101--rtis_only--seed-0,best,all,37,18,0.068876,0.606839,0.083963,0.264792,18,1226250,0.068087,0.264756,0.083963,0.255794,0.219252,0.442561,,0,,0,0.486820,37,0.191881,13,0.020527,3,,0,0.000000,9,0.198510,11,0.072130,12,0.250776,12,0.000000,2,0.580558,21,0.005904,3,0.068876,18,0.150554,7,0.582874,35,0.926359,28,0.000000,3,0.658161,37,0.568682,37,0.003641,9
segmentary,fixed-grouped,smp_upernet_resnet101,rtis_only,,,smp_upernet_resnet101--rtis_only--seed-0,best,cab-view,27,17,0.072928,0.746531,0.084858,0.287247,18,1213322,0.081434,0.668684,0.084858,0.300195,0.257310,0.447276,,0,,0,0.599604,27,0.159070,3,0.020527,3,,0,0.000000,9,0.198510,11,0.283029,3,0.273573,11,0.000000,2,0.580558,21,0.005904,3,0.072928,17,0.172194,6,0.580169,27,0.949014,27,0.000000,3,0.639932,27,0.631784,27,0.003641,9
segmentary,fixed-grouped,smp_upernet_resnet101,rtis_only,,,smp_upernet_resnet101--rtis_only--seed-0,best,not-cab-view,10,1,0.000000,0.000000,0.000000,0.241892,10,12928,0.000000,0.000000,0.000000,0.229774,0.164125,1.000000,,0,,0,0.182304,10,0.201725,10,,0,,0,,0,,0,0.001830,9,0.000000,1,,0,,0,,0,0.000000,1,0.020720,1,0.592000,8,0.314658,1,,0,0.707381,10,0.398306,10,,0
segmentary,fixed-grouped,smp_upernet_resnet101,rtis_only,,,smp_upernet_resnet101--rtis_only--seed-0,best,excl-trackside-maintenance,37,18,0.068876,0.606839,0.083963,0.264792,18,1226250,0.068087,0.264756,0.083963,0.255794,0.219252,0.442561,,0,,0,0.486820,37,0.191881,13,0.020527,3,,0,0.000000,9,0.198510,11,0.072130,12,0.250776,12,0.000000,2,0.580558,21,0.005904,3,0.068876,18,0.150554,7,0.582874,35,0.926359,28,0.000000,3,0.658161,37,0.568682,37,0.003641,9
segmentary,fixed-grouped,upernet_convnext,cityscapes_to_railsem19_to_rtis,,,upernet_convnext--cityscapes_to_railsem19_to_rtis--seed-0,best,all,37,18,0.056041,0.143322,0.068849,0.402200,18,1226250,0.024361,0.036330,0.068849,0.441917,0.378786,0.442561,,0,,0,0.559258,37,0.171733,13,0.358629,3,,0,0.381705,9,0.081401,11,0.160601,12,0.566838,12,0.227804,2,0.724852,21,0.475387,3,0.056041,18,0.151317,7,0.798081,35,0.962010,28,0.187531,3,0.738085,37,0.611567,37,0.026760,9
segmentary,fixed-grouped,upernet_convnext,cityscapes_to_railsem19_to_rtis,,,upernet_convnext--cityscapes_to_railsem19_to_rtis--seed-0,best,cab-view,27,17,0.058007,0.911940,0.060062,0.463929,18,1213322,0.058539,0.697780,0.060062,0.552995,0.473996,0.447276,,0,,0,0.717653,27,0.308424,3,0.358629,3,,0,0.381705,9,0.081401,11,0.642404,3,0.618369,11,0.227804,2,0.724852,21,0.475387,3,0.058007,17,0.176536,6,0.905900,27,0.979232,27,0.187531,3,0.734296,27,0.745827,27,0.026760,9
segmentary,fixed-grouped,upernet_convnext,cityscapes_to_railsem19_to_rtis,,,upernet_convnext--cityscapes_to_railsem19_to_rtis--seed-0,best,not-cab-view,10,1,0.022627,0.022689,0.893564,0.221352,10,12928,0.005202,0.005205,0.893564,0.197215,0.151704,1.000000,,0,,0,0.131592,10,0.130726,10,,0,,0,,0,,0,0.000000,9,0.000000,1,,0,,0,,0,0.022627,1,0.000000,1,0.434192,8,0.497004,1,,0,0.748314,10,0.249067,10,,0
segmentary,fixed-grouped,upernet_convnext,cityscapes_to_railsem19_to_rtis,,,upernet_convnext--cityscapes_to_railsem19_to_rtis--seed-0,best,excl-trackside-maintenance,37,18,0.056041,0.143322,0.068849,0.402200,18,1226250,0.024361,0.036330,0.068849,0.441917,0.378786,0.442561,,0,,0,0.559258,37,0.171733,13,0.358629,3,,0,0.381705,9,0.081401,11,0.160601,12,0.566838,12,0.227804,2,0.724852,21,0.475387,3,0.056041,18,0.151317,7,0.798081,35,0.962010,28,0.187531,3,0.738085,37,0.611567,37,0.026760,9
segmentary,fixed-grouped,upernet_convnext,cityscapes_to_rtis,,,upernet_convnext--cityscapes_to_rtis--seed-0,best,all,37,18,0.142563,0.221317,0.190778,0.351764,18,1226250,0.032091,0.037148,0.190778,0.362102,0.310373,0.442561,,0,,0,0.505472,37,0.226381,13,0.210204,3,,0,0.226321,9,0.052565,11,0.081040,12,0.463255,12,0.057620,2,0.695659,21,0.394524,3,0.142563,18,0.164621,7,0.830001,35,0.942310,28,0.045447,3,0.700355,37,0.589022,37,0.004387,9
segmentary,fixed-grouped,upernet_convnext,cityscapes_to_rtis,,,upernet_convnext--cityscapes_to_rtis--seed-0,best,cab-view,27,17,0.150001,0.849182,0.182231,0.389596,18,1213322,0.175217,0.819894,0.182231,0.435641,0.373406,0.447276,,0,,0,0.635605,27,0.256394,3,0.210204,3,,0,0.226321,9,0.052565,11,0.324162,3,0.505369,11,0.057620,2,0.695659,21,0.394524,3,0.150001,17,0.191969,6,0.899098,27,0.958817,27,0.045447,3,0.699275,27,0.705316,27,0.004387,9
segmentary,fixed-grouped,upernet_convnext,cityscapes_to_rtis,,,upernet_convnext--cityscapes_to_rtis--seed-0,best,not-cab-view,10,1,0.016110,0.016112,0.992884,0.245986,10,12928,0.002129,0.002129,0.992884,0.223227,0.171713,1.000000,,0,,0,0.154113,10,0.217377,10,,0,,0,,0,,0,0.000000,9,0.000000,1,,0,,0,,0,0.016110,1,0.000529,1,0.596800,8,0.496634,1,,0,0.703268,10,0.275028,10,,0
segmentary,fixed-grouped,upernet_convnext,cityscapes_to_rtis,,,upernet_convnext--cityscapes_to_rtis--seed-0,best,excl-trackside-maintenance,37,18,0.142563,0.221317,0.190778,0.351764,18,1226250,0.032091,0.037148,0.190778,0.362102,0.310373,0.442561,,0,,0,0.505472,37,0.226381,13,0.210204,3,,0,0.226321,9,0.052565,11,0.081040,12,0.463255,12,0.057620,2,0.695659,21,0.394524,3,0.142563,18,0.164621,7,0.830001,35,0.942310,28,0.045447,3,0.700355,37,0.589022,37,0.004387,9
segmentary,fixed-grouped,upernet_convnext,railsem19_to_rtis,,,upernet_convnext--railsem19_to_rtis--seed-0,best,all,37,18,0.133429,0.387657,0.146804,0.434141,18,1226250,0.078229,0.143446,0.146804,0.494153,0.423560,0.442561,,0,,0,0.565474,37,0.194944,13,0.354577,3,,0,0.349236,9,0.053907,11,0.139515,12,0.532350,12,0.336948,2,0.725427,21,0.526887,3,0.133429,18,0.306150,7,0.806814,35,0.970609,28,0.353186,3,0.723636,37,0.624161,37,0.117294,9
segmentary,fixed-grouped,upernet_convnext,railsem19_to_rtis,,,upernet_convnext--railsem19_to_rtis--seed-0,best,cab-view,27,17,0.139698,0.674552,0.143650,0.486792,18,1213322,0.134191,0.670821,0.143650,0.580203,0.522182,0.447276,,0,,0,0.729565,27,0.303371,3,0.354577,3,,0,0.349236,9,0.053907,11,0.541314,3,0.580745,11,0.336948,2,0.725427,21,0.526887,3,0.139698,17,0.353564,6,0.893923,27,0.987332,27,0.353186,3,0.703676,27,0.711614,27,0.117294,9
segmentary,fixed-grouped,upernet_convnext,railsem19_to_rtis,,,upernet_convnext--railsem19_to_rtis--seed-0,best,not-cab-view,10,1,0.026853,0.027792,0.442837,0.253642,10,12928,0.005712,0.005753,0.442837,0.235234,0.180949,1.000000,,0,,0,0.122429,10,0.162416,10,,0,,0,,0,,0,0.005582,9,0.000000,1,,0,,0,,0,0.026853,1,0.021670,1,0.512823,8,0.519084,1,,0,0.777528,10,0.388039,10,,0
segmentary,fixed-grouped,upernet_convnext,railsem19_to_rtis,,,upernet_convnext--railsem19_to_rtis--seed-0,best,excl-trackside-maintenance,37,18,0.133429,0.387657,0.146804,0.434141,18,1226250,0.078229,0.143446,0.146804,0.494153,0.423560,0.442561,,0,,0,0.565474,37,0.194944,13,0.354577,3,,0,0.349236,9,0.053907,11,0.139515,12,0.532350,12,0.336948,2,0.725427,21,0.526887,3,0.133429,18,0.306150,7,0.806814,35,0.970609,28,0.353186,3,0.723636,37,0.624161,37,0.117294,9
segmentary,fixed-grouped,upernet_convnext,rtis_only,,,upernet_convnext--rtis_only--seed-0,best,all,37,18,0.102526,0.468344,0.124440,0.387988,18,1226250,0.046806,0.069790,0.124440,0.421351,0.361158,0.442561,,0,,0,0.534416,37,0.378199,13,0.190047,3,,0,0.340939,9,0.038178,11,0.153778,12,0.471804,12,0.123919,2,0.696549,21,0.486196,3,0.102526,18,0.186991,7,0.847126,35,0.962245,28,0.084246,3,0.722086,37,0.640628,37,0.023916,9
segmentary,fixed-grouped,upernet_convnext,rtis_only,,,upernet_convnext--rtis_only--seed-0,best,cab-view,27,17,0.106420,0.855846,0.120931,0.424702,18,1213322,0.117341,0.798120,0.120931,0.491136,0.420973,0.447276,,0,,0,0.688630,27,0.238025,3,0.190047,3,,0,0.340939,9,0.038178,11,0.614271,3,0.514695,11,0.123919,2,0.696549,21,0.486196,3,0.106420,17,0.208683,6,0.890471,27,0.979595,27,0.084246,3,0.698417,27,0.721441,27,0.023916,9
segmentary,fixed-grouped,upernet_convnext,rtis_only,,,upernet_convnext--rtis_only--seed-0,best,not-cab-view,10,1,0.036342,0.038005,0.453821,0.303480,10,12928,0.002919,0.002930,0.453821,0.287082,0.205059,1.000000,,0,,0,0.118037,10,0.420251,10,,0,,0,,0,,0,0.000281,9,0.000000,1,,0,,0,,0,0.036342,1,0.056838,1,0.700836,8,0.493784,1,,0,0.785993,10,0.422435,10,,0
segmentary,fixed-grouped,upernet_convnext,rtis_only,,,upernet_convnext--rtis_only--seed-0,best,excl-trackside-maintenance,37,18,0.102526,0.468344,0.124440,0.387988,18,1226250,0.046806,0.069790,0.124440,0.421351,0.361158,0.442561,,0,,0,0.534416,37,0.378199,13,0.190047,3,,0,0.340939,9,0.038178,11,0.153778,12,0.471804,12,0.123919,2,0.696549,21,0.486196,3,0.102526,18,0.186991,7,0.847126,35,0.962245,28,0.084246,3,0.722086,37,0.640628,37,0.023916,9
segmentary,paul,eomt_dinov3_large,cityscapes_to_railsem19_to_rtis,,,eomt_dinov3_large--cityscapes_to_railsem19_to_rtis--seed-0,best,all,37,13,0.639348,0.983575,0.940417,0.623178,21,7435760,0.890676,0.943945,0.940417,0.702196,0.702196,0.949413,0.263681,12,0.531990,5,0.794290,31,0.494101,14,0.652491,6,0.766106,6,0.484820,10,0.685697,12,0.675436,16,0.626472,26,0.318475,5,0.627358,25,0.561860,8,0.639348,13,0.664613,17,0.880970,34,0.970628,28,0.509483,5,0.768437,36,0.822548,32,0.347929,6
segmentary,paul,eomt_dinov3_large,cityscapes_to_railsem19_to_rtis,,,eomt_dinov3_large--cityscapes_to_railsem19_to_rtis--seed-0,best,cab-view,28,7,0.480268,0.823725,0.612957,0.601284,21,363290,0.389046,0.515742,0.612957,0.646099,0.646099,0.889190,0.316417,10,0.531990,5,0.799047,27,0.474984,11,0.652491,6,0.766106,6,0.484820,10,0.685697,12,0.671259,14,0.592329,23,0.318475,5,0.627358,25,0.561860,8,0.480268,7,0.664613,17,0.883411,28,0.970628,28,0.509483,5,0.730876,28,0.809442,27,0.095407,4
segmentary,paul,eomt_dinov3_large,cityscapes_to_railsem19_to_rtis,,,eomt_dinov3_large--cityscapes_to_railsem19_to_rtis--seed-0,best,not-cab-view,9,6,0.824941,0.989893,0.957237,0.726001,10,7072470,0.930124,0.970447,0.957237,0.721859,0.451162,0.998182,0.000000,2,,0,0.762185,4,0.564198,3,,0,,0,,0,,0,0.704679,2,0.888238,3,,0,,0,,0,0.824941,6,,0,0.869575,6,,0,,0,0.899899,8,0.893323,5,0.852974,2
segmentary,paul,eomt_dinov3_large,cityscapes_to_railsem19_to_rtis,,,eomt_dinov3_large--cityscapes_to_railsem19_to_rtis--seed-0,best,excl-trackside-maintenance,32,8,0.442592,0.793786,0.603497,0.611614,21,376151,0.309440,0.388405,0.603497,0.672210,0.672210,0.858788,0.287652,11,0.531990,5,0.790227,30,0.481979,13,0.652491,6,0.766106,6,0.484820,10,0.685697,12,0.675436,16,0.619384,25,0.318475,5,0.627358,25,0.561860,8,0.442592,8,0.664613,17,0.877305,31,0.970628,28,0.509483,5,0.739964,31,0.807896,29,0.347929,6
segmentary,paul,eomt_dinov3_large,cityscapes_to_rtis,,,eomt_dinov3_large--cityscapes_to_rtis--seed-0,best,all,37,13,0.570821,0.986284,0.897807,0.566997,21,7435760,0.857885,0.950723,0.897807,0.658583,0.658583,0.949413,0.266566,12,0.526697,5,0.759826,31,0.482400,14,0.652136,6,0.708575,6,0.342579,10,0.563195,12,0.639615,16,0.621639,26,0.268990,5,0.610892,25,0.515098,8,0.570821,13,0.644971,17,0.889475,34,0.967371,28,0.004005,5,0.716888,36,0.820222,32,0.334972,6
segmentary,paul,eomt_dinov3_large,cityscapes_to_rtis,,,eomt_dinov3_large--cityscapes_to_rtis--seed-0,best,cab-view,28,7,0.371513,0.835653,0.470888,0.543754,21,363290,0.263658,0.374653,0.470888,0.599464,0.599464,0.889190,0.319880,10,0.526697,5,0.762510,27,0.460723,11,0.652136,6,0.708575,6,0.342579,10,0.563195,12,0.627263,14,0.623250,23,0.268990,5,0.610892,25,0.515098,8,0.371513,7,0.644971,17,0.891219,28,0.967371,28,0.004005,5,0.673165,28,0.806889,27,0.077915,4
segmentary,paul,eomt_dinov3_large,cityscapes_to_rtis,,,eomt_dinov3_large--cityscapes_to_rtis--seed-0,best,not-cab-view,9,6,0.803347,0.990981,0.919736,0.693487,10,7072470,0.911937,0.990787,0.919736,0.696241,0.497315,0.998182,0.000000,2,,0,0.741706,4,0.561884,3,,0,,0,,0,,0,0.726079,2,0.609286,3,,0,,0,,0,0.803347,6,,0,0.881337,6,,0,,0,0.869920,8,0.892223,5,0.849085,2
segmentary,paul,eomt_dinov3_large,cityscapes_to_rtis,,,eomt_dinov3_large--cityscapes_to_rtis--seed-0,best,excl-trackside-maintenance,32,8,0.351257,0.812220,0.465770,0.556095,21,376151,0.261557,0.373654,0.465770,0.631014,0.631014,0.858788,0.290800,11,0.526697,5,0.757942,30,0.471735,13,0.652136,6,0.708575,6,0.342579,10,0.563195,12,0.639615,16,0.646504,25,0.268990,5,0.610892,25,0.515098,8,0.351257,8,0.644971,17,0.887624,31,0.967371,28,0.004005,5,0.687532,31,0.805509,29,0.334972,6
segmentary,paul,eomt_dinov3_large,railsem19_to_rtis,,,eomt_dinov3_large--railsem19_to_rtis--seed-0,best,all,37,13,0.653894,0.980350,0.945018,0.640234,21,7435760,0.898653,0.948231,0.945018,0.706268,0.706268,0.949413,0.262017,12,0.341656,5,0.803289,31,0.509228,14,0.685293,6,0.894063,6,0.444466,10,0.608047,12,0.689104,16,0.603208,26,0.644268,5,0.618071,25,0.538941,8,0.653894,13,0.681953,17,0.880985,34,0.971137,28,0.562924,5,0.783913,36,0.819068,32,0.449392,6
segmentary,paul,eomt_dinov3_large,railsem19_to_rtis,,,eomt_dinov3_large--railsem19_to_rtis--seed-0,best,cab-view,28,7,0.533428,0.853358,0.642451,0.624194,21,363290,0.396648,0.509013,0.642451,0.652913,0.652913,0.889190,0.314421,10,0.341656,5,0.813193,27,0.501981,11,0.685293,6,0.894063,6,0.444466,10,0.608047,12,0.689509,14,0.593209,23,0.644268,5,0.618071,25,0.538941,8,0.533428,7,0.681953,17,0.882153,28,0.971137,28,0.562924,5,0.750033,28,0.804859,27,0.234464,4
segmentary,paul,eomt_dinov3_large,railsem19_to_rtis,,,eomt_dinov3_large--railsem19_to_rtis--seed-0,best,not-cab-view,9,6,0.794437,0.985388,0.960560,0.698588,10,7072470,0.939504,0.977200,0.960560,0.714590,0.549684,0.998182,0.000000,2,,0,0.736435,4,0.535798,3,,0,,0,,0,,0,0.686265,2,0.679872,3,,0,,0,,0,0.794437,6,,0,0.875532,6,,0,,0,0.902494,8,0.895793,5,0.879250,2
segmentary,paul,eomt_dinov3_large,railsem19_to_rtis,,,eomt_dinov3_large--railsem19_to_rtis--seed-0,best,excl-trackside-maintenance,32,8,0.466749,0.834230,0.620485,0.630879,21,376151,0.350802,0.446634,0.620485,0.679605,0.679605,0.858788,0.285837,11,0.341656,5,0.801502,30,0.504277,13,0.685293,6,0.894063,6,0.444466,10,0.608047,12,0.689104,16,0.618318,25,0.644268,5,0.618071,25,0.538941,8,0.466749,8,0.681953,17,0.876451,31,0.971137,28,0.562924,5,0.761816,31,0.804193,29,0.449392,6
segmentary,paul,eomt_dinov3_large,rtis_only,,,eomt_dinov3_large--rtis_only--seed-0,best,all,37,13,0.633471,0.979406,0.946956,0.598445,21,7435760,0.908359,0.957056,0.946956,0.682812,0.682812,0.949413,0.267945,12,0.413811,5,0.788779,31,0.476372,14,0.634535,6,0.854817,6,0.247209,10,0.556357,12,0.652166,16,0.602022,26,0.408489,5,0.581880,25,0.579263,8,0.633471,13,0.666444,17,0.881979,34,0.970939,28,0.332838,5,0.742582,36,0.831583,32,0.443857,6
segmentary,paul,eomt_dinov3_large,rtis_only,,,eomt_dinov3_large--rtis_only--seed-0,best,cab-view,28,7,0.491801,0.811482,0.652380,0.581270,21,363290,0.418599,0.538772,0.652380,0.629093,0.629093,0.889190,0.321534,10,0.413811,5,0.790355,27,0.473442,11,0.634535,6,0.854817,6,0.247209,10,0.556357,12,0.642126,14,0.601867,23,0.408489,5,0.581880,25,0.579263,8,0.491801,7,0.666444,17,0.881350,28,0.970939,28,0.332838,5,0.706318,28,0.819467,27,0.231833,4
segmentary,paul,eomt_dinov3_large,rtis_only,,,eomt_dinov3_large--rtis_only--seed-0,best,not-cab-view,9,6,0.798753,0.986517,0.962087,0.690900,10,7072470,0.946949,0.983655,0.962087,0.713350,0.548731,0.998182,0.000000,2,,0,0.778144,4,0.487116,3,,0,,0,,0,,0,0.722442,2,0.603209,3,,0,,0,,0,0.798753,6,,0,0.884914,6,,0,,0,0.869504,8,0.897010,5,0.867904,2
segmentary,paul,eomt_dinov3_large,rtis_only,,,eomt_dinov3_large--rtis_only--seed-0,best,excl-trackside-maintenance,32,8,0.431406,0.769037,0.630741,0.589311,21,376151,0.385591,0.498011,0.630741,0.657325,0.657325,0.858788,0.292303,11,0.413811,5,0.786825,30,0.483802,13,0.634535,6,0.854817,6,0.247209,10,0.556357,12,0.652166,16,0.626102,25,0.408489,5,0.581880,25,0.579263,8,0.431406,8,0.666444,17,0.878344,31,0.970939,28,0.332838,5,0.716316,31,0.817830,29,0.443857,6
segmentary,paul,eomt_large,cityscapes_to_railsem19_to_rtis,,,eomt_large--cityscapes_to_railsem19_to_rtis--seed-0,best,all,37,13,0.655518,0.986075,0.962518,0.641905,21,7435760,0.934979,0.970308,0.962518,0.722345,0.722345,0.949413,0.258468,12,0.446160,5,0.776120,31,0.502062,14,0.690819,6,0.782803,6,0.554419,10,0.661974,12,0.676048,16,0.607711,26,0.539388,5,0.633964,25,0.595217,8,0.655518,13,0.683839,17,0.877978,34,0.972006,28,0.585712,5,0.765538,36,0.823293,32,0.390964,6
segmentary,paul,eomt_large,cityscapes_to_railsem19_to_rtis,,,eomt_large--cityscapes_to_railsem19_to_rtis--seed-0,best,cab-view,28,7,0.518510,0.878514,0.649990,0.627124,21,363290,0.459581,0.610720,0.649990,0.675132,0.675132,0.889190,0.310162,10,0.446160,5,0.791066,27,0.496453,11,0.690819,6,0.782803,6,0.554419,10,0.661974,12,0.674077,14,0.583637,23,0.539388,5,0.633964,25,0.595217,8,0.518510,7,0.683839,17,0.882122,28,0.972006,28,0.585712,5,0.730585,28,0.807786,27,0.228907,4
segmentary,paul,eomt_large,cityscapes_to_railsem19_to_rtis,,,eomt_large--cityscapes_to_railsem19_to_rtis--seed-0,best,not-cab-view,9,6,0.815359,0.990212,0.978572,0.686396,10,7072470,0.969185,0.990200,0.978572,0.696540,0.464360,0.998182,0.000000,2,,0,0.675233,4,0.522628,3,,0,,0,,0,,0,0.689844,2,0.792275,3,,0,,0,,0,0.815359,6,,0,0.858639,6,,0,,0,0.887872,8,0.907032,5,0.715077,2
segmentary,paul,eomt_large,cityscapes_to_railsem19_to_rtis,,,eomt_large--cityscapes_to_railsem19_to_rtis--seed-0,best,excl-trackside-maintenance,32,8,0.457390,0.871484,0.628952,0.630893,21,376151,0.447237,0.607531,0.628952,0.695830,0.695830,0.858788,0.281965,11,0.446160,5,0.771392,30,0.503777,13,0.690819,6,0.782803,6,0.554419,10,0.661974,12,0.676048,16,0.604005,25,0.539388,5,0.633964,25,0.595217,8,0.457390,8,0.683839,17,0.871800,31,0.972006,28,0.585712,5,0.736884,31,0.808224,29,0.390964,6
segmentary,paul,eomt_large,cityscapes_to_rtis,,,eomt_large--cityscapes_to_rtis--seed-0,best,all,37,13,0.645424,0.986030,0.959884,0.616542,21,7435760,0.926725,0.964063,0.959884,0.709615,0.709615,0.949413,0.266801,12,0.485351,5,0.775005,31,0.502742,14,0.665920,6,0.735529,6,0.501526,10,0.642907,12,0.627747,16,0.625171,26,0.485645,5,0.634684,25,0.576961,8,0.645424,13,0.660818,17,0.878232,34,0.970642,28,0.344621,5,0.746003,36,0.818667,32,0.356978,6
segmentary,paul,eomt_large,cityscapes_to_rtis,,,eomt_large--cityscapes_to_rtis--seed-0,best,cab-view,28,7,0.504503,0.878426,0.620056,0.597681,21,363290,0.402679,0.534586,0.620056,0.654451,0.654451,0.889190,0.320162,10,0.485351,5,0.778928,27,0.501429,11,0.665920,6,0.735529,6,0.501526,10,0.642907,12,0.620666,14,0.601745,23,0.485645,5,0.634684,25,0.576961,8,0.504503,7,0.660818,17,0.880590,28,0.970642,28,0.344621,5,0.702435,28,0.804119,27,0.132120,4
segmentary,paul,eomt_large,cityscapes_to_rtis,,,eomt_large--cityscapes_to_rtis--seed-0,best,not-cab-view,9,6,0.809832,0.989982,0.977340,0.701763,10,7072470,0.967769,0.989982,0.977340,0.717849,0.478566,0.998182,0.000000,2,,0,0.748521,4,0.507556,3,,0,,0,,0,,0,0.677312,2,0.804768,3,,0,,0,,0,0.809832,6,,0,0.867224,6,,0,,0,0.898492,8,0.897227,5,0.806694,2
segmentary,paul,eomt_large,cityscapes_to_rtis,,,eomt_large--cityscapes_to_rtis--seed-0,best,excl-trackside-maintenance,32,8,0.441440,0.860487,0.598855,0.605181,21,376151,0.389986,0.527888,0.598855,0.681070,0.681070,0.858788,0.291056,11,0.485351,5,0.771353,30,0.507716,13,0.665920,6,0.735529,6,0.501526,10,0.642907,12,0.627747,16,0.618850,25,0.485645,5,0.634684,25,0.576961,8,0.441440,8,0.660818,17,0.872273,31,0.970642,28,0.344621,5,0.713634,31,0.803144,29,0.356978,6
segmentary,paul,eomt_large,railsem19_to_rtis,,,eomt_large--railsem19_to_rtis--seed-0,best,all,37,13,0.642525,0.984722,0.970197,0.643988,21,7435760,0.949730,0.978271,0.970197,0.728336,0.728336,0.949413,0.256715,12,0.445271,5,0.786510,31,0.503824,14,0.664605,6,0.773817,6,0.504791,10,0.645117,12,0.665423,16,0.590858,26,0.678231,5,0.619441,25,0.612305,8,0.642525,13,0.656877,17,0.868082,34,0.970756,28,0.605712,5,0.784793,36,0.821912,32,0.426183,6
segmentary,paul,eomt_large,railsem19_to_rtis,,,eomt_large--railsem19_to_rtis--seed-0,best,cab-view,28,7,0.493455,0.851679,0.630546,0.628554,21,363290,0.507372,0.722016,0.630546,0.680921,0.680921,0.889190,0.308058,10,0.445271,5,0.803535,27,0.489869,11,0.664605,6,0.773817,6,0.504791,10,0.645117,12,0.661532,14,0.570556,23,0.678231,5,0.619441,25,0.612305,8,0.493455,7,0.656877,17,0.871982,28,0.970756,28,0.605712,5,0.747751,28,0.806140,27,0.269834,4
segmentary,paul,eomt_large,railsem19_to_rtis,,,eomt_large--railsem19_to_rtis--seed-0,best,not-cab-view,9,6,0.816441,0.989793,0.987643,0.689247,10,7072470,0.977684,0.989791,0.987643,0.710081,0.443800,0.998182,0.000000,2,,0,0.671594,4,0.554992,3,,0,,0,,0,,0,0.692658,2,0.746509,3,,0,,0,,0,0.816441,6,,0,0.849878,6,,0,,0,0.914440,8,0.907083,5,0.738881,2
segmentary,paul,eomt_large,railsem19_to_rtis,,,eomt_large--railsem19_to_rtis--seed-0,best,excl-trackside-maintenance,32,8,0.431773,0.842256,0.608987,0.632532,21,376151,0.490129,0.715201,0.608987,0.703825,0.703825,0.858788,0.280053,11,0.445271,5,0.782991,30,0.497089,13,0.664605,6,0.773817,6,0.504791,10,0.645117,12,0.665423,16,0.592142,25,0.678231,5,0.619441,25,0.612305,8,0.431773,8,0.656877,17,0.862621,31,0.970756,28,0.605712,5,0.760896,31,0.807080,29,0.426183,6
segmentary,paul,eomt_large,rtis_only,,,eomt_large--rtis_only--seed-0,best,all,37,13,0.648058,0.986085,0.954851,0.625196,21,7435760,0.924522,0.966786,0.954851,0.703360,0.703360,0.949413,0.253255,12,0.388121,5,0.780589,31,0.523447,14,0.640152,6,0.884731,6,0.419251,10,0.691438,12,0.695411,16,0.633720,26,0.403311,5,0.594209,25,0.612778,8,0.648058,13,0.670470,17,0.874912,34,0.971594,28,0.428803,5,0.751129,36,0.823821,32,0.439915,6
segmentary,paul,eomt_large,rtis_only,,,eomt_large--rtis_only--seed-0,best,cab-view,28,7,0.512673,0.842929,0.646294,0.607042,21,363290,0.426292,0.556010,0.646294,0.650184,0.650184,0.889190,0.303906,10,0.388121,5,0.784437,27,0.526231,11,0.640152,6,0.884731,6,0.419251,10,0.691438,12,0.694123,14,0.597953,23,0.403311,5,0.594209,25,0.612778,8,0.512673,7,0.670470,17,0.877182,28,0.971594,28,0.428803,5,0.706597,28,0.810117,27,0.229813,4
segmentary,paul,eomt_large,rtis_only,,,eomt_large--rtis_only--seed-0,best,not-cab-view,9,6,0.806008,0.991846,0.970700,0.721547,10,7072470,0.963015,0.991846,0.970700,0.715059,0.510757,0.998182,0.000000,2,,0,0.754613,4,0.513242,3,,0,,0,,0,,0,0.704427,2,0.907933,3,,0,,0,,0,0.806008,6,,0,0.864319,6,,0,,0,0.906991,8,0.897822,5,0.860118,2
segmentary,paul,eomt_large,rtis_only,,,eomt_large--rtis_only--seed-0,best,excl-trackside-maintenance,32,8,0.448822,0.842943,0.624260,0.613802,21,376151,0.416607,0.556035,0.624260,0.676195,0.676195,0.858788,0.276279,11,0.388121,5,0.776965,30,0.530950,13,0.640152,6,0.884731,6,0.419251,10,0.691438,12,0.695411,16,0.619936,25,0.403311,5,0.594209,25,0.612778,8,0.448822,8,0.670470,17,0.869907,31,0.971594,28,0.428803,5,0.717496,31,0.809310,29,0.439915,6
segmentary,paul,hrnet_w48_ocr,cityscapes_to_railsem19_to_rtis,,,hrnet_w48_ocr--cityscapes_to_railsem19_to_rtis--seed-0,best,all,37,13,0.557819,0.922523,0.835243,0.512121,21,7435760,0.754874,0.886943,0.835243,0.554397,0.554397,0.949413,0.229065,12,0.267521,5,0.698586,31,0.416403,14,0.400079,6,0.586635,6,0.355999,10,0.510657,12,0.464525,16,0.500755,26,0.554259,5,0.601657,25,0.356001,8,0.557819,13,0.525562,17,0.795905,34,0.965179,28,0.476316,5,0.689788,36,0.763655,32,0.038176,6
segmentary,paul,hrnet_w48_ocr,cityscapes_to_railsem19_to_rtis,,,hrnet_w48_ocr--cityscapes_to_railsem19_to_rtis--seed-0,best,cab-view,28,7,0.455018,0.610549,0.758675,0.518510,21,363290,0.341380,0.382965,0.758675,0.563334,0.563334,0.889190,0.274878,10,0.267521,5,0.745583,27,0.446318,11,0.400079,6,0.586635,6,0.355999,10,0.510657,12,0.507974,14,0.513611,23,0.554259,5,0.601657,25,0.356001,8,0.455018,7,0.525562,17,0.856781,28,0.965179,28,0.476316,5,0.706914,28,0.774524,27,0.007238,4
segmentary,paul,hrnet_w48_ocr,cityscapes_to_railsem19_to_rtis,,,hrnet_w48_ocr--cityscapes_to_railsem19_to_rtis--seed-0,best,not-cab-view,9,6,0.677754,0.944946,0.839176,0.387508,10,7072470,0.799866,0.944675,0.839176,0.403506,0.269004,0.998182,0.000000,2,,0,0.381355,4,0.306715,3,,0,,0,,0,,0,0.160387,2,0.402196,3,,0,,0,,0,0.677754,6,,0,0.511813,6,,0,,0,0.629845,8,0.704964,5,0.100053,2
segmentary,paul,hrnet_w48_ocr,cityscapes_to_railsem19_to_rtis,,,hrnet_w48_ocr--cityscapes_to_railsem19_to_rtis--seed-0,best,excl-trackside-maintenance,32,8,0.398140,0.610549,0.732735,0.508886,21,376151,0.335291,0.382009,0.732735,0.538909,0.538909,0.858788,0.249889,11,0.267521,5,0.716142,30,0.436742,13,0.400079,6,0.586635,6,0.355999,10,0.510657,12,0.464525,16,0.515518,25,0.554259,5,0.601657,25,0.356001,8,0.398140,8,0.525562,17,0.821083,31,0.965179,28,0.476316,5,0.694286,31,0.752238,29,0.038176,6
segmentary,paul,hrnet_w48_ocr,cityscapes_to_rtis,,,hrnet_w48_ocr--cityscapes_to_rtis--seed-0,best,all,37,13,0.568709,0.953819,0.929440,0.479588,21,7435760,0.858293,0.918117,0.929440,0.569116,0.569116,0.949413,0.216957,12,0.203666,5,0.675801,31,0.395566,14,0.393738,6,0.510645,6,0.263324,10,0.323334,12,0.507905,16,0.480876,26,0.331992,5,0.594582,25,0.398730,8,0.568709,13,0.447334,17,0.807571,34,0.946080,28,0.325331,5,0.710437,36,0.733557,32,0.235209,6
segmentary,paul,hrnet_w48_ocr,cityscapes_to_rtis,,,hrnet_w48_ocr--cityscapes_to_rtis--seed-0,best,cab-view,28,7,0.399344,0.726945,0.580520,0.467906,21,363290,0.338556,0.448204,0.580520,0.516784,0.516784,0.889190,0.260348,10,0.203666,5,0.717381,27,0.414659,11,0.393738,6,0.510645,6,0.263324,10,0.323334,12,0.517022,14,0.491010,23,0.331992,5,0.594582,25,0.398730,8,0.399344,7,0.447334,17,0.843476,28,0.946080,28,0.325331,5,0.680889,28,0.737440,27,0.025700,4
segmentary,paul,hrnet_w48_ocr,cityscapes_to_rtis,,,hrnet_w48_ocr--cityscapes_to_rtis--seed-0,best,not-cab-view,9,6,0.766302,0.963282,0.947363,0.515495,10,7072470,0.901873,0.949449,0.947363,0.589124,0.490937,0.998182,0.000000,2,,0,0.395135,4,0.325560,3,,0,,0,,0,,0,0.444084,2,0.403182,3,,0,,0,,0,0.766302,6,,0,0.640014,6,,0,,0,0.813855,8,0.712594,5,0.654227,2
segmentary,paul,hrnet_w48_ocr,cityscapes_to_rtis,,,hrnet_w48_ocr--cityscapes_to_rtis--seed-0,best,excl-trackside-maintenance,32,8,0.349426,0.726945,0.560671,0.471970,21,376151,0.286106,0.368782,0.560671,0.540250,0.540250,0.858788,0.236680,11,0.203666,5,0.695559,30,0.424561,13,0.393738,6,0.510645,6,0.263324,10,0.323334,12,0.507905,16,0.490240,25,0.331992,5,0.594582,25,0.398730,8,0.349426,8,0.447334,17,0.819872,31,0.946080,28,0.325331,5,0.688353,31,0.724811,29,0.235209,6
segmentary,paul,hrnet_w48_ocr,railsem19_to_rtis,,,hrnet_w48_ocr--railsem19_to_rtis--seed-0,best,all,37,13,0.539617,0.961977,0.794262,0.557190,21,7435760,0.766640,0.956605,0.794262,0.610777,0.610777,0.949413,0.227884,12,0.282209,5,0.740841,31,0.373017,14,0.571070,6,0.594185,6,0.240347,10,0.485756,12,0.585603,16,0.560863,26,0.792987,5,0.577202,25,0.462452,8,0.539617,13,0.518896,17,0.809352,34,0.968255,28,0.583334,5,0.736098,36,0.795801,32,0.255229,6
segmentary,paul,hrnet_w48_ocr,railsem19_to_rtis,,,hrnet_w48_ocr--railsem19_to_rtis--seed-0,best,cab-view,28,7,0.424178,0.675429,0.651810,0.551548,21,363290,0.463180,0.615461,0.651810,0.585934,0.585934,0.889190,0.273461,10,0.282209,5,0.792361,27,0.392714,11,0.571070,6,0.594185,6,0.240347,10,0.485756,12,0.582371,14,0.580279,23,0.792987,5,0.577202,25,0.462452,8,0.424178,7,0.518896,17,0.864737,28,0.968255,28,0.583334,5,0.726487,28,0.783122,27,0.086093,4
segmentary,paul,hrnet_w48_ocr,railsem19_to_rtis,,,hrnet_w48_ocr--railsem19_to_rtis--seed-0,best,not-cab-view,9,6,0.674296,0.979331,0.801580,0.516680,10,7072470,0.788210,0.979278,0.801580,0.533195,0.380854,0.998182,0.000000,2,,0,0.393080,4,0.300792,3,,0,,0,,0,,0,0.608228,2,0.412005,3,,0,,0,,0,0.674296,6,,0,0.550889,6,,0,,0,0.769734,8,0.864272,5,0.593500,2
segmentary,paul,hrnet_w48_ocr,railsem19_to_rtis,,,hrnet_w48_ocr--railsem19_to_rtis--seed-0,best,excl-trackside-maintenance,32,8,0.371156,0.675429,0.629524,0.552506,21,376151,0.451543,0.614959,0.629524,0.601094,0.601094,0.858788,0.248601,11,0.282209,5,0.750826,30,0.394557,13,0.571070,6,0.594185,6,0.240347,10,0.485756,12,0.585603,16,0.577800,25,0.792987,5,0.577202,25,0.462452,8,0.371156,8,0.518896,17,0.831897,31,0.968255,28,0.583334,5,0.727787,31,0.782471,29,0.255229,6
segmentary,paul,hrnet_w48_ocr,rtis_only,,,hrnet_w48_ocr--rtis_only--seed-0,best,all,37,13,0.610721,0.982633,0.935568,0.531038,21,7435760,0.908493,0.969128,0.935568,0.598260,0.598260,0.949413,0.174053,12,0.027935,5,0.755210,31,0.516079,14,0.323010,6,0.700019,6,0.246246,10,0.511565,12,0.549593,16,0.496863,26,0.685177,5,0.602020,25,0.318917,8,0.610721,13,0.413102,17,0.857102,34,0.970662,28,0.639500,5,0.745316,36,0.794249,32,0.214461,6
segmentary,paul,hrnet_w48_ocr,rtis_only,,,hrnet_w48_ocr--rtis_only--seed-0,best,cab-view,28,7,0.456720,0.846484,0.595351,0.518571,21,363290,0.493365,0.742273,0.595351,0.570916,0.570916,0.889190,0.208864,10,0.027935,5,0.770866,27,0.497755,11,0.323010,6,0.700019,6,0.246246,10,0.511565,12,0.538583,14,0.519062,23,0.685177,5,0.602020,25,0.318917,8,0.456720,7,0.413102,17,0.866839,28,0.970662,28,0.639500,5,0.727546,28,0.785543,27,0.080068,4
segmentary,paul,hrnet_w48_ocr,rtis_only,,,hrnet_w48_ocr--rtis_only--seed-0,best,not-cab-view,9,6,0.790389,0.987731,0.953044,0.592021,10,7072470,0.933703,0.978727,0.953044,0.579377,0.413840,0.998182,0.000000,2,,0,0.649533,4,0.583267,3,,0,,0,,0,,0,0.626664,2,0.326673,3,,0,,0,,0,0.790389,6,,0,0.811663,6,,0,,0,0.807509,8,0.841262,5,0.483248,2
segmentary,paul,hrnet_w48_ocr,rtis_only,,,hrnet_w48_ocr--rtis_only--seed-0,best,excl-trackside-maintenance,32,8,0.399630,0.846484,0.574995,0.519262,21,376151,0.420766,0.610697,0.574995,0.575285,0.575285,0.858788,0.189876,11,0.027935,5,0.750850,30,0.497391,13,0.323010,6,0.700019,6,0.246246,10,0.511565,12,0.549593,16,0.503908,25,0.685177,5,0.602020,25,0.318917,8,0.399630,8,0.413102,17,0.854207,31,0.970662,28,0.639500,5,0.729387,31,0.777055,29,0.214461,6
segmentary,paul,native_convnext_tiny_uper,cityscapes_to_railsem19_to_rtis,,,native_convnext_tiny_uper--cityscapes_to_railsem19_to_rtis--seed-0,best,all,37,13,0.595653,0.979333,0.934345,0.570035,21,7435760,0.904741,0.966165,0.934345,0.641908,0.641908,0.949413,0.228003,12,0.277921,5,0.754479,31,0.475890,14,0.561139,6,0.802013,6,0.411480,10,0.492619,12,0.538372,16,0.542543,26,0.536610,5,0.614833,25,0.395586,8,0.595653,13,0.550250,17,0.861414,34,0.971693,28,0.514929,5,0.729907,36,0.794795,32,0.320613,6
segmentary,paul,native_convnext_tiny_uper,cityscapes_to_railsem19_to_rtis,,,native_convnext_tiny_uper--cityscapes_to_railsem19_to_rtis--seed-0,best,cab-view,28,7,0.431573,0.813969,0.627766,0.555441,21,363290,0.449685,0.613186,0.627766,0.610192,0.610192,0.889190,0.273603,10,0.277921,5,0.760876,27,0.478363,11,0.561139,6,0.802013,6,0.411480,10,0.492619,12,0.517031,14,0.542615,23,0.536610,5,0.614833,25,0.395586,8,0.431573,7,0.550250,17,0.867465,28,0.971693,28,0.514929,5,0.701417,28,0.776214,27,0.186035,4
segmentary,paul,native_convnext_tiny_uper,cityscapes_to_railsem19_to_rtis,,,native_convnext_tiny_uper--cityscapes_to_railsem19_to_rtis--seed-0,best,not-cab-view,9,6,0.787081,0.986133,0.950093,0.634266,10,7072470,0.936920,0.985418,0.950093,0.650945,0.406841,0.998182,0.000000,2,,0,0.711300,4,0.466824,3,,0,,0,,0,,0,0.687760,2,0.541999,3,,0,,0,,0,0.787081,6,,0,0.833175,6,,0,,0,0.829622,8,0.895130,5,0.589769,2
segmentary,paul,native_convnext_tiny_uper,cityscapes_to_railsem19_to_rtis,,,native_convnext_tiny_uper--cityscapes_to_railsem19_to_rtis--seed-0,best,excl-trackside-maintenance,32,8,0.377626,0.813969,0.606302,0.558582,21,376151,0.434430,0.605135,0.606302,0.618887,0.618887,0.858788,0.248730,11,0.277921,5,0.749516,30,0.488901,13,0.561139,6,0.802013,6,0.411480,10,0.492619,12,0.538372,16,0.541255,25,0.536610,5,0.614833,25,0.395586,8,0.377626,8,0.550250,17,0.855455,31,0.971693,28,0.514929,5,0.702940,31,0.777731,29,0.320613,6
segmentary,paul,native_convnext_tiny_uper,cityscapes_to_rtis,,,native_convnext_tiny_uper--cityscapes_to_rtis--seed-0,best,all,37,13,0.598985,0.975636,0.938910,0.519899,21,7435760,0.894177,0.949413,0.938910,0.604512,0.604512,0.949413,0.216991,12,0.237534,5,0.721635,31,0.471985,14,0.430271,6,0.757111,6,0.327771,10,0.476098,12,0.481857,16,0.489284,26,0.321262,5,0.605033,25,0.290513,8,0.598985,13,0.491143,17,0.850504,34,0.970206,28,0.440117,5,0.721986,36,0.753426,32,0.264170,6
segmentary,paul,native_convnext_tiny_uper,cityscapes_to_rtis,,,native_convnext_tiny_uper--cityscapes_to_rtis--seed-0,best,cab-view,28,7,0.435683,0.787670,0.586168,0.502781,21,363290,0.452060,0.663965,0.586168,0.560040,0.560040,0.889190,0.260389,10,0.237534,5,0.730963,27,0.472596,11,0.430271,6,0.757111,6,0.327771,10,0.476098,12,0.457219,14,0.485868,23,0.321262,5,0.605033,25,0.290513,8,0.435683,7,0.491143,17,0.857142,28,0.970206,28,0.440117,5,0.689047,28,0.730009,27,0.092419,4
segmentary,paul,native_convnext_tiny_uper,cityscapes_to_rtis,,,native_convnext_tiny_uper--cityscapes_to_rtis--seed-0,best,not-cab-view,9,6,0.789505,0.983016,0.957030,0.623208,10,7072470,0.922564,0.962430,0.957030,0.642100,0.377706,0.998182,0.000000,2,,0,0.658675,4,0.469743,3,,0,,0,,0,,0,0.654325,2,0.515478,3,,0,,0,,0,0.789505,6,,0,0.819531,6,,0,,0,0.837274,8,0.879873,5,0.607673,2
segmentary,paul,native_convnext_tiny_uper,cityscapes_to_rtis,,,native_convnext_tiny_uper--cityscapes_to_rtis--seed-0,best,excl-trackside-maintenance,32,8,0.381223,0.787670,0.566126,0.508029,21,376151,0.337368,0.455015,0.566126,0.574908,0.574908,0.858788,0.236718,11,0.237534,5,0.720171,30,0.482799,13,0.430271,6,0.757111,6,0.327771,10,0.476098,12,0.481857,16,0.483274,25,0.321262,5,0.605033,25,0.290513,8,0.381223,8,0.491143,17,0.843130,31,0.970206,28,0.440117,5,0.695109,31,0.733090,29,0.264170,6
segmentary,paul,native_convnext_tiny_uper,railsem19_to_rtis,,,native_convnext_tiny_uper--railsem19_to_rtis--seed-0,best,all,37,13,0.589567,0.972347,0.909756,0.567825,21,7435760,0.884259,0.969279,0.909756,0.640665,0.640665,0.949413,0.197283,12,0.320797,5,0.760628,31,0.490607,14,0.496238,6,0.795096,6,0.258044,10,0.500999,12,0.560382,16,0.573100,26,0.678853,5,0.606631,25,0.304892,8,0.589567,13,0.577062,17,0.871045,34,0.973874,28,0.566392,5,0.756446,36,0.800096,32,0.246289,6
segmentary,paul,native_convnext_tiny_uper,railsem19_to_rtis,,,native_convnext_tiny_uper--railsem19_to_rtis--seed-0,best,cab-view,28,7,0.437009,0.770101,0.596201,0.554724,21,363290,0.484786,0.721771,0.596201,0.614294,0.614294,0.889190,0.236740,10,0.320797,5,0.779371,27,0.508188,11,0.496238,6,0.795096,6,0.258044,10,0.500999,12,0.542449,14,0.580101,23,0.678853,5,0.606631,25,0.304892,8,0.437009,7,0.577062,17,0.872865,28,0.973874,28,0.566392,5,0.733679,28,0.782471,27,0.097445,4
segmentary,paul,native_convnext_tiny_uper,railsem19_to_rtis,,,native_convnext_tiny_uper--railsem19_to_rtis--seed-0,best,not-cab-view,9,6,0.767552,0.980868,0.925862,0.617107,10,7072470,0.909036,0.980399,0.925862,0.618303,0.386439,0.998182,0.000000,2,,0,0.634110,4,0.426145,3,,0,,0,,0,,0,0.685909,2,0.519421,3,,0,,0,,0,0.767552,6,,0,0.862551,6,,0,,0,0.836128,8,0.895274,5,0.543978,2
segmentary,paul,native_convnext_tiny_uper,railsem19_to_rtis,,,native_convnext_tiny_uper--railsem19_to_rtis--seed-0,best,excl-trackside-maintenance,32,8,0.382383,0.770101,0.575817,0.557986,21,376151,0.467975,0.714183,0.575817,0.620141,0.620141,0.858788,0.215218,11,0.320797,5,0.758568,30,0.515545,13,0.496238,6,0.795096,6,0.258044,10,0.500999,12,0.560382,16,0.579884,25,0.678853,5,0.606631,25,0.304892,8,0.382383,8,0.577062,17,0.864276,31,0.973874,28,0.566392,5,0.733048,31,0.783234,29,0.246289,6
segmentary,paul,native_convnext_tiny_uper,rtis_only,,,native_convnext_tiny_uper--rtis_only--seed-0,best,all,37,13,0.649430,0.968744,0.943719,0.510834,21,7435760,0.888405,0.938108,0.943719,0.604693,0.604693,0.949413,0.183325,12,0.094335,5,0.738229,31,0.499393,14,0.321537,6,0.736022,6,0.182104,10,0.478558,12,0.515889,16,0.512503,26,0.458622,5,0.574162,25,0.198880,8,0.649430,13,0.472612,17,0.858085,34,0.969044,28,0.474637,5,0.718284,36,0.799548,32,0.292323,6
segmentary,paul,native_convnext_tiny_uper,rtis_only,,,native_convnext_tiny_uper--rtis_only--seed-0,best,cab-view,28,7,0.532751,0.810242,0.695447,0.494210,21,363290,0.474548,0.599038,0.695447,0.557542,0.557542,0.889190,0.219989,10,0.094335,5,0.746283,27,0.508894,11,0.321537,6,0.736022,6,0.182104,10,0.478558,12,0.495443,14,0.512607,23,0.458622,5,0.574162,25,0.198880,8,0.532751,7,0.472612,17,0.867017,28,0.969044,28,0.474637,5,0.680113,28,0.781177,27,0.073614,4
segmentary,paul,native_convnext_tiny_uper,rtis_only,,,native_convnext_tiny_uper--rtis_only--seed-0,best,not-cab-view,9,6,0.785555,0.975874,0.956472,0.640146,10,7072470,0.918316,0.958368,0.956472,0.674584,0.481846,0.998182,0.000000,2,,0,0.683862,4,0.464557,3,,0,,0,,0,,0,0.659008,2,0.511705,3,,0,,0,,0,0.785555,6,,0,0.816405,6,,0,,0,0.851880,8,0.898750,5,0.729741,2
segmentary,paul,native_convnext_tiny_uper,rtis_only,,,native_convnext_tiny_uper--rtis_only--seed-0,best,excl-trackside-maintenance,32,8,0.466157,0.810242,0.671669,0.501927,21,376151,0.376036,0.460725,0.671669,0.579030,0.579030,0.858788,0.199990,11,0.094335,5,0.739948,30,0.513727,13,0.321537,6,0.736022,6,0.182104,10,0.478558,12,0.515889,16,0.515982,25,0.458622,5,0.574162,25,0.198880,8,0.466157,8,0.472612,17,0.857122,31,0.969044,28,0.474637,5,0.696059,31,0.782764,29,0.292323,6
segmentary,paul,segformer_b2,cityscapes_to_railsem19_to_rtis,,,segformer_b2--cityscapes_to_railsem19_to_rtis--seed-0,best,all,37,13,0.630842,0.973460,0.939071,0.523611,21,7435760,0.892101,0.946910,0.939071,0.643735,0.643735,0.949413,0.211302,12,0.199319,5,0.746530,31,0.407829,14,0.455298,6,0.500750,6,0.273652,10,0.436154,12,0.539177,16,0.519798,26,0.492524,5,0.603322,25,0.280074,8,0.630842,13,0.576331,17,0.844221,34,0.969468,28,0.421728,5,0.740720,36,0.796103,32,0.350693,6
segmentary,paul,segformer_b2,cityscapes_to_railsem19_to_rtis,,,segformer_b2--cityscapes_to_railsem19_to_rtis--seed-0,best,cab-view,28,7,0.498687,0.902321,0.599708,0.512534,21,363290,0.427005,0.597224,0.599708,0.597932,0.597932,0.889190,0.253563,10,0.199319,5,0.776985,27,0.434158,11,0.455298,6,0.500750,6,0.273652,10,0.436154,12,0.527570,14,0.521150,23,0.492524,5,0.603322,25,0.280074,8,0.498687,7,0.576331,17,0.869715,28,0.969468,28,0.421728,5,0.723161,28,0.781904,27,0.167698,4
segmentary,paul,segformer_b2,cityscapes_to_railsem19_to_rtis,,,segformer_b2--cityscapes_to_railsem19_to_rtis--seed-0,best,not-cab-view,9,6,0.785024,0.975938,0.956503,0.588402,10,7072470,0.924533,0.965109,0.956503,0.639246,0.532705,0.998182,0.000000,2,,0,0.540965,4,0.311289,3,,0,,0,,0,,0,0.620424,2,0.509435,3,,0,,0,,0,0.785024,6,,0,0.725250,6,,0,,0,0.802178,8,0.872776,5,0.716684,2
segmentary,paul,segformer_b2,cityscapes_to_railsem19_to_rtis,,,segformer_b2--cityscapes_to_railsem19_to_rtis--seed-0,best,excl-trackside-maintenance,32,8,0.436351,0.902137,0.579204,0.515902,21,376151,0.362563,0.492216,0.579204,0.617635,0.617635,0.858788,0.230512,11,0.199319,5,0.754070,30,0.439200,13,0.455298,6,0.500750,6,0.273652,10,0.436154,12,0.539177,16,0.529232,25,0.492524,5,0.603322,25,0.280074,8,0.436351,8,0.576331,17,0.840100,31,0.969468,28,0.421728,5,0.726722,31,0.779257,29,0.350693,6
segmentary,paul,segformer_b2,cityscapes_to_rtis,,,segformer_b2--cityscapes_to_rtis--seed-0,best,all,37,13,0.514908,0.943057,0.931801,0.428596,21,7435760,0.872997,0.932585,0.931801,0.541575,0.541575,0.949413,0.205464,12,0.130730,5,0.553425,31,0.274209,14,0.405288,6,0.490809,6,0.213553,10,0.472114,12,0.449751,16,0.476386,26,0.222645,5,0.537279,25,0.103254,8,0.514908,13,0.401569,17,0.791688,34,0.959395,28,0.216027,5,0.670051,36,0.647652,32,0.264328,6
segmentary,paul,segformer_b2,cityscapes_to_rtis,,,segformer_b2--cityscapes_to_rtis--seed-0,best,cab-view,28,7,0.301668,0.847886,0.361868,0.411916,21,363290,0.296559,0.621669,0.361868,0.482412,0.482412,0.889190,0.246556,10,0.130730,5,0.584823,27,0.288134,11,0.405288,6,0.490809,6,0.213553,10,0.472114,12,0.441976,14,0.462024,23,0.222645,5,0.537279,25,0.103254,8,0.301668,7,0.401569,17,0.840181,28,0.959395,28,0.216027,5,0.656439,28,0.628363,27,0.047416,4
segmentary,paul,segformer_b2,cityscapes_to_rtis,,,segformer_b2--cityscapes_to_rtis--seed-0,best,not-cab-view,9,6,0.763687,0.945109,0.961077,0.515203,10,7072470,0.907098,0.941693,0.961077,0.563040,0.433108,0.998182,0.000000,2,,0,0.341485,4,0.223151,3,,0,,0,,0,,0,0.504169,2,0.586495,3,,0,,0,,0,0.763687,6,,0,0.565385,6,,0,,0,0.717695,8,0.751814,5,0.698150,2
segmentary,paul,segformer_b2,cityscapes_to_rtis,,,segformer_b2--cityscapes_to_rtis--seed-0,best,excl-trackside-maintenance,32,8,0.263960,0.846167,0.349495,0.417480,21,376151,0.272430,0.552670,0.349495,0.511130,0.511130,0.858788,0.224142,11,0.130730,5,0.571872,30,0.295302,13,0.405288,6,0.490809,6,0.213553,10,0.472114,12,0.449751,16,0.475757,25,0.222645,5,0.537279,25,0.103254,8,0.263960,8,0.401569,17,0.790313,31,0.959395,28,0.216027,5,0.658532,31,0.620460,29,0.264328,6
segmentary,paul,segformer_b2,railsem19_to_rtis,,,segformer_b2--railsem19_to_rtis--seed-0,best,all,37,13,0.647023,0.970874,0.962645,0.562326,21,7435760,0.932179,0.967163,0.962645,0.663860,0.663860,0.949413,0.213704,12,0.181760,5,0.740577,31,0.456630,14,0.551747,6,0.693702,6,0.242850,10,0.486832,12,0.545145,16,0.547038,26,0.662520,5,0.619852,25,0.293309,8,0.647023,13,0.589331,17,0.844189,34,0.971950,28,0.618990,5,0.738995,36,0.806693,32,0.356019,6
segmentary,paul,segformer_b2,railsem19_to_rtis,,,segformer_b2--railsem19_to_rtis--seed-0,best,cab-view,28,7,0.515967,0.814406,0.663982,0.555336,21,363290,0.570284,0.801636,0.663982,0.637669,0.637669,0.889190,0.256445,10,0.181760,5,0.782933,27,0.497075,11,0.551747,6,0.693702,6,0.242850,10,0.486832,12,0.535487,14,0.548629,23,0.662520,5,0.619852,25,0.293309,8,0.515967,7,0.589331,17,0.871595,28,0.971950,28,0.618990,5,0.731475,28,0.792811,27,0.216801,4
segmentary,paul,segformer_b2,railsem19_to_rtis,,,segformer_b2--railsem19_to_rtis--seed-0,best,not-cab-view,9,6,0.799922,0.977423,0.977987,0.570823,10,7072470,0.953275,0.974178,0.977987,0.624455,0.520379,0.998182,0.000000,2,,0,0.454667,4,0.308333,3,,0,,0,,0,,0,0.612751,2,0.534838,3,,0,,0,,0,0.799922,6,,0,0.716293,6,,0,,0,0.765317,8,0.881656,5,0.634453,2
segmentary,paul,segformer_b2,railsem19_to_rtis,,,segformer_b2--railsem19_to_rtis--seed-0,best,excl-trackside-maintenance,32,8,0.451471,0.814342,0.641280,0.555816,21,376151,0.525034,0.743353,0.641280,0.644070,0.644070,0.858788,0.233132,11,0.181760,5,0.759116,30,0.491756,13,0.551747,6,0.693702,6,0.242850,10,0.486832,12,0.545145,16,0.553730,25,0.662520,5,0.619852,25,0.293309,8,0.451471,8,0.589331,17,0.844772,31,0.971950,28,0.618990,5,0.731859,31,0.792297,29,0.356019,6
segmentary,paul,segformer_b2,rtis_only,,,segformer_b2--rtis_only--seed-0,best,all,37,13,0.687631,0.976042,0.960771,0.520498,21,7435760,0.931312,0.968126,0.960771,0.582261,0.582261,0.949413,0.188236,12,0.090966,5,0.748395,31,0.481345,14,0.506761,6,0.682336,6,0.189347,10,0.383590,12,0.541846,16,0.505988,26,0.445375,5,0.583864,25,0.242364,8,0.687631,13,0.449105,17,0.843041,34,0.970079,28,0.474779,5,0.728740,36,0.809782,32,0.376886,6
segmentary,paul,segformer_b2,rtis_only,,,segformer_b2--rtis_only--seed-0,best,cab-view,28,7,0.591608,0.820869,0.784343,0.509374,21,363290,0.587310,0.700414,0.784343,0.543967,0.543967,0.889190,0.225883,10,0.090966,5,0.767812,27,0.489555,11,0.506761,6,0.682336,6,0.189347,10,0.383590,12,0.520047,14,0.504765,23,0.445375,5,0.583864,25,0.242364,8,0.591608,7,0.449105,17,0.866565,28,0.970079,28,0.474779,5,0.712894,28,0.793986,27,0.205164,4
segmentary,paul,segformer_b2,rtis_only,,,segformer_b2--rtis_only--seed-0,best,not-cab-view,9,6,0.799658,0.983768,0.969833,0.621091,10,7072470,0.954538,0.983747,0.969833,0.642310,0.458793,0.998182,0.000000,2,,0,0.617331,4,0.451240,3,,0,,0,,0,,0,0.694437,2,0.515370,3,,0,,0,,0,0.799658,6,,0,0.733264,6,,0,,0,0.784201,8,0.895079,5,0.720329,2
segmentary,paul,segformer_b2,rtis_only,,,segformer_b2--rtis_only--seed-0,best,excl-trackside-maintenance,32,8,0.517657,0.820675,0.757526,0.512425,21,376151,0.571877,0.700015,0.757526,0.563524,0.563524,0.858788,0.205349,11,0.090966,5,0.748940,30,0.490294,13,0.506761,6,0.682336,6,0.189347,10,0.383590,12,0.541846,16,0.511591,25,0.445375,5,0.583864,25,0.242364,8,0.517657,8,0.449105,17,0.841099,31,0.970079,28,0.474779,5,0.714505,31,0.794195,29,0.376886,6
segmentary,paul,segformer_b5,cityscapes_to_railsem19_to_rtis,,,segformer_b5--cityscapes_to_railsem19_to_rtis--seed-0,best,all,37,13,0.683984,0.969381,0.943735,0.547332,21,7435760,0.912467,0.964962,0.943735,0.650940,0.650940,0.949413,0.222764,12,0.209289,5,0.769052,31,0.434176,14,0.584351,6,0.673540,6,0.261712,10,0.367219,12,0.543548,16,0.536517,26,0.587657,5,0.611277,25,0.239312,8,0.683984,13,0.604229,17,0.874932,34,0.971765,28,0.533336,5,0.737901,36,0.811673,32,0.235732,6
segmentary,paul,segformer_b5,cityscapes_to_railsem19_to_rtis,,,segformer_b5--cityscapes_to_railsem19_to_rtis--seed-0,best,cab-view,28,7,0.600424,0.895178,0.728115,0.537771,21,363290,0.619212,0.805447,0.728115,0.619700,0.619700,0.889190,0.267317,10,0.209289,5,0.790442,27,0.456027,11,0.584351,6,0.673540,6,0.261712,10,0.367219,12,0.532863,14,0.553769,23,0.587657,5,0.611277,25,0.239312,8,0.600424,7,0.604229,17,0.888746,28,0.971765,28,0.533336,5,0.716862,28,0.800214,27,0.042840,4
segmentary,paul,segformer_b5,cityscapes_to_railsem19_to_rtis,,,segformer_b5--cityscapes_to_railsem19_to_rtis--seed-0,best,not-cab-view,9,6,0.781471,0.972539,0.954811,0.589985,10,7072470,0.929715,0.972506,0.954811,0.640621,0.533851,0.998182,0.000000,2,,0,0.624669,4,0.354052,3,,0,,0,,0,,0,0.618345,2,0.404248,3,,0,,0,,0,0.781471,6,,0,0.810465,6,,0,,0,0.811534,8,0.873552,5,0.621517,2
segmentary,paul,segformer_b5,cityscapes_to_railsem19_to_rtis,,,segformer_b5--cityscapes_to_railsem19_to_rtis--seed-0,best,excl-trackside-maintenance,32,8,0.525371,0.895178,0.703220,0.542022,21,376151,0.600797,0.804876,0.703220,0.636876,0.636876,0.858788,0.243016,11,0.209289,5,0.772910,30,0.467574,13,0.584351,6,0.673540,6,0.261712,10,0.367219,12,0.543548,16,0.557977,25,0.587657,5,0.611277,25,0.239312,8,0.525371,8,0.604229,17,0.874858,31,0.971765,28,0.533336,5,0.720201,31,0.797584,29,0.235732,6
segmentary,paul,segformer_b5,cityscapes_to_rtis,,,segformer_b5--cityscapes_to_rtis--seed-0,best,all,37,13,0.645882,0.970050,0.955148,0.507699,21,7435760,0.913464,0.954403,0.955148,0.591204,0.591204,0.949413,0.222443,12,0.091638,5,0.705201,31,0.430165,14,0.583605,6,0.667221,6,0.290350,10,0.329104,12,0.526401,16,0.486941,26,0.329216,5,0.589973,25,0.197101,8,0.645882,13,0.549948,17,0.845795,34,0.969704,28,0.515606,5,0.721369,36,0.767583,32,0.196426,6
segmentary,paul,segformer_b5,cityscapes_to_rtis,,,segformer_b5--cityscapes_to_rtis--seed-0,best,cab-view,28,7,0.518734,0.829918,0.655174,0.496907,21,363290,0.467763,0.620532,0.655174,0.559241,0.559241,0.889190,0.266932,10,0.091638,5,0.718535,27,0.456517,11,0.583605,6,0.667221,6,0.290350,10,0.329104,12,0.516407,14,0.501588,23,0.329216,5,0.589973,25,0.197101,8,0.518734,7,0.549948,17,0.867634,28,0.969704,28,0.515606,5,0.702898,28,0.746453,27,0.025877,4
segmentary,paul,segformer_b5,cityscapes_to_rtis,,,segformer_b5--cityscapes_to_rtis--seed-0,best,not-cab-view,9,6,0.794222,0.975763,0.970556,0.566307,10,7072470,0.944676,0.972548,0.970556,0.613058,0.510882,0.998182,0.000000,2,,0,0.615196,4,0.333542,3,,0,,0,,0,,0,0.596359,2,0.374645,3,,0,,0,,0,0.794222,6,,0,0.743883,6,,0,,0,0.786020,8,0.881682,5,0.537523,2
segmentary,paul,segformer_b5,cityscapes_to_rtis,,,segformer_b5--cityscapes_to_rtis--seed-0,best,excl-trackside-maintenance,32,8,0.453892,0.829802,0.632772,0.500044,21,376151,0.436729,0.585001,0.632772,0.566314,0.566314,0.858788,0.242665,11,0.091638,5,0.702547,30,0.463255,13,0.583605,6,0.667221,6,0.290350,10,0.329104,12,0.526401,16,0.506281,25,0.329216,5,0.589973,25,0.197101,8,0.453892,8,0.549948,17,0.845321,31,0.969704,28,0.515606,5,0.702311,31,0.748364,29,0.196426,6
segmentary,paul,segformer_b5,railsem19_to_rtis,,,segformer_b5--railsem19_to_rtis--seed-0,best,all,37,13,0.632946,0.946322,0.958402,0.587832,21,7435760,0.903869,0.940777,0.958402,0.695443,0.695443,0.949413,0.207129,12,0.300827,5,0.767329,31,0.441592,14,0.575717,6,0.804622,6,0.254364,10,0.636779,12,0.589733,16,0.618809,26,0.721243,5,0.605023,25,0.326539,8,0.632946,13,0.610170,17,0.864410,34,0.972482,28,0.582796,5,0.735228,36,0.807600,32,0.289136,6
segmentary,paul,segformer_b5,railsem19_to_rtis,,,segformer_b5--railsem19_to_rtis--seed-0,best,cab-view,28,7,0.505771,0.780982,0.673041,0.576102,21,363290,0.551694,0.753690,0.673041,0.660819,0.660819,0.889190,0.248555,10,0.300827,5,0.792091,27,0.471779,11,0.575717,6,0.804622,6,0.254364,10,0.636779,12,0.581580,14,0.604235,23,0.721243,5,0.605023,25,0.326539,8,0.505771,7,0.610170,17,0.887412,28,0.972482,28,0.582796,5,0.738930,28,0.796471,27,0.080766,4
segmentary,paul,segformer_b5,railsem19_to_rtis,,,segformer_b5--railsem19_to_rtis--seed-0,best,not-cab-view,9,6,0.781318,0.953494,0.973060,0.614267,10,7072470,0.924844,0.949148,0.973060,0.639574,0.491980,0.998182,0.000000,2,,0,0.600182,4,0.330908,3,,0,,0,,0,,0,0.646805,2,0.730543,3,,0,,0,,0,0.781318,6,,0,0.757064,6,,0,,0,0.722270,8,0.867698,5,0.705877,2
segmentary,paul,segformer_b5,railsem19_to_rtis,,,segformer_b5--railsem19_to_rtis--seed-0,best,excl-trackside-maintenance,32,8,0.442550,0.780982,0.650029,0.581439,21,376151,0.499911,0.684012,0.650029,0.678964,0.678964,0.858788,0.225959,11,0.300827,5,0.770822,30,0.475561,13,0.575717,6,0.804622,6,0.254364,10,0.636779,12,0.589733,16,0.625975,25,0.721243,5,0.605023,25,0.326539,8,0.442550,8,0.610170,17,0.866100,31,0.972482,28,0.582796,5,0.741410,31,0.792413,29,0.289136,6
segmentary,paul,segformer_b5,rtis_only,,,segformer_b5--rtis_only--seed-0,best,all,37,13,0.693340,0.970172,0.971010,0.530853,21,7435760,0.930791,0.957397,0.971010,0.591250,0.591250,0.949413,0.188760,12,0.159043,5,0.750459,31,0.550001,14,0.440090,6,0.749603,6,0.299461,10,0.523273,12,0.503594,16,0.538911,26,0.417724,5,0.572254,25,0.182739,8,0.693340,13,0.403197,17,0.858283,34,0.970262,28,0.543336,5,0.749796,36,0.790789,32,0.263004,6
segmentary,paul,segformer_b5,rtis_only,,,segformer_b5--rtis_only--seed-0,best,cab-view,28,7,0.600043,0.888050,0.728735,0.519662,21,363290,0.533787,0.666150,0.728735,0.563139,0.563139,0.889190,0.226512,10,0.159043,5,0.762860,27,0.562744,11,0.440090,6,0.749603,6,0.299461,10,0.523273,12,0.483521,14,0.520226,23,0.417724,5,0.572254,25,0.182739,8,0.600043,7,0.403197,17,0.872722,28,0.970262,28,0.543336,5,0.724673,28,0.772080,27,0.126543,4
segmentary,paul,segformer_b5,rtis_only,,,segformer_b5--rtis_only--seed-0,best,not-cab-view,9,6,0.802186,0.973599,0.983454,0.635484,10,7072470,0.957909,0.973599,0.983454,0.650828,0.500637,0.998182,0.000000,2,,0,0.666753,4,0.503279,3,,0,,0,,0,,0,0.644103,2,0.682157,3,,0,,0,,0,0.802186,6,,0,0.790897,6,,0,,0,0.837725,8,0.891815,5,0.535928,2
segmentary,paul,segformer_b5,rtis_only,,,segformer_b5--rtis_only--seed-0,best,excl-trackside-maintenance,32,8,0.525038,0.887833,0.703818,0.521369,21,376151,0.520221,0.666028,0.703818,0.568597,0.568597,0.858788,0.205920,11,0.159043,5,0.746156,30,0.556932,13,0.440090,6,0.749603,6,0.299461,10,0.523273,12,0.503594,16,0.531068,25,0.417724,5,0.572254,25,0.182739,8,0.525038,8,0.403197,17,0.853385,31,0.970262,28,0.543336,5,0.729346,31,0.773321,29,0.263004,6
segmentary,paul,smp_deeplabv3plus_resnet101,cityscapes_to_railsem19_to_rtis,,,smp_deeplabv3plus_resnet101--cityscapes_to_railsem19_to_rtis--seed-0,best,all,37,13,0.653485,0.966847,0.921161,0.507019,21,7435760,0.854445,0.921860,0.921161,0.568661,0.568661,0.949413,0.182162,12,0.259419,5,0.716151,31,0.368780,14,0.494159,6,0.735177,6,0.332625,10,0.321179,12,0.489076,16,0.487854,26,0.455783,5,0.587181,25,0.284376,8,0.653485,13,0.475269,17,0.843842,34,0.967055,28,0.436084,5,0.704857,36,0.766955,32,0.085925,6
segmentary,paul,smp_deeplabv3plus_resnet101,cityscapes_to_railsem19_to_rtis,,,smp_deeplabv3plus_resnet101--cityscapes_to_railsem19_to_rtis--seed-0,best,cab-view,28,7,0.472418,0.835334,0.593655,0.499736,21,363290,0.398807,0.548546,0.593655,0.559539,0.559539,0.889190,0.218595,10,0.259419,5,0.760954,27,0.379098,11,0.494159,6,0.735177,6,0.332625,10,0.321179,12,0.467106,14,0.502760,23,0.455783,5,0.587181,25,0.284376,8,0.472418,7,0.475269,17,0.852881,28,0.967055,28,0.436084,5,0.681571,28,0.751294,27,0.059476,4
segmentary,paul,smp_deeplabv3plus_resnet101,cityscapes_to_railsem19_to_rtis,,,smp_deeplabv3plus_resnet101--cityscapes_to_railsem19_to_rtis--seed-0,best,not-cab-view,9,6,0.864729,0.971821,0.937984,0.520421,10,7072470,0.887407,0.942717,0.937984,0.521040,0.347360,0.998182,0.000000,2,,0,0.413732,4,0.330949,3,,0,,0,,0,,0,0.642863,2,0.373567,3,,0,,0,,0,0.864729,6,,0,0.801662,6,,0,,0,0.786356,8,0.851527,5,0.138824,2
segmentary,paul,smp_deeplabv3plus_resnet101,cityscapes_to_railsem19_to_rtis,,,smp_deeplabv3plus_resnet101--cityscapes_to_railsem19_to_rtis--seed-0,best,excl-trackside-maintenance,32,8,0.487056,0.837456,0.594961,0.500834,21,376151,0.292424,0.365110,0.594961,0.539661,0.539661,0.858788,0.198723,11,0.259419,5,0.739379,30,0.397148,13,0.494159,6,0.735177,6,0.332625,10,0.321179,12,0.489076,16,0.492975,25,0.455783,5,0.587181,25,0.284376,8,0.487056,8,0.475269,17,0.844294,31,0.967055,28,0.436084,5,0.684769,31,0.749853,29,0.085925,6
segmentary,paul,smp_deeplabv3plus_resnet101,cityscapes_to_rtis,,,smp_deeplabv3plus_resnet101--cityscapes_to_rtis--seed-0,best,all,37,13,0.566495,0.971489,0.934668,0.479525,21,7435760,0.896337,0.956248,0.934668,0.557199,0.557199,0.949413,0.176841,12,0.147631,5,0.682761,31,0.398859,14,0.408135,6,0.639867,6,0.176253,10,0.431915,12,0.443973,16,0.487114,26,0.513581,5,0.537902,25,0.173237,8,0.566495,13,0.407144,17,0.837103,34,0.960293,28,0.447956,5,0.687391,36,0.742308,32,0.203257,6
segmentary,paul,smp_deeplabv3plus_resnet101,cityscapes_to_rtis,,,smp_deeplabv3plus_resnet101--cityscapes_to_rtis--seed-0,best,cab-view,28,7,0.381656,0.802094,0.577673,0.462382,21,363290,0.456322,0.684766,0.577673,0.514729,0.514729,0.889190,0.212209,10,0.147631,5,0.717273,27,0.394969,11,0.408135,6,0.639867,6,0.176253,10,0.431915,12,0.431313,14,0.492785,23,0.513581,5,0.537902,25,0.173237,8,0.381656,7,0.407144,17,0.841677,28,0.960293,28,0.447956,5,0.655827,28,0.720490,27,0.017908,4
segmentary,paul,smp_deeplabv3plus_resnet101,cityscapes_to_rtis,,,smp_deeplabv3plus_resnet101--cityscapes_to_rtis--seed-0,best,not-cab-view,9,6,0.782141,0.977919,0.953006,0.566900,10,7072470,0.924081,0.968200,0.953006,0.605408,0.356122,0.998182,0.000000,2,,0,0.449809,4,0.413124,3,,0,,0,,0,,0,0.532591,2,0.443631,3,,0,,0,,0,0.782141,6,,0,0.815760,6,,0,,0,0.797865,8,0.860120,5,0.573955,2
segmentary,paul,smp_deeplabv3plus_resnet101,cityscapes_to_rtis,,,smp_deeplabv3plus_resnet101--cityscapes_to_rtis--seed-0,best,excl-trackside-maintenance,32,8,0.333949,0.802094,0.557922,0.468255,21,376151,0.387235,0.558644,0.557922,0.528912,0.528912,0.858788,0.192918,11,0.147631,5,0.705357,30,0.409928,13,0.408135,6,0.639867,6,0.176253,10,0.431915,12,0.443973,16,0.485571,25,0.513581,5,0.537902,25,0.173237,8,0.333949,8,0.407144,17,0.834542,31,0.960293,28,0.447956,5,0.658573,31,0.721374,29,0.203257,6
segmentary,paul,smp_deeplabv3plus_resnet101,railsem19_to_rtis,,,smp_deeplabv3plus_resnet101--railsem19_to_rtis--seed-0,best,all,37,13,0.548827,0.977648,0.905451,0.545755,21,7435760,0.876846,0.965224,0.905451,0.623635,0.623635,0.949413,0.188606,12,0.182943,5,0.751082,31,0.424647,14,0.477773,6,0.675863,6,0.227772,10,0.503188,12,0.563313,16,0.504671,26,0.775703,5,0.589669,25,0.344039,8,0.548827,13,0.541910,17,0.850466,34,0.969153,28,0.659328,5,0.739790,36,0.801657,32,0.140454,6
segmentary,paul,smp_deeplabv3plus_resnet101,railsem19_to_rtis,,,smp_deeplabv3plus_resnet101--railsem19_to_rtis--seed-0,best,cab-view,28,7,0.362959,0.819234,0.563104,0.536435,21,363290,0.472207,0.745243,0.563104,0.615727,0.615727,0.889190,0.226328,10,0.182943,5,0.793112,27,0.438302,11,0.477773,6,0.675863,6,0.227772,10,0.503188,12,0.550374,14,0.523558,23,0.775703,5,0.589669,25,0.344039,8,0.362959,7,0.541910,17,0.863122,28,0.969153,28,0.659328,5,0.722441,28,0.789276,27,0.048332,4
segmentary,paul,smp_deeplabv3plus_resnet101,railsem19_to_rtis,,,smp_deeplabv3plus_resnet101--railsem19_to_rtis--seed-0,best,not-cab-view,9,6,0.765673,0.983609,0.923036,0.540653,10,7072470,0.901042,0.974236,0.923036,0.567670,0.354794,0.998182,0.000000,2,,0,0.467377,4,0.374581,3,,0,,0,,0,,0,0.653888,2,0.359878,3,,0,,0,,0,0.765673,6,,0,0.791407,6,,0,,0,0.800511,8,0.868516,5,0.324698,2
segmentary,paul,smp_deeplabv3plus_resnet101,railsem19_to_rtis,,,smp_deeplabv3plus_resnet101--railsem19_to_rtis--seed-0,best,excl-trackside-maintenance,32,8,0.317589,0.819234,0.543851,0.536737,21,376151,0.401170,0.604607,0.543851,0.602081,0.602081,0.858788,0.205753,11,0.182943,5,0.768849,30,0.451206,13,0.477773,6,0.675863,6,0.227772,10,0.503188,12,0.563313,16,0.514759,25,0.775703,5,0.589669,25,0.344039,8,0.317589,8,0.541910,17,0.848030,31,0.969153,28,0.659328,5,0.728591,31,0.785591,29,0.140454,6
segmentary,paul,smp_deeplabv3plus_resnet101,rtis_only,,,smp_deeplabv3plus_resnet101--rtis_only--seed-0,best,all,37,13,0.438865,0.945980,0.915815,0.349894,21,7435760,0.858594,0.932165,0.915815,0.413001,0.413001,0.949413,0.093256,12,0.023241,5,0.629418,31,0.366775,14,0.039437,6,0.624892,6,0.000000,10,0.334459,12,0.321573,16,0.364970,26,0.332994,5,0.324276,25,0.000000,8,0.438865,13,0.262548,17,0.726689,34,0.943511,28,0.000000,5,0.613493,36,0.689648,32,0.217737,6
segmentary,paul,smp_deeplabv3plus_resnet101,rtis_only,,,smp_deeplabv3plus_resnet101--rtis_only--seed-0,best,cab-view,28,7,0.166148,0.776350,0.161290,0.332919,21,363290,0.120771,0.324662,0.161290,0.366283,0.366283,0.889190,0.111908,10,0.023241,5,0.672411,27,0.401040,11,0.039437,6,0.624892,6,0.000000,10,0.334459,12,0.342150,14,0.365460,23,0.332994,5,0.324276,25,0.000000,8,0.166148,7,0.262548,17,0.777660,28,0.943511,28,0.000000,5,0.575515,28,0.693643,27,0.000000,4
segmentary,paul,smp_deeplabv3plus_resnet101,rtis_only,,,smp_deeplabv3plus_resnet101--rtis_only--seed-0,best,not-cab-view,9,6,0.757034,0.947778,0.954573,0.443265,10,7072470,0.906670,0.947554,0.954573,0.489548,0.349677,0.998182,0.000000,2,,0,0.339217,4,0.241136,3,,0,,0,,0,,0,0.177527,2,0.361216,3,,0,,0,,0,0.757034,6,,0,0.488823,6,,0,,0,0.746416,8,0.668073,5,0.653211,2
segmentary,paul,smp_deeplabv3plus_resnet101,rtis_only,,,smp_deeplabv3plus_resnet101--rtis_only--seed-0,best,excl-trackside-maintenance,32,8,0.145380,0.776350,0.155775,0.338259,21,376151,0.117256,0.321666,0.155775,0.375055,0.375055,0.858788,0.101734,11,0.023241,5,0.650399,30,0.394988,13,0.039437,6,0.624892,6,0.000000,10,0.334459,12,0.321573,16,0.379568,25,0.332994,5,0.324276,25,0.000000,8,0.145380,8,0.262548,17,0.738576,31,0.943511,28,0.000000,5,0.583806,31,0.684325,29,0.217737,6
segmentary,paul,smp_fpn_resnet50,cityscapes_to_railsem19_to_rtis,,,smp_fpn_resnet50--cityscapes_to_railsem19_to_rtis--seed-0,best,all,37,13,0.501153,0.972724,0.761497,0.493604,21,7435760,0.740137,0.963485,0.761497,0.569729,0.569729,0.949413,0.213721,12,0.090263,5,0.718832,31,0.389941,14,0.304901,6,0.581981,6,0.238070,10,0.464025,12,0.531649,16,0.499091,26,0.564409,5,0.580896,25,0.240888,8,0.501153,13,0.512626,17,0.841158,34,0.964095,28,0.527271,5,0.691205,36,0.760478,32,0.149021,6
segmentary,paul,smp_fpn_resnet50,cityscapes_to_railsem19_to_rtis,,,smp_fpn_resnet50--cityscapes_to_railsem19_to_rtis--seed-0,best,cab-view,28,7,0.342914,0.870042,0.432104,0.483223,21,363290,0.387297,0.788807,0.432104,0.560992,0.560992,0.889190,0.256466,10,0.090263,5,0.754766,27,0.404915,11,0.304901,6,0.581981,6,0.238070,10,0.464025,12,0.517083,14,0.511533,23,0.564409,5,0.580896,25,0.240888,8,0.342914,7,0.512626,17,0.852321,28,0.964095,28,0.527271,5,0.674353,28,0.743893,27,0.020023,4
segmentary,paul,smp_fpn_resnet50,cityscapes_to_railsem19_to_rtis,,,smp_fpn_resnet50--cityscapes_to_railsem19_to_rtis--seed-0,best,not-cab-view,9,6,0.685764,0.976008,0.778417,0.533069,10,7072470,0.759876,0.969607,0.778417,0.502085,0.295344,0.998182,0.000000,2,,0,0.476275,4,0.335035,3,,0,,0,,0,,0,0.633609,2,0.403700,3,,0,,0,,0,0.685764,6,,0,0.789064,6,,0,,0,0.750187,8,0.850042,5,0.407017,2
segmentary,paul,smp_fpn_resnet50,cityscapes_to_railsem19_to_rtis,,,smp_fpn_resnet50--cityscapes_to_railsem19_to_rtis--seed-0,best,excl-trackside-maintenance,32,8,0.322268,0.871668,0.423407,0.486735,21,376151,0.349711,0.667685,0.423407,0.560202,0.560202,0.858788,0.233151,11,0.090263,5,0.731602,30,0.419936,13,0.304901,6,0.581981,6,0.238070,10,0.464025,12,0.531649,16,0.505698,25,0.564409,5,0.580896,25,0.240888,8,0.322268,8,0.512626,17,0.836198,31,0.964095,28,0.527271,5,0.681019,31,0.741461,29,0.149021,6
segmentary,paul,smp_fpn_resnet50,cityscapes_to_rtis,,,smp_fpn_resnet50--cityscapes_to_rtis--seed-0,best,all,37,13,0.421088,0.979535,0.870444,0.463320,21,7435760,0.852541,0.976444,0.870444,0.555317,0.555317,0.949413,0.206795,12,0.124933,5,0.653547,31,0.363379,14,0.308939,6,0.547465,6,0.166501,10,0.396630,12,0.487158,16,0.446092,26,0.528102,5,0.542775,25,0.178305,8,0.421088,13,0.472424,17,0.836224,34,0.958200,28,0.440167,5,0.680386,36,0.743507,32,0.227102,6
segmentary,paul,smp_fpn_resnet50,cityscapes_to_rtis,,,smp_fpn_resnet50--cityscapes_to_rtis--seed-0,best,cab-view,28,7,0.140285,0.926202,0.197159,0.441819,21,363290,0.183696,0.728996,0.197159,0.501204,0.501204,0.889190,0.248154,10,0.124933,5,0.690902,27,0.370043,11,0.308939,6,0.547465,6,0.166501,10,0.396630,12,0.473343,14,0.447806,23,0.528102,5,0.542775,25,0.178305,8,0.140285,7,0.472424,17,0.847016,28,0.958200,28,0.440167,5,0.658107,28,0.725540,27,0.012563,4
segmentary,paul,smp_fpn_resnet50,cityscapes_to_rtis,,,smp_fpn_resnet50--cityscapes_to_rtis--seed-0,best,not-cab-view,9,6,0.748693,0.980167,0.905028,0.554678,10,7072470,0.888752,0.980167,0.905028,0.571206,0.380804,0.998182,0.000000,2,,0,0.401398,4,0.338944,3,,0,,0,,0,,0,0.583861,2,0.432955,3,,0,,0,,0,0.748693,6,,0,0.785861,6,,0,,0,0.758360,8,0.840530,5,0.656179,2
segmentary,paul,smp_fpn_resnet50,cityscapes_to_rtis,,,smp_fpn_resnet50--cityscapes_to_rtis--seed-0,best,excl-trackside-maintenance,32,8,0.122749,0.926202,0.190418,0.450859,21,376151,0.177830,0.728996,0.190418,0.525121,0.525121,0.858788,0.225594,11,0.124933,5,0.675332,30,0.391331,13,0.308939,6,0.547465,6,0.166501,10,0.396630,12,0.487158,16,0.450361,25,0.528102,5,0.542775,25,0.178305,8,0.122749,8,0.472424,17,0.833016,31,0.958200,28,0.440167,5,0.668139,31,0.722813,29,0.227102,6
segmentary,paul,smp_fpn_resnet50,railsem19_to_rtis,,,smp_fpn_resnet50--railsem19_to_rtis--seed-0,best,all,37,13,0.591986,0.968306,0.932101,0.530794,21,7435760,0.899033,0.962037,0.932101,0.602788,0.602788,0.949413,0.189963,12,0.061105,5,0.741013,31,0.438851,14,0.515558,6,0.703631,6,0.195882,10,0.449188,12,0.580793,16,0.505458,26,0.607181,5,0.586148,25,0.263700,8,0.591986,13,0.523214,17,0.818635,34,0.966304,28,0.642287,5,0.722500,36,0.771481,32,0.271792,6
segmentary,paul,smp_fpn_resnet50,railsem19_to_rtis,,,smp_fpn_resnet50--railsem19_to_rtis--seed-0,best,cab-view,28,7,0.433253,0.818198,0.597754,0.521325,21,363290,0.474237,0.696515,0.597754,0.573459,0.573459,0.889190,0.227955,10,0.061105,5,0.790532,27,0.472089,11,0.515558,6,0.703631,6,0.195882,10,0.449188,12,0.569466,14,0.516635,23,0.607181,5,0.586148,25,0.263700,8,0.433253,7,0.523214,17,0.860229,28,0.966304,28,0.642287,5,0.703146,28,0.764903,27,0.095418,4
segmentary,paul,smp_fpn_resnet50,railsem19_to_rtis,,,smp_fpn_resnet50--railsem19_to_rtis--seed-0,best,not-cab-view,9,6,0.777175,0.974087,0.949275,0.542707,10,7072470,0.925858,0.974047,0.949275,0.591284,0.347814,0.998182,0.000000,2,,0,0.406754,4,0.316979,3,,0,,0,,0,,0,0.660079,2,0.419773,3,,0,,0,,0,0.777175,6,,0,0.624529,6,,0,,0,0.790237,8,0.807001,5,0.624540,2
segmentary,paul,smp_fpn_resnet50,railsem19_to_rtis,,,smp_fpn_resnet50--railsem19_to_rtis--seed-0,best,excl-trackside-maintenance,32,8,0.379097,0.818198,0.577316,0.523122,21,376151,0.461009,0.695894,0.577316,0.581274,0.581274,0.858788,0.207232,11,0.061105,5,0.765386,30,0.472609,13,0.515558,6,0.703631,6,0.195882,10,0.449188,12,0.580793,16,0.500391,25,0.607181,5,0.586148,25,0.263700,8,0.379097,8,0.523214,17,0.835943,31,0.966304,28,0.642287,5,0.704299,31,0.753816,29,0.271792,6
segmentary,paul,smp_fpn_resnet50,rtis_only,,,smp_fpn_resnet50--rtis_only--seed-0,best,all,37,13,0.539244,0.965641,0.926135,0.436910,21,7435760,0.891849,0.960146,0.926135,0.524592,0.524592,0.949413,0.120019,12,0.151367,5,0.650331,31,0.395293,14,0.274902,6,0.612412,6,0.061767,10,0.452571,12,0.473926,16,0.400511,26,0.396426,5,0.454535,25,0.157254,8,0.539244,13,0.353519,17,0.807990,34,0.953662,28,0.324009,5,0.667106,36,0.736558,32,0.191710,6
segmentary,paul,smp_fpn_resnet50,rtis_only,,,smp_fpn_resnet50--rtis_only--seed-0,best,cab-view,28,7,0.312715,0.706769,0.489826,0.419494,21,363290,0.380992,0.631636,0.489826,0.476754,0.476754,0.889190,0.144023,10,0.151367,5,0.686792,27,0.411039,11,0.274902,6,0.612412,6,0.061767,10,0.452571,12,0.462026,14,0.401571,23,0.396426,5,0.454535,25,0.157254,8,0.312715,7,0.353519,17,0.840762,28,0.953662,28,0.324009,5,0.638046,28,0.719971,27,0.000000,4
segmentary,paul,smp_fpn_resnet50,rtis_only,,,smp_fpn_resnet50--rtis_only--seed-0,best,not-cab-view,9,6,0.803527,0.975114,0.948546,0.532005,10,7072470,0.924740,0.973577,0.948546,0.574614,0.319230,0.998182,0.000000,2,,0,0.404221,4,0.337557,3,,0,,0,,0,,0,0.557225,2,0.392385,3,,0,,0,,0,0.803527,6,,0,0.655054,6,,0,,0,0.768816,8,0.826130,5,0.575131,2
segmentary,paul,smp_fpn_resnet50,rtis_only,,,smp_fpn_resnet50--rtis_only--seed-0,best,excl-trackside-maintenance,32,8,0.293687,0.709154,0.478566,0.427100,21,376151,0.366778,0.610924,0.478566,0.498284,0.498284,0.858788,0.130930,11,0.151367,5,0.672009,30,0.425516,13,0.274902,6,0.612412,6,0.061767,10,0.452571,12,0.473926,16,0.401485,25,0.396426,5,0.454535,25,0.157254,8,0.293687,8,0.353519,17,0.824572,31,0.953662,28,0.324009,5,0.646896,31,0.715943,29,0.191710,6
segmentary,paul,smp_upernet_resnet101,cityscapes_to_railsem19_to_rtis,,,smp_upernet_resnet101--cityscapes_to_railsem19_to_rtis--seed-0,best,all,37,13,0.546409,0.971598,0.953417,0.498274,21,7435760,0.876467,0.915679,0.953417,0.554954,0.554954,0.949413,0.175913,12,0.157637,5,0.735398,31,0.429225,14,0.435939,6,0.583608,6,0.328077,10,0.511353,12,0.528646,16,0.460696,26,0.510183,5,0.565999,25,0.277892,8,0.546409,13,0.412617,17,0.832952,34,0.968209,28,0.375915,5,0.716242,36,0.745665,32,0.165179,6
segmentary,paul,smp_upernet_resnet101,cityscapes_to_railsem19_to_rtis,,,smp_upernet_resnet101--cityscapes_to_railsem19_to_rtis--seed-0,best,cab-view,28,7,0.329834,0.792378,0.483861,0.484915,21,363290,0.280728,0.400729,0.483861,0.527406,0.527406,0.889190,0.211096,10,0.157637,5,0.758770,27,0.458940,11,0.435939,6,0.583608,6,0.328077,10,0.511353,12,0.516841,14,0.457962,23,0.510183,5,0.565999,25,0.277892,8,0.329834,7,0.412617,17,0.853837,28,0.968209,28,0.375915,5,0.690287,28,0.732385,27,0.045842,4
segmentary,paul,smp_upernet_resnet101,cityscapes_to_railsem19_to_rtis,,,smp_upernet_resnet101--cityscapes_to_railsem19_to_rtis--seed-0,best,not-cab-view,9,6,0.799080,0.977217,0.977537,0.555372,10,7072470,0.926455,0.946607,0.977537,0.567712,0.333948,0.998182,0.000000,2,,0,0.577634,4,0.320268,3,,0,,0,,0,,0,0.611279,2,0.481656,3,,0,,0,,0,0.799080,6,,0,0.735491,6,,0,,0,0.807084,8,0.817380,5,0.403852,2
segmentary,paul,smp_upernet_resnet101,cityscapes_to_railsem19_to_rtis,,,smp_upernet_resnet101--cityscapes_to_railsem19_to_rtis--seed-0,best,excl-trackside-maintenance,32,8,0.288605,0.792378,0.467318,0.485424,21,376151,0.202560,0.263371,0.467318,0.518948,0.518948,0.858788,0.191905,11,0.157637,5,0.735750,30,0.460325,13,0.435939,6,0.583608,6,0.328077,10,0.511353,12,0.528646,16,0.453619,25,0.510183,5,0.565999,25,0.277892,8,0.288605,8,0.412617,17,0.827827,31,0.968209,28,0.375915,5,0.689127,31,0.725483,29,0.165179,6
segmentary,paul,smp_upernet_resnet101,cityscapes_to_rtis,,,smp_upernet_resnet101--cityscapes_to_rtis--seed-0,best,all,37,13,0.488642,0.962623,0.912209,0.417448,21,7435760,0.851645,0.927680,0.912209,0.494191,0.494191,0.949413,0.176406,12,0.065419,5,0.606629,31,0.310226,14,0.296082,6,0.635660,6,0.000000,10,0.468490,12,0.470178,16,0.427672,26,0.295199,5,0.526488,25,0.000000,8,0.488642,13,0.400599,17,0.828829,34,0.948886,28,0.215991,5,0.669562,36,0.689539,32,0.245905,6
segmentary,paul,smp_upernet_resnet101,cityscapes_to_rtis,,,smp_upernet_resnet101--cityscapes_to_rtis--seed-0,best,cab-view,28,7,0.250290,0.650927,0.431435,0.394049,21,363290,0.248665,0.369873,0.431435,0.437919,0.437919,0.889190,0.211687,10,0.065419,5,0.638212,27,0.304799,11,0.296082,6,0.635660,6,0.000000,10,0.468490,12,0.443072,14,0.427212,23,0.295199,5,0.526488,25,0.000000,8,0.250290,7,0.400599,17,0.832420,28,0.948886,28,0.215991,5,0.637713,28,0.664945,27,0.011868,4
segmentary,paul,smp_upernet_resnet101,cityscapes_to_rtis,,,smp_upernet_resnet101--cityscapes_to_rtis--seed-0,best,not-cab-view,9,6,0.766719,0.973651,0.936905,0.571084,10,7072470,0.903465,0.961997,0.936905,0.606236,0.404157,0.998182,0.000000,2,,0,0.393445,4,0.330124,3,,0,,0,,0,,0,0.659920,2,0.431194,3,,0,,0,,0,0.766719,6,,0,0.812072,6,,0,,0,0.781034,8,0.822351,5,0.713977,2
segmentary,paul,smp_upernet_resnet101,cityscapes_to_rtis,,,smp_upernet_resnet101--cityscapes_to_rtis--seed-0,best,excl-trackside-maintenance,32,8,0.219197,0.638783,0.416756,0.404747,21,376151,0.214682,0.306884,0.416756,0.460579,0.460579,0.858788,0.192442,11,0.065419,5,0.617415,30,0.334089,13,0.296082,6,0.635660,6,0.000000,10,0.468490,12,0.470178,16,0.433027,25,0.295199,5,0.526488,25,0.000000,8,0.219197,8,0.400599,17,0.827022,31,0.948886,28,0.215991,5,0.643587,31,0.664006,29,0.245905,6
segmentary,paul,smp_upernet_resnet101,railsem19_to_rtis,,,smp_upernet_resnet101--railsem19_to_rtis--seed-0,best,all,37,13,0.560282,0.939633,0.943329,0.524762,21,7435760,0.860369,0.907262,0.943329,0.574216,0.574216,0.949413,0.190423,12,0.158734,5,0.733088,31,0.447360,14,0.481365,6,0.557044,6,0.315445,10,0.429371,12,0.516196,16,0.477505,26,0.743923,5,0.566288,25,0.289975,8,0.560282,13,0.500706,17,0.823843,34,0.965330,28,0.609973,5,0.703799,36,0.772123,32,0.177239,6
segmentary,paul,smp_upernet_resnet101,railsem19_to_rtis,,,smp_upernet_resnet101--railsem19_to_rtis--seed-0,best,cab-view,28,7,0.383952,0.731991,0.628151,0.517272,21,363290,0.427361,0.572093,0.628151,0.561030,0.561030,0.889190,0.228507,10,0.158734,5,0.761382,27,0.476347,11,0.481365,6,0.557044,6,0.315445,10,0.429371,12,0.499237,14,0.490105,23,0.743923,5,0.566288,25,0.289975,8,0.383952,7,0.500706,17,0.844883,28,0.965330,28,0.609973,5,0.704911,28,0.765183,27,0.090058,4
segmentary,paul,smp_upernet_resnet101,railsem19_to_rtis,,,smp_upernet_resnet101--railsem19_to_rtis--seed-0,best,not-cab-view,9,6,0.766001,0.948682,0.959519,0.525176,10,7072470,0.890717,0.925496,0.959519,0.524130,0.327581,0.998182,0.000000,2,,0,0.542107,4,0.341077,3,,0,,0,,0,,0,0.634904,2,0.380906,3,,0,,0,,0,0.766001,6,,0,0.725656,6,,0,,0,0.699908,8,0.809604,5,0.351601,2
segmentary,paul,smp_upernet_resnet101,railsem19_to_rtis,,,smp_upernet_resnet101--railsem19_to_rtis--seed-0,best,excl-trackside-maintenance,32,8,0.335958,0.731991,0.606674,0.515348,21,376151,0.314305,0.394744,0.606674,0.549939,0.549939,0.858788,0.207734,11,0.158734,5,0.733123,30,0.472965,13,0.481365,6,0.557044,6,0.315445,10,0.429371,12,0.516196,16,0.483108,25,0.743923,5,0.566288,25,0.289975,8,0.335958,8,0.500706,17,0.816243,31,0.965330,28,0.609973,5,0.703831,31,0.757765,29,0.177239,6
segmentary,paul,smp_upernet_resnet101,rtis_only,,,smp_upernet_resnet101--rtis_only--seed-0,best,all,37,13,0.634124,0.966151,0.933977,0.489950,21,7435760,0.875265,0.932992,0.933977,0.548129,0.548129,0.949413,0.184918,12,0.142626,5,0.725963,31,0.406690,14,0.312382,6,0.706096,6,0.308888,10,0.412048,12,0.498663,16,0.461519,26,0.352900,5,0.574575,25,0.208076,8,0.634124,13,0.423978,17,0.816002,34,0.965336,28,0.493675,5,0.714433,36,0.757488,32,0.188558,6
segmentary,paul,smp_upernet_resnet101,rtis_only,,,smp_upernet_resnet101--rtis_only--seed-0,best,cab-view,28,7,0.510435,0.759137,0.709400,0.477806,21,363290,0.375096,0.443194,0.709400,0.516851,0.516851,0.889190,0.221901,10,0.142626,5,0.739657,27,0.421907,11,0.312382,6,0.706096,6,0.308888,10,0.412048,12,0.481899,14,0.468194,23,0.352900,5,0.574575,25,0.208076,8,0.510435,7,0.423978,17,0.844059,28,0.965336,28,0.493675,5,0.690914,28,0.740177,27,0.014202,4
segmentary,paul,smp_upernet_resnet101,rtis_only,,,smp_upernet_resnet101--rtis_only--seed-0,best,not-cab-view,9,6,0.778428,0.976412,0.945513,0.565927,10,7072470,0.922682,0.974498,0.945513,0.563033,0.351896,0.998182,0.000000,2,,0,0.633532,4,0.350893,3,,0,,0,,0,,0,0.616013,2,0.410341,3,,0,,0,,0,0.778428,6,,0,0.685069,6,,0,,0,0.796753,8,0.850965,5,0.537270,2
segmentary,paul,smp_upernet_resnet101,rtis_only,,,smp_upernet_resnet101--rtis_only--seed-0,best,excl-trackside-maintenance,32,8,0.446630,0.757361,0.685145,0.480627,21,376151,0.360856,0.432592,0.685145,0.522037,0.522037,0.858788,0.201729,11,0.142626,5,0.723088,30,0.429048,13,0.312382,6,0.706096,6,0.308888,10,0.412048,12,0.498663,16,0.456843,25,0.352900,5,0.574575,25,0.208076,8,0.446630,8,0.423978,17,0.817698,31,0.965336,28,0.493675,5,0.693416,31,0.736907,29,0.188558,6
segmentary,paul,upernet_convnext,cityscapes_to_railsem19_to_rtis,,,upernet_convnext--cityscapes_to_railsem19_to_rtis--seed-0,best,all,37,13,0.579352,0.978809,0.958729,0.568556,21,7435760,0.925930,0.964369,0.958729,0.672083,0.672083,0.949413,0.207983,12,0.361218,5,0.763815,31,0.467958,14,0.588880,6,0.777332,6,0.331335,10,0.456675,12,0.575686,16,0.553039,26,0.527263,5,0.619434,25,0.360787,8,0.579352,13,0.578221,17,0.857967,34,0.974218,28,0.469845,5,0.747597,36,0.779099,32,0.361974,6
segmentary,paul,upernet_convnext,cityscapes_to_railsem19_to_rtis,,,upernet_convnext--cityscapes_to_railsem19_to_rtis--seed-0,best,cab-view,28,7,0.383709,0.774029,0.562118,0.547238,21,363290,0.423324,0.631604,0.562118,0.618123,0.618123,0.889190,0.249580,10,0.361218,5,0.768727,27,0.457035,11,0.588880,6,0.777332,6,0.331335,10,0.456675,12,0.555640,14,0.549965,23,0.527263,5,0.619434,25,0.360787,8,0.383709,7,0.578221,17,0.868486,28,0.974218,28,0.469845,5,0.710731,28,0.757059,27,0.145868,4
segmentary,paul,upernet_convnext,cityscapes_to_railsem19_to_rtis,,,upernet_convnext--cityscapes_to_railsem19_to_rtis--seed-0,best,not-cab-view,9,6,0.807602,0.986506,0.979102,0.671669,10,7072470,0.959527,0.979589,0.979102,0.694665,0.434165,0.998182,0.000000,2,,0,0.730663,4,0.508009,3,,0,,0,,0,,0,0.716007,2,0.576606,3,,0,,0,,0,0.807602,6,,0,0.808874,6,,0,,0,0.876630,8,0.898112,5,0.794188,2
segmentary,paul,upernet_convnext,cityscapes_to_railsem19_to_rtis,,,upernet_convnext--cityscapes_to_railsem19_to_rtis--seed-0,best,excl-trackside-maintenance,32,8,0.335745,0.774029,0.542899,0.554563,21,376151,0.374822,0.547654,0.542899,0.642313,0.642313,0.858788,0.226891,11,0.361218,5,0.758947,30,0.463231,13,0.588880,6,0.777332,6,0.331335,10,0.456675,12,0.575686,16,0.544867,25,0.527263,5,0.619434,25,0.360787,8,0.335745,8,0.578221,17,0.854410,31,0.974218,28,0.469845,5,0.718319,31,0.760545,29,0.361974,6
segmentary,paul,upernet_convnext,cityscapes_to_rtis,,,upernet_convnext--cityscapes_to_rtis--seed-0,best,all,37,13,0.594887,0.970735,0.952650,0.535878,21,7435760,0.891636,0.932983,0.952650,0.626410,0.626410,0.949413,0.221112,12,0.266349,5,0.721925,31,0.484005,14,0.524625,6,0.786175,6,0.373126,10,0.419768,12,0.520130,16,0.498172,26,0.376725,5,0.614769,25,0.316923,8,0.594887,13,0.451041,17,0.849976,34,0.974523,28,0.451601,5,0.732838,36,0.761244,32,0.313520,6
segmentary,paul,upernet_convnext,cityscapes_to_rtis,,,upernet_convnext--cityscapes_to_rtis--seed-0,best,cab-view,28,7,0.422331,0.772235,0.612500,0.519136,21,363290,0.383157,0.505755,0.612500,0.581555,0.581555,0.889190,0.265334,10,0.266349,5,0.727616,27,0.467457,11,0.524625,6,0.786175,6,0.373126,10,0.419768,12,0.502417,14,0.498314,23,0.376725,5,0.614769,25,0.316923,8,0.422331,7,0.451041,17,0.856408,28,0.974523,28,0.451601,5,0.695350,28,0.737327,27,0.173688,4
segmentary,paul,upernet_convnext,cityscapes_to_rtis,,,upernet_convnext--cityscapes_to_rtis--seed-0,best,not-cab-view,9,6,0.796202,0.978895,0.970123,0.633319,10,7072470,0.931737,0.959263,0.970123,0.648051,0.405032,0.998182,0.000000,2,,0,0.683512,4,0.544678,3,,0,,0,,0,,0,0.644127,2,0.497079,3,,0,,0,,0,0.796202,6,,0,0.819960,6,,0,,0,0.864048,8,0.890398,5,0.593184,2
segmentary,paul,upernet_convnext,cityscapes_to_rtis,,,upernet_convnext--cityscapes_to_rtis--seed-0,best,excl-trackside-maintenance,32,8,0.369540,0.772225,0.591558,0.522455,21,376151,0.301897,0.381398,0.591558,0.594554,0.594554,0.858788,0.241213,11,0.266349,5,0.714914,30,0.473260,13,0.524625,6,0.786175,6,0.373126,10,0.419768,12,0.520130,16,0.489962,25,0.376725,5,0.614769,25,0.316923,8,0.369540,8,0.451041,17,0.847530,31,0.974523,28,0.451601,5,0.704332,31,0.741527,29,0.313520,6
segmentary,paul,upernet_convnext,railsem19_to_rtis,,,upernet_convnext--railsem19_to_rtis--seed-0,best,all,37,13,0.561745,0.977008,0.943608,0.572014,21,7435760,0.883238,0.932457,0.943608,0.660870,0.660870,0.949413,0.219322,12,0.250355,5,0.775507,31,0.453971,14,0.594350,6,0.671488,6,0.440410,10,0.483012,12,0.532176,16,0.535518,26,0.777443,5,0.599920,25,0.362239,8,0.561745,13,0.536497,17,0.841376,34,0.966870,28,0.598862,5,0.736444,36,0.788920,32,0.285864,6
segmentary,paul,upernet_convnext,railsem19_to_rtis,,,upernet_convnext--railsem19_to_rtis--seed-0,best,cab-view,28,7,0.361843,0.801871,0.532646,0.554516,21,363290,0.401257,0.619291,0.532646,0.626330,0.626330,0.889190,0.263186,10,0.250355,5,0.800476,27,0.435626,11,0.594350,6,0.671488,6,0.440410,10,0.483012,12,0.511822,14,0.548932,23,0.777443,5,0.599920,25,0.362239,8,0.361843,7,0.536497,17,0.852865,28,0.966870,28,0.598862,5,0.707866,28,0.777669,27,0.103102,4
segmentary,paul,upernet_convnext,railsem19_to_rtis,,,upernet_convnext--railsem19_to_rtis--seed-0,best,not-cab-view,9,6,0.794964,0.983098,0.964718,0.615578,10,7072470,0.914388,0.946025,0.964718,0.640845,0.400528,0.998182,0.000000,2,,0,0.606961,4,0.521236,3,,0,,0,,0,,0,0.674651,2,0.432672,3,,0,,0,,0,0.794964,6,,0,0.787762,6,,0,,0,0.836465,8,0.849678,5,0.651388,2
segmentary,paul,upernet_convnext,railsem19_to_rtis,,,upernet_convnext--railsem19_to_rtis--seed-0,best,excl-trackside-maintenance,32,8,0.316613,0.801871,0.514434,0.560096,21,376151,0.252260,0.331095,0.514434,0.632538,0.632538,0.858788,0.239260,11,0.250355,5,0.773735,30,0.450606,13,0.594350,6,0.671488,6,0.440410,10,0.483012,12,0.532176,16,0.546841,25,0.777443,5,0.599920,25,0.362239,8,0.316613,8,0.536497,17,0.846182,31,0.966870,28,0.598862,5,0.716776,31,0.772521,29,0.285864,6
segmentary,paul,upernet_convnext,rtis_only,,,upernet_convnext--rtis_only--seed-0,best,all,37,13,0.644840,0.982638,0.953463,0.545152,21,7435760,0.916548,0.959470,0.953463,0.614898,0.614898,0.949413,0.195657,12,0.233617,5,0.750103,31,0.517587,14,0.580193,6,0.694719,6,0.402132,10,0.464364,12,0.543429,16,0.548358,26,0.496975,5,0.593514,25,0.182550,8,0.644840,13,0.488703,17,0.846116,34,0.975382,28,0.474949,5,0.736206,36,0.769856,32,0.308941,6
segmentary,paul,upernet_convnext,rtis_only,,,upernet_convnext--rtis_only--seed-0,best,cab-view,28,7,0.509405,0.795189,0.688533,0.529787,21,363290,0.505701,0.655700,0.688533,0.571339,0.571339,0.889190,0.234789,10,0.233617,5,0.766533,27,0.535013,11,0.580193,6,0.694719,6,0.402132,10,0.464364,12,0.524652,14,0.546449,23,0.496975,5,0.593514,25,0.182550,8,0.509405,7,0.488703,17,0.866181,28,0.975382,28,0.474949,5,0.704950,28,0.756305,27,0.094143,4
segmentary,paul,upernet_convnext,rtis_only,,,upernet_convnext--rtis_only--seed-0,best,not-cab-view,9,6,0.802847,0.991183,0.967072,0.631326,10,7072470,0.944614,0.976006,0.967072,0.646263,0.430842,0.998182,0.000000,2,,0,0.639199,4,0.453693,3,,0,,0,,0,,0,0.674873,2,0.562999,3,,0,,0,,0,0.802847,6,,0,0.752483,6,,0,,0,0.845599,8,0.843030,5,0.738537,2
segmentary,paul,upernet_convnext,rtis_only,,,upernet_convnext--rtis_only--seed-0,best,excl-trackside-maintenance,32,8,0.445729,0.795189,0.664991,0.533868,21,376151,0.406862,0.511757,0.664991,0.587315,0.587315,0.858788,0.213444,11,0.233617,5,0.746849,30,0.519115,13,0.580193,6,0.694719,6,0.402132,10,0.464364,12,0.543429,16,0.543172,25,0.496975,5,0.593514,25,0.182550,8,0.445729,8,0.488703,17,0.840898,31,0.975382,28,0.474949,5,0.712578,31,0.749981,29,0.308941,6
