key,group,split,tp,fp,fn,tn,support,predicted_pixels,iou,precision,recall,iou:person,iou:truck,iou:rail-track,iou:vegetation-overgrowth,iou:car,iou:on-rails,iou:traffic-sign,iou:road,iou:sidewalk,iou:construction,iou:tram-track,iou:pole,iou:traffic-light,iou:mud-pumping,iou:fence,iou:terrain,iou:sky,iou:rail-embedded,iou:rail-raised,iou:trackbed,iou:standing-water,image_sha256,mask_decoded_sha256,prediction_sha256
flooded-road-crossing/0272,flooded-road-crossing,train,0,0,0,2073600,0,0,,,,,,,,0.9708857636318776,,,0.9207534319190154,,0.8056322235639124,,0.49171270718232046,,,0.0,0.9626320727777098,0.9883746452816581,,0.0,,0.9649019296450491,1a64c22d40183eaa53211aeb2ab21c5cbf2a328ca7b2d6716a58fff64bb7291d,2ae0b928ea09fecae228600e65afc5ccf5aeab55c6186e155c041878168d2b7b,89bc9678ec68edaefbfaf71f0654baa3d51ef39b84189bab58926ef18b67df73
flooded-road-crossing/0273,flooded-road-crossing,train,0,0,0,2073600,0,0,,,,,,,,,,,,,0.8997660476677877,,,,,0.0,0.9528811767123256,0.0,,,,0.9930664486304601,4f42631f3a3bf1174b11d6978aa00479044e989be0e1722cf53a2a7d698ca4da,d71932fbc886eb13c90b1ecf925dd2ed196974dc2b78b22dae98b2b052263ceb,afb03fdb588d790048ce8ec9b580d2b9bace70894bc7176dd3b5a8591b95f620
flooded-road-crossing/0274,flooded-road-crossing,train,0,0,0,2073600,0,0,,,,,,,,,,,0.9756666474238257,,0.0,,,,,0.0,0.9334232054964807,,,,,0.978256285694671,5eac815d6dcafeaed42ca25116f35fe30e4598159ae3b155d664bf6b7378427a,92f986c0cf867798fb963a56a3cc9a99da42fa01c35481b1810a31fc272e5aab,cc2d824d77cd872edef7f922e79273253b777f2ee678c461b1fb2e3ab4cb20a0
flooded-station-platform/0298,flooded-station-platform,train,0,0,0,2073600,0,0,,,,0.9256351150170484,,0.8582059932526295,,,0.9663367583419503,,,0.988199877846526,0.9759471878004905,,0.0,,,,,0.0,,0.8822478630216741,,0.9334897458994071,f0194c9f5092ef4a9f5211064d986408ef94a7c44752b254cf2a6cb67600d64a,9c2a8282ac3b685c1b4f7d0eada263e2c6deb4d18423159e43b764c65f2afc9f,72b9f66037cbcac2a954cf15ccd2dcf46394f6982a7da9db644e628745674b45
flooded-station-platform/0299,flooded-station-platform,train,0,0,0,2073600,0,0,,,,,,0.917280281290404,,,,,,0.9964549712922448,0.9730140190952725,,,,,,,,,0.9264129761355749,,0.9622034081447158,2e8151e2e6b02fcc2163c50aa86d9e5e0134c8e81d7ed74c33832a121b91dcaf,ac007d07fbb9218cd6a46518c8161c36b300c81f837d4ca78ee881cc5c1285ad,4b72cd38fa8c0ff0869cf3822fbc8e67111d24db7631b2623918017d5dde9d95
flooded-station-platform/0300,flooded-station-platform,train,0,0,0,1958520,0,0,,,,,,0.953033179979436,,,,,,,0.9927203702921541,,,,,,,,,0.9290858166586763,,0.9765989879062269,aa5009748eb469829d461d7b4e9a1e63aced662acde1baab34479670671c9cfc,71b71d95fce3df9c264c4586d0b956bfa611ac012f0c0847d66c466d4e709978,b612728545518d7aba507cdd1bb1cad9a984b576d74afc8b8aa18b37a119c557
flooded-station-platform/0301,flooded-station-platform,train,0,0,0,2073600,0,0,,,,,,0.9740502728556077,,,,,,,0.9965420396293604,,,,,,,,,0.9759013778498942,,0.9819560879980679,b6bfd2eb1a154fe26098279bca8d8165e5aa045fad56b687663d941cba56bfda,7894d14854f9ccbb4158b0466157085afe2d2c32ff1bb92ff09db44e499d08ca,e04471b064013533fe6ca29958b9bd6811f811fa6978f474965651c68f8151ca
flooded-station-platform/0302,flooded-station-platform,train,0,0,0,2073600,0,0,,,,,,0.9761336634527398,,,,,,0.0,0.9936918725391249,,,,,,,,,0.9562431585365418,,0.9806409688981444,0758d8245392d38d69bb520d6aa46dd39d38ccdfa9c8011ae15e78d2a3d0dfae,00ea88ab0410bcf15bd3202f7dbdea2d25333ff4bec6c06d01c990410360a826,37418c614f541dafea8eb5a218e62050829049d017a91dbbb339f89fbb6529b4
flooded-station-platform/0303,flooded-station-platform,train,0,0,0,2073600,0,0,,,,,,0.9540258384444734,0.3025,,0.7876473891072431,0.36673383403553766,,0.9698356743555029,0.9093343698298124,,0.7370326369586658,0.5665543386689132,,0.7274144921509512,0.8614848207367753,0.5116084096478782,,0.8881351682638734,0.9035403519501821,0.9226483563603086,e62cac97ea08c225e113869af1e24539312d59ae8b1ea981d8625c7d8c85968b,e39d3cc9f2e733f410aab08b883c5b815fc0b7cec4923951527119e1188c966a,4de0936b3bf4fa5fda7d0e9f79408584b7b0deb1f32839d4cabb8d6306dd6821
flooded-station-platform/0304,flooded-station-platform,train,0,0,0,2073600,0,0,,,,,,0.9236404378178057,,,,,,,0.9941965158800152,,,,,,,0.0,,0.9375496046327052,,0.9564035062342697,c9797d293e9f42ce5aacd15adf5adeae5aabd49c586206b065f6f9ae8218987a,fdcfa33e5312540d1fe6a49626ab748f10be173352f093e26fb20c90e293784a,68ee14c687f44d8b889b8c5b03b2e9603db5e7841c0c42fcb260180b46d5fd28
flooded-station-platform/0305,flooded-station-platform,train,0,0,0,2073600,0,0,,,,,,0.9569002712343696,,,,,,0.9857565080902366,0.9932796443811819,,,,,,,,,0.9677348659978933,,0.9778382413217412,10d64186056082ebd4e47902c4c0de8902ac70f0ef5c2e64b7a35ce344eeda23,e7d2de4d96aec0a8b3246ae5cbcc210d76914bab2c93070d8a83137bb7c9c701,d0ca46ee8ac64caed0964dd97f26c85a23eff85d3f237abb03b80233cb2fa425
flooded-stone-bridge/0270,flooded-stone-bridge,train,0,0,0,589824,0,0,,,,,,,0.9882860137195122,,,,,,,,,,,,0.0,0.7728026533996684,,0.8586188913756764,0.6366245694603904,0.9522048516080798,d8aff7595858cbf04c9e2b85dc09bc865c9a2ad58b92c41e823fb4a084f4bada,fd6955216cc66b2eee2cfcf1242e63211c7bcc1bf86fb2ab9d8a15726ce917af,e5f098156b6f33dbfc312664ba8f878ad411f2b2308a71ce31720b45976faabf
flooded-stone-bridge/0271,flooded-stone-bridge,train,0,0,0,698368,0,0,,,,,,,,,,,,,0.9624802931694355,,0.6994743893641142,,,,0.7621968481645749,0.9677327241576242,,0.7281342041234473,,0.9660448046179387,f5180763e414fb42a131798a9a989ba50a68fa194643d48809aba9a9130498ed,2368f3e5da46a76defb9ae32ea5cfde760f7cd9dad6b26b038b2df07dbeee742,262ee0ce2a1654e59a0bf037fb077bf03e931a77c809b452d416a3ffa5401d31
flooded-stone-bridge/0310,flooded-stone-bridge,train,0,71,0,921151,0,71,0.0,0.0,,,,0.5990831048586454,,0.8399702270189803,,0.685770198490355,0.8712795335992636,0.0,0.9270681382398004,,0.6483330921020891,0.0671785028790787,0.0,0.9029418446160836,0.9491274369699688,0.9265646078948911,,0.8889080771697834,0.888625357146797,0.8667243704583426,244d2e5e9d27aab38bd91e338efee542e9ef1b32b81f5b1d04e493988fd9fb15,e7400d491f361454e85ea2bdd892beb8058b0cd329a928274504f090705578d3,2a1d0a0089f1e3490c70418990e61608fe3d1b3fd35be4380284c8de394bfc93
flooded-stone-bridge/0311,flooded-stone-bridge,train,0,0,0,921600,0,0,,,,,,0.32470334412081986,,0.0,,0.41836734693877553,,,0.971322546742614,,0.6163710777626193,0.5063694267515924,,0.6209988962472406,0.9119367258685515,0.9302628639511505,,0.7677154538549797,0.5351123595505618,0.9367555171139097,3ec9872d416c77c2223a85177374f753b9fa22546177d378a402366f3a00fac8,1f576c93da65df63c0f97c19e0f4a5a88fa854a978139bb0b399a9b0722ff0ce,4d7239f748841ede97b8bbf746a2d63957307c1320bb1dda418ce21984f4c6e2
green-roadside-cab-view/0174,green-roadside-cab-view,train,0,0,0,2066880,0,0,,,,,,0.9763012040517296,,,,,0.9661126454571918,,0.8498724914070296,,0.7293915778937585,,,0.808695652173913,0.972390208598968,0.9848854921152318,,0.8295124095489281,0.9595377091499011,,ac8756b81048f48af6d2c3fee710b8b43f34a4e658cde8c09bb9f690902790e5,1d89a374fa0d7ed2a6e6429295a1bbd6e07539abb712f5298181462289d6c8e5,44dff61b2e53d016d97a9c2ec120c895dfe85896af9bbb3e94831631f2891eb0
green-roadside-cab-view/0200,green-roadside-cab-view,train,0,0,0,2068190,0,0,,,,,,0.8839437501333693,0.0,,,0.6267281105990783,0.9269464447617162,,,0.9492436376579463,0.7411355034065102,,,,0.9819718061354776,0.9892757800845351,0.7704721259002401,0.6647743673626479,0.0,,647d89550b9094d69144e9eb687405a9b548e981193dfb8682ee2e38bdb37aa6,f46c80584a147ea51bb34d9112360631c5f11d0019df6dd603d23b6e150c5218,fd25f21c8757aa1a056f7f654e45181089eee7ee511d2f4665f52f8dfba0cb4a
green-roadside-cab-view/0201,green-roadside-cab-view,train,0,0,0,1982593,0,0,,,,,,0.9535929399526869,0.0,,,,0.8513152342101561,,,0.8626289225367566,0.8253563459173915,,,,0.9882628681049391,0.9901264334605306,0.7914393621485523,0.7829758967546024,0.9192933813918486,,cec5a4a2267098df2b64c119ce4e99aacc9014722b05125b92bd8da623cddee4,55581854220617568ef435d0ce1a25842c7ab9554e57da4b56132ea6a7b2c5f0,86ba85c13b6d7824030c6c700d11834f03b29051b1d90df5b948987470e5a100
green-roadside-cab-view/0202,green-roadside-cab-view,train,0,0,0,2067734,0,0,,,,,,0.9412832221051399,0.740529029365613,,,0.44871794871794873,0.9401347709907886,0.3691417550626808,0.9069793621013134,0.9662038376241443,0.7342020159101103,,,0.8096754625417045,0.9589374445286637,0.9875583667251714,0.8319836172391325,0.6453632260882225,0.8888229048570246,,318bdc8615a85a559ef35aac3c3b7f2506709bbb305ce03e4e8ea37ade4d7da2,0f3fd0d5280d3287ce8cec97acdffe99355f4a4f1aa7868d9c5c404b03adc696,c5d8f53777b69d316c27ce50502886497df7791167815a69a0212574a27aed4a
green-roadside-cab-view/0203,green-roadside-cab-view,train,0,0,0,2067867,0,0,,,,,0.954402118008128,0.9826745638422176,,0.8048883270122208,,0.6540447504302926,0.8394379272512448,,0.66377332136087,,0.4777615368552934,,,0.9120994475138121,0.9833238291775027,0.992386533907366,,0.7439968359794339,0.9460036869257041,,18638926136c9e885bad8a5394a86973d90d5ed5638573e5985654dec64db548,e71b82e1e191ebb38f5c61ef1b0d128e6e5a11962065312506493cb014a6a361,2eefbfc6034f79e1328a17c9a472180b0e5f456ba99490ce91036fe04d8bd0a2
green-roadside-cab-view/0204,green-roadside-cab-view,train,0,0,0,2067867,0,0,,,,,0.9011252813203301,0.966530477487516,,,,,0.7352660797398082,0.0,0.5233812949640287,,0.0,,,0.8420340660700293,0.9720304113860744,0.9949334758935213,,0.7404169468728985,0.9488974494351995,,cb34ab4d9a1966c9d974500a92359ca204a93a0c8283bcc59a5f16456005f1dc,f8a201f8055169f4e1fc3ed4547ed752839f649ac12fc2ace4db3701d27241e9,c17191f197b41465944efa15f605fdb934dc8769924c6c5150390681902262cf
green-roadside-cab-view/0205,green-roadside-cab-view,train,0,0,0,2067867,0,0,,,,,0.9494332572886166,0.9746856948691811,,,,0.4696969696969697,0.8585724565980031,,0.7018927444794952,,0.32421922469315834,,,0.0,0.987120348966879,0.9919384414888808,,0.7642247191011236,0.9686128286213244,,84c3ad934ba556452a390cf9a7615f786d7bada1f0ce3bec466c1ccd2a89b441,54f8b882502e1aba4a8f31dfe42009d9359e4354cbb6ad2a4af730894c4a64a2,1f5b9cecf436eb47f70a7ece5f2c07f9e28c29d688ca05c20ef46e4ce053a76b
green-roadside-cab-view/0206,green-roadside-cab-view,train,0,0,0,2073600,0,0,,,,,0.9540161743157235,0.9758843880456014,,0.12823600240818783,,,0.9167620480286035,,0.8186649263471938,,0.8221745149575651,,,0.7608527918781726,0.9849595982113087,0.9862268780671952,,0.7568905760026406,0.9717111687564776,,326099a1d7068b475af019e6dcf936e26aa1a539954a3f0fa5df1a5ff8428999,6cf8bd75df6f49b6f9d82d83a98a90658290b0098de456864106c497d525afa3,77b14e9307e4bd18e327b587f6d25436813943852e5f7a1d095845eb2050f4f8
green-roadside-cab-view/0207,green-roadside-cab-view,train,0,0,0,2067867,0,0,,,,,0.9567632463582519,0.9901039854652286,,0.012919896640826873,,0.7772697583278902,0.878256976570661,,0.6521997621878716,,0.8269312144435563,,,0.8064910511721705,0.9777088499758584,0.9931280510702215,,0.8410755762015365,0.9556115167151562,,0a69c574d773bd2b02269bec42203fa65c198e4f1f50743335704b45db4b879d,12929b2c41df570afd935b15f8686b36c15ffe4535cbf298828b651dc6b7f72e,b9fafcb02cbe0adb1b9274045797f5b791bd8e382519b761a4fdae211e1c2dd2
green-roadside-cab-view/0208,green-roadside-cab-view,train,0,0,0,2067867,0,0,,,,,0.9107177403753144,0.9680502711086953,,0.0,,,0.08356860530773574,,,,0.7587158050389581,,,,0.989247369594473,0.9872459660536571,,0.7744960806270996,0.9624304359020062,,3b8efe8aa3a6e136add1665ab904a06b78b874796e0c18912f3ee9f3ff74d366,dae9e0177528e83bb9056a8fb457e3d484018332b434fe9195634f6a0f23d72c,d32242773db7ffb3b9f15321ec326c5653421b7a4d0c80eb32b372b92b99145c
green-roadside-cab-view/0209,green-roadside-cab-view,train,0,0,0,2067867,0,0,,,,,,0.9169961658279415,,,0.9817773760465376,0.8978552278820375,,,0.0,,0.7827715355805244,0.9148839326354119,,0.7646782791500863,0.9605357874499669,0.9852248460871424,,0.7535726836125103,0.9519656622002878,,ee956750d1fd8c7676cd76b8db71bf93b9cbcedf8b4aaf4e538041ef501ade04,e9baf13f1df68cf0182ca0ed2887e288cb340e796f1b398ed5a32febcb242750,7a4ceb08e0b7eb0c833872ff6b319f20f5f895130878f7f78442b8cc9e1a930d
green-roadside-cab-view/0210,green-roadside-cab-view,train,0,0,0,2073600,0,0,,,,,0.9557683538531692,0.9336620955211782,,0.871900826446281,,0.2887537993920973,0.9116228656104387,0.27275373568794875,0.8577509529860229,0.9792728201890848,0.7733104115182121,0.7847826086956522,,0.5879886220345445,0.9214655976132762,0.9923221732135235,0.8844483058210252,0.7708398376522011,0.888841411305091,,7fa10db78fee89d3d4e8282d50e5cec55c3943202f620889b50503ae276b1a74,6026feb523e6c808b7f1ebc4a15de86ec7be4191ea33e7e454205851f8780c5b,ce88f5f554fdae8c2f3fd1b15581c9566c0c2b90aa5c5fbc8a126b5e998cc16a
green-roadside-cab-view/0211,green-roadside-cab-view,train,0,0,0,2073600,0,0,,,,,0.8290213460865508,0.7898235436306502,0.49725058915946585,0.5887493489206551,,0.7921863536316948,0.9151925561829276,0.6141401012450404,0.8152145092008273,0.8440415188542898,0.7603061908210436,0.6530305873522236,,0.8404070891380536,0.8919079333310328,0.9872954165182135,0.8548827573217818,0.6688617121354656,0.9050922947493443,,41f0cad9cf8e4e11e5a870a293f740a7bce70a66b0bf5b0e86c9dd1fa6396f5c,c790e550e0f15182c68acd0fa1c3df3839237fe9c736e380c9569a42ede21622,b95ad6f9255c7f89a3d868c95b19a119b4bfc037f73d4da7b548583f090973bb
green-roadside-cab-view/0212,green-roadside-cab-view,train,0,0,0,2053480,0,0,,,,0.7676912650001994,0.5006728081979092,0.9421362144420131,0.2955777460770328,0.719528036371509,,0.8861815387992537,0.8853671421024828,0.8344610817653992,0.8545316026767186,0.8442911079286551,0.6594092691907468,0.807244785949506,,0.8671855184917288,0.8392198927919443,0.9855908801728495,0.7323943661971831,0.8373144309214926,0.9077317666659359,,19490f9f31865422ef3257bbecd836b58a75e1200af558b47627240cfc9e49e9,e4afe2ecf4ebd828471240e23f7446384dc2ec9d184d5b7d3aee969d13726f9e,61ed652e699816ee984c9a9eb518ffd1ed72d0da0a70a6f1105b67ade2279ef0
green-roadside-cab-view/0213,green-roadside-cab-view,train,0,0,0,2073600,0,0,,,,,0.9768700422566535,0.9738295376796012,0.0,,,,0.9485423948686533,0.8612705775006653,0.6314855000986388,,0.7699709370827115,,,0.0,0.9700805117847789,0.9926360389231773,,0.8248596301447484,0.9537560894267304,,5229632691652545fa2f89ea5800c86d39d27545bb45654c44af717c422b95c4,4f60ce021a149db8b77724d1203b796eafcc96c75f291f1e5fb521ca6adfa064,79b3804d632e5dadbd7136ad8064eb9d169c776c86b77dda85c20092ae6fb760
green-water-cab-view/0263,green-water-cab-view,train,0,0,0,2073600,0,0,,,,,,0.9180962056973154,0.6865442013600418,,,0.6585365853658537,0.8945288785075579,0.0,0.852025492637902,,0.6403601694915254,,,0.4907514450867052,0.9674763875681236,0.9965848660779626,,0.8128955899758143,0.8994436014162873,0.745497165067217,d38268ad352c084c45d9c129d86eed80ec34068717620fc1685f07a6cefd1468,8529f0f311585470613e21978d79fd7cd6125e1beefccb98f037b4124151b53e,e478aa3e1c9bd423561b737d5f02ad305cfa7fd3a3e2deea990b5fa2b4491096
green-water-cab-view/0264,green-water-cab-view,train,0,0,0,2073600,0,0,,,,,,0.9679458527552519,,,,,,,0.6295271049596309,,0.9615388345591207,,,0.5748575817704666,0.971847474169805,0.9846793552812071,,0.7395279979099538,0.9483086190917516,0.8416328538054838,7ac26e3576a11b28c401290cbed89e663ce03d2ae23dcbd062e1ece5d3ba81a1,da975b659994aec1a32dd22d6e772c441d1fe28b507d5d47bfe4db184dbe094b,569ce9f43aa8e2a731509f7554d83baa2a75388e6c938b660448b9c4c29eb483
green-water-cab-view/0265,green-water-cab-view,train,0,0,0,2073600,0,0,,,,,,0.9706526598122486,0.0,,,,,,0.9619979057702097,,0.0,,,,0.9689055409196722,0.9319476845793063,,0.9084022454276574,0.8929196897673255,0.5803212066742214,021d832dd111da4e3fd13f74b2531f5a87481b14073f6b0ac4a5a1149c442820,ee51403528cd8ec8eeea2c81f9e4b41eaae0496ac53ebbdeaf38f6f511c45009,ae5668ace838906cc96407ef91bc41f6a7a1a2657ae0d6d29f2ffa82beda24aa
green-water-cab-view/0266,green-water-cab-view,train,0,0,0,2073600,0,0,,,,,,0.9581300206686412,0.7514247228266501,,,,,,,,,,,,0.9883779854070686,0.9470156349862044,,0.8929645592384732,0.8544611735089078,0.829366573774196,1b57cba93cf3601d156721ce3f759bba69f41268fe5b975191c86fbff322be98,b57e3716ffe62a58f7111bf46af37413badf80d0ecc178d2c7b52919b30064bf,673d954a625adca994937acf8157c672503667eb29cac2c6da58c6fc8e225f48
green-water-cab-view/0267,green-water-cab-view,train,0,0,0,2073600,0,0,,,,,,0.9719802707524399,,,,,,,,,,,,,0.991877026611621,0.9214464046560077,,0.9043203307895777,0.9222341446885413,0.8658127268991027,9b17276ea65c583df9303ed986d88d187c963d9ed6bf0b5700396e0de25190c4,71df9d1285b9ad09eb96265be443e2d18e28a00ec69a0f759a6d3989f1f4d48a,20384ba09042cdcb4f0d881f93048206b3fd02e3656138634719a0c53b496966
miscellaneous-flood-stills/0275,miscellaneous-flood-stills,train,0,0,0,249696,0,0,,,,,,0.788659793814433,0.14846416382252559,0.44142259414225943,0.9668189714319081,,,,0.8590210882582661,,0.039603960396039604,,,,0.8024617456694976,0.9876261138301327,,0.5918103448275862,0.6871318185295693,0.8095397926456329,61c2965c3c11954382ff9e9e06c34ffa4996a9a48b46aa7f5490049b85765bca,f4155b4c85702af56db693f3f999b74f08d30680a34733c864fb141f6a3f8c60,8be9c2a5f4f12feef90de0355d14872ae12691bd9348544175b346b257cec3d7
miscellaneous-flood-stills/0276,miscellaneous-flood-stills,train,0,0,0,920880,0,0,,,,0.8843845846112816,,,,,,,,,0.0,,,,,,0.9593489980543818,0.9869308348749776,,0.8630713516687873,,0.9620614734794962,85d7d06fc795f58f6e51ed5e91c5d5d8ab1f41194ab44f3471da41bdadf45973,b9c514a9abc72bf370a67587f1c41ec3e1c7769276c383024395b7a22ca7be38,a006c4aaaaf7112894627c4f16b2d31aa9d9fc76ee9b2ecebf504e228eacc537
miscellaneous-flood-stills/0313,miscellaneous-flood-stills,train,0,131,0,2073469,0,131,0.0,0.0,,,,0.9409819701790505,0.5305469909786457,,0.982817994158118,,,,,,,,0.0,,0.781452746680552,,,0.9307312418604051,0.9536991037660706,0.8987835270313618,74272d0a74c881e4e18e9bf6000c065a51519bf7c05acb3c8e912f075c3b5ddf,c3e7c0a88b0198168b7659a591eafc02b94abdbacb436e871eca4779200bf186,f391913437e72517bbf85798827003a4fb1c785fdebd66c637f531e0fc4a96f3
miscellaneous-mud-cab-view/0173,miscellaneous-mud-cab-view,train,37334,3780,8963,2023417,46297,41114,0.7455318809034087,0.9080605146665369,0.8064021426874312,,0.0,0.9250389187294452,0.7189172348068323,,,0.4771473276784979,0.0,0.9438756900031613,0.0,,0.7567531064289573,,0.7455318809034087,0.0,0.9662738978225229,0.9964710900024748,,0.6621533379426904,0.8527035671654587,,f0ca7b2f878f2a5e167e558097ca517d126cb474aa25f5b0ec0fc4d6b1e57432,b968925b81e441c3dc638759e4923b6ad0ca44e3896210a4c69b136305b9eb89,3e0b56a30e60ea66bbc3c85401bf9074d34f98aba1ed770578c91b4399203976
miscellaneous-numbered-cab-views/0013,miscellaneous-numbered-cab-views,train,0,0,0,2088960,0,0,,,,,,0.9881897328129691,,,,,,,0.4684910871202611,,,,,,0.9859994798482706,0.9860634782066471,,0.9115133623368552,0.952539324015661,,cdc7c624979074f91663aae6c612b6f6c370af9ca88a91ba076c2bad37e6c319,5566ae6fabe4c0bdb27e7217400a18101ccd23bbecd3e8cc415f9ed41cca7115,077e4447a32153760b116b9b232d94e9913dee35a5d44a01be4da0da47ca0f30
miscellaneous-numbered-cab-views/0014,miscellaneous-numbered-cab-views,train,0,0,0,2088928,0,0,,,,,,0.953788161219502,0.6668205005645155,,,,,,0.9516952105225672,,0.501841620626151,,,,0.9564197783676073,0.9427279352307554,,0.8389444374129857,0.872385584276005,,00a59e617c6d81492253ece8ef06493164bef224314ee99156bc01663f8ccd38,3ba891a877a2984212cd387b6a1eca2332a40b2a757b57c0248ffa03807c605c,ba81ff596d208d098b1bda9e966135188d4b0744a52fc5032b75d48f25b6ab97
miscellaneous-numbered-cab-views/0022,miscellaneous-numbered-cab-views,train,0,0,0,1931319,0,0,,,,,,0.9424196614329976,,,,,,,0.0,,0.0,,,,0.9879485414489569,0.9871223597902902,,0.6029117898943762,0.9366906841586514,,34431340589d77bf879a5d44b35f1ba4ee67944d06302e41751f49b52c7cd6bd,601f45356d35a2626927e94aad629de30fc2805b197f3f27a60dd2cd87622d80,f8f304665c5558cb055ce160b6251d8b68d7ca3c86cde9feee665d8d7ddaba0d
miscellaneous-numbered-cab-views/0023,miscellaneous-numbered-cab-views,train,0,64,0,2087809,0,64,0.0,0.0,,,,0.947204078120262,0.7963677766864564,,,,,,0.9584324720129046,,0.4781582054309327,,0.0,,0.9690851337042962,0.9473402547361661,,0.8228826507684472,0.8306481510086812,,4dbdaa16ac641963e653bf5fa8dce1b9b05b89b3a3d10f8da2e3c9c38deeee7e,03b59830b108e9c2dc87a79168457ed2a8be69f44abafae8f6486184598ecb19,3045e99fc648aa9fc1196884464f5027ee4335c2a987e3be29efcc00da00bb44
miscellaneous-numbered-cab-views/0024,miscellaneous-numbered-cab-views,train,0,0,0,2087739,0,0,,,,,,,0.5950413223140496,,,,,0.9005723977104092,0.7373152709359606,,,,,0.6083168967784353,0.9941316371992948,0.9960837507890248,,0.742749054224464,0.7602402158902305,,35db7be7064f509351e3627b33430eabc718080e493e83ad1551491d62e1f113,e3c3c38776bc33b723f23e1afe17f11dd1b9be409c25e6ae796447766a6b56b2,2c921421780a04df1fe02a821407bf8f5a926722dd86e2b7735cb92a1dec52ea
miscellaneous-numbered-cab-views/0030,miscellaneous-numbered-cab-views,train,0,0,0,2088960,0,0,,,,,,0.873726398655159,0.7562849917840029,,,,,,0.8770931983029971,,,,,0.8569760418763841,0.9742817336837469,0.951348245259327,,0.8899293286219081,0.8568307980679115,,a88a70e7bc9e1730883e2cfef16954b7c5a6ebee797dfe8205837e1e2f9cc290,d0384c853c39b8e3b218a40e21a03110e8eb9368264b796d43fe35330caa8f52,c37e46b9fffccf71688e94a8e430e089adc4b936a62f43a5143d569eb0a203a3
miscellaneous-numbered-cab-views/0031,miscellaneous-numbered-cab-views,train,0,0,0,2088575,0,0,,,,,,0.7635178289529181,0.7595537621647283,,,,,,,,0.653923842298197,,,,0.9882092237825789,0.9857126146750664,,0.8456716605027268,0.8428156592815659,,582a1052402234b092c9e8f0eb985ba78c3b1068c2ae8c12c805aadd11584b0a,eac752094ab94f349e6d48690930d8ada3181efb518c33f473c5388d2ce23c74,be59e96159d6230cfc90597f54758e47cb7bf99e1771fba6d1eb2899549c8740
miscellaneous-numbered-cab-views/0032,miscellaneous-numbered-cab-views,train,0,0,0,2088960,0,0,,,,,,0.7695078951402728,0.5405639571518589,,,0.7700448734230801,0.9408905519917636,,0.8429508669784338,0.9460656424131156,0.6356376127093173,,,0.8578938241096009,0.9680077314301407,0.9730236386082026,0.8578966037066595,0.6161294601406022,0.840941814819867,,1bdac9a6b7ef8988de21ddaa678ad8a54e0a98f75bf8ed86e61e0f50a7a6c16b,1fe12468826aec7019e49ab44aa6f832aac76a9576018cf252bcfd26dfa6c329,5dc854819b1aa55480dfd4ab3162a97ebcaffe5371d8658dc026dcfe79a8af61
miscellaneous-numbered-cab-views/0044,miscellaneous-numbered-cab-views,train,0,0,0,2073482,0,0,,,,,,0.959706757799581,0.9266491695393294,,,,,,0.9479629773061731,,0.6373923564159134,0.7058242843040474,,0.0,0.9721810469711935,0.9966020822466156,,0.9044074344538409,0.8844777654194036,,bb02fd705ac7b08fb3ae7c618b46f5a9da4ef32b590259233156f5fee831aacb,d3844dea10ab96975316c1574eadb989106b149d9b1fafe094beae7e9c50ec59,edb3887937547603e1ffd40dc4242da523761b6db98fa5e17400f825e138a648
miscellaneous-numbered-cab-views/0045,miscellaneous-numbered-cab-views,train,40326,2958,10894,2019421,51220,43284,0.7443242644615896,0.931660659828112,0.7873096446700507,,,0.88317698561601,0.7453902400254332,,,,,0.794309861923247,0.8146096234738894,,0.7303082191780822,,0.7443242644615896,0.9135343380133706,0.9715751035119832,0.9890928361516597,,0.8931709917625411,0.9525447412264202,,8a2c09c50911afe45e05157fb8602cf7345aa5cf6f005c3b76f7c0d8b50f36c3,a820d863d1b63b281c0ec5f7e11041e0e68f73f39d613cc757bc489e1e03b351,ff0b99f23e21641822827ae8b4136c5790e08ce2ea803c60f4d83c063fbf4bed
miscellaneous-numbered-cab-views/0046,miscellaneous-numbered-cab-views,train,36771,3573,1894,2031362,38665,40344,0.8705667882001988,0.9114366448542535,0.9510151299624984,,,0.968113880335801,0.48614734749658345,,,,,,0.0,,0.6746987951807228,,0.8705667882001988,,0.9886911107928059,0.9856809787241154,,0.925835398111565,0.9578336472340239,,a1bc04fa20bd623f99bbac759e22dbd90554263ca7b217cee49ddc9fedd59da2,550d403c2cd02d480d3ae049a478b103700ae04d047712fa0e5187f9b0fd5068,dfa56a9428f4712fc45651df0bd3c825244c550fe7196c903fb57b36a8cefae3
miscellaneous-numbered-cab-views/0047,miscellaneous-numbered-cab-views,train,0,0,0,2073600,0,0,,,,,,0.9202820148989003,0.954706351382841,,,0.8383102694828842,,0.9757886116908449,0.5165680473372781,,0.815553992376777,,,0.9107035196077118,0.0,0.9904108514029072,,0.8215948001886367,0.9252532199574841,,b74e6210f53416c45a93c3fb1a022de2cc33ed02723512634c739624b649276d,52518430666be87ad030da35871a2439ebbc09260cee1aaa6bf65be527c77193,9a7e2582e4138695d650dff635ac71deaaabd829549b611c015b0e66960ed466
miscellaneous-numbered-cab-views/0048,miscellaneous-numbered-cab-views,train,0,0,0,2023939,0,0,,,,,,0.7290769462430357,0.7555615206522833,,,,0.7598190906926923,0.0,0.8305765960735817,,0.7038109020742884,,,0.9014350853628362,0.9741987544792245,0.9959933445196059,,0.8258639308855291,0.8253562979631873,,f912ea15971bc82b19029b9aad152ec1934e74e2a32d29934c116cdd7409125d,207a7f72a12615e89d5f214f068689216c6d434bd46045ce97046eadaaf814f5,2f065011fc0c3affd73014136cce9d76a9a551f6b747eaf89b25db86cf91f962
miscellaneous-numbered-cab-views/0049,miscellaneous-numbered-cab-views,train,0,0,0,2023841,0,0,,,,,,0.9261571510086262,0.7135773548072231,,,,,,0.8020775207108212,,0.8947598730992233,,,0.23179438362684435,0.9824065699466443,0.9956081763347616,,0.8031158835578176,0.8699145937163809,,18e4e59e4f1f16790b92171327c69eba67d5364edbe5a933d052ee78b21f9557,d8c2a5b6f12b75c02efc4512cc0c2efdba9b29f877cc7842dbd1070c4cc562b6,c0b52eecac4e243d4c16f1190828b8abc6fb385794e2112b5acfff2adb3bbf41
miscellaneous-numbered-cab-views/0050,miscellaneous-numbered-cab-views,train,0,327,0,8211296,0,327,0.0,0.0,,0.6874287884542347,0.049166431195252894,0.9656567722332593,0.6367881455559504,0.17736038214306776,0.9801043993998173,0.9029799623223155,0.2948717948717949,0.9814065678390804,0.8407470254034042,,0.6988178134886243,0.5544113554133037,0.0,0.5109079413791389,0.8911356650328155,0.9689594434503711,,0.8751811263644853,0.8757253039860892,,33fc6fbed915cff715396fc229a8e0da423ed1d84e76cec2dcc2a28d124be983,a9c086f93a23a8995da1495bf54ec1a377ef02d5932b137a3002f7384f45c4b8,03f73ed423241b497ad9eb3c2a40d6d9bda202bcb10c04586d560b9a0d61c55c
miscellaneous-numbered-cab-views/0051,miscellaneous-numbered-cab-views,train,0,5,0,8212447,0,5,0.0,0.0,,0.2768,0.9197634365976869,0.9457196658993288,0.7983926253785484,0.48890714872637636,,0.10007942811755362,0.5854000431313349,0.7067881169604313,0.8458391931750401,,0.6463299786706577,0.8955333647426542,0.0,0.8828513447506634,0.891280501617491,0.9810335287114103,,0.8600117125716473,0.8727939932860108,,a29169723725172c5b690fadfa30cc7cf76f7eb2328590890c3c828f7d3f20bf,f19c28ac63b6c849df2da22a96db0a6b720006896d82875ceff69a43205d2023,fcf49ce19b8a55bd69ecd38005abc2b6b10fdb9c005130304aa7c563d35a6f36
miscellaneous-numbered-cab-views/0053,miscellaneous-numbered-cab-views,train,0,7971,0,8111813,0,7971,0.0,0.0,,,,0.974924536824239,0.4833934088568486,,,,,0.3048839015366358,0.6964128807994979,,0.9020011838037594,0.6051861145964031,0.0,0.9702696921307776,0.9324914929195365,0.967476073496882,,0.9111579934364744,0.9010673969792821,,9e09a858819a1882bccc4f5b7cd52bca20f66b1052a3c5191dc459062ae69e81,70a16c903d27ac00306c86f14141f728ececfc9dc4e320ea99148e50ab77339d,bf433156b526e87761bfd54e5f02b1cb62e1007c85ad55208eb2dc48ad63e1c9
miscellaneous-numbered-cab-views/0054,miscellaneous-numbered-cab-views,train,0,0,0,8175654,0,0,,,,,,0.9368287153601453,0.7767944936086529,,,0.0,0.0,0.4692882422335824,0.8462266927733201,,0.8375600803984969,0.7188632462330726,,,0.9843886000592966,0.9844983772602447,,0.8588629085985687,0.9326731629692756,,ac828e814ea477c826e95def13cde08680d0a05dbe64cde8303472779d31fce8,ea34de2ac35692d4e015602569d70b94968ad6bdbb3c7aaffedafab451351ee1,d6fa9c216e71733fb9225ecd45f6a82932f14a1a4a58de55eeeb535ca2504be5
new-unmatched-2026/0175,new-unmatched-2026,train,0,0,0,2073600,0,0,,,,0.8203066097009298,,0.9459601371624518,,,,0.7273695420660277,,0.0,0.863511914224648,,0.6709560274729612,,,0.5269387491106655,0.9469086838164587,0.9502251737320353,,0.860987861370501,0.9126304086263879,,c81bc0c590d9bd6563e2e11176cfe441dc0920a5f9cdbbea9d32b36a51347b86,e567f1deccb42140b8e6f7f671b1b6b71cab015fd5065dba841e709332e19b53,f3a6cf23c9b59b80268615b98c958a8965ff7e30233b628820cfd4ceadf5fd72
new-unmatched-2026/0176,new-unmatched-2026,train,0,0,0,2073600,0,0,,,,0.8729623383923553,,0.9603283439202039,,,0.9857047591828958,0.3484848484848485,,,0.6714285714285714,,0.6240849194729137,0.0,,,0.9481298475183436,0.9918468138054987,,0.874511269165588,0.8887196618367548,,fdfba692303712b2119a1d725763d74b54fa20defdb3415916105955f503bd9b,bf61db99763dc894604525d3f039b209cb136d83f1cd35b7655768228102fad0,ba711a47475e023af8441b3bf4aa8963e7a9267dcfae9d90d6ac68ef965055f8
new-unmatched-2026/0177,new-unmatched-2026,train,0,0,0,2073600,0,0,,,,0.8761771886989885,,0.9624630246751787,,,,0.0,0.7360244381409558,,0.0,,0.07620343595849634,,,,0.9857188191614955,0.9950386580167503,,0.7713656084291716,0.9316111678761997,,92fdd6e752f0a8493a8a0114320f0d3adb209985cc28a17efef842ce5c887b26,4bd80258418635ffe4fd02e59e7e743a04d3ef8362742a3493154f57d54ca4c1,ef3e31ccf5028b4337f9d511b96ddd78b6d2c82e89777b78f9d0feaa2fbd1304
new-unmatched-2026/0178,new-unmatched-2026,train,0,0,0,2073600,0,0,,,,,,0.9036088595177861,0.0,,0.9686537536951441,0.09270861708889494,,,0.6014782261286457,,0.3910367477824614,0.0,,,0.9383448906343841,0.9748064403560855,,0.7906888628141195,0.9399488688633741,,bcfbb199baa79a77d97dfe9e368490306a1c84afc0dabca15e0dae262f2a945e,c0720faac0cf1b752740879c16180ae323eda041ad52f9878faa4a44fe5fdf85,72a7f8ec939bdcdae4117d98c4c83cbc69e2a53748ebd559d3b4a1645d55f412
new-unmatched-2026/0183,new-unmatched-2026,train,0,0,0,2073599,0,0,,,,0.8513554251791388,,0.9657726012823026,,0.0,0.9850005272222417,0.44024157660521296,0.8022101141617134,0.9014653783697057,0.8687989198854202,,0.8042055911269724,,,0.0,0.8743562494890869,0.9873634245874241,,0.8460960134961675,0.9485514007512141,,60f737c273e283351acc6efb1ba0704e0827f47b77fdd8695a5bd891f5dbab4e,291ed9200b9c9d9d1be97ae0e9b2cfb2da0843377519c6b9e5e806e193e1071c,f163b737f740dcfdc25b272885c79a4e447a2359fa7cc2876ca4ab43b4fe9010
overcast-mountain-stations/0214,overcast-mountain-stations,train,0,0,0,2062997,0,0,,,,,,0.8600971861227257,0.5525442477876106,,0.792055289471473,0.6764112903225806,0.8608853967841127,0.0,0.7195016927005998,0.8395788964913076,0.8105037913020924,0.8988988988988988,,0.30111038536903983,0.8157911324584295,0.9680570181923519,0.7158169381566886,0.649111454815189,0.8105374222171007,,fcf5289b197c7f0a48d5f375c13e6c090599b238c68ce299010e0babb86cb7e7,d66cff571333e436c6a9212058e636e2420673e9fa861b9fb9c61d3cadc245d5,1674199e433522a1731f33c7922aa708bc3810294b2c36c5dcdc47181614d595
overcast-mountain-stations/0215,overcast-mountain-stations,train,0,0,0,2072956,0,0,,,,,0.7980353908318238,0.9509843803472612,,0.5961012311901505,0.9549546314866203,,0.0,0.2799819657348963,0.822274270488633,,0.7182465509568313,,,0.869031952413539,0.9078970709597473,0.984560132246404,,0.7904179161394325,0.9299203559298846,,a4ea3527469f92f7e01c82dbad4e004af29e5a534ebe1ed94e96185736126eff,854429faa83f8da4db49e7aad63e0ef178c079e045e63a5be44bdb3fcd0af9f4,3c6a5d11fdb1bdb099a45220a1e9ea89bbe7f378f02fe1ed6e35b51e6d99d73b
overcast-mountain-stations/0216,overcast-mountain-stations,train,0,0,0,2068117,0,0,,,,,0.6322453427429817,0.9620546659381611,0.6990163934426229,,0.87120790425828,0.8738408453741643,0.8689134251131849,0.8420502379838776,0.8186257895547682,,0.690342208347418,,,0.0,0.9850646928098581,0.9797567534091681,,0.8726177780565837,0.9588879800525073,,39f23d5418cbc5c465dddc13feda5ebb78e7eb06be8eacb3a5acb0256a95f409,484d599c7a9c73383e03fb6ad49561d2771579ca685ae29f0f30e4be25d04b96,fafdb0806571b90a1d0b387ddceb83a312f2f2930a3855b9b29e856819b3c8f0
overcast-mountain-stations/0217,overcast-mountain-stations,train,0,0,0,2073600,0,0,,,,0.4298245614035088,0.7208258527827648,0.9764195179488171,,0.7701171317017427,,0.2142266335814723,,0.9527635130168132,0.760105080142645,,0.7856721325296127,0.11786372007366483,,0.8444209627928715,0.9237797177840005,0.9723858743316965,,0.8065374903941157,0.9212460030070093,,014ccb7933ce4cc405469bff1fb36825df54553c505c185a5c2b9ca46750aa01,aa3b2a2139a82a89c2ca14efdb1d56c34c50fe2cbd36c733edc6aeb721cead1e,e0b5110eba4544ba0f4c1b6db151624ffb888ef86ab9495ae0cd29201da644e1
overcast-mountain-stations/0218,overcast-mountain-stations,train,0,0,0,2072152,0,0,,,,,0.9555410336001743,0.9897052969678668,0.0,0.0547945205479452,,,0.8634228883210167,0.852880658436214,0.8614741244119185,,0.9190247995414714,,,0.8459282572154072,0.9643034384274525,0.9734296310314342,,0.8970615527373956,0.9629724604722412,,7d192a396ef667bb5f346b4419b19250547fc8d398f9ad1541087e3b71df732f,5a08d87d4ef25c8edc375b184d40fb21715f14fe709bd157766f55da6db5be90,83b9f580975a7f4d4ed5dbd804777a329fe5d6a0bb658b2e44d0a47698a6daf1
overcast-mountain-stations/0219,overcast-mountain-stations,train,0,0,0,2067823,0,0,,,,,,0.9408782577650839,,,,0.753309968847352,0.9527462441427951,0.8186086214255228,0.9667237553068313,0.9641060950784337,0.7322215832854131,0.9333771489847452,,0.7635084756420737,0.9637313980051329,0.9971536386494664,0.8761440627600142,0.7324898328061455,0.9258406706182501,,217eb3ce4240bbab2cd912c73d871881db741d3f99a15000d1343139afbeb72c,5dd19a743ac1e5e12f6fb63c62e75e423f24b6825f5013be4daef1327de5b91c,7f3f37aed6022307adc0448b3c741c07aef552c4908ca1cfc4692174502575c5
overcast-mountain-stations/0220,overcast-mountain-stations,train,0,0,0,1926688,0,0,,,,,0.0,0.9779256950546262,,0.6118721461187214,0.9786233433091065,0.7875536480686696,0.8111321948134093,0.6234042553191489,0.8056986965747196,0.0,0.8295656847267475,0.8626423690205012,,0.27002053388090347,0.9692331939743845,0.9933102374046622,0.5139372822299652,0.904509866094295,0.949915983361951,,b998518e2d97c634c8c2c846bf7f07e5ad02688387f15d657cc9646d080b722f,a78aeb5c9b6e22817ec40a0d14a2e3b3369a6697165133d9a00b6e867bffaa90,91b69948e69af690f65d7895b8dbc0cf3aac86bc4d84587cbd38cb991cdc97ac
overcast-mountain-stations/0231,overcast-mountain-stations,train,0,0,0,2073600,0,0,,,,,,0.9664220913001048,,,0.9902265435172463,0.1556829035339064,0.9322422508761777,,0.14101382488479264,,0.8471262330911453,,,0.7803146317694557,0.9607315642968279,0.9747252417354187,,0.8194179894179894,0.9717615910639731,,27cd78cb2b58647066724fd485237e2568caa02d648e8186d42928145e8c8070,e2756ab550685eb2f70de905f8a2f1b99510c181fc397402f3f807c8450880f1,956955c3c531a173597a07acda93bd054784e5394c6a4751914bb5a4e063f671
overcast-mountain-stations/0232,overcast-mountain-stations,train,0,0,0,2051786,0,0,,,,,,0.9729155602761551,,,,0.7495830355015487,0.8584065841778176,0.0,0.8725096001807093,0.8114035087719298,0.6701938930979067,0.9371198845479848,,0.7952104499274311,0.9653077333610652,0.983652026522721,0.6887470071827614,0.8880843422348376,0.9457195725236962,,77b17d1922889f7c1d3d5c9eb9eb7abb5f53399f38433a493e4e0d9f6d369bd5,3315c387c153f722bf32fbe0bc5bfbdaa858f63464cab9be2c8c073d479522f3,f5d3603742d060bd5edaad2ac651228101d9a0aa8046cb7744f0c89c6536f188
overcast-mountain-stations/0233,overcast-mountain-stations,train,0,0,0,2071895,0,0,,,,,,0.9553142618500731,0.3415061295971979,0.8134328358208955,,0.40832507433102083,0.9060062046626215,,0.915720043972151,0.9338219063176019,0.6231759287159399,0.8295122326511771,,0.8320569742840966,0.9638498821191809,0.9851929227367371,0.8157542014640684,0.8243457993431508,0.8728485722715799,,ccfe0f6097d8c9ab6aa93e8322b418afe7878378f87ebfaa7638f12f8605381e,3b67554f9922cacbbdfd34af50631afad68cbcf60e66ebde1584c6133fe36a61,4e4c94ab3399ce571bcedf3f437fbc616ae013d4769046190be62b8bebb2fcd1
overcast-mountain-stations/0234,overcast-mountain-stations,train,0,0,0,2073600,0,0,,,,,,0.979567668840695,,,,0.6760736196319018,0.7234375509405666,,0.5297426413931269,,0.7812787841571999,0.8794871794871795,,0.7126747857465043,0.9838838368014142,0.9961379286695572,,0.8595705057324099,0.9496018562057243,,709cbea54e2cf9800bbf3d0c032a4ecbdd34ac081630e119aea5e897a39808a8,9f031a8f85e736e4469eff85abe294ba9b7cd9f12c496873f486d04a6bb80267,05de80b997cef0ca35a708b3d6c2bfd4c8c2789fb840d38fe5b194b7445cede4
overcast-mountain-stations/0235,overcast-mountain-stations,train,0,0,0,2071387,0,0,,,,0.0,,0.8486250261512355,,0.11384918679152292,,0.5072765072765073,0.9475284573297277,,0.9043835858734744,0.9205839734500865,0.7963361486303814,,,0.8412792511700468,0.9558237298455876,0.9847574903122145,0.7672212058035145,0.7932164997615642,0.9268605944409026,,468c69f20ee4665d35f34a795d6f47eaaff96dedee7864164a769f063403427d,727abdd8767871d43483380b4a639a89408335f221c2798f071ede7d71cbcad3,04080c0638779a0f07da1394ad2f0c133fde1d23e61baaa5a5ec92ad615f12d9
overcast-mountain-stations/0236,overcast-mountain-stations,train,0,0,0,2064486,0,0,,,,0.8562767475035663,,0.9505955975188011,,,,0.0,0.914224803757763,0.8675389839671571,0.9562242628376896,0.9254147775397339,0.8002529385508109,,,0.7890832810709111,0.9241975132345291,0.9870637972935001,0.8622404211757824,0.8602178423236515,0.9504920022911661,,7d0f48496493980d7a6b226310064c37f280f0d3d8723af88c69108db233c6e9,357469e787079530c7c4af0fe3afad136d2be00a3110c53be46d1dbb7f58abff,c907b65cdaaf1ea1cc465bc1732854c103aa52bb46b843c0e177ae305ae70ff5
overcast-mountain-stations/0237,overcast-mountain-stations,train,0,0,0,2058396,0,0,,,,,,0.9672056717773199,,,,0.6233571160345475,0.9302751963762516,,0.7595705454939812,0.9684834871722879,0.7604456666250015,0.8439178515007899,,0.7783148506592807,0.9513844232148227,0.9921031667531023,0.8399108552326121,0.8262237074896795,0.8366002206471308,,d9eebb905aa35607b8a9ee3cdb0cfd1d4a4e368e77135f92e804f42440f333cd,b1eec86e60b77ba128bbba833a23764f54d112d408858a88b1250f02d7da05d0,bd5696885fc082c7b62c851626e20fd909ae2c9b60d7486a251d025c0272883c
overcast-mountain-stations/0238,overcast-mountain-stations,train,0,0,0,2073600,0,0,,,,,0.0,0.838253351710312,,,0.9760735974249811,0.0,0.6852893890675241,0.7577071745074008,0.8769292443375426,,0.7323857087975413,0.8577449947312961,,0.9724749380507836,0.971352581673649,0.9920461995465574,,0.7135207823960881,0.8614713947863115,,38d3daf79fb1b3f1c4c8c5bf74635d5954f16b3c5be5297e9e5ac9b077259d42,0bd106de9c902a9bc8006dd281b20d065ef8b5bfdbd81729dc77edc4d0287715,7a1b729e03c6067ad805757d476fad6a72132eda21f016901dfcfd4c4821c76f
overcast-mountain-stations/0239,overcast-mountain-stations,train,0,0,0,2037432,0,0,,,,0.7977146938046777,,0.9766214177978884,,,0.9762689817135213,0.3513909224011713,0.0,0.9649996453146059,0.848384773821876,,0.8168938455183808,,,0.7503535667816937,0.777194113062766,0.9800928284636562,,0.8544375353306953,0.8961944636467586,,a48c958611d90e4471af958912e453f589b8b5533315c5d59ce81b77a46a7bfc,7b59514cf69597aa4f2cce3764a3d0af51710e328dc3d85c3976e4c563c3ecc1,4ffd692c4aa3b95b3dd0d91dee7153e59cf0477a129c6a86f0826a7dc1f3cf57
overcast-mountain-stations/0240,overcast-mountain-stations,train,0,0,0,2073600,0,0,,,,,,0.9752644563226553,,,0.9385643756587341,0.5605559232296492,,0.043478260869565216,0.9007364662373271,,0.8513780979066572,0.0,,0.5263157894736842,0.9665184935244101,0.9601983900614819,,0.8358489318076593,0.9231218515003285,,8b51f499144ba83986ae26ea615d1f3e8da062613143bac5e635ab5684f8c914,99709ace9ed244e7aac8df6f8691255f3bb94e3107826bf9d3f678400c6ead23,90d62956a360824fb6d272b716b301d27671ea62bb5f5eca4a31ee7d9b4bc450
overcast-mountain-stations/0241,overcast-mountain-stations,train,0,0,0,2054583,0,0,,,,,,0.970729615123167,,0.3449197860962567,,0.8411709747742137,0.0,0.0,0.0,,0.8064036198649928,0.9199322416713721,,0.8160084703634122,0.9314025175870333,0.9856279778576893,,0.9110950524676593,0.9747489263619646,,3625a2c4d4e9f8f3e0165e6dd90494d2791acd79e6142389e4a17e9e72601af3,a18c6013db023e74d3f18197e3c928119a026a0643711724bc334d3c6663f66b,c0fb25cd076931d79ce55512b3a77e0c176366fefc795fbcfaa56bc4ed26a149
overcast-mountain-stations/0242,overcast-mountain-stations,train,0,0,0,2064724,0,0,,,,,,0.97999554267885,,,0.9452788488979446,,,,0.37177121771217714,,0.6596927820294004,,,,0.9720110591065778,0.9907461420959575,,0.8755586880286048,0.9320919827614568,,ded050ca71f820d730759226ffc1d2274e07ef4601f63b34c13120c7ef05161e,eb2b02a061e3cd39e085fb56063ea4abf4c835ba5583526332833e0723c0d442,3ccdc26b041cdbef8641ac9f6fd49b647c994bd6410d0b107c46b26d191285d7
overcast-mountain-stations/0312,overcast-mountain-stations,train,0,0,0,2073600,0,0,,,,,,0.9498295364376125,0.0,,0.24545454545454545,,,0.817540142064108,0.8178414744934742,,0.8345795345044845,,,0.0,0.8333165131221676,0.9276308748470053,,0.8679859172028651,0.9413178866342427,,5443a27572d1805ca781a25437ef08d1d27ac70239d96cb52f50717ff14822c3,b7a584f428c50f605f7f6cf81f78b931a71df4e8242a20fa82991bce28e1f9f1,1ba08043822755b69a364eb4ed320ddc0cb29b5106e6da9db7569c5af8a4a554
rain-water-cab-view-with-overlay/0268,rain-water-cab-view-with-overlay,train,0,0,0,2029558,0,0,,,,0.0,0.8052542582587536,0.8135822578624232,0.7254795094853789,0.43276148312119533,,,0.7419611561711567,0.0,0.9702659676326814,,0.0,,,,0.9530370153789123,0.8263746038805804,,0.6544577905599729,0.8224209818426362,0.14214876033057852,7a53e1b4c0a64e0b30e58ab9db89fcf98ce95254700008d25f5394d06f97a292,23a6618e87555de6cbd8e26e944af51a428323c138f0f4bdd425e1c41c6ebf5c,3beb086add6bd228e5552afc220786955247d19884bc45875c09cfad2fd4f37a
rain-water-cab-view-with-overlay/0269,rain-water-cab-view-with-overlay,train,0,0,0,2054769,0,0,,,,,,0.974349351697221,0.7357717629846379,0.5139072847682119,,0.0,0.7198798147965718,0.0,0.7604519774011299,,0.6099023090586145,,,0.0,0.9753536295013546,0.99407364864411,,0.8555063075349472,0.9338086309613814,0.8356445814072933,1100c1ea54949235b635d2def045d12f73d290500eb308c1ce83323f8600862a,abf7569acfa9b70797209bfc372ddce4a802e55f69e55594dc883d24cab15bdf,c7e31a8c3da3d4228a984b5b2c56a2ddb79d8d9d5a0dd9a639601255db8ba4e0
rain-water-cab-view-with-overlay/0277,rain-water-cab-view-with-overlay,train,0,0,0,2032606,0,0,,,,,,0.6303207896360271,0.9231881553698263,,,,,,,,0.0,0.2857142857142857,,,0.9917459049722002,0.9255487000753579,,0.7346854645890015,,0.5839790500789209,ca57dfd0f80377755014a88660f5a17884651b8fc20abd7455c72679bd8bb09f,5542b12fe43765140207071f9c0e4692ea5687467fc0d4d502d4e96bd01a76f5,33e75ea10b2125c528abb03b6a14ddb7498a62e18633d07c8ab7e17565d55f1b
rain-water-cab-view-with-overlay/0278,rain-water-cab-view-with-overlay,train,0,0,0,2039559,0,0,,,,,,0.7426164028105776,0.9189545532916156,,,,,,,,0.6782006920415224,0.5819209039548022,,,0.9939760739360162,0.9667478519721264,,0.7977420458433117,0.0,0.7030844283578567,ae02105bf482e4b7269f687a6bf9420a5d1fcf5bf84ca910a716df519b4a66f1,f9d9cc36d418487bbef456deb4bd834ff96e352253bedc9a16b3f55061617ea3,f6776221e73de15dad7f1022407385fe1a18089568300f5fecce5d891383e1bc
rain-water-cab-view-with-overlay/0279,rain-water-cab-view-with-overlay,train,0,0,0,2054320,0,0,,,,,,0.7406447663742094,0.8828046222139803,,,0.0,,,0.883431151241535,,0.9190023304150658,0.8110436802277665,,0.0,0.9760994624106111,0.9837401899145818,,0.8050532417617038,0.4923331951927062,0.037486218302094816,41a8c3396c58a82a580a4b2d762d7a5813c5b86e025f72d9bc3ad2ba21db3545,75cfc723508e1a083341fb8e16648a7f892140dd4f2ab1043d614110da2558d1,ef6551e590552411fb8e53d4fd101ba85970c0791b30092e4e03071ef4fa63c4
rain-water-cab-view-with-overlay/0280,rain-water-cab-view-with-overlay,train,0,0,0,2054275,0,0,,,,,,0.572049817302249,0.8072291813690896,,,,,,,,,,,,0.9899849225158404,0.9518158244954519,,0.7412344057780696,0.7962606543854825,0.3440610936860766,70a05bd99cfd467ea3e055a00e478d6e1b45acfa4adb761b94f8e266417d1ae9,e106743e4b56f6a000935339646381f74dd47b337309998f9c1f64e772dc2e55,4d5aa2818c97d7c6d39383a84dcad255a7c01a4f4c772ba08862a3bdc2bc7252
rain-water-cab-view-with-overlay/0281,rain-water-cab-view-with-overlay,train,0,0,0,2053597,0,0,,,,,,0.8367559962785631,0.7807926595663167,,,,,,,,,,,,0.9896758516608173,0.9637152919977066,,0.715938525297876,0.8580734359628832,0.7286805260924905,a7da1f692dfad6e78cfde641dada58c6873c4539cb40843c04d9e3238e0235ac,0307bb1c875ecbe072c4937d166fb5c6179a715723a729d6f851102552edbb52,b1cd2e2abd3d358b9aebb63ae821f31474c09ac7af4799c20e8461adf29410ea
rain-water-cab-view-with-overlay/0282,rain-water-cab-view-with-overlay,train,0,0,0,2053810,0,0,,,,,,0.7414938450915498,0.7861446155749366,,,,,,,,,,,,0.991954177963252,0.9414812784933111,,0.68884765500032,0.9368844428402001,0.5896477855826234,f9741378f2d70f2bd7e5236fc50ad4936840f4c1561be37a810e2aba8983efab,c2f421c7de5534678595c101104109c3b656630b9d60fb9b35495a373e44edea,67a33ab04a1bde47e675da1fcd3851d0013c76f7273ad6110922496cff6355a6
rain-water-cab-view-with-overlay/0283,rain-water-cab-view-with-overlay,train,0,0,0,2054083,0,0,,,,,,0.6737586571193802,0.8709029225761611,,,,,,,,,,,,0.9936310004987874,0.9835289303304444,,0.7863305701234986,0.19396847155586017,0.7566381897945047,50f5c438789710cc8a44142a41fc391480200cadb38493f126501909f2df6f3a,04b5fbb59ca9fdefb2c884a036413016e6db4df5eab65336733ce8f35b69af69,d4fd45fcbafa04308137f5bc16f003087b669d41e429400f1c8fd6bb1c92b751
rain-water-cab-view-with-overlay/0284,rain-water-cab-view-with-overlay,train,0,0,0,2053473,0,0,,,,,,0.7772611509614711,0.7311968038909155,,,0.0,,,,,,,,,0.9919338824014489,0.8566603025407549,,0.8448965977318212,0.8892884219646918,0.5929698925815724,43ee426aa0b2c2ce8f85dc51fb77e1d7b14c6221bf250479b4fc3db9938e1d2f,124b16930742b8657398889555a2a4ca0cd3a302b337fa75ca4b08d758b9ab29,a2b1db9ad6bac0d81254c70bd6cb1f2aa99825fd7aabc1fb20fc3821f4611d1e
rain-water-cab-view-with-overlay/0285,rain-water-cab-view-with-overlay,train,0,0,0,2054047,0,0,,,,,,0.7494122257053292,0.8576982549149547,,,,,,,,0.0,,,,0.9823522722834939,0.8856903188378529,,0.7235484821691718,0.17066839714471121,0.11241368235105187,2956bdb840f2c86e03cbc88cc38600c415d72eea5fff4f468697cb6ad1fb86fb,7c817992adbdd24001302c811f1bdc3fd0af55e9c6cee7d75ee1ebab90d9ce52,3cc2e4477e2758935b63371da659ad1527c4319a7a18c321c554830d5e257b77
rain-water-cab-view-with-overlay/0286,rain-water-cab-view-with-overlay,train,0,0,0,2054089,0,0,,,,,,0.0,0.8991503033831135,,,,,,,,,,,,0.9933848582043212,0.9388089371710158,,0.7449744152046783,0.3518336837187573,0.0,65bb9a26ed2495d66bcecef26da2702eed5d5ef32bc6393785623c77524cec64,c5023a4e5a1ade5fe386facb5dd55efc8f17e3afa73682ad1f23e1e7f6e96499,ffbc4b082ce041bc6fb3d0056dfd2ac9b8639ba7a840df766f61c43c91da8103
rain-water-cab-view-with-overlay/0287,rain-water-cab-view-with-overlay,train,0,0,0,2054230,0,0,,,,,,0.7638601133271761,0.8709187329797907,,,,,,,,,,,,0.9912396511215817,0.9849246231155779,,0.6401276491285492,0.0,0.8169159614249164,e86117d8914772da397288df8ec1e772efd2441073ebe583809d2c492b5a8b2e,49c1380aaf9d4764c6f027260ff4e8b042c503f86f3393d63dba98fb7b567287,7d2560850c3f570e43726c72edb23dbec45ab563e6ae99bb005698f203a01a55
rain-water-cab-view-with-overlay/0288,rain-water-cab-view-with-overlay,train,0,0,0,2027494,0,0,,,,,,0.9440660241372488,0.80768596102015,,,,,,0.9968830199244085,,,,,,0.9629174936399785,,,0.7924299895085143,0.7669919732055206,0.5633475205384539,edfc5f576a3fe8034173a9ff71791befd981bc683b089bc729fe555cefbe4b3f,18a05516eb56af5f738ece0bf1f771ff1da45279a794c9ca45f4549211644f6d,fd48aafa3de4a21ed0b7e59aac4e8ed347f22a67ee34ff666cf6719d471e76b6
sunny-mainline-cab-view/0124,sunny-mainline-cab-view,train,65348,14168,14023,1980061,79371,79516,0.6986176888784358,0.8218220232406057,0.8233233800758464,0.0,,0.8302191464821222,0.509828991529487,,,0.34180216802168023,,0.9546081332410774,0.8991811556023884,,0.7952711644084272,,0.6986176888784358,0.0,0.9378512908450033,0.9800064203212704,,0.5921501706484642,0.841741849528827,,7401f5fc76b6fc6c255d1dd4039a55eb15e32ab20cd3552dcac7878a8a74eb88,9544d3a4d4f26ddcf2a101283fbc57247e7d6b9a4c2a4d1dcc6ecbc47866431b,790f36ab0f27413c4b186489dc5c8e43215aa6631cf201c301b56115d0374295
sunny-mainline-cab-view/0125,sunny-mainline-cab-view,train,25152,2056,10379,2003997,35531,27208,0.6691675313273207,0.9244339900029404,0.7078888857617291,,,0.90088577720284,0.5734336002074487,,,0.734282325029656,0.8143505662304232,0.0,0.5242774566473989,0.9103444330014876,0.7661662057157909,0.38556701030927837,0.6691675313273207,0.772428675700549,0.9206828718494481,0.9945007746384567,0.6040176533252168,0.8148687686723785,0.8755650014936117,,b9b5845a7575d6e07a9bbc5c28a07e05557e8f29ff815f5cbf7248d75ec08247,258f3be8e12caaaceed243c728d350b639caa3c57d90a8ad103831ada0b7f6ef,793ed8c743ba5dd9abe5431a7c950c4276d8c549970a76fec5d34d62d12e868b
sunny-mainline-cab-view/0126,sunny-mainline-cab-view,train,27955,1755,5704,2035723,33659,29710,0.7893770825097419,0.9409289801413665,0.8305356665379244,,,0.8977142968681378,0.732362428539491,,,,,0.0,0.9481330488318287,,0.7277550371577316,,0.7893770825097419,0.9669854187860292,0.69753050886484,0.9833230833649556,,0.8224867054950621,0.9264403136192565,,a1e2fc892f0b131c74ecceb67559b53b91457b9cf91503592486c858fd335277,e27211315a2ae32a9a3ef1ca41e51ca0a0fa4f6fa09bc2a6e3ea542fe11ec29e,325b075ef34c4c3b11d54e459729756cce598d250b5c0be5bd41734e73b520ad
sunny-mainline-cab-view/0127,sunny-mainline-cab-view,train,20206,3826,4824,2044744,25030,24032,0.7002356528971444,0.8407956058588548,0.8072712744706353,,,0.8883778029075868,0.6889790755283824,,,,,0.0,0.9330479263230163,,0.8182020167492736,,0.7002356528971444,0.8142779910625688,0.8470687691530956,0.9798809205520022,,0.866217422543491,0.9382570782861448,,0d4cde05aed2bd4fe2170c8e306ae84b426e1f4e3c8d7f9b0b0cb271454f8c9e,aaedcf88592ad3e09dd1013b51109aeb4e7c40f4b2d9226c243471e2f34e9ce8,978c17d3775addef2869527b283cf39e738b31c04fb26ad6d796b5fdd5d3316a
sunny-mainline-cab-view/0128,sunny-mainline-cab-view,train,16417,739,6766,2049678,23183,17156,0.6862720508318703,0.9569246910701795,0.7081482120519346,,,0.923660829294303,0.7478913219789132,,,0.6075870646766169,0.0,0.7775807648294162,0.8650645216137146,0.06637984019668101,0.7236978528474749,,0.6862720508318703,0.7692027135458458,0.9270009777265238,0.9824512695468366,0.0,0.8042474333055852,0.8770025822771469,,24687c346d035f3bef72afba9b140f03eab022e4a90af673afe81fa9f274787b,c2fb729a44959c3f10648bb333aa2bfa0a8bf6c4779e7237ba1a4ca106ac5d1e,0da6b47f4be6e923cce50eed1c18ea91eb59f630aac0607e0e3205f67ae67257
sunny-mainline-cab-view/0129,sunny-mainline-cab-view,train,29416,5690,15835,2022659,45251,35106,0.5774523468326103,0.8379194439696918,0.6500629820335462,,,0.8778221415607985,0.6762030516431925,,,0.6083180987202925,0.7672557917363267,0.7699433373655058,0.8711554218656343,0.834375,0.803478949278151,0.0,0.5774523468326103,0.5848618342010412,0.9166366651785929,0.9761312560867923,0.6182224706539966,0.7913439391504633,0.8120347199681699,,e52ffee04497a5939bda202788429a87b3560377d2abd91af07b4286a26b89c6,0c3855bad8ebb48418e3eb7da192926f4eba3d0bd8a6c1ba206a8a0de118136e,d06be956f1732578b52f6f2623c83a4dcacaf61cb7fffce6c331ea26c7923a09
sunny-mainline-cab-view/0130,sunny-mainline-cab-view,train,25734,5090,1550,2041226,27284,30824,0.7948971396799901,0.8348689332987282,0.9431901480721302,,,0.8911933275350683,0.5074216009067847,,,0.6145048439181916,,0.9641523584445864,0.9404459507931512,,0.7306117807596089,0.0,0.7948971396799901,0.8301087506322711,0.5316743434826823,0.9813228849489175,,0.8049896102579697,0.856780598644103,,e0ef00001b7bf26a5b6122387465145d21b99c1296743b3f03e61660ac3b3c2c,9e56d793d32c98b488bb34adae6c07d0b0bd6f457d0f9aa68dfdc9a0a4542a74,cec85df83ecf75dec1a9efc717a44874bbfa56b2e3563725e0f4474bccbf61e7
sunny-mainline-cab-view/0131,sunny-mainline-cab-view,train,32787,4404,10565,2025764,43352,37191,0.6865524750816652,0.8815842542550617,0.7562972873223842,,,0.8990635309141215,0.5474740715958515,,,0.23809523809523808,0.31382260243133725,0.719371545458502,0.8104759516944549,0.6515227159261109,0.7774113099320407,0.0,0.6865524750816652,0.8612184380937419,0.8229203300029403,0.964343256801787,0.019417475728155338,0.7780156503764949,0.9058338681212899,,6ed3b7e372d8d5dc78b215af5af6f4653456cd41ece09177eab1178a747e70bc,a8c27ee277932c37a1cbb160b15f22866e20dd4aec146b5de86eb4603ff534fb,ce8405c154461a0c9662e81347efe3c4dc51f29038fb77871b4570a665c86169
sunny-mainline-cab-view/0132,sunny-mainline-cab-view,train,8267,491,5780,2059062,14047,8758,0.5686476819369927,0.9439369719113953,0.5885242400512565,,,0.9294766593727206,0.0,,,0.08100558659217877,0.60705734089477,0.0,0.8830878742183188,0.0,0.853673517599811,0.6921708185053381,0.5686476819369927,0.8747109633003477,0.7708294180291925,0.9704185483696709,0.0,0.6925064945499344,0.855689569123274,,e153b7e6bd960d596c08d639a6b6e83a0851899aff6c01d8e6bfbba8b04f29ab,51ec0f2f880b6d5e6d011aff4a6f35f79480042485ebc9db45b9e0c8ccb772ca,8df3db0242cba2ef31ad7e0f50994039eab386587de6a7509dbe6d0e06e2b34b
sunny-mainline-cab-view/0133,sunny-mainline-cab-view,train,3831,302,1045,2067724,4876,4133,0.7398609501738123,0.9269295910960561,0.7856849876948319,,,0.9005934926269414,0.7334379499458042,,,,,0.6459951361104573,0.9751240349333518,,0.7364023943843935,,0.7398609501738123,0.8238750464856824,0.8209771187796683,0.9213639437985732,,0.791393152165073,0.880425735764427,,f9e73f2fb85c57a08b9d33b0c1c38cfbd56bb541c4b32e14c80883c01757b91a,7b970b234bbeedfb2a18e0ce9e899a251b487dd70a00f183d3d16356c2b2478d,e546340875927e49069f6dda01b2eb47752df03b7a7f88df46b5976e8efba90e
sunny-mainline-cab-view/0134,sunny-mainline-cab-view,train,30205,2197,6006,2028026,36211,32402,0.7864247031868361,0.93219554348497,0.8341387976029383,,0.0,0.9088058830882046,0.3800016432503492,0.007991475759190196,,,0.0,0.8011541008419261,0.9016131891508598,,0.7685532775050534,,0.7864247031868361,0.7657274375784628,0.9442919718394477,0.9908171227346437,,0.8250514692120532,0.8849790480283658,,9e4b1e6f4202cdfc0d9ff15e1ee6eb32270e1c0e88b7b7842be2345e74dab6f2,810016b295ab6550cc7248033bb01b9032302ca875b032e9d08005c80b18156f,a10549e48b5f8b9545c0501be509b2d645b67710c5fd93a8560cd422d0ed000a
sunny-mainline-cab-view/0135,sunny-mainline-cab-view,train,16021,4725,2103,2045426,18124,20746,0.7011685412928356,0.7722452520967897,0.8839660119178989,,,0.922415111999064,0.0,,,,,0.8952232658596615,0.837038692138681,,0.7406157739350485,,0.7011685412928356,0.0,0.9731536659345965,0.9927569360900438,,0.8861427597623917,0.9399483483909903,,917d7fdbcba14ad98f4155259ad4945453a4e76aecab144bfdfd515d95e55343,ef3653ad7186e447e51f20d8a071847cfab4d31d30567977a105bb93a6e226d0,92dcf786f1548fd8253e3f18aaf506f454542ff070adb32b99428995f6b08cda
sunny-mainline-cab-view/0136,sunny-mainline-cab-view,train,71547,4088,16153,1976273,87700,75635,0.7794809779056086,0.9459509486348913,0.8158152793614595,,,0.9122032799445975,,,,,,0.771964856230032,0.8471717490914836,,0.7224155188027263,,0.7794809779056086,0.9089909386821501,0.979765759342752,0.9816220121242579,,0.8576044549095097,0.931808848235953,,23d8b5534877bd891ce5b404ae30036f3fd3a3f9769fc5d17235cd727642067e,79c1982f49ada9c405b84125d26d3248d5d79d06d6bc5cb458d82e04d838eb1d,873551147b90498ad8748358d167a264852f1154212ae7af67059f20ce3b4098
sunny-mainline-cab-view/0137,sunny-mainline-cab-view,train,20181,181,4190,2043674,24371,20362,0.821969696969697,0.9911108928396032,0.8280743506626729,,,0.9562138934334418,,,,,,0.0,0.8685524126455907,,0.7082572000348037,,0.821969696969697,0.7448044912833646,0.9797045301481373,0.9757246313686546,,0.8437367678193366,0.9598624956521096,,a171edd02bf21b2bc889ac8ed17fe30fc47d76defd59a637e236ddadf0c76f27,6f160ebe16131fde736faa1b907b2b9193af1e3c3ecb7fbcc5d577bc8750144d,3f2575e6eae4288545a26f6fdbdea8e599d5eec984ab0f6a4cd37fa26ea9e6d0
sunny-mainline-cab-view/0138,sunny-mainline-cab-view,train,6402,1527,534,2059768,6936,7929,0.7564693371144984,0.8074158153613318,0.9230103806228374,,,0.9695004999402587,0.020833333333333332,,,0.6149425287356322,0.7552594670406733,0.8968013445734023,0.7837410745639705,,0.5856018147851615,,0.7564693371144984,0.9498510680548069,0.9584847763131099,0.9911521800859106,,0.90983568475012,0.9721604391592696,0.0,461bdcfd80571cea432e10e0947270b1a03bad21b5efa4efc325d700d1107bed,50f45cb9d7c36f7e9ad713cde316882219c82f7d0791f0d0e907e65ccc5286eb,d946af90afaac8e08661aef84b79b05505164487c222c725bd98b06499311d9c
sunny-mainline-cab-view/0139,sunny-mainline-cab-view,train,26351,3947,1519,2036513,27870,30298,0.8282050476160543,0.8697273747442076,0.9454969501255831,,0.8594789497740084,0.9380190858978944,0.41750965606032736,,,0.9034195933456562,0.0,,0.8485819631717721,,0.7476016817263246,,0.8282050476160543,0.0,0.9553682768871017,0.9860631051674769,,0.8418415519268755,0.9115800417898998,,ea793969cdff22d7aeff4460d14cafa8007c32c5650e6cd3586775c958a0754c,9ffd1fbd5a02985f044eebd2c5f1c76c095bee6781c959b4c6742485ddd6b778,7d8458619d05eb28f985a9253e7bcc31d68322c70e3fcfdca38d041b3026ca06
sunny-mainline-cab-view/0140,sunny-mainline-cab-view,train,21020,6016,2491,2024459,23511,27036,0.7118908117993701,0.7774818760171623,0.8940495938071541,,,0.9421293255209018,,,,,,0.7011787671747128,0.6840582084254785,,0.6845389415299283,,0.7118908117993701,,0.9681039998817416,0.9890555417955627,,0.8567038595207609,0.9322527625162047,,3a5fae521d4841d641c0b0953b4733aa8f8734d7fd9997403022f033352a935e,bec802af770693ccb921ee7235635fe5fd724eaa5b1d6e1f6746af21fd9112cd,50c2e5d384e9f92280c798bdf7bac2cb8845fb509cdfeb1d1950180a3318c69e
sunny-mainline-cab-view/0141,sunny-mainline-cab-view,train,23232,2623,892,2034432,24124,25855,0.8685833925300034,0.8985496035583059,0.9630243740673189,,,0.9653627929562706,,,,,,0.6236355007119126,,,0.8288436911487759,,0.8685833925300034,0.8170634735020347,0.9395359992512343,0.9642775124459443,,0.8741048342866097,0.9062479557157409,,2ab1618bf2232f7953374c7ff9fd6dbb5957a1d11d887a1004faeb1f3bfa8241,97b17a45f269102384f6109c04c9d6b8bf8782c9ed75e154169d5296a043ea20,e7c78bb4750c647d794c80d31d9879e9cc755f90ebac23852b86f0814789c5d9
sunny-mainline-cab-view/0142,sunny-mainline-cab-view,train,28427,3242,840,2035498,29267,31669,0.8744347719093174,0.8976285957876788,0.9712987323606793,,,0.9681568972293836,,,,,0.3207453416149068,0.7630202323255635,0.7865943297164858,,0.5317719331925513,0.0,0.8744347719093174,0.0,0.980780674134977,0.9925494052825261,,0.9212308643884336,0.9490140470872451,,f9d4c3db5d27a80539d7e059e63c85bbda048e2f6d73d48e3b0e6d2541a023d4,ecd3fb29f78f54f484c4e6ff39b9f5010a4ff9510a0ca54c9e0fcee6ada30585,e17fdefe4838334445fbb83c3674c5526c058e4cf9702d493028b4c774083999
sunny-mainline-cab-view/0143,sunny-mainline-cab-view,train,34305,2990,10039,2020887,44344,37295,0.7247433134744581,0.9198283952272422,0.7736108605448313,,,0.9425575105876554,0.37445945945945946,,,,0.8150022324750706,0.0,0.8560810284378653,,0.6576417283677755,,0.7247433134744581,0.8648357178805091,0.9320441369356718,0.9928640990874655,,0.9023987455795023,0.9038018386274621,,4437f8bc5b8248f9f54a530115e7dbcc3ace4af83f6e7e7505c28bd61deecdb4,5633b96990c8cacdbca53cbc8c942d05e63f5e2d839d47c6d0409a38e1392cfe,a961e30ebfb0c19a1862b58b18449e430622e7eb260ddbd78f66e683411c86b1
sunny-mainline-cab-view/0144,sunny-mainline-cab-view,train,7546,1892,2123,2056475,9669,9438,0.6527117031398668,0.7995337995337995,0.7804323094425484,,,0.9368397342043023,0.0,,,0.0,,,0.5725012946659762,,0.7291140545276503,0.6004464285714286,0.6527117031398668,0.7351335252655614,0.9656110414843271,0.9708577379871774,,0.8202540567382703,0.9513446923441607,,f6b634ec6548b8bf98554aa0ac61f40eb22ae85f7e7ae26d084ddb9500ae7e5d,7f8b37a8c257a86c7ca870dd1ce5018c32c9ed888de4dc3afc7b590ae25fb898,2fc9025230e839a8080d490795212d45f0bdeee6f3a156922ed833346e6129bb
sunny-mainline-cab-view/0145,sunny-mainline-cab-view,train,18583,1055,3621,2044880,22204,19638,0.7989595425426717,0.9462776250127304,0.8369212754458656,,,0.975314678300988,0.425782564792999,,,0.0,,0.8542098023600956,0.9684179394553943,,0.0,,0.7989595425426717,0.9164254237142538,0.9689524169703637,0.9924646399720427,,0.8935802199402811,0.9481951430489206,,fcdb2f1d198ca40299c924da55b12732604c2030a0db21c6f4a86b3b5c804d35,20c74d76997181bbbf1ecde190ab83a62b8b818f8a40955abbde22b23f85c59b,f7fd5da756e56c03fc38a0a0e6b6b485a98fbbde42b2ef4f8811385ead0832d9
sunny-mainline-cab-view/0146,sunny-mainline-cab-view,train,38820,5798,4053,2019286,42873,44618,0.7976002136796039,0.8700524452014882,0.9054649779581555,,,0.9439516129032258,,,,,,0.0,,,0.6502683363148479,,0.7976002136796039,,0.9786448381144931,0.9804506794618404,,0.8335129917142627,0.9152165792337301,,144ac7ace9587dad2bd7d7909441c0b2eb1b7a5fd5d975855c31e6f54006cc89,14b653b227e8c3d3a8b942968a57b177faaf75fb68a3e71ae071e6286eda5cde,a3b54f49dd391e92f0267bc5093a65fd6b7b67842c2af80204e930341e059b11
sunny-mainline-cab-view/0147,sunny-mainline-cab-view,train,1629,13,4422,2055267,6051,1642,0.2686345646437995,0.9920828258221681,0.2692117005453644,,,0.9383505874142143,,,,0.0,,0.9175824175824175,0.8529895366218236,,0.6988801963491333,,0.2686345646437995,,0.9852413498977697,0.9696093904123101,,0.7943874973518243,0.9305802908875037,0.0,6cf388fea166cff5c1481f523509bf3d72656e5aede0964f0ec6b15e88adea19,692808c9fd7ae6179769e38738eb5f38b5dfd78c857fdca542786e3cce1a19ce,a335fc89c65997e7107cc60cfb79cd56873f9802b6c0d2828a67e94843aad4af
sunny-mainline-cab-view/0148,sunny-mainline-cab-view,train,23436,4054,7519,2008766,30955,27490,0.6694278614070668,0.8525281920698435,0.7570990146987563,,,0.9274605795366879,0.8063322134274814,,,0.7891373801916933,,0.1181169757489301,0.9620845074014102,,0.7394383479998597,,0.6694278614070668,,0.9492760867624743,0.9870659565967572,,0.8821274719310742,0.9420704531678967,,d859eb4079cd5f05a69e1a52ca314157548f99524569888aa31aa39194c4c163,3f6263d12602f503c9afd8899de5bf72117310b14c1df89f7ca3507e4df9258a,affab714e764cc685b1bab7878901da38c2594cc78f7c67b023ab088df8a5527
sunny-mainline-cab-view/0149,sunny-mainline-cab-view,train,7723,1145,2891,2045369,10614,8868,0.6567735351645548,0.8708840775823184,0.7276238929715471,,,0.9239595466356061,0.7107493309545049,0.0,,0.3377386196769457,0.7773639211038686,0.47397896462231937,0.8163531318255478,,0.7611078423131882,,0.6567735351645548,0.7251542152159013,0.892390398250316,0.9743400025384518,,0.8339004364228123,0.8880867287190208,,0f14ff36a7fdb27af6f7ec8cb353e753e159bb3b77aab52a80b13fe6937791bc,f956580152828b020215fbf2c78a840a5b4b68ad7e56c3e41bf4fea9766fcbe0,b26acb4554af0bcc357d561cbe47b0a79aea15f1f0cd2ae61f53a81ab9b49949
sunny-mainline-cab-view/0150,sunny-mainline-cab-view,train,6914,584,2704,1998368,9618,7498,0.6777102528915899,0.9221125633502267,0.718860469952173,,0.5874439461883408,0.9514363280510133,0.030350194552529183,,,0.5453575240128068,0.0008269588587967748,0.7077037404012881,0.854267196518119,,0.6774163395027107,,0.6777102528915899,0.8064636559353884,0.9061588942115312,0.994425343519907,,0.8104331962703423,0.9037304486651403,,d4d60368183c52383216b6039fb814147d7720ff8a5ea3c97e9222f8f0eb8937,ea19db3c93ddb0c57d8a40d4882b76fc921b3e7ef2c036f491aeeeed322a8ba8,bd6a2a2c19c366e71d1bc41053b425f101d96b191b679edf9b3d50bfd91e6a74
sunny-mainline-cab-view/0151,sunny-mainline-cab-view,train,7437,1380,16401,2040769,23838,8817,0.29490839876278846,0.843484178291936,0.3119808708784294,,,0.9057992881620774,0.8022397935552174,,,0.26933701657458564,,0.0,0.862317867258446,,0.6077829488068126,,0.29490839876278846,0.8540158680204727,0.8757075151313902,0.9913555274539483,,0.8837635675933844,0.882270308620078,,4b1751c125ecc67afaa53eb1d7655c7a5ec051098de588dcb48ea4bc9cd3c5fc,1ab5b3a734f95118a4f540fd1aa10298673d5e4910ab7f3050c63f27f8d9a24b,eca6eac08f48fcc6b3dce68a09df91ecccfce670775c51b76d3c401cdf7e4a64
sunny-mainline-cab-view/0152,sunny-mainline-cab-view,train,5379,263,7329,2046608,12708,5642,0.41469431809421015,0.9533853243530663,0.4232766761095373,,0.0,0.9213276572825388,0.589268598392686,,,0.7299779573842763,0.0,0.6935524652338811,0.866039964467352,,0.7861341717017897,,0.41469431809421015,0.8596372028816703,0.8988591598440447,0.9852158130208626,,0.8743246008229829,0.8798402017125923,,7c244faef1d58c7c544581c4aaad579ceaddaf9f4f8593f1c642198319e0f064,57425f7fe572f2d8c613752e0aa310cac5a68f17926ddb24529c7254a7030148,e1f0fbbc8faead0a61193487f594a7d1cff3e15fa8128361e457be558d26e80d
sunny-mainline-cab-view/0153,sunny-mainline-cab-view,train,19126,8391,2289,2036931,21415,27517,0.641682882641079,0.6950612348729877,0.893112304459491,,,0.925548070558,,,,,,0.7255624072170834,0.0,,0.908598090815855,,0.641682882641079,0.955782045307365,0.9789138173864165,0.9930393525892778,,0.9005512574070249,0.9606587374199451,,8a9db76dfcf9155f0dfba13eb33441d81632dfa0d872dd599c6a9a249961a009,05a5851a91ad31d3a2d1b4e3dda4c9fb4c997e5bb7d94639cfcf404ebbcfe4e3,8eb349815cc84477fc9e624b6e9cb2a093b3086e6ef17af7eab1aa06f0b03ca1
sunny-mainline-cab-view/0154,sunny-mainline-cab-view,train,15036,5225,1380,1982149,16416,20261,0.6947922924079294,0.7421153941069049,0.9159356725146199,,,0.9552019478483286,,,,,0.0,0.0,,,0.626684380337825,,0.6947922924079294,,0.9787333745175376,0.9963027539163545,,0.9194298160067615,0.9538398616171433,,6ba5f4dc3a08179c05592eb64e30da7a3ab0f61eb7a134091c4cb022c307f8ce,73a89e97a564e8790df1b2ef5cc6b4b1abecd82ba42528df33db4e2887c0a69e,fd85b133c87b81013338ede67650b3de291f69f542fdd2c5f008858e0654ff32
sunny-mainline-cab-view/0155,sunny-mainline-cab-view,train,3584,2797,1380,2052862,4964,6381,0.4617961602886226,0.5616674502429087,0.7219983883964545,,,0.9631367613568261,,,,,,0.5128336755646817,0.9037181360610489,,0.5764660042859926,,0.4617961602886226,0.8160724391624222,0.9816732739160371,0.986763322255497,,0.8859138352897451,0.9561668222574412,,06a90f5ff240f94f7308b963ae697e96d8e7f41f7c690b41c58516e490c044e0,3520046f77397809711aadef6d4851348e6ef6dfa7e4d4acffde40d4a08d976e,2e3ad4005801fc8862a280f695d4788f3641922aff09d4590d674f37f9670ccd
sunny-mainline-cab-view/0156,sunny-mainline-cab-view,train,7831,1673,2041,2048815,9872,9504,0.6783022953659593,0.8239688552188552,0.7932536466774717,,,0.9686017348015339,,,,0.0,,0.8017536097816031,,,0.7278698464025869,,0.6783022953659593,,0.9787311690662907,0.9857314146365952,,0.9120928502804723,0.9434716599190284,,2a9b7f9f2e664a6492b210e6af5c8b3238a3d01e1f1d4f0c3506e92519ad0942,407421d1c13fc9a5c28ada48397820d63763e5bbd52ba90e03022634e21f2fbc,e6aaa0638e5e5c9b6ff9fafdeae40e1db9dbae68889aa596c7510800c5edf295
sunny-mainline-cab-view/0157,sunny-mainline-cab-view,train,22733,10402,804,2034233,23537,33135,0.6698193818321105,0.6860721291685529,0.9658410162722522,,,0.9377757615680036,,,,,0.0,0.484402633130281,0.7306682577565633,,0.8083379966424175,,0.6698193818321105,,0.959168284002303,0.9922073562177253,,0.8869146435674485,0.9432858259894006,,8e5da439095b7bf529ca9afbcfc297a86c96a3820aab657ef461687e06417c1a,9981e1d1ae142c1e9738d94cae092b732bd369db06694bee51a34ebb4e3fc179,d996d153baed66c913849591bed66fd7b3b5e0df9666fe9cc42e958cf122a81a
sunny-mainline-cab-view/0158,sunny-mainline-cab-view,train,4149,822,935,2062272,5084,4971,0.7025059261767694,0.8346409173204586,0.816089693154996,,,0.9760044742463097,,,,0.875250166777852,0.525974025974026,0.7127237542331882,0.5144223583918697,,0.6551939274201934,,0.7025059261767694,,0.8014025921688004,0.9063364773040089,,0.877859564965677,0.9464374048523846,,e6a650c2b434f3111eccf6b5f78e578afe4a7a00834675380b1cee62d761869d,07015ed660b2b8ea64300203f1815f3802c8e66a3db06436fb5305d647e31263,6a0d789e514b3610872394e78a721c5e2434d2af254b40612375f55200a23df0
sunny-mainline-cab-view/0159,sunny-mainline-cab-view,train,19426,530,9933,2038220,29359,19956,0.6499381043193148,0.9734415714572059,0.6616710378418883,,,0.9662057260144203,,,,,0.6749902458056964,0.8100313997686333,0.9152518786529362,,0.614158462259728,,0.6499381043193148,0.0,0.96162230479265,0.9914902209657878,,0.9081990419910784,0.9216783843088083,,0857b1a64422a748f3a1acbe2298b756354dc4e916a3e35065e7c7c8aa443cfa,d11d1839c3df1fc963b3d4a7d2fad7dd497deb84c04b0fae9ac7612d46bf2393,af680768834bff3c33122683c1d871f69af5319c7a1607d8dfd142d4bd756fad
sunny-mainline-cab-view/0160,sunny-mainline-cab-view,train,21610,4865,1358,2040469,22968,26475,0.7764164840297488,0.8162417374881964,0.9408742598397771,,,0.9639619148707645,,,,,,0.7806748466257669,,,0.7546900125067,,0.7764164840297488,,0.98185339764013,0.992164680518023,,0.9172092119327567,0.9529449899895128,,3f99be5f7928e5a01c3e2e0da7c216742c167125a2f4df4f9eda959f3e86453c,3a16390f7fe8b99976e346e04b3a49000f78f09ada1595a248415368e11aedf5,542474b2321136126721420f71046abdd7718af956d275578349e46c7d27aa6f
sunny-mainline-cab-view/0161,sunny-mainline-cab-view,train,23833,2978,3865,2037443,27698,26811,0.7769265875603077,0.8889261870127932,0.860459238934219,,,0.957428032953249,,,,,0.9416883492338827,0.7388888888888889,0.841395883397764,,0.7367172186113691,,0.7769265875603077,,0.9559249688151822,0.9944989027830539,,0.9114724480578139,0.9418876620259241,,016395879116dde76f1eddcc264a67c3d1fb136d9a0f2d92b33ab41044c4e774,d23f8db4f6d3d5ebf380883116bb37266ab923f0b3242a26533b21ff6567c406,c90ff4c41ddd820eb489334aa5f4a9577f683f2eb9192f701c334de834b0dca7
sunny-mainline-cab-view/0162,sunny-mainline-cab-view,train,24225,2547,3045,2035328,27270,26772,0.8124559814870711,0.9048632900044823,0.8883388338833883,,,0.9611693126477465,,,,,0.9544887684562209,0.6478787137791906,0.6971972588124257,,0.8411762453574301,,0.8124559814870711,0.28651973347001536,0.9695749690038031,0.9903316247140865,,0.9117433208025866,0.9642378116545186,,9a198f581ccbd0527724f15f9a3cece6e5832854e77e259dffc5bd5a429ff05c,0f13810f4e07bcb4e31d23ae621fe1f2f1ba5df5bd7d2a28ccf1edc7b7b90c12,fac08f2a51ef434931ecb33bcbda1df63b8971c73ee857eb2843b8c76039fffa
sunny-mainline-cab-view/0163,sunny-mainline-cab-view,train,50399,3765,9736,2004065,60135,54164,0.788716744913928,0.930488885606676,0.8380976137025027,,,0.9406817962909452,,,,,0.9520541089328357,0.8501390400193447,0.3898391812865497,,0.7673273346303502,,0.788716744913928,0.0,0.9659056363501365,0.9949598898825709,,0.8929505925811914,0.927733411813366,,53c1f0e23c023af87bca8d7c925f1118fa6e03bf34b314ab0e901d159fd525b9,0dcf0e9793f56137c43c73198bc407fb3d307128f3264ea267e08b830d3a3e6c,dd89e4631fdbd3f17229f9f476e528510df36c25c6f6eee0eaacbb92c2f1fbf7
sunny-mainline-cab-view/0164,sunny-mainline-cab-view,train,35255,1323,1838,2029761,37093,36578,0.917716576426489,0.9638307179178741,0.9504488717547785,,,0.9698391738615202,,,,,0.9410631621462081,0.5193614830072091,0.8596769223997535,,0.6518751789292871,,0.917716576426489,0.8315496168703692,0.9698666055335062,0.9951077796445734,,0.9116688043763811,0.964852318109023,,dc2322339b57aed5805465301755b9054b87fba047b608e05ae4dcf959232006,595424faa77d35db1f99a37b4f55a72e40170bff8e5dfdb3ab73ae65e3e2479a,6b7901a2c3d4b2a5e2396d1ebc930dccbaccd3b79d6c6c422af4178a705afd19
sunny-mainline-cab-view/0165,sunny-mainline-cab-view,train,22581,4390,4836,2036243,27417,26971,0.7099380639481875,0.8372325831448593,0.8236130867709816,,,0.9470704149658994,,,,,0.9520820064901586,0.7097088166112417,0.6326465281415518,,0.7810319976938599,,0.7099380639481875,0.8297298915972929,0.9533156674586515,0.995219057005691,,0.9073777859025334,0.9426081474476646,,ed03205def575f68a08e90b5040e492f111657b011c4a09ea8773bfee95ae4f8,48f2d8f29663c715443a61887d3de406b2141c0cd0635bc8d985d53ed8a38d72,db7a91043a23e9df7629f51af4af27088c70a2ae42c2a8ba39952a1b8efae728
sunny-mainline-cab-view/0166,sunny-mainline-cab-view,train,21093,4158,752,2042017,21845,25251,0.8111756335807406,0.8353332541285494,0.9655756466010529,,,0.9619525512362056,,,,,,0.7693447481066842,,,0.7801881860951385,,0.8111756335807406,,0.9791136118856131,0.9921778098748362,,0.8895637948070039,0.9411347093429056,,4cb25bc7ad809534409bf310ce0bd9621415dfebdaa38bfbacf278916ddd0f64,6efebaf42ad436d141650e14308bf18e2389d3ec7ed42dbb736ae5b5f6d3a70d,7e06f4a4a34dbf06a5036a8691f2486d2fe8df8a2e146383b68658194fbc604c
sunny-mainline-cab-view/0167,sunny-mainline-cab-view,train,5473,2020,186,2057543,5659,7493,0.712723010808699,0.730415054050447,0.967132002120516,,,0.972574343327297,,,,,0.9207639976992801,0.9081179060031936,0.9518535573110711,,0.0,,0.712723010808699,0.8175813656668793,0.9468972603076439,0.9909602347914156,,0.9042531070554551,0.9338495465677407,,ea08f07ca095ed6d035d6f14b8548f69a14bf8d6b49efbbdddf5179bf9ef3009,b5e44b4d05c9f941f3f50ad3195bd2b3c67bdab306fccddeab16a0e824382b20,17a61166ff5723954e5b659d42a71ae1672d3392b31b1aa8013e359bb3e8eaa2
sunny-mainline-cab-view/0168,sunny-mainline-cab-view,train,21889,2133,3295,2040750,25184,24022,0.8012958963282938,0.9112063941387062,0.869162960609911,,,0.9564799834995198,,,,,0.89078408355892,,0.8710769331887345,,0.657505149330587,,0.8012958963282938,,0.9694213153587296,0.9930591686949047,,0.8990992991024706,0.9297601823487096,,72b8f6a32917f9b4cd7edbfc8b38900c94a094dd308a81ee17ec8c715bf8a875,adeae42b66b6f80ff7ded176032da0f049d5158fb43d05363602b068574857d5,38239e6398dfac6a9760a164f696b946c1b27e55dd8b1ee5807838b2fdaf698f
sunny-mainline-cab-view/0169,sunny-mainline-cab-view,train,5483,3123,279,2059142,5762,8606,0.6171074845244795,0.6371136416453637,0.9515793127386324,,,0.9710537251409914,,,,,0.9485203937230731,,0.910416260003904,,0.653551838558949,,0.6171074845244795,,0.9722975320072352,0.9929290346702736,,0.9231826389887658,0.9556749845164126,,e50a126b8e9d96524472935c0169644a3000d548dd10622d7dd7837f28b262f3,1fabbee7225ef01c83c8f9d87a5e21012dbd0cd0e092aae0b3f85cc885236dfa,1d9f89896c73a5120fe706f968ba14e867b416da980104473a69d08314969b3a
sunny-mainline-cab-view/0170,sunny-mainline-cab-view,train,7623,1360,1617,2057605,9240,8983,0.7191509433962264,0.8486029166202828,0.825,,,0.9602027806447696,,,,0.0,0.9607665001093558,0.6328092676872156,0.8853446857518921,,0.5996029776674938,,0.7191509433962264,,0.9729566884364969,0.9932914681680381,,0.9105460342766042,0.9551544657523402,,3f433ab98d445e66fbd4c3879168f0ff099bfa2f2a0555a496a23ef041827ef6,2432eb316800d123f6938e33fc85795b3d6c60ffa520a0ea9203c0121e31584d,78eca203f531e1d945a24e5af16d67d2dae03586d41da050f1c2602bbba0edba
sunny-mainline-cab-view/0171,sunny-mainline-cab-view,train,23476,2070,1921,2034001,25397,25546,0.8546983653111005,0.9189697017145542,0.924361145017128,,,0.9714762465645858,,,,,,0.0,,,0.8255345761085601,,0.8546983653111005,,0.966753981949324,0.9627764368191011,,0.9003216443084647,0.9419946612592774,,f0f37b4a43e03c4b5aef2ec2723b33d29fdeb183e0247dc20cc38fd51708b6d4,e8e0d147bf6775475813b28df3bf64d5faa50955a9846c2f56a541b5e2252767,d8d06426631e1649a3b044cab3d55d49b4b6609cf5494d5a85984081ea3e2c4a
sunny-mainline-cab-view/0172,sunny-mainline-cab-view,train,0,12201,0,2050936,0,12201,0.0,0.0,,,,0.9195650152279543,0.0,0.0,,0.3422818791946309,,0.0,0.8319064064098427,,0.4837879567678847,,0.0,0.0,0.9583697877675454,0.9633779137859383,,0.78342776203966,0.9105871243146362,,9d1f242981192b866b8c78b235337b3fcd78c0dbb947afbb3861211b73247352,c9cc1d7969f031b1ba1caed9230b1e99f67407a3ccf18ad66582f8d9f85d7a54,2aa01ebb0be9e55c62f89ab801bd8212ff6b725a7765147b2cc7875c2ee86a03
sunny-mainline-cab-view/0179,sunny-mainline-cab-view,train,0,0,0,2070979,0,0,,,,0.8630888766933364,0.8190339799505273,0.9680500219227176,,0.4258347016967707,0.9323252522075179,0.0,,0.9345880558219445,0.917727660132433,,0.6730303753451744,,,0.7444805268881808,0.8998965951809046,0.961948355639584,,0.7737821487954152,0.9611825146244726,,2980bdd5ac578120cb35ad4b8b8f5798eb1663f505b1d628312365558c8e6637,0a9409b2e919a722e20a573aade797666e16f212e11504e1bba1fad37db8571f,87eb82e10d8f310d93bd56bc70dbfe1c848b7564c22d0b2e8508d8d34e0c841e
sunny-mainline-cab-view/0180,sunny-mainline-cab-view,train,0,0,0,2073539,0,0,,,,,0.0,0.0,,,0.9571759259259259,,,0.0,0.8151889263000374,,0.5525030525030525,,,0.9188719161013951,0.9523415687578212,0.9836563962138036,,0.8000544525425148,0.9544847305508121,,11d2b9c079ad57dd8e7e64839160cd7b1d1b689d42720e385bbae214ae1ce4e2,d03eedc21174cd47abea991f73f6f1990f52f4dc95c05ca152a8ebc1c4f8dbbd,fa89a075ab3f7b7e33c17923130701537c167112bd4323f86a60eb00bc7c3078
sunny-mainline-cab-view/0181,sunny-mainline-cab-view,train,0,0,0,2073600,0,0,,,,,0.9569712516032158,0.9584850091299995,,0.0,,,0.5408,,0.22054380664652568,,0.692172181372549,,,,0.986852317992833,0.9951368237849885,,0.7479274611398964,0.956771279438356,,961d4dc340edb778535bf1a91b174154c09e8c3bf2814a05efe15d66cfa809cb,f7acffee97a0d29fb4655547c1884e20e9bd9972cc8706da96cdee1e26eb908f,aff6c5f248fbdd2959de2a6e12c817758d890e89cc3b312608d8d6f28c228e74
sunny-mainline-cab-view/0182,sunny-mainline-cab-view,train,0,0,0,2070136,0,0,,,,0.5565515423147904,,0.9444752737284698,,,,,0.0,0.9506819728488861,0.9723733960844665,,0.0,,,0.0,0.9064342260400876,0.927431202333673,,0.6999039337882109,0.8768929868678402,0.0,2b635f17ddb2ba61b77fdcac0499ec5c3d70dea1323a289937212955ea815653,4ceaeb2102494da778ecf94d2ac615d63cfe08ae62aaef2a6796fec50fb8bb6f,1fec10c2a2243503c5e6ff4cdcfa3cbefcd14ed4ad161eb1ac52f5e0917afd08
sunny-mainline-cab-view/0184,sunny-mainline-cab-view,train,0,0,0,2070348,0,0,,,,0.0,0.4055779569892473,0.9438871043022267,0.0,0.8205723124516628,,0.0,0.0,0.9463353402501611,0.9200276388677433,,0.6821075649791015,,,0.5815316434724983,0.7766060361231888,0.9777837865242593,,0.8394647207844944,0.9454311811898726,,fce720c8ba60a17547f87e487d475b7dfc8130e8e3f6de1eb655de80095dd9d4,cfb308f1843883bcd1f15e0bb17c380c182c15635fad7bdad3e92fd028097a16,f76bac5c86a90be23d48f3553dead9e2527876291ad2113bab9e8fee9e6a8b99
sunny-mountain-stations/0228,sunny-mountain-stations,train,0,0,0,2073600,0,0,,,,0.9188050985456792,,0.9595939352894836,,0.0,0.9808273677873605,0.4526942355889724,0.8472621347796664,0.9102092152892816,0.8410833082964934,,0.7865638008200057,,,0.22608200455580865,0.8509980287309513,0.9897348570436687,,0.8212052922361152,0.9427346053561421,,8fb67a7950262b0a2133f19fd631fd9df52f83e1660f0a811abf3e9d0982f269,f4c0dfc2948c51f179a4a80f4d4b7d2a14b8c5ced33c320220f787477a45e6d3,9e56ef8548ed2198e45ff1fa4a6fd612dfff5fbdfb061c2b4b428e508a021573
sunny-mountain-stations/0229,sunny-mountain-stations,train,0,0,0,2070011,0,0,,,,,0.5472103004291845,0.9640712246768058,,0.14145974416854779,,0.7491294975957553,0.9524803861488761,0.9868399980289255,0.8946648426812586,,0.7121893106622624,0.4003880983182406,,0.834338582462269,0.829542580989576,0.9912905379433127,,0.8430201627919349,0.9558619233611316,,0354800bf80455fa7680958e010518b436ea155dca8b0abbc8d1e10092f0661b,fc908e7e08e5cc665f4c59c11eadf28fcdf161bd566dd5bc31ca5349d4ad036e,95a41c48710824ebbd248cc0f9b61dc52d2ccce297289535577ac408df057d33
sunny-mountain-stations/0230,sunny-mountain-stations,train,0,0,0,2030242,0,0,,,,,0.7940966436562723,0.9123086734693877,0.0,0.0,0.9161927065908331,,0.8293298061941645,,0.8685972749816567,0.8469062479028253,0.7256445799833656,,,0.8229308791924164,0.9196689680436769,0.9843618205742434,0.58868818477939,0.8199743755168059,0.8924136279887995,,505099662669780df8408d783f6869cfd7b572910896d2c7b6f0e27c7432cffb,0f54a1615827a6cc63096a9eaf5bd58b3ed9758a76361bcee72da0187c106f17,f27b16bea8e8658bfbb4e4319df5378343f586b623917b2cdf62dbce147662fa
sunny-mountain-stations/0243,sunny-mountain-stations,train,0,0,0,2073291,0,0,,,,0.0,,0.964384638753373,,,0.9921895914097899,0.0,,,0.0,,0.46604441583521083,0.821020563594821,,0.0,0.9866152843220584,0.9957089183608521,,0.7481013957307061,0.9641840393733984,,d048231d419c08d7176eaceaa89f964709a5a5de28918f80af2d6d5cb56dc892,ac493ba00b218289c9290e59fc10ebc5e73442a5005678ae91222731a9f1a765,acccdb769a14aee3fac4f80b4389de6c07447b51bcae46e0d67bdd1376f8101b
sunny-mountain-stations/0244,sunny-mountain-stations,train,0,0,0,2068950,0,0,,,,0.8708702224141655,,0.9573352972912795,0.3835222162259399,0.5216400911161732,0.9046483909415971,0.2070295756536648,0.033444816053511704,0.8152769726739278,0.6305210399916467,,0.7732646888718225,,,0.8708948502685837,0.9483291174458252,0.9887211893103057,,0.7751375906351009,0.8966135962671864,,8d1edf47c4a0e099e6bac09702b9eb61358d689387405e5915c4b761311fb755,62634f58072805641c40889959a1644646ac9bf20776fc28c0eb907ebb26db45,9c2d059d5bf6b61c631c027c1d05176bf1c613b7be1d3fcd628cd000a4413908
sunny-mountain-stations/0245,sunny-mountain-stations,train,0,0,0,2073600,0,0,,,,0.8593003498250874,,0.8938924499190929,,0.0,0.877686752490509,0.5754060324825986,0.8828809564308799,0.6498075967079705,0.9551975240542131,0.8611133075037558,0.5987712348082992,,,0.5611428571428572,0.9381540449520953,0.9944343499966996,0.6953366642874137,0.7511448253892407,0.8012519692957463,,ede5e722aa51b1edf1b7f3550819d1fa7c743d02958fb765bf9233ccf1ea1020,cadf2ab9a2d6547b808e82099b83169aa947fb0617b0d25d7c012f3a84f18477,c85a1e0e69ac9b008987bc85647f84890ba72f2f0664179d2b474989f2856b6c
sunny-mountain-stations/0246,sunny-mountain-stations,train,0,0,0,2061103,0,0,,,,0.7570665829145728,,0.885296079272069,0.0,0.0,,,0.0,0.8693904735657526,0.8049639478181136,0.9554954204829309,0.3410339256865913,,,0.8845515953649294,0.9751660829141876,0.9885477763753805,0.7496307237813885,0.8536528476391367,0.9052480916030534,,90a65adbb644d54e42c7e51d5cebfa0b1e554d4d34f442db24481dcd7007c74c,8211f22cbe10bb54834c2a0f57f23d5612d3a7a8d288102d2f5c719f02078527,cdb40f7de616dc1681c2144410d2404c41bfde89c52d84d10b83fa02b070b83c
sunny-mountain-stations/0247,sunny-mountain-stations,train,0,0,0,2073600,0,0,,,,,0.8635941801022414,0.9621770546342985,,,,,0.2732042473454091,0.8116146310522235,0.9253883092709327,,0.535519709432753,,,0.8257725781718104,0.9702605924580671,0.9929468617245613,,0.8540875372810931,0.9597181592652438,,a442fff38da0ce40c7e735cd036d9ad22fde5c1909107105ed77bd798ca3f872,c5c7e80094cc032a92fa08b0b660de2231a9cddd7643b6d1c2df97dbdb15ba15,38e5020bb47d6c5bbe0cdd1e0eac5c496ff57403644378cb2f56c5fa36ffbe76
sunny-mountain-stations/0248,sunny-mountain-stations,train,0,0,0,2073600,0,0,,,,0.7254504354763646,,0.9775895082528374,,,0.8233381050993037,,0.9020537696143361,0.8968626812184395,0.948628633115903,,0.590807372946234,,,0.697989699818704,0.6721696654918692,0.9881389328903141,,0.877437400106553,0.9501346577861192,,c489b83cc8d5e13b9e9ee4f588ba23a86a21404337b41cc01afb90627630275f,1828c615b6f7ff9fa65e720ed3534d3325375ddada62df18c96577a26343ed35,0245b33ff80ca3a9fcd107c8ff8d5a59790a5d7b77194a25c1347556ac8afdeb
sunny-mountain-stations/0249,sunny-mountain-stations,train,0,0,0,2073600,0,0,,,,0.8233672190502715,,0.9774324309870905,,,0.9636697154212631,0.4214804565894154,0.0,0.8809693460439371,0.9260713335107799,,0.7474540700474781,,,0.6214274509803922,0.971915934557315,0.9894628716788484,,0.908322001631765,0.9455557226650624,,408760b135c0da743871d600304812e352ac956549d1987597238245735e8672,459bc06543c1527b8f31f3778f2304eca8cda8b56ce00177d1006117d7a4ed71,9422bfcfea1794bf5cbd6adcebc823f1442d33f437c0cf48164b9577e1a4585e
sunny-mountain-stations/0250,sunny-mountain-stations,train,0,0,0,2064289,0,0,,,,0.6200954400848356,,0.9874136229022705,,,0.971438687389028,,,0.9650724755138123,0.9690531002073781,,0.8459888131177687,,,,,0.9889648642004534,,0.8680281448429724,0.9200175653102344,,0956dd0c21f6af0a1387e957effd77c906124754c421ea783a885ae3ce8cf3f2,1a54313fd7aaffafd2aa769b53c139c749f29333937e07fd9220a885589e54d0,86c8232d62a956b864396036ca266e9b4ecd5be3351883b211965f70ee30400f
sunny-mountain-stations/0252,sunny-mountain-stations,train,0,0,0,2029299,0,0,,,,0.7433232169954477,,0.9427547743005229,,,0.8824312820935277,,,0.974874037409164,0.9251839196680729,,0.40836301640941336,,,,0.9318584419163091,0.9933355520654837,,0.8455278160015727,0.9795098487087845,,1749f26376edb32da712444c9e60186ff4bd29e1fed12a43bf0f659bf8e5a11b,c37061946bca614f0217b26c4987befc27e64f2bc1d0d90685762ea41c67810e,051981a8e71959eeb16066df98f3a6c27023045ab01ca519dce7b6e41e63186f
trackside-maintenance/0000,trackside-maintenance,train,96151,10488,2578,1979743,98729,106639,0.8803666095937446,0.9016494903365561,0.9738881179795197,,,0.98962698175156,,,,,,,0.0,,,,0.8803666095937446,,,,,0.9552075883615011,0.8365241853559428,,e41473adaa20b0dfe8eecc7e6000f550ae13c68770e4946667d4c938e7a89230,608d5152e26531f443e848f1ab03966ce4ec96ab2768c3ee09bd3bac6d538107,ee8d5e0ce270e355f3e802c8b907ebd431989c0dab0f658f0092e84c994908d3
trackside-maintenance/0021,trackside-maintenance,train,1278530,34945,33117,742075,1311647,1313475,0.9494561084574986,0.9733950018081806,0.9747515909387205,,,,,,,,,,,,,,0.9494561084574986,,0.9841569155652833,,,0.9043197845423296,0.8947444558566118,,f193c1a096a827f7ac610c2dfa2ef5244731e66842755d4d9a52dae046fadeb1,3cc3a810432c2d42f2e1b1d81348e5530c70ad2520bc91739596cf667ef7070b,2e9cf0de134ae9f491cb630f2b8130ac79508b5ee3f83a1ef1cacb54219f1327
trackside-maintenance/0052,trackside-maintenance,train,1167467,14952,10035,896214,1177502,1182419,0.979045732581718,0.987354736349805,0.9914777214815771,,,,,,,,,,,,,,0.979045732581718,,0.9806438604744943,,,0.9447100298510721,0.9834272795551273,,efc1a697946924df5b504e34114d2f5a5bdaff8ab191a9dd2c8d978a19525204,d7c67dfa30ada59632dc54a7ee5807a8e61a421646642ee6822c51b526280b84,bc3020b31ce1f533ad23daf4ad0cd24f2f4229c62e036358457507ede37fdff6
trackside-maintenance/0055,trackside-maintenance,train,1173088,56531,7837,851504,1180925,1229619,0.947983605073635,0.9540255965465726,0.9933636767787963,0.9486429258902791,,,,,,,,,,,,,0.947983605073635,,0.965878937345862,,,0.9447716671173607,0.9058718766258889,,28f3b3d7bec0bf474a3fc09012c7f4ef1b0b5a4e37e51acf00fbc5bea657569b,7b23c5e8ffdcb864899f2b44e3f35d742c5fa4f4a7b41a710d74ec6204039136,792dd7c4c2a29f6edf62b728b819a1e8dc2e1e7bce59440633d0eb4121d949ed
trackside-maintenance/0056,trackside-maintenance,train,1048375,64369,28183,946291,1076558,1112744,0.9188799984573948,0.9421529120804066,0.9738211968142915,0.9617546104266838,,,,,,,,,,,,,0.9188799984573948,,0.9674403979189298,,,0.9224993133166627,0.8626546420762884,,ecf8e84d483b920ff62e729b88a34b2e02bc43b25ba2201f33a1d1233e98db4f,71ac374b6a05e5b030909b340d8dfeaf290ad55a7d2193361ea9ad5698cb1afc,dc43c08b9fe49a81d575a6b9a4962c6feb638eb85f8395cafb75634dc2a27974
trackside-maintenance/0057,trackside-maintenance,train,807027,2033,2253,1277242,809280,809060,0.9947172053202648,0.9974872073764616,0.9972160438908659,0.9638592436498765,,,0.3103728446330234,,,,,,,,,,0.9947172053202648,,0.9717626133602207,,,0.9768516395322174,0.9848750390127962,,76a244cf235702a8709bcd5845224a9a5785c3cd791a1fc89b4d54cf065746b8,c6a6ea3d247a64e8a78e7264e9e5bf9070735b251f3b1498e53ceeb2d9a5eece,78827c9581743f71faca0b0aea29b202965c72a0c58239955e8b1d858257a4b6
trackside-maintenance/0058,trackside-maintenance,train,1312264,17633,15845,743218,1328109,1329897,0.9751230176363671,0.9867410784444209,0.9880695033314284,,,,,,,,,,,,,,0.9751230176363671,,0.936739006473686,,,0.9335162044873965,0.9630084219613331,,527bd4c6f5b48a8fa052db415d684acdb3dcbf8021025486fa219182ad9059ba,135090e121d0df3d05d16ca027cf3a9280fcb288b8d5e5c4b535ae20858a57bb,e7bc74853f31f5b9f5073b4fa7a412a49bd13ce7d1e0d6fefc1919d7c6faa535
trackside-maintenance/0059,trackside-maintenance,train,1226682,10982,27525,823742,1254207,1237664,0.9695642311148769,0.9911268324844222,0.9780538619223142,,,,,,,,,,,,,,0.9695642311148769,,0.954726119830662,,,0.874689393905105,0.9774957348736404,,8f38d8ecfaf13ea9265b15f72d8c2a5f6320df894c563c0277971f5a71223076,51caf95e4def10813bd0f02b5d94ab8f9ddcf77d3b4125ae347e9e88f0e70034,5ff7325dcb6e300fb05d733423f98534607f74f06e6359109ca791d7ef39404a
trackside-maintenance/0060,trackside-maintenance,train,1397122,10524,15053,666261,1412175,1407646,0.9820221986519988,0.9925236884841786,0.9893405562341778,,,,,,,,,,,,,,0.9820221986519988,,0.8400535833891494,,,0.9618027706547074,0.9569257022142621,,af2519b33d6b5f52478d8c41669353834cbc46bda125e944b6f0f559e55e7d51,a1ed253eef60a1b41a1f265e34bb48ebce8b527eb2c22c4dfdfd0244558ab6a4,b91b57af7bbdb21c37b267a6d30e73438c40d9084222a1a640109fe767fde16b
trackside-maintenance/0061,trackside-maintenance,train,1662998,20376,5757,399829,1668755,1683374,0.984528731045727,0.9878957379643502,0.9965501226962615,,,,,,,,,,,,,,0.984528731045727,,,,,0.9533753999026965,0.44821428571428573,,8bdf064f89bd89d79af62f1c4461b3024cfa2110a8194ff5044d74f7f592fc74,a2d3dc8b57ca001020539c453fd25cc135c52f4e3a1b7e3782882c0642be1d36,34f8883aad08c4951f15b4d7af1b516eec0f8cebf5e275425c03b136bfb79316
trackside-maintenance/0062,trackside-maintenance,train,1900577,7026,2484,178096,1903061,1907603,0.9950211691928169,0.9963168437038524,0.9986947344304781,,,,,,,,,,,,,,0.9950211691928169,,,,,0.9493086575056234,,,6f1c22c5a26f9c6f9349d1b7472ea93537d6383a9cda356167f51397f8e8f989,8b6b3404dcee61dcef88a2efe10d1c664ce76c5c90f08c90a160e1881b9c7ba9,690fea1e7e7eae024a19005b96b023f96f234911af8c51265b73cfe1c812adb4
trackside-maintenance/0063,trackside-maintenance,train,1329729,21306,6813,731112,1336542,1351035,0.9792914965445322,0.9842298682121484,0.9949025170926166,,,,,,,,,,,,,,0.9792914965445322,,,,,0.9418139566758664,0.9784577678687567,,f25b27c24e3ff91436c5e3877a5df281c4dd826a5c70266f8b58faae4174a2e4,f404f535862173c8b8688fb06460f4e3b4307973ba3453d76a2a74ed1ce29373,0b50f9744becfeb3a240b89755bc062404ce35e791cb0d4308f7c3d5ad76d621
trackside-maintenance/0064,trackside-maintenance,train,367435,30377,14113,1677035,381548,397812,0.8919949019845845,0.9236398097593839,0.9630112069778901,,,0.975944836535732,,,,,,,,,,,0.8919949019845845,,,,,0.9619258806469023,0.7279883658436344,,40ea4a91bdc724c6898236dad7394cdb56c3f9eff92be4c2d3cdc31bac221ba5,8cf27ff8c967f94b6ce773a71a3e75cdd9d3bead6550b3d272103014e8ccae9c,ee4e26c8a39a3fea1ecd28727b2f4e24bbd28b22dc3ddf5d65b34c0edac7b6cf
trackside-maintenance/0065,trackside-maintenance,train,1331697,18909,10043,728311,1341740,1350606,0.9787219187314289,0.9859996179492762,0.9925149432826031,,,,,,,,,,,,,,0.9787219187314289,,0.0,,,0.9552915899145533,0.9665742325962721,,f03f57e248aa7907bdc8f6d9dc2d77aa18d6bd0c9408c1035bef8a148a559b79,c6eb3a0619930aa14ed66cc41633d3632df51fbd1eeb2b2d5c2a7d4933429313,4f179810ee5eae66cef04168ff66a36c9e6083abe860957f00a0834d59439370
trackside-maintenance/0066,trackside-maintenance,train,1292185,21786,5827,769162,1298012,1313971,0.9790778588844656,0.9834197253972881,0.9955108273267119,,,,0.0,,,,,,,,,,0.9790778588844656,,0.9588672546735453,,,0.9457110086337605,0.9696565554684391,,6223c858287f0677fdc6d3b7cc8038c3ecc2f0d657d409ea0818439bb88d0fa5,d3884b710501411f6f6b15febc4e69affad923b6dee90f38d67b046fdfa35666,2f9b380c90401bb2373213831b57cc872fdbc8bed8f45b016ccd227ed4fb99f4
trackside-maintenance/0067,trackside-maintenance,train,846506,11095,11267,1220092,857773,857601,0.9742630641248152,0.98706274829437,0.9868648232108028,,,0.8779443254817987,0.5317460317460317,,0.9470835410583291,,,,,,,,0.9742630641248152,,0.9826278073191209,,,0.9502074038471585,0.970110338573156,,0500732a4422c6db9e57d541c1a7f0c06c3e10fd30ca7e04d1cb512dcd29b739,31e1a531c8bacd76bd03d1630b16b65d83c1b22e86c7d094e48509567df280d7,51a026e07f736f2ef9ded73d47b432f1c9f04bdb237cd6ebb0fee3bcfca7d6ce
trackside-maintenance/0068,trackside-maintenance,train,1042314,16108,11787,1018751,1054101,1058422,0.9739349977434314,0.9847811175504666,0.9888179595693392,,,0.8949476278496611,0.4087403598971722,,,,,,,,,,0.9739349977434314,,0.9729741911638766,,,0.9455672583964008,0.9639079944761911,,2002370858caebe870952bed7a32a15d4c1e010a5b718f1e3c6e2a619ef1550f,f630baf409c8fa26b7d8c7049cc4ec4ab2d5780809fe481c6ff0414a1752009b,d7c198021d4df7805baa93c412e31760be7afc700bb00c8e90325b0947e18b73
trackside-maintenance/0069,trackside-maintenance,train,1782815,7641,24021,274483,1806836,1790456,0.9825503437078563,0.9957323720884512,0.9867054895961781,,,,,,,,,,0.9567613787365818,,,,0.9825503437078563,,,,,0.9572242660318835,0.711263816883498,,f29f28360c7637a0569445615e72587d568ec754c219c552470709afefec21c0,9004352091a51ef231b51d3a96e9c590f364538a5c6d5c05d1c1cbd61935bd8f,f80aceb5368637b4e0454bd76aebd97233e5301cb95e548cffdff78fe1c4a587
trackside-maintenance/0070,trackside-maintenance,train,1868553,10419,6694,203294,1875247,1878972,0.990924691859534,0.9944549466410356,0.9964303369102844,,,,,,,,,,,,,,0.990924691859534,,,,,0.9519181834916028,0.7694182235791714,,8da8ac7ad697e79d43107c8ebe4903d9b515079f50e3b43f871cbcaca0df5d1e,fc37c78a2230c5c8c971926e1a494ea03d9ff1f1d5ef03a91ddce40348295058,4506af4dc65e0e6c43a1afd1d44b9e948ffa531f065b70bffc412d6e239c922d
trackside-maintenance/0071,trackside-maintenance,train,1675336,2760,7460,403404,1682796,1678096,0.9939367188037657,0.998355278839828,0.9955669017516087,,,,,,,,,,,,,,0.9939367188037657,,,,,0.9752915691545945,,,3722b3d81a9495d0186d3ce92ec994c7f10c979ce8ebf1d78a787043f819a9f5,b67b6c1fd6b1b376e5af96480d72e2c49eda9b71209418decad92c770b5024a5,1a28dc38034c4f5bcbcf9450127e1ad17695a3ea53fa109e4395246fcdeb66d0
trackside-maintenance/0072,trackside-maintenance,train,1609579,10998,7152,461231,1616731,1620577,0.9888494952169556,0.9932135282680181,0.9955762585117747,,,,,,,,,,,,,,0.9888494952169556,,,,,0.9621386746658712,,,190287f82f43182bf0e583f603971ce568382ea6cb8bd6655a8483c3dd9de73a,ed7b67bd4cb17da870d4d1c71e483046760415f5abff5f935a882ce1e78f4a58,a22a080329b8d358392a1ca3fab80822b024c42f7ea719879ef8290b1bb5006f
trackside-maintenance/0073,trackside-maintenance,train,1551456,9339,12846,515319,1564302,1560795,0.9859021212589149,0.994016510816603,0.9917880306999544,,,,,,,,,,0.9081206778015934,,,,0.9859021212589149,,0.020754833528939403,,,0.9419266763665104,0.7172952331917449,,5652f16f45d364803ae0cb7862cfd6866fbbefdeeefdf76929de1dbf58fe7814,776ab1d9d39e30450e3cb98591c31188fa38dda21975a58e3b3269ad48adbff8,e2beada0286887b93198e53a9e3248cafe04356480b11f790c957909dd923a98
trackside-maintenance/0074,trackside-maintenance,train,1317781,15912,28510,726757,1346291,1333693,0.9673895887764159,0.9880692183283559,0.9788233004603016,,,,,,,,,,0.9221897442846357,,,,0.9673895887764159,,0.6896291304549891,,,0.9448340064160522,0.7176814922522949,,093b845a2d8a639e83ffa1ecf5fde92d921664c2417e66a25b10d3dca8f6d55f,f7283dc707378e69d703aef147373bdcd064cb957f41e1765d75f9806d2293a0,2ce66ac539ad8605a524d23a80b5cbe5f608664986b7ad939d87bc53585a6da6
trackside-maintenance/0075,trackside-maintenance,train,1494646,15225,13232,565857,1507878,1509871,0.9813164309964592,0.9899163570927583,0.9912247542573073,,,,,,,,,,0.9459908942936001,,,,0.9813164309964592,,0.0,,,0.9566242165486137,0.9105070123158355,,03904f8a2512daea1c39d2cbdedf3303eb95dcf456e4adbc73e729eb2d9aca10,718e6fd45e2e42240aee648e4e87a0092a7553e48a752f65433e382eadbfffee,5de5db1f4e7bdcda057cdd68b3aa0f3351f01143f02081fd8e32c4d36be12284
trackside-maintenance/0076,trackside-maintenance,train,1615752,7467,4498,461243,1620250,1623219,0.9926492135917976,0.9953998813468793,0.9972238852029008,,,,,,,,,,0.9703606441285602,,,,0.9926492135917976,,,,,0.9762234738780998,,,2c8539da08f1b6584a3d127fd3a5f5050bdc5350404f6d4739a5e44dc6d6e78b,b0a5d9f1ca8e3700479bb3fd590e0e31fd80eb007671997450e69cea9e96069c,709f315882aea1f2d819fde91c68aa6356ed89b9011ddc68778c13edadfc403a
trackside-maintenance/0077,trackside-maintenance,train,1270601,50979,5926,761454,1276527,1321580,0.9571339037262355,0.9614257177015391,0.9953577166797098,,,,,,,,,,,,,,0.9571339037262355,,0.9364771151178918,,,0.872051313229572,0.9578713163144166,,845a1cf210437b2039d48232df6099976b3cbf2a66266f2948cd84e0e8dd1a89,db1147ad0f9aa22d2101b8b087ce2dcca15710e76e651244fdb30f75aeb1348f,7bac2fe1f452a9290fba25e93e5893580a8a6e99573befe35d9ef1f3df82687d
trackside-maintenance/0078,trackside-maintenance,train,1290465,18549,6267,773679,1296732,1309014,0.9811325488621823,0.9858297925003094,0.9951670815557879,,,,,,,,,,,,,,0.9811325488621823,,0.9006760270410816,,,0.9370445236448748,0.9774580758729056,,9072ecd1d6bd9a6ade7bbf9d4ebfe4912556baadda2bae4e1a66249b89915dc1,5ee5a7b2559e29f59042063b25e69d22cc7635dcfb1ccedb12ca183a2172add3,e3f065b0b4afb4eb8f13ada0db45f383b5fd5859f4b2c22c7a2505fd094b59b7
trackside-maintenance/0079,trackside-maintenance,train,1305781,19955,10869,752355,1316650,1325736,0.9769385869422904,0.9849479836106133,0.9917449587969468,,,,,,,,,,,,,,0.9769385869422904,,0.9353697369972874,,,0.957781393285017,0.9546594743653318,,7245d072113222a13b028579251a425ef833a8850f977f01ffb13f42c5569754,196f7161bb9ef2af0e3ea14b4f939200a99ce0ea7a60d5039b4f22522718c58a,f7237fa7f9536dc20a0dee699845e4182470091d1192b7f5b71f0f0a483f839a
trackside-maintenance/0080,trackside-maintenance,train,1190440,25371,7235,865914,1197675,1215811,0.9733403322524256,0.9791324473951954,0.9939591291460538,,,,0.0,,,,,,,,,,0.9733403322524256,,0.947071404370659,,,0.935763533615628,0.9616826892755138,,045d4791802edd4766cb20165f7f89e48500708e9eacc4fb3176b9cd89733d49,72915e72ba77b4a35ec44c0cd9aadfe5a489e09dcf8bf4df59f3ca3ef7ac9e26,9877cdc2593937631695917fc1ffed53b2f018719f75aeee666d5378d6dad69c
trackside-maintenance/0081,trackside-maintenance,train,1371025,13135,15860,688940,1386885,1384160,0.9792895815774061,0.9905104901167495,0.9885643005728665,,,,,,,,,,,,,,0.9792895815774061,,0.9582981517966038,,,0.9587830598086223,0.9562929890189453,,eaf74d01f4f349885d90aff52c367596e2cba944e49a7b0feffd851b79a71ea1,e7d19f949be6c72d26980869fabb339acd375a65015bcc000bb7ea609efc0558,2a379c07ce60b01763d2c95c51a27d0a1f207a72e57f78b4ba181f32a9508340
trackside-maintenance/0082,trackside-maintenance,train,602541,49299,40154,1396966,642695,651840,0.8707315381347237,0.9243694771723122,0.9375224639992531,,,0.9582677676127661,,,,,,,,,,,0.8707315381347237,,,,,0.9585545877884152,0.6709115171084497,,65b79e130b09b882fa33f7676d2436a802b097d73fc606fa0428a40aa7592ed5,a63aebc4038689fc219bba17b9c67904c70eae12e7833a0e436e0aa12bdbfcaa,3e684240a3e7565295399bca8faa6ef65dae94a01d8480a29842953e58e2f78a
trackside-maintenance/0083,trackside-maintenance,train,1591495,11008,5979,480478,1597474,1602503,0.989439110913271,0.9931307460890869,0.9962572160798862,,,,,,,,,,,,,,0.989439110913271,,,,,0.967778673301328,0.9615987511369427,,f93539c0825969b6f96f386dbaa98f06caadbcb1d80a39102a077ace90560d5e,eacd1a0cdf15d5e49563452c6d7003c31113591a4df0d81eaf61105edab0d64b,04bc7d371d9392073f03c710ad0a58873c436de1c97f0ee9b4669006020e90a5
trackside-maintenance/0084,trackside-maintenance,train,1392867,25107,6882,664104,1399749,1417974,0.977549310246088,0.9822937515074325,0.9950834042389028,,,,,,,,,,,,,,0.977549310246088,,,,,0.9765957780619249,0.9410117899346918,,78b655ec93b0e9575d9bf363a03233ad6e48a40c1e428e86125f919cccf38ced,ac028f7bcbe7ad92f61055bc538a75e3ad911ea17ef8513a38a275c9758c465e,2b9b48bfbc1a8db6a1b70e28b0c5cf2bd93f1026eb59dc756eac9df35d778353
trackside-maintenance/0085,trackside-maintenance,train,1321146,18925,5056,743833,1326202,1340071,0.9821719436157329,0.9858776139473207,0.9961876094290312,,,,0.4628712871287129,,,,,,,,,,0.9821719436157329,,0.7653221581980094,,,0.9632998538382221,0.9705623377791349,,1fe7cf2ae2eef9be85f098226cc6e927e226f7e34a356079eaf30f81a5517c08,a964b223ce70c0ddfcfc63a7116d136b72dbabc8a5bfb3c71b4a8784a89ebc9f,f13e18e4414ccb360af89b8d8eae238b8be34469e1d89d44067f794256708135
trackside-maintenance/0086,trackside-maintenance,train,847554,20721,6813,1213872,854367,868275,0.9685357358345675,0.9761354409605252,0.9920256751489699,,,0.7807289185326346,0.42207792207792205,,0.9377508136632224,,,,,,,,0.9685357358345675,,0.9741360956320064,,,0.947344716848124,0.9616839340657662,,9db552632140a4fe745fdf61a0d0fa31fc4952af06addd32095a7c1372bb9d8a,48e0f42fd5470fdf74ebb3d8b15d9098a05ee9adf3541431ac1b7a9fa0e062d9,d5049b9d692482c551afd4ff5f8ad40093d591e8eed066ee6b25034ac5c8c481
trackside-maintenance/0087,trackside-maintenance,train,1018178,25850,6127,1037927,1024305,1044028,0.9695502092548243,0.9752401276594115,0.9940183831964112,,,0.6497118155619597,0.5125628140703518,,0.7202554942080762,,,,,,,,0.9695502092548243,,0.9833101284785253,,,0.9570881525137799,0.9558388004993492,,95207ac84f3acc3ff5c55764aa554bffc9f0a32f4cab08eaf951e2fe43877d51,587b26c9e34a988459b083e4db74f236062e3ecce661eb481c45f1084fd9f4af,fbf8a5bbf976aa16b56abc1f0be00045e6217f22f1337632a5f286001dab1ec3
trackside-maintenance/0088,trackside-maintenance,train,1049486,16125,6915,1016434,1056401,1065611,0.9785180032931603,0.9848678363868241,0.9934541902175404,,,,,,,,,,,,,,0.9785180032931603,,0.9719851692282199,,,0.9501867844706365,0.9705628992833124,,d725e1c7a0e34cdd9a85ca766c2f77aae4456153fa89c7ec4ed4903841bcc25a,d8588ac0e324f990fbff92d6ef4ea35638073f169b1c3a29eb0f763ca8158eea,a0b89855b2b965bfb3a40d8f9109417d9d74a8cae137e017904bf3600d33bf8c
trackside-maintenance/0089,trackside-maintenance,train,1342234,15504,11709,719513,1353943,1357738,0.9801284752166386,0.9885810075286985,0.9913519254503328,,,,,,,,,,,,,,0.9801284752166386,,0.7077244258872651,,,0.9590186033971421,0.9663605429208685,,0055dcf9f3b23337c4d0b8675c5c94dc530eabdf296e211580d8631bfde63237,3fa143f99bf6e20e136865aa3ed2add68b848b13c63f491d183a418d2b345cb3,f8e7090748c062c1212c29f6df0cbb82df182dccedff3981338607f8a5923f27
trackside-maintenance/0090,trackside-maintenance,train,822492,15799,6449,1244206,828941,838291,0.9736629021947582,0.9811533226528735,0.9922201941995872,,,0.8103095794392523,0.2050837666088966,,0.9055669215031765,,,,,,,,0.9736629021947582,,0.9830261465923703,,,0.957625306977981,0.9679434393053037,,0a5483a0127931090560f2cb06532b9de62ff8978b5d2d75fc73f10c9e628fb9,bdacebbf7725f3ad965f05b99232ec789fc6dd5801ffb98aa2a88920ad1db2bc,6bad70f7003b273135241a8ff2aac15955e6ab91f6bfe8fc8077ceb0ba7a4c43
trackside-maintenance/0091,trackside-maintenance,train,1008017,14704,6141,1059894,1014158,1022721,0.979739751298036,0.9856226673745822,0.9939447305055031,,,0.8494775487150522,0.2900976290097629,,,,,,,,,,0.979739751298036,,0.976284137540682,,,0.9693207335723524,0.9702035262716243,,140a0439c3c000cca0ab1e8fd90ed6598c8fdb0c15a7ebf645bf70366d6dd90b,fd9fcc64d607952b1ca4b32b253c900c3b6c42ae47ad9a118acf78aa6132ac62,69b3ebe7974ef99989b8da7cc03b8c4161b5c33ecaf9d365d635b53eb55e9651
trackside-maintenance/0092,trackside-maintenance,train,1302533,13949,10069,762409,1312602,1316482,0.981894401346047,0.989404336709503,0.9923289771004463,,,,,,,,,,,,,,0.981894401346047,,,,,0.9523993376004763,0.9758771968200248,,b46f2ac36452a0a15ac8e7c69746492ff0b596b959f253d1612c3db9998b2895,ca30dbb08d9fb0e4fe8996fe88911e453cc3bca799282014ced559432b824f51,845080e494d3396efcc9d1707dd17046dd55f2f7fcd738bb0be11bf671d1ff4e
trackside-maintenance/0093,trackside-maintenance,train,888799,15798,5023,1178909,893822,904597,0.9771102218508828,0.9825358695640158,0.9943803128587123,,,0.8621381964196085,0.5652173913043478,,0.8633168835053088,,,,0.0,,,,0.9771102218508828,,0.9812015003162781,,,0.9479732708814081,0.973641450467465,,6259e3456d036d7371c800562ffea682d470ccccfc442c166f67ae5f354b645f,84941b6b7aa17a3e2407d6f073b2b43d7c36ff43014f7ec679d58cf5431ed076,73ffc21eaf83bc5d3c40d6561058a126470264bb09ef86fb99c3a758adb26e34
trackside-maintenance/0094,trackside-maintenance,train,1028113,16878,9399,1033433,1037512,1044991,0.9750784813968266,0.9838486647253422,0.9909408276723546,,,,,,,,,,,,,,0.9750784813968266,,0.9696952132032123,,,0.9555811473661762,0.9663117774662252,,e0ed8f532604e6e6555ff2fed40abf4191312f80d30033f9f5891f116ab17ef9,7e4ff407e211370343392cbcdbff2b1388d8e1979cda20ce09bf6f00dd9def79,e035ccbbe4d4e5aaf26b05f0ac7f13aedddb65a79819ee87f80874c4c8c3acbd
trackside-maintenance/0095,trackside-maintenance,train,813578,8432,12701,1254249,826279,822010,0.9746822552955454,0.9897422172479654,0.9846286786908538,,,0.8620963893749006,0.1913312693498452,,0.9672067983817454,,,,,,,,0.9746822552955454,,0.9846547426518057,,,0.9628535609404248,0.9640366941789384,,2c0673f9062a1f999a14ea9f32f3a730731ead900fcdf51751a187ad746dfc7b,e2149e1bb2a9cbc2acdbaf0b9ef76ebcda214853f1f5097dab8ec69174e4aad8,8d2be9ba2d60a34fddf15b1f003ebffe7574320f3392cbb35d5b60973e010889
trackside-maintenance/0096,trackside-maintenance,train,399386,6357,7785,1675025,407171,405743,0.9658015902188002,0.9843324468937233,0.9808802689778987,,,0.8342724560822009,0.0,,0.9705780659103187,,,0.0,,,,,0.9658015902188002,,0.9912914697377554,0.9740815866576515,,0.9403691603271886,0.9678584893804197,,4c21278ae3f78bf40f512492d07dff5fe47bcd04749b1b5bbb976b5f139f1b63,0bdeb500a31ea967c4b9b29ff432f98229b20b9b969b3a7a8efa595fe61979ce,07a1fe4c8db1d728a6179e4d7bab26d938ee65ae475d9e81b777927ba69f1b47
trackside-maintenance/0097,trackside-maintenance,train,1547703,7810,11092,282412,1558795,1555513,0.9879344186952039,0.9949791483581301,0.992884247126787,,,,,,,,,,,,,,0.9879344186952039,,0.887515762925599,,,0.9507813192734516,0.0,,069e56fc048051d80ef3d6c175598cb6a1df2596f82c85bd8075f4b88100565a,4dafdc7299c42b3fd729bc5fad69b105505ba91c31b992ed39c8524ab26e9327,be1d6cd9e776eb50fdaec16a6f5b964d7958983de1feb7594faa11e4b9cf1d2a
trackside-maintenance/0098,trackside-maintenance,train,1730524,16382,6382,335672,1736906,1746906,0.9870163943402339,0.9906222773291751,0.9963256503230457,,,,,,,,,,,,,,0.9870163943402339,,,,,0.9364907542769142,,,fc04d89f6819407752a53d790ea973fc002344aa19eadc04b345225545c7ce53,50b458614c96f982cdd8a232cc68c34b8a13e26c9ea30e839f0bb3d3f75ed0bb,7b7111d1ac17fccb30a52f9bcc72ef75846b7e384921240a3f3b9980eddd748f
trackside-maintenance/0099,trackside-maintenance,train,1286276,18573,18610,765501,1304886,1304849,0.971904683106919,0.9857661691122881,0.9857382177446918,,,0.5167958656330749,0.5971502590673575,,0.9569437091935769,,0.0,,0.0,,,,0.971904683106919,,0.9903050028958552,,,0.923158223439264,0.7766584630481059,,34c0bbfd58571e1b86214468e7824979e09367e8aa452150512daa459ff8c186,0553959daf6ce869735cd945b60890b3ab439a1579cbc8fe572569200304aa26,79f10173d071ced186cadc43c86888cd2b5aaef7b6b49479176c2fe6085d6c92
trackside-maintenance/0100,trackside-maintenance,train,1124445,14582,13293,347201,1137738,1139027,0.9758096709247431,0.9871978451783847,0.988316290745321,,,0.9319937620823722,,,,,,,,,,,0.9758096709247431,,,,,0.8141319091217362,0.9462020079435128,,295de469c85a2cbd063ed52a760230d5847fd6ca3ec792d4228e881a1fc88163,f5b03baa6b4d5ea3f09082ebe6520174de0c27be86a86a96401a87b00c959c4c,9ab0675d4102e0cc114071ae98fb37a8c9f8dbb199369c69f9017beccd6d96d2
trackside-maintenance/0101,trackside-maintenance,train,422271,7621,12682,223426,434953,429892,0.9541251858446271,0.9822722916453435,0.9708428266962178,,,0.7338662507311366,,,,,,,,,,,0.9541251858446271,,0.9497607655502392,,,0.9404371239850225,0.8990677106804867,,f18cd13f8be6e6da511d8cc5f6ff2f0e8e5ffa3cdc730d55f0752e075e4be9a7,2053724e9bccf33b2605685548994cd45b4e42ce9eed6263ab94fd76ac8b7402,c82503b7c1a547cbb15aa1c720b03d2e8a641b30aa446a9e42ad6ca124087764
trackside-maintenance/0102,trackside-maintenance,train,379849,30239,21347,1067822,401196,410088,0.8804315829731014,0.9262621681200133,0.9467915931365218,,,0.9600806024649209,0.048928685641189636,,,,,,,0.9823421370435319,,,0.8804315829731014,,0.9062382002821996,,0.7640016548585613,0.8994519449271487,0.7542038259922391,,d32849c8bde9dd413c6d0ab82ca84e62323fed3319cfb99825a11f91ac7baef3,16725b66e3177e4058bec98d44bcd85e2a17929f45e24c0a9596f58d4fc0420f,e44ac908c3ed140d52933c60fe71cebc40ea9f76b08e6ec1b8175c916a0cc163
trackside-maintenance/0103,trackside-maintenance,train,727185,46190,57002,1258583,784187,773375,0.8757287352612126,0.9402747696783579,0.927310705227197,,,0.93500334637134,,,,,,,,,,,0.8757287352612126,,,,,0.9726708383819941,0.8104847915613034,,bcd725f20e45aba176964b9c6318633c2f7a70f7664784eb0dfc98abf0940141,832b0e6356d68f26976e3d7922d3b08c241fb1ce86ad33ae4f971af5515c330f,71012a3e19be4b79a684ea9493e06309d10ee6270a9cf70287bdc9aff159c8e6
trackside-maintenance/0104,trackside-maintenance,train,129847,3647,4256,284651,134103,133494,0.9426279491833031,0.972680420093787,0.9682632006741088,,,,,,,,,,,,,,0.9426279491833031,,0.9908597401117064,,,0.9640163147037054,0.9232949493153121,,8af545cd5a93e866ceeaf9e8b89657bd1753fb543ecfc98e2121144440cb5e5b,38d8338d1cf13856f69f9d6bf5678bbe6767d870b9c6d44089b654888be7a538,9e15dad7896128e087c70133969db7171fe4c3bbd22fc02402a5c03d49fc0897
trackside-maintenance/0105,trackside-maintenance,train,202452,10503,4326,569151,206778,212955,0.93175197095006,0.9506797210678313,0.979079012274033,,,0.8195459118946585,0.9394537930090977,,,,,0.9941540392719448,,,,,0.93175197095006,,0.0,,,0.9517199462792498,0.9503453252718888,,d1ad562afeae01ddb70bc66ae877af92f08918967c215ffefec2257c3ad76fa6,c81174649f12ca8f38a2a5768fc715389902ca51ae6140ec8217629ad50b6eb2,53db7e7e1ea4d6cee01040d13b103f15005991bd23bbb17f7ef9338f116ad1ad
vegetation-worksite/0262,vegetation-worksite,train,0,0,0,2073600,0,0,,,,,0.9709069852969945,0.8978783109914488,0.6750722961249277,,,0.0,0.0,,0.8363413888039156,,0.2675533955748817,,,,0.9771060997461617,0.9938630198232163,,0.6605096144738088,0.9336343160118799,,54396730a7d632e6ac164891ed59aa4b248397c4bff8ad0524ee051361535740,ecc4df5204120b6d832dfe643f5cf2ece2d746710ad731c9c0b70f45d3c1a90e,624f70f961e1251466250748c49381b8afbc9edcee8fcb4c18d89d8cf54c6422
