phase,attempt_started_at,elapsed_seconds,device_used_mib,gpu_utilization_percent,board_power_w,temperature_c
training,2026-10-05T22:49:42.397122+00:00,0.393889419734478,0.0,0.0,32.77,40.0
training,2026-10-05T22:49:42.397122+00:00,5.777641765773296,0.0,0.0,32.53,39.0
training,2026-10-05T22:49:42.397122+00:00,11.130980044603348,1107.0,1.0,83.08,40.0
training,2026-10-05T22:49:42.397122+00:00,16.517627455294132,1157.0,0.0,81.13,40.0
training,2026-10-05T22:49:42.397122+00:00,21.92881305515766,1123.0,0.0,83.04,40.0
training,2026-10-05T22:49:42.397122+00:00,27.257775649428368,2755.0,0.0,81.03,39.0
training,2026-10-05T22:49:42.397122+00:00,32.61102132499218,7191.0,0.0,82.44,39.0
training,2026-10-05T22:49:42.397122+00:00,37.96244491636753,6443.0,96.0,182.81,45.0
training,2026-10-05T22:49:42.397122+00:00,43.36252708733082,6035.0,0.0,92.75,38.0
training,2026-10-05T22:49:42.397122+00:00,48.76468279957771,2527.0,35.0,85.8,38.0
training,2026-10-05T22:49:42.397122+00:00,54.148413456976414,10479.0,92.0,288.39,46.0
training,2026-10-05T22:49:42.397122+00:00,59.540844328701496,10481.0,99.0,277.32,50.0
training,2026-10-05T22:49:42.397122+00:00,64.93614889681339,10481.0,97.0,285.55,51.0
training,2026-10-05T22:49:42.397122+00:00,70.32894821465015,10481.0,96.0,279.24,53.0
training,2026-10-05T22:49:42.397122+00:00,75.7105824649334,10481.0,94.0,296.81,54.0
training,2026-10-05T22:49:42.397122+00:00,81.03204909712076,10481.0,99.0,294.88,54.0
training,2026-10-05T22:49:42.397122+00:00,86.4162469804287,10481.0,91.0,274.5,56.0
training,2026-10-05T22:49:42.397122+00:00,91.76535810530186,10481.0,93.0,285.58,57.0
training,2026-10-05T22:49:42.397122+00:00,97.15664552897215,10481.0,93.0,260.7,57.0
training,2026-10-05T22:49:42.397122+00:00,102.54936284571886,10481.0,88.0,292.07,58.0
training,2026-10-05T22:49:42.397122+00:00,107.9354642406106,10481.0,100.0,264.14,59.0
training,2026-10-05T22:49:42.397122+00:00,113.28636868298054,10481.0,86.0,290.48,58.0
training,2026-10-05T22:49:42.397122+00:00,118.69159571826458,10481.0,96.0,265.19,62.0
training,2026-10-05T22:49:42.397122+00:00,124.1120072081685,10481.0,89.0,271.12,61.0
training,2026-10-05T22:49:42.397122+00:00,129.4933892711997,10481.0,92.0,289.6,61.0
training,2026-10-05T22:49:42.397122+00:00,134.87856072932482,10481.0,92.0,272.2,62.0
training,2026-10-05T22:49:42.397122+00:00,140.31589376926422,10481.0,90.0,286.09,62.0
training,2026-10-05T22:49:42.397122+00:00,145.7151780948043,10481.0,90.0,301.38,62.0
training,2026-10-05T22:49:42.397122+00:00,151.06902070343494,10481.0,97.0,290.76,63.0
training,2026-10-05T22:49:42.397122+00:00,156.45482477545738,10481.0,95.0,289.39,62.0
training,2026-10-05T22:49:42.397122+00:00,161.8651744350791,10481.0,97.0,284.89,64.0
training,2026-10-05T22:49:42.397122+00:00,167.218075402081,10481.0,95.0,297.21,64.0
training,2026-10-05T22:49:42.397122+00:00,172.59537265449762,10481.0,84.0,282.04,65.0
training,2026-10-05T22:49:42.397122+00:00,178.00413907319307,10481.0,96.0,295.7,64.0
training,2026-10-05T22:49:42.397122+00:00,183.35880459845066,10481.0,78.0,223.7,64.0
training,2026-10-05T22:49:42.397122+00:00,188.71042440086603,10481.0,99.0,283.89,65.0
training,2026-10-05T22:49:42.397122+00:00,194.1122529655695,10481.0,88.0,271.23,62.0
training,2026-10-05T22:49:42.397122+00:00,199.44697764515877,10481.0,92.0,281.59,63.0
training,2026-10-05T22:49:42.397122+00:00,204.85733270645142,10481.0,12.0,254.41,61.0
training,2026-10-05T22:49:42.397122+00:00,210.3197523728013,10481.0,97.0,289.56,64.0
training,2026-10-05T22:49:42.397122+00:00,215.67492194473743,10481.0,99.0,277.6,65.0
training,2026-10-05T22:49:42.397122+00:00,221.02834906429052,10481.0,92.0,270.2,65.0
training,2026-10-05T22:49:42.397122+00:00,226.35765559971333,10481.0,99.0,309.19,66.0
training,2026-10-05T22:49:42.397122+00:00,231.6986280605197,10481.0,96.0,297.4,66.0
training,2026-10-05T22:49:42.397122+00:00,237.09145864844322,10481.0,92.0,285.53,65.0
training,2026-10-05T22:49:42.397122+00:00,242.4941332563758,10481.0,96.0,287.98,68.0
training,2026-10-05T22:49:42.397122+00:00,247.82902056723833,10481.0,99.0,300.2,66.0
training,2026-10-05T22:49:42.397122+00:00,253.18623685091734,10481.0,97.0,305.27,65.0
training,2026-10-05T22:49:42.397122+00:00,258.60159239917994,10481.0,97.0,284.22,67.0
training,2026-10-05T22:49:42.397122+00:00,264.0344855338335,10481.0,99.0,303.95,65.0
training,2026-10-05T22:49:42.397122+00:00,269.4282072484493,10481.0,90.0,284.02,67.0
training,2026-10-05T22:49:42.397122+00:00,274.8401781618595,10481.0,81.0,271.41,68.0
training,2026-10-05T22:49:42.397122+00:00,280.26818162947893,10481.0,91.0,292.65,67.0
training,2026-10-05T22:49:42.397122+00:00,285.64553214609623,10481.0,95.0,281.1,67.0
training,2026-10-05T22:49:42.397122+00:00,290.9682376533747,10481.0,99.0,293.54,67.0
training,2026-10-05T22:49:42.397122+00:00,296.3407523408532,10481.0,96.0,260.61,66.0
training,2026-10-05T22:49:42.397122+00:00,301.68397008627653,10481.0,100.0,278.14,69.0
training,2026-10-05T22:49:42.397122+00:00,307.0394267439842,10481.0,99.0,303.62,67.0
training,2026-10-05T22:49:42.397122+00:00,312.3969807997346,10481.0,83.0,294.45,68.0
training,2026-10-05T22:49:42.397122+00:00,317.729354172945,10481.0,91.0,286.52,68.0
training,2026-10-05T22:49:42.397122+00:00,323.09602639079094,10481.0,93.0,278.55,68.0
training,2026-10-05T22:49:42.397122+00:00,328.44310036301613,10481.0,89.0,313.32,67.0
training,2026-10-05T22:49:42.397122+00:00,333.8499350398779,10481.0,96.0,310.38,69.0
training,2026-10-05T22:49:42.397122+00:00,339.18712750822306,10481.0,89.0,296.91,68.0
training,2026-10-05T22:49:42.397122+00:00,344.5817984715104,10481.0,97.0,304.79,68.0
training,2026-10-05T22:49:42.397122+00:00,349.95167201012373,10481.0,94.0,277.98,68.0
training,2026-10-05T22:49:42.397122+00:00,355.3439849242568,10481.0,96.0,292.45,67.0
training,2026-10-05T22:49:42.397122+00:00,360.70373260974884,10481.0,96.0,277.15,68.0
training,2026-10-05T22:49:42.397122+00:00,366.10227627307177,10481.0,97.0,300.38,67.0
training,2026-10-05T22:49:42.397122+00:00,371.5073209106922,10481.0,100.0,277.6,68.0
training,2026-10-05T22:49:42.397122+00:00,376.86146784573793,10481.0,100.0,277.66,67.0
training,2026-10-05T22:49:42.397122+00:00,382.2871363386512,10481.0,62.0,252.15,64.0
training,2026-10-05T22:49:42.397122+00:00,387.6889194101095,10481.0,87.0,288.01,68.0
training,2026-10-05T22:49:42.397122+00:00,393.07377234101295,10481.0,92.0,304.98,67.0
training,2026-10-05T22:49:42.397122+00:00,398.45351361483335,10481.0,94.0,293.74,68.0
training,2026-10-05T22:49:42.397122+00:00,403.833572588861,10481.0,12.0,272.27,63.0
training,2026-10-05T22:49:42.397122+00:00,409.19659753888845,10481.0,96.0,303.61,68.0
training,2026-10-05T22:49:42.397122+00:00,414.62343268096447,10481.0,92.0,272.54,68.0
training,2026-10-05T22:49:42.397122+00:00,420.05513094365597,10481.0,81.0,275.58,68.0
training,2026-10-05T22:49:42.397122+00:00,425.4344281703234,10481.0,99.0,285.85,68.0
training,2026-10-05T22:49:42.397122+00:00,430.7885215654969,10481.0,96.0,262.88,67.0
training,2026-10-05T22:49:42.397122+00:00,436.1708104163408,10481.0,92.0,287.8,68.0
training,2026-10-05T22:49:42.397122+00:00,441.56455540657043,10481.0,96.0,307.09,67.0
training,2026-10-05T22:49:42.397122+00:00,446.90607120096684,10481.0,99.0,304.3,67.0
training,2026-10-05T22:49:42.397122+00:00,452.3315784111619,10481.0,92.0,280.08,68.0
training,2026-10-05T22:49:42.397122+00:00,457.7430733665824,10481.0,89.0,295.55,69.0
training,2026-10-05T22:49:42.397122+00:00,463.16764609515667,10481.0,99.0,269.16,66.0
training,2026-10-05T22:49:42.397122+00:00,468.5852998942137,15141.0,7.0,228.14,62.0
training,2026-10-05T22:49:42.397122+00:00,473.9725866019726,15141.0,0.0,88.55,58.0
training,2026-10-05T22:49:42.397122+00:00,479.39029095321894,15141.0,97.0,301.23,63.0
training,2026-10-05T22:49:42.397122+00:00,484.8640161305666,15141.0,96.0,277.68,64.0
training,2026-10-05T22:49:42.397122+00:00,490.30080012232065,15141.0,93.0,263.05,65.0
training,2026-10-05T22:49:42.397122+00:00,495.7150070145726,15141.0,92.0,277.04,65.0
training,2026-10-05T22:49:42.397122+00:00,501.05588483810425,15141.0,96.0,309.32,65.0
training,2026-10-05T22:49:42.397122+00:00,506.40027383714914,15141.0,97.0,291.6,65.0
training,2026-10-05T22:49:42.397122+00:00,511.7601555287838,15141.0,96.0,266.16,66.0
training,2026-10-05T22:49:42.397122+00:00,517.1489690318704,15141.0,100.0,285.74,65.0
training,2026-10-05T22:49:42.397122+00:00,522.539965853095,15141.0,97.0,315.02,66.0
training,2026-10-05T22:49:42.397122+00:00,528.0169802159071,15141.0,97.0,295.81,65.0
training,2026-10-05T22:49:42.397122+00:00,533.4548338204622,15141.0,92.0,295.64,67.0
training,2026-10-05T22:49:42.397122+00:00,538.8273548558354,15141.0,95.0,282.54,67.0
training,2026-10-05T22:49:42.397122+00:00,544.253319427371,15141.0,96.0,301.83,66.0
training,2026-10-05T22:49:42.397122+00:00,549.6887954697013,15141.0,94.0,317.1,67.0
training,2026-10-05T22:49:42.397122+00:00,555.1322088316083,15141.0,98.0,244.72,67.0
training,2026-10-05T22:49:42.397122+00:00,560.5414236038923,15141.0,97.0,303.3,67.0
training,2026-10-05T22:49:42.397122+00:00,565.8720519766212,15141.0,87.0,304.02,66.0
training,2026-10-05T22:49:42.397122+00:00,571.2220181003213,15141.0,96.0,305.56,66.0
training,2026-10-05T22:49:42.397122+00:00,576.5854778066278,15141.0,95.0,252.06,66.0
training,2026-10-05T22:49:42.397122+00:00,581.9521078765392,15141.0,97.0,311.35,67.0
training,2026-10-05T22:49:42.397122+00:00,587.3001638874412,15141.0,90.0,289.54,67.0
training,2026-10-05T22:49:42.397122+00:00,592.6579211950302,15141.0,95.0,308.54,67.0
training,2026-10-05T22:49:42.397122+00:00,598.0320060700178,15141.0,97.0,310.02,68.0
training,2026-10-05T22:49:42.397122+00:00,603.4019857719541,15141.0,95.0,283.04,67.0
training,2026-10-05T22:49:42.397122+00:00,608.7745228409767,15141.0,97.0,298.28,67.0
training,2026-10-05T22:49:42.397122+00:00,614.1901108399034,15141.0,92.0,290.12,68.0
training,2026-10-05T22:49:42.397122+00:00,619.6012995764613,15141.0,100.0,281.02,67.0
training,2026-10-05T22:49:42.397122+00:00,624.9908913224936,15141.0,99.0,292.12,67.0
training,2026-10-05T22:49:42.397122+00:00,630.4328953027725,15141.0,99.0,275.78,68.0
training,2026-10-05T22:49:42.397122+00:00,635.8239055722952,15141.0,96.0,303.62,68.0
training,2026-10-05T22:49:42.397122+00:00,641.1675413101912,15141.0,97.0,311.76,69.0
training,2026-10-05T22:49:42.397122+00:00,646.5369205325842,15141.0,95.0,271.75,68.0
training,2026-10-05T22:49:42.397122+00:00,651.9491114988923,15141.0,92.0,303.23,67.0
training,2026-10-05T22:49:42.397122+00:00,657.3073844835162,15141.0,96.0,291.08,69.0
training,2026-10-05T22:49:42.397122+00:00,662.7266968563199,15141.0,95.0,290.1,68.0
training,2026-10-05T22:49:42.397122+00:00,668.0498409941792,15141.0,97.0,290.69,68.0
training,2026-10-05T22:49:42.397122+00:00,673.4713544622064,15141.0,97.0,299.81,66.0
training,2026-10-05T22:49:42.397122+00:00,678.8636198267341,15141.0,97.0,285.54,67.0
training,2026-10-05T22:49:42.397122+00:00,684.2508261948824,15141.0,96.0,282.8,68.0
training,2026-10-05T22:49:42.397122+00:00,689.6484686881304,15141.0,92.0,315.59,68.0
training,2026-10-05T22:49:42.397122+00:00,695.025182582438,15141.0,97.0,303.0,68.0
training,2026-10-05T22:49:42.397122+00:00,700.4822304025292,15141.0,100.0,276.27,67.0
training,2026-10-05T22:49:42.397122+00:00,705.7983537986875,15141.0,96.0,266.56,70.0
training,2026-10-05T22:49:42.397122+00:00,711.2069978117943,15141.0,89.0,276.73,69.0
training,2026-10-05T22:49:42.397122+00:00,716.570364587009,15141.0,92.0,301.39,68.0
training,2026-10-05T22:49:42.397122+00:00,721.9033995494246,15141.0,88.0,298.33,69.0
training,2026-10-05T22:49:42.397122+00:00,727.2896861061454,15141.0,97.0,294.46,67.0
training,2026-10-05T22:49:42.397122+00:00,732.6837452352047,15141.0,97.0,299.7,67.0
training,2026-10-05T22:49:42.397122+00:00,738.1007317230105,15141.0,97.0,309.14,68.0
training,2026-10-05T22:49:42.397122+00:00,743.5017804130912,15141.0,94.0,287.76,67.0
training,2026-10-05T22:49:42.397122+00:00,748.9156741425395,15141.0,100.0,261.5,65.0
training,2026-10-05T22:49:42.397122+00:00,754.331328175962,15141.0,93.0,301.25,67.0
training,2026-10-05T22:49:42.397122+00:00,759.7224850058556,15141.0,97.0,298.97,67.0
training,2026-10-05T22:49:42.397122+00:00,765.1411291062832,15141.0,92.0,309.87,68.0
training,2026-10-05T22:49:42.397122+00:00,770.5589005947113,15141.0,82.0,281.66,67.0
training,2026-10-05T22:49:42.397122+00:00,775.9677936434746,15141.0,92.0,278.47,68.0
training,2026-10-05T22:49:42.397122+00:00,781.3714149594307,15141.0,95.0,296.27,68.0
training,2026-10-05T22:49:42.397122+00:00,786.8191728144884,15141.0,92.0,292.21,68.0
training,2026-10-05T22:49:42.397122+00:00,792.1683022081852,15141.0,96.0,263.66,68.0
training,2026-10-05T22:49:42.397122+00:00,797.5036524087191,15141.0,95.0,249.06,67.0
training,2026-10-05T22:49:42.397122+00:00,802.8687726631761,15141.0,99.0,305.45,66.0
training,2026-10-05T22:49:42.397122+00:00,808.2581451758742,15141.0,95.0,271.33,67.0
training,2026-10-05T22:49:42.397122+00:00,813.650888748467,15141.0,97.0,307.65,68.0
training,2026-10-05T22:49:42.397122+00:00,819.0202710330486,15141.0,89.0,229.45,66.0
training,2026-10-05T22:49:42.397122+00:00,824.4452897533774,15141.0,93.0,288.76,68.0
training,2026-10-05T22:49:42.397122+00:00,829.8524315729737,15141.0,96.0,308.47,68.0
training,2026-10-05T22:49:42.397122+00:00,835.2940627112985,15141.0,94.0,308.04,68.0
training,2026-10-05T22:49:42.397122+00:00,840.6654511466622,15141.0,97.0,296.54,68.0
training,2026-10-05T22:49:42.397122+00:00,846.0666521117091,15141.0,91.0,292.63,67.0
training,2026-10-05T22:49:42.397122+00:00,851.4194177314639,15141.0,97.0,313.04,68.0
training,2026-10-05T22:49:42.397122+00:00,856.8240448608994,15141.0,96.0,287.4,68.0
training,2026-10-05T22:49:42.397122+00:00,862.1959582045674,15141.0,0.0,89.96,58.0
training,2026-10-05T22:49:42.397122+00:00,867.5924421474338,15141.0,87.0,200.65,63.0
training,2026-10-05T22:49:42.397122+00:00,872.923872359097,15141.0,87.0,249.32,62.0
training,2026-10-05T22:49:42.397122+00:00,878.3216280937195,15141.0,96.0,288.64,65.0
training,2026-10-05T22:49:42.397122+00:00,883.6677326112986,15141.0,100.0,248.19,65.0
training,2026-10-05T22:49:42.397122+00:00,889.0359746664762,15141.0,91.0,314.93,64.0
training,2026-10-05T22:49:42.397122+00:00,894.4182136207819,15141.0,100.0,280.49,65.0
training,2026-10-05T22:49:42.397122+00:00,899.8245912566781,15141.0,50.0,264.76,64.0
training,2026-10-05T22:49:42.397122+00:00,905.2009595558047,15141.0,5.0,130.03,59.0
training,2026-10-05T22:49:42.397122+00:00,910.595364049077,15141.0,0.0,88.13,56.0
training,2026-10-05T22:49:42.397122+00:00,916.0062972232699,15141.0,93.0,271.49,62.0
training,2026-10-05T22:49:42.397122+00:00,921.3826504722238,15141.0,96.0,267.86,63.0
training,2026-10-05T22:49:42.397122+00:00,926.7661472707987,15141.0,99.0,292.45,63.0
training,2026-10-05T22:49:42.397122+00:00,932.1764256507158,15141.0,97.0,308.17,63.0
training,2026-10-05T22:49:42.397122+00:00,937.5245587006211,15141.0,85.0,297.75,62.0
training,2026-10-05T22:49:42.397122+00:00,942.873258896172,15141.0,93.0,298.44,63.0
training,2026-10-05T22:49:42.397122+00:00,948.2725636586547,15141.0,89.0,307.01,64.0
training,2026-10-05T22:49:42.397122+00:00,953.6475184187293,15141.0,96.0,260.05,66.0
training,2026-10-05T22:49:42.397122+00:00,958.999979428947,15141.0,96.0,291.25,63.0
training,2026-10-05T22:49:42.397122+00:00,964.3847198709846,15141.0,91.0,301.18,64.0
training,2026-10-05T22:49:42.397122+00:00,969.7333474755287,15141.0,93.0,277.92,66.0
training,2026-10-05T22:49:42.397122+00:00,975.1456888392568,15141.0,100.0,280.12,65.0
training,2026-10-05T22:49:42.397122+00:00,980.6265576779842,15141.0,96.0,265.12,66.0
training,2026-10-05T22:49:42.397122+00:00,986.0368293002248,15141.0,91.0,300.9,66.0
training,2026-10-05T22:49:42.397122+00:00,991.4297086149454,15141.0,90.0,283.62,66.0
training,2026-10-05T22:49:42.397122+00:00,996.8719862550497,15141.0,91.0,289.34,66.0
training,2026-10-05T22:49:42.397122+00:00,1002.2616389170289,15141.0,72.0,257.6,66.0
training,2026-10-05T22:49:42.397122+00:00,1007.5998117700219,15141.0,91.0,279.61,66.0
training,2026-10-05T22:49:42.397122+00:00,1012.9826197549701,15141.0,97.0,305.68,65.0
training,2026-10-05T22:49:42.397122+00:00,1018.3308109268546,15141.0,100.0,276.58,66.0
training,2026-10-05T22:49:42.397122+00:00,1023.7040311172605,15141.0,97.0,298.24,66.0
training,2026-10-05T22:49:42.397122+00:00,1029.0548059046268,15141.0,92.0,304.7,67.0
training,2026-10-05T22:49:42.397122+00:00,1034.4317381381989,15141.0,96.0,281.55,66.0
training,2026-10-05T22:49:42.397122+00:00,1039.7720301225781,15141.0,92.0,304.35,67.0
training,2026-10-05T22:49:42.397122+00:00,1045.1635116115212,15141.0,100.0,282.24,67.0
training,2026-10-05T22:49:42.397122+00:00,1050.5342383533716,15141.0,88.0,292.02,66.0
training,2026-10-05T22:49:42.397122+00:00,1055.9296639934182,15141.0,92.0,272.61,66.0
training,2026-10-05T22:49:42.397122+00:00,1061.3092806488276,15141.0,97.0,296.34,67.0
training,2026-10-05T22:49:42.397122+00:00,1066.7221392914653,15141.0,99.0,313.2,66.0
training,2026-10-05T22:49:42.397122+00:00,1072.0974798128009,15141.0,91.0,313.3,67.0
training,2026-10-05T22:49:42.397122+00:00,1077.5195492431521,15141.0,96.0,284.38,66.0
training,2026-10-05T22:49:42.397122+00:00,1082.8970765322447,15141.0,97.0,301.73,65.0
training,2026-10-05T22:49:42.397122+00:00,1088.2337717488408,15141.0,92.0,303.3,67.0
training,2026-10-05T22:49:42.397122+00:00,1093.6376179009676,15141.0,96.0,298.92,67.0
training,2026-10-05T22:49:42.397122+00:00,1099.0354230105877,15141.0,90.0,303.58,66.0
training,2026-10-05T22:49:42.397122+00:00,1104.4196109622717,15141.0,94.0,288.68,67.0
training,2026-10-05T22:49:42.397122+00:00,1109.8672428652644,15141.0,96.0,276.42,66.0
training,2026-10-05T22:49:42.397122+00:00,1115.2346982136369,15141.0,99.0,298.28,67.0
training,2026-10-05T22:49:42.397122+00:00,1120.6082968786359,15141.0,95.0,293.03,66.0
training,2026-10-05T22:49:42.397122+00:00,1125.922556206584,15141.0,99.0,306.11,66.0
training,2026-10-05T22:49:42.397122+00:00,1131.3129093050957,15141.0,100.0,276.72,67.0
training,2026-10-05T22:49:42.397122+00:00,1136.6806863993406,15141.0,94.0,285.45,67.0
training,2026-10-05T22:49:42.397122+00:00,1142.0686005353928,15141.0,98.0,298.8,66.0
training,2026-10-05T22:49:42.397122+00:00,1147.5051981434226,15141.0,99.0,303.44,67.0
training,2026-10-05T22:49:42.397122+00:00,1152.9209820777178,15141.0,87.0,290.34,68.0
training,2026-10-05T22:49:42.397122+00:00,1158.2710295170546,15141.0,91.0,306.46,67.0
training,2026-10-05T22:49:42.397122+00:00,1163.6759020462632,15141.0,99.0,310.3,66.0
training,2026-10-05T22:49:42.397122+00:00,1169.06706494838,15141.0,97.0,304.0,67.0
training,2026-10-05T22:49:42.397122+00:00,1174.4403218925,15141.0,96.0,281.74,68.0
training,2026-10-05T22:49:42.397122+00:00,1179.780860364437,15141.0,92.0,263.05,66.0
training,2026-10-05T22:49:42.397122+00:00,1185.1240426152945,15141.0,97.0,299.47,67.0
training,2026-10-05T22:49:42.397122+00:00,1190.4918377771974,15141.0,91.0,309.34,68.0
training,2026-10-05T22:49:42.397122+00:00,1195.8911648392677,15141.0,97.0,315.28,68.0
training,2026-10-05T22:49:42.397122+00:00,1201.284623503685,15141.0,92.0,292.8,68.0
training,2026-10-05T22:49:42.397122+00:00,1206.6020650193095,15141.0,96.0,284.99,68.0
training,2026-10-05T22:49:42.397122+00:00,1211.9978264048696,15141.0,100.0,275.51,67.0
training,2026-10-05T22:49:42.397122+00:00,1217.3419755846262,15141.0,96.0,255.32,69.0
training,2026-10-05T22:49:42.397122+00:00,1222.7242551594973,15141.0,89.0,246.93,66.0
training,2026-10-05T22:49:42.397122+00:00,1228.0667380020022,15141.0,100.0,267.6,68.0
training,2026-10-05T22:49:42.397122+00:00,1233.4026587307453,15141.0,95.0,299.85,66.0
training,2026-10-05T22:49:42.397122+00:00,1238.7244582474232,15141.0,98.0,270.38,68.0
training,2026-10-05T22:49:42.397122+00:00,1244.0881343781948,15141.0,87.0,291.8,68.0
training,2026-10-05T22:49:42.397122+00:00,1249.5417460128665,15141.0,96.0,289.71,68.0
training,2026-10-05T22:49:42.397122+00:00,1254.9966680780053,15141.0,98.0,305.15,68.0
training,2026-10-05T22:49:42.397122+00:00,1260.4514573290944,15141.0,96.0,283.58,68.0
training,2026-10-05T22:49:42.397122+00:00,1265.874723777175,15141.0,96.0,291.06,69.0
training,2026-10-05T22:49:42.397122+00:00,1271.3334747999907,15141.0,100.0,286.38,68.0
training,2026-10-05T22:49:42.397122+00:00,1276.7501348108053,15141.0,97.0,305.88,68.0
training,2026-10-05T22:49:42.397122+00:00,1282.1104681417346,15141.0,97.0,309.22,70.0
training,2026-10-05T22:49:42.397122+00:00,1287.5442593991756,15141.0,96.0,301.02,70.0
training,2026-10-05T22:49:42.397122+00:00,1292.9212868362665,15141.0,92.0,273.18,68.0
training,2026-10-05T22:49:42.397122+00:00,1298.2846901416779,15141.0,97.0,307.01,67.0
training,2026-10-05T22:49:42.397122+00:00,1303.644480444491,15141.0,96.0,294.04,68.0
training,2026-10-05T22:49:42.397122+00:00,1309.0308779478073,15141.0,97.0,283.59,68.0
training,2026-10-05T22:49:42.397122+00:00,1314.4492171108723,15141.0,97.0,294.54,67.0
training,2026-10-05T22:49:42.397122+00:00,1319.7837722450495,15141.0,96.0,276.55,68.0
training,2026-10-05T22:49:42.397122+00:00,1325.099710561335,15141.0,97.0,243.58,68.0
training,2026-10-05T22:49:42.397122+00:00,1330.4980972260237,15141.0,96.0,289.92,68.0
training,2026-10-05T22:49:42.397122+00:00,1335.8886617794633,15141.0,0.0,89.36,58.0
training,2026-10-05T22:49:42.397122+00:00,1341.2551544606686,15141.0,0.0,87.86,55.0
training,2026-10-05T22:49:42.397122+00:00,1346.7336278632283,15141.0,97.0,304.99,64.0
training,2026-10-05T22:49:42.397122+00:00,1352.1397955343127,15141.0,77.0,246.95,63.0
training,2026-10-05T22:49:42.397122+00:00,1357.5295776799321,15141.0,100.0,272.11,65.0
training,2026-10-05T22:49:42.397122+00:00,1362.8863494843245,15141.0,100.0,281.05,64.0
training,2026-10-05T22:49:42.397122+00:00,1368.2756743505597,15141.0,96.0,278.88,65.0
training,2026-10-05T22:49:42.397122+00:00,1373.6511541455984,15141.0,0.0,248.07,60.0
training,2026-10-05T22:49:42.397122+00:00,1379.0117946788669,15141.0,91.0,287.52,65.0
training,2026-10-05T22:49:42.397122+00:00,1384.3872112557292,15141.0,96.0,307.65,64.0
training,2026-10-05T22:49:42.397122+00:00,1389.7390512004495,15141.0,99.0,288.69,66.0
training,2026-10-05T22:49:42.397122+00:00,1395.164252370596,15141.0,99.0,300.72,66.0
training,2026-10-05T22:49:42.397122+00:00,1400.59076923877,15141.0,98.0,296.76,65.0
training,2026-10-05T22:49:42.397122+00:00,1405.9908135309815,15141.0,94.0,296.1,67.0
training,2026-10-05T22:49:42.397122+00:00,1411.408016860485,15141.0,94.0,298.9,67.0
training,2026-10-05T22:49:42.397122+00:00,1416.8504986986518,15141.0,99.0,304.1,67.0
training,2026-10-05T22:49:42.397122+00:00,1422.2265426293015,15141.0,99.0,282.09,67.0
training,2026-10-05T22:49:42.397122+00:00,1427.6679669469595,15141.0,91.0,288.8,68.0
training,2026-10-05T22:49:42.397122+00:00,1433.0763096660376,15141.0,99.0,289.87,68.0
training,2026-10-05T22:49:42.397122+00:00,1438.5342376604676,15141.0,100.0,279.99,67.0
training,2026-10-05T22:49:42.397122+00:00,1443.9688088819385,15141.0,95.0,306.57,67.0
training,2026-10-05T22:49:42.397122+00:00,1449.3342621177435,15141.0,94.0,287.87,67.0
training,2026-10-05T22:49:42.397122+00:00,1454.7197070792317,15141.0,97.0,309.63,67.0
training,2026-10-05T22:49:42.397122+00:00,1460.1698818281293,15141.0,96.0,275.67,68.0
training,2026-10-05T22:49:42.397122+00:00,1465.5301326960325,15141.0,91.0,292.57,68.0
training,2026-10-05T22:49:42.397122+00:00,1470.9489011093974,15141.0,97.0,288.11,67.0
training,2026-10-05T22:49:42.397122+00:00,1476.368194900453,15141.0,90.0,312.82,67.0
training,2026-10-05T22:49:42.397122+00:00,1481.7229661941528,15141.0,90.0,296.25,67.0
training,2026-10-05T22:49:42.397122+00:00,1487.178432635963,15141.0,99.0,283.77,68.0
training,2026-10-05T22:49:42.397122+00:00,1492.6384981870651,15141.0,99.0,294.85,67.0
training,2026-10-05T22:49:42.397122+00:00,1498.0555472970009,15141.0,96.0,292.07,67.0
training,2026-10-05T22:49:42.397122+00:00,1503.4422572478652,15141.0,97.0,286.39,68.0
training,2026-10-05T22:49:42.397122+00:00,1508.8193760737777,15141.0,98.0,292.04,67.0
training,2026-10-05T22:49:42.397122+00:00,1514.1995147392154,15141.0,99.0,262.34,68.0
training,2026-10-05T22:49:42.397122+00:00,1519.523984991014,15141.0,95.0,267.02,68.0
training,2026-10-05T22:49:42.397122+00:00,1524.8690916895866,15141.0,99.0,285.3,66.0
training,2026-10-05T22:49:42.397122+00:00,1530.30292879045,15141.0,92.0,291.59,67.0
training,2026-10-05T22:49:42.397122+00:00,1535.648873873055,15141.0,97.0,298.74,68.0
training,2026-10-05T22:49:42.397122+00:00,1541.0894582644105,15141.0,81.0,306.06,69.0
training,2026-10-05T22:49:42.397122+00:00,1546.5043445974588,15141.0,95.0,312.23,66.0
training,2026-10-05T22:49:42.397122+00:00,1551.9312323853374,15141.0,99.0,282.35,67.0
training,2026-10-05T22:49:42.397122+00:00,1557.360778041184,15141.0,93.0,265.96,66.0
training,2026-10-05T22:49:42.397122+00:00,1562.7398543730378,15141.0,97.0,308.64,68.0
training,2026-10-05T22:49:42.397122+00:00,1568.1679474711418,15141.0,92.0,310.63,67.0
training,2026-10-05T22:49:42.397122+00:00,1573.5525316372514,15141.0,91.0,252.61,69.0
training,2026-10-05T22:49:42.397122+00:00,1578.9978427663445,15141.0,91.0,300.28,67.0
training,2026-10-05T22:49:42.397122+00:00,1584.3625105395913,15141.0,95.0,297.26,68.0
training,2026-10-05T22:49:42.397122+00:00,1589.7783821895719,15141.0,96.0,292.83,67.0
training,2026-10-05T22:49:42.397122+00:00,1595.1786998063326,15141.0,89.0,268.95,69.0
training,2026-10-05T22:49:42.397122+00:00,1600.559015482664,15141.0,97.0,298.18,68.0
training,2026-10-05T22:49:42.397122+00:00,1605.9605868905783,15141.0,90.0,286.13,67.0
training,2026-10-05T22:49:42.397122+00:00,1611.3890459090471,15141.0,99.0,303.86,68.0
training,2026-10-05T22:49:42.397122+00:00,1616.8041819557548,15141.0,92.0,290.87,68.0
training,2026-10-05T22:49:42.397122+00:00,1622.2137676477432,15141.0,97.0,295.8,68.0
training,2026-10-05T22:49:42.397122+00:00,1627.637226358056,15141.0,99.0,291.08,67.0
training,2026-10-05T22:49:42.397122+00:00,1633.0385155379772,15141.0,92.0,280.13,68.0
training,2026-10-05T22:49:42.397122+00:00,1638.4317587986588,15141.0,97.0,286.44,69.0
training,2026-10-05T22:49:42.397122+00:00,1643.7824767231941,15141.0,100.0,290.63,68.0
training,2026-10-05T22:49:42.397122+00:00,1649.1295123025775,15141.0,99.0,300.59,68.0
training,2026-10-05T22:49:42.397122+00:00,1654.5833530798554,15141.0,91.0,310.87,68.0
training,2026-10-05T22:49:42.397122+00:00,1659.9217616841197,15141.0,99.0,311.41,68.0
training,2026-10-05T22:49:42.397122+00:00,1665.294820599258,15141.0,97.0,310.64,67.0
training,2026-10-05T22:49:42.397122+00:00,1670.6200769916177,15141.0,100.0,294.55,68.0
training,2026-10-05T22:49:42.397122+00:00,1675.9851946681738,15141.0,96.0,295.74,69.0
training,2026-10-05T22:49:42.397122+00:00,1681.3752480968833,15141.0,98.0,295.18,68.0
training,2026-10-05T22:49:42.397122+00:00,1686.732813835144,15141.0,97.0,301.69,68.0
training,2026-10-05T22:49:42.397122+00:00,1692.107611157,15141.0,90.0,287.32,69.0
training,2026-10-05T22:49:42.397122+00:00,1697.4854621887207,15141.0,0.0,90.52,59.0
training,2026-10-05T22:49:42.397122+00:00,1702.8747929632664,15141.0,89.0,96.17,56.0
training,2026-10-05T22:49:42.397122+00:00,1708.2500852197409,15141.0,90.0,283.02,64.0
training,2026-10-05T22:49:42.397122+00:00,1713.6316504105926,15141.0,99.0,281.49,66.0
training,2026-10-05T22:49:42.397122+00:00,1719.059829801321,15141.0,99.0,303.21,66.0
training,2026-10-05T22:49:42.397122+00:00,1724.5141799673438,15141.0,92.0,295.0,66.0
training,2026-10-05T22:49:42.397122+00:00,1729.9666631892323,15141.0,94.0,290.33,66.0
training,2026-10-05T22:49:42.397122+00:00,1735.4202535375953,15141.0,92.0,273.54,66.0
training,2026-10-05T22:49:42.397122+00:00,1740.8109334856272,15141.0,96.0,296.23,66.0
training,2026-10-05T22:49:42.397122+00:00,1746.2211565449834,15141.0,100.0,277.83,66.0
training,2026-10-05T22:49:42.397122+00:00,1751.6816029772162,15141.0,99.0,295.74,65.0
training,2026-10-05T22:49:42.397122+00:00,1757.1133093312383,15141.0,96.0,277.44,66.0
training,2026-10-05T22:49:42.397122+00:00,1762.5469651892781,15141.0,99.0,270.16,65.0
training,2026-10-05T22:49:42.397122+00:00,1768.0813248306513,15141.0,79.0,279.14,66.0
training,2026-10-05T22:49:42.397122+00:00,1773.4580048322678,15141.0,97.0,310.95,66.0
training,2026-10-05T22:49:42.397122+00:00,1778.8595256209373,15141.0,94.0,318.7,67.0
training,2026-10-05T22:49:42.397122+00:00,1784.2587501779199,15141.0,91.0,281.97,68.0
training,2026-10-05T22:49:42.397122+00:00,1789.6803820356727,15141.0,99.0,238.64,68.0
training,2026-10-05T22:49:42.397122+00:00,1795.1144868060946,15141.0,90.0,296.29,65.0
training,2026-10-05T22:49:42.397122+00:00,1800.635784856975,15141.0,96.0,315.62,67.0
training,2026-10-05T22:49:42.397122+00:00,1805.951281554997,15141.0,91.0,311.46,67.0
training,2026-10-05T22:49:42.397122+00:00,1811.3949209973216,15141.0,95.0,304.73,68.0
training,2026-10-05T22:49:42.397122+00:00,1816.787597604096,15141.0,94.0,279.51,67.0
training,2026-10-05T22:49:42.397122+00:00,1822.1513371095061,15141.0,95.0,304.8,67.0
training,2026-10-05T22:49:42.397122+00:00,1827.4925839453936,15141.0,92.0,281.86,67.0
training,2026-10-05T22:49:42.397122+00:00,1832.8322750777006,15141.0,97.0,298.85,66.0
training,2026-10-05T22:49:42.397122+00:00,1838.2159626558423,15141.0,96.0,268.56,66.0
training,2026-10-05T22:49:42.397122+00:00,1843.5862832814455,15141.0,97.0,298.39,67.0
training,2026-10-05T22:49:42.397122+00:00,1849.0162158161402,15141.0,97.0,272.3,67.0
training,2026-10-05T22:49:42.397122+00:00,1854.4291779100895,15141.0,99.0,281.84,69.0
training,2026-10-05T22:49:42.397122+00:00,1859.8330735340714,15141.0,97.0,301.2,67.0
training,2026-10-05T22:49:42.397122+00:00,1865.2225777506828,15141.0,99.0,285.34,66.0
training,2026-10-05T22:49:42.397122+00:00,1870.6049124747515,15141.0,91.0,307.21,66.0
training,2026-10-05T22:49:42.397122+00:00,1876.0006156340241,15141.0,87.0,289.62,67.0
training,2026-10-05T22:49:42.397122+00:00,1881.3994093239307,15141.0,90.0,296.28,67.0
training,2026-10-05T22:49:42.397122+00:00,1886.7840791791677,15141.0,84.0,285.05,67.0
training,2026-10-05T22:49:42.397122+00:00,1892.1346645206213,15141.0,96.0,305.55,67.0
training,2026-10-05T22:49:42.397122+00:00,1897.4835487604141,15141.0,96.0,270.06,67.0
training,2026-10-05T22:49:42.397122+00:00,1902.8891866281629,15141.0,92.0,288.64,66.0
training,2026-10-05T22:49:42.397122+00:00,1908.2486920058727,15141.0,97.0,292.34,67.0
training,2026-10-05T22:49:42.397122+00:00,1913.6451281905174,15141.0,90.0,290.32,66.0
training,2026-10-05T22:49:42.397122+00:00,1919.0704749822617,15141.0,91.0,287.22,67.0
training,2026-10-05T22:49:42.397122+00:00,1924.448269173503,15141.0,97.0,299.41,67.0
training,2026-10-05T22:49:42.397122+00:00,1929.8784835115075,15141.0,86.0,276.93,67.0
training,2026-10-05T22:49:42.397122+00:00,1935.3172844871879,15141.0,96.0,288.16,67.0
training,2026-10-05T22:49:42.397122+00:00,1940.6655306592584,15141.0,99.0,306.81,67.0
training,2026-10-05T22:49:42.397122+00:00,1946.0620189234614,15141.0,90.0,301.12,68.0
training,2026-10-05T22:49:42.397122+00:00,1951.533566839993,15141.0,92.0,298.2,66.0
training,2026-10-05T22:49:42.397122+00:00,1956.9029043242335,15141.0,96.0,303.01,67.0
training,2026-10-05T22:49:42.397122+00:00,1962.2922645881772,15141.0,99.0,301.56,65.0
training,2026-10-05T22:49:42.397122+00:00,1967.7046132832766,15141.0,96.0,260.56,67.0
training,2026-10-05T22:49:42.397122+00:00,1973.0892482697964,15141.0,91.0,295.25,66.0
training,2026-10-05T22:49:42.397122+00:00,1978.4695232734084,15141.0,95.0,280.36,66.0
training,2026-10-05T22:49:42.397122+00:00,1983.888811968267,15141.0,99.0,284.69,68.0
training,2026-10-05T22:49:42.397122+00:00,1989.2915821522474,15141.0,78.0,257.1,67.0
training,2026-10-05T22:49:42.397122+00:00,1994.7075367867947,15141.0,96.0,297.06,67.0
training,2026-10-05T22:49:42.397122+00:00,2000.1920664012432,15141.0,96.0,282.96,67.0
training,2026-10-05T22:49:42.397122+00:00,2005.6099415570498,15141.0,82.0,273.56,69.0
training,2026-10-05T22:49:42.397122+00:00,2011.013627372682,15141.0,90.0,296.1,64.0
training,2026-10-05T22:49:42.397122+00:00,2016.485747165978,15141.0,90.0,286.9,68.0
training,2026-10-05T22:49:42.397122+00:00,2021.8745586797595,15141.0,100.0,287.04,68.0
training,2026-10-05T22:49:42.397122+00:00,2027.2780737057328,15141.0,96.0,303.03,67.0
training,2026-10-05T22:49:42.397122+00:00,2032.7145695760846,15141.0,96.0,282.83,68.0
training,2026-10-05T22:49:42.397122+00:00,2038.0881673544645,15141.0,100.0,267.16,65.0
training,2026-10-05T22:49:42.397122+00:00,2043.4731174260378,15141.0,81.0,298.72,66.0
training,2026-10-05T22:49:42.397122+00:00,2048.8034356087446,15141.0,96.0,297.54,68.0
training,2026-10-05T22:49:42.397122+00:00,2054.1926066949964,15141.0,96.0,305.82,66.0
training,2026-10-05T22:49:42.397122+00:00,2059.6043036580086,15141.0,97.0,312.87,68.0
training,2026-10-05T22:49:42.397122+00:00,2065.0300262346864,15141.0,86.0,289.18,67.0
training,2026-10-05T22:49:42.397122+00:00,2070.498835928738,15141.0,94.0,285.65,68.0
training,2026-10-05T22:49:42.397122+00:00,2075.8866523355246,15141.0,94.0,285.37,71.0
training,2026-10-05T22:49:42.397122+00:00,2081.206318639219,15141.0,96.0,303.28,69.0
training,2026-10-05T22:49:42.397122+00:00,2086.5806233361363,15141.0,91.0,305.12,68.0
training,2026-10-05T22:49:42.397122+00:00,2091.9751962050796,15141.0,89.0,294.09,69.0
training,2026-10-05T22:49:42.397122+00:00,2097.3906913772225,15141.0,96.0,272.74,70.0
training,2026-10-05T22:49:42.397122+00:00,2102.7695823311806,15141.0,90.0,258.44,66.0
training,2026-10-05T22:49:42.397122+00:00,2108.149563074112,15141.0,97.0,306.76,68.0
training,2026-10-05T22:49:42.397122+00:00,2113.4960150048137,15141.0,89.0,294.18,69.0
training,2026-10-05T22:49:42.397122+00:00,2118.8772423937917,15141.0,97.0,281.18,67.0
training,2026-10-05T22:49:42.397122+00:00,2124.2791387811303,15141.0,96.0,321.72,69.0
training,2026-10-05T22:49:42.397122+00:00,2129.7641700431705,15141.0,95.0,291.24,68.0
training,2026-10-05T22:49:42.397122+00:00,2135.2218083441257,15141.0,88.0,292.16,69.0
training,2026-10-05T22:49:42.397122+00:00,2140.6590398922563,15141.0,97.0,315.48,69.0
training,2026-10-05T22:49:42.397122+00:00,2146.077273912728,15141.0,96.0,305.37,69.0
training,2026-10-05T22:49:42.397122+00:00,2151.488224335015,15141.0,97.0,304.26,69.0
training,2026-10-05T22:49:42.397122+00:00,2156.9341197162867,15141.0,97.0,292.73,68.0
training,2026-10-05T22:49:42.397122+00:00,2162.338807441294,15141.0,94.0,265.26,68.0
training,2026-10-05T22:49:42.397122+00:00,2167.7645055651665,15141.0,84.0,293.84,68.0
training,2026-10-05T22:49:42.397122+00:00,2173.1767636165023,15141.0,76.0,289.83,68.0
training,2026-10-05T22:49:42.397122+00:00,2178.5625768750906,15141.0,40.0,265.21,63.0
training,2026-10-05T22:49:42.397122+00:00,2183.959461569786,15141.0,79.0,288.18,67.0
training,2026-10-05T22:49:42.397122+00:00,2189.360295817256,15141.0,97.0,305.22,68.0
training,2026-10-05T22:49:42.397122+00:00,2194.6893475204706,15141.0,97.0,315.55,67.0
training,2026-10-05T22:49:42.397122+00:00,2200.1279804185033,15141.0,94.0,299.22,67.0
training,2026-10-05T22:49:42.397122+00:00,2205.4972037300467,15141.0,99.0,300.58,68.0
training,2026-10-05T22:49:42.397122+00:00,2210.9118890166283,15141.0,99.0,290.35,68.0
training,2026-10-05T22:49:42.397122+00:00,2216.358076661825,15141.0,96.0,300.46,68.0
training,2026-10-05T22:49:42.397122+00:00,2221.7432909458876,15141.0,86.0,294.3,68.0
training,2026-10-05T22:49:42.397122+00:00,2227.19224383682,15141.0,91.0,299.43,67.0
training,2026-10-05T22:49:42.397122+00:00,2232.569901481271,15141.0,79.0,284.84,69.0
training,2026-10-05T22:49:42.397122+00:00,2237.986915193498,15141.0,95.0,305.93,66.0
training,2026-10-05T22:49:42.397122+00:00,2243.396941050887,15141.0,94.0,252.98,67.0
training,2026-10-05T22:49:42.397122+00:00,2248.7965604811907,15141.0,92.0,284.69,67.0
training,2026-10-05T22:49:42.397122+00:00,2254.2308656722307,15141.0,97.0,294.52,67.0
training,2026-10-05T22:49:42.397122+00:00,2259.6175613105297,15141.0,95.0,308.85,66.0
training,2026-10-05T22:49:42.397122+00:00,2265.0380055755377,15141.0,96.0,279.07,67.0
training,2026-10-05T22:49:42.397122+00:00,2270.413349740207,15141.0,96.0,279.81,67.0
training,2026-10-05T22:49:42.397122+00:00,2275.7993568852544,15141.0,95.0,288.77,67.0
training,2026-10-05T22:49:42.397122+00:00,2281.296907879412,15141.0,97.0,297.91,66.0
training,2026-10-05T22:49:42.397122+00:00,2286.735527560115,15141.0,100.0,284.59,68.0
training,2026-10-05T22:49:42.397122+00:00,2292.1643909960985,15141.0,94.0,290.28,67.0
training,2026-10-05T22:49:42.397122+00:00,2297.58155105263,15141.0,92.0,294.81,67.0
training,2026-10-05T22:49:42.397122+00:00,2302.9876776337624,15141.0,97.0,296.11,69.0
training,2026-10-05T22:49:42.397122+00:00,2308.3963394090533,15141.0,91.0,299.42,67.0
training,2026-10-05T22:49:42.397122+00:00,2313.821484670043,15141.0,93.0,277.75,67.0
training,2026-10-05T22:49:42.397122+00:00,2319.2622211128473,15141.0,100.0,279.54,67.0
training,2026-10-05T22:49:42.397122+00:00,2324.6429847329855,15141.0,88.0,295.94,67.0
training,2026-10-05T22:49:42.397122+00:00,2330.0693345218897,15141.0,99.0,281.55,68.0
training,2026-10-05T22:49:42.397122+00:00,2335.4587608128786,15141.0,90.0,317.83,68.0
training,2026-10-05T22:49:42.397122+00:00,2340.862804956734,15141.0,92.0,288.65,68.0
training,2026-10-05T22:49:42.397122+00:00,2346.331291422248,15141.0,96.0,263.09,70.0
training,2026-10-05T22:49:42.397122+00:00,2351.7484769299626,15141.0,94.0,263.36,68.0
training,2026-10-05T22:49:42.397122+00:00,2357.167153827846,15141.0,99.0,312.46,68.0
training,2026-10-05T22:49:42.397122+00:00,2362.611013457179,15141.0,92.0,292.51,69.0
training,2026-10-05T22:49:42.397122+00:00,2368.0587453097105,15141.0,99.0,281.45,68.0
training,2026-10-05T22:49:42.397122+00:00,2373.5173478499055,15141.0,93.0,259.39,68.0
training,2026-10-05T22:49:42.397122+00:00,2378.938783682883,15141.0,77.0,298.32,68.0
training,2026-10-05T22:49:42.397122+00:00,2384.2641597762704,15141.0,92.0,306.31,67.0
training,2026-10-05T22:49:42.397122+00:00,2389.6765353903174,15141.0,96.0,281.13,70.0
training,2026-10-05T22:49:42.397122+00:00,2395.0568155124784,15141.0,100.0,286.95,69.0
training,2026-10-05T22:49:42.397122+00:00,2400.4460087046027,15141.0,95.0,289.56,69.0
training,2026-10-05T22:49:42.397122+00:00,2405.859339930117,15141.0,90.0,304.84,69.0
training,2026-10-05T22:49:42.397122+00:00,2411.2420385852456,15141.0,96.0,299.92,68.0
training,2026-10-05T22:49:42.397122+00:00,2416.567613057792,15141.0,96.0,291.64,70.0
training,2026-10-05T22:49:42.397122+00:00,2421.962633624673,15141.0,97.0,283.59,69.0
training,2026-10-05T22:49:42.397122+00:00,2427.384879566729,15141.0,99.0,294.23,69.0
training,2026-10-05T22:49:42.397122+00:00,2432.7674108445644,15141.0,94.0,302.77,69.0
training,2026-10-05T22:49:42.397122+00:00,2438.1572420224547,15141.0,91.0,303.98,68.0
training,2026-10-05T22:49:42.397122+00:00,2443.554741792381,15141.0,91.0,268.12,70.0
training,2026-10-05T22:49:42.397122+00:00,2448.9414253905416,15141.0,88.0,295.57,68.0
training,2026-10-05T22:49:42.397122+00:00,2454.3309262767434,15141.0,97.0,303.43,69.0
training,2026-10-05T22:49:42.397122+00:00,2459.70456584543,15141.0,99.0,300.49,69.0
training,2026-10-05T22:49:42.397122+00:00,2465.092270463705,15141.0,85.0,272.86,68.0
training,2026-10-05T22:49:42.397122+00:00,2470.466623932123,15141.0,94.0,299.35,67.0
training,2026-10-05T22:49:42.397122+00:00,2475.8426616042852,15141.0,89.0,265.05,68.0
training,2026-10-05T22:49:42.397122+00:00,2481.1569720059633,15141.0,95.0,297.48,68.0
training,2026-10-05T22:49:42.397122+00:00,2486.527546964586,15141.0,89.0,286.46,67.0
training,2026-10-05T22:49:42.397122+00:00,2491.9058046340942,15141.0,100.0,282.82,68.0
training,2026-10-05T22:49:42.397122+00:00,2497.3311131820083,15141.0,95.0,305.16,69.0
training,2026-10-05T22:49:42.397122+00:00,2502.7343161925673,15141.0,99.0,306.57,70.0
training,2026-10-05T22:49:42.397122+00:00,2508.1231597214937,15141.0,96.0,297.95,67.0
training,2026-10-05T22:49:42.397122+00:00,2513.4949303790927,15141.0,0.0,90.38,59.0
training,2026-10-05T22:49:42.397122+00:00,2518.9081779271364,15141.0,95.0,113.65,62.0
training,2026-10-05T22:49:42.397122+00:00,2524.2859987318516,15141.0,97.0,291.77,65.0
training,2026-10-05T22:49:42.397122+00:00,2529.7278499007225,15141.0,97.0,285.02,65.0
training,2026-10-05T22:49:42.397122+00:00,2535.2109037414193,15141.0,97.0,297.1,64.0
training,2026-10-05T22:49:42.397122+00:00,2540.5834998115897,15141.0,96.0,285.92,64.0
training,2026-10-05T22:49:42.397122+00:00,2545.976109467447,15141.0,97.0,298.92,65.0
training,2026-10-05T22:49:42.397122+00:00,2551.3521625697613,15141.0,96.0,285.29,66.0
training,2026-10-05T22:49:42.397122+00:00,2556.7710901126266,15141.0,99.0,314.36,66.0
training,2026-10-05T22:49:42.397122+00:00,2562.187338232994,15141.0,99.0,302.76,66.0
training,2026-10-05T22:49:42.397122+00:00,2567.5730527341366,15141.0,96.0,304.44,68.0
training,2026-10-05T22:49:42.397122+00:00,2572.9984353780746,15141.0,99.0,292.86,66.0
training,2026-10-05T22:49:42.397122+00:00,2578.4274810776114,15141.0,97.0,304.02,66.0
training,2026-10-05T22:49:42.397122+00:00,2583.8294470459223,15141.0,97.0,305.46,67.0
training,2026-10-05T22:49:42.397122+00:00,2589.343318194151,15141.0,97.0,299.64,67.0
training,2026-10-05T22:49:42.397122+00:00,2594.7963583022356,15141.0,95.0,299.37,67.0
training,2026-10-05T22:49:42.397122+00:00,2600.223671644926,15141.0,97.0,307.39,68.0
training,2026-10-05T22:49:42.397122+00:00,2605.663133941591,15141.0,96.0,290.16,66.0
training,2026-10-05T22:49:42.397122+00:00,2611.082523211837,15141.0,99.0,289.64,67.0
training,2026-10-05T22:49:42.397122+00:00,2616.4433978796005,15141.0,0.0,91.32,59.0
training,2026-10-05T22:49:42.397122+00:00,2621.913866981864,15141.0,0.0,87.56,56.0
training,2026-10-05T22:49:42.397122+00:00,2627.330865986645,15141.0,94.0,280.86,60.0
training,2026-10-05T22:49:42.397122+00:00,2632.7376447618008,15141.0,100.0,270.44,63.0
training,2026-10-05T22:49:42.397122+00:00,2638.2164499610662,15141.0,91.0,302.17,62.0
training,2026-10-05T22:49:42.397122+00:00,2643.6918923184276,15141.0,96.0,279.68,64.0
training,2026-10-05T22:49:42.397122+00:00,2649.0743032842875,15141.0,99.0,307.04,64.0
training,2026-10-05T22:49:42.397122+00:00,2654.463488124311,15141.0,96.0,304.04,63.0
training,2026-10-05T22:49:42.397122+00:00,2659.867612592876,15141.0,95.0,294.88,66.0
training,2026-10-05T22:49:42.397122+00:00,2665.4366312101483,15141.0,97.0,292.48,65.0
training,2026-10-05T22:49:42.397122+00:00,2670.7993685007095,15141.0,84.0,285.07,64.0
training,2026-10-05T22:49:42.397122+00:00,2676.1878938674927,15141.0,95.0,282.95,65.0
training,2026-10-05T22:49:42.397122+00:00,2681.6241990104318,15141.0,99.0,276.76,64.0
training,2026-10-05T22:49:42.397122+00:00,2687.0117336809635,15141.0,96.0,288.91,65.0
training,2026-10-05T22:49:42.397122+00:00,2692.327246874571,15141.0,80.0,297.67,66.0
training,2026-10-05T22:49:42.397122+00:00,2697.6863309517503,15141.0,93.0,295.91,65.0
training,2026-10-05T22:49:42.397122+00:00,2703.03941129148,15141.0,97.0,292.32,65.0
training,2026-10-05T22:49:42.397122+00:00,2708.3666784763336,15141.0,97.0,311.24,66.0
training,2026-10-05T22:49:42.397122+00:00,2713.716244466603,15141.0,97.0,306.59,66.0
training,2026-10-05T22:49:42.397122+00:00,2719.1257619932294,15141.0,96.0,299.98,65.0
training,2026-10-05T22:49:42.397122+00:00,2724.4923592805862,15141.0,97.0,267.08,66.0
training,2026-10-05T22:49:42.397122+00:00,2729.898666277528,15141.0,82.0,290.15,66.0
training,2026-10-05T22:49:42.397122+00:00,2735.297443933785,15141.0,92.0,242.11,66.0
training,2026-10-05T22:49:42.397122+00:00,2740.708038814366,15141.0,96.0,284.49,66.0
training,2026-10-05T22:49:42.397122+00:00,2746.0655959025025,15141.0,99.0,301.56,66.0
training,2026-10-05T22:49:42.397122+00:00,2751.4950837790966,15141.0,100.0,275.89,66.0
training,2026-10-05T22:49:42.397122+00:00,2756.86996640265,15141.0,97.0,265.35,66.0
training,2026-10-05T22:49:42.397122+00:00,2762.21764562279,15141.0,91.0,308.58,66.0
training,2026-10-05T22:49:42.397122+00:00,2767.538862004876,15141.0,96.0,298.6,66.0
training,2026-10-05T22:49:42.397122+00:00,2772.9353302046657,15141.0,88.0,298.01,67.0
training,2026-10-05T22:49:42.397122+00:00,2778.3619641810656,15141.0,100.0,257.61,66.0
training,2026-10-05T22:49:42.397122+00:00,2783.850077442825,15141.0,100.0,280.27,67.0
training,2026-10-05T22:49:42.397122+00:00,2789.2490777894855,15141.0,97.0,307.6,66.0
training,2026-10-05T22:49:42.397122+00:00,2794.63722191751,15141.0,97.0,277.14,69.0
training,2026-10-05T22:49:42.397122+00:00,2800.0309271737933,15141.0,66.0,248.34,63.0
training,2026-10-05T22:49:42.397122+00:00,2805.4734600558877,15141.0,95.0,292.92,67.0
training,2026-10-05T22:49:42.397122+00:00,2810.833018735051,15141.0,95.0,296.79,70.0
training,2026-10-05T22:49:42.397122+00:00,2816.2322923988104,15141.0,76.0,292.73,68.0
training,2026-10-05T22:49:42.397122+00:00,2821.6006926596165,15141.0,100.0,295.04,70.0
training,2026-10-05T22:49:42.397122+00:00,2827.0963614955544,15141.0,95.0,287.69,68.0
training,2026-10-05T22:49:42.397122+00:00,2832.500460393727,15141.0,89.0,291.31,67.0
training,2026-10-05T22:49:42.397122+00:00,2837.906022056937,15141.0,96.0,302.18,67.0
training,2026-10-05T22:49:42.397122+00:00,2843.2627091556787,15141.0,92.0,272.1,67.0
training,2026-10-05T22:49:42.397122+00:00,2848.6420148462057,15141.0,91.0,289.09,66.0
training,2026-10-05T22:49:42.397122+00:00,2853.989460542798,15141.0,97.0,309.54,67.0
training,2026-10-05T22:49:42.397122+00:00,2859.3787126764655,15141.0,98.0,297.35,67.0
training,2026-10-05T22:49:42.397122+00:00,2864.7564401850104,15141.0,99.0,305.06,67.0
training,2026-10-05T22:49:42.397122+00:00,2870.216718196869,15141.0,99.0,310.58,69.0
training,2026-10-05T22:49:42.397122+00:00,2875.5978886783123,15141.0,99.0,281.34,68.0
training,2026-10-05T22:49:42.397122+00:00,2880.9745533764362,15141.0,95.0,289.76,68.0
training,2026-10-05T22:49:42.397122+00:00,2886.349781192839,15141.0,97.0,305.52,68.0
training,2026-10-05T22:49:42.397122+00:00,2891.7366782054305,15141.0,91.0,278.82,68.0
training,2026-10-05T22:49:42.397122+00:00,2897.1153554990888,15141.0,98.0,308.63,67.0
training,2026-10-05T22:49:42.397122+00:00,2902.447302505374,15141.0,96.0,275.72,68.0
training,2026-10-05T22:49:42.397122+00:00,2907.773804321885,15141.0,96.0,300.87,67.0
training,2026-10-05T22:49:42.397122+00:00,2913.1220665201545,15141.0,85.0,295.54,67.0
training,2026-10-05T22:49:42.397122+00:00,2918.4830552339554,15141.0,95.0,289.22,67.0
training,2026-10-05T22:49:42.397122+00:00,2923.8667537346482,15141.0,97.0,305.3,67.0
training,2026-10-05T22:49:42.397122+00:00,2929.2523975744843,15141.0,90.0,288.38,67.0
training,2026-10-05T22:49:42.397122+00:00,2934.69387768209,15141.0,97.0,300.48,68.0
training,2026-10-05T22:49:42.397122+00:00,2940.109232492745,15141.0,90.0,308.85,68.0
training,2026-10-05T22:49:42.397122+00:00,2945.5254889130592,15141.0,98.0,296.08,68.0
training,2026-10-05T22:49:42.397122+00:00,2950.904838167131,15141.0,92.0,273.16,67.0
training,2026-10-05T22:49:42.397122+00:00,2956.3081881031394,15141.0,95.0,300.5,68.0
training,2026-10-05T22:49:42.397122+00:00,2961.673350594938,15141.0,99.0,301.22,68.0
training,2026-10-05T22:49:42.397122+00:00,2967.0561594963074,15141.0,100.0,281.43,69.0
training,2026-10-05T22:49:42.397122+00:00,2972.4545700252056,15141.0,92.0,297.7,68.0
training,2026-10-05T22:49:42.397122+00:00,2977.8302004411817,15141.0,100.0,252.24,68.0
training,2026-10-05T22:49:42.397122+00:00,2983.2255435213447,15141.0,96.0,304.71,68.0
training,2026-10-05T22:49:42.397122+00:00,2988.6154245510697,15141.0,92.0,295.52,67.0
training,2026-10-05T22:49:42.397122+00:00,2994.0552184954286,15141.0,96.0,290.44,68.0
training,2026-10-05T22:49:42.397122+00:00,2999.466327108443,15141.0,89.0,250.73,68.0
training,2026-10-05T22:49:42.397122+00:00,3004.9848774001002,15141.0,100.0,260.11,67.0
training,2026-10-05T22:49:42.397122+00:00,3010.449105963111,15141.0,96.0,300.26,68.0
training,2026-10-05T22:49:42.397122+00:00,3015.8790342584252,15141.0,92.0,301.88,67.0
training,2026-10-05T22:49:42.397122+00:00,3021.214777521789,15141.0,97.0,267.85,68.0
training,2026-10-05T22:49:42.397122+00:00,3026.685042142868,15141.0,96.0,288.01,68.0
training,2026-10-05T22:49:42.397122+00:00,3032.0852132067084,15141.0,90.0,310.45,68.0
training,2026-10-05T22:49:42.397122+00:00,3037.4980060085654,15141.0,98.0,258.99,69.0
training,2026-10-05T22:49:42.397122+00:00,3042.913581125438,15141.0,100.0,293.91,69.0
training,2026-10-05T22:49:42.397122+00:00,3048.3247441649437,15141.0,97.0,288.45,69.0
training,2026-10-05T22:49:42.397122+00:00,3053.71485632658,15141.0,99.0,297.49,68.0
training,2026-10-05T22:49:42.397122+00:00,3059.0723368674517,15141.0,91.0,314.73,69.0
training,2026-10-05T22:49:42.397122+00:00,3064.4530052170157,15141.0,94.0,306.38,67.0
training,2026-10-05T22:49:42.397122+00:00,3069.8660605326295,15141.0,94.0,288.89,68.0
training,2026-10-05T22:49:42.397122+00:00,3075.273796312511,15141.0,100.0,285.69,68.0
training,2026-10-05T22:49:42.397122+00:00,3080.690790489316,15141.0,99.0,283.5,68.0
training,2026-10-05T22:49:42.397122+00:00,3086.0878847762942,15141.0,96.0,293.99,68.0
training,2026-10-05T22:49:42.397122+00:00,3091.567492246628,15141.0,79.0,302.99,67.0
training,2026-10-05T22:49:42.397122+00:00,3096.961390003562,15141.0,92.0,273.71,68.0
training,2026-10-05T22:49:42.397122+00:00,3102.3595202490687,15141.0,87.0,294.85,67.0
training,2026-10-05T22:49:42.397122+00:00,3107.82769908756,15141.0,92.0,277.04,68.0
training,2026-10-05T22:49:42.397122+00:00,3113.234410762787,15141.0,90.0,296.42,68.0
training,2026-10-05T22:49:42.397122+00:00,3118.6110673621297,15141.0,95.0,265.28,67.0
training,2026-10-05T22:49:42.397122+00:00,3123.982176743448,15141.0,97.0,307.8,67.0
training,2026-10-05T22:49:42.397122+00:00,3129.4252403229475,15141.0,92.0,285.1,67.0
training,2026-10-05T22:49:42.397122+00:00,3134.8061123490334,15141.0,97.0,300.75,66.0
training,2026-10-05T22:49:42.397122+00:00,3140.153148382902,15141.0,12.0,264.17,62.0
training,2026-10-05T22:49:42.397122+00:00,3145.569338016212,15141.0,79.0,301.91,66.0
training,2026-10-05T22:49:42.397122+00:00,3150.9994874224067,15141.0,87.0,287.49,67.0
training,2026-10-05T22:49:42.397122+00:00,3156.39788942039,15141.0,93.0,294.71,68.0
training,2026-10-05T22:49:42.397122+00:00,3161.797699742019,15141.0,97.0,308.67,69.0
training,2026-10-05T22:49:42.397122+00:00,3167.1513308286667,15141.0,92.0,307.61,67.0
training,2026-10-05T22:49:42.397122+00:00,3172.581728592515,15141.0,89.0,295.85,67.0
training,2026-10-05T22:49:42.397122+00:00,3177.964217543602,15141.0,95.0,284.87,70.0
training,2026-10-05T22:49:42.397122+00:00,3183.352907434106,15141.0,95.0,289.3,67.0
training,2026-10-05T22:49:42.397122+00:00,3188.7227841094136,15141.0,97.0,304.02,68.0
training,2026-10-05T22:49:42.397122+00:00,3194.1201680377126,15141.0,72.0,298.89,68.0
training,2026-10-05T22:49:42.397122+00:00,3199.543945237994,15141.0,97.0,303.19,68.0
training,2026-10-05T22:49:42.397122+00:00,3204.848631501198,15141.0,97.0,302.48,68.0
training,2026-10-05T22:49:42.397122+00:00,3210.176080457866,15141.0,96.0,310.65,68.0
training,2026-10-05T22:49:42.397122+00:00,3215.5404988005757,15141.0,97.0,316.14,69.0
training,2026-10-05T22:49:42.397122+00:00,3220.9787414968014,15141.0,100.0,287.42,68.0
training,2026-10-05T22:49:42.397122+00:00,3226.3451983481646,15141.0,95.0,308.08,69.0
training,2026-10-05T22:49:42.397122+00:00,3231.759375028312,15141.0,97.0,287.82,67.0
training,2026-10-05T22:49:42.397122+00:00,3237.1601654589176,15141.0,91.0,300.95,69.0
training,2026-10-05T22:49:42.397122+00:00,3242.522856146097,15141.0,90.0,299.27,67.0
training,2026-10-05T22:49:42.397122+00:00,3247.9453982189298,15141.0,98.0,269.32,67.0
training,2026-10-05T22:49:42.397122+00:00,3253.348263502121,15141.0,97.0,296.8,67.0
training,2026-10-05T22:49:42.397122+00:00,3258.7548713088036,15141.0,99.0,288.49,68.0
training,2026-10-05T22:49:42.397122+00:00,3264.155947007239,15141.0,98.0,298.44,68.0
training,2026-10-05T22:49:42.397122+00:00,3269.5157877728343,15141.0,92.0,308.6,67.0
training,2026-10-05T22:49:42.397122+00:00,3274.937429226935,15141.0,97.0,281.92,67.0
training,2026-10-05T22:49:42.397122+00:00,3280.296973787248,15141.0,96.0,296.48,67.0
training,2026-10-05T22:49:42.397122+00:00,3285.714203387499,15141.0,90.0,294.45,67.0
training,2026-10-05T22:49:42.397122+00:00,3291.088223770261,15141.0,97.0,282.41,67.0
training,2026-10-05T22:49:42.397122+00:00,3296.4184825345874,15141.0,93.0,289.15,67.0
training,2026-10-05T22:49:42.397122+00:00,3301.808553740382,15141.0,97.0,305.49,67.0
training,2026-10-05T22:49:42.397122+00:00,3307.2095564827323,15141.0,95.0,306.71,68.0
training,2026-10-05T22:49:42.397122+00:00,3312.612305596471,15141.0,96.0,297.42,67.0
training,2026-10-05T22:49:42.397122+00:00,3318.0124392956495,15141.0,96.0,291.81,68.0
training,2026-10-05T22:49:42.397122+00:00,3323.4190769270062,15141.0,89.0,295.93,68.0
training,2026-10-05T22:49:42.397122+00:00,3328.8239409178495,15141.0,96.0,301.45,69.0
training,2026-10-05T22:49:42.397122+00:00,3334.185643784702,15141.0,91.0,310.97,67.0
training,2026-10-05T22:49:42.397122+00:00,3339.5966851189733,15141.0,0.0,91.35,59.0
training,2026-10-05T22:49:42.397122+00:00,3344.936409033835,15141.0,0.0,88.16,57.0
training,2026-10-05T22:49:42.397122+00:00,3350.3662395626307,15141.0,99.0,292.43,63.0
training,2026-10-05T22:49:42.397122+00:00,3355.7878662645817,15141.0,95.0,272.23,65.0
training,2026-10-05T22:49:42.397122+00:00,3361.229958586395,15141.0,95.0,280.51,66.0
training,2026-10-05T22:49:42.397122+00:00,3366.576860368252,15141.0,96.0,276.86,64.0
training,2026-10-05T22:49:42.397122+00:00,3371.939834073186,15141.0,99.0,262.4,65.0
training,2026-10-05T22:49:42.397122+00:00,3377.3084543049335,15141.0,97.0,307.7,66.0
training,2026-10-05T22:49:42.397122+00:00,3382.777152813971,15141.0,99.0,287.23,67.0
training,2026-10-05T22:49:42.397122+00:00,3388.1340153366327,15141.0,96.0,280.91,67.0
training,2026-10-05T22:49:42.397122+00:00,3393.488741673529,15141.0,77.0,253.51,67.0
training,2026-10-05T22:49:42.397122+00:00,3398.9334304854274,15141.0,95.0,301.68,66.0
training,2026-10-05T22:49:42.397122+00:00,3404.3639534935355,15141.0,100.0,269.46,67.0
training,2026-10-05T22:49:42.397122+00:00,3409.7564034685493,15141.0,89.0,281.59,68.0
training,2026-10-05T22:49:42.397122+00:00,3415.143945761025,15141.0,90.0,283.53,63.0
training,2026-10-05T22:49:42.397122+00:00,3420.5772163420916,15141.0,97.0,304.27,68.0
training,2026-10-05T22:49:42.397122+00:00,3425.989244006574,15141.0,92.0,262.91,67.0
training,2026-10-05T22:49:42.397122+00:00,3431.339586868882,15141.0,96.0,305.33,68.0
training,2026-10-05T22:49:42.397122+00:00,3436.721126228571,15141.0,99.0,286.1,68.0
training,2026-10-05T22:49:42.397122+00:00,3442.0975157022476,15141.0,97.0,288.91,67.0
training,2026-10-05T22:49:42.397122+00:00,3447.492647089064,15141.0,96.0,297.93,66.0
training,2026-10-05T22:49:42.397122+00:00,3452.9065483883023,15141.0,90.0,303.31,68.0
training,2026-10-05T22:49:42.397122+00:00,3458.2909616976976,15141.0,100.0,284.18,68.0
training,2026-10-05T22:49:42.397122+00:00,3463.728922404349,15141.0,99.0,190.93,68.0
training,2026-10-05T22:49:42.397122+00:00,3469.141614072025,15141.0,99.0,292.06,69.0
training,2026-10-05T22:49:42.397122+00:00,3474.589031510055,15141.0,0.0,90.07,59.0
training,2026-10-05T22:49:42.397122+00:00,3479.9547732770443,15141.0,96.0,158.05,63.0
training,2026-10-05T22:49:42.397122+00:00,3485.3773875311017,15141.0,91.0,308.53,65.0
training,2026-10-05T22:49:42.397122+00:00,3490.7292978689075,15141.0,95.0,277.41,65.0
training,2026-10-05T22:49:42.397122+00:00,3496.172703035176,15141.0,96.0,284.2,65.0
training,2026-10-05T22:49:42.397122+00:00,3501.589026942849,15141.0,92.0,276.53,66.0
training,2026-10-05T22:49:42.397122+00:00,3506.987546749413,15141.0,95.0,298.35,65.0
training,2026-10-05T22:49:42.397122+00:00,3512.359678633511,15141.0,95.0,302.63,66.0
training,2026-10-05T22:49:42.397122+00:00,3517.789506740868,15141.0,96.0,306.51,65.0
training,2026-10-05T22:49:42.397122+00:00,3523.2042025104165,15141.0,99.0,298.08,66.0
training,2026-10-05T22:49:42.397122+00:00,3528.678515598178,15141.0,85.0,274.66,65.0
training,2026-10-05T22:49:42.397122+00:00,3534.0885466337204,15141.0,92.0,293.54,66.0
training,2026-10-05T22:49:42.397122+00:00,3539.55866099149,15141.0,90.0,279.15,66.0
training,2026-10-05T22:49:42.397122+00:00,3544.9832870811224,15141.0,96.0,270.74,67.0
training,2026-10-05T22:49:42.397122+00:00,3550.406789317727,15141.0,92.0,262.87,68.0
training,2026-10-05T22:49:42.397122+00:00,3555.8517509400845,15141.0,92.0,283.92,67.0
training,2026-10-05T22:49:42.397122+00:00,3561.188352741301,15141.0,92.0,268.15,68.0
training,2026-10-05T22:49:42.397122+00:00,3566.607126660645,15141.0,100.0,301.41,66.0
training,2026-10-05T22:49:42.397122+00:00,3571.947304867208,15141.0,94.0,295.98,67.0
training,2026-10-05T22:49:42.397122+00:00,3577.345786601305,15141.0,95.0,303.32,67.0
training,2026-10-05T22:49:42.397122+00:00,3582.7508014962077,15141.0,95.0,258.63,66.0
training,2026-10-05T22:49:42.397122+00:00,3588.146624006331,15141.0,100.0,277.14,67.0
training,2026-10-05T22:49:42.397122+00:00,3593.6340041309595,15141.0,93.0,309.0,68.0
training,2026-10-05T22:49:42.397122+00:00,3599.0325842425227,15141.0,92.0,270.02,66.0
training,2026-10-05T22:49:42.397122+00:00,3604.499140329659,15141.0,96.0,279.77,67.0
training,2026-10-05T22:49:42.397122+00:00,3609.891738973558,15141.0,91.0,289.24,66.0
training,2026-10-05T22:49:42.397122+00:00,3615.335523635149,15141.0,97.0,293.4,67.0
training,2026-10-05T22:49:42.397122+00:00,3620.6951965913177,15141.0,94.0,306.85,66.0
training,2026-10-05T22:49:42.397122+00:00,3626.1024424657226,15141.0,86.0,263.72,66.0
training,2026-10-05T22:49:42.397122+00:00,3631.484632372856,15141.0,88.0,255.94,66.0
training,2026-10-05T22:49:42.397122+00:00,3636.8709082603455,15141.0,96.0,298.12,66.0
training,2026-10-05T22:49:42.397122+00:00,3642.237536393106,15141.0,96.0,281.24,67.0
training,2026-10-05T22:49:42.397122+00:00,3647.6647242307663,15141.0,96.0,286.49,67.0
training,2026-10-05T22:49:42.397122+00:00,3653.1000377833843,15141.0,72.0,251.23,67.0
training,2026-10-05T22:49:42.397122+00:00,3658.5368348136544,15141.0,94.0,297.06,68.0
training,2026-10-05T22:49:42.397122+00:00,3663.9451810494065,15141.0,96.0,286.42,67.0
training,2026-10-05T22:49:42.397122+00:00,3669.297354608774,15141.0,94.0,283.67,66.0
training,2026-10-05T22:49:42.397122+00:00,3674.6809539571404,15141.0,97.0,308.22,66.0
training,2026-10-05T22:49:42.397122+00:00,3680.0291765779257,15141.0,96.0,293.18,68.0
training,2026-10-05T22:49:42.397122+00:00,3685.3857698962092,15141.0,93.0,291.8,68.0
training,2026-10-05T22:49:42.397122+00:00,3690.7318829596043,15141.0,96.0,285.69,69.0
training,2026-10-05T22:49:42.397122+00:00,3696.1348967552185,15141.0,99.0,306.23,66.0
training,2026-10-05T22:49:42.397122+00:00,3701.5195540115237,15141.0,99.0,308.71,67.0
training,2026-10-05T22:49:42.397122+00:00,3706.866916023195,15141.0,99.0,294.44,67.0
training,2026-10-05T22:49:42.397122+00:00,3712.269919678569,15141.0,99.0,304.46,66.0
training,2026-10-05T22:49:42.397122+00:00,3717.631668701768,15141.0,97.0,297.69,68.0
training,2026-10-05T22:49:42.397122+00:00,3723.0570461153984,15141.0,97.0,288.3,68.0
training,2026-10-05T22:49:42.397122+00:00,3728.413635954261,15141.0,88.0,302.7,68.0
training,2026-10-05T22:49:42.397122+00:00,3733.8103626072407,15141.0,97.0,304.61,67.0
training,2026-10-05T22:49:42.397122+00:00,3739.250465862453,15141.0,95.0,301.77,69.0
training,2026-10-05T22:49:42.397122+00:00,3744.61930462718,15141.0,91.0,275.05,68.0
training,2026-10-05T22:49:42.397122+00:00,3750.0343334898353,15141.0,96.0,302.39,68.0
training,2026-10-05T22:49:42.397122+00:00,3755.4794299155474,15141.0,97.0,301.5,67.0
training,2026-10-05T22:49:42.397122+00:00,3760.9060922265053,15141.0,96.0,302.25,67.0
training,2026-10-05T22:49:42.397122+00:00,3766.309171266854,15141.0,95.0,282.6,67.0
training,2026-10-05T22:49:42.397122+00:00,3771.7111604958773,15141.0,96.0,283.98,69.0
training,2026-10-05T22:49:42.397122+00:00,3777.066379867494,15141.0,100.0,278.23,68.0
training,2026-10-05T22:49:42.397122+00:00,3782.4241224974394,15141.0,96.0,303.59,67.0
training,2026-10-05T22:49:42.397122+00:00,3787.804714150727,15141.0,94.0,300.33,66.0
training,2026-10-05T22:49:42.397122+00:00,3793.253389850259,15141.0,97.0,289.59,66.0
training,2026-10-05T22:49:42.397122+00:00,3798.629118807614,15141.0,96.0,303.93,67.0
training,2026-10-05T22:49:42.397122+00:00,3804.007783278823,15141.0,94.0,256.31,66.0
training,2026-10-05T22:49:42.397122+00:00,3809.4199095219374,15141.0,95.0,297.56,66.0
training,2026-10-05T22:49:42.397122+00:00,3814.7950262874365,15141.0,96.0,282.42,67.0
training,2026-10-05T22:49:42.397122+00:00,3820.245792143047,15141.0,96.0,313.89,67.0
training,2026-10-05T22:49:42.397122+00:00,3825.7298512533307,15141.0,99.0,312.52,68.0
training,2026-10-05T22:49:42.397122+00:00,3831.1687913388014,15141.0,95.0,287.44,67.0
training,2026-10-05T22:49:42.397122+00:00,3836.5195093229413,15141.0,97.0,310.02,69.0
training,2026-10-05T22:49:42.397122+00:00,3841.890364550054,15141.0,97.0,308.45,66.0
training,2026-10-05T22:49:42.397122+00:00,3847.2997422888875,15141.0,95.0,312.29,68.0
training,2026-10-05T22:49:42.397122+00:00,3852.6408687010407,15141.0,96.0,289.94,68.0
training,2026-10-05T22:49:42.397122+00:00,3858.0735137984157,15141.0,83.0,258.6,67.0
training,2026-10-05T22:49:42.397122+00:00,3863.491328895092,15141.0,95.0,309.92,66.0
training,2026-10-05T22:49:42.397122+00:00,3868.8574135303497,15141.0,96.0,281.05,68.0
training,2026-10-05T22:49:42.397122+00:00,3874.2907126694918,15141.0,96.0,310.83,66.0
training,2026-10-05T22:49:42.397122+00:00,3879.6424882933497,15141.0,99.0,307.76,67.0
training,2026-10-05T22:49:42.397122+00:00,3885.061585612595,15141.0,100.0,303.24,70.0
training,2026-10-05T22:49:42.397122+00:00,3890.523325331509,15141.0,81.0,246.82,67.0
training,2026-10-05T22:49:42.397122+00:00,3895.963777281344,15141.0,100.0,272.85,70.0
training,2026-10-05T22:49:42.397122+00:00,3901.4195380434394,15141.0,99.0,311.87,66.0
training,2026-10-05T22:49:42.397122+00:00,3906.9014773517847,15141.0,96.0,285.84,69.0
training,2026-10-05T22:49:42.397122+00:00,3912.3186166733503,15141.0,0.0,270.52,62.0
training,2026-10-05T22:49:42.397122+00:00,3917.781481064856,15141.0,99.0,313.66,68.0
training,2026-10-05T22:49:42.397122+00:00,3923.1617946773767,15141.0,100.0,277.67,67.0
training,2026-10-05T22:49:42.397122+00:00,3928.558936007321,15141.0,96.0,278.73,66.0
training,2026-10-05T22:49:42.397122+00:00,3933.950983144343,15141.0,96.0,280.74,68.0
training,2026-10-05T22:49:42.397122+00:00,3939.31712988019,15141.0,95.0,277.32,67.0
training,2026-10-05T22:49:42.397122+00:00,3944.7822183445096,15141.0,96.0,303.73,66.0
training,2026-10-05T22:49:42.397122+00:00,3950.231399215758,15141.0,96.0,272.1,67.0
training,2026-10-05T22:49:42.397122+00:00,3955.580360852182,15141.0,84.0,278.17,67.0
training,2026-10-05T22:49:42.397122+00:00,3960.970623418689,15141.0,97.0,295.08,68.0
training,2026-10-05T22:49:42.397122+00:00,3966.4063473269343,15141.0,95.0,298.54,68.0
training,2026-10-05T22:49:42.397122+00:00,3971.836163289845,15141.0,94.0,258.61,68.0
training,2026-10-05T22:49:42.397122+00:00,3977.22693040967,15141.0,96.0,278.77,68.0
training,2026-10-05T22:49:42.397122+00:00,3982.6228251829743,15141.0,93.0,278.4,67.0
training,2026-10-05T22:49:42.397122+00:00,3988.012404590845,15141.0,97.0,294.68,68.0
training,2026-10-05T22:49:42.397122+00:00,3993.43568277359,15141.0,96.0,317.84,67.0
training,2026-10-05T22:49:42.397122+00:00,3998.8061380907893,15141.0,99.0,297.45,66.0
training,2026-10-05T22:49:42.397122+00:00,4004.2328445762396,15141.0,97.0,282.85,67.0
training,2026-10-05T22:49:42.397122+00:00,4009.6350909247994,15141.0,97.0,297.86,68.0
training,2026-10-05T22:49:42.397122+00:00,4015.0024315044284,15141.0,99.0,313.08,67.0
training,2026-10-05T22:49:42.397122+00:00,4020.436771631241,15141.0,98.0,296.73,68.0
training,2026-10-05T22:49:42.397122+00:00,4025.837059393525,15141.0,95.0,293.13,68.0
training,2026-10-05T22:49:42.397122+00:00,4031.263716265559,15141.0,97.0,304.05,68.0
training,2026-10-05T22:49:42.397122+00:00,4036.679955035448,15141.0,100.0,295.52,68.0
training,2026-10-05T22:49:42.397122+00:00,4042.1067541763186,15141.0,97.0,302.56,68.0
training,2026-10-05T22:49:42.397122+00:00,4047.5151346847415,15141.0,97.0,299.2,66.0
training,2026-10-05T22:49:42.397122+00:00,4052.9352214485407,15141.0,97.0,322.67,69.0
training,2026-10-05T22:49:42.397122+00:00,4058.3812172412872,15141.0,99.0,265.27,68.0
training,2026-10-05T22:49:42.397122+00:00,4063.769458964467,15141.0,95.0,305.73,68.0
training,2026-10-05T22:49:42.397122+00:00,4069.186137676239,15141.0,96.0,300.48,69.0
training,2026-10-05T22:49:42.397122+00:00,4074.571703083813,15141.0,92.0,281.8,67.0
training,2026-10-05T22:49:42.397122+00:00,4079.9615012854338,15141.0,96.0,245.82,67.0
training,2026-10-05T22:49:42.397122+00:00,4085.309513710439,15141.0,85.0,299.41,68.0
training,2026-10-05T22:49:42.397122+00:00,4090.6927220895886,15141.0,95.0,277.33,66.0
training,2026-10-05T22:49:42.397122+00:00,4096.090766057372,15141.0,96.0,305.01,68.0
training,2026-10-05T22:49:42.397122+00:00,4101.535906068981,15141.0,63.0,253.58,68.0
training,2026-10-05T22:49:42.397122+00:00,4106.893528208137,15141.0,95.0,295.83,67.0
training,2026-10-05T22:49:42.397122+00:00,4112.350481882691,15141.0,96.0,300.0,68.0
training,2026-10-05T22:49:42.397122+00:00,4117.794362306595,15141.0,100.0,281.08,70.0
training,2026-10-05T22:49:42.397122+00:00,4123.192265786231,15141.0,11.0,259.66,64.0
training,2026-10-05T22:49:42.397122+00:00,4128.63901181519,15141.0,100.0,281.88,67.0
training,2026-10-05T22:49:42.397122+00:00,4134.055115997791,15141.0,99.0,280.33,70.0
training,2026-10-05T22:49:42.397122+00:00,4139.418342210352,15141.0,94.0,302.26,68.0
training,2026-10-05T22:49:42.397122+00:00,4144.814577020705,15141.0,99.0,307.58,68.0
training,2026-10-05T22:49:42.397122+00:00,4150.208696976304,15141.0,86.0,272.64,65.0
training,2026-10-05T22:49:42.397122+00:00,4155.563500866294,15141.0,98.0,284.25,69.0
training,2026-10-05T22:49:42.397122+00:00,4160.948296613991,15141.0,0.0,90.89,60.0
training,2026-10-05T22:49:42.397122+00:00,4166.332670390606,15141.0,0.0,88.76,57.0
training,2026-10-05T22:49:42.397122+00:00,4171.753588333726,15141.0,96.0,287.46,63.0
training,2026-10-05T22:49:42.397122+00:00,4177.222693935037,15141.0,96.0,292.28,65.0
training,2026-10-05T22:49:42.397122+00:00,4182.650322265923,15141.0,96.0,285.47,65.0
training,2026-10-05T22:49:42.397122+00:00,4188.041042283177,15141.0,96.0,315.65,66.0
training,2026-10-05T22:49:42.397122+00:00,4193.486894480884,15141.0,92.0,286.0,67.0
training,2026-10-05T22:49:42.397122+00:00,4198.877620704472,15141.0,98.0,306.93,67.0
training,2026-10-05T22:49:42.397122+00:00,4204.32840193063,15141.0,97.0,278.08,65.0
training,2026-10-05T22:49:42.397122+00:00,4209.737600855529,15141.0,97.0,305.28,67.0
training,2026-10-05T22:49:42.397122+00:00,4215.156168952584,15141.0,89.0,304.32,66.0
training,2026-10-05T22:49:42.397122+00:00,4220.562167979777,15141.0,91.0,281.16,66.0
training,2026-10-05T22:49:42.397122+00:00,4225.9494561851025,15141.0,96.0,276.24,66.0
training,2026-10-05T22:49:42.397122+00:00,4231.321805939078,15141.0,92.0,299.66,66.0
training,2026-10-05T22:49:42.397122+00:00,4236.819322839379,15141.0,92.0,303.07,66.0
training,2026-10-05T22:49:42.397122+00:00,4242.182438112795,15141.0,100.0,283.24,67.0
training,2026-10-05T22:49:42.397122+00:00,4247.640101976693,15141.0,91.0,303.93,68.0
training,2026-10-05T22:49:42.397122+00:00,4253.11625046283,15141.0,97.0,299.78,66.0
training,2026-10-05T22:49:42.397122+00:00,4258.513939455152,15141.0,94.0,312.31,67.0
training,2026-10-05T22:49:42.397122+00:00,4263.943473890424,15141.0,90.0,313.58,68.0
training,2026-10-05T22:49:42.397122+00:00,4269.355708137155,15141.0,100.0,281.22,70.0
training,2026-10-05T22:49:42.397122+00:00,4274.829428881407,15141.0,96.0,314.53,67.0
training,2026-10-05T22:49:42.397122+00:00,4280.2815620824695,15141.0,96.0,305.64,66.0
training,2026-10-05T22:49:42.397122+00:00,4285.656963691115,15141.0,92.0,304.37,67.0
training,2026-10-05T22:49:42.397122+00:00,4290.991178624332,15141.0,95.0,309.95,68.0
training,2026-10-05T22:49:42.397122+00:00,4296.373207680881,15141.0,97.0,309.42,67.0
training,2026-10-05T22:49:42.397122+00:00,4301.730910792947,15141.0,92.0,272.34,70.0
training,2026-10-05T22:49:42.397122+00:00,4307.153500266373,15141.0,96.0,282.91,68.0
training,2026-10-05T22:49:42.397122+00:00,4312.553060010076,15141.0,95.0,287.93,67.0
training,2026-10-05T22:49:42.397122+00:00,4317.922009497881,15141.0,85.0,273.7,67.0
training,2026-10-05T22:49:42.397122+00:00,4323.3079134225845,15141.0,4.0,93.09,61.0
training,2026-10-05T22:49:42.397122+00:00,4328.694924078882,15141.0,0.0,88.89,57.0
training,2026-10-05T22:49:42.397122+00:00,4334.118817172945,15141.0,100.0,279.23,63.0
training,2026-10-05T22:49:42.397122+00:00,4339.465463466942,15141.0,100.0,268.53,65.0
training,2026-10-05T22:49:42.397122+00:00,4344.895968861878,15141.0,95.0,295.41,65.0
training,2026-10-05T22:49:42.397122+00:00,4350.335854195058,15141.0,98.0,287.28,66.0
training,2026-10-05T22:49:42.397122+00:00,4355.742325179279,15141.0,97.0,295.31,65.0
training,2026-10-05T22:49:42.397122+00:00,4361.150823168457,15141.0,99.0,286.88,65.0
training,2026-10-05T22:49:42.397122+00:00,4366.5264092981815,15141.0,90.0,298.73,65.0
training,2026-10-05T22:49:42.397122+00:00,4371.837858200073,15141.0,97.0,309.68,66.0
training,2026-10-05T22:49:42.397122+00:00,4377.153184719384,15141.0,97.0,296.13,65.0
training,2026-10-05T22:49:42.397122+00:00,4382.519759632647,15141.0,95.0,284.21,66.0
training,2026-10-05T22:49:42.397122+00:00,4387.950063690543,15141.0,97.0,274.46,66.0
training,2026-10-05T22:49:42.397122+00:00,4393.306175865233,15141.0,96.0,289.69,65.0
training,2026-10-05T22:49:42.397122+00:00,4398.758754350245,15141.0,92.0,291.82,65.0
training,2026-10-05T22:49:42.397122+00:00,4404.245197728276,15141.0,95.0,259.33,68.0
training,2026-10-05T22:49:42.397122+00:00,4409.641181007028,15141.0,95.0,260.81,66.0
training,2026-10-05T22:49:42.397122+00:00,4415.094941906631,15141.0,96.0,263.42,68.0
training,2026-10-05T22:49:42.397122+00:00,4420.526779152453,15141.0,93.0,299.07,67.0
training,2026-10-05T22:49:42.397122+00:00,4425.921227201819,15141.0,97.0,314.16,67.0
training,2026-10-05T22:49:42.397122+00:00,4431.356339097023,15141.0,91.0,307.83,66.0
training,2026-10-05T22:49:42.397122+00:00,4436.7975968793035,15141.0,96.0,294.56,66.0
training,2026-10-05T22:49:42.397122+00:00,4442.1467143297195,15141.0,97.0,314.91,67.0
training,2026-10-05T22:49:42.397122+00:00,4447.547784529626,15141.0,86.0,299.5,67.0
training,2026-10-05T22:49:42.397122+00:00,4452.886142060161,15141.0,99.0,290.52,68.0
training,2026-10-05T22:49:42.397122+00:00,4458.325704261661,15141.0,99.0,295.6,68.0
training,2026-10-05T22:49:42.397122+00:00,4463.757619209588,15141.0,96.0,297.75,68.0
training,2026-10-05T22:49:42.397122+00:00,4469.091606713831,15141.0,96.0,306.53,67.0
training,2026-10-05T22:49:42.397122+00:00,4474.435883000493,15141.0,96.0,260.0,67.0
training,2026-10-05T22:49:42.397122+00:00,4479.871774174273,15141.0,96.0,270.69,68.0
training,2026-10-05T22:49:42.397122+00:00,4485.249887675047,15141.0,90.0,285.4,68.0
training,2026-10-05T22:49:42.397122+00:00,4490.658825024962,15141.0,99.0,289.06,70.0
training,2026-10-05T22:49:42.397122+00:00,4496.030676156282,15141.0,96.0,288.41,68.0
training,2026-10-05T22:49:42.397122+00:00,4501.4605814144015,15141.0,89.0,290.99,67.0
training,2026-10-05T22:49:42.397122+00:00,4506.899038426578,15141.0,90.0,293.16,68.0
training,2026-10-05T22:49:42.397122+00:00,4512.298807941377,15141.0,100.0,297.5,68.0
training,2026-10-05T22:49:42.397122+00:00,4517.645701050758,15141.0,97.0,301.97,69.0
training,2026-10-05T22:49:42.397122+00:00,4523.012296117842,15141.0,97.0,289.56,69.0
training,2026-10-05T22:49:42.397122+00:00,4528.3703574463725,15141.0,93.0,247.26,68.0
training,2026-10-05T22:49:42.397122+00:00,4533.785100050271,15141.0,97.0,310.69,67.0
training,2026-10-05T22:49:42.397122+00:00,4539.137152001262,15141.0,100.0,281.54,68.0
training,2026-10-05T22:49:42.397122+00:00,4544.4951419606805,15141.0,92.0,276.22,68.0
training,2026-10-05T22:49:42.397122+00:00,4549.870983876288,15141.0,74.0,241.6,66.0
training,2026-10-05T22:49:42.397122+00:00,4555.210526250303,15141.0,99.0,279.46,67.0
training,2026-10-05T22:49:42.397122+00:00,4560.603286072612,15141.0,92.0,268.06,68.0
training,2026-10-05T22:49:42.397122+00:00,4566.042517662048,15141.0,95.0,308.32,67.0
training,2026-10-05T22:49:42.397122+00:00,4571.410790063441,15141.0,94.0,278.96,68.0
training,2026-10-05T22:49:42.397122+00:00,4576.8165154233575,15141.0,95.0,297.41,68.0
training,2026-10-05T22:49:42.397122+00:00,4582.172706089914,15141.0,95.0,249.92,68.0
training,2026-10-05T22:49:42.397122+00:00,4587.542293608189,15141.0,97.0,297.66,66.0
training,2026-10-05T22:49:42.397122+00:00,4592.917170494795,15141.0,96.0,273.89,68.0
training,2026-10-05T22:49:42.397122+00:00,4598.301091231406,15141.0,91.0,290.56,68.0
training,2026-10-05T22:49:42.397122+00:00,4603.703023806214,15141.0,77.0,304.95,67.0
training,2026-10-05T22:49:42.397122+00:00,4609.126154229045,15141.0,96.0,277.6,68.0
training,2026-10-05T22:49:42.397122+00:00,4614.569425292313,15141.0,95.0,297.65,67.0
training,2026-10-05T22:49:42.397122+00:00,4620.027965314686,15141.0,89.0,307.93,67.0
training,2026-10-05T22:49:42.397122+00:00,4625.426652640104,15141.0,97.0,300.87,68.0
training,2026-10-05T22:49:42.397122+00:00,4630.819918625057,15141.0,92.0,297.95,68.0
training,2026-10-05T22:49:42.397122+00:00,4636.181760467589,15141.0,97.0,309.97,66.0
training,2026-10-05T22:49:42.397122+00:00,4641.58743532747,15141.0,100.0,295.13,68.0
training,2026-10-05T22:49:42.397122+00:00,4646.991729848087,15141.0,92.0,297.02,67.0
training,2026-10-05T22:49:42.397122+00:00,4652.394467815757,15141.0,100.0,304.29,67.0
training,2026-10-05T22:49:42.397122+00:00,4657.775497101247,15141.0,80.0,281.02,69.0
training,2026-10-05T22:49:42.397122+00:00,4663.209739893675,15141.0,82.0,297.06,67.0
training,2026-10-05T22:49:42.397122+00:00,4668.594111941755,15141.0,94.0,314.41,69.0
training,2026-10-05T22:49:42.397122+00:00,4674.026225499809,15141.0,92.0,272.77,70.0
training,2026-10-05T22:49:42.397122+00:00,4679.394863694906,15141.0,95.0,298.99,70.0
training,2026-10-05T22:49:42.397122+00:00,4684.791624307632,15141.0,97.0,295.11,69.0
training,2026-10-05T22:49:42.397122+00:00,4690.236563116312,15141.0,97.0,309.28,69.0
training,2026-10-05T22:49:42.397122+00:00,4695.647851862013,15141.0,83.0,288.16,68.0
training,2026-10-05T22:49:42.397122+00:00,4701.014546304941,15141.0,94.0,308.1,69.0
training,2026-10-05T22:49:42.397122+00:00,4706.388217538595,15141.0,93.0,283.03,67.0
training,2026-10-05T22:49:42.397122+00:00,4711.785539582372,15141.0,93.0,272.74,68.0
training,2026-10-05T22:49:42.397122+00:00,4717.180672302842,15141.0,92.0,255.64,70.0
training,2026-10-05T22:49:42.397122+00:00,4722.516584478319,15141.0,91.0,271.83,68.0
training,2026-10-05T22:49:42.397122+00:00,4727.909155130386,15141.0,96.0,287.89,68.0
training,2026-10-05T22:49:42.397122+00:00,4733.240129180253,15141.0,96.0,304.85,68.0
training,2026-10-05T22:49:42.397122+00:00,4738.623177796602,15141.0,99.0,300.85,68.0
training,2026-10-05T22:49:42.397122+00:00,4743.960219673812,15141.0,80.0,292.96,67.0
training,2026-10-05T22:49:42.397122+00:00,4749.338332951069,15141.0,88.0,274.77,67.0
training,2026-10-05T22:49:42.397122+00:00,4754.721543595195,15141.0,92.0,282.63,68.0
training,2026-10-05T22:49:42.397122+00:00,4760.088629387319,15141.0,96.0,300.47,67.0
training,2026-10-05T22:49:42.397122+00:00,4765.412352152169,15141.0,97.0,310.33,66.0
training,2026-10-05T22:49:42.397122+00:00,4770.765172697604,15141.0,95.0,293.69,68.0
training,2026-10-05T22:49:42.397122+00:00,4776.120963782072,15141.0,93.0,278.44,67.0
training,2026-10-05T22:49:42.397122+00:00,4781.5332391783595,15141.0,95.0,308.27,68.0
training,2026-10-05T22:49:42.397122+00:00,4786.910497993231,15141.0,93.0,281.89,68.0
training,2026-10-05T22:49:42.397122+00:00,4792.288065843284,15141.0,81.0,276.51,66.0
training,2026-10-05T22:49:42.397122+00:00,4797.65878868103,15141.0,89.0,269.66,67.0
training,2026-10-05T22:49:42.397122+00:00,4803.015264123678,15141.0,91.0,281.48,67.0
training,2026-10-05T22:49:42.397122+00:00,4808.359722785652,15141.0,87.0,303.37,66.0
training,2026-10-05T22:49:42.397122+00:00,4813.764212325215,15141.0,97.0,300.35,67.0
training,2026-10-05T22:49:42.397122+00:00,4819.190278947353,15141.0,93.0,271.83,69.0
training,2026-10-05T22:49:42.397122+00:00,4824.5880888700485,15141.0,85.0,234.56,67.0
training,2026-10-05T22:49:42.397122+00:00,4830.048964209855,15141.0,100.0,276.51,67.0
training,2026-10-05T22:49:42.397122+00:00,4835.447050906718,15141.0,94.0,270.05,68.0
training,2026-10-05T22:49:42.397122+00:00,4840.85614579916,15141.0,99.0,299.81,68.0
training,2026-10-05T22:49:42.397122+00:00,4846.230548635125,15141.0,79.0,265.45,67.0
training,2026-10-05T22:49:42.397122+00:00,4851.6567472964525,15141.0,93.0,290.44,67.0
training,2026-10-05T22:49:42.397122+00:00,4857.058537185192,15141.0,97.0,291.51,68.0
training,2026-10-05T22:49:42.397122+00:00,4862.459821723402,15141.0,93.0,266.22,67.0
training,2026-10-05T22:49:42.397122+00:00,4867.833635993302,15141.0,100.0,280.28,68.0
training,2026-10-05T22:49:42.397122+00:00,4873.236049249768,15141.0,95.0,275.93,67.0
training,2026-10-05T22:49:42.397122+00:00,4878.629161216319,15141.0,95.0,294.88,68.0
training,2026-10-05T22:49:42.397122+00:00,4884.056394323707,15141.0,96.0,285.39,68.0
training,2026-10-05T22:49:42.397122+00:00,4889.448101267219,15141.0,99.0,306.79,67.0
training,2026-10-05T22:49:42.397122+00:00,4894.796715646982,15141.0,96.0,277.18,67.0
training,2026-10-05T22:49:42.397122+00:00,4900.29123750329,15141.0,100.0,287.78,68.0
training,2026-10-05T22:49:42.397122+00:00,4905.736411444843,15141.0,95.0,298.61,68.0
training,2026-10-05T22:49:42.397122+00:00,4911.0980825051665,15141.0,91.0,299.16,66.0
training,2026-10-05T22:49:42.397122+00:00,4916.506612941623,15141.0,90.0,301.04,67.0
training,2026-10-05T22:49:42.397122+00:00,4921.887683182955,15141.0,100.0,282.09,68.0
training,2026-10-05T22:49:42.397122+00:00,4927.286881402135,15141.0,94.0,264.21,69.0
training,2026-10-05T22:49:42.397122+00:00,4932.724422231317,15141.0,100.0,280.83,66.0
training,2026-10-05T22:49:42.397122+00:00,4938.125979274511,15141.0,91.0,285.53,67.0
training,2026-10-05T22:49:42.397122+00:00,4943.555472977459,15141.0,89.0,298.07,68.0
training,2026-10-05T22:49:42.397122+00:00,4948.964222051203,15141.0,100.0,277.42,69.0
training,2026-10-05T22:49:42.397122+00:00,4954.329647257924,15141.0,96.0,281.53,68.0
training,2026-10-05T22:49:42.397122+00:00,4959.734673641622,15141.0,99.0,303.51,68.0
training,2026-10-05T22:49:42.397122+00:00,4965.133123733103,15141.0,96.0,297.2,68.0
training,2026-10-05T22:49:42.397122+00:00,4970.505486436188,15141.0,87.0,299.29,67.0
training,2026-10-05T22:49:42.397122+00:00,4975.889580227435,15141.0,90.0,297.4,70.0
training,2026-10-05T22:49:42.397122+00:00,4981.322017177939,15141.0,95.0,274.38,70.0
training,2026-10-05T22:49:42.397122+00:00,4986.702893957496,15141.0,1.0,180.37,62.0
training,2026-10-05T22:49:42.397122+00:00,4992.129109174013,15141.0,0.0,89.34,58.0
training,2026-10-05T22:49:42.397122+00:00,4997.542863152921,15141.0,82.0,295.61,63.0
training,2026-10-05T22:49:42.397122+00:00,5002.944621294737,15141.0,96.0,274.82,64.0
training,2026-10-05T22:49:42.397122+00:00,5008.380744993687,15141.0,93.0,300.01,64.0
training,2026-10-05T22:49:42.397122+00:00,5013.760662943125,15141.0,95.0,289.8,65.0
training,2026-10-05T22:49:42.397122+00:00,5019.125485904515,15141.0,98.0,271.71,66.0
training,2026-10-05T22:49:42.397122+00:00,5024.537895359099,15141.0,92.0,274.83,64.0
training,2026-10-05T22:49:42.397122+00:00,5029.882018998265,15141.0,88.0,302.73,65.0
training,2026-10-05T22:49:42.397122+00:00,5035.274615988135,15141.0,91.0,272.74,66.0
training,2026-10-05T22:49:42.397122+00:00,5040.6340721175075,15141.0,88.0,292.25,65.0
training,2026-10-05T22:49:42.397122+00:00,5046.030776657164,15141.0,97.0,284.3,67.0
training,2026-10-05T22:49:42.397122+00:00,5051.437246799469,15141.0,96.0,259.1,66.0
training,2026-10-05T22:49:42.397122+00:00,5056.879176065326,15141.0,92.0,236.11,67.0
training,2026-10-05T22:49:42.397122+00:00,5062.27578971535,15141.0,96.0,278.88,67.0
training,2026-10-05T22:49:42.397122+00:00,5067.703618243337,15141.0,95.0,311.26,68.0
training,2026-10-05T22:49:42.397122+00:00,5073.094489559531,15141.0,96.0,283.99,68.0
training,2026-10-05T22:49:42.397122+00:00,5078.491159513593,15141.0,100.0,254.74,66.0
training,2026-10-05T22:49:42.397122+00:00,5083.936497174203,15141.0,91.0,301.28,68.0
training,2026-10-05T22:49:42.397122+00:00,5089.354667700827,15141.0,94.0,263.64,67.0
training,2026-10-05T22:49:42.397122+00:00,5094.761778973043,15141.0,81.0,277.36,68.0
training,2026-10-05T22:49:42.397122+00:00,5100.197612993419,15141.0,100.0,285.52,67.0
training,2026-10-05T22:49:42.397122+00:00,5105.521128356457,15141.0,91.0,306.78,67.0
training,2026-10-05T22:49:42.397122+00:00,5110.919803984463,15141.0,99.0,310.45,67.0
training,2026-10-05T22:49:42.397122+00:00,5116.370258338749,15141.0,99.0,315.43,67.0
training,2026-10-05T22:49:42.397122+00:00,5121.7830872908235,15141.0,100.0,291.77,70.0
training,2026-10-05T22:49:42.397122+00:00,5127.198396570981,15141.0,100.0,286.82,69.0
training,2026-10-05T22:49:42.397122+00:00,5132.618863046169,15141.0,97.0,316.44,66.0
training,2026-10-05T22:49:42.397122+00:00,5138.051687568426,15141.0,96.0,283.28,68.0
training,2026-10-05T22:49:42.397122+00:00,5143.441057913005,15141.0,38.0,291.1,64.0
training,2026-10-05T22:49:42.397122+00:00,5148.882521882653,15141.0,99.0,306.67,68.0
training,2026-10-05T22:49:42.397122+00:00,5154.322527110577,15141.0,86.0,296.23,67.0
training,2026-10-05T22:49:42.397122+00:00,5159.778620250523,15141.0,96.0,275.66,68.0
training,2026-10-05T22:49:42.397122+00:00,5165.114052146673,15141.0,96.0,288.79,69.0
training,2026-10-05T22:49:42.397122+00:00,5170.560891985893,15141.0,98.0,294.91,68.0
training,2026-10-05T22:49:42.397122+00:00,5175.9423052966595,15141.0,99.0,268.16,70.0
training,2026-10-05T22:49:42.397122+00:00,5181.388686813414,15141.0,96.0,270.46,68.0
training,2026-10-05T22:49:42.397122+00:00,5186.742671199143,15141.0,97.0,309.63,68.0
training,2026-10-05T22:49:42.397122+00:00,5192.143575549126,15141.0,97.0,298.84,68.0
training,2026-10-05T22:49:42.397122+00:00,5197.618323713541,15141.0,83.0,233.6,67.0
training,2026-10-05T22:49:42.397122+00:00,5202.987892441452,15141.0,96.0,293.16,66.0
training,2026-10-05T22:49:42.397122+00:00,5208.357487916946,15141.0,90.0,307.42,68.0
training,2026-10-05T22:49:42.397122+00:00,5213.758844174445,15141.0,96.0,302.04,67.0
training,2026-10-05T22:49:42.397122+00:00,5219.180380985141,15141.0,37.0,283.89,65.0
training,2026-10-05T22:49:42.397122+00:00,5224.537504896522,15141.0,81.0,298.01,66.0
training,2026-10-05T22:49:42.397122+00:00,5229.982524737716,15141.0,87.0,273.06,67.0
training,2026-10-05T22:49:42.397122+00:00,5235.317949205637,15141.0,95.0,280.42,67.0
training,2026-10-05T22:49:42.397122+00:00,5240.664795413613,15141.0,95.0,295.92,65.0
training,2026-10-05T22:49:42.397122+00:00,5246.03344553709,15141.0,89.0,308.96,68.0
training,2026-10-05T22:49:42.397122+00:00,5251.40929363668,15141.0,92.0,286.11,67.0
training,2026-10-05T22:49:42.397122+00:00,5256.787028230727,15141.0,99.0,295.89,67.0
training,2026-10-05T22:49:42.397122+00:00,5262.183924898505,15141.0,97.0,322.07,68.0
training,2026-10-05T22:49:42.397122+00:00,5267.651452079415,15141.0,97.0,303.09,66.0
training,2026-10-05T22:49:42.397122+00:00,5272.982429109514,15141.0,87.0,267.33,66.0
training,2026-10-05T22:49:42.397122+00:00,5278.362483203411,15141.0,96.0,261.39,67.0
training,2026-10-05T22:49:42.397122+00:00,5283.727518111467,15141.0,92.0,295.95,67.0
training,2026-10-05T22:49:42.397122+00:00,5289.0552514493465,15141.0,100.0,266.89,69.0
training,2026-10-05T22:49:42.397122+00:00,5294.39708750695,15141.0,91.0,277.0,66.0
training,2026-10-05T22:49:42.397122+00:00,5299.81471838057,15141.0,95.0,292.51,67.0
training,2026-10-05T22:49:42.397122+00:00,5305.241849772632,15141.0,99.0,316.07,67.0
training,2026-10-05T22:49:42.397122+00:00,5310.584697119892,15141.0,96.0,271.97,67.0
training,2026-10-05T22:49:42.397122+00:00,5315.972307682037,15141.0,91.0,268.47,67.0
training,2026-10-05T22:49:42.397122+00:00,5321.46865183115,15141.0,94.0,276.84,68.0
training,2026-10-05T22:49:42.397122+00:00,5326.82572760433,15141.0,91.0,292.68,68.0
training,2026-10-05T22:49:42.397122+00:00,5332.255741424859,15141.0,95.0,275.48,66.0
training,2026-10-05T22:49:42.397122+00:00,5337.7067236453295,15141.0,86.0,290.64,67.0
training,2026-10-05T22:49:42.397122+00:00,5343.120712205768,15141.0,96.0,246.48,68.0
training,2026-10-05T22:49:42.397122+00:00,5348.509496442974,15141.0,81.0,287.44,68.0
training,2026-10-05T22:49:42.397122+00:00,5353.91938393563,15141.0,92.0,287.84,68.0
training,2026-10-05T22:49:42.397122+00:00,5359.319668620825,15141.0,90.0,286.99,66.0
training,2026-10-05T22:49:42.397122+00:00,5364.735830940306,15141.0,93.0,279.33,68.0
training,2026-10-05T22:49:42.397122+00:00,5370.152514889836,15141.0,99.0,291.43,65.0
training,2026-10-05T22:49:42.397122+00:00,5375.584891729057,15141.0,71.0,209.72,66.0
training,2026-10-05T22:49:42.397122+00:00,5380.959084972739,15141.0,91.0,277.76,67.0
training,2026-10-05T22:49:42.397122+00:00,5386.284040734172,15141.0,97.0,316.61,67.0
training,2026-10-05T22:49:42.397122+00:00,5391.678633496165,15141.0,95.0,302.79,68.0
training,2026-10-05T22:49:42.397122+00:00,5397.021493464708,15141.0,0.0,253.34,63.0
training,2026-10-05T22:49:42.397122+00:00,5402.42006201297,15141.0,91.0,286.42,68.0
training,2026-10-05T22:49:42.397122+00:00,5407.828594952822,15141.0,92.0,284.08,67.0
training,2026-10-05T22:49:42.397122+00:00,5413.19661257416,15141.0,95.0,298.91,67.0
training,2026-10-05T22:49:42.397122+00:00,5418.631869547069,15141.0,100.0,280.87,68.0
training,2026-10-05T22:49:42.397122+00:00,5424.018996506929,15141.0,97.0,293.56,68.0
training,2026-10-05T22:49:42.397122+00:00,5429.389368116856,15141.0,99.0,285.06,68.0
training,2026-10-05T22:49:42.397122+00:00,5434.773717597127,15141.0,95.0,276.92,68.0
training,2026-10-05T22:49:42.397122+00:00,5440.208608031273,15141.0,96.0,276.31,69.0
training,2026-10-05T22:49:42.397122+00:00,5445.638746149838,15141.0,98.0,277.95,68.0
training,2026-10-05T22:49:42.397122+00:00,5451.02072891593,15141.0,91.0,282.4,67.0
training,2026-10-05T22:49:42.397122+00:00,5456.435912810266,15141.0,95.0,303.88,69.0
training,2026-10-05T22:49:42.397122+00:00,5461.802717089653,15141.0,91.0,316.52,68.0
training,2026-10-05T22:49:42.397122+00:00,5467.161751151085,15141.0,88.0,300.26,67.0
training,2026-10-05T22:49:42.397122+00:00,5472.49355904758,15141.0,93.0,285.63,69.0
training,2026-10-05T22:49:42.397122+00:00,5477.877133525908,15141.0,90.0,273.48,68.0
training,2026-10-05T22:49:42.397122+00:00,5483.314111150801,15141.0,95.0,305.77,69.0
training,2026-10-05T22:49:42.397122+00:00,5488.687810592353,15141.0,90.0,295.2,69.0
training,2026-10-05T22:49:42.397122+00:00,5494.095801383257,15141.0,96.0,299.94,68.0
training,2026-10-05T22:49:42.397122+00:00,5499.510754100978,15141.0,89.0,280.63,70.0
training,2026-10-05T22:49:42.397122+00:00,5504.831926584244,15141.0,91.0,286.3,70.0
training,2026-10-05T22:49:42.397122+00:00,5510.326431341469,15141.0,99.0,278.39,69.0
training,2026-10-05T22:49:42.397122+00:00,5515.745204433799,15141.0,94.0,302.59,71.0
training,2026-10-05T22:49:42.397122+00:00,5521.12891369313,15141.0,100.0,269.58,67.0
training,2026-10-05T22:49:42.397122+00:00,5526.518339820206,15141.0,91.0,281.15,67.0
training,2026-10-05T22:49:42.397122+00:00,5531.9094028919935,15141.0,98.0,280.02,70.0
training,2026-10-05T22:49:42.397122+00:00,5537.33866737783,15141.0,92.0,270.76,68.0
training,2026-10-05T22:49:42.397122+00:00,5542.726597644389,15141.0,89.0,272.95,70.0
training,2026-10-05T22:49:42.397122+00:00,5548.093815051019,15141.0,100.0,265.93,68.0
training,2026-10-05T22:49:42.397122+00:00,5553.521443262696,15141.0,98.0,239.43,69.0
training,2026-10-05T22:49:42.397122+00:00,5558.877760723233,15141.0,96.0,310.72,68.0
training,2026-10-05T22:49:42.397122+00:00,5564.267245322466,15141.0,79.0,272.85,66.0
training,2026-10-05T22:49:42.397122+00:00,5569.631763659418,15141.0,100.0,263.23,70.0
training,2026-10-05T22:49:42.397122+00:00,5575.051428213716,15141.0,91.0,251.77,66.0
training,2026-10-05T22:49:42.397122+00:00,5580.46018409729,15141.0,87.0,282.22,70.0
training,2026-10-05T22:49:42.397122+00:00,5585.766535505652,15141.0,89.0,284.96,69.0
training,2026-10-05T22:49:42.397122+00:00,5591.171591214836,15141.0,91.0,264.5,66.0
training,2026-10-05T22:49:42.397122+00:00,5596.540719285607,15141.0,100.0,302.79,68.0
training,2026-10-05T22:49:42.397122+00:00,5601.867942050099,15141.0,100.0,285.31,69.0
training,2026-10-05T22:49:42.397122+00:00,5607.175705000758,15141.0,89.0,287.58,68.0
training,2026-10-05T22:49:42.397122+00:00,5612.494532853365,15141.0,96.0,297.19,68.0
training,2026-10-05T22:49:42.397122+00:00,5617.919971041381,15141.0,91.0,295.93,68.0
training,2026-10-05T22:49:42.397122+00:00,5623.2974940389395,15141.0,88.0,301.65,67.0
training,2026-10-05T22:49:42.397122+00:00,5628.653151169419,15141.0,97.0,282.13,66.0
training,2026-10-05T22:49:42.397122+00:00,5634.031456202269,15141.0,96.0,304.81,67.0
training,2026-10-05T22:49:42.397122+00:00,5639.41254825145,15141.0,99.0,267.6,69.0
training,2026-10-05T22:49:42.397122+00:00,5644.784747585654,15141.0,93.0,284.47,68.0
training,2026-10-05T22:49:42.397122+00:00,5650.226997837424,15141.0,95.0,230.89,69.0
training,2026-10-05T22:49:42.397122+00:00,5655.615421362221,15141.0,95.0,295.98,69.0
training,2026-10-05T22:49:42.397122+00:00,5661.015054069459,15141.0,89.0,304.33,68.0
training,2026-10-05T22:49:42.397122+00:00,5666.360953271389,15141.0,86.0,283.09,68.0
training,2026-10-05T22:49:42.397122+00:00,5671.725323714316,15141.0,0.0,272.05,65.0
training,2026-10-05T22:49:42.397122+00:00,5677.108000166714,15141.0,96.0,293.02,68.0
training,2026-10-05T22:49:42.397122+00:00,5682.4977722242475,15141.0,99.0,304.57,67.0
training,2026-10-05T22:49:42.397122+00:00,5687.92451890558,15141.0,95.0,298.28,68.0
training,2026-10-05T22:49:42.397122+00:00,5693.315705314279,15141.0,97.0,285.02,68.0
training,2026-10-05T22:49:42.397122+00:00,5698.720914117992,15141.0,100.0,276.34,68.0
training,2026-10-05T22:49:42.397122+00:00,5704.10985968262,15141.0,96.0,305.83,67.0
training,2026-10-05T22:49:42.397122+00:00,5709.463067129254,15141.0,96.0,273.88,68.0
training,2026-10-05T22:49:42.397122+00:00,5714.805590182543,15141.0,90.0,268.19,68.0
training,2026-10-05T22:49:42.397122+00:00,5720.245334006846,15141.0,96.0,282.72,68.0
training,2026-10-05T22:49:42.397122+00:00,5725.649470344186,15141.0,97.0,283.81,68.0
training,2026-10-05T22:49:42.397122+00:00,5730.975942417979,15141.0,96.0,305.35,67.0
training,2026-10-05T22:49:42.397122+00:00,5736.381321705878,15141.0,96.0,312.76,69.0
training,2026-10-05T22:49:42.397122+00:00,5741.855568103492,15141.0,91.0,286.04,68.0
training,2026-10-05T22:49:42.397122+00:00,5747.190198905766,15141.0,92.0,301.45,68.0
training,2026-10-05T22:49:42.397122+00:00,5752.565220378339,15141.0,90.0,293.25,68.0
training,2026-10-05T22:49:42.397122+00:00,5757.925795733929,15141.0,95.0,292.47,69.0
training,2026-10-05T22:49:42.397122+00:00,5763.328874759376,15141.0,99.0,312.33,67.0
training,2026-10-05T22:49:42.397122+00:00,5768.724364303052,15141.0,100.0,279.51,69.0
training,2026-10-05T22:49:42.397122+00:00,5774.085036918521,15141.0,96.0,292.12,69.0
training,2026-10-05T22:49:42.397122+00:00,5779.508484967053,15141.0,99.0,300.7,68.0
training,2026-10-05T22:49:42.397122+00:00,5784.871116138995,15141.0,100.0,294.61,69.0
training,2026-10-05T22:49:42.397122+00:00,5790.342931643128,15141.0,96.0,299.47,68.0
training,2026-10-05T22:49:42.397122+00:00,5795.764389462769,15141.0,92.0,290.11,70.0
training,2026-10-05T22:49:42.397122+00:00,5801.107237711549,15141.0,92.0,308.55,68.0
training,2026-10-05T22:49:42.397122+00:00,5806.52497664094,15141.0,0.0,92.53,61.0
training,2026-10-05T22:49:42.397122+00:00,5811.877846434712,15141.0,0.0,89.48,58.0
training,2026-10-05T22:49:42.397122+00:00,5817.262710288167,15141.0,97.0,292.16,65.0
training,2026-10-05T22:49:42.397122+00:00,5822.612781658769,15141.0,88.0,298.36,66.0
training,2026-10-05T22:49:42.397122+00:00,5828.02514962852,15141.0,99.0,295.21,66.0
training,2026-10-05T22:49:42.397122+00:00,5833.440055072308,15141.0,90.0,302.68,65.0
training,2026-10-05T22:49:42.397122+00:00,5838.806111142039,15141.0,100.0,270.54,66.0
training,2026-10-05T22:49:42.397122+00:00,5844.269929282367,15141.0,92.0,258.08,66.0
training,2026-10-05T22:49:42.397122+00:00,5849.642463549972,15141.0,90.0,293.85,67.0
training,2026-10-05T22:49:42.397122+00:00,5855.075647138059,15141.0,93.0,304.73,67.0
training,2026-10-05T22:49:42.397122+00:00,5860.467172600329,15141.0,99.0,304.63,67.0
training,2026-10-05T22:49:42.397122+00:00,5865.83368216455,15141.0,99.0,285.35,69.0
training,2026-10-05T22:49:42.397122+00:00,5871.251446716487,15141.0,97.0,285.72,68.0
training,2026-10-05T22:49:42.397122+00:00,5876.611500836909,15141.0,83.0,300.81,67.0
training,2026-10-05T22:49:42.397122+00:00,5881.964578606188,15141.0,97.0,263.25,67.0
training,2026-10-05T22:49:42.397122+00:00,5887.371332772076,15141.0,89.0,288.9,67.0
training,2026-10-05T22:49:42.397122+00:00,5892.747381910682,15141.0,93.0,300.04,68.0
training,2026-10-05T22:49:42.397122+00:00,5898.15741854161,15141.0,96.0,300.95,69.0
training,2026-10-05T22:49:42.397122+00:00,5903.552449919283,15141.0,89.0,250.97,68.0
training,2026-10-05T22:49:42.397122+00:00,5908.9285973683,15141.0,94.0,279.9,68.0
training,2026-10-05T22:49:42.397122+00:00,5914.32127186656,15141.0,98.0,313.8,68.0
training,2026-10-05T22:49:42.397122+00:00,5919.651549778879,15141.0,96.0,300.56,68.0
training,2026-10-05T22:49:42.397122+00:00,5925.001612558961,15141.0,58.0,282.99,65.0
training,2026-10-05T22:49:42.397122+00:00,5930.460332773626,15141.0,89.0,301.03,67.0
training,2026-10-05T22:49:42.397122+00:00,5935.853845976293,15141.0,95.0,292.79,67.0
training,2026-10-05T22:49:42.397122+00:00,5941.224387802184,15141.0,91.0,318.31,70.0
training,2026-10-05T22:49:42.397122+00:00,5946.543363764882,15141.0,97.0,295.75,70.0
training,2026-10-05T22:49:42.397122+00:00,5951.889654144645,15141.0,95.0,274.75,69.0
training,2026-10-05T22:49:42.397122+00:00,5957.210321754217,15141.0,95.0,281.16,68.0
training,2026-10-05T22:49:42.397122+00:00,5962.608869209886,15141.0,97.0,290.8,70.0
training,2026-10-05T22:49:42.397122+00:00,5967.962293021381,15141.0,97.0,306.71,69.0
training,2026-10-05T22:49:42.397122+00:00,5973.382281400263,15141.0,99.0,301.3,68.0
training,2026-10-05T22:49:42.397122+00:00,5978.764142610133,15141.0,88.0,284.44,70.0
training,2026-10-05T22:49:42.397122+00:00,5984.160070963204,15141.0,97.0,296.76,68.0
training,2026-10-05T22:49:42.397122+00:00,5989.565972417593,15141.0,96.0,288.97,69.0
training,2026-10-05T22:49:42.397122+00:00,5994.965028256178,15141.0,94.0,278.08,68.0
training,2026-10-05T22:49:42.397122+00:00,6000.349417410791,15141.0,84.0,279.91,70.0
training,2026-10-05T22:49:42.397122+00:00,6005.730182379484,15141.0,97.0,285.78,70.0
training,2026-10-05T22:49:42.397122+00:00,6011.094890974462,15141.0,94.0,276.04,69.0
training,2026-10-05T22:49:42.397122+00:00,6016.418752558529,15141.0,97.0,306.42,68.0
training,2026-10-05T22:49:42.397122+00:00,6021.812256574631,15141.0,98.0,288.17,68.0
training,2026-10-05T22:49:42.397122+00:00,6027.221021793783,15141.0,99.0,296.91,69.0
training,2026-10-05T22:49:42.397122+00:00,6032.621871173382,15141.0,100.0,290.28,69.0
training,2026-10-05T22:49:42.397122+00:00,6038.029790975153,15141.0,97.0,319.96,68.0
training,2026-10-05T22:49:42.397122+00:00,6043.4269693642855,15141.0,100.0,306.62,67.0
training,2026-10-05T22:49:42.397122+00:00,6048.849326327443,15141.0,87.0,289.73,70.0
training,2026-10-05T22:49:42.397122+00:00,6054.236489586532,15141.0,87.0,306.39,69.0
training,2026-10-05T22:49:42.397122+00:00,6059.616740450263,15141.0,96.0,305.04,69.0
training,2026-10-05T22:49:42.397122+00:00,6064.98046605289,15141.0,99.0,304.11,69.0
training,2026-10-05T22:49:42.397122+00:00,6070.343799903989,15141.0,90.0,299.47,68.0
training,2026-10-05T22:49:42.397122+00:00,6075.717744641006,15141.0,95.0,294.79,69.0
training,2026-10-05T22:49:42.397122+00:00,6081.106383413076,15141.0,96.0,286.69,69.0
training,2026-10-05T22:49:42.397122+00:00,6086.556682191789,15141.0,96.0,295.22,70.0
training,2026-10-05T22:49:42.397122+00:00,6091.893287025392,15141.0,96.0,325.45,69.0
training,2026-10-05T22:49:42.397122+00:00,6097.340736448765,15141.0,91.0,292.24,68.0
training,2026-10-05T22:49:42.397122+00:00,6102.753758244216,15141.0,99.0,289.67,71.0
training,2026-10-05T22:49:42.397122+00:00,6108.132336817682,15141.0,96.0,310.87,68.0
training,2026-10-05T22:49:42.397122+00:00,6113.518131628633,15141.0,96.0,295.66,70.0
training,2026-10-05T22:49:42.397122+00:00,6118.937595136464,15141.0,83.0,277.77,70.0
training,2026-10-05T22:49:42.397122+00:00,6124.358381718397,15141.0,97.0,308.58,69.0
training,2026-10-05T22:49:42.397122+00:00,6129.744895331562,15141.0,97.0,302.79,69.0
training,2026-10-05T22:49:42.397122+00:00,6135.1765360459685,15141.0,100.0,287.31,69.0
training,2026-10-05T22:49:42.397122+00:00,6140.519986741245,15141.0,97.0,275.09,70.0
training,2026-10-05T22:49:42.397122+00:00,6145.915671028197,15141.0,89.0,280.13,67.0
training,2026-10-05T22:49:42.397122+00:00,6151.328149497509,15141.0,97.0,297.58,69.0
training,2026-10-05T22:49:42.397122+00:00,6156.6732759177685,15141.0,91.0,253.58,70.0
training,2026-10-05T22:49:42.397122+00:00,6162.028813444078,15141.0,97.0,293.79,69.0
training,2026-10-05T22:49:42.397122+00:00,6167.419687636197,15141.0,98.0,286.6,68.0
training,2026-10-05T22:49:42.397122+00:00,6172.858005493879,15141.0,97.0,296.78,67.0
training,2026-10-05T22:49:42.397122+00:00,6178.289064720273,15141.0,91.0,278.07,68.0
training,2026-10-05T22:49:42.397122+00:00,6183.68846963346,15141.0,89.0,280.23,67.0
training,2026-10-05T22:49:42.397122+00:00,6189.104569688439,15141.0,89.0,274.87,67.0
training,2026-10-05T22:49:42.397122+00:00,6194.490630783141,15141.0,89.0,271.2,70.0
training,2026-10-05T22:49:42.397122+00:00,6199.832460545003,15141.0,96.0,255.15,68.0
training,2026-10-05T22:49:42.397122+00:00,6205.191997744143,15141.0,96.0,295.72,68.0
training,2026-10-05T22:49:42.397122+00:00,6210.571053363383,15141.0,84.0,289.91,69.0
training,2026-10-05T22:49:42.397122+00:00,6216.011840939522,15141.0,95.0,304.41,68.0
training,2026-10-05T22:49:42.397122+00:00,6221.384009413421,15141.0,96.0,291.51,69.0
training,2026-10-05T22:49:42.397122+00:00,6226.780561447144,15141.0,100.0,278.37,69.0
training,2026-10-05T22:49:42.397122+00:00,6232.141485758126,15141.0,92.0,279.15,69.0
training,2026-10-05T22:49:42.397122+00:00,6237.533772960305,15141.0,97.0,314.92,69.0
training,2026-10-05T22:49:42.397122+00:00,6242.918537214398,15141.0,95.0,309.51,69.0
training,2026-10-05T22:49:42.397122+00:00,6248.330990999937,15141.0,92.0,289.08,68.0
training,2026-10-05T22:49:42.397122+00:00,6253.749264165759,15141.0,89.0,270.83,68.0
training,2026-10-05T22:49:42.397122+00:00,6259.086658485234,15141.0,99.0,260.47,70.0
training,2026-10-05T22:49:42.397122+00:00,6264.448485016823,15141.0,92.0,301.74,68.0
training,2026-10-05T22:49:42.397122+00:00,6269.746982239187,15141.0,89.0,277.29,68.0
training,2026-10-05T22:49:42.397122+00:00,6275.175704836845,15141.0,95.0,301.18,68.0
training,2026-10-05T22:49:42.397122+00:00,6280.5835711658,15141.0,99.0,301.62,67.0
training,2026-10-05T22:49:42.397122+00:00,6285.938900776207,15141.0,95.0,312.63,69.0
training,2026-10-05T22:49:42.397122+00:00,6291.327778622508,15141.0,96.0,308.54,68.0
training,2026-10-05T22:49:42.397122+00:00,6296.742489725351,15141.0,88.0,301.69,68.0
training,2026-10-05T22:49:42.397122+00:00,6302.147484265268,15141.0,92.0,292.89,70.0
training,2026-10-05T22:49:42.397122+00:00,6307.531880766153,15141.0,100.0,294.55,69.0
training,2026-10-05T22:49:42.397122+00:00,6312.956277310848,15141.0,88.0,265.74,70.0
training,2026-10-05T22:49:42.397122+00:00,6318.417132973671,15141.0,96.0,257.53,69.0
training,2026-10-05T22:49:42.397122+00:00,6323.74779176712,15141.0,97.0,288.34,69.0
training,2026-10-05T22:49:42.397122+00:00,6329.15955413878,15141.0,89.0,309.63,69.0
training,2026-10-05T22:49:42.397122+00:00,6334.5323140099645,15141.0,96.0,305.74,67.0
training,2026-10-05T22:49:42.397122+00:00,6339.883523359895,15141.0,93.0,298.3,69.0
training,2026-10-05T22:49:42.397122+00:00,6345.300510980189,15141.0,95.0,278.04,69.0
training,2026-10-05T22:49:42.397122+00:00,6350.6785187497735,15141.0,99.0,284.43,68.0
training,2026-10-05T22:49:42.397122+00:00,6356.061099365354,15141.0,99.0,301.51,68.0
training,2026-10-05T22:49:42.397122+00:00,6361.487403914332,15141.0,99.0,312.75,69.0
training,2026-10-05T22:49:42.397122+00:00,6366.905131481588,15141.0,87.0,286.93,70.0
training,2026-10-05T22:49:42.397122+00:00,6372.288462497294,15141.0,86.0,288.38,70.0
training,2026-10-05T22:49:42.397122+00:00,6377.668868295848,15141.0,99.0,251.86,71.0
training,2026-10-05T22:49:42.397122+00:00,6383.052056089044,15141.0,86.0,285.95,69.0
training,2026-10-05T22:49:42.397122+00:00,6388.420423224568,15141.0,95.0,283.29,68.0
training,2026-10-05T22:49:42.397122+00:00,6393.791671231389,15141.0,99.0,301.62,68.0
training,2026-10-05T22:49:42.397122+00:00,6399.168912932277,15141.0,0.0,264.39,67.0
training,2026-10-05T22:49:42.397122+00:00,6404.585501857102,15141.0,96.0,299.75,69.0
training,2026-10-05T22:49:42.397122+00:00,6410.013954676688,15141.0,90.0,269.49,69.0
training,2026-10-05T22:49:42.397122+00:00,6415.385991454124,15141.0,96.0,318.5,69.0
training,2026-10-05T22:49:42.397122+00:00,6420.756111808121,15141.0,97.0,311.47,68.0
training,2026-10-05T22:49:42.397122+00:00,6426.1534668803215,15141.0,90.0,310.27,68.0
training,2026-10-05T22:49:42.397122+00:00,6431.523349225521,15141.0,96.0,297.89,69.0
training,2026-10-05T22:49:42.397122+00:00,6436.857726074755,15141.0,99.0,284.76,69.0
training,2026-10-05T22:49:42.397122+00:00,6442.252303801477,15141.0,88.0,287.01,66.0
training,2026-10-05T22:49:42.397122+00:00,6447.604984454811,11739.0,46.0,135.19,62.0
training,2026-10-05T22:49:42.397122+00:00,6452.911436937749,1137.0,0.0,90.33,58.0
training,2026-10-05T22:49:42.397122+00:00,6458.298499941826,1137.0,0.0,88.96,56.0
diagnostics,2026-10-06T00:37:52.601682+00:00,0.3557857573032379,0.0,0.0,90.89,51.0
diagnostics,2026-10-06T00:37:52.601682+00:00,5.734113037586212,0.0,0.0,62.53,49.0
diagnostics,2026-10-06T00:37:52.601682+00:00,11.069270983338356,0.0,0.0,34.22,46.0
diagnostics,2026-10-06T00:37:52.601682+00:00,16.44664817303419,2973.0,96.0,156.51,51.0
diagnostics,2026-10-06T00:37:52.601682+00:00,21.85284961760044,2973.0,32.0,208.77,50.0
diagnostics,2026-10-06T00:37:52.601682+00:00,27.173655293881893,2973.0,20.0,211.89,53.0
diagnostics,2026-10-06T00:37:52.601682+00:00,32.52507205307484,2973.0,8.0,207.45,53.0
diagnostics,2026-10-06T00:37:52.601682+00:00,37.856501027941704,4983.0,94.0,203.62,53.0
diagnostics,2026-10-06T00:37:52.601682+00:00,43.21473753452301,4983.0,26.0,210.71,52.0
diagnostics,2026-10-06T00:37:52.601682+00:00,48.531833209097385,4983.0,95.0,207.88,54.0
diagnostics,2026-10-06T00:37:52.601682+00:00,53.92658957093954,4983.0,12.0,218.02,52.0
diagnostics,2026-10-06T00:37:52.601682+00:00,59.33640357106924,4983.0,97.0,217.05,55.0
diagnostics,2026-10-06T00:37:52.601682+00:00,64.66137095540762,4983.0,95.0,220.75,53.0
diagnostics,2026-10-06T00:37:52.601682+00:00,70.08120792359114,4983.0,83.0,207.27,55.0
diagnostics,2026-10-06T00:37:52.601682+00:00,75.41740521043539,4983.0,97.0,209.07,56.0
diagnostics,2026-10-06T00:37:52.601682+00:00,80.78349667042494,4983.0,94.0,202.5,55.0
diagnostics,2026-10-06T00:37:52.601682+00:00,86.17134108394384,4983.0,70.0,213.33,55.0
diagnostics,2026-10-06T00:37:52.601682+00:00,91.5278126001358,4983.0,58.0,212.15,54.0
diagnostics,2026-10-06T00:37:52.601682+00:00,96.92348270863295,4985.0,38.0,206.97,55.0
diagnostics,2026-10-06T00:37:52.601682+00:00,102.30513765662909,4985.0,24.0,212.17,56.0
diagnostics,2026-10-06T00:37:52.601682+00:00,107.71629702299833,4985.0,36.0,210.17,52.0
diagnostics,2026-10-06T00:37:52.601682+00:00,113.05595450103283,4985.0,94.0,223.26,54.0
diagnostics,2026-10-06T00:37:52.601682+00:00,118.37736655026674,3005.0,30.0,165.84,53.0
diagnostics,2026-10-06T00:37:52.601682+00:00,123.74962754547596,3005.0,94.0,213.13,54.0
diagnostics,2026-10-06T00:37:52.601682+00:00,129.09873396158218,5003.0,96.0,209.92,57.0
diagnostics,2026-10-06T00:37:52.601682+00:00,134.40495494753122,641.0,0.0,86.93,50.0
diagnostics,2026-10-06T00:37:52.601682+00:00,139.78140477091074,3005.0,95.0,209.03,55.0
diagnostics,2026-10-06T00:37:52.601682+00:00,145.13522348552942,5003.0,95.0,206.43,56.0
diagnostics,2026-10-06T00:37:52.601682+00:00,150.5263986736536,5003.0,66.0,203.1,54.0
performance,2026-10-06T00:40:25.806103+00:00,0.3614557310938835,0.0,0.0,86.77,50.0
performance,2026-10-06T00:40:25.806103+00:00,5.801979683339596,433.0,0.0,65.79,47.0
performance,2026-10-06T00:40:25.806103+00:00,11.10240212827921,919.0,3.0,87.92,47.0
performance,2026-10-06T00:40:25.806103+00:00,16.452791906893253,957.0,0.0,83.51,46.0
performance,2026-10-06T00:40:25.806103+00:00,21.767488688230515,1809.0,77.0,258.63,51.0
