key,group,split,tp,fp,fn,tn,support,predicted_pixels,iou,precision,recall,iou:person,iou:truck,iou:rail-track,iou:vegetation-overgrowth,iou:car,iou:on-rails,iou:traffic-sign,iou:road,iou:sidewalk,iou:construction,iou:tram-track,iou:pole,iou:traffic-light,iou:mud-pumping,iou:fence,iou:terrain,iou:sky,iou:rail-embedded,iou:rail-raised,iou:trackbed,iou:standing-water,image_sha256,mask_decoded_sha256,prediction_sha256
flooded-road-crossing/0272,flooded-road-crossing,train,0,0,0,2073600,0,0,,,,,,,,0.965588925846214,,,0.8365486240686857,,0.753047011027278,,0.03404539385847797,,,,0.9492746774060985,0.9883912919001808,,,,0.9355676033732606,1a64c22d40183eaa53211aeb2ab21c5cbf2a328ca7b2d6716a58fff64bb7291d,2ae0b928ea09fecae228600e65afc5ccf5aeab55c6186e155c041878168d2b7b,603123b7dac9d16d75b02e68e216ff8ea8b3cc2e49ead539cbcffe3b095250e3
flooded-road-crossing/0273,flooded-road-crossing,train,0,0,0,2073600,0,0,,,,,,,,,,,,,0.8566605731807996,,,,,0.0,0.9494402395254123,0.0,,,,0.9928528438629465,4f42631f3a3bf1174b11d6978aa00479044e989be0e1722cf53a2a7d698ca4da,d71932fbc886eb13c90b1ecf925dd2ed196974dc2b78b22dae98b2b052263ceb,a8d234f6a5da646909a19cb187c3aff52e05dd3f7bfbf4c3245fea3c377b5124
flooded-road-crossing/0274,flooded-road-crossing,train,0,0,0,2073600,0,0,,,,,,0.0,,,,,0.952893902120692,,0.0,,,,,,0.9458412149606858,,,,,0.9697798437829578,5eac815d6dcafeaed42ca25116f35fe30e4598159ae3b155d664bf6b7378427a,92f986c0cf867798fb963a56a3cc9a99da42fa01c35481b1810a31fc272e5aab,69f1b7a40deca0bee9a187678b2efab9ec5f71fdfb62e851cc48008aec3ad301
flooded-station-platform/0298,flooded-station-platform,train,0,0,0,2073600,0,0,,,,0.9254899145789964,,0.8665844933613794,,,0.9659458109866472,,,0.9874594807768148,0.9738040322589089,,,,,,,,,0.9035216227637696,,0.9369546621043627,f0194c9f5092ef4a9f5211064d986408ef94a7c44752b254cf2a6cb67600d64a,9c2a8282ac3b685c1b4f7d0eada263e2c6deb4d18423159e43b764c65f2afc9f,be3f04986ed7db0072b4232789c346230691b9e78f146c7cb994966810e08de5
flooded-station-platform/0299,flooded-station-platform,train,0,0,0,2073600,0,0,,,,,,0.9270083879906896,,,,,,0.9562022585460497,0.9364919792410012,,,,,,,,,0.9440356022865095,,0.9786894338449109,2e8151e2e6b02fcc2163c50aa86d9e5e0134c8e81d7ed74c33832a121b91dcaf,ac007d07fbb9218cd6a46518c8161c36b300c81f837d4ca78ee881cc5c1285ad,5285470a74f86c7cccd0f9f1a6d91f62a7f60e3b1a2823232c0396d21d38f820
flooded-station-platform/0300,flooded-station-platform,train,0,0,0,1958520,0,0,,,,,,0.9392400431752072,,,,,,0.0,0.99107233076853,,,,,,,,,0.9301679524227912,,0.9616538041084044,aa5009748eb469829d461d7b4e9a1e63aced662acde1baab34479670671c9cfc,71b71d95fce3df9c264c4586d0b956bfa611ac012f0c0847d66c466d4e709978,6839dd9ebce4f1e09fc73d4d5a9fc1214a764bc35b77487d2b11cf37bc93b624
flooded-station-platform/0301,flooded-station-platform,train,0,0,0,2073600,0,0,,,,,,0.9769375703925139,,,,,,,0.9950453368997668,,,,,,,,,0.9682923229528847,,0.9868449291548956,b6bfd2eb1a154fe26098279bca8d8165e5aa045fad56b687663d941cba56bfda,7894d14854f9ccbb4158b0466157085afe2d2c32ff1bb92ff09db44e499d08ca,d2e246d660f98ee19435a39197a6cf773d46b4af2db6c9a5b3b74d13541b2d49
flooded-station-platform/0302,flooded-station-platform,train,0,0,0,2073600,0,0,,,,,,0.9821015964587461,,,,,,0.0,0.9881716425224942,,,,,,,,,0.9663293820787286,,0.9921865493699791,0758d8245392d38d69bb520d6aa46dd39d38ccdfa9c8011ae15e78d2a3d0dfae,00ea88ab0410bcf15bd3202f7dbdea2d25333ff4bec6c06d01c990410360a826,49285ba6737fbb881dc133d4170051d4495ebf808f479649477453c5cb898077
flooded-station-platform/0303,flooded-station-platform,train,0,0,0,2073600,0,0,,,,0.0,,0.9573640899371477,0.05306718597857838,,0.8508708272859217,0.299331810877104,,0.9672855182640064,0.9169363382352638,,0.6027134263407142,0.5259675818723123,,0.5828684694888857,0.9070346048492243,0.8099029126213593,,0.8372278525186773,0.8838928497265869,0.9282015706079862,e62cac97ea08c225e113869af1e24539312d59ae8b1ea981d8625c7d8c85968b,e39d3cc9f2e733f410aab08b883c5b815fc0b7cec4923951527119e1188c966a,c9feb0177137dc23f2a965c55ba39e0597738b8505b2d1b4c667ba603ef0f8d7
flooded-station-platform/0304,flooded-station-platform,train,0,0,0,2073600,0,0,,,,,,0.9293489986335923,,,,,,,0.9931871163833805,,,,,,,,,0.9302486239703243,,0.9681505848145738,c9797d293e9f42ce5aacd15adf5adeae5aabd49c586206b065f6f9ae8218987a,fdcfa33e5312540d1fe6a49626ab748f10be173352f093e26fb20c90e293784a,e0bfe56cd9a824facb853968a8de218b22381c079e45ae09b7f3c842a60084b5
flooded-station-platform/0305,flooded-station-platform,train,0,0,0,2073600,0,0,,,,,,0.954268979042991,,,,,,0.8590399790362596,0.995416366200226,,,,,,,,,0.9015466970982551,,0.9795537235834175,10d64186056082ebd4e47902c4c0de8902ac70f0ef5c2e64b7a35ce344eeda23,e7d2de4d96aec0a8b3246ae5cbcc210d76914bab2c93070d8a83137bb7c9c701,27042cfa2b72e7e0ad1a3a788bbd30efe09a029cf6123fc75dab2807085f99cd
flooded-stone-bridge/0270,flooded-stone-bridge,train,0,0,0,589824,0,0,,,,,,0.0,0.9880400257922767,,,,,,,,,,,,,0.7102177554438861,,0.8086004066330548,0.3021624780829924,0.9416500869431061,d8aff7595858cbf04c9e2b85dc09bc865c9a2ad58b92c41e823fb4a084f4bada,fd6955216cc66b2eee2cfcf1242e63211c7bcc1bf86fb2ab9d8a15726ce917af,c907ee54b1ac744d0e48d0c781e450fa5b66bf55801be0c94bec964cbf9212be
flooded-stone-bridge/0271,flooded-stone-bridge,train,0,0,0,698368,0,0,,,,,,,,,,,,,0.9511965539246968,,0.5730691569914185,,,,0.8071156404301851,0.9638451722671204,,0.5595594020456334,,0.9290999234332239,f5180763e414fb42a131798a9a989ba50a68fa194643d48809aba9a9130498ed,2368f3e5da46a76defb9ae32ea5cfde760f7cd9dad6b26b038b2df07dbeee742,72e47465072c84f606fcf6b32e2c06c17659f75876a6880a1d1d13800ba15d8f
flooded-stone-bridge/0310,flooded-stone-bridge,train,0,0,0,921222,0,0,,,,,,0.4872867888547516,,0.8605393896380412,,0.7622133599202393,0.7770637666831438,0.0,0.9175089370065657,,0.7191986973898455,0.0,,0.8539670658682634,0.939341156337856,0.9485986765278318,,0.8463564972962071,0.8507757182158481,0.8583844998460292,244d2e5e9d27aab38bd91e338efee542e9ef1b32b81f5b1d04e493988fd9fb15,e7400d491f361454e85ea2bdd892beb8058b0cd329a928274504f090705578d3,91004307625ef0d486f6f423bf252a1eb70e54b3dc7e3a05996b99ddf15468f7
flooded-stone-bridge/0311,flooded-stone-bridge,train,0,0,0,921600,0,0,,,,0.0,,0.3368774482372692,,0.0,,0.43934426229508194,,,0.9713305491609422,,0.6676290463692038,0.06691449814126393,,0.619443345205118,0.9068150360802464,0.9390795227154821,,0.6893761373875864,0.5433776749566224,0.9271910128103183,3ec9872d416c77c2223a85177374f753b9fa22546177d378a402366f3a00fac8,1f576c93da65df63c0f97c19e0f4a5a88fa854a978139bb0b399a9b0722ff0ce,c183347251ae54a1e13a460af782057abb3209e542dc356f1a439b69098ca3f4
green-roadside-cab-view/0174,green-roadside-cab-view,train,0,10,0,2066870,0,10,0.0,0.0,,,,0.9771017910638027,,,,,0.9576818538444295,,0.8432147562582345,,0.7750305287211791,,0.0,0.7819424799622819,0.9674215816882645,0.989207611474013,,0.8364061640066043,0.9190937931281702,,ac8756b81048f48af6d2c3fee710b8b43f34a4e658cde8c09bb9f690902790e5,1d89a374fa0d7ed2a6e6429295a1bbd6e07539abb712f5298181462289d6c8e5,f4506be1e1901cc5e5ecc7d12eb37b57616d062782c3a7c1cead23a5f6e707a5
green-roadside-cab-view/0200,green-roadside-cab-view,train,0,0,0,2068190,0,0,,,,,,0.8451157758615171,0.36293436293436293,,,0.6736035049288062,0.9230149765729585,,,0.9461298554011908,0.7385578302255835,,,,0.9784543676456671,0.9908907532294741,0.7148821950492097,0.1469828070569727,,,647d89550b9094d69144e9eb687405a9b548e981193dfb8682ee2e38bdb37aa6,f46c80584a147ea51bb34d9112360631c5f11d0019df6dd603d23b6e150c5218,8fb2a1936c55c0ce5004d63663d9f9986fcb53108aa949ff80c1c4117ff3e144
green-roadside-cab-view/0201,green-roadside-cab-view,train,0,0,0,1982593,0,0,,,,,,0.9688257530809784,,,,,0.8848746292801294,,,0.9100546813971655,0.8213154960981048,,,,0.9860273830221483,0.9901335181556012,0.8147810218978102,0.8344152698381939,0.8986366862746697,,cec5a4a2267098df2b64c119ce4e99aacc9014722b05125b92bd8da623cddee4,55581854220617568ef435d0ce1a25842c7ab9554e57da4b56132ea6a7b2c5f0,123e2e0ba7eb2badf6964a1d162a8d1b5356d363cff3c8641c86b4e91321f98a
green-roadside-cab-view/0202,green-roadside-cab-view,train,0,0,0,2067734,0,0,,,,,,0.9359805272881903,0.7722623345367028,,,0.7439446366782007,0.9027539628462109,0.39186923721709976,0.9181320154771482,0.974357733804248,0.7128175436057032,,,0.8363038757263318,0.9500272394241538,0.9876061571125265,0.8085185185185185,0.5990019317450097,0.8602943937516428,,318bdc8615a85a559ef35aac3c3b7f2506709bbb305ce03e4e8ea37ade4d7da2,0f3fd0d5280d3287ce8cec97acdffe99355f4a4f1aa7868d9c5c404b03adc696,6aa96db78fc1a9cad42e2bf16ccff7b4c36cf5572c3a401d1267e22c29211121
green-roadside-cab-view/0203,green-roadside-cab-view,train,0,0,0,2067867,0,0,,,,,0.9716195654032245,0.9836194802592023,,0.889261744966443,,0.8193916349809885,0.8703321287213904,,0.447823428031356,,0.5892175572519084,,,0.9402851718104315,0.9801063463030989,0.9916081848625149,,0.7284729524477158,0.9307164880960761,,18638926136c9e885bad8a5394a86973d90d5ed5638573e5985654dec64db548,e71b82e1e191ebb38f5c61ef1b0d128e6e5a11962065312506493cb014a6a361,01be4437c505a742a219b3ba2f41774b227134a6e54b0552f861aa447aefe441
green-roadside-cab-view/0204,green-roadside-cab-view,train,0,0,0,2067867,0,0,,,,,0.9456086835954522,0.9853398550426788,,,,,0.8035483274810571,,0.5798319327731093,,0.0,,,0.9180658324934241,0.9799360520490571,0.9946916962963492,,0.8825140449438202,0.9559284395592844,,cb34ab4d9a1966c9d974500a92359ca204a93a0c8283bcc59a5f16456005f1dc,f8a201f8055169f4e1fc3ed4547ed752839f649ac12fc2ace4db3701d27241e9,03f41ba27c949964b83101e7be3251bad7a5b4116fffea02a0a65e0cf93c72e7
green-roadside-cab-view/0205,green-roadside-cab-view,train,0,0,0,2067867,0,0,,,,,0.9532872591849889,0.9867711075776139,,,,0.48,0.8989127651153587,,0.5168884339815762,,0.5575919407695109,,,,0.986888678700436,0.9913478223110731,,0.8056529812255003,0.9640386623109823,,84c3ad934ba556452a390cf9a7615f786d7bada1f0ce3bec466c1ccd2a89b441,54f8b882502e1aba4a8f31dfe42009d9359e4354cbb6ad2a4af730894c4a64a2,02ec42871e6259b0321e123cabd3a3b868fddb538f63801704bbf411e079e4fd
green-roadside-cab-view/0206,green-roadside-cab-view,train,0,0,0,2073600,0,0,,,,,0.949060183551006,0.9768054957033131,,0.3769271664008506,,0.0,0.944010473488981,,0.8088408644400786,,0.8177724982277317,,,0.8216631130063966,0.9831418499436254,0.9850686243822857,,0.7494050887790591,0.9607317627633736,,326099a1d7068b475af019e6dcf936e26aa1a539954a3f0fa5df1a5ff8428999,6cf8bd75df6f49b6f9d82d83a98a90658290b0098de456864106c497d525afa3,3da10a214c0535895f0dbb9bd068243d0f630cc35182a285c1c6d578a29e347e
green-roadside-cab-view/0207,green-roadside-cab-view,train,0,0,0,2067867,0,0,,,,,0.9579181919465224,0.9835150803176954,,0.38288288288288286,,0.5791884816753927,0.8812087216140414,,0.7652811735941321,,0.8335564480142793,,,0.860165637997308,0.9795718178411493,0.9935984059717577,,0.7960609911054638,0.9554763780876357,,0a69c574d773bd2b02269bec42203fa65c198e4f1f50743335704b45db4b879d,12929b2c41df570afd935b15f8686b36c15ffe4535cbf298828b651dc6b7f72e,5b8acdc9b1134a5adb24ba6eeccdb159d6b729b8ec9cd5ad51b5ba736b36eeaa
green-roadside-cab-view/0208,green-roadside-cab-view,train,0,0,0,2067867,0,0,,,,,0.9190682984603237,0.9735176197510024,,0.0,,,0.14631901840490796,,,,0.8269404765168755,,,,0.9890448574472802,0.9901843864837164,,0.7875782881002088,0.9608651219332991,,3b8efe8aa3a6e136add1665ab904a06b78b874796e0c18912f3ee9f3ff74d366,dae9e0177528e83bb9056a8fb457e3d484018332b434fe9195634f6a0f23d72c,796e3cf967a2653072aaa63e143a1bedfb9788695288f08e398945318b788ab8
green-roadside-cab-view/0209,green-roadside-cab-view,train,0,0,0,2067867,0,0,,,,,,0.8859637288723572,,,0.9775193834964718,0.9203218271476772,,,0.0,,0.8002473923508959,0.8370250730656822,,0.907752304419759,0.9661244909715492,0.9840739364443858,,0.6554907385133509,0.935777365918608,,ee956750d1fd8c7676cd76b8db71bf93b9cbcedf8b4aaf4e538041ef501ade04,e9baf13f1df68cf0182ca0ed2887e288cb340e796f1b398ed5a32febcb242750,ee85c92b7325af6bd879f75203c64d058db4beb89bff50ecbb0cdf71508a4be9
green-roadside-cab-view/0210,green-roadside-cab-view,train,0,0,0,2073600,0,0,,,,,0.9424474187380497,0.9408883749404803,,0.881548185990129,,0.1277868406742795,0.9005894129149402,0.04196783060164919,0.8240247797889846,0.9860332255882132,0.7778736251886996,0.7916054221786706,,0.6342199812807584,0.9186950455139421,0.9927391625761023,0.8517822423849644,0.6368348306841741,0.8523073022312373,,7fa10db78fee89d3d4e8282d50e5cec55c3943202f620889b50503ae276b1a74,6026feb523e6c808b7f1ebc4a15de86ec7be4191ea33e7e454205851f8780c5b,75bb5f02747bc4dc695b0ea7f243290f8a5fde27c32ea76f374fa3cd8375ee7b
green-roadside-cab-view/0211,green-roadside-cab-view,train,0,0,0,2073600,0,0,,,,,0.8111310633528154,0.9065143085252364,0.6690871369294605,0.3984744305973356,,0.7992857142857143,0.9192019076110426,0.6886115892139989,0.7738693467336684,0.9335892789011827,0.7655962849520799,0.5362624134817936,,0.8322366811799814,0.9030490441851226,0.986899853402762,0.8571294822582155,0.7238743215350508,0.8947352273424557,,41f0cad9cf8e4e11e5a870a293f740a7bce70a66b0bf5b0e86c9dd1fa6396f5c,c790e550e0f15182c68acd0fa1c3df3839237fe9c736e380c9569a42ede21622,fd7f952c7e7918357845190fe217a6d632968b10e763e55b14a20dfca98483b3
green-roadside-cab-view/0212,green-roadside-cab-view,train,0,0,0,2053480,0,0,,,,0.8227176220806794,0.6442088576240959,0.939335217332795,0.4383448275862069,0.8030795014140568,,0.8791812865497076,0.8950859296195497,0.8230476107047435,0.8579579753889018,0.8842118730808598,0.672603041657483,0.7383379527411096,,0.9068143042546263,0.8636468381643005,0.9845890270705636,0.722006723558314,0.8374298432359203,0.9184605569951843,,19490f9f31865422ef3257bbecd836b58a75e1200af558b47627240cfc9e49e9,e4afe2ecf4ebd828471240e23f7446384dc2ec9d184d5b7d3aee969d13726f9e,9fa2a54565882afc8ab3341bc694a7df67fe3d1d7ccbdd26a6ccc3f69f08074c
green-roadside-cab-view/0213,green-roadside-cab-view,train,0,0,0,2073600,0,0,,,,,0.9770210871863351,0.971987951807229,0.0,,,,0.9180160280399423,0.8282051282051283,0.7315627030539311,,0.7568207926479035,,,,0.9783369482192219,0.9899752910074242,,0.8170543490243634,0.9584285875457963,,5229632691652545fa2f89ea5800c86d39d27545bb45654c44af717c422b95c4,4f60ce021a149db8b77724d1203b796eafcc96c75f291f1e5fb521ca6adfa064,099bb7e9837ef08111b306eef1965d276744e0223e96be1a17acd962e3a3781b
green-water-cab-view/0263,green-water-cab-view,train,0,0,0,2073600,0,0,,,,,,0.8722226464075743,0.7799287071006687,,,0.4878048780487805,0.9225583616534506,,0.8536931818181818,,0.6267148014440433,,,0.18492063492063493,0.9750426958351801,0.9963031505225014,,0.8482855070962395,0.8671222076215506,0.8146424317289451,d38268ad352c084c45d9c129d86eed80ec34068717620fc1685f07a6cefd1468,8529f0f311585470613e21978d79fd7cd6125e1beefccb98f037b4124151b53e,910ec59ef7895d8e3d83700be5320fb589ee1a9a985f81f17cff7178424a4d1e
green-water-cab-view/0264,green-water-cab-view,train,0,0,0,2073600,0,0,,,,,,0.9770340579016247,,,,,,,0.5270912547528517,,0.9650045330915684,,,0.6499169965521645,0.9633281451964834,0.9860882342231581,,0.7331811958010042,0.9016722831331972,0.7173129167695728,7ac26e3576a11b28c401290cbed89e663ce03d2ae23dcbd062e1ece5d3ba81a1,da975b659994aec1a32dd22d6e772c441d1fe28b507d5d47bfe4db184dbe094b,2f832049a14038fa9a247d8a37ae301d3dba987b4bd374e2129530e67c065c9c
green-water-cab-view/0265,green-water-cab-view,train,0,0,0,2073600,0,0,,,,,,0.9709629366120461,0.0,,,,,,0.9499583730562056,,,,,,0.955600439616555,0.9368298042184787,,0.9147999877761819,0.8941203746638227,0.37242119794462764,021d832dd111da4e3fd13f74b2531f5a87481b14073f6b0ac4a5a1149c442820,ee51403528cd8ec8eeea2c81f9e4b41eaae0496ac53ebbdeaf38f6f511c45009,b636c66f582a12f6f60ed0495fd48a13b7dc6d2055a124529b07af77a2109cc2
green-water-cab-view/0266,green-water-cab-view,train,0,0,0,2073600,0,0,,,,,,0.9697456945796132,0.5795719197072197,,,,,,,,,,,,0.9867751987828463,0.9490291262135923,,0.8900102197240675,0.853783454207047,0.7501141254728055,1b57cba93cf3601d156721ce3f759bba69f41268fe5b975191c86fbff322be98,b57e3716ffe62a58f7111bf46af37413badf80d0ecc178d2c7b52919b30064bf,691cbd41ea117658808c2208b737dbf57e9142d84ef899fce80a27d29a7509f4
green-water-cab-view/0267,green-water-cab-view,train,0,0,0,2073600,0,0,,,,,,0.9707627731943841,,,,,,,,,,,,,0.9862198776150203,0.9355713576980321,,0.8905530314898951,0.8900025498695644,0.6612255085486085,9b17276ea65c583df9303ed986d88d187c963d9ed6bf0b5700396e0de25190c4,71df9d1285b9ad09eb96265be443e2d18e28a00ec69a0f759a6d3989f1f4d48a,d726ec9f24bc1a42307d49becfd9f358d89e3af3059747e7a1b056758ebb0549
miscellaneous-flood-stills/0275,miscellaneous-flood-stills,train,0,0,0,249696,0,0,,,,,,0.7652320912868916,0.4601226993865031,0.7758620689655172,0.9666404222436066,,,,0.8874643874643875,,0.2780487804878049,,,,0.8950156132653465,0.9858097129445749,,0.6685236768802229,0.8148085250912797,0.8608782731251391,61c2965c3c11954382ff9e9e06c34ffa4996a9a48b46aa7f5490049b85765bca,f4155b4c85702af56db693f3f999b74f08d30680a34733c864fb141f6a3f8c60,8610581be06f072364f77c82fddce489b0165d569f698a041ccdfe98b19a3292
miscellaneous-flood-stills/0276,miscellaneous-flood-stills,train,0,0,0,920880,0,0,,,,0.7942635764290084,,,,,,,,,,,,,,,0.9012600902510167,0.9856275347312107,,0.7375792811839323,,0.9101364850421021,85d7d06fc795f58f6e51ed5e91c5d5d8ab1f41194ab44f3471da41bdadf45973,b9c514a9abc72bf370a67587f1c41ec3e1c7769276c383024395b7a22ca7be38,5033f740bf12e59634571ec701cb47135dba674efd8e187eb5244deeb12654df
miscellaneous-flood-stills/0313,miscellaneous-flood-stills,train,0,0,0,2073600,0,0,,,,,,0.9178157488784997,0.567023597065239,,0.9890409958748585,,,,,,,,,,0.2206284188829857,,,0.8825957013439124,0.8449164568268516,0.872913294960384,74272d0a74c881e4e18e9bf6000c065a51519bf7c05acb3c8e912f075c3b5ddf,c3e7c0a88b0198168b7659a591eafc02b94abdbacb436e871eca4779200bf186,ea71cf7f58e62244bb97b258e1f86d51f7e2e32e443b3a4ee1b836c83edaaee7
miscellaneous-mud-cab-view/0173,miscellaneous-mud-cab-view,train,43125,10586,3172,2016611,46297,53711,0.7581351194557249,0.8029081566159633,0.9314858414152105,,,0.9180043161031755,0.746198097624879,,,0.5070258584850752,0.0,0.9198508853681268,0.0,,0.5800807537012113,,0.7581351194557249,,0.9684016213831337,0.995880453192228,,0.6888493831391364,0.8280073442947621,,f0ca7b2f878f2a5e167e558097ca517d126cb474aa25f5b0ec0fc4d6b1e57432,b968925b81e441c3dc638759e4923b6ad0ca44e3896210a4c69b136305b9eb89,7d939e229f76c17b826ae6e17dd75e12339327db63428e895d73845f8fb1edb3
miscellaneous-numbered-cab-views/0013,miscellaneous-numbered-cab-views,train,0,801,0,2088159,0,801,0.0,0.0,,,,0.9864795583799315,,,,,,,0.24314977387603087,,0.0,,0.0,,0.9830383591923602,0.9832902884525625,,0.8911395783293301,0.9389225952040728,,cdc7c624979074f91663aae6c612b6f6c370af9ca88a91ba076c2bad37e6c319,5566ae6fabe4c0bdb27e7217400a18101ccd23bbecd3e8cc415f9ed41cca7115,ac60b490767e5a48f893d2e75555e90fcfef46c970bf32391f70e89600a1366c
miscellaneous-numbered-cab-views/0014,miscellaneous-numbered-cab-views,train,0,0,0,2088928,0,0,,,,,,0.9569751183436936,0.6795850923043938,,,,,,0.9519146748405334,,0.41005665722379603,,,,0.9607080886932203,0.9553722525662981,,0.8605400528452665,0.8382352359596774,,00a59e617c6d81492253ece8ef06493164bef224314ee99156bc01663f8ccd38,3ba891a877a2984212cd387b6a1eca2332a40b2a757b57c0248ffa03807c605c,cb8997e425a618bce78f60ddeacd2e2f2b5c5fd648e0872d6f306919ca69fddc
miscellaneous-numbered-cab-views/0022,miscellaneous-numbered-cab-views,train,0,0,0,1931319,0,0,,,,,,0.9565898242813907,,,,,,,,,0.0,,,,0.9871750916635875,0.9821326456331944,,0.6762606854364364,0.9566468067671612,,34431340589d77bf879a5d44b35f1ba4ee67944d06302e41751f49b52c7cd6bd,601f45356d35a2626927e94aad629de30fc2805b197f3f27a60dd2cd87622d80,9909331f344999dfce1811b904e81988fad9019e004f7a78d954989f6975b2a2
miscellaneous-numbered-cab-views/0023,miscellaneous-numbered-cab-views,train,0,0,0,2087873,0,0,,,,,,0.942372124190306,0.7699089679209373,,,,,,0.9472082466808982,,0.6013579049466538,,,,0.958643054461986,0.953740368150685,,0.8105905692049443,0.8319507875850498,,4dbdaa16ac641963e653bf5fa8dce1b9b05b89b3a3d10f8da2e3c9c38deeee7e,03b59830b108e9c2dc87a79168457ed2a8be69f44abafae8f6486184598ecb19,be179e3962bcc99098c8df0ec7cc488437231be59aa3464aff2abf3abfdaf834
miscellaneous-numbered-cab-views/0024,miscellaneous-numbered-cab-views,train,0,0,0,2087739,0,0,,,,,,0.0,0.5793380915013141,,,,,0.8776923456059934,0.6040528887611383,,0.0,,,0.6393197843218581,0.9927310619040511,0.9972860298993066,,0.7296983758700696,0.7091257715474311,,35db7be7064f509351e3627b33430eabc718080e493e83ad1551491d62e1f113,e3c3c38776bc33b723f23e1afe17f11dd1b9be409c25e6ae796447766a6b56b2,12d4178279552024738e6fc18e216e3090a76eb22f462407219596fee688ecb8
miscellaneous-numbered-cab-views/0030,miscellaneous-numbered-cab-views,train,0,0,0,2088960,0,0,,,,,,0.8184072514693933,0.7314074583411305,,,,,,0.915725782414307,,0.0,,,0.8958222962234164,0.976568862163249,0.9551128702535775,,0.8470885763631878,0.8060837065820307,,a88a70e7bc9e1730883e2cfef16954b7c5a6ebee797dfe8205837e1e2f9cc290,d0384c853c39b8e3b218a40e21a03110e8eb9368264b796d43fe35330caa8f52,52c7cad2ab320e1f1febd630df4f80ed87e3a77f64ff492ccfc48bdc011bcd98
miscellaneous-numbered-cab-views/0031,miscellaneous-numbered-cab-views,train,0,0,0,2088575,0,0,,,,,,0.623898296031195,0.670363648010933,,,,,,,,0.644663235623182,,,,0.980252034316073,0.9858409347992043,,0.818436873747495,0.7774840069518915,,582a1052402234b092c9e8f0eb985ba78c3b1068c2ae8c12c805aadd11584b0a,eac752094ab94f349e6d48690930d8ada3181efb518c33f473c5388d2ce23c74,16241b8acd0b3beb56b1da791019915a15c770bea55d07a559c79851c18e6e81
miscellaneous-numbered-cab-views/0032,miscellaneous-numbered-cab-views,train,0,0,0,2088960,0,0,,,,,,0.8200683881617734,0.673044925124792,,,0.7965451055662188,0.9336367583283331,,0.8499107786280499,0.9490696157311049,0.712486308871851,,,0.8810915793020075,0.9725316791706833,0.9755897622734311,0.7418555528475099,0.5338312829525483,0.8959200390537734,,1bdac9a6b7ef8988de21ddaa678ad8a54e0a98f75bf8ed86e61e0f50a7a6c16b,1fe12468826aec7019e49ab44aa6f832aac76a9576018cf252bcfd26dfa6c329,e51a1e3cda82b107fc71b6d0dbff8968b8e0dbb0dce881f59571ff61719849e6
miscellaneous-numbered-cab-views/0044,miscellaneous-numbered-cab-views,train,0,1,0,2073481,0,1,0.0,0.0,,,,0.9451974557269025,0.9118415545928582,,,,,,0.9466085524647159,,0.6734307359307359,0.7032007759456838,0.0,,0.9709962190178861,0.9952481744445061,,0.9012575909721227,0.8582544757375662,,bb02fd705ac7b08fb3ae7c618b46f5a9da4ef32b590259233156f5fee831aacb,d3844dea10ab96975316c1574eadb989106b149d9b1fafe094beae7e9c50ec59,adbe3af310c862a4570e4247f5c5e36ce9d4aa202764bb86d8272c614470cfe9
miscellaneous-numbered-cab-views/0045,miscellaneous-numbered-cab-views,train,41327,4966,9893,2017413,51220,46293,0.7355391022674688,0.8927267621454648,0.8068527918781726,,,0.8842787248681293,0.7737096833782835,,,,,0.7607939802802284,0.8012160017217723,,0.7512281740159811,,0.7355391022674688,0.9040514771116527,0.962316821505814,0.9866041159402785,,0.8786133239954478,0.9397974392145482,,8a2c09c50911afe45e05157fb8602cf7345aa5cf6f005c3b76f7c0d8b50f36c3,a820d863d1b63b281c0ec5f7e11041e0e68f73f39d613cc757bc489e1e03b351,a94173556e5bff62b33c844c794135108d2fe3711154fe0127808f8a313665bc
miscellaneous-numbered-cab-views/0046,miscellaneous-numbered-cab-views,train,37330,3651,1335,2031284,38665,40981,0.8821722279988656,0.9109099338717942,0.965472649683176,,,0.9550445902896315,0.5547498187092096,,,,,,0.0,,0.652738432483475,,0.8821722279988656,,0.9880083599156458,0.9840033317715654,,0.8958532097587569,0.9564316721423953,,a1bc04fa20bd623f99bbac759e22dbd90554263ca7b217cee49ddc9fedd59da2,550d403c2cd02d480d3ae049a478b103700ae04d047712fa0e5187f9b0fd5068,b7d93aff6871f183de27e95e4bb33538e611764ab0d9065c09429fbc658f749c
miscellaneous-numbered-cab-views/0047,miscellaneous-numbered-cab-views,train,0,889,0,2072711,0,889,0.0,0.0,,,,0.924550986132653,0.9334168027636749,,,0.770307314961766,,0.9716570545887102,0.369327313078748,,0.728134258012389,,0.0,0.8895980921652522,,0.9912602884542777,,0.8590342035690681,0.9092808346470822,,b74e6210f53416c45a93c3fb1a022de2cc33ed02723512634c739624b649276d,52518430666be87ad030da35871a2439ebbc09260cee1aaa6bf65be527c77193,3ee73b249463c21c3dcdf75bb672ab31fe260fc03feada2b03b6ab728ac4e2b5
miscellaneous-numbered-cab-views/0048,miscellaneous-numbered-cab-views,train,0,0,0,2023939,0,0,,,,,,0.5741623731959423,0.6317935009606549,0.0,,,0.5460210930009588,0.0,0.7106070194226743,,0.7242557345046364,,,0.8760703540847026,0.9652348437403442,0.9955154429027315,,0.5546909737661183,0.5901699812498079,,f912ea15971bc82b19029b9aad152ec1934e74e2a32d29934c116cdd7409125d,207a7f72a12615e89d5f214f068689216c6d434bd46045ce97046eadaaf814f5,f3ff40e5a34262001dacab11fa33d764496318c9dd79935e4cff54d4a6f775c1
miscellaneous-numbered-cab-views/0049,miscellaneous-numbered-cab-views,train,0,0,0,2023841,0,0,,,,,,0.9186995967741935,0.7452203514582758,,,,,,0.7641075209426493,,0.8976076822153365,,,0.4079009995240362,0.9802424272697378,0.9952862296644204,,0.7874566874566875,0.8342610840277057,,18e4e59e4f1f16790b92171327c69eba67d5364edbe5a933d052ee78b21f9557,d8c2a5b6f12b75c02efc4512cc0c2efdba9b29f877cc7842dbd1070c4cc562b6,fca28542fce953571e99975ce19fba2cf7414ab5c54378d3208eac32d116354e
miscellaneous-numbered-cab-views/0050,miscellaneous-numbered-cab-views,train,0,0,0,8211623,0,0,,,,0.586109995985548,0.23452724029092906,0.912368763755454,0.6644998209688144,0.7913134484563056,0.9772448933307126,0.8999714571143143,0.7673082136080238,0.9677862765620079,0.8592633387672379,,0.7517654229613827,0.5334821428571429,,0.582639062590191,0.9062298312235115,0.9748174604222507,,0.9174501432085095,0.8599480188545411,,33fc6fbed915cff715396fc229a8e0da423ed1d84e76cec2dcc2a28d124be983,a9c086f93a23a8995da1495bf54ec1a377ef02d5932b137a3002f7384f45c4b8,de60c2d8547d8ed929cbb151b7631f39318ff297b4df9366361cf00b70b83675
miscellaneous-numbered-cab-views/0051,miscellaneous-numbered-cab-views,train,0,0,0,8212452,0,0,,,,0.20364238410596028,0.950289580573468,0.9470311491445796,0.7855554048127616,0.8471086665675636,0.0,0.35669456066945604,0.6751041017738286,0.6932403363535623,0.9046644328426964,,0.7582237236158029,0.9227135769466029,,0.9385789876219971,0.8926724366144984,0.9838412093688393,,0.8673754177224486,0.8870457995938233,,a29169723725172c5b690fadfa30cc7cf76f7eb2328590890c3c828f7d3f20bf,f19c28ac63b6c849df2da22a96db0a6b720006896d82875ceff69a43205d2023,e514e8b3a9970c0ba3f7aed36950739f55911bfd1217752255fc464e76c29f19
miscellaneous-numbered-cab-views/0053,miscellaneous-numbered-cab-views,train,0,227,0,8119557,0,227,0.0,0.0,,,,0.9649330532896211,0.4010369340958897,,,0.0,,0.708330139401439,0.7205753869196205,,0.8907921054779983,0.44773011245314454,0.0,0.9757268866162907,0.9519887215900202,0.97478632334773,,0.9084396662104287,0.9396450674491951,0.0,9e09a858819a1882bccc4f5b7cd52bca20f66b1052a3c5191dc459062ae69e81,70a16c903d27ac00306c86f14141f728ececfc9dc4e320ea99148e50ab77339d,8b824efacfcd82244e276977603d114deaf868414ca39566fd8b461df67d3b1a
miscellaneous-numbered-cab-views/0054,miscellaneous-numbered-cab-views,train,0,0,0,8175654,0,0,,,,,,0.9506555014481429,0.6685708184293417,,,,0.0,0.5738290445653056,0.8831804444919901,,0.8384807610393298,0.6896357491550883,,,0.9863038133244182,0.9809491801354235,,0.8242279898439704,0.9558941374528298,,ac828e814ea477c826e95def13cde08680d0a05dbe64cde8303472779d31fce8,ea34de2ac35692d4e015602569d70b94968ad6bdbb3c7aaffedafab451351ee1,92572cc1cf369cbe3178853153c0e0a49ac18380befd6b7097fbbc1df0148c80
new-unmatched-2026/0175,new-unmatched-2026,train,0,0,0,2073600,0,0,,,,0.868936795688388,,0.9393721393346053,,,,0.6452784503631961,,,0.8842381345884381,,0.6592445983836385,,,0.5620450914255282,0.945578876294732,0.9491144186191313,,0.8489974455579192,0.9151135624803626,,c81bc0c590d9bd6563e2e11176cfe441dc0920a5f9cdbbea9d32b36a51347b86,e567f1deccb42140b8e6f7f671b1b6b71cab015fd5065dba841e709332e19b53,1c46043ea15b51b0fdfd25367e5552133162fc31424f916e07735d4a2d248bae
new-unmatched-2026/0176,new-unmatched-2026,train,0,0,0,2073600,0,0,,,,0.48,,0.9530748569277588,,,0.9577450743699287,0.6439393939393939,,,0.682918274289723,,0.5549927641099855,0.0,,,0.9642006820637696,0.9911230673517823,,0.8473598153313456,0.8866968133478754,,fdfba692303712b2119a1d725763d74b54fa20defdb3415916105955f503bd9b,bf61db99763dc894604525d3f039b209cb136d83f1cd35b7655768228102fad0,e60e43df9b12da50da609a00d2f03168e75e9d4a69ca726f05f298199120e907
new-unmatched-2026/0177,new-unmatched-2026,train,0,0,0,2073600,0,0,,,,0.8632045088566828,,0.938212150398895,,,,0.0,0.868421052631579,,0.009105960264900662,,0.4831479897348161,0.0,,0.0,0.9864477407001603,0.9927665335285075,,0.6660320714651827,0.9325298668491132,,92fdd6e752f0a8493a8a0114320f0d3adb209985cc28a17efef842ce5c887b26,4bd80258418635ffe4fd02e59e7e743a04d3ef8362742a3493154f57d54ca4c1,d95f2c88491fd5ab1bf243d0788008b5001cb3889b5b03df96c0fd4518ce2d3a
new-unmatched-2026/0178,new-unmatched-2026,train,0,0,0,2073600,0,0,,,,,,0.9047024060785142,,,0.9867733794657073,0.8842651611728283,,,0.7631413424386737,,0.44426873793632704,0.0,,,0.952825888317544,0.9725443167151281,,0.7771398945385112,0.9362648780437622,,bcfbb199baa79a77d97dfe9e368490306a1c84afc0dabca15e0dae262f2a945e,c0720faac0cf1b752740879c16180ae323eda041ad52f9878faa4a44fe5fdf85,0a0f7db724ebe050418b054d76d3602f040ce359c81bba40eba3415c4ffcdd67
new-unmatched-2026/0183,new-unmatched-2026,train,0,0,0,2073599,0,0,,,,0.8627302069489273,,0.9687385170035012,,0.0,0.9781512094323569,0.5316537467700259,0.574069401468772,0.8274671795585683,0.8406743050338091,,0.8150934239262315,0.0,,0.0,0.8674571345539087,0.987766792857078,,0.8530102877001757,0.9205456958881042,,60f737c273e283351acc6efb1ba0704e0827f47b77fdd8695a5bd891f5dbab4e,291ed9200b9c9d9d1be97ae0e9b2cfb2da0843377519c6b9e5e806e193e1071c,1104dd434e2fcfa67d555003cbf08d96c8a87626fa3ce962859bd42707817729
overcast-mountain-stations/0214,overcast-mountain-stations,train,0,0,0,2062997,0,0,,,,,,0.9116895494918124,0.7732342007434945,,0.8115002508780732,0.7603911980440098,0.8710856292535615,0.0,0.7229756986465246,0.9226640221634554,0.8129103878312627,0.9275291031316609,,0.1823536944551159,0.8103020024598355,0.9648686649879428,0.7186932849364791,0.6573153224830067,0.7847191769269691,,fcf5289b197c7f0a48d5f375c13e6c090599b238c68ce299010e0babb86cb7e7,d66cff571333e436c6a9212058e636e2420673e9fa861b9fb9c61d3cadc245d5,c4abe0724ec9f9782d4a2c8b3d9c641abc3c9ce9fa185ad97bfd785ba75525b9
overcast-mountain-stations/0215,overcast-mountain-stations,train,0,0,0,2072956,0,0,,,,,0.8545231484470847,0.9584478660079836,,0.6651798988997919,0.9682002147517965,,,0.28085561497326206,0.8383474599930762,,0.7383705514116738,,,0.8696415605968557,0.9002626697705686,0.9860754034455437,,0.7634160955697862,0.9241204943728455,,a4ea3527469f92f7e01c82dbad4e004af29e5a534ebe1ed94e96185736126eff,854429faa83f8da4db49e7aad63e0ef178c079e045e63a5be44bdb3fcd0af9f4,4b0c6f3fcbb22808147303617e210fd9d221ae370ed517ae08f961cf9480655c
overcast-mountain-stations/0216,overcast-mountain-stations,train,0,0,0,2068117,0,0,,,,,0.6778538944217374,0.959396038774199,0.7966921119592876,,0.9051910598413843,0.7951094458686649,0.9395848682706232,0.8671342515342628,0.8420961686485807,,0.7015815705820023,,,,0.9888207810976545,0.9802980484730235,,0.8709127757625827,0.9584007864984434,0.0,39f23d5418cbc5c465dddc13feda5ebb78e7eb06be8eacb3a5acb0256a95f409,484d599c7a9c73383e03fb6ad49561d2771579ca685ae29f0f30e4be25d04b96,fd81e1958be4fe20613e44fff27dec8af7296749435c76b41065c2668ac33486
overcast-mountain-stations/0217,overcast-mountain-stations,train,0,0,0,2073600,0,0,,,,0.4597860538827258,0.7121093136485,0.9825092336549803,0.0,0.8141720203279317,,0.5296,,0.9591332620200428,0.7721293590981478,,0.8189719790121684,0.7219152854511971,,0.906810337925251,0.9392873967063812,0.9752827003799214,,0.8309529672494459,0.9303566563930539,,014ccb7933ce4cc405469bff1fb36825df54553c505c185a5c2b9ca46750aa01,aa3b2a2139a82a89c2ca14efdb1d56c34c50fe2cbd36c733edc6aeb721cead1e,068fd8d9606d2631e1f959fb46939df4e888e87d001e9b9fca404020d5d1bacc
overcast-mountain-stations/0218,overcast-mountain-stations,train,0,0,0,2072152,0,0,,,,,0.9699374248159716,0.9915095894927736,,0.640728476821192,,,0.9238546440771066,0.8470468053491828,0.9099551813119652,,0.9124441046314961,,,0.8434157090331424,0.9634619955662707,0.9712513436933627,,0.9080212550607287,0.9413670646328677,,7d192a396ef667bb5f346b4419b19250547fc8d398f9ad1541087e3b71df732f,5a08d87d4ef25c8edc375b184d40fb21715f14fe709bd157766f55da6db5be90,8b1b87704a49f5bdf18fe212b890168fa5174c89ffe1783325bd84ed6a4a6a01
overcast-mountain-stations/0219,overcast-mountain-stations,train,0,0,0,2067823,0,0,,,,,,0.9462601395963026,,,,0.835181356887803,0.9633676060973753,0.8253724802804557,0.9766376211077935,0.9573136196977375,0.7758966362218757,0.9097659988778507,,0.8109026457650311,0.9675197547887486,0.9969410912142189,0.8052468782220186,0.6862792672570666,0.9277456930785296,,217eb3ce4240bbab2cd912c73d871881db741d3f99a15000d1343139afbeb72c,5dd19a743ac1e5e12f6fb63c62e75e423f24b6825f5013be4daef1327de5b91c,c11d1f6e420c0872a241c591d5e338cb843f9e2c0aa4ff35b6827b10a32354aa
overcast-mountain-stations/0220,overcast-mountain-stations,train,0,0,0,1926688,0,0,,,,,,0.9681316341239681,,0.8188608776844071,0.9768537712477122,0.8227401129943502,0.8408032340275947,0.5970873786407767,0.8511846271427012,0.0,0.8608203808662795,0.8995937318630296,,0.05614657210401891,0.969055560175048,0.9930398609047106,0.23943661971830985,0.8718667748997614,0.9251603274177375,,b998518e2d97c634c8c2c846bf7f07e5ad02688387f15d657cc9646d080b722f,a78aeb5c9b6e22817ec40a0d14a2e3b3369a6697165133d9a00b6e867bffaa90,a2072e3bde8d3265ed6252663ee9c58e24cfa30df0a63b0e65c43476ff1ecef3
overcast-mountain-stations/0231,overcast-mountain-stations,train,0,0,0,2073600,0,0,,,,,,0.9649731322897759,,,0.9938136246569638,0.05226480836236934,0.9153325359639208,,0.2887323943661972,,0.8332012142069952,,,0.6960313999127781,0.9649900321407021,0.9783374764389324,,0.8206962836394703,0.9751441251375694,,27cd78cb2b58647066724fd485237e2568caa02d648e8186d42928145e8c8070,e2756ab550685eb2f70de905f8a2f1b99510c181fc397402f3f807c8450880f1,7b30a1092a03fdaad5e0b36a4d8c1f09e6b194351630d00ea8237994d4079a80
overcast-mountain-stations/0232,overcast-mountain-stations,train,0,0,0,2051786,0,0,,,,,,0.9751964681529246,,,,0.7171934260429835,0.9150577323490441,,0.9149143887053169,0.833682948756368,0.6522235382793151,0.9521082769390942,,0.8844987404309438,0.972621311080776,0.9835975389069852,0.6261925411968777,0.8937921164052717,0.9474253916225178,,77b17d1922889f7c1d3d5c9eb9eb7abb5f53399f38433a493e4e0d9f6d369bd5,3315c387c153f722bf32fbe0bc5bfbdaa858f63464cab9be2c8c073d479522f3,9dbd466ade68dcc863a95720adc7947b57c1c67590a0f7380a3d54840b469c41
overcast-mountain-stations/0233,overcast-mountain-stations,train,0,0,0,2071895,0,0,,,,,,0.9661689773669866,0.5542907180385289,0.8969178082191781,,0.15079365079365079,0.9258198317941196,,0.9265206633840425,0.9629066857347157,0.6565763707571801,0.8977895961442579,,0.8444697185100938,0.9666669935356217,0.9866138990802413,0.8260124924440863,0.7947953685658604,0.9006487246106836,,ccfe0f6097d8c9ab6aa93e8322b418afe7878378f87ebfaa7638f12f8605381e,3b67554f9922cacbbdfd34af50631afad68cbcf60e66ebde1584c6133fe36a61,68d602cac9418c94700bb62eb654a86f6872a70470895b0f249957db7098c012
overcast-mountain-stations/0234,overcast-mountain-stations,train,0,0,0,2073600,0,0,,,,,,0.9752334409634349,,,,0.5498783454987834,0.7281028777279772,,0.6306514773940904,,0.7701694655904517,0.8847184986595175,,0.7267291140990633,0.9852393676573766,0.995779759124932,,0.8657535899601786,0.946360747228897,,709cbea54e2cf9800bbf3d0c032a4ecbdd34ac081630e119aea5e897a39808a8,9f031a8f85e736e4469eff85abe294ba9b7cd9f12c496873f486d04a6bb80267,308e67247e70dd5e1dcc07dde12064681960f0ec4493da8a0dac06afb106cd84
overcast-mountain-stations/0235,overcast-mountain-stations,train,0,0,0,2071387,0,0,,,,0.0,,0.8557000205653177,,0.7517865650309671,,0.810989010989011,0.9520383994765995,,0.9142830823085072,0.9458485436893204,0.8511902271681379,,,0.8451583385077944,0.9603639678354006,0.9870292696721424,0.7799862625568816,0.744770547724786,0.9248578948114478,,468c69f20ee4665d35f34a795d6f47eaaff96dedee7864164a769f063403427d,727abdd8767871d43483380b4a639a89408335f221c2798f071ede7d71cbcad3,82640812617f6b4e94612733b4982d4e7122e119d3b7256ad2e6a91f17b594a6
overcast-mountain-stations/0236,overcast-mountain-stations,train,0,0,0,2064486,0,0,,,,0.8328661527680449,,0.9527257594673325,,0.0,,0.5404955236310639,0.9342367925324037,0.9057450860427241,0.9603129200315474,0.9390208292777886,0.8334424028861481,,,0.8346881493092261,0.9337735638870667,0.9891639338632969,0.857563025210084,0.8285332144449398,0.9385532490593159,,7d0f48496493980d7a6b226310064c37f280f0d3d8723af88c69108db233c6e9,357469e787079530c7c4af0fe3afad136d2be00a3110c53be46d1dbb7f58abff,b19d256e905aa9153091bb5bc1053d70ac81dfcb4f01088b17ea515798a312bb
overcast-mountain-stations/0237,overcast-mountain-stations,train,0,0,0,2058396,0,0,,,,,,0.9681034786592888,,,,0.6878706199460917,0.9504044790266052,,0.6661459495648293,0.9639901665454798,0.8535928448013009,0.8964249916471767,,0.8518983792271886,0.9634267055753384,0.9919361471590563,0.7972313426213506,0.8149897330595482,0.8933522441323146,,d9eebb905aa35607b8a9ee3cdb0cfd1d4a4e368e77135f92e804f42440f333cd,b1eec86e60b77ba128bbba833a23764f54d112d408858a88b1250f02d7da05d0,22962da8116427f5ecba5541da85e0a87ebc330ef31a2c4a5a495c4b37002557
overcast-mountain-stations/0238,overcast-mountain-stations,train,0,0,0,2073600,0,0,,,,,,0.913845220030349,,0.0,0.9891624282476064,0.0,0.8460076045627376,0.8161567612533506,0.8851876475847681,,0.7581650274044598,0.6048109965635738,,0.981554983432263,0.9741266046032657,0.9924343687233019,,0.6771540201521694,0.8912487653845346,,38d3daf79fb1b3f1c4c8c5bf74635d5954f16b3c5be5297e9e5ac9b077259d42,0bd106de9c902a9bc8006dd281b20d065ef8b5bfdbd81729dc77edc4d0287715,f96b810f6e7a8db6d89eb05fc47db0e74117922fa4b96c2a10814775bd578479
overcast-mountain-stations/0239,overcast-mountain-stations,train,0,0,0,2037432,0,0,,,,0.8158697863682605,,0.9780856701258556,,,0.9905308796739642,0.692141312184571,,0.9333004038499668,0.913624246283981,,0.871652501330132,,,0.7529805602866037,0.8701761640300284,0.9826601072676646,,0.7822217969572289,0.9180223446278493,0.0,a48c958611d90e4471af958912e453f589b8b5533315c5d59ce81b77a46a7bfc,7b59514cf69597aa4f2cce3764a3d0af51710e328dc3d85c3976e4c563c3ecc1,685306c1984033ed7304a3515fe8dd636e67bf2b77106f07b8e49d340095783b
overcast-mountain-stations/0240,overcast-mountain-stations,train,0,0,0,2073600,0,0,,,,,,0.9725190839694656,,,0.9669372587619859,0.7215873015873016,,0.0,0.9124561813507829,,0.8430912284952751,0.0,,0.28477051460361613,0.9772837546714511,0.9588111883638969,,0.8451670888144456,0.9479845225100451,,8b51f499144ba83986ae26ea615d1f3e8da062613143bac5e635ab5684f8c914,99709ace9ed244e7aac8df6f8691255f3bb94e3107826bf9d3f678400c6ead23,a2424acc094d5e895bc4b89582bf28d724035cde61be0f62c4f2413ebe6cd9fb
overcast-mountain-stations/0241,overcast-mountain-stations,train,0,0,0,2054583,0,0,,,,,,0.971619732049948,,0.6451612903225806,,0.8825214899713467,,0.008333333333333333,,,0.8130155714153304,0.8945600346770698,,0.8591348956511601,0.9370863696893047,0.9835030783584906,,0.9152057500050903,0.9763820022472036,,3625a2c4d4e9f8f3e0165e6dd90494d2791acd79e6142389e4a17e9e72601af3,a18c6013db023e74d3f18197e3c928119a026a0643711724bc334d3c6663f66b,518ad1bc6e60ac61c09517e8cc4ca1ef5da2ff2a82a5058f63d7f17cdbe0b9f9
overcast-mountain-stations/0242,overcast-mountain-stations,train,0,0,0,2064724,0,0,,,,,,0.9788005925190041,,,0.9375401013500242,0.0,,,0.61996336996337,,0.7116066630843633,,,,0.97995636218107,0.989368611920506,,0.906820574249519,0.9544483939640396,,ded050ca71f820d730759226ffc1d2274e07ef4601f63b34c13120c7ef05161e,eb2b02a061e3cd39e085fb56063ea4abf4c835ba5583526332833e0723c0d442,4be15f6d6891c34ce5243f58515b831044792563b68a3ab80b3550715499ea82
overcast-mountain-stations/0312,overcast-mountain-stations,train,0,0,0,2073600,0,0,,,,,,0.9395890044787274,0.0,,0.6001765225066196,,,0.8049321317135752,0.868069157451105,,0.8435120001646207,0.0,,0.0,0.8863988132031153,0.9186067987869665,,0.8593580781726888,0.9253103555365466,,5443a27572d1805ca781a25437ef08d1d27ac70239d96cb52f50717ff14822c3,b7a584f428c50f605f7f6cf81f78b931a71df4e8242a20fa82991bce28e1f9f1,22f18e76bdce6baf61cb3a3bf6a397a9709246bbe8879bacf476abdd45519741
rain-water-cab-view-with-overlay/0268,rain-water-cab-view-with-overlay,train,0,0,0,2029558,0,0,,,,0.0,0.8637365431889463,0.7500973848910588,0.6200564971751412,0.31964624131396085,0.0,,0.876617910133642,0.0,0.9832864161375746,,0.0,,,,0.9529764720366495,0.8285850518536179,,0.660192444761226,0.8226070833557263,0.39867109634551495,7a53e1b4c0a64e0b30e58ab9db89fcf98ce95254700008d25f5394d06f97a292,23a6618e87555de6cbd8e26e944af51a428323c138f0f4bdd425e1c41c6ebf5c,9c362e523445f24a2cf87f9bcd89f39f3b41d8cf8513be49046aaf2b120acaaa
rain-water-cab-view-with-overlay/0269,rain-water-cab-view-with-overlay,train,0,0,0,2054769,0,0,,,,,,0.967879729279929,0.7552049166177537,0.34473507712944335,,,0.8402444132357652,0.47702897390747556,0.7276152919268266,,0.605335990257943,,,0.0,0.9766008050706717,0.9929665116715983,,0.8310898827616153,0.9278630225178963,0.8292557741659538,1100c1ea54949235b635d2def045d12f73d290500eb308c1ce83323f8600862a,abf7569acfa9b70797209bfc372ddce4a802e55f69e55594dc883d24cab15bdf,24202700a1b3949e75f0772de4a736e1434b3b920a8cec482c0e112150308539
rain-water-cab-view-with-overlay/0277,rain-water-cab-view-with-overlay,train,0,0,0,2032606,0,0,,,,,,0.6787522044845514,0.923356761264192,,,,,,,,0.0,0.0,,,0.99320950568513,0.9382316987164417,,0.6988816402609506,,0.4801273191774511,ca57dfd0f80377755014a88660f5a17884651b8fc20abd7455c72679bd8bb09f,5542b12fe43765140207071f9c0e4692ea5687467fc0d4d502d4e96bd01a76f5,c97020dd45a5f34d26556ff798a6ebab1fbb2c6e4f7b4bcb990aed32e77904bb
rain-water-cab-view-with-overlay/0278,rain-water-cab-view-with-overlay,train,0,0,0,2039559,0,0,,,,,,0.725857010306693,0.881877131466449,,,,,,,,0.21201413427561838,0.8351063829787234,,,0.9922169715194029,0.9722530148812523,,0.725511073253833,,0.5716495314348103,ae02105bf482e4b7269f687a6bf9420a5d1fcf5bf84ca910a716df519b4a66f1,f9d9cc36d418487bbef456deb4bd834ff96e352253bedc9a16b3f55061617ea3,b54b170e27ae01d8274daf94b7419856928eefa8c71eff1a702c9d4a445c94cc
rain-water-cab-view-with-overlay/0279,rain-water-cab-view-with-overlay,train,0,0,0,2054320,0,0,,,,,,0.7211435064012823,0.9071922137748298,,,0.0,,,0.8322346097915657,,0.8976195022595633,0.8951762523191095,,,0.9781273583135635,0.9835624218199595,,0.6754233897853047,0.27105866928875777,0.011404216104135468,41a8c3396c58a82a580a4b2d762d7a5813c5b86e025f72d9bc3ad2ba21db3545,75cfc723508e1a083341fb8e16648a7f892140dd4f2ab1043d614110da2558d1,0382a2f8fd221ea42e55ddbe3f9ce9a91d44003f3cc763da5d5399a8c6b54b8d
rain-water-cab-view-with-overlay/0280,rain-water-cab-view-with-overlay,train,0,0,0,2054275,0,0,,,,,,0.6207591014717273,0.7979202565416115,,,,,,,,,,,,0.9882821104113567,0.9169354627225762,,0.6301342281879194,0.7372072853425846,0.1574063846238816,70a05bd99cfd467ea3e055a00e478d6e1b45acfa4adb761b94f8e266417d1ae9,e106743e4b56f6a000935339646381f74dd47b337309998f9c1f64e772dc2e55,5c657995129dc0032e8d22bdcb74ee55b1b7f3765307c5f5b8189ba2f06f609d
rain-water-cab-view-with-overlay/0281,rain-water-cab-view-with-overlay,train,0,0,0,2053597,0,0,,,,,,0.7576881575397896,0.7740239322211547,,,,,,,,,,,,0.9928729905823638,0.9628654970760234,,0.6761775629310853,0.7484660849985927,0.44241842610364684,a7da1f692dfad6e78cfde641dada58c6873c4539cb40843c04d9e3238e0235ac,0307bb1c875ecbe072c4937d166fb5c6179a715723a729d6f851102552edbb52,58e6bbb9ea7763b7c21c21d8786e6bd32133c8289c39455175508200e611d01f
rain-water-cab-view-with-overlay/0282,rain-water-cab-view-with-overlay,train,0,0,0,2053810,0,0,,,,,,0.7010173941581884,0.8167939881056063,,,,,,,,,,,,0.9950981188252809,0.935107743776444,,0.6650007243227583,0.9266315789473685,0.6023316784738104,f9741378f2d70f2bd7e5236fc50ad4936840f4c1561be37a810e2aba8983efab,c2f421c7de5534678595c101104109c3b656630b9d60fb9b35495a373e44edea,bb61714312bcd243f0d397d8c2d0931519fa52d116d9fe9416f5b15873723f94
rain-water-cab-view-with-overlay/0283,rain-water-cab-view-with-overlay,train,0,0,0,2054083,0,0,,,,,,0.34741279069767445,0.7641427073140721,,,0.0,,,,,,,,,0.9892412958876031,0.9774899113941475,,0.595,0.0,0.19591836734693877,50f5c438789710cc8a44142a41fc391480200cadb38493f126501909f2df6f3a,04b5fbb59ca9fdefb2c884a036413016e6db4df5eab65336733ce8f35b69af69,aeabd61554517616e668ed7a25a64aa971e1da33f01d08e16adb9e2c8bed5f18
rain-water-cab-view-with-overlay/0284,rain-water-cab-view-with-overlay,train,0,0,0,2053473,0,0,,,,,,0.8169446209813503,0.646899861639571,,,,,,,,,,,,0.9925823450267058,0.88504340084576,,0.8590412111017662,0.8162203199612702,0.5485011044493531,43ee426aa0b2c2ce8f85dc51fb77e1d7b14c6221bf250479b4fc3db9938e1d2f,124b16930742b8657398889555a2a4ca0cd3a302b337fa75ca4b08d758b9ab29,f7c5ed9d6f0244cc7d6abaf9bc7be41a6326dfbf38fe09d70a787671162421fa
rain-water-cab-view-with-overlay/0285,rain-water-cab-view-with-overlay,train,0,0,0,2054047,0,0,,,,,,0.5661728896103896,0.84363962613426,,,,,,,,,,,,0.9885894450191829,0.9305097543686628,,0.590004235493435,0.04509283819628647,0.04894991922455574,2956bdb840f2c86e03cbc88cc38600c415d72eea5fff4f468697cb6ad1fb86fb,7c817992adbdd24001302c811f1bdc3fd0af55e9c6cee7d75ee1ebab90d9ce52,45fe5627738d7dc811f3dba0c55f7449d7b5ff3b242e16c06d05018619185d61
rain-water-cab-view-with-overlay/0286,rain-water-cab-view-with-overlay,train,0,0,0,2054089,0,0,,,,,,0.0,0.8623308420423694,,,,,,,,,,,,0.9942190172664418,0.9503937884395959,,0.5852363250132767,0.07390689580160975,0.17741630414223566,65bb9a26ed2495d66bcecef26da2702eed5d5ef32bc6393785623c77524cec64,c5023a4e5a1ade5fe386facb5dd55efc8f17e3afa73682ad1f23e1e7f6e96499,9d15c88def50f7ee2902a5e94d1a9b6f8ce47ac155c11bcc40cc7dcf15301f1a
rain-water-cab-view-with-overlay/0287,rain-water-cab-view-with-overlay,train,0,0,0,2054230,0,0,,,,,,0.7608360112345336,0.8812282695683168,,,0.0,,,,,0.0,0.0,,,0.9926749179085628,0.9840964329366808,,0.6443056124539124,,0.7733228253374052,e86117d8914772da397288df8ec1e772efd2441073ebe583809d2c492b5a8b2e,49c1380aaf9d4764c6f027260ff4e8b042c503f86f3393d63dba98fb7b567287,8b51a1e314144f3b09db6dfb6bf5104b5850eb1807d854c50e0864a05a584b87
rain-water-cab-view-with-overlay/0288,rain-water-cab-view-with-overlay,train,0,0,0,2027494,0,0,,,,,,0.9605613633108979,0.8398379312399452,,,,,,0.9980457885517531,,,,,,0.9732448717080766,,,0.77939502358107,0.8189400627073757,0.7307850202983168,edfc5f576a3fe8034173a9ff71791befd981bc683b089bc729fe555cefbe4b3f,18a05516eb56af5f738ece0bf1f771ff1da45279a794c9ca45f4549211644f6d,698de43eaf4a68c500a499390e4a9183e58dd6ffce8ef5d69cdf261e2decd8f3
sunny-mainline-cab-view/0124,sunny-mainline-cab-view,train,75865,33271,3506,1960958,79371,109136,0.6735054420198505,0.6951418413722328,0.9558276952539341,,,0.9326356676243519,0.5331588785046729,,,0.579476439790576,,0.923509532225314,0.8926485054861899,,0.8095819920580841,,0.6735054420198505,,0.9385633354381409,0.9813108926254738,,0.6344797474306442,0.6894815947343189,,7401f5fc76b6fc6c255d1dd4039a55eb15e32ab20cd3552dcac7878a8a74eb88,9544d3a4d4f26ddcf2a101283fbc57247e7d6b9a4c2a4d1dcc6ecbc47866431b,301132fc13b70346b81fb91d7c9eb093c500e6e39808c0521db572bfe3d264fa
sunny-mainline-cab-view/0125,sunny-mainline-cab-view,train,28999,2771,6532,2003282,35531,31770,0.7571145109915931,0.9127793515895499,0.8161605358700853,,,0.9299886087860928,0.40410399906727296,,,0.6846536548029085,0.7444167701561709,0.0,0.2469548602818247,0.9268652400231348,0.7564947909798233,0.5300136425648022,0.7571145109915931,0.7800364315009555,0.8929356602657371,0.9948042237617115,0.6177131984085799,0.8529528865295288,0.8453992243903187,,b9b5845a7575d6e07a9bbc5c28a07e05557e8f29ff815f5cbf7248d75ec08247,258f3be8e12caaaceed243c728d350b639caa3c57d90a8ad103831ada0b7f6ef,abbda1fb46d2bd4842772cde499041ce608d3e988f69b96ec08084cffaf38088
sunny-mainline-cab-view/0126,sunny-mainline-cab-view,train,33195,6029,464,2031449,33659,39224,0.8363989115097763,0.8462930858657964,0.9862146825514722,,,0.8829216970712572,0.718941504178273,,,,,0.0,0.9472614659561359,,0.745674036467921,,0.8363989115097763,0.9617771681560149,0.7272624943719046,0.9812857696325321,,0.8240897873635104,0.903675669358193,,a1e2fc892f0b131c74ecceb67559b53b91457b9cf91503592486c858fd335277,e27211315a2ae32a9a3ef1ca41e51ca0a0fa4f6fa09bc2a6e3ea542fe11ec29e,d0b4909f394a5739e8844d49f4732dc99bd19509abb726e34555c586f8f143e5
sunny-mainline-cab-view/0127,sunny-mainline-cab-view,train,24429,4052,601,2044518,25030,28481,0.8400041262636683,0.8577297145465398,0.9759888134238913,,,0.8640814671722592,0.6754348748408995,,,,,,0.9488362797289195,,0.7698044493705961,,0.8400041262636683,0.8999390409103224,0.8438237562890728,0.9751136779431292,,0.8413433064993748,0.894619462926231,,0d4cde05aed2bd4fe2170c8e306ae84b426e1f4e3c8d7f9b0b0cb271454f8c9e,aaedcf88592ad3e09dd1013b51109aeb4e7c40f4b2d9226c243471e2f34e9ce8,274e8b7b43468dd158ea05725d1e3dec109894524f387f537c94519dfb095c9d
sunny-mainline-cab-view/0128,sunny-mainline-cab-view,train,19413,9136,3770,2041281,23183,28549,0.6006683375104428,0.6799887912010929,0.8373808394081871,,,0.8852517227889621,0.5549442835833991,,,0.2870756402620607,0.07629204265791632,0.6642690019386323,0.8885349929830985,0.4195046439628483,0.6629578745718764,,0.6006683375104428,0.8122401463495759,0.9490824086376478,0.9877820596685736,0.26327433628318586,0.7947251709340287,0.8468831119972913,,24687c346d035f3bef72afba9b140f03eab022e4a90af673afe81fa9f274787b,c2fb729a44959c3f10648bb333aa2bfa0a8bf6c4779e7237ba1a4ca106ac5d1e,f8f5236eded4d61a91b005c82d324c99d7ce0dc7524e22d1dc82d1206b8fab07
sunny-mainline-cab-view/0129,sunny-mainline-cab-view,train,41516,16328,3735,2012021,45251,57844,0.6741908767599344,0.7177235322591798,0.9174603876157433,,,0.8815278900565885,0.5557199940802131,,,0.4049167005282405,0.8295645432226386,0.7006758755162177,0.8846652664440083,0.8383128295254832,0.784142065622024,0.0,0.6741908767599344,0.738568709246284,0.9204683999436928,0.9796265073097855,0.575,0.7225361503065808,0.7510964179968388,,e52ffee04497a5939bda202788429a87b3560377d2abd91af07b4286a26b89c6,0c3855bad8ebb48418e3eb7da192926f4eba3d0bd8a6c1ba206a8a0de118136e,d448853816102254751fad98eb1012d8d58477b1302ddb423ba4e971cf62023d
sunny-mainline-cab-view/0130,sunny-mainline-cab-view,train,26011,2814,1273,2043502,27284,28825,0.8642102465280085,0.902376409366869,0.9533426183844012,,,0.9381403708198283,0.5225690276110444,,,0.7636321085888135,,0.9521296390922641,0.9393714160420097,,0.7236706436883193,0.3865276663993585,0.8642102465280085,0.8591596638655462,0.7581960528461915,0.9857666962438737,,0.7720384680985056,0.8731054064005284,,e0ef00001b7bf26a5b6122387465145d21b99c1296743b3f03e61660ac3b3c2c,9e56d793d32c98b488bb34adae6c07d0b0bd6f457d0f9aa68dfdc9a0a4542a74,4a9d9a28bea906ca8d36a30796aaf47b74294bf5f1db19ca7891be1a2f207600
sunny-mainline-cab-view/0131,sunny-mainline-cab-view,train,40183,3751,3169,2026417,43352,43934,0.8530879137209945,0.914621932899349,0.9269007196899797,,,0.9234131380040543,0.667895369156837,,,0.0,0.6967615309126595,0.7169511311488608,0.8316606369295231,0.04826038159371493,0.7708502262177567,0.0,0.8530879137209945,0.8949817609138043,0.8380436220226286,0.9584545753431392,0.0,0.769676465225583,0.9273555594344562,,6ed3b7e372d8d5dc78b215af5af6f4653456cd41ece09177eab1178a747e70bc,a8c27ee277932c37a1cbb160b15f22866e20dd4aec146b5de86eb4603ff534fb,818fd82d54eabbe8ff959bdfcb139602750617b05aa39ee490739b64a8fa5ae4
sunny-mainline-cab-view/0132,sunny-mainline-cab-view,train,10827,1438,3220,2058115,14047,12265,0.6991927671940588,0.8827558092132083,0.7707695593365131,,,0.944217017307493,0.0,,,0.7210574293527803,0.6787044780658404,0.0,0.8765552276944605,0.5454545454545454,0.8165807811173257,0.7009391992090954,0.6991927671940588,0.8399682772377164,0.7545926165422374,0.9629839926574678,0.0,0.7051200308417728,0.8659835539910787,,e153b7e6bd960d596c08d639a6b6e83a0851899aff6c01d8e6bfbba8b04f29ab,51ec0f2f880b6d5e6d011aff4a6f35f79480042485ebc9db45b9e0c8ccb772ca,084f95471794bff64ebc21b8556f410099c4fdc284420d7360c168f20b35bdcb
sunny-mainline-cab-view/0133,sunny-mainline-cab-view,train,4747,441,129,2067585,4876,5188,0.8927966898627046,0.9149961449498843,0.9735438884331419,,,0.8897621519324581,0.6508516434554574,,,,,0.1598649143508158,0.9709298288106857,,0.7086320619443648,,0.8927966898627046,0.83445832556405,0.8533973060769576,0.9190387217318472,,0.7760052687424536,0.864902905548849,0.0,f9e73f2fb85c57a08b9d33b0c1c38cfbd56bb541c4b32e14c80883c01757b91a,7b970b234bbeedfb2a18e0ce9e899a251b487dd70a00f183d3d16356c2b2478d,2f31e1457c1f270f43b791bd88e9ddb5a6f435bd183810adf86f21d09457b456
sunny-mainline-cab-view/0134,sunny-mainline-cab-view,train,31864,6195,4347,2024028,36211,38059,0.7514031033344338,0.8372264116240574,0.8799536052580708,,,0.9201377821191713,0.6245219182112386,0.5737455651292448,,,,0.8072552903158553,0.9327522438962565,,0.7413702302867813,,0.7514031033344338,0.8059144415733563,0.9441704029843921,0.9904542439823625,,0.8360352813639499,0.8694327879258058,,9e4b1e6f4202cdfc0d9ff15e1ee6eb32270e1c0e88b7b7842be2345e74dab6f2,810016b295ab6550cc7248033bb01b9032302ca875b032e9d08005c80b18156f,4050339cf144dd24eec53c0d8886314d1f1cd7b5a1c18d19b09672b0800169af
sunny-mainline-cab-view/0135,sunny-mainline-cab-view,train,13675,915,4449,2049236,18124,14590,0.7182625137874888,0.9372858122001371,0.7545243875524167,,,0.944529600854873,,,,,,0.8576773421131397,0.8528641101654394,,0.7178423236514523,,0.7182625137874888,0.0,0.9613948151720239,0.9935546201090332,,0.8742739519432613,0.8909742088072982,,917d7fdbcba14ad98f4155259ad4945453a4e76aecab144bfdfd515d95e55343,ef3653ad7186e447e51f20d8a071847cfab4d31d30567977a105bb93a6e226d0,2d61b8b0689c2a7f46fbe546a924ee8878506411156f35dafb538b6cd9f9a745
sunny-mainline-cab-view/0136,sunny-mainline-cab-view,train,80976,15789,6724,1964572,87700,96765,0.7824599715911836,0.8368314989924043,0.9233295324971493,,,0.9201954517607634,,,,,,0.827248718347056,0.812404303533879,,0.7202072538860104,,0.7824599715911836,0.882706808992851,0.9802840374353486,0.9805374360772992,,0.8759231905465288,0.9167715302927997,,23d8b5534877bd891ce5b404ae30036f3fd3a3f9769fc5d17235cd727642067e,79c1982f49ada9c405b84125d26d3248d5d79d06d6bc5cb458d82e04d838eb1d,456fa2196e644d9803045edc26279cddf8ee12549809461246b350434019abf2
sunny-mainline-cab-view/0137,sunny-mainline-cab-view,train,20343,5142,4028,2038713,24371,25485,0.689289465659201,0.7982342554443791,0.8347215953387223,,,0.961964191362855,,,,,,,0.8782683415851712,,0.7717531629227988,,0.689289465659201,0.8455753321634495,0.9784111269034758,0.9799581978634464,,0.8879742910300502,0.9298773302207607,,a171edd02bf21b2bc889ac8ed17fe30fc47d76defd59a637e236ddadf0c76f27,6f160ebe16131fde736faa1b907b2b9193af1e3c3ecb7fbcc5d577bc8750144d,1c9a356cb3b220db021c592c030940267bb3b4677afdf8a7fed35c48c5aafa29
sunny-mainline-cab-view/0138,sunny-mainline-cab-view,train,3948,578,2988,2060717,6936,4526,0.5254192174607399,0.8722934158197083,0.5692041522491349,,,0.9563186257379853,0.0,,,0.0,0.7700276243093923,0.8432700562815988,0.7913482943264545,,0.549564862659777,,0.5254192174607399,0.9197262214340937,0.9613602246406592,0.9922927544335552,,0.8806580463853234,0.9662623826748942,,461bdcfd80571cea432e10e0947270b1a03bad21b5efa4efc325d700d1107bed,50f45cb9d7c36f7e9ad713cde316882219c82f7d0791f0d0e907e65ccc5286eb,08231c4e12ffd9c37f33f290e74bd6e4fc790bfd277e88bca0824665ec6bc2c9
sunny-mainline-cab-view/0139,sunny-mainline-cab-view,train,27614,8084,256,2032376,27870,35698,0.7680369360849975,0.7735447363997983,0.9908144958736993,,0.8993700445313348,0.8803047900056501,0.5877605917955615,,,0.9065207478340174,,0.0,0.8689318788517945,,0.7770626097132827,,0.7680369360849975,0.0,0.9602933919084988,0.9858042657382191,,0.8387116158884682,0.8455811016243497,,ea793969cdff22d7aeff4460d14cafa8007c32c5650e6cd3586775c958a0754c,9ffd1fbd5a02985f044eebd2c5f1c76c095bee6781c959b4c6742485ddd6b778,3b319798a360b2ae1cc5fa7da287ef8c4b36f0dc0f81e8c29890a4e860ffe420
sunny-mainline-cab-view/0140,sunny-mainline-cab-view,train,20884,4689,2627,2025786,23511,25573,0.7405673758865248,0.8166425526922927,0.8882650674152525,,,0.9528467583748926,0.0,,,,,0.6813536225300931,0.6830304200336468,,0.6658095042172393,,0.7405673758865248,,0.9691561479921201,0.9893200598434914,,0.8192452331008938,0.9348138767725092,,3a5fae521d4841d641c0b0953b4733aa8f8734d7fd9997403022f033352a935e,bec802af770693ccb921ee7235635fe5fd724eaa5b1d6e1f6746af21fd9112cd,2d50d2861de9eb86c7d30120ea4d502b66373529d0cc10c6899a55caaf0e8d77
sunny-mainline-cab-view/0141,sunny-mainline-cab-view,train,22365,4140,1759,2032915,24124,26505,0.7912892725728843,0.8438030560271647,0.9270850605206433,,,0.9669911582336591,,,,,,0.6678746535919846,,,0.8298215398145773,,0.7912892725728843,0.9132385938668661,0.9632401950676839,0.9646165720594413,,0.8824583229659119,0.9427896054616426,,2ab1618bf2232f7953374c7ff9fd6dbb5957a1d11d887a1004faeb1f3bfa8241,97b17a45f269102384f6109c04c9d6b8bf8782c9ed75e154169d5296a043ea20,d0d3de45ab4d3e4adc74296e7e4cd8d0c00efa30bf3800e7ce51e3a90076dd1a
sunny-mainline-cab-view/0142,sunny-mainline-cab-view,train,27989,4113,1278,2034627,29267,32102,0.8384961054523666,0.8718771416111146,0.9563330713773192,,,0.9577906651305983,,,,,0.6474133601205424,0.8243737184630472,0.8439996578564708,,0.5525276461295419,0.0,0.8384961054523666,,0.9819399176544984,0.993078122641984,,0.8875571227526446,0.9396168162098205,,f9d4c3db5d27a80539d7e059e63c85bbda048e2f6d73d48e3b0e6d2541a023d4,ecd3fb29f78f54f484c4e6ff39b9f5010a4ff9510a0ca54c9e0fcee6ada30585,9796f83e8e6da99e6a933ba0f0a4bc3810021c60b9dd247c1d1ca344037a447f
sunny-mainline-cab-view/0143,sunny-mainline-cab-view,train,41040,8211,3304,2015666,44344,49251,0.7808962039767863,0.8332825729426814,0.9254916110409526,,,0.9632206177791937,0.568956155830053,,,,0.7741056386879398,,0.8941462285978714,,0.6679787234042553,,0.7808962039767863,0.8685169823224947,0.9387315286015859,0.9931399672525185,,0.897144331670394,0.9000926003872379,,4437f8bc5b8248f9f54a530115e7dbcc3ace4af83f6e7e7505c28bd61deecdb4,5633b96990c8cacdbca53cbc8c942d05e63f5e2d839d47c6d0409a38e1392cfe,7d20d249e05d28f364e5e8ede19d829b162c9ef3fd06ac90bfe1abf1d0a65af0
sunny-mainline-cab-view/0144,sunny-mainline-cab-view,train,7727,712,1942,2057655,9669,8439,0.7443406222907234,0.9156298139589999,0.7991519288447616,,,0.9587773573040773,,,,,,,0.7300028066236318,,0.7159981791512822,0.7682481751824818,0.7443406222907234,0.7395324675324675,0.9671072679988915,0.9695282280433775,,0.8344205580130467,0.9482502689135891,,f6b634ec6548b8bf98554aa0ac61f40eb22ae85f7e7ae26d084ddb9500ae7e5d,7f8b37a8c257a86c7ca870dd1ce5018c32c9ed888de4dc3afc7b590ae25fb898,ccd3dcd556dcc5751b771a03a4dc9ea06fc2d4752c830bd5aa2e97857d5f78a7
sunny-mainline-cab-view/0145,sunny-mainline-cab-view,train,20624,2243,1580,2043692,22204,22867,0.8436208941792449,0.9019110508593169,0.9288416501531256,,,0.9720418750582461,0.6439467256555602,,,,,0.8385427092567703,0.9703723461005015,,,,0.8436208941792449,0.932450951787309,0.9756544156990279,0.9919034448858705,,0.8770834904593107,0.9542919708857385,,fcdb2f1d198ca40299c924da55b12732604c2030a0db21c6f4a86b3b5c804d35,20c74d76997181bbbf1ecde190ab83a62b8b818f8a40955abbde22b23f85c59b,3d8e58238af87facb3a0323854d1e7fead0f1693d4b374761f1c2c638b52b608
sunny-mainline-cab-view/0146,sunny-mainline-cab-view,train,40975,10308,1898,2014776,42873,51283,0.7704819390383784,0.7989977185422069,0.9557297133393977,,,0.9486405670302896,,,,,,,,,0.7114365059328452,,0.7704819390383784,,0.982471183026457,0.978459240303291,,0.8318837262531472,0.9123049184009088,,144ac7ace9587dad2bd7d7909441c0b2eb1b7a5fd5d975855c31e6f54006cc89,14b653b227e8c3d3a8b942968a57b177faaf75fb68a3e71ae071e6286eda5cde,7830f0e8e8031f7cad71de511957a8dccac91eef9bc1702e1f3e77e510bfb0d2
sunny-mainline-cab-view/0147,sunny-mainline-cab-view,train,4167,309,1884,2054971,6051,4476,0.655188679245283,0.9309651474530831,0.6886465047099652,,,0.9462068566133889,0.0,,,,,0.4986278814489572,0.8676909307875895,,0.6724786849988479,,0.655188679245283,,0.9813983989802573,0.967693966684557,,0.7721919283431052,0.9260956850285831,,6cf388fea166cff5c1481f523509bf3d72656e5aede0964f0ec6b15e88adea19,692808c9fd7ae6179769e38738eb5f38b5dfd78c857fdca542786e3cce1a19ce,071b91d3217cfaea2d1efd5e7508d85ed6e84909189df04219078114b37daa0e
sunny-mainline-cab-view/0148,sunny-mainline-cab-view,train,22900,1769,8055,2011051,30955,24669,0.6997922014423664,0.9282905671085168,0.7397835567759651,,,0.9367035871798187,0.7444149179877211,,,0.8003565062388592,,0.18104426787741204,0.9624536756768877,,0.7420454162027196,,0.6997922014423664,,0.9456002010285015,0.9885936794979227,,0.8678922323782137,0.9312322711694541,,d859eb4079cd5f05a69e1a52ca314157548f99524569888aa31aa39194c4c163,3f6263d12602f503c9afd8899de5bf72117310b14c1df89f7ca3507e4df9258a,3b5ddb160ecc857c8db59e1fced061f403aa66b0d970a8ee37c5600bd3e43e96
sunny-mainline-cab-view/0149,sunny-mainline-cab-view,train,5582,103,5032,2046411,10614,5685,0.520854716805076,0.981882145998241,0.5259091765592614,,,0.9088609494410324,0.5538229705824543,,,0.2980456026058632,0.7919064907464801,0.4589473684210526,0.7845126082047422,,0.7592853935467316,,0.520854716805076,0.7711907164480323,0.861120037017519,0.9721754771138846,,0.8344250049144879,0.8469041765800156,0.0,0f14ff36a7fdb27af6f7ec8cb353e753e159bb3b77aab52a80b13fe6937791bc,f956580152828b020215fbf2c78a840a5b4b68ad7e56c3e41bf4fea9766fcbe0,2157bd5dad420a8d2abe3bfa860c930c0a2955c3186f4a1a238a48281f90a317
sunny-mainline-cab-view/0150,sunny-mainline-cab-view,train,6864,1098,2754,1997854,9618,7962,0.6405375139977604,0.8620949510173324,0.7136618839675608,,0.7668418537983756,0.9472095031592289,0.18639291465378421,,,0.5538290788013318,0.0,0.7456149193548387,0.8594514510526512,,0.6709447749309101,,0.6405375139977604,0.7939314502916311,0.8680750772256486,0.9942646694138566,,0.8564973939423278,0.8570529149121743,,d4d60368183c52383216b6039fb814147d7720ff8a5ea3c97e9222f8f0eb8937,ea19db3c93ddb0c57d8a40d4882b76fc921b3e7ef2c036f491aeeeed322a8ba8,4146fdc6fc687bddb86eb9d06e5252a731dea89cd4471b11eddae00a32ad2454
sunny-mainline-cab-view/0151,sunny-mainline-cab-view,train,14446,2721,9392,2039428,23838,17167,0.5439210813660152,0.8414982233354692,0.606007215370417,,0.0,0.9119488510560665,0.7214922973525032,,,0.27906976744186046,,,0.8923404931212277,,0.6230192665627043,,0.5439210813660152,0.8734304369663486,0.869851610305666,0.9904672077755943,,0.8764875499832725,0.8181544020034238,,4b1751c125ecc67afaa53eb1d7655c7a5ec051098de588dcb48ea4bc9cd3c5fc,1ab5b3a734f95118a4f540fd1aa10298673d5e4910ab7f3050c63f27f8d9a24b,164ee6185bd121db1d4888e3e055c9c8c8e342afa11d2ccb22c5a9496f2f961c
sunny-mainline-cab-view/0152,sunny-mainline-cab-view,train,8043,1149,4665,2045722,12708,9192,0.5804286642130331,0.875,0.632908404154863,,,0.896256365668861,0.6198607604620916,0.0,,0.7273877292852625,0.0,0.34238310708898945,0.8444748580697485,,0.7485834720588909,,0.5804286642130331,0.8695845729548959,0.8871842008891001,0.9808715648507124,,0.8316035574933257,0.8793154045375675,,7c244faef1d58c7c544581c4aaad579ceaddaf9f4f8593f1c642198319e0f064,57425f7fe572f2d8c613752e0aa310cac5a68f17926ddb24529c7254a7030148,253ff9a026426d0b7937c43b43415a207516746d11ffcb8e2af498ed1071c659
sunny-mainline-cab-view/0153,sunny-mainline-cab-view,train,17538,4139,3877,2041183,21415,21677,0.6863113406903029,0.8090602943211699,0.8189586738267569,,,0.9388852475707459,,,,,,0.6385759764907555,0.0,,0.9093763010138062,,0.6863113406903029,0.936291488420121,0.9787608545051559,0.9928261403652444,,0.8901582009544355,0.9560531146131331,,8a9db76dfcf9155f0dfba13eb33441d81632dfa0d872dd599c6a9a249961a009,05a5851a91ad31d3a2d1b4e3dda4c9fb4c997e5bb7d94639cfcf404ebbcfe4e3,5cbb8261de1bedfb6272b85b1daf89ea78c33d5d3d8ea9ee4a354e933f2f8b40
sunny-mainline-cab-view/0154,sunny-mainline-cab-view,train,14655,2993,1761,1984381,16416,17648,0.7550620845999279,0.8304057116953762,0.8927266081871345,,,0.9631486314256236,,,,,0.0,0.0,,,0.6176961602671118,,0.7550620845999279,,0.9759083604231774,0.9959456081188898,,0.8834525008669232,0.9317066567396528,,6ba5f4dc3a08179c05592eb64e30da7a3ab0f61eb7a134091c4cb022c307f8ce,73a89e97a564e8790df1b2ef5cc6b4b1abecd82ba42528df33db4e2887c0a69e,9c1aededbdf754238082fd9426defbf3bff75cfbc81178aed262fffa22a0cad1
sunny-mainline-cab-view/0155,sunny-mainline-cab-view,train,4284,528,680,2055131,4964,4812,0.7800436999271668,0.8902743142144638,0.863013698630137,,,0.9761452082466877,0.0,,,,,0.39833800992877183,0.9042942743009321,,0.5792463548570347,,0.7800436999271668,0.8813654168998322,0.9779021986070936,0.9864630843230958,,0.8746809227953571,0.9448639547511972,,06a90f5ff240f94f7308b963ae697e96d8e7f41f7c690b41c58516e490c044e0,3520046f77397809711aadef6d4851348e6ef6dfa7e4d4acffde40d4a08d976e,3d5c912a5c73a8beeff813778dc3d0c48c960d458f19aad8ee3c0dd44cc31e96
sunny-mainline-cab-view/0156,sunny-mainline-cab-view,train,7323,278,2549,2050210,9872,7601,0.7214778325123152,0.9634258650177608,0.7417949756888168,,,0.9657197368584065,,,,0.0,,0.6989840602557366,,,0.7374851013110846,,0.7214778325123152,,0.9777070516594566,0.9876092901436659,,0.8776142772691687,0.9406355730728272,,2a9b7f9f2e664a6492b210e6af5c8b3238a3d01e1f1d4f0c3506e92519ad0942,407421d1c13fc9a5c28ada48397820d63763e5bbd52ba90e03022634e21f2fbc,49fa481424800314a4b00cf85e92c50bdda4e20d90af494d4399759441ab98ab
sunny-mainline-cab-view/0157,sunny-mainline-cab-view,train,22257,7250,1280,2037385,23537,29507,0.7229350050345925,0.7542955908767411,0.9456175383438841,,,0.9625587416105323,,,,,,0.45072250368115,0.8850429154354862,,0.799208849168559,,0.7229350050345925,,0.9563742001317591,0.9908031126954319,,0.8676316197098256,0.9278552928398363,,8e5da439095b7bf529ca9afbcfc297a86c96a3820aab657ef461687e06417c1a,9981e1d1ae142c1e9738d94cae092b732bd369db06694bee51a34ebb4e3fc179,0fad7c213f72e64485bbe17be6639d8c8a7348e6fae7356a604e245457dfcecc
sunny-mainline-cab-view/0158,sunny-mainline-cab-view,train,4321,1677,763,2061417,5084,5998,0.6391066410294335,0.7204068022674225,0.8499213217938631,,,0.974987247470254,,,,0.8891402714932126,0.04143126177024482,0.7133244979100826,0.32319366102605424,,0.5271922673809246,,0.6391066410294335,,0.8489405274895482,0.9414608396801848,,0.8746438260335443,0.9236925928070887,,e6a650c2b434f3111eccf6b5f78e578afe4a7a00834675380b1cee62d761869d,07015ed660b2b8ea64300203f1815f3802c8e66a3db06436fb5305d647e31263,035826a3c215bc8ee69f6fe7e2ca1c46358627ac7103aa7f483c03d1d3431097
sunny-mainline-cab-view/0159,sunny-mainline-cab-view,train,27014,2078,2345,2036672,29359,29092,0.8593059134141299,0.9285714285714286,0.9201267073129193,,,0.9659805866050202,,,,,0.49148686334947894,0.7834645669291339,0.9205748865355522,,0.6731025299600533,,0.8593059134141299,0.0,0.9623853188730287,0.9919494214848784,,0.8988283397471138,0.9375119397852749,,0857b1a64422a748f3a1acbe2298b756354dc4e916a3e35065e7c7c8aa443cfa,d11d1839c3df1fc963b3d4a7d2fad7dd497deb84c04b0fae9ac7612d46bf2393,885145b87c0e6c914ec4a3c17c685e517e5444b9e8f95d61db3db3676442b3eb
sunny-mainline-cab-view/0160,sunny-mainline-cab-view,train,21833,5114,1135,2040220,22968,26947,0.7774731144505377,0.8102200616024047,0.9505834204110066,,,0.9670310384596099,,,,,,0.7345888091044573,,,0.752504097614278,,0.7774731144505377,,0.9714896824628033,0.9912647987749791,,0.8856379004001926,0.9135035884620659,,3f99be5f7928e5a01c3e2e0da7c216742c167125a2f4df4f9eda959f3e86453c,3a16390f7fe8b99976e346e04b3a49000f78f09ada1595a248415368e11aedf5,e5b57f9ea9a0cf458bd9e6f830f312bd9eecc9b45a65c5aac213c279fe8858ac
sunny-mainline-cab-view/0161,sunny-mainline-cab-view,train,25794,5720,1904,2034701,27698,31514,0.7718594769286014,0.8184933680269086,0.9312585746263268,,,0.9524499004562164,,,,,0.9497374343585896,0.6249003807668467,0.822871063409123,,0.7100295888174676,,0.7718594769286014,,0.9440598041225732,0.993884414388324,,0.8862389359661672,0.9097176650729665,,016395879116dde76f1eddcc264a67c3d1fb136d9a0f2d92b33ab41044c4e774,d23f8db4f6d3d5ebf380883116bb37266ab923f0b3242a26533b21ff6567c406,da52910abc88abc24ecc78b41f06acde5912a0754f84717bd026c4b7e5cd7a6d
sunny-mainline-cab-view/0162,sunny-mainline-cab-view,train,24297,2498,2973,2035377,27270,26795,0.8162120397742543,0.9067736518007091,0.890979097909791,,,0.9642626245815277,,,,,0.9550307692307692,0.7223918118154067,0.7476230819919043,,0.8400060346615875,,0.8162120397742543,0.5950804162724692,0.957228626287979,0.9893976401649567,,0.9006012151207983,0.9237693648855196,,9a198f581ccbd0527724f15f9a3cece6e5832854e77e259dffc5bd5a429ff05c,0f13810f4e07bcb4e31d23ae621fe1f2f1ba5df5bd7d2a28ccf1edc7b7b90c12,8b178645a4ec03ede47b0898017fbfef5690e32ef0ea4ff565dec1391372cef9
sunny-mainline-cab-view/0163,sunny-mainline-cab-view,train,54688,5604,5447,2002226,60135,60292,0.8318958304811451,0.9070523452531015,0.9094204706077991,,,0.9418059758498105,,,,,0.9566339700567889,0.8476459758022094,0.6348626165868414,,0.753408814219625,,0.8318958304811451,,0.9697513685688363,0.993708092399152,,0.8839709288395495,0.9233365046064775,,53c1f0e23c023af87bca8d7c925f1118fa6e03bf34b314ab0e901d159fd525b9,0dcf0e9793f56137c43c73198bc407fb3d307128f3264ea267e08b830d3a3e6c,7c14333052354815ec2d057f0d3dd90c2c08415ebdf6d02b2ffaa6aa9eecb5e6
sunny-mainline-cab-view/0164,sunny-mainline-cab-view,train,34583,1268,2510,2029816,37093,35851,0.901514559057376,0.9646313910351175,0.9323322459763298,,,0.9645221853264827,,,,,0.9445731121299491,0.4451414368564327,0.9032147351561606,,0.6624673528959901,,0.901514559057376,0.9106947074653643,0.9618947060593365,0.9947078371235821,,0.8967966463655778,0.9363866639844651,,dc2322339b57aed5805465301755b9054b87fba047b608e05ae4dcf959232006,595424faa77d35db1f99a37b4f55a72e40170bff8e5dfdb3ab73ae65e3e2479a,093bb783fa49d7b36b266da4cc70af6e559e14bef3056bf0fe385bb9d5b86799
sunny-mainline-cab-view/0165,sunny-mainline-cab-view,train,24270,3535,3147,2037098,27417,27805,0.7841173429826829,0.8728645926991548,0.8852172010066747,,,0.9522402943719664,,,,,0.9589371239101069,0.7368281236163995,0.805634017863959,,0.7790834312573442,,0.7841173429826829,0.8437843073942525,0.9502690734300049,0.9945250471807436,,0.8873406278250568,0.9062779179515933,,ed03205def575f68a08e90b5040e492f111657b011c4a09ea8773bfee95ae4f8,48f2d8f29663c715443a61887d3de406b2141c0cd0635bc8d985d53ed8a38d72,271fe8ba20e93a8c88a62a7dedaba9d1904c8a531012a653b1edfdf62aec7816
sunny-mainline-cab-view/0166,sunny-mainline-cab-view,train,20109,2351,1736,2043824,21845,22460,0.8310877831046454,0.8953250222617988,0.920531013962005,,,0.9658526686916213,,,,,,0.6984013517026254,,,0.7864569681083442,,0.8310877831046454,,0.9771676992357319,0.9902598875015544,,0.8820212462449863,0.939952631956683,,4cb25bc7ad809534409bf310ce0bd9621415dfebdaa38bfbacf278916ddd0f64,6efebaf42ad436d141650e14308bf18e2389d3ec7ed42dbb736ae5b5f6d3a70d,97767661fe596dac816adf973082e6a569f5c980d797fba782b9a705667611b5
sunny-mainline-cab-view/0167,sunny-mainline-cab-view,train,5560,1416,99,2058147,5659,6976,0.7858657243816255,0.7970183486238532,0.9825057430641456,,,0.9721673073930409,,,,,0.9122088139482473,0.9552882808389085,0.9538913826511088,,0.0,,0.7858657243816255,0.8176955372414866,0.9481307795409474,0.9885734148522041,,0.8879054588607594,0.9257336449331054,,ea08f07ca095ed6d035d6f14b8548f69a14bf8d6b49efbbdddf5179bf9ef3009,b5e44b4d05c9f941f3f50ad3195bd2b3c67bdab306fccddeab16a0e824382b20,5a9e1fa80d01fd58ad1b7ab4f7650f7fa2b99862882bfdd12c3307d031e64c10
sunny-mainline-cab-view/0168,sunny-mainline-cab-view,train,22472,1222,2712,2041661,25184,23694,0.8510187078694236,0.9484257617962354,0.8923125794155019,,,0.9631972140246206,,,,,0.881325,,0.8174802044702817,,0.6489347624718804,,0.8510187078694236,,0.9732734275033559,0.9923240091760833,,0.9021445305460444,0.9527987884361461,,72b8f6a32917f9b4cd7edbfc8b38900c94a094dd308a81ee17ec8c715bf8a875,adeae42b66b6f80ff7ded176032da0f049d5158fb43d05363602b068574857d5,24181eb09620aee2593413efaf41c914261ef2c17afa2353e5fcf9a3740fdb3a
sunny-mainline-cab-view/0169,sunny-mainline-cab-view,train,4952,2035,810,2060230,5762,6987,0.6351160702834423,0.7087448117933305,0.8594238111766748,,,0.973608276444507,,,,,0.9414518404514557,,0.9049420226948596,,0.6591457945214931,,0.6351160702834423,,0.9712521879573189,0.9914041412168959,,0.9069713947718647,0.9483508960661109,,e50a126b8e9d96524472935c0169644a3000d548dd10622d7dd7837f28b262f3,1fabbee7225ef01c83c8f9d87a5e21012dbd0cd0e092aae0b3f85cc885236dfa,38d80361c2896428cc8cb460e489facdde1c477fafb886ec5c14ddc74354ef04
sunny-mainline-cab-view/0170,sunny-mainline-cab-view,train,5467,289,3773,2058676,9240,5756,0.5737223213348724,0.9497915218902016,0.5916666666666667,,,0.9563915057823089,,,,0.0,0.9610129564193168,0.4470588235294118,0.8832098079839381,,0.6242318721835314,,0.5737223213348724,,0.9722742558226429,0.9908487329070127,,0.9090065764407707,0.9608954630789754,,3f433ab98d445e66fbd4c3879168f0ff099bfa2f2a0555a496a23ef041827ef6,2432eb316800d123f6938e33fc85795b3d6c60ffa520a0ea9203c0121e31584d,7d20943649c7a6f395f6852890aa6a5be7e00b0e42ab8ce7f3a4623870bde829
sunny-mainline-cab-view/0171,sunny-mainline-cab-view,train,24065,4992,1332,2031079,25397,29057,0.7918983842837869,0.8281997453281481,0.9475528605740835,,,0.97172951529798,,,,,,,,,0.8272728046362406,,0.7918983842837869,,0.9690275573933672,0.9659053358591063,,0.8723282168985799,0.9406838744118784,,f0f37b4a43e03c4b5aef2ec2723b33d29fdeb183e0247dc20cc38fd51708b6d4,e8e0d147bf6775475813b28df3bf64d5faa50955a9846c2f56a541b5e2252767,b3965a4d41506b63ec54447084a2603c50d832a74ffec7447f5d0681197ee41f
sunny-mainline-cab-view/0172,sunny-mainline-cab-view,train,0,0,0,2063137,0,0,,,,,,0.9655507090821895,,,,0.2954856361149111,,,0.9196257180702239,,0.6416744351222977,,,,0.9652708012191407,0.9659663691562927,,0.8103455445132853,0.939492911249872,,9d1f242981192b866b8c78b235337b3fcd78c0dbb947afbb3861211b73247352,c9cc1d7969f031b1ba1caed9230b1e99f67407a3ccf18ad66582f8d9f85d7a54,9f1bfa43873db7ddde77216aafac89be881fd58627c2c432ede0c5d8a76008f9
sunny-mainline-cab-view/0179,sunny-mainline-cab-view,train,0,0,0,2070979,0,0,,,,0.8645503255170824,0.7237798178144826,0.9701922655256447,,0.683245792689463,0.9368088113237174,,0.0,0.9143599473289252,0.9220950125016449,,0.7133057471264368,,,0.8363705611074773,0.8929295509330949,0.9627619519445133,,0.7476965571668146,0.9623853128727612,,2980bdd5ac578120cb35ad4b8b8f5798eb1663f505b1d628312365558c8e6637,0a9409b2e919a722e20a573aade797666e16f212e11504e1bba1fad37db8571f,7a7c59a1744295a934fff2baef65409444bd7594d62d6659d00603e09d12c682
sunny-mainline-cab-view/0180,sunny-mainline-cab-view,train,0,0,0,2073539,0,0,,,,,0.251896813353566,0.0,,,0.9641118087068233,,,,0.8320109227677881,,0.672243260046346,,,0.8826149241876232,0.9361178099079711,0.9867245268322236,,0.7958511617830255,0.9496913320714783,,11d2b9c079ad57dd8e7e64839160cd7b1d1b689d42720e385bbae214ae1ce4e2,d03eedc21174cd47abea991f73f6f1990f52f4dc95c05ca152a8ebc1c4f8dbbd,5259baef85aa8989fd53fa764cf1e80666c91e9637e4ec94578e844e578310ac
sunny-mainline-cab-view/0181,sunny-mainline-cab-view,train,0,0,0,2073600,0,0,,,,,0.9760858727488004,0.9778047001811381,,0.0,,,0.18339100346020762,,0.33774834437086093,,0.6734438536127619,,,,0.9879573122319081,0.9956957028370312,,0.7780178707002278,0.9494097434725223,,961d4dc340edb778535bf1a91b174154c09e8c3bf2814a05efe15d66cfa809cb,f7acffee97a0d29fb4655547c1884e20e9bd9972cc8706da96cdee1e26eb908f,ca104d9269a5b0b9fd76939b4b416f24bb1ef8a1e6aa635cfbd2c74428eff917
sunny-mainline-cab-view/0182,sunny-mainline-cab-view,train,0,6777,0,2063359,0,6777,0.0,0.0,,0.6268457093943933,,0.9325588015139216,,,0.0,,,0.8998224390363785,0.973701849980854,,0.0,,0.0,,0.8650215303080491,0.9257569265924022,,0.6574926059809398,0.8128625900296568,,2b635f17ddb2ba61b77fdcac0499ec5c3d70dea1323a289937212955ea815653,4ceaeb2102494da778ecf94d2ac615d63cfe08ae62aaef2a6796fec50fb8bb6f,ad4fa50e5c87e2fbfb2acf4dff065a9658995543a6e33a5c2bb5795d81f0b4e2
sunny-mainline-cab-view/0184,sunny-mainline-cab-view,train,0,0,0,2070348,0,0,,,,0.0,0.775456228510976,0.923006138232572,0.0,0.741423125794155,,,,0.9338519421050517,0.9125229222409847,,0.6499707355140795,,,0.8085119399637009,0.8667334208042723,0.9747650685945851,,0.7612951314877535,0.9390905124955855,,fce720c8ba60a17547f87e487d475b7dfc8130e8e3f6de1eb655de80095dd9d4,cfb308f1843883bcd1f15e0bb17c380c182c15635fad7bdad3e92fd028097a16,7f212f663dca5b94269eb552b5c7ecb6c8ef0f3f478948ea99f6ea675614702f
sunny-mountain-stations/0228,sunny-mountain-stations,train,0,0,0,2073600,0,0,,,,0.9236787204450626,,0.96718250099551,,,0.9561891457116247,0.5835777126099707,0.7827804894245775,0.910067282615519,0.8074135886512364,,0.8174576728392123,,,0.4827444535743632,0.8799897489718462,0.990293881368329,,0.8296463238637487,0.9541305261846551,,8fb67a7950262b0a2133f19fd631fd9df52f83e1660f0a811abf3e9d0982f269,f4c0dfc2948c51f179a4a80f4d4b7d2a14b8c5ced33c320220f787477a45e6d3,aa9f73a2c6e582c32ca9cc1e5e169ba0583af28e7d9340aaf409ab0fa8143ba9
sunny-mountain-stations/0229,sunny-mountain-stations,train,0,0,0,2070011,0,0,,,,,0.624172568624728,0.9610422496802218,,0.46482260974143114,,0.6794986571172784,0.9732681626993656,0.9832581625649573,0.9041084171220951,,0.7001550031574717,0.8137082601054482,,0.8674191374663073,0.8420710307727747,0.9898713784666284,,0.812008970954471,0.9551080973679538,,0354800bf80455fa7680958e010518b436ea155dca8b0abbc8d1e10092f0661b,fc908e7e08e5cc665f4c59c11eadf28fcdf161bd566dd5bc31ca5349d4ad036e,346f6b92bd48e63f0cbfa8ba565ecad56788c59ebefff00e13c362c3368a3ed7
sunny-mountain-stations/0230,sunny-mountain-stations,train,0,0,0,2030242,0,0,,,,,0.8343558282208589,0.9016054231571473,,,0.9201507882111035,,0.8041616221047987,,0.8563456071798675,0.7994143260149639,0.7535515061361101,,,0.8526087308949752,0.9297343633767234,0.9853425425414146,0.5646977903877568,0.7796231481037541,0.8777497352350744,0.0,505099662669780df8408d783f6869cfd7b572910896d2c7b6f0e27c7432cffb,0f54a1615827a6cc63096a9eaf5bd58b3ed9758a76361bcee72da0187c106f17,75307949e24a57bdf45f19a23dbfadaa295cb4e50741c920f0cc2c30f30a0df2
sunny-mountain-stations/0243,sunny-mountain-stations,train,0,0,0,2073291,0,0,,,,,,0.9712907711534738,,,0.9813584853983361,,,,0.0,,0.49207068418667876,0.8907501820830298,,,0.9890615584837237,0.9950464834855155,,0.5829460246638161,0.9404098233617163,,d048231d419c08d7176eaceaa89f964709a5a5de28918f80af2d6d5cb56dc892,ac493ba00b218289c9290e59fc10ebc5e73442a5005678ae91222731a9f1a765,e80dd5e4e945b76612a9b75b51a406a9b1c13363bed85e2f4a536f10bbf0ed1a
sunny-mountain-stations/0244,sunny-mountain-stations,train,0,0,0,2068950,0,0,,,,0.8836289329595767,,0.959524658953842,0.5127863612147043,0.7311111111111112,0.9160155182776898,0.36318407960199006,0.0,0.8357850586590481,0.6526737967914439,,0.8252470050333102,,,0.8549375966826218,0.9517192545176457,0.9895324858858903,,0.7750284055043555,0.9182201798378367,,8d1edf47c4a0e099e6bac09702b9eb61358d689387405e5915c4b761311fb755,62634f58072805641c40889959a1644646ac9bf20776fc28c0eb907ebb26db45,3fc6e2cc865bc0ab6e6f39709c44b3be000922e9c51a64f000267ced53a6a9ab
sunny-mountain-stations/0245,sunny-mountain-stations,train,0,0,0,2073600,0,0,,,,0.8505100044846045,,0.9107951284830709,,0.07311320754716981,0.8595804894289995,0.6310483870967742,0.917810308020738,0.740203893270683,0.9658990570360905,0.8819826007326007,0.6435813836838522,,,0.6721595184349135,0.9453968888112063,0.9942602649615818,0.7334893119217271,0.6853970603785555,0.793038744119668,,ede5e722aa51b1edf1b7f3550819d1fa7c743d02958fb765bf9233ccf1ea1020,cadf2ab9a2d6547b808e82099b83169aa947fb0617b0d25d7c012f3a84f18477,84d9ae7fa4f2b2622cc2598f49542b7e8ee95ce7ddf7e43555df6f9bbeda2b66
sunny-mountain-stations/0246,sunny-mountain-stations,train,0,0,0,2061103,0,0,,,,0.7204578429792036,,0.8378926382800376,,0.0,0.0,,,0.7828233674365609,0.8062083641746854,0.9664566732028871,0.5822925958965209,,,0.913226388565988,0.9614656108168751,0.9922581481601526,0.8393984962406015,0.8140527390058346,0.7958403276473334,,90a65adbb644d54e42c7e51d5cebfa0b1e554d4d34f442db24481dcd7007c74c,8211f22cbe10bb54834c2a0f57f23d5612d3a7a8d288102d2f5c719f02078527,3aeceafc22f98064c8bcfcca6ff2574ec15e36eed34004ca93e4b1c0e3c92925
sunny-mountain-stations/0247,sunny-mountain-stations,train,0,0,0,2073600,0,0,,,,,0.9064223419263819,0.9719193443368438,,,,,0.23565138171879746,0.7317739731532835,0.903768212859951,,0.6019492745597519,,,0.798358828892716,0.9686399201440937,0.9949568148503096,,0.88289972899729,0.9646156918031596,,a442fff38da0ce40c7e735cd036d9ad22fde5c1909107105ed77bd798ca3f872,c5c7e80094cc032a92fa08b0b660de2231a9cddd7643b6d1c2df97dbdb15ba15,9ebb3f28337e58ba97d7973a8c8f020b406231b46aa0f27b6eddb9db96867aec
sunny-mountain-stations/0248,sunny-mountain-stations,train,0,0,0,2073600,0,0,,,,0.8090723055934516,,0.9676513749760735,,,0.7616841708216934,,0.9387204006880141,0.9152097443166903,0.944696692116051,,0.5482392741811472,,,0.7278611238738288,0.7376866857324436,0.9885287770305176,,0.8401967785447909,0.9471604976006358,,c489b83cc8d5e13b9e9ee4f588ba23a86a21404337b41cc01afb90627630275f,1828c615b6f7ff9fa65e720ed3534d3325375ddada62df18c96577a26343ed35,7f269aec8278b5cc1e00b9442d6389a28500e9b154cc5f9229f504324a5e35f4
sunny-mountain-stations/0249,sunny-mountain-stations,train,0,0,0,2073600,0,0,,,,0.8389574182688514,,0.962904490564065,0.0,,0.9601198943304207,0.07290571328426218,,0.858507583843182,0.9273164828676941,,0.7577931174157398,,,0.8061157242651904,0.9698805973295114,0.9915274762535944,,0.8602114635503617,0.9427144606371995,,408760b135c0da743871d600304812e352ac956549d1987597238245735e8672,459bc06543c1527b8f31f3778f2304eca8cda8b56ce00177d1006117d7a4ed71,ace4c9a0fa58751ea4c1862430da0fef72e6f1825e2048ae94602672e96f7586
sunny-mountain-stations/0250,sunny-mountain-stations,train,0,0,0,2064289,0,0,,,,0.6619316991410015,,0.9760467888541201,,,0.9645126172781845,,,0.9682247225849537,0.9663706401133604,,0.8623238357843137,,,,,0.989039069788609,,0.8215566714490674,0.892430845859646,,0956dd0c21f6af0a1387e957effd77c906124754c421ea783a885ae3ce8cf3f2,1a54313fd7aaffafd2aa769b53c139c749f29333937e07fd9220a885589e54d0,286a6287119521d2e84340468db89acd3760b4c88f5cbfbb8f28e9faa63d412b
sunny-mountain-stations/0252,sunny-mountain-stations,train,0,0,0,2029299,0,0,,,,0.7569152730443053,,0.9632832632971932,,,0.9204825277370445,,,0.9607468765199968,0.9551710024441361,,0.7667054173448036,,,,0.9303935468100709,0.9922981455142532,,0.8840166272719863,0.9773499585861073,,1749f26376edb32da712444c9e60186ff4bd29e1fed12a43bf0f659bf8e5a11b,c37061946bca614f0217b26c4987befc27e64f2bc1d0d90685762ea41c67810e,64d02760f2beae5ae75b649967302685cb8e95a96ed0d99decf56245b3e27745
trackside-maintenance/0000,trackside-maintenance,train,56335,0,42394,1990231,98729,56335,0.5706023559440488,1.0,0.5706023559440488,,,0.9724346845439215,,,,,,,,,,,0.5706023559440488,,,,,0.9607492411200254,0.9694795017734884,,e41473adaa20b0dfe8eecc7e6000f550ae13c68770e4946667d4c938e7a89230,608d5152e26531f443e848f1ab03966ce4ec96ab2768c3ee09bd3bac6d538107,0f5eda3a06ce63472afd3c57a3d9109a7a245d8e3b41dc47f16a75a7f6b19786
trackside-maintenance/0021,trackside-maintenance,train,1288391,15692,23256,761328,1311647,1304083,0.9706570815744885,0.9879670235713525,0.9822696197986196,,,,,,,,,,,,,,0.9706570815744885,,0.9792379050005079,,,0.9500011213863325,0.9350961451263616,,f193c1a096a827f7ac610c2dfa2ef5244731e66842755d4d9a52dae046fadeb1,3cc3a810432c2d42f2e1b1d81348e5530c70ad2520bc91739596cf667ef7070b,28e0f3751058d5bc93e15a800d729149b317a20a94bf3dd3c827a288b1535c11
trackside-maintenance/0052,trackside-maintenance,train,1170732,10259,6770,900907,1177502,1180991,0.9856629406084221,0.9913132276198549,0.9942505405510988,,,,,,,,,,,,,,0.9856629406084221,,0.9585283146829434,,,0.9675152802450313,0.9816111884282813,,efc1a697946924df5b504e34114d2f5a5bdaff8ab191a9dd2c8d978a19525204,d7c67dfa30ada59632dc54a7ee5807a8e61a421646642ee6822c51b526280b84,c11d5f9f1749661bbc1b9d9511a2754fc3574faa4544d76cc89c22257672dce9
trackside-maintenance/0055,trackside-maintenance,train,1178072,60906,2853,847129,1180925,1238978,0.9486572649579532,0.9508417421455425,0.9975840972119313,0.9649753374373877,,,,,,,,,,,0.0,,0.9486572649579532,,0.9671913940502855,,,0.9555980655561526,0.9034199442665837,,28f3b3d7bec0bf474a3fc09012c7f4ef1b0b5a4e37e51acf00fbc5bea657569b,7b23c5e8ffdcb864899f2b44e3f35d742c5fa4f4a7b41a710d74ec6204039136,4365da1d3f3d68d9cc9f2e19c885cf45e3866d6ae0a227748f3843dc638744c8
trackside-maintenance/0056,trackside-maintenance,train,1054041,43835,22517,966825,1076558,1097876,0.9407779234607856,0.9600729044081481,0.9790842667092716,0.9701738196242631,,,0.0,,,,,,,,,,0.9407779234607856,,0.9616890461413532,,,0.9552384206585194,0.8961854837605902,,ecf8e84d483b920ff62e729b88a34b2e02bc43b25ba2201f33a1d1233e98db4f,71ac374b6a05e5b030909b340d8dfeaf290ad55a7d2193361ea9ad5698cb1afc,2dee2fbdf69d507f192d41f4bbf31671a5fc3f115eea98e739c09991378fd4a2
trackside-maintenance/0057,trackside-maintenance,train,805230,331,4050,1278944,809280,805561,0.9945887592930432,0.999589106225351,0.9949955516014235,0.9652946288500389,,,0.5593757243297536,,,,,,,,,,0.9945887592930432,,0.9770619716614162,,,0.9745800369924458,0.9837885420305938,,76a244cf235702a8709bcd5845224a9a5785c3cd791a1fc89b4d54cf065746b8,c6a6ea3d247a64e8a78e7264e9e5bf9070735b251f3b1498e53ceeb2d9a5eece,bfa715b7c865a84ab1382d27581623c376507bf1e776fbfd91c962dd4536a4df
trackside-maintenance/0058,trackside-maintenance,train,1312027,15192,16082,745659,1328109,1327219,0.9767185463272937,0.9885535092550665,0.9878910541228167,,,,,,,,,,,,,,0.9767185463272937,,0.9402409153440929,,,0.9344152154550202,0.9672999084839663,,527bd4c6f5b48a8fa052db415d684acdb3dcbf8021025486fa219182ad9059ba,135090e121d0df3d05d16ca027cf3a9280fcb288b8d5e5c4b535ae20858a57bb,1a5e50968f3bf0b4e01d17c712857e0228f152a784e7ec23d01713cbe12be2b6
trackside-maintenance/0059,trackside-maintenance,train,1238040,15735,16167,818989,1254207,1253775,0.9748791677100214,0.9874499012980797,0.9871097833132808,,,,,,,,,,,,,,0.9748791677100214,,0.9494824016563147,,,0.9165317886248119,0.9712310932999288,,8f38d8ecfaf13ea9265b15f72d8c2a5f6320df894c563c0277971f5a71223076,51caf95e4def10813bd0f02b5d94ab8f9ddcf77d3b4125ae347e9e88f0e70034,70d2ab1316e7c507e674eb32634e17f4736a21fe63e013ccd3795a7e0af0d6bc
trackside-maintenance/0060,trackside-maintenance,train,1401440,15457,10735,661328,1412175,1416897,0.9816535353648559,0.9890909501537515,0.9923982509249916,,,,,,,,,,,,,,0.9816535353648559,,0.8118845045889997,,,0.9461475044057694,0.964085406654906,,af2519b33d6b5f52478d8c41669353834cbc46bda125e944b6f0f559e55e7d51,a1ed253eef60a1b41a1f265e34bb48ebce8b527eb2c22c4dfdfd0244558ab6a4,bc757479d7c795694dde8adc1d5efe5584d799bfb04135381b2bef58212a425d
trackside-maintenance/0061,trackside-maintenance,train,1665731,19413,3024,400792,1668755,1685144,0.9867092611635809,0.9884799162564148,0.9981878705981405,,,,,,,,,,,,,,0.9867092611635809,,,,,0.9686983250487886,0.5040123755196751,,8bdf064f89bd89d79af62f1c4461b3024cfa2110a8194ff5044d74f7f592fc74,a2d3dc8b57ca001020539c453fd25cc135c52f4e3a1b7e3782882c0642be1d36,ff9b93005ee3505e95a1ed7f3d42ff531fab4dbdc59e3abeea1a28df095bda83
trackside-maintenance/0062,trackside-maintenance,train,1901648,4139,1413,180983,1903061,1905787,0.9970889261744966,0.9978281938117953,0.9992575119767575,,,,,,,,,,,,,,0.9970889261744966,,,,,0.9703766058292406,0.0,,6f1c22c5a26f9c6f9349d1b7472ea93537d6383a9cda356167f51397f8e8f989,8b6b3404dcee61dcef88a2efe10d1c664ce76c5c90f08c90a160e1881b9c7ba9,25bf81a176dbacc01042deebb6e5bca69c7feb58289e991ac764702f01388325
trackside-maintenance/0063,trackside-maintenance,train,1331376,16650,5166,735768,1336542,1348026,0.9838781192912758,0.9876486061841537,0.9961348015999497,,,,,,,,,,,,,,0.9838781192912758,,,,,0.9636218113416735,0.9767804162800554,,f25b27c24e3ff91436c5e3877a5df281c4dd826a5c70266f8b58faae4174a2e4,f404f535862173c8b8688fb06460f4e3b4307973ba3453d76a2a74ed1ce29373,292dfd845961675057d7cd0c79cdc43783e43689b549a49e75f7acbed896a49d
trackside-maintenance/0064,trackside-maintenance,train,367208,15342,14340,1692070,381548,382550,0.9252135352364635,0.9598954385047707,0.9624162621740908,,,0.9785673749732345,,,,,,,,,,,0.9252135352364635,,,,,0.9692899769869853,0.8071610581918,,40ea4a91bdc724c6898236dad7394cdb56c3f9eff92be4c2d3cdc31bac221ba5,8cf27ff8c967f94b6ce773a71a3e75cdd9d3bead6550b3d272103014e8ccae9c,413a6547864984d58c1c78b1b5c72b160dc408e4f1020740909f355869bce785
trackside-maintenance/0065,trackside-maintenance,train,1336095,20797,5645,726423,1341740,1356892,0.9805935545236569,0.9846730616732946,0.9957927765438908,,,,,,,,,,,,,,0.9805935545236569,,0.0,,,0.9606515324898437,0.967972624767514,,f03f57e248aa7907bdc8f6d9dc2d77aa18d6bd0c9408c1035bef8a148a559b79,c6eb3a0619930aa14ed66cc41633d3632df51fbd1eeb2b2d5c2a7d4933429313,10d8209bee0377aa4d0576ca77d53ac4f676b0f1d65bbb4bdc43e6702ed08560
trackside-maintenance/0066,trackside-maintenance,train,1293261,17484,4751,773464,1298012,1310745,0.9830976300954165,0.9866610210223956,0.9963397873055103,,,,,,,,,,,,,,0.9830976300954165,,0.9552587834220833,,,0.9571958497698237,0.9745309527756072,,6223c858287f0677fdc6d3b7cc8038c3ecc2f0d657d409ea0818439bb88d0fa5,d3884b710501411f6f6b15febc4e69affad923b6dee90f38d67b046fdfa35666,abcd2d946be6d65063856f0324f3f3fda46590d1a20cd4865992f4190e68b6bd
trackside-maintenance/0067,trackside-maintenance,train,850009,14077,7764,1217110,857773,864086,0.9749486723633652,0.9837087975039521,0.9909486542476855,,,0.8188612099644128,0.41361256544502617,,0.9521625398645501,,,,,,,,0.9749486723633652,,0.9840396584053587,,,0.9492926820299736,0.971432084790947,,0500732a4422c6db9e57d541c1a7f0c06c3e10fd30ca7e04d1cb512dcd29b739,31e1a531c8bacd76bd03d1630b16b65d83c1b22e86c7d094e48509567df280d7,016decce1c4a72f66f1e753f85ca895c38ec33610f8c6578950f891bdf6ecfce
trackside-maintenance/0068,trackside-maintenance,train,1046057,13911,8044,1020948,1054101,1059968,0.9794431148713685,0.9868760188986837,0.9923688527000734,,,0.8655133928571429,0.6121951219512195,,,,,,,,,,0.9794431148713685,,0.9692636788412471,,,0.9692827515905655,0.9631041299425013,,2002370858caebe870952bed7a32a15d4c1e010a5b718f1e3c6e2a619ef1550f,f630baf409c8fa26b7d8c7049cc4ec4ab2d5780809fe481c6ff0414a1752009b,e4b951b091a527fa16710b50f451673ea475e6463a101a23e063b5b0379bdfdd
trackside-maintenance/0069,trackside-maintenance,train,1802144,76117,4692,206007,1806836,1878261,0.9570838995981312,0.959474748184624,0.9974031954200603,,,,,,,,,,0.7773457056036139,,,,0.9570838995981312,,,,,0.9694481600591969,0.049177884854204955,,f29f28360c7637a0569445615e72587d568ec754c219c552470709afefec21c0,9004352091a51ef231b51d3a96e9c590f364538a5c6d5c05d1c1cbd61935bd8f,39e209692e32bb25d1d7fa1afc7ff11ff3f0d3eb2c8a656ad5203978206bc379
trackside-maintenance/0070,trackside-maintenance,train,1868313,36043,6934,177670,1875247,1904356,0.9775141396648337,0.9810733917397797,0.99630235376993,,,,,,,,,,,,,,0.9775141396648337,,,,,0.9586528033323801,0.0,,8da8ac7ad697e79d43107c8ebe4903d9b515079f50e3b43f871cbcaca0df5d1e,fc37c78a2230c5c8c971926e1a494ea03d9ff1f1d5ef03a91ddce40348295058,503e44aab7fda119ceedaf4c2a34e9024cbd4d9c791d418fa9b1832b85757a48
trackside-maintenance/0071,trackside-maintenance,train,1674714,2692,8082,403472,1682796,1677406,0.9936077859943233,0.9983951410690077,0.9951972788145443,,,,,,,,,,,,,,0.9936077859943233,,,,,0.9739912998556414,,,3722b3d81a9495d0186d3ce92ec994c7f10c979ce8ebf1d78a787043f819a9f5,b67b6c1fd6b1b376e5af96480d72e2c49eda9b71209418decad92c770b5024a5,3725304307605d40b983b298e1db4c698cd5da1992966bb8e83d387f0f6c81e0
trackside-maintenance/0072,trackside-maintenance,train,1609264,5670,7467,466559,1616731,1614934,0.9919027416773042,0.996489020603938,0.9953814209042815,,,,,,,,,,,,,,0.9919027416773042,,,,,0.9726139054734665,,,190287f82f43182bf0e583f603971ce568382ea6cb8bd6655a8483c3dd9de73a,ed7b67bd4cb17da870d4d1c71e483046760415f5abff5f935a882ce1e78f4a58,98f9747c52f39e95d038eed5bbac2a3617ad2e396a1fbb10a40ad5b52b2f9d74
trackside-maintenance/0073,trackside-maintenance,train,1552586,2823,11716,521835,1564302,1555409,0.9907225013958683,0.9981850432908643,0.9925103976086459,,,,,,,,,,0.9277010814894259,,,,0.9907225013958683,,0.0,,,0.9431072855970577,0.7625117960365317,,5652f16f45d364803ae0cb7862cfd6866fbbefdeeefdf76929de1dbf58fe7814,776ab1d9d39e30450e3cb98591c31188fa38dda21975a58e3b3269ad48adbff8,3a604f708cce297588e753f160e0a29ba810a810ed6f75eaa61a66730e58b14b
trackside-maintenance/0074,trackside-maintenance,train,1326144,17082,20147,725587,1346291,1343226,0.9726934595301506,0.9872828548583783,0.9850351818440441,,,,,,,,,,0.9158347252476581,,,,0.9726934595301506,,0.8627064742737801,,,0.9548806474815308,0.776544898275692,,093b845a2d8a639e83ffa1ecf5fde92d921664c2417e66a25b10d3dca8f6d55f,f7283dc707378e69d703aef147373bdcd064cb957f41e1765d75f9806d2293a0,4a49dde1becebd4268ab1d0a99200900d6b4839f332d1402505fcac590d3d4b2
trackside-maintenance/0075,trackside-maintenance,train,1490012,4645,17866,576437,1507878,1494657,0.9851169205360845,0.9968922635761918,0.9881515613332114,,,,,,,,,,0.9581213106068693,,,,0.9851169205360845,,,,,0.9643277839645891,0.9283369913215069,,03904f8a2512daea1c39d2cbdedf3303eb95dcf456e4adbc73e729eb2d9aca10,718e6fd45e2e42240aee648e4e87a0092a7553e48a752f65433e382eadbfffee,e6f1ff4746a84a6f508b84febe1f2053e6c830f35263e9e0a302a28648860abb
trackside-maintenance/0076,trackside-maintenance,train,1618676,8444,1574,460266,1620250,1627120,0.9938490594304393,0.9948104626579478,0.9990285449776269,,,,,,,,,,0.9746737605150795,,,,0.9938490594304393,,,,,0.9802774274905423,,,2c8539da08f1b6584a3d127fd3a5f5050bdc5350404f6d4739a5e44dc6d6e78b,b0a5d9f1ca8e3700479bb3fd590e0e31fd80eb007671997450e69cea9e96069c,68ba100159bf939dc6401bfa841031349ea0d12469c93d67e0a1eb4136c1cdaf
trackside-maintenance/0077,trackside-maintenance,train,1270699,37867,5828,774566,1276527,1308566,0.966756543319583,0.9710622161969668,0.9954344874804841,,,,,,,,,,,,,,0.966756543319583,,0.9509038475065063,,,0.9158118015229076,0.9592877992771259,,845a1cf210437b2039d48232df6099976b3cbf2a66266f2948cd84e0e8dd1a89,db1147ad0f9aa22d2101b8b087ce2dcca15710e76e651244fdb30f75aeb1348f,57576efefd7bcec0f173edc0bdbf3518089e427abf1a4a9dfa3b4b51b7c551b4
trackside-maintenance/0078,trackside-maintenance,train,1292539,20055,4193,772173,1296732,1312594,0.9815854804155874,0.9847210942606777,0.9967664868299695,,,,,,,,,,,,,,0.9815854804155874,,0.8323880516393886,,,0.9344564720907853,0.977370425841386,,9072ecd1d6bd9a6ade7bbf9d4ebfe4912556baadda2bae4e1a66249b89915dc1,5ee5a7b2559e29f59042063b25e69d22cc7635dcfb1ccedb12ca183a2172add3,3ed1bc7c7e3527e7d8d441ec7e65626ea3e8dac8db7bdfca1f1831e18ae7a130
trackside-maintenance/0079,trackside-maintenance,train,1310136,24190,6514,748120,1316650,1334326,0.9771009218102086,0.9818709970427018,0.9950525956024759,,,,,,,,,,,,,,0.9771009218102086,,0.9543633256732073,,,0.9543530343179395,0.9588130025495195,,7245d072113222a13b028579251a425ef833a8850f977f01ffb13f42c5569754,196f7161bb9ef2af0e3ea14b4f939200a99ce0ea7a60d5039b4f22522718c58a,05d2efb7c446b5cad11d43fd97009ec932b7b40b127369d4fd0b9ff6c37a00e0
trackside-maintenance/0080,trackside-maintenance,train,1195289,27831,2386,863454,1197675,1223120,0.9753432459735,0.9772458957420368,0.9980078067923268,,,,,,,,,,,,,,0.9753432459735,,0.969672131147541,,,0.9532945207915862,0.9613351553672059,,045d4791802edd4766cb20165f7f89e48500708e9eacc4fb3176b9cd89733d49,72915e72ba77b4a35ec44c0cd9aadfe5a489e09dcf8bf4df59f3ca3ef7ac9e26,e6db9bd3b44b92f53f541d1837a8b7b73f394b3197ee174422d8e74e714ca872
trackside-maintenance/0081,trackside-maintenance,train,1377954,16656,8931,685419,1386885,1394610,0.9817696811136974,0.9880568761159034,0.993560388929147,,,,,,,,,,,,,,0.9817696811136974,,0.947094742868047,,,0.9658828587768256,0.9589832505159479,,eaf74d01f4f349885d90aff52c367596e2cba944e49a7b0feffd851b79a71ea1,e7d19f949be6c72d26980869fabb339acd375a65015bcc000bb7ea609efc0558,51fd0902b413393f989c5023694379c89182ad2ae5d4abc8496fd3a2b4dff07b
trackside-maintenance/0082,trackside-maintenance,train,629154,57092,13541,1389173,642695,686246,0.8990650012075103,0.9168053438562848,0.9789309081290504,,,0.9624426128591695,,,,,,,,,,,0.8990650012075103,,,,,0.9793938756939009,0.755657125730556,,65b79e130b09b882fa33f7676d2436a802b097d73fc606fa0428a40aa7592ed5,a63aebc4038689fc219bba17b9c67904c70eae12e7833a0e436e0aa12bdbfcaa,60e56b12ca99920dd395e9ac83804e6bd916cbc984a1f8a91ca8140dac4d93c6
trackside-maintenance/0083,trackside-maintenance,train,1591888,11147,5586,480339,1597474,1603035,0.9895979226927909,0.9930463152707208,0.9965032294735313,,,,,,,,,,,,,,0.9895979226927909,,,,,0.9710084831140767,0.9559908683477012,,f93539c0825969b6f96f386dbaa98f06caadbcb1d80a39102a077ace90560d5e,eacd1a0cdf15d5e49563452c6d7003c31113591a4df0d81eaf61105edab0d64b,62a55399d1005ef0971f4eedba28e1326c0b8ad40c35ad3dec4cf10baa6cfc92
trackside-maintenance/0084,trackside-maintenance,train,1393085,17948,6664,671263,1399749,1411033,0.9826394497554837,0.9872802407881318,0.9952391464469701,,,,,,,,,,,,,,0.9826394497554837,,,,,0.9790178414672686,0.9562428053380411,,78b655ec93b0e9575d9bf363a03233ad6e48a40c1e428e86125f919cccf38ced,ac028f7bcbe7ad92f61055bc538a75e3ad911ea17ef8513a38a275c9758c465e,ca8099135a943eb0765af15824b3da9922e90b17627285bd2c8d856adde65549
trackside-maintenance/0085,trackside-maintenance,train,1323115,18554,3087,744204,1326202,1341669,0.9839071177224716,0.9861709557275304,0.9976723002981446,,,,0.0,,,,,,,,,,0.9839071177224716,,0.49865951742627346,,,0.9688742644242487,0.9706086137422157,,1fe7cf2ae2eef9be85f098226cc6e927e226f7e34a356079eaf30f81a5517c08,a964b223ce70c0ddfcfc63a7116d136b72dbabc8a5bfb3c71b4a8784a89ebc9f,77ad37cbb443740b788d569fd718562bbfd5205be06df7c3e2a1ad877356b460
trackside-maintenance/0086,trackside-maintenance,train,849070,19520,5297,1215073,854367,868590,0.9716015915101152,0.9775267963020527,0.9938000882524723,,,0.8994097096735333,0.47619047619047616,,0.9447206328361942,,,,,,,,0.9716015915101152,,0.9742637228856033,,,0.9569211307832567,0.9621604465427424,,9db552632140a4fe745fdf61a0d0fa31fc4952af06addd32095a7c1372bb9d8a,48e0f42fd5470fdf74ebb3d8b15d9098a05ee9adf3541431ac1b7a9fa0e062d9,ed36d3d3af526cdb7e33c3edb86ce49c97359ef87426a64e3678c15f4de2846e
trackside-maintenance/0087,trackside-maintenance,train,1020455,30126,3850,1033651,1024305,1050581,0.9677778820994452,0.9713244385725612,0.9962413538936157,,,0.6526170105686965,0.44788273615635177,,0.7439729464383114,,,,,,,,0.9677778820994452,,0.984323283251872,,,0.9548653430312561,0.9549092120606364,,95207ac84f3acc3ff5c55764aa554bffc9f0a32f4cab08eaf951e2fe43877d51,587b26c9e34a988459b083e4db74f236062e3ecce661eb481c45f1084fd9f4af,2667ff0771a04b38cb500b4736c9c50950f47037bfafe60c31334cbc98f66c36
trackside-maintenance/0088,trackside-maintenance,train,1052830,14544,3571,1018015,1056401,1067374,0.9830850323779465,0.9863740357175648,0.9966196548469757,,,,,,,,,,,,,,0.9830850323779465,,0.9815452896573588,,,0.9549074696146094,0.9791041850149371,,d725e1c7a0e34cdd9a85ca766c2f77aae4456153fa89c7ec4ed4903841bcc25a,d8588ac0e324f990fbff92d6ef4ea35638073f169b1c3a29eb0f763ca8158eea,834d098bf2374630cea60c382eb0813069cffc44c667643dd7620b684c6912a6
trackside-maintenance/0089,trackside-maintenance,train,1346264,15285,7679,719732,1353943,1361549,0.983228505405966,0.9887738157054943,0.994328417075165,,,,,,,,,,,,,,0.983228505405966,,0.799407114624506,,,0.9629684249982333,0.9733098307429252,,0055dcf9f3b23337c4d0b8675c5c94dc530eabdf296e211580d8631bfde63237,3fa143f99bf6e20e136865aa3ed2add68b848b13c63f491d183a418d2b345cb3,f966f8fee31bb5f11194d44e575a198e323971e4060f70e2503a2f4e714a538f
trackside-maintenance/0090,trackside-maintenance,train,826653,21169,2288,1238836,828941,847822,0.9724071002576137,0.9750313155355723,0.997239851810925,,,0.8588947284599459,0.15975975975975976,,0.9129102728047741,,,,,,,,0.9724071002576137,,0.9824004283233744,,,0.9610799291019582,0.9651036420084591,,0a5483a0127931090560f2cb06532b9de62ff8978b5d2d75fc73f10c9e628fb9,bdacebbf7725f3ad965f05b99232ec789fc6dd5801ffb98aa2a88920ad1db2bc,bad89f0460f2920bc2f1583328a782fe7b726c1f45ed4223211bcdd36c358903
trackside-maintenance/0091,trackside-maintenance,train,1010267,19122,3891,1055476,1014158,1029389,0.9777282053267266,0.981423932060669,0.9961633197194125,,,0.910958904109589,0.708029197080292,,,,,,,,,,0.9777282053267266,,0.9714364328986257,,,0.9746420401592816,0.9635528403305629,,140a0439c3c000cca0ab1e8fd90ed6598c8fdb0c15a7ebf645bf70366d6dd90b,fd9fcc64d607952b1ca4b32b253c900c3b6c42ae47ad9a118acf78aa6132ac62,19b9ad7941d984c41c0896dffaecf96d3f27c7062c57182b2eb0faba41220265
trackside-maintenance/0092,trackside-maintenance,train,1303663,7198,8939,769160,1312602,1310861,0.9877731474465828,0.9945089525128904,0.9931898625782987,,,,,,,,,,,,,,0.9877731474465828,,,,,0.9716901909619262,0.9822983280013646,,b46f2ac36452a0a15ac8e7c69746492ff0b596b959f253d1612c3db9998b2895,ca30dbb08d9fb0e4fe8996fe88911e453cc3bca799282014ced559432b824f51,587883728f6b53c74e1efeae4f845b72ae0fe6c7938346fd0161b4be53eea4d7
trackside-maintenance/0093,trackside-maintenance,train,890581,18761,3241,1175946,893822,909342,0.9758904121597707,0.9793685983931238,0.9963739984023665,,,0.87808105872622,0.37841043890865955,,0.8803827751196173,,,,,,,,0.9758904121597707,,0.9808761495923326,,,0.9454643814961038,0.9722689247929139,,6259e3456d036d7371c800562ffea682d470ccccfc442c166f67ae5f354b645f,84941b6b7aa17a3e2407d6f073b2b43d7c36ff43014f7ec679d58cf5431ed076,0e9c9d9c939f4c217223b2288b789e1edd70094ed8052963e3ffa1b4d7ab0d08
trackside-maintenance/0094,trackside-maintenance,train,1032518,16698,4994,1033613,1037512,1049216,0.9794234545299324,0.984085259851165,0.9951865616975997,,,,,,,,,,,,,,0.9794234545299324,,0.963767424097766,,,0.9663236829940591,0.9677341729625839,,e0ed8f532604e6e6555ff2fed40abf4191312f80d30033f9f5891f116ab17ef9,7e4ff407e211370343392cbcdbff2b1388d8e1979cda20ce09bf6f00dd9def79,8817e519b994a64edea5948caa5990c8d6dca775130aa7cf210aeaebadf783df
trackside-maintenance/0095,trackside-maintenance,train,819524,13354,6755,1249327,826279,832878,0.9760502505261227,0.983966439262413,0.9918247952568079,,,0.8980322003577818,0.14312267657992564,,0.9737214690235112,,,,,,,,0.9760502505261227,,0.9858113723933605,,,0.9580904336985004,0.9670829903250624,,2c0673f9062a1f999a14ea9f32f3a730731ead900fcdf51751a187ad746dfc7b,e2149e1bb2a9cbc2acdbaf0b9ef76ebcda214853f1f5097dab8ec69174e4aad8,4377bfa7105f82d2edcfa58733f6a40fa4fb8cb19007ff0be5d7ac2fe1a08fb9
trackside-maintenance/0096,trackside-maintenance,train,404502,11807,2669,1669575,407171,416309,0.9654492598656731,0.9716388547929543,0.9934450145025063,,,0.9113013698630137,0.07006369426751592,,0.9724709570744486,,,,,,,,0.9654492598656731,,0.9916056568131925,0.9700222249022277,,0.9372896498549731,0.9672298499043354,,4c21278ae3f78bf40f512492d07dff5fe47bcd04749b1b5bbb976b5f139f1b63,0bdeb500a31ea967c4b9b29ff432f98229b20b9b969b3a7a8efa595fe61979ce,5157adba1c39a6ae5f2bc50aac3f9553ebb42d15bcb58b1c2c259da3d9015a7f
trackside-maintenance/0097,trackside-maintenance,train,1545287,2109,13508,288113,1558795,1547396,0.9899949003910554,0.9986370651080912,0.9913343319679624,,,,0.0,,,,,,,,,,0.9899949003910554,,0.5890373602399782,,,0.9623048691799009,0.0,,069e56fc048051d80ef3d6c175598cb6a1df2596f82c85bd8075f4b88100565a,4dafdc7299c42b3fd729bc5fad69b105505ba91c31b992ed39c8524ab26e9327,0064c932338b27d4b2ec6a3f9643f87fa9b968cffa60f1466219c7029c4f9588
trackside-maintenance/0098,trackside-maintenance,train,1728867,8374,8039,343680,1736906,1737241,0.9905957783278327,0.9951797131198262,0.9953716551154754,,,,,,,,,,,,,,0.9905957783278327,,,,,0.9544201081387308,,,fc04d89f6819407752a53d790ea973fc002344aa19eadc04b345225545c7ce53,50b458614c96f982cdd8a232cc68c34b8a13e26c9ea30e839f0bb3d3f75ed0bb,96d95dbecc711b5f65600127ef7ccfadf60454b501bde19515bd70c3253785fb
trackside-maintenance/0099,trackside-maintenance,train,1290472,26957,14414,757117,1304886,1317429,0.9689370293645723,0.9795381762508644,0.9889538243187528,,,0.5092936802973977,0.0,,0.9566380217467555,,0.0,,,,,,0.9689370293645723,,0.9895099340985183,,,0.9508468561078884,0.7003627994693858,,34c0bbfd58571e1b86214468e7824979e09367e8aa452150512daa459ff8c186,0553959daf6ce869735cd945b60890b3ab439a1579cbc8fe572569200304aa26,5ea5085d80d438bada9a60efbb218fffa43b2c67c5a9d71128c7a8795281cec4
trackside-maintenance/0100,trackside-maintenance,train,1129575,12684,8163,349099,1137738,1142259,0.9818788235969061,0.988895688280854,0.9928252374448248,,,0.9403350579309075,,,,,,,,,,,0.9818788235969061,,,,,0.9070499250494902,0.9139855954764018,,295de469c85a2cbd063ed52a760230d5847fd6ca3ec792d4228e881a1fc88163,f5b03baa6b4d5ea3f09082ebe6520174de0c27be86a86a96401a87b00c959c4c,744f9868d2d20f298725744d92c5b129597aee48b393caf40e81ef33d7e1260c
trackside-maintenance/0101,trackside-maintenance,train,433344,49483,1609,181564,434953,482827,0.8945330239701426,0.8975140164075331,0.9963007497361784,,,0.37636003956478736,,,,,,,,,,,0.8945330239701426,,0.8576271186440678,,,0.9459508780969557,0.6684903491618027,,f18cd13f8be6e6da511d8cc5f6ff2f0e8e5ffa3cdc730d55f0752e075e4be9a7,2053724e9bccf33b2605685548994cd45b4e42ce9eed6263ab94fd76ac8b7402,e25ad11c63467e190c8e553591ba93ff5ad54d3e004de613ec575ec694037559
trackside-maintenance/0102,trackside-maintenance,train,398559,39705,2637,1058356,401196,438264,0.9039648356433757,0.9094039209243744,0.9934271528130889,,,0.9620820168509742,0.2723342939481268,,,,,,,0.9650942716810463,,,0.9039648356433757,,0.9664752333094042,,0.7969503905312825,0.9344124841488175,0.7770265652354491,,d32849c8bde9dd413c6d0ab82ca84e62323fed3319cfb99825a11f91ac7baef3,16725b66e3177e4058bec98d44bcd85e2a17929f45e24c0a9596f58d4fc0420f,547bc0a2052094a971cbe538d3289aba06ae2f128a9c37bfb6e1b26ba2fa11ac
trackside-maintenance/0103,trackside-maintenance,train,773659,118988,10528,1185785,784187,892647,0.8565992194203781,0.8667020669984887,0.9865746307959709,,,0.901934687541884,,,,,,,,,,,0.8565992194203781,,,,,0.9788608192364061,0.781018185034942,,bcd725f20e45aba176964b9c6318633c2f7a70f7664784eb0dfc98abf0940141,832b0e6356d68f26976e3d7922d3b08c241fb1ce86ad33ae4f971af5515c330f,928ffe38ef3bceed5bda0343353e587d0cd42154e3c0748283be6899ba46c3fb
trackside-maintenance/0104,trackside-maintenance,train,130403,1568,3700,286730,134103,131971,0.9611707734150997,0.9881186018140349,0.972409267503337,,,,,,,,,,,,,,0.9611707734150997,,0.9916508646307984,,,0.9596644874799556,0.9559489596505345,,8af545cd5a93e866ceeaf9e8b89657bd1753fb543ecfc98e2121144440cb5e5b,38d8338d1cf13856f69f9d6bf5678bbe6767d870b9c6d44089b654888be7a538,dc80d15485b93f5e06942786bf7a736410bf77ddc06272087e1dc8261054af52
trackside-maintenance/0105,trackside-maintenance,train,204795,16485,1983,563169,206778,221280,0.917281412504535,0.9255016268980477,0.9904100049328265,,,0.7260198698786706,0.9389643922608559,,,,,0.9949706320837749,,,,,0.917281412504535,,,,,0.9581567220954245,0.9452129637706778,,d1ad562afeae01ddb70bc66ae877af92f08918967c215ffefec2257c3ad76fa6,c81174649f12ca8f38a2a5768fc715389902ca51ae6140ec8217629ad50b6eb2,b316ad32510c27592c782043ab247cd7bd84757aa8bc00bd533654686f3417d1
vegetation-worksite/0262,vegetation-worksite,train,0,0,0,2073600,0,0,,,,,0.9759371853609422,0.9094557113913094,0.7305224564619615,,,0.0,,,0.8163706473475111,,0.41715660074826294,,,,0.9788520963393553,0.9927974278463331,,0.7392527571460725,0.9313409140111958,,54396730a7d632e6ac164891ed59aa4b248397c4bff8ad0524ee051361535740,ecc4df5204120b6d832dfe643f5cf2ece2d746710ad731c9c0b70f45d3c1a90e,d2de0b971b4ae33b6ee589cbc92d8cd11ff44c69577e1d7373a3401b5bb84b3d
