key,group,split,tp,fp,fn,tn,support,predicted_pixels,iou,precision,recall,iou:person,iou:truck,iou:rail-track,iou:vegetation-overgrowth,iou:car,iou:on-rails,iou:traffic-sign,iou:road,iou:sidewalk,iou:construction,iou:tram-track,iou:pole,iou:traffic-light,iou:mud-pumping,iou:fence,iou:terrain,iou:sky,iou:rail-embedded,iou:rail-raised,iou:trackbed,iou:standing-water,image_sha256,mask_decoded_sha256,prediction_sha256
flooded-road-crossing/0272,flooded-road-crossing,train,0,0,0,2073600,0,0,,,,,,,,0.9392935982339956,,,0.8341151769838948,,0.7177510342233923,,0.014582164890633763,,,,0.9213461855330367,0.9901409885657411,,,,0.9251287479972534,1a64c22d40183eaa53211aeb2ab21c5cbf2a328ca7b2d6716a58fff64bb7291d,2ae0b928ea09fecae228600e65afc5ccf5aeab55c6186e155c041878168d2b7b,1392b0b2215934450a1a643018f75bdb2e3cf528f7bc746ecb7bfb9be1bde56b
flooded-road-crossing/0273,flooded-road-crossing,train,0,0,0,2073600,0,0,,,,,,,0.0,,,,,,0.8386232420429311,,,,,0.0,0.8658776068534597,,,,,0.9758852991535052,4f42631f3a3bf1174b11d6978aa00479044e989be0e1722cf53a2a7d698ca4da,d71932fbc886eb13c90b1ecf925dd2ed196974dc2b78b22dae98b2b052263ceb,e71c34612499a8d3bcd2684f3bf50dfd72b78d2ce32fa2a50df081a78eca346c
flooded-road-crossing/0274,flooded-road-crossing,train,0,0,0,2073600,0,0,,,,,,,,,,,0.9309596867225941,,,,0.0,,,,0.7550553143224736,,,,,0.9292946996117223,5eac815d6dcafeaed42ca25116f35fe30e4598159ae3b155d664bf6b7378427a,92f986c0cf867798fb963a56a3cc9a99da42fa01c35481b1810a31fc272e5aab,e2ae492b3a10ed0cf47b97b023a9627d6ad510f6504bd77f60d86fd38132704f
flooded-station-platform/0298,flooded-station-platform,train,0,0,0,2073600,0,0,,,,0.8909712549069266,,0.6405785815234634,,,0.9122831761938457,,0.0,0.9676855357235928,0.9263495576770867,,,,,,,0.0,,0.730758229934215,0.0,0.8200001960995794,f0194c9f5092ef4a9f5211064d986408ef94a7c44752b254cf2a6cb67600d64a,9c2a8282ac3b685c1b4f7d0eada263e2c6deb4d18423159e43b764c65f2afc9f,4a8117450260221999b31e30f26c56112322d3ce8fc14335858b0fdd6cb1a971
flooded-station-platform/0299,flooded-station-platform,train,0,0,0,2073600,0,0,,,,,,0.8276527527791472,,,,,,0.985646009176685,0.9702497928870257,,0.0,,,,,0.0,,0.9017314694944264,0.0,0.9194220003026177,2e8151e2e6b02fcc2163c50aa86d9e5e0134c8e81d7ed74c33832a121b91dcaf,ac007d07fbb9218cd6a46518c8161c36b300c81f837d4ca78ee881cc5c1285ad,ee305e537d7044b28898a59825bddfe7e7434540e736e5ba57f3cfae3241b333
flooded-station-platform/0300,flooded-station-platform,train,0,0,0,1958520,0,0,,,,,,0.9186204496570005,,,,,,0.0,0.9857976574635487,,,,,,,,,0.9340020366598778,,0.9501957807890299,aa5009748eb469829d461d7b4e9a1e63aced662acde1baab34479670671c9cfc,71b71d95fce3df9c264c4586d0b956bfa611ac012f0c0847d66c466d4e709978,5f11a687e13b58bb2db3e876c4acf65e1b7081df1adfecd894c522baaa7444ca
flooded-station-platform/0301,flooded-station-platform,train,0,0,0,2073600,0,0,,,,,,0.9573352931912437,,,,,,,0.9960897620443306,,,,,,,,,0.9718378121970838,,0.9666691026644083,b6bfd2eb1a154fe26098279bca8d8165e5aa045fad56b687663d941cba56bfda,7894d14854f9ccbb4158b0466157085afe2d2c32ff1bb92ff09db44e499d08ca,8872ded5ec37b7b624f0f37a57a0abb919c7e0682bf68c4871e4c7db258a29a5
flooded-station-platform/0302,flooded-station-platform,train,0,0,0,2073600,0,0,,,,,,0.9635952348754011,,,,,,0.018317688872687504,0.9946865917830598,,,,,,,,,0.9331220554321529,,0.9694898931429098,0758d8245392d38d69bb520d6aa46dd39d38ccdfa9c8011ae15e78d2a3d0dfae,00ea88ab0410bcf15bd3202f7dbdea2d25333ff4bec6c06d01c990410360a826,b80724a18ff12b3b4d6df8344e46b42055fa9d7788b7d0a30873159f77fb3681
flooded-station-platform/0303,flooded-station-platform,train,0,89,0,2073511,0,89,0.0,0.0,,0.0,0.0,0.9428859684752559,0.12900755006018164,,0.6877241088377979,0.36055646481178394,,0.9555998483216129,0.8573933844465331,,0.5752529437163763,0.3796423658872077,0.0,0.5099387760606305,0.7709655444408591,0.5693938166599163,,0.7980847610204211,0.871142011874378,0.9089482591478943,e62cac97ea08c225e113869af1e24539312d59ae8b1ea981d8625c7d8c85968b,e39d3cc9f2e733f410aab08b883c5b815fc0b7cec4923951527119e1188c966a,5a239c19b8fb0564420add4225708f53089c3ba377abd0390f58ee7d616c2f32
flooded-station-platform/0304,flooded-station-platform,train,0,0,0,2073600,0,0,,,,,,0.8836724658721052,,,,,,,0.9941365734468163,,,,,,,,,0.9067928154335132,0.0,0.9402852809792873,c9797d293e9f42ce5aacd15adf5adeae5aabd49c586206b065f6f9ae8218987a,fdcfa33e5312540d1fe6a49626ab748f10be173352f093e26fb20c90e293784a,3b8d1cb44b2bda2650517f1d6850a6b8bbab2e417d12cd99554b787255de6195
flooded-station-platform/0305,flooded-station-platform,train,0,0,0,2073600,0,0,,,,,,0.9393070970728222,,,,,,0.8578508607394439,0.9927812740685208,,,,,,,,,0.9592387879240561,0.0,0.922393859567436,10d64186056082ebd4e47902c4c0de8902ac70f0ef5c2e64b7a35ce344eeda23,e7d2de4d96aec0a8b3246ae5cbcc210d76914bab2c93070d8a83137bb7c9c701,d699c48457fac870c51a9292b2359d227d5f559e9cf323b3bb09c8c6cbc2502f
flooded-stone-bridge/0270,flooded-stone-bridge,train,0,0,0,589824,0,0,,,,,,,0.9826157431829735,,,,,,,,,,,,0.0,0.8408229561451002,,0.8700072459729112,0.6855022831050228,0.9566364845016627,d8aff7595858cbf04c9e2b85dc09bc865c9a2ad58b92c41e823fb4a084f4bada,fd6955216cc66b2eee2cfcf1242e63211c7bcc1bf86fb2ab9d8a15726ce917af,6e749e85b49fbebfa5f0d576cf4273a8da92b557937f16cb3be6947676b7ed22
flooded-stone-bridge/0271,flooded-stone-bridge,train,0,111,0,698257,0,111,0.0,0.0,,,,,,,,,,,0.915138528743485,,0.6191019786910198,,0.0,,0.6134530027710341,0.9735096176793471,,0.5955848535949716,,0.8991760608492685,f5180763e414fb42a131798a9a989ba50a68fa194643d48809aba9a9130498ed,2368f3e5da46a76defb9ae32ea5cfde760f7cd9dad6b26b038b2df07dbeee742,2ab6197de61af5c693ed41064fb85e0979745a05b30e6d42aa5c54c300c30e9d
flooded-stone-bridge/0310,flooded-stone-bridge,train,0,986,0,920236,0,986,0.0,0.0,,,,0.4213169642857143,,0.853505406348099,,0.7592137592137592,0.7185756481785363,0.0,0.8909187427922898,,0.6117905455997604,0.0,0.0,0.8215075969907066,0.9217274408794881,0.9206581853002678,,0.820212837010486,0.8161766301399588,0.8335235599619096,244d2e5e9d27aab38bd91e338efee542e9ef1b32b81f5b1d04e493988fd9fb15,e7400d491f361454e85ea2bdd892beb8058b0cd329a928274504f090705578d3,ddd6c5e5b1c06eac278e875f49e010185ce6457c097ce6a2e02f483c32f0fef8
flooded-stone-bridge/0311,flooded-stone-bridge,train,0,0,0,921600,0,0,,,,,,0.0,,0.0,,0.6919831223628692,,,0.9535779934443087,,0.3913827655310621,0.5220125786163522,,0.44513001322168355,0.8701282373648479,0.9052417838610213,,0.6928918089075242,0.25282615337610753,0.9023104149253424,3ec9872d416c77c2223a85177374f753b9fa22546177d378a402366f3a00fac8,1f576c93da65df63c0f97c19e0f4a5a88fa854a978139bb0b399a9b0722ff0ce,023b88973aedf2acb82ccac85c962ff59c1c8efd3d85fee4bc8507442f3f975d
green-roadside-cab-view/0174,green-roadside-cab-view,train,0,0,0,2066880,0,0,,,,,,0.9755156693340135,,,,,0.9666234166553165,,0.7991773778920308,,0.5803822095256859,,,0.5317759356945491,0.9559752808932181,0.9842439700582202,,0.8298886055563012,0.9130560369728481,,ac8756b81048f48af6d2c3fee710b8b43f34a4e658cde8c09bb9f690902790e5,1d89a374fa0d7ed2a6e6429295a1bbd6e07539abb712f5298181462289d6c8e5,bc6023354d782694cac37c8fcd10b8b4044ef8b1c7b19f09fc01980678684090
green-roadside-cab-view/0200,green-roadside-cab-view,train,0,0,0,2068190,0,0,,,,,,0.8497448062684206,0.3817204301075269,,,0.832983193277311,0.8846243054365035,,0.0,0.8089327776771155,0.7895900822327436,,,0.0,0.9835073366880139,0.9906495670266829,0.60187544592804,0.49158563949139866,0.0,,647d89550b9094d69144e9eb687405a9b548e981193dfb8682ee2e38bdb37aa6,f46c80584a147ea51bb34d9112360631c5f11d0019df6dd603d23b6e150c5218,3f59f86da79094ba104e20927cb95f4d8b22c4ee99abe415a3f927dd689c680a
green-roadside-cab-view/0201,green-roadside-cab-view,train,0,0,0,1982593,0,0,,,,,,0.9526621160409556,0.0,,,,0.794308049346525,,,0.8239415473926534,0.7193217313699242,,,,0.9755500764499142,0.9896509744302955,0.620032310177706,0.8009950248756219,0.7852525430094209,,cec5a4a2267098df2b64c119ce4e99aacc9014722b05125b92bd8da623cddee4,55581854220617568ef435d0ce1a25842c7ab9554e57da4b56132ea6a7b2c5f0,0d1e4147a491aee99d17cf65a448df798fbdcc1bc05a28e5c379745f93838648
green-roadside-cab-view/0202,green-roadside-cab-view,train,0,0,0,2067734,0,0,,,,,,0.9081635670145768,0.5004268032437047,,,0.6943396226415094,0.8596151622636724,0.17553306052121473,0.878075942091461,0.9419357934641778,0.6642292723198491,,,0.592694545312561,0.9316310166094806,0.9879996952724165,0.7611664524421594,0.571572435620774,0.8730462694461163,,318bdc8615a85a559ef35aac3c3b7f2506709bbb305ce03e4e8ea37ade4d7da2,0f3fd0d5280d3287ce8cec97acdffe99355f4a4f1aa7868d9c5c404b03adc696,826055367d3deb6238396a211530a989358f1249cb2a30aa3a3b9941d8edea91
green-roadside-cab-view/0203,green-roadside-cab-view,train,0,0,0,2067867,0,0,,,,,0.9547486406244787,0.9678908208331676,,0.8828786453433678,,0.44583333333333336,0.799039132755718,,0.6086659843056977,,0.5341020608439647,,,0.8759893483245802,0.9781595814068587,0.9904467669778287,,0.6936458216802774,0.9158217401556237,,18638926136c9e885bad8a5394a86973d90d5ed5638573e5985654dec64db548,e71b82e1e191ebb38f5c61ef1b0d128e6e5a11962065312506493cb014a6a361,da0a4de0d9239510b711066612a9e2cbd02878059d3be8b4f526ddd9fa9670db
green-roadside-cab-view/0204,green-roadside-cab-view,train,0,0,0,2067867,0,0,,,,,0.8906445672191529,0.9706357242549465,,,,,0.551510989010989,,0.47525773195876286,,0.0,,,0.7384491530347168,0.960006111844775,0.9947508104628205,,0.709259156646534,0.9132488434474983,,cb34ab4d9a1966c9d974500a92359ca204a93a0c8283bcc59a5f16456005f1dc,f8a201f8055169f4e1fc3ed4547ed752839f649ac12fc2ace4db3701d27241e9,f6e027db5953b808470dbc95dfe96b4d0c96010e25eec4d99cce4756b87df8a2
green-roadside-cab-view/0205,green-roadside-cab-view,train,0,0,0,2067867,0,0,,,,,0.9432105356825058,0.9784583611100218,,,,0.0,0.8503982556845993,,0.7070294784580499,,0.32063074901445465,,,0.0,0.9859337831828798,0.9927093582595387,,0.7776686020544886,0.9601351123121095,,84c3ad934ba556452a390cf9a7615f786d7bada1f0ce3bec466c1ccd2a89b441,54f8b882502e1aba4a8f31dfe42009d9359e4354cbb6ad2a4af730894c4a64a2,46c1033cbcc81824842e79a2ba316dadcbd1b0d826bba6d3e813d0549a34bffe
green-roadside-cab-view/0206,green-roadside-cab-view,train,0,0,0,2073600,0,0,,,,,0.9364265148757323,0.9769102503723127,,0.0,,,0.9126087761525643,,0.7652877697841727,,0.7934943802684983,,,0.7168476546658856,0.9741077445837869,0.9860801813234575,,0.7260350764795387,0.9260239051489864,,326099a1d7068b475af019e6dcf936e26aa1a539954a3f0fa5df1a5ff8428999,6cf8bd75df6f49b6f9d82d83a98a90658290b0098de456864106c497d525afa3,ac832c5b84e400068e67e611609ecad5b880a98e74aad9cda23cb9a2f96d2c33
green-roadside-cab-view/0207,green-roadside-cab-view,train,0,0,0,2067867,0,0,,,,,0.8667498263121329,0.9888606228800494,,0.0,,0.5934640522875817,0.7813502912159753,,0.6196581196581197,,0.8030295812890011,,,0.7561134887409187,0.9704907482169008,0.9921351872762956,,0.8510269283432222,0.9490223802493779,,0a69c574d773bd2b02269bec42203fa65c198e4f1f50743335704b45db4b879d,12929b2c41df570afd935b15f8686b36c15ffe4535cbf298828b651dc6b7f72e,08eb6faaed32031a01a7f943e1df81f57daff625963b86fa2d3d1552e5c8f8c5
green-roadside-cab-view/0208,green-roadside-cab-view,train,0,0,0,2067867,0,0,,,,,0.9100845535161889,0.9741618904506709,,0.0,,,0.010675039246467817,,0.0,,0.7378268646546094,,,,0.9862032688132996,0.986509260071974,,0.7973873996462104,0.9445583553661037,,3b8efe8aa3a6e136add1665ab904a06b78b874796e0c18912f3ee9f3ff74d366,dae9e0177528e83bb9056a8fb457e3d484018332b434fe9195634f6a0f23d72c,5e2cf121f24343beca9749fa6dff342780c48396bccc13e87a3fb1ca2b770590
green-roadside-cab-view/0209,green-roadside-cab-view,train,0,0,0,2067867,0,0,,,,,,0.8600470141950585,,,0.958713867452325,0.9078104993597952,,,,,0.7223328495730534,0.505636321231439,,0.8506206991152465,0.9280714495603085,0.9858939374251021,,0.40720991123315664,0.7882441833606727,0.0,ee956750d1fd8c7676cd76b8db71bf93b9cbcedf8b4aaf4e538041ef501ade04,e9baf13f1df68cf0182ca0ed2887e288cb340e796f1b398ed5a32febcb242750,325baed2b2297e51775a7da0d1968826e86027dc9295cfc3866f7a6df1875f4d
green-roadside-cab-view/0210,green-roadside-cab-view,train,0,0,0,2073600,0,0,,,,,0.8056030514270682,0.9230091494408675,,0.7200652991695649,,0.09797101449275362,0.880557170702095,0.07233874744288073,0.7516685778130605,0.9771833320774621,0.6750847151765484,0.5895558809175208,,0.539375659779822,0.8913717820263021,0.9904073296367991,0.8357295809115938,0.6478971150503997,0.8378272053260705,,7fa10db78fee89d3d4e8282d50e5cec55c3943202f620889b50503ae276b1a74,6026feb523e6c808b7f1ebc4a15de86ec7be4191ea33e7e454205851f8780c5b,4b171b817e933f75a1309722e20684863c0671dc84201277858284122cd8d2b7
green-roadside-cab-view/0211,green-roadside-cab-view,train,0,0,0,2073600,0,0,,,,,0.8271860914359305,0.7551970523066198,0.5287307032590052,0.5629089656755826,,0.6908282593988596,0.8714851745891141,0.24395636258200137,0.6402366863905326,0.831021836270129,0.6392080548269735,0.3912671232876712,,0.7141272462839253,0.8581678690377117,0.985217123960497,0.8320953532561755,0.6278218425869433,0.8337134625772763,,41f0cad9cf8e4e11e5a870a293f740a7bce70a66b0bf5b0e86c9dd1fa6396f5c,c790e550e0f15182c68acd0fa1c3df3839237fe9c736e380c9569a42ede21622,cff9060d51066e2f8fb4f3fbd2f6fbbbc46f81b0b01595bc2eafd644243fbcc7
green-roadside-cab-view/0212,green-roadside-cab-view,train,0,0,0,2053480,0,0,,,,0.7552649172655859,0.2849398243521631,0.936373059821599,0.06380607411535247,0.6805680568056806,,0.858854280113265,0.8485107014355132,0.7137748404327554,0.8161030560861261,0.8373539867953276,0.5944159697868897,0.7057676397588938,,0.7978912169745856,0.8095127187013315,0.9849448841191668,0.5746212121212121,0.7990866323695287,0.8979640479582278,,19490f9f31865422ef3257bbecd836b58a75e1200af558b47627240cfc9e49e9,e4afe2ecf4ebd828471240e23f7446384dc2ec9d184d5b7d3aee969d13726f9e,bdc847cd9331a6dceb32064263ef3fbb44bfff52108a1b1bb8bc556682b337e1
green-roadside-cab-view/0213,green-roadside-cab-view,train,0,0,0,2073600,0,0,,,,,0.9656576980568012,0.9734882766776478,0.0,,,,0.9238638942718972,0.8022060982258944,0.5353749284487693,,0.7210870453616673,,,0.0,0.967538133048057,0.9914274803022994,,0.8056773116259653,0.9540117826490027,,5229632691652545fa2f89ea5800c86d39d27545bb45654c44af717c422b95c4,4f60ce021a149db8b77724d1203b796eafcc96c75f291f1e5fb521ca6adfa064,8bfa51c3476f497b64fb162d15af35685d166d7b83a7dee9aa4f5711487c9e3e
green-water-cab-view/0263,green-water-cab-view,train,0,1017,0,2072583,0,1017,0.0,0.0,,,,0.8805133557539913,0.6425063091910668,,,0.2804878048780488,0.8006212141737464,,0.7903999470706937,,0.6133679735474729,,0.0,0.3260099220411056,0.9566248145691324,0.9962210371867672,,0.7437628865979381,0.869607677053542,0.6705833442737735,d38268ad352c084c45d9c129d86eed80ec34068717620fc1685f07a6cefd1468,8529f0f311585470613e21978d79fd7cd6125e1beefccb98f037b4124151b53e,3b51ef6132d0e9a015bd2640e291c24b9b2000880bfa261a06794e5bb143c9ca
green-water-cab-view/0264,green-water-cab-view,train,0,0,0,2073600,0,0,,,,,,0.9566613418530352,,,,,,,0.29422154933131467,,0.9513925237546281,,,0.03311774331800826,0.9493684159144364,0.980328665619291,,0.7029375258585022,0.8693208319827974,0.6697355918875528,7ac26e3576a11b28c401290cbed89e663ce03d2ae23dcbd062e1ece5d3ba81a1,da975b659994aec1a32dd22d6e772c441d1fe28b507d5d47bfe4db184dbe094b,a97dbf96a3d55e84b702bf030d31433bdeb76d300f1de77bd4b306936d54856e
green-water-cab-view/0265,green-water-cab-view,train,0,0,0,2073600,0,0,,,,,,0.9700168544309412,0.0,,,,,,0.8758891604554552,,,,,,0.9210574801293999,0.9342654306595165,,0.909854337801936,0.7911551082107436,0.3842947968274894,021d832dd111da4e3fd13f74b2531f5a87481b14073f6b0ac4a5a1149c442820,ee51403528cd8ec8eeea2c81f9e4b41eaae0496ac53ebbdeaf38f6f511c45009,d16068f7f84cd4a3aa9490e660e51c7a52de92c758c0e753666ab38369d51d8d
green-water-cab-view/0266,green-water-cab-view,train,0,0,0,2073600,0,0,,,,,,0.9564308783484263,0.7000789265982637,,,,,,,,,,,,0.9867391174789149,0.9444341573311114,,0.8938119508458147,0.8419547830467914,0.807131083542986,1b57cba93cf3601d156721ce3f759bba69f41268fe5b975191c86fbff322be98,b57e3716ffe62a58f7111bf46af37413badf80d0ecc178d2c7b52919b30064bf,2ba43fd3f9e2b289520186c96c61c46c52f4cb744ac3f048aaaa69a779011477
green-water-cab-view/0267,green-water-cab-view,train,0,16,0,2073584,0,16,0.0,0.0,,,,0.9636926889714994,,,,,,,0.0,,,,0.0,,0.9850456472532408,0.912403265653376,,0.9033785038054576,0.8640288052116242,0.6306326374745418,9b17276ea65c583df9303ed986d88d187c963d9ed6bf0b5700396e0de25190c4,71df9d1285b9ad09eb96265be443e2d18e28a00ec69a0f759a6d3989f1f4d48a,ebdfc48103f0e90e753ac167c9b966156adc0d4072de455f2f046cfaaa8df2d8
miscellaneous-flood-stills/0275,miscellaneous-flood-stills,train,0,8,0,249688,0,8,0.0,0.0,,,,0.693200436919716,0.09101868595539482,0.33263598326359833,0.9557452853436155,0.0,,,0.7830927330560313,,0.0,,0.0,,0.7661797752808989,0.9892727294543971,,0.5365642578970142,0.6352498339360838,0.682584768329487,61c2965c3c11954382ff9e9e06c34ffa4996a9a48b46aa7f5490049b85765bca,f4155b4c85702af56db693f3f999b74f08d30680a34733c864fb141f6a3f8c60,25e4d512d8b9809bc11da95d41d3b52dced00576f415d44d8e2e77b3b6e3e0c4
miscellaneous-flood-stills/0276,miscellaneous-flood-stills,train,0,0,0,920880,0,0,,,,0.8316647881721143,,,,,,,,,0.0,,,,,,0.8780306962259954,0.9852881520945452,,0.8236077717850413,0.0,0.9016552746438277,85d7d06fc795f58f6e51ed5e91c5d5d8ab1f41194ab44f3471da41bdadf45973,b9c514a9abc72bf370a67587f1c41ec3e1c7769276c383024395b7a22ca7be38,e3929a66337ff914b42e25478f87a2527db11d5222914261e643df9060416a1d
miscellaneous-flood-stills/0313,miscellaneous-flood-stills,train,0,27,0,2073573,0,27,0.0,0.0,,,,0.7686760044093742,0.40566525379923496,,0.9472425625571709,,,,,,,,0.0,,0.34938744878503913,,,0.8937717758958318,0.8525942087940535,0.8896287608873277,74272d0a74c881e4e18e9bf6000c065a51519bf7c05acb3c8e912f075c3b5ddf,c3e7c0a88b0198168b7659a591eafc02b94abdbacb436e871eca4779200bf186,289db97ed0e2a965bf406a52a147ff231a9f79921ccfe38ffb8541b9256e7a51
miscellaneous-mud-cab-view/0173,miscellaneous-mud-cab-view,train,4221,0,42076,2027197,46297,4221,0.09117221418234443,1.0,0.09117221418234443,,,0.7317089103736608,0.6038201772899958,,,0.8810421378905923,0.0,0.8986039315840526,0.0,,0.7411519777931992,,0.09117221418234443,0.0,0.9624601132269686,0.9960715766521372,,0.6134917417285082,0.774398987768874,,f0ca7b2f878f2a5e167e558097ca517d126cb474aa25f5b0ec0fc4d6b1e57432,b968925b81e441c3dc638759e4923b6ad0ca44e3896210a4c69b136305b9eb89,5967f809f59d164bda4f495aaa51e581f08a295b4e3849fba4d65976d9fda0eb
miscellaneous-numbered-cab-views/0013,miscellaneous-numbered-cab-views,train,0,0,0,2088960,0,0,,,,,,0.9797546048757858,0.0,,,,,,0.7222630418809699,,,,,0.0,0.9583479715686093,0.9778318931657501,,0.8678564847719077,0.8592573530813367,,cdc7c624979074f91663aae6c612b6f6c370af9ca88a91ba076c2bad37e6c319,5566ae6fabe4c0bdb27e7217400a18101ccd23bbecd3e8cc415f9ed41cca7115,c764ab9ca714b92c8d90a4c7d3d05dc8a8fa18fbbcaacf60340f8a9c39dd07df
miscellaneous-numbered-cab-views/0014,miscellaneous-numbered-cab-views,train,0,0,0,2088928,0,0,,,,,,0.9471684215812646,0.616072848735486,,,,,,0.9514490695387208,,0.388646288209607,,,,0.944617962453322,0.9519613503084076,,0.8230537152810177,0.8322165360626899,,00a59e617c6d81492253ece8ef06493164bef224314ee99156bc01663f8ccd38,3ba891a877a2984212cd387b6a1eca2332a40b2a757b57c0248ffa03807c605c,02935de6a6c44f3138320f4396d124895f30e7fd4748ebb8f7cdf305941f383d
miscellaneous-numbered-cab-views/0022,miscellaneous-numbered-cab-views,train,0,0,0,1931319,0,0,,,,,,0.9384339329603885,,,,,,,,,0.0,,,,0.9828605575767537,0.978712494001863,,0.6025580293699668,0.9362168846127786,,34431340589d77bf879a5d44b35f1ba4ee67944d06302e41751f49b52c7cd6bd,601f45356d35a2626927e94aad629de30fc2805b197f3f27a60dd2cd87622d80,730dd6f934cb5f405f24da72e1ab776b60557a379c9a9a1b16a2b721fd4a9473
miscellaneous-numbered-cab-views/0023,miscellaneous-numbered-cab-views,train,0,0,0,2087873,0,0,,,,,,0.9344007876578028,0.7110628876086406,,,,,,0.9487451568486266,,0.5357142857142857,,,,0.9559659786480671,0.9438637448930864,,0.8540193690214485,0.7649495981528709,,4dbdaa16ac641963e653bf5fa8dce1b9b05b89b3a3d10f8da2e3c9c38deeee7e,03b59830b108e9c2dc87a79168457ed2a8be69f44abafae8f6486184598ecb19,ce056e59e0ace8a00634f43554e432faf9732419dcfa0498fb6cd427e1c6a3cb
miscellaneous-numbered-cab-views/0024,miscellaneous-numbered-cab-views,train,0,0,0,2087739,0,0,,,,,,0.0,0.5576775840068056,,,,,0.8863955119214586,0.24883040935672515,,0.0,,,0.5814712118740826,0.9921572783264369,0.9968728591577675,,0.7350934251642115,0.7201948922615937,,35db7be7064f509351e3627b33430eabc718080e493e83ad1551491d62e1f113,e3c3c38776bc33b723f23e1afe17f11dd1b9be409c25e6ae796447766a6b56b2,b3d269ed9837fdf6fd2c15e791e0ca550edb05f7672ce713882af2cc5be5afda
miscellaneous-numbered-cab-views/0030,miscellaneous-numbered-cab-views,train,0,0,0,2088960,0,0,,,,,,0.7361545166570997,0.6632592651063662,,,,,,0.9183419896595179,,0.0,,,0.9060838671196286,0.9669349236884872,0.9607373713191285,,0.8870210870210871,0.7844932754106165,,a88a70e7bc9e1730883e2cfef16954b7c5a6ebee797dfe8205837e1e2f9cc290,d0384c853c39b8e3b218a40e21a03110e8eb9368264b796d43fe35330caa8f52,9c676295fc66215aaa44334f80b0544ac967036f0d02844dc7160ceacc1a4eeb
miscellaneous-numbered-cab-views/0031,miscellaneous-numbered-cab-views,train,0,0,0,2088575,0,0,,,,,,0.5646393438228751,0.6374190185722837,,,,,,,,0.6682456844640706,,,,0.9754663651044188,0.9876136483993065,,0.8471571159794636,0.7540893015030946,,582a1052402234b092c9e8f0eb985ba78c3b1068c2ae8c12c805aadd11584b0a,eac752094ab94f349e6d48690930d8ada3181efb518c33f473c5388d2ce23c74,c6dd51076ccc8c1e2ad31e2c057fa15a4419403ad198f7082631ad96bbb7b363
miscellaneous-numbered-cab-views/0032,miscellaneous-numbered-cab-views,train,0,0,0,2088960,0,0,,,,,,0.6482447425070376,0.5506094329623742,,,0.6994953888985558,0.8294206618192101,,0.7527360630494893,0.9419935149965705,0.6255657006748709,,,0.7587609160076458,0.9658402088627229,0.9734246575342466,0.7878886936624034,0.4056173367550613,0.7208133892859485,,1bdac9a6b7ef8988de21ddaa678ad8a54e0a98f75bf8ed86e61e0f50a7a6c16b,1fe12468826aec7019e49ab44aa6f832aac76a9576018cf252bcfd26dfa6c329,4e4e8f2aed044a0848fdd9f8290838f98ed96a7a5b510f160a4abfd3c0ed1407
miscellaneous-numbered-cab-views/0044,miscellaneous-numbered-cab-views,train,0,0,0,2073482,0,0,,,,,,0.9398900091659028,0.894121061915288,,,,,0.0,0.9390699332124649,,0.567232421198476,0.7027833001988072,,,0.9651070777490635,0.9965138978509993,,0.87324434936285,0.8128153810122001,,bb02fd705ac7b08fb3ae7c618b46f5a9da4ef32b590259233156f5fee831aacb,d3844dea10ab96975316c1574eadb989106b149d9b1fafe094beae7e9c50ec59,e4139a5b3a5018e3f1b07cea58058012411bdff44c024fe63e73291442a2395a
miscellaneous-numbered-cab-views/0045,miscellaneous-numbered-cab-views,train,23967,200,27253,2022179,51220,24167,0.4661026837806301,0.9917242520792816,0.46792268645060525,,,0.7821632201514764,0.5124810298812078,,,,,0.4453689288175391,0.7038767521151661,,0.7557899842366921,,0.4661026837806301,0.8968710089399745,0.9472285807187929,0.9896889755484961,,0.8807183492106238,0.9488344106057959,,8a2c09c50911afe45e05157fb8602cf7345aa5cf6f005c3b76f7c0d8b50f36c3,a820d863d1b63b281c0ec5f7e11041e0e68f73f39d613cc757bc489e1e03b351,cf2806fea18dce9d15940303b24bb850b811db708561e29d44a0e565381f3d95
miscellaneous-numbered-cab-views/0046,miscellaneous-numbered-cab-views,train,35242,4705,3423,2030230,38665,39947,0.8125893474752133,0.8822189400956267,0.9114703219966378,,,0.9518819543443245,0.23956209080176022,,,,,,0.0,,0.6339639741701597,,0.8125893474752133,,0.9849579072703448,0.9849143195992742,,0.9023210672632462,0.939361021804452,,a1bc04fa20bd623f99bbac759e22dbd90554263ca7b217cee49ddc9fedd59da2,550d403c2cd02d480d3ae049a478b103700ae04d047712fa0e5187f9b0fd5068,14b39475beb1164c7ca2cfba34b30c9d12990888f5faee2f740cc12e877675d6
miscellaneous-numbered-cab-views/0047,miscellaneous-numbered-cab-views,train,0,0,0,2073600,0,0,,,,,,0.9144448971638116,0.935313527178785,,,0.8041055718475073,,0.974506625718023,0.4493768896099108,,0.7408101414325751,0.0,,0.9114148595316346,0.0,0.9910761725353814,,0.8039810857131058,0.9285736625154031,,b74e6210f53416c45a93c3fb1a022de2cc33ed02723512634c739624b649276d,52518430666be87ad030da35871a2439ebbc09260cee1aaa6bf65be527c77193,4566d7f49ef4d16c7b5c4e9e546c5a53be956df40e94adb65f7d82b786a57ba5
miscellaneous-numbered-cab-views/0048,miscellaneous-numbered-cab-views,train,0,0,0,2023939,0,0,,,,,,0.6261946557440998,0.6930255451100064,,,,0.6701821668264621,0.0,0.5978771068914017,,0.6751584441406735,,,0.8625277516012075,0.9629760592574585,0.9959775884165798,,0.7975661580065675,0.8038571956453767,,f912ea15971bc82b19029b9aad152ec1934e74e2a32d29934c116cdd7409125d,207a7f72a12615e89d5f214f068689216c6d434bd46045ce97046eadaaf814f5,4c9d9b24574904e541d298a6cd582bfe39021c311058d405f5c071768fa754ac
miscellaneous-numbered-cab-views/0049,miscellaneous-numbered-cab-views,train,0,0,0,2023841,0,0,,,,,,0.8844261072724562,0.7055364611371071,,,,,,0.7834512325830654,,0.9095722091673508,,,0.0,0.9778633801996187,0.9957247497592436,,0.7004111889731859,0.8490846819639125,,18e4e59e4f1f16790b92171327c69eba67d5364edbe5a933d052ee78b21f9557,d8c2a5b6f12b75c02efc4512cc0c2efdba9b29f877cc7842dbd1070c4cc562b6,595b3541224f67b2d9eea34244a0423236ef788a6ad90866ab56a585ddaa84f2
miscellaneous-numbered-cab-views/0050,miscellaneous-numbered-cab-views,train,0,0,0,8211623,0,0,,,,0.6335847558554982,0.14456428959416467,0.9616386687451626,0.6041924186238155,0.526734693877551,0.882804013971531,0.8990292658373481,0.25663125223827143,0.9565336583400217,0.7156611701687293,,0.526394851114704,0.5923019431988041,,0.520819568632633,0.824290213568128,0.9455252387053747,,0.8824538456590261,0.8341656658406685,,33fc6fbed915cff715396fc229a8e0da423ed1d84e76cec2dcc2a28d124be983,a9c086f93a23a8995da1495bf54ec1a377ef02d5932b137a3002f7384f45c4b8,f647218fb69557a74de55f614c5d24cf918a0e5014a721118f7e9961018e2c60
miscellaneous-numbered-cab-views/0051,miscellaneous-numbered-cab-views,train,0,0,0,8212452,0,0,,,,0.32706766917293234,0.9084953851826947,0.9444275374783333,0.7310257158337848,0.7182324102292301,,0.01860231271995978,0.15855768843816653,0.7159429216712864,0.7717332727864601,,0.47504327272050473,0.5958214445728299,,0.7994738098318123,0.8475086963975322,0.9799557683258961,,0.8414796908832972,0.8357945721678892,,a29169723725172c5b690fadfa30cc7cf76f7eb2328590890c3c828f7d3f20bf,f19c28ac63b6c849df2da22a96db0a6b720006896d82875ceff69a43205d2023,a0bda6ea0655fc24c972544fa132e27c756fe28d5e4f4ce95792d01e2379ea1d
miscellaneous-numbered-cab-views/0053,miscellaneous-numbered-cab-views,train,0,0,0,8119784,0,0,,,,,,0.968102380624742,0.41381853946397834,,,,,0.5271012437855591,0.5886486086167633,,0.8720740930206835,0.8096590909090909,,0.9663566886868132,0.933077450109132,0.9722455821734745,,0.8938532165442649,0.9326398329521268,,9e09a858819a1882bccc4f5b7cd52bca20f66b1052a3c5191dc459062ae69e81,70a16c903d27ac00306c86f14141f728ececfc9dc4e320ea99148e50ab77339d,a693f548089bc7166652cc197c8df130ad7fcd2276f8bc921855c7194fa521be
miscellaneous-numbered-cab-views/0054,miscellaneous-numbered-cab-views,train,0,0,0,8175654,0,0,,,,,,0.9218243967266697,0.7373958523383811,,,,0.0,0.0,0.7908555854469415,,0.8098976723972793,0.6245433410826968,,,0.9814708356864756,0.9788066322410326,,0.8076240845330983,0.9225787209753765,,ac828e814ea477c826e95def13cde08680d0a05dbe64cde8303472779d31fce8,ea34de2ac35692d4e015602569d70b94968ad6bdbb3c7aaffedafab451351ee1,5344a6c21bf4894e385c6e73e5ce8ff833348f896244bbf78ec5cdf652c79767
new-unmatched-2026/0175,new-unmatched-2026,train,0,0,0,2073600,0,0,,,,0.7647674905739422,,0.9270152622527945,0.0,,,0.7217496962332929,0.0,0.0,0.7764342500131622,,0.5540629334890852,,,0.1701386469727583,0.9131643073338287,0.9528568641477532,0.0,0.8285441971107645,0.8295953201081778,,c81bc0c590d9bd6563e2e11176cfe441dc0920a5f9cdbbea9d32b36a51347b86,e567f1deccb42140b8e6f7f671b1b6b71cab015fd5065dba841e709332e19b53,12ec4c8f8239a98b3d58cc2a67c415afd718e3735d48a69103a3b49f2f5aa878
new-unmatched-2026/0176,new-unmatched-2026,train,0,17,0,2073583,0,17,0.0,0.0,,0.0,,0.9579511350394188,,,0.9748599608694487,0.0,,,0.6328571428571429,,0.5458715596330275,0.0,0.0,,0.9390154406152762,0.9894484292700918,,0.8510583838849215,0.8561681708700012,,fdfba692303712b2119a1d725763d74b54fa20defdb3415916105955f503bd9b,bf61db99763dc894604525d3f039b209cb136d83f1cd35b7655768228102fad0,2054a75cdd12b764b28a3d0f74344a8e62fd768e5be3dd4b51d2853d481097f2
new-unmatched-2026/0177,new-unmatched-2026,train,0,0,0,2073600,0,0,,,,0.8420027109454422,,0.9623056946064963,,,,0.0,0.7362215909090909,0.0,0.0,,0.07228400342172797,,,,0.9853018342529096,0.9951086082059534,,0.7691115006067143,0.9278367617783676,,92fdd6e752f0a8493a8a0114320f0d3adb209985cc28a17efef842ce5c887b26,4bd80258418635ffe4fd02e59e7e743a04d3ef8362742a3493154f57d54ca4c1,fe9cb04297cc6704a77454356abf80bf0d9d146128d8b8977fa42886c02c7ae6
new-unmatched-2026/0178,new-unmatched-2026,train,0,0,0,2073600,0,0,,,,,,0.8835138490517573,0.0,,0.9736763330215155,0.24704061191039883,,,0.5711920040216459,,0.33783756158390743,0.0,,,0.9337560063792958,0.9721000860308675,,0.7660686621175747,0.9203542488779106,,bcfbb199baa79a77d97dfe9e368490306a1c84afc0dabca15e0dae262f2a945e,c0720faac0cf1b752740879c16180ae323eda041ad52f9878faa4a44fe5fdf85,9edf56f8171be0129f373bb2813aa75712059c0a4092d09096bf83ab4096a1e4
new-unmatched-2026/0183,new-unmatched-2026,train,0,0,0,2073599,0,0,,,,0.8349646484419981,,0.9594969820320751,,0.0,0.9701112905186035,0.34179019384264536,0.7966764305648454,0.8722373619079833,0.8205899210793175,,0.7843928497097796,,,0.0,0.8518613070924619,0.9876606233424154,,0.8380611401817681,0.9211103016518891,,60f737c273e283351acc6efb1ba0704e0827f47b77fdd8695a5bd891f5dbab4e,291ed9200b9c9d9d1be97ae0e9b2cfb2da0843377519c6b9e5e806e193e1071c,fa9fcca68f660c61b825528bb6de0dfb85095894e390635ef19bb27adf93a4df
overcast-mountain-stations/0214,overcast-mountain-stations,train,0,0,0,2062997,0,0,,,,,0.0,0.7814514574094411,0.7047265002655337,,0.7367559576190644,0.5890027958993477,0.7441945171265462,0.0,0.5273399111600299,0.7450572454966015,0.7768101338707356,0.5948199620972836,,0.1346450160009482,0.7191110264167123,0.9640988558214509,0.520908250282544,0.556921902485977,0.6627175972021034,,fcf5289b197c7f0a48d5f375c13e6c090599b238c68ce299010e0babb86cb7e7,d66cff571333e436c6a9212058e636e2420673e9fa861b9fb9c61d3cadc245d5,f3ad56322e6cc87785c95f1b3be773a4fa852b6fc26b569778f2198a7c85a908
overcast-mountain-stations/0215,overcast-mountain-stations,train,0,0,0,2072956,0,0,,,,,0.7903692477266464,0.9416803446860894,,0.5104562737642585,0.9201946927966624,,0.0,0.34948501872659177,0.6902396628917566,,0.6343319854804182,,,0.7597258097984358,0.8573769654766623,0.9829753797799895,,0.76727487165256,0.8914408543410298,,a4ea3527469f92f7e01c82dbad4e004af29e5a534ebe1ed94e96185736126eff,854429faa83f8da4db49e7aad63e0ef178c079e045e63a5be44bdb3fcd0af9f4,9dca7aef3c7b7844bcc8101a5b215754c0ada76475c26169eeff5fb99790bb1c
overcast-mountain-stations/0216,overcast-mountain-stations,train,0,0,0,2068117,0,0,,,,0.0,0.7665936772957438,0.9627316567134887,0.5890043188980973,,0.8706134431097314,0.829679942369044,0.8503790769857019,0.6977074869413813,0.8072197536754838,,0.6565130411806892,,,0.0,0.9801033432401436,0.9795014293425024,,0.843262099921936,0.9494692047371804,,39f23d5418cbc5c465dddc13feda5ebb78e7eb06be8eacb3a5acb0256a95f409,484d599c7a9c73383e03fb6ad49561d2771579ca685ae29f0f30e4be25d04b96,a4d221dce68a68a8a0c30b215d9bc7db6e763c3f4c6d7cbaaf0c1526d33198e6
overcast-mountain-stations/0217,overcast-mountain-stations,train,0,0,0,2073600,0,0,,,,0.28915343915343916,0.6926322368935073,0.9735991379310345,0.0,0.7238911468457324,,0.21716021260440393,,0.9372864155085641,0.704370620804547,,0.7484851438920899,0.0,,0.7930030938440534,0.901077335503776,0.9651269288203086,,0.8392379384353041,0.9184919588716056,,014ccb7933ce4cc405469bff1fb36825df54553c505c185a5c2b9ca46750aa01,aa3b2a2139a82a89c2ca14efdb1d56c34c50fe2cbd36c733edc6aeb721cead1e,c7a51b943a93bdf226607ffd591e490750c55ff6dad2b3c615be0ff9393c9fd1
overcast-mountain-stations/0218,overcast-mountain-stations,train,0,0,0,2072152,0,0,,,,,0.9567030741252954,0.985566755472548,,0.0,,,0.8628873321077822,0.790779980942874,0.8185914156983638,,0.906864418054455,,,0.7870640003281166,0.9550499814159119,0.9718498203782822,,0.8745955662073097,0.9581928568550283,,7d192a396ef667bb5f346b4419b19250547fc8d398f9ad1541087e3b71df732f,5a08d87d4ef25c8edc375b184d40fb21715f14fe709bd157766f55da6db5be90,c53b8d9c5cded3997c77ceb24850e37ab8bf7832cb2572893d32b8309c1d2c3a
overcast-mountain-stations/0219,overcast-mountain-stations,train,0,0,0,2067823,0,0,,,,,,0.9320541050644857,,,,0.7460033853676885,0.9476137409758225,0.6276322547508988,0.9449473912310693,0.9490403127005426,0.6690918759517537,0.9066429066429066,,0.678065923412506,0.9455527499681311,0.9969491383222548,0.8138470128419877,0.7029524453459545,0.8453479477521617,,217eb3ce4240bbab2cd912c73d871881db741d3f99a15000d1343139afbeb72c,5dd19a743ac1e5e12f6fb63c62e75e423f24b6825f5013be4daef1327de5b91c,f6c7025bca924095fd91a671cd243ca12d7e6e983315290b5068ad71ec6ffe12
overcast-mountain-stations/0220,overcast-mountain-stations,train,0,0,0,1926688,0,0,,,,,,0.9556515656503313,,0.6653919694072657,0.9744336635271192,0.7810725552050474,0.6955112009432374,0.23997611329124724,0.7479818953851897,0.0,0.751835380861335,0.812626603646185,,0.22833178005591798,0.9514354440080269,0.9936052126798114,0.639549436795995,0.8892151105891564,0.8985255047821467,,b998518e2d97c634c8c2c846bf7f07e5ad02688387f15d657cc9646d080b722f,a78aeb5c9b6e22817ec40a0d14a2e3b3369a6697165133d9a00b6e867bffaa90,c5cb508d829e2b26edf8c0b62bb31a7d6437c53157de7782c0f340adecee5b98
overcast-mountain-stations/0231,overcast-mountain-stations,train,0,0,0,2073600,0,0,,,,,,0.9730746748502119,,,0.9852672850401843,0.0,0.8660984388455848,,0.029351184346035016,,0.8016439705297449,,,0.4692489651094027,0.9390877007994319,0.9467651966369492,,0.8502755182366832,0.9576682859125607,,27cd78cb2b58647066724fd485237e2568caa02d648e8186d42928145e8c8070,e2756ab550685eb2f70de905f8a2f1b99510c181fc397402f3f807c8450880f1,3563571f44a46c691143bd9ae57518d6a5a5e82cced7ce7069c8b6192e4cb870
overcast-mountain-stations/0232,overcast-mountain-stations,train,0,0,0,2051786,0,0,,,,,0.0,0.9781124275643155,,,,0.6009565217391304,0.77036274450433,0.0,0.6126070285697812,0.8375,0.597315573351856,0.9199315137476081,,0.6893974831429908,0.9439343662003815,0.9829217621000979,0.6047619047619047,0.9088320778219349,0.932934714805179,0.0,77b17d1922889f7c1d3d5c9eb9eb7abb5f53399f38433a493e4e0d9f6d369bd5,3315c387c153f722bf32fbe0bc5bfbdaa858f63464cab9be2c8c073d479522f3,0f63bc41488e888ef0cb6376d43b09c18f871b2b6061d7c02a9dfc5d26edf348
overcast-mountain-stations/0233,overcast-mountain-stations,train,0,0,0,2071895,0,0,,,,,0.0,0.9017486175459573,0.30910683012259194,0.8577904633982538,,0.24041533546325877,0.8236817110493545,0.0,0.8717043853204379,0.8542578673494673,0.4718113696104202,0.8011742304030467,,0.7705740666399037,0.9316842082467083,0.9830477525403155,0.7200213656191579,0.8207153334085524,0.8477738861783644,,ccfe0f6097d8c9ab6aa93e8322b418afe7878378f87ebfaa7638f12f8605381e,3b67554f9922cacbbdfd34af50631afad68cbcf60e66ebde1584c6133fe36a61,9a862f5b672ea069cb929ccb0606dbf0c3fab983bf1a7f4ace2ea9dac15a2f85
overcast-mountain-stations/0234,overcast-mountain-stations,train,0,0,0,2073600,0,0,,,,,,0.9703604618417347,,,,0.603950103950104,0.5074940128622555,,0.13404084544724873,,0.7672387947833907,0.6920995670995671,,0.6071616427270888,0.975584320344643,0.9954422748807049,,0.8421409980762702,0.9150341896137497,,709cbea54e2cf9800bbf3d0c032a4ecbdd34ac081630e119aea5e897a39808a8,9f031a8f85e736e4469eff85abe294ba9b7cd9f12c496873f486d04a6bb80267,251f7e46c7f27244559cbf8d14d1819c075785c578ebba2b13fd16b9fe43f39e
overcast-mountain-stations/0235,overcast-mountain-stations,train,0,0,0,2071387,0,0,,,,0.0,,0.750731231719207,,0.1302913688840022,,0.6279620853080569,0.8899888095033142,,0.8689428555311107,0.8831095616052221,0.8128609118553916,,,0.6823511543134873,0.9320785140129473,0.9834493781490165,0.7492776624750742,0.7328752481294855,0.8859029844440898,,468c69f20ee4665d35f34a795d6f47eaaff96dedee7864164a769f063403427d,727abdd8767871d43483380b4a639a89408335f221c2798f071ede7d71cbcad3,103402199654e32e857f1706813284d6c09ce273c7afc97fbdb5e89f98ff5add
overcast-mountain-stations/0236,overcast-mountain-stations,train,0,0,0,2064486,0,0,,,,0.8293998651382333,,0.9599977699105177,,,,0.0,0.8201289460691779,0.6945968558721212,0.9448477967434303,0.937803839021701,0.6938702205019939,,,0.6200253634557055,0.9074277469532336,0.9894123772973599,0.8687123441221802,0.8532576463610947,0.9288000892573616,,7d0f48496493980d7a6b226310064c37f280f0d3d8723af88c69108db233c6e9,357469e787079530c7c4af0fe3afad136d2be00a3110c53be46d1dbb7f58abff,8f1cfdcd4b6917e4e756ad3f040cf1b11c4d294ba69427a9e24512a3f64a6ea2
overcast-mountain-stations/0237,overcast-mountain-stations,train,0,0,0,2058396,0,0,,,,,0.0,0.9547020996909085,0.0,,,0.29578675838349094,0.8833241433081983,,0.664382861233255,0.9534072462266432,0.6404005762449471,0.15403422982885084,,0.6724562419828692,0.9331216084994574,0.9916079999571927,0.8942270809359417,0.8531399046104928,0.822982359266471,,d9eebb905aa35607b8a9ee3cdb0cfd1d4a4e368e77135f92e804f42440f333cd,b1eec86e60b77ba128bbba833a23764f54d112d408858a88b1250f02d7da05d0,b0b3cdf57a8910e559730fcb77f8a344bc528f53c46db482913dced7909acd4e
overcast-mountain-stations/0238,overcast-mountain-stations,train,0,0,0,2073600,0,0,,,,,,0.8029130347660555,,,0.9830779842752835,0.0,0.5967987804878049,0.3403150897003916,0.814469131305773,,0.7406405910804738,0.7474860335195531,,0.9743150992275983,0.9672982620742229,0.9922641529432964,,0.6849764798118385,0.817860936245175,0.0,38d3daf79fb1b3f1c4c8c5bf74635d5954f16b3c5be5297e9e5ac9b077259d42,0bd106de9c902a9bc8006dd281b20d065ef8b5bfdbd81729dc77edc4d0287715,d6b03bfdef91c51e6f1c13fae1efdaffda4483a84ef680f750e594225e9b5ead
overcast-mountain-stations/0239,overcast-mountain-stations,train,0,0,0,2037432,0,0,,,,0.7575649059982095,,0.9737486874343717,,0.0,0.9600211179304429,0.5204594400574301,0.0,0.9461958106025903,0.7380026072432476,,0.7017698505612561,,,0.17974593375281966,0.6216056312388119,0.9797557592584363,,0.827238275698721,0.8649339969703528,,a48c958611d90e4471af958912e453f589b8b5533315c5d59ce81b77a46a7bfc,7b59514cf69597aa4f2cce3764a3d0af51710e328dc3d85c3976e4c563c3ecc1,58bfa8d85d6da44116e3f9e27838fba83723e5073c2f6fe083d2dcfc30148631
overcast-mountain-stations/0240,overcast-mountain-stations,train,0,0,0,2073600,0,0,,,,,,0.967464231240701,0.0,,0.9328147290786251,0.6964663243733011,,0.0033444816053511705,0.8855605480667887,,0.8188332019199118,0.0,,0.5423076923076923,0.9663891693427509,0.9558640570957653,,0.8038517731438438,0.9157238965818928,,8b51f499144ba83986ae26ea615d1f3e8da062613143bac5e635ab5684f8c914,99709ace9ed244e7aac8df6f8691255f3bb94e3107826bf9d3f678400c6ead23,3fbd8c086c15354593a9152b4af7a588ce4c84e6368e0d4a64e610507559dbcf
overcast-mountain-stations/0241,overcast-mountain-stations,train,0,0,0,2054583,0,0,,,,,,0.95260705748896,0.0,0.0,,0.6954712362301102,0.0,0.03571428571428571,0.0,,0.7835775299205712,0.8109812012838148,,0.8496333846871784,0.9370287610908569,0.9840602159593347,,0.8910214510666112,0.9697140995402536,,3625a2c4d4e9f8f3e0165e6dd90494d2791acd79e6142389e4a17e9e72601af3,a18c6013db023e74d3f18197e3c928119a026a0643711724bc334d3c6663f66b,162d56434cbb016acb0c7c15a8c08b9e1addeb1446676e6a0d390e5b702947c1
overcast-mountain-stations/0242,overcast-mountain-stations,train,0,0,0,2064724,0,0,,,,,,0.9624735070440095,,,0.8855997875874504,0.0,,,0.19878391019644528,,0.6723649886218571,,,,0.9667071887546098,0.986782035112615,,0.8512676245018252,0.9424966165889375,,ded050ca71f820d730759226ffc1d2274e07ef4601f63b34c13120c7ef05161e,eb2b02a061e3cd39e085fb56063ea4abf4c835ba5583526332833e0723c0d442,326ff943391c6b2083106183bd38daeacf83a45b936167d6e304b477340f3d0b
overcast-mountain-stations/0312,overcast-mountain-stations,train,0,0,0,2073600,0,0,,,,,,0.9279765862591426,0.0,,0.3853989813242784,,,0.6352008763168917,0.7695761105953274,,0.8172264918625678,,,0.0,0.8041574818080542,0.9276320787612327,,0.8368769012370716,0.8920069525339672,,5443a27572d1805ca781a25437ef08d1d27ac70239d96cb52f50717ff14822c3,b7a584f428c50f605f7f6cf81f78b931a71df4e8242a20fa82991bce28e1f9f1,123a498def0bf269a15a9b8c183ed6b00561ced160d09b10b0918601c7ca00ae
rain-water-cab-view-with-overlay/0268,rain-water-cab-view-with-overlay,train,0,0,0,2029558,0,0,,,,,0.744462165514797,0.716922999849707,0.6748106872410344,0.24264326277749096,,,0.6677198107515956,,0.9826782614060405,,0.0,,,0.0,0.9337288974901846,0.7452281670288365,,0.645971857120767,0.6079758463783876,0.0,7a53e1b4c0a64e0b30e58ab9db89fcf98ce95254700008d25f5394d06f97a292,23a6618e87555de6cbd8e26e944af51a428323c138f0f4bdd425e1c41c6ebf5c,8a4601e148376b77181520b0ffb70bc8eaccddc907a7c15564a08a4845974474
rain-water-cab-view-with-overlay/0269,rain-water-cab-view-with-overlay,train,0,0,0,2054769,0,0,,,,,,0.9738575662054776,0.579664433894778,0.37980085348506404,,0.0,0.700779565433737,0.0,0.7484423829084691,,0.558816914080072,,,,0.9677713673952955,0.992898485077256,,0.8227053459327298,0.914638477290072,0.0,1100c1ea54949235b635d2def045d12f73d290500eb308c1ce83323f8600862a,abf7569acfa9b70797209bfc372ddce4a802e55f69e55594dc883d24cab15bdf,857934bf7a14b6a88583870b6c1c86831b663fe27e9c5eb5ee7f70f2677c0d08
rain-water-cab-view-with-overlay/0277,rain-water-cab-view-with-overlay,train,0,0,0,2032606,0,0,,,,,,0.6074761385691118,0.8486498221472587,,,,,,,,0.0,0.0,,,0.9869000492660147,0.9372538188106446,,0.6908856731570574,0.0,0.6073404070273091,ca57dfd0f80377755014a88660f5a17884651b8fc20abd7455c72679bd8bb09f,5542b12fe43765140207071f9c0e4692ea5687467fc0d4d502d4e96bd01a76f5,55b1ca4e5361053ccca8c6e1c05b6ec9ede348c7d73ece55bf4a53cbecd3ecdd
rain-water-cab-view-with-overlay/0278,rain-water-cab-view-with-overlay,train,0,0,0,2039559,0,0,,,,,,0.6686468850036936,0.7844484724764185,,,,,,,,0.16393442622950818,0.47808764940239046,,,0.9845774077575487,0.9631978191300226,,0.8012846517917512,0.0,0.6550515392357616,ae02105bf482e4b7269f687a6bf9420a5d1fcf5bf84ca910a716df519b4a66f1,f9d9cc36d418487bbef456deb4bd834ff96e352253bedc9a16b3f55061617ea3,adcd392b3ebc3ce9327737bd559c555925c1835f63522f2fef1b6548c1f25e72
rain-water-cab-view-with-overlay/0279,rain-water-cab-view-with-overlay,train,0,0,0,2054320,0,0,,,,,,0.7459081621679751,0.822363477712873,,,0.0,,,0.857933975358814,,0.9091900024563989,0.8121677495569994,,,0.966246430985255,0.9795141609761558,,0.807322270291212,0.7383406971035837,0.21002470878926932,41a8c3396c58a82a580a4b2d762d7a5813c5b86e025f72d9bc3ad2ba21db3545,75cfc723508e1a083341fb8e16648a7f892140dd4f2ab1043d614110da2558d1,619f7d9fe2ef1b0e9714fc862066ef49b9e6443e3b458032061d3c656b439715
rain-water-cab-view-with-overlay/0280,rain-water-cab-view-with-overlay,train,0,0,0,2054275,0,0,,,,,,0.4473148844856896,0.7153233280409216,,,0.0,,,,,,0.0,,,0.9818964200092785,0.9363510136073313,,0.7574521287096138,0.7889697081300064,0.3406621831350233,70a05bd99cfd467ea3e055a00e478d6e1b45acfa4adb761b94f8e266417d1ae9,e106743e4b56f6a000935339646381f74dd47b337309998f9c1f64e772dc2e55,9385aa82c870549180c9811aeb9f8557ff88cefdb0334fca61f68444132d1194
rain-water-cab-view-with-overlay/0281,rain-water-cab-view-with-overlay,train,0,0,0,2053597,0,0,,,,,,0.7909759015552897,0.7914359006898052,,,0.0,,,,,,,,,0.9921289639410615,0.9557421772285039,,0.7320715401979511,0.8028679567141106,0.753525730830298,a7da1f692dfad6e78cfde641dada58c6873c4539cb40843c04d9e3238e0235ac,0307bb1c875ecbe072c4937d166fb5c6179a715723a729d6f851102552edbb52,ad9d16b0cd863229dfa260c4ec6df4d509c78331dceee1dd51f47f442911fe68
rain-water-cab-view-with-overlay/0282,rain-water-cab-view-with-overlay,train,0,0,0,2053810,0,0,,,,,,0.7152336763524197,0.6250133162884841,,,0.0,,,0.0,,,,,,0.9826915111629683,0.927768014059754,,0.6715850801089228,0.8517563315623872,0.6906072237894835,f9741378f2d70f2bd7e5236fc50ad4936840f4c1561be37a810e2aba8983efab,c2f421c7de5534678595c101104109c3b656630b9d60fb9b35495a373e44edea,2dd6e44e97ac1d658dc3b6195b1c2c2d0175b0ba2de9d4fd99b75853ec70145e
rain-water-cab-view-with-overlay/0283,rain-water-cab-view-with-overlay,train,0,0,0,2054083,0,0,,,,,,0.41442191983708226,0.780207042892713,,,0.0,,,,,,,,,0.9876015733997393,0.9830575573851015,,0.7406861895685323,0.029992684711046085,0.5887216801719861,50f5c438789710cc8a44142a41fc391480200cadb38493f126501909f2df6f3a,04b5fbb59ca9fdefb2c884a036413016e6db4df5eab65336733ce8f35b69af69,0aacb618bba13f14844e47bacc11d2d6eeb73dd1ebff87f081f3fe284b75c997
rain-water-cab-view-with-overlay/0284,rain-water-cab-view-with-overlay,train,0,0,0,2053473,0,0,,,,,,0.7852686346700765,0.5171009771986971,,,0.0,,,,,,,,,0.9838704017526233,0.7522802033492823,,0.8237543706293706,0.7371691474966171,0.5429137067660417,43ee426aa0b2c2ce8f85dc51fb77e1d7b14c6221bf250479b4fc3db9938e1d2f,124b16930742b8657398889555a2a4ca0cd3a302b337fa75ca4b08d758b9ab29,6ec5ef412c3052cfa5d2ad5035af4034a990b66646120bca1b34c08dca9dff0a
rain-water-cab-view-with-overlay/0285,rain-water-cab-view-with-overlay,train,0,0,0,2054047,0,0,,,,,,0.6313735525558186,0.821239135694478,,,,,,,,,,,,0.9764679921241481,0.8206802589466387,,0.7424094759727116,0.0,0.33567924930688847,2956bdb840f2c86e03cbc88cc38600c415d72eea5fff4f468697cb6ad1fb86fb,7c817992adbdd24001302c811f1bdc3fd0af55e9c6cee7d75ee1ebab90d9ce52,e52d64db390c6cfb50fe92e3aac99face1cd14bb2f958c0f3d59e683f0ef7ba7
rain-water-cab-view-with-overlay/0286,rain-water-cab-view-with-overlay,train,0,2,0,2054087,0,2,0.0,0.0,,,,0.0,0.8154505788292264,,,0.0,,,,,,,0.0,,0.9827292965271593,0.8704673423423424,,0.7054856115107914,0.036161715629957875,0.3115783724740579,65bb9a26ed2495d66bcecef26da2702eed5d5ef32bc6393785623c77524cec64,c5023a4e5a1ade5fe386facb5dd55efc8f17e3afa73682ad1f23e1e7f6e96499,a7e0f868c23b341af99bfa75d9622ec216b3b930db18196e9ff8fa2e8256e9e0
rain-water-cab-view-with-overlay/0287,rain-water-cab-view-with-overlay,train,0,0,0,2054230,0,0,,,,,,0.7147595803780912,0.8490240062419016,,,0.0,,,,,,0.0,,,0.9900020632075592,0.9841779279279279,,0.6046953790195916,0.0,0.829628279883382,e86117d8914772da397288df8ec1e772efd2441073ebe583809d2c492b5a8b2e,49c1380aaf9d4764c6f027260ff4e8b042c503f86f3393d63dba98fb7b567287,9013e6d72e35952e83b4a549eb96aa3e913ec5177ee58cd77b926cae7d4ac716
rain-water-cab-view-with-overlay/0288,rain-water-cab-view-with-overlay,train,0,164,0,2027330,0,164,0.0,0.0,,,,0.9499587895914282,0.7787881548974943,,,,,,0.9918184375117797,,,,0.0,,0.9445371565242654,,,0.7630746598013975,0.6095531541186627,0.5317610459494682,edfc5f576a3fe8034173a9ff71791befd981bc683b089bc729fe555cefbe4b3f,18a05516eb56af5f738ece0bf1f771ff1da45279a794c9ca45f4549211644f6d,6fefcc6a72ca0b3b01b65ae5fd7a5830c9e6a66235fb5dc4387b57f03e7de433
sunny-mainline-cab-view/0124,sunny-mainline-cab-view,train,16320,865,63051,1993364,79371,17185,0.2033999700882397,0.9496654058772185,0.2056166609970896,0.0,,0.7016395149795305,0.5169005322458008,,,0.13967641383405077,0.0,0.9362548930094315,0.8922386144964721,,0.7402091978294497,,0.2033999700882397,0.0,0.926638306910773,0.9772683643471238,,0.5009551610895275,0.7391603278366492,,7401f5fc76b6fc6c255d1dd4039a55eb15e32ab20cd3552dcac7878a8a74eb88,9544d3a4d4f26ddcf2a101283fbc57247e7d6b9a4c2a4d1dcc6ecbc47866431b,59624147ce141ca58ab771bd19470fbca46c2064f49402ddcac00883bea64a58
sunny-mainline-cab-view/0125,sunny-mainline-cab-view,train,13558,1546,21973,2004507,35531,15104,0.36567144051568357,0.8976430084745762,0.3815822802623062,,,0.8341879073907521,0.45498696991234305,,,0.551789077212806,0.728618171711557,0.0,0.3652784746613146,0.8671762490306857,0.7010901883052527,0.0,0.36567144051568357,0.658221083056116,0.8681748430233468,0.9940578090293006,0.527300692130223,0.7780498041410184,0.8111700945655663,,b9b5845a7575d6e07a9bbc5c28a07e05557e8f29ff815f5cbf7248d75ec08247,258f3be8e12caaaceed243c728d350b639caa3c57d90a8ad103831ada0b7f6ef,9d5ca2465f250be88808d096acc04e63e48b768c032f5d721833edee76a9fb76
sunny-mainline-cab-view/0126,sunny-mainline-cab-view,train,30344,4324,3315,2033154,33659,34668,0.7988837111339283,0.875274027922003,0.9015122255563148,,,0.8490115469181523,0.6561644556748789,,,,,0.0,0.9354509035876436,,0.7223738732546494,,0.7988837111339283,0.9226284134022655,0.7035042387643712,0.9808026099437157,,0.7800215230740014,0.894483692075054,,a1e2fc892f0b131c74ecceb67559b53b91457b9cf91503592486c858fd335277,e27211315a2ae32a9a3ef1ca41e51ca0a0fa4f6fa09bc2a6e3ea542fe11ec29e,fa8d68254f4d858975cee6270686fd41bad23587da8a6456eeaceab3d16168fe
sunny-mainline-cab-view/0127,sunny-mainline-cab-view,train,22857,3873,2173,2044697,25030,26730,0.790817562190776,0.8551066217732884,0.9131841789852178,,,0.8706296552566242,0.6231572781411696,,,,,,0.9316176444139092,,0.7884738455320153,,0.790817562190776,0.8535629278001157,0.8272067537216573,0.9790309282238255,,0.8328261934287173,0.9223583646730559,,0d4cde05aed2bd4fe2170c8e306ae84b426e1f4e3c8d7f9b0b0cb271454f8c9e,aaedcf88592ad3e09dd1013b51109aeb4e7c40f4b2d9226c243471e2f34e9ce8,f2edef1de6eaf3ee9e36c7ec349be4884cd9700b1efdd30107f965e0a8d4e629
sunny-mainline-cab-view/0128,sunny-mainline-cab-view,train,18440,4064,4743,2046353,23183,22504,0.6767717546885895,0.8194098826875222,0.7954104300565069,,,0.904601660054037,0.7071841580105409,,,0.554569653948536,0.0,0.5821896632838228,0.7808922813783139,0.27771156138259834,0.6694193111491507,,0.6767717546885895,0.6836690208387828,0.9141580486380702,0.9852012617688328,0.0,0.809725318320928,0.8384668495042289,,24687c346d035f3bef72afba9b140f03eab022e4a90af673afe81fa9f274787b,c2fb729a44959c3f10648bb333aa2bfa0a8bf6c4779e7237ba1a4ca106ac5d1e,369396a0517c6f283791fae066d3f7d07ef0b63d4144c9754749f73fbdd62972
sunny-mainline-cab-view/0129,sunny-mainline-cab-view,train,28205,8252,17046,2020097,45251,36457,0.5271667009326579,0.773651150670653,0.6233011425161875,,,0.8343886710522052,0.6867305746711944,,,0.5943529411764706,0.6377641714398578,0.7243596863407157,0.812530434203175,0.6964127265813158,0.769054478784704,0.0,0.5271667009326579,0.46728932994204225,0.914774320840721,0.982618863811816,0.5488101019912579,0.7530954043448758,0.7557666868764813,,e52ffee04497a5939bda202788429a87b3560377d2abd91af07b4286a26b89c6,0c3855bad8ebb48418e3eb7da192926f4eba3d0bd8a6c1ba206a8a0de118136e,5dd4912ff43bc354b347fe0561e1734493fe653d66f33505ddc62e5e9ab9cb7c
sunny-mainline-cab-view/0130,sunny-mainline-cab-view,train,25526,6530,1758,2039786,27284,32056,0.7548944224285798,0.7962939855253307,0.9355666324585837,,,0.91500930471209,0.4678880407124682,,,0.2438205265986029,,0.9524913856517867,0.9265856735430094,,0.6742739940096367,0.0,0.7548944224285798,0.7745907373723241,0.7322066948326292,0.9862173015252459,,0.7776442455086149,0.8471796671995848,,e0ef00001b7bf26a5b6122387465145d21b99c1296743b3f03e61660ac3b3c2c,9e56d793d32c98b488bb34adae6c07d0b0bd6f457d0f9aa68dfdc9a0a4542a74,9e528c044ea970ffae92426056dc0c7d755b50121d76c0b87874a23d418975c8
sunny-mainline-cab-view/0131,sunny-mainline-cab-view,train,22995,1457,20357,2028711,43352,24452,0.5131781561739829,0.9404138720759038,0.5304253552315925,,,0.8414910111888698,0.6514836894634604,,,0.0,0.2688209006531454,0.5515554809185944,0.766918674428288,0.07217090069284064,0.7613309341621379,0.0,0.5131781561739829,0.802243817650312,0.7732435269516599,0.9607311115255388,0.023058252427184466,0.753955037468776,0.8804022777307652,,6ed3b7e372d8d5dc78b215af5af6f4653456cd41ece09177eab1178a747e70bc,a8c27ee277932c37a1cbb160b15f22866e20dd4aec146b5de86eb4603ff534fb,598bca76542ff533a380e6e8b4993fdc113e4994bcafea5d071e2a8112e6223c
sunny-mainline-cab-view/0132,sunny-mainline-cab-view,train,7997,349,6050,2059204,14047,8346,0.5555015282022784,0.9581835609872993,0.5693030540328896,,,0.9292281754200239,0.0,,,0.7538461538461538,0.6538490368038378,0.0,0.8297829868537371,0.0,0.8251175597632713,0.8680232558139535,0.5555015282022784,0.755757653962893,0.6783346395420965,0.967169917276831,0.0,0.6858288415071294,0.8097862182613456,,e153b7e6bd960d596c08d639a6b6e83a0851899aff6c01d8e6bfbba8b04f29ab,51ec0f2f880b6d5e6d011aff4a6f35f79480042485ebc9db45b9e0c8ccb772ca,f35af33ef5dbb89492ded1ec2905959b94eb422cbb2574f0f30b9fb36f30fcf1
sunny-mainline-cab-view/0133,sunny-mainline-cab-view,train,1063,0,3813,2068026,4876,1063,0.21800656275635766,1.0,0.21800656275635766,,,0.867759631698086,0.6817022200510232,,,,,0.06398761004238669,0.9518610384458961,,0.6977391453284234,,0.21800656275635766,0.5043508936970837,0.7293180072769392,0.919416779743465,,0.7081674706130286,0.808955549063396,0.0,f9e73f2fb85c57a08b9d33b0c1c38cfbd56bb541c4b32e14c80883c01757b91a,7b970b234bbeedfb2a18e0ce9e899a251b487dd70a00f183d3d16356c2b2478d,2d689df2ab534debc11af80adb6bf84643c55e66d1ba92b0205fd81e3b376515
sunny-mainline-cab-view/0134,sunny-mainline-cab-view,train,25117,1518,11094,2028705,36211,26635,0.6657213284211084,0.9430073211939177,0.6936290077600729,,,0.8970379243137891,0.3561272442462947,0.0,,,,0.8271655985114741,0.8883865434531957,,0.7460668633235005,,0.6657213284211084,0.7336851865059554,0.9307598337306285,0.989898770915506,,0.8360054970224462,0.8576116861806472,,9e4b1e6f4202cdfc0d9ff15e1ee6eb32270e1c0e88b7b7842be2345e74dab6f2,810016b295ab6550cc7248033bb01b9032302ca875b032e9d08005c80b18156f,6230b2b31da97653fe0f9f2d15f8aa95211d8e81161ffb60c8f7b75cd9d20a80
sunny-mainline-cab-view/0135,sunny-mainline-cab-view,train,9958,613,8166,2049538,18124,10571,0.5314618135240433,0.9420111626147006,0.5494372103288457,,,0.9042629156450295,,,,,,0.6358146851372609,0.8378097254727145,,0.7007860412887622,,0.5314618135240433,,0.9668289946140036,0.9926790445069364,,0.874179033030158,0.9148631651992887,,917d7fdbcba14ad98f4155259ad4945453a4e76aecab144bfdfd515d95e55343,ef3653ad7186e447e51f20d8a071847cfab4d31d30567977a105bb93a6e226d0,4f60c3e66b19de89fdfab6b22de58515844ad646d6f7454b363f16b6d20723d1
sunny-mainline-cab-view/0136,sunny-mainline-cab-view,train,63304,4745,24396,1975616,87700,68049,0.6847747309210882,0.9302708342517891,0.7218244013683011,,,0.8823752703728639,,,,,,0.7011128193864851,0.7834126444595513,,0.7027331642716258,,0.6847747309210882,0.8869425814801741,0.9683467596905154,0.9815921257123122,,0.8670886075949367,0.8860549484581692,,23d8b5534877bd891ce5b404ae30036f3fd3a3f9769fc5d17235cd727642067e,79c1982f49ada9c405b84125d26d3248d5d79d06d6bc5cb458d82e04d838eb1d,6f3fbc67fb3c660737a9f38bc78feb4f19d5f337edd01579e43602fa5856f068
sunny-mainline-cab-view/0137,sunny-mainline-cab-view,train,12332,2336,12039,2041519,24371,14668,0.4617516007039353,0.8407417507499318,0.5060112428706249,,,0.9000306534400334,,,,,,,0.8253716101214116,,0.6516404374499867,,0.4617516007039353,0.45447530864197533,0.9654059448822605,0.974015133363734,,0.8178815314313098,0.9013162042582861,,a171edd02bf21b2bc889ac8ed17fe30fc47d76defd59a637e236ddadf0c76f27,6f160ebe16131fde736faa1b907b2b9193af1e3c3ecb7fbcc5d577bc8750144d,580457e61dc8471a76fa30484e483a6783feb6ca5205f5fff8b49f35927d19a4
sunny-mainline-cab-view/0138,sunny-mainline-cab-view,train,4342,6993,2594,2054302,6936,11335,0.3117237418335846,0.3830613145125717,0.6260092272202998,,,0.930947764845797,0.0,,,0.0,0.6409635483048687,0.8516384927755217,0.7005535285712304,,0.5133478616180878,,0.3117237418335846,0.9122858454712921,0.9444124050477406,0.990223486865828,,0.8933843547704036,0.9527442304588736,,461bdcfd80571cea432e10e0947270b1a03bad21b5efa4efc325d700d1107bed,50f45cb9d7c36f7e9ad713cde316882219c82f7d0791f0d0e907e65ccc5286eb,6f6c930a31885c99b0a8f5ffe2eabf1d4bf7f62f8ceb5759de99018cafd4147a
sunny-mainline-cab-view/0139,sunny-mainline-cab-view,train,26040,3634,1830,2036826,27870,29674,0.8265617064499746,0.877535890004718,0.9343379978471474,,0.37789074960127594,0.8783083782891116,0.39570063694267515,0.0,,0.925148334094021,0.0,0.0,0.7270888958693262,0.0,0.7035665353656448,0.0,0.8265617064499746,0.0,0.9441647091657558,0.9848353004615598,,0.8047470214390473,0.8477376974351722,,ea793969cdff22d7aeff4460d14cafa8007c32c5650e6cd3586775c958a0754c,9ffd1fbd5a02985f044eebd2c5f1c76c095bee6781c959b4c6742485ddd6b778,95036e83ab20dafdbfe43465887fe2fa211d9db9e11c924927cbcc6d07cea1de
sunny-mainline-cab-view/0140,sunny-mainline-cab-view,train,20319,16355,3192,2014120,23511,36674,0.5096824361611398,0.554043736707204,0.8642337629194845,,,0.9432248935507321,,,,,,0.07050932064581546,0.4922429127918759,,0.6097231600270088,,0.5096824361611398,0.0,0.9494611823276549,0.9892692744554928,,0.8343143236550263,0.8876100919949493,,3a5fae521d4841d641c0b0953b4733aa8f8734d7fd9997403022f033352a935e,bec802af770693ccb921ee7235635fe5fd724eaa5b1d6e1f6746af21fd9112cd,2b3cf8b9d2bbf0e16e6532a3b7e90b1bc1fc331a65c76cef6151107759192c5d
sunny-mainline-cab-view/0141,sunny-mainline-cab-view,train,16137,3064,7987,2033991,24124,19201,0.5935339120200088,0.8404249778657361,0.668918918918919,,,0.9608590253998595,,,,,,0.08903225806451613,,,0.7937019308721,,0.5935339120200088,0.7111415913856438,0.9261137786280811,0.9564592947118983,,0.8619218061674009,0.8901683122228483,,2ab1618bf2232f7953374c7ff9fd6dbb5957a1d11d887a1004faeb1f3bfa8241,97b17a45f269102384f6109c04c9d6b8bf8782c9ed75e154169d5296a043ea20,96482d8260d4ab2be71a55c378360ee292fc22fa8ceee46f461c53339a5061fa
sunny-mainline-cab-view/0142,sunny-mainline-cab-view,train,26233,2203,3034,2036537,29267,28436,0.8335875436924055,0.9225277816851878,0.8963337547408344,,,0.9647221217997174,,,,,0.11280724450194049,0.7938139857712997,0.6588508697386448,,0.5137651020003962,0.0,0.8335875436924055,0.0,0.969067710822753,0.9926561326727611,,0.9169845290043026,0.9600613479685514,,f9d4c3db5d27a80539d7e059e63c85bbda048e2f6d73d48e3b0e6d2541a023d4,ecd3fb29f78f54f484c4e6ff39b9f5010a4ff9510a0ca54c9e0fcee6ada30585,e293a3a69d785b0d4027bc453c8b2bbf911c43c2bfe568c56257ab12b2b59e2d
sunny-mainline-cab-view/0143,sunny-mainline-cab-view,train,27776,4376,16568,2019501,44344,32152,0.5701149425287356,0.8638964916645931,0.6263756088760599,,,0.9150752187322968,0.26292708469694986,0.0,,,0.7734761540423362,0.0,0.6633591321029305,,0.5396754834407647,,0.5701149425287356,0.753264995568636,0.8937808959875833,0.9928044786473711,,0.8915680449091477,0.8647747961687643,,4437f8bc5b8248f9f54a530115e7dbcc3ace4af83f6e7e7505c28bd61deecdb4,5633b96990c8cacdbca53cbc8c942d05e63f5e2d839d47c6d0409a38e1392cfe,fbac9023a8523348f8f84e1698621cb190130ff3e1950c283b6b2d5267408b9d
sunny-mainline-cab-view/0144,sunny-mainline-cab-view,train,5860,3845,3809,2054522,9669,9705,0.4336243895219772,0.603812467800103,0.6060606060606061,,,0.9001726730908484,,,,,,0.0,0.2647741593155137,,0.5685471162937283,0.8085106382978723,0.4336243895219772,0.543137160237532,0.9540163622879845,0.9686939535521311,,0.7714017786919959,0.9348972748277795,,f6b634ec6548b8bf98554aa0ac61f40eb22ae85f7e7ae26d084ddb9500ae7e5d,7f8b37a8c257a86c7ca870dd1ce5018c32c9ed888de4dc3afc7b590ae25fb898,9efabed47596af9e2853f037224695b5b3941c6d5c1ed8dfbfe94f9c15554b97
sunny-mainline-cab-view/0145,sunny-mainline-cab-view,train,20518,2064,1686,2043871,22204,22582,0.8454755233228943,0.9085997697281021,0.9240677355431454,,,0.9663373879161775,0.017706027860955605,,,0.0,,0.70629128455076,0.9438540742422054,,0.0,,0.8454755233228943,0.88595844142927,0.962540255056035,0.992135909456097,,0.8794159634254324,0.935580362042136,,fcdb2f1d198ca40299c924da55b12732604c2030a0db21c6f4a86b3b5c804d35,20c74d76997181bbbf1ecde190ab83a62b8b818f8a40955abbde22b23f85c59b,e5b0d4d1b1fe6a0462edd86f5423a0040bfe1d9712a5bc06124078d4a15ca402
sunny-mainline-cab-view/0146,sunny-mainline-cab-view,train,30602,8682,12271,2016402,42873,39284,0.5935796721947435,0.7789939924651258,0.7137825671168334,,,0.879148997909426,,,,,,,,,0.6217956505892358,,0.5935796721947435,,0.9702865403597325,0.9776424073443573,,0.8102177240496048,0.86860087228881,,144ac7ace9587dad2bd7d7909441c0b2eb1b7a5fd5d975855c31e6f54006cc89,14b653b227e8c3d3a8b942968a57b177faaf75fb68a3e71ae071e6286eda5cde,424e4709c89b9482db668d43477fe3d350a8fb6e5f78ee93ca28ce39d8e96c94
sunny-mainline-cab-view/0147,sunny-mainline-cab-view,train,3329,312,2722,2054968,6051,3641,0.5231808895175232,0.9143092556989838,0.5501569988431664,,,0.9354476184872467,0.0,,,,,0.0,0.8062793215445687,,0.658847642905944,,0.5231808895175232,,0.9767758758278292,0.9724267616785431,,0.7522879240748159,0.9053114885716437,,6cf388fea166cff5c1481f523509bf3d72656e5aede0964f0ec6b15e88adea19,692808c9fd7ae6179769e38738eb5f38b5dfd78c857fdca542786e3cce1a19ce,48394c664364a3820d918ee70f0e5b64fe72b2cc76971ece28ca337adccb50c0
sunny-mainline-cab-view/0148,sunny-mainline-cab-view,train,27164,11050,3791,2001770,30955,38214,0.6466849184620879,0.7108389595436228,0.877531901146826,,,0.9002684769965691,0.658698580782606,,,0.6499356499356499,,0.0,0.9514923120430361,,0.6726274288932695,,0.6466849184620879,0.0,0.9259925645529566,0.9854213072976612,,0.8664213858366894,0.9119934233913971,,d859eb4079cd5f05a69e1a52ca314157548f99524569888aa31aa39194c4c163,3f6263d12602f503c9afd8899de5bf72117310b14c1df89f7ca3507e4df9258a,14c77e9c707d785e6a330006429550195fcfb37198e746e4e935d8a98809fe2c
sunny-mainline-cab-view/0149,sunny-mainline-cab-view,train,3856,69,6758,2046445,10614,3925,0.3609472994477207,0.9824203821656051,0.36329376295458826,,,0.8949478572098231,0.5200358328963468,,0.0,0.22780569514237856,0.6265391088670387,0.25238780583540493,0.7240368254739913,,0.7282019435726155,,0.3609472994477207,0.1924361493123772,0.8423391944272793,0.9729462997357211,,0.8106723831584096,0.8573360279103219,,0f14ff36a7fdb27af6f7ec8cb353e753e159bb3b77aab52a80b13fe6937791bc,f956580152828b020215fbf2c78a840a5b4b68ad7e56c3e41bf4fea9766fcbe0,f6048a9cdb04526c5a88e4725e4a86505c7eb5c4d11612ca8669654bfbff472e
sunny-mainline-cab-view/0150,sunny-mainline-cab-view,train,6547,1403,3071,1997549,9618,7950,0.5940477270665094,0.8235220125786163,0.6807028488251196,,0.23323442136498515,0.8815997111762,0.036856617647058824,,,0.4394800974817222,0.00827925710449765,0.5705977546272883,0.8576383212275498,,0.6395009416195857,,0.5940477270665094,0.8087836966335612,0.8884345435557194,0.9940801421187608,,0.7963559322033898,0.8627000756081433,,d4d60368183c52383216b6039fb814147d7720ff8a5ea3c97e9222f8f0eb8937,ea19db3c93ddb0c57d8a40d4882b76fc921b3e7ef2c036f491aeeeed322a8ba8,5eff220cd75183f79cb9d36c75541e55e7b0f186b3d269d26d0dcba6bb14e93d
sunny-mainline-cab-view/0151,sunny-mainline-cab-view,train,4232,1691,19606,2040458,23838,5923,0.16577225899956913,0.7145027857504643,0.1775316721201443,,,0.8879302998453903,0.7661243599580352,,,0.2364394993045897,,,0.8397927639111519,,0.5443700490380988,,0.16577225899956913,0.8338332035327843,0.8534873607986235,0.9901478649790196,,0.8599189907859749,0.8456534775511111,,4b1751c125ecc67afaa53eb1d7655c7a5ec051098de588dcb48ea4bc9cd3c5fc,1ab5b3a734f95118a4f540fd1aa10298673d5e4910ab7f3050c63f27f8d9a24b,904b3a6a2047637273e9713a3d2dc9de9f72a15e2af94bd526158bb59a8a1c12
sunny-mainline-cab-view/0152,sunny-mainline-cab-view,train,6905,2002,5803,2044869,12708,8907,0.4694085656016315,0.7752329628382172,0.5433585143216871,,0.0,0.8933048745077863,0.47184788977300646,0.0,,0.6473930481283422,0.0,0.4837964408367156,0.8285114633136318,,0.763387458277569,,0.4694085656016315,0.8305563339296876,0.8907037638272529,0.9832928514508552,,0.8658285055658346,0.8642219143354066,,7c244faef1d58c7c544581c4aaad579ceaddaf9f4f8593f1c642198319e0f064,57425f7fe572f2d8c613752e0aa310cac5a68f17926ddb24529c7254a7030148,fc4f7510255249d55010c4435ce3c4ad8b64f875bd538f663ad5cb0605cd9d9d
sunny-mainline-cab-view/0153,sunny-mainline-cab-view,train,19975,7388,1440,2037934,21415,27363,0.6935041488733813,0.730000365457004,0.9327574130282512,,,0.9326929355988872,,,,,,0.7110598664310742,0.0,,0.8956998070568406,,0.6935041488733813,0.9657606450857217,0.9715290378756716,0.9924429510106468,,0.9096227940826713,0.9545959121827495,,8a9db76dfcf9155f0dfba13eb33441d81632dfa0d872dd599c6a9a249961a009,05a5851a91ad31d3a2d1b4e3dda4c9fb4c997e5bb7d94639cfcf404ebbcfe4e3,9bd66e4b1a903d2804d68863d18bd8b21794016647c817427027a7587fd05e86
sunny-mainline-cab-view/0154,sunny-mainline-cab-view,train,14776,5910,1640,1981464,16416,20686,0.6618292573680911,0.7142995262496374,0.9000974658869396,,,0.9541217271530997,,,,,0.0,,,,0.5505485893416928,,0.6618292573680911,,0.9752071330265281,0.995019893863978,,0.9184659228131189,0.9410274147705912,,6ba5f4dc3a08179c05592eb64e30da7a3ab0f61eb7a134091c4cb022c307f8ce,73a89e97a564e8790df1b2ef5cc6b4b1abecd82ba42528df33db4e2887c0a69e,ed6a99719554171f17be5800da1eac4ac9718f0eb0bc283b40e25e82fc4e82a2
sunny-mainline-cab-view/0155,sunny-mainline-cab-view,train,4610,5900,354,2049759,4964,10510,0.42433726067746685,0.4386298763082778,0.9286865431103949,,,0.9496105233536304,0.0,,,,,0.18342269883824844,0.872707491451663,,0.5153936087295401,,0.42433726067746685,0.6073690270581462,0.9621586381881838,0.9856889181703179,,0.8935544304581418,0.8908704230404592,,06a90f5ff240f94f7308b963ae697e96d8e7f41f7c690b41c58516e490c044e0,3520046f77397809711aadef6d4851348e6ef6dfa7e4d4acffde40d4a08d976e,53335f2602b013388f55fd417323652d3c7f4ddaf98461fdc6efed3a55662fd4
sunny-mainline-cab-view/0156,sunny-mainline-cab-view,train,9060,2622,812,2047866,9872,11682,0.7251480710741156,0.7755521314843349,0.9177471636952999,,,0.9618026756488101,0.0,,,0.0,,0.620332684480623,,,0.6766148814390842,,0.7251480710741156,,0.9711758479819381,0.9857745887590943,,0.9111374043455546,0.9319863813524621,,2a9b7f9f2e664a6492b210e6af5c8b3238a3d01e1f1d4f0c3506e92519ad0942,407421d1c13fc9a5c28ada48397820d63763e5bbd52ba90e03022634e21f2fbc,d35105db535598efae50fc2c7e7b8f49d505a1ae44c4690ad258ac64d2c640ff
sunny-mainline-cab-view/0157,sunny-mainline-cab-view,train,22465,13525,1072,2031110,23537,35990,0.606146457287788,0.6242011669908308,0.954454688363003,,,0.9221539416511484,,,,0.0,,0.01782568686735901,0.7110118697849336,,0.6726295641931684,,0.606146457287788,,0.9374583233594365,0.9917103346392865,,0.8755356415478615,0.9202085172573254,,8e5da439095b7bf529ca9afbcfc297a86c96a3820aab657ef461687e06417c1a,9981e1d1ae142c1e9738d94cae092b732bd369db06694bee51a34ebb4e3fc179,52eb440613d3d267c07dd978fc12db401ac05a03231b970c9359ac802475b0a0
sunny-mainline-cab-view/0158,sunny-mainline-cab-view,train,4792,2574,292,2060520,5084,7366,0.6257508487855837,0.6505566114580505,0.9425649095200629,,,0.9777535389373,,,,0.793010752688172,0.084399375975039,0.5009325287986834,0.6021558361564521,,0.6427382669477422,,0.6257508487855837,,0.6354550801229788,0.775815790728992,,0.8939682019341092,0.9405082166300287,,e6a650c2b434f3111eccf6b5f78e578afe4a7a00834675380b1cee62d761869d,07015ed660b2b8ea64300203f1815f3802c8e66a3db06436fb5305d647e31263,a5df7d6b5cbe74e55f30b10d6a3c7ee2a9a3d6d02fb2261bd107a7a3a121c095
sunny-mainline-cab-view/0159,sunny-mainline-cab-view,train,19064,572,10295,2038178,29359,19636,0.6369316093682136,0.9708698309227949,0.6493409176061855,,,0.9625387626121903,,,,,0.5796107763695547,0.44612088206410144,0.7962648556876061,,0.5642948308870454,,0.6369316093682136,0.0,0.9547653651447021,0.9898175466690066,,0.9111703528172722,0.9232334246916201,,0857b1a64422a748f3a1acbe2298b756354dc4e916a3e35065e7c7c8aa443cfa,d11d1839c3df1fc963b3d4a7d2fad7dd497deb84c04b0fae9ac7612d46bf2393,4a33663409e2c0c49f5494c48d383362858439439c3bc25ca0168460881065be
sunny-mainline-cab-view/0160,sunny-mainline-cab-view,train,21432,7284,1536,2038050,22968,28716,0.7084490281634273,0.7463435018804847,0.9331243469174504,,,0.9471163566518399,,,,,,0.6020892687559354,,,0.7060702875399361,,0.7084490281634273,,0.9726609000171972,0.9896075618816433,,0.9041388092964024,0.9330909035289979,,3f99be5f7928e5a01c3e2e0da7c216742c167125a2f4df4f9eda959f3e86453c,3a16390f7fe8b99976e346e04b3a49000f78f09ada1595a248415368e11aedf5,99b3b063a6a49a49c0a53b52630e317fdf7015e3cb7d3aa2b41049636fc08604
sunny-mainline-cab-view/0161,sunny-mainline-cab-view,train,23160,3573,4538,2036848,27698,26733,0.7406223018131816,0.8663449668948491,0.8361614557007726,,,0.9536651401792837,0.0,,,,0.9418061674008811,0.6290183200829589,0.8385425288878589,,0.6818132287239839,,0.7406223018131816,,0.9467102141890094,0.9936383898005574,,0.9041010518635617,0.921740960591805,,016395879116dde76f1eddcc264a67c3d1fb136d9a0f2d92b33ab41044c4e774,d23f8db4f6d3d5ebf380883116bb37266ab923f0b3242a26533b21ff6567c406,8beeb99885ed93dae5a28d45d231e92e97d0f4454b9906fa246665300e91701c
sunny-mainline-cab-view/0162,sunny-mainline-cab-view,train,24567,5717,2703,2032158,27270,30284,0.7447479310031224,0.8112204464403645,0.9008800880088009,,,0.9452827746861654,,,,,0.945625637380636,0.6663419386264003,0.5815862215607059,,0.8368893933855359,,0.7447479310031224,0.11844863731656184,0.9567862761625752,0.9891633443920934,,0.916169138917954,0.9393469252954121,,9a198f581ccbd0527724f15f9a3cece6e5832854e77e259dffc5bd5a429ff05c,0f13810f4e07bcb4e31d23ae621fe1f2f1ba5df5bd7d2a28ccf1edc7b7b90c12,f480770d22fe9f1e764ffa7f2505052e39d8e18d3c3b1b81404dc171262f1546
sunny-mainline-cab-view/0163,sunny-mainline-cab-view,train,48337,4769,11798,2003061,60135,53106,0.744746086527795,0.9101984709825631,0.8038080984451651,,,0.927531526479291,,,,,0.9293524332246152,0.8213562753036437,0.3520288662404254,,0.7350514804630044,,0.744746086527795,,0.9552849319072241,0.9940655209103345,,0.8755740048049144,0.9073415201836947,,53c1f0e23c023af87bca8d7c925f1118fa6e03bf34b314ab0e901d159fd525b9,0dcf0e9793f56137c43c73198bc407fb3d307128f3264ea267e08b830d3a3e6c,fced0a8f5c4f10ab00f75e97f6b2989c388b8e1c4665448949bce1e188a0ade1
sunny-mainline-cab-view/0164,sunny-mainline-cab-view,train,36611,7326,482,2023758,37093,43937,0.8242193655867984,0.8332612604410861,0.9870056344862912,,,0.9382414229873473,,,,,0.8419415415931994,0.21007265115133605,0.8665683663813024,,0.6,,0.8242193655867984,0.5696693711317063,0.9572569492172049,0.9950829838166555,,0.9065368993792627,0.9422049638395792,,dc2322339b57aed5805465301755b9054b87fba047b608e05ae4dcf959232006,595424faa77d35db1f99a37b4f55a72e40170bff8e5dfdb3ab73ae65e3e2479a,5b3b28548275e3f78f08a4aac0fdf0f30e8a220a8fae26bbf4ca97f951514849
sunny-mainline-cab-view/0165,sunny-mainline-cab-view,train,21823,4048,5594,2036585,27417,25871,0.6935642777689496,0.8435313671678714,0.7959660064923223,,,0.9474020538184793,,,,,0.9416477028107509,0.6523310779497636,0.616597510373444,,0.7473201524535493,,0.6935642777689496,0.7185772207887947,0.9338131258737419,0.9947238143142679,,0.9049338874197205,0.8923465939892617,,ed03205def575f68a08e90b5040e492f111657b011c4a09ea8773bfee95ae4f8,48f2d8f29663c715443a61887d3de406b2141c0cd0635bc8d985d53ed8a38d72,16b63cd9cdb145cd5c0dba4db888c7841e0b2852a21ca888b6d1aada179d2864
sunny-mainline-cab-view/0166,sunny-mainline-cab-view,train,21694,9217,151,2036958,21845,30911,0.6984096323482069,0.7018213580925884,0.9930876630807965,,,0.9381153757165994,,,,,,0.43611584327086883,,,0.7704857928505958,,0.6984096323482069,,0.9707659500816588,0.9895579945736072,,0.8802541230828467,0.9277911754906472,,4cb25bc7ad809534409bf310ce0bd9621415dfebdaa38bfbacf278916ddd0f64,6efebaf42ad436d141650e14308bf18e2389d3ec7ed42dbb736ae5b5f6d3a70d,1cabe6409c6c8c30a09ef31bc22cce1bbfe1ea53f9068367ff9d0b784103977e
sunny-mainline-cab-view/0167,sunny-mainline-cab-view,train,5557,1785,102,2057778,5659,7342,0.7465072541644278,0.7568782348134023,0.9819756140660895,,,0.9711424897747835,,,,,0.8354519122557792,0.9265058795296376,0.9098487117611488,,0.0,,0.7465072541644278,0.5324056748205355,0.9328218638625445,0.990165594041507,,0.9086094815284604,0.9299763662537818,,ea08f07ca095ed6d035d6f14b8548f69a14bf8d6b49efbbdddf5179bf9ef3009,b5e44b4d05c9f941f3f50ad3195bd2b3c67bdab306fccddeab16a0e824382b20,47b7a5d1475eef5c412eab3f124dcd8395e94a3d9da13cabba97f8c165c923e4
sunny-mainline-cab-view/0168,sunny-mainline-cab-view,train,22489,2445,2695,2040438,25184,24934,0.8139635889825908,0.9019411245688618,0.8929876111817027,,,0.9567667115269451,,,,,0.8524361266932856,,0.816531014921692,,0.5789075399009356,,0.8139635889825908,,0.9577825958735667,0.9917642964853265,,0.9005052099778971,0.909766939305704,,72b8f6a32917f9b4cd7edbfc8b38900c94a094dd308a81ee17ec8c715bf8a875,adeae42b66b6f80ff7ded176032da0f049d5158fb43d05363602b068574857d5,bcf850a105d6ee04f33050074d1e54cde664916b4bd2e4cce554f9daf1ab549e
sunny-mainline-cab-view/0169,sunny-mainline-cab-view,train,4403,1288,1359,2060977,5762,5691,0.6245390070921986,0.7736777367773677,0.7641443943075321,,,0.9729499568287462,,,,,0.9340893547309655,,0.9234678588979851,,0.577483170765215,,0.6245390070921986,,0.9700320335800288,0.9914512911554957,,0.9166600887233002,0.9475570971954081,,e50a126b8e9d96524472935c0169644a3000d548dd10622d7dd7837f28b262f3,1fabbee7225ef01c83c8f9d87a5e21012dbd0cd0e092aae0b3f85cc885236dfa,1647dbc00c298945d1ec4ea90019b3cdddebb1558116c03190bed45e1a0eb96e
sunny-mainline-cab-view/0170,sunny-mainline-cab-view,train,7056,405,2184,2058560,9240,7461,0.7315707620528772,0.9457177322074789,0.7636363636363637,,,0.9633249168952426,,,,0.0,0.9195189167120305,0.2607843137254902,0.8630522971163646,,0.5002519907267412,,0.7315707620528772,,0.965650661134177,0.9915794271471884,,0.8941160014919806,0.9465806513348857,,3f433ab98d445e66fbd4c3879168f0ff099bfa2f2a0555a496a23ef041827ef6,2432eb316800d123f6938e33fc85795b3d6c60ffa520a0ea9203c0121e31584d,101f938aac5f685e04d60f3d9f53d21fe4e31dc91b27cb2f45ec1bad63ee0259
sunny-mainline-cab-view/0171,sunny-mainline-cab-view,train,24671,5200,726,2030871,25397,29871,0.8063208811321372,0.8259181145592716,0.9714139465291176,,,0.9617190226301546,,,,,,,,,0.8189959669410068,,0.8063208811321372,,0.9642329509388344,0.9648379056428992,,0.8897522695799354,0.9322228604250431,,f0f37b4a43e03c4b5aef2ec2723b33d29fdeb183e0247dc20cc38fd51708b6d4,e8e0d147bf6775475813b28df3bf64d5faa50955a9846c2f56a541b5e2252767,a640c9257ac32fb81125ed1eeb8270c227871448599a04fc6a534c630c633c39
sunny-mainline-cab-view/0172,sunny-mainline-cab-view,train,0,16140,0,2046997,0,16140,0.0,0.0,,,,0.9052287581699346,0.0,0.0,,0.48604651162790696,,0.0,0.867214403861276,,0.6181693989071039,,0.0,0.0,0.9338720444718128,0.955945644791779,,0.7414356297500041,0.8681687886233341,,9d1f242981192b866b8c78b235337b3fcd78c0dbb947afbb3861211b73247352,c9cc1d7969f031b1ba1caed9230b1e99f67407a3ccf18ad66582f8d9f85d7a54,990001f92bb38e246378cc885ba43904ee922051d3bda39d165620f7d4d81a2d
sunny-mainline-cab-view/0179,sunny-mainline-cab-view,train,0,0,0,2070979,0,0,,,,0.8055821281863711,0.3039378564051906,0.9485667114077043,,0.204324707550514,0.8805781980219541,0.0,0.0,0.9134952166386734,0.8704689031128161,,0.6650911546252533,,,0.7277559527960513,0.8046882441468386,0.9610234746672418,,0.7272177012576502,0.8877621916889278,,2980bdd5ac578120cb35ad4b8b8f5798eb1663f505b1d628312365558c8e6637,0a9409b2e919a722e20a573aade797666e16f212e11504e1bba1fad37db8571f,53d8956d2f7b23a19337eb8ffeed2d29b5d7031dd4edb5b3cbd2b7217cd4a9d3
sunny-mainline-cab-view/0180,sunny-mainline-cab-view,train,0,8073,0,2065466,0,8073,0.0,0.0,,,0.0,0.0,,0.0,0.9356752740853781,,,,0.6747790558244882,,0.454740849914026,,0.0,0.8246107090958714,0.9276822840448561,0.9824876732969642,,0.812486504827416,0.8423648397555006,0.0,11d2b9c079ad57dd8e7e64839160cd7b1d1b689d42720e385bbae214ae1ce4e2,d03eedc21174cd47abea991f73f6f1990f52f4dc95c05ca152a8ebc1c4f8dbbd,514fa8a7bd9793cb0cc0f76e28eb521e460c9a50ac79b9f43dcc4d499dafeceb
sunny-mainline-cab-view/0181,sunny-mainline-cab-view,train,0,0,0,2073600,0,0,,,,,0.9593088071348941,0.9707216737188529,,0.0,,,0.0,,0.0,,0.5733845784290176,,,,0.9870510104252339,0.9942742009066786,,0.7927877637601876,0.9604194336618261,,961d4dc340edb778535bf1a91b174154c09e8c3bf2814a05efe15d66cfa809cb,f7acffee97a0d29fb4655547c1884e20e9bd9972cc8706da96cdee1e26eb908f,ef27a20a4a5b75ccabfb6359a790d873f33865f3bd0c016e9b58961bcd13ca28
sunny-mainline-cab-view/0182,sunny-mainline-cab-view,train,0,0,0,2070136,0,0,,,,0.19446439423236286,,0.9458319163407584,0.0,,,,,0.8911119170232829,0.953025704912463,,0.0,,,0.0,0.345367331481949,0.9154395518239227,,0.6491158512409801,0.8514092913347463,0.0,2b635f17ddb2ba61b77fdcac0499ec5c3d70dea1323a289937212955ea815653,4ceaeb2102494da778ecf94d2ac615d63cfe08ae62aaef2a6796fec50fb8bb6f,c3d710fb90c97b9119bdfb3c2e1642368a0682f920f0ba26471b810f219155e4
sunny-mainline-cab-view/0184,sunny-mainline-cab-view,train,0,0,0,2070348,0,0,,,,,0.009066487575554063,0.9178242200567032,0.0,0.6064076014130833,,0.0,0.0,0.9076391719639966,0.9093265585707315,,0.6653057509524243,,,0.3664867487415853,0.6550945201353578,0.9759564670561506,,0.7941984732824428,0.9273572138753866,,fce720c8ba60a17547f87e487d475b7dfc8130e8e3f6de1eb655de80095dd9d4,cfb308f1843883bcd1f15e0bb17c380c182c15635fad7bdad3e92fd028097a16,6b723b29f8a08c85e7d1cd3bf09b076487d102bf48616736405f345ceda65006
sunny-mountain-stations/0228,sunny-mountain-stations,train,0,0,0,2073600,0,0,,,,0.9127055643162875,,0.956528665729267,,,0.9739936846755924,0.5634174985320024,0.7737881988075823,0.8899347741103392,0.7903574546552329,,0.7528120148284275,,,0.024303497332542976,0.8332212587742582,0.9891634040275841,,0.8134136167434437,0.9440142687131542,,8fb67a7950262b0a2133f19fd631fd9df52f83e1660f0a811abf3e9d0982f269,f4c0dfc2948c51f179a4a80f4d4b7d2a14b8c5ced33c320220f787477a45e6d3,25b1fccc98488e2ffc1a3b779d536afd0df45206313f8dd14d52216dfcba187b
sunny-mountain-stations/0229,sunny-mountain-stations,train,0,0,0,2070011,0,0,,,,,0.5346699707141248,0.9562615041186376,0.0,0.17391304347826086,,0.5549223536116256,0.9418189100095505,0.9786491724154742,0.839126300532676,,0.6440605733443191,0.7718508997429306,,0.743346583380655,0.7873899798028925,0.9896755438724497,,0.7867965655652729,0.9446282979588113,,0354800bf80455fa7680958e010518b436ea155dca8b0abbc8d1e10092f0661b,fc908e7e08e5cc665f4c59c11eadf28fcdf161bd566dd5bc31ca5349d4ad036e,366b9f8c2d2334fc87d8b98e9a0d8d4e0380e89663e781dd140394d58f23684a
sunny-mountain-stations/0230,sunny-mountain-stations,train,0,0,0,2030242,0,0,,,,,0.718030427631579,0.8760146696410843,0.0,0.0,0.8365351921115267,,0.7122635167578988,0.0,0.8122059723579761,0.6822283624283273,0.6593339837637833,,,0.711618780154101,0.8809585008413892,0.9804445289710164,0.4630674531931264,0.7676812022457681,0.8301415789582944,,505099662669780df8408d783f6869cfd7b572910896d2c7b6f0e27c7432cffb,0f54a1615827a6cc63096a9eaf5bd58b3ed9758a76361bcee72da0187c106f17,f3b277264226322f2d06e9b91a8a4253646109f90349869988f6a9dd668f8688
sunny-mountain-stations/0243,sunny-mountain-stations,train,0,0,0,2073291,0,0,,,,0.0,,0.962861366915445,,,0.9842200512020717,,,,0.0,,0.4409971113726329,0.8287822878228782,,0.0,0.9864778345810001,0.9951452430470198,,0.5999892744141149,0.9437710595282666,,d048231d419c08d7176eaceaa89f964709a5a5de28918f80af2d6d5cb56dc892,ac493ba00b218289c9290e59fc10ebc5e73442a5005678ae91222731a9f1a765,c0393028a6509922c483aa01a1ab7062ac9148ee7dab738d2f5e14d6b85e2483
sunny-mountain-stations/0244,sunny-mountain-stations,train,0,2,0,2068948,0,2,0.0,0.0,,0.8888647001197344,,0.9458556034853146,0.19857638255156052,0.5667396061269147,0.8542599663295959,0.16781260925300082,0.0,0.7019820874807537,0.5733287858117326,,0.7237814019819359,,0.0,0.8452030172667806,0.9327433603484273,0.9884797855900057,,0.7078760706638115,0.8605807144415175,,8d1edf47c4a0e099e6bac09702b9eb61358d689387405e5915c4b761311fb755,62634f58072805641c40889959a1644646ac9bf20776fc28c0eb907ebb26db45,9cfa7af241c1af9e0e29d4caa9ea4dcb28add4264a4ca9983179561260838443
sunny-mountain-stations/0245,sunny-mountain-stations,train,0,0,0,2073600,0,0,,,,0.8339211224876754,0.0,0.9062392778906807,,0.0,0.8411969785008716,0.6461538461538462,0.8406851165165767,0.576336801354948,0.9433124375397475,0.8284982935153583,0.5365245083554943,,,0.20842189160467586,0.9231276628131747,0.9942837788546715,0.595270650687686,0.7125485122897801,0.7127243557605535,,ede5e722aa51b1edf1b7f3550819d1fa7c743d02958fb765bf9233ccf1ea1020,cadf2ab9a2d6547b808e82099b83169aa947fb0617b0d25d7c012f3a84f18477,6126dea65c582d3d505c9f67a32dedbaa87079c3bc7f447825bc826acc9b29da
sunny-mountain-stations/0246,sunny-mountain-stations,train,0,0,0,2061103,0,0,,,,0.8035330261136713,,0.7943958353700264,0.0,0.0,,,0.0,0.4502122412198534,0.763517999014926,0.8699414115547278,0.05924238108800912,,,0.7711421507776723,0.9414615917893581,0.9825417812324149,0.7901361417929618,0.8017440250991972,0.766761986917805,,90a65adbb644d54e42c7e51d5cebfa0b1e554d4d34f442db24481dcd7007c74c,8211f22cbe10bb54834c2a0f57f23d5612d3a7a8d288102d2f5c719f02078527,e3271065cb466ffb6712ac2d312d5aba9cbef7d281c4700fcec6933b326c59f5
sunny-mountain-stations/0247,sunny-mountain-stations,train,0,0,0,2073600,0,0,,,,,0.7923648983639068,0.9630512390845034,,,,,0.1244259785698666,0.7872455692283878,0.9028306299028466,,0.5640756302521008,,,0.6505848614516143,0.9584307407534364,0.9950441341223998,,0.8610683102208526,0.9672695641740904,,a442fff38da0ce40c7e735cd036d9ad22fde5c1909107105ed77bd798ca3f872,c5c7e80094cc032a92fa08b0b660de2231a9cddd7643b6d1c2df97dbdb15ba15,a4820519861e807c6ed469975538b1586b92dc5313df070434a1c89f64bf36ec
sunny-mountain-stations/0248,sunny-mountain-stations,train,0,0,0,2073600,0,0,,,,0.6468311127115592,,0.9750651083704612,,,0.7391928456193392,0.0,0.7908271825823545,0.7312542812083495,0.9212042225987228,,0.4513356293230689,,,0.6218101822752986,0.5401135594716249,0.988999588905279,,0.8764513169964618,0.9538800021097206,,c489b83cc8d5e13b9e9ee4f588ba23a86a21404337b41cc01afb90627630275f,1828c615b6f7ff9fa65e720ed3534d3325375ddada62df18c96577a26343ed35,94098badddba7cc2b1bfe93ec3fcf22c81bd6afa4840fc22ac4d8a9b441065b9
sunny-mountain-stations/0249,sunny-mountain-stations,train,0,0,0,2073600,0,0,,,,0.8183165870532038,,0.9701939623122517,,,0.9538357094365241,0.2846222222222222,,0.8906390540333019,0.8864985303519212,,0.4822232676927213,,,0.5954330708661417,0.9552234880760775,0.9898410386803921,,0.8898400299609438,0.9209230841245446,,408760b135c0da743871d600304812e352ac956549d1987597238245735e8672,459bc06543c1527b8f31f3778f2304eca8cda8b56ce00177d1006117d7a4ed71,64618d97897b3c2d957a16f2630d4e0405fb897dd56979549f1f3951229861c0
sunny-mountain-stations/0250,sunny-mountain-stations,train,0,0,0,2064289,0,0,,,,0.570230607966457,,0.9860862351765616,,,0.9552835407550401,0.0,0.0,0.9546812059321167,0.9556774268724344,,0.8122862915760025,,,,0.0,0.9857199568989962,,0.8451664305949008,0.8810214792159043,,0956dd0c21f6af0a1387e957effd77c906124754c421ea783a885ae3ce8cf3f2,1a54313fd7aaffafd2aa769b53c139c749f29333937e07fd9220a885589e54d0,758f83580b5e802383077a94d1b6aae4424aa2048f2f177a192eb267cc807d2d
sunny-mountain-stations/0252,sunny-mountain-stations,train,0,25,0,2029274,0,25,0.0,0.0,,0.7320484671057982,,0.9226532874394726,,,0.8283212001491899,0.0,,0.9628457359838742,0.890690258037362,,0.0450326982377214,,0.0,,0.9147787119137446,0.9937104666756622,,0.7771650559029751,0.9608322972088343,,1749f26376edb32da712444c9e60186ff4bd29e1fed12a43bf0f659bf8e5a11b,c37061946bca614f0217b26c4987befc27e64f2bc1d0d90685762ea41c67810e,f6354770f33c2940dfdf29a9d2ab66bd59657be3d9a4e35326934fe7db3fdb1c
trackside-maintenance/0000,trackside-maintenance,train,27119,964,71610,1989267,98729,28083,0.27202511710952626,0.9656731830644875,0.2746811980269222,,,0.9359203171638414,,,,,,,0.0,,,,0.27202511710952626,,,0.0,,0.810588789811368,0.4856379684112728,,e41473adaa20b0dfe8eecc7e6000f550ae13c68770e4946667d4c938e7a89230,608d5152e26531f443e848f1ab03966ce4ec96ab2768c3ee09bd3bac6d538107,25577b7eb0656da176e0186e50d44836b2dffd77a42459581229c045c8b27178
trackside-maintenance/0021,trackside-maintenance,train,1132068,4202,179579,772818,1311647,1136270,0.8603327585460033,0.996301935279467,0.8630889256026965,,,,,,,,,,,,,,0.8603327585460033,,0.9777386534847895,,,0.8418668597198515,0.7622906599517789,,f193c1a096a827f7ac610c2dfa2ef5244731e66842755d4d9a52dae046fadeb1,3cc3a810432c2d42f2e1b1d81348e5530c70ad2520bc91739596cf667ef7070b,5793d1b10a51a461065114086a1551aed17a70524550c33089b35649ffe6594b
trackside-maintenance/0052,trackside-maintenance,train,1164496,18306,13006,892860,1177502,1182802,0.973815194412481,0.9845231915400887,0.988954583516631,,,,,,,,,,,,,,0.973815194412481,,0.9774039922991185,0.0,,0.9375340724486414,0.9751551511302593,,efc1a697946924df5b504e34114d2f5a5bdaff8ab191a9dd2c8d978a19525204,d7c67dfa30ada59632dc54a7ee5807a8e61a421646642ee6822c51b526280b84,e32bd3800577d64d3a0501f5964fd002f7d4718d450db01e456fe7d7bea05f6e
trackside-maintenance/0055,trackside-maintenance,train,1152596,19929,28329,888106,1180925,1172525,0.959813599321816,0.9830033474765997,0.9760111776785148,0.9208955798552287,,,,,,,,,,,,,0.959813599321816,,0.9554632949613134,,,0.9312076270273298,0.9385417431529481,,28f3b3d7bec0bf474a3fc09012c7f4ef1b0b5a4e37e51acf00fbc5bea657569b,7b23c5e8ffdcb864899f2b44e3f35d742c5fa4f4a7b41a710d74ec6204039136,03e971bc62d4c608b0c982e7c8f1eb2a729c84044015678661491d8f91948185
trackside-maintenance/0056,trackside-maintenance,train,1056053,51496,20505,959164,1076558,1107549,0.9361723818186009,0.9535045402054446,0.9809531859871925,0.9633193359103424,,,,,,,,,,,,,0.9361723818186009,,0.9296637820967513,0.0,,0.9116005266536816,0.8995208859257894,,ecf8e84d483b920ff62e729b88a34b2e02bc43b25ba2201f33a1d1233e98db4f,71ac374b6a05e5b030909b340d8dfeaf290ad55a7d2193361ea9ad5698cb1afc,b8c152261d22b708b3095dff416fddea7e86bcca854ac15863a4263b755dfe5e
trackside-maintenance/0057,trackside-maintenance,train,801933,628,7347,1278647,809280,802561,0.9901532025859727,0.9992175049622396,0.9909215599051008,0.958916740659791,,,0.11989075155396496,,,,,,,,,,0.9901532025859727,,0.9680122415340172,,,0.9585122350077285,0.9824436662189204,,76a244cf235702a8709bcd5845224a9a5785c3cd791a1fc89b4d54cf065746b8,c6a6ea3d247a64e8a78e7264e9e5bf9070735b251f3b1498e53ceeb2d9a5eece,12aefd8d9c5ebbb341cd99e0fb2a920368f5bee94dd444b7577a731cb504c35b
trackside-maintenance/0058,trackside-maintenance,train,1267965,7613,60144,753238,1328109,1275578,0.9492731271926343,0.9940317252257408,0.9547145603259973,,,,,,,,,,,,,,0.9492731271926343,,0.9424730290456431,,,0.8461463665344733,0.9500912529897492,,527bd4c6f5b48a8fa052db415d684acdb3dcbf8021025486fa219182ad9059ba,135090e121d0df3d05d16ca027cf3a9280fcb288b8d5e5c4b535ae20858a57bb,b28924ed0fe20d708a3ee095efad89a8cb27b3a7988f5b31d44edd2e51e4a1bb
trackside-maintenance/0059,trackside-maintenance,train,1201426,9510,52781,825214,1254207,1210936,0.9507081094897037,0.9921465709170427,0.9579168350997882,,,,,,,,,,,,,,0.9507081094897037,,0.9528690451561942,,,0.8008326769438505,0.9715073606403849,,8f38d8ecfaf13ea9265b15f72d8c2a5f6320df894c563c0277971f5a71223076,51caf95e4def10813bd0f02b5d94ab8f9ddcf77d3b4125ae347e9e88f0e70034,620c4a30e6168dc1f1192463cdea1d4f8292e6a2ad5489064d028cd8887b343d
trackside-maintenance/0060,trackside-maintenance,train,1372634,12979,39541,663806,1412175,1385613,0.9631478422682742,0.9906330266820533,0.9719999291872466,,,,,,,,,,,,,,0.9631478422682742,,0.8479473893981666,,,0.9473319939991844,0.9066368070709478,,af2519b33d6b5f52478d8c41669353834cbc46bda125e944b6f0f559e55e7d51,a1ed253eef60a1b41a1f265e34bb48ebce8b527eb2c22c4dfdfd0244558ab6a4,f98164fac5f3826414e3fb5b987d7586a51a3f22e00d4e5863a7d59f8ea250cc
trackside-maintenance/0061,trackside-maintenance,train,1658197,17669,10558,402536,1668755,1675866,0.9832622163821197,0.9894567942783015,0.9936731275711533,,,,,,,,,,0.0,,,,0.9832622163821197,,,,,0.9476269090926825,0.6726288310934931,,8bdf064f89bd89d79af62f1c4461b3024cfa2110a8194ff5044d74f7f592fc74,a2d3dc8b57ca001020539c453fd25cc135c52f4e3a1b7e3782882c0642be1d36,bb9394d2d1a7f0118271df46e1ecf38d9f5a2c3606f83e850daec292515fec80
trackside-maintenance/0062,trackside-maintenance,train,1901503,9241,1558,175881,1903061,1910744,0.9943528794092147,0.9951636639968515,0.9991813189382789,,,,,,,,,,,,,,0.9943528794092147,,,,,0.9421523462609813,,,6f1c22c5a26f9c6f9349d1b7472ea93537d6383a9cda356167f51397f8e8f989,8b6b3404dcee61dcef88a2efe10d1c664ce76c5c90f08c90a160e1881b9c7ba9,2a0eb4780d4d6414408103ae8a123533a663fed78c4d75adae16d9f96d9d7f65
trackside-maintenance/0063,trackside-maintenance,train,1312586,4620,23956,747798,1336542,1317206,0.9786931034431336,0.9964925759524327,0.9820761337840487,,,,,,,,,,,,,,0.9786931034431336,,,,,0.9627335287839943,0.9635257278642653,,f25b27c24e3ff91436c5e3877a5df281c4dd826a5c70266f8b58faae4174a2e4,f404f535862173c8b8688fb06460f4e3b4307973ba3453d76a2a74ed1ce29373,5d7850cf3e51d1e12160fec05737ddcfaae57317faf267bdec6a19e8142eaa36
trackside-maintenance/0064,trackside-maintenance,train,205885,11946,175663,1695466,381548,217831,0.5232227175001398,0.9451593207578352,0.5396044534370512,,,0.8372856858816512,,,,,,,,,,,0.5232227175001398,,,,,0.8936388766213585,0.2655439571171249,,40ea4a91bdc724c6898236dad7394cdb56c3f9eff92be4c2d3cdc31bac221ba5,8cf27ff8c967f94b6ce773a71a3e75cdd9d3bead6550b3d272103014e8ccae9c,62c7baed66a7b6cea11cca47c7307f31c72fe272430c4c349962a28d29926ee3
trackside-maintenance/0065,trackside-maintenance,train,1325339,17097,16401,730123,1341740,1342436,0.9753480365930571,0.9872641973248631,0.9877763203005053,,,,,,,,,,,,,,0.9753480365930571,,0.0,,,0.9469247832224239,0.9623977468900888,,f03f57e248aa7907bdc8f6d9dc2d77aa18d6bd0c9408c1035bef8a148a559b79,c6eb3a0619930aa14ed66cc41633d3632df51fbd1eeb2b2d5c2a7d4933429313,13429ef379b337d967e9c516dfbe0a39524f7f693af5140371ca79db2564f927
trackside-maintenance/0066,trackside-maintenance,train,1280374,4955,17638,785993,1298012,1285329,0.9826603436618119,0.9961449558828906,0.9864115277824859,,,,,,,,,,,,,,0.9826603436618119,,0.9641906469780605,,,0.9653578150031885,0.971060129244898,,6223c858287f0677fdc6d3b7cc8038c3ecc2f0d657d409ea0818439bb88d0fa5,d3884b710501411f6f6b15febc4e69affad923b6dee90f38d67b046fdfa35666,756f134fbee04c4af8212e812295bb25ae0231ff1d227a9968ea40aecb23202e
trackside-maintenance/0067,trackside-maintenance,train,836029,8139,21744,1223048,857773,844168,0.9654895647594675,0.9903585542214346,0.9746506360074285,,,0.4922203917261578,0.0,,0.8710816482894167,,,,,,,,0.9654895647594675,,0.9824951768488746,,,0.9549184574258657,0.9580636911082004,,0500732a4422c6db9e57d541c1a7f0c06c3e10fd30ca7e04d1cb512dcd29b739,31e1a531c8bacd76bd03d1630b16b65d83c1b22e86c7d094e48509567df280d7,6c211616f738a8c33ba51b78831992b54b20fdf50d3d6a00fd2ebe97a9f3ac99
trackside-maintenance/0068,trackside-maintenance,train,1025635,8184,28466,1026675,1054101,1033819,0.9654989009540754,0.9920837206512939,0.9729949976330542,,,0.437080024434942,0.0,,,,,,,,,,0.9654989009540754,,0.9728566054667495,,,0.9540015459487937,0.94977490976846,,2002370858caebe870952bed7a32a15d4c1e010a5b718f1e3c6e2a619ef1550f,f630baf409c8fa26b7d8c7049cc4ec4ab2d5780809fe481c6ff0414a1752009b,5b50e0da15d38f1f1bfd6e56a41fab86ace8661d95dd12f147ec82b176d3ad37
trackside-maintenance/0069,trackside-maintenance,train,1803982,75450,2854,206674,1806836,1879432,0.9583995205829507,0.9598548923291718,0.9984204432499685,,,,,,,,,,0.7005315164270681,,,,0.9583995205829507,,0.0,,,0.919569375217341,0.32925994876445974,,f29f28360c7637a0569445615e72587d568ec754c219c552470709afefec21c0,9004352091a51ef231b51d3a96e9c590f364538a5c6d5c05d1c1cbd61935bd8f,a3cf783d46445fb105b7871afb29dc0a8d855dfec88bc4ca1148fd872564e177
trackside-maintenance/0070,trackside-maintenance,train,1870957,17042,4290,196671,1875247,1887999,0.9887268805134946,0.9909735121681739,0.9977123013661667,,,,,,,,,,0.0,,,,0.9887268805134946,,,,,0.9500525532101253,0.6508183723169282,,8da8ac7ad697e79d43107c8ebe4903d9b515079f50e3b43f871cbcaca0df5d1e,fc37c78a2230c5c8c971926e1a494ea03d9ff1f1d5ef03a91ddce40348295058,aa15c25b1eac7d1c4b24c3f5503cb94d8645826d7c133e68292a154809982828
trackside-maintenance/0071,trackside-maintenance,train,1655151,6271,27645,399893,1682796,1661422,0.9799202755130495,0.9962255224741215,0.9835719837698688,,,,,,,,,,,,,,0.9799202755130495,,,,,0.9571626893894062,0.0,,3722b3d81a9495d0186d3ce92ec994c7f10c979ce8ebf1d78a787043f819a9f5,b67b6c1fd6b1b376e5af96480d72e2c49eda9b71209418decad92c770b5024a5,94c9d6e57ec38accb965b675945e5df17f8e44546377dd4e2e3c5f9463241b70
trackside-maintenance/0072,trackside-maintenance,train,1607672,27354,9059,444875,1616731,1635026,0.9778521183515451,0.9832699908136018,0.9943967178213321,,,,,,,,,,,,,,0.9778521183515451,,0.0,,,0.9243464385001849,,,190287f82f43182bf0e583f603971ce568382ea6cb8bd6655a8483c3dd9de73a,ed7b67bd4cb17da870d4d1c71e483046760415f5abff5f935a882ce1e78f4a58,d8fd0f10062c909ed435a616e0ade69fc55837ff361c0e08df625e2602f1ae92
trackside-maintenance/0073,trackside-maintenance,train,1540041,10362,24261,514296,1564302,1550403,0.9780124521802747,0.9933165763998135,0.9844908463966676,,,,,,,,,,0.8867253532952455,,,,0.9780124521802747,,0.5788921138763663,,,0.9360296976766793,0.596698766152626,,5652f16f45d364803ae0cb7862cfd6866fbbefdeeefdf76929de1dbf58fe7814,776ab1d9d39e30450e3cb98591c31188fa38dda21975a58e3b3269ad48adbff8,05a72f68447b1eaf38fe1052b29be1d4f9247d7d7bf0af0a6a25e75e39d07ce0
trackside-maintenance/0074,trackside-maintenance,train,1329642,50104,16649,692565,1346291,1379746,0.9521961909058684,0.9636860697548679,0.987633431405246,,,,,,,,,,0.914260261342815,,,,0.9521961909058684,,0.7488782858018341,,,0.9203026429861323,0.6551762251481783,,093b845a2d8a639e83ffa1ecf5fde92d921664c2417e66a25b10d3dca8f6d55f,f7283dc707378e69d703aef147373bdcd064cb957f41e1765d75f9806d2293a0,7fefd7104e6fd4b99addde62b39c037616a5df823193018b256e5fed3766fffa
trackside-maintenance/0075,trackside-maintenance,train,1462914,10025,44964,571057,1507878,1472939,0.9637730474213438,0.993193879719391,0.9701806114287761,,,,,,,,,,0.8694366031731341,,,,0.9637730474213438,,0.0,,,0.9429861881238027,0.8901678173663257,,03904f8a2512daea1c39d2cbdedf3303eb95dcf456e4adbc73e729eb2d9aca10,718e6fd45e2e42240aee648e4e87a0092a7553e48a752f65433e382eadbfffee,0369c47a39c3c8822755726146f216a926ee25e87becd4ecf59cbdc7e588cc1b
trackside-maintenance/0076,trackside-maintenance,train,1615644,10222,4606,458488,1620250,1625866,0.9909057009258668,0.9937128890080732,0.9971572288227125,,,,,,,,,,0.969901555482854,,,,0.9909057009258668,,,,,0.9681840719665668,,,2c8539da08f1b6584a3d127fd3a5f5050bdc5350404f6d4739a5e44dc6d6e78b,b0a5d9f1ca8e3700479bb3fd590e0e31fd80eb007671997450e69cea9e96069c,76cf24e43fc507a2d6978d832aa9218be4d2263edeffc0f55c5ae6971e0ef8e0
trackside-maintenance/0077,trackside-maintenance,train,1251257,18008,25270,794425,1276527,1269265,0.9665686906881622,0.9858122614268888,0.9802041006574871,,,,,,,,,,,,,,0.9665686906881622,,0.9511888111888112,,,0.940608462036937,0.9473047580709462,,845a1cf210437b2039d48232df6099976b3cbf2a66266f2948cd84e0e8dd1a89,db1147ad0f9aa22d2101b8b087ce2dcca15710e76e651244fdb30f75aeb1348f,3a47395d6fa750ea0342c05c4722db92302cba49b6b1a46c6b09380dc2fd74b7
trackside-maintenance/0078,trackside-maintenance,train,1284966,9744,11766,782484,1296732,1294710,0.983535862886115,0.9924739903144334,0.9909264211880326,,,,,,,,,,,,,,0.983535862886115,,0.8959149712813356,,,0.9554828797190518,0.9762146472590009,,9072ecd1d6bd9a6ade7bbf9d4ebfe4912556baadda2bae4e1a66249b89915dc1,5ee5a7b2559e29f59042063b25e69d22cc7635dcfb1ccedb12ca183a2172add3,9d533030debac68ca4531e5cc6c77f4706ba6d3bfc5b1cd3b617317cc5f07149
trackside-maintenance/0079,trackside-maintenance,train,1274505,8467,42145,763843,1316650,1282972,0.9618056367852801,0.9934004795116339,0.9679907340599249,,,,,,,,,,,,,,0.9618056367852801,,0.9623236221168292,,,0.9574509740895397,0.9150760970948882,,7245d072113222a13b028579251a425ef833a8850f977f01ffb13f42c5569754,196f7161bb9ef2af0e3ea14b4f939200a99ce0ea7a60d5039b4f22522718c58a,cfb15fbecc4999bf523111c61a05f8719069ce107de571ec833538924c49face
trackside-maintenance/0080,trackside-maintenance,train,1175463,25943,22212,865342,1197675,1201406,0.9606453975015078,0.9784061341461587,0.9814540672553071,,,,,,,,,,,,,,0.9606453975015078,,0.965306940722139,,,0.9389920841423439,0.936712562876045,,045d4791802edd4766cb20165f7f89e48500708e9eacc4fb3176b9cd89733d49,72915e72ba77b4a35ec44c0cd9aadfe5a489e09dcf8bf4df59f3ca3ef7ac9e26,46a4ff216ac7dcf63c0f9e6fd92f796fd58dc1a427a1953928c9085bdc6629ea
trackside-maintenance/0081,trackside-maintenance,train,1344468,13602,42417,688473,1386885,1358070,0.960000342737919,0.9899843159778214,0.9694156328751122,,,,,,,,,,,,,,0.960000342737919,,0.9426716397292444,,,0.9410321219111187,0.9106470301179944,,eaf74d01f4f349885d90aff52c367596e2cba944e49a7b0feffd851b79a71ea1,e7d19f949be6c72d26980869fabb339acd375a65015bcc000bb7ea609efc0558,51429debf528807fc251c19f683b3df54e4aec32a2818c4c37cc211c8b7e8498
trackside-maintenance/0082,trackside-maintenance,train,399946,8161,242749,1438104,642695,408107,0.6144922993719041,0.9800027933850681,0.6222951788951213,,,0.7551779148500131,,,,,,,,,,,0.6144922993719041,,,,,0.9295588025639377,0.3820535377654895,,65b79e130b09b882fa33f7676d2436a802b097d73fc606fa0428a40aa7592ed5,a63aebc4038689fc219bba17b9c67904c70eae12e7833a0e436e0aa12bdbfcaa,2225a45b2bd48ab626296f65314324f2b0e10c99e28cc096b59ad94a946890f5
trackside-maintenance/0083,trackside-maintenance,train,1572128,7797,25346,483689,1597474,1579925,0.9793536418461432,0.9950649556149818,0.984133701080581,,,,,,,,,,0.0,,,,0.9793536418461432,,,,,0.9434034526123243,0.9202175775329631,,f93539c0825969b6f96f386dbaa98f06caadbcb1d80a39102a077ace90560d5e,eacd1a0cdf15d5e49563452c6d7003c31113591a4df0d81eaf61105edab0d64b,663e0b1cf07f57567a450748c0e3ce97d54a65f25682015781a0da25cc438f57
trackside-maintenance/0084,trackside-maintenance,train,1295109,4005,104640,685206,1399749,1299114,0.9226039605229976,0.996917129674532,0.9252437401276943,,,,,,,,,,,,,,0.9226039605229976,,,,,0.9628671057729562,0.8150988052285484,,78b655ec93b0e9575d9bf363a03233ad6e48a40c1e428e86125f919cccf38ced,ac028f7bcbe7ad92f61055bc538a75e3ad911ea17ef8513a38a275c9758c465e,992822679d088575b9dc7fe62b66f32bf2d0c4f53d447678d9d49b5b2b1803ed
trackside-maintenance/0085,trackside-maintenance,train,1311125,11656,15077,751102,1326202,1322781,0.9800180587177414,0.9911882617001605,0.9886314452851074,,,,0.0,,,,,,,,,,0.9800180587177414,,0.7619783616692427,,,0.9539757677256182,0.9708468732170764,,1fe7cf2ae2eef9be85f098226cc6e927e226f7e34a356079eaf30f81a5517c08,a964b223ce70c0ddfcfc63a7116d136b72dbabc8a5bfb3c71b4a8784a89ebc9f,1c26752402f37d8eaf40b6871c164cea148969676b20c68f9d57604cd0e2cc3b
trackside-maintenance/0086,trackside-maintenance,train,842633,14284,11734,1220309,854367,856917,0.9700478097647962,0.9833309410362964,0.986265855305741,,,0.5502398229000123,0.09028960817717206,,0.8407721916962948,,,,,,0.0,,0.9700478097647962,,0.9659561144443222,,,0.945402017432181,0.9626413854601774,,9db552632140a4fe745fdf61a0d0fa31fc4952af06addd32095a7c1372bb9d8a,48e0f42fd5470fdf74ebb3d8b15d9098a05ee9adf3541431ac1b7a9fa0e062d9,d1d3ca2cb66feef66240610eb7abcdb88ec1ffab2b7e2fcdc534153c9701420e
trackside-maintenance/0087,trackside-maintenance,train,998838,10625,25467,1053152,1024305,1009463,0.965126143797165,0.9894746018427619,0.9751372882100546,,,0.7018633540372671,0.24455611390284757,,0.7530145969959805,,,,,,,,0.965126143797165,,0.96677208316319,,,0.9370982920951902,0.9540173832757087,,95207ac84f3acc3ff5c55764aa554bffc9f0a32f4cab08eaf951e2fe43877d51,587b26c9e34a988459b083e4db74f236062e3ecce661eb481c45f1084fd9f4af,9fc29655e19beb54513dbee27e6f25e7ad671bc0cb3a2f108f6751eb98611404
trackside-maintenance/0088,trackside-maintenance,train,1025928,11340,30473,1021219,1056401,1037268,0.9608397542100565,0.989067434838441,0.9711539462760826,,,,,,,,,,,,,,0.9608397542100565,,0.9739187008796127,,,0.9265717409963669,0.9513555251730269,,d725e1c7a0e34cdd9a85ca766c2f77aae4456153fa89c7ec4ed4903841bcc25a,d8588ac0e324f990fbff92d6ef4ea35638073f169b1c3a29eb0f763ca8158eea,6c44eb8bffd6abda776e4f100bfd8cb2a57cda4d76c9145ee2ddd1577befaa63
trackside-maintenance/0089,trackside-maintenance,train,1329928,10327,24015,724690,1353943,1340255,0.9748275634588461,0.992294749879687,0.9822629165334139,,,,,,,,,,,,,,0.9748275634588461,,0.749597423510467,,,0.9574432647523757,0.9518559980181498,,0055dcf9f3b23337c4d0b8675c5c94dc530eabdf296e211580d8631bfde63237,3fa143f99bf6e20e136865aa3ed2add68b848b13c63f491d183a418d2b345cb3,0a687850da12f215e6bfbd5c2d970881a1022cc7ad236fa92908ae633befbb76
trackside-maintenance/0090,trackside-maintenance,train,817171,10059,11770,1249946,828941,827230,0.9739821215733016,0.9878401411941057,0.985801160758124,,,0.6158042651677963,0.0,,0.8778372346630824,,,,,,,,0.9739821215733016,,0.974993444479026,,,0.9652052997507543,0.9636207842812267,,0a5483a0127931090560f2cb06532b9de62ff8978b5d2d75fc73f10c9e628fb9,bdacebbf7725f3ad965f05b99232ec789fc6dd5801ffb98aa2a88920ad1db2bc,1b7d8f70f1676ceb97644cf6b6289a828d38b9e279de019c60df646f54fbcd46
trackside-maintenance/0091,trackside-maintenance,train,996906,8973,17252,1065625,1014158,1005879,0.9743678961931561,0.9910794439490237,0.9829888439473928,,,0.3921015514809591,0.0,,,,,,,,,,0.9743678961931561,,0.9621054020059074,,,0.9568708953362707,0.964611462474541,,140a0439c3c000cca0ab1e8fd90ed6598c8fdb0c15a7ebf645bf70366d6dd90b,fd9fcc64d607952b1ca4b32b253c900c3b6c42ae47ad9a118acf78aa6132ac62,c13579d7042d7bbf6614da5ddd6a6dc641143c4a07bbac8c28af6bb7e0e917a0
trackside-maintenance/0092,trackside-maintenance,train,1288970,3641,23632,772717,1312602,1292611,0.9792796618861411,0.9971832206286346,0.9819960658295508,,,,,,,,,,,,,,0.9792796618861411,,,,,0.950539613871183,0.9716391656155344,,b46f2ac36452a0a15ac8e7c69746492ff0b596b959f253d1612c3db9998b2895,ca30dbb08d9fb0e4fe8996fe88911e453cc3bca799282014ced559432b824f51,a7617e382648ff2798399dfe0f2f6928a261f9a93f744bf9523dd81f4a27f89f
trackside-maintenance/0093,trackside-maintenance,train,881229,12525,12593,1182182,893822,893754,0.972286552501415,0.9859860767056707,0.9859110650666464,,,0.6251273344651952,0.0,,0.7027904738994467,,,,,,,,0.972286552501415,,0.9801367700583179,,,0.939911394768557,0.9701639387083714,,6259e3456d036d7371c800562ffea682d470ccccfc442c166f67ae5f354b645f,84941b6b7aa17a3e2407d6f073b2b43d7c36ff43014f7ec679d58cf5431ed076,bb96e8b26dbf1a5e0a20663c755dc4b8eacf5010953630f2107c48d494f1d259
trackside-maintenance/0094,trackside-maintenance,train,1017380,4693,20132,1045618,1037512,1022073,0.9761803100157839,0.9954083514582618,0.9805958870837157,,,,,,,,,,,,,,0.9761803100157839,,0.9651065453042713,,,0.964971316725076,0.9645267756175477,,e0ed8f532604e6e6555ff2fed40abf4191312f80d30033f9f5891f116ab17ef9,7e4ff407e211370343392cbcdbff2b1388d8e1979cda20ce09bf6f00dd9def79,ae8bd9ea704a3a2de415e01d56c7d008cc1f9a742f26270a2278aba3a693ec4a
trackside-maintenance/0095,trackside-maintenance,train,798562,8568,27717,1254113,826279,807130,0.9565369462907575,0.9893846096663487,0.9664556402861503,,,0.5433400267737617,0.0030978934324659233,,0.9321807142122054,,,,,,,,0.9565369462907575,,0.9781322418383595,,,0.9551571301935889,0.9392123120563685,,2c0673f9062a1f999a14ea9f32f3a730731ead900fcdf51751a187ad746dfc7b,e2149e1bb2a9cbc2acdbaf0b9ef76ebcda214853f1f5097dab8ec69174e4aad8,9bcb845806b1940a353eea8800bc67e1adf254718c8a985a9360019bce1d2be2
trackside-maintenance/0096,trackside-maintenance,train,395980,15131,11191,1666251,407171,411111,0.9376701981046739,0.9631948549175283,0.9725152331575677,,,0.709489993544222,0.0,,0.9550862424518026,,,,,,,,0.9376701981046739,,0.9886735653809972,0.966262392082908,,0.892421840012588,0.9478957915831663,,4c21278ae3f78bf40f512492d07dff5fe47bcd04749b1b5bbb976b5f139f1b63,0bdeb500a31ea967c4b9b29ff432f98229b20b9b969b3a7a8efa595fe61979ce,50639eeb8cc88f26300138d656aa9f3a49e9cf6468697d66fa24cfdc87b01c22
trackside-maintenance/0097,trackside-maintenance,train,1546742,17230,12053,272992,1558795,1563972,0.9814197109817421,0.9889831787269849,0.9922677452776022,,,0.0,0.0,,,,,,,,,,0.9814197109817421,,0.8598014888337469,,,0.9037908014358079,0.0,,069e56fc048051d80ef3d6c175598cb6a1df2596f82c85bd8075f4b88100565a,4dafdc7299c42b3fd729bc5fad69b105505ba91c31b992ed39c8524ab26e9327,717f1723048c4c4159514e8a47d04bdb1ab3736a9305810bbe80059aeb40ab33
trackside-maintenance/0098,trackside-maintenance,train,1732946,24718,3960,327336,1736906,1757664,0.9837207031693482,0.9859370164035902,0.9977200838732782,,,,,,,,,,0.0,,,,0.9837207031693482,,0.0,,,0.9197208267305034,,,fc04d89f6819407752a53d790ea973fc002344aa19eadc04b345225545c7ce53,50b458614c96f982cdd8a232cc68c34b8a13e26c9ea30e839f0bb3d3f75ed0bb,df02cab5136edbf62f6315880055c4ba7e10d04b5a66f9df38657fd2bb33c653
trackside-maintenance/0099,trackside-maintenance,train,1282257,34686,22629,749388,1304886,1316943,0.9572139459469143,0.9736617302343381,0.9826582552039028,,,0.0,0.0012953367875647669,,0.9395082662144977,,,,,,,,0.9572139459469143,,0.9862483300238365,,,0.9308851779810547,0.6078912273709705,,34c0bbfd58571e1b86214468e7824979e09367e8aa452150512daa459ff8c186,0553959daf6ce869735cd945b60890b3ab439a1579cbc8fe572569200304aa26,9bc1f0140264749b0fd1dcdc0bec10f20d7524ff7cffab8aa4e787f4c5ed9db4
trackside-maintenance/0100,trackside-maintenance,train,1110604,10696,27134,351087,1137738,1121300,0.9670594914466134,0.9904610719700347,0.9761509240264454,,,0.8733018068501763,,,,,,,0.0,,,,0.9670594914466134,,0.0,,,0.848641641174932,0.8869602005835837,,295de469c85a2cbd063ed52a760230d5847fd6ca3ec792d4228e881a1fc88163,f5b03baa6b4d5ea3f09082ebe6520174de0c27be86a86a96401a87b00c959c4c,bb311109f847e8a8bcb181d1f95d8eb8c1ec4af1bd9838e626974112b961880e
trackside-maintenance/0101,trackside-maintenance,train,399475,9988,35478,221059,434953,409463,0.8978156654477785,0.9756070756087851,0.918432566277276,,,0.28767861957400914,,,,,,,,,,,0.8978156654477785,,0.934313275149288,,,0.9161791167549226,0.7876162877468783,,f18cd13f8be6e6da511d8cc5f6ff2f0e8e5ffa3cdc730d55f0752e075e4be9a7,2053724e9bccf33b2605685548994cd45b4e42ce9eed6263ab94fd76ac8b7402,104c320b3d217bfc5cc4b907528e749dd75018b65ff0dfb53c1ce949b697e5a0
trackside-maintenance/0102,trackside-maintenance,train,336665,9544,64531,1088517,401196,346209,0.819654769440522,0.9724328368124456,0.8391534312405906,,,0.8254866863700066,0.13717605004468275,,,,0.0,,,0.9727545964252774,,,0.819654769440522,,0.9041545990212724,,0.8110106421662505,0.8736563447002682,0.755842836174777,,d32849c8bde9dd413c6d0ab82ca84e62323fed3319cfb99825a11f91ac7baef3,16725b66e3177e4058bec98d44bcd85e2a17929f45e24c0a9596f58d4fc0420f,15ac3d0b4d1f78cee895f23ba4213fcede7106abecc1d68243e9a66af537806d
trackside-maintenance/0103,trackside-maintenance,train,566900,28987,217287,1275786,784187,595887,0.6971447685243257,0.9513548709738592,0.7229143048788108,,,0.7767603977754713,,,,,,,,,,,0.6971447685243257,,,0.0,,0.9641019378403433,0.7126322392468352,,bcd725f20e45aba176964b9c6318633c2f7a70f7664784eb0dfc98abf0940141,832b0e6356d68f26976e3d7922d3b08c241fb1ce86ad33ae4f971af5515c330f,c629b8d56f1d5874ce55b4374553dd67f4068223ca325142de9bf32114cc51a4
trackside-maintenance/0104,trackside-maintenance,train,126218,1377,7885,286921,134103,127595,0.931635665780927,0.98920804106744,0.9412019119631925,,,,,,,,,,,,,,0.931635665780927,,0.9922434918492737,,,0.9543709162976497,0.9194050313370473,,8af545cd5a93e866ceeaf9e8b89657bd1753fb543ecfc98e2121144440cb5e5b,38d8338d1cf13856f69f9d6bf5678bbe6767d870b9c6d44089b654888be7a538,4a401a6f25f21bf32d923302ba575cf90d9679ba85ec36d2e0616bae5a860123
trackside-maintenance/0105,trackside-maintenance,train,196166,11189,10612,568465,206778,207355,0.899980272243046,0.9460394010272238,0.9486792598825794,,,0.6064932782708022,0.9349313011165178,,,,,0.9436872793265473,,,,,0.899980272243046,,0.0,,,0.9264651890784719,0.8993159617560437,,d1ad562afeae01ddb70bc66ae877af92f08918967c215ffefec2257c3ad76fa6,c81174649f12ca8f38a2a5768fc715389902ca51ae6140ec8217629ad50b6eb2,ff5ce252260ab6c0bf88dae19173b98c1d61a63952c79dd5ed7401c617ad94b7
vegetation-worksite/0262,vegetation-worksite,train,0,0,0,2073600,0,0,,,,,0.9525807455065515,0.8715319547077581,0.6728208571108873,,,0.0,0.0,,0.3820830750154991,,0.12801123474127687,,,0.0,0.9691626623281264,0.9934370369028971,,0.5741592063876119,0.916757498687982,,54396730a7d632e6ac164891ed59aa4b248397c4bff8ad0524ee051361535740,ecc4df5204120b6d832dfe643f5cf2ece2d746710ad731c9c0b70f45d3c1a90e,33eb471f9de95ed5bab6f581d4a7e20d73d12146226f27788a407e9845324d1a
