key,group,split,tp,fp,fn,tn,support,predicted_pixels,iou,precision,recall,iou:person,iou:truck,iou:rail-track,iou:vegetation-overgrowth,iou:car,iou:on-rails,iou:traffic-sign,iou:road,iou:sidewalk,iou:construction,iou:tram-track,iou:pole,iou:traffic-light,iou:mud-pumping,iou:fence,iou:terrain,iou:sky,iou:rail-embedded,iou:rail-raised,iou:trackbed,iou:standing-water,image_sha256,mask_decoded_sha256,prediction_sha256
flooded-road-crossing/0272,flooded-road-crossing,train,0,0,0,2073600,0,0,,,,,,,0.0,0.9647006586250277,,,0.8324597926361336,0.0,0.8827711116142178,,0.391264367816092,,,,0.9393133510627661,0.9798926878940978,,0.0,0.0,0.9530978575564563,1a64c22d40183eaa53211aeb2ab21c5cbf2a328ca7b2d6716a58fff64bb7291d,2ae0b928ea09fecae228600e65afc5ccf5aeab55c6186e155c041878168d2b7b,9f0e93e9cb1c2d08a77578d12850cd422a0ce1781d9aa3219c2498873dc6d596
flooded-road-crossing/0273,flooded-road-crossing,train,0,0,0,2073600,0,0,,,,,,,0.0,,,,,0.0,0.94811593321371,,,,,0.0,0.9480953171044053,,,,0.0,0.9930055913800134,4f42631f3a3bf1174b11d6978aa00479044e989be0e1722cf53a2a7d698ca4da,d71932fbc886eb13c90b1ecf925dd2ed196974dc2b78b22dae98b2b052263ceb,bd6751e8a6a8287271761ff8e85e094a2a175c0b28a3c2a6f6e658603d82a083
flooded-road-crossing/0274,flooded-road-crossing,train,0,0,0,2073600,0,0,,,,,,,0.0,0.0,,0.0,0.7905760979851009,0.0,0.0,,,,,0.0,0.8306236162060148,,,,0.0,0.973367078861276,5eac815d6dcafeaed42ca25116f35fe30e4598159ae3b155d664bf6b7378427a,92f986c0cf867798fb963a56a3cc9a99da42fa01c35481b1810a31fc272e5aab,96dbe1a5826bc4f08b6d0efefc3141507c9ad88e4f0d4616b5b166e5e0225ca4
flooded-station-platform/0298,flooded-station-platform,train,0,0,0,2073600,0,0,,,,0.932293703558858,,0.8713587514925994,,,0.979975839220998,,,0.9844185261940335,0.9818977540115904,,,,,,,,,0.9077900560051486,0.0,0.9405013054830287,f0194c9f5092ef4a9f5211064d986408ef94a7c44752b254cf2a6cb67600d64a,9c2a8282ac3b685c1b4f7d0eada263e2c6deb4d18423159e43b764c65f2afc9f,e0b6c24c9f98fb02b0a6259ecbaa5be6168f3c44494d2bb49aa431b4300525f1
flooded-station-platform/0299,flooded-station-platform,train,0,0,0,2073600,0,0,,,,,,0.9204251527794677,,,,,,0.9986394905006084,0.9825070728903512,,,,,,,,,0.9543825445092704,,0.963469707131679,2e8151e2e6b02fcc2163c50aa86d9e5e0134c8e81d7ed74c33832a121b91dcaf,ac007d07fbb9218cd6a46518c8161c36b300c81f837d4ca78ee881cc5c1285ad,e3b445f8505333421c30796c3849d6622043a56f47e3f43cdd99da7bfbf7a2de
flooded-station-platform/0300,flooded-station-platform,train,0,2,0,1958518,0,2,0.0,0.0,,,,0.9373045224998592,,,,,,0.0,0.9262970769233321,,,,0.0,,,,,0.9268036628307071,,0.9665339616770232,aa5009748eb469829d461d7b4e9a1e63aced662acde1baab34479670671c9cfc,71b71d95fce3df9c264c4586d0b956bfa611ac012f0c0847d66c466d4e709978,79954aa892e07b95f4e8a475cc55fd26829b03b1fa2e2b8a5869e8218a8f48bc
flooded-station-platform/0301,flooded-station-platform,train,0,22,0,2073578,0,22,0.0,0.0,,,,0.9801928662025244,,,,,,,0.945778140905314,,,,0.0,,0.0,,,0.9683976995409321,0.0,0.9907806688209672,b6bfd2eb1a154fe26098279bca8d8165e5aa045fad56b687663d941cba56bfda,7894d14854f9ccbb4158b0466157085afe2d2c32ff1bb92ff09db44e499d08ca,bb3553a56bc3e291c8ef905d66efdb53957e6f7267eeffd6c69f13b417f9abae
flooded-station-platform/0302,flooded-station-platform,train,0,25,0,2073575,0,25,0.0,0.0,,,,0.9728441698146248,,,,,,0.05941857286065798,0.9960352666636368,,,,0.0,,,,,0.9559101052646686,,0.9683605202970247,0758d8245392d38d69bb520d6aa46dd39d38ccdfa9c8011ae15e78d2a3d0dfae,00ea88ab0410bcf15bd3202f7dbdea2d25333ff4bec6c06d01c990410360a826,4503279a93c5f873f68cef80e28aede29d3f55f3449a423a08e3a8f845749111
flooded-station-platform/0303,flooded-station-platform,train,0,0,0,2073600,0,0,,,,,,0.9263387978142077,0.1946805593638607,,0.8329252652442579,0.28617191671115855,0.0,0.9771227922328733,0.8822986054877131,,0.5284284614538656,0.6903353057199211,,0.3742055325890987,0.7967219953453651,0.6867125600727367,0.0,0.8431183572939255,0.8670091934363141,0.9215354154321969,e62cac97ea08c225e113869af1e24539312d59ae8b1ea981d8625c7d8c85968b,e39d3cc9f2e733f410aab08b883c5b815fc0b7cec4923951527119e1188c966a,3584b4e08c9f594670bf4a75df0b1e7ffc37e8e6429fbbc0b4caa871f1dca994
flooded-station-platform/0304,flooded-station-platform,train,0,0,0,2073600,0,0,,,,,,0.9285503888928693,,,,0.0,,0.0,0.9938891491658689,,0.0,,,0.0,,,,0.94281145097519,0.0,0.9698688351304002,c9797d293e9f42ce5aacd15adf5adeae5aabd49c586206b065f6f9ae8218987a,fdcfa33e5312540d1fe6a49626ab748f10be173352f093e26fb20c90e293784a,a69512b4fed3931e14be52da315b0b5e3ab2f4ed14db0fd2ddc1559ce25e750c
flooded-station-platform/0305,flooded-station-platform,train,0,2254,0,2071346,0,2254,0.0,0.0,,,,0.9636438034491196,,,,,,0.9832860322876797,0.994539579308677,,,,0.0,0.0,,,,0.9726090863143707,,0.9796182987562918,10d64186056082ebd4e47902c4c0de8902ac70f0ef5c2e64b7a35ce344eeda23,e7d2de4d96aec0a8b3246ae5cbcc210d76914bab2c93070d8a83137bb7c9c701,474142c77b033c1f652e887a90e5f3c5d6e9c4ff164ec7f2a63141766fd5d4dd
flooded-stone-bridge/0270,flooded-stone-bridge,train,0,0,0,589824,0,0,,,,,,0.0,0.07276450315082124,,,,,,,,,,,0.0,0.0,0.7935684647302904,,0.8545221324074177,0.5634218289085545,0.9513927954519884,d8aff7595858cbf04c9e2b85dc09bc865c9a2ad58b92c41e823fb4a084f4bada,fd6955216cc66b2eee2cfcf1242e63211c7bcc1bf86fb2ab9d8a15726ce917af,16e9ec6a8351970be7db3a00543ef809a9ab832e77ce1305ba98a3fc7ccab6a0
flooded-stone-bridge/0271,flooded-stone-bridge,train,0,0,0,698368,0,0,,,,,,,,,,,,0.0,0.8751329617495639,,0.8065992292870906,,,,0.7533586758907279,0.9668012348610782,,0.7356550109936875,,0.9655538102110627,f5180763e414fb42a131798a9a989ba50a68fa194643d48809aba9a9130498ed,2368f3e5da46a76defb9ae32ea5cfde760f7cd9dad6b26b038b2df07dbeee742,549fb08d312984f7f6bd85e7e18aa8757c627027a83864960b9cf499914e04bd
flooded-stone-bridge/0310,flooded-stone-bridge,train,0,4914,0,916308,0,4914,0.0,0.0,,,,0.5232505457391161,,0.8290190735694822,,0.7761027359017308,0.816484733428255,,0.8997527089195175,,0.46817068265750117,0.0038022813688212928,0.0,0.8530520351116845,0.9358919129244516,0.926747970667817,,0.7919332104521305,0.8266999635814994,0.805006192816333,244d2e5e9d27aab38bd91e338efee542e9ef1b32b81f5b1d04e493988fd9fb15,e7400d491f361454e85ea2bdd892beb8058b0cd329a928274504f090705578d3,fc698c81bc7b8725709a53338d667c2f9d29950437369e3c98bae71bc7d6b0cd
flooded-stone-bridge/0311,flooded-stone-bridge,train,0,40,0,921560,0,40,0.0,0.0,,,,0.0411639460610362,0.0,0.0,,0.0,0.0,0.0,0.9637961226414117,,0.41408934707903783,0.501123595505618,0.0,0.6357799320156112,0.8769412502379326,0.9129337770139321,,0.6710400582444751,0.3618328298086606,0.9104765223079849,3ec9872d416c77c2223a85177374f753b9fa22546177d378a402366f3a00fac8,1f576c93da65df63c0f97c19e0f4a5a88fa854a978139bb0b399a9b0722ff0ce,9aa8a34734bdc0496dc18a366edc24f7e5a521669cab4c6cfe28b61c165aed0d
green-roadside-cab-view/0174,green-roadside-cab-view,train,0,0,0,2066880,0,0,,,,,,0.9697525644911699,,,,,0.9732091990163485,,0.8344923504867872,,0.7252240871082235,,,0.8167349891487823,0.9621663595102904,0.9851007633007334,,0.823223341895541,0.9106880909932071,,ac8756b81048f48af6d2c3fee710b8b43f34a4e658cde8c09bb9f690902790e5,1d89a374fa0d7ed2a6e6429295a1bbd6e07539abb712f5298181462289d6c8e5,156eaeb90eabfc3cbba0f0c80f2c32ac25bc241ebd94816c4d18439b06710bfd
green-roadside-cab-view/0200,green-roadside-cab-view,train,0,0,0,2068190,0,0,,,,,,0.3262332416954724,0.32219827586206895,,,0.832109129066107,0.8116906847880841,0.0,,0.9437577255871447,0.7555768103421678,0.0,,,0.9722587463239514,0.9848464277679078,0.7868085106382978,0.6592586775561489,0.0,,647d89550b9094d69144e9eb687405a9b548e981193dfb8682ee2e38bdb37aa6,f46c80584a147ea51bb34d9112360631c5f11d0019df6dd603d23b6e150c5218,5155112aedca6784cb3ac5cb82e301f59ac5fcb1976e7a7b8168556337b2803b
green-roadside-cab-view/0201,green-roadside-cab-view,train,0,0,0,1982593,0,0,,,,,,0.9528203550862083,0.0,,,,0.03595206391478029,0.0,,0.9019674741271466,0.7385813512944643,,,0.0,0.9712253903413146,0.9821420054372884,0.7346625766871165,0.7670915411355735,0.7688234873238093,,cec5a4a2267098df2b64c119ce4e99aacc9014722b05125b92bd8da623cddee4,55581854220617568ef435d0ce1a25842c7ab9554e57da4b56132ea6a7b2c5f0,79f01853855f447b0e65ae93d0873fa46d432594753e994ffde5015992856a65
green-roadside-cab-view/0202,green-roadside-cab-view,train,0,0,0,2067734,0,0,,,,,,0.9019954608423969,0.458502024291498,,,0.19029126213592232,0.8628933949782212,0.5207803223070399,0.8922827262892175,0.958612250773771,0.6793207662035528,0.0,,0.6457957053983544,0.9313998042276084,0.9790049889135255,0.8073789252036986,0.5164186762442278,0.8942134637409784,,318bdc8615a85a559ef35aac3c3b7f2506709bbb305ce03e4e8ea37ade4d7da2,0f3fd0d5280d3287ce8cec97acdffe99355f4a4f1aa7868d9c5c404b03adc696,dbf50a085769d4299e5d59e0aab2b6edce0ed028eec498cca1174f5fc4e857e0
green-roadside-cab-view/0203,green-roadside-cab-view,train,0,0,0,2067867,0,0,,,,,0.9721973557361245,0.9588679745493107,,0.8850356294536817,,0.7422480620155039,0.8939663785239564,,0.7047961271647453,,0.3677358490566038,,,0.9245785108903672,0.9730820526307279,0.9884569193027858,,0.6397392744563766,0.8766316183248941,,18638926136c9e885bad8a5394a86973d90d5ed5638573e5985654dec64db548,e71b82e1e191ebb38f5c61ef1b0d128e6e5a11962065312506493cb014a6a361,75e0d14537a2696e0da67ef25dc67b28e3bae2b83507ca4caf8497c835016b0e
green-roadside-cab-view/0204,green-roadside-cab-view,train,0,0,0,2067867,0,0,,,,,0.9455153422501967,0.9530110425418371,,,,,0.7835556099351524,0.0,0.6690647482014388,,0.0,,,0.8630895190231004,0.9668992121061661,0.9919064206769019,,0.7165677772706527,0.9171401396641053,,cb34ab4d9a1966c9d974500a92359ca204a93a0c8283bcc59a5f16456005f1dc,f8a201f8055169f4e1fc3ed4547ed752839f649ac12fc2ace4db3701d27241e9,176e947b26063ac3ff838da333b7be69147cd96445209e921e033d19020e7b54
green-roadside-cab-view/0205,green-roadside-cab-view,train,0,0,0,2067867,0,0,,,,,0.9638341289217651,0.9757081320976374,,,,0.7530864197530864,0.8233446227850587,,0.8018604651162791,,0.287801401591638,,,0.0,0.9833120346848921,0.9863460070396196,,0.7552228100062763,0.9570254757560827,,84c3ad934ba556452a390cf9a7615f786d7bada1f0ce3bec466c1ccd2a89b441,54f8b882502e1aba4a8f31dfe42009d9359e4354cbb6ad2a4af730894c4a64a2,734c02c4aa9c637682a90ed3d61e5e8fc51989aa093b61d5f645dc816ea885b4
green-roadside-cab-view/0206,green-roadside-cab-view,train,0,0,0,2073600,0,0,,,,,0.9588373637008113,0.9672846654026748,,0.494949494949495,,0.0,0.9412196431114374,,0.803336339044184,,0.7590852829576121,,,0.7489155035835534,0.9758122324314982,0.9803562300799807,,0.6825737691879424,0.9408876331953255,,326099a1d7068b475af019e6dcf936e26aa1a539954a3f0fa5df1a5ff8428999,6cf8bd75df6f49b6f9d82d83a98a90658290b0098de456864106c497d525afa3,5fd1df98fe1cfd29627bfd85781936dc78addc567cc622a2fbc62b8c8a91656a
green-roadside-cab-view/0207,green-roadside-cab-view,train,0,0,0,2067867,0,0,,,,,0.9649983697424193,0.983381214330804,,0.22158273381294963,,0.7833537331701347,0.7676344852155326,,0.8768242848803269,,0.7764089929165383,,,0.5600903053284527,0.9596076058010008,0.9898607681856034,,0.8277021050769503,0.9547406968900147,,0a69c574d773bd2b02269bec42203fa65c198e4f1f50743335704b45db4b879d,12929b2c41df570afd935b15f8686b36c15ffe4535cbf298828b651dc6b7f72e,eadcb8c60a3412c298b603bd343647553be02ecab80c87c743673ad60fc7e7c2
green-roadside-cab-view/0208,green-roadside-cab-view,train,0,0,0,2067867,0,0,,,,,0.9502544397133659,0.9651635837008755,,0.0,,,0.06347230864965775,,,,0.6948014578937273,,,0.0,0.984539015441364,0.9838453126553335,,0.7545938275984392,0.9501554307365949,,3b8efe8aa3a6e136add1665ab904a06b78b874796e0c18912f3ee9f3ff74d366,dae9e0177528e83bb9056a8fb457e3d484018332b434fe9195634f6a0f23d72c,e0f7be9b47e2807219cc254e111ccf0bc4e5f72f9e3c75adea86b39e4c80b10b
green-roadside-cab-view/0209,green-roadside-cab-view,train,0,0,0,2067867,0,0,,,,,,0.811838251275629,,,0.9660211572648882,0.6213294901819492,,0.0,,,0.6382903793821034,0.5122685185185185,,0.8849285714285714,0.9518913961012909,0.9735952423860155,,0.3524572418272353,0.8165107896314777,,ee956750d1fd8c7676cd76b8db71bf93b9cbcedf8b4aaf4e538041ef501ade04,e9baf13f1df68cf0182ca0ed2887e288cb340e796f1b398ed5a32febcb242750,d27c81fe1eabf339e0c957a8b6d572785122f72506641f9dbe9a774d2f134aac
green-roadside-cab-view/0210,green-roadside-cab-view,train,0,0,0,2073600,0,0,,,,,0.9413562187113972,0.8706824197817806,,0.9160731993148833,,0.0548729571752356,0.950308070128108,0.8676260977516208,0.8101182654402103,0.9790221316511081,0.6737115469881553,0.6795655125594026,,0.5685270523980201,0.8989676490341593,0.9878914592808749,0.78486799742434,0.5563607085346216,0.7915861002154577,,7fa10db78fee89d3d4e8282d50e5cec55c3943202f620889b50503ae276b1a74,6026feb523e6c808b7f1ebc4a15de86ec7be4191ea33e7e454205851f8780c5b,5a895d44fc50d295f1c76a620e79137d84e382bbe05ea883361b525f768512d6
green-roadside-cab-view/0211,green-roadside-cab-view,train,0,0,0,2073600,0,0,,,,,0.8924059402199241,0.862366732596845,0.38210092034274834,0.8468195347811708,,0.6127888946319132,0.9136893711020346,0.5752299605781866,0.6346629015178257,0.9088309583948911,0.6402114446251663,0.47209737827715353,,0.7005852893260122,0.8683029498540192,0.9807869336155948,0.8191695770275514,0.5993211229757442,0.7956991355144767,,41f0cad9cf8e4e11e5a870a293f740a7bce70a66b0bf5b0e86c9dd1fa6396f5c,c790e550e0f15182c68acd0fa1c3df3839237fe9c736e380c9569a42ede21622,fe56508744cf1f7b42c37b6f148219e164b3f9e0e250caec4ea588dcf5d3b96b
green-roadside-cab-view/0212,green-roadside-cab-view,train,0,0,0,2053480,0,0,,,,0.8112034027526985,0.311724713740458,0.8915237134207871,0.047720564119383406,0.6255001818843215,,0.8477905073649754,0.8069280857990999,0.6667175223129148,0.743910993125924,0.775761421319797,0.601502317404507,0.8154295733489187,,0.8167231436614952,0.7326044954465374,0.9781079913372155,0.5216274935808809,0.7078810759792354,0.88130149420472,,19490f9f31865422ef3257bbecd836b58a75e1200af558b47627240cfc9e49e9,e4afe2ecf4ebd828471240e23f7446384dc2ec9d184d5b7d3aee969d13726f9e,b8a294551be8632f5bc7cf7882a2abce1620bd496671dc3c4270dfe1717750a8
green-roadside-cab-view/0213,green-roadside-cab-view,train,0,0,0,2073600,0,0,,,,,0.9508316612597746,0.9615481427321435,0.0,,,,0.9330578802393108,0.8628884079866074,0.5064205874707565,,0.6251214684182113,,,0.0,0.9395278187465966,0.9860340605377209,,0.7536260878263479,0.9265182548807757,,5229632691652545fa2f89ea5800c86d39d27545bb45654c44af717c422b95c4,4f60ce021a149db8b77724d1203b796eafcc96c75f291f1e5fb521ca6adfa064,315a01f714e7f89f3f3862bba758a82bee1904b7b5da690e7522baa54984ce16
green-water-cab-view/0263,green-water-cab-view,train,0,0,0,2073600,0,0,,,,,,0.919696820553204,0.6781141016425738,0.0,,0.7099697885196374,0.9048658697390891,0.0,0.8568837841922321,0.0,0.47345742847294037,,,0.2329246935201401,0.9644440471239394,0.9949567436112108,,0.8481301149901584,0.8676422923930659,0.7594689238833867,d38268ad352c084c45d9c129d86eed80ec34068717620fc1685f07a6cefd1468,8529f0f311585470613e21978d79fd7cd6125e1beefccb98f037b4124151b53e,3d3ffc2b69d7560e66997c121db3b14bc071403f4b10481929c56b28355dd636
green-water-cab-view/0264,green-water-cab-view,train,0,0,0,2073600,0,0,,,,,,0.9192759920761711,,,,,,,0.6780499293452661,,0.956714520881104,,,0.6180720439590258,0.9643984410411814,0.9797193389214589,,0.5954886229120084,0.9330546519444595,0.7251156307419375,7ac26e3576a11b28c401290cbed89e663ce03d2ae23dcbd062e1ece5d3ba81a1,da975b659994aec1a32dd22d6e772c441d1fe28b507d5d47bfe4db184dbe094b,574bc36afb579c5ac8d673f2f7b01f41c6b79979e7e16d6a82e03527bfc8d2cb
green-water-cab-view/0265,green-water-cab-view,train,0,0,0,2073600,0,0,,,,,,0.9585426308978043,0.0,,,,,,0.9316461772713976,,0.0,,,,0.939087363109121,0.9242782033454833,,0.8963773193991652,0.7841155984407949,0.42418510967551765,021d832dd111da4e3fd13f74b2531f5a87481b14073f6b0ac4a5a1149c442820,ee51403528cd8ec8eeea2c81f9e4b41eaae0496ac53ebbdeaf38f6f511c45009,7992778ab2253e6ec3cd1d8acd3dce6aed01e91ab74138597178b45a90545183
green-water-cab-view/0266,green-water-cab-view,train,0,0,0,2073600,0,0,,,,,,0.9526474027058627,0.8152780649162704,,,,,,,,0.0,,,,0.9857057677125143,0.9325042184863446,,0.8656371633809057,0.7723056610001651,0.9049344856425983,1b57cba93cf3601d156721ce3f759bba69f41268fe5b975191c86fbff322be98,b57e3716ffe62a58f7111bf46af37413badf80d0ecc178d2c7b52919b30064bf,1ace0d5227fa133a0daff590d9d3ebb2797d169642be318c8af90beffa22ef59
green-water-cab-view/0267,green-water-cab-view,train,0,0,0,2073600,0,0,,,,,,0.9550474476439791,,,,,,,0.0,,0.0,,,,0.9794972034455861,0.8806218675811132,,0.8657081771139962,0.8472868895501487,0.27808776956718445,9b17276ea65c583df9303ed986d88d187c963d9ed6bf0b5700396e0de25190c4,71df9d1285b9ad09eb96265be443e2d18e28a00ec69a0f759a6d3989f1f4d48a,c60c5d2baa0c1d23eb88dda92aba0cf34325621b30bed858e50fe09c25312f58
miscellaneous-flood-stills/0275,miscellaneous-flood-stills,train,0,0,0,249696,0,0,,,,,0.0,0.7277512633352049,0.0607008760951189,0.7934990439770554,0.9675094500580976,,0.0,0.0,0.8947302067574382,0.0,0.5065963060686016,,,0.0,0.830353794224278,0.9881675918836141,,0.5914437488142668,0.7645576387032723,0.7934026506553415,61c2965c3c11954382ff9e9e06c34ffa4996a9a48b46aa7f5490049b85765bca,f4155b4c85702af56db693f3f999b74f08d30680a34733c864fb141f6a3f8c60,07ada22dcad9ea525884d142c7938e8f6d081a93b7b7cdbebeef4457f99433a1
miscellaneous-flood-stills/0276,miscellaneous-flood-stills,train,0,0,0,920880,0,0,,,,0.9039244843861124,,0.0,0.0,,,,,,,,0.0,,,,0.9411444765694329,0.9772750438565903,,0.8485643765426313,,0.9463539669404808,85d7d06fc795f58f6e51ed5e91c5d5d8ab1f41194ab44f3471da41bdadf45973,b9c514a9abc72bf370a67587f1c41ec3e1c7769276c383024395b7a22ca7be38,97f477d87ef9161b671f4a63655368508ef43c410d03d7908143416328b7521e
miscellaneous-flood-stills/0313,miscellaneous-flood-stills,train,0,7370,0,2066230,0,7370,0.0,0.0,,,,0.9395677878185659,0.61438382935954,,0.9825923102163717,,,,,,,,0.0,,0.21884639828866395,,,0.9397089532759071,0.8629175167155599,0.8454570343337259,74272d0a74c881e4e18e9bf6000c065a51519bf7c05acb3c8e912f075c3b5ddf,c3e7c0a88b0198168b7659a591eafc02b94abdbacb436e871eca4779200bf186,42f3b96631f0c50515bfceafdcf85857f01c38735f672d5a4f8b347e30d11855
miscellaneous-mud-cab-view/0173,miscellaneous-mud-cab-view,train,13969,74,32328,2027123,46297,14043,0.3012443121778698,0.9947304706971445,0.30172581376763075,,,0.7710760795065114,0.7243435436496544,,,0.1953957996768982,0.0,0.0042941292941292945,0.0,,0.33428102097548645,0.0,0.3012443121778698,0.0,0.9600169672133554,0.9960399857148726,,0.5943991433984022,0.7952531246054791,,f0ca7b2f878f2a5e167e558097ca517d126cb474aa25f5b0ec0fc4d6b1e57432,b968925b81e441c3dc638759e4923b6ad0ca44e3896210a4c69b136305b9eb89,0b5faecb29ae602389c84480b4c45ebf0b18a511f2a6c264f91f7e37d0562eb0
miscellaneous-numbered-cab-views/0013,miscellaneous-numbered-cab-views,train,0,0,0,2088960,0,0,,,,,,0.9772751577371405,0.0,,,,,,0.785765636232926,,0.0,,,,0.9665999504787058,0.9786354130902962,,0.8627014144344852,0.8850791422624522,,cdc7c624979074f91663aae6c612b6f6c370af9ca88a91ba076c2bad37e6c319,5566ae6fabe4c0bdb27e7217400a18101ccd23bbecd3e8cc415f9ed41cca7115,ec502194a4e0d56b1ea84160df4213491a16f6dc4b63c0121e51be4d68064458
miscellaneous-numbered-cab-views/0014,miscellaneous-numbered-cab-views,train,0,0,0,2088928,0,0,,,,,,0.9390849245614752,0.5798198386302963,,,,,0.0,0.9265409013672685,,0.40588235294117647,,,,0.9549753569924657,0.9516777845158682,,0.8476840470953552,0.8251355857496023,,00a59e617c6d81492253ece8ef06493164bef224314ee99156bc01663f8ccd38,3ba891a877a2984212cd387b6a1eca2332a40b2a757b57c0248ffa03807c605c,a541bae496f293193286a9852f870e4a8297533f8693041ba73f950858439476
miscellaneous-numbered-cab-views/0022,miscellaneous-numbered-cab-views,train,0,0,0,1931319,0,0,,,,,,0.9361689208676777,,,0.0,,,,0.0,,0.0,,,,0.9844461149942508,0.9835635370086495,,0.6278532608695652,0.9257704730502658,,34431340589d77bf879a5d44b35f1ba4ee67944d06302e41751f49b52c7cd6bd,601f45356d35a2626927e94aad629de30fc2805b197f3f27a60dd2cd87622d80,dae0b9baf14eff58877b250ebe8a28e23298106af07d39e18dd9cf4249a1b1da
miscellaneous-numbered-cab-views/0023,miscellaneous-numbered-cab-views,train,0,0,0,2087873,0,0,,,,,,0.9295391861159051,0.6697492224058401,,,,,0.0,0.9511560537632474,,0.509046052631579,,,,0.945957700034452,0.9512874043145442,,0.8274605460369706,0.8000330934061388,,4dbdaa16ac641963e653bf5fa8dce1b9b05b89b3a3d10f8da2e3c9c38deeee7e,03b59830b108e9c2dc87a79168457ed2a8be69f44abafae8f6486184598ecb19,7e3432dccc6c5161b76bb2af66702e855b467ae32ad2689f33b02a4c89977f82
miscellaneous-numbered-cab-views/0024,miscellaneous-numbered-cab-views,train,0,0,0,2087739,0,0,,,,,,0.0,0.4647936735320343,,,,,0.8760625379477839,0.727479091995221,,0.0,,,0.0,0.9932367006977929,0.9960288818350859,,0.7855251544571933,0.6256248703099356,,35db7be7064f509351e3627b33430eabc718080e493e83ad1551491d62e1f113,e3c3c38776bc33b723f23e1afe17f11dd1b9be409c25e6ae796447766a6b56b2,dd247809787b8494c7a55c9b9eb9b5248d7e122f069a4ee3b06f854083502aab
miscellaneous-numbered-cab-views/0030,miscellaneous-numbered-cab-views,train,0,0,0,2088960,0,0,,,,,,0.7981395262562372,0.6438334447994848,,,,,,0.9160039936571328,,0.0,,,0.8868864179877222,0.9727699800101205,0.9205279476358625,,0.8673061550759392,0.7884582245257757,,a88a70e7bc9e1730883e2cfef16954b7c5a6ebee797dfe8205837e1e2f9cc290,d0384c853c39b8e3b218a40e21a03110e8eb9368264b796d43fe35330caa8f52,c80c11e6fa4dff3431e6d6224cefb7e8654acb3d45e4f1cb23c06ee405a41669
miscellaneous-numbered-cab-views/0031,miscellaneous-numbered-cab-views,train,0,0,0,2088575,0,0,,,,,,0.6646112353334409,0.6418542281471911,,,0.0,,,,,0.6981985377251828,,,,0.981333178796606,0.9803949954620623,,0.8408715343656282,0.7781254631993281,,582a1052402234b092c9e8f0eb985ba78c3b1068c2ae8c12c805aadd11584b0a,eac752094ab94f349e6d48690930d8ada3181efb518c33f473c5388d2ce23c74,919cd33e2ad05aa802a59c16ecc425811b0aa9c8749edc9805e4d37900ce70a0
miscellaneous-numbered-cab-views/0032,miscellaneous-numbered-cab-views,train,0,0,0,2088960,0,0,,,,,,0.5327313064400212,0.4412842327516612,,,0.8617276832900932,0.8624340821326246,0.0,0.5668405467754708,0.7987290527572136,0.583494171234463,0.0,,0.8669227148236905,0.9499163871020693,0.9540941797977958,0.7531280076997112,0.4485188014599779,0.7503243551818984,,1bdac9a6b7ef8988de21ddaa678ad8a54e0a98f75bf8ed86e61e0f50a7a6c16b,1fe12468826aec7019e49ab44aa6f832aac76a9576018cf252bcfd26dfa6c329,670f6bf07b055ea340c9d3973a8cf3e024d7bff3e7f4650117715785144eb49b
miscellaneous-numbered-cab-views/0044,miscellaneous-numbered-cab-views,train,0,0,0,2073482,0,0,,,,,,0.9090325381178896,0.9049677643090213,,,,,0.0,0.9370780104651477,,0.4752900490852298,0.6807692307692308,,0.0,0.9263454765928353,0.9953100462628921,,0.8221023066545768,0.7451726095257754,,bb02fd705ac7b08fb3ae7c618b46f5a9da4ef32b590259233156f5fee831aacb,d3844dea10ab96975316c1574eadb989106b149d9b1fafe094beae7e9c50ec59,f3c9d7ee7d7c0abe87eca3bd98602d53f8cd431cb87822895132fd32314beb12
miscellaneous-numbered-cab-views/0045,miscellaneous-numbered-cab-views,train,22455,164,28765,2022215,51220,22619,0.43700373657169544,0.9927494584199125,0.43840296759078484,,,0.7969726114042612,0.7704765134814312,,,,,0.21413510555955909,0.7876289702609751,,0.7244245885879093,,0.43700373657169544,0.884240558754052,0.9269101231898575,0.98729960040441,,0.8904581467447468,0.9341684497914571,,8a2c09c50911afe45e05157fb8602cf7345aa5cf6f005c3b76f7c0d8b50f36c3,a820d863d1b63b281c0ec5f7e11041e0e68f73f39d613cc757bc489e1e03b351,14147c74ef0211075a48b7b1030615838a8a370b5f0090fbc0fbdb02abf12f99
miscellaneous-numbered-cab-views/0046,miscellaneous-numbered-cab-views,train,35147,2355,3518,2032580,38665,37502,0.8568259385665529,0.9372033491547117,0.9090133195396354,,,0.9430552598202134,0.39543238388503976,,,,,,0.5737704918032787,,0.4561386332484825,,0.8568259385665529,,0.9848774144981095,0.9784261240856632,,0.8824892036335358,0.9478216379340247,,a1bc04fa20bd623f99bbac759e22dbd90554263ca7b217cee49ddc9fedd59da2,550d403c2cd02d480d3ae049a478b103700ae04d047712fa0e5187f9b0fd5068,a96898dd41a16d94f7a7aa7975d14285010abfc133937ef01e08ff631d853cfe
miscellaneous-numbered-cab-views/0047,miscellaneous-numbered-cab-views,train,0,0,0,2073600,0,0,,,,,,0.9062838569880823,0.016758079759606453,0.0,,0.8348247029485111,0.0,0.9516098603949189,0.40410908284679625,,0.7769286577992744,,,0.8396398618648249,0.0,0.9866384686622408,,0.810942923452936,0.9227605090388624,,b74e6210f53416c45a93c3fb1a022de2cc33ed02723512634c739624b649276d,52518430666be87ad030da35871a2439ebbc09260cee1aaa6bf65be527c77193,e74c6884f6c531100c7b5620dca2af637bc497799b55fe591dfae9bd39144996
miscellaneous-numbered-cab-views/0048,miscellaneous-numbered-cab-views,train,0,0,0,2023939,0,0,,,,,,0.634772762365536,0.6530124631379556,,,,0.78419452887538,0.0,0.586987951807229,,0.6531905090992859,,,0.8444848123548302,0.9634190276734068,0.9928733204598605,,0.754117050924753,0.7865252739483917,,f912ea15971bc82b19029b9aad152ec1934e74e2a32d29934c116cdd7409125d,207a7f72a12615e89d5f214f068689216c6d434bd46045ce97046eadaaf814f5,11b94d41d63e655dc41f7b7aac4425ce36bf07f7a70a0083ddf6b255f32cbf04
miscellaneous-numbered-cab-views/0049,miscellaneous-numbered-cab-views,train,0,0,0,2023841,0,0,,,,,,0.9126811894309617,0.7083587939063192,,,,,,0.773606828439916,,0.906939139647049,,,0.7404761904761905,0.9782044153447913,0.9940851360917382,,0.7383548067393458,0.8448541368281626,,18e4e59e4f1f16790b92171327c69eba67d5364edbe5a933d052ee78b21f9557,d8c2a5b6f12b75c02efc4512cc0c2efdba9b29f877cc7842dbd1070c4cc562b6,22dc5440ea01bfb0f0c8cc212b3eb88fe8679b4d0a2640eb3d1ed0833c8d793a
miscellaneous-numbered-cab-views/0050,miscellaneous-numbered-cab-views,train,0,0,0,8211623,0,0,,,,0.7404451910961781,0.14753083362226954,0.9650880079199848,0.6819306434810481,0.019387189877846128,0.9775038409923836,0.5919810297711138,0.02949292859606761,0.6680075364738244,0.6487866603011619,0.0,0.43040393634819674,0.7048173294536049,,0.5258920545589557,0.8907108325354348,0.9727271336743337,,0.8419456948469712,0.8452466457715073,,33fc6fbed915cff715396fc229a8e0da423ed1d84e76cec2dcc2a28d124be983,a9c086f93a23a8995da1495bf54ec1a377ef02d5932b137a3002f7384f45c4b8,439582d2ea5d0a9304b5eab08e40029284c32fa784697b860879e23f3db9ea35
miscellaneous-numbered-cab-views/0051,miscellaneous-numbered-cab-views,train,0,168,0,8212284,0,168,0.0,0.0,,0.6946959896507116,0.8463249343205159,0.9457179111848297,0.770269650705074,0.8135541940851675,0.0,0.2019285309132161,0.4132247815726767,0.707925232303663,0.7975763634644223,0.0,0.3890913398443223,0.9057353315883347,0.0,0.9078453441171915,0.887172395816651,0.9852573083151173,0.0,0.8619179482032636,0.8694566486333305,0.0,a29169723725172c5b690fadfa30cc7cf76f7eb2328590890c3c828f7d3f20bf,f19c28ac63b6c849df2da22a96db0a6b720006896d82875ceff69a43205d2023,e3876f7f83ad972c5eaf04fbf067bb3b844adeb9c5fbb42b2732823efc5ea9d6
miscellaneous-numbered-cab-views/0053,miscellaneous-numbered-cab-views,train,0,5,0,8119779,0,5,0.0,0.0,,,,0.9643937924151298,0.1943531852876516,,,,,0.7200082850041425,0.11927022712384006,,0.8797024126996028,0.8531777956556718,0.0,0.6551975040590527,0.9307624463706915,0.9741575935775247,,0.9071506406643369,0.9313682388104464,,9e09a858819a1882bccc4f5b7cd52bca20f66b1052a3c5191dc459062ae69e81,70a16c903d27ac00306c86f14141f728ececfc9dc4e320ea99148e50ab77339d,b5649863498e96d9ef57054e3c049c2575a4b994fbe62c5b8b80394bb81c0556
miscellaneous-numbered-cab-views/0054,miscellaneous-numbered-cab-views,train,0,68,0,8175586,0,68,0.0,0.0,,,,0.9526917558679391,0.6265096168182496,,,,0.0,0.8033383434854837,0.7524473633813606,,0.802444780464367,0.8645190769933745,0.0,0.0,0.9828100993860764,0.9697372868043622,,0.8615733655811564,0.9595188894187464,0.0,ac828e814ea477c826e95def13cde08680d0a05dbe64cde8303472779d31fce8,ea34de2ac35692d4e015602569d70b94968ad6bdbb3c7aaffedafab451351ee1,ddaf24b20753ab6cf5d7545f9847a434ad490896ba1f773c6bdaca3f58919c9b
new-unmatched-2026/0175,new-unmatched-2026,train,0,0,0,2073600,0,0,,,,0.87248322147651,,0.9227085813223677,,,,0.6466666666666666,0.0,0.0,0.8386641088245553,0.0,0.626698882512836,,,0.5646015265075982,0.9060396394673297,0.9101265348439237,,0.8234553404508443,0.8709192271220019,,c81bc0c590d9bd6563e2e11176cfe441dc0920a5f9cdbbea9d32b36a51347b86,e567f1deccb42140b8e6f7f671b1b6b71cab015fd5065dba841e709332e19b53,76a73e79b64bdafc62ab24e34c753b58ab45f97c37a867cff02954b4b3adc284
new-unmatched-2026/0176,new-unmatched-2026,train,0,0,0,2073600,0,0,,,,0.855379188712522,,0.9437310417843944,,,0.9776535108984926,0.8763250883392226,,0.0,0.6515106192043075,,0.5268052516411379,0.4783861671469741,,,0.9479738224377817,0.9873735724684723,,0.8382796621937211,0.8770716596054849,,fdfba692303712b2119a1d725763d74b54fa20defdb3415916105955f503bd9b,bf61db99763dc894604525d3f039b209cb136d83f1cd35b7655768228102fad0,f00c530f889936c9dfc92e0b9b346927d3ebed8dd164f027395a7151d4aeeca2
new-unmatched-2026/0177,new-unmatched-2026,train,0,0,0,2073600,0,0,,,,0.8601724137931035,,0.9429633427326326,,,,0.0,0.838442689899265,0.0,0.0,,0.8571428571428571,,,,0.9860758953204235,0.9941771794533453,,0.6818243889116482,0.9173240464694967,,92fdd6e752f0a8493a8a0114320f0d3adb209985cc28a17efef842ce5c887b26,4bd80258418635ffe4fd02e59e7e743a04d3ef8362742a3493154f57d54ca4c1,03610060cc2539517844d1dc81b8349768eb47658cb397fd030071e338cad5d4
new-unmatched-2026/0178,new-unmatched-2026,train,0,0,0,2073600,0,0,,,,,,0.8577406573846668,0.0,,0.9749614467965793,0.07474747474747474,0.0,,0.6028372986552386,,0.2955802103285028,0.0,,,0.9205636069851424,0.9701546541923136,,0.6977945218028582,0.8834847007631608,,bcfbb199baa79a77d97dfe9e368490306a1c84afc0dabca15e0dae262f2a945e,c0720faac0cf1b752740879c16180ae323eda041ad52f9878faa4a44fe5fdf85,a162e9937003a24b528d3e9b8501478fa8090dd76fbe89b3be4e9b42fc7feb90
new-unmatched-2026/0183,new-unmatched-2026,train,0,0,0,2073599,0,0,,,,0.8412022965214454,,0.9543911059879033,,0.0,0.9807260552747324,0.4856665738936822,0.7818884284061682,0.8642632611062472,0.8321391177675604,,0.7455158369478928,,,0.0,0.8671646130107118,0.9836625290688895,,0.8162722281559766,0.909368975559449,,60f737c273e283351acc6efb1ba0704e0827f47b77fdd8695a5bd891f5dbab4e,291ed9200b9c9d9d1be97ae0e9b2cfb2da0843377519c6b9e5e806e193e1071c,54a6867e45aa9ed162091bdea9a906e8ff79bf19bc99a365a09c13261397479f
overcast-mountain-stations/0214,overcast-mountain-stations,train,0,0,0,2062997,0,0,,,,,0.0,0.8569698259282599,0.7803713527851459,,0.6556723946311019,0.571078431372549,0.6580341800760121,0.039355062413314844,0.47204246713852377,0.8663560491967871,0.7221738555893258,0.6281568453699601,,0.28182616330114135,0.6496228908752514,0.952836562135934,0.7037962037962038,0.529884655714785,0.646565453137103,,fcf5289b197c7f0a48d5f375c13e6c090599b238c68ce299010e0babb86cb7e7,d66cff571333e436c6a9212058e636e2420673e9fa861b9fb9c61d3cadc245d5,306e81500cf1bd5253778e7ca5d69a8cf0d07b47889b7d93c654a039aac3d6c9
overcast-mountain-stations/0215,overcast-mountain-stations,train,0,0,0,2072956,0,0,,,,,0.9124991256907043,0.9256725560707249,,0.829219479653102,0.9514832139882559,,0.0,0.4046770601336303,0.7418284504059302,0.0,0.5742208017165271,,,0.742202670809309,0.8235870480467454,0.9787451215851096,,0.7012013536379018,0.8226488000190033,,a4ea3527469f92f7e01c82dbad4e004af29e5a534ebe1ed94e96185736126eff,854429faa83f8da4db49e7aad63e0ef178c079e045e63a5be44bdb3fcd0af9f4,4249d96deba7b36db28f336076cee209d6da0eb7fdba8d51950614e97de34eb9
overcast-mountain-stations/0216,overcast-mountain-stations,train,0,0,0,2068117,0,0,,,,,0.6499599496509898,0.9586418663748986,0.7559746616757846,,0.8791696298553964,0.8534370946822308,0.8288674711247771,0.875136176988184,0.7569708445960596,,0.5714390682978802,0.0,,0.0,0.9882756050112254,0.9656767694008419,,0.8579952267303103,0.9551530195128197,,39f23d5418cbc5c465dddc13feda5ebb78e7eb06be8eacb3a5acb0256a95f409,484d599c7a9c73383e03fb6ad49561d2771579ca685ae29f0f30e4be25d04b96,802f618221cf495efafd0c4e6f1172f82fa36d697b47fc6a38938258a1853e3f
overcast-mountain-stations/0217,overcast-mountain-stations,train,0,0,0,2073600,0,0,,,,0.2903147699757869,0.5755893080733845,0.9680066339469091,,0.7046181172291297,,0.2534948741845294,0.0,0.9396654138211326,0.7450602188314447,0.0,0.7133968442988985,0.25411334552102377,,0.6367972992807868,0.8917156148677223,0.9640290612390044,,0.7246701645356833,0.8563668924552411,,014ccb7933ce4cc405469bff1fb36825df54553c505c185a5c2b9ca46750aa01,aa3b2a2139a82a89c2ca14efdb1d56c34c50fe2cbd36c733edc6aeb721cead1e,0a22cec2fa823648d8ae23e0961a4c773781894def604024a32d2bb25f263cfd
overcast-mountain-stations/0218,overcast-mountain-stations,train,0,0,0,2072152,0,0,,,,,0.9636435967422895,0.9841016613488832,,0.0730593607305936,0.0,,0.8660315570110152,0.8578283277057046,0.8980507822518594,,0.8922463936714751,,,0.7195379545253473,0.9328893052188417,0.958407869938671,,0.8683730582982202,0.9439332759647845,,7d192a396ef667bb5f346b4419b19250547fc8d398f9ad1541087e3b71df732f,5a08d87d4ef25c8edc375b184d40fb21715f14fe709bd157766f55da6db5be90,31f3136c43761017307655e82cb87c0188fc7dc31c8be2ce22838375759915b2
overcast-mountain-stations/0219,overcast-mountain-stations,train,0,0,0,2067823,0,0,,,,,,0.9402387590249481,,,,0.8007478106858211,0.9450816555402068,0.8371583974529053,0.9591190821574574,0.9587963652614331,0.6716793716793716,0.9061967026719727,,0.7073682385575589,0.9513599855823506,0.994789325735703,0.8118587449296111,0.678796437106235,0.8971858270271302,,217eb3ce4240bbab2cd912c73d871881db741d3f99a15000d1343139afbeb72c,5dd19a743ac1e5e12f6fb63c62e75e423f24b6825f5013be4daef1327de5b91c,6c0d0f7624e480c1fee970a11a8f005f00c41ede28fe931addb0fe0d67ae6e59
overcast-mountain-stations/0220,overcast-mountain-stations,train,0,0,0,1926688,0,0,,,,,,0.9480979184455074,,0.07588856868395773,0.9730773138270853,0.0,0.759194974791305,0.26445828485387723,0.7992478145964627,0.0,0.7866678113061768,0.8483669378611013,,0.4988516306844281,0.9550336509318121,0.9895340559562665,0.023809523809523808,0.8824673587979285,0.8964353743890691,,b998518e2d97c634c8c2c846bf7f07e5ad02688387f15d657cc9646d080b722f,a78aeb5c9b6e22817ec40a0d14a2e3b3369a6697165133d9a00b6e867bffaa90,20835d207db48bc92de4b7daeb24f3cdd1525674812725b7505cebcd5efc9b2e
overcast-mountain-stations/0231,overcast-mountain-stations,train,0,0,0,2073600,0,0,,,,,,0.9715318820894975,,,0.9924874603144784,0.23480662983425415,0.7137287069081757,,0.39684014869888473,,0.7905825897878084,,,0.7519115237575096,0.9171592625211915,0.9497070735510699,,0.8461933364135736,0.9487842969132778,,27cd78cb2b58647066724fd485237e2568caa02d648e8186d42928145e8c8070,e2756ab550685eb2f70de905f8a2f1b99510c181fc397402f3f807c8450880f1,e3c42081fe4a762465d4099b7cfeeb9f35bd38325133854a5c4d8ad56b4c77a5
overcast-mountain-stations/0232,overcast-mountain-stations,train,0,0,0,2051786,0,0,,,,,0.0,0.9673295713946566,,,,0.4182431538563302,0.7630550367898438,0.0,0.641832261835184,0.8325419436530548,0.5044153268104747,0.9608861564553742,,0.7710650518460977,0.9526954303062853,0.9747366188901848,0.6493688639551192,0.8329166412586133,0.9442103852795808,,77b17d1922889f7c1d3d5c9eb9eb7abb5f53399f38433a493e4e0d9f6d369bd5,3315c387c153f722bf32fbe0bc5bfbdaa858f63464cab9be2c8c073d479522f3,d470c55153147c8f9508791296130b08a1a4737784643a178ef0f0493619e139
overcast-mountain-stations/0233,overcast-mountain-stations,train,0,0,0,2071895,0,0,,,,,,0.9224988656987296,0.7635303913405496,0.7108335595981536,,0.768969422423556,0.8985834953647787,0.0,0.9136371707968233,0.8942745168701293,0.4943006993006993,0.9180997786480504,,0.8545808186264695,0.9271537573154432,0.9785619638747471,0.7738555442522889,0.7197900262467192,0.7244815345332254,,ccfe0f6097d8c9ab6aa93e8322b418afe7878378f87ebfaa7638f12f8605381e,3b67554f9922cacbbdfd34af50631afad68cbcf60e66ebde1584c6133fe36a61,eff990a6c1f0f11a3c13aa351dbc1693e3ed0f74ba2a2dc327825a7ee5bb54c0
overcast-mountain-stations/0234,overcast-mountain-stations,train,0,0,0,2073600,0,0,,,,,,0.9622032122905028,,,,0.6380368098159509,0.5904591659774285,0.0,0.19776990232517935,,0.6634927352235859,0.8361845515811301,,0.694867617107943,0.9737760830483664,0.9933117745320598,,0.7883091896785875,0.9346852634939918,0.0,709cbea54e2cf9800bbf3d0c032a4ecbdd34ac081630e119aea5e897a39808a8,9f031a8f85e736e4469eff85abe294ba9b7cd9f12c496873f486d04a6bb80267,5fff03ea438f2a68fb7f219092fd3cff38e88340581546001c60bbc22abc7577
overcast-mountain-stations/0235,overcast-mountain-stations,train,0,0,0,2071387,0,0,,,,,,0.7814013705663073,0.0,0.6569981583793738,,0.2605932203389831,0.8893367488273505,,0.88647353581394,0.916172431015108,0.7730479964417128,0.0,,0.77126837399606,0.9220735387547649,0.9781532566898623,0.6878933566433566,0.6680701952694492,0.9054849362581406,,468c69f20ee4665d35f34a795d6f47eaaff96dedee7864164a769f063403427d,727abdd8767871d43483380b4a639a89408335f221c2798f071ede7d71cbcad3,ff8e56623405c7556862708127691b8e2bdab3b95111d073ea24e1ab88be3f28
overcast-mountain-stations/0236,overcast-mountain-stations,train,0,0,0,2064486,0,0,,,,0.8400416377515614,,0.9481328365110017,0.0,,,0.08439695260710399,0.7383930624332959,0.672536211303607,0.9356866629836359,0.9417989417989417,0.6212139576852114,0.0,,0.5116843623359588,0.8980569032252791,0.9796133635484625,0.8371189479976091,0.8009361476640466,0.8780892484672271,,7d0f48496493980d7a6b226310064c37f280f0d3d8723af88c69108db233c6e9,357469e787079530c7c4af0fe3afad136d2be00a3110c53be46d1dbb7f58abff,48ea58b7d4ff7bc3da5e5b67eddf5069b1e383d1289f66998c19f64ca1528fbd
overcast-mountain-stations/0237,overcast-mountain-stations,train,0,0,0,2058396,0,0,,,,,0.0,0.9345061173705675,0.0,0.0,,0.5797413793103449,0.909132201165813,0.0,0.6565817409766455,0.9603756135733087,0.7180477706826242,0.8218497827436375,,0.6892007321537523,0.9372403886621896,0.9865506201837224,0.8228768867066739,0.7611659614480489,0.8172310897165217,,d9eebb905aa35607b8a9ee3cdb0cfd1d4a4e368e77135f92e804f42440f333cd,b1eec86e60b77ba128bbba833a23764f54d112d408858a88b1250f02d7da05d0,6ae9d90eb060b25a37c64c5e061438a7eff2aabe6362687220fc623f34143d48
overcast-mountain-stations/0238,overcast-mountain-stations,train,0,0,0,2073600,0,0,,,,,,0.7826985569680143,,,0.9891630015715627,,0.8642638036809815,0.8375634517766497,0.853375598570176,,0.65249462145272,0.7919921875,,0.9798037981448711,0.9635443729531196,0.9885972978708354,,0.6385417716416406,0.7851685610757905,,38d3daf79fb1b3f1c4c8c5bf74635d5954f16b3c5be5297e9e5ac9b077259d42,0bd106de9c902a9bc8006dd281b20d065ef8b5bfdbd81729dc77edc4d0287715,4627cd7657e2eced936acf958c26d8069a22d8d7f2387490739ea088cfb6e5dd
overcast-mountain-stations/0239,overcast-mountain-stations,train,0,0,0,2037432,0,0,,,,0.8740717232624564,,0.9626427738388345,,,0.9895545555160753,0.23856009762050032,0.0,0.9508272074826497,0.8538514107195158,,0.76603304791547,,,0.7637695527649262,0.7409539412443683,0.9769562848204135,,0.7421161349552444,0.8868848489197019,,a48c958611d90e4471af958912e453f589b8b5533315c5d59ce81b77a46a7bfc,7b59514cf69597aa4f2cce3764a3d0af51710e328dc3d85c3976e4c563c3ecc1,7d76d0079a98b6ea8c897eb0c7f24501f3eba2058999a29707f83d20bc4004dc
overcast-mountain-stations/0240,overcast-mountain-stations,train,0,0,0,2073600,0,0,,,,,,0.9552644610339254,0.0,,0.9755376419067808,0.6448202959830867,0.0,0.0,0.9001024090510095,,0.7899966223823464,0.0,,0.5565309922851822,0.9674630332821786,0.9382176746784849,,0.8204286365709075,0.9177660642949381,,8b51f499144ba83986ae26ea615d1f3e8da062613143bac5e635ab5684f8c914,99709ace9ed244e7aac8df6f8691255f3bb94e3107826bf9d3f678400c6ead23,8c9711cca7a979b5df1e71a5e65afc5dab8321026abdf863d1a223110d305da1
overcast-mountain-stations/0241,overcast-mountain-stations,train,0,0,0,2054583,0,0,,,,,,0.9484420460640736,0.0,0.6579520697167756,,0.8804768041237113,0.0,0.1539509536784741,,,0.7225714442433219,0.9211665527455001,,0.7081534363066101,0.9003986241842419,0.9753275747268076,,0.8714285714285714,0.947861232365845,,3625a2c4d4e9f8f3e0165e6dd90494d2791acd79e6142389e4a17e9e72601af3,a18c6013db023e74d3f18197e3c928119a026a0643711724bc334d3c6663f66b,39d3353a7f09b5c9dbdb2c2b5aad03db964efe916bc284e213d1dd762c468151
overcast-mountain-stations/0242,overcast-mountain-stations,train,0,0,0,2064724,0,0,,,,,,0.962887971226855,,,0.9116335443413192,0.0,,0.0,0.4472134118713185,,0.5691941009980634,,,0.0,0.9664697408920763,0.9847092505656151,,0.8550261475886113,0.9263757860391224,,ded050ca71f820d730759226ffc1d2274e07ef4601f63b34c13120c7ef05161e,eb2b02a061e3cd39e085fb56063ea4abf4c835ba5583526332833e0723c0d442,10f5268ce9411594dd20a31c78cc9d4b021808205c488d0039050703440f9179
overcast-mountain-stations/0312,overcast-mountain-stations,train,0,0,0,2073600,0,0,,,,,,0.9082438606354699,0.0,,0.738655462184874,0.0,,0.8139912477384836,0.7340228978955861,,0.7457686906110395,,,0.0,0.8056565537613041,0.879570452703485,,0.7871394221709669,0.9192930812262371,,5443a27572d1805ca781a25437ef08d1d27ac70239d96cb52f50717ff14822c3,b7a584f428c50f605f7f6cf81f78b931a71df4e8242a20fa82991bce28e1f9f1,ff51315eb114924b4af69a25851c49ec15f427587019f5ab3cfaf8117f7e87d4
rain-water-cab-view-with-overlay/0268,rain-water-cab-view-with-overlay,train,0,0,0,2029558,0,0,,,,0.0,0.8272278004392846,0.7257979361651068,0.49444839468358587,0.6040816326530613,0.0,,0.7719973478661643,0.0,0.9824091800342746,,0.0,,,0.0,0.937430041809926,0.7144217039504998,0.0,0.6533591418662795,0.7130332922318126,0.31911966987620355,7a53e1b4c0a64e0b30e58ab9db89fcf98ce95254700008d25f5394d06f97a292,23a6618e87555de6cbd8e26e944af51a428323c138f0f4bdd425e1c41c6ebf5c,40612049ebee26f8fa6da7812037c04d2780f621e1b8b291e1f3351a37090d0d
rain-water-cab-view-with-overlay/0269,rain-water-cab-view-with-overlay,train,0,0,0,2054769,0,0,,,,,,0.9672673570867761,0.5625089811754562,0.48862275449101794,,,0.7899217042971595,0.0341123256690539,0.7860669337541986,,0.5039203860072377,,,0.0,0.9738309956113932,0.9921368962829575,,0.8028207031513598,0.8962572048806048,0.8597247554302769,1100c1ea54949235b635d2def045d12f73d290500eb308c1ce83323f8600862a,abf7569acfa9b70797209bfc372ddce4a802e55f69e55594dc883d24cab15bdf,fe07929257a36af995e8f87512abdf07fdc9228cf3810ce4c32a12ba182199a0
rain-water-cab-view-with-overlay/0277,rain-water-cab-view-with-overlay,train,0,0,0,2032606,0,0,,,,,,0.6684878913171884,0.8529205796268697,,,,,,,,0.0,0.6222222222222222,,,0.9858857231039041,0.9051001247915281,,0.829687217501356,0.0,0.5621500559910414,ca57dfd0f80377755014a88660f5a17884651b8fc20abd7455c72679bd8bb09f,5542b12fe43765140207071f9c0e4692ea5687467fc0d4d502d4e96bd01a76f5,54206cf0c05b233d9806f821a879346e0c6147867788c82feef9251f576d4406
rain-water-cab-view-with-overlay/0278,rain-water-cab-view-with-overlay,train,0,0,0,2039559,0,0,,,,,,0.6333894758332057,0.8327137205224943,,,,,,,,0.7084942084942085,0.7378640776699029,,,0.9869116917961205,0.9486768311112603,,0.7131888292450907,0.0,0.5553254772034185,ae02105bf482e4b7269f687a6bf9420a5d1fcf5bf84ca910a716df519b4a66f1,f9d9cc36d418487bbef456deb4bd834ff96e352253bedc9a16b3f55061617ea3,be41db24fa856baa79498a2a635d05a1b97a33b968c8ad4feb63c12517ccaff4
rain-water-cab-view-with-overlay/0279,rain-water-cab-view-with-overlay,train,0,0,0,2054320,0,0,,,,,,0.7574069856518768,0.8394499303325862,,,,,,0.8683485461849862,,0.8969054775194749,0.7287101044271216,,,0.9677096413638935,0.9763551609960711,,0.7264416719369862,0.695388914764788,0.2949788526190218,41a8c3396c58a82a580a4b2d762d7a5813c5b86e025f72d9bc3ad2ba21db3545,75cfc723508e1a083341fb8e16648a7f892140dd4f2ab1043d614110da2558d1,695240ffd0c423da10498a966126c8f0272b7195b59af1d2f3ab8a021f0d7651
rain-water-cab-view-with-overlay/0280,rain-water-cab-view-with-overlay,train,0,0,0,2054275,0,0,,,,,,0.482294512043705,0.7910907211742224,,,,,,,,,,,,0.9880293119064095,0.9382463323097919,,0.7255707762557078,0.8802431427102549,0.3719190396102766,70a05bd99cfd467ea3e055a00e478d6e1b45acfa4adb761b94f8e266417d1ae9,e106743e4b56f6a000935339646381f74dd47b337309998f9c1f64e772dc2e55,30e7b7a0dc84e402a63d9afdb5075998432166dd97987f03826ef024595aef13
rain-water-cab-view-with-overlay/0281,rain-water-cab-view-with-overlay,train,0,0,0,2053597,0,0,,,,,,0.8367704728950404,0.819293196047595,,,,,,,,,,,,0.992845455881232,0.9323526042774624,,0.7440380646640679,0.7820322877286195,0.7276903528491838,a7da1f692dfad6e78cfde641dada58c6873c4539cb40843c04d9e3238e0235ac,0307bb1c875ecbe072c4937d166fb5c6179a715723a729d6f851102552edbb52,ee18fffdd86ceea6ff819d83c37871d6e8f1833c25a0a23d0a78542a3378dbe0
rain-water-cab-view-with-overlay/0282,rain-water-cab-view-with-overlay,train,0,0,0,2053810,0,0,,,,,,0.7213064713064713,0.6673000022093101,,,,,,,,,,,,0.9848527688920052,0.912340235806995,,0.6589602599350163,0.9214590864278672,0.660655521916546,f9741378f2d70f2bd7e5236fc50ad4936840f4c1561be37a810e2aba8983efab,c2f421c7de5534678595c101104109c3b656630b9d60fb9b35495a373e44edea,8551ea62032121e9eeb47490c3a9287982ae48238d6967f080b13e6e0d06e52f
rain-water-cab-view-with-overlay/0283,rain-water-cab-view-with-overlay,train,0,0,0,2054083,0,0,,,,,,0.6222205714851681,0.7844359877606644,,,,,,,,,,,,0.9867295693371835,0.9761668611435239,,0.7740704587807259,0.08346333853354135,0.5704191033138402,50f5c438789710cc8a44142a41fc391480200cadb38493f126501909f2df6f3a,04b5fbb59ca9fdefb2c884a036413016e6db4df5eab65336733ce8f35b69af69,06bcde3331f2e72faf7309ffa01a81f2d90b84b185f6818602d0574c9929f889
rain-water-cab-view-with-overlay/0284,rain-water-cab-view-with-overlay,train,0,0,0,2053473,0,0,,,,,,0.7676265664756379,0.6320397852022326,,,,0.0,,,,,,,,0.9795710121564242,0.7925399769061199,,0.8200042539615017,0.697736833697215,0.5971824023727138,43ee426aa0b2c2ce8f85dc51fb77e1d7b14c6221bf250479b4fc3db9938e1d2f,124b16930742b8657398889555a2a4ca0cd3a302b337fa75ca4b08d758b9ab29,d97598a54f9c465e2d145a8136ab60108c6960f08ffe3e743631c5af3b527d88
rain-water-cab-view-with-overlay/0285,rain-water-cab-view-with-overlay,train,0,0,0,2054047,0,0,,,,,,0.7143042479057009,0.87096999213657,,,,,,,,,,,,0.9862519532240296,0.9127205050659009,,0.7084081388390185,0.14206827309236947,0.25339542103220797,2956bdb840f2c86e03cbc88cc38600c415d72eea5fff4f468697cb6ad1fb86fb,7c817992adbdd24001302c811f1bdc3fd0af55e9c6cee7d75ee1ebab90d9ce52,669cd0cbcbf9d6f74ed3992b8bafb5dc582185f95981dddab412677636798cd9
rain-water-cab-view-with-overlay/0286,rain-water-cab-view-with-overlay,train,0,0,0,2054089,0,0,,,,,,0.0,0.8274820524161143,,,,,,,,,,,,0.9844031733581893,0.849467010381105,,0.7991886409736308,0.2600550180231455,0.0293799956794124,65bb9a26ed2495d66bcecef26da2702eed5d5ef32bc6393785623c77524cec64,c5023a4e5a1ade5fe386facb5dd55efc8f17e3afa73682ad1f23e1e7f6e96499,d73f9270d591869831ac3b391555a971778e91975ccf0f0e43cb33c7b0877dea
rain-water-cab-view-with-overlay/0287,rain-water-cab-view-with-overlay,train,0,0,0,2054230,0,0,,,,,,0.7509986371540016,0.8962469394642177,,,,,,,,,,,,0.9936720339053986,0.9781745753440029,,0.6840728794350972,0.0,0.8032349013206708,e86117d8914772da397288df8ec1e772efd2441073ebe583809d2c492b5a8b2e,49c1380aaf9d4764c6f027260ff4e8b042c503f86f3393d63dba98fb7b567287,d34f041ce78cbc5765270383ab8984edc73a1300b6a393db0a0f4d2c680a9ac0
rain-water-cab-view-with-overlay/0288,rain-water-cab-view-with-overlay,train,0,0,0,2027494,0,0,,,,,,0.9039026098198174,0.6803923270549431,,,,,,0.9967060468775037,,,,,,0.9400938042690514,,0.0,0.7205212247182029,0.6979832901181215,0.6023289541033954,edfc5f576a3fe8034173a9ff71791befd981bc683b089bc729fe555cefbe4b3f,18a05516eb56af5f738ece0bf1f771ff1da45279a794c9ca45f4549211644f6d,16d9cbd3150eae59872ccee98339209c6ef6148b5eb84cd66ca3ee33532ae0ba
sunny-mainline-cab-view/0124,sunny-mainline-cab-view,train,38249,2699,41122,1991530,79371,40948,0.46605336907517975,0.9340871349028036,0.4819014501518187,0.0,,0.7654281145941823,0.4119718309859155,,,0.5514521333811402,0.0,0.9302166386778097,0.8148392778511668,,0.6898461172835839,,0.46605336907517975,0.0,0.9052063400897271,0.975436163223593,,0.4837908283782683,0.7020171372971615,,7401f5fc76b6fc6c255d1dd4039a55eb15e32ab20cd3552dcac7878a8a74eb88,9544d3a4d4f26ddcf2a101283fbc57247e7d6b9a4c2a4d1dcc6ecbc47866431b,6b91a2abad94ac1c69b42f1cd16636d25def032647fbb9271829f6e3828cb8c7
sunny-mainline-cab-view/0125,sunny-mainline-cab-view,train,4105,1719,31426,2004334,35531,5824,0.1102013422818792,0.704842032967033,0.11553291491936618,,,0.7464777208685834,0.6501830693899158,,,0.7347019344650612,0.6187919005909367,0.24880382775119617,0.10808869150638409,0.1426528527652123,0.5328957698709292,0.0,0.1102013422818792,0.7645722853709359,0.8336601506841486,0.9914547403823653,0.5915971578622181,0.7828755672319083,0.7813996928513314,0.0,b9b5845a7575d6e07a9bbc5c28a07e05557e8f29ff815f5cbf7248d75ec08247,258f3be8e12caaaceed243c728d350b639caa3c57d90a8ad103831ada0b7f6ef,006e0505a905ee73dff6568aea51dc18c5cb4ff7cbf3439dc6ac5085c9ff9540
sunny-mainline-cab-view/0126,sunny-mainline-cab-view,train,23793,831,9866,2036647,33659,24624,0.689852131052479,0.9662524366471735,0.7068837458034998,,,0.8233889993557388,0.7528625633793358,0.0,,,,0.0,0.9451753558589392,,0.6881830271958059,,0.689852131052479,0.9494938573610304,0.6451947093551317,0.9775130091043295,,0.7534320340478539,0.8746970953814802,,a1e2fc892f0b131c74ecceb67559b53b91457b9cf91503592486c858fd335277,e27211315a2ae32a9a3ef1ca41e51ca0a0fa4f6fa09bc2a6e3ea542fe11ec29e,529d03833d22a1baff1b1e4fe1cde093399e4ebaeaaa14265e92822f6d548a85
sunny-mainline-cab-view/0127,sunny-mainline-cab-view,train,12853,21,12177,2048549,25030,12874,0.5130733304059718,0.9983688053441044,0.5135037954454654,0.0,,0.8177767332099037,0.6427816411682893,,,0.0,0.0,0.0,0.9570750338461312,,0.7260133150577639,,0.5130733304059718,0.9476417637464256,0.8027621391407926,0.9719653317475615,,0.7906375555085642,0.88212732824721,,0d4cde05aed2bd4fe2170c8e306ae84b426e1f4e3c8d7f9b0b0cb271454f8c9e,aaedcf88592ad3e09dd1013b51109aeb4e7c40f4b2d9226c243471e2f34e9ce8,3bcea8daf3037f491aca435aaf76fa93414e00a72a40d766884ca3a44e492e2a
sunny-mainline-cab-view/0128,sunny-mainline-cab-view,train,19061,3592,4122,2046825,23183,22653,0.7118954248366013,0.8414338056769523,0.8221972997455032,,,0.8731801789768933,0.6752768054861061,,,0.6377759607522485,0.0,0.592341816483773,0.7616940482354971,0.0,0.587274384685506,0.0,0.7118954248366013,0.6488559892328398,0.927987990740953,0.9861520475980678,0.0,0.7499028424239685,0.8272433616895343,,24687c346d035f3bef72afba9b140f03eab022e4a90af673afe81fa9f274787b,c2fb729a44959c3f10648bb333aa2bfa0a8bf6c4779e7237ba1a4ca106ac5d1e,ec0d857e05b440d426b0ba833ae40c472bc9dee713536feb7d3b1d119ca05416
sunny-mainline-cab-view/0129,sunny-mainline-cab-view,train,25625,6884,19626,2021465,45251,32509,0.49151241967967774,0.7882432557138024,0.5662858279375041,,,0.7753693492330553,0.5868197497811872,,,0.6286257727056586,0.497957632753871,0.7125642233493641,0.798263371256702,0.5861357868020305,0.6801203965233322,0.0,0.49151241967967774,0.6900048465868844,0.8897360441253738,0.9835063838946856,0.5600193610842207,0.7143927963008031,0.722058996752318,,e52ffee04497a5939bda202788429a87b3560377d2abd91af07b4286a26b89c6,0c3855bad8ebb48418e3eb7da192926f4eba3d0bd8a6c1ba206a8a0de118136e,5e213db5954cec4b97d819ea639ddd5d185d9eb12945c6c46af361a713fdf4a8
sunny-mainline-cab-view/0130,sunny-mainline-cab-view,train,22189,2293,5095,2044023,27284,24482,0.75021131284444,0.906339351360183,0.813260518985486,,,0.8650106959340749,0.4762019375413683,0.0,,0.663903462749213,0.0,0.947201958384333,0.9342323117778978,0.0,0.6193039988253145,0.48591144335825187,0.75021131284444,0.6871114529257194,0.705672068636797,0.982489674344185,0.0,0.7733004219306672,0.8291258360268409,,e0ef00001b7bf26a5b6122387465145d21b99c1296743b3f03e61660ac3b3c2c,9e56d793d32c98b488bb34adae6c07d0b0bd6f457d0f9aa68dfdc9a0a4542a74,fad617fbe090ae444d69e95dfbd2c1ffd516d2988a860a5a138ccf137f3f5fec
sunny-mainline-cab-view/0131,sunny-mainline-cab-view,train,23126,1086,20226,2029082,43352,24212,0.5204104595166299,0.955146208491657,0.5334471304668758,,,0.8304794031045425,0.5460571594160901,,,0.0,0.797676669893514,0.6041275030649775,0.7504943339383088,0.19728209934395502,0.7144525723230681,0.0,0.5204104595166299,0.7788550731039356,0.7719419507780795,0.9497802534050447,0.0,0.6855522623310318,0.8449694699777124,,6ed3b7e372d8d5dc78b215af5af6f4653456cd41ece09177eab1178a747e70bc,a8c27ee277932c37a1cbb160b15f22866e20dd4aec146b5de86eb4603ff534fb,9074a49b8ad6e87f65047b5ac1249f3652fb6c2d22c97a24146418eabab53c2b
sunny-mainline-cab-view/0132,sunny-mainline-cab-view,train,9427,917,4620,2058636,14047,10344,0.6299786153434911,0.9113495746326373,0.6711041503523885,,,0.9057131416466455,0.0,,,0.6844526218951242,0.6436700415979907,0.0,0.8491158451093191,0.03878540443990814,0.8134875988046695,0.7658467360454115,0.6299786153434911,0.8415173809588928,0.683545593850208,0.9630309426809606,0.0,0.6272824203651872,0.8101161999725666,,e153b7e6bd960d596c08d639a6b6e83a0851899aff6c01d8e6bfbba8b04f29ab,51ec0f2f880b6d5e6d011aff4a6f35f79480042485ebc9db45b9e0c8ccb772ca,8b56471150ebcdeef931ff9eb2d7319a17757f974c16f76dec0c04a8c083ad23
sunny-mainline-cab-view/0133,sunny-mainline-cab-view,train,2871,24,2005,2068002,4876,2895,0.5859183673469388,0.9917098445595854,0.5888022969647252,,,0.8473284937326393,0.6988389783009048,,,,0.0,0.11360774818401936,0.9628280853717107,0.0,0.6123758779365464,,0.5859183673469388,0.8279445727482679,0.7349640695245849,0.8841685144124168,0.0,0.6526641434172654,0.8273191818988244,,f9e73f2fb85c57a08b9d33b0c1c38cfbd56bb541c4b32e14c80883c01757b91a,7b970b234bbeedfb2a18e0ce9e899a251b487dd70a00f183d3d16356c2b2478d,9261858110e25bb55023a846d3f506765ff18105567d54ed0d4bf9ad27cf2fa6
sunny-mainline-cab-view/0134,sunny-mainline-cab-view,train,21222,679,14989,2029544,36211,21901,0.5752778530767145,0.9689968494589288,0.5860650078705366,,,0.8638864002003795,0.2697940673555869,0.02667018748349617,,,,0.7625536097212294,0.9095538794695889,,0.6886249597201123,,0.5752778530767145,0.7522712640389155,0.9229130970872231,0.9863091594817349,,0.7804111245465538,0.8325078978544163,,9e4b1e6f4202cdfc0d9ff15e1ee6eb32270e1c0e88b7b7842be2345e74dab6f2,810016b295ab6550cc7248033bb01b9032302ca875b032e9d08005c80b18156f,02000a61944c17ccb2ee0f59eb5228f983997bca14d2ff2446872876e3f1532b
sunny-mainline-cab-view/0135,sunny-mainline-cab-view,train,14635,1631,3489,2048520,18124,16266,0.7408251075677044,0.8997294971105373,0.8074928271904657,,,0.905196585732608,0.0,,,,,0.8295060549721119,0.8527991116868696,,0.6354846507130771,,0.7408251075677044,0.0,0.9532287921498461,0.9897490435479193,,0.8371158670429601,0.8937592867756315,,917d7fdbcba14ad98f4155259ad4945453a4e76aecab144bfdfd515d95e55343,ef3653ad7186e447e51f20d8a071847cfab4d31d30567977a105bb93a6e226d0,0a7af005fe1576857483f131f028518431abdc3c4117d729a261739c41ec9fd7
sunny-mainline-cab-view/0136,sunny-mainline-cab-view,train,52097,2148,35603,1978213,87700,54245,0.579834832160983,0.9604018803576366,0.594036488027366,,,0.8437920215150156,,,0.0,,,0.7752411575562701,0.7343209490491919,,0.6198168584174689,,0.579834832160983,0.859355773700473,0.9719323881763046,0.9706171094839392,,0.8235029715826799,0.8823793160345211,,23d8b5534877bd891ce5b404ae30036f3fd3a3f9769fc5d17235cd727642067e,79c1982f49ada9c405b84125d26d3248d5d79d06d6bc5cb458d82e04d838eb1d,4183dd708fba2c76981484844b03d5ecf1e594a50ab0a6ceb7682ff560d71ad3
sunny-mainline-cab-view/0137,sunny-mainline-cab-view,train,16201,5748,8170,2038107,24371,21949,0.5378996646635015,0.7381201877078682,0.6647654999794839,,,0.9011238354555404,,,,,,0.0,0.8271430303520187,,0.5755358965634569,,0.5378996646635015,0.692374457532548,0.9600905269226269,0.9683306349715416,,0.812923875432526,0.9052748102333427,,a171edd02bf21b2bc889ac8ed17fe30fc47d76defd59a637e236ddadf0c76f27,6f160ebe16131fde736faa1b907b2b9193af1e3c3ecb7fbcc5d577bc8750144d,ffff91cffe4efa2842bf5e367d73951ad91929e6e45af6ae48b99a1ad728473c
sunny-mainline-cab-view/0138,sunny-mainline-cab-view,train,5364,2048,1572,2059247,6936,7412,0.5970614425645592,0.7236913113869401,0.773356401384083,,,0.9453203435838322,0.1655328798185941,,,0.0,0.722737556561086,0.8703560474729964,0.6448724326629237,,0.45497658782566935,,0.5970614425645592,0.9309628261371508,0.9375814636887774,0.9869620234096079,,0.862002743484225,0.9623969861078409,,461bdcfd80571cea432e10e0947270b1a03bad21b5efa4efc325d700d1107bed,50f45cb9d7c36f7e9ad713cde316882219c82f7d0791f0d0e907e65ccc5286eb,9a3742e6b745cd7d65b802d317ea37e0bc83d8713a52f3f3c7fc892545ade03e
sunny-mainline-cab-view/0139,sunny-mainline-cab-view,train,26377,3913,1493,2036547,27870,30290,0.8299090708869521,0.8708154506437769,0.9464298528884105,,0.8899649701215743,0.7639891576937652,0.44224422442244227,,,0.9273640931932389,0.0,0.0,0.8006809819320116,,0.5854631664160981,,0.8299090708869521,0.0,0.9223346023448302,0.9818993053795062,,0.7801763707680752,0.7143918199598921,,ea793969cdff22d7aeff4460d14cafa8007c32c5650e6cd3586775c958a0754c,9ffd1fbd5a02985f044eebd2c5f1c76c095bee6781c959b4c6742485ddd6b778,bc2cd0833b70918939e051c077a3ccd5816aff329e801d66a1ee06a81ec911b5
sunny-mainline-cab-view/0140,sunny-mainline-cab-view,train,16580,2392,6931,2028083,23511,18972,0.6400802995791993,0.8739194602572211,0.7052018204244822,,,0.9408430158161437,0.0,,,,,0.8105210132412205,0.6195381250317921,,0.5493317008468523,,0.6400802995791993,0.0,0.9466218631737712,0.9849385579562296,,0.8098193926671251,0.9296075981768654,,3a5fae521d4841d641c0b0953b4733aa8f8734d7fd9997403022f033352a935e,bec802af770693ccb921ee7235635fe5fd724eaa5b1d6e1f6746af21fd9112cd,be79a47eeafc92903fa7258ce07e4126ba4c6c8ff7fef74f34881e5cdd999e83
sunny-mainline-cab-view/0141,sunny-mainline-cab-view,train,14342,1290,9782,2035765,24124,15632,0.5643346187140946,0.9174769703172978,0.5945116896037141,,,0.963002494710582,,,,,,0.5604807242078976,0.0,,0.7751160104841666,,0.5643346187140946,0.7647112656721882,0.9369212387914921,0.9476076946450693,,0.8555520254169976,0.9092603055912867,,2ab1618bf2232f7953374c7ff9fd6dbb5957a1d11d887a1004faeb1f3bfa8241,97b17a45f269102384f6109c04c9d6b8bf8782c9ed75e154169d5296a043ea20,50e0498234de99a99044217bccb12bac18464c224ec19d37f0024c0b36666fb7
sunny-mainline-cab-view/0142,sunny-mainline-cab-view,train,21109,430,8158,2038310,29267,21539,0.7108125399872041,0.9800362133803798,0.721256022140978,,,0.9500083716497302,,,,,0.7449712643678161,0.8677000720980533,0.8808608629406468,,0.3030467899891186,0.0,0.7108125399872041,0.0,0.9750684485177809,0.9881457670350537,,0.8883479685154011,0.9395449358767644,,f9d4c3db5d27a80539d7e059e63c85bbda048e2f6d73d48e3b0e6d2541a023d4,ecd3fb29f78f54f484c4e6ff39b9f5010a4ff9510a0ca54c9e0fcee6ada30585,ea489bae89d9ee34dca0e91d9837d5f76316e9b68b0afeafdd0b6a3f0ba6b576
sunny-mainline-cab-view/0143,sunny-mainline-cab-view,train,25441,2536,18903,2021341,44344,27977,0.5426834470989761,0.9093541123065375,0.5737191051777016,,,0.9075155559118632,0.5138344995827181,,,0.0,0.7973092844470727,0.0,0.6425587896727512,,0.5066385669125395,,0.5426834470989761,0.7666586955222096,0.8817370763162683,0.9879538137750133,,0.8811896084790531,0.8625070322505994,,4437f8bc5b8248f9f54a530115e7dbcc3ace4af83f6e7e7505c28bd61deecdb4,5633b96990c8cacdbca53cbc8c942d05e63f5e2d839d47c6d0409a38e1392cfe,bb669eb5e46045565728313d528ddd5b7dfcc379b917875e5775fe6bb848d6d9
sunny-mainline-cab-view/0144,sunny-mainline-cab-view,train,2784,1132,6885,2057235,9669,3916,0.2577539116748449,0.710929519918284,0.2879304995345951,,,0.9091403374274825,,,,,,,0.28467011642949547,,0.533115421712571,0.9133333333333333,0.2577539116748449,0.5396618420480723,0.9514954729695967,0.9650976856943012,,0.8047577603713374,0.9366587100425721,,f6b634ec6548b8bf98554aa0ac61f40eb22ae85f7e7ae26d084ddb9500ae7e5d,7f8b37a8c257a86c7ca870dd1ce5018c32c9ed888de4dc3afc7b590ae25fb898,fdb3403681b4880e651399192eea1817f5ba88b38df7cc7784840c77eb07871b
sunny-mainline-cab-view/0145,sunny-mainline-cab-view,train,19038,933,3166,2045002,22204,19971,0.8228378787223927,0.9532822592759501,0.8574130787245542,,,0.9735057373912279,0.4340804421246546,,,,,0.7796318445695616,0.9615388662646925,,0.0,,0.8228378787223927,0.8889870168459106,0.9309553328254689,0.9877656089113545,,0.879037342604435,0.8979127638713469,0.0,fcdb2f1d198ca40299c924da55b12732604c2030a0db21c6f4a86b3b5c804d35,20c74d76997181bbbf1ecde190ab83a62b8b818f8a40955abbde22b23f85c59b,cf49ae8306d32bd2275137d222e47f31166e45e3d8f3dcfd9fc0576824844ff3
sunny-mainline-cab-view/0146,sunny-mainline-cab-view,train,29655,6219,13218,2018865,42873,35874,0.6040699095575653,0.8266432513798294,0.6916940731929186,,,0.8824738724326897,,,,,,0.0,,,0.5093818349257512,,0.6040699095575653,,0.9684591771565133,0.9717213582382745,,0.8214040192489088,0.920774546038888,,144ac7ace9587dad2bd7d7909441c0b2eb1b7a5fd5d975855c31e6f54006cc89,14b653b227e8c3d3a8b942968a57b177faaf75fb68a3e71ae071e6286eda5cde,fb147d6a82c31e8fb391486c1368a85dfcf2fb5698a8638c976935a94f9a6b0e
sunny-mainline-cab-view/0147,sunny-mainline-cab-view,train,5220,619,831,2054661,6051,5839,0.782608695652174,0.8939886966946395,0.8626673277144273,,,0.9241159578991514,0.0,,,0.0,,0.8812751004016064,0.8751328374070139,,0.5644560357675111,,0.782608695652174,,0.981860591178719,0.9587155285741717,,0.7429258720010129,0.9172648225419753,,6cf388fea166cff5c1481f523509bf3d72656e5aede0964f0ec6b15e88adea19,692808c9fd7ae6179769e38738eb5f38b5dfd78c857fdca542786e3cce1a19ce,08dbaedcafb0deead86ba42626e7ee4239d646f7f36d349f08754186f514275a
sunny-mainline-cab-view/0148,sunny-mainline-cab-view,train,29022,9795,1933,2003025,30955,38817,0.7121963190184049,0.7476621068088724,0.9375545146179939,,,0.9127587110296044,0.7437000845626234,,,0.7261698440207972,,0.015727766657134688,0.9437462769739244,,0.5996316298816845,,0.7121963190184049,0.0,0.9242937517680216,0.9757883746230623,,0.8337296836304594,0.9118646331960369,,d859eb4079cd5f05a69e1a52ca314157548f99524569888aa31aa39194c4c163,3f6263d12602f503c9afd8899de5bf72117310b14c1df89f7ca3507e4df9258a,7842b89b992f7dc189e1e3b9ee1960fc12a196744063cdd023deaedd6bdfbd41
sunny-mainline-cab-view/0149,sunny-mainline-cab-view,train,6946,490,3668,2046024,10614,7436,0.6255403458213257,0.9341043571812803,0.6544186922931977,,,0.8896007612977471,0.36006829140166224,0.0,,0.0,0.7927781113303027,0.2864166059723234,0.7463453380879147,,0.6641242579129496,,0.6255403458213257,0.6912677493410424,0.7677672347017815,0.9616110372579312,,0.7444040462219662,0.8066796816338789,,0f14ff36a7fdb27af6f7ec8cb353e753e159bb3b77aab52a80b13fe6937791bc,f956580152828b020215fbf2c78a840a5b4b68ad7e56c3e41bf4fea9766fcbe0,d99b26a5fefa5efcf88043063106edccf55f37d7690ad033805c401c0088e636
sunny-mainline-cab-view/0150,sunny-mainline-cab-view,train,8323,1579,1295,1997373,9618,9902,0.7433241046708939,0.8405372651989497,0.8653566229985444,,0.0,0.856457807777096,0.02881269933314004,,,0.3160112359550562,0.013600572655690766,0.6940999806239101,0.8301478247638666,,0.538308149067222,,0.7433241046708939,0.8393484198205228,0.8334646945229096,0.9915527698245068,,0.6962514962514963,0.7790353958389624,,d4d60368183c52383216b6039fb814147d7720ff8a5ea3c97e9222f8f0eb8937,ea19db3c93ddb0c57d8a40d4882b76fc921b3e7ef2c036f491aeeeed322a8ba8,1d26fff53ab621b1696e45001c0fe224da3e870c6bf470e7dcce300d3a4f9838
sunny-mainline-cab-view/0151,sunny-mainline-cab-view,train,3973,2095,19865,2040054,23838,6068,0.15320248332240774,0.6547462096242584,0.16666666666666666,,,0.8620753057798385,0.7215303601287778,,,0.07419459811259356,0.0,0.0,0.8005373039182205,,0.26455635761031376,,0.15320248332240774,0.754522994235187,0.8551115506210575,0.985941537233521,,0.8366630324448288,0.8235648209383495,,4b1751c125ecc67afaa53eb1d7655c7a5ec051098de588dcb48ea4bc9cd3c5fc,1ab5b3a734f95118a4f540fd1aa10298673d5e4910ab7f3050c63f27f8d9a24b,b03bbbdeabd7bfa1e97980d7ace227202bb1be97acd9af3e62c3b2592c9d122a
sunny-mainline-cab-view/0152,sunny-mainline-cab-view,train,8397,5900,4311,2040971,12708,14297,0.4512575236457438,0.5873260124501644,0.6607648725212465,,0.0,0.8791727047883372,0.5688396570749512,,,0.4331692540704279,0.0,0.6972713231508495,0.8269483289083991,,0.6973609206735584,,0.4512575236457438,0.8294866310160428,0.8796605889959218,0.97803820119551,,0.8278709620489592,0.8470578372969093,,7c244faef1d58c7c544581c4aaad579ceaddaf9f4f8593f1c642198319e0f064,57425f7fe572f2d8c613752e0aa310cac5a68f17926ddb24529c7254a7030148,01a6bc114a75f8eb21778c1bf6c071bb2eef3dd1db1f3562d98fed04b9fe39e7
sunny-mainline-cab-view/0153,sunny-mainline-cab-view,train,18159,6490,3256,2038832,21415,24649,0.6507435943379323,0.7367033145360866,0.8479570394583236,,,0.9250540863444089,0.0,,,,,0.6726393470117963,0.0,,0.8778157671969306,,0.6507435943379323,0.9622848026120511,0.9649151947644784,0.9896652268090256,,0.9071105303416624,0.9536790845861627,,8a9db76dfcf9155f0dfba13eb33441d81632dfa0d872dd599c6a9a249961a009,05a5851a91ad31d3a2d1b4e3dda4c9fb4c997e5bb7d94639cfcf404ebbcfe4e3,1367da442162388648e7b2e6d3b696c4d4235f1fc6ae425b29489522f2e466e6
sunny-mainline-cab-view/0154,sunny-mainline-cab-view,train,14537,3975,1879,1983399,16416,18512,0.712912559462508,0.7852744165946414,0.8855384990253411,,,0.9524893193513934,,,,,0.0,0.0,0.0,,0.38770147161878066,,0.712912559462508,,0.9590204420842459,0.9944978599095032,,0.9111003627569528,0.9256605294784709,,6ba5f4dc3a08179c05592eb64e30da7a3ab0f61eb7a134091c4cb022c307f8ce,73a89e97a564e8790df1b2ef5cc6b4b1abecd82ba42528df33db4e2887c0a69e,7ca008f914904513797d8360f2e53e5af4fe8208a9338b01e0805c12e4918214
sunny-mainline-cab-view/0155,sunny-mainline-cab-view,train,4590,4026,374,2051633,4964,8616,0.5105672969966629,0.5327298050139275,0.9246575342465754,,,0.9580173039218626,,,,,,0.1296255262574784,0.9196707818930041,,0.45610438024231126,,0.5105672969966629,0.7504141358365544,0.9704724521324661,0.9809086053574422,,0.8861762203140713,0.9340205282445869,,06a90f5ff240f94f7308b963ae697e96d8e7f41f7c690b41c58516e490c044e0,3520046f77397809711aadef6d4851348e6ef6dfa7e4d4acffde40d4a08d976e,9e3874a62db27b6ac9fcb9526547d211e5d6b4b57fb37cd9486b9e2b8050d5e4
sunny-mainline-cab-view/0156,sunny-mainline-cab-view,train,7240,821,2632,2049667,9872,8061,0.6770784625455906,0.8981515940950254,0.733387358184765,,,0.9662223283162047,0.0,,,0.5775862068965517,,0.776528343053749,,,0.5877390326209224,,0.6770784625455906,,0.9654006612953496,0.9791458330128155,,0.911433773752276,0.9100221299524095,,2a9b7f9f2e664a6492b210e6af5c8b3238a3d01e1f1d4f0c3506e92519ad0942,407421d1c13fc9a5c28ada48397820d63763e5bbd52ba90e03022634e21f2fbc,73408d2c6e4be130658774a659997a0e39da70828e5f2d96e9143918c20bec97
sunny-mainline-cab-view/0157,sunny-mainline-cab-view,train,22148,7361,1389,2037274,23537,29509,0.716810149524241,0.750550679453726,0.9409865318434805,,,0.9481538120020718,,,,,0.0,0.27502722414972014,0.8135858729706636,,0.7166644985039677,,0.716810149524241,,0.9427173064846669,0.9891073641625633,,0.89071074489779,0.9166489107674222,,8e5da439095b7bf529ca9afbcfc297a86c96a3820aab657ef461687e06417c1a,9981e1d1ae142c1e9738d94cae092b732bd369db06694bee51a34ebb4e3fc179,dd042d2d72f0297d645fee933bd449f611ffa6b4565165786b408dbf5784b423
sunny-mainline-cab-view/0158,sunny-mainline-cab-view,train,4621,1438,463,2061656,5084,6059,0.70852499233364,0.7626671067832975,0.9089299763965382,,,0.9691855063487148,,,,0.4268385140257771,0.5783396946564886,0.5968734812894865,0.643815577078289,,0.5334137739001299,,0.70852499233364,,0.5935653054676874,0.7270426093947399,,0.8659934717242045,0.9365053428384684,,e6a650c2b434f3111eccf6b5f78e578afe4a7a00834675380b1cee62d761869d,07015ed660b2b8ea64300203f1815f3802c8e66a3db06436fb5305d647e31263,5b84562500b40e12c7f5ddd43e35055131782784b60e3f59225d2b301d6ddb43
sunny-mainline-cab-view/0159,sunny-mainline-cab-view,train,17279,986,12080,2037764,29359,18265,0.5694183555775252,0.946016972351492,0.5885418440682585,,,0.9530233741494823,,,,,0.7911186352389634,0.7563093402580541,0.9204834900199138,,0.5184210526315789,,0.5694183555775252,0.0,0.9559142121032469,0.9902467405462431,,0.894603723708043,0.8893835371522563,,0857b1a64422a748f3a1acbe2298b756354dc4e916a3e35065e7c7c8aa443cfa,d11d1839c3df1fc963b3d4a7d2fad7dd497deb84c04b0fae9ac7612d46bf2393,2f5649fb0fe9c1bfbc51cc7157fb8c43cc135ee9c65796497d2bd5624df70a74
sunny-mainline-cab-view/0160,sunny-mainline-cab-view,train,20169,2724,2799,2042610,22968,22893,0.7850303596450257,0.8810116629537413,0.8781347962382445,,,0.9580902853920616,0.0,,,,,0.812415984357815,,,0.5523032629558541,,0.7850303596450257,,0.9660939124247461,0.9854705164269413,,0.8899561096622353,0.9112566485586114,,3f99be5f7928e5a01c3e2e0da7c216742c167125a2f4df4f9eda959f3e86453c,3a16390f7fe8b99976e346e04b3a49000f78f09ada1595a248415368e11aedf5,c0d449523d252e9e0d86916fbc0fd8c8002ab612d23cca1470bca64b19813880
sunny-mainline-cab-view/0161,sunny-mainline-cab-view,train,23344,3307,4354,2037114,27698,26651,0.7529108208353491,0.8759145998273986,0.8428045346234385,,,0.9530950283354265,,,,0.0,0.9286203746002741,0.7629026955950032,0.8042510437057183,,0.5166530538161358,,0.7529108208353491,,0.9329320245280094,0.9902292037662738,,0.8931690484915109,0.887976075361053,,016395879116dde76f1eddcc264a67c3d1fb136d9a0f2d92b33ab41044c4e774,d23f8db4f6d3d5ebf380883116bb37266ab923f0b3242a26533b21ff6567c406,d8569d393e13e37846fea2eda54340da07c8ed97cf2901dfb14a64b5c185ae8b
sunny-mainline-cab-view/0162,sunny-mainline-cab-view,train,22815,1993,4455,2035882,27270,24808,0.7796534873389604,0.9196630119316349,0.8366336633663366,,,0.9584397953368041,,,,,0.9473218993269857,0.7628508721266027,0.4828603540320315,,0.7927841339666931,,0.7796534873389604,0.43510359609430815,0.9586883069120501,0.9848236624929649,,0.9052782576505429,0.9446559441995611,,9a198f581ccbd0527724f15f9a3cece6e5832854e77e259dffc5bd5a429ff05c,0f13810f4e07bcb4e31d23ae621fe1f2f1ba5df5bd7d2a28ccf1edc7b7b90c12,b8045b496d2869f00bb79dabd4a4fa6eec4b67f5479b1a2b88034b4b46a1d0dc
sunny-mainline-cab-view/0163,sunny-mainline-cab-view,train,45510,2398,14625,2005432,60135,47908,0.7277757344122303,0.9499457293145195,0.7567972062858568,,,0.919309841624104,,,,,0.9414200930788609,0.8488751814223512,0.3808192261185006,,0.6160438249172859,,0.7277757344122303,0.0,0.9561140612799927,0.9912539211045159,,0.8612545900565282,0.8998500737763607,,53c1f0e23c023af87bca8d7c925f1118fa6e03bf34b314ab0e901d159fd525b9,0dcf0e9793f56137c43c73198bc407fb3d307128f3264ea267e08b830d3a3e6c,af5483fa172f4d1efe92430524d1921f6f022a8d6f7d05e99469a024411a9d54
sunny-mainline-cab-view/0164,sunny-mainline-cab-view,train,34536,4976,2557,2026108,37093,39512,0.8209370320188262,0.8740635756225956,0.9310651605424204,,,0.936129711179479,,,,,0.9152211129122669,0.5948497854077254,0.8609145112169176,,0.40547588005215124,,0.8209370320188262,0.7982064232064232,0.9666100251248754,0.9933802316985624,,0.8829634656015298,0.9562888756344868,,dc2322339b57aed5805465301755b9054b87fba047b608e05ae4dcf959232006,595424faa77d35db1f99a37b4f55a72e40170bff8e5dfdb3ab73ae65e3e2479a,afe1383889503c7f60a4c395089040655085ea549c0df422a4209764d9e7dc05
sunny-mainline-cab-view/0165,sunny-mainline-cab-view,train,21169,3048,6248,2037585,27417,24217,0.6948629574922042,0.8741380022298385,0.7721121931648247,,,0.9414331937093983,,,,,0.9437712958577169,0.7545913866388644,0.6092445244187027,,0.6786393407986477,,0.6948629574922042,0.7962126985988157,0.9363287968002768,0.9928755816155834,,0.8830895171681953,0.9006706671373103,,ed03205def575f68a08e90b5040e492f111657b011c4a09ea8773bfee95ae4f8,48f2d8f29663c715443a61887d3de406b2141c0cd0635bc8d985d53ed8a38d72,c0261c2518237b06d847140354fbd7dd5063a83e4cf8a6464b39ce0688278e97
sunny-mainline-cab-view/0166,sunny-mainline-cab-view,train,20839,3577,1006,2042598,21845,24416,0.8197230745023995,0.8534977064220184,0.9539482719157703,,,0.9562917968076341,0.0,,,,,0.8204451376807247,,,0.6927681206953099,,0.8197230745023995,,0.9762189598224409,0.9862178342979874,,0.8669087388041636,0.938607249392719,,4cb25bc7ad809534409bf310ce0bd9621415dfebdaa38bfbacf278916ddd0f64,6efebaf42ad436d141650e14308bf18e2389d3ec7ed42dbb736ae5b5f6d3a70d,bcd2338ac2a91376bca8b12c0d4aa3fe9c77805b08fa5e9b98a237f30518b615
sunny-mainline-cab-view/0167,sunny-mainline-cab-view,train,5311,1679,348,2057884,5659,6990,0.7237666939220496,0.7597997138769671,0.9385050362254815,,,0.9572908985944636,,,,,0.9136930954476358,0.946616895039529,0.890191656025252,,0.0,,0.7237666939220496,0.3634264760805351,0.9181037142903545,0.9854398985787131,,0.8890846717604866,0.86976202327108,,ea08f07ca095ed6d035d6f14b8548f69a14bf8d6b49efbbdddf5179bf9ef3009,b5e44b4d05c9f941f3f50ad3195bd2b3c67bdab306fccddeab16a0e824382b20,e47c4b5b5aba3aeff92a8fcec4769e9758cdfc291c98177ffae37d2a5e158b3b
sunny-mainline-cab-view/0168,sunny-mainline-cab-view,train,20840,866,4344,2042017,25184,21706,0.8,0.9601031972726435,0.8275095298602287,,,0.9504544734758511,,,,,0.873106327095352,,0.8320491135751426,,0.5089133089133089,,0.8,,0.9458700958218242,0.9892863174249333,,0.8626103562707407,0.8749698027110455,,72b8f6a32917f9b4cd7edbfc8b38900c94a094dd308a81ee17ec8c715bf8a875,adeae42b66b6f80ff7ded176032da0f049d5158fb43d05363602b068574857d5,c02adb3deaba8c80b384b4b3544e610d7ad8cf0c8442376649493270678ed785
sunny-mainline-cab-view/0169,sunny-mainline-cab-view,train,4837,1155,925,2061110,5762,5992,0.6992916004047998,0.8072429906542056,0.8394654633807705,,,0.9725049656091049,,,,,0.9276628090968323,,0.8742449137389455,,0.5024422206337861,,0.6992916004047998,,0.9578300423334657,0.9888459794126135,,0.9013422501222378,0.9265945209981455,,e50a126b8e9d96524472935c0169644a3000d548dd10622d7dd7837f28b262f3,1fabbee7225ef01c83c8f9d87a5e21012dbd0cd0e092aae0b3f85cc885236dfa,0244dfda21844e2961dae4fccced99277288c1484dc2ea6594bd8c30ac4d115f
sunny-mainline-cab-view/0170,sunny-mainline-cab-view,train,5804,59,3436,2058906,9240,5863,0.6241531347456716,0.9899368923759168,0.6281385281385281,,,0.9568503767363086,,,,,0.9327481078253478,0.618824531516184,0.8565454545454545,,0.41984996119686124,,0.6241531347456716,,0.967141240572081,0.9848663283744076,,0.8747540882823066,0.9530892171725317,,3f433ab98d445e66fbd4c3879168f0ff099bfa2f2a0555a496a23ef041827ef6,2432eb316800d123f6938e33fc85795b3d6c60ffa520a0ea9203c0121e31584d,733b19670c18be8c2993415154f6e91119264bc54ca2ae5db4287b6af427592e
sunny-mainline-cab-view/0171,sunny-mainline-cab-view,train,20755,528,4642,2035543,25397,21283,0.8005785920925748,0.9751914673683222,0.8172225065952672,,,0.9654050373512986,0.0,,,,,0.0,,,0.8242652293298078,,0.8005785920925748,,0.9644954146013875,0.9660001637599279,,0.8425937177228264,0.9243752646360744,,f0f37b4a43e03c4b5aef2ec2723b33d29fdeb183e0247dc20cc38fd51708b6d4,e8e0d147bf6775475813b28df3bf64d5faa50955a9846c2f56a541b5e2252767,6c465b290dc34680520a9bd18d69b7589345f3ff7aa2ddea014268b17e6224b1
sunny-mainline-cab-view/0172,sunny-mainline-cab-view,train,0,34378,0,2028759,0,34378,0.0,0.0,,,,0.8485771468249106,0.0,0.0,,0.3879093198992443,0.0,0.0,0.8659324612938664,,0.5635883469505654,,0.0,0.0,0.8467173622542633,0.9541752491442765,,0.7532627597967212,0.8202530001638842,,9d1f242981192b866b8c78b235337b3fcd78c0dbb947afbb3861211b73247352,c9cc1d7969f031b1ba1caed9230b1e99f67407a3ccf18ad66582f8d9f85d7a54,1eea96a2d46b3d4f7a3eb6d09c30209420446d0b79a4031cb8f98cad759fc68d
sunny-mainline-cab-view/0179,sunny-mainline-cab-view,train,0,0,0,2070979,0,0,,,,0.8923099674652469,0.5605242185424599,0.9128207368210862,0.0,0.5488171097927196,0.9038132329025079,0.0,0.0,0.8608064152879975,0.9211113186197502,,0.6528586331056297,,,0.8494403291537276,0.8968467092251041,0.9599648413640359,,0.670815443183201,0.9226085886983413,,2980bdd5ac578120cb35ad4b8b8f5798eb1663f505b1d628312365558c8e6637,0a9409b2e919a722e20a573aade797666e16f212e11504e1bba1fad37db8571f,4d66ead971d3c28b10da65b9c092d10499f900c566c506e7e39770d763cdecf5
sunny-mainline-cab-view/0180,sunny-mainline-cab-view,train,0,0,0,2073539,0,0,,,,,0.02630093690032735,0.0,,0.0,0.9046194438384909,,,0.0,0.7254212711734077,,0.5202721088435374,,,0.6322969851462574,0.9218046061957725,0.9815526217498648,,0.8147795165042375,0.7059817993311358,,11d2b9c079ad57dd8e7e64839160cd7b1d1b689d42720e385bbae214ae1ce4e2,d03eedc21174cd47abea991f73f6f1990f52f4dc95c05ca152a8ebc1c4f8dbbd,817c35819a32b1f28d3c2587a204be3fae98d18ff8ae79cb6848c49948c1d7ef
sunny-mainline-cab-view/0181,sunny-mainline-cab-view,train,0,0,0,2073600,0,0,,,,,0.9731906820514415,0.9713232185635774,,0.3829787234042553,,,0.0,,0.7642276422764228,,0.5297521251517966,,,,0.9835422972790314,0.9914464269631438,,0.7710877431026685,0.943630685793,,961d4dc340edb778535bf1a91b174154c09e8c3bf2814a05efe15d66cfa809cb,f7acffee97a0d29fb4655547c1884e20e9bd9972cc8706da96cdee1e26eb908f,442aa2676bfe98abe9b55c852b7016fef997e63501f04cb1e1ed2e24eb6b7d84
sunny-mainline-cab-view/0182,sunny-mainline-cab-view,train,0,0,0,2070136,0,0,,,,0.8035117056856187,,0.925359250705671,0.0,,0.0,0.0,0.0,0.9373963247808009,0.950498627513277,,0.0,,,0.0,0.8341086559229108,0.8774189529636499,,0.5969364108268447,0.8490958004203869,,2b635f17ddb2ba61b77fdcac0499ec5c3d70dea1323a289937212955ea815653,4ceaeb2102494da778ecf94d2ac615d63cfe08ae62aaef2a6796fec50fb8bb6f,0c2b9ffeaa0847728ba8d7f46beadb5105713937864598343cab1577af1db3cd
sunny-mainline-cab-view/0184,sunny-mainline-cab-view,train,0,0,0,2070348,0,0,,,,,0.7642514651038892,0.8446743074728387,,0.8583963691376701,,0.0,0.0,0.9251422938900802,0.8549966870866124,,0.4766740266270249,,,0.5432483939384625,0.7140277948043553,0.9680023177937838,,0.7292690369216848,0.919216451474516,,fce720c8ba60a17547f87e487d475b7dfc8130e8e3f6de1eb655de80095dd9d4,cfb308f1843883bcd1f15e0bb17c380c182c15635fad7bdad3e92fd028097a16,24962d8f885ad943088554a8c46fd4c3a739ce51f0a07d1456d58dc0baf8aa31
sunny-mountain-stations/0228,sunny-mountain-stations,train,0,0,0,2073600,0,0,,,,0.8909209666884389,,0.9570265130636093,,,0.9802556234537142,0.5630019385211853,0.8552399667753895,0.9208467739467354,0.8238082674451263,,0.724743204309157,,,0.7082514734774067,0.8081718374966663,0.9880503671858861,,0.8112105877773452,0.942905487804878,,8fb67a7950262b0a2133f19fd631fd9df52f83e1660f0a811abf3e9d0982f269,f4c0dfc2948c51f179a4a80f4d4b7d2a14b8c5ced33c320220f787477a45e6d3,65163ffcd52807141d18efe069dcdddaac6c689972b33fd07f4ef14f07019cfd
sunny-mountain-stations/0229,sunny-mountain-stations,train,0,210,0,2069801,0,210,0.0,0.0,,,0.7148064955628383,0.9531290982531606,0.0,0.16159567275185938,,0.706019347903977,0.8059321902877198,0.940131372428219,0.8755692923924242,,0.5641605710982078,0.8979464841319228,0.0,0.7046442587843862,0.7288101442656422,0.9863328073207109,,0.7990461847389558,0.9330997815604006,,0354800bf80455fa7680958e010518b436ea155dca8b0abbc8d1e10092f0661b,fc908e7e08e5cc665f4c59c11eadf28fcdf161bd566dd5bc31ca5349d4ad036e,2e03960dde205c45f1fe45257200a808d412c86e6a780fbacb3dc5e17d718e19
sunny-mountain-stations/0230,sunny-mountain-stations,train,0,25347,0,2004895,0,25347,0.0,0.0,,,0.6182652210175146,0.8298656263545731,0.0,,0.9499359248184537,,0.6010041640931642,0.0,0.7477607736362782,0.2869662392659687,0.6120238375568315,,0.0,0.6628235104410223,0.8841674083663726,0.9742256734534775,0.4587628865979381,0.7537021177527043,0.8156330478893535,,505099662669780df8408d783f6869cfd7b572910896d2c7b6f0e27c7432cffb,0f54a1615827a6cc63096a9eaf5bd58b3ed9758a76361bcee72da0187c106f17,bca22c6c5f522ca5c74b13e47f899f96fec349df4060f2883479245aef1dbb52
sunny-mountain-stations/0243,sunny-mountain-stations,train,0,0,0,2073291,0,0,,,,0.0,,0.9019035239231468,0.0,0.0,0.9599060165733683,0.0,0.0,,0.5,,0.2980622686697148,0.7459074733096085,,0.0,0.983984369095988,0.9944663578683265,0.0,0.5967247754886423,0.9397973220836391,,d048231d419c08d7176eaceaa89f964709a5a5de28918f80af2d6d5cb56dc892,ac493ba00b218289c9290e59fc10ebc5e73442a5005678ae91222731a9f1a765,d234a5d3875daeb01aeb1c817f6b15dbc11f53ae9ab8647bf558efb3d48d8292
sunny-mountain-stations/0244,sunny-mountain-stations,train,0,0,0,2068950,0,0,,,,0.8155596784168213,,0.9174963095197226,0.3211120764552563,0.7881188118811882,0.866839079810722,0.1958762886597938,0.053348214285714284,0.7525341465509836,0.6233134373275819,0.0,0.693038440316351,,,0.7868914711019974,0.8583771946997197,0.9859620922429296,,0.5668595933545253,0.7032145484406275,,8d1edf47c4a0e099e6bac09702b9eb61358d689387405e5915c4b761311fb755,62634f58072805641c40889959a1644646ac9bf20776fc28c0eb907ebb26db45,b45e1fca20919a25125abb19c8aaecda2083a630a4d0c527d59209d8e927034e
sunny-mountain-stations/0245,sunny-mountain-stations,train,0,0,0,2073600,0,0,,,,0.86812486727543,,0.7252020727567033,,0.0,0.902696503661011,0.28434504792332266,0.6736129495858705,0.21883565610160985,0.9486759203290082,0.7553513513513513,0.45988382646578324,,,0.09805301430917195,0.8927180688482242,0.9925587735189699,0.613777824665049,0.6452557557075427,0.5892740003966377,,ede5e722aa51b1edf1b7f3550819d1fa7c743d02958fb765bf9233ccf1ea1020,cadf2ab9a2d6547b808e82099b83169aa947fb0617b0d25d7c012f3a84f18477,302b8179e7afb021e2a31efc3783f7ab81785eaabf0d1beb3d186ae976a51137
sunny-mountain-stations/0246,sunny-mountain-stations,train,0,0,0,2061103,0,0,,,,0.8635336647085404,,0.8029137394909593,0.0,0.0,,,0.0,0.722014503591117,0.7882435240623007,0.9693178433124814,0.30842412152831056,,,0.5559852308230102,0.9490177176014337,0.9774424755718182,0.8301968731905037,0.7814603782619105,0.7969363276021494,0.0,90a65adbb644d54e42c7e51d5cebfa0b1e554d4d34f442db24481dcd7007c74c,8211f22cbe10bb54834c2a0f57f23d5612d3a7a8d288102d2f5c719f02078527,33bfe0c1cdcc372d1a0d98a2b2417fdd1fda918cd84d41457fc3279c480b58f6
sunny-mountain-stations/0247,sunny-mountain-stations,train,0,0,0,2073600,0,0,,,,,0.7182835820895522,0.9531120245806345,0.0,,,,0.07250568064449493,0.8143729189789123,0.9259683186407573,,0.37723254555294966,,,0.3654538361969608,0.9467252732158341,0.9921943095138257,,0.8209343434343435,0.9568253817304321,,a442fff38da0ce40c7e735cd036d9ad22fde5c1909107105ed77bd798ca3f872,c5c7e80094cc032a92fa08b0b660de2231a9cddd7643b6d1c2df97dbdb15ba15,9bbeab4966aabee7ef4af3a5844e7cbf3d6ea687f5ec75e6ce76fd4d4224f765
sunny-mountain-stations/0248,sunny-mountain-stations,train,0,0,0,2073600,0,0,,,,0.8046925988774312,,0.9706929549755685,0.0,,0.672428006539144,0.0,0.0,0.37298009589471065,0.9229531247352996,,0.34823440002171374,,,0.6203678203127391,0.5561427804312805,0.9870088320552222,,0.8712431603711243,0.9472285810785455,,c489b83cc8d5e13b9e9ee4f588ba23a86a21404337b41cc01afb90627630275f,1828c615b6f7ff9fa65e720ed3534d3325375ddada62df18c96577a26343ed35,987c592d7c3a04399f3efb1c4520f048e60d19055c1e5f370a95153b59f564de
sunny-mountain-stations/0249,sunny-mountain-stations,train,0,0,0,2073600,0,0,,,,0.8610098761997497,,0.9675427000158637,,,0.9675723049956179,0.6588582335589103,,0.8150516028861083,0.9165684462061338,,0.808976279047297,0.0,,0.6748684210526316,0.9596411853214076,0.9853158134009884,,0.869373086649807,0.9324865299365693,,408760b135c0da743871d600304812e352ac956549d1987597238245735e8672,459bc06543c1527b8f31f3778f2304eca8cda8b56ce00177d1006117d7a4ed71,cd85160767e97a97297fe2c2958246a949f4aec9972669e008d89553ef8eca39
sunny-mountain-stations/0250,sunny-mountain-stations,train,0,0,0,2064289,0,0,,,,0.6918458417849899,,0.9852020811340673,,,0.975637868155814,,0.0,0.9611979448025834,0.9671319963922804,,0.7641300801218142,,,,0.0,0.9864919121600011,0.0,0.8484281770415888,0.9189840515720348,,0956dd0c21f6af0a1387e957effd77c906124754c421ea783a885ae3ce8cf3f2,1a54313fd7aaffafd2aa769b53c139c749f29333937e07fd9220a885589e54d0,9378d1f22f1258ce16aace3e887b2cca177d50743bdfed083f0e5628086088a1
sunny-mountain-stations/0252,sunny-mountain-stations,train,0,0,0,2029299,0,0,,,,0.7815691552529491,,0.8785469213649851,,,0.8760534628063835,0.0,,0.9704083636006675,0.9550559689103314,,0.5385865275993872,,,,0.9189440576875132,0.992759165213181,,0.7468295055765957,0.9626543292178875,,1749f26376edb32da712444c9e60186ff4bd29e1fed12a43bf0f659bf8e5a11b,c37061946bca614f0217b26c4987befc27e64f2bc1d0d90685762ea41c67810e,24883c32ba90b0b43dc5012c3b2bcb46f89a30d0e67da6880ca692f90b1a0792
trackside-maintenance/0000,trackside-maintenance,train,83149,38392,15580,1951839,98729,121541,0.6063914353016678,0.6841230531261056,0.8421942894185093,,,0.967884523771358,,,,,,,,,,,0.6063914353016678,,,,,0.9779681587095295,0.8541615009504918,,e41473adaa20b0dfe8eecc7e6000f550ae13c68770e4946667d4c938e7a89230,608d5152e26531f443e848f1ab03966ce4ec96ab2768c3ee09bd3bac6d538107,f1d086bd18ae900b042ae2a995a5348b95231ee0c6af05b7fc382119c1e26aae
trackside-maintenance/0021,trackside-maintenance,train,1272205,12340,39442,764680,1311647,1284545,0.9608893440796624,0.990393485631099,0.9699294093609028,,,,,,,,,,,,,,0.9608893440796624,,0.9817120851586214,,,0.9073621337286795,0.9251999585615129,,f193c1a096a827f7ac610c2dfa2ef5244731e66842755d4d9a52dae046fadeb1,3cc3a810432c2d42f2e1b1d81348e5530c70ad2520bc91739596cf667ef7070b,469c9c89fc009d190161bc11ce0939b2f4339d1b1ea127d23a0e54c6d72dafd5
trackside-maintenance/0052,trackside-maintenance,train,1170954,34224,6548,876942,1177502,1205178,0.9663521291116969,0.9716025350612109,0.9944390752627171,,,,,,,,,,,,,,0.9663521291116969,,0.9723719676549866,,,0.895863041046004,0.9862829831042094,,efc1a697946924df5b504e34114d2f5a5bdaff8ab191a9dd2c8d978a19525204,d7c67dfa30ada59632dc54a7ee5807a8e61a421646642ee6822c51b526280b84,023b8efb24cd84ae7bdeeec2f39bfa51cfc8749b9cbda55597ce36b1583654f4
trackside-maintenance/0055,trackside-maintenance,train,1176220,64610,4705,843425,1180925,1240830,0.9443492153973995,0.9479300145870103,0.9960158350445625,0.9638113828606423,,,,,,,,,,,,,0.9443492153973995,,0.9574328544659588,,,0.9596032354698337,0.8913912546451421,,28f3b3d7bec0bf474a3fc09012c7f4ef1b0b5a4e37e51acf00fbc5bea657569b,7b23c5e8ffdcb864899f2b44e3f35d742c5fa4f4a7b41a710d74ec6204039136,bf859a2d3dfd815d600071ec8a855aed089c53d7dd0240810a992e543c0c3c05
trackside-maintenance/0056,trackside-maintenance,train,1067771,65437,8787,945223,1076558,1133208,0.9350049693737713,0.9422550846799529,0.991837875897072,0.9711080544938034,,,0.0,,,,,,,,,,0.9350049693737713,,0.9386665905588218,,,0.949692241288633,0.8783359154128264,,ecf8e84d483b920ff62e729b88a34b2e02bc43b25ba2201f33a1d1233e98db4f,71ac374b6a05e5b030909b340d8dfeaf290ad55a7d2193361ea9ad5698cb1afc,a982cdbb6df94c298252599073032584e1a4929628e3c2382c62724e32994b1b
trackside-maintenance/0057,trackside-maintenance,train,806504,588,2776,1278687,809280,807092,0.9958462366706673,0.9992714585202183,0.9965697904310004,0.9614823031386887,,0.0,0.11145481814773153,,,,,,,,,,0.9958462366706673,,0.9640031088608165,,,0.9717482688049514,0.9790239477874808,,76a244cf235702a8709bcd5845224a9a5785c3cd791a1fc89b4d54cf065746b8,c6a6ea3d247a64e8a78e7264e9e5bf9070735b251f3b1498e53ceeb2d9a5eece,f761c98a0a43e6b58fb67bcabfd7480177f9acf2586200dedb58f451560f58ec
trackside-maintenance/0058,trackside-maintenance,train,1281240,10528,46869,750323,1328109,1291768,0.9571228047633525,0.9918499297087403,0.9647099748589912,,,,,,,,,,,,,,0.9571228047633525,,0.9363842259525713,,,0.8447293843076239,0.9703073199503732,,527bd4c6f5b48a8fa052db415d684acdb3dcbf8021025486fa219182ad9059ba,135090e121d0df3d05d16ca027cf3a9280fcb288b8d5e5c4b535ae20858a57bb,ed07fdbb660bf13a2acf5aa22d128d520bec7db98a645e5d559f4bb5cc8c13fe
trackside-maintenance/0059,trackside-maintenance,train,1202877,9917,51330,824807,1254207,1212794,0.9515498479579535,0.9918230136362812,0.9590737414158906,,,,0.0,,,,,,,,,,0.9515498479579535,,0.954242418615016,,,0.7954371933126159,0.9760940100816731,,8f38d8ecfaf13ea9265b15f72d8c2a5f6320df894c563c0277971f5a71223076,51caf95e4def10813bd0f02b5d94ab8f9ddcf77d3b4125ae347e9e88f0e70034,361b8fff8c979dc9edc9e621a2d7099a39bd618cf223504264f93a00b80598be
trackside-maintenance/0060,trackside-maintenance,train,1396016,14005,16159,662780,1412175,1410021,0.9788497945560869,0.9900675238170211,0.9885573671818294,,,,,,,,,,,,,,0.9788497945560869,,0.8768558951965065,,,0.9563471980700226,0.9507901153465311,,af2519b33d6b5f52478d8c41669353834cbc46bda125e944b6f0f559e55e7d51,a1ed253eef60a1b41a1f265e34bb48ebce8b527eb2c22c4dfdfd0244558ab6a4,86cfbb54913253ac88781ba8a1e5a640d94c8f50d35b1cb6ca1704585edf01a2
trackside-maintenance/0061,trackside-maintenance,train,1659789,6065,8966,414140,1668755,1665854,0.9910253042117959,0.996359224757992,0.9946271322033492,,,,,,,,,,,,,,0.9910253042117959,,,,,0.9679448926216525,0.9099517436037513,,8bdf064f89bd89d79af62f1c4461b3024cfa2110a8194ff5044d74f7f592fc74,a2d3dc8b57ca001020539c453fd25cc135c52f4e3a1b7e3782882c0642be1d36,5c62d72cfc4e4d66826108f650c3d6d84ec99925b34b01210fb92927594dacdc
trackside-maintenance/0062,trackside-maintenance,train,1902438,3309,623,181813,1903061,1905747,0.9979374413151697,0.998263672984924,0.9996726326691577,,,,,,,,,,,,,,0.9979374413151697,,,,,0.9788311933026461,,,6f1c22c5a26f9c6f9349d1b7472ea93537d6383a9cda356167f51397f8e8f989,8b6b3404dcee61dcef88a2efe10d1c664ce76c5c90f08c90a160e1881b9c7ba9,c92f2360b197bd26b5c8998ca9ff3a56928d1e49ef62a83d00c587a68e40b171
trackside-maintenance/0063,trackside-maintenance,train,1332081,18241,4461,734177,1336542,1350322,0.9832430728758775,0.9864913702065137,0.9966622822178428,,,,,,,,,,,,,,0.9832430728758775,,,,,0.9677357764165678,0.9716638621648316,,f25b27c24e3ff91436c5e3877a5df281c4dd826a5c70266f8b58faae4174a2e4,f404f535862173c8b8688fb06460f4e3b4307973ba3453d76a2a74ed1ce29373,c1da19b83677eca8fe27b449f51fb66f7c5f78fb9ca60b714ad80190f798462f
trackside-maintenance/0064,trackside-maintenance,train,342149,24794,39399,1682618,381548,366943,0.8420222374256169,0.932430922513851,0.8967390734586475,,,0.9534195448274947,,,,,,,0.0,,,,0.8420222374256169,,,,,0.9794173115692267,0.8053898526590924,,40ea4a91bdc724c6898236dad7394cdb56c3f9eff92be4c2d3cdc31bac221ba5,8cf27ff8c967f94b6ce773a71a3e75cdd9d3bead6550b3d272103014e8ccae9c,e1140a99e2bbe75e6cc6130dc0b977a56f8bae347ca6d47cd204ae2f81168f5b
trackside-maintenance/0065,trackside-maintenance,train,1337493,23357,4247,723863,1341740,1360850,0.979778726346919,0.982836462505052,0.9968347071712851,,,,0.0,,,,,,,,,,0.979778726346919,,0.0,,,0.9570018443378827,0.9654670958234769,,f03f57e248aa7907bdc8f6d9dc2d77aa18d6bd0c9408c1035bef8a148a559b79,c6eb3a0619930aa14ed66cc41633d3632df51fbd1eeb2b2d5c2a7d4933429313,2d7e2ea5dcd52e40efd7fd02249eb72768a504441b382447938bd078c6ba1a90
trackside-maintenance/0066,trackside-maintenance,train,1289254,8993,8758,781955,1298012,1298247,0.9864185676412868,0.9930729668545354,0.9932527588342789,,,,0.0,,,,,,,,,,0.9864185676412868,,0.9569020400254657,,,0.971262923043082,0.9762942854008995,,6223c858287f0677fdc6d3b7cc8038c3ecc2f0d657d409ea0818439bb88d0fa5,d3884b710501411f6f6b15febc4e69affad923b6dee90f38d67b046fdfa35666,7c02848ba749d40099a28e48b7a1c646eab6c56885de9e55d205ebd9bc2d9e6d
trackside-maintenance/0067,trackside-maintenance,train,840875,7484,16898,1223703,857773,848359,0.9718210889943681,0.9911782629759336,0.98030014934021,,,0.8449297443710851,0.49081364829396323,,0.9271918402777778,,,,,,,,0.9718210889943681,,0.9812590603752782,,,0.9579000866061288,0.9625257606033463,,0500732a4422c6db9e57d541c1a7f0c06c3e10fd30ca7e04d1cb512dcd29b739,31e1a531c8bacd76bd03d1630b16b65d83c1b22e86c7d094e48509567df280d7,2bb3ba3f96ebfbda8be07314869e2e587ebcf8b352538db1610ca4d769d000d9
trackside-maintenance/0068,trackside-maintenance,train,1031238,10489,22863,1024370,1054101,1041727,0.9686715073408543,0.9899311431881865,0.9783104275586495,,,0.8457042665108124,0.620137299771167,,,,,,0.0,,,,0.9686715073408543,,0.9775694359890147,,,0.9524978846271274,0.9545836422853516,,2002370858caebe870952bed7a32a15d4c1e010a5b718f1e3c6e2a619ef1550f,f630baf409c8fa26b7d8c7049cc4ec4ab2d5780809fe481c6ff0414a1752009b,5e9a2a0567c93a1d7edf5e732322156e72a07a595e431e884bec734c8fb8651b
trackside-maintenance/0069,trackside-maintenance,train,1797986,20929,8850,261195,1806836,1818915,0.9837074240944541,0.9884936899195399,0.9951019350953823,,,,,,,,,,0.9227582441062653,,,,0.9837074240944541,,,,,0.9524417720247406,0.7419678418645818,,f29f28360c7637a0569445615e72587d568ec754c219c552470709afefec21c0,9004352091a51ef231b51d3a96e9c590f364538a5c6d5c05d1c1cbd61935bd8f,660465cb7fad4e11d9f4b483f5f829a9a93e2976904cf660474406b7514d9bcf
trackside-maintenance/0070,trackside-maintenance,train,1866211,5862,9036,207851,1875247,1872073,0.9920802037521483,0.996868711850446,0.9951814347656602,0.0,,,,,,,,,0.0,,,,0.9920802037521483,,,,,0.9603532548322595,0.8186886551570662,,8da8ac7ad697e79d43107c8ebe4903d9b515079f50e3b43f871cbcaca0df5d1e,fc37c78a2230c5c8c971926e1a494ea03d9ff1f1d5ef03a91ddce40348295058,70fbd6957d90a665aea25580274cc324b284f87c8fe3da623395e110deab39dc
trackside-maintenance/0071,trackside-maintenance,train,1646001,3036,36795,403128,1682796,1649037,0.9763730905570662,0.998158925481963,0.9781346045509973,,,,,,,,,,,,,,0.9763730905570662,,,,,0.9767661055059653,0.0,0.0,3722b3d81a9495d0186d3ce92ec994c7f10c979ce8ebf1d78a787043f819a9f5,b67b6c1fd6b1b376e5af96480d72e2c49eda9b71209418decad92c770b5024a5,9de7b971ef4bcd0f91d2eaa82bd57fb9af2025c29daadbdf74b9604c15a4fe93
trackside-maintenance/0072,trackside-maintenance,train,1614443,11174,2288,461055,1616731,1625617,0.9917304756727204,0.9931263021978731,0.9985847985843037,,,0.0,,,,,,,,,,,0.9917304756727204,,,,,0.9711179391211255,,0.0,190287f82f43182bf0e583f603971ce568382ea6cb8bd6655a8483c3dd9de73a,ed7b67bd4cb17da870d4d1c71e483046760415f5abff5f935a882ce1e78f4a58,2c23fc390c19e867111447e4df5a941d4e5caa3fd0cb9da76f424b24ec368a76
trackside-maintenance/0073,trackside-maintenance,train,1543963,9137,20339,515521,1564302,1553100,0.9812665123973665,0.9941169274354517,0.9869980349063032,,,,,,,,,,0.9245588247042188,,,,0.9812665123973665,,0.682943143812709,,,0.938910842692328,0.6975393211128544,,5652f16f45d364803ae0cb7862cfd6866fbbefdeeefdf76929de1dbf58fe7814,776ab1d9d39e30450e3cb98591c31188fa38dda21975a58e3b3269ad48adbff8,fe68cf9ef42189d5c7a3af6201d49b377425ba1d61a1c32fd1d8e25eccba638d
trackside-maintenance/0074,trackside-maintenance,train,1335283,38241,11008,704428,1346291,1373524,0.9644291356212785,0.9721584770269759,0.9918234616438794,,,0.0,,,,,,,0.9563487326409613,,,,0.9644291356212785,,0.9281028968930181,,,0.94752622146991,0.7422031666217713,,093b845a2d8a639e83ffa1ecf5fde92d921664c2417e66a25b10d3dca8f6d55f,f7283dc707378e69d703aef147373bdcd064cb957f41e1765d75f9806d2293a0,409c11bc1a47f7e7d4b8c13f822f238cef063d57f431813dc06c24e3275d8957
trackside-maintenance/0075,trackside-maintenance,train,1480521,5990,27357,575092,1507878,1486511,0.9779723199116436,0.9959704300876348,0.981857285536363,,,,0.0,,,,,,0.9422131416631585,,,,0.9779723199116436,,0.0,,,0.9616228872466526,0.8268984621262776,,03904f8a2512daea1c39d2cbdedf3303eb95dcf456e4adbc73e729eb2d9aca10,718e6fd45e2e42240aee648e4e87a0092a7553e48a752f65433e382eadbfffee,9cfee724a9133f61fe410245fa68c768a6a019f961d7ac1c0409afade0e29637
trackside-maintenance/0076,trackside-maintenance,train,1614557,6535,5693,462175,1620250,1621092,0.9924833336919138,0.9959687667325482,0.996486344699892,,,,,,,,,,0.986797694076884,,,,0.9924833336919138,,,,,0.9745270705245191,0.0,,2c8539da08f1b6584a3d127fd3a5f5050bdc5350404f6d4739a5e44dc6d6e78b,b0a5d9f1ca8e3700479bb3fd590e0e31fd80eb007671997450e69cea9e96069c,8f1e813906ab7221edc0494f79805a34a9ae49f3c06914edf122cc24991f3c06
trackside-maintenance/0077,trackside-maintenance,train,1269896,22031,6631,790402,1276527,1291927,0.9779278245561616,0.9829471789040712,0.9948054369394459,,,,,,,,,,,,,,0.9779278245561616,,0.9471052999580478,,,0.9552978895387144,0.9657975185765079,,845a1cf210437b2039d48232df6099976b3cbf2a66266f2948cd84e0e8dd1a89,db1147ad0f9aa22d2101b8b087ce2dcca15710e76e651244fdb30f75aeb1348f,8684ea9cae9b3b8d35475762b257b370966e9fa412b8a339b96cc14d12edaec4
trackside-maintenance/0078,trackside-maintenance,train,1288032,9200,8700,783028,1296732,1297232,0.9862933138938321,0.9929079763681439,0.9932908264776377,,,,,,,,,,,,,,0.9862933138938321,,0.8874609781477627,,,0.9666057169104657,0.9775730776475231,,9072ecd1d6bd9a6ade7bbf9d4ebfe4912556baadda2bae4e1a66249b89915dc1,5ee5a7b2559e29f59042063b25e69d22cc7635dcfb1ccedb12ca183a2172add3,05d270d246650741ddd1bce331e6ad49136dd8ace096588bd51c288cc46583dd
trackside-maintenance/0079,trackside-maintenance,train,1305392,16353,11258,755957,1316650,1321745,0.9792866182596738,0.9876277194163776,0.9914495120191394,,,,,,,,,,,,,,0.9792866182596738,,0.9540420819490587,,,0.9609411360153199,0.9611719981814488,,7245d072113222a13b028579251a425ef833a8850f977f01ffb13f42c5569754,196f7161bb9ef2af0e3ea14b4f939200a99ce0ea7a60d5039b4f22522718c58a,822e34b2ebd9f87b113dbecbc97f4f7db8630880b15cf8e65dd483db4181c398
trackside-maintenance/0080,trackside-maintenance,train,1183201,18033,14474,873252,1197675,1201234,0.9732608488222501,0.9849879374043692,0.9879149184879037,,,,,,,,,,,,,,0.9732608488222501,,0.9600252339396488,,,0.9422466104105433,0.961359146160054,,045d4791802edd4766cb20165f7f89e48500708e9eacc4fb3176b9cd89733d49,72915e72ba77b4a35ec44c0cd9aadfe5a489e09dcf8bf4df59f3ca3ef7ac9e26,25c551aed025765b6a435cf2ab51166a90a207a3425c2a18c32926370afa4cbd
trackside-maintenance/0081,trackside-maintenance,train,1369068,13906,17817,688169,1386885,1382974,0.977353509552817,0.9899448579655149,0.9871532246725576,,,,,,,,,,,,,,0.977353509552817,,0.9608343976160069,,,0.956189454630778,0.9520627447577102,,eaf74d01f4f349885d90aff52c367596e2cba944e49a7b0feffd851b79a71ea1,e7d19f949be6c72d26980869fabb339acd375a65015bcc000bb7ea609efc0558,0feae6621cd011b9243ea3cd5a4c46e0e894e931106dea56241b8534b0388be2
trackside-maintenance/0082,trackside-maintenance,train,601824,41417,40871,1404848,642695,643241,0.8797156021236289,0.9356120023443779,0.9364068492830969,,,0.958039893417913,,,,,,,,,,,0.8797156021236289,,,,,0.9735974322898346,0.733049619009589,,65b79e130b09b882fa33f7676d2436a802b097d73fc606fa0428a40aa7592ed5,a63aebc4038689fc219bba17b9c67904c70eae12e7833a0e436e0aa12bdbfcaa,f62473c5243653024e36697164cbbe33661c58bb65a22e11ed8344ce52d6aa91
trackside-maintenance/0083,trackside-maintenance,train,1587982,8371,9492,483115,1597474,1596353,0.9888762614075456,0.9947561723503511,0.994058119255775,,,,,,,,,,,,,,0.9888762614075456,,,,,0.9683276486269397,0.9556448025621799,,f93539c0825969b6f96f386dbaa98f06caadbcb1d80a39102a077ace90560d5e,eacd1a0cdf15d5e49563452c6d7003c31113591a4df0d81eaf61105edab0d64b,e357de3797ef6b61f6e5071dd14dd120066931042eda06d40de64738b106a507
trackside-maintenance/0084,trackside-maintenance,train,1394114,17589,5635,671622,1399749,1411703,0.9836143531041995,0.9875405804195359,0.9959742782455997,,,,,,,,,,,,,,0.9836143531041995,,,,,0.9798248744201367,0.9588953888897731,,78b655ec93b0e9575d9bf363a03233ad6e48a40c1e428e86125f919cccf38ced,ac028f7bcbe7ad92f61055bc538a75e3ad911ea17ef8513a38a275c9758c465e,46c5328d866c49a2703b3777688457224a06381019644dcdd86308b3604c644a
trackside-maintenance/0085,trackside-maintenance,train,1320474,15157,5728,747601,1326202,1335631,0.9844299699036574,0.988651805775697,0.9956808992898518,,,,0.0,,,,,,,,,,0.9844299699036574,,0.7798861480075902,,,0.9723848152915746,0.9718353425069806,,1fe7cf2ae2eef9be85f098226cc6e927e226f7e34a356079eaf30f81a5517c08,a964b223ce70c0ddfcfc63a7116d136b72dbabc8a5bfb3c71b4a8784a89ebc9f,1810bf9af0fce79800225a20a8c3a9aff82d9afbc3d6e80422aed191ce9ebd68
trackside-maintenance/0086,trackside-maintenance,train,846681,14466,7686,1220127,854367,861147,0.9745037308665762,0.983201474312748,0.9910038660201062,,,0.858367055462985,0.449952335557674,,0.9448122930851396,,,,,,,,0.9745037308665762,,0.9718032287713639,,,0.9487606799791563,0.9681329602617617,,9db552632140a4fe745fdf61a0d0fa31fc4952af06addd32095a7c1372bb9d8a,48e0f42fd5470fdf74ebb3d8b15d9098a05ee9adf3541431ac1b7a9fa0e062d9,60f213885dcc1b74b13fda515712a70656712c032c6835e30dbb544453315b1d
trackside-maintenance/0087,trackside-maintenance,train,1014047,16440,10258,1047337,1024305,1030487,0.9743472224223994,0.9840463780717272,0.9899854047378467,,,0.7395819464784982,0.784037558685446,,0.8294743429286608,,,,,,,,0.9743472224223994,,0.9731429690730624,,,0.9555270233007032,0.9631054937501972,,95207ac84f3acc3ff5c55764aa554bffc9f0a32f4cab08eaf951e2fe43877d51,587b26c9e34a988459b083e4db74f236062e3ecce661eb481c45f1084fd9f4af,55a2bf2996f8c103ee7ab9565eaf42ac71f42fa77a563c31405d083d2c952a5e
trackside-maintenance/0088,trackside-maintenance,train,1047465,9590,8936,1022969,1056401,1057055,0.9826208664050634,0.9909276243904054,0.9915410909304326,,,,,,,,,,,,,,0.9826208664050634,,0.9720707810212156,,,0.9498469465070465,0.9773235360254169,,d725e1c7a0e34cdd9a85ca766c2f77aae4456153fa89c7ec4ed4903841bcc25a,d8588ac0e324f990fbff92d6ef4ea35638073f169b1c3a29eb0f763ca8158eea,c43871e9659991fdbf6f4cc965aeff13dc2823a87f5811d9d9423cf40b23f149
trackside-maintenance/0089,trackside-maintenance,train,1345778,15082,8165,719935,1353943,1360860,0.983019302058034,0.9889173022941375,0.9939694654797137,,,,,,,,,,,,,,0.983019302058034,,0.8868471953578336,,,0.9568201989288447,0.9777264358687412,,0055dcf9f3b23337c4d0b8675c5c94dc530eabdf296e211580d8631bfde63237,3fa143f99bf6e20e136865aa3ed2add68b848b13c63f491d183a418d2b345cb3,c093863935eb873af5d349178193e55001bbec92c1913f8418cae5f2b6e1d9fa
trackside-maintenance/0090,trackside-maintenance,train,823143,16521,5798,1243484,828941,839664,0.9736014155574112,0.9803242725661693,0.9930055335663214,,,0.8247377622377622,0.23755656108597284,,0.8995122211264227,,,,,,,,0.9736014155574112,,0.9736773166969059,,,0.9602803005758599,0.9610473576189659,,0a5483a0127931090560f2cb06532b9de62ff8978b5d2d75fc73f10c9e628fb9,bdacebbf7725f3ad965f05b99232ec789fc6dd5801ffb98aa2a88920ad1db2bc,9cfa43db767689d61b7319fa4910e0906c30fac035a3fdb0455961827392fb6b
trackside-maintenance/0091,trackside-maintenance,train,1003656,11028,10502,1063570,1014158,1014684,0.9789989328765707,0.989131591707369,0.9896446115891212,,,0.8523002421307506,0.4616204690831556,,,,,,0.0,,,,0.9789989328765707,,0.9683213601195916,,,0.961288780414161,0.970224679338466,,140a0439c3c000cca0ab1e8fd90ed6598c8fdb0c15a7ebf645bf70366d6dd90b,fd9fcc64d607952b1ca4b32b253c900c3b6c42ae47ad9a118acf78aa6132ac62,b4909b7f3cb3d0911a18cc4456667e091d4919286a91b318462830a56609b4e4
trackside-maintenance/0092,trackside-maintenance,train,1296822,3774,15780,772584,1312602,1300596,0.9851455815055881,0.9970982534161261,0.9879780771322915,,,,,,,,,,,,,,0.9851455815055881,,,,,0.9781544506976589,0.9742892247415949,,b46f2ac36452a0a15ac8e7c69746492ff0b596b959f253d1612c3db9998b2895,ca30dbb08d9fb0e4fe8996fe88911e453cc3bca799282014ced559432b824f51,5aa39932a18e2e16357220b9d63d30d16a9e74329a9b66549963c10271ce86d0
trackside-maintenance/0093,trackside-maintenance,train,884883,9273,8939,1185434,893822,894156,0.9798337937869216,0.9896293264262612,0.9899991273430281,,,0.813870391424395,0.6560150375939849,,0.8467281510759772,,,,,,,,0.9798337937869216,,0.9804497304230102,,,0.9524531860739933,0.9762244010114046,,6259e3456d036d7371c800562ffea682d470ccccfc442c166f67ae5f354b645f,84941b6b7aa17a3e2407d6f073b2b43d7c36ff43014f7ec679d58cf5431ed076,e1525facdae0fade0df3ea67b05f11a4abd9fbfca0e03c244eecf375a31056ae
trackside-maintenance/0094,trackside-maintenance,train,1023988,6729,13524,1043582,1037512,1030717,0.980605051898939,0.993471534863595,0.98696497004372,,,,,,,,,,,,,,0.980605051898939,,0.9703687352842247,,,0.9682139960336503,0.9714129479057599,,e0ed8f532604e6e6555ff2fed40abf4191312f80d30033f9f5891f116ab17ef9,7e4ff407e211370343392cbcdbff2b1388d8e1979cda20ce09bf6f00dd9def79,b89cb0b07c0f752ecc57b91e3d5e975df18e5f6fcbb5470f8d1abfcb6df27ad4
trackside-maintenance/0095,trackside-maintenance,train,809641,5009,16638,1257672,826279,814650,0.9739596866549258,0.9938513472043209,0.9798639442609579,,,0.8443496801705757,0.2452130945027795,,0.9556530528851324,,,,,,,,0.9739596866549258,,0.9820790638505507,,,0.9555658805797627,0.9621601524531045,,2c0673f9062a1f999a14ea9f32f3a730731ead900fcdf51751a187ad746dfc7b,e2149e1bb2a9cbc2acdbaf0b9ef76ebcda214853f1f5097dab8ec69174e4aad8,61dcb31c01f2128dee191f2a090c57d90c62ab08fc916669582a5f9c5766132e
trackside-maintenance/0096,trackside-maintenance,train,394625,4510,12546,1676872,407171,399135,0.9585698635594064,0.9887005649717514,0.9691873930117813,,,0.9049460286772998,0.336864406779661,,0.9657718048475573,,,,,,,,0.9585698635594064,,0.988427023443425,0.9663341645885287,,0.9203705247115693,0.9593401907456136,,4c21278ae3f78bf40f512492d07dff5fe47bcd04749b1b5bbb976b5f139f1b63,0bdeb500a31ea967c4b9b29ff432f98229b20b9b969b3a7a8efa595fe61979ce,8aa76a13f16be664a618a3ea8437eca25b8563eb1d8ca2be09c64e491963fd6d
trackside-maintenance/0097,trackside-maintenance,train,1540977,8210,17818,282012,1558795,1549187,0.9833899700383854,0.994700446104957,0.9885693757036685,,,0.0,,,0.0,,,,,,,,0.9833899700383854,,0.8665024630541872,,,0.9620045822577468,0.0,,069e56fc048051d80ef3d6c175598cb6a1df2596f82c85bd8075f4b88100565a,4dafdc7299c42b3fd729bc5fad69b105505ba91c31b992ed39c8524ab26e9327,722c0fd6fdc38f4595fcc4b4a7feca4be92dc2447e4b42898b49d32a92fba2d5
trackside-maintenance/0098,trackside-maintenance,train,1729640,12592,7266,339462,1736906,1742232,0.9886493154036187,0.9927724895421506,0.9958166993493027,,,,0.0,,,,,,,,,,0.9886493154036187,,,,,0.9540138433597418,0.0,,fc04d89f6819407752a53d790ea973fc002344aa19eadc04b345225545c7ce53,50b458614c96f982cdd8a232cc68c34b8a13e26c9ea30e839f0bb3d3f75ed0bb,72df50c57df32ebdc93492917e2771d8ec397c351761eaf3c09349cba05ba640
trackside-maintenance/0099,trackside-maintenance,train,1265128,12575,39758,771499,1304886,1277703,0.9602773820249707,0.9901581196882218,0.9695314379953498,,,0.5989505247376312,0.611954459203036,,0.9515025815277349,,0.0,,,,,,0.9602773820249707,,0.9852018609627402,,,0.939225681169974,0.6818444156249788,,34c0bbfd58571e1b86214468e7824979e09367e8aa452150512daa459ff8c186,0553959daf6ce869735cd945b60890b3ab439a1579cbc8fe572569200304aa26,9c86e0c5e0ce7cb0a31032963a456b625fb6a91d4c16c6bfab594717f9afbfc7
trackside-maintenance/0100,trackside-maintenance,train,1118473,42560,19265,319223,1137738,1161033,0.9476191605848693,0.9633429885283192,0.9830672791099533,,,0.8518588360187455,,,,,,,,,,,0.9476191605848693,,,,,0.8452237257268704,0.752997311827957,,295de469c85a2cbd063ed52a760230d5847fd6ca3ec792d4228e881a1fc88163,f5b03baa6b4d5ea3f09082ebe6520174de0c27be86a86a96401a87b00c959c4c,69ca972d0cb7a41d88fd442585c50077cdc79ae2ab96e30a571e6547230e7f27
trackside-maintenance/0101,trackside-maintenance,train,425242,35133,9711,195914,434953,460375,0.9046046893547138,0.9236861254412164,0.9776734497750331,,,0.714226547939532,,,,,,,,,,,0.9046046893547138,,0.9041095890410958,,,0.9366301978537894,0.7217649090490444,,f18cd13f8be6e6da511d8cc5f6ff2f0e8e5ffa3cdc730d55f0752e075e4be9a7,2053724e9bccf33b2605685548994cd45b4e42ce9eed6263ab94fd76ac8b7402,bd28835040460f5199286522636ad91850d799e068aaa9bc24d3572fac0c23ea
trackside-maintenance/0102,trackside-maintenance,train,360205,11529,40991,1086532,401196,371734,0.8727481979526319,0.968985887758451,0.8978279942970518,,,0.9138838612136279,0.05483207676490747,,,,,0.0,,0.0,,,0.8727481979526319,,0.8499061528836194,,0.26324499752831687,0.7965876118078703,0.783263187677943,,d32849c8bde9dd413c6d0ab82ca84e62323fed3319cfb99825a11f91ac7baef3,16725b66e3177e4058bec98d44bcd85e2a17929f45e24c0a9596f58d4fc0420f,fca6a41d43985040cf0ea588017225986a9010594678e2892f28c591894f523e
trackside-maintenance/0103,trackside-maintenance,train,715931,35232,68256,1269541,784187,751163,0.8737056377750577,0.9530967313352761,0.9129595364370998,,,0.9200653435646808,,,,,,,,,,,0.8737056377750577,,,,,0.9774255351407976,0.8434654392571782,,bcd725f20e45aba176964b9c6318633c2f7a70f7664784eb0dfc98abf0940141,832b0e6356d68f26976e3d7922d3b08c241fb1ce86ad33ae4f971af5515c330f,232a98cc625d55302ba6a17ae1ae1d3988722ca23af4403058d30bd6735987b2
trackside-maintenance/0104,trackside-maintenance,train,131237,2797,2866,285501,134103,134034,0.9586340394448503,0.9791321604965905,0.9786283677471794,,,,0.0,,,,,,,,,,0.9586340394448503,,0.9914460919686734,,,0.9684190530464929,0.9450059689614008,,8af545cd5a93e866ceeaf9e8b89657bd1753fb543ecfc98e2121144440cb5e5b,38d8338d1cf13856f69f9d6bf5678bbe6767d870b9c6d44089b654888be7a538,7df1913ed81c30e49ec3025b3fd63652cbc4afa6f661720c40f26d38286b791e
trackside-maintenance/0105,trackside-maintenance,train,197858,8172,8920,571482,206778,206030,0.9204838334496395,0.9603358734164927,0.9568619485631934,,,0.7875215933340107,0.055292451272604036,,,,,0.9924855231853481,,,,,0.9204838334496395,,0.0,,,0.9582906016946621,0.9459796584148916,,d1ad562afeae01ddb70bc66ae877af92f08918967c215ffefec2257c3ad76fa6,c81174649f12ca8f38a2a5768fc715389902ca51ae6140ec8217629ad50b6eb2,44ecf6184457ea54c33c7e78ca5fd9ff695c4f69bcae81c1ab5bbc3db74c25bc
vegetation-worksite/0262,vegetation-worksite,train,0,0,0,2073600,0,0,,,,,0.9741069475263306,0.841186799659673,0.41431487930827426,,,0.0,0.0,,0.8335746973295487,,0.42451658683697,,,,0.9737934534291135,0.989817072434729,,0.5489670398990696,0.9179947870033228,,54396730a7d632e6ac164891ed59aa4b248397c4bff8ad0524ee051361535740,ecc4df5204120b6d832dfe643f5cf2ece2d746710ad731c9c0b70f45d3c1a90e,9ad65f964becdafdc8d3c6f820ffaa2c7ffd24d9121358fc6163e0c63c61ba44
