key,group,split,tp,fp,fn,tn,support,predicted_pixels,iou,precision,recall,iou:person,iou:truck,iou:rail-track,iou:vegetation-overgrowth,iou:car,iou:on-rails,iou:traffic-sign,iou:road,iou:sidewalk,iou:construction,iou:tram-track,iou:pole,iou:traffic-light,iou:mud-pumping,iou:fence,iou:terrain,iou:sky,iou:rail-embedded,iou:rail-raised,iou:trackbed,iou:standing-water,image_sha256,mask_decoded_sha256,prediction_sha256
flooded-road-crossing/0272,flooded-road-crossing,train,0,0,0,2073600,0,0,,,,0.0,0.0,,0.0,0.373703888334995,,,0.5122965713906757,,0.09095342599366009,,0.04495699765441751,,,0.0,0.8505329640568631,0.9700436069148107,,,,0.7848828079247264,1a64c22d40183eaa53211aeb2ab21c5cbf2a328ca7b2d6716a58fff64bb7291d,2ae0b928ea09fecae228600e65afc5ccf5aeab55c6186e155c041878168d2b7b,ea971b7f9fcdbc76db1e85f246f2bce029b585ca23772675923be919b5a6d5c5
flooded-road-crossing/0273,flooded-road-crossing,train,0,0,0,2073600,0,0,,,,,,0.0,0.0,,,,0.0,,0.029913441955193482,,0.0,,,0.0,0.7018682100140512,,,,,0.9416919405212056,4f42631f3a3bf1174b11d6978aa00479044e989be0e1722cf53a2a7d698ca4da,d71932fbc886eb13c90b1ecf925dd2ed196974dc2b78b22dae98b2b052263ceb,39f072ce4e5e8d4c9c155a3e045d7962200c5bc68764818d5e13da67f57dbb15
flooded-road-crossing/0274,flooded-road-crossing,train,0,6,0,2073594,0,6,0.0,0.0,,,,,,,,,0.24977799165153633,0.0,0.0,,0.0,,0.0,,0.31254323312117555,0.0,,0.0,,0.6685100222421111,5eac815d6dcafeaed42ca25116f35fe30e4598159ae3b155d664bf6b7378427a,92f986c0cf867798fb963a56a3cc9a99da42fa01c35481b1810a31fc272e5aab,13facdbdac4c9a80f393b59923159ee0b267436784c5fde1bce90d2cf73ce2ac
flooded-station-platform/0298,flooded-station-platform,train,0,71,0,2073529,0,71,0.0,0.0,,0.8189646851909445,,0.20664881289591594,,,0.5247800393959291,,0.0,0.9280582738919466,0.767215118935889,0.0,,,0.0,,,0.0,,0.5801512287334594,0.0,0.5887747199818673,f0194c9f5092ef4a9f5211064d986408ef94a7c44752b254cf2a6cb67600d64a,9c2a8282ac3b685c1b4f7d0eada263e2c6deb4d18423159e43b764c65f2afc9f,a45b8aa2d12d6c099668e2354573381267831420b37d136580ce620cc7058d34
flooded-station-platform/0299,flooded-station-platform,train,0,2713,0,2070887,0,2713,0.0,0.0,,,,0.34182129622224,,,,,,0.882183567914649,0.7889190244715681,,,,0.0,,,,,0.5818617378871519,0.0,0.720983952439354,2e8151e2e6b02fcc2163c50aa86d9e5e0134c8e81d7ed74c33832a121b91dcaf,ac007d07fbb9218cd6a46518c8161c36b300c81f837d4ca78ee881cc5c1285ad,fab2c91ba84ab083ddf403ac94122c22fa30c343667fcd0afbf8f63fa9cf33cb
flooded-station-platform/0300,flooded-station-platform,train,0,1111,0,1957409,0,1111,0.0,0.0,,,,0.45486330111670537,,,,,,0.0,0.8655499029601975,,,,0.0,,,0.0,,0.5248992236182073,0.0,0.679274345855124,aa5009748eb469829d461d7b4e9a1e63aced662acde1baab34479670671c9cfc,71b71d95fce3df9c264c4586d0b956bfa611ac012f0c0847d66c466d4e709978,2bff8884f012463dec276b68c0ada220da33b8a38bf5e275ef6fb9604efb1778
flooded-station-platform/0301,flooded-station-platform,train,0,61,0,2073539,0,61,0.0,0.0,,,,0.2691515663897543,,,,,,0.0,0.9761007687063255,,,,0.0,,,0.0,,0.8405401403654239,0.0,0.5971789837306608,b6bfd2eb1a154fe26098279bca8d8165e5aa045fad56b687663d941cba56bfda,7894d14854f9ccbb4158b0466157085afe2d2c32ff1bb92ff09db44e499d08ca,4e4f17295f3508f766cd3b0e0e7c2f6f57a3588f2fff5ab8f1621231da739c38
flooded-station-platform/0302,flooded-station-platform,train,0,0,0,2073600,0,0,,,,,,0.37055163219114534,,,,,,0.0,0.834225309382504,,,,,,,,,0.6006678233978126,0.0,0.627135787306289,0758d8245392d38d69bb520d6aa46dd39d38ccdfa9c8011ae15e78d2a3d0dfae,00ea88ab0410bcf15bd3202f7dbdea2d25333ff4bec6c06d01c990410360a826,b36ad7bf3e1c79fcb622b5ccc02c6db34c6fdcd1452d9cb77e67768167ba4bbe
flooded-station-platform/0303,flooded-station-platform,train,0,459,0,2073141,0,459,0.0,0.0,,0.0,,0.7406558238398891,0.0,,0.0,0.0,0.0,0.5486185786682648,0.6400379647343211,,0.14318398015581538,0.0,0.0,0.008017777243926608,0.2963353044184453,0.10711630735959991,,0.5428076794382507,0.5637418614850049,0.594885947453702,e62cac97ea08c225e113869af1e24539312d59ae8b1ea981d8625c7d8c85968b,e39d3cc9f2e733f410aab08b883c5b815fc0b7cec4923951527119e1188c966a,21b5ff8a02489472da647701ff244a1e264e788d799d847ba3062685076ce4d4
flooded-station-platform/0304,flooded-station-platform,train,0,358,0,2073242,0,358,0.0,0.0,,0.0,,0.21735490602924068,,,0.0,,,,0.8241973446927795,,,,0.0,,,0.0,,0.5114483172338171,0.0,0.6441345365053323,c9797d293e9f42ce5aacd15adf5adeae5aabd49c586206b065f6f9ae8218987a,fdcfa33e5312540d1fe6a49626ab748f10be173352f093e26fb20c90e293784a,9f5f8cac9d1044351c6bc54db7d991960104428922cb56d45bba39da06745b38
flooded-station-platform/0305,flooded-station-platform,train,0,2725,0,2070875,0,2725,0.0,0.0,,,,0.2492658562500523,,,,,,0.0019399912932852633,0.4839250244625562,,,,0.0,,,,,0.5705453175309996,,0.4640661800939776,10d64186056082ebd4e47902c4c0de8902ac70f0ef5c2e64b7a35ce344eeda23,e7d2de4d96aec0a8b3246ae5cbcc210d76914bab2c93070d8a83137bb7c9c701,1578b309387085105793d6ee906e34164912a58e3980a0012a10ebf389c38790
flooded-stone-bridge/0270,flooded-stone-bridge,train,0,0,0,589824,0,0,,,,,,,0.5384988847869558,,,,,,,,,,,,0.0,0.7068870523415978,,0.510635891752519,0.012557215128884606,0.8102801990616304,d8aff7595858cbf04c9e2b85dc09bc865c9a2ad58b92c41e823fb4a084f4bada,fd6955216cc66b2eee2cfcf1242e63211c7bcc1bf86fb2ab9d8a15726ce917af,5fca89be09be494d70690904467867319df74d57f77c43134594063180f8eb7c
flooded-stone-bridge/0271,flooded-stone-bridge,train,0,0,0,698368,0,0,,,,,,,,,,,,,0.7469490167229352,,0.13573795564618915,,,,0.46448867130802723,0.9377496671105193,,0.00015669069257286117,,0.6667723430364283,f5180763e414fb42a131798a9a989ba50a68fa194643d48809aba9a9130498ed,2368f3e5da46a76defb9ae32ea5cfde760f7cd9dad6b26b038b2df07dbeee742,06b6c9fc863c77b6bf5051faab01d77f6bb4aabd166df9115e00fbe8de8d4d4f
flooded-stone-bridge/0310,flooded-stone-bridge,train,0,0,0,921222,0,0,,,,,,0.04165742178832926,0.0,0.0,,0.0,0.14153846153846153,0.0,0.7220750440331476,,0.24767900971080994,0.0,,0.08431468996846156,0.586534887590135,0.8701036042052241,,0.648633331880204,0.4017625127104282,0.6084932533348388,244d2e5e9d27aab38bd91e338efee542e9ef1b32b81f5b1d04e493988fd9fb15,e7400d491f361454e85ea2bdd892beb8058b0cd329a928274504f090705578d3,6c550addba61ab2d055e197cf12e9855823c795d4e6606da2ceb7baebbf196fd
flooded-stone-bridge/0311,flooded-stone-bridge,train,0,0,0,921600,0,0,,,,,,0.0,,0.0,,0.0,,,0.8148900473892019,,0.06806282722513089,0.0,,0.0,0.13526070328708986,0.09201089249415104,,0.18341716248543213,0.01044973544973545,0.6191640963162338,3ec9872d416c77c2223a85177374f753b9fa22546177d378a402366f3a00fac8,1f576c93da65df63c0f97c19e0f4a5a88fa854a978139bb0b399a9b0722ff0ce,1af78bebc0d3974eeffd423a4fef9bfe4bf2dcab98af54e7fbe15b572245db00
green-roadside-cab-view/0174,green-roadside-cab-view,train,0,36135,0,2030745,0,36135,0.0,0.0,,,,0.9550232909480045,,,,,0.43317659465354974,0.0,0.02228262663174412,,0.4289311837209891,,0.0,0.0,0.6974143811727167,0.9736744965330351,,0.7231049905838042,0.6588754607358016,,ac8756b81048f48af6d2c3fee710b8b43f34a4e658cde8c09bb9f690902790e5,1d89a374fa0d7ed2a6e6429295a1bbd6e07539abb712f5298181462289d6c8e5,b10e17be5145889d20e4da8b26b911f19be2bf15814e0a84926b0419cd304259
green-roadside-cab-view/0200,green-roadside-cab-view,train,0,0,0,2068190,0,0,,,,,,0.3035667242338202,0.0010676156583629894,,,0.0,0.6273018915090409,,0.0,0.6471681957186545,0.5006735765540373,,,0.0,0.9371544139206401,0.9805125140893844,0.0020870123615347566,0.3407549059782361,0.0,0.0,647d89550b9094d69144e9eb687405a9b548e981193dfb8682ee2e38bdb37aa6,f46c80584a147ea51bb34d9112360631c5f11d0019df6dd603d23b6e150c5218,5372dbec54df240434ae1d560723874c3570778191ad42544b2b8eb5e8e99a48
green-roadside-cab-view/0201,green-roadside-cab-view,train,0,1435,0,1981158,0,1435,0.0,0.0,,,,0.5096837348019797,0.0,,,,0.0,0.0,0.0,0.46281181745028166,0.5379021279644622,,0.0,0.0,0.6407364728944519,0.9486959522949763,0.0,0.4563121346855173,0.49872598873158996,0.0,cec5a4a2267098df2b64c119ce4e99aacc9014722b05125b92bd8da623cddee4,55581854220617568ef435d0ce1a25842c7ab9554e57da4b56132ea6a7b2c5f0,6184a2e1f98ba4c337e2df62e53eea3aa7687d88cae95239319fcacd69b04c1e
green-roadside-cab-view/0202,green-roadside-cab-view,train,0,47,0,2067687,0,47,0.0,0.0,,,,0.6955868453578267,0.07858623753578833,,,0.0,0.704156541675581,0.0,0.1384505604158448,0.07039206630854865,0.559676290729867,,0.0,0.13384388263517255,0.8200316100784436,0.9772551763284865,0.0,0.24640710739482624,0.6732671607256632,0.0,318bdc8615a85a559ef35aac3c3b7f2506709bbb305ce03e4e8ea37ade4d7da2,0f3fd0d5280d3287ce8cec97acdffe99355f4a4f1aa7868d9c5c404b03adc696,d534fb8f12c77485143e71248c264fd76584ef3a5746a1a0f66047b72f910761
green-roadside-cab-view/0203,green-roadside-cab-view,train,0,0,0,2067867,0,0,,,,,0.5546172046353384,0.7202595971346354,0.0,0.0,0.0,0.0,0.35680548821004615,0.0,0.23727997197653034,,0.279868578255675,,,0.47740307016037636,0.7866189684481889,0.985763963324752,,0.6281069461238747,0.5968102889688707,0.0,18638926136c9e885bad8a5394a86973d90d5ed5638573e5985654dec64db548,e71b82e1e191ebb38f5c61ef1b0d128e6e5a11962065312506493cb014a6a361,7c584145558156083334e0dbfee1c1832b84cd4a90b3dc6a24ccf443646f9e8b
green-roadside-cab-view/0204,green-roadside-cab-view,train,0,0,0,2067867,0,0,,,,,0.7908416817859115,0.861030601874506,0.0,,,,0.1953696788648245,,0.017700378274213117,0.0,0.0,,,0.3938598666997384,0.9203476337514007,0.9904183618924237,,0.5556548378861373,0.7627517011745528,,cb34ab4d9a1966c9d974500a92359ca204a93a0c8283bcc59a5f16456005f1dc,f8a201f8055169f4e1fc3ed4547ed752839f649ac12fc2ace4db3701d27241e9,d9ac118044186893424f260744e8ede3fd683e4b39276dbdb3640ab472906b3b
green-roadside-cab-view/0205,green-roadside-cab-view,train,0,26,0,2067841,0,26,0.0,0.0,,,0.8517906942609716,0.6758536909439478,0.0,,0.0,0.0,0.7039673535116935,0.0,0.13701648441325281,,0.21593314763231197,,0.0,0.0,0.9137035079230884,0.9835605911834769,,0.5131664595538198,0.5637728888153707,,84c3ad934ba556452a390cf9a7615f786d7bada1f0ce3bec466c1ccd2a89b441,54f8b882502e1aba4a8f31dfe42009d9359e4354cbb6ad2a4af730894c4a64a2,b046527db52b4b050193c49c015cba80ed67458df035eaa31497ee7c229dc78a
green-roadside-cab-view/0206,green-roadside-cab-view,train,0,524,0,2073076,0,524,0.0,0.0,,,0.3512505007726206,0.8580467514207042,0.0,0.0,0.0,,0.7136479476566595,0.0,0.11559444631746713,,0.6199269406392695,,0.0,0.6111792105908311,0.913471032362598,0.9763885359311026,,0.43994943109987356,0.799455742323889,0.0,326099a1d7068b475af019e6dcf936e26aa1a539954a3f0fa5df1a5ff8428999,6cf8bd75df6f49b6f9d82d83a98a90658290b0098de456864106c497d525afa3,740273abaefe1923d5c1626ee25830502c4025fce3bafd14ae6e295a45059fdf
green-roadside-cab-view/0207,green-roadside-cab-view,train,0,1587,0,2066280,0,1587,0.0,0.0,,,0.6576988567258575,0.6593051416635907,0.0,0.0,0.0,0.0,0.5334517465956187,0.0,0.00852159600732698,,0.36196071927787915,,0.0,0.14375765271416263,0.8060272125054001,0.9828711697281105,,0.5309289383561644,0.6296122098628977,0.0,0a69c574d773bd2b02269bec42203fa65c198e4f1f50743335704b45db4b879d,12929b2c41df570afd935b15f8686b36c15ffe4535cbf298828b651dc6b7f72e,e5daabee77371cb25922ef81e805cc784d9391be73cdea40f34051a5b3801e51
green-roadside-cab-view/0208,green-roadside-cab-view,train,0,293,0,2067574,0,293,0.0,0.0,,,0.47606104955049133,0.7372796772138458,,0.0,,,0.0,0.0,0.0,,0.5718757583110895,,0.0,0.0,0.9427943685854847,0.9788506807272961,,0.6688342585249801,0.7107383512544803,0.0,3b8efe8aa3a6e136add1665ab904a06b78b874796e0c18912f3ee9f3ff74d366,dae9e0177528e83bb9056a8fb457e3d484018332b434fe9195634f6a0f23d72c,6abaad0fc2104c72ed9f43828fa30d1c69d0238b44d44259c45dd99bfc05a393
green-roadside-cab-view/0209,green-roadside-cab-view,train,0,0,0,2067867,0,0,,,,0.0,,0.694908948688842,,,0.3769814249594073,0.0,0.0,0.0,0.0,,0.4143281807372176,0.0010975227343994983,,0.6013405625449633,0.8217721809328868,0.9639816401988979,,0.312756006158673,0.6024021420525251,0.0,ee956750d1fd8c7676cd76b8db71bf93b9cbcedf8b4aaf4e538041ef501ade04,e9baf13f1df68cf0182ca0ed2887e288cb340e796f1b398ed5a32febcb242750,8f5ab0e55c5e1a05c33cd0f7f66178295747c6ba8e17139b8cfdac75863dc445
green-roadside-cab-view/0210,green-roadside-cab-view,train,0,0,0,2073600,0,0,,,,0.0,0.12384023162466276,0.6879904875148632,,0.6428434197886648,,0.0,0.7152593639532918,0.037067422434367545,0.4025293397437812,0.19144283533440606,0.5037769916721939,0.0,,0.32542129492756683,0.7405863097889017,0.9844569810884196,0.0,0.18606369615015148,0.6493692877105521,0.0,7fa10db78fee89d3d4e8282d50e5cec55c3943202f620889b50503ae276b1a74,6026feb523e6c808b7f1ebc4a15de86ec7be4191ea33e7e454205851f8780c5b,d1b9e584d55450bacf0a542e344ed46d24f821ededad5e31e13d253352b60ad8
green-roadside-cab-view/0211,green-roadside-cab-view,train,0,0,0,2073600,0,0,,,,,0.0,0.582767134299221,0.0,0.0,,0.0,0.7024522355228413,0.0803028742144844,0.08836056047859907,0.38077463652911225,0.36734282556400755,0.0,,0.18078901693431113,0.6223764011319264,0.9681926604145369,0.0,0.46913445835601525,0.4470109546165884,,41f0cad9cf8e4e11e5a870a293f740a7bce70a66b0bf5b0e86c9dd1fa6396f5c,c790e550e0f15182c68acd0fa1c3df3839237fe9c736e380c9569a42ede21622,e6a281d10857182e289f83c472fa770452f124707c5dae046bd6b4217b287e27
green-roadside-cab-view/0212,green-roadside-cab-view,train,0,0,0,2053480,0,0,,,,0.5189670932358318,0.0,0.7039362063115032,0.0,0.0,,0.0,0.6146518070537176,0.4639811527358397,0.5250312712197562,0.4231312952818519,0.3773398568451572,0.0,,0.4336530775379696,0.6383140230711034,0.9734561088103563,0.0,0.6402625117602515,0.7042615874055055,0.0,19490f9f31865422ef3257bbecd836b58a75e1200af558b47627240cfc9e49e9,e4afe2ecf4ebd828471240e23f7446384dc2ec9d184d5b7d3aee969d13726f9e,fdb830f5e42126dd3c670fc560c6124759e394e22e01f94425af64aece8e8c4c
green-roadside-cab-view/0213,green-roadside-cab-view,train,0,0,0,2073600,0,0,,,,,0.3665585150531955,0.5632567343194413,0.0,,,,0.8172670342022159,0.510877581120944,0.07870286393776327,,0.5106291295604711,,,0.0,0.8977636062328059,0.983776479108842,,0.5854955338153977,0.5243287410309412,0.0,5229632691652545fa2f89ea5800c86d39d27545bb45654c44af717c422b95c4,4f60ce021a149db8b77724d1203b796eafcc96c75f291f1e5fb521ca6adfa064,f48846ebc2c2e71b7188e8b24e69e0c4c459df9038c48956944f345d567eabf7
green-water-cab-view/0263,green-water-cab-view,train,0,1123,0,2072477,0,1123,0.0,0.0,,,,0.6875886994531383,0.2731245969764276,,,0.0,0.5653648378734435,,0.7714216667817441,,0.34050514499532275,,0.0,0.08528817772254156,0.8796755760854987,0.9499157294626697,,0.781318240563305,0.7486362700699877,0.02699137225930714,d38268ad352c084c45d9c129d86eed80ec34068717620fc1685f07a6cefd1468,8529f0f311585470613e21978d79fd7cd6125e1beefccb98f037b4124151b53e,3ef5232a79dc5d7a904125305e36a7c52726a60ed705ae471cad666f742ecd3b
green-water-cab-view/0264,green-water-cab-view,train,0,0,0,2073600,0,0,,,,,,0.5862346643929705,,,,,0.0,,0.0022151811922201193,,0.4797674433611016,,,0.0,0.9096965947982645,0.9540178647967493,,0.4952355460385439,0.6598826794056694,0.21983982865390883,7ac26e3576a11b28c401290cbed89e663ce03d2ae23dcbd062e1ece5d3ba81a1,da975b659994aec1a32dd22d6e772c441d1fe28b507d5d47bfe4db184dbe094b,783177cb8afcf0a24e6015885a6e10ef26bc19956eb3895e97027e74050c9437
green-water-cab-view/0265,green-water-cab-view,train,0,155,0,2073445,0,155,0.0,0.0,,,,0.6627267961920222,0.0,,,,,,0.01738924268458703,,0.0,,0.0,,0.7519909946280127,0.851403097673887,,0.8021462282806444,0.42025709334505856,0.004439368144301015,021d832dd111da4e3fd13f74b2531f5a87481b14073f6b0ac4a5a1149c442820,ee51403528cd8ec8eeea2c81f9e4b41eaae0496ac53ebbdeaf38f6f511c45009,cf8271666d6f54c61218d114cd4101f355dd27a4d72ea7927a6a7410190bc47b
green-water-cab-view/0266,green-water-cab-view,train,0,0,0,2073600,0,0,,,,,,0.5620817162240626,0.2342524460257136,,,,0.0,0.0,0.0,0.0,0.0,,,,0.913957309182208,0.7906050707730595,,0.7211105050099049,0.40993495770565835,0.210346416775482,1b57cba93cf3601d156721ce3f759bba69f41268fe5b975191c86fbff322be98,b57e3716ffe62a58f7111bf46af37413badf80d0ecc178d2c7b52919b30064bf,e7eb7265340e630d57922b7a4e625c96c0a172fb0f5da17197d63fe19421a371
green-water-cab-view/0267,green-water-cab-view,train,0,0,0,2073600,0,0,,,,,,0.5249351195903766,0.0,,,,0.0,0.0,0.0,0.0,0.0,,,,0.8684069799635149,0.4505456001601762,,0.7157168412982367,0.39035317668366615,0.19665019165816502,9b17276ea65c583df9303ed986d88d187c963d9ed6bf0b5700396e0de25190c4,71df9d1285b9ad09eb96265be443e2d18e28a00ec69a0f759a6d3989f1f4d48a,7a6fb466d21f720ec2958cdc6021616da875cf77e7c88c7bb798a3f5619bc225
miscellaneous-flood-stills/0275,miscellaneous-flood-stills,train,0,0,0,249696,0,0,,,,,,0.4063996262991942,0.0,0.0,0.8468162873558684,,0.0,,0.48088367163935763,,0.0,,,,0.3009128913915195,0.9131921093925129,,0.39220720380578417,0.41481274628440223,0.44862042289840126,61c2965c3c11954382ff9e9e06c34ffa4996a9a48b46aa7f5490049b85765bca,f4155b4c85702af56db693f3f999b74f08d30680a34733c864fb141f6a3f8c60,c886edc634b7b5b21ec81119fa775df8989c0a2799beeb68a359af21cae1a3b9
miscellaneous-flood-stills/0276,miscellaneous-flood-stills,train,0,0,0,920880,0,0,,,,0.516075845012366,,,0.0,,,,,,0.0,,0.0,,,,0.7337457004756097,0.9364454154742489,,0.3534746180384426,,0.8085328243888875,85d7d06fc795f58f6e51ed5e91c5d5d8ab1f41194ab44f3471da41bdadf45973,b9c514a9abc72bf370a67587f1c41ec3e1c7769276c383024395b7a22ca7be38,b6e09f16f8cb24e11a5a4820b0d732e625bc6b4f7df78d1567366897ef3481d9
miscellaneous-flood-stills/0313,miscellaneous-flood-stills,train,0,0,0,2073600,0,0,,,,0.0,,0.36582061905233243,0.12459148950507058,,0.6550031124879799,,,,0.0,,0.0,,,,0.07470683018530122,0.0,,0.6964250580934707,0.5936448655948333,0.20972566991279995,74272d0a74c881e4e18e9bf6000c065a51519bf7c05acb3c8e912f075c3b5ddf,c3e7c0a88b0198168b7659a591eafc02b94abdbacb436e871eca4779200bf186,f88f8c16ee698f52829463ede88ce50c78b77af19a51b19eedc3e2f203f5aaf1
miscellaneous-mud-cab-view/0173,miscellaneous-mud-cab-view,train,0,0,46297,2027197,46297,0,0.0,,0.0,,,0.6128313690795918,0.232255107386066,,,0.0,0.0,0.0,0.0,,0.628179580354003,,0.0,0.0,0.9562705674819728,0.9951582373201465,,0.507781124497992,0.6412005457025921,,f0ca7b2f878f2a5e167e558097ca517d126cb474aa25f5b0ec0fc4d6b1e57432,b968925b81e441c3dc638759e4923b6ad0ca44e3896210a4c69b136305b9eb89,fca248715237ea23bbdf95efb690c68a372a1872a9a6152628b708cef4d485f0
miscellaneous-numbered-cab-views/0013,miscellaneous-numbered-cab-views,train,0,13596,0,2075364,0,13596,0.0,0.0,,,,0.9702363271271224,0.0,,,,,,0.03973842456991883,,0.0,,0.0,,0.7545168502111451,0.8234947495656115,,0.7742113746258347,0.6004761058575109,0.0,cdc7c624979074f91663aae6c612b6f6c370af9ca88a91ba076c2bad37e6c319,5566ae6fabe4c0bdb27e7217400a18101ccd23bbecd3e8cc415f9ed41cca7115,a7a1a8879fe3f816ba7cc34ec4da3874e3c71eee3b1947ba190936ae84f853e8
miscellaneous-numbered-cab-views/0014,miscellaneous-numbered-cab-views,train,0,17170,0,2071758,0,17170,0.0,0.0,,,,0.9399950182663567,0.3871530980398886,,,,,,0.8162332746068254,,0.20829909613804437,,0.0,0.0,0.8210930785581347,0.9243338207815419,,0.7987421383647799,0.6988185879687894,,00a59e617c6d81492253ece8ef06493164bef224314ee99156bc01663f8ccd38,3ba891a877a2984212cd387b6a1eca2332a40b2a757b57c0248ffa03807c605c,31cc741bc61a805e6577cd43feedd53a45d0dedeee84f801af0ab08559d932b1
miscellaneous-numbered-cab-views/0022,miscellaneous-numbered-cab-views,train,0,1702,0,1929617,0,1702,0.0,0.0,,,,0.8816624411975907,,,0.0,,0.0,0.0,0.0,,0.0,,0.0,0.0,0.9232676096585226,0.9408538057584355,,0.4122122607220741,0.8580540592845853,0.0,34431340589d77bf879a5d44b35f1ba4ee67944d06302e41751f49b52c7cd6bd,601f45356d35a2626927e94aad629de30fc2805b197f3f27a60dd2cd87622d80,92de663c7ad0c7ca95692bf0dbcd3284e20984b4a91c293ecd7392f72cf2176f
miscellaneous-numbered-cab-views/0023,miscellaneous-numbered-cab-views,train,0,0,0,2087873,0,0,,,,,,0.9273007198187959,0.5926201876735668,,,,0.0,,0.8158637324243272,,0.171875,,,0.0,0.8959963362580886,0.8474624108379946,,0.7983492519185116,0.7781482248288368,,4dbdaa16ac641963e653bf5fa8dce1b9b05b89b3a3d10f8da2e3c9c38deeee7e,03b59830b108e9c2dc87a79168457ed2a8be69f44abafae8f6486184598ecb19,0c7255888825d6e561337e63b42847d000a993d695391d8324a3472d9e7fb793
miscellaneous-numbered-cab-views/0024,miscellaneous-numbered-cab-views,train,0,6012,0,2081727,0,6012,0.0,0.0,,,,0.0,0.0618052860016232,,,,0.0,0.3991630635414296,0.1257985257985258,,0.0,,0.0,0.0,0.946028791683305,0.9920756577713223,,0.4314878892733564,0.4290749536446704,,35db7be7064f509351e3627b33430eabc718080e493e83ad1551491d62e1f113,e3c3c38776bc33b723f23e1afe17f11dd1b9be409c25e6ae796447766a6b56b2,c31b049dc85294b76ec7824dae0b178a73b1d6e943fd188d8940f06096ca5ec5
miscellaneous-numbered-cab-views/0030,miscellaneous-numbered-cab-views,train,0,0,0,2088960,0,0,,,,,,0.805092540451252,0.4822597631553752,,,,,,0.7896983280342386,,0.0,,,0.6628309642230005,0.9049012716098171,0.7930067314884068,,0.8270145400190243,0.7895070501031043,,a88a70e7bc9e1730883e2cfef16954b7c5a6ebee797dfe8205837e1e2f9cc290,d0384c853c39b8e3b218a40e21a03110e8eb9368264b796d43fe35330caa8f52,53beae045faa3a5d765165b63bd8a16b3bc9a4b780d3a82581c6798b72f25759
miscellaneous-numbered-cab-views/0031,miscellaneous-numbered-cab-views,train,0,0,0,2088575,0,0,,,,,,0.6564394926838114,0.48287915170474155,,,,,,0.0,,0.5547812102124238,,,,0.9367658839563457,0.9777734537873524,,0.7882253897291491,0.7458953557919921,,582a1052402234b092c9e8f0eb985ba78c3b1068c2ae8c12c805aadd11584b0a,eac752094ab94f349e6d48690930d8ada3181efb518c33f473c5388d2ce23c74,d79ace19fcb5ae02b39e4cf1bad285da3f8796ee8ca44c17f4460af42158a54f
miscellaneous-numbered-cab-views/0032,miscellaneous-numbered-cab-views,train,0,1246,0,2087714,0,1246,0.0,0.0,,,,0.27790149521358126,0.16235929244199404,,,0.0,0.6818140440948895,0.0,0.19884615384615384,0.605333414697402,0.21848469428747422,,0.0,0.25680929912314454,0.8770487344579041,0.8740613408124491,0.016997440726254285,0.14940535936977217,0.6355167002389095,0.0,1bdac9a6b7ef8988de21ddaa678ad8a54e0a98f75bf8ed86e61e0f50a7a6c16b,1fe12468826aec7019e49ab44aa6f832aac76a9576018cf252bcfd26dfa6c329,75e27385ff441af21f3d2f464de26a8b82b221bce4b07198d96ae19adc3550d8
miscellaneous-numbered-cab-views/0044,miscellaneous-numbered-cab-views,train,0,402,0,2073080,0,402,0.0,0.0,,,,0.7968452370154019,0.6881860254743116,,,,0.0,0.0,0.7758979231294619,,0.2992721979621543,0.0,0.0,0.0,0.7942926265392584,0.9722246271552208,,0.7130684982364953,0.6324431541375436,,bb02fd705ac7b08fb3ae7c618b46f5a9da4ef32b590259233156f5fee831aacb,d3844dea10ab96975316c1574eadb989106b149d9b1fafe094beae7e9c50ec59,c0980f1aec9096113e35b240f0d14250da194deab700b08c9926a003df6c8680
miscellaneous-numbered-cab-views/0045,miscellaneous-numbered-cab-views,train,1617,0,49603,2022379,51220,1617,0.0315696993361968,1.0,0.0315696993361968,,,0.667133624859719,0.11370241031527022,,,,0.0,0.046205808255585394,0.6022010033986082,,0.43905073760253854,,0.0315696993361968,0.8202359380200437,0.8914777915991777,0.9783417633776912,,0.6868204133189223,0.8319214019993301,,8a2c09c50911afe45e05157fb8602cf7345aa5cf6f005c3b76f7c0d8b50f36c3,a820d863d1b63b281c0ec5f7e11041e0e68f73f39d613cc757bc489e1e03b351,7e31c20316e21a0b88c787d72576b9bffcf0220d9f3fefe477ae3dd735f06c94
miscellaneous-numbered-cab-views/0046,miscellaneous-numbered-cab-views,train,7833,5,30832,2034930,38665,7838,0.2025601241272304,0.9993620821638173,0.20258631837579205,,,0.7502959327009581,0.034962641875320825,,,,0.0,,0.0,,0.3711277831558567,,0.2025601241272304,0.0,0.9663919819162551,0.972281223006272,,0.7698957324688811,0.8928962020282363,,a1bc04fa20bd623f99bbac759e22dbd90554263ca7b217cee49ddc9fedd59da2,550d403c2cd02d480d3ae049a478b103700ae04d047712fa0e5187f9b0fd5068,964a52d8a3d9300f3fc05ce9df02371c031cd09b914760ef8bbc9573b215c2ee
miscellaneous-numbered-cab-views/0047,miscellaneous-numbered-cab-views,train,0,0,0,2073600,0,0,,,,,,0.8288756529549756,0.0022852269194522617,,,0.0,0.0,0.7661395265533656,0.09753756635973726,,0.5800432238680091,,,0.6458164094232332,0.0,0.9740498713582085,,0.6149758885515271,0.7772760934201364,,b74e6210f53416c45a93c3fb1a022de2cc33ed02723512634c739624b649276d,52518430666be87ad030da35871a2439ebbc09260cee1aaa6bf65be527c77193,d0f13f0dc07a8ffe4d59a4db0275e277e80e6a5b9fe17b5556dba758295d38c1
miscellaneous-numbered-cab-views/0048,miscellaneous-numbered-cab-views,train,0,0,0,2023939,0,0,,,,,,0.5109367789570836,0.36836017612239147,,,,0.0,0.0,0.23548380207999658,0.0,0.2994658972312604,,,0.39146362839614374,0.8596467466065072,0.9906842928435639,,0.584814371257485,0.6731040395266726,,f912ea15971bc82b19029b9aad152ec1934e74e2a32d29934c116cdd7409125d,207a7f72a12615e89d5f214f068689216c6d434bd46045ce97046eadaaf814f5,488ab2b834c0d8c8480952d70bccede4d875dbfc9ec4d822248f360a73b4a9d9
miscellaneous-numbered-cab-views/0049,miscellaneous-numbered-cab-views,train,0,777,0,2023064,0,777,0.0,0.0,,,,0.6787358136288862,0.36793598927569016,,,,0.0,,0.6291060291060291,0.0,0.8173140057578666,,0.0,0.0,0.9537538612142825,0.9914737280753442,,0.46182909604519773,0.7504635579668201,,18e4e59e4f1f16790b92171327c69eba67d5364edbe5a933d052ee78b21f9557,d8c2a5b6f12b75c02efc4512cc0c2efdba9b29f877cc7842dbd1070c4cc562b6,c85b0f4fe6ef29929989a8ac8772ce5f192f76ee9cd4cc1bd19763c476a68cbf
miscellaneous-numbered-cab-views/0050,miscellaneous-numbered-cab-views,train,0,0,0,8211623,0,0,,,,0.07699671772428884,0.0,0.815436926215573,0.03871785627057141,0.0,0.6307462396041655,0.0,0.08187657792975615,0.7189672978283737,0.25834228776404944,,0.22247962326915688,0.0,,0.035748399193405736,0.6406396506884464,0.9381882191344909,,0.7099636392380049,0.6544797992602579,0.0,33fc6fbed915cff715396fc229a8e0da423ed1d84e76cec2dcc2a28d124be983,a9c086f93a23a8995da1495bf54ec1a377ef02d5932b137a3002f7384f45c4b8,774c31a7709f0c65042c25635157edc2b1cf6964430167c53fa881ee1f721284
miscellaneous-numbered-cab-views/0051,miscellaneous-numbered-cab-views,train,0,0,0,8212452,0,0,,,,0.0,0.0,0.6871332324406573,0.37714729108115436,0.0,0.0,0.0,0.2800854847822349,0.18017515802299902,0.46567203771418725,,0.4003710874475637,0.0014561339643247178,,0.37176947034232133,0.6738324709352083,0.9609855215453498,,0.6860271771126705,0.6963804238215459,0.0,a29169723725172c5b690fadfa30cc7cf76f7eb2328590890c3c828f7d3f20bf,f19c28ac63b6c849df2da22a96db0a6b720006896d82875ceff69a43205d2023,8cefd261f5d240c9f08d2b0113089dd5b032f90f0af3c176e4b3ce6489c7b236
miscellaneous-numbered-cab-views/0053,miscellaneous-numbered-cab-views,train,0,11208,0,8108576,0,11208,0.0,0.0,,0.0,,0.7796181035349362,0.2144369925873632,,,,0.0,0.12671967890036115,0.052182622471998015,,0.49139285949932243,0.0,0.0,0.40681741821847095,0.6027741167301214,0.9226567085668979,,0.6417523401621174,0.6255787146215291,0.0,9e09a858819a1882bccc4f5b7cd52bca20f66b1052a3c5191dc459062ae69e81,70a16c903d27ac00306c86f14141f728ececfc9dc4e320ea99148e50ab77339d,0329f36c9e32ae7422fbd77b8c44b6319c83c60db4d5fa129eff99973d27b4ff
miscellaneous-numbered-cab-views/0054,miscellaneous-numbered-cab-views,train,0,0,0,8175654,0,0,,,,,,0.8282875083370542,0.03838512651855829,,,,0.0,0.0,0.49706561110177133,,0.6770868607092435,0.0,,0.0,0.942755427280342,0.9627256384513094,,0.7151036553130429,0.884694263326618,0.0,ac828e814ea477c826e95def13cde08680d0a05dbe64cde8303472779d31fce8,ea34de2ac35692d4e015602569d70b94968ad6bdbb3c7aaffedafab451351ee1,3aca88df3db6b2a0a85a2c41b0eb498c5df073f04febbc2d0a28d6c64179ac72
new-unmatched-2026/0175,new-unmatched-2026,train,0,0,0,2073600,0,0,,,,0.11872930723775198,,0.8335030814479167,,,,0.0,0.0,0.0,0.33507546710486275,,0.32903012247600133,,,0.0,0.5894335080084646,0.8785156363144835,,0.7279142976674645,0.545936226910759,0.0,c81bc0c590d9bd6563e2e11176cfe441dc0920a5f9cdbbea9d32b36a51347b86,e567f1deccb42140b8e6f7f671b1b6b71cab015fd5065dba841e709332e19b53,95fd6be2397e1e1de8a29e78cb35cee6b424d3bc3c187b49c6386b4b1b050fac
new-unmatched-2026/0176,new-unmatched-2026,train,0,0,0,2073600,0,0,,,,0.0,,0.812271154768819,,,0.9340774823903658,0.0,,0.0,0.0739686291362269,,0.3633654287024301,0.0,,,0.6706846217606475,0.9755702852240061,,0.6355043498706795,0.4914025361320992,0.0,fdfba692303712b2119a1d725763d74b54fa20defdb3415916105955f503bd9b,bf61db99763dc894604525d3f039b209cb136d83f1cd35b7655768228102fad0,9fbd31c6a8d3d14fb563f9153468c4716c476f8a1e7aba7d0c00bbaaeb43b928
new-unmatched-2026/0177,new-unmatched-2026,train,0,0,0,2073600,0,0,,,,0.5418202848261404,,0.9156224680145465,,,,,0.5031988873435327,,0.0,,0.007264957264957265,,,,0.946345968394519,0.9925636253820895,,0.4848426037340372,0.8375410458228141,0.0,92fdd6e752f0a8493a8a0114320f0d3adb209985cc28a17efef842ce5c887b26,4bd80258418635ffe4fd02e59e7e743a04d3ef8362742a3493154f57d54ca4c1,f7f9b9d1072c66927df4ea1a87ee55a4a2fa79e50c16aa1e23605de0115d35ea
new-unmatched-2026/0178,new-unmatched-2026,train,0,0,0,2073600,0,0,,,,,,0.7290279351791342,0.0,,0.758478518734098,0.0,,,0.07981874684261286,,0.2722112731572724,,,,0.7375769475585154,0.9611225898892154,,0.5599892267681146,0.7871050804305058,0.0,bcfbb199baa79a77d97dfe9e368490306a1c84afc0dabca15e0dae262f2a945e,c0720faac0cf1b752740879c16180ae323eda041ad52f9878faa4a44fe5fdf85,309cae8408be28cdc1bc0d7e0b31dfde6eca475d3409364306aa95d590c1099d
new-unmatched-2026/0183,new-unmatched-2026,train,0,2033,0,2071566,0,2033,0.0,0.0,,0.657325917059776,,0.8719761306790575,,0.0,0.9089747564030597,0.0,0.5162923864986464,0.7431059506531205,0.4625628825284591,,0.6045452275111133,,0.0,,0.7551397182841774,0.9653562554803096,,0.6066847934213144,0.797478197589117,0.0,60f737c273e283351acc6efb1ba0704e0827f47b77fdd8695a5bd891f5dbab4e,291ed9200b9c9d9d1be97ae0e9b2cfb2da0843377519c6b9e5e806e193e1071c,a71c06e77e2f4dcb636ac9c98157f7058f3faff0aebb66471d84c0417ca482c0
overcast-mountain-stations/0214,overcast-mountain-stations,train,0,389,0,2062608,0,389,0.0,0.0,,,,0.5400298051534471,0.05178571428571429,,0.00967373536063775,0.0,0.5538105687227386,0.0,0.14270047522515036,0.7588136300217194,0.5571630622203689,0.0,0.0,0.0,0.30195003725791636,0.9346927109305635,0.0,0.3622915255568317,0.4071356409847397,0.0,fcf5289b197c7f0a48d5f375c13e6c090599b238c68ce299010e0babb86cb7e7,d66cff571333e436c6a9212058e636e2420673e9fa861b9fb9c61d3cadc245d5,878cef0c2d126ce2beadfb141fd5c951df8b9329b9f3bf2d62393e68fcad7dee
overcast-mountain-stations/0215,overcast-mountain-stations,train,0,202,0,2072754,0,202,0.0,0.0,,,0.0,0.796919147854324,,0.0,0.5468505154369029,,0.0,0.0,0.2739797088349167,,0.33092414212118526,,0.0,0.0005353859046081983,0.17093575653341164,0.9690557170655835,,0.302038674146122,0.592622855617523,0.0,a4ea3527469f92f7e01c82dbad4e004af29e5a534ebe1ed94e96185736126eff,854429faa83f8da4db49e7aad63e0ef178c079e045e63a5be44bdb3fcd0af9f4,a84f0a9e44b642274e2e54d7da1c1085ca9d83e6a8667cd5206bcba5861effdf
overcast-mountain-stations/0216,overcast-mountain-stations,train,0,0,0,2068117,0,0,,,,,0.1649301348840966,0.8394845611475809,0.0,,0.32976606983604306,0.0,0.32245575221238937,0.008193071511265474,0.2531711223134179,,0.29717759511800235,,,,0.565982633509079,0.9309568706118355,,0.5699777417887943,0.4076386815756869,0.0,39f23d5418cbc5c465dddc13feda5ebb78e7eb06be8eacb3a5acb0256a95f409,484d599c7a9c73383e03fb6ad49561d2771579ca685ae29f0f30e4be25d04b96,2e22cb944b8089c91457a94d6ab81480541a439f42b7c2494fd814f23818680b
overcast-mountain-stations/0217,overcast-mountain-stations,train,0,5246,0,2068354,0,5246,0.0,0.0,,0.0011627906976744186,0.0,0.8273226032918173,,0.0,,0.0,0.0,0.5292189107650455,0.16241449201925512,,0.48868154588347557,0.0,0.0,0.12337413182843077,0.4841465752912561,0.675445385744154,,0.48233865038519325,0.5802010548924716,0.0,014ccb7933ce4cc405469bff1fb36825df54553c505c185a5c2b9ca46750aa01,aa3b2a2139a82a89c2ca14efdb1d56c34c50fe2cbd36c733edc6aeb721cead1e,a397e571f3be5a10610a790f13bbb348c01299930c40df0b4d19c70d4fe39ead
overcast-mountain-stations/0218,overcast-mountain-stations,train,0,0,0,2072152,0,0,,,,,0.4500788670000336,0.7011354011212843,0.0,0.0,0.0,,0.7418017734403693,0.5794741697416974,0.06105679535931654,,0.6351967543763328,,,0.4343973107652661,0.6218840493034509,0.9470469969436747,,0.3072211610331368,0.3746202194635567,0.0,7d192a396ef667bb5f346b4419b19250547fc8d398f9ad1541087e3b71df732f,5a08d87d4ef25c8edc375b184d40fb21715f14fe709bd157766f55da6db5be90,a6a920aae8519c9ec040a40c89d074264fb6163d4dc239a605ee5adc90df5015
overcast-mountain-stations/0219,overcast-mountain-stations,train,0,0,0,2067823,0,0,,,,0.0,,0.48918484500574055,0.0,,,0.0,0.7969448035477589,0.5661690100014495,0.6540328059788412,0.2646708779639293,0.3022766002259368,0.0,,0.6127807304543503,0.9119653015416824,0.9930263398573258,0.0,0.5781195689954814,0.71950168873844,,217eb3ce4240bbab2cd912c73d871881db741d3f99a15000d1343139afbeb72c,5dd19a743ac1e5e12f6fb63c62e75e423f24b6825f5013be4daef1327de5b91c,2762f2c07097d1bdb49dc91360e6567b2f31318aa3d48aa0c1882d4e816d7ac3
overcast-mountain-stations/0220,overcast-mountain-stations,train,0,29,0,1926659,0,29,0.0,0.0,,,,0.6838075128480502,,0.0,0.8614444390551487,0.0,0.31772954215502286,0.0,0.08235411659571161,,0.4703926535782141,0.0,0.0,0.0,0.7649458721661138,0.9685584951646082,0.0,0.714937963228369,0.6893985464253931,0.0,b998518e2d97c634c8c2c846bf7f07e5ad02688387f15d657cc9646d080b722f,a78aeb5c9b6e22817ec40a0d14a2e3b3369a6697165133d9a00b6e867bffaa90,e7c4911c558525c927e288ffe5c879097cf9f68c828eb39fdef263a046144bd9
overcast-mountain-stations/0231,overcast-mountain-stations,train,0,0,0,2073600,0,0,,,,,,0.9541891050298568,0.0,,0.6194200500216259,0.0,0.602181633688483,,0.0024886504333470902,,0.6400291348004786,,,0.13523270562981754,0.7994667694920312,0.8892034683003732,,0.7249756221647518,0.8775858517494041,0.0,27cd78cb2b58647066724fd485237e2568caa02d648e8186d42928145e8c8070,e2756ab550685eb2f70de905f8a2f1b99510c181fc397402f3f807c8450880f1,dd8baa7ff3fd09874e3d000f273b812b14ff1459a89ad53c2654316bddbc569f
overcast-mountain-stations/0232,overcast-mountain-stations,train,0,0,0,2051786,0,0,,,,,,0.9075752274317704,,,,0.0,0.30839897955066153,0.0,0.333746063363032,0.0,0.1620974500179576,0.0,,0.3580694645184745,0.8674483393631821,0.9554666261097697,0.0,0.6237640496915406,0.8391289621496514,0.0,77b17d1922889f7c1d3d5c9eb9eb7abb5f53399f38433a493e4e0d9f6d369bd5,3315c387c153f722bf32fbe0bc5bfbdaa858f63464cab9be2c8c073d479522f3,14e5f28716fddf9e807e30a7d191504b430e1ee0ea10524561736bff8310a34f
overcast-mountain-stations/0233,overcast-mountain-stations,train,0,0,0,2071895,0,0,,,,,,0.6202603282399547,0.0,0.0,,0.0,0.5397289000685072,0.0,0.6867886350223421,0.6691584463625154,0.3800292220519582,0.0,,0.11757768574641397,0.8259174375435315,0.9686535169670828,0.0,0.4401505282964249,0.5699732624314756,,ccfe0f6097d8c9ab6aa93e8322b418afe7878378f87ebfaa7638f12f8605381e,3b67554f9922cacbbdfd34af50631afad68cbcf60e66ebde1584c6133fe36a61,9ddcb8d58938bf52596dcce8ab71f292b80c5128dc561d7c9b244f8885e66e32
overcast-mountain-stations/0234,overcast-mountain-stations,train,0,847,0,2072753,0,847,0.0,0.0,,,,0.9070597413807413,0.0,,,0.0,0.33601040072134036,,0.0,,0.5281414208911703,0.0,0.0,0.3292216078264568,0.9502639729222047,0.988284057436223,,0.713853342537036,0.8027826521290509,,709cbea54e2cf9800bbf3d0c032a4ecbdd34ac081630e119aea5e897a39808a8,9f031a8f85e736e4469eff85abe294ba9b7cd9f12c496873f486d04a6bb80267,ff70b3e22dc590d2d8e9a5add56d072998d5a187879b4133537b26a4267a2e5a
overcast-mountain-stations/0235,overcast-mountain-stations,train,0,0,0,2071387,0,0,,,,,,0.5610712450273141,,0.0,,0.0,0.6595272085620295,0.0,0.7607098421845327,0.42266729500471256,0.604014242286203,,,0.21424212676766335,0.8368086209831627,0.9559968993287796,0.0,0.615063742032246,0.7816056104172495,,468c69f20ee4665d35f34a795d6f47eaaff96dedee7864164a769f063403427d,727abdd8767871d43483380b4a639a89408335f221c2798f071ede7d71cbcad3,e5b583cc3931b1f677951f5b2bd5c857ed99393affcbd519f2e4fef9c8ca0bf3
overcast-mountain-stations/0236,overcast-mountain-stations,train,0,31,0,2064455,0,31,0.0,0.0,,0.6039963669391463,0.0,0.8330456825413948,0.0,,,0.0,0.5343310817225865,0.13932256149415143,0.7792331978862627,0.47032030561269467,0.3309024612579763,,0.0,0.2583321488153573,0.7955251697280346,0.9712715902705995,0.0,0.6825138832452933,0.8773970934480799,0.0,7d0f48496493980d7a6b226310064c37f280f0d3d8723af88c69108db233c6e9,357469e787079530c7c4af0fe3afad136d2be00a3110c53be46d1dbb7f58abff,2a28b78cbe5baebd019d694c3d27c8d1cc9bfb12411c1c640fe186bb9a92c851
overcast-mountain-stations/0237,overcast-mountain-stations,train,0,0,0,2058396,0,0,,,,,,0.6796784278695847,0.0,,,0.0,0.5264174012462592,0.0,0.3076923076923077,0.09151973131821999,0.20312904134311974,0.0,,0.18985243082373052,0.8371413476433459,0.9766807989766381,0.0,0.5990710968202929,0.5817194716797667,,d9eebb905aa35607b8a9ee3cdb0cfd1d4a4e368e77135f92e804f42440f333cd,b1eec86e60b77ba128bbba833a23764f54d112d408858a88b1250f02d7da05d0,47ef79ae89acab3e0179d36c7c5c11b5d35bba29e230b72888d272908b6b15f5
overcast-mountain-stations/0238,overcast-mountain-stations,train,0,0,0,2073600,0,0,,,,,,0.7362321761475286,,,0.9076171250238564,,0.21263654419066536,0.08464511264021114,0.44708006279434853,,0.5180042222949065,0.0,,0.7814725037236062,0.7633905196475271,0.9790080913111875,,0.5752529045368202,0.4807600591386738,0.0,38d3daf79fb1b3f1c4c8c5bf74635d5954f16b3c5be5297e9e5ac9b077259d42,0bd106de9c902a9bc8006dd281b20d065ef8b5bfdbd81729dc77edc4d0287715,4c200d6f7a6626ef1d04c58dd54951b45c978367d00a2368308878dab82e12c6
overcast-mountain-stations/0239,overcast-mountain-stations,train,0,0,0,2037432,0,0,,,,0.458793324775353,,0.9100696411924912,,,0.8040019012813913,0.0,0.0,0.7690277719599548,0.49529825238376085,,0.5065480541685767,,,0.0,0.3392541623531793,0.9620183185363911,,0.5107156421246812,0.5834174125305126,0.0,a48c958611d90e4471af958912e453f589b8b5533315c5d59ce81b77a46a7bfc,7b59514cf69597aa4f2cce3764a3d0af51710e328dc3d85c3976e4c563c3ecc1,157c3d02d3ed7b3889830883be2b79a3a3cba12130c5d58ed7983da49a599681
overcast-mountain-stations/0240,overcast-mountain-stations,train,0,0,0,2073600,0,0,,,,,,0.9180778371954843,0.0,,0.860741732147483,0.0,,0.0,0.5748692922116854,,0.6049635862264018,,,0.0,0.7912086844020726,0.8116510362780763,,0.6398025218493562,0.6274310813703647,,8b51f499144ba83986ae26ea615d1f3e8da062613143bac5e635ab5684f8c914,99709ace9ed244e7aac8df6f8691255f3bb94e3107826bf9d3f678400c6ead23,70f543efef2383d8a8bee74ea1dd4526ffa5f9eba02aa46b373c63a33d3a59ce
overcast-mountain-stations/0241,overcast-mountain-stations,train,0,0,0,2054583,0,0,,,,,,0.6703622689000089,,0.0,,0.0,0.0,0.0,0.0,,0.5390570669705324,0.07402101241642789,,0.4434327719894136,0.77703549319538,0.8900462817882625,,0.7390621202125074,0.831179230044978,,3625a2c4d4e9f8f3e0165e6dd90494d2791acd79e6142389e4a17e9e72601af3,a18c6013db023e74d3f18197e3c928119a026a0643711724bc334d3c6663f66b,abac33fe83e003a1f74fdcfebd113442603ccde9248b28807fcf6ee364009adc
overcast-mountain-stations/0242,overcast-mountain-stations,train,0,0,0,2064724,0,0,,,,,,0.8920372232543078,0.0,,0.1697239006150595,,0.0,0.0,0.0,,0.392051135552064,,,0.0,0.8615779716135307,0.9567631798769368,,0.6753959014208969,0.8639215115288461,0.0,ded050ca71f820d730759226ffc1d2274e07ef4601f63b34c13120c7ef05161e,eb2b02a061e3cd39e085fb56063ea4abf4c835ba5583526332833e0723c0d442,2a58c5459ccaeca23584b90cd3c70ac41f8423ee38fb8d29d67475c19185aeef
overcast-mountain-stations/0312,overcast-mountain-stations,train,0,196,0,2073404,0,196,0.0,0.0,,,,0.6703865667121005,0.0,,0.0,,0.0,0.417890520694259,0.4702459252991713,,0.595806247406158,,0.0,0.0,0.39080030483958067,0.8349928121980534,,0.5828584822126153,0.7222085947204159,,5443a27572d1805ca781a25437ef08d1d27ac70239d96cb52f50717ff14822c3,b7a584f428c50f605f7f6cf81f78b931a71df4e8242a20fa82991bce28e1f9f1,a4a1e2598388cb970e24f94ff3c926d498c1e20d0d9d21056f4d8421d90c42b5
rain-water-cab-view-with-overlay/0268,rain-water-cab-view-with-overlay,train,0,0,0,2029558,0,0,,,,0.0,0.0,0.35256805475730185,0.20356270422892675,0.0,0.0,,0.15765601613847854,0.0,0.8934170413722656,,0.0,,,0.0,0.5269725409328119,0.008648844804644973,,0.4852890273451021,0.42939575394665214,0.0,7a53e1b4c0a64e0b30e58ab9db89fcf98ce95254700008d25f5394d06f97a292,23a6618e87555de6cbd8e26e944af51a428323c138f0f4bdd425e1c41c6ebf5c,c7874d5128a91a9e9034c30dcc9b241f317a7daf63ebe2d19ca052071f75fac0
rain-water-cab-view-with-overlay/0269,rain-water-cab-view-with-overlay,train,0,0,0,2054769,0,0,,,,0.0,,0.9321537269135522,0.19098958089987386,0.0,,,0.5941719793183073,0.0,0.600845987752646,,0.34356778425655976,,,,0.9010987059572644,0.989644037903123,,0.7406355727404543,0.8618312975037054,0.0,1100c1ea54949235b635d2def045d12f73d290500eb308c1ce83323f8600862a,abf7569acfa9b70797209bfc372ddce4a802e55f69e55594dc883d24cab15bdf,57f49b7cc243d7a4f5dae18399786c6cb9fd3ced5cf15cc58f8147885587b77d
rain-water-cab-view-with-overlay/0277,rain-water-cab-view-with-overlay,train,0,0,0,2032606,0,0,,,,0.0,,0.48953409858203917,0.4900784307768647,,,,,,0.0,,0.0,0.0,,,0.9222130001796067,0.8229482506047082,,0.5762150220913107,0.0,0.0,ca57dfd0f80377755014a88660f5a17884651b8fc20abd7455c72679bd8bb09f,5542b12fe43765140207071f9c0e4692ea5687467fc0d4d502d4e96bd01a76f5,834935fa4d50038198d26155bf993ca7c7cec3c0de177e882da97d2f149143fe
rain-water-cab-view-with-overlay/0278,rain-water-cab-view-with-overlay,train,0,0,0,2039559,0,0,,,,0.0,,0.5472726567349472,0.4960628527949321,,,,,,0.0,,0.0,0.0,,,0.9366278896119082,0.8623044529486174,,0.6373018406213427,0.0,0.022998531031950056,ae02105bf482e4b7269f687a6bf9420a5d1fcf5bf84ca910a716df519b4a66f1,f9d9cc36d418487bbef456deb4bd834ff96e352253bedc9a16b3f55061617ea3,e035f379ec725cc11e6f5e5ed54a8ce1ebce24d087c4ac98a1ab82714a0c5321
rain-water-cab-view-with-overlay/0279,rain-water-cab-view-with-overlay,train,0,0,0,2054320,0,0,,,,0.0,,0.7617307888560058,0.6499462883483541,,,,0.0,0.0,0.604846012022299,,0.6205642167780252,0.0,,0.0,0.9008631128114567,0.8972635912338055,,0.6072855895998898,0.26678848789401555,0.0,41a8c3396c58a82a580a4b2d762d7a5813c5b86e025f72d9bc3ad2ba21db3545,75cfc723508e1a083341fb8e16648a7f892140dd4f2ab1043d614110da2558d1,399bf4297129801beea0817d3ecf4a65d20665e081aed0750df7e38375949b9c
rain-water-cab-view-with-overlay/0280,rain-water-cab-view-with-overlay,train,0,0,0,2054275,0,0,,,,,,0.31782299889608634,0.6223113120370766,,,,,,0.0,,0.0,,,,0.9713305584068866,0.863977906748535,,0.6679065442287574,0.711966065976819,0.21814487210136266,70a05bd99cfd467ea3e055a00e478d6e1b45acfa4adb761b94f8e266417d1ae9,e106743e4b56f6a000935339646381f74dd47b337309998f9c1f64e772dc2e55,c6abcd2fa91cf4b1555ef7f67fddb2964c9e893f30699cef7d5ea5ee91f58961
rain-water-cab-view-with-overlay/0281,rain-water-cab-view-with-overlay,train,0,0,0,2053597,0,0,,,,,,0.6354782206994783,0.5387323672390814,,,,,,0.0,,0.0,,,0.0,0.9663998729010609,0.9069779000033134,,0.7077213596307176,0.6604447974583002,0.2237657217946311,a7da1f692dfad6e78cfde641dada58c6873c4539cb40843c04d9e3238e0235ac,0307bb1c875ecbe072c4937d166fb5c6179a715723a729d6f851102552edbb52,f36d221c2240a50cd28ab607acc2193bbe44059ef493eb0ffaafccb9f2a3bb46
rain-water-cab-view-with-overlay/0282,rain-water-cab-view-with-overlay,train,0,0,0,2053810,0,0,,,,0.0,,0.5374953823420761,0.40462389959034256,,,,,,0.0,,0.0,,,,0.8853403336573757,0.8492097719373906,,0.5506170143059954,0.7379142535392536,0.030555834757262035,f9741378f2d70f2bd7e5236fc50ad4936840f4c1561be37a810e2aba8983efab,c2f421c7de5534678595c101104109c3b656630b9d60fb9b35495a373e44edea,5ef5a1f868580dbbb7125d16f100a70478b720d104220232326dcf32d6279abb
rain-water-cab-view-with-overlay/0283,rain-water-cab-view-with-overlay,train,0,0,0,2054083,0,0,,,,,,0.4664868364264135,0.5159067592173247,,,,,,0.0,,0.0,,,,0.9502902849028948,0.9667795315495296,,0.5669403784362728,0.014389869531849578,0.12142857142857143,50f5c438789710cc8a44142a41fc391480200cadb38493f126501909f2df6f3a,04b5fbb59ca9fdefb2c884a036413016e6db4df5eab65336733ce8f35b69af69,db462303be3ed7b9fd38d264329178f3003923cdb8331017df8f17c3cce7ef29
rain-water-cab-view-with-overlay/0284,rain-water-cab-view-with-overlay,train,0,0,0,2053473,0,0,,,,,,0.6767729187042175,0.31407574774613545,,,,,,0.0,,0.0,,,,0.9330651349008089,0.23537389338858541,,0.738854755468174,0.7743535096696595,0.09860102232983589,43ee426aa0b2c2ce8f85dc51fb77e1d7b14c6221bf250479b4fc3db9938e1d2f,124b16930742b8657398889555a2a4ca0cd3a302b337fa75ca4b08d758b9ab29,1104eb9cae492c9de7fa88e29aac9e5bf53af3a96f788d4c9e7ef4f0f40b1208
rain-water-cab-view-with-overlay/0285,rain-water-cab-view-with-overlay,train,0,0,0,2054047,0,0,,,,0.0,,0.6079078984618288,0.6863301618558669,,0.0,,,,0.0,,0.0,,,0.0,0.9304236241697402,0.6837734372133413,,0.6128522684190573,0.0,0.0,2956bdb840f2c86e03cbc88cc38600c415d72eea5fff4f468697cb6ad1fb86fb,7c817992adbdd24001302c811f1bdc3fd0af55e9c6cee7d75ee1ebab90d9ce52,97aeee38530028983e5576b1a28f150ebcd7159e0fe07da6f0d523f05be5011d
rain-water-cab-view-with-overlay/0286,rain-water-cab-view-with-overlay,train,0,0,0,2054089,0,0,,,,,,0.0,0.617963881722564,,,,,,0.0,,0.0,,,,0.9410031663428046,0.6485627554766523,,0.6296461161807255,0.05546766857820842,0.0,65bb9a26ed2495d66bcecef26da2702eed5d5ef32bc6393785623c77524cec64,c5023a4e5a1ade5fe386facb5dd55efc8f17e3afa73682ad1f23e1e7f6e96499,592cedbc2610d36102301bbec1b4a92ab85f688cbd88ebb5882639c01aea4e45
rain-water-cab-view-with-overlay/0287,rain-water-cab-view-with-overlay,train,0,0,0,2054230,0,0,,,,0.0,,0.5549701440112399,0.7014195189804192,,,,0.0,,0.0,,0.0,,,,0.9668373117712806,0.9073401841718938,,0.4471448663853727,0.0,0.39233870967741935,e86117d8914772da397288df8ec1e772efd2441073ebe583809d2c492b5a8b2e,49c1380aaf9d4764c6f027260ff4e8b042c503f86f3393d63dba98fb7b567287,82332fdef39169bb368fa810635b0f561009b8ec4117e50a5d5d04217d9ba1c4
rain-water-cab-view-with-overlay/0288,rain-water-cab-view-with-overlay,train,0,0,0,2027494,0,0,,,,0.0,,0.6457810657231693,0.4082564997092782,,0.0,,,0.0,0.9807272628938967,,0.0,,,,0.8102177195923852,,,0.6006778809942255,0.3455063685757549,0.19246314788397528,edfc5f576a3fe8034173a9ff71791befd981bc683b089bc729fe555cefbe4b3f,18a05516eb56af5f738ece0bf1f771ff1da45279a794c9ca45f4549211644f6d,848b77051b9490fe03de22930a74914d5beff16d9f3652e9fc3be196deaca7b4
sunny-mainline-cab-view/0124,sunny-mainline-cab-view,train,187,1067,79184,1993162,79371,1254,0.0023247718739899054,0.14912280701754385,0.002356024240591652,,,0.5207834168300298,0.14784580498866212,,,0.0,0.0,0.720824322902664,0.8179078038531783,,0.5518483633221017,,0.0023247718739899054,0.0,0.8254254158018854,0.9472472145820707,,0.3366902595214021,0.5446954551835305,0.0,7401f5fc76b6fc6c255d1dd4039a55eb15e32ab20cd3552dcac7878a8a74eb88,9544d3a4d4f26ddcf2a101283fbc57247e7d6b9a4c2a4d1dcc6ecbc47866431b,63ea054b7dd5115134f79d5578b22d5e9588f4916abca3a9c7548ee6d4285eaa
sunny-mainline-cab-view/0125,sunny-mainline-cab-view,train,0,1506,35531,2004547,35531,1506,0.0,0.0,0.0,,,0.5383674543295385,0.03503597443803906,,,0.0,0.5671564303535875,0.0,0.037361936281350934,0.38133465670247546,0.40012042320153685,0.0,0.0,0.45416306168657844,0.7670131463016081,0.9923560773977116,0.0,0.5252682986573585,0.6053135919560722,,b9b5845a7575d6e07a9bbc5c28a07e05557e8f29ff815f5cbf7248d75ec08247,258f3be8e12caaaceed243c728d350b639caa3c57d90a8ad103831ada0b7f6ef,1dce878ece22e918cd5ee823b85881d4f0602abdbc0ae3050c4a5acdd5750111
sunny-mainline-cab-view/0126,sunny-mainline-cab-view,train,2591,75,31068,2037403,33659,2666,0.07680678247465465,0.9718679669917479,0.07697792566624083,,,0.6345474650118827,0.014747877792121425,,,,0.0,0.0,0.7158909485513817,,0.46399145197673036,,0.07680678247465465,0.23013335359074052,0.37934402332361516,0.958210480149937,,0.5407416017668255,0.6341682220148425,0.0,a1e2fc892f0b131c74ecceb67559b53b91457b9cf91503592486c858fd335277,e27211315a2ae32a9a3ef1ca41e51ca0a0fa4f6fa09bc2a6e3ea542fe11ec29e,8976d8f41ee94600f370febdef7e70152bdfb09a08f33f5114a00a53c9ea4fc8
sunny-mainline-cab-view/0127,sunny-mainline-cab-view,train,39,1604,24991,2046966,25030,1643,0.0014642937598558234,0.023737066342057214,0.001558130243707551,,,0.6215826521880954,0.012125574442168208,,,,,0.0,0.7080576510382299,,0.4631938545291791,,0.0014642937598558234,0.1555984367707194,0.5333880780859244,0.9317097712497983,,0.59660185339663,0.6343221986144171,,0d4cde05aed2bd4fe2170c8e306ae84b426e1f4e3c8d7f9b0b0cb271454f8c9e,aaedcf88592ad3e09dd1013b51109aeb4e7c40f4b2d9226c243471e2f34e9ce8,9de9d8797a8f442831df6a35ddf357fbb901c7956f9d85a1599f1666c82c0805
sunny-mainline-cab-view/0128,sunny-mainline-cab-view,train,335,113,22848,2050304,23183,448,0.014380151098901098,0.7477678571428571,0.014450243713065608,,,0.730044891492222,0.003996235206986469,,,0.0,0.0,0.10075320356059865,0.6543845111864205,0.0,0.37857135581653545,,0.014380151098901098,0.0,0.8291507293009578,0.9673214909569751,0.0,0.5643561198124342,0.6262639449931139,,24687c346d035f3bef72afba9b140f03eab022e4a90af673afe81fa9f274787b,c2fb729a44959c3f10648bb333aa2bfa0a8bf6c4779e7237ba1a4ca106ac5d1e,fa83adf1f493e4c404a591f8a6a54eee255360c27ef6728cf79bb8c26a205f38
sunny-mainline-cab-view/0129,sunny-mainline-cab-view,train,11533,5052,33718,2023297,45251,16585,0.2292706200425422,0.695387398251432,0.25486729575037015,,,0.6436495258380243,0.06329051807687118,,,0.0,0.053020412062541794,0.18905466537532642,0.6568650043784855,0.2536643733173796,0.543252745659502,0.0,0.2292706200425422,0.05982251452768143,0.7248925264550264,0.9565550024626591,0.0,0.5631540865725304,0.6003450178249875,0.0,e52ffee04497a5939bda202788429a87b3560377d2abd91af07b4286a26b89c6,0c3855bad8ebb48418e3eb7da192926f4eba3d0bd8a6c1ba206a8a0de118136e,9b1faffadf95caf9e88e7911ae28e66d92cdaf4d985b3b48b1061542ae3e3a32
sunny-mainline-cab-view/0130,sunny-mainline-cab-view,train,11959,4175,15325,2042141,27284,16134,0.38014558631870055,0.7412297012520144,0.4383154962615452,,,0.6427339357368953,0.005912495072920773,,0.0,0.0,0.0,0.21981636641269692,0.7360751731975576,0.0,0.3873000844680831,0.0,0.38014558631870055,0.2701102641900392,0.4714039486054528,0.9624324103503745,,0.42743714444200775,0.6641650411611069,0.0,e0ef00001b7bf26a5b6122387465145d21b99c1296743b3f03e61660ac3b3c2c,9e56d793d32c98b488bb34adae6c07d0b0bd6f457d0f9aa68dfdc9a0a4542a74,5542aa1b6439a73f72f65728fe01601aff11a8c23682cb130bb7484d24c8c26b
sunny-mainline-cab-view/0131,sunny-mainline-cab-view,train,0,0,43352,2030168,43352,0,0.0,,0.0,,,0.6172181247329407,0.0,,,0.0,0.0,0.1265214298075259,0.6261064235672875,0.0,0.4515013991889335,0.0,0.0,0.4922687740834796,0.5847052123921617,0.8489451051996528,0.0,0.5378361634067087,0.7537223543063272,0.0,6ed3b7e372d8d5dc78b215af5af6f4653456cd41ece09177eab1178a747e70bc,a8c27ee277932c37a1cbb160b15f22866e20dd4aec146b5de86eb4603ff534fb,98d42d1fd1d5822d29d2aeaa588ce9d4f24f89d81401df4f08828a7f954a9ba2
sunny-mainline-cab-view/0132,sunny-mainline-cab-view,train,646,439,13401,2059114,14047,1085,0.044594781168024296,0.5953917050691244,0.04598846728838898,,,0.843533098264459,0.0,,,0.0,0.09346277802092866,0.0,0.5622433630911684,0.0,0.5816105537392476,0.0,0.044594781168024296,0.46056554775415987,0.5781208419932158,0.8905045074823271,0.0,0.4743726249701687,0.7374279653858428,0.0,e153b7e6bd960d596c08d639a6b6e83a0851899aff6c01d8e6bfbba8b04f29ab,51ec0f2f880b6d5e6d011aff4a6f35f79480042485ebc9db45b9e0c8ccb772ca,b497ea15e3e6493831110ffbd497d66e58a6c02ab11bb3af58adebb7e9b523ea
sunny-mainline-cab-view/0133,sunny-mainline-cab-view,train,0,75,4876,2067951,4876,75,0.0,0.0,0.0,,,0.6345653438930753,0.23406937723640545,,,,0.0,0.06761493315943919,0.8693635353813051,,0.42718495423916325,,0.0,0.22123266078184112,0.3569966521535499,0.8119038884812912,,0.5003836877877659,0.5431964858319315,0.0,f9e73f2fb85c57a08b9d33b0c1c38cfbd56bb541c4b32e14c80883c01757b91a,7b970b234bbeedfb2a18e0ce9e899a251b487dd70a00f183d3d16356c2b2478d,2449e50eba41bba0681376e1af001a69c652f7b8d2a8ee7fcf1c04bdf35befab
sunny-mainline-cab-view/0134,sunny-mainline-cab-view,train,14892,4514,21319,2025709,36211,19406,0.36567219152854513,0.7673915283932804,0.41125624810140565,,,0.6448054838422506,0.0,0.0,,,0.0,0.3685194805194805,0.8543243620136661,,0.5115284974093264,,0.36567219152854513,0.6023940973118003,0.8392484200172473,0.9819948900220388,,0.5424789971025465,0.6222373209117575,0.0,9e4b1e6f4202cdfc0d9ff15e1ee6eb32270e1c0e88b7b7842be2345e74dab6f2,810016b295ab6550cc7248033bb01b9032302ca875b032e9d08005c80b18156f,d1bd8cdceabca38beb116ea69b26285789f58d3ce9b28bf91bae3e46b52169c6
sunny-mainline-cab-view/0135,sunny-mainline-cab-view,train,2149,585,15975,2049566,18124,2734,0.11486450371478968,0.7860277980980249,0.11857205914809094,,,0.7306836145433429,0.0,,,,0.0,0.5391964285714286,0.6962636711882599,,0.34518752824220517,,0.11486450371478968,0.0,0.8359292406452604,0.9858278427087817,,0.5774223849321997,0.6553718227982979,0.0,917d7fdbcba14ad98f4155259ad4945453a4e76aecab144bfdfd515d95e55343,ef3653ad7186e447e51f20d8a071847cfab4d31d30567977a105bb93a6e226d0,5e15f646c59c57a6ea9b96f8d18f73ad5a1ccf243985ce8d91346f702f8bcfc9
sunny-mainline-cab-view/0136,sunny-mainline-cab-view,train,29172,4263,58528,1976098,87700,33435,0.3172145319313202,0.8724988784208165,0.3326339794754846,,,0.7095448908472416,0.0,,,,0.0,0.4452981775045832,0.3674178099181438,,0.2865595463137996,,0.3172145319313202,0.7368692199437072,0.9460670606511308,0.9545839279867044,,0.6704505431985045,0.7509121852882255,,23d8b5534877bd891ce5b404ae30036f3fd3a3f9769fc5d17235cd727642067e,79c1982f49ada9c405b84125d26d3248d5d79d06d6bc5cb458d82e04d838eb1d,c60583b2115974078db3b5e26b77054ff78e052baa69a2709a58cc0fbebc4dff
sunny-mainline-cab-view/0137,sunny-mainline-cab-view,train,490,141,23881,2043714,24371,631,0.019990208877284595,0.7765451664025357,0.02010586352632227,,,0.7504947077772665,,,,,0.0,,0.5508402164625463,,0.4410096098182239,,0.019990208877284595,0.0,0.9182222112371855,0.9664450982808552,,0.6207340203997719,0.8392424431243856,0.0,a171edd02bf21b2bc889ac8ed17fe30fc47d76defd59a637e236ddadf0c76f27,6f160ebe16131fde736faa1b907b2b9193af1e3c3ecb7fbcc5d577bc8750144d,7de09e41014a2176e3856408bf0ec81883647de617d91c8365a0ad8e65d86906
sunny-mainline-cab-view/0138,sunny-mainline-cab-view,train,0,0,6936,2061295,6936,0,0.0,,0.0,,,0.862395452511174,0.0,,,0.0,0.40571520826606394,0.39699669609489247,0.4606775401209519,,0.23616611366798673,,0.0,0.7042588922668193,0.8842766665832228,0.9828166401894934,,0.5550315204013566,0.8857342443206828,0.0,461bdcfd80571cea432e10e0947270b1a03bad21b5efa4efc325d700d1107bed,50f45cb9d7c36f7e9ad713cde316882219c82f7d0791f0d0e907e65ccc5286eb,337ffa6f77490670dcffe20fcf947977315ca59e1ee11b1db67c47c6d3d82c6c
sunny-mainline-cab-view/0139,sunny-mainline-cab-view,train,41,74,27829,2040386,27870,115,0.0014672201545949041,0.3565217391304348,0.0014711158952278435,,0.0,0.6813583652961891,0.05033294163728946,,0.0,0.0,0.0,0.0,0.5112450798203129,,0.4034860003708511,,0.0014672201545949041,0.0,0.8139275970254657,0.9665490226497052,,0.6297928421399448,0.6182620521611016,0.0,ea793969cdff22d7aeff4460d14cafa8007c32c5650e6cd3586775c958a0754c,9ffd1fbd5a02985f044eebd2c5f1c76c095bee6781c959b4c6742485ddd6b778,1cb14c3058a5751d5ffbc3c0d44ad5688f47041631cf1c432d41057674cec5ba
sunny-mainline-cab-view/0140,sunny-mainline-cab-view,train,0,0,23511,2030475,23511,0,0.0,,0.0,,,0.770049551527316,,,,,0.0,0.24984957882069794,0.3570394344604378,,0.2877950244524771,,0.0,0.0,0.9185699128146941,0.9740751945690226,,0.6335758418701688,0.7872184695773187,,3a5fae521d4841d641c0b0953b4733aa8f8734d7fd9997403022f033352a935e,bec802af770693ccb921ee7235635fe5fd724eaa5b1d6e1f6746af21fd9112cd,54bbaa1488302c4740c48223836a05a345eba8e8bef4d739bc39b5fb8b937b58
sunny-mainline-cab-view/0141,sunny-mainline-cab-view,train,2225,930,21899,2036125,24124,3155,0.08880817434341821,0.705229793977813,0.09223180235450174,,,0.7024786613299899,,,,,0.0,0.0,0.0,,0.7008879230052779,,0.08880817434341821,0.16272913054248203,0.589931311818151,0.9332506535776461,,0.5050833008352756,0.7023839894980618,0.0,2ab1618bf2232f7953374c7ff9fd6dbb5957a1d11d887a1004faeb1f3bfa8241,97b17a45f269102384f6109c04c9d6b8bf8782c9ed75e154169d5296a043ea20,d1178662e641821b9f11fd28f94cb581b099a2f47ee783481fc0acbf896fe2d3
sunny-mainline-cab-view/0142,sunny-mainline-cab-view,train,6740,341,22527,2038399,29267,7081,0.2276411780599838,0.9518429600338936,0.23029350462978782,,,0.7467897735929548,,,,,0.0,0.31163095043350236,0.15742286161617652,,0.2814121477261166,0.0,0.2276411780599838,,0.6912996316635485,0.9852541582590381,,0.5724061436655199,0.7931550709588093,0.0,f9d4c3db5d27a80539d7e059e63c85bbda048e2f6d73d48e3b0e6d2541a023d4,ecd3fb29f78f54f484c4e6ff39b9f5010a4ff9510a0ca54c9e0fcee6ada30585,42d927122e4d79f75e876c1a24bea8e648b090fe0a026248c1a2b0130fbbab3c
sunny-mainline-cab-view/0143,sunny-mainline-cab-view,train,9843,5167,34501,2018710,44344,15010,0.1988043061137929,0.6557628247834777,0.22196915027963196,,,0.8422031302199222,0.0,,,,0.6512592878510084,0.0,0.4599352117841208,,0.26762325239146434,,0.1988043061137929,0.5901219904760847,0.8174179270869731,0.9872055689614193,,0.6407619533460094,0.7416955823349025,0.0,4437f8bc5b8248f9f54a530115e7dbcc3ace4af83f6e7e7505c28bd61deecdb4,5633b96990c8cacdbca53cbc8c942d05e63f5e2d839d47c6d0409a38e1392cfe,3e36dc31ea93febde81e9dd377fb421562f8e7d9e6f07ca9dae389ef5d53b07a
sunny-mainline-cab-view/0144,sunny-mainline-cab-view,train,27,1304,9642,2057063,9669,1331,0.0024605850724505603,0.0202854996243426,0.0027924294135898233,,,0.8063983620879092,0.0,,,,,,0.09113220952011884,,0.3959105431309904,0.0,0.0024605850724505603,0.20575884823035392,0.8928154901739603,0.9144075860247537,,0.6524690066433018,0.8516865063410837,0.0,f6b634ec6548b8bf98554aa0ac61f40eb22ae85f7e7ae26d084ddb9500ae7e5d,7f8b37a8c257a86c7ca870dd1ce5018c32c9ed888de4dc3afc7b590ae25fb898,607d26b1b42851c2ef47d1525666e7f87d5d9a8089a3ba02a465181b2cdfab26
sunny-mainline-cab-view/0145,sunny-mainline-cab-view,train,13623,4144,8581,2041791,22204,17767,0.5170411416426294,0.7667585973996736,0.6135381012430193,,,0.7433329297687575,0.0,,,,0.0,0.17438939557891484,0.4099884557053715,,0.0,,0.5170411416426294,0.5223719048174112,0.7329847622718313,0.9571722658053301,,0.5171686589758313,0.7733683946650841,0.0,fcdb2f1d198ca40299c924da55b12732604c2030a0db21c6f4a86b3b5c804d35,20c74d76997181bbbf1ecde190ab83a62b8b818f8a40955abbde22b23f85c59b,2225b3acbfd560fe6dcbae76206f21461440e378944ed95f3c1579692b65122c
sunny-mainline-cab-view/0146,sunny-mainline-cab-view,train,20178,1548,22695,2023536,42873,21726,0.45424461403390287,0.9287489643744822,0.47064586103141837,,,0.7848540492623314,0.0,,,,0.0,0.0,,,0.3648026018610534,,0.45424461403390287,,0.9027020965578005,0.9723295590243544,,0.6906032956557265,0.7124809542201799,0.0,144ac7ace9587dad2bd7d7909441c0b2eb1b7a5fd5d975855c31e6f54006cc89,14b653b227e8c3d3a8b942968a57b177faaf75fb68a3e71ae071e6286eda5cde,67807b56c7ede448cf374be7393cf04c7aaa9111d21acaa503798538be2cba3d
sunny-mainline-cab-view/0147,sunny-mainline-cab-view,train,0,3,6051,2055277,6051,3,0.0,0.0,0.0,,,0.7223378053374286,0.0,,,,,0.0,0.5720606368317981,,0.34767754318618044,,0.0,,0.9351024967456697,0.9014873181648638,,0.6669040218001561,0.7105508557218781,0.0,6cf388fea166cff5c1481f523509bf3d72656e5aede0964f0ec6b15e88adea19,692808c9fd7ae6179769e38738eb5f38b5dfd78c857fdca542786e3cce1a19ce,368a3f5931cdde4036476e566815c19b5fbf1ef37e9e51cb3229861ef3df9151
sunny-mainline-cab-view/0148,sunny-mainline-cab-view,train,20647,29689,10308,1983131,30955,50336,0.3404623705560319,0.41018356643356646,0.6670004845743822,,,0.6966833607676952,0.4211968852667308,,,0.0,0.0,0.0,0.6646188371386593,,0.3883026512815996,,0.3404623705560319,0.0,0.8599824905596692,0.9711843768752585,,0.7190348810902171,0.7889150280616956,,d859eb4079cd5f05a69e1a52ca314157548f99524569888aa31aa39194c4c163,3f6263d12602f503c9afd8899de5bf72117310b14c1df89f7ca3507e4df9258a,f97c283c5fe73ba634bf3539b76a550f997ff522a1e2480edd7ca5f3590117c8
sunny-mainline-cab-view/0149,sunny-mainline-cab-view,train,0,0,10614,2046514,10614,0,0.0,,0.0,,,0.7580543107099716,0.1171283512959829,,,0.0,0.368,0.27790432801822323,0.44227273924610805,,0.47784144444200977,,0.0,0.01624405705229794,0.6435474987373131,0.94433870716196,,0.586055462855856,0.6699090466106012,0.0,0f14ff36a7fdb27af6f7ec8cb353e753e159bb3b77aab52a80b13fe6937791bc,f956580152828b020215fbf2c78a840a5b4b68ad7e56c3e41bf4fea9766fcbe0,c7cfe54a4d1bc7d5a07e5df84b7b7843d3d98923109a22cdd515e2417622054b
sunny-mainline-cab-view/0150,sunny-mainline-cab-view,train,19,1,9599,1998951,9618,20,0.0019752573032539764,0.95,0.0019754626741526303,,0.0,0.8591522858718222,0.0,,,0.0,0.0006220597954978422,0.2605374437320966,0.6060117441128539,,0.3796289781655292,,0.0019752573032539764,0.39168133949038236,0.6787793460006438,0.9851907461919909,,0.5590169475158129,0.6769239296618429,0.0,d4d60368183c52383216b6039fb814147d7720ff8a5ea3c97e9222f8f0eb8937,ea19db3c93ddb0c57d8a40d4882b76fc921b3e7ef2c036f491aeeeed322a8ba8,1f2767d0e0716646384f84fab03ebbbd9493f3de98cf5c415f20b61da148e99d
sunny-mainline-cab-view/0151,sunny-mainline-cab-view,train,3595,3864,20243,2038285,23838,7459,0.12977402353620676,0.48196809223756537,0.15080963168051012,,,0.7376498854390636,0.2459522949042284,,,0.0,0.0,0.0,0.6676969490823585,,0.2118784627871687,,0.12977402353620676,0.4403290832213445,0.5373196799859011,0.9771079861302218,,0.7123297348326729,0.634765330191336,,4b1751c125ecc67afaa53eb1d7655c7a5ec051098de588dcb48ea4bc9cd3c5fc,1ab5b3a734f95118a4f540fd1aa10298673d5e4910ab7f3050c63f27f8d9a24b,eab7708e2142b0c0b04eac209cc456879c12f15eadc99ba77ac6bd63eadad39c
sunny-mainline-cab-view/0152,sunny-mainline-cab-view,train,377,3901,12331,2042970,12708,4278,0.022698536937804804,0.08812529219261338,0.029666351904312244,,,0.739197882272572,0.0,,,0.0,0.0,0.1752758675835599,0.6111961570945946,,0.45639855697446885,,0.022698536937804804,0.49838557253110727,0.7144061862730567,0.9612805696752094,,0.7206003403991954,0.6874531637189502,0.0,7c244faef1d58c7c544581c4aaad579ceaddaf9f4f8593f1c642198319e0f064,57425f7fe572f2d8c613752e0aa310cac5a68f17926ddb24529c7254a7030148,e8c9416ecb47a8cb4fba7219d8eaa2882980009421b642e6e4672b40ce1d5ccd
sunny-mainline-cab-view/0153,sunny-mainline-cab-view,train,8124,4935,13291,2040387,21415,13059,0.3083111954459203,0.6220997013553871,0.37936026149894936,,,0.8203099990105176,,,,,0.0,0.5236106276830259,0.0,,0.7056520698731754,,0.3083111954459203,0.8843772420071503,0.914143020539534,0.9787169129001085,,0.6973174135524888,0.8870851797301571,,8a9db76dfcf9155f0dfba13eb33441d81632dfa0d872dd599c6a9a249961a009,05a5851a91ad31d3a2d1b4e3dda4c9fb4c997e5bb7d94639cfcf404ebbcfe4e3,cad6b61141fc31d091c67d5f8444fe25880a2410f18133738970d235b6c4504e
sunny-mainline-cab-view/0154,sunny-mainline-cab-view,train,11188,13081,5228,1974293,16416,24269,0.37929280943824795,0.46099962915653714,0.6815302144249513,,,0.8222618117922686,0.0,,,,0.0,,0.0,,0.30157089706490287,,0.37929280943824795,,0.93928292500443,0.9903201302512862,,0.7757685352622061,0.8585533999136485,0.0,6ba5f4dc3a08179c05592eb64e30da7a3ab0f61eb7a134091c4cb022c307f8ce,73a89e97a564e8790df1b2ef5cc6b4b1abecd82ba42528df33db4e2887c0a69e,9ee03c96280d812a9d187f89dfe7ea114a9f36d5d1bf5a762ea6f14ab811c8ba
sunny-mainline-cab-view/0155,sunny-mainline-cab-view,train,1183,310,3781,2055349,4964,1493,0.2243079256731134,0.7923643670462157,0.23831587429492346,,,0.9195742412353474,0.0,,,,0.0,0.0,0.6962873609435732,,0.27381076842655516,,0.2243079256731134,0.3466019417475728,0.9468652514646579,0.9766757599376461,,0.7759935032614675,0.8815443569699836,0.0,06a90f5ff240f94f7308b963ae697e96d8e7f41f7c690b41c58516e490c044e0,3520046f77397809711aadef6d4851348e6ef6dfa7e4d4acffde40d4a08d976e,749d3efc8177ff34e52a5696312972172a0e32c267a66ee0cde4e4731ff18f54
sunny-mainline-cab-view/0156,sunny-mainline-cab-view,train,4262,636,5610,2049852,9872,4898,0.4055957365816521,0.870151082074316,0.43172609400324147,,,0.9100668508998216,,,,0.0,0.0,0.24669489328609695,0.0,,0.45103916866506794,,0.4055957365816521,,0.9061592943097297,0.9720973320394519,,0.8046596402250574,0.7880117443548227,0.0,2a9b7f9f2e664a6492b210e6af5c8b3238a3d01e1f1d4f0c3506e92519ad0942,407421d1c13fc9a5c28ada48397820d63763e5bbd52ba90e03022634e21f2fbc,dfe06680aab14375a66ce49d9e2bbfaa4477fa3d7d5a6b61bed53243b32db480
sunny-mainline-cab-view/0157,sunny-mainline-cab-view,train,18993,13580,4544,2031055,23537,32573,0.51170622625751,0.5830902895035766,0.8069422611207886,,,0.8135348043854309,,,,,0.0,0.0013948102531712195,0.3707592106542238,,0.4416082383873795,,0.51170622625751,0.0,0.8965021996032089,0.9831347251926323,,0.7420927195120309,0.817509362011495,0.0,8e5da439095b7bf529ca9afbcfc297a86c96a3820aab657ef461687e06417c1a,9981e1d1ae142c1e9738d94cae092b732bd369db06694bee51a34ebb4e3fc179,ccb9be3e0a7dd82d00bb93eb8c8799ff76107e3ff0e26a57731e9a2b4f4d745c
sunny-mainline-cab-view/0158,sunny-mainline-cab-view,train,2486,668,2598,2062426,5084,3154,0.43219749652294853,0.7882054533925175,0.488985051140834,,,0.9322903111321424,,,,0.0,0.532015065913371,0.4181314583999148,0.43674808603718557,,0.29829467939972715,,0.43219749652294853,0.0,0.5621044884018188,0.7252590341931558,,0.7553384546111968,0.8468476020818052,0.0,e6a650c2b434f3111eccf6b5f78e578afe4a7a00834675380b1cee62d761869d,07015ed660b2b8ea64300203f1815f3802c8e66a3db06436fb5305d647e31263,ce2389c9f5f918a9c9d3071fc63afa0a43c176be482ec306fc566e8b82a4355d
sunny-mainline-cab-view/0159,sunny-mainline-cab-view,train,8139,1425,21220,2037325,29359,9564,0.2643905925155925,0.8510037641154329,0.2772233386695732,,,0.8710621299753368,0.0,,,,0.5653346821783848,0.11627492877492877,0.7807690677067877,,0.30930811348929815,,0.2643905925155925,0.0,0.9036716520790278,0.9838751334059408,,0.7692074514991182,0.8175934088513876,0.0,0857b1a64422a748f3a1acbe2298b756354dc4e916a3e35065e7c7c8aa443cfa,d11d1839c3df1fc963b3d4a7d2fad7dd497deb84c04b0fae9ac7612d46bf2393,c40baefae46a71be207cfba60b62461c02b541d38230e89d489e9b77f011f10d
sunny-mainline-cab-view/0160,sunny-mainline-cab-view,train,17616,12056,5352,2033278,22968,29672,0.5029693924166286,0.5936910218387705,0.7669801462904912,,,0.8688285361892317,,,,,,0.39065098598241865,0.0,,0.4090604026845638,,0.5029693924166286,,0.9329054105848879,0.9820274048029428,,0.7790406787035022,0.8076160980401952,,3f99be5f7928e5a01c3e2e0da7c216742c167125a2f4df4f9eda959f3e86453c,3a16390f7fe8b99976e346e04b3a49000f78f09ada1595a248415368e11aedf5,75a87ecc893f04d5320b74c6f50830254e3fd630a72fbfbae2857e7afd1a9fda
sunny-mainline-cab-view/0161,sunny-mainline-cab-view,train,16214,8199,11484,2032222,27698,24413,0.4516811989859877,0.6641543439970508,0.585385226370135,,,0.8708455545512123,,,,,0.7166108185734801,0.40533028122956183,0.6906782973002548,,0.37125057683433316,,0.4516811989859877,0.0,0.8782932320102813,0.9882777171218464,,0.7094004966300106,0.8176274485443327,0.0,016395879116dde76f1eddcc264a67c3d1fb136d9a0f2d92b33ab41044c4e774,d23f8db4f6d3d5ebf380883116bb37266ab923f0b3242a26533b21ff6567c406,1f8cbeb462c0c21bc89baa837a6b3309fdfc164f5026a99b710796c623e873df
sunny-mainline-cab-view/0162,sunny-mainline-cab-view,train,16178,1851,11092,2036024,27270,18029,0.5555441090621888,0.8973320760996173,0.5932526585991933,,,0.8866390083609282,,,,,0.8064495114006515,0.6832872163807415,0.26671964532184533,,0.6654559138729365,,0.5555441090621888,0.0,0.8987838547330479,0.9793213972081324,,0.7472347913524384,0.8140397803833236,0.0,9a198f581ccbd0527724f15f9a3cece6e5832854e77e259dffc5bd5a429ff05c,0f13810f4e07bcb4e31d23ae621fe1f2f1ba5df5bd7d2a28ccf1edc7b7b90c12,078e8db11a0f24cf431397a554bb8b506580934fc5e0700c385caca9c1bb65c9
sunny-mainline-cab-view/0163,sunny-mainline-cab-view,train,27259,12060,32876,1995770,60135,39319,0.37757462428145994,0.6932780589536865,0.4532967489814584,,,0.7493420172190748,,,,,0.8062341227320339,0.6411927227232446,0.23133527518013183,,0.49123433108801356,,0.37757462428145994,0.0,0.8689810196827716,0.9888402994952182,,0.7169022245736024,0.7480974941951762,0.0,53c1f0e23c023af87bca8d7c925f1118fa6e03bf34b314ab0e901d159fd525b9,0dcf0e9793f56137c43c73198bc407fb3d307128f3264ea267e08b830d3a3e6c,e8cdc8f14a7eec05d3251f07ca29bb79fbf5e39edefbdd1dd1c311053d347bf0
sunny-mainline-cab-view/0164,sunny-mainline-cab-view,train,29577,4038,7516,2027046,37093,33615,0.7190926551749289,0.8798750557786702,0.797374167632707,,,0.8761390504601796,,,,,0.7678910291403468,0.4178712220762155,0.5877003354453969,,0.35630544993662866,,0.7190926551749289,0.10243988063893276,0.9033724955268347,0.9909303764387127,,0.7433034868595532,0.8213981754111481,0.0,dc2322339b57aed5805465301755b9054b87fba047b608e05ae4dcf959232006,595424faa77d35db1f99a37b4f55a72e40170bff8e5dfdb3ab73ae65e3e2479a,d176afd2ca473b09d2798e3ac8e26495be1b64cb267b334ec3bcef118ff55dda
sunny-mainline-cab-view/0165,sunny-mainline-cab-view,train,4517,1268,22900,2039365,27417,5785,0.15746906048457382,0.7808124459809853,0.1647517963307437,,,0.8416087854327013,,,,,0.7559094575765724,0.42191919924566623,0.4533676604933145,,0.40665543386689135,,0.15746906048457382,0.08952894438138478,0.8832445144915079,0.9865476993089499,,0.7301335416615805,0.8412879095861452,0.0,ed03205def575f68a08e90b5040e492f111657b011c4a09ea8773bfee95ae4f8,48f2d8f29663c715443a61887d3de406b2141c0cd0635bc8d985d53ed8a38d72,07c50d1c5dd34800631d153544cc1f77d33353cfc94a60fa9aa7c8529c0c0c34
sunny-mainline-cab-view/0166,sunny-mainline-cab-view,train,15220,7634,6625,2038541,21845,22854,0.5162997387971098,0.6659665704034304,0.6967269398031586,,,0.8539011638136893,,,,,0.0,0.24453302961275628,0.0,,0.5300172665692655,,0.5162997387971098,,0.8967063437403061,0.9801819438715936,,0.7039599023130331,0.7171791657449057,0.0,4cb25bc7ad809534409bf310ce0bd9621415dfebdaa38bfbacf278916ddd0f64,6efebaf42ad436d141650e14308bf18e2389d3ec7ed42dbb736ae5b5f6d3a70d,1b23d77a643ab6b489e32a78b9d2abdb87c27d8e76b106531d4de0f303856c69
sunny-mainline-cab-view/0167,sunny-mainline-cab-view,train,4992,4968,667,2054595,5659,9960,0.46974687117719016,0.5012048192771085,0.8821346527655063,0.0,,0.8717845281580009,,,,,0.5759007372027827,0.7738098725648161,0.7949648481585405,,0.0,,0.46974687117719016,0.0895000864902266,0.8210130859525138,0.9780696370852257,,0.742842061898141,0.7240851958644641,0.0,ea08f07ca095ed6d035d6f14b8548f69a14bf8d6b49efbbdddf5179bf9ef3009,b5e44b4d05c9f941f3f50ad3195bd2b3c67bdab306fccddeab16a0e824382b20,00bc2e2b526e1159933501451094d9f4610bd9f731bf221f5e2eedc05f76a309
sunny-mainline-cab-view/0168,sunny-mainline-cab-view,train,17763,3467,7421,2039416,25184,21230,0.6199783602666573,0.8366933584550165,0.7053287801778907,,,0.902403454249032,,,,,0.6025012008508887,0.0,0.6136249703174059,,0.424098752776354,,0.6199783602666573,0.0,0.8838793526734868,0.9843917677077092,,0.7280746743255718,0.7714935217325819,,72b8f6a32917f9b4cd7edbfc8b38900c94a094dd308a81ee17ec8c715bf8a875,adeae42b66b6f80ff7ded176032da0f049d5158fb43d05363602b068574857d5,4ce5733cffe5ff8d38433988975f7ee630b32ad5f71838dcbc9bbce8ec8ac5f1
sunny-mainline-cab-view/0169,sunny-mainline-cab-view,train,1431,597,4331,2061668,5762,2028,0.22503538292184305,0.7056213017751479,0.2483512669212079,,,0.9289762302768377,0.0,,,,0.6133052166490938,,0.8055858878094359,,0.3595365349354348,,0.22503538292184305,,0.8851676633739235,0.9840009641603519,,0.7488324557885613,0.8420186242558233,0.0,e50a126b8e9d96524472935c0169644a3000d548dd10622d7dd7837f28b262f3,1fabbee7225ef01c83c8f9d87a5e21012dbd0cd0e092aae0b3f85cc885236dfa,f1c935b18a9e11de645129f029bb3c7ed760733d64dcf798d68a6dbec1719f85
sunny-mainline-cab-view/0170,sunny-mainline-cab-view,train,1555,227,7685,2058738,9240,1782,0.164254779761276,0.8726150392817059,0.1682900432900433,,,0.898593245004471,0.0,,,,0.4336997762428252,0.0,0.7583061539012939,,0.2848649272685292,,0.164254779761276,,0.8397759462391514,0.984761193064647,,0.755411908164737,0.8422304990332213,,3f433ab98d445e66fbd4c3879168f0ff099bfa2f2a0555a496a23ef041827ef6,2432eb316800d123f6938e33fc85795b3d6c60ffa520a0ea9203c0121e31584d,9ac9b711f08aa8ee2a6ca5a1ae7f74f8d9ab6bbcf297196be5246715ef006dfe
sunny-mainline-cab-view/0171,sunny-mainline-cab-view,train,13685,2048,11712,2034023,25397,15733,0.49863363089815993,0.8698277505879362,0.5388431704532032,,,0.8866807314539208,0.0,,,,0.0,,0.0,,0.7466687593188417,,0.49863363089815993,,0.9300201640822641,0.9632937472059709,,0.712338831135437,0.833057037962227,0.0,f0f37b4a43e03c4b5aef2ec2723b33d29fdeb183e0247dc20cc38fd51708b6d4,e8e0d147bf6775475813b28df3bf64d5faa50955a9846c2f56a541b5e2252767,7d4701b0ddcf5e753b9c05a68edebc1f6d8923cd982ec217262caf773b6a0447
sunny-mainline-cab-view/0172,sunny-mainline-cab-view,train,0,256,0,2062881,0,256,0.0,0.0,,,,0.8714425527914936,0.0,,,0.0,0.0,0.0,0.6673216418305575,,0.28347808351887416,,0.0,0.0,0.8092188874211669,0.908664513515422,,0.5426206198486528,0.8058890803188047,,9d1f242981192b866b8c78b235337b3fcd78c0dbb947afbb3861211b73247352,c9cc1d7969f031b1ba1caed9230b1e99f67407a3ccf18ad66582f8d9f85d7a54,c95ca08e9b60337b88e7e5e315454f92a0789e6520e19707dd73304da24af378
sunny-mainline-cab-view/0179,sunny-mainline-cab-view,train,0,0,0,2070979,0,0,,,,0.6889015583428354,0.0,0.8837463104893717,,0.0,0.38377434766629914,,0.0,0.7275370325610303,0.6146675532741295,,0.352733528230217,,,0.006742775597574028,0.6599342123759453,0.887001974677663,,0.5560539945352962,0.838036474217769,0.0,2980bdd5ac578120cb35ad4b8b8f5798eb1663f505b1d628312365558c8e6637,0a9409b2e919a722e20a573aade797666e16f212e11504e1bba1fad37db8571f,ccb408c67521ab9d3e20b9658a6fb7b33f2bc8b275393dfc017fe9fec60f255e
sunny-mainline-cab-view/0180,sunny-mainline-cab-view,train,0,0,0,2073539,0,0,,,,,0.0,0.0,,0.0,0.7341106400161518,,0.0,,0.395358399748449,,0.359591751718392,,,0.19325750668376887,0.857288511194479,0.9764674668419294,,0.6755860843414667,0.6291639990831417,0.0,11d2b9c079ad57dd8e7e64839160cd7b1d1b689d42720e385bbae214ae1ce4e2,d03eedc21174cd47abea991f73f6f1990f52f4dc95c05ca152a8ebc1c4f8dbbd,23ec9901248b78c62998830d3ebcddcafbf981d5dce24a4554cae491820e56ef
sunny-mainline-cab-view/0181,sunny-mainline-cab-view,train,0,12,0,2073588,0,12,0.0,0.0,,,0.8064624602592321,0.9336569765435365,0.0,0.0,0.0,,0.0,,0.0,,0.3877136189113905,,0.0,,0.9519376106786399,0.984478592346069,,0.6817715139070375,0.8631990462195359,0.0,961d4dc340edb778535bf1a91b174154c09e8c3bf2814a05efe15d66cfa809cb,f7acffee97a0d29fb4655547c1884e20e9bd9972cc8706da96cdee1e26eb908f,c70f9f891a48cd76e1583db4c838311faeab1708cc52d2e46786f366f3511671
sunny-mainline-cab-view/0182,sunny-mainline-cab-view,train,0,0,0,2070136,0,0,,,,0.20559461938245185,,0.8102667243096934,,,,,,0.4512441331163471,0.781502428027498,,0.0,,,,0.5567890691716482,0.6322805615589983,,0.30488999307231074,0.5527926622299346,,2b635f17ddb2ba61b77fdcac0499ec5c3d70dea1323a289937212955ea815653,4ceaeb2102494da778ecf94d2ac615d63cfe08ae62aaef2a6796fec50fb8bb6f,6fec280689af27e4704c5593f52ee87879ab28959f494f4e43edf5e52868abe7
sunny-mainline-cab-view/0184,sunny-mainline-cab-view,train,0,2,0,2070346,0,2,0.0,0.0,,,0.0,0.7116928363480169,,0.0,,,0.0,0.6952610432949855,0.7078222117004023,,0.3655126270729359,,0.0,0.014306725498061237,0.6616021305539057,0.9433908016817695,,0.5214025067428208,0.7303300586705889,0.0,fce720c8ba60a17547f87e487d475b7dfc8130e8e3f6de1eb655de80095dd9d4,cfb308f1843883bcd1f15e0bb17c380c182c15635fad7bdad3e92fd028097a16,c41f85aa180f56231c82b80d8877ab33cb8b0687837940598a813a7e0dd0ab4d
sunny-mountain-stations/0228,sunny-mountain-stations,train,0,1534,0,2072066,0,1534,0.0,0.0,,0.566321243523316,,0.877914496807005,,,0.8941993343429273,0.0,0.5411798406277669,0.782078233793784,0.4473789140377624,,0.5925677708783543,,0.0,0.0,0.7287014649409757,0.9654200258088059,,0.653097887392594,0.8168817204301075,0.0,8fb67a7950262b0a2133f19fd631fd9df52f83e1660f0a811abf3e9d0982f269,f4c0dfc2948c51f179a4a80f4d4b7d2a14b8c5ced33c320220f787477a45e6d3,65ea4d5981de3fe6d42bc5161dbb9fede722d6da2f1d0ff2985bb6acc8978a3e
sunny-mountain-stations/0229,sunny-mountain-stations,train,0,0,0,2070011,0,0,,,,,0.0,0.8421322655321278,,0.0,0.0,0.0,0.4502367754117065,0.6923740035370547,0.5354543046782828,,0.31141782250022665,0.0,,0.19661188085488304,0.5547782672540382,0.9460256819014019,,0.5445577055977885,0.8214166582939817,0.0,0354800bf80455fa7680958e010518b436ea155dca8b0abbc8d1e10092f0661b,fc908e7e08e5cc665f4c59c11eadf28fcdf161bd566dd5bc31ca5349d4ad036e,de2ca71019d579e2de48013104965168fe8ea58d79115e4bc36229f317d800cd
sunny-mountain-stations/0230,sunny-mountain-stations,train,0,15317,0,2014925,0,15317,0.0,0.0,,,0.5203694331983806,0.708584143211039,0.0,,0.01449525452976704,,0.3597935328818003,0.0,0.4927292994033972,1.7981407224929422e-05,0.4967910685805423,,0.0,0.0,0.5680156538828038,0.9633111687644347,0.0,0.557583287505686,0.43423873387219936,0.0,505099662669780df8408d783f6869cfd7b572910896d2c7b6f0e27c7432cffb,0f54a1615827a6cc63096a9eaf5bd58b3ed9758a76361bcee72da0187c106f17,41ef68bf1f4f0cbaa99c3f80b4108ae5b8f160eb32a565ce8492f7cc9bf8d587
sunny-mountain-stations/0243,sunny-mountain-stations,train,0,0,0,2073291,0,0,,,,,,0.005427408412483039,,,0.9117886635582271,,0.0,,0.0,,0.239008681041725,0.0,,,0.946202666439494,0.9794845116484984,,0.36891458384742837,0.7002445781404513,0.0,d048231d419c08d7176eaceaa89f964709a5a5de28918f80af2d6d5cb56dc892,ac493ba00b218289c9290e59fc10ebc5e73442a5005678ae91222731a9f1a765,3a8b89aad94010ee91884a0800ed6c23ea948d1b795764a90414cbafdc79cf30
sunny-mountain-stations/0244,sunny-mountain-stations,train,0,2,0,2068948,0,2,0.0,0.0,,0.5889262690999305,,0.7323437962688777,0.0,0.0,0.48003300140943517,0.0,0.0,0.2515943554754722,0.14652411109973526,,0.5044022628324228,,0.0,0.1996745148390157,0.774149567866906,0.9614781147325654,,0.4692956662140054,0.4780352401641323,0.0,8d1edf47c4a0e099e6bac09702b9eb61358d689387405e5915c4b761311fb755,62634f58072805641c40889959a1644646ac9bf20776fc28c0eb907ebb26db45,13373a81de52a5af857999639faccbb0b997e4e03d6c5e53aa6b4bacab5857ee
sunny-mountain-stations/0245,sunny-mountain-stations,train,0,0,0,2073600,0,0,,,,0.7278438452822888,,0.7347378700902746,,0.0,0.0,0.0,0.5926441374629672,0.028659267364910635,0.8036596471967864,0.404924983692107,0.3280964135327428,,,0.14446591590591057,0.8525591894757054,0.9797230473482313,0.010025062656641603,0.515533491618102,0.5580862800855828,0.0,ede5e722aa51b1edf1b7f3550819d1fa7c743d02958fb765bf9233ccf1ea1020,cadf2ab9a2d6547b808e82099b83169aa947fb0617b0d25d7c012f3a84f18477,9cfcc9682dec67e698422c3e0f93069d1974aaa377a125f0fc2dfff731fbb583
sunny-mountain-stations/0246,sunny-mountain-stations,train,0,3509,0,2057594,0,3509,0.0,0.0,,0.45433864153396164,,0.27732787428124156,0.0,0.0,,,0.0,0.00014241295008426098,0.34173080035905057,0.7151115735923228,0.09264984541737309,,0.0,0.5096219319288909,0.7893982033689239,0.9823151422266948,0.0,0.4980115730914453,0.393479485472465,0.0,90a65adbb644d54e42c7e51d5cebfa0b1e554d4d34f442db24481dcd7007c74c,8211f22cbe10bb54834c2a0f57f23d5612d3a7a8d288102d2f5c719f02078527,807569a3d694630e6f913eaf1570f6c257aa266f9e113a06bd8289173551f2ae
sunny-mountain-stations/0247,sunny-mountain-stations,train,0,0,0,2073600,0,0,,,,0.0,0.4635340497234056,0.8965214063324265,0.0,,0.0,,0.03989949748743719,0.36179384668868414,0.4804368806145919,,0.22777510812109564,,,0.08169990627739875,0.8584170054211275,0.9851117062720272,,0.6666666666666666,0.881841122203379,0.0,a442fff38da0ce40c7e735cd036d9ad22fde5c1909107105ed77bd798ca3f872,c5c7e80094cc032a92fa08b0b660de2231a9cddd7643b6d1c2df97dbdb15ba15,9cc28333664cb0c41349f26aa35a1a7caff9180b9080cc21beae4c62b3809293
sunny-mountain-stations/0248,sunny-mountain-stations,train,0,0,0,2073600,0,0,,,,0.28533167009098914,,0.8779979371369633,,,0.0,,0.2940471840789577,0.42897651327095665,0.7737789431668636,,0.14625497318802974,,,0.23856093551676064,0.09408583981074688,0.8801467252869953,,0.5900248138957817,0.8616467244650375,0.0,c489b83cc8d5e13b9e9ee4f588ba23a86a21404337b41cc01afb90627630275f,1828c615b6f7ff9fa65e720ed3534d3325375ddada62df18c96577a26343ed35,732b772ef0ba301c03554c5655d4542d702ebe24d88835b221659ba27cc8df4e
sunny-mountain-stations/0249,sunny-mountain-stations,train,0,0,0,2073600,0,0,,,,0.6768662550885611,,0.9069971908305278,0.0,,0.8824555876008822,0.0,0.0,0.43585866591878125,0.6308183366607564,,0.17345876755470852,,,0.013479284857282517,0.7889698285445248,0.9599131636873143,,0.6429802465862389,0.7884336392651528,0.0,408760b135c0da743871d600304812e352ac956549d1987597238245735e8672,459bc06543c1527b8f31f3778f2304eca8cda8b56ce00177d1006117d7a4ed71,57896c471ca9d26ce270357e9e3020f23bde02ccb2b6b25078c96a9e3e204596
sunny-mountain-stations/0250,sunny-mountain-stations,train,0,0,0,2064289,0,0,,,,0.3934695244474213,,0.8594751789935545,,,0.7123323383118935,,,0.8875637966961616,0.7524235458356834,,0.7031437174215689,,,,,0.9297960894820552,,0.6243230515658111,0.578542315991369,0.0,0956dd0c21f6af0a1387e957effd77c906124754c421ea783a885ae3ce8cf3f2,1a54313fd7aaffafd2aa769b53c139c749f29333937e07fd9220a885589e54d0,668dd3d31144b5aaaad62ff1388c0ca2829b5a8612c853be2207b89831652990
sunny-mountain-stations/0252,sunny-mountain-stations,train,0,0,0,2029299,0,0,,,,0.47755569015411536,,0.6001006341687705,,,0.0,,0.0,0.6527903873748057,0.7042160159867427,,0.05441706649318262,,,,0.6886740167455118,0.9879369100395066,,0.626344163106128,0.794425180405125,0.0,1749f26376edb32da712444c9e60186ff4bd29e1fed12a43bf0f659bf8e5a11b,c37061946bca614f0217b26c4987befc27e64f2bc1d0d90685762ea41c67810e,f15682203b28362db6304ad0e92eaa94d72cdc512b87ac538b9194fa8374965e
trackside-maintenance/0000,trackside-maintenance,train,0,81,98729,1990150,98729,81,0.0,0.0,0.0,,,0.8796697084308899,,,,,,,0.0,,,,0.0,,,,,0.43164215556655977,0.0,,e41473adaa20b0dfe8eecc7e6000f550ae13c68770e4946667d4c938e7a89230,608d5152e26531f443e848f1ab03966ce4ec96ab2768c3ee09bd3bac6d538107,c3c84f61800ac5fa0e10dcaea37b7cf7530676ee5279787091aca139334f23c0
trackside-maintenance/0021,trackside-maintenance,train,924343,7753,387304,769267,1311647,932096,0.7005782931635592,0.9916821872425158,0.7047193337841661,,,0.0,0.0,,,,,,,,,,0.7005782931635592,0.0,0.870250373184964,,,0.7875915073731892,0.5847471748332299,,f193c1a096a827f7ac610c2dfa2ef5244731e66842755d4d9a52dae046fadeb1,3cc3a810432c2d42f2e1b1d81348e5530c70ad2520bc91739596cf667ef7070b,d25a245bac330576c428455eabd7c2402825defa2ada8863b6cc853330e12b14
trackside-maintenance/0052,trackside-maintenance,train,1156846,44210,20656,866956,1177502,1201056,0.9469056537056196,0.9631907254948978,0.9824577792649184,,,0.0,0.0,,,,,,,,,,0.9469056537056196,,0.5804611362015688,,,0.86018360398392,0.8967992910677541,,efc1a697946924df5b504e34114d2f5a5bdaff8ab191a9dd2c8d978a19525204,d7c67dfa30ada59632dc54a7ee5807a8e61a421646642ee6822c51b526280b84,df81399d0279335722e247e3420b04182a62ca274d6ee1bcfac8493ed19264f5
trackside-maintenance/0055,trackside-maintenance,train,1097251,28467,83674,879568,1180925,1125718,0.9072748951539286,0.9747121392746674,0.9291453733302284,0.8205070039131175,,0.0,0.0,,,,,,0.0,,,,0.9072748951539286,,0.6884041842866682,,,0.8571941169207976,0.8648940631609656,,28f3b3d7bec0bf474a3fc09012c7f4ef1b0b5a4e37e51acf00fbc5bea657569b,7b23c5e8ffdcb864899f2b44e3f35d742c5fa4f4a7b41a710d74ec6204039136,d2d0759e7191172f5d4f256bdf3edcc02e025433ac8757b9115fc8060751631a
trackside-maintenance/0056,trackside-maintenance,train,987729,32882,88829,977778,1076558,1020611,0.8902951038361696,0.967782044285237,0.9174879569888478,0.8227333663450042,,,0.0,,,,,,0.0,,,,0.8902951038361696,,0.32581264173983837,,,0.8726896878918297,0.812543762660957,,ecf8e84d483b920ff62e729b88a34b2e02bc43b25ba2201f33a1d1233e98db4f,71ac374b6a05e5b030909b340d8dfeaf290ad55a7d2193361ea9ad5698cb1afc,9deabeba470918e64efbffdccfa2f731bdcbae1db6f30c331ea2432dd8a8ea58
trackside-maintenance/0057,trackside-maintenance,train,716654,117,92626,1279158,809280,716771,0.8854171685835258,0.9998367679495962,0.885545175958877,0.7981299287956511,,0.0,0.0,,,,,,0.0,,0.0,,0.8854171685835258,,0.8523405212404059,0.0,,0.765442560069478,0.9118341672345612,,76a244cf235702a8709bcd5845224a9a5785c3cd791a1fc89b4d54cf065746b8,c6a6ea3d247a64e8a78e7264e9e5bf9070735b251f3b1498e53ceeb2d9a5eece,1cdcf38aa0b8bcdd3278e699bea53aebf44c48b8b832a655e89692e0eb9e04ec
trackside-maintenance/0058,trackside-maintenance,train,1115506,6592,212603,754259,1328109,1122098,0.8357722066590195,0.9941252903044119,0.8399205185718943,,,0.0,0.0,,,,,,,,,,0.8357722066590195,,0.4334223063148292,,,0.8164894519348863,0.7382868212915576,,527bd4c6f5b48a8fa052db415d684acdb3dcbf8021025486fa219182ad9059ba,135090e121d0df3d05d16ca027cf3a9280fcb288b8d5e5c4b535ae20858a57bb,f0d174faf62acec6fde26fc77d5aff2bfed533dbea95bd5c4d740fd7789581e6
trackside-maintenance/0059,trackside-maintenance,train,1095282,10747,158925,823977,1254207,1106029,0.8658670591974096,0.9902832565873046,0.8732864670664412,,,,0.0,,,,0.0,,,,,,0.8658670591974096,0.0,0.38706847224871255,,,0.7727008824895495,0.8255313085081317,,8f38d8ecfaf13ea9265b15f72d8c2a5f6320df894c563c0277971f5a71223076,51caf95e4def10813bd0f02b5d94ab8f9ddcf77d3b4125ae347e9e88f0e70034,e837bd9f5a48ffe591600c8168e72ad0f34c81f856c1ded8388ef0be667e6971
trackside-maintenance/0060,trackside-maintenance,train,1271748,20131,140427,656654,1412175,1291879,0.8879024454271643,0.984417271276954,0.9005597748154442,,,0.0,0.0,,,,,,,,,,0.8879024454271643,,0.34329875940614196,,,0.895755564261585,0.7447042092333614,,af2519b33d6b5f52478d8c41669353834cbc46bda125e944b6f0f559e55e7d51,a1ed253eef60a1b41a1f265e34bb48ebce8b527eb2c22c4dfdfd0244558ab6a4,89edb3fada3b34c7aea4650aa2a78f14461bac5d3f809a18785643d3c51afb11
trackside-maintenance/0061,trackside-maintenance,train,1647396,29542,21359,390663,1668755,1676938,0.970028210613338,0.982383367781039,0.9872006376010858,,,,,,,,,,,,,,0.970028210613338,,,,,0.9092505214941103,0.38128801776576227,,8bdf064f89bd89d79af62f1c4461b3024cfa2110a8194ff5044d74f7f592fc74,a2d3dc8b57ca001020539c453fd25cc135c52f4e3a1b7e3782882c0642be1d36,311014e5780d90dc796e4f63a023148642d1018841967b9ac057bcb686ded83d
trackside-maintenance/0062,trackside-maintenance,train,1901674,20937,1387,164185,1903061,1922611,0.9883970773358393,0.9891101216002613,0.9992711741767605,,,,,,,,,,,,,,0.9883970773358393,,,,,0.8803060442123436,,,6f1c22c5a26f9c6f9349d1b7472ea93537d6383a9cda356167f51397f8e8f989,8b6b3404dcee61dcef88a2efe10d1c664ce76c5c90f08c90a160e1881b9c7ba9,0d7a64a6b1d9ebf25a16fc78e63be31023d05dd226bcc4932f8f8a0f134e4302
trackside-maintenance/0063,trackside-maintenance,train,1177795,5467,158747,746951,1336542,1183262,0.8776356939484012,0.995379721481802,0.8812255806401894,,,,,,,,,,,,,,0.8776356939484012,,,,,0.9055481347062065,0.7671129265389411,,f25b27c24e3ff91436c5e3877a5df281c4dd826a5c70266f8b58faae4174a2e4,f404f535862173c8b8688fb06460f4e3b4307973ba3453d76a2a74ed1ce29373,0a8e56cbca6c452b0fff7ae969d68885e4e0e11912f6289ac0967c5483524bc4
trackside-maintenance/0064,trackside-maintenance,train,209234,25675,172314,1681737,381548,234909,0.5138069313373753,0.8907023570829555,0.5483818549697548,,,0.7758379703947921,,,,,,,,,,,0.5138069313373753,,,,,0.6579846395734796,0.0,,40ea4a91bdc724c6898236dad7394cdb56c3f9eff92be4c2d3cdc31bac221ba5,8cf27ff8c967f94b6ce773a71a3e75cdd9d3bead6550b3d272103014e8ccae9c,b25d7b2e928e1fd240b30aa9e99b2d90566a6fa85d4605c8d43506104fea512a
trackside-maintenance/0065,trackside-maintenance,train,1295148,44097,46592,703123,1341740,1339245,0.9345601250363499,0.9670732390264664,0.965274941493881,,,,,,,,,,,,,,0.9345601250363499,,,,,0.8978448412162259,0.8763244227478927,,f03f57e248aa7907bdc8f6d9dc2d77aa18d6bd0c9408c1035bef8a148a559b79,c6eb3a0619930aa14ed66cc41633d3632df51fbd1eeb2b2d5c2a7d4933429313,b49eba0b660420c784f54897b888db6c82f97ac7bd8e426f4f1f189d663b0a9b
trackside-maintenance/0066,trackside-maintenance,train,1202537,8042,95475,782906,1298012,1210579,0.9207406431893321,0.9933568978150125,0.9264452100596913,,,,0.0,,,,,,,,,,0.9207406431893321,,0.46827578308423523,,,0.9068444530427439,0.8548536397635993,,6223c858287f0677fdc6d3b7cc8038c3ecc2f0d657d409ea0818439bb88d0fa5,d3884b710501411f6f6b15febc4e69affad923b6dee90f38d67b046fdfa35666,8f4918e2ade63746f83a16bf483c928d47432b902439d1bf17335cb094d5b0a5
trackside-maintenance/0067,trackside-maintenance,train,754611,26536,103162,1204651,857773,781147,0.8533340721399421,0.9660294413215438,0.8797327498067671,,,0.0,0.0,,0.5988832186968419,,,,0.0,,0.0,,0.8533340721399421,0.0,0.9237967879791532,,,0.9051971251713681,0.8386232752028476,,0500732a4422c6db9e57d541c1a7f0c06c3e10fd30ca7e04d1cb512dcd29b739,31e1a531c8bacd76bd03d1630b16b65d83c1b22e86c7d094e48509567df280d7,fb0706f528ceb4eb22f6d8677e825cbbfc617315a691674a5f8bfd31519c5389
trackside-maintenance/0068,trackside-maintenance,train,880833,12846,173268,1022013,1054101,893679,0.8255639689694052,0.985625711245313,0.8356248594774125,,,0.0,0.0,,,,,,,,,,0.8255639689694052,,0.7980406657719101,,,0.9037381778254685,0.7764342390380693,,2002370858caebe870952bed7a32a15d4c1e010a5b718f1e3c6e2a619ef1550f,f630baf409c8fa26b7d8c7049cc4ec4ab2d5780809fe481c6ff0414a1752009b,dd6fad90d0fc6cb8d9e4a9397d209c3b6427f541078d4ac0dcb51c2d34eb1f4b
trackside-maintenance/0069,trackside-maintenance,train,1789791,88294,17045,193830,1806836,1878085,0.9444159503569676,0.9529872183633861,0.9905663823390722,,,,,,,,,0.0,0.012283142486830996,,,,0.9444159503569676,,,,,0.7302493326517863,0.5126284023844564,,f29f28360c7637a0569445615e72587d568ec754c219c552470709afefec21c0,9004352091a51ef231b51d3a96e9c590f364538a5c6d5c05d1c1cbd61935bd8f,30908912fc9f886b2172191b85bf636e8de75ee80fca30960c2c376473e60aa5
trackside-maintenance/0070,trackside-maintenance,train,1850706,38913,24541,174800,1875247,1889619,0.9668502110586367,0.9794069598157089,0.9869131906356869,,,,,,,,,,,,,,0.9668502110586367,,,,,0.8613383265989948,0.0,,8da8ac7ad697e79d43107c8ebe4903d9b515079f50e3b43f871cbcaca0df5d1e,fc37c78a2230c5c8c971926e1a494ea03d9ff1f1d5ef03a91ddce40348295058,7341999350e7d0b2ddeebbed3d3e91bcb47bce90e2c79f942827cbd7a148bebe
trackside-maintenance/0071,trackside-maintenance,train,1465861,531,216935,405633,1682796,1466392,0.8708117911730757,0.9996378867315152,0.87108657258515,,,0.0,,,,,0.0,0.0,0.0,,,,0.8708117911730757,,,,,0.6963226307043685,0.0,,3722b3d81a9495d0186d3ce92ec994c7f10c979ce8ebf1d78a787043f819a9f5,b67b6c1fd6b1b376e5af96480d72e2c49eda9b71209418decad92c770b5024a5,6612c9cab516aaddd9d726b46915c70cc7f1deba912dbd39b84f35b76c1bcfe4
trackside-maintenance/0072,trackside-maintenance,train,1434255,10739,182476,461490,1616731,1444994,0.8812789175837342,0.9925681352310114,0.8871327388415265,,,,,,,,,0.0,,,,,0.8812789175837342,,,,,0.7077698402230559,,,190287f82f43182bf0e583f603971ce568382ea6cb8bd6655a8483c3dd9de73a,ed7b67bd4cb17da870d4d1c71e483046760415f5abff5f935a882ce1e78f4a58,bbda33b9c3749e8d0e7f44318107ce30699d63309d9a07131cb9fc8ae7381824
trackside-maintenance/0073,trackside-maintenance,train,1519937,91935,44365,432723,1564302,1611872,0.9177050144393586,0.9429638333564948,0.9716391080494687,,,0.0,,,,,,,0.34992735115265367,,,,0.9177050144393586,,0.0,,,0.48165684750786136,0.44512491851144514,,5652f16f45d364803ae0cb7862cfd6866fbbefdeeefdf76929de1dbf58fe7814,776ab1d9d39e30450e3cb98591c31188fa38dda21975a58e3b3269ad48adbff8,e752cbfb523e8bac5108d0dcf62b4911bfed22ce039af19b6f1155ad9ac88acc
trackside-maintenance/0074,trackside-maintenance,train,1111958,243655,234333,499014,1346291,1355613,0.6993684062226013,0.8202621249574915,0.8259417911877893,,,0.0,,,,,0.0,,0.17244132445542468,,,,0.6993684062226013,,0.0,,,0.48579051015475955,0.07167367247147637,0.0,093b845a2d8a639e83ffa1ecf5fde92d921664c2417e66a25b10d3dca8f6d55f,f7283dc707378e69d703aef147373bdcd064cb957f41e1765d75f9806d2293a0,a8e62331b1e374d2687fbc0d1741307bf0039f7fe93211ba5ad9de60d6947900
trackside-maintenance/0075,trackside-maintenance,train,1232762,72378,275116,508704,1507878,1305140,0.7801027175343742,0.9445438803500008,0.8175475734774299,,,0.0,,,,,0.0,0.0,0.276695281981708,,,,0.7801027175343742,,,,,0.46957359832496925,0.168402452967467,,03904f8a2512daea1c39d2cbdedf3303eb95dcf456e4adbc73e729eb2d9aca10,718e6fd45e2e42240aee648e4e87a0092a7553e48a752f65433e382eadbfffee,09572fd1e38e4d93ca164d656b7e1753a522b7e05fedb9f2880a94f77976feb2
trackside-maintenance/0076,trackside-maintenance,train,1355021,3341,265229,465369,1620250,1358362,0.834582724343754,0.99754042000586,0.8363036568430797,,,0.0,,,,,,,0.016207082509437355,,,,0.834582724343754,,,,,0.5810781299288341,0.0,,2c8539da08f1b6584a3d127fd3a5f5050bdc5350404f6d4739a5e44dc6d6e78b,b0a5d9f1ca8e3700479bb3fd590e0e31fd80eb007671997450e69cea9e96069c,61c4582941f4a9d05e368130ad721f1e7a22d218540e5f8021dee904abb51f27
trackside-maintenance/0077,trackside-maintenance,train,1118611,14856,157916,797577,1276527,1133467,0.8662116506102372,0.9868933105242588,0.8762924716829334,,,0.0,0.0,,,,,,,,,,0.8662116506102372,,0.6046562307049722,,,0.9101471118246454,0.7711955883159305,,845a1cf210437b2039d48232df6099976b3cbf2a66266f2948cd84e0e8dd1a89,db1147ad0f9aa22d2101b8b087ce2dcca15710e76e651244fdb30f75aeb1348f,7a2528153999c8530cdfb94350ed871e5e23840879145e81252f83f66c0c3194
trackside-maintenance/0078,trackside-maintenance,train,1216852,17858,79880,774370,1296732,1234710,0.9256513437649762,0.9855366847275878,0.9383989906935281,,,0.0,0.0,,,,,,,,,,0.9256513437649762,,0.42561405471940916,,,0.8938596529162216,0.8723480887833933,,9072ecd1d6bd9a6ade7bbf9d4ebfe4912556baadda2bae4e1a66249b89915dc1,5ee5a7b2559e29f59042063b25e69d22cc7635dcfb1ccedb12ca183a2172add3,69723efa6b382041079a7aa0713d2440a29072dcb9faa4b39cce5b1ff2fb2fba
trackside-maintenance/0079,trackside-maintenance,train,1200831,21879,115819,750431,1316650,1222710,0.897127368925141,0.9821061412763452,0.9120350890517601,,,0.0,0.0,,,,,,,,,,0.897127368925141,,0.293729671123961,,,0.9038342976725607,0.7966933725789569,,7245d072113222a13b028579251a425ef833a8850f977f01ffb13f42c5569754,196f7161bb9ef2af0e3ea14b4f939200a99ce0ea7a60d5039b4f22522718c58a,930a4f1f78db196c004e8a04db2e4300f4afcde3a110812f549a8ed8ba389d19
trackside-maintenance/0080,trackside-maintenance,train,1015468,21311,182207,869974,1197675,1036779,0.8330432014805749,0.9794449926165557,0.8478660738514204,,,0.0,0.0,,,,,,,,,,0.8330432014805749,,0.7445194387383569,,,0.8878349546718426,0.7437111768534889,,045d4791802edd4766cb20165f7f89e48500708e9eacc4fb3176b9cd89733d49,72915e72ba77b4a35ec44c0cd9aadfe5a489e09dcf8bf4df59f3ca3ef7ac9e26,d7da819680dc55aa61eaaf53c9ee353e9bae2b8fb7a3fb0eaac225176c2a4ca5
trackside-maintenance/0081,trackside-maintenance,train,1268481,9974,118404,692101,1386885,1278455,0.9080952336635265,0.9921983957198337,0.9146259423095643,,,0.0,0.0,,,,,,,,,,0.9080952336635265,,0.4147669275263695,,,0.9223298235445646,0.7877434002582023,,eaf74d01f4f349885d90aff52c367596e2cba944e49a7b0feffd851b79a71ea1,e7d19f949be6c72d26980869fabb339acd375a65015bcc000bb7ea609efc0558,1e9f885b2a064cf1f4fb85dc9267e1352c597a8328ece9eab14c2c623ac03d3d
trackside-maintenance/0082,trackside-maintenance,train,451209,49480,191486,1396785,642695,500689,0.6518712753277711,0.9011761792250279,0.7020577412302881,,,0.66284929779937,,,,,,,,,,,0.6518712753277711,,,,,0.7830388109000825,0.003984892293862326,,65b79e130b09b882fa33f7676d2436a802b097d73fc606fa0428a40aa7592ed5,a63aebc4038689fc219bba17b9c67904c70eae12e7833a0e436e0aa12bdbfcaa,a8be302e82372d7151b09cd2f2cb7b15bdfaf45697ad1b3c7c02a3ea26977911
trackside-maintenance/0083,trackside-maintenance,train,1534968,18884,62506,472602,1597474,1553852,0.9496460561336041,0.9878469764173164,0.9608719766331095,,,,,,,,,,,,,,0.9496460561336041,,,,,0.8975978988660189,0.7737626546681665,,f93539c0825969b6f96f386dbaa98f06caadbcb1d80a39102a077ace90560d5e,eacd1a0cdf15d5e49563452c6d7003c31113591a4df0d81eaf61105edab0d64b,4d0a9296486f078620b5c7615eaa5ce1bafdd4172a62b964ffba01a3ec6e4fa7
trackside-maintenance/0084,trackside-maintenance,train,1279226,8542,120523,680669,1399749,1287768,0.9083534581986251,0.993366817625535,0.9138967057665338,,,0.0,,,,,,,,,,,0.9083534581986251,,,,,0.8685067291541381,0.8254720643498246,,78b655ec93b0e9575d9bf363a03233ad6e48a40c1e428e86125f919cccf38ced,ac028f7bcbe7ad92f61055bc538a75e3ad911ea17ef8513a38a275c9758c465e,f52c84020393146c409bcbc83af2cbcd25b0e080d1fe1fc892c492ac106b20cf
trackside-maintenance/0085,trackside-maintenance,train,1238258,20647,87944,742111,1326202,1258905,0.9193740352481978,0.9835992390212129,0.9336873266666768,,,,0.0,,,,,,,,,,0.9193740352481978,,0.004920721705850191,,,0.8924383998935923,0.8580326347114658,,1fe7cf2ae2eef9be85f098226cc6e927e226f7e34a356079eaf30f81a5517c08,a964b223ce70c0ddfcfc63a7116d136b72dbabc8a5bfb3c71b4a8784a89ebc9f,c663227c6372df892db674e320a1a05f3d70365126716cd03a9291602b63d715
trackside-maintenance/0086,trackside-maintenance,train,767463,42539,86904,1192054,854367,810002,0.8556782985061979,0.9474828457213685,0.8982825881617619,,,0.0,0.0,,0.13820445609436435,,,,0.0,,0.0,,0.8556782985061979,0.0,0.8394210141950796,,,0.8680781087531091,0.8764577664909083,,9db552632140a4fe745fdf61a0d0fa31fc4952af06addd32095a7c1372bb9d8a,48e0f42fd5470fdf74ebb3d8b15d9098a05ee9adf3541431ac1b7a9fa0e062d9,6bc4606c3c522707f2ebc6ee36e4061ebffe83ac06820029c849fb95043651fe
trackside-maintenance/0087,trackside-maintenance,train,907737,42661,116568,1021116,1024305,950398,0.8507646916584034,0.9551124897148353,0.8861979586158419,,,0.0,0.0,,0.0,,,,,,,,0.8507646916584034,0.0,0.8264050755426506,,,0.8520605462599459,0.826234424599139,,95207ac84f3acc3ff5c55764aa554bffc9f0a32f4cab08eaf951e2fe43877d51,587b26c9e34a988459b083e4db74f236062e3ecce661eb481c45f1084fd9f4af,79b3776cc19b7b9a9a4f8538a33c64b5204fae5a0f13175a07dc40450ec9f8f2
trackside-maintenance/0088,trackside-maintenance,train,885633,26844,170768,1005715,1056401,912477,0.8175740483454805,0.9705811762926627,0.8383492632059227,,,0.0,0.0,,,,,,,,,,0.8175740483454805,0.0,0.8842009973470359,,,0.833647217475209,0.7836244541484716,,d725e1c7a0e34cdd9a85ca766c2f77aae4456153fa89c7ec4ed4903841bcc25a,d8588ac0e324f990fbff92d6ef4ea35638073f169b1c3a29eb0f763ca8158eea,e1119e161b92fc29bd78d86bc90444b45dcb42b23fed56f81495aece5b57842a
trackside-maintenance/0089,trackside-maintenance,train,1307642,49566,46301,685451,1353943,1357208,0.9316947735995993,0.9634794371975408,0.9658028439897396,,,,0.0,,,,,,,,,,0.9316947735995993,,0.21189979123173278,,,0.8611381461328605,0.8898076621660957,,0055dcf9f3b23337c4d0b8675c5c94dc530eabdf296e211580d8631bfde63237,3fa143f99bf6e20e136865aa3ed2add68b848b13c63f491d183a418d2b345cb3,2068eb0770e39f6099ce13debf0a2f1cbb4ffe1f8fe852de7acf1ac9fd84d79e
trackside-maintenance/0090,trackside-maintenance,train,723147,27280,105794,1232725,828941,750427,0.8445798456239686,0.963647363434418,0.8723745115756127,,,0.0,0.0,,0.6604008982783,,,,0.0,,0.0,,0.8445798456239686,0.0,0.9224539260748119,,,0.8911552930706687,0.8403356674447038,,0a5483a0127931090560f2cb06532b9de62ff8978b5d2d75fc73f10c9e628fb9,bdacebbf7725f3ad965f05b99232ec789fc6dd5801ffb98aa2a88920ad1db2bc,227f2d29e70efe557143582093f8ac08e4beee263159cd9ac19e43546a72162b
trackside-maintenance/0091,trackside-maintenance,train,894865,21574,119293,1053024,1014158,916439,0.863992808950578,0.9764588805146879,0.8823723719578211,,,0.0,0.0,,,,,,,,,,0.863992808950578,0.0,0.7786244626807347,,,0.8717037998014469,0.8361343407635345,,140a0439c3c000cca0ab1e8fd90ed6598c8fdb0c15a7ebf645bf70366d6dd90b,fd9fcc64d607952b1ca4b32b253c900c3b6c42ae47ad9a118acf78aa6132ac62,e99fb2dea4b06fca97122df517fe5668b7ee493d4c89f62fef2363ece0d847f6
trackside-maintenance/0092,trackside-maintenance,train,1250990,4249,61612,772109,1312602,1255239,0.9499859893032697,0.9966149872653733,0.9530611716270431,,,0.0,,,,,,,,,,,0.9499859893032697,,,,,0.9148903972404584,0.9237740402253402,,b46f2ac36452a0a15ac8e7c69746492ff0b596b959f253d1612c3db9998b2895,ca30dbb08d9fb0e4fe8996fe88911e453cc3bca799282014ced559432b824f51,6b2ab2a42a8a06f067d33d2a5c526daa39e3378cd3350e6400157ee99d549ba9
trackside-maintenance/0093,trackside-maintenance,train,812956,27322,80866,1167385,893822,840278,0.8825503938580721,0.9674845705825929,0.9095278478265247,,,0.0,0.0,,0.0,,,,,,,,0.8825503938580721,,0.8675034116210587,,,0.8672806818118807,0.8845746438104027,,6259e3456d036d7371c800562ffea682d470ccccfc442c166f67ae5f354b645f,84941b6b7aa17a3e2407d6f073b2b43d7c36ff43014f7ec679d58cf5431ed076,13253afde8ab7ad69e8120c6acc857fc348b5703f97e4244d9174c9644e2312c
trackside-maintenance/0094,trackside-maintenance,train,916288,13831,121224,1036480,1037512,930119,0.8715404962985439,0.9851298597276262,0.8831589417760951,,,0.0,0.0,,,,,,,,,,0.8715404962985439,,0.7794425939917634,,,0.8975792648137583,0.8326948974614553,,e0ed8f532604e6e6555ff2fed40abf4191312f80d30033f9f5891f116ab17ef9,7e4ff407e211370343392cbcdbff2b1388d8e1979cda20ce09bf6f00dd9def79,a0d45e4193817532b028a118a2804dea48d12ecaee5e7c34992c6fca816eb998
trackside-maintenance/0095,trackside-maintenance,train,694782,17526,131497,1245155,826279,712308,0.8233916603954705,0.9753954749911555,0.8408564177475163,,,0.0,0.0001975796492961225,,0.8382283379918297,,,,0.0,,0.0,,0.8233916603954705,0.0,0.9316392945509201,,,0.8963892026642777,0.804038053917997,,2c0673f9062a1f999a14ea9f32f3a730731ead900fcdf51751a187ad746dfc7b,e2149e1bb2a9cbc2acdbaf0b9ef76ebcda214853f1f5097dab8ec69174e4aad8,ec1f5f998d18a3d544e59bf7885c7bdb95c2be8701866a7c1e37e949ad4bcc8e
trackside-maintenance/0096,trackside-maintenance,train,335535,18306,71636,1663076,407171,353841,0.7886090199940302,0.948264898640915,0.8240640910084461,,,0.0,0.0008754267705506435,,0.8976613817746111,,,,0.0,,0.0,,0.7886090199940302,,0.9661004344792107,0.9548091074365855,,0.7891436245473512,0.8527969169683522,,4c21278ae3f78bf40f512492d07dff5fe47bcd04749b1b5bbb976b5f139f1b63,0bdeb500a31ea967c4b9b29ff432f98229b20b9b969b3a7a8efa595fe61979ce,30d958604a534770ed9dec933575f5c93b9dfe0f7dce907655271ed49b489c73
trackside-maintenance/0097,trackside-maintenance,train,1236969,17720,321826,272502,1558795,1254689,0.7846224108238742,0.9858769782790795,0.7935418063311724,,,,0.0,,,,,,,,,,0.7846224108238742,,0.1422319474835886,,,0.8227734489065117,0.0,,069e56fc048051d80ef3d6c175598cb6a1df2596f82c85bd8075f4b88100565a,4dafdc7299c42b3fd729bc5fad69b105505ba91c31b992ed39c8524ab26e9327,2f1e5ec3fed15ddf23fd7191d2f0f34a7bc885acb4c943c543fc577b68dc5e96
trackside-maintenance/0098,trackside-maintenance,train,1020371,12020,716535,340034,1736906,1032391,0.5834272004647424,0.9883571243840754,0.5874647217523573,,,0.0,,,,,,,,,,,0.5834272004647424,,,,,0.8178419215489644,0.0,,fc04d89f6819407752a53d790ea973fc002344aa19eadc04b345225545c7ce53,50b458614c96f982cdd8a232cc68c34b8a13e26c9ea30e839f0bb3d3f75ed0bb,0a2af10f917d73cbadf7d69722ce8ca97f0eb3c2616d783ce6ec3aadce440ffb
trackside-maintenance/0099,trackside-maintenance,train,611045,17522,693841,766552,1304886,628567,0.4620699511799687,0.9721238945092567,0.4682746232237912,,,0.03358324315968465,0.007181662573491106,,0.2904804669959587,,,,,,0.0,,0.4620699511799687,,0.802154328642732,,,0.8095387118983539,0.12045948015440128,,34c0bbfd58571e1b86214468e7824979e09367e8aa452150512daa459ff8c186,0553959daf6ce869735cd945b60890b3ab439a1579cbc8fe572569200304aa26,b6d59c83874f1bbc349a423ee0e4f5ccb469612df1fb7739182041c351329ed2
trackside-maintenance/0100,trackside-maintenance,train,826080,49757,311658,312026,1137738,875837,0.6956492448389257,0.9431892007302729,0.7260722591668732,0.0,,0.6447270007479432,,,,,,,,,,,0.6956492448389257,,,,,0.6950403328688347,0.303113110168097,0.0,295de469c85a2cbd063ed52a760230d5847fd6ca3ec792d4228e881a1fc88163,f5b03baa6b4d5ea3f09082ebe6520174de0c27be86a86a96401a87b00c959c4c,1ee5998f8a7526dd9f230ba2769111e4636e58919eed583d6801d3eb23e6ae95
trackside-maintenance/0101,trackside-maintenance,train,362126,24573,72827,206474,434953,386699,0.7880424611447449,0.9364544516536117,0.8325635183571558,,,0.24670385395537525,0.0,,,,,,,,,,0.7880424611447449,,0.0,,,0.8706213470364413,0.5522274646138565,,f18cd13f8be6e6da511d8cc5f6ff2f0e8e5ffa3cdc730d55f0752e075e4be9a7,2053724e9bccf33b2605685548994cd45b4e42ce9eed6263ab94fd76ac8b7402,f3ac63d32892f6e43eab948576c92ec032e36abb9fd3ffd269d3fedddd7f1979
trackside-maintenance/0102,trackside-maintenance,train,164251,3527,236945,1094534,401196,167778,0.4058355961978934,0.978978173538843,0.4094033838821922,,,0.4472278479292112,0.03930101989967111,,,,0.0,,0.0,0.05660416753664342,,,0.4058355961978934,,0.3044465131847327,,0.0,0.6392207469909418,0.42606349649354663,0.0,d32849c8bde9dd413c6d0ab82ca84e62323fed3319cfb99825a11f91ac7baef3,16725b66e3177e4058bec98d44bcd85e2a17929f45e24c0a9596f58d4fc0420f,d8d69117b7b851978db7e400fb0902987de01bedcd9c64276306b2c186c0f330
trackside-maintenance/0103,trackside-maintenance,train,511692,112033,272495,1192740,784187,623725,0.5709446341300127,0.8203807767846407,0.6525127297443084,,,0.44526707273543736,,,,,,,,,,,0.5709446341300127,,,,,0.8858134822303719,0.062713771158279,,bcd725f20e45aba176964b9c6318633c2f7a70f7664784eb0dfc98abf0940141,832b0e6356d68f26976e3d7922d3b08c241fb1ce86ad33ae4f971af5515c330f,e1950b470f3bab19c2e9c4b3e55f9dffe1b3da239ed841554b097e4d7e16f426
trackside-maintenance/0104,trackside-maintenance,train,73114,36,60989,288262,134103,73150,0.5450614660911443,0.9995078605604921,0.5452077880435188,,,,0.0,,,,,,,,,,0.5450614660911443,,0.32103157909747526,,,0.7967277185991264,0.6884108392284202,0.0,8af545cd5a93e866ceeaf9e8b89657bd1753fb543ecfc98e2121144440cb5e5b,38d8338d1cf13856f69f9d6bf5678bbe6767d870b9c6d44089b654888be7a538,36a7b1cb1c805338baa1f204055635b38b5c252ab216e183e0dcccd1c06296af
trackside-maintenance/0105,trackside-maintenance,train,113836,17283,92942,562371,206778,131119,0.5080580734710637,0.8681884395091481,0.5505227828879281,,,0.014221835796795429,0.8528798770687249,,,,0.0,0.22580596981487153,,0.0,,,0.5080580734710637,,0.0,,,0.7577773613193404,0.546552126406571,,d1ad562afeae01ddb70bc66ae877af92f08918967c215ffefec2257c3ad76fa6,c81174649f12ca8f38a2a5768fc715389902ca51ae6140ec8217629ad50b6eb2,23e0153b541c053357722051ec5c138cc3679e02bc33c51d793727e0e4c7681f
vegetation-worksite/0262,vegetation-worksite,train,0,0,0,2073600,0,0,,,,,0.733851470724979,0.6836944386013172,3.289473684210526e-05,,0.0,,0.0,,0.0,,0.4020483193277311,,,0.0,0.8781700486188261,0.9857926225083712,,0.24608046017326646,0.6875649573879535,0.0,54396730a7d632e6ac164891ed59aa4b248397c4bff8ad0524ee051361535740,ecc4df5204120b6d832dfe643f5cf2ece2d746710ad731c9c0b70f45d3c1a90e,4ccbebc1d04380e9c8d7bccc501606847f7a8ef6fd0f2a67147a82896c9b237f
