key,group,split,tp,fp,fn,tn,support,predicted_pixels,iou,precision,recall,iou:person,iou:truck,iou:rail-track,iou:vegetation-overgrowth,iou:car,iou:on-rails,iou:traffic-sign,iou:road,iou:sidewalk,iou:construction,iou:tram-track,iou:pole,iou:traffic-light,iou:mud-pumping,iou:fence,iou:terrain,iou:sky,iou:rail-embedded,iou:rail-raised,iou:trackbed,iou:standing-water,image_sha256,mask_decoded_sha256,prediction_sha256
flooded-road-crossing/0272,flooded-road-crossing,train,0,0,0,2073600,0,0,,,,,,0.0,,0.9698984257222648,,,0.8371470182880937,0.0,0.8749596569689705,,0.5819277108433735,,,,0.9435419724969241,0.9830850755731584,,0.0,0.0,0.9589019002874973,1a64c22d40183eaa53211aeb2ab21c5cbf2a328ca7b2d6716a58fff64bb7291d,2ae0b928ea09fecae228600e65afc5ccf5aeab55c6186e155c041878168d2b7b,46e5ca35422412b69b9d886a78c65c5cc76cad1126380d4de87d4f0d6f908288
flooded-road-crossing/0273,flooded-road-crossing,train,0,0,0,2073600,0,0,,,,,,0.0,0.0,,,,0.0,,0.941955749795138,,0.0,,,0.0,0.9511148629792934,,0.0,0.0,0.0,0.994647102727045,4f42631f3a3bf1174b11d6978aa00479044e989be0e1722cf53a2a7d698ca4da,d71932fbc886eb13c90b1ecf925dd2ed196974dc2b78b22dae98b2b052263ceb,5eeea49f237df96d897452432ccb5d9ca2d84a76b8e3db18500919eea44c70c5
flooded-road-crossing/0274,flooded-road-crossing,train,0,121963,0,1951637,0,121963,0.0,0.0,,,,0.0,0.0,0.0,,,0.9705909371881087,0.0,0.0,,0.0,,0.0,0.0,0.855975310053152,,,0.0,0.0,0.8152500447579049,5eac815d6dcafeaed42ca25116f35fe30e4598159ae3b155d664bf6b7378427a,92f986c0cf867798fb963a56a3cc9a99da42fa01c35481b1810a31fc272e5aab,527aafd7f9f0655379de9ce93b5547a115786ced699eb254bddb758de239e216
flooded-station-platform/0298,flooded-station-platform,train,0,0,0,2073600,0,0,,,,0.9224651123316238,,0.8228647812016322,,,0.9833139918594067,,,0.9857481211349406,0.9827839008017784,,0.0,0.0,,0.0,0.0,,,0.908493420782386,0.0,0.9019136626613262,f0194c9f5092ef4a9f5211064d986408ef94a7c44752b254cf2a6cb67600d64a,9c2a8282ac3b685c1b4f7d0eada263e2c6deb4d18423159e43b764c65f2afc9f,3433287794c3bf32333a6e62b85037ba8cad216c195aad733f39bda43c127356
flooded-station-platform/0299,flooded-station-platform,train,0,0,0,2073600,0,0,,,,,,0.9177515875921122,,,,,,0.9978680158038198,0.9772606986239226,,,,,,,,,0.9275188267374995,,0.9686640083571137,2e8151e2e6b02fcc2163c50aa86d9e5e0134c8e81d7ed74c33832a121b91dcaf,ac007d07fbb9218cd6a46518c8161c36b300c81f837d4ca78ee881cc5c1285ad,a7e00c3d21e274c891e539e448eb4fdda6ae9b8f4599e2c9976ed581dabb5411
flooded-station-platform/0300,flooded-station-platform,train,0,0,0,1958520,0,0,,,,,,0.9315481007750479,,,,,,0.0,0.9281323142446694,,,,,0.0,,,,0.9255021825436015,,0.9699060608884846,aa5009748eb469829d461d7b4e9a1e63aced662acde1baab34479670671c9cfc,71b71d95fce3df9c264c4586d0b956bfa611ac012f0c0847d66c466d4e709978,f82bdd6a237a9d93bad106f117110afcb8635595fab06bf1a736c6d22f7ce237
flooded-station-platform/0301,flooded-station-platform,train,0,174,0,2073426,0,174,0.0,0.0,,,,0.9709544980024706,,,,,,,0.9937055110666222,,,,0.0,0.0,0.0,,,0.9696786199060388,,0.9797179080550911,b6bfd2eb1a154fe26098279bca8d8165e5aa045fad56b687663d941cba56bfda,7894d14854f9ccbb4158b0466157085afe2d2c32ff1bb92ff09db44e499d08ca,f8db4f554e0363afbf4db808a7806e0c0d2651217dbcbc266a4cd554ab64f455
flooded-station-platform/0302,flooded-station-platform,train,0,1607,0,2071993,0,1607,0.0,0.0,,,,0.9725307173060966,,,,,,0.1349676478629363,0.9971459013263397,,,,0.0,,,,,0.9535050122458278,,0.97871698576275,0758d8245392d38d69bb520d6aa46dd39d38ccdfa9c8011ae15e78d2a3d0dfae,00ea88ab0410bcf15bd3202f7dbdea2d25333ff4bec6c06d01c990410360a826,e40f198f77c926cdf5c30ca10042d1ad74b79586e5d8f8a094cbfa87bcae436e
flooded-station-platform/0303,flooded-station-platform,train,0,29,0,2073571,0,29,0.0,0.0,,,,0.9192789574318204,0.05461889708465051,,0.5863448631905007,0.600564690250789,0.0,0.9763700915918359,0.8849560904179355,,0.6704643596569062,0.7238214434710054,0.0,0.5554009482580912,0.7631476962073047,0.7323408094869812,0.0,0.8371863715705739,0.8756548650489168,0.9181669536278441,e62cac97ea08c225e113869af1e24539312d59ae8b1ea981d8625c7d8c85968b,e39d3cc9f2e733f410aab08b883c5b815fc0b7cec4923951527119e1188c966a,579d4d128dfe2aa87a17b4f78fb5375759cd62644ed8994721220e783db2992d
flooded-station-platform/0304,flooded-station-platform,train,0,0,0,2073600,0,0,,,,,,0.9200747578444115,,,,,,0.0,0.9949416468304407,,,,,,,,,0.9349435354792816,0.0,0.9552002871235132,c9797d293e9f42ce5aacd15adf5adeae5aabd49c586206b065f6f9ae8218987a,fdcfa33e5312540d1fe6a49626ab748f10be173352f093e26fb20c90e293784a,a499ce056fe877d2694df1db705afe7aba5c84b7519fb39a303e80cc8a3186b6
flooded-station-platform/0305,flooded-station-platform,train,0,21298,0,2052302,0,21298,0.0,0.0,,,,0.9333116751945588,,,,,,0.9602254482770276,0.9971733971611075,,,,0.0,0.0,,,0.0,0.968984727958092,,0.9759561328018096,10d64186056082ebd4e47902c4c0de8902ac70f0ef5c2e64b7a35ce344eeda23,e7d2de4d96aec0a8b3246ae5cbcc210d76914bab2c93070d8a83137bb7c9c701,c1a74c581b7ae668bd1f7e277f05ff72e0a367f9369d6067e9e0a5558823d59d
flooded-stone-bridge/0270,flooded-stone-bridge,train,0,0,0,589824,0,0,,,,,,0.0,0.003350172315175752,,,,,,0.0,,,,,0.0,0.0,0.7916666666666666,,0.8502810140895033,0.0,0.9368835377025607,d8aff7595858cbf04c9e2b85dc09bc865c9a2ad58b92c41e823fb4a084f4bada,fd6955216cc66b2eee2cfcf1242e63211c7bcc1bf86fb2ab9d8a15726ce917af,ad969cbdc37a195cf7d81779d70082f74e8348295f4ad82725b70770e8867450
flooded-stone-bridge/0271,flooded-stone-bridge,train,0,0,0,698368,0,0,,,,,,0.0,0.0,,,,,0.0,0.9657518699753486,,0.8410965550703542,,,,0.7708485235144003,0.968183113306107,,0.7594438983288864,,0.9705451730265506,f5180763e414fb42a131798a9a989ba50a68fa194643d48809aba9a9130498ed,2368f3e5da46a76defb9ae32ea5cfde760f7cd9dad6b26b038b2df07dbeee742,23868bfc7baec87d9b51b573aeded55d3434879def6df5b8100e2a5c085cb937
flooded-stone-bridge/0310,flooded-stone-bridge,train,0,106343,0,814879,0,106343,0.0,0.0,,,0.0,0.5076887678797408,0.0,0.8433460076045627,,0.8046672428694901,0.6834523516375277,0.0,0.9225926232295659,0.0,0.5698405859543301,0.49295774647887325,0.0,0.87339514978602,0.9376027240511245,0.9180893324290282,0.0,0.7743127769237725,0.7370709920075224,0.002105082270051983,244d2e5e9d27aab38bd91e338efee542e9ef1b32b81f5b1d04e493988fd9fb15,e7400d491f361454e85ea2bdd892beb8058b0cd329a928274504f090705578d3,90e3bdacca963969db384409a8a833796c7d03bbff892dcd1eede49a2276d892
flooded-stone-bridge/0311,flooded-stone-bridge,train,0,0,0,921600,0,0,,,,,,0.08566007047980483,0.0,0.0,,0.7291666666666666,,0.0,0.9701658659819432,0.0,0.5668941698873448,0.6242937853107344,,0.6797256097560975,0.8771932793015347,0.925980700262506,,0.6887091775747827,0.3166940150272044,0.9138397083118874,3ec9872d416c77c2223a85177374f753b9fa22546177d378a402366f3a00fac8,1f576c93da65df63c0f97c19e0f4a5a88fa854a978139bb0b399a9b0722ff0ce,3b8ebc0ae2dfcd431343ba82b729f592018f9240cc385e4f8c73d0e71bb2c40f
green-roadside-cab-view/0174,green-roadside-cab-view,train,0,0,0,2066880,0,0,,,,,,0.9713161304772113,,,,,0.9641347955904255,0.0,0.8429480149155516,,0.7663741792968031,,,0.830152210678908,0.966850758196669,0.9827194674298513,,0.8254019500225996,0.9145209238509032,,ac8756b81048f48af6d2c3fee710b8b43f34a4e658cde8c09bb9f690902790e5,1d89a374fa0d7ed2a6e6429295a1bbd6e07539abb712f5298181462289d6c8e5,e1bcdb699e9e2b95b61bc0991221ddfcba661de00536b12f9077dd0743e4a11c
green-roadside-cab-view/0200,green-roadside-cab-view,train,0,1881,0,2066309,0,1881,0.0,0.0,,,,0.49424479831956625,0.4067796610169492,,,0.823271130625686,0.6794701153882432,0.0,,0.8100793621767911,0.7881525495664827,,0.0,0.0,0.9744782204295934,0.9856244227310291,0.6252070471314561,0.5962901523148846,0.0,,647d89550b9094d69144e9eb687405a9b548e981193dfb8682ee2e38bdb37aa6,f46c80584a147ea51bb34d9112360631c5f11d0019df6dd603d23b6e150c5218,5e07b81ceb56f709c456f6da3f62e2ffd6e2d9ce48ba9800e020e8893954275f
green-roadside-cab-view/0201,green-roadside-cab-view,train,0,5286,0,1977307,0,5286,0.0,0.0,,,,0.9591253614385683,0.0,,,,0.37835081585081587,0.0,0.0,0.531186440677966,0.7584277089851496,,0.0,0.0,0.9792537798553221,0.9837290601331168,0.8221559860904123,0.7767303398660382,0.840729488067502,,cec5a4a2267098df2b64c119ce4e99aacc9014722b05125b92bd8da623cddee4,55581854220617568ef435d0ce1a25842c7ab9554e57da4b56132ea6a7b2c5f0,d0c1c1d06e26c1c9d591ff4acdfddaeda7432074e1fbdd7dac57b26da0995330
green-roadside-cab-view/0202,green-roadside-cab-view,train,0,38842,0,2028892,0,38842,0.0,0.0,,,,0.9104802859052212,0.40854970592454454,,,0.6789667896678967,0.839038713873756,0.6382160707420222,0.9229623561827457,0.09253709524157591,0.7026172250996929,0.0,0.0,0.6468966925275623,0.9365522597094077,0.9799105885316038,0.7962206817966005,0.5024642681123707,0.7919206075025258,,318bdc8615a85a559ef35aac3c3b7f2506709bbb305ce03e4e8ea37ade4d7da2,0f3fd0d5280d3287ce8cec97acdffe99355f4a4f1aa7868d9c5c404b03adc696,f78bf9eb2d51562df7e3d5bed2c14126f321e6a7d51b2b51620f0a68d044c34a
green-roadside-cab-view/0203,green-roadside-cab-view,train,0,0,0,2067867,0,0,,,,,0.9713297423806984,0.9585659166545126,,0.8833172613307618,,0.7265469061876247,0.8996646891926747,,0.7072973109839469,,0.5029363401456425,,,0.9219967665171029,0.9761392164223892,0.9894527147770239,,0.6467308400399768,0.8901656377972007,,18638926136c9e885bad8a5394a86973d90d5ed5638573e5985654dec64db548,e71b82e1e191ebb38f5c61ef1b0d128e6e5a11962065312506493cb014a6a361,61bc59202906457cd6aa6b4eff73cba1ac5a8edf34c7900d0ffd836a7df723c5
green-roadside-cab-view/0204,green-roadside-cab-view,train,0,0,0,2067867,0,0,,,,,0.9455892202828887,0.9517681410187088,,,,,0.7925370571739255,0.0,0.6740362811791383,,0.0,,,0.8836602176642251,0.9703600703313534,0.9931444549010845,,0.7628095121353273,0.9173282423509249,,cb34ab4d9a1966c9d974500a92359ca204a93a0c8283bcc59a5f16456005f1dc,f8a201f8055169f4e1fc3ed4547ed752839f649ac12fc2ace4db3701d27241e9,4670249c99b7b4ff00140ad9a7dd6a47f81c1c8a3a82d224a0696875f4db43e2
green-roadside-cab-view/0205,green-roadside-cab-view,train,0,0,0,2067867,0,0,,,,,0.9685151664746859,0.9799303172262602,,,,0.8428571428571429,0.8869980062660211,,0.7989738805970149,,0.31053536345776034,,,0.0,0.9849873390837692,0.9868960594481422,,0.7743565746373421,0.9642976779086438,,84c3ad934ba556452a390cf9a7615f786d7bada1f0ce3bec466c1ccd2a89b441,54f8b882502e1aba4a8f31dfe42009d9359e4354cbb6ad2a4af730894c4a64a2,206aff158ef6eb9e961ce23d1dacd7805020d2f2301468c1da0018cd18cb33b7
green-roadside-cab-view/0206,green-roadside-cab-view,train,0,16,0,2073584,0,16,0.0,0.0,,,0.9625383897132443,0.9724101963976799,,0.38111490329920367,,0.0,0.9327162229383394,,0.8301638109583882,,0.7975441445098437,,0.0,0.8439901086284554,0.9788077273071965,0.9823438526232985,,0.6944372796836041,0.9378770139602883,,326099a1d7068b475af019e6dcf936e26aa1a539954a3f0fa5df1a5ff8428999,6cf8bd75df6f49b6f9d82d83a98a90658290b0098de456864106c497d525afa3,10766af821afbd97f7efa62369806e5f86439dc340ad97905be8d950fdb082df
green-roadside-cab-view/0207,green-roadside-cab-view,train,0,0,0,2067867,0,0,,,,,0.963220223183785,0.9843804190055362,,0.017766497461928935,0.0,0.8237139272271017,0.8304240136816654,0.0,0.8846836191602602,,0.7911375303971899,,,0.6672644047001085,0.9669308435566171,0.9904428899565851,,0.8193338160753078,0.9486978805928798,,0a69c574d773bd2b02269bec42203fa65c198e4f1f50743335704b45db4b879d,12929b2c41df570afd935b15f8686b36c15ffe4535cbf298828b651dc6b7f72e,6d6dfa3cb9e0c1bf9e49163c76956ff2ca5f6c07e11aa2066d0dafbc23db99a7
green-roadside-cab-view/0208,green-roadside-cab-view,train,0,0,0,2067867,0,0,,,,,0.9603059747777548,0.9650423310379334,,0.0,,,0.4680551646495919,,,,0.706735253384585,,,0.0,0.9866146755836728,0.9838979375165204,,0.7464435146443514,0.9501287391650153,,3b8efe8aa3a6e136add1665ab904a06b78b874796e0c18912f3ee9f3ff74d366,dae9e0177528e83bb9056a8fb457e3d484018332b434fe9195634f6a0f23d72c,4c53c33b04032dc13c01e567cc20a749a4e666f11c005a33b3d048f6978a5d50
green-roadside-cab-view/0209,green-roadside-cab-view,train,0,0,0,2067867,0,0,,,,,,0.8260289279284871,,,0.9756245699779355,0.9283977303431505,,,0.0,,0.6994610893693463,0.7891996891996892,,0.907951223967848,0.9572535247764701,0.9750873695461587,,0.3762431626056688,0.8255314553145532,,ee956750d1fd8c7676cd76b8db71bf93b9cbcedf8b4aaf4e538041ef501ade04,e9baf13f1df68cf0182ca0ed2887e288cb340e796f1b398ed5a32febcb242750,27d829606e486eeaed2ae7be563f42394aa71249bc0593967825bae0355c7a34
green-roadside-cab-view/0210,green-roadside-cab-view,train,0,872,0,2072728,0,872,0.0,0.0,,,0.9542678965830843,0.8505659900082211,,0.90636105188344,,0.19118869492934332,0.9464572778404469,0.7906543449098227,0.8375055679287305,0.964827076514683,0.747357632438665,0.6606958318980365,0.0,0.5940803382663847,0.9096908481002072,0.9891697934800134,0.8322617246596067,0.52283044058745,0.8280841079324971,,7fa10db78fee89d3d4e8282d50e5cec55c3943202f620889b50503ae276b1a74,6026feb523e6c808b7f1ebc4a15de86ec7be4191ea33e7e454205851f8780c5b,68e4642bfb5e5475bfe46b50b05efa69c78ae2ec7a52ecba4d1caa0f062f0dc3
green-roadside-cab-view/0211,green-roadside-cab-view,train,0,1033,0,2072567,0,1033,0.0,0.0,,,0.8824349843863785,0.866858192436302,0.5526032315978456,0.8784380305602717,,0.8148358945171694,0.9151956260885176,0.6576995976457287,0.7158652998513966,0.8914989088590834,0.6792530307720493,0.7212502457243956,0.0,0.733514137913716,0.8770270825768527,0.9820347846745346,0.7724407084959471,0.5749089705395565,0.7850846093405646,,41f0cad9cf8e4e11e5a870a293f740a7bce70a66b0bf5b0e86c9dd1fa6396f5c,c790e550e0f15182c68acd0fa1c3df3839237fe9c736e380c9569a42ede21622,a805ee02aab817be9ddd43f7a0000582147897c8155996272d3e32558e04fbe4
green-roadside-cab-view/0212,green-roadside-cab-view,train,0,936,0,2052544,0,936,0.0,0.0,,0.7266472060050042,0.7341840596950362,0.897728347680374,0.2920139822532939,0.5705526357700271,,0.8727434811678182,0.839174560851727,0.753358772557437,0.8045444165334551,0.722777285949159,0.6470381244570537,0.8127374808597516,0.0,0.8413075694297427,0.7434293264562141,0.9802205991343027,0.6851032448377581,0.7411239550005161,0.8463486859499763,,19490f9f31865422ef3257bbecd836b58a75e1200af558b47627240cfc9e49e9,e4afe2ecf4ebd828471240e23f7446384dc2ec9d184d5b7d3aee969d13726f9e,5adc9b831cd3a69240653bdcd0224cd4a2855da6b62472a0c5fffc15e35ae5f4
green-roadside-cab-view/0213,green-roadside-cab-view,train,0,0,0,2073600,0,0,,,,,0.9538167653007716,0.942330900186294,0.0,,,,0.8871834930237583,0.8797091870456047,0.6186695135784347,,0.6360497792051385,,,0.0,0.9661434582424603,0.9873543669166301,,0.7625324443992061,0.9213692210186009,,5229632691652545fa2f89ea5800c86d39d27545bb45654c44af717c422b95c4,4f60ce021a149db8b77724d1203b796eafcc96c75f291f1e5fb521ca6adfa064,b590f6673085d6c3c48719b909fc7958a63403865e116d328206213c91a24833
green-water-cab-view/0263,green-water-cab-view,train,0,1552,0,2072048,0,1552,0.0,0.0,,,,0.8992971495509566,0.6839849694108878,0.0,,0.7462235649546828,0.37356558894141784,0.0,0.8651162790697674,,0.5741183502689778,,0.0,0.2890235210263721,0.9665896299139954,0.9946757050539846,,0.8443645699614891,0.8797697739974266,0.795871126228269,d38268ad352c084c45d9c129d86eed80ec34068717620fc1685f07a6cefd1468,8529f0f311585470613e21978d79fd7cd6125e1beefccb98f037b4124151b53e,bc41fb8f03bd44d3d22847f18c869155d0c8d4a22c1f7181068f6f6e17517cd2
green-water-cab-view/0264,green-water-cab-view,train,0,0,0,2073600,0,0,,,,,,0.9235242431504114,,,,,,,0.7012629161882893,,0.9665694274799241,,,0.6598525935196774,0.9694093684097783,0.9821047654299327,,0.6036775681910707,0.9381031404594682,0.7656963387326606,7ac26e3576a11b28c401290cbed89e663ce03d2ae23dcbd062e1ece5d3ba81a1,da975b659994aec1a32dd22d6e772c441d1fe28b507d5d47bfe4db184dbe094b,d7cc817d489cf68d0c3979c357851abff8e3fbda1fcc3904b004336b06d4eaec
green-water-cab-view/0265,green-water-cab-view,train,0,0,0,2073600,0,0,,,,,,0.9557452049973606,,,,,,,0.9209505055534566,,,,,,0.9414334875687937,0.925338882674212,,0.8982117461950437,0.8445776782184741,0.42769877339588525,021d832dd111da4e3fd13f74b2531f5a87481b14073f6b0ac4a5a1149c442820,ee51403528cd8ec8eeea2c81f9e4b41eaae0496ac53ebbdeaf38f6f511c45009,bcf8347aeccd51fecd5857e262c659291d06f27c53b4eb27ae712ff7109d7b5d
green-water-cab-view/0266,green-water-cab-view,train,0,0,0,2073600,0,0,,,,,,0.9507309604211674,0.7908861292359504,,,,,,,,,,,0.0,0.9830151207726004,0.9265971907566832,,0.8629660937353245,0.7520803443328551,0.8608573297132325,1b57cba93cf3601d156721ce3f759bba69f41268fe5b975191c86fbff322be98,b57e3716ffe62a58f7111bf46af37413badf80d0ecc178d2c7b52919b30064bf,3f00bdabd4e1d9b0079e189639d1a7ac7ec7a728c81f8d6d7b0273e8b8f5a37e
green-water-cab-view/0267,green-water-cab-view,train,0,0,0,2073600,0,0,,,,,,0.9575785086452359,,,,,,0.0,0.0,,,,,0.0,0.9803005826956552,0.885553904573221,,0.8726159714531807,0.8713715022589343,0.3184903099313777,9b17276ea65c583df9303ed986d88d187c963d9ed6bf0b5700396e0de25190c4,71df9d1285b9ad09eb96265be443e2d18e28a00ec69a0f759a6d3989f1f4d48a,aba1a9b9f48cdd0ad062cd9680199c61ac58280719d1c565aa15e41523aad8f0
miscellaneous-flood-stills/0275,miscellaneous-flood-stills,train,0,16056,0,233640,0,16056,0.0,0.0,,,0.0,0.6844356919733804,0.36075036075036077,0.7711538461538462,0.9660733659795326,,0.0,0.0,0.8747658883755774,0.0,0.5882352941176471,,0.0,0.0,0.8414859916896368,0.9890330922848523,0.0,0.6146110618160308,0.7661248033560566,0.0,61c2965c3c11954382ff9e9e06c34ffa4996a9a48b46aa7f5490049b85765bca,f4155b4c85702af56db693f3f999b74f08d30680a34733c864fb141f6a3f8c60,e7e022a83b47f2c5f8f67c7a661e5c3b90dc1b120c0e0f90d286d10166dd944e
miscellaneous-flood-stills/0276,miscellaneous-flood-stills,train,0,0,0,920880,0,0,,,,0.9164739311438578,,0.0,0.0,,,,,,0.0,,0.0,,,0.0,0.9270887803384902,0.9787034895292606,,0.8397019724231745,,0.9386142262414596,85d7d06fc795f58f6e51ed5e91c5d5d8ab1f41194ab44f3471da41bdadf45973,b9c514a9abc72bf370a67587f1c41ec3e1c7769276c383024395b7a22ca7be38,f286da9a4876bbb3ebd0e7ad3b695673845d0573da2a819675b231a237e84d13
miscellaneous-flood-stills/0313,miscellaneous-flood-stills,train,0,54432,0,2019168,0,54432,0.0,0.0,,,,0.9400526968188812,0.6137959279194946,,0.9847585564092781,,,,0.0,,,,0.0,,0.4643754981911828,,,0.9387162529740642,0.9008039024302882,0.8130199458755136,74272d0a74c881e4e18e9bf6000c065a51519bf7c05acb3c8e912f075c3b5ddf,c3e7c0a88b0198168b7659a591eafc02b94abdbacb436e871eca4779200bf186,f5cd0e406b907e10824bbd06d6734f2101338a8cbb7631e303b533583a2e69b1
miscellaneous-mud-cab-view/0173,miscellaneous-mud-cab-view,train,17742,305,28555,2026892,46297,18047,0.3807132741084074,0.9830996841580318,0.38322137503509945,,,0.7738920793152021,0.7225932598093062,,,0.9381279303415941,0.0,0.005856207208211071,0.0,0.0,0.7517026106696936,0.0,0.3807132741084074,0.0,0.9612058964335329,0.9962514529966772,,0.5827566417986024,0.7893124788170167,,f0ca7b2f878f2a5e167e558097ca517d126cb474aa25f5b0ec0fc4d6b1e57432,b968925b81e441c3dc638759e4923b6ad0ca44e3896210a4c69b136305b9eb89,acf2a05c0dacd0b6b5f0d08ed11c4c519ab34b70837b04e1ce2866a61bbebc1b
miscellaneous-numbered-cab-views/0013,miscellaneous-numbered-cab-views,train,0,0,0,2088960,0,0,,,,,,0.9777683990275161,,,,,,,0.8409831953850012,,0.0,,,,0.9755389917889556,0.9752432432432433,,0.8585177306804327,0.9118588946682712,,cdc7c624979074f91663aae6c612b6f6c370af9ca88a91ba076c2bad37e6c319,5566ae6fabe4c0bdb27e7217400a18101ccd23bbecd3e8cc415f9ed41cca7115,8bafb4f521cb7db469925cfb9c59fc6b9e239b8d19d76fb1c6d3c81c7df2f882
miscellaneous-numbered-cab-views/0014,miscellaneous-numbered-cab-views,train,0,0,0,2088928,0,0,,,,,,0.9414395962707477,0.5690954587855546,,,,,0.0,0.9630346054896802,,0.41084745762711866,,,,0.958799255055831,0.9527471189741925,,0.8673129746324123,0.841450816272669,,00a59e617c6d81492253ece8ef06493164bef224314ee99156bc01663f8ccd38,3ba891a877a2984212cd387b6a1eca2332a40b2a757b57c0248ffa03807c605c,a93b16907c65779e16a0607ae250fb1af2a54d4fa21fd1ffe1b7c0c2391ea260
miscellaneous-numbered-cab-views/0022,miscellaneous-numbered-cab-views,train,0,0,0,1931319,0,0,,,,,,0.9363400009016997,,0.0,,,,,,,0.0,,,,0.985451798616264,0.9823479939750354,,0.5999584947426674,0.9414295475826929,,34431340589d77bf879a5d44b35f1ba4ee67944d06302e41751f49b52c7cd6bd,601f45356d35a2626927e94aad629de30fc2805b197f3f27a60dd2cd87622d80,b6297213c03d2eba5689a6de9f56f1ba1de4dfe749cf72b653dfa2a5fa503754
miscellaneous-numbered-cab-views/0023,miscellaneous-numbered-cab-views,train,0,0,0,2087873,0,0,,,,,,0.9293988222351647,0.653041685078804,,,,,0.0,0.9588140114892184,,0.5030408340573415,,,,0.9443330264232545,0.9536418511066398,,0.8319627111599323,0.8055824162330586,,4dbdaa16ac641963e653bf5fa8dce1b9b05b89b3a3d10f8da2e3c9c38deeee7e,03b59830b108e9c2dc87a79168457ed2a8be69f44abafae8f6486184598ecb19,b5fd4661df6dfab0a7cd2d6776b9328380aebb87ed995ac1b5c8e0c375689d9c
miscellaneous-numbered-cab-views/0024,miscellaneous-numbered-cab-views,train,0,0,0,2087739,0,0,,,,,,0.0,0.44250052069386175,,,,,0.8695526332347574,0.7858420649118324,,,,,0.04784160435078178,0.994210923203552,0.9965134068765601,,0.744804029410062,0.6359102244389028,,35db7be7064f509351e3627b33430eabc718080e493e83ad1551491d62e1f113,e3c3c38776bc33b723f23e1afe17f11dd1b9be409c25e6ae796447766a6b56b2,bade875a8c85292493b16c0c72579eff728c0748439a2c0b0f7419c6d08f3d9a
miscellaneous-numbered-cab-views/0030,miscellaneous-numbered-cab-views,train,0,0,0,2088960,0,0,,,,,,0.7993189269476697,0.6562347212660021,,,,,,0.9194511475525338,,0.0,,,0.9154207492420398,0.9762484748376997,0.9366037246122899,,0.8684034929937045,0.8017774010476335,,a88a70e7bc9e1730883e2cfef16954b7c5a6ebee797dfe8205837e1e2f9cc290,d0384c853c39b8e3b218a40e21a03110e8eb9368264b796d43fe35330caa8f52,fb675436678a78cc7560799593e0b2a644ecf78aec01a001cbcd5994579896d6
miscellaneous-numbered-cab-views/0031,miscellaneous-numbered-cab-views,train,0,0,0,2088575,0,0,,,,,,0.6768589137998572,0.6462908224320095,,,,,,,,0.6783222030464471,,,,0.9827786167987502,0.9800592035945836,,0.8510558774060923,0.7787677895580097,,582a1052402234b092c9e8f0eb985ba78c3b1068c2ae8c12c805aadd11584b0a,eac752094ab94f349e6d48690930d8ada3181efb518c33f473c5388d2ce23c74,49558604601710882888cabc8246ed9e84f3d14c10899132dc9453c3c0c88c37
miscellaneous-numbered-cab-views/0032,miscellaneous-numbered-cab-views,train,0,2359,0,2086601,0,2359,0.0,0.0,,,,0.48125136851324724,0.40449288847534226,,,0.8122243226212981,0.7690871587949232,0.0,0.739584321095144,0.6955101776850819,0.6857953649692574,0.0,0.0,0.8929565011106558,0.9640582646684119,0.9569911986208148,0.7315090646012427,0.46392661845122596,0.6715515139259779,,1bdac9a6b7ef8988de21ddaa678ad8a54e0a98f75bf8ed86e61e0f50a7a6c16b,1fe12468826aec7019e49ab44aa6f832aac76a9576018cf252bcfd26dfa6c329,c8dae4e290d9f9f06d2e5b3382cc0937c2b3b5d507a33c974954f73d246fefab
miscellaneous-numbered-cab-views/0044,miscellaneous-numbered-cab-views,train,0,0,0,2073482,0,0,,,,,,0.9169011055960722,0.9076386620436147,,,,,0.0,0.9063029671241868,,0.6004602235371466,0.7559760956175299,,0.0,0.9598207749337806,0.9954405458280667,,0.834356936416185,0.838965494081969,,bb02fd705ac7b08fb3ae7c618b46f5a9da4ef32b590259233156f5fee831aacb,d3844dea10ab96975316c1574eadb989106b149d9b1fafe094beae7e9c50ec59,aa8f807ed0546158d4a29e169a4cf018f22fb3b146c6d250cfab8355d525d630
miscellaneous-numbered-cab-views/0045,miscellaneous-numbered-cab-views,train,19708,278,31512,2022101,51220,19986,0.3826944735717892,0.986090263184229,0.3847715736040609,,,0.7887070824632869,0.7902452891487979,,,,,0.20166475468879225,0.8011029044814851,,0.7365100348515803,0.0,0.3826944735717892,0.8634164877938564,0.9239593423320293,0.9878491145935707,,0.8692661736567203,0.9198634901515894,,8a2c09c50911afe45e05157fb8602cf7345aa5cf6f005c3b76f7c0d8b50f36c3,a820d863d1b63b281c0ec5f7e11041e0e68f73f39d613cc757bc489e1e03b351,c0337e174ede2b4eb1398ecce58cf553c4e244cc5f87384f4d28c9510c79a152
miscellaneous-numbered-cab-views/0046,miscellaneous-numbered-cab-views,train,35534,2946,3131,2031989,38665,38480,0.8539568864002307,0.9234407484407484,0.9190223716539506,,,0.9429255397811298,0.4336032909114282,,,,,,0.7163120567375887,,0.525030525030525,,0.8539568864002307,,0.9878805124811865,0.9816545870823794,,0.883417550117243,0.9519931549092678,,a1bc04fa20bd623f99bbac759e22dbd90554263ca7b217cee49ddc9fedd59da2,550d403c2cd02d480d3ae049a478b103700ae04d047712fa0e5187f9b0fd5068,5447dad4da89eb9bf5dc3d82212e4571e4ffd1d4a11229bd9171afeb49a8565a
miscellaneous-numbered-cab-views/0047,miscellaneous-numbered-cab-views,train,0,0,0,2073600,0,0,,,,,,0.9105448437304552,0.013825534230953646,0.0,,0.876657824933687,0.0,0.9662369850546356,0.7161100196463654,,0.8015172526307203,0.0,,0.8945742522416389,0.0,0.9875037759185814,,0.8144134601674373,0.914882040434546,,b74e6210f53416c45a93c3fb1a022de2cc33ed02723512634c739624b649276d,52518430666be87ad030da35871a2439ebbc09260cee1aaa6bf65be527c77193,12435d7c3f0607b5978597513b8104cc1e48b79c1e42246c257774b36e94f1f4
miscellaneous-numbered-cab-views/0048,miscellaneous-numbered-cab-views,train,0,0,0,2023939,0,0,,,,,,0.5998908147945954,0.6584000527890199,,,,0.8131972466176122,0.0,0.7916246483732285,,0.691243685350012,,,0.9022301871764238,0.9731331739365119,0.9932302148418979,,0.69140625,0.7849000314753739,,f912ea15971bc82b19029b9aad152ec1934e74e2a32d29934c116cdd7409125d,207a7f72a12615e89d5f214f068689216c6d434bd46045ce97046eadaaf814f5,d4750357df2731fd4774ca0cfbb28023380b1f792908a80923f943eaadc469b5
miscellaneous-numbered-cab-views/0049,miscellaneous-numbered-cab-views,train,0,0,0,2023841,0,0,,,,,,0.901344051028378,0.7100176843857277,,,,,,0.7812189616252821,,0.8976329541961267,,,0.780093577201191,0.9788507394740708,0.9938656273326055,,0.6830141287284145,0.8453808962391701,,18e4e59e4f1f16790b92171327c69eba67d5364edbe5a933d052ee78b21f9557,d8c2a5b6f12b75c02efc4512cc0c2efdba9b29f877cc7842dbd1070c4cc562b6,ef715b43ec620b78e1123605651199f6c22f16e309f470c839e51c81d670096f
miscellaneous-numbered-cab-views/0050,miscellaneous-numbered-cab-views,train,0,0,0,8211623,0,0,,,,0.6935912021236253,0.6337315681842643,0.9623515922624551,0.6928000708480113,0.7675022841480128,0.9884796619924986,0.9439198389674975,0.032597863034393694,0.5368840735965217,0.8769886426695276,,0.8097029846072314,0.7446664409075516,,0.5613955415332155,0.895101625925246,0.9771185333159084,,0.7947642478383413,0.8541807501785503,0.0,33fc6fbed915cff715396fc229a8e0da423ed1d84e76cec2dcc2a28d124be983,a9c086f93a23a8995da1495bf54ec1a377ef02d5932b137a3002f7384f45c4b8,d911989b65288239622cd91874d366d4d4607afb967875d5a8f8f14af5f3551f
miscellaneous-numbered-cab-views/0051,miscellaneous-numbered-cab-views,train,0,426,0,8212026,0,426,0.0,0.0,,0.7087248322147651,0.9187773808004763,0.9351278272143974,0.7648114314475933,0.8736280258607728,0.0,0.45228215767634855,0.4556774890544152,0.8214733988251636,0.8874204027621926,0.0,0.6811727421880428,0.9275122183812134,0.0,0.9206468125606909,0.8882818856766107,0.981352689957886,0.0,0.8845022169391324,0.8638285843509724,0.0,a29169723725172c5b690fadfa30cc7cf76f7eb2328590890c3c828f7d3f20bf,f19c28ac63b6c849df2da22a96db0a6b720006896d82875ceff69a43205d2023,827864db715c439a0d0f8cd654ef9a1371fac6408dd97b9bf55d2ce2181cd3f6
miscellaneous-numbered-cab-views/0053,miscellaneous-numbered-cab-views,train,0,237,0,8119547,0,237,0.0,0.0,,,,0.961526944603543,0.2555787886059027,,,0.0,,0.6940773233071285,0.300458225319378,,0.8853756360371147,0.8114237715245695,0.0,0.8804987347470518,0.9443700125772403,0.973140476215787,,0.9077126431290112,0.9363449691991786,,9e09a858819a1882bccc4f5b7cd52bca20f66b1052a3c5191dc459062ae69e81,70a16c903d27ac00306c86f14141f728ececfc9dc4e320ea99148e50ab77339d,04ed64371207c29450663067fc40d3b62713ece659ff5b101d5f16bb589fa982
miscellaneous-numbered-cab-views/0054,miscellaneous-numbered-cab-views,train,0,1397,0,8174257,0,1397,0.0,0.0,,,,0.9456999410043705,0.7115384615384616,,,0.0,0.0,0.7793777914677344,0.8270882027309632,,0.8255269726806268,0.8830532212885154,0.0,0.0,0.9837278700596952,0.9746584173017822,,0.8561933855757736,0.9600196050973253,,ac828e814ea477c826e95def13cde08680d0a05dbe64cde8303472779d31fce8,ea34de2ac35692d4e015602569d70b94968ad6bdbb3c7aaffedafab451351ee1,0a7a4face45e5a6dfc33fbad05e7bb63d9b965887cd60174743cb87840725f25
new-unmatched-2026/0175,new-unmatched-2026,train,0,95,0,2073505,0,95,0.0,0.0,,0.8742138364779874,,0.9167583483478695,,,,0.859514687100894,0.0,0.0,0.8793463329349009,,0.6537882986303539,,0.0,0.5467797322867756,0.9311682839914123,0.921851147457842,,0.8151744659971351,0.8958564765067152,,c81bc0c590d9bd6563e2e11176cfe441dc0920a5f9cdbbea9d32b36a51347b86,e567f1deccb42140b8e6f7f671b1b6b71cab015fd5065dba841e709332e19b53,2465b7433b6c177778c77e7d5a5ca2df75e8bbb63611d6e87917585ea23585b9
new-unmatched-2026/0176,new-unmatched-2026,train,0,39,0,2073561,0,39,0.0,0.0,,0.35520429466149717,,0.9519019524756348,,,0.9755929087468822,0.8364312267657993,0.0,0.0,0.7188703465982028,,0.5656239922605611,0.4574780058651026,0.0,,0.9575928031134436,0.9875170327259291,,0.8479739572118004,0.9007637997822927,,fdfba692303712b2119a1d725763d74b54fa20defdb3415916105955f503bd9b,bf61db99763dc894604525d3f039b209cb136d83f1cd35b7655768228102fad0,f7930ee2b21f5d174a4b892182d5ac06fc76a788126ef2bedb836829c466fcbe
new-unmatched-2026/0177,new-unmatched-2026,train,0,52,0,2073548,0,52,0.0,0.0,,0.8710705365601584,,0.9395558310845307,0.0,,,0.0,0.8509711088395114,0.0,0.0,,0.5445779055997293,,0.0,,0.9875024780349451,0.9947012223107399,,0.6375999453290507,0.9252651964547421,,92fdd6e752f0a8493a8a0114320f0d3adb209985cc28a17efef842ce5c887b26,4bd80258418635ffe4fd02e59e7e743a04d3ef8362742a3493154f57d54ca4c1,99d3ec6ad1a89999d694fbb3dfdc0e78de87fe6bfc2c3753aed939c12ae5b0c1
new-unmatched-2026/0178,new-unmatched-2026,train,0,7,0,2073593,0,7,0.0,0.0,,,,0.860968535696468,0.0,,0.982744709462807,0.8419458467186783,0.0,,0.6134517689289082,,0.4000581902822229,0.0,0.0,,0.9269764448766528,0.9717679555719613,,0.7130459491138131,0.8988049722565339,,bcfbb199baa79a77d97dfe9e368490306a1c84afc0dabca15e0dae262f2a945e,c0720faac0cf1b752740879c16180ae323eda041ad52f9878faa4a44fe5fdf85,b08fbd72224be73e4d51106d58345a6a2a4d4475078dcb52c9d21a6c69fe54ee
new-unmatched-2026/0183,new-unmatched-2026,train,0,0,0,2073599,0,0,,,,0.8634104620790088,,0.9489905667486453,,0.0,0.9863932093789507,0.7754954954954955,0.8285255843037318,0.876382423291582,0.8314333004779528,,0.7942861167190948,,,0.0,0.8740288938850923,0.984686713352106,,0.7887657770498121,0.9101110789651333,,60f737c273e283351acc6efb1ba0704e0827f47b77fdd8695a5bd891f5dbab4e,291ed9200b9c9d9d1be97ae0e9b2cfb2da0843377519c6b9e5e806e193e1071c,ff426f597ba2fa6ccc4dfb765e8993e54bfa19842d938940a1205a043b8ca8d6
overcast-mountain-stations/0214,overcast-mountain-stations,train,0,18335,0,2044662,0,18335,0.0,0.0,,,0.0,0.8416984702222507,0.7363945578231292,,0.7197778806108284,0.5388739946380697,0.6570191520068651,0.03623473808586058,0.5355356412253032,0.7018272293624507,0.7531238676107146,0.5317527519051651,0.0,0.3715406856670797,0.6776917531413864,0.956870072119876,0.6335855646100116,0.5335146947330865,0.6670392769163455,,fcf5289b197c7f0a48d5f375c13e6c090599b238c68ce299010e0babb86cb7e7,d66cff571333e436c6a9212058e636e2420673e9fa861b9fb9c61d3cadc245d5,62e88d0922c3a71276c901aa529e42ec4762048705896f47e26abf53d4738d87
overcast-mountain-stations/0215,overcast-mountain-stations,train,0,0,0,2072956,0,0,,,,,0.9202774202774203,0.9303303342151733,,0.799047619047619,0.9572126948832909,,0.0,0.5558352402745995,0.8367432654496962,0.0,0.6309514635784189,,,0.8918589303219532,0.8060039641655634,0.9799061641592536,,0.7350846871759419,0.8108916863569432,,a4ea3527469f92f7e01c82dbad4e004af29e5a534ebe1ed94e96185736126eff,854429faa83f8da4db49e7aad63e0ef178c079e045e63a5be44bdb3fcd0af9f4,438a47e2363bcce6cd70d92e554853dddc99204395660f3950433a2292402e99
overcast-mountain-stations/0216,overcast-mountain-stations,train,0,20,0,2068097,0,20,0.0,0.0,,,0.7001404494382022,0.9501359799385442,0.8516931582584658,,0.8760242190060548,0.9022523022301121,0.855409322968778,0.8303473799310287,0.812626984724208,,0.5984775671831148,0.0,0.0,0.0,0.9867704020631799,0.9689933261939437,0.0,0.8196965812961712,0.9536786712711725,,39f23d5418cbc5c465dddc13feda5ebb78e7eb06be8eacb3a5acb0256a95f409,484d599c7a9c73383e03fb6ad49561d2771579ca685ae29f0f30e4be25d04b96,241adaae8a083638f35164176d0d053ebf07d70cdc917777ee7cba34dd21d4e1
overcast-mountain-stations/0217,overcast-mountain-stations,train,0,31,0,2073569,0,31,0.0,0.0,,0.34473133286810886,0.7490159450263527,0.9648769921089277,0.0,0.7769013535884701,,0.33362218370883884,0.0,0.9445742742283242,0.756459986171821,,0.7762321791192012,0.48269581056466304,0.0,0.6938741150423854,0.9059168934753311,0.965840108535269,,0.72285169958889,0.8423788279118118,,014ccb7933ce4cc405469bff1fb36825df54553c505c185a5c2b9ca46750aa01,aa3b2a2139a82a89c2ca14efdb1d56c34c50fe2cbd36c733edc6aeb721cead1e,da68545419ae8123c5a04e1851df513c5f61ae8bf4219bcebf38bbc2e364dec6
overcast-mountain-stations/0218,overcast-mountain-stations,train,0,6,0,2072146,0,6,0.0,0.0,,,0.9641240827804385,0.9861415725408488,,0.08904109589041095,,0.0,0.9019658561821003,0.8378574341777315,0.9181602530311017,,0.906341014155598,,0.0,0.7798835228302502,0.9508875928227682,0.9639764393273355,,0.8526746381371932,0.9463902026914659,,7d192a396ef667bb5f346b4419b19250547fc8d398f9ad1541087e3b71df732f,5a08d87d4ef25c8edc375b184d40fb21715f14fe709bd157766f55da6db5be90,31b07c3142c861e88cfbe3a75e01486205560d1768e5b472ac9a7f86b9bb02d5
overcast-mountain-stations/0219,overcast-mountain-stations,train,0,648,0,2067175,0,648,0.0,0.0,,,,0.9424565608148592,0.0,,,0.8648919135308246,0.9469146042707509,0.8603493020972154,0.9566265350639334,0.9578498344420249,0.7113146758992114,0.9099741362159295,0.0,0.7436984357757186,0.9578354976142222,0.9953230741060052,0.8264034546576188,0.7017021276595745,0.9071688331785824,0.0,217eb3ce4240bbab2cd912c73d871881db741d3f99a15000d1343139afbeb72c,5dd19a743ac1e5e12f6fb63c62e75e423f24b6825f5013be4daef1327de5b91c,4e1056491b687285844e3df97bc8768f7f9d2f8d65e4872331d6cb32f0f7da63
overcast-mountain-stations/0220,overcast-mountain-stations,train,0,221,0,1926467,0,221,0.0,0.0,,,,0.9510830265579805,,0.0,0.9664530605644053,0.8476190476190476,0.7892733564013841,0.29283807130516726,0.8010360609565961,0.0,0.8185723916496224,0.9357688634192932,0.0,0.5045871559633027,0.9594827826040365,0.9907587548638133,0.5167394468704513,0.8644941658238153,0.9032549891530367,,b998518e2d97c634c8c2c846bf7f07e5ad02688387f15d657cc9646d080b722f,a78aeb5c9b6e22817ec40a0d14a2e3b3369a6697165133d9a00b6e867bffaa90,f512f9a18d96cd2828c140c8066e893d77e314e68fc7bf6a06730b1b962a1af6
overcast-mountain-stations/0231,overcast-mountain-stations,train,0,0,0,2073600,0,0,,,,,,0.9685684876112051,,,0.9921194610800941,0.7350993377483444,0.9134780221627133,,0.5112456747404844,,0.8121674719407419,0.0,,0.7741218936554214,0.9461585997170379,0.9524061860544745,,0.8569544486151973,0.9594107943588671,,27cd78cb2b58647066724fd485237e2568caa02d648e8186d42928145e8c8070,e2756ab550685eb2f70de905f8a2f1b99510c181fc397402f3f807c8450880f1,7287044f0631471b18d596775dfe6d3ebf49ee840fbe8fd892a17369c2e58636
overcast-mountain-stations/0232,overcast-mountain-stations,train,0,0,0,2051786,0,0,,,,,0.0,0.9608217782145066,,,,0.7968415115623237,0.862027022192542,0.0,0.6927596361684534,0.8397790055248618,0.6673690547862733,0.93221559349928,,0.8014094601051123,0.9525408138162657,0.9744934859545415,0.6606198034769464,0.8355750598426992,0.8869090438235548,,77b17d1922889f7c1d3d5c9eb9eb7abb5f53399f38433a493e4e0d9f6d369bd5,3315c387c153f722bf32fbe0bc5bfbdaa858f63464cab9be2c8c073d479522f3,eb264d38e8c10860a4979aaaef78fb03729205a622412e4381ebc7323b97dcdb
overcast-mountain-stations/0233,overcast-mountain-stations,train,0,7,0,2071888,0,7,0.0,0.0,,,,0.8887884019841596,0.7278797996661102,0.7313054499366286,,0.5983754512635379,0.8745377361855952,0.0,0.9071068256420158,0.9141242937853107,0.5531256281407035,0.9193381592554292,0.0,0.8716316386151566,0.9383507697715064,0.9783622075215098,0.7303426915775801,0.7036668985392031,0.7462186204894016,,ccfe0f6097d8c9ab6aa93e8322b418afe7878378f87ebfaa7638f12f8605381e,3b67554f9922cacbbdfd34af50631afad68cbcf60e66ebde1584c6133fe36a61,8238f5bb14f8664e4fdeec13f4c60adb079a9594a8a61d12c38bdfc4bb0cb819
overcast-mountain-stations/0234,overcast-mountain-stations,train,0,0,0,2073600,0,0,,,,,,0.9574708841808401,0.0,,,0.6654719235364397,0.904738521973975,0.0,0.6150294539086133,,0.7059584056739685,0.8658600736454498,,0.7949821910837997,0.9811645840776478,0.9941720571566924,,0.777618285209518,0.9406605710020526,0.0,709cbea54e2cf9800bbf3d0c032a4ecbdd34ac081630e119aea5e897a39808a8,9f031a8f85e736e4469eff85abe294ba9b7cd9f12c496873f486d04a6bb80267,c52b566a4b17675a41ab5a2db43889ae54eede42181cc58a8afd29c4bf3f21bb
overcast-mountain-stations/0235,overcast-mountain-stations,train,0,17870,0,2053517,0,17870,0.0,0.0,,,,0.780243924311721,,0.5789709172259507,,0.6136363636363636,0.9229026688129615,,0.8907937067559826,0.6754533557674332,0.7933571086389525,0.0,0.0,0.70762498891287,0.9399919555557955,0.9808470838420037,0.6656713716974303,0.6508132296836006,0.8975440484441688,,468c69f20ee4665d35f34a795d6f47eaaff96dedee7864164a769f063403427d,727abdd8767871d43483380b4a639a89408335f221c2798f071ede7d71cbcad3,16ed5eb5934e65009c964af41b510f0991234606e35f036b0abe72045ba0cb59
overcast-mountain-stations/0236,overcast-mountain-stations,train,0,251,0,2064235,0,251,0.0,0.0,,0.8097330179114566,,0.9297714053834708,0.0,,,0.4969441517386723,0.8170257146381671,0.8439406606307476,0.9479513593060181,0.946541815299247,0.6665375309742922,0.0,0.0,0.6067587314542989,0.9044427367941712,0.9799011969383037,0.8078649945812045,0.7722344501508112,0.8852045284460933,,7d0f48496493980d7a6b226310064c37f280f0d3d8723af88c69108db233c6e9,357469e787079530c7c4af0fe3afad136d2be00a3110c53be46d1dbb7f58abff,65c9fe251b3de79784f770d08e7bfd6934cc3fe7b7ebc615c04740c52360b184
overcast-mountain-stations/0237,overcast-mountain-stations,train,0,2364,0,2056032,0,2364,0.0,0.0,,,,0.9288812392426851,0.0,0.0,,0.7299051422865701,0.9175916839312325,0.0,0.6667388245481113,0.9401975710795596,0.6563159134927614,0.8704869161974164,0.0,0.7116660203685939,0.9305391945979183,0.9874017803814694,0.7715022935779816,0.744293061445457,0.8485933053656819,0.0,d9eebb905aa35607b8a9ee3cdb0cfd1d4a4e368e77135f92e804f42440f333cd,b1eec86e60b77ba128bbba833a23764f54d112d408858a88b1250f02d7da05d0,3289a5bfbbd1ed52fb4ff2f410cfabeab7b569c8e1a2d5debf624dfae78c819c
overcast-mountain-stations/0238,overcast-mountain-stations,train,0,123,0,2073477,0,123,0.0,0.0,,,,0.7867874970435562,0.0,,0.9889180296330247,0.0,0.845163663111438,0.8604491095242193,0.8821177005226085,,0.7150087454877005,0.79313824419778,0.0,0.9773635311937219,0.9620902246724762,0.9894804318726844,,0.6614190742159504,0.7821265334118376,,38d3daf79fb1b3f1c4c8c5bf74635d5954f16b3c5be5297e9e5ac9b077259d42,0bd106de9c902a9bc8006dd281b20d065ef8b5bfdbd81729dc77edc4d0287715,958591d0dcfea55879fd9fd090a3c597b0c77d91fd503d811d0753361f7ac594
overcast-mountain-stations/0239,overcast-mountain-stations,train,0,0,0,2037432,0,0,,,,0.8719707937307233,,0.9691338582677166,,,0.9894299137699009,0.2483564645726808,0.0,0.9557148068639418,0.8356911059210835,,0.8019129224597836,,,0.8006429054816152,0.7286021405592675,0.9780556689326446,,0.7963958121004354,0.9014908865687489,,a48c958611d90e4471af958912e453f589b8b5533315c5d59ce81b77a46a7bfc,7b59514cf69597aa4f2cce3764a3d0af51710e328dc3d85c3976e4c563c3ecc1,83cc314b1ef901847fce5f4ba749a5448ae21afa472346ecb4f8d09974f6026b
overcast-mountain-stations/0240,overcast-mountain-stations,train,0,577,0,2073023,0,577,0.0,0.0,,,,0.9541140270147158,0.0,,0.9747145005849256,0.6337620578778135,0.0,0.3841059602649007,0.9102400998322624,,0.815401988353298,0.0,0.0,0.5992688413948256,0.9614018917530446,0.9335462677959089,0.0,0.8350132355935654,0.9088177367621406,,8b51f499144ba83986ae26ea615d1f3e8da062613143bac5e635ab5684f8c914,99709ace9ed244e7aac8df6f8691255f3bb94e3107826bf9d3f678400c6ead23,c24af0cfd7201a539993e73fcf62508ab958de0b1794d4569e49aa728bce106c
overcast-mountain-stations/0241,overcast-mountain-stations,train,0,0,0,2054583,0,0,,,,,,0.9435882149158497,0.0,0.6321243523316062,,0.8263157894736842,0.0,0.48292682926829267,0.0,,0.7519327417530521,0.9324968049262229,,0.8798856979938832,0.9397090517241379,0.9782918561041294,,0.865227250320418,0.9574621124808722,,3625a2c4d4e9f8f3e0165e6dd90494d2791acd79e6142389e4a17e9e72601af3,a18c6013db023e74d3f18197e3c928119a026a0643711724bc334d3c6663f66b,a39fbffe06a71da52ebd1fb9acfd10ba8c621185b5384b84a177a144ef92b821
overcast-mountain-stations/0242,overcast-mountain-stations,train,0,0,0,2064724,0,0,,,,,,0.9473049782673729,,,0.916772913079481,0.0,,,0.5677365568987078,,0.5965181500687904,0.0,,0.0,0.95872242228039,0.9851401432015255,,0.8085206754074894,0.9095418279583276,,ded050ca71f820d730759226ffc1d2274e07ef4601f63b34c13120c7ef05161e,eb2b02a061e3cd39e085fb56063ea4abf4c835ba5583526332833e0723c0d442,6eb90472d7be863591b2819b5ab1a83ad6f9550a274de721c800c8252a431818
overcast-mountain-stations/0312,overcast-mountain-stations,train,0,12,0,2073588,0,12,0.0,0.0,,,,0.9067526397973334,0.0,,0.7551903114186851,,0.0,0.8247481557864679,0.7909603443073356,,0.786015882590377,0.0,0.0,0.0,0.8417236821645157,0.8877234592918384,,0.7916358532425783,0.9217304758916884,,5443a27572d1805ca781a25437ef08d1d27ac70239d96cb52f50717ff14822c3,b7a584f428c50f605f7f6cf81f78b931a71df4e8242a20fa82991bce28e1f9f1,918e9d7139d96f22ea761c9b35bdefdea55489ec1b3dcb14415fc6fecf565f88
rain-water-cab-view-with-overlay/0268,rain-water-cab-view-with-overlay,train,0,0,0,2029558,0,0,,,,0.0,0.0,0.7495010885341074,0.4543924157178931,0.04424591263815813,,,0.7659364218001541,0.0,0.9849407650730307,0.0,0.0,,,0.0,0.9482123767668369,0.7542991755005889,,0.6976611986356992,0.725844607082132,0.0,7a53e1b4c0a64e0b30e58ab9db89fcf98ce95254700008d25f5394d06f97a292,23a6618e87555de6cbd8e26e944af51a428323c138f0f4bdd425e1c41c6ebf5c,59ab5a27f7f292cb7e011acf66febfb9bad763db6d11d754669306ebf5274dd4
rain-water-cab-view-with-overlay/0269,rain-water-cab-view-with-overlay,train,0,0,0,2054769,0,0,,,,,,0.969710025475798,0.5453414216829989,0.4878361075544174,,,0.8022009500847438,0.13648468708388814,0.7850478565108984,,0.557255197673166,,,0.0,0.9741280088504697,0.9927758620110738,,0.8166373358602951,0.8987573235809979,0.818976279650437,1100c1ea54949235b635d2def045d12f73d290500eb308c1ce83323f8600862a,abf7569acfa9b70797209bfc372ddce4a802e55f69e55594dc883d24cab15bdf,f981066f0de10f61549fb1e298f9ce7b76abb41079a6b04d2b1297ddb150291f
rain-water-cab-view-with-overlay/0277,rain-water-cab-view-with-overlay,train,0,0,0,2032606,0,0,,,,,,0.6850331864011755,0.8364487242946497,,,,,,,,0.0,0.6179775280898876,,,0.9854432094363249,0.9100315844057889,,0.8450094161958569,0.0,0.5941596700544999,ca57dfd0f80377755014a88660f5a17884651b8fc20abd7455c72679bd8bb09f,5542b12fe43765140207071f9c0e4692ea5687467fc0d4d502d4e96bd01a76f5,1fe019e680583afb8235f8d525c719d460f39046d98e9c29a6b68e057593f0b9
rain-water-cab-view-with-overlay/0278,rain-water-cab-view-with-overlay,train,0,0,0,2039559,0,0,,,,,,0.6570207807341232,0.833467120620773,,,,,,,,0.7586933614330874,0.7435897435897436,,,0.9870804874161766,0.9518098689477898,,0.6810415527610716,0.0,0.6744109947643979,ae02105bf482e4b7269f687a6bf9420a5d1fcf5bf84ca910a716df519b4a66f1,f9d9cc36d418487bbef456deb4bd834ff96e352253bedc9a16b3f55061617ea3,6ab30787a249bd79084cf6ccebc8f19a09854575ad7cf79066d2a56493c8ca53
rain-water-cab-view-with-overlay/0279,rain-water-cab-view-with-overlay,train,0,0,0,2054320,0,0,,,,,,0.7391117693777234,0.8501063486162491,,,0.0,,0.0,0.912319526265987,,0.5420305418252451,0.2746213617805874,,,0.9720959463125897,0.9770030098896374,,0.754378842361675,0.8286604361370716,0.3163831849828148,41a8c3396c58a82a580a4b2d762d7a5813c5b86e025f72d9bc3ad2ba21db3545,75cfc723508e1a083341fb8e16648a7f892140dd4f2ab1043d614110da2558d1,f251001b8eaacb58b96f608d855f84794048ee8b7d7c0b737a95a124e31c12bf
rain-water-cab-view-with-overlay/0280,rain-water-cab-view-with-overlay,train,0,0,0,2054275,0,0,,,,,,0.4898886782363521,0.7793680383305859,,,,,,,,,,,,0.9887913250817125,0.9455993225524476,,0.7179765246236285,0.8675510570761215,0.3552204619202138,70a05bd99cfd467ea3e055a00e478d6e1b45acfa4adb761b94f8e266417d1ae9,e106743e4b56f6a000935339646381f74dd47b337309998f9c1f64e772dc2e55,b2a2e084e139669f15073d42ea84ee7d21c14325a3675cbf1fefb2c261922291
rain-water-cab-view-with-overlay/0281,rain-water-cab-view-with-overlay,train,0,0,0,2053597,0,0,,,,,,0.8401354234301085,0.7913850361398711,,,,,,,,,,,,0.9918751955864116,0.9392398855741725,,0.727133714674067,0.758298067608219,0.7498486377396569,a7da1f692dfad6e78cfde641dada58c6873c4539cb40843c04d9e3238e0235ac,0307bb1c875ecbe072c4937d166fb5c6179a715723a729d6f851102552edbb52,085f62cad9b51ec515434feac7597d3800b754b6bbaa6137e5ab1a1b4be0c26d
rain-water-cab-view-with-overlay/0282,rain-water-cab-view-with-overlay,train,0,0,0,2053810,0,0,,,,,,0.730164717716585,0.6412170253333799,,,,,,,,,,,,0.9846836876664685,0.9189783909410078,,0.6589788839530214,0.9182346465965235,0.6535800998671492,f9741378f2d70f2bd7e5236fc50ad4936840f4c1561be37a810e2aba8983efab,c2f421c7de5534678595c101104109c3b656630b9d60fb9b35495a373e44edea,a2b25600259aa755c42d00b22870a696f43335919db93754b5d827ffa20cfa41
rain-water-cab-view-with-overlay/0283,rain-water-cab-view-with-overlay,train,0,0,0,2054083,0,0,,,,,,0.5988680385746078,0.8418324316540843,,,,,,,,,,,,0.9927051087135713,0.9780247021596162,,0.7575314167670856,0.08270676691729323,0.6688802381497596,50f5c438789710cc8a44142a41fc391480200cadb38493f126501909f2df6f3a,04b5fbb59ca9fdefb2c884a036413016e6db4df5eab65336733ce8f35b69af69,1d83373c687fb709e245fd42223c63afaf8b1082d6c9325886dcb4dc1bb28d05
rain-water-cab-view-with-overlay/0284,rain-water-cab-view-with-overlay,train,0,0,0,2053473,0,0,,,,,,0.7448533998752339,0.637001798456808,,,,,,,,,,,,0.9830631690907266,0.7970092935504157,,0.7882476390346275,0.7454406731166615,0.5563292713255409,43ee426aa0b2c2ce8f85dc51fb77e1d7b14c6221bf250479b4fc3db9938e1d2f,124b16930742b8657398889555a2a4ca0cd3a302b337fa75ca4b08d758b9ab29,ae1265c46da27b8269fc5b753f448abe7cdf164eb54543575f07f315e99ac208
rain-water-cab-view-with-overlay/0285,rain-water-cab-view-with-overlay,train,0,0,0,2054047,0,0,,,,,,0.7146395315349909,0.866429505494165,,,,,,,,,,,,0.9857717538478225,0.9230498073240881,,0.7004123104108378,0.2918956043956044,0.30257617042358187,2956bdb840f2c86e03cbc88cc38600c415d72eea5fff4f468697cb6ad1fb86fb,7c817992adbdd24001302c811f1bdc3fd0af55e9c6cee7d75ee1ebab90d9ce52,17c89614a7db83c37d4147d08f592c811d32f57042c787e3f790689d5df12eca
rain-water-cab-view-with-overlay/0286,rain-water-cab-view-with-overlay,train,0,0,0,2054089,0,0,,,,,,0.0,0.8089398588443341,,,,,,,,,,,,0.980813826466051,0.845431920248043,,0.7778277692792225,0.3402576000693872,0.05436607892527288,65bb9a26ed2495d66bcecef26da2702eed5d5ef32bc6393785623c77524cec64,c5023a4e5a1ade5fe386facb5dd55efc8f17e3afa73682ad1f23e1e7f6e96499,8e67cbe04540a4e28f8ca62b7d205a46464c055ffdf186b51848902658970f45
rain-water-cab-view-with-overlay/0287,rain-water-cab-view-with-overlay,train,0,0,0,2054230,0,0,,,,,,0.7538013891496151,0.8853337859724314,,,,,,,,,,,,0.993148869222986,0.9793662387279827,,0.6959417458485037,0.0,0.8072221940457474,e86117d8914772da397288df8ec1e772efd2441073ebe583809d2c492b5a8b2e,49c1380aaf9d4764c6f027260ff4e8b042c503f86f3393d63dba98fb7b567287,79afc73e258c5cb2a4a101fc50866f00ad199863a7ab35e2dfebd4d3d0366447
rain-water-cab-view-with-overlay/0288,rain-water-cab-view-with-overlay,train,0,0,0,2027494,0,0,,,,,,0.9131407981656384,0.7321855208767871,,,,,,0.9963427642014987,,,,,,0.9578948800446219,,,0.7185338315973603,0.7276485415916457,0.6148642789003556,edfc5f576a3fe8034173a9ff71791befd981bc683b089bc729fe555cefbe4b3f,18a05516eb56af5f738ece0bf1f771ff1da45279a794c9ca45f4549211644f6d,7e631abe7a9636b931be68d3d8f5d02b522afbd85f8c7496566f1e31cbaa43ea
sunny-mainline-cab-view/0124,sunny-mainline-cab-view,train,38831,6012,40540,1988217,79371,44843,0.45478608153847955,0.8659322525254778,0.48923410313590604,0.0,,0.776287796235758,0.44573914394469044,,,0.5587602659366445,0.0,0.9337242548110725,0.8259266584321906,,0.7407979102350986,,0.45478608153847955,0.0,0.919673863807942,0.9788453742637532,,0.49725545692353873,0.7068322522027595,,7401f5fc76b6fc6c255d1dd4039a55eb15e32ab20cd3552dcac7878a8a74eb88,9544d3a4d4f26ddcf2a101283fbc57247e7d6b9a4c2a4d1dcc6ecbc47866431b,8c9c1a55de033d5ac62613f3c75b6869947bb5073d300a10caf88d3720a3be77
sunny-mainline-cab-view/0125,sunny-mainline-cab-view,train,1211,155,34320,2005898,35531,1366,0.03393487642212632,0.8865300146412884,0.034082913512144326,,,0.738296901977392,0.7229506809914559,,,0.79351161771153,0.6112320417936439,0.37205523964256704,0.5891632373113854,0.17033226912616767,0.7000530996946768,0.5846257585974376,0.03393487642212632,0.780683751303298,0.8679773075262063,0.9937249993197094,0.5167338084908584,0.7787203791469194,0.7629448956877974,,b9b5845a7575d6e07a9bbc5c28a07e05557e8f29ff815f5cbf7248d75ec08247,258f3be8e12caaaceed243c728d350b639caa3c57d90a8ad103831ada0b7f6ef,77f94724bc4ecb3c436bca5755be7d93584e1c8d08089fc664af74f45dc9a5d7
sunny-mainline-cab-view/0126,sunny-mainline-cab-view,train,23563,420,10096,2037058,33659,23983,0.6914228703893893,0.9824875953800609,0.7000505065509968,,,0.8052694080280483,0.7687238256014025,,,,,0.0,0.9497913152545305,,0.7265075521734118,,0.6914228703893893,0.9778553186840201,0.6870387917420392,0.9784130392444073,,0.7473791317217563,0.8680152572210993,,a1e2fc892f0b131c74ecceb67559b53b91457b9cf91503592486c858fd335277,e27211315a2ae32a9a3ef1ca41e51ca0a0fa4f6fa09bc2a6e3ea542fe11ec29e,8ed635ed131b234023983c49ad9f23ad179e509971aa97074b7f35aae97544eb
sunny-mainline-cab-view/0127,sunny-mainline-cab-view,train,14358,172,10672,2048398,25030,14530,0.5697166891516546,0.9881624225739849,0.5736316420295645,,,0.8089331000452159,0.6177193963107882,,,,0.0,0.0,0.9606244265536358,,0.7542463881296368,0.0,0.5697166891516546,0.9685349200690998,0.7912027581966313,0.9740638149988188,,0.786575918265076,0.8846850718172868,,0d4cde05aed2bd4fe2170c8e306ae84b426e1f4e3c8d7f9b0b0cb271454f8c9e,aaedcf88592ad3e09dd1013b51109aeb4e7c40f4b2d9226c243471e2f34e9ce8,a8eab102fade43d1935d8b4028391b76bed0593cd2789481d665e98e59696b71
sunny-mainline-cab-view/0128,sunny-mainline-cab-view,train,18254,2746,4929,2047671,23183,21000,0.7039993829303097,0.8692380952380953,0.787387309666566,,,0.8760594980887485,0.6774743081909088,,,0.4986149584487535,0.0,0.6090543440547939,0.7833457071788175,0.0018645121193287756,0.6372841965471447,0.0,0.7039993829303097,0.6596321393998064,0.9257555592588111,0.9846027243289533,0.0,0.7516016890539114,0.8215366136487786,,24687c346d035f3bef72afba9b140f03eab022e4a90af673afe81fa9f274787b,c2fb729a44959c3f10648bb333aa2bfa0a8bf6c4779e7237ba1a4ca106ac5d1e,0121bb194bdc631c59e2cb5d2b0be223b3b631179e1178276b388be86c4ee632
sunny-mainline-cab-view/0129,sunny-mainline-cab-view,train,27358,6362,17893,2021987,45251,33720,0.5300602561370198,0.8113285883748517,0.6045833241254337,0.0,0.0,0.776021263842386,0.6702803473186152,,,0.6411327762302693,0.4955426356589147,0.6959524936335159,0.8176825482736115,0.8127876397107167,0.727147460828981,0.0,0.5300602561370198,0.7008059100067159,0.898289143142881,0.9804039760868796,0.47584415584415585,0.7016820298393994,0.7238914839116201,,e52ffee04497a5939bda202788429a87b3560377d2abd91af07b4286a26b89c6,0c3855bad8ebb48418e3eb7da192926f4eba3d0bd8a6c1ba206a8a0de118136e,7271fa757c60e1dedd552f21794820d8236fc3d82dfe46b093e4075fdee651c9
sunny-mainline-cab-view/0130,sunny-mainline-cab-view,train,20905,1222,6379,2045094,27284,22127,0.7333543815337122,0.9447733538211235,0.7661999706787861,,,0.8870031426409823,0.3679386569220631,,,0.8493114754098361,0.0,0.9353390822869172,0.9391100617639911,,0.6678492680581575,0.002031144211238998,0.7333543815337122,0.8112019730010385,0.6143579966268241,0.9823088080895529,,0.7753581661891118,0.8085474473344609,,e0ef00001b7bf26a5b6122387465145d21b99c1296743b3f03e61660ac3b3c2c,9e56d793d32c98b488bb34adae6c07d0b0bd6f457d0f9aa68dfdc9a0a4542a74,dbdfad7a0e8884d34e0e5531299061c8243aaf2f6a7e87b873ff69804b97538a
sunny-mainline-cab-view/0131,sunny-mainline-cab-view,train,20598,373,22754,2029795,43352,20971,0.47108061749571184,0.9822135329741071,0.4751337885218675,,,0.8264095287045521,0.5448868947466816,,,0.0,0.7829457364341085,0.654016547650355,0.7628814283835328,0.034722222222222224,0.7400434512342982,0.0,0.47108061749571184,0.7865827134238774,0.764148357794881,0.955143897597038,0.0,0.7037209462721568,0.7986310891132312,,6ed3b7e372d8d5dc78b215af5af6f4653456cd41ece09177eab1178a747e70bc,a8c27ee277932c37a1cbb160b15f22866e20dd4aec146b5de86eb4603ff534fb,dcdb89829f419cf7d9878e4d643a818b65fb77e18100ffd883800344f142fdd5
sunny-mainline-cab-view/0132,sunny-mainline-cab-view,train,7308,89,6739,2059464,14047,7397,0.5169779286926995,0.9879680951737191,0.520253434897131,,,0.8963423897905958,0.0,,,0.8359788359788359,0.610461054837583,0.0,0.8721882786633444,0.0,0.8316585181042414,0.8068062827225131,0.5169779286926995,0.8869261615044248,0.7479400036555843,0.9650489324185936,0.04430379746835443,0.6477434710397949,0.8033145166910586,,e153b7e6bd960d596c08d639a6b6e83a0851899aff6c01d8e6bfbba8b04f29ab,51ec0f2f880b6d5e6d011aff4a6f35f79480042485ebc9db45b9e0c8ccb772ca,88ec43b5cae6fd7195ed4210723f42066a4089666c73cac0b6a4cbda3bab2671
sunny-mainline-cab-view/0133,sunny-mainline-cab-view,train,2740,38,2136,2067988,4876,2778,0.5575905575905576,0.986321094312455,0.5619360131255127,,,0.8252622728931552,0.7359952715571025,,,,0.0,0.67006930842248,0.9725249424405219,,0.6830911324831589,,0.5575905575905576,0.8304936819337457,0.8115125794894168,0.8952197795291427,0.0,0.6579308779297429,0.8495316573368632,,f9e73f2fb85c57a08b9d33b0c1c38cfbd56bb541c4b32e14c80883c01757b91a,7b970b234bbeedfb2a18e0ce9e899a251b487dd70a00f183d3d16356c2b2478d,35a0ce5821e3f3469c27332f3bdc12b8b3daf8eab99e108b55a61b0a29b57381
sunny-mainline-cab-view/0134,sunny-mainline-cab-view,train,22741,1292,13470,2028931,36211,24033,0.6063781564141535,0.9462405858611076,0.628013587031565,,,0.8728703521542396,0.34756286867432473,0.5683114306967518,,,,0.777283882020651,0.9428499352131088,,0.7427569307644261,,0.6063781564141535,0.7817146922803273,0.9321567195466656,0.9878815946370997,,0.7992681526834402,0.8281914291718531,,9e4b1e6f4202cdfc0d9ff15e1ee6eb32270e1c0e88b7b7842be2345e74dab6f2,810016b295ab6550cc7248033bb01b9032302ca875b032e9d08005c80b18156f,e80ffcc9b54863d0f501476b20a181b84cd8711b70ca9d9a8a75cae0c0aa74df
sunny-mainline-cab-view/0135,sunny-mainline-cab-view,train,12501,1151,5623,2049000,18124,13652,0.6485603112840467,0.9156900087899209,0.6897483999117192,,,0.9148389560568319,0.0,,,,,0.8463775382301328,0.8598103993105429,,0.6943863465238852,,0.6485603112840467,0.0,0.956687100093964,0.9906690172441641,,0.8484836695391679,0.8934690342139454,,917d7fdbcba14ad98f4155259ad4945453a4e76aecab144bfdfd515d95e55343,ef3653ad7186e447e51f20d8a071847cfab4d31d30567977a105bb93a6e226d0,95dcf6c1fe1f918115e48b85a5482c44321929a499d0a5095b294d7c29288da4
sunny-mainline-cab-view/0136,sunny-mainline-cab-view,train,55736,4049,31964,1976312,87700,59785,0.6074834603101941,0.932273981768002,0.6355302166476625,,,0.8307002778397453,,,,,,0.7970120939056201,0.8278277685689478,0.0,0.6676811869887769,,0.6074834603101941,0.8858615507773548,0.9744208787505455,0.9744038086181873,,0.8131472604420594,0.8664688641776319,,23d8b5534877bd891ce5b404ae30036f3fd3a3f9769fc5d17235cd727642067e,79c1982f49ada9c405b84125d26d3248d5d79d06d6bc5cb458d82e04d838eb1d,79f288579eeeb1cf2c5b22dfa80a60dc027a0482f9734800868aca5ccd59a1f7
sunny-mainline-cab-view/0137,sunny-mainline-cab-view,train,15420,4169,8951,2039686,24371,19589,0.5402943237561317,0.7871764765940068,0.6327192154609987,,,0.890194590208985,,,,,,0.0,0.8455458321571158,,0.6658331844972316,,0.5402943237561317,0.6264641524005663,0.9557434726251466,0.9690462992113817,,0.8070622561254263,0.885613932692007,,a171edd02bf21b2bc889ac8ed17fe30fc47d76defd59a637e236ddadf0c76f27,6f160ebe16131fde736faa1b907b2b9193af1e3c3ecb7fbcc5d577bc8750144d,69250e0c1d1395e1b1a5f8271716700980338384c19b726e4dde8b3ff874cb78
sunny-mainline-cab-view/0138,sunny-mainline-cab-view,train,4344,1285,2592,2060010,6936,5629,0.5284028706969955,0.7717178895007994,0.6262975778546713,,,0.9353535723888441,0.5019230769230769,,,0.7586206896551724,0.6888559031742407,0.8625335522372501,0.6569260667028665,,0.5620032885722116,,0.5284028706969955,0.9168316607004068,0.9293052858069305,0.9864163106597427,,0.8527407181520165,0.9554083318412011,,461bdcfd80571cea432e10e0947270b1a03bad21b5efa4efc325d700d1107bed,50f45cb9d7c36f7e9ad713cde316882219c82f7d0791f0d0e907e65ccc5286eb,95a1bca1b18a83a63e3f3a54141ad17d95fc05c72aa81fac6200bef838f19d45
sunny-mainline-cab-view/0139,sunny-mainline-cab-view,train,24881,1793,2989,2038667,27870,26674,0.8387890638168762,0.932780985229062,0.8927520631503408,,0.9017728797316723,0.6798199953783884,0.5514215514215515,,,0.9147940074906367,0.0,0.0,0.8900357197642057,,0.7556590222398336,0.0,0.8387890638168762,0.0,0.9374805682328511,0.9828152783310823,,0.769043841058133,0.6546956871313484,,ea793969cdff22d7aeff4460d14cafa8007c32c5650e6cd3586775c958a0754c,9ffd1fbd5a02985f044eebd2c5f1c76c095bee6781c959b4c6742485ddd6b778,0039842509c46e81cd4605c164958525d20ffa57eb3d47af0ad8bba287caaae9
sunny-mainline-cab-view/0140,sunny-mainline-cab-view,train,14973,2084,8538,2028391,23511,17057,0.5849970697401836,0.877821422289969,0.636850835778997,,,0.9315519300653097,0.0,,,,,0.8040611419151806,0.660216183341166,,0.6157561446817645,,0.5849970697401836,0.0,0.9659216256671811,0.9867586417722486,,0.8110316649642493,0.9280008795174786,,3a5fae521d4841d641c0b0953b4733aa8f8734d7fd9997403022f033352a935e,bec802af770693ccb921ee7235635fe5fd724eaa5b1d6e1f6746af21fd9112cd,f12eecbf831e0eae2bbd0cf38b29bbc29ad96fd5dadd9c8145c579525c6b3e1b
sunny-mainline-cab-view/0141,sunny-mainline-cab-view,train,19337,1362,4787,2035693,24124,20699,0.7587302832927882,0.9341997197932267,0.8015669043276406,,,0.9619077680628768,,,,,,0.7065217391304348,0.0,,0.7924466837510316,,0.7587302832927882,0.83926643403696,0.9492013169414639,0.9476713233722579,,0.850642406831059,0.9319917576933825,,2ab1618bf2232f7953374c7ff9fd6dbb5957a1d11d887a1004faeb1f3bfa8241,97b17a45f269102384f6109c04c9d6b8bf8782c9ed75e154169d5296a043ea20,88b348f4312363853d1109b6bfc7a81051cde0977fbc15628b0cdfa1063ab271
sunny-mainline-cab-view/0142,sunny-mainline-cab-view,train,22901,439,6366,2038301,29267,23340,0.7709216993200027,0.981191088260497,0.7824853931048621,,,0.9458600181489388,0.0,,,0.0,0.7665397429795335,0.8032833171990965,0.8214977973568282,,0.4258011839150847,0.7297297297297297,0.7709216993200027,,0.9765839205940715,0.9892364973458341,0.0,0.8893669789192177,0.9386017149186817,,f9d4c3db5d27a80539d7e059e63c85bbda048e2f6d73d48e3b0e6d2541a023d4,ecd3fb29f78f54f484c4e6ff39b9f5010a4ff9510a0ca54c9e0fcee6ada30585,b624f416e65e0bdd138715e68e51fda5bf30c571c470720a76bc152680687a65
sunny-mainline-cab-view/0143,sunny-mainline-cab-view,train,26383,3579,17961,2020298,44344,29962,0.5505289735617553,0.880548695013684,0.5949621143784954,,,0.9028235004007151,0.6347412587412588,,,,0.8091278282730613,0.0,0.6323033063538356,,0.6309104493542534,,0.5505289735617553,0.8183757008702831,0.8895443705284297,0.9889352271582552,,0.8877833710598331,0.8548645917942825,,4437f8bc5b8248f9f54a530115e7dbcc3ace4af83f6e7e7505c28bd61deecdb4,5633b96990c8cacdbca53cbc8c942d05e63f5e2d839d47c6d0409a38e1392cfe,a6d6997ac9b8deecf9e395d5b476f46ca90e1d747cc16e175336f902e58f1d54
sunny-mainline-cab-view/0144,sunny-mainline-cab-view,train,3853,2825,5816,2055542,9669,6678,0.30838802625260126,0.5769691524408506,0.3984900196504292,,,0.9010715924234811,,,,,,0.0,0.30492792490781095,,0.5788915407053832,0.8799559471365639,0.30838802625260126,0.552477818653971,0.9527422013571029,0.9691684385954831,,0.8098558884214904,0.9284501994131806,,f6b634ec6548b8bf98554aa0ac61f40eb22ae85f7e7ae26d084ddb9500ae7e5d,7f8b37a8c257a86c7ca870dd1ce5018c32c9ed888de4dc3afc7b590ae25fb898,b2861851a582facc00db8c2e439a0ad42d24a7b435bd6ae33d089fa5c4135631
sunny-mainline-cab-view/0145,sunny-mainline-cab-view,train,17538,649,4666,2045286,22204,18187,0.7674265960705378,0.9643151701764997,0.7898576833003063,,,0.9678076275621181,0.5721967613809961,,,,,0.8198850642115757,0.9702980811094947,,0.0,,0.7674265960705378,0.8998103266596418,0.949867436715808,0.9906788537795845,,0.8771159317211948,0.9198195510727875,0.0,fcdb2f1d198ca40299c924da55b12732604c2030a0db21c6f4a86b3b5c804d35,20c74d76997181bbbf1ecde190ab83a62b8b818f8a40955abbde22b23f85c59b,5cf8063fb7a5f45c11e556a4afc590d95bb77cab24c7a40e7d47873a036ef77b
sunny-mainline-cab-view/0146,sunny-mainline-cab-view,train,30206,6107,12667,2018977,42873,36313,0.616700694160882,0.8318233139646959,0.7045459846523453,,,0.8628860111000427,,,,,,0.0,,,0.635506973237844,,0.616700694160882,,0.9700440238634026,0.9711364280521017,,0.8154412942495595,0.9032534547768827,,144ac7ace9587dad2bd7d7909441c0b2eb1b7a5fd5d975855c31e6f54006cc89,14b653b227e8c3d3a8b942968a57b177faaf75fb68a3e71ae071e6286eda5cde,13e97d90db785124d8c39b7f3a44e9186259c11bd2d90862df8a19cda89983ea
sunny-mainline-cab-view/0147,sunny-mainline-cab-view,train,3456,127,2595,2055153,6051,3583,0.5594043379734542,0.9645548423109126,0.571145265245414,,,0.8997688734295979,0.0,,,,,0.8523489932885906,0.8874990466020899,,0.6433512682551883,,0.5594043379734542,,0.9819774267030253,0.9592705825591642,,0.75906573561281,0.9027495001742512,,6cf388fea166cff5c1481f523509bf3d72656e5aede0964f0ec6b15e88adea19,692808c9fd7ae6179769e38738eb5f38b5dfd78c857fdca542786e3cce1a19ce,3bc93c138392519881e92aedd1bb49463f0b02ad2cef799e4c940f6a47f9d70a
sunny-mainline-cab-view/0148,sunny-mainline-cab-view,train,26575,5087,4380,2007733,30955,31662,0.7373342211863937,0.8393342176741836,0.8585042804070425,,,0.92266219809843,0.744357051399305,,,0.8505942275042445,,0.010869565217391304,0.954671018385159,,0.6661641541038525,,0.7373342211863937,0.0,0.9316768545570777,0.978581862802384,0.0,0.8562920050121234,0.9087699009970913,,d859eb4079cd5f05a69e1a52ca314157548f99524569888aa31aa39194c4c163,3f6263d12602f503c9afd8899de5bf72117310b14c1df89f7ca3507e4df9258a,81a1237b772cc92fe491d5757e1ff3fa49949864a84c6ab3c2cc3bd6b1aeb6b5
sunny-mainline-cab-view/0149,sunny-mainline-cab-view,train,7039,380,3575,2046134,10614,7419,0.6402583227214844,0.948780159051085,0.6631807047296024,,,0.8949634403134793,0.5355397601066193,0.0,,0.19,0.808174758938476,0.4525705186533212,0.7755907565509207,,0.7113883393074446,0.0,0.6402583227214844,0.7608397600685518,0.8158618130262512,0.9653637751445809,,0.7555832433881214,0.8339826967938657,,0f14ff36a7fdb27af6f7ec8cb353e753e159bb3b77aab52a80b13fe6937791bc,f956580152828b020215fbf2c78a840a5b4b68ad7e56c3e41bf4fea9766fcbe0,464949549ac3d2fad45831b81cf9e51a633ed8d7e89187d5d6461511ddacf25b
sunny-mainline-cab-view/0150,sunny-mainline-cab-view,train,7705,791,1913,1998161,9618,8496,0.7402248054568162,0.90689736346516,0.8011021002287377,,0.004171632896305125,0.9021678409889535,0.10341766533510874,,,0.7437106918238994,0.010050251256281407,0.6171134851844386,0.8460953071208552,,0.6272455089820359,,0.7402248054568162,0.8507323502349986,0.8611394311974071,0.9920540603211577,,0.7728676480771095,0.8267960103253338,,d4d60368183c52383216b6039fb814147d7720ff8a5ea3c97e9222f8f0eb8937,ea19db3c93ddb0c57d8a40d4882b76fc921b3e7ef2c036f491aeeeed322a8ba8,1461440367b7b391c479c2debc93bd51cb80ce04dd659c57b3c42b5df77352b9
sunny-mainline-cab-view/0151,sunny-mainline-cab-view,train,3389,4004,20449,2038145,23838,7393,0.12172257740104878,0.45840660083863116,0.14216796711133484,,,0.835623136362179,0.7020641996235056,,,0.5592972181551976,0.0,,0.8351788682892035,,0.38989407883313076,,0.12172257740104878,0.8190435157259802,0.8626218777699494,0.9872858750065651,,0.8420434031111965,0.8082238145338815,,4b1751c125ecc67afaa53eb1d7655c7a5ec051098de588dcb48ea4bc9cd3c5fc,1ab5b3a734f95118a4f540fd1aa10298673d5e4910ab7f3050c63f27f8d9a24b,e8d6fc0fa647560072481574082a1e2cd7874e5d74d9cd091f3d6ebc63f8398b
sunny-mainline-cab-view/0152,sunny-mainline-cab-view,train,8910,5357,3798,2041514,12708,14267,0.49321893163575975,0.6245181187355435,0.7011331444759207,,,0.8712476881490966,0.6408643269804066,,,0.5503597122302158,0.0,0.7321568864446728,0.8489533986462068,,0.742097413115648,,0.49321893163575975,0.8402554196179438,0.8804251009054771,0.9805319919220788,,0.8128970775095299,0.8393540494761715,,7c244faef1d58c7c544581c4aaad579ceaddaf9f4f8593f1c642198319e0f064,57425f7fe572f2d8c613752e0aa310cac5a68f17926ddb24529c7254a7030148,4f462fe42115703339e0e3fd156adf1d869bed845fdbe26aa34d03a6905a8f3e
sunny-mainline-cab-view/0153,sunny-mainline-cab-view,train,18566,6601,2849,2038721,21415,25167,0.6626927470017133,0.7377120832836651,0.8669624095260332,,,0.9228110301338709,0.0,,,,,0.6947528307097487,0.0,,0.8944062895355142,,0.6626927470017133,0.9588133479741676,0.9690018315018315,0.9902852963795106,0.0,0.8949922823544388,0.9512869727840937,,8a9db76dfcf9155f0dfba13eb33441d81632dfa0d872dd599c6a9a249961a009,05a5851a91ad31d3a2d1b4e3dda4c9fb4c997e5bb7d94639cfcf404ebbcfe4e3,411c01416a546c413d48b206f23099f5254e5d45c685502dd07128f93698c186
sunny-mainline-cab-view/0154,sunny-mainline-cab-view,train,14266,4538,2150,1982836,16416,18804,0.6808246635487257,0.7586683684322485,0.8690302144249513,,,0.9438023604231639,,,,,0.0,0.0,,,0.566,,0.6808246635487257,,0.9687774511680595,0.9943552125295687,,0.901231380017107,0.9250471875476994,,6ba5f4dc3a08179c05592eb64e30da7a3ab0f61eb7a134091c4cb022c307f8ce,73a89e97a564e8790df1b2ef5cc6b4b1abecd82ba42528df33db4e2887c0a69e,8a22cc07a1b29ea0270fb5da66532184ecbd42334590fe7ab040efed7a5c377a
sunny-mainline-cab-view/0155,sunny-mainline-cab-view,train,4582,5079,382,2050580,4964,9661,0.45623817584387133,0.4742780250491668,0.9230459307010476,,,0.9494109618561885,0.0,,,,,0.1956233421750663,0.8942658269804441,,0.5105151456685317,,0.45623817584387133,0.8254564983888292,0.971055679447863,0.98182959959591,,0.8753031683994253,0.9280219640726382,,06a90f5ff240f94f7308b963ae697e96d8e7f41f7c690b41c58516e490c044e0,3520046f77397809711aadef6d4851348e6ef6dfa7e4d4acffde40d4a08d976e,6e2417db61e05c2b60a130cdbb8c26c6207827ca4b7fed31e9470ccbd453f3b8
sunny-mainline-cab-view/0156,sunny-mainline-cab-view,train,7311,850,2561,2049638,9872,8161,0.6818690542809177,0.8958460972919985,0.7405794165316045,,,0.9606036885117575,,,,0.3076923076923077,,0.8282985435844246,,,0.6693394808058535,,0.6818690542809177,,0.96222811610418,0.9790427450332017,,0.8942214121317907,0.8904578208020962,,2a9b7f9f2e664a6492b210e6af5c8b3238a3d01e1f1d4f0c3506e92519ad0942,407421d1c13fc9a5c28ada48397820d63763e5bbd52ba90e03022634e21f2fbc,60d002f3ff96a1c585cd808167cc11fff6b936690611522007d47a4828c3c227
sunny-mainline-cab-view/0157,sunny-mainline-cab-view,train,22299,7220,1238,2037415,23537,29519,0.7250056897616802,0.7554117686913513,0.9474019628669754,,,0.9335720406414494,,,,,0.0,0.4242938568714376,0.8116673678305988,,0.7785258681785967,,0.7250056897616802,0.0,0.9477055259647227,0.9897287128086761,,0.8813229250903569,0.9064816907363802,,8e5da439095b7bf529ca9afbcfc297a86c96a3820aab657ef461687e06417c1a,9981e1d1ae142c1e9738d94cae092b732bd369db06694bee51a34ebb4e3fc179,678ffc78319736e87bf943e10cb6e7a30b1d4fadc4ee2c4bbfe84928f6a309f4
sunny-mainline-cab-view/0158,sunny-mainline-cab-view,train,4736,1324,348,2061770,5084,6060,0.7390761548064919,0.7815181518151815,0.9315499606608969,,,0.9569422347691903,,,,0.8948926720947447,0.5987509758001561,0.6712953779012101,0.6196859253461181,,0.6626068376068376,,0.7390761548064919,0.0,0.6210479782205485,0.7531655454881215,,0.8767350832182094,0.9330359340621888,,e6a650c2b434f3111eccf6b5f78e578afe4a7a00834675380b1cee62d761869d,07015ed660b2b8ea64300203f1815f3802c8e66a3db06436fb5305d647e31263,f8477646e4efdec627136d9688dd56c6f2a37f6b97d4b6c18fc5db2b01f6e077
sunny-mainline-cab-view/0159,sunny-mainline-cab-view,train,17517,1093,11842,2037657,29359,18610,0.5752331538158413,0.9412681354110694,0.5966483872066487,,,0.9456670671125685,,,,,0.799903368304804,0.6511607533946562,0.901035103510351,,0.5572983354673495,,0.5752331538158413,0.0,0.9501611343664303,0.9903877755607474,,0.9074310542113729,0.8832843418411241,,0857b1a64422a748f3a1acbe2298b756354dc4e916a3e35065e7c7c8aa443cfa,d11d1839c3df1fc963b3d4a7d2fad7dd497deb84c04b0fae9ac7612d46bf2393,e143ff98fe42e65cbac9c863128c3c2e9fcd99ca4cf3c18753c2254731549b2d
sunny-mainline-cab-view/0160,sunny-mainline-cab-view,train,20720,3071,2248,2042263,22968,23791,0.7957294826990284,0.8709175738724728,0.9021246952281435,,,0.9568756875687568,,,,,,0.8223258706467662,,,0.6486252809960228,,0.7957294826990284,0.0,0.9723351708634301,0.9875931033465584,,0.895808093045796,0.925733784296134,,3f99be5f7928e5a01c3e2e0da7c216742c167125a2f4df4f9eda959f3e86453c,3a16390f7fe8b99976e346e04b3a49000f78f09ada1595a248415368e11aedf5,b5b7b1fc425b3a50214773f19683701061802504f7b3ed07e06f7210eddbfec8
sunny-mainline-cab-view/0161,sunny-mainline-cab-view,train,22744,2671,4954,2037750,27698,25415,0.7489215976818466,0.8949045839071414,0.8211423207451801,,,0.945303188319428,,0.0,,,0.9307855079923365,0.7806904339409583,0.8280543752433512,,0.6183366733466934,,0.7489215976818466,0.0,0.9322031966397953,0.992066649535569,,0.8930953255017132,0.8731317141522653,,016395879116dde76f1eddcc264a67c3d1fb136d9a0f2d92b33ab41044c4e774,d23f8db4f6d3d5ebf380883116bb37266ab923f0b3242a26533b21ff6567c406,b799fcba9f9b53b25d527f54d015763062842f846d8317a16c5b1f41f5eae6cd
sunny-mainline-cab-view/0162,sunny-mainline-cab-view,train,23279,2659,3991,2035216,27270,25938,0.7778074776972167,0.8974863135168478,0.8536486982031537,,,0.947958917280594,,,,,0.9542594347684229,0.7882161128914376,0.7226437517140506,,0.8076901307473162,,0.7778074776972167,0.5802800119154007,0.9625376955587274,0.9861486665237164,,0.897247314453125,0.9325663187464271,,9a198f581ccbd0527724f15f9a3cece6e5832854e77e259dffc5bd5a429ff05c,0f13810f4e07bcb4e31d23ae621fe1f2f1ba5df5bd7d2a28ccf1edc7b7b90c12,16991b0a0b6aa36552cb006a88150af553e3bb466999c37616a5dabc2b84306a
sunny-mainline-cab-view/0163,sunny-mainline-cab-view,train,47137,3160,12998,2004670,60135,50297,0.7447191721305,0.9371731912440106,0.7838529974224662,,0.0,0.9249388559019386,0.0,,,,0.9523297028140112,0.8436609912019748,0.6621436574131707,,0.686519622573472,,0.7447191721305,0.0,0.9597207452700607,0.9920033363821561,,0.8742243732936212,0.8890140867189095,,53c1f0e23c023af87bca8d7c925f1118fa6e03bf34b314ab0e901d159fd525b9,0dcf0e9793f56137c43c73198bc407fb3d307128f3264ea267e08b830d3a3e6c,4b7c2db70224a9aa6bb9c79b8ca3fdbf7ed32ae4640c9d10f9ff4645e10d7a70
sunny-mainline-cab-view/0164,sunny-mainline-cab-view,train,34468,4402,2625,2026682,37093,38870,0.8306542956982769,0.8867507074864934,0.9292319305529345,,,0.9391754172356499,,,,,0.9398962597256507,0.6241431019708654,0.8618816557883888,,0.49577908141365,,0.8306542956982769,0.8454117339263523,0.9634514225515528,0.9935578850233828,,0.8871171115758396,0.9386350663654562,,dc2322339b57aed5805465301755b9054b87fba047b608e05ae4dcf959232006,595424faa77d35db1f99a37b4f55a72e40170bff8e5dfdb3ab73ae65e3e2479a,d261186ac40cea43183c931ef96601b2bff3bd8355f6ce66818e707928b4f642
sunny-mainline-cab-view/0165,sunny-mainline-cab-view,train,21714,3481,5703,2037152,27417,25195,0.7027639329406434,0.8618376662036118,0.7919903709377394,,,0.9380120633324956,,,,,0.9471608712265953,0.769212523719165,0.6630024850168104,,0.7076812871941812,,0.7027639329406434,0.854543188333541,0.9460352768838467,0.9935082649772088,,0.8846496325027543,0.9143922534739537,,ed03205def575f68a08e90b5040e492f111657b011c4a09ea8773bfee95ae4f8,48f2d8f29663c715443a61887d3de406b2141c0cd0635bc8d985d53ed8a38d72,78c23a49e78b546d40dd94cea1c529eafef1830e9a5ead511b5356658ae72876
sunny-mainline-cab-view/0166,sunny-mainline-cab-view,train,20633,2783,1212,2043392,21845,23416,0.8377862595419847,0.8811496412709259,0.9445181963836118,,,0.9559988266353769,0.0,,,,,0.8185189841589138,,,0.7415392544236385,,0.8377862595419847,,0.9738744546257551,0.9870529441842271,,0.8745128989296108,0.9316849738181051,,4cb25bc7ad809534409bf310ce0bd9621415dfebdaa38bfbacf278916ddd0f64,6efebaf42ad436d141650e14308bf18e2389d3ec7ed42dbb736ae5b5f6d3a70d,afa6d32e1dd6f17d125690b63f1ac96bf253eb1b7bba2867e6160f25dc7b0479
sunny-mainline-cab-view/0167,sunny-mainline-cab-view,train,5388,1462,271,2058101,5659,6850,0.7566353040303329,0.7865693430656935,0.9521116805089238,,,0.9573742246726396,0.0,,,,0.9111781632163696,0.9447139142731157,0.9163676338243167,0.0,0.0,,0.7566353040303329,0.5130971243636854,0.9110605496267267,0.9874560963371801,,0.8887692859705777,0.8568257016300875,,ea08f07ca095ed6d035d6f14b8548f69a14bf8d6b49efbbdddf5179bf9ef3009,b5e44b4d05c9f941f3f50ad3195bd2b3c67bdab306fccddeab16a0e824382b20,f7a87c0d05791ac7043dcd1c31c4af89f6bba92aac27e3ee1066257f68574120
sunny-mainline-cab-view/0168,sunny-mainline-cab-view,train,20715,1157,4469,2041726,25184,21872,0.7864166128848563,0.9471013167520117,0.8225460609911055,,,0.9455881145340501,,,,,0.895174307948057,,0.8314570601479575,,0.6099363712320843,,0.7864166128848563,,0.9558759007337368,0.9903501073410474,,0.8675911289186609,0.8916118356250738,,72b8f6a32917f9b4cd7edbfc8b38900c94a094dd308a81ee17ec8c715bf8a875,adeae42b66b6f80ff7ded176032da0f049d5158fb43d05363602b068574857d5,a5eb5cb5fc982ccf8fe9210cff698da08eaee4036d422aab6794db40f89de011
sunny-mainline-cab-view/0169,sunny-mainline-cab-view,train,4711,1289,1051,2060976,5762,6000,0.6681321798326478,0.7851666666666667,0.8175980562304755,,0.0,0.9700350897885767,,0.0,,,0.9378335654923075,0.0,0.9009359718367396,,0.6219627429805615,,0.6681321798326478,0.0,0.9635529563183924,0.9898366646030685,,0.9006083264685382,0.9305818577786195,,e50a126b8e9d96524472935c0169644a3000d548dd10622d7dd7837f28b262f3,1fabbee7225ef01c83c8f9d87a5e21012dbd0cd0e092aae0b3f85cc885236dfa,f8d1b5018df0ffc7089b41d6e1d3e7c0a154f1997816097788fb1f57d9163fa4
sunny-mainline-cab-view/0170,sunny-mainline-cab-view,train,6033,25,3207,2058940,9240,6058,0.6511602806260118,0.9958732254869594,0.6529220779220779,,,0.9590183093104792,0.0,,,,0.958983950967785,0.6697357886309048,0.873540816117186,,0.5253225495859811,,0.6511602806260118,,0.9660462137335334,0.9886051709008227,,0.8902958226635037,0.9352785060816716,,3f433ab98d445e66fbd4c3879168f0ff099bfa2f2a0555a496a23ef041827ef6,2432eb316800d123f6938e33fc85795b3d6c60ffa520a0ea9203c0121e31584d,3e35a4b7e03609c017589b87334e3511697c03e4c5cfe69d53c7ca47c913eb0f
sunny-mainline-cab-view/0171,sunny-mainline-cab-view,train,20343,532,5054,2035539,25397,20875,0.7845655443711674,0.9745149700598802,0.8010001181241879,,,0.9636502586612322,0.0,,,,,,,,0.8196832502458711,,0.7845655443711674,,0.9629110833586481,0.9675121313280793,,0.8475662089259441,0.9218155027337237,,f0f37b4a43e03c4b5aef2ec2723b33d29fdeb183e0247dc20cc38fd51708b6d4,e8e0d147bf6775475813b28df3bf64d5faa50955a9846c2f56a541b5e2252767,e38db0c3eea5f35c983bdb20292ac19d51ffe099e8d3dfb15ecb3c5e89165b61
sunny-mainline-cab-view/0172,sunny-mainline-cab-view,train,0,27396,0,2035741,0,27396,0.0,0.0,,,,0.848569495795379,0.0,0.0,,0.45579078455790784,0.0,0.0,0.8611943959877889,,0.6808133122332518,,0.0,0.0,0.8619443699934844,0.9580592930660632,,0.7546304910434886,0.8600071996474655,,9d1f242981192b866b8c78b235337b3fcd78c0dbb947afbb3861211b73247352,c9cc1d7969f031b1ba1caed9230b1e99f67407a3ccf18ad66582f8d9f85d7a54,09e464c18a1d78a8f64931805bf3f70c5d106b4787c7696a1bccf2578058d068
sunny-mainline-cab-view/0179,sunny-mainline-cab-view,train,0,0,0,2070979,0,0,,,,0.9114467599543571,0.6277708258848766,0.8960772888746875,0.0,0.3992624369684654,0.9166990962943745,0.0,0.0,0.9220201462262214,0.9134684260945362,,0.7713331131873895,0.0,,0.8353512811990567,0.8953096145429703,0.9594200307416485,,0.6990792457939813,0.9291023525889046,,2980bdd5ac578120cb35ad4b8b8f5798eb1663f505b1d628312365558c8e6637,0a9409b2e919a722e20a573aade797666e16f212e11504e1bba1fad37db8571f,a896147c167370486ec3b38edc240d17f5fa7dcb1c579d6cfe2736ffbe1a95dc
sunny-mainline-cab-view/0180,sunny-mainline-cab-view,train,0,0,0,2073539,0,0,,,,,0.0007851077457077334,0.0,,0.0,5.338857270989717e-05,,,0.0,0.7481082404799804,,0.5967797190818773,0.0,,0.8490239152881823,0.9240974518026754,0.9818964610292392,0.0,0.8044165975613502,0.7214121896451147,,11d2b9c079ad57dd8e7e64839160cd7b1d1b689d42720e385bbae214ae1ce4e2,d03eedc21174cd47abea991f73f6f1990f52f4dc95c05ca152a8ebc1c4f8dbbd,792e1d88007ddcd365d68b476b8008326da782df6e3f38d09f010a47b0ebeba0
sunny-mainline-cab-view/0181,sunny-mainline-cab-view,train,0,0,0,2073600,0,0,,,,,0.9716664073440174,0.9783507091199399,,0.0,,,0.0,0.0,0.6758620689655173,,0.5490634394511678,,,,0.9838736587398014,0.9925941305889548,,0.7947723935389134,0.944116881990809,,961d4dc340edb778535bf1a91b174154c09e8c3bf2814a05efe15d66cfa809cb,f7acffee97a0d29fb4655547c1884e20e9bd9972cc8706da96cdee1e26eb908f,fc99c9ff73b227748ed6163fbcc19612486c038b1ac383b4219668460013894f
sunny-mainline-cab-view/0182,sunny-mainline-cab-view,train,0,0,0,2070136,0,0,,,,0.8169670455085833,,0.9252893871738036,0.0,,0.0,0.0,,0.9237968971410153,0.9443807078003357,,0.0,,,0.0,0.8814980435997765,0.7222509331036463,0.0,0.5763251122594039,0.8328220193493607,0.0,2b635f17ddb2ba61b77fdcac0499ec5c3d70dea1323a289937212955ea815653,4ceaeb2102494da778ecf94d2ac615d63cfe08ae62aaef2a6796fec50fb8bb6f,fdaa25b3ce8f9ea4c97ed388e1c74eee80ffab8b453ed2ce3b20f0925c6364d4
sunny-mainline-cab-view/0184,sunny-mainline-cab-view,train,0,3,0,2070345,0,3,0.0,0.0,,0.0,0.8110144927536231,0.9041739581307927,,0.8631046474865633,,0.0,0.0,0.9344037942631715,0.9010844723385565,,0.6018642137109121,,0.0,0.6997064843780172,0.7950491608462168,0.9696986050025633,,0.7702707387249974,0.9298054399313521,,fce720c8ba60a17547f87e487d475b7dfc8130e8e3f6de1eb655de80095dd9d4,cfb308f1843883bcd1f15e0bb17c380c182c15635fad7bdad3e92fd028097a16,10056a005d80c4107df79162a79e8c77842ebd57953391999006e81e086e5520
sunny-mountain-stations/0228,sunny-mountain-stations,train,0,0,0,2073600,0,0,,,,0.8988236593582593,,0.9581201194225633,,,0.9860245788274346,0.6040592783505154,0.8782040681329585,0.9281765925454083,0.8374745700822451,,0.7729168656668896,,,0.8017107309486781,0.8160005354334222,0.9883582674397909,,0.8035823990170481,0.9449776558236316,,8fb67a7950262b0a2133f19fd631fd9df52f83e1660f0a811abf3e9d0982f269,f4c0dfc2948c51f179a4a80f4d4b7d2a14b8c5ced33c320220f787477a45e6d3,ee6809d408a7884818774f9f900d6070ace031bdabb75a9bf991c2b1cc197584
sunny-mountain-stations/0229,sunny-mountain-stations,train,0,0,0,2070011,0,0,,,,,0.8611379421369763,0.9460677660078846,0.0,0.1424310216256525,,0.3099467140319716,0.8467059453668988,0.9788659541386614,0.8744564342084071,,0.6436787965932972,0.882637628554144,,0.7598705951925419,0.7521437115392929,0.9884174726908111,,0.7239136582147233,0.9333521246435779,,0354800bf80455fa7680958e010518b436ea155dca8b0abbc8d1e10092f0661b,fc908e7e08e5cc665f4c59c11eadf28fcdf161bd566dd5bc31ca5349d4ad036e,6162e3fbec97cd786579fe0952f691fd61e4cca9b49c8b5bdb765986c2bcb854
sunny-mountain-stations/0230,sunny-mountain-stations,train,0,95712,0,1934530,0,95712,0.0,0.0,,,0.7378415444667159,0.8069762648988424,0.0,,0.9275801160736815,0.0,0.42194678918687895,0.0,0.7752472646059719,0.001125341621563689,0.6588600657654367,,0.0,0.7463184983087899,0.9059414487368153,0.976956145727504,0.37984570877531343,0.7467121649895387,0.8138150882318108,,505099662669780df8408d783f6869cfd7b572910896d2c7b6f0e27c7432cffb,0f54a1615827a6cc63096a9eaf5bd58b3ed9758a76361bcee72da0187c106f17,deb815ad71f5f14c56e8e415b714bf3f9ae245162d36b5bb1a25be87b22b55ec
sunny-mountain-stations/0243,sunny-mountain-stations,train,0,5,0,2073286,0,5,0.0,0.0,,,,0.827725148188607,,,0.9911118165224982,0.0,0.0,0.0,0.35398230088495575,,0.39475166122311073,0.8016405667412378,0.0,,0.9862020997880419,0.9939694056181095,,0.6294619353480047,0.9317212528409863,,d048231d419c08d7176eaceaa89f964709a5a5de28918f80af2d6d5cb56dc892,ac493ba00b218289c9290e59fc10ebc5e73442a5005678ae91222731a9f1a765,89de3729c05ee3954a71e85bcbc09ab00f28cbddad5be6568cf7c419a9be5625
sunny-mountain-stations/0244,sunny-mountain-stations,train,0,15,0,2068935,0,15,0.0,0.0,,0.8753133166231134,,0.9192628984217194,0.3966332513712881,0.7625482625482626,0.8642373245569391,0.19114363681468619,0.2697512003491925,0.7740654407321074,0.6298196672312444,,0.7118917056912234,,0.0,0.8431983464166027,0.9113641709792325,0.9862313032985439,,0.6003705540804715,0.8083160363158145,,8d1edf47c4a0e099e6bac09702b9eb61358d689387405e5915c4b761311fb755,62634f58072805641c40889959a1644646ac9bf20776fc28c0eb907ebb26db45,8bf717fa6998f526389ff73eadb43f61dfeb402a2b6e375c4750942268f883e9
sunny-mountain-stations/0245,sunny-mountain-stations,train,0,16690,0,2056910,0,16690,0.0,0.0,,0.8742938992898645,,0.7068525347489565,,0.0,0.7851649641892685,0.5173824130879345,0.7943165758126388,0.5864078900128825,0.9512747561336092,0.23215169002473207,0.5345441360669787,0.0,0.0,0.2562508929847121,0.9117596499069267,0.9918761671923741,0.5017249310027599,0.6221134516213618,0.5708226152807181,,ede5e722aa51b1edf1b7f3550819d1fa7c743d02958fb765bf9233ccf1ea1020,cadf2ab9a2d6547b808e82099b83169aa947fb0617b0d25d7c012f3a84f18477,74ba115e6a015b42a0e57e65ee42813dc2ae0d141098b46dfe5922c028428aa6
sunny-mountain-stations/0246,sunny-mountain-stations,train,0,131,0,2060972,0,131,0.0,0.0,,0.8466355956889018,,0.7829276785821496,0.0,0.0,,,,0.8277124565881417,0.8002563731469804,0.9423363570546399,0.3977961432506887,,0.0,0.7364484548500844,0.9511927289345191,0.9739066737037508,0.5935750073681109,0.7794294749809243,0.8074886606148467,0.0,90a65adbb644d54e42c7e51d5cebfa0b1e554d4d34f442db24481dcd7007c74c,8211f22cbe10bb54834c2a0f57f23d5612d3a7a8d288102d2f5c719f02078527,603f569dc837a8578b50f9bd113887b74ba2acc5fffb7cece866ba402bb013b0
sunny-mountain-stations/0247,sunny-mountain-stations,train,0,0,0,2073600,0,0,,,,,0.873966017405719,0.9517496196479026,0.0,0.0,,,0.19247725354094364,0.8404765363940142,0.9550148311469949,,0.6478361013456176,,,0.713077475464773,0.9557970927613629,0.9930027201158821,,0.8235638622937462,0.9587413172650431,,a442fff38da0ce40c7e735cd036d9ad22fde5c1909107105ed77bd798ca3f872,c5c7e80094cc032a92fa08b0b660de2231a9cddd7643b6d1c2df97dbdb15ba15,35aa7fd0aee0afaeb99c5fff2bc69c4da603fa0421eb6ea86a9de85200194684
sunny-mountain-stations/0248,sunny-mountain-stations,train,0,0,0,2073600,0,0,,,,0.8223514211886305,,0.9635392846126847,,,0.7225894849846032,0.0,0.5323371089711194,0.5607632403229977,0.937437870371838,,0.5736311283098205,0.0,,0.6540424472521317,0.5381201638598089,0.9882405997536587,,0.8510241106407593,0.9356119008800986,,c489b83cc8d5e13b9e9ee4f588ba23a86a21404337b41cc01afb90627630275f,1828c615b6f7ff9fa65e720ed3534d3325375ddada62df18c96577a26343ed35,a0d96f0d26b2173a3ac03d4d5e7bcf9a9bc7b0ab10c335cfceab516f0f8c3d9b
sunny-mountain-stations/0249,sunny-mountain-stations,train,0,357,0,2073243,0,357,0.0,0.0,,0.8637259317644409,,0.9626135826461474,,0.0,0.9699828473413379,0.48598130841121495,0.0,0.9238611777955603,0.9533649155627973,0.0,0.7811112562026639,,0.0,0.7305789933081176,0.9594714162297038,0.9866204743996667,,0.8440643322037545,0.9221834615079679,,408760b135c0da743871d600304812e352ac956549d1987597238245735e8672,459bc06543c1527b8f31f3778f2304eca8cda8b56ce00177d1006117d7a4ed71,e41dcf06ecf181e3fbb4d30764b35f1aba85663a9a3e02bf9ed71c4b80365da6
sunny-mountain-stations/0250,sunny-mountain-stations,train,0,12,0,2064277,0,12,0.0,0.0,,0.6668742701440249,,0.9823087212917083,,,0.9760288945583905,0.0,0.0,0.9512282648685488,0.9685865766730649,,0.7520997520997521,,0.0,0.0,0.0,0.9866259196378042,,0.8361789685666754,0.8778360819590205,,0956dd0c21f6af0a1387e957effd77c906124754c421ea783a885ae3ce8cf3f2,1a54313fd7aaffafd2aa769b53c139c749f29333937e07fd9220a885589e54d0,9fec73783fe64d72f63dd80a330838461cbfafd897ebed79062d2e937dff5524
sunny-mountain-stations/0252,sunny-mountain-stations,train,0,0,0,2029299,0,0,,,,0.7829837752275426,,0.8836643603777266,,,0.9020748389251472,0.0,,0.9703726448696849,0.961620298874865,,0.6872161035405389,0.0,,0.0,0.9274684091673473,0.9948074688750984,,0.7507581733718994,0.9592257972677815,,1749f26376edb32da712444c9e60186ff4bd29e1fed12a43bf0f659bf8e5a11b,c37061946bca614f0217b26c4987befc27e64f2bc1d0d90685762ea41c67810e,7c7e661cc6d890d2debea0ca61d6fb4c962aac13647635417c821d02f1542334
trackside-maintenance/0000,trackside-maintenance,train,80540,34132,18189,1956099,98729,114672,0.6061974544825043,0.7023510534393749,0.8157684165746639,,,0.9676959476025555,,,,,,,,,,,0.6061974544825043,,,,,0.9807107852448429,0.6619305274462022,,e41473adaa20b0dfe8eecc7e6000f550ae13c68770e4946667d4c938e7a89230,608d5152e26531f443e848f1ab03966ce4ec96ab2768c3ee09bd3bac6d538107,a03c1a2b874d87d9bede2ffea898b3b3f16aa4f0d4df7960053a05ffdcf8d89c
trackside-maintenance/0021,trackside-maintenance,train,1256837,28055,54810,748965,1311647,1284892,0.9381466923241139,0.9781654800559113,0.958212842327242,,,,,,,,,,,,,,0.9381466923241139,,0.9820402540237223,,,0.8178406652015782,0.8974420823550853,,f193c1a096a827f7ac610c2dfa2ef5244731e66842755d4d9a52dae046fadeb1,3cc3a810432c2d42f2e1b1d81348e5530c70ad2520bc91739596cf667ef7070b,f959ab2670e680e388fdc142998e9bf0955da36631e27288bf39ab4b8c881ce7
trackside-maintenance/0052,trackside-maintenance,train,1168266,22832,9236,888334,1177502,1191098,0.9732841025914454,0.9808311322829859,0.9921562765923115,,,,,,,,,,,,,,0.9732841025914454,,0.9736877478325157,,,0.927743867200185,0.9820081998946213,,efc1a697946924df5b504e34114d2f5a5bdaff8ab191a9dd2c8d978a19525204,d7c67dfa30ada59632dc54a7ee5807a8e61a421646642ee6822c51b526280b84,d7d9cd1a0acc8802151af253a8b13f14a13992499c55c2d4e807afdf58a5f90c
trackside-maintenance/0055,trackside-maintenance,train,1161704,46598,19221,861437,1180925,1208302,0.9463806380817305,0.9614351379042656,0.983723775853674,0.968139516997385,,,0.0,,,,,,,,,,0.9463806380817305,,0.9616519174041298,,,0.9245548266166823,0.9137406649250617,,28f3b3d7bec0bf474a3fc09012c7f4ef1b0b5a4e37e51acf00fbc5bea657569b,7b23c5e8ffdcb864899f2b44e3f35d742c5fa4f4a7b41a710d74ec6204039136,690a9b31949cacf943eb14211e25832f6cc5645ad19ccfd84e874ea897190697
trackside-maintenance/0056,trackside-maintenance,train,1053364,39642,23194,971018,1076558,1093006,0.9437054291345637,0.9637312146502398,0.9784554106699314,0.9764588882475259,,,0.0,,,,,,0.0,,,,0.9437054291345637,,0.9591561423650976,,,0.960461177931921,0.898818582881521,,ecf8e84d483b920ff62e729b88a34b2e02bc43b25ba2201f33a1d1233e98db4f,71ac374b6a05e5b030909b340d8dfeaf290ad55a7d2193361ea9ad5698cb1afc,4e1e98b6abc13cf16dc83022da37b83778ec32fa062f81c8e49ed1113a8f414a
trackside-maintenance/0057,trackside-maintenance,train,806600,701,2680,1278574,809280,807301,0.9958258280132497,0.9991316745550916,0.9966884143930407,0.9654398614860632,,0.0,0.32212885154061627,,,,,,,,,,0.9958258280132497,,0.9713232026763501,,,0.9747985180092433,0.9810451878485597,,76a244cf235702a8709bcd5845224a9a5785c3cd791a1fc89b4d54cf065746b8,c6a6ea3d247a64e8a78e7264e9e5bf9070735b251f3b1498e53ceeb2d9a5eece,7d9b56072b903d4700789c2b25a03fe17f5a2019584a094d4e65e3aaa02ad5be
trackside-maintenance/0058,trackside-maintenance,train,1277132,9301,50977,751550,1328109,1286433,0.9549293036540777,0.9927699304977406,0.9616168552430561,,,,,,,,,,,,,,0.9549293036540777,,0.9366765971532605,,,0.8383235800344234,0.9691216170991276,,527bd4c6f5b48a8fa052db415d684acdb3dcbf8021025486fa219182ad9059ba,135090e121d0df3d05d16ca027cf3a9280fcb288b8d5e5c4b535ae20858a57bb,97de8c6dd59d142d66378ca2f212a8a74d27cf02daac4fcb0a1e3266f375b243
trackside-maintenance/0059,trackside-maintenance,train,1202093,10807,52114,823917,1254207,1212900,0.9502606295266297,0.991089949707313,0.9584486452395816,,,,0.0,,,,,,0.0,,0.0,,0.9502606295266297,,0.9559415536007156,,,0.7939927409199773,0.9740759679953556,,8f38d8ecfaf13ea9265b15f72d8c2a5f6320df894c563c0277971f5a71223076,51caf95e4def10813bd0f02b5d94ab8f9ddcf77d3b4125ae347e9e88f0e70034,1ee621ba6d9a80ff3f9080f4e47c490cf4dfd493417fe9fa0a9065cdebdb10ae
trackside-maintenance/0060,trackside-maintenance,train,1396959,13108,15216,663677,1412175,1410067,0.9801274553895613,0.990703987824692,0.9892251314461734,,,,,,,,,,,,,,0.9801274553895613,,0.8844554721030042,,,0.958245602054714,0.9541427136743389,,af2519b33d6b5f52478d8c41669353834cbc46bda125e944b6f0f559e55e7d51,a1ed253eef60a1b41a1f265e34bb48ebce8b527eb2c22c4dfdfd0244558ab6a4,0c2385082947534ac9b449e6f1c562336e2ff5dfd9c2876d4bb460693457f02c
trackside-maintenance/0061,trackside-maintenance,train,1659733,5033,9022,415172,1668755,1664766,0.9916028792176788,0.9969767522883096,0.9945935742514629,,,,,,,,,,,,,,0.9916028792176788,,,,,0.9709116176745008,0.8970788970788971,,8bdf064f89bd89d79af62f1c4461b3024cfa2110a8194ff5044d74f7f592fc74,a2d3dc8b57ca001020539c453fd25cc135c52f4e3a1b7e3782882c0642be1d36,90f1fa3458f703b6205f907339da2919013a727dba0b2786b81b8acaad9036eb
trackside-maintenance/0062,trackside-maintenance,train,1902440,2944,621,182178,1903061,1905384,0.9981295956726242,0.9984549046281485,0.9996736836076195,,,,,,,,,,,,,,0.9981295956726242,,,,,0.9808068137157255,,,6f1c22c5a26f9c6f9349d1b7472ea93537d6383a9cda356167f51397f8e8f989,8b6b3404dcee61dcef88a2efe10d1c664ce76c5c90f08c90a160e1881b9c7ba9,42ae882e36f9bd15b7fd54bb9df6470e465d4b312e55753c54f36036d6a5789c
trackside-maintenance/0063,trackside-maintenance,train,1328525,7457,8017,744961,1336542,1335982,0.9884865985763382,0.9944183379716194,0.9940016849451794,,,,,,,,,,,,,,0.9884865985763382,,,,,0.9759951977954646,0.9823291928296075,,f25b27c24e3ff91436c5e3877a5df281c4dd826a5c70266f8b58faae4174a2e4,f404f535862173c8b8688fb06460f4e3b4307973ba3453d76a2a74ed1ce29373,b763a095154f5d5aef7f5a6970b54a3e982cd7688d65e14007b966a7856351ae
trackside-maintenance/0064,trackside-maintenance,train,334143,33445,47405,1673967,381548,367588,0.8051774367278485,0.9090149841670566,0.8757561302902911,,,0.9425920450318318,,,,,,,,,,,0.8051774367278485,,,,,0.9752780891888486,0.7817292451740897,,40ea4a91bdc724c6898236dad7394cdb56c3f9eff92be4c2d3cdc31bac221ba5,8cf27ff8c967f94b6ce773a71a3e75cdd9d3bead6550b3d272103014e8ccae9c,008ac03ebb426e3fbabe930968cb5dafbc99bda47d00378a234bfa83ba1d0765
trackside-maintenance/0065,trackside-maintenance,train,1335658,19401,6082,727819,1341740,1355059,0.9812782070336578,0.9856825422361684,0.9954670800602203,,,,0.0,,,,,,,,,,0.9812782070336578,,0.0,,,0.9615386874001691,0.9670241273871769,,f03f57e248aa7907bdc8f6d9dc2d77aa18d6bd0c9408c1035bef8a148a559b79,c6eb3a0619930aa14ed66cc41633d3632df51fbd1eeb2b2d5c2a7d4933429313,1f0e7f8b3ebe258b0d2b5d07989abe0ea534233e599da9f9874f16046e26c2e4
trackside-maintenance/0066,trackside-maintenance,train,1288366,8585,9646,782363,1298012,1296951,0.9860469601568043,0.9933806288749536,0.9925686357290996,,,,0.0,,,,,,,,,,0.9860469601568043,,0.9588401933011165,,,0.9725839777102965,0.9747319431331607,,6223c858287f0677fdc6d3b7cc8038c3ecc2f0d657d409ea0818439bb88d0fa5,d3884b710501411f6f6b15febc4e69affad923b6dee90f38d67b046fdfa35666,81ba723216956b91cdc0f1c42d1672bc423a2fdd302dbc565537eb9b4d1ddedb
trackside-maintenance/0067,trackside-maintenance,train,841970,7398,15803,1223789,857773,849368,0.9731833360110314,0.991289994442927,0.9815767108547366,,,0.870242214532872,0.48868778280542985,,0.9310157326179946,,,,0.0,,,,0.9731833360110314,,0.9790153000178203,,,0.9590993316816223,0.9635287144734243,,0500732a4422c6db9e57d541c1a7f0c06c3e10fd30ca7e04d1cb512dcd29b739,31e1a531c8bacd76bd03d1630b16b65d83c1b22e86c7d094e48509567df280d7,e76b7cdbfa98d0ab8156ce7c675b6c1fe99c651afc191bffc53e3707882022c7
trackside-maintenance/0068,trackside-maintenance,train,1030390,8552,23711,1026307,1054101,1038942,0.9696391954852619,0.9917685491586633,0.9775059505683041,,,0.8613008613008613,0.5064655172413793,,,,,,,,,,0.9696391954852619,,0.9750245696922702,,,0.9614207382661851,0.9520845043187856,,2002370858caebe870952bed7a32a15d4c1e010a5b718f1e3c6e2a619ef1550f,f630baf409c8fa26b7d8c7049cc4ec4ab2d5780809fe481c6ff0414a1752009b,f7afd3b938808783b429d50d450adda21989fd02cc08e65fd6877e17a882db6c
trackside-maintenance/0069,trackside-maintenance,train,1787252,15585,19584,266539,1806836,1802837,0.9807020441489644,0.9913552916874904,0.9891611634924254,,,0.0,,,,,,,0.8193242343541944,,,,0.9807020441489644,,,,,0.9513072525213593,0.7673259716635494,0.0,f29f28360c7637a0569445615e72587d568ec754c219c552470709afefec21c0,9004352091a51ef231b51d3a96e9c590f364538a5c6d5c05d1c1cbd61935bd8f,951a763498f2eaaf93d17099d3d52bfc8b8bd4bfcbbc4ff6c47328c8c6fca033
trackside-maintenance/0070,trackside-maintenance,train,1868185,4871,7062,208842,1875247,1873056,0.9936530579463629,0.9973994370696871,0.9962340960950744,0.0,,0.0,,,,,,,,,,,0.9936530579463629,,0.0,,,0.9634578644550705,0.8884806458290209,,8da8ac7ad697e79d43107c8ebe4903d9b515079f50e3b43f871cbcaca0df5d1e,fc37c78a2230c5c8c971926e1a494ea03d9ff1f1d5ef03a91ddce40348295058,0f92cff2984305bd6a482d79084997399133cabbca98089c2452e40b6c33667c
trackside-maintenance/0071,trackside-maintenance,train,1651446,4199,31350,401965,1682796,1655645,0.9789276198210427,0.9974638282965249,0.981370290873047,,,0.0,,,,,,,,,,,0.9789276198210427,,,,,0.9751832928172506,0.0,0.0,3722b3d81a9495d0186d3ce92ec994c7f10c979ce8ebf1d78a787043f819a9f5,b67b6c1fd6b1b376e5af96480d72e2c49eda9b71209418decad92c770b5024a5,ef35e93d530b52a61d764c04b2165d885fd306036d8b9b2bda0417c93078f849
trackside-maintenance/0072,trackside-maintenance,train,1606885,9334,9846,462895,1616731,1616219,0.9882046535655093,0.9942247925559593,0.9939099330686428,,,0.0,,,,,,,,,,,0.9882046535655093,,,,,0.9722948985429216,,0.0,190287f82f43182bf0e583f603971ce568382ea6cb8bd6655a8483c3dd9de73a,ed7b67bd4cb17da870d4d1c71e483046760415f5abff5f935a882ce1e78f4a58,b74c5c39342b065568c0727cdde7d3c5a6d492b7d87975a821b863867417bc3f
trackside-maintenance/0073,trackside-maintenance,train,1547563,12779,16739,511879,1564302,1560342,0.9812831427174634,0.9918101288050953,0.9892993808100994,,,0.0,0.0,,,,,,0.9381801268634574,,,,0.9812831427174634,,0.7088953488372093,,,0.944917559671658,0.6922881328127564,,5652f16f45d364803ae0cb7862cfd6866fbbefdeeefdf76929de1dbf58fe7814,776ab1d9d39e30450e3cb98591c31188fa38dda21975a58e3b3269ad48adbff8,e845a3453b4707309a43cdef8746eb854ca5f2c32de63bdce671da53b90ce080
trackside-maintenance/0074,trackside-maintenance,train,1338836,28424,7455,714245,1346291,1367260,0.9739007721600477,0.9792109766979213,0.9944625641856033,,,0.0,,,,,,,0.9421685410177766,,,,0.9739007721600477,,0.7176145762671522,,,0.9419943574677851,0.7751862715350123,,093b845a2d8a639e83ffa1ecf5fde92d921664c2417e66a25b10d3dca8f6d55f,f7283dc707378e69d703aef147373bdcd064cb957f41e1765d75f9806d2293a0,f237508613a772a89c427e3e90c10fc11e5cc3de5f2ef8d178d325523c2849c7
trackside-maintenance/0075,trackside-maintenance,train,1488543,7721,19335,573361,1507878,1496264,0.9821483123174402,0.99483981436431,0.9871773445862331,,,,0.0,,,,,,0.9513521354252424,,,,0.9821483123174402,,0.0,,,0.9604410594520859,0.5565824028226048,,03904f8a2512daea1c39d2cbdedf3303eb95dcf456e4adbc73e729eb2d9aca10,718e6fd45e2e42240aee648e4e87a0092a7553e48a752f65433e382eadbfffee,0f71834394ea644e74ef856fa2cd02d03b2844fc0d5c36f04619e4f427077643
trackside-maintenance/0076,trackside-maintenance,train,1613070,6098,7180,462612,1620250,1619168,0.9918356956813671,0.996233868258266,0.9955685850948928,,,0.0,,,,,,,0.9829556110698505,,,,0.9918356956813671,,,,,0.9754765827253471,0.0,,2c8539da08f1b6584a3d127fd3a5f5050bdc5350404f6d4739a5e44dc6d6e78b,b0a5d9f1ca8e3700479bb3fd590e0e31fd80eb007671997450e69cea9e96069c,e8d80e2a02212333604b43a58e4b81725baec8436e61d5eae99f10ead131953d
trackside-maintenance/0077,trackside-maintenance,train,1268092,16389,8435,796044,1276527,1284481,0.9807999900998983,0.9872407610544648,0.9933922275047845,,,,,,,,,,,,,,0.9807999900998983,,0.9390927977839335,,,0.9617273198618741,0.9693355125287022,,845a1cf210437b2039d48232df6099976b3cbf2a66266f2948cd84e0e8dd1a89,db1147ad0f9aa22d2101b8b087ce2dcca15710e76e651244fdb30f75aeb1348f,ad63f9147111605b19c79ee1176c6914e931b8db2a27e7e55922de008534a580
trackside-maintenance/0078,trackside-maintenance,train,1288499,10428,8233,781800,1296732,1298927,0.9857240123626794,0.9919718352147581,0.9936509625736081,,,,,,,,,,,,,,0.9857240123626794,,0.8947119924457035,,,0.9652758182844243,0.9770171939848002,,9072ecd1d6bd9a6ade7bbf9d4ebfe4912556baadda2bae4e1a66249b89915dc1,5ee5a7b2559e29f59042063b25e69d22cc7635dcfb1ccedb12ca183a2172add3,67de7141c2e5cd9b36275306449c648c770be64f35d3e4219c48e7c6df8abc23
trackside-maintenance/0079,trackside-maintenance,train,1305957,16420,10693,755890,1316650,1322377,0.9796612330935359,0.9875829661284188,0.9918786313750807,,,,,,,,,,,,,,0.9796612330935359,,0.9503201396973224,,,0.9615195088935857,0.9615690637129832,,7245d072113222a13b028579251a425ef833a8850f977f01ffb13f42c5569754,196f7161bb9ef2af0e3ea14b4f939200a99ce0ea7a60d5039b4f22522718c58a,953fd83a1725c3f145895eaf034215376fab2050fd177e4d5bb9d2fb5f2191aa
trackside-maintenance/0080,trackside-maintenance,train,1185713,17657,11962,873628,1197675,1203370,0.9756288816553831,0.9853270398962912,0.9900123155280022,,,,,,,,,,,,,,0.9756288816553831,,0.9581969356272552,,,0.9485653861936176,0.9631302391159857,,045d4791802edd4766cb20165f7f89e48500708e9eacc4fb3176b9cd89733d49,72915e72ba77b4a35ec44c0cd9aadfe5a489e09dcf8bf4df59f3ca3ef7ac9e26,6856ae3cb0b1367d1d3402bee28b55c214a2d7decd0d821a7ce8a075aa2ec44f
trackside-maintenance/0081,trackside-maintenance,train,1370333,14183,16552,687892,1386885,1384516,0.9780631632440395,0.9897559869297285,0.9880653406735238,,,,,,,,,,,,,,0.9780631632440395,,0.9484675131389237,,,0.9539710474502443,0.9546158622267246,,eaf74d01f4f349885d90aff52c367596e2cba944e49a7b0feffd851b79a71ea1,e7d19f949be6c72d26980869fabb339acd375a65015bcc000bb7ea609efc0558,f7051ea2c61d5c46757518a3d57595b7b6179479d2d17c42f60614f8dbd8f58b
trackside-maintenance/0082,trackside-maintenance,train,604256,47324,38439,1398941,642695,651580,0.8757092196011994,0.9273703919702876,0.9401909148196267,,,0.9490609202224158,,,,,,,,,,,0.8757092196011994,,,,,0.9693221800857029,0.7413141193660283,,65b79e130b09b882fa33f7676d2436a802b097d73fc606fa0428a40aa7592ed5,a63aebc4038689fc219bba17b9c67904c70eae12e7833a0e436e0aa12bdbfcaa,ce20694a3ee1e469c6bc30d900cb552f7e88ee6518d18d6144e24bb5e33c747b
trackside-maintenance/0083,trackside-maintenance,train,1585930,7239,11544,484247,1597474,1593169,0.9882951032365289,0.9954562259245566,0.9927735913072764,,,,,,,,,,,,,,0.9882951032365289,,,,,0.9670588030911508,0.9530246040454912,,f93539c0825969b6f96f386dbaa98f06caadbcb1d80a39102a077ace90560d5e,eacd1a0cdf15d5e49563452c6d7003c31113591a4df0d81eaf61105edab0d64b,c84915e446628ca33164f662b61821a3109cfaba4e59c0f58d6d772353035923
trackside-maintenance/0084,trackside-maintenance,train,1391766,16489,7983,672722,1399749,1408255,0.982720418460739,0.9882911830598862,0.9942968346467831,,,0.0,,,,,,,,,,,0.982720418460739,,,,,0.9767427374584413,0.9580513286395639,,78b655ec93b0e9575d9bf363a03233ad6e48a40c1e428e86125f919cccf38ced,ac028f7bcbe7ad92f61055bc538a75e3ad911ea17ef8513a38a275c9758c465e,b03b861e2bc24f27d4eec92f792b0784d7c9b7eef12fec36cd5265d318a6eb87
trackside-maintenance/0085,trackside-maintenance,train,1318613,12728,7589,750030,1326202,1331341,0.9848259431038217,0.9904397145434566,0.9942776439788207,,,,0.3501199040767386,,,,,,,,,,0.9848259431038217,,0.8390170511534604,,,0.9713187105511354,0.9736844851806935,,1fe7cf2ae2eef9be85f098226cc6e927e226f7e34a356079eaf30f81a5517c08,a964b223ce70c0ddfcfc63a7116d136b72dbabc8a5bfb3c71b4a8784a89ebc9f,e7acedd87679f46a814e3240253f8f45ec3493728a657dfd7162382bd16c8896
trackside-maintenance/0086,trackside-maintenance,train,847182,12786,7185,1221807,854367,859968,0.9769694621364395,0.9851320049118106,0.9915902650734404,,,0.8914347408829175,0.7630331753554502,,0.9483249397854171,,,,,,,,0.9769694621364395,,0.9702442119685765,,,0.9541436245069473,0.9680246857003193,,9db552632140a4fe745fdf61a0d0fa31fc4952af06addd32095a7c1372bb9d8a,48e0f42fd5470fdf74ebb3d8b15d9098a05ee9adf3541431ac1b7a9fa0e062d9,bca4dbcbd5eb853de96575326f6844b44d307d040a2bbe7658433b836a8986ed
trackside-maintenance/0087,trackside-maintenance,train,1014747,16515,9558,1047262,1024305,1031262,0.9749495590015564,0.9839856408943605,0.9906687949390074,,,0.7449770190413657,0.6366197183098592,,0.83216929010737,,,,,,,,0.9749495590015564,,0.9766936365624317,,,0.9609646985099568,0.963081710516515,,95207ac84f3acc3ff5c55764aa554bffc9f0a32f4cab08eaf951e2fe43877d51,587b26c9e34a988459b083e4db74f236062e3ecce661eb481c45f1084fd9f4af,c59fa264300dbe7d373bd597f5e72ce9c7b672873334537c0ba602149a62d89d
trackside-maintenance/0088,trackside-maintenance,train,1049777,12901,6624,1019658,1056401,1062678,0.9817404250623304,0.9878599161740433,0.9937296537962383,,,,,,,,,,,,,,0.9817404250623304,,0.9690146246411211,,,0.955492614588092,0.973540359490661,,d725e1c7a0e34cdd9a85ca766c2f77aae4456153fa89c7ec4ed4903841bcc25a,d8588ac0e324f990fbff92d6ef4ea35638073f169b1c3a29eb0f763ca8158eea,e3dd2e36449ad57bb8df80ef8ad5022ef184504b3c4437e3ff4857bc78ccceb0
trackside-maintenance/0089,trackside-maintenance,train,1345218,10925,8725,724092,1353943,1356143,0.9856030033673586,0.9919440648958111,0.9935558587030621,,,,,,,,,,,,,,0.9856030033673586,,0.8987463837994214,,,0.9680914540297237,0.9775793808187961,,0055dcf9f3b23337c4d0b8675c5c94dc530eabdf296e211580d8631bfde63237,3fa143f99bf6e20e136865aa3ed2add68b848b13c63f491d183a418d2b345cb3,94b33f979a70e5029b0310f2b4581ab9aa0cee8064360a64b2942fd290869832
trackside-maintenance/0090,trackside-maintenance,train,823333,14421,5608,1245584,828941,837754,0.9762510049065526,0.9827861162107253,0.9932347416764281,,,0.8327690269394965,0.28983833718244806,,0.8958061856766747,,,,0.0,,,,0.9762510049065526,,0.9733737986358704,,,0.9602834645669291,0.9649404820524876,,0a5483a0127931090560f2cb06532b9de62ff8978b5d2d75fc73f10c9e628fb9,bdacebbf7725f3ad965f05b99232ec789fc6dd5801ffb98aa2a88920ad1db2bc,fc8edde9752eacbeedefb09255b6856d2a68393f6a8d3189f9191b56b4dcd1bb
trackside-maintenance/0091,trackside-maintenance,train,1003622,10919,10536,1063679,1014158,1014541,0.9790698649955076,0.9892374975481523,0.9896110862409999,,,0.891762196747534,0.6023391812865497,,,,,,0.0,,,,0.9790698649955076,,0.9719449298037691,,,0.9626121948865568,0.9704490330419946,,140a0439c3c000cca0ab1e8fd90ed6598c8fdb0c15a7ebf645bf70366d6dd90b,fd9fcc64d607952b1ca4b32b253c900c3b6c42ae47ad9a118acf78aa6132ac62,252b585912160aa165f940cc8fa1ebfaf27ef8bd5077e4ee0749e5ed2ceb84d4
trackside-maintenance/0092,trackside-maintenance,train,1296601,4191,16001,772167,1312602,1300792,0.9846657751066417,0.996778116716585,0.9878097092644991,,,,,,,,,,,,,,0.9846657751066417,,,,,0.9691327849588719,0.9764927735766697,,b46f2ac36452a0a15ac8e7c69746492ff0b596b959f253d1612c3db9998b2895,ca30dbb08d9fb0e4fe8996fe88911e453cc3bca799282014ced559432b824f51,2b8e586bff9e02105ab8acc5cec7ecab8f0767c93614b43e843e754b8334afe0
trackside-maintenance/0093,trackside-maintenance,train,886159,10091,7663,1184616,893822,896250,0.980358729213984,0.9887408647140865,0.9914267046458914,,,0.8718889597957882,0.5889908256880734,,0.9071338780641106,,,,0.0,,,,0.980358729213984,,0.9808440941891379,,,0.9535277419943228,0.9764695046534679,,6259e3456d036d7371c800562ffea682d470ccccfc442c166f67ae5f354b645f,84941b6b7aa17a3e2407d6f073b2b43d7c36ff43014f7ec679d58cf5431ed076,3b226e45214c4ee04312bf60db94c22d8f083e1a00d89b9252e9ee9451fa942d
trackside-maintenance/0094,trackside-maintenance,train,1025005,7290,12507,1043021,1037512,1032295,0.9810519122283456,0.9929380651848551,0.9879451996699797,,,,,,,,,,,,,,0.9810519122283456,,0.9733270177100602,,,0.97176859560617,0.9716455491713771,,e0ed8f532604e6e6555ff2fed40abf4191312f80d30033f9f5891f116ab17ef9,7e4ff407e211370343392cbcdbff2b1388d8e1979cda20ce09bf6f00dd9def79,269a83df08eccd85d9d8bfb6150cb26d37de5bdc41db462ee1ade078a6834633
trackside-maintenance/0095,trackside-maintenance,train,811274,5815,15005,1256866,826279,817089,0.9749787884541891,0.9928832722016818,0.981840274289919,,,0.8686650185414091,0.27222562844880444,,0.9591972669259363,,,0.0,0.0,,,,0.9749787884541891,,0.9805239730050779,,,0.9547549058552475,0.9629372102119068,,2c0673f9062a1f999a14ea9f32f3a730731ead900fcdf51751a187ad746dfc7b,e2149e1bb2a9cbc2acdbaf0b9ef76ebcda214853f1f5097dab8ec69174e4aad8,97ff2514fc0ffb2a2c6fde2e156473f01662b03b2d2e1e85d8c2ca09fa90ac85
trackside-maintenance/0096,trackside-maintenance,train,397486,5894,9685,1675488,407171,403380,0.962284386234612,0.9853884674500472,0.9762139248620358,,,0.923866269447203,0.6339468302658486,,0.9695532171813007,,,,,,,,0.962284386234612,,0.9888933458579806,0.9706797365173714,,0.9281712709179186,0.9628613547732809,,4c21278ae3f78bf40f512492d07dff5fe47bcd04749b1b5bbb976b5f139f1b63,0bdeb500a31ea967c4b9b29ff432f98229b20b9b969b3a7a8efa595fe61979ce,8fca467a55fd8440295ba4a356ef06bac2fd99aaad2ccbee8767fe0be1c94c08
trackside-maintenance/0097,trackside-maintenance,train,1546432,5682,12363,284540,1558795,1552114,0.9884657940001674,0.9963391864257394,0.9920688737133491,,,0.0,0.0,,,,,,0.0,,,,0.9884657940001674,,0.8175707000463607,,,0.9656127759330679,0.0,,069e56fc048051d80ef3d6c175598cb6a1df2596f82c85bd8075f4b88100565a,4dafdc7299c42b3fd729bc5fad69b105505ba91c31b992ed39c8524ab26e9327,7799c7669bee5c8d061d57b73792d2d4cb17f40974464008dacd4efc82c921ec
trackside-maintenance/0098,trackside-maintenance,train,1727117,12770,9789,339284,1736906,1739887,0.9871067557650673,0.9926604428908314,0.994364116423111,,,0.0,,,,,,,,,,,0.9871067557650673,,,,,0.9546847432444981,0.0,,fc04d89f6819407752a53d790ea973fc002344aa19eadc04b345225545c7ce53,50b458614c96f982cdd8a232cc68c34b8a13e26c9ea30e839f0bb3d3f75ed0bb,a18211f810d8d09fb07e4cfc6b790435079620d84c7fc795e03b641f83d400dd
trackside-maintenance/0099,trackside-maintenance,train,1249112,9111,55774,774963,1304886,1258223,0.950620130791775,0.9927588352780071,0.9572575688604216,,,0.5697432338653713,0.4767676767676768,,0.9552542073413136,,0.0,0.0,0.0,,,,0.950620130791775,,0.9800660428390348,,,0.9372979411264251,0.6431888353711251,,34c0bbfd58571e1b86214468e7824979e09367e8aa452150512daa459ff8c186,0553959daf6ce869735cd945b60890b3ab439a1579cbc8fe572569200304aa26,13a3ffd308d04efa8eb447b2aa3a2ba5e61a0b644c56f8617a89d4e6f32f3d9c
trackside-maintenance/0100,trackside-maintenance,train,1120107,26411,17631,335372,1137738,1146518,0.9621680729872207,0.9769641645399374,0.9845034621327582,,,0.8174527690112836,,,,,,,,,,,0.9621680729872207,,,,,0.8137690036752154,0.8646934321052979,,295de469c85a2cbd063ed52a760230d5847fd6ca3ec792d4228e881a1fc88163,f5b03baa6b4d5ea3f09082ebe6520174de0c27be86a86a96401a87b00c959c4c,a6a326d45fb36d1daa251610449277a66b2db4d40660605a258d23158470c9c1
trackside-maintenance/0101,trackside-maintenance,train,429048,40750,5905,190297,434953,469798,0.9019240997008637,0.9132605928505443,0.9864238205047442,,,0.483578431372549,,,,,,,,,,,0.9019240997008637,,0.9299363057324841,,,0.940533583703438,0.7062338442161379,,f18cd13f8be6e6da511d8cc5f6ff2f0e8e5ffa3cdc730d55f0752e075e4be9a7,2053724e9bccf33b2605685548994cd45b4e42ce9eed6263ab94fd76ac8b7402,679ebb7fc9b80b82eedbc05fdb1ebbee3934d9115da0706f4320c3c665cd4b6b
trackside-maintenance/0102,trackside-maintenance,train,379835,21359,21361,1076702,401196,401194,0.8989007348155862,0.9467614171697483,0.946756697474551,,,0.46139527052308615,0.0650988411724608,,,,,0.0,0.0,0.0,0.0,,0.8989007348155862,,0.72197695262484,,0.0,0.8034028052745882,0.7378032951438164,,d32849c8bde9dd413c6d0ab82ca84e62323fed3319cfb99825a11f91ac7baef3,16725b66e3177e4058bec98d44bcd85e2a17929f45e24c0a9596f58d4fc0420f,de1367498851fdba40079accdf1600789471cda4bf77c361e54f9e59d9b5c981
trackside-maintenance/0103,trackside-maintenance,train,736760,61181,47427,1243592,784187,797941,0.8715257733909966,0.9233264113512152,0.9395208030737566,,,0.906838515075619,,,,,,,,,,,0.8715257733909966,,,,,0.9729356931927343,0.831117830232432,,bcd725f20e45aba176964b9c6318633c2f7a70f7664784eb0dfc98abf0940141,832b0e6356d68f26976e3d7922d3b08c241fb1ce86ad33ae4f971af5515c330f,995c270b04c0bd05a288458efdabb97a182ee43d2b8a58be59e0cb8580170387
trackside-maintenance/0104,trackside-maintenance,train,131001,2251,3102,286047,134103,133252,0.9607418924270649,0.9831071953891874,0.976868526431176,,,0.0,,,,,,,,,,,0.9607418924270649,,0.9942471520202523,,,0.9708868579031569,0.9516079771048493,,8af545cd5a93e866ceeaf9e8b89657bd1753fb543ecfc98e2121144440cb5e5b,38d8338d1cf13856f69f9d6bf5678bbe6767d870b9c6d44089b654888be7a538,32833de34e0f4e6676fc976adf634ddafbd51fd650e489eaeff132d71c1d4ef9
trackside-maintenance/0105,trackside-maintenance,train,200501,16911,6277,562743,206778,217412,0.8963382195816513,0.9222168049601678,0.9696437725483369,,,0.6469437236802926,0.03213680318294,,,,,0.9944030854785183,0.0,,,,0.8963382195816513,,0.0,,,0.9537395053548648,0.8496963936362629,,d1ad562afeae01ddb70bc66ae877af92f08918967c215ffefec2257c3ad76fa6,c81174649f12ca8f38a2a5768fc715389902ca51ae6140ec8217629ad50b6eb2,5a7dab457e3b8a0b7b8e01e364635eeff3edb0ff47192a3ad4684f4ccfbec90c
vegetation-worksite/0262,vegetation-worksite,train,0,0,0,2073600,0,0,,,,,0.9749377541542761,0.8526542691169486,0.4823529411764706,,,0.0,0.0,,0.8682689382415576,,0.35006547359231777,,,,0.9757866555654445,0.9911920991409354,,0.5411629245826137,0.918772419290554,,54396730a7d632e6ac164891ed59aa4b248397c4bff8ad0524ee051361535740,ecc4df5204120b6d832dfe643f5cf2ece2d746710ad731c9c0b70f45d3c1a90e,fe002196163a896e6378043bd84d87748aa55751236bd5216d3b85661dbdd85b
