key,group,split,tp,fp,fn,tn,support,predicted_pixels,iou,precision,recall,iou:person,iou:truck,iou:rail-track,iou:vegetation-overgrowth,iou:car,iou:on-rails,iou:traffic-sign,iou:road,iou:sidewalk,iou:construction,iou:tram-track,iou:pole,iou:traffic-light,iou:mud-pumping,iou:fence,iou:terrain,iou:sky,iou:rail-embedded,iou:rail-raised,iou:trackbed,iou:standing-water,image_sha256,mask_decoded_sha256,prediction_sha256
evening-water-cab-view/0289,evening-water-cab-view,train,0,2690,0,2070910,0,2690,0.0,0.0,,0.0,0.0,0.7014916041443373,0.0,0.9100721945748931,,0.10303587856485741,0.6001906123421491,0.9914326772746131,0.7379141272968887,0.0,0.638640328662277,,0.0,0.8083350867173645,0.9049176846533452,0.9938262481616507,0.6987813290411589,0.5997966881570852,0.8501629956296549,0.0,61b19d029c6cc48d744189fd60f15317991db02db7ea86e03c8dd7f235cb5126,736818a0449d28bdb2d8778a1660ca515a3168050b25ed1a01d88dae3bd752a8,1b8b56c62e6aefa5f8a9952e019e50e835f9acf970f59ecc63f8ff2ea7cc9501
evening-water-cab-view/0290,evening-water-cab-view,train,0,4390,0,2065288,0,4390,0.0,0.0,,,0.0,0.8107803901950975,0.43267848586487784,0.0,0.0,0.6687344913151365,0.7806388843846278,0.9880287453479967,0.7566455623871454,0.9176253152312848,0.750363513848991,,0.0,0.7876293344519015,0.9320659665182534,0.9928540577299503,0.7067888662593347,0.6040708507276115,0.8113342372384478,0.0,bc87c6029c376bb13438534dc5403cc400260f97f586d1d6581f3e6c7f911c08,13322ec6a2aacce02132ed5e7696c28c5ee8042d56819195ed30830659e51b22,f7bc3b438864861bf060ecc330d8d3dca88e31e51a56a6763d0a4de7a584a07d
evening-water-cab-view/0291,evening-water-cab-view,train,0,5180,0,2068420,0,5180,0.0,0.0,,,,0.9160408051568961,0.0,0.8422712933753943,,0.8475799835931092,,0.0,0.8517783932177972,,0.6759026028547439,0.06481481481481481,0.0,0.6230460026797677,0.9456129643862793,0.9939002487981982,,0.8070344002016129,0.8929748199975593,0.5606116207951071,98c179d6033fbdd1ac8781f30103871dbd923fb986a02c3839d44f86da4740de,bb2a9920140cf227658a598969afef5c7ce53e7b98b5a3c4c066546ea5130d17,a82907cc81a29c1871339d622409114bc630999602550825705ccd42e1682065
evening-water-cab-view/0293,evening-water-cab-view,train,0,0,0,2073600,0,0,,,,,,0.982618664595699,0.0,,,,0.0,,0.0,,,,,,0.9895242380937319,0.9891010653806085,,0.8603616133518777,0.8910142818584019,0.038531737984181705,6077aba4a4bb99250442da395b3d3240725c2e1e0aef293eb44333393c53dc7c,f911421065662a54b5c3274a87ea67b0c0aab217d8246dfafdb1abfc6d028d20,338dd77cddcd473e57486b9980871f8cc432e11bdc565fc482760b3fa212a043
evening-water-cab-view/0294,evening-water-cab-view,train,0,0,0,2073600,0,0,,,,,,0.9791578985891782,0.0,,,,0.0,,,,,,,,0.9912285170208271,0.9929019270871899,,0.8444509746302282,0.9275180212948879,0.8057725164754699,fc99bfd711df81411031982d6c1af485a0d5de1a6bc8031d66c08fe78aaaf437,4658d8f7532c6505af3946da32505699e8955aca2113d5cdeb27eec1d16f2745,9efe59f6ff37d0ae87349f772efae182f0a85da2075ed53428d64f3b754bd98b
evening-water-cab-view/0296,evening-water-cab-view,train,0,0,0,2073600,0,0,,,,,,0.9771687827009623,0.0,,,,0.0,,,,,,,,0.9888062601251786,0.9923844187356471,,0.8335438732873385,0.8997026416016619,0.8338334279458276,ccabc9bad6992ae81dbcf31b87e948651539d5fb18383056159cb4158d7aa1e0,60379d256d614ea088a2828671715ec0c44a063f5021ec187a15947d9abddccf,2ff639d29d2d7fc090052d6312c06000e418c98ef0ac46d876db6981dd52728f
flooded-road-crossing/0272,flooded-road-crossing,train,0,37,0,2073563,0,37,0.0,0.0,,0.0,,,,0.9691764647393671,,,0.8321304836183576,0.0,0.8698828394210889,,0.5571776155717761,,0.0,0.0,0.9494892737452589,0.9822678834311509,0.0,0.0,,0.929979894758234,1a64c22d40183eaa53211aeb2ab21c5cbf2a328ca7b2d6716a58fff64bb7291d,10ed04abff1db423799ac73be0144d2a9d4c342000410521dac7c27615a1210d,9adfd3202e6c300e933a792f4c65cff17b2a1b998d54847b9aaddaa30006078f
flooded-road-crossing/0274,flooded-road-crossing,train,0,744,0,2072856,0,744,0.0,0.0,,,,,0.0,0.0,,,0.8444328392980832,0.0,0.0,,0.0,,0.0,0.0,0.8827534571266655,,,,,0.9784206021123091,5eac815d6dcafeaed42ca25116f35fe30e4598159ae3b155d664bf6b7378427a,7172a732328236e294af3f1eef4ebca9041023ad99ef10d8086e8fd60928f87b,2e49969b10a6d47cf798778b2abeb85982c1ea9fc660208bf7fa35d56ee252dd
flooded-station-platform/0298,flooded-station-platform,train,0,62,0,2073538,0,62,0.0,0.0,,0.9260259048541338,,0.8282926965429652,,,0.9822423909955624,,0.0,0.979628103923973,0.9765955731372633,,0.0,,0.0,,,,0.0,0.9021012416427889,0.0,0.6899128143760748,f0194c9f5092ef4a9f5211064d986408ef94a7c44752b254cf2a6cb67600d64a,5722f0e4963bd2152bf42d5232dc39a50a7a848f6c12b1004b0789f34038d48b,79d5bc170c74f95b61072441ad2c3ebd0f11a9b7440a9022a83d95cfd5a037e2
flooded-station-platform/0299,flooded-station-platform,train,0,26,0,2073574,0,26,0.0,0.0,,,,0.9104588267650939,,,0.0,,,0.9975409836065574,0.9664920270195448,,,,0.0,,,,,0.9298641024663592,0.0,0.9677406186214477,2e8151e2e6b02fcc2163c50aa86d9e5e0134c8e81d7ed74c33832a121b91dcaf,6af42e253b81ce9497cf93cd0a68c78ba94d0412ca46ce0bdf9850dfc84f3d38,3c1fefca8337744f1a054499babcc54275f91288c0d5491a902b07bdae9dfae6
flooded-station-platform/0300,flooded-station-platform,train,0,678,0,2072922,0,678,0.0,0.0,,0.0,,0.9300635648433162,,,,,,0.0,0.9232180938489569,,,,0.0,,,0.0,,0.8691720417263895,,0.9729944808111924,aa5009748eb469829d461d7b4e9a1e63aced662acde1baab34479670671c9cfc,75ede15bd1fb51823b565832643d1df6ed5185b2a03eb179228324c3aed39bb0,1ec6a5ba72c251401bd9975f7873d31ae6949bf71b884afb12ce74a6fee38063
flooded-station-platform/0301,flooded-station-platform,train,0,23082,0,2050518,0,23082,0.0,0.0,,,,0.9577428286071885,0.0,,,,,0.0,0.9802019342592314,,,,0.0,0.0,0.0,,,0.9505040193089087,0.0,0.9513047892229902,b6bfd2eb1a154fe26098279bca8d8165e5aa045fad56b687663d941cba56bfda,47d991bcaec17e2c3c48231acaa869c7cfe0fc1945cdd8af78fe916b1e1bd398,5f05060caceb597def7e5889ec08dd657ab0d9e24ec3323c197dd55fe63fdb4d
flooded-station-platform/0302,flooded-station-platform,train,0,4674,0,2068926,0,4674,0.0,0.0,,0.0,,0.9584669196257524,,,,,,0.18231540565177756,0.9946516736071677,,,,0.0,,,,,0.9595078243220305,0.0,0.9675465287997775,0758d8245392d38d69bb520d6aa46dd39d38ccdfa9c8011ae15e78d2a3d0dfae,eece741854c6faf5705694b7fe66da45777daa6a2c5a7a957f51d43f01e66a89,2c6766fbf2f409eccf5ececc29417055c3c8aea452eb6881de0f4b28e9ff4cad
flooded-station-platform/0303,flooded-station-platform,train,0,6001,0,2067599,0,6001,0.0,0.0,,,0.0,0.9153966054728091,0.0,,0.07263226649248856,0.46969221105527637,0.0,0.9748272860031454,0.8650847255013299,,0.6203040261987435,0.671746776084408,0.0,0.5918553411335663,0.7055730203135966,0.724189754312598,,0.8799435028248588,0.8569553805774278,0.9051427538429241,e62cac97ea08c225e113869af1e24539312d59ae8b1ea981d8625c7d8c85968b,9f41da0deb75457d49e7d121daf10240080a8bd5972f436a7e0a7b9717ecb8fb,732eb37fb8557c6f5cc2850dd4132ec75ef79b4175f55df3bbd4b905c97eccb4
flooded-stone-bridge/0270,flooded-stone-bridge,train,0,230,0,589594,0,230,0.0,0.0,,,,0.0,0.0,,,,,0.0,0.0,,,,0.0,,0.0,0.7905785970302099,,0.8664302600472813,0.7189931350114417,0.9422167166077975,d8aff7595858cbf04c9e2b85dc09bc865c9a2ad58b92c41e823fb4a084f4bada,cc93b0303a5e58646273e1c337552e9b819a34fb83f9540d2148d3bcbe375c9e,bb90252fd93858b24a0cd8dbd729309dede12c8cd1db366e67ccf63d6691a4c8
flooded-stone-bridge/0271,flooded-stone-bridge,train,0,0,0,698368,0,0,,,,,,,,,,,,0.0,0.9291554428775155,,0.8212631065593757,0.0,,0.0,0.713389802899495,0.9683436970039571,,0.7612808244387191,,0.9532381178001116,f5180763e414fb42a131798a9a989ba50a68fa194643d48809aba9a9130498ed,deb97cc444c8d1373bf880da820dc45e4746303470e336a4c48ca969c057ecb6,28387ee8ae1cb43d1481704f60a5e6268c05ea8d33daf3aa43c40ff55441e1b3
flooded-stone-bridge/0310,flooded-stone-bridge,train,0,105587,0,815654,0,105587,0.0,0.0,,,0.0,0.5382099316086827,0.0,0.8337811900191938,,0.8095517140345737,0.816912581310487,0.0,0.8969248291571754,,0.49368452336726354,0.4336870026525199,0.0,0.8591774641976604,0.9157404926556125,0.929781193874201,,0.8282939230883152,0.80506531264076,0.12688505361930294,244d2e5e9d27aab38bd91e338efee542e9ef1b32b81f5b1d04e493988fd9fb15,42ef6482e36a3fc9d3fefaf6ee832e646e4a322238c9ee94517cf29cccb2a2fe,19a43b0c50b87a307c0539c141f610737bc860c6a3e4ecee758de357a65284ce
flooded-stone-bridge/0311,flooded-stone-bridge,train,0,343,0,921257,0,343,0.0,0.0,,,0.0,0.44551175886054983,0.0,0.6785714285714286,0.0,0.71875,,0.0,0.9647251269754995,,0.5086407015733815,0.5397727272727273,0.0,0.629012901290129,0.8838073185586752,0.9291236182356766,0.0,0.7378941672269321,0.5573003327787022,0.9298614118666089,3ec9872d416c77c2223a85177374f753b9fa22546177d378a402366f3a00fac8,6561271ce4c565a4c37ee75a811cabfb1e535cadc0ff4b3b0a20a98020fff530,bacc5056878e602bdf721f7b688b8805a238031a9c17599e58aaf050a81c136d
flooded-trackside-woodland/0306,flooded-trackside-woodland,train,0,47066,0,2018233,0,47066,0.0,0.0,,0.0,,0.8850893763573512,0.0,,,,,,0.0,,,,0.0,,0.9847567148851509,,,0.9158926583793997,0.9551381149557844,0.7812982998454405,0021b7212f209be14d804f00cbd09a05f058de3d7582bd9ccb3bb068575fac81,8de09c6caae8edb989f229fdf3de804a969a3c4d11baa415faf551b9c1f5cd1a,c4812aa832f502430d738a79583868da21f7848ea70e494ade35a9001923d4b8
flooded-trackside-woodland/0307,flooded-trackside-woodland,train,0,10,0,2073590,0,10,0.0,0.0,,,,0.0,0.0,,,,,0.0,,,,,0.0,0.7571373135983147,0.9886630735424342,,,0.9546937872481643,0.0,0.9625092798812175,05638be2766fc4b1131b1244aba691384afbe16930ecba0b0faf7738dcf28e31,8965ae7b242b8b889a19b35409caf90d8ce9f841d962398bb5984a9bf7e3e501,e09ca71f01c525a89f23d67135839a92c0ec4ea2939a80990fd2c31db951849e
flooded-trackside-woodland/0308,flooded-trackside-woodland,train,0,222605,0,1850995,0,222605,0.0,0.0,,,,0.6614445247850887,0.0,,,,,,,,,,0.0,,0.9854253805355526,,,0.9201604065674813,0.8815235230345336,0.6259026493420821,0020a0a56903de99cf38302e93fdee20ec756bd51a40b2edf7884183de063666,0ae12b44425bb812368f8178ac0aef7e325786d592a022eefc8bec3277618389,989d533d39bef9f0145a2de4db464cf292074f11a3798d6aa22ab4a1085b2e61
flooded-trackside-woodland/0309,flooded-trackside-woodland,train,0,152766,0,1920834,0,152766,0.0,0.0,,,,0.0,0.7348636573717455,,,,0.0,0.0,,,,,0.0,,0.9923171870395726,,,0.9538479873670411,0.821087028763431,0.7742481011407055,b0aed51ac2b31233ca1f0b25b0f75d6ad53e8afd209b956cbf317def34ebd785,0da5d8691c2ef3a4af99cd06382ed6b5e9acdc9dcff28e445e132c1371c91740,ebde9351196805437a5131804eb1f19f87871f96a9d9298240ee85825a85e1bd
green-roadside-cab-view/0174,green-roadside-cab-view,train,0,0,0,2066931,0,0,,,,,,0.9663360336799133,,,,,0.9692225008957362,0.0,0.846534097292439,,0.6970406454942537,,,0.7914285714285715,0.9611322373994832,0.9841990321490206,,0.8012306903403628,0.9317972562379154,,ac8756b81048f48af6d2c3fee710b8b43f34a4e658cde8c09bb9f690902790e5,b77c97dcd4fb55499f6f8e29e571ffe8b252988a1383fbbbc8633d7e7d35146a,06877595daddb21e3678ec6a3733114c3df70b8d95d8121424da4be3bb7a3673
green-roadside-cab-view/0200,green-roadside-cab-view,train,0,0,0,2068241,0,0,,,,,,0.5886443971234576,0.19560878243512975,,,0.8053691275167785,0.8827089775434683,0.0,0.0,0.9502766426789137,0.7658702858215023,0.0,,0.0,0.9724896922866371,0.9851869496426006,0.8470411985018726,0.7406087194954757,0.0,,647d89550b9094d69144e9eb687405a9b548e981193dfb8682ee2e38bdb37aa6,ec9c895b7bfc0e04c27e3fbfa6d40129a216d6b93b9c0d141f0a7cac2f4cfb82,79358e1ea973b2680065a2b21b7ae9f85bebf225b6bd88a4676129de6bca9a2f
green-roadside-cab-view/0201,green-roadside-cab-view,train,0,0,0,1982777,0,0,,,,,,0.9442975735430313,0.0,,,,0.8850590883511537,0.0,0.0,0.889337112952464,0.7487476931189032,,,0.0,0.9796653039986355,0.9838679909903653,0.8125590179414542,0.7253854767852528,0.8385611103688393,,cec5a4a2267098df2b64c119ce4e99aacc9014722b05125b92bd8da623cddee4,79b14e0ec0f662a0b7defa39504fefcd6253e1a53dbd690216307f9800fec399,176e2a5c2993952fb9104fe1710379b732e6c0844a4e51a122ecc3dd4e446999
green-roadside-cab-view/0203,green-roadside-cab-view,train,0,0,0,2067934,0,0,,,,,0.9703186457124044,0.9658396642405568,,0.855009633911368,,0.7261663286004056,0.8651486453100552,,0.7124488891078379,,0.38405300434087275,,,0.924877714546735,0.9743748015344044,0.9885861233183814,,0.6687762562060123,0.8789439750246021,,18638926136c9e885bad8a5394a86973d90d5ed5638573e5985654dec64db548,02d5c3cbcfb22b2c4080b9d7ba8d170adf3ed46933f9dc0d14cd85562a56b0ef,a98579efd9b3e3a3134b656b8c37c04e3c37f736ce78b8c383b0f77672709a63
green-roadside-cab-view/0204,green-roadside-cab-view,train,0,0,0,2067934,0,0,,,,,0.00024316109422492402,0.9662450734011727,,,0.0,0.0,0.8377512020712613,0.0,0.6102003642987249,,0.0,,,0.8849991189279451,0.9710036419039338,0.9934694496762633,,0.7663333133720582,0.9326191237607931,,cb34ab4d9a1966c9d974500a92359ca204a93a0c8283bcc59a5f16456005f1dc,394bb5dc28c3d0b30d2087556ad26a909667e7937eb766dc4284b1cb12445c2d,0c72273c5fc6fa36d10b7c1fcadc06a35e815c0488058f5169565bef66c2ab59
green-roadside-cab-view/0205,green-roadside-cab-view,train,0,0,0,2067934,0,0,,,,,0.9491950620848975,0.9739456689413549,,,0.0,0.6530612244897959,0.909378975922414,,0.7898795180722892,,0.5348837209302325,,,0.0,0.9848047577018015,0.9878351087269058,,0.7658115089969714,0.9627460803162826,,84c3ad934ba556452a390cf9a7615f786d7bada1f0ce3bec466c1ccd2a89b441,95e37b185a66109b9fa6014f770ed4e160ff0b041a57284a73413e84b110572c,1e88f1d8a55e86ba9ad481e5233a5d8566a6854fb866765e79d4913dd16ed5c3
green-roadside-cab-view/0206,green-roadside-cab-view,train,0,0,0,2073600,0,0,,,,,0.9602763385146805,0.9735131352967369,,0.4165232358003442,0.0,0.0,0.929839345123446,,0.8467904917717255,,0.7738721394121033,,,0.8042896700614821,0.9790026396085451,0.979315287998589,,0.7367969085444397,0.9628470097605313,,326099a1d7068b475af019e6dcf936e26aa1a539954a3f0fa5df1a5ff8428999,5e5fc2a4b032976fc815abe170cc8547f7fe1cada392142df6cda57eff6e1c5a,1a3c0d9900964533b768489a90a2fd9fb14f37dee530ddfd4142a74ffb243195
green-roadside-cab-view/0207,green-roadside-cab-view,train,0,0,0,2067934,0,0,,,,,0.961335963096383,0.987248348081456,,0.27741935483870966,,0.7922077922077922,0.8544044089016684,,0.8626086956521739,,0.7860747621812335,,,0.7109526412562739,0.9695295651737801,0.9893498049685638,,0.8409391826286521,0.9629747911994835,,0a69c574d773bd2b02269bec42203fa65c198e4f1f50743335704b45db4b879d,0eddcd0c9c23c948c80539aa5593c3fbc7649e64694a60c1e458201173d047ca,9be447d06c64ee4fa8a8a6d0d26f2adee319e8068d04126b60a06d11ebe30ae1
green-roadside-cab-view/0208,green-roadside-cab-view,train,0,0,0,2067934,0,0,,,,,0.9520117351215424,0.9675724207135123,,0.0,0.0,,0.25579785392869503,,,,0.6947964255954946,,,,0.9902854026215554,0.9837601071293786,,0.7661130039750143,0.9669396543050889,,3b8efe8aa3a6e136add1665ab904a06b78b874796e0c18912f3ee9f3ff74d366,f449b48b1e1888c6196e82bb26e0b4f7d76a050cbbdb529983c5bd83577aa7c1,b3e5dcb521b064a3c4f52d30401afb0c4fadb0d383101024d4fbe0c715113e16
green-roadside-cab-view/0209,green-roadside-cab-view,train,0,0,0,2067934,0,0,,,,,,0.8074252849953785,,,0.9701737444900638,0.9352051835853131,0.0,,0.0,,0.709867117190292,0.7638781506107932,,0.8595543085803647,0.9565460104328023,0.9758133176645521,,0.36006782263740483,0.823855023528144,,ee956750d1fd8c7676cd76b8db71bf93b9cbcedf8b4aaf4e538041ef501ade04,9215974802ff1c3a3f4ba3b5a8c526785e3e134127875b97fb97ab0f1013f765,8f3027d06cea372840b1baf7423758b7b041dd48650647b54d03200bb35260d5
green-roadside-cab-view/0211,green-roadside-cab-view,train,0,50,0,2073550,0,50,0.0,0.0,,,0.8984663019377862,0.8801061510757274,0.6730853391684901,0.8098937507140409,,0.7143956889915319,0.9221627323434928,0.626635119148217,0.7548016778276547,0.9184581529756003,0.6494372135173827,0.33666079467606186,0.0,0.7357382050457021,0.8770516268891683,0.9815332391227952,0.836642685851319,0.6288073100352677,0.887179992122883,,41f0cad9cf8e4e11e5a870a293f740a7bce70a66b0bf5b0e86c9dd1fa6396f5c,bac45ffaf5fd576f297c552e8ea5f461765b12c5c76eae223bb8742621fb0cb5,25c427e707fc52fcab93379b831efe23ef06f4803798184c8044689c26cd1bad
green-roadside-cab-view/0212,green-roadside-cab-view,train,0,0,0,2053761,0,0,,,,0.7915352260778128,0.5414832373857095,0.9254270872382584,0.5132231404958678,0.8402033373853465,,0.864233907524932,0.8705892062998855,0.7780313718980828,0.8082347065326577,0.8247564326754934,0.5960417290090908,0.837479364717937,,0.8269275757871137,0.7755976394935389,0.9739021524502685,0.6662341032961329,0.8006277254673222,0.9037490730313933,,19490f9f31865422ef3257bbecd836b58a75e1200af558b47627240cfc9e49e9,586eda51ce95b9ec0c0e71fcb2377dc00b0f62e5a969c354b927925e1f153106,3bc7af8cc9288dcb78f14252f42b585b687ea2bf5edcf826958699fc87f498a1
green-water-cab-view/0263,green-water-cab-view,train,0,2090,0,2071510,0,2090,0.0,0.0,,,,0.8637927348350858,0.6151131169357171,0.0,,0.6635514018691588,0.5757669286478025,0.0,0.868100190876865,,0.5414244901980101,,0.0,0.28541374474053294,0.9643263470632323,0.9946919800241515,,0.7840460701716967,0.8740425865345061,0.7695979481820988,d38268ad352c084c45d9c129d86eed80ec34068717620fc1685f07a6cefd1468,82d378a75617dcc00963a8461696510c838eaa15eae06a60adbfb38dac5fc22e,bdb6c2c6b603d4eee1dea5f42358c5a4c00b4b21526c9829a81a141260610bbe
green-water-cab-view/0264,green-water-cab-view,train,0,2065,0,2071535,0,2065,0.0,0.0,,,,0.9217846763118392,0.0,,,,,,0.6940437412750117,,0.9616456803817541,,0.0,0.71315945075882,0.9655939236181422,0.9822464348662073,,0.6698051237135976,0.9444571392550685,0.6677945619335347,7ac26e3576a11b28c401290cbed89e663ce03d2ae23dcbd062e1ece5d3ba81a1,02043cebe3ca604a9e183ed93d8ba19b67cc40728745e1bc464f5679decd5bfa,27bb0499cda3c5cd04ae46a72839c0c23c4f104b70a84034f99ac0e11103a8e1
green-water-cab-view/0266,green-water-cab-view,train,0,644,0,2072956,0,644,0.0,0.0,,,,0.9641713707978768,0.8010392725092436,,,,0.0,,,,,,0.0,,0.9849235042546625,0.9374835381063787,,0.8834420232225226,0.7865511458915595,0.8011845524688249,1b57cba93cf3601d156721ce3f759bba69f41268fe5b975191c86fbff322be98,705e31e2edbf1c6b10421dbad0215010633600952f721fe64f10d5852d401b2f,4542356d79206b0ecc1e236fa52352a9f93d0209f1a485768e846a4d0ea580eb
miscellaneous-flood-stills/0275,miscellaneous-flood-stills,train,0,18093,0,231603,0,18093,0.0,0.0,,,0.0,0.7396466040861402,0.21349397590361446,0.7684426229508197,0.970478182728853,0.0,0.0,0.0,0.8679432976871425,,0.30340557275541796,,0.0,0.0,0.8318602431636167,0.9907797681770284,0.0,0.5966316664933985,0.7903406126555862,0.10725184709283649,61c2965c3c11954382ff9e9e06c34ffa4996a9a48b46aa7f5490049b85765bca,03276c63c9cd09da59f8409c41b9a381d944818e83aef5664981f7567f9a3c45,278f6ececbf0b4dc56d2fba3522827d3522d58bb614d6d639a60ed626b7447ed
miscellaneous-flood-stills/0276,miscellaneous-flood-stills,train,0,0,0,920880,0,0,,,,0.900386403824743,,0.0,0.0,,,,,,,,,,,,0.9470951971448102,0.9784779494223763,,0.8976789904242501,0.0,0.9298137932621855,85d7d06fc795f58f6e51ed5e91c5d5d8ab1f41194ab44f3471da41bdadf45973,3a0cbbff7cd33ff9ac48f3908c9fd4d2bc5716978ff64051e9719dd6e833b22b,15136bf9078695d748167a92ae9a5580e1582963a0943f8ca0eddfc68a679019
miscellaneous-flood-stills/0313,miscellaneous-flood-stills,train,0,379856,0,1693744,0,379856,0.0,0.0,,,,0.937789020438913,0.605323868677906,,0.9843435310427063,,0.0,,,,,,0.0,,0.2830474319507453,,,0.9371855961561434,0.8697641462561081,5.781314183997931e-05,74272d0a74c881e4e18e9bf6000c065a51519bf7c05acb3c8e912f075c3b5ddf,f1ae22903da80e5f5b78fafd97ac79433e9f7660531a8540fb329a6830166ff3,93746c85cdc0f1de17c6b4c3c8a505c259f93b17b9c01118fab7ba2f4ccc5676
miscellaneous-mud-cab-view/0173,miscellaneous-mud-cab-view,train,7708,7,38376,2027509,46084,7715,0.16723438415308844,0.9990926766040181,0.16725978647686832,0.0,,0.7585469182049569,0.7478872653095209,,,0.9134394486380046,0.0,0.8732875024640252,0.0,0.0,0.7575673424048875,0.0,0.16723438415308844,0.0,0.9636867378679819,0.9961497817016743,0.0,0.6367965754035495,0.8126781842432977,,f0ca7b2f878f2a5e167e558097ca517d126cb474aa25f5b0ec0fc4d6b1e57432,32a73b79a5806d70cd7a9d80baf0d39b1f4393bcf4a3701fe9f1134962c8bece,3f56da576a22901ecca20e10209b00d3c78b671c91a2f23272733e0462a57b4c
miscellaneous-numbered-cab-views/0013,miscellaneous-numbered-cab-views,train,0,0,0,2088960,0,0,,,,,,0.980119534068406,,0.0,,,,,0.772834274952919,,0.0,,,0.0,0.981632671384774,0.9801666252176076,,0.8763638217599674,0.9346549746438059,,cdc7c624979074f91663aae6c612b6f6c370af9ca88a91ba076c2bad37e6c319,0eaafc1f7d1f70cd68db2eb5151301233ef3f3cd718d66571eee6a4299eedf30,72486d288f1ae0f9e059da7a2e4c487b943fb7a4854d1fc9327f98d02c8dbab6
miscellaneous-numbered-cab-views/0014,miscellaneous-numbered-cab-views,train,0,0,0,2088960,0,0,,,,0.0,,0.9321238763860639,0.647897230261775,,,,,0.0,0.962354890921341,,0.5,,,,0.9551937920679909,0.9572291582762787,,0.8199329983249581,0.825225982600111,,00a59e617c6d81492253ece8ef06493164bef224314ee99156bc01663f8ccd38,f8150f0c2a2628f28b20b603a30b8b3829dc4ddd821458cd917236a0fc08b586,806df9e0b9a8072f1fa2c8f8fdc2c06eceb6ae03e1e9b4fe5125a45bf5500a2a
miscellaneous-numbered-cab-views/0022,miscellaneous-numbered-cab-views,train,0,0,0,1932681,0,0,,,,0.0,,0.9521009804070129,,0.0,,,,,0.0,,0.0,,,,0.9839189060402744,0.9781740145801118,,0.6818047337278107,0.9499587549031161,,34431340589d77bf879a5d44b35f1ba4ee67944d06302e41751f49b52c7cd6bd,6f977a50f3c53a6cac0d8cbaf6af2c29627331c93869e55273dc1bb80023aff6,db2529531a9f493976a01935857348931844f47a204c05ab1a3971e98c6de460
miscellaneous-numbered-cab-views/0023,miscellaneous-numbered-cab-views,train,0,131,0,2088829,0,131,0.0,0.0,,0.0,,0.9249737585789262,0.687187776388423,,,,,0.0,0.9492564201878991,,0.5462085308056872,,0.0,,0.9557212447449785,0.960528063325099,,0.8259032763154007,0.7942512352015835,,4dbdaa16ac641963e653bf5fa8dce1b9b05b89b3a3d10f8da2e3c9c38deeee7e,d15d0fb83fc7bb953dbf81e78bb9d83c848fc8a15e918257ce7bdc09120426ae,7aa4fbb4ed6b7a9eeb85f5dcaff8a7dafd57d1d19ed6df582c97bd722c9be6a2
miscellaneous-numbered-cab-views/0024,miscellaneous-numbered-cab-views,train,0,830,0,2088130,0,830,0.0,0.0,,0.0,,0.0,0.4882329072834246,,,,,0.9016332544979507,0.7440518090947487,,,,0.0,0.12214194645133872,0.9936546054228118,0.9963602739175299,,0.806081573197378,0.5357231590548572,,35db7be7064f509351e3627b33430eabc718080e493e83ad1551491d62e1f113,d8556356afb32734b38fc45466c904ce057dc08037ba8cc650edaf124dd1d86d,342ebcc1162841c25b52c0392fd78b9918e371f44b81f3b2380656118bf89185
miscellaneous-numbered-cab-views/0031,miscellaneous-numbered-cab-views,train,0,0,0,2088960,0,0,,,,0.0,,0.6546410040356557,0.6441955870939129,,,,,,,,0.6762801648028252,,,,0.9853814012901329,0.9828047850458966,,0.8443943802997591,0.7716900599195601,,582a1052402234b092c9e8f0eb985ba78c3b1068c2ae8c12c805aadd11584b0a,7f02b5df890d74feb99bae4ac2f419b3e48fed2208d8047fd2d8b9a7d2f2cd7b,a99ec44962898851ebc3105ee22b9dbeb5c067fc5b17f5c158bc22844bf517f7
miscellaneous-numbered-cab-views/0044,miscellaneous-numbered-cab-views,train,0,0,0,2073600,0,0,,,,0.0,,0.9397865648772883,0.8883697110689417,,,0.0,,0.0,0.939592504577506,,0.533346958239662,0.7378832838773491,,0.0,0.9570310561061566,0.9958564550650674,,0.8533065527330145,0.8559610631505757,,bb02fd705ac7b08fb3ae7c618b46f5a9da4ef32b590259233156f5fee831aacb,88341a86688a995a11401395977a1f70d09fcb7f5e90b34db64d6900ee238b02,025281bae03bf9e85a13d928ab2f0c91037cc8c49a38f7fbd1eb9ec97cb20f1e
miscellaneous-numbered-cab-views/0046,miscellaneous-numbered-cab-views,train,35236,4315,3195,2030854,38431,39551,0.8243110466476395,0.8909003565017319,0.9168639900080664,,,0.9498623348017621,0.4332733350475701,,,,,,0.4280155642023346,,0.5022247575584712,,0.8243110466476395,,0.9863560763463644,0.9812257767032638,,0.9079585704453509,0.949305908541181,,a1bc04fa20bd623f99bbac759e22dbd90554263ca7b217cee49ddc9fedd59da2,3d2b997eec63c459421626f6856cc0913505f918106b37c1868681f35c7e3799,e228fd8f37fbfa763abc3234f46e7b056cc01933806ee25cc6de141ef016d35a
miscellaneous-numbered-cab-views/0047,miscellaneous-numbered-cab-views,train,0,0,0,2073600,0,0,,,,,,0.8986850499751896,0.013831057510377333,0.0,,0.8739610095209309,0.0,0.9668435886064178,0.5690558235699518,,0.7882555955945795,,,0.9024017526302978,0.0,0.9871739374648942,,0.8064086835374602,0.9168107542069504,,b74e6210f53416c45a93c3fb1a022de2cc33ed02723512634c739624b649276d,e7ddacfbff98ee0b1860229ca3eddde6d4869988720c162c8ddf46c159778cb8,550514940d35ad252221ce2f202ce9370cffb730d385f9da6f4f5c7f982acf56
miscellaneous-numbered-cab-views/0050,miscellaneous-numbered-cab-views,train,0,26,0,8211748,0,26,0.0,0.0,,0.7316666666666667,0.28174356071327483,0.9732961588400381,0.6851139280705004,0.5815863780268674,0.9752519974677051,0.9285141499117908,0.20073348910118008,0.9640204641519691,0.7814061704687427,,0.6513979247540599,0.7309590973201693,0.0,0.5278875142946252,0.8854642938773112,0.9708488000868001,,0.897907967894771,0.8811144437847053,,33fc6fbed915cff715396fc229a8e0da423ed1d84e76cec2dcc2a28d124be983,d7ea88db43428e6a079bd74c9f89f6882e170699de87112e056241c2de64cecf,9efe1c4a32ce570d9f2a10621d1d91930cb53a1bc01b8b84cb53a8ae0634c57f
miscellaneous-numbered-cab-views/0054,miscellaneous-numbered-cab-views,train,0,356,0,8175591,0,356,0.0,0.0,,0.0,,0.9625768424464002,0.6834639126305793,,,0.0,0.0,0.7654150036653906,0.8669435746693079,,0.7782166697287035,0.8710276038042217,0.0,0.0,0.9798556380173623,0.9671613069907912,,0.8657603896277664,0.960831593262728,,ac828e814ea477c826e95def13cde08680d0a05dbe64cde8303472779d31fce8,f84064519f157a788221b468dae3b21eede54efb2623226da7f5f33407490909,40a95d1dc94a36ade2be819f49b5dcd6610acfc47ceef0bbdd275ea7b60ba9c4
new-unmatched-2026/0176,new-unmatched-2026,train,0,0,0,2073600,0,0,,,,0.8105857865001487,0.0,0.9591206348385762,,,0.9779599541562731,0.29277566539923955,0.0,0.0,0.6878923766816144,,0.6112428039282086,0.41284403669724773,,,0.9541057476540957,0.9882238502456715,,0.8704621911182566,0.89396387760381,,fdfba692303712b2119a1d725763d74b54fa20defdb3415916105955f503bd9b,a4a945408fb28a872aeb1b860b8b94abdd259836428f6aee085d01ae61280ccc,001e3c270194360b2e44addd17d1ceb34167f17a094d29d52abd5b20b1f9de98
new-unmatched-2026/0177,new-unmatched-2026,train,0,0,0,2073600,0,0,,,,0.847871416159861,,0.9543708596982798,0.0,,,0.0,0.819746475794995,0.0,0.0,,0.7578619003456707,,,,0.9869602395944869,0.9941220164026067,,0.7262391681109186,0.9298019586507072,,92fdd6e752f0a8493a8a0114320f0d3adb209985cc28a17efef842ce5c887b26,d635d6076eddbb99e91c6f5abab40f42ee0cb1e7f16f8b435011ab79c2c306e8,ecb6fd02e0d881be8c3e74676dc577205c0b4a0e9a48f825df181d55810112ef
overcast-mountain-stations/0214,overcast-mountain-stations,train,0,480,0,2062666,0,480,0.0,0.0,,,0.0,0.8487430528881956,0.3159696747370995,0.0,0.5982116883315726,0.7411647585863613,0.774519646875541,0.28434065934065933,0.49305159486416184,0.8814880118386046,0.7492411527336357,0.6090557109055711,0.0,0.5244506038408236,0.6793530892891729,0.9531825764319537,0.7285530503080777,0.5472294379456973,0.6700303816183696,,fcf5289b197c7f0a48d5f375c13e6c090599b238c68ce299010e0babb86cb7e7,74c09644d3b234cb7e5ae04360d0c4dae6b6442f72a289f3d7e00b434c6a276e,50973e1086ddd74699c0fb108a173ff3bc3a2014815ef96c2954147820c323d8
overcast-mountain-stations/0215,overcast-mountain-stations,train,0,0,0,2072972,0,0,,,,,0.913319540557894,0.94322818126826,,0.736429038587312,0.9562441752096924,,0.0,0.5912177455862381,0.8373719526303611,,0.6942879154743562,,,0.8735873300925783,0.8720952176599391,0.9796060305052653,0.0,0.7753722193028552,0.8888029042573773,,a4ea3527469f92f7e01c82dbad4e004af29e5a534ebe1ed94e96185736126eff,173b1546ec227c4a29c4d3625922c07d126a8b47dc212fca972e07638a79ab0b,4fbcf656a22686d8ed6043fde9b806edef644b33970d2346536e3c2d3ef320f7
overcast-mountain-stations/0216,overcast-mountain-stations,train,0,0,0,2068246,0,0,,,,,0.7086875263760777,0.9537956073385884,0.7791852598243846,0.0,0.9034716784129471,0.9221859889800967,0.8040326352439848,0.8616033274457295,0.7737168723078046,,0.636374658987572,,,0.0,0.9860031219618388,0.9621825723289382,,0.8026224563025313,0.963358768591728,,39f23d5418cbc5c465dddc13feda5ebb78e7eb06be8eacb3a5acb0256a95f409,582cea7ba18778754c9af1fb978db6ca3615699fa9add68d1b3f193026791d18,7fef9671aade00ace35b3753a82845092e59526cf65bd4a0989576c8e8b5ca6b
overcast-mountain-stations/0217,overcast-mountain-stations,train,0,1,0,2073599,0,1,0.0,0.0,,0.3680758017492711,0.7046774914345301,0.9683682542137003,,0.7642870704385798,,0.3486529318541997,0.0,0.9544705506189236,0.7258070128634893,,0.7728863771913529,0.3320964749536178,0.0,0.8568528533376383,0.9175082648273052,0.9546800757474623,,0.7766672969395748,0.9025289028768445,,014ccb7933ce4cc405469bff1fb36825df54553c505c185a5c2b9ca46750aa01,ca4552b9772cd24b48a8ad4113a2d2044d6cd2c90ed3fa87f128fad6f25b5fcf,43cd26bf54e14a5f402825d8096b36f1b925cf1411d3187f7259f2c47720e9e0
overcast-mountain-stations/0218,overcast-mountain-stations,train,0,0,0,2072180,0,0,,,,,0.9504662522202487,0.9860792370377496,,0.6339285714285714,0.0,,0.8987164128016429,0.8210942277837888,0.9148657498362803,,0.8733425866368756,,,0.7197107607742119,0.9302483774583519,0.952238393644941,,0.8670847540185095,0.95136836145546,,7d192a396ef667bb5f346b4419b19250547fc8d398f9ad1541087e3b71df732f,90e80f52de853dc11f80453389a3ecb34f1f22cb5b5d50d82f0e9a9b69360854,411ad390e6cf9ca0764ff9378e3f54b9153c16e902fed11e5880814d7fa26ad2
overcast-mountain-stations/0219,overcast-mountain-stations,train,0,0,0,2067917,0,0,,,,,,0.9402425009967401,0.0,,,0.7712317499485914,0.9576092396157356,0.8555162659123056,0.9555828990542367,0.9551889658524729,0.6993686696643503,0.9091091157915818,,0.7430985039560516,0.9565727649404705,0.9955306326781561,0.8828203834510595,0.7062146892655368,0.8984055090816657,,217eb3ce4240bbab2cd912c73d871881db741d3f99a15000d1343139afbeb72c,d217dddc00d910958978c3b8564634dc39934156e8f5a5909546434d3ef106a2,84a5cd7852a5cf54ef7512fd22ed2597f416a98690d6df8c8c4091bdd2d20a07
overcast-mountain-stations/0220,overcast-mountain-stations,train,0,0,0,1926737,0,0,,,,,,0.9503759644572448,,0.7602283539486203,0.974743102728356,0.863843648208469,0.7838986689566337,0.3830544335449125,0.7998269984226327,0.0,0.7919478413774992,0.846828447861605,,0.5861884368308351,0.9607213703072656,0.9904469116245351,0.7228177641653905,0.8797178754708396,0.9182155630215671,,b998518e2d97c634c8c2c846bf7f07e5ad02688387f15d657cc9646d080b722f,5fd56feefb695330a155944520011a8468c6cfecbb0f8823735f7759291e46a5,1314132350384af995a8a2dc9c583d3bf5c6210c1b0ab620d704a4603f60df14
overcast-mountain-stations/0232,overcast-mountain-stations,train,0,0,0,2051970,0,0,,,,0.0,0.0,0.9699963410171972,,0.0,,0.8285186041137046,0.8914821226049066,0.0,0.6428230236446143,0.8426314092228313,0.6503598902798688,0.9332148829431438,,0.7076735440593557,0.9528050140732468,0.9752912226294068,0.8018471872376155,0.8804400096176965,0.9568007843433011,,77b17d1922889f7c1d3d5c9eb9eb7abb5f53399f38433a493e4e0d9f6d369bd5,9163d80ccf7bc87211d84eefed8081de6f20c1a73578962ba1efeb4df4582c35,eb07f36466e679e3c609c7e2c431c13d6fa85e96469ac7132ae3a25aada6eb67
overcast-mountain-stations/0234,overcast-mountain-stations,train,0,0,0,2073600,0,0,,,,,,0.9772263287574797,,,,0.671604938271605,0.7755735130787791,0.0,0.5882608695652174,,0.6873136955756367,0.862157976251936,,0.8014382269726501,0.9766582123859725,0.9935413664681259,,0.8137491893166676,0.9431360408497107,0.0,709cbea54e2cf9800bbf3d0c032a4ecbdd34ac081630e119aea5e897a39808a8,5e14ed6bb456482f44ea9456ba84efbc491c809bf6bf91f148be3dc8bbc3f496,a851dcf9b41fe0148088a76b415f68dcc7255c1c17599e971f0466b4be8f4744
overcast-mountain-stations/0235,overcast-mountain-stations,train,0,385,0,2071048,0,385,0.0,0.0,,,,0.832236272302096,,0.7098214285714286,,0.592079207920792,0.937524181042063,0.0,0.8961719670200236,0.9204352853590154,0.7816951910006529,0.0,0.0,0.7188718183902775,0.9413937245782658,0.9794885873401835,0.692654610404108,0.6404217203606355,0.8969935906720742,,468c69f20ee4665d35f34a795d6f47eaaff96dedee7864164a769f063403427d,a6f6323515aac89998837b46a7e676cd3a75633f3314472a74cd0ad6d91d0636,bf413f773f041201966c83ffd6cc3932023ecdfd031785a2817dc7fcad5fc1c8
overcast-mountain-stations/0236,overcast-mountain-stations,train,0,13,0,2064473,0,13,0.0,0.0,,0.8321964529331515,,0.9553413872675445,,0.0,,0.4531216477150826,0.8479683428967304,0.7641861034802541,0.9407356319342243,0.9392633425206716,0.6650400282977326,0.0,0.0,0.5939560208837815,0.8946678259957352,0.9823072914887074,0.846931081284874,0.8191601976005646,0.8980727742266635,,7d0f48496493980d7a6b226310064c37f280f0d3d8723af88c69108db233c6e9,d086edbab9f13659cd6f7730e857ea9050a4c2dfdbcbf346fa89dbbbaa3fa819,a1ba10c09aa579aac794e41cb55435d1f5df9ab1e3324b7d12771b0c80572350
overcast-mountain-stations/0238,overcast-mountain-stations,train,0,1,0,2073599,0,1,0.0,0.0,,,,0.8119238090498526,,,0.9836836197608244,0.0,0.8646472392638037,0.8709446137300592,0.8674182280088917,,0.6991103539655499,0.8173178458289335,0.0,0.976200727133563,0.9596878640747991,0.9875842628420003,,0.6912866242038217,0.8028390676611283,,38d3daf79fb1b3f1c4c8c5bf74635d5954f16b3c5be5297e9e5ac9b077259d42,994f9713200099d24deb58946cee11612e19cad501de11ba1cedfdea65a792f0,a3b7ac12785b6887329f612c4507b231dba80ee82fcf01d0c2e6531215f4be35
overcast-mountain-stations/0239,overcast-mountain-stations,train,0,0,0,2037585,0,0,,,,0.8610113987026891,0.0,0.9635451136112949,0.0,,0.9841420006385772,0.40434142752023544,0.0,0.9601276197578461,0.8404743801899309,,0.7247276626968449,0.0,,0.7938174913967011,0.8219907787343887,0.9761049704456214,,0.7789200786697658,0.9082623859088714,,a48c958611d90e4471af958912e453f589b8b5533315c5d59ce81b77a46a7bfc,0821e76096f2d948662c34edd7251a3a702f4f86b5f0639ad4ebfa76dde65c39,a33d26ac1e8f58aaef8ff54a951f74500f63d543adab954b96b3c6e9acb0baba
overcast-mountain-stations/0240,overcast-mountain-stations,train,0,2,0,2073598,0,2,0.0,0.0,,,,0.959563117227719,0.0,,0.9724257766526769,0.6141215106732348,0.0,0.5394736842105263,0.8996967557680583,,0.757033853858257,0.0,0.0,0.3148996125396266,0.9508805404149925,0.9110325153067182,,0.8527778871520258,0.9166482530813106,,8b51f499144ba83986ae26ea615d1f3e8da062613143bac5e635ab5684f8c914,ec5ef1101a8496a4fe3e89c27333150b42b83b04442fe8619c079705af93439d,a0160f6ca79d677c40877ffb454f8c132f1ac8fe36288abf4d6f92080ee3d53d
overcast-mountain-stations/0241,overcast-mountain-stations,train,0,0,0,2054723,0,0,,,,,,0.957591070457671,0.0,0.6327077747989276,,0.8290986085904416,0.0,0.27507163323782235,0.0,,0.7475735671224393,0.9325554259043174,,0.832480096678021,0.9227925831247736,0.963307075909884,,0.8831226642649358,0.9502743314715041,,3625a2c4d4e9f8f3e0165e6dd90494d2791acd79e6142389e4a17e9e72601af3,7c47a95e5eb2184cb565bf52f191447540f2a51c89392876cc5789825633a0c4,0de48eb900379c9975baff85c4ab572867bbdbf9d03d5fc61a599067e21617fa
overcast-mountain-stations/0242,overcast-mountain-stations,train,0,0,0,2064725,0,0,,,,,0.0,0.9728691476590636,,,0.9194918846306839,0.0,0.0,,0.6043855641845591,,0.560547263681592,,,0.0,0.9726967522697264,0.9845471403664733,,0.8593619451975378,0.9351058572867933,,ded050ca71f820d730759226ffc1d2274e07ef4601f63b34c13120c7ef05161e,e5621dbb9f82929eaa32be89ffc6c20a8853dacd37119cbd4d35a1dfa0d0688f,b8834a726460a60b6d84ac692c9e064cc058c992d57fc3bcd3dc9c0537b883b4
overcast-mountain-stations/0312,overcast-mountain-stations,train,0,0,0,2073600,0,0,,,,,0.0,0.9261054629253084,0.0,,0.756244616709733,,0.0,0.8039590704791049,0.8022172649660564,,0.7814629970604386,,,0.0,0.8515113559637157,0.8580080989699909,,0.8149285499581617,0.926652762231474,,5443a27572d1805ca781a25437ef08d1d27ac70239d96cb52f50717ff14822c3,cd7524fe86855d1bbc00c5f9437a737976a1453fe208f62409b95b11be6f50d7,310a22ed4bf61bb12f5fef936c641a7901a18373afd2cfcadc6991b65c13de04
rain-water-cab-view-with-overlay/0268,rain-water-cab-view-with-overlay,train,0,42,0,2030075,0,42,0.0,0.0,,0.0,0.010460251046025104,0.7586123709350574,0.6177526259000726,0.6937095825984715,0.0,,0.6867053620784964,0.0,0.9769314015001065,,0.0,,0.0,,0.9668928154083719,0.777701739378386,,0.706115048623702,0.8207011333315721,0.0,7a53e1b4c0a64e0b30e58ab9db89fcf98ce95254700008d25f5394d06f97a292,8345e900712013c77bfef80c596bd05cc01ed30bfed35402897f0715e4d1e924,6383f1fffdf6edb46cafaa71c31214763084a8f19274ffdf8b14fac9e976219e
rain-water-cab-view-with-overlay/0278,rain-water-cab-view-with-overlay,train,0,2,0,2039941,0,2,0.0,0.0,,,,0.6839254543587637,0.8534597902278916,,,0.0,,0.0,0.0,,0.7313266443701226,0.6985645933014354,0.0,,0.9869370461478574,0.9443080263927169,,0.7891011085882196,0.0,0.5821701561980724,ae02105bf482e4b7269f687a6bf9420a5d1fcf5bf84ca910a716df519b4a66f1,4c17fa98de07fb697cc8d6a82fe1574df38c19697060477017734daad0d5a10a,7241f2e9079508e4b18095cec026f6cea0ba03e38100d34b3003b6179dcb771c
rain-water-cab-view-with-overlay/0280,rain-water-cab-view-with-overlay,train,0,0,0,2054610,0,0,,,,,,0.5210881190420832,0.7659311467354585,,,,,,,,,,,,0.9878651181170923,0.9374487396795889,,0.7712520325203251,0.8688499849079384,0.38671672708441224,70a05bd99cfd467ea3e055a00e478d6e1b45acfa4adb761b94f8e266417d1ae9,4098d2b5e733662dc773d0653b36d9e745e3c5c162f30a4ce5212b86cdacf470,84f49b0e873bc9b906dc88c9a638573094e4512b840fe79dd152d2ec1627f45f
rain-water-cab-view-with-overlay/0281,rain-water-cab-view-with-overlay,train,0,0,0,2053892,0,0,,,,,,0.8131984394630695,0.7933429071666044,,,,,,,,,,,,0.9917591230196304,0.9373300530881782,,0.764247808029534,0.7720437114642338,0.5887053233992009,a7da1f692dfad6e78cfde641dada58c6873c4539cb40843c04d9e3238e0235ac,180a4cd9f231f57b5bfe3c1b915a80b182b3c9c945ffae2b6a73052ffa34542e,7982de8c1bf8d5f07684808f36bfe98b842b4cf0d78e9615303fde4edcbcc936
rain-water-cab-view-with-overlay/0282,rain-water-cab-view-with-overlay,train,0,0,0,2054107,0,0,,,,,,0.70136560237158,0.7876525410637969,,,,,,,,,,,,0.9924156660686246,0.9119021846093289,,0.6591350826044704,0.9197527762423999,0.5827793167128347,f9741378f2d70f2bd7e5236fc50ad4936840f4c1561be37a810e2aba8983efab,4f089a368ddf3f66fa942730ecda1b8c4dba2186bdbe0e20b7f5508c59e7cbdb,74a456fa9ebf5786971c834b63b2a114d1074d485a7ae43fca08e5de19b84306
rain-water-cab-view-with-overlay/0283,rain-water-cab-view-with-overlay,train,0,0,0,2054399,0,0,,,,,,0.6249207188160677,0.8438441397561869,,,,,,,,,,,,0.9923286609480771,0.9760470306778894,,0.7738542449286251,0.1817632850241546,0.4433358915323612,50f5c438789710cc8a44142a41fc391480200cadb38493f126501909f2df6f3a,46f13aaf0c4a668162a6794df5bc56c3db17562a9dbd2555adb903b8c26c5065,a7042eac1d555e7daa63844cee4207034fe3683ac79494b8d02d293954da120a
rain-water-cab-view-with-overlay/0284,rain-water-cab-view-with-overlay,train,0,0,0,2053828,0,0,,,,,,0.7497984593335721,0.7141491672700941,,,,,0.0,,,,,,,0.9908057673061628,0.7578193510669395,,0.8355797975559868,0.8822205232755691,0.49501180004290923,43ee426aa0b2c2ce8f85dc51fb77e1d7b14c6221bf250479b4fc3db9938e1d2f,33d82d0f364c85c4bfc46dee81a2c7dead7e1ff0c83843a6bd25d7e2d5f04119,942a584735e25cad1604e15e9ee69506890f7a539f964b725cda0c39fb2f389e
rain-water-cab-view-with-overlay/0286,rain-water-cab-view-with-overlay,train,0,0,0,2054346,0,0,,,,,,0.0,0.8385075296784997,,,,,,,,,,,,0.9861504483849114,0.8635010295508933,,0.7834377797672336,0.21437284539909837,0.0,65bb9a26ed2495d66bcecef26da2702eed5d5ef32bc6393785623c77524cec64,8f671867da6e3324a8cb66c2b815994ae10ae1ec68ba48184a1306a31e8f4a2a,d6ac9cfde48f7a4f12f3c83679b31c1b31f9fd3cb74c08a1aef40c06668e8bd2
rural-non-electrified-cab-view/0221,rural-non-electrified-cab-view,train,0,0,0,2073600,0,0,,,,0.0,,0.908193813061315,,,,,0.0,0.922527882789396,0.0,0.9663488558811723,0.8774540627401662,,,0.9681765254456077,0.9753986144710798,0.9837926008738479,0.8148286371835541,0.56215868936717,0.8288120687322419,,6411626e4dd88d0c532aa68480772b47bb488e0f02a7b85b9bc3a6689ed129d5,482fa66ea2bbaad879b3d94ac49dffca79303aa8f44871ff99fa139091168bce,a7444fee5a36bbbe20195ad2a18fae4b1b225135c9cce84ffc858c8906dda5fd
rural-non-electrified-cab-view/0224,rural-non-electrified-cab-view,train,0,1098,0,2072502,0,1098,0.0,0.0,,,,0.883646650848695,0.46899016979445934,0.8551068883610451,,0.5878442545109211,0.9686074332340493,0.11751982696467195,0.931694681930155,0.9758083105853806,0.5704766786263454,,0.0,0.0,0.9164954967291526,0.9874275478952698,0.8750036488892781,0.7710622710622711,0.6516129032258065,,1e41ae632ab7d25f8465de2e6f35040f43e06005f63f671f9bc38bc730cc1d23,14e013ec98edb93ad9f889dde346effd08deb25dea5bb168510dc27a5de98ed7,68bab24a58c76e513ad554ae37a34008ce4a7a52ff93868b20a51fc55b84e9f4
rural-non-electrified-cab-view/0225,rural-non-electrified-cab-view,train,0,33,0,2073567,0,33,0.0,0.0,,0.0,0.9430910729267005,0.9659241835896708,0.544336569579288,0.9346266545417803,0.0,0.813731722822632,0.931759394575606,0.0,0.7217883938141173,0.976063829787234,0.5605730302086578,,0.0,0.8785356392435753,0.9731725165044154,0.9831725540025413,0.8511137162954279,0.819775493840659,0.8774038461538461,,f4f88535c53b204aba9d05b638314389fa878abcf8e01baf8f954e3c487ce4fb,88dd45e7d6a1c0924c267cb9957065f544898c86db893c70cf08ed5910b47846,311cb0ed317cbc58391ba242bf983aaf102d012a5c2bdfbf1e36796d035536ef
rural-non-electrified-cab-view/0226,rural-non-electrified-cab-view,train,0,39,0,2073561,0,39,0.0,0.0,,,,0.9701031765374929,0.7469839301893091,,,,0.89821379579224,,,0.960591895489583,0.7897664885440304,,0.0,,0.9761033957794956,0.9983225141727694,0.728193832599119,0.827918806084745,0.8862454142254832,,31c04d2163a83cb2cbb97f6a65f78f6292915635dca2124764515620555e02a5,cc1a98dc433a2dffaf5c9e54f23cdc16e1248d56ecada8e23234d607d65dce93,6d03a81012099fdf62d74081640eb3580b371e950296d685e911edd5f4160b20
rural-overcast-cab-view/0002,rural-overcast-cab-view,train,37651,10075,20045,2005829,57696,47726,0.555562113588408,0.7888991325482966,0.6525755684969495,0.0,,0.8151572761838921,,,,,0.9313778697731948,0.0,0.0,,0.8147206777866032,,0.555562113588408,0.5417193426042983,0.9535226050561725,0.9902399679279141,,0.8768140927185532,0.9040220803792336,,d6a1cdca475235fda34249ac027cadb8cfd26f48e206fe60727e06408ea9daf2,7541295884a711e816c38d561a56f88d172ad4121d1e9622385b9599b6144caf,2a10c0a1e1cb14fa64c2a072b48b78064c6cc51ea59ec65c59d2963d71019ab5
rural-overcast-cab-view/0003,rural-overcast-cab-view,train,18822,18105,7375,2029298,26197,36927,0.4248566656132906,0.5097083434885044,0.7184792151773104,,,0.8504973637006034,,,,,0.9492841240595732,,0.0,,0.8515776333347682,,0.4248566656132906,,0.9830170788240952,0.9949463706338543,,0.8795584084998063,0.9167430390082149,,04a002e5659f3d51126f61bc75400b6cef6d9688c3f19cc5a7f5110b8233bf8c,368630cafdffac3e53130c396eed24240568b6159ac269b13bcbb6d1bb7613f5,b9e447f42c0e7a003cd6be3b1e6ec2e95ef6aafaba808b3262c4b618f878e951
rural-overcast-cab-view/0005,rural-overcast-cab-view,train,107383,2695,16047,1947475,123430,110078,0.8514013875123885,0.9755173604171588,0.8699910880661104,,,0.8877895312784971,,,,,,,,,0.8539192939356717,,0.8514013875123885,,0.9868591710744349,0.9846074576412328,,0.8924504950495049,0.9169196976548872,,aedc6dab3debab63ed2639dc17103ad650d4dd41a6f7227f09b5480b90de2c40,c6a48a56696dd98f5974f241bea8c622141074f956d3aea9336d15b028b45f33,67eb798b5791c805e57f41e87e7a676e4212fcc6ff8ced08088eae5ec887830e
rural-overcast-cab-view/0006,rural-overcast-cab-view,train,38644,1180,5275,2028501,43919,39824,0.8568704405862658,0.9703696263559662,0.8798925294291764,0.0,,0.9816114391684154,0.0,,,,,,,,0.5903036760788493,,0.8568704405862658,,0.9708636650813802,0.9879006451432069,,0.8873220384836495,0.8858775617839816,,3db1516a2e0c1874fb0dbb51d803925befe045e5d166f68c67d2511cf052796a,940de9fc67ad22a2d27c9fd4769b827173ef23421ff12605affab481c6876f00,0479a87cdc032316431d01a67cd341cdb2b6d5275c0eaf9c733cc101a399aa30
rural-overcast-cab-view/0007,rural-overcast-cab-view,train,68857,16828,6282,1981633,75139,85685,0.7487142127067318,0.8036062321293108,0.9163949480296517,,,0.8709827837973814,,,,0.0,0.0,0.0,0.9081814139617608,,0.8747247443516033,,0.7487142127067318,,0.9546702251497686,0.9881255947361827,,0.8892777030058322,0.8894545078684204,,9ae138fc89678cfcd1474b9bf8cc396de8f0e6e2a43775c082e7fd324b1e9972,891237312b4d761a97244527dcaa04a9f26810693ba55afef12aee4046a931f6,d94d38875eb1610390086819626d8e63dbb9b473875297938cff87c89c4e5989
rural-overcast-cab-view/0008,rural-overcast-cab-view,train,63362,7050,17903,1985285,81265,70412,0.7174545660420087,0.899875021303187,0.7796960561127176,0.0,,0.8938163106010234,,,,,,,,,0.5761606022584692,,0.7174545660420087,,0.9862059826636452,0.9886437703685134,,0.8563523752633068,0.8982160381637971,,7bbb672efc6998e2fe07036354809c380b8c0b38f55bd9aae1815308defc4ec2,572a4409042ef311e85d6fd1234cae3c76099913c9079cb702d3f5aabee1808e,02e9d0be8ffc575d77cd02e1d4b18ffecb04f17648ae8194dd18a63181cc8da3
rural-overcast-cab-view/0040,rural-overcast-cab-view,train,23257,1238,14825,8206249,38082,24495,0.5914801627670396,0.9494590732802612,0.6107084711937398,0.0,,0.9249174228584215,0.6906674534311424,0.2534562211981567,,0.6863045141545524,0.33889100092326074,0.0,0.7614717112113849,,0.6677109718704173,0.6903460837887068,0.5914801627670396,0.0,0.9824418107922992,0.9910117411171148,,0.8696674405193192,0.9393615922316725,,021941b66ec27bb2fcf79d061d8aee08b9c3f292d08a9a7405a19e299c832db3,03d7ca34d25d285c9c357971931e84b25cefeed2da79cbebf813418ebcf853ae,293eb0b264d80e973a71ed211daaca720114dc3c5e6ba491deb839e93cbb5acb
rural-overcast-cab-view/0041,rural-overcast-cab-view,train,0,274,0,8244349,0,274,0.0,0.0,,,,0.9577295739462051,0.7340021247317348,0.0,,0.7165775401069518,0.0,0.0,0.838560914747781,,0.8228162240280509,0.0,0.0,0.0,0.975497925328521,0.9887947748148619,,0.9202999651203349,0.954549823365914,,ff35eda53bd2422223f5fcafb02cea4c44b441958325638de3a11790243b67c9,5eb16e71bb124361f4f8652f27e308c52264136dbcb5306a87c2f883c5829c14,3e312eb0ef629e53a95563bb6c9d35fd5af9863dec8e704ec738cd8fe9d63a55
rural-overcast-cab-view/0107,rural-overcast-cab-view,train,18474,415,20902,2033809,39376,18889,0.4642758412706391,0.9780295410027,0.4691690369768387,0.0,,0.8349405456316291,,,,0.14939024390243902,0.8903480328577604,0.7170060982625704,0.7281553398058253,,0.5592392701105114,,0.4642758412706391,,0.9740433159565196,0.9960963103252229,,0.8207926291371255,0.9245821054770856,,215b77d9cef9cc3af93c75d0f03981fcc3de1a90d89599e881fcd4a81e39bf3b,1f2e13eacc67db4ccc1b1898b2ee9de4f5fe5b3c921e281eaf6efc3968a779ed,8381b8291fc6979561498c1112752b98c37e8eebdb067299506359b99bd49712
rural-overcast-cab-view/0108,rural-overcast-cab-view,train,74850,6866,13600,1975639,88450,81716,0.7852826388014604,0.9159772871897792,0.8462408140192199,,,0.781226038177489,,,,0.4068965517241379,,,,,0.7941860975716858,,0.7852826388014604,0.0,0.9843405827598835,0.992674363703792,,0.8881567589342234,0.9439167109962763,,c33b247dbf2b4f39cc6e562b021c46ced689391a1b60185e8afc0ac60fed379e,3675771437023b100d1903dd7728f510a010fd931101a1229e30d896793df2e6,4d8185ce800559904d40bf9151af2af99743026c10ae25b218d746f252faa7b2
rural-overcast-cab-view/0109,rural-overcast-cab-view,train,54056,6171,4261,2009112,58317,60227,0.8382334697928296,0.8975376492270909,0.9269338271858978,,,0.8998476273400087,,,,,,,0.7116564417177914,,0.8140999865969709,,0.8382334697928296,,0.9881844659036877,0.9818192706571977,,0.7702178030303031,0.880688327624409,,f38954f1bfc9fe50b963723a16b16b8d3f9d7362875393e41e5e9796dd413c67,b5d03c87f28738bf1880863f87f22ad418d106faeabc5b621d3e22fd19e4352f,4a6420d68c7d9d7b58a2a53a7a9048b1f7bdcf3241b717f8165586f1179e29b6
rural-overcast-cab-view/0110,rural-overcast-cab-view,train,131245,5688,7349,1929318,138594,136933,0.9096422284138007,0.958461437345271,0.9469746165057651,,,0.886573354069466,,,,,,,0.8874364560639071,,0.8662338497139551,,0.9096422284138007,,0.9874709553966012,0.9803447341708527,,0.6959459459459459,0.7519048826378788,,fdf24fc27e07ee485b7222ccde914085e8f087aa8259cc0b90e6f71e0a387ffc,6ab6a5d80714bfdca09a693d2b6ef8354c1298f4d007435af886bdf54a27984f,fa23c00e81d275299630b22d415250aa668b568f69f2c03951ea9fa485cf88af
rural-overcast-cab-view/0112,rural-overcast-cab-view,train,64401,14081,24441,1970677,88842,78482,0.6257201985950662,0.8205830636324253,0.7248936313905585,,,0.6947834334492571,0.0,,,,0.8161071605754919,0.0,,,0.6793103448275862,,0.6257201985950662,,0.9829553343579284,0.9831765505229815,,0.922383619180959,0.8889760878965998,,8aa93fc1231db8b4b0a120906afce6efe281b5d722780d8cc957032da6e74746,7baa1b6dd76fce960eb947f27e2990725c86a6f5f51c52791202dfad46733104,ddbaf4714594970e2ea2ff356072c06b6b6ded98d9ae8560b6fc426b41c17265
rural-overcast-cab-view/0113,rural-overcast-cab-view,train,54476,21681,19986,1977457,74462,76157,0.5666143140946299,0.715311790117783,0.7315946388762053,,,0.6814307651127735,,,,,0.7953391725190037,,,,0.9345523273702255,,0.5666143140946299,0.7321996428875096,0.9601048523935232,0.9946464809754674,,0.8877751399513467,0.9102503277358137,,ba958581ca15fdae026c4dc5918bbf409fb30ae6ee8593531607b3d3640ebc46,5619cab770a415ce98a48e4bc99f46359818dd6c29e09c86f079b60ee7199d99,7407c8ac053c6ca76612bee7f7866e4b34b700a096b97db96b2167d0565a7ff2
sunny-mainline-cab-view/0124,sunny-mainline-cab-view,train,36227,2429,42683,1992261,78910,38656,0.44538290365015554,0.9371637003311258,0.4590926371815993,0.0,,0.739550313824441,0.4690072468866531,,,0.20949681077250176,,0.9288768546539409,0.9017845302481282,,0.7360547152573342,,0.44538290365015554,0.0,0.9088624280504416,0.9740888220842623,,0.45477285564431535,0.7590435143719766,,7401f5fc76b6fc6c255d1dd4039a55eb15e32ab20cd3552dcac7878a8a74eb88,a7a2df50102d7e802732022e8559ba0e3680e8389a3d28775fdcaa5b3fe675c0,a10e4aefa27ca33bba41cc5b34f64e2d176963cd61d288e28cb9026967c5fbb7
sunny-mainline-cab-view/0126,sunny-mainline-cab-view,train,24225,1158,9280,2036570,33505,25383,0.6988719960765081,0.954378915021865,0.7230264139680644,0.0,,0.8369983762468105,0.7388774926858795,0.0,,,,0.0,0.9464347944191964,,0.7017032720753026,,0.6988719960765081,0.9614894906345111,0.6803952364251841,0.9784687284687285,,0.7595403380789897,0.8819877425199176,,a1e2fc892f0b131c74ecceb67559b53b91457b9cf91503592486c858fd335277,5e9d2acebf57172d5210c5c3b720a337687a9f178fad0f7fc5002f71acbe4474,132873a1faea0f1a2ac4005d2337a0f3212b9e0602c98d37ca4cc72fcc5ab9df
sunny-mainline-cab-view/0127,sunny-mainline-cab-view,train,14807,600,10096,2048097,24903,15407,0.5805983609771399,0.9610566625559811,0.5945869975504959,,,0.8471407730878104,0.2990638002773925,,,,,,0.9376200425024435,,0.7328764811126489,0.0,0.5805983609771399,0.9111353666824556,0.8306944013246403,0.9714890307153556,,0.811123059381704,0.9055841101708717,,0d4cde05aed2bd4fe2170c8e306ae84b426e1f4e3c8d7f9b0b0cb271454f8c9e,3a2f62b80bbbd8f815571d25354fdfb14621d54793dd0bfa6cc4afdc37595e4f,889d35749f155708160a3476af165c2c6dd16af0c3f072030deb68dccacd3398
sunny-mainline-cab-view/0128,sunny-mainline-cab-view,train,11941,450,11072,2050137,23013,12391,0.5089289519669267,0.9636833185376483,0.5188806326858733,,,0.8980680103309852,0.6529094764120384,,,0.6577235772357723,0.0,0.632163936939469,0.7635914112853702,0.0,0.6516096009359633,,0.5089289519669267,0.697459054033369,0.920895589762109,0.986243138304994,0.0032258064516129032,0.7746712091509488,0.8449630015304271,,24687c346d035f3bef72afba9b140f03eab022e4a90af673afe81fa9f274787b,09bf5c31ca2833eea50b69d465637fad45ede0f027180c676f50e73c26925838,61ca0de8f888b8c55c41a76d5552dc0a15882d83e31b227b1d0d22fbcf9dbd97
sunny-mainline-cab-view/0129,sunny-mainline-cab-view,train,17942,1622,27150,2026886,45092,19564,0.38408185982788884,0.9170926190962994,0.3978976315089151,,0.0,0.8535547148838883,0.7038664626640745,,,0.6492890995260664,0.7285646047289228,0.7776970495078729,0.8165797212428676,0.8294696729120355,0.7610796988834881,0.0,0.38408185982788884,0.7147788983708301,0.9107934625079518,0.9838228111528742,0.6,0.7415710373947033,0.7808838310365805,,e52ffee04497a5939bda202788429a87b3560377d2abd91af07b4286a26b89c6,5d694e9c15aaefa0b7665df2c9da8584456f3b3dac39535757253b4487d820f4,6e8efc64a6767cb3ae68cb2b694065aee3491cad8c441c46eba3da1376bbf5db
sunny-mainline-cab-view/0131,sunny-mainline-cab-view,train,16242,920,26935,2029503,43177,17162,0.3683243758078781,0.9463931942664026,0.3761724992472844,0.0,,0.8006629612268131,0.493422588931268,,,0.18523489932885906,0.7023305084745762,0.573882960009382,0.7609673416013526,0.44725028058361394,0.7347017910998954,0.0,0.3683243758078781,0.7864417213491366,0.7944832231202548,0.9524624384086993,0.08277703604806408,0.7192469415652957,0.8822309856868422,,6ed3b7e372d8d5dc78b215af5af6f4653456cd41ece09177eab1178a747e70bc,af8d2a04956dbfdf21340cdf110d0b9d6e2829237768690ed087162d1ae36165,c1b6c912c98c07a99acef0c9343af637929801fef879bd60909d1cbe2666bfee
sunny-mainline-cab-view/0132,sunny-mainline-cab-view,train,8807,728,5068,2058997,13875,9535,0.6030952543997808,0.9236497115888831,0.6347387387387388,,,0.9193119970834093,0.0,0.0,,0.8175248419150858,0.6958529286019667,0.0,0.8636271170301633,0.3124287343215507,0.8172100731347047,0.6687009590235397,0.6030952543997808,0.8449657246984641,0.7288377633618462,0.961758026750981,0.0,0.6485548513312519,0.8392208390186929,,e153b7e6bd960d596c08d639a6b6e83a0851899aff6c01d8e6bfbba8b04f29ab,204c422aa9c44f8b7d5b2eb481af1e29fa4744c6021070e0d2662705e7e0189e,306df572d62453418e7cae3fa482c4006d80d61bc380b3049e94fc2858d50cec
sunny-mainline-cab-view/0134,sunny-mainline-cab-view,train,25188,1204,10675,2029566,35863,26392,0.6795262632530283,0.9543801151864201,0.7023394584948275,,0.0,0.897566215450106,0.25593910971015604,0.559720139930035,,,0.0,0.79240554215728,0.9104960605762384,,0.7373601119104716,,0.6795262632530283,0.7749673865777649,0.9306368056215747,0.9868682131878974,,0.810926308121889,0.8642598526780141,,9e4b1e6f4202cdfc0d9ff15e1ee6eb32270e1c0e88b7b7842be2345e74dab6f2,ca7f11b3b53842677ff683a60af0909d165f0e7bdad70e86ec532fdfeacf5b09,e317b964e1fd26a9d3a12e7fd48af8d6ad48c28b73bed11c85ea1844f60b71cb
sunny-mainline-cab-view/0135,sunny-mainline-cab-view,train,15315,2041,2598,2048360,17913,17356,0.7675152851558584,0.8824037796727356,0.8549656673923965,,,0.9407309933668125,0.0,,,,,0.908264711789516,0.8575359987596659,,0.6395957408410035,,0.7675152851558584,0.0,0.9604203522892499,0.9896163094673447,,0.8573499910620295,0.9172140678162448,,917d7fdbcba14ad98f4155259ad4945453a4e76aecab144bfdfd515d95e55343,b6a73b1f8244f7439392be7102f2da394460911d789962cefb50cf25cba65757,2edaaffa5e3fc476f5cd7c02640d2e3d71756c62296913d3e9a96ddbb500df0c
sunny-mainline-cab-view/0136,sunny-mainline-cab-view,train,53117,1636,34201,1979260,87318,54753,0.5971288531150932,0.9701203587018062,0.6083167273643464,,,0.8687893413845398,,,,,0.0,0.804685546944752,0.7886750770304052,,0.660942358287491,,0.5971288531150932,0.8769963297291935,0.9730605868639076,0.9725890381079987,,0.8441087406545653,0.8802899177845088,,23d8b5534877bd891ce5b404ae30036f3fd3a3f9769fc5d17235cd727642067e,197fc8d7bbdc4022d9b5cf5e18eddfe930bc031adbc821b3fb7895aef544cda7,1400694d4fe2a3350076ab8899c64d8af75b70185df39ba225ce60ffdc793985
sunny-mainline-cab-view/0137,sunny-mainline-cab-view,train,17050,2414,7183,2041686,24233,19464,0.6398468870792209,0.8759761611179614,0.7035860190649115,,,0.9224636037310345,0.0,,,,,0.0,0.8472801668806161,,0.6680125616868551,,0.6398468870792209,0.8201404594691108,0.9678800979143106,0.9679196720300844,,0.8182086648368829,0.9277686063365668,,a171edd02bf21b2bc889ac8ed17fe30fc47d76defd59a637e236ddadf0c76f27,fe62d749e1463b1b2a02805ef816e5e89d973e53a5a2098c5403781be1646e52,fb63ff26309fd925412fc2a597270ee629a140841f2d887b1aa674a514f47dac
sunny-mainline-cab-view/0138,sunny-mainline-cab-view,train,6243,3447,562,2058098,6805,9690,0.6089543503706594,0.6442724458204334,0.9174136664217487,,,0.945863614604639,0.0,0.0,,0.6388888888888888,0.6383244409127029,0.8540971643035863,0.6711267605633803,,0.5234051512386834,,0.6089543503706594,0.9162464322379035,0.9361999797727809,0.9866718167840723,,0.8535654956008122,0.9569844669872961,,461bdcfd80571cea432e10e0947270b1a03bad21b5efa4efc325d700d1107bed,9b93de1d6c571c4679b4c6c166281098003c47dc20a9bc6e8725f6a2cc661d97,2e0c0d2a822ef8106010b2e3f81e3cd1212a896bc458131a799f0262cd01ca68
sunny-mainline-cab-view/0139,sunny-mainline-cab-view,train,24862,2284,2899,2038295,27761,27146,0.8274920951905476,0.9158623738303986,0.8955729260473326,,0.689121784453287,0.8684089302166135,0.4240780911062907,0.0,,0.913064133016627,0.0,0.0,0.7787791673661238,,0.6395435995669193,0.0,0.8274920951905476,0.0012628920227320563,0.9344189137683699,0.9827222335478736,,0.7872475512689535,0.8361544721461863,,ea793969cdff22d7aeff4460d14cafa8007c32c5650e6cd3586775c958a0754c,f04ffab6071b224aa9cf94458c905bf5c66f7c4a9f098d0f1151766a202c3e74,e00720267b2e9db9e1e04f94e7e9e7174476af8cc32c81bb0c02515975f8e1ff
sunny-mainline-cab-view/0141,sunny-mainline-cab-view,train,19867,2657,4094,2034747,23961,22524,0.7463746337065144,0.8820369383768425,0.8291390175702182,,,0.9655698436712052,,,,0.0,,0.5448172258387581,0.0,,0.760371817170882,,0.7463746337065144,0.749212897622408,0.926250001454268,0.9409303750045747,,0.8635422731095155,0.8891120552504373,,2ab1618bf2232f7953374c7ff9fd6dbb5957a1d11d887a1004faeb1f3bfa8241,c5b7bb11d7a16e11ebd4ca5f2cd8e58e6b01971995825dc7db8b90321eab5861,88a0ca5d6252283957a93ac9de616cc7b96a3ce924ae6c112b401ff07bca76db
sunny-mainline-cab-view/0142,sunny-mainline-cab-view,train,22822,1253,6273,2037806,29095,24075,0.7520100171345723,0.9479543094496365,0.78439594432033,,0.0,0.957663871254278,,,,,0.6914255929111285,0.852375307741406,0.7436027406837726,,0.3877678385687539,0.0,0.7520100171345723,0.0,0.9655906353457885,0.9893781743473572,,0.9011305970724786,0.9305250542845406,,f9d4c3db5d27a80539d7e059e63c85bbda048e2f6d73d48e3b0e6d2541a023d4,8fb3a3361b3cedcbd74d9212b40445c40b7c34a84d64dd303f61a4d2c72154c4,7304222f6558089348de273a5785ad18527e9e33f051b7677ee119480ce374ba
sunny-mainline-cab-view/0144,sunny-mainline-cab-view,train,686,1239,8900,2057307,9586,1925,0.06337182448036952,0.3563636363636364,0.07156269559774671,,,0.9036914761049344,,,,,,,0.2837736789631107,,0.5525629887054735,0.2665121668597914,0.06337182448036952,0.5401182432432432,0.9558537040859454,0.9656590052600796,,0.8101395530399141,0.9488284272318799,,f6b634ec6548b8bf98554aa0ac61f40eb22ae85f7e7ae26d084ddb9500ae7e5d,d70ab00d52ae34ae6f1b770e428d1e0b4ebbfa4bfaccb7ed34e4430ca49985c1,d918d37e3fd069568b250610a3d5ac4e94f03e0933990e35d5d27086f5282b33
sunny-mainline-cab-view/0145,sunny-mainline-cab-view,train,19102,1370,2933,2044884,22035,20472,0.8161503952146977,0.9330793278624463,0.8668935783980032,,,0.9737199621098813,0.6349285580582766,,,0.0,,0.8415561737895111,0.9642090117540018,,0.0,,0.8161503952146977,0.9217960180186376,0.9671126790861765,0.9896822147039728,,0.8810189326177699,0.9423249771097528,0.0,fcdb2f1d198ca40299c924da55b12732604c2030a0db21c6f4a86b3b5c804d35,0f953934d9f0f4da7cb3e46c89d3d0dea61aa9ac24ad33f176a47e6ac7dffc3a,e86fcfcace6ee9ab815fde4e08eff643dfb2ea2607b9bd25225e14922493f9c6
sunny-mainline-cab-view/0146,sunny-mainline-cab-view,train,28717,8410,13980,2016977,42697,37127,0.5618995440937641,0.7734802165539904,0.6725765276248917,,,0.8846772751653853,,,,,,0.0,,,0.5422580232706815,,0.5618995440937641,,0.9732882743011142,0.9731129287615105,,0.851709422512129,0.9215102371583952,,144ac7ace9587dad2bd7d7909441c0b2eb1b7a5fd5d975855c31e6f54006cc89,f882a5279e95b63882b306a0fdd968e9c3131a2864242474a7e561142a4625f7,0a8ad12bc0080eadb42b63f79564a65be4cfa20be93034ec05c36d0c994340a9
sunny-mainline-cab-view/0147,sunny-mainline-cab-view,train,4858,299,1114,2055477,5972,5157,0.7746770849944188,0.9420205545859996,0.8134628265237777,,,0.9436666882075444,0.0,,,0.0,,0.7847455351148114,0.8711117725852061,,0.5732503888024884,0.0,0.7746770849944188,,0.9836469606457471,0.959645958714787,,0.7774261097523938,0.9352721657444344,,6cf388fea166cff5c1481f523509bf3d72656e5aede0964f0ec6b15e88adea19,7b9aac3b84942b85ee007ace3e8af52aabc5de40a230c86d1a4772b298d5eefb,1d3aab0c775dae926c17c97b5a476029c308f25a1927953190191af598f55e35
sunny-mainline-cab-view/0149,sunny-mainline-cab-view,train,9610,2357,879,2044658,10489,11967,0.7480927915304375,0.8030416980028412,0.916197921632186,0.0,0.0,0.8996618118848966,0.5858966310943712,0.0,0.0,0.2946298984034833,0.7911037588456943,0.4778934957752014,0.7822622284947162,,0.6749477074272054,0.0,0.7480927915304375,0.688422247446084,0.8461399389318429,0.9623620164153377,,0.7624343719904315,0.8549402916877632,,0f14ff36a7fdb27af6f7ec8cb353e753e159bb3b77aab52a80b13fe6937791bc,95eeab01f27c7865aae27495154899df43286c06b43e8597c1f0977fd2a195ba,0d37a3e8290368450dab13a6e2dd1e113673f45d0de379391796b469b8713a8b
sunny-mainline-cab-view/0150,sunny-mainline-cab-view,train,8825,2506,631,1997183,9456,11331,0.7377528841330881,0.7788368193451592,0.9332698815566836,,0.8254716981132075,0.8426934898016205,0.042328042328042326,0.0,,0.5842293906810035,0.036210018105009054,0.6333699780131921,0.8740031317140672,,0.6008154364007017,,0.7377528841330881,0.8139543170723016,0.8571260913564951,0.9923288053163102,,0.690412593034413,0.7938078236447573,,d4d60368183c52383216b6039fb814147d7720ff8a5ea3c97e9222f8f0eb8937,a86f9b31137c2cfe325672053454e95f6b6fe1b769e9835edbcd61953940837c,c11118942832ee39f3a4276a249329ee15e3e343d7dc456ea1a28f5670111595
sunny-mainline-cab-view/0151,sunny-mainline-cab-view,train,4322,14953,19162,2027689,23484,19275,0.11244373910554933,0.22422827496757458,0.18404019758133197,0.0,,0.8308709378497531,0.7854644780843949,,,0.3385012919896641,0.0,,0.8539991388439562,0.0,0.42258644478822593,,0.11244373910554933,0.7866229777477393,0.8429458545888135,0.9871599771732927,,0.8484152760667488,0.8660457103607196,,4b1751c125ecc67afaa53eb1d7655c7a5ec051098de588dcb48ea4bc9cd3c5fc,e80f258a53d0d5624f90e47a73ab2a9dee90a2261893f9f06968830e26e1fcae,2e7c5414a9446188d7e8438dea522a7612ca5514fb3de29a666e30bee2022457
sunny-mainline-cab-view/0152,sunny-mainline-cab-view,train,7878,1627,4526,2045833,12404,9505,0.5614710284370323,0.8288269331930563,0.6351177039664624,,0.0,0.8975741780272655,0.5664232598646748,0.0,,0.8304364619544226,0.0,0.7591831652347155,0.8326865484799754,,0.7226826198532176,,0.5614710284370323,0.8589804093727706,0.9033547216478125,0.979602180695518,,0.8487271810467764,0.8837484098639004,,7c244faef1d58c7c544581c4aaad579ceaddaf9f4f8593f1c642198319e0f064,e45440ffb717bc4b598004779ea15e237e1ba4c9c73cb27cc0b96794d8e4bd3f,a98fd9119a9dd88a5059b1e228a8303fdbbd8d1a71dc41bebc8c3077af5a4f01
sunny-mainline-cab-view/0154,sunny-mainline-cab-view,train,13960,5597,2218,2046355,16178,19557,0.6411021814006889,0.7138109116940226,0.8629002348868834,0.0,,0.9543343653250774,,,,,0.0,0.0,,,0.529434622109967,,0.6411021814006889,,0.9713906678143038,0.9158077326099517,,0.9174149261500423,0.9484388556490777,,6ba5f4dc3a08179c05592eb64e30da7a3ab0f61eb7a134091c4cb022c307f8ce,dac38095dcbe26280a37351991f196700cc6958b431e99192616e9812ff695e5,fc359f19beefa7737b183bcc432a7bc205beb34ea39c79c257f6024ea25fe8a7
sunny-mainline-cab-view/0156,sunny-mainline-cab-view,train,8907,2489,773,2048240,9680,11396,0.7319418193771058,0.7815900315900316,0.9201446280991735,,,0.9698159416264802,0.0,,,0.2028985507246377,,0.8139861927895679,,,0.6336654431043524,,0.7319418193771058,,0.9720263640474995,0.9798774682922335,,0.9136865549909028,0.9338158310521928,,2a9b7f9f2e664a6492b210e6af5c8b3238a3d01e1f1d4f0c3506e92519ad0942,66a96574320f6eba811a83566a23baabbb50e25574efd274b18cda96e0b42442,2eb4e43440a3b4030b7e6b4eecf1c4026280c1d934d77ec095cff03715524d89
sunny-mainline-cab-view/0157,sunny-mainline-cab-view,train,22089,9986,1215,2034924,23304,32075,0.6635325923700811,0.6886671862821512,0.9478630278063852,,,0.9457253116960221,,,,0.0,0.0,0.5454199731257764,0.8333096287868013,,0.738857501569366,,0.6635325923700811,,0.9576803473013332,0.9890641260697022,,0.8985625723823149,0.9318696623997065,,8e5da439095b7bf529ca9afbcfc297a86c96a3820aab657ef461687e06417c1a,653339694928a859f447c43e42320d1cd6503d7f644d3150a77a5274d8828e61,7ac08b4f77f2cd5041536acf3ad43993905fc485f03873329a9e8c64a5b25c49
sunny-mainline-cab-view/0159,sunny-mainline-cab-view,train,16419,320,12710,2038685,29129,16739,0.5575401541648274,0.9808829679192306,0.5636650760410588,,,0.9667295276260821,0.0,,,,0.7973721590909091,0.7378382865681554,0.9193185018304703,,0.5377720870678617,,0.5575401541648274,0.0,0.9641802285361031,0.9913519453315477,,0.9143187958317252,0.9139259757542079,,0857b1a64422a748f3a1acbe2298b756354dc4e916a3e35065e7c7c8aa443cfa,4ceae0fc8775704b3c9b4c6cb0569eb7ae7807ab7173d390aef59f35ebbfa6d5,9e72d350554da130bf195623b35c02f4dd303a576041cb7d044dd76220f1754a
sunny-mainline-cab-view/0160,sunny-mainline-cab-view,train,21579,5288,1091,2040494,22670,26867,0.7718363259174476,0.8031786206126474,0.9518747243052492,,,0.9573434396761948,0.0,,,,,0.8172008886067915,,,0.6056648887254,,0.7718363259174476,,0.9726180638139197,0.9866879039962786,,0.9003739837398373,0.9371869902004404,,3f99be5f7928e5a01c3e2e0da7c216742c167125a2f4df4f9eda959f3e86453c,0a56b4e26f053587a8b41fd98b7616b82f50a413ce7a4279e60244a66493f498,81503a63db3f7c2f91d3f63fa321564ae1f74d527fe1755beb63dedc7f56af13
sunny-mainline-cab-view/0161,sunny-mainline-cab-view,train,23034,4195,4262,2036731,27296,27229,0.731447080118129,0.8459363178963605,0.8438599062133646,0.0,0.0,0.9499837731232993,0.0,0.0,,,0.942293548292195,0.7752907439859805,0.8217872101785808,,0.6269552174844654,,0.731447080118129,0.0,0.9406996844718138,0.9919352843678104,,0.9016322156823159,0.8994749325770093,,016395879116dde76f1eddcc264a67c3d1fb136d9a0f2d92b33ab41044c4e774,fd25784fc16a2a7c6484ecbbec6bf22a4a6695dd9893e771651938776bf7cb23,d92faaebe99f4f2cf647a1f49cd56f6202b271d49e0b487fab3d5aff0042e783
sunny-mainline-cab-view/0163,sunny-mainline-cab-view,train,46537,3059,12993,2005518,59530,49596,0.7435332087107959,0.938321638841842,0.7817402990089031,0.0,0.0,0.937141319290385,,0.0,,,0.9278231006651113,0.8461908195145398,0.49116101290014336,,0.6725186104218362,,0.7435332087107959,0.0,0.9511770933803395,0.9921880879044458,,0.8870666813000737,0.913579364512107,,53c1f0e23c023af87bca8d7c925f1118fa6e03bf34b314ab0e901d159fd525b9,3d556e7e8af20a6eb6d546badc61b9bcb432ea8ba8a43cb477c8d637a41abde1,0103306e5d22fec920a36190ca6a911c9167cd9999792e661df5f95dd933fc71
sunny-mainline-cab-view/0164,sunny-mainline-cab-view,train,34530,5244,2395,2026075,36925,39774,0.8188479688870972,0.8681550761804193,0.9351387948544346,,,0.9470399079308127,,,,,0.9391474284624796,0.6010615251299827,0.8890268233207714,,0.4664257753688648,,0.8188479688870972,0.8829769763851939,0.9620186121794102,0.9940308413195319,,0.9069895345548258,0.9350154986167027,,dc2322339b57aed5805465301755b9054b87fba047b608e05ae4dcf959232006,b8dfdef270b26830890c889e0d2ed1a2810389a780bc38e7fb91325d5f8c46e4,21139c16fb5dcb8995c0922461331b052eafcaf98f4dd69d220cd748712aecc1
sunny-mainline-cab-view/0165,sunny-mainline-cab-view,train,20238,4085,6746,2037153,26984,24323,0.6513888441855226,0.8320519672737738,0.75,,,0.9423310170562224,,,,0.0,0.9451980466630494,0.7886602198528804,0.6896519892919782,,0.7212044154192915,,0.6513888441855226,0.6446990030674846,0.9315882596954023,0.9944204004027579,,0.8848963837706199,0.8863467248200512,,ed03205def575f68a08e90b5040e492f111657b011c4a09ea8773bfee95ae4f8,fa3e6142522787e662d35be413398957686c954919d06b8e8d93c33dea075c91,8885a18b6c135a228fd145b058c90d7a520fd59eaabdeecb85dfe92a0671ff70
sunny-mainline-cab-view/0166,sunny-mainline-cab-view,train,20699,3346,938,2043201,21637,24045,0.8285233959092183,0.860844250363901,0.9566483338725331,,,0.961872380600014,0.0,,,,,0.8216885007278021,,,0.7283404101544855,,0.8285233959092183,,0.9736410538656357,0.9871372253345373,,0.8894960635152642,0.934422645192777,,4cb25bc7ad809534409bf310ce0bd9621415dfebdaa38bfbacf278916ddd0f64,7bb389e1d2b5f1a73758fb068f5545e4eea28989d63d1a5b7b38e375565b8f9d,a0ee749376314860c28513718f80bb0a94b8f964f9a1b895f203b5d140d4dbe3
sunny-mainline-cab-view/0167,sunny-mainline-cab-view,train,5472,2101,129,2057592,5601,7573,0.7104648143339393,0.7225670143932391,0.9769683985002678,,,0.9735731103353089,,,,,0.9128651031780051,0.9422626387176326,0.9166278395854404,,0.0,,0.7104648143339393,0.5485658628333445,0.9226741090401064,0.9870619183828576,,0.9074103867687754,0.8904757938649063,,ea08f07ca095ed6d035d6f14b8548f69a14bf8d6b49efbbdddf5179bf9ef3009,145a765c10390d86c2b694571a1204ba36f373aa962a6637297cac9712e31330,0215d749396df5ecb22e058643512e56e04dbb090248ba0f6cf638f4b410262a
sunny-mainline-cab-view/0168,sunny-mainline-cab-view,train,22345,2162,2533,2041236,24878,24507,0.8263683431952663,0.9117803076671971,0.898183133692419,,,0.9575456349332943,,,,,0.8598665870171247,,0.8130882306651138,,0.5509785770960064,,0.8263683431952663,,0.9617487994807746,0.9903828659760192,,0.8766794857354338,0.9224704759680621,,72b8f6a32917f9b4cd7edbfc8b38900c94a094dd308a81ee17ec8c715bf8a875,a7bcce9f412f7e553372dab86eeb666894dededfe518eb748005bc49ea92f2e5,4c1042aae291d050d8c7ac0d68ee3ad73f4b4c63e203d01713799917dc83c2ad
sunny-mainline-cab-view/0169,sunny-mainline-cab-view,train,4657,2105,962,2060415,5619,6762,0.6029259451061626,0.6887015675835552,0.8287951592810109,,0.0,0.9727101022047272,,0.0,,,0.9330987052403862,,0.900887537993921,,0.5820127884348067,,0.6029259451061626,0.0,0.9697301675555831,0.9896656626629906,,0.908944113420207,0.9536861851586464,,e50a126b8e9d96524472935c0169644a3000d548dd10622d7dd7837f28b262f3,f1b755542aeea840e9cc6f81d068c5a0f77bd69fcf3208043b1f22f53e24f45f,717a23d7c3ea7fec8b9951ae290fe00413a958a41c3926eb065f78a04460822d
sunny-mainline-cab-view/0170,sunny-mainline-cab-view,train,6176,28,2847,2059212,9023,6204,0.6823555408242183,0.9954867827208252,0.684473013410174,,,0.9615023080653563,0.0,,,,0.956668475680076,0.6396508728179551,0.8669154228855721,,0.4830608627142013,,0.6823555408242183,,0.970405311495408,0.9880583869756117,,0.9024639836267409,0.959173488525593,,3f433ab98d445e66fbd4c3879168f0ff099bfa2f2a0555a496a23ef041827ef6,f96927f39200270347c6ed948d60abd05f38473818010a36c3e3d540abed119b,5600d03c832316ba32166741051f6d7cb2e57988b8ae7bfe3e25c83fb9b3376d
sunny-mainline-cab-view/0171,sunny-mainline-cab-view,train,23005,1050,2131,2035907,25136,24055,0.8785228748186054,0.9563500311785491,0.9152211966900063,0.0,,0.9725347408678341,0.0,,,,,0.0,,,0.8510517389099683,,0.8785228748186054,,0.963257523897591,0.9694053726751275,,0.8695542882279933,0.930252661411604,,f0f37b4a43e03c4b5aef2ec2723b33d29fdeb183e0247dc20cc38fd51708b6d4,1e688561f0f6c93e128b35a18e4349cecaba90e35c912a9a652bd9384b3ad938,4440d3bfac1b3f89431d8390e97d48d41bae857276cdca52bbc871adf0edc795
sunny-mainline-cab-view/0172,sunny-mainline-cab-view,train,0,25780,0,2037669,0,25780,0.0,0.0,,0.0,,0.872687178532362,0.0,0.0,,0.4830287206266319,0.0,0.0,0.8519385161576633,,0.6015669515669516,,0.0,0.0,0.8687042597903063,0.9566769161117504,,0.7839585572568851,0.8695864634911995,,9d1f242981192b866b8c78b235337b3fcd78c0dbb947afbb3861211b73247352,54823e8b93148e0ce4a359e420c1811825ceebf36b89d5b5244374b331b7f4d6,fdc459eaf96363c098a505ea315be73a50b31d3c41a9239296b3791218471f12
sunny-mainline-cab-view/0179,sunny-mainline-cab-view,train,0,0,0,2071025,0,0,,,,0.884260627919352,0.5780307803078031,0.9534409154074389,,0.453390456492835,0.9218879261549179,0.0,0.0,0.9145754894753928,0.9118655958406501,,0.745696525342684,0.0,,0.791687828662067,0.8905084387069467,0.9603754657494984,,0.7579688393367638,0.9499126313521794,,2980bdd5ac578120cb35ad4b8b8f5798eb1663f505b1d628312365558c8e6637,b958f784c717606e08ea8407c83378b8f1011a1964d40f3af6893895ae56d65b,0ad3da871b57f4816ca08a5115d4a32dc674d1f6f2f767abefd04a8e756c7a49
sunny-mainline-cab-view/0182,sunny-mainline-cab-view,train,0,0,0,2071029,0,0,,,,0.8035226523500048,0.0,0.9570961370333193,0.0,,0.0,0.0,0.0,0.9498426460737351,0.9593920500583529,,0.0,,,0.0,0.8609183753020971,0.9206141027619195,,0.6390543709733941,0.8818399316083718,,2b635f17ddb2ba61b77fdcac0499ec5c3d70dea1323a289937212955ea815653,0cc8828785c5fe14362b60478de1e5f431604ebe9fa709d1e5d0907e6a301151,05fcf58f7e79c87ab358f2c6451e10b234c6f4b6b1dd198335b76c0135858bdc
sunny-mountain-cab-view/0010,sunny-mountain-cab-view,train,32899,205945,20290,8035266,53189,238844,0.12695748145746988,0.13774262698665238,0.6185301472108895,0.0,,0.7259961762386719,0.6586605080831409,,,,0.0,0.6070481114345228,0.8535600343841313,,0.8783183689345564,,0.12695748145746988,0.8632369857314178,0.9721249649071932,0.9954974255672139,,0.8598271211378127,0.7551497096098106,,e9abfe7bf5161453fc5c6a86049cec52880047eedd0f46a57ab7b1277cc49105,990e88d21ab52552acaf245a584e26ff692e75484c7e5dbc5d5aa50435112742,3cf9616d4a43bad827868de6b7ad53fa8ae854c7041b732f88008df1a501aa03
sunny-mountain-cab-view/0015,sunny-mountain-cab-view,train,0,15,0,2073585,0,15,0.0,0.0,,0.0,,0.9285464709993012,0.5966152830811295,0.7819335448321924,,0.9211783439490446,0.47655294277558785,0.8192114348010417,0.8466519092418373,0.6907894736842105,0.9043539507539278,,0.0,0.0,0.9723687826944999,0.9936755430974071,0.0,0.8286430361618331,0.8660053180609532,,3b93d1d95ac6a5f591a542a124e5c350be70f114e31e6cec7a46e8b4a97b9840,6e7f43a2f7c7265006609bf1dcac3e78460351b2b9e7e5b8ce65afa922c26e46,e810a680a8f22143276a4a44ce700139012a46f0ea1e0d2258d42ba246041983
sunny-mountain-cab-view/0016,sunny-mountain-cab-view,train,0,61,0,8272080,0,61,0.0,0.0,,,,0.8438580093660855,0.5665438421184112,0.0,,0.9094820849001959,0.30017339171834134,0.04647850854479544,0.7263539939301024,0.9483351474371661,0.7676576551800005,0.7700230864855265,0.0,0.6589897661126619,0.849023961474705,0.9927018197444643,0.8501055940277983,0.7035736031099246,0.6567646521123113,,8e6aa8676c0ac48ee943a84156a1b1ed8c8bc794a99c28a1e37f8cb4a9bcdc54,5809f9590cb378ff7d90e63feb7c96aa0cb54028613b3213627cfb731d161953,ec5c39934496302159c7aad15bb4f2d5137f968909ca88bc580bd140d5910920
sunny-mountain-cab-view/0025,sunny-mountain-cab-view,train,0,0,0,2073600,0,0,,,,0.0,0.0,0.8392160119591396,0.5158664641394796,0.8111684309259011,,,0.5002248959856067,0.6907309105757452,0.8889728096676737,,0.5504338394793926,,,,0.974844888390376,0.9943348305704324,,0.7300299017513883,0.8183645493739036,,0dce3080c760760bfddf50a247fb072413c68e2c1186d80f7d1fa3746e29cf36,cb3329069e4006f8cdcb93fedca0e0e2a147705989f418693e18c17ca5e461a1,a8cbf4744101d39312b7c0f111f6e0c83285e15bede6708e19c3281a86c74667
sunny-mountain-cab-view/0033,sunny-mountain-cab-view,train,0,5209,0,2068391,0,5209,0.0,0.0,,0.0,,0.7937867052515107,0.4501743349669617,,,0.26666666666666666,0.0,0.6969508216171324,0.9669539436852936,,0.7325956937799043,,0.0,0.0,0.9343117764170396,0.9888398528098084,,0.7215096860387441,0.8205922132132338,,056cfb32b06947adeeed7dc38c65cb7ff1ef4f3709826863bb10c9849023c213,b6b8af203ee90ad8d28802048e1d366d4baffcc7ce1219b9d6be9939381c8c23,d3b68b57ac10636c240f456976c8bba9dd97cb650201f3d680f3b98a38801832
sunny-mountain-cab-view/0034,sunny-mountain-cab-view,train,0,0,0,2073600,0,0,,,,,,0.8877609331406098,0.47363366110221816,0.0,,0.8042328042328042,,0.8718941829874306,0.9404931689436854,,0.8795695108457379,,,0.779535800036939,0.9781830782598702,0.9678701240246508,0.0,0.7654086342655444,0.8930790398227791,,2dc7f6d449d2ddd33f5e4373346976cbf0b27a6ad026f19565d15223ed49d7a2,bc7a5b320f7dab08857ca11e167bafa3d56b446389d2893f55a217dad9e125c4,f752aef181a5f38af69e0effaec6d15c93dcd4a40305855689c74a497c3188b8
sunny-mountain-cab-view/0035,sunny-mountain-cab-view,train,0,338,0,8294062,0,338,0.0,0.0,,,,0.9461248858089342,0.47166195126403215,,,0.0,0.9324840962307549,0.0,0.0,,0.8124454654900098,,0.0,0.8177251524937208,0.9676301813051043,0.9824905135396648,,0.8479298935884825,0.7713896823418899,,8f27f4777b424fca3a01c563f2634f985f97ef3cdac8ad2838d194087f29673c,5be87826e74904d71bbeb42199b5fea86f387e50ebd7ab2b54b927d617c7df54,c787ad604975d340b49dedbe2dc25ee22961a4db2d4fe004a6923dbecc1409f9
sunny-mountain-cab-view/0037,sunny-mountain-cab-view,train,0,503,0,8293897,0,503,0.0,0.0,,0.0,,0.96095857610344,0.256215717434767,,,0.31687612208258525,0.0,,0.9323247332162636,,0.6995374653098982,,0.0,0.8159932734433775,0.9889492085817074,0.9690041286478086,,0.8502133362507521,0.9351878607861189,,0dd350c7fad9d51bd0a73412fd77600d87ca6c0306501e202ac13254700718f2,9d1ce541de7ca4352ba4ff606e7a124e75a471cff72ef71e88ad02a2a9a90ee4,e92b41425fcc7a8dce995171f8e1ac7625aee75db8aa5d422f71b85b1ee5c081
sunny-mountain-cab-view/0038,sunny-mountain-cab-view,train,0,67,0,8291179,0,67,0.0,0.0,,0.0,,0.9603650766037842,0.4494917407878018,,,,0.8465810074410113,0.0,0.0,,0.9387744447262042,,0.0,0.8023269178064025,0.985013179479164,0.9867117076082681,,0.8776061776061777,0.9523013823484734,,b5c7a56b8478d6e94f292e36428c999f7d2b159ae6eaa12f152b282c76555c2d,2406fe994c566446c5ec634fd8dcc7c1040d065305fbfaa732a7931592324fdd,a144e4c802f4574d60e29c63c8c02b899b81672abcd930b6526ce91b13749746
sunny-mountain-cab-view/0039,sunny-mountain-cab-view,train,0,978,0,8291393,0,978,0.0,0.0,,0.0,,0.9546207135149384,0.332499485984511,0.0,,0.7966991747936985,0.0,0.9144010874780105,0.3261125397724796,,0.7163570331051823,,0.0,0.7046036711923782,0.9702154592108678,0.9931839083960167,,0.8790102871775022,0.875887282600233,,7f58ce7149cb2d8eecc31b59b6d93c8dcfc39835bfee3b20b04bf3db72ea05d3,78c8b4d93af10de0e8f2d56554823a54f60fac30d234f564b886a8eb4333f684,bf6223249c20e31414dc31a4a6b7f07504cbbe40451d3cd4de0fa40720062b51
sunny-mountain-cab-view/0043,sunny-mountain-cab-view,train,0,1003,0,8293397,0,1003,0.0,0.0,,0.10115606936416185,,0.9596554495031653,0.7464706568661766,0.0,,0.0,0.9632005366732483,0.8590018751553216,0.8723239377745194,,0.9549019459549397,,0.0,0.8480086394697153,0.961345339703016,0.992564860596089,,0.867702301934755,0.9627826483844588,,53014f8bd86d528cd8a95f6cb5412c1b3e34232439908a147b5a50d4322c418e,4eaab9cda8650ba2babcff076fc36d6d2b6939c6b0adc6ec489300cc8289a7fa,372fbf9e7e58a780c9c8bb81b1f8b8114fe9fb03353089e7cd8ddf129ac18393
sunny-mountain-cab-view/0114,sunny-mountain-cab-view,train,7688,2583,10815,2006529,18503,10271,0.3646021056625249,0.7485152370752605,0.41550018915851483,,,0.7035042891038511,0.7426029381336644,0.8777497295347999,,0.9285901124771122,0.3795066413662239,0.5746574657465746,0.0,0.013636363636363636,0.7689107346616343,,0.3646021056625249,0.7719318941449412,0.9653094267468723,0.9782648604407457,0.0,0.8460321645135777,0.8736135530834579,,c007047e3e4cafb0e9f7361205fbbf99eba406c2a2d48c27a1e4841c36d6981f,8bf2e49204f95a90068e333f0f27f561c8caaa1d199d8994120b789c9e587b54,7877d3d93e4fef0440af8dd2ff5aed03a561e28e10ff66ea57b5cf74a4dd0d38
sunny-mountain-cab-view/0116,sunny-mountain-cab-view,train,13866,451,16945,1995710,30811,14317,0.443541679994882,0.9684989872179925,0.450034078738113,0.0,,0.5787405280745517,0.6124182209760657,0.8633651551312649,,0.0,0.23588127134226425,0.7537984213167861,0.8503934966095762,0.0,0.502792220296553,0.0,0.443541679994882,,0.9748820504583094,0.9940130493016845,0.1276595744680851,0.8659770881993104,0.9292756966790116,,4aac1243132852bdd2e0dabe350ac2bbe6e1bff145fdb607bed02285a2a5b3dd,65c6488c35a0d05cdfd929bc23b6b32abeb819eeb16cdb7a777513f2413a5fd6,0d683a98a3cdb34c2f565961b153f3dfde26002e9ca54c0a5b85dbfdb38add77
sunny-mountain-cab-view/0118,sunny-mountain-cab-view,train,34685,2275,18727,1965238,53412,36960,0.6228563219422846,0.9384469696969697,0.6493859057889613,0.0,,0.6252134099022194,,0.8501450209474702,,,,0.8776183473111014,0.79766576369022,,0.8032808748999734,,0.6228563219422846,,0.9806262745545571,0.987154419690592,,0.8381776533469076,0.9055946949100452,,1c5790e05968d7a3413632eca28a9951451130120ae6c3be0d9fb3662522973e,1cd265503b0eb3e1bc1a582b1b92a959765ea51554f6d98ccfd630d4e95830af,68cf5648bd69bad8d3a033b295670c16e743eb8270f62b39b615e753b715e349
sunny-mountain-cab-view/0119,sunny-mountain-cab-view,train,3892,2148,3746,2018942,7638,6040,0.3977110157367668,0.6443708609271523,0.5095574757789998,0.0,,0.8841113440028208,0.8076878679441302,0.869683257918552,,0.6031746031746031,,0.8608427831443372,0.9134800800436602,,0.6704488149268785,,0.3977110157367668,0.7402597402597403,0.9880821086734896,0.9933069792247659,,0.902526337322287,0.9779559774159234,,cb92b7934e948289bd873fc48056ab1d859792c8b97117109824dbca1535e0ec,107b44c08f0c38f5a9ba166fba98d478ab8f48d2b62eb4ceded7874beeeec550,76ad674e8297b83da025869c71f0d4df32edaf036a0874991fd185bacad23d1e
sunny-mountain-cab-view/0120,sunny-mountain-cab-view,train,6149,4439,11314,2005628,17463,10588,0.28075061638206555,0.5807517944843219,0.3521159021932085,,,0.6659697882719465,,0.9266821981636288,,0.7108753315649867,0.0,0.8733061012773131,0.9281499871034304,,0.785066830542326,,0.28075061638206555,0.0,0.9875356328009663,0.9933377451245206,,0.8899714952060119,0.9830729307455263,,dc94d0155312b343e6ff5abae3d13658ce6e2e68d85a1e19ae327502112c7ade,afa9a3373ccf70a0e37bd2feb0bef0ad4e2e5e4244f0bf9b769d466a5ef8f799,93dd2122cd88db1626170c8d84b83edbefab80bbf316607bbfefd400b85db923
sunny-mountain-cab-view/0121,sunny-mountain-cab-view,train,39540,38,31774,1956905,71314,39578,0.5541540531449715,0.9990398706352014,0.5544493367361247,,,0.6923504695996046,0.638570465273095,0.0,,0.2892857142857143,,0.8614419779823137,0.641223556317896,0.9145386448757236,0.6967762943666558,,0.5541540531449715,0.5163043478260869,0.977576323322017,0.9623183757256952,0.7778322707209416,0.7908983451536643,0.804430435679147,,206009d26edfc8c2e0f344aea9acb20cb6de8131d203ed7cb1f115b94e8ed2db,5bdee5a626c7c04727a5733d8b8237fc2db9e11033168790651924e422071f17,5fae13aa25015d30bbe5af7f3194453e5a2a90dd3ca27f67d1163ec76cfcc1be
sunny-mountain-cab-view/0253,sunny-mountain-cab-view,train,0,235,0,2028189,0,235,0.0,0.0,,,0.5052982626001828,0.9697828139754485,,0.6364253393665158,,0.0,0.8956281363682115,0.8439572793704329,0.9215668159199705,0.9742242242242243,0.7507533411542797,0.678035043804756,0.0,0.6730465763800734,0.9048998912281758,0.9903137269850951,0.8731491904060957,0.8347893114080165,0.8368608244417235,,e7783e56f279d39cd7bd7290d05da53a477bd864ffc3137b30bc05d962176634,d236923aa8b07ffe4c6528e520bfbbeac87efb2e25dc7e10ca711dd849579f22,911782b609c507e677c84d21a2466808ca096de4d88babc9eefefb1fde9f18f1
sunny-mountain-cab-view/0254,sunny-mountain-cab-view,train,0,247,0,2026997,0,247,0.0,0.0,,0.9248732319188684,0.0,0.9353856401960318,,0.8256700806275877,,0.0,0.8372430350622718,0.8791046438492583,0.7605348422458146,0.0,0.7761208435886299,,0.0,0.0,0.8778500587393809,0.9854109996941847,0.13901345291479822,0.8233607821190767,0.8533503788469333,,894016b1cd34242641d03b1e60f84d320a5fef1107813f9d45d43e3c77279bfb,e58a7ac86a7d940965941f8b8a997ab386ddd1d8e2c760f6d3ad1a922a3057fd,5dcc5d8423fbfb5e795f1fffd6a9e60da4b607b594a550a1be87bdfb505d5fc4
sunny-mountain-cab-view/0255,sunny-mountain-cab-view,train,0,30,0,2025332,0,30,0.0,0.0,,0.0,0.0,0.9626777978497641,,0.010826383623957544,,0.0,0.0,0.0,0.9843251460229595,,0.682624530075188,,0.0,0.776003298515668,0.9214010594971418,0.9813175539674226,,0.7575739503816794,0.9663537557917219,,0255dda3dea077491f3d1ea3685abea083122dcb6a7cfcfec7f931dd8bf33c61,6f81ab702ea6fe837688e0d536b266216ff00719a04a1013240e8548791bc79d,140757c0d5d12ac7a721c8378ae37f0503e5fff810051f7a078382ec0582b622
sunny-mountain-cab-view/0257,sunny-mountain-cab-view,train,0,1420,0,2070100,0,1420,0.0,0.0,,0.684964200477327,,0.9108071830795746,0.0,0.928463788671217,0.948602227811714,0.1796825396825397,0.8253234025872207,0.8787392579027394,0.8557820370177525,0.5264976958525346,0.5968659127625202,0.0,0.0,0.0,0.9406798702295096,0.9882836798098026,0.19921875,0.7037974683544304,0.914541850812555,,92ee9060e9af4c102a639559aace1bb2646cdc84e4eda9f46917fcf4fa36b689,9e4232334697774902651584966f6f0f60b4cab0365bb281cab51f9bc1e81219,a4d66fea7d64945943f8baecb6c00ee10795ff1dfb752be1dcb836bf450f6a96
sunny-mountain-cab-view/0259,sunny-mountain-cab-view,train,0,10,0,2030964,0,10,0.0,0.0,,,0.9525490196078431,0.9439350719913067,,0.7917931356525799,,0.10212765957446808,0.5565954723622111,0.0,0.7758364540487446,0.5643153526970954,0.3105103587670541,,0.0,0.6912331280304023,0.9369389787251085,0.982014171830039,0.0,0.6321534101187963,0.8502738574781928,,40c4d08494b370ed9b2c47cf3957c3cf0f558a22009eafee581dd73a00829562,326e183b830bdf3b97a9e7fd09db82f2ee3f7b37375f658f2543fae198a63fbe,3058d0b7fac7a0c997204e0e4ff5f70cf0d06ff502eb9d2e4872260a1e8e90bd
sunny-mountain-cab-view/0261,sunny-mountain-cab-view,train,0,3,0,2025122,0,3,0.0,0.0,,0.767819872240845,,0.9380024526502249,,0.8147692307692308,,0.0,0.8266122817447211,0.34011141676227863,0.7686913652154016,0.0029211295034079843,0.8130367590241748,0.0,0.0,0.0,0.8551787768056021,0.9904945888428106,0.3576017130620985,0.7777664612720884,0.9327356140098702,,c907f3894e962844d9db2c4ac28771860d430f48f3489ad03b70394d0429251d,132f4b9ed27aee03a516e67f090cd554bfd2ca10d3badbd46ea294949133e32a,c5f6e4ba362ddb8cfb51208efddea9a70e9d70826072aafa1abc36b004ae8b87
sunny-mountain-stations/0228,sunny-mountain-stations,train,0,0,0,2073600,0,0,,,,0.8922413793103449,,0.9608400052140147,,0.0,0.9737115395478385,0.6679725759059746,0.8382525970695602,0.9158408116683444,0.8413958175862938,,0.7292152044170682,,,0.7417925478348439,0.815963511972634,0.9862620799980899,,0.8111917494270435,0.9417494375240081,,8fb67a7950262b0a2133f19fd631fd9df52f83e1660f0a811abf3e9d0982f269,ec207ecc709b6c73bdcb8ae5392436a9335a1a7ac9f52fc8c883e1e0792f1725,d23ba68940d3c916a6eaaab7a1d0f0425ff2870e7fd7a5e7328532b40c1be09c
sunny-mountain-stations/0229,sunny-mountain-stations,train,0,12,0,2070044,0,12,0.0,0.0,,,0.2976248895868093,0.9559748427672956,,0.05412541254125412,0.0,0.8394251242015613,0.7968581729643677,0.9308379090869369,0.8871560402270788,,0.6572947495341445,0.9112649465072372,0.0,0.7767608987402052,0.7650058033493616,0.9887068240229581,,0.8402425191746786,0.9438495388908612,,0354800bf80455fa7680958e010518b436ea155dca8b0abbc8d1e10092f0661b,21a10b8db464646bdbc600d69546c1cc56b0319f1c530ba2a460d772ee98d838,23d3f791d36966c1a05ba2db8d60d687a110df1a00d3208743f5d49fa06b34ca
sunny-mountain-stations/0243,sunny-mountain-stations,train,0,249,0,2073084,0,249,0.0,0.0,,0.0,,0.9594661921708185,,,0.9676427092576161,,0.0,0.0,0.35856573705179284,,0.3811654733492442,0.769811320754717,0.0,0.0,0.9766438115935052,0.9932997390742033,,0.5781319661168078,0.9527970638427192,,d048231d419c08d7176eaceaa89f964709a5a5de28918f80af2d6d5cb56dc892,502b0c205ec3bdc1f0c021c084674028a122fd08e58a52be0230cdf0b279cf82,33f5d5caa79447e6b4c81151a41704884adef60568655bbb5307b2f405c0113e
sunny-mountain-stations/0244,sunny-mountain-stations,train,0,0,0,2069086,0,0,,,,0.8606396954341939,0.0,0.9369698317143248,0.4046751018657517,0.8275862068965517,0.8702772079804728,0.20217647830077357,0.31661016949152543,0.8049650824229952,0.6336613676507696,0.0,0.7152497512811368,,,0.8705366905126363,0.9307906893329168,0.9871270525797962,,0.6327471798274718,0.8536380936955905,,8d1edf47c4a0e099e6bac09702b9eb61358d689387405e5915c4b761311fb755,cbe5a7aad07765b9159ea13722233c52e6ac593f5b2ef4c85ad81fb8e95b617d,b5d5c487cfcaf177214f308887ff34b6ecfe2857a5231f96d929a804cc1625d1
sunny-mountain-stations/0245,sunny-mountain-stations,train,0,839,0,2072761,0,839,0.0,0.0,,0.88070458852403,0.0,0.90237497145467,,0.0,0.6203976324176658,0.13582677165354332,0.8616098816959649,0.6582659462595641,0.9329053784499329,0.8630793401413983,0.4994714046993827,,0.0,0.37009719445784794,0.9157632219307562,0.9927664886607948,0.6994723560449645,0.6445455750452879,0.7215633785966381,,ede5e722aa51b1edf1b7f3550819d1fa7c743d02958fb765bf9233ccf1ea1020,69ead58a4fdecf080f2676ba45496e4a341a37ff2c77cdab2980a0c51d66786c,f8cc4c80312a81f0da43ff871cb2872ea5ad55553912da5d72202328946c7f3b
sunny-mountain-stations/0246,sunny-mountain-stations,train,0,14829,0,2046567,0,14829,0.0,0.0,,0.8342714196372732,,0.8573628647339587,0.0,0.0,,,0.0,0.8963045414069457,0.7767252752005882,0.3642691415313225,0.43468715697036225,,0.0,0.7727717923604309,0.9133553216339902,0.9839917554105119,0.851719708862566,0.8253447341482507,0.7833802816901408,,90a65adbb644d54e42c7e51d5cebfa0b1e554d4d34f442db24481dcd7007c74c,f28cde20054a844449d19347046b0f78cdc41f588971b90550e6eb1e24b0b791,720b97de8e38a023413ad72941dea21d604228de4ffb863d25f8bfe6ef10d022
sunny-mountain-stations/0248,sunny-mountain-stations,train,0,0,0,2073600,0,0,,,,0.8039248240138133,,0.9709596906366158,,,0.8157467641338609,0.0,0.04992623219976043,0.37242600614250965,0.9277037881125909,,0.4941286061085079,,,0.7032846515198596,0.5922418053039038,0.9876294987759995,,0.8654958515455283,0.9400189733631769,,c489b83cc8d5e13b9e9ee4f588ba23a86a21404337b41cc01afb90627630275f,df85d99031750be49655b3810901e2b76cea9b2d757a8a512290c89d7f58c9f9,c7bd5395bccfe2bd223895f05c7f0d2189b8e4466b2370cd9d30bc2da0d7974c
sunny-mountain-stations/0249,sunny-mountain-stations,train,0,0,0,2073600,0,0,,,,0.8464096292835747,,0.9747259051504334,,0.0,0.9633326490813918,0.5717512161223072,0.0,0.9116500237755587,0.9530220636765235,,0.8359984933570743,,,0.7752591924785884,0.960949696671242,0.987333023894623,,0.9016686531585221,0.9282975824593644,,408760b135c0da743871d600304812e352ac956549d1987597238245735e8672,448ef85ddd524b1eda5440923343f04ec073449229c9e9252594792fd04c0401,f8015999a98e303ae9a67a7a400abd54c48555ce48e24245e3ab0af7d39f9be8
sunny-mountain-stations/0250,sunny-mountain-stations,train,0,0,0,2064811,0,0,,,,0.6535765493069938,,0.9906269527181837,,,0.9719042937892778,0.0,0.0,0.9710114483772713,0.9719163709892793,,0.8430908732505421,,,,0.0,0.9875339503581664,,0.9032604801146542,0.9125796477561967,,0956dd0c21f6af0a1387e957effd77c906124754c421ea783a885ae3ce8cf3f2,f0b4695f1246bc1987be1637c4da90f95bdf51ea6471608cf6996822437cf2da,d263a2cefd594e0dcb545de7b8e6ecca0740599d377e6978a1ee6434fdd2515e
trackside-maintenance/0000,trackside-maintenance,train,90051,78715,8407,1911787,98458,168766,0.508265932167994,0.5335849637960253,0.9146133376668224,,,0.7766159083069929,,,,,0.0,0.0,,,,,0.508265932167994,,,,,0.9708761544703626,0.49749223787914976,,e41473adaa20b0dfe8eecc7e6000f550ae13c68770e4946667d4c938e7a89230,6eae10b192e629c0f36ad37a409384070a694a94a460f980f2382eb5867a7dee,552092df58febb40514ac1a19c3dc72e970b94471a31b0bbf995350ee8aeaf66
trackside-maintenance/0052,trackside-maintenance,train,1171149,19763,6277,891771,1177426,1190912,0.9782490483958673,0.9834051550408427,0.9946688794030368,0.0,,,,,,,,,,,,,0.9782490483958673,,0.9718262165182351,,,0.9570148271987283,0.9740312150810073,,efc1a697946924df5b504e34114d2f5a5bdaff8ab191a9dd2c8d978a19525204,b08d2332f951a48857173d7c6d8c0dd3acc61f0b77d72fa0e07f8bd050dab3ed,53f3ce20ca5f81aae1bb1a82900544c4fa0f243c3e829d8101f683be84862749
trackside-maintenance/0055,trackside-maintenance,train,1163709,34290,17087,873874,1180796,1197999,0.9577173961349238,0.9713772716003937,0.9855292531478765,0.9644195480007727,,,,,,,,,,,,,0.9577173961349238,,0.9629966446109944,,,0.9543378419299485,0.9256213035278784,,28f3b3d7bec0bf474a3fc09012c7f4ef1b0b5a4e37e51acf00fbc5bea657569b,3428e465d64a4a778d06e5751cb25564677eb49240c8bdb9097a7c35e58ef4b5,02b18f54084da0fd42860a848bd05e47f6d73abe69b84834b004b67b7840fbb0
trackside-maintenance/0057,trackside-maintenance,train,809093,1921,813,1276728,809906,811014,0.9966322874208421,0.9976313602477885,0.9989961798035821,0.962917643859828,,,0.5598526703499079,,,,,,,,,,0.9966322874208421,,0.9771756719987398,,,0.9796756463848894,0.9835057148178589,0.0,76a244cf235702a8709bcd5845224a9a5785c3cd791a1fc89b4d54cf065746b8,66fa21d4235bc5f70ab93c1c782cbc4076e5734ed8154dcdd313d55669ac501b,c85468a508cf9f94f46192d4956387b80a041b9299d823dd70451c641e9e9ebf
trackside-maintenance/0058,trackside-maintenance,train,1282202,9862,45855,751041,1328057,1292064,0.9583554759294097,0.9923672511578374,0.9654721145252049,,,,,,,,,,,,,,0.9583554759294097,,0.9250571513766027,,,0.8533016145113611,0.9674518044917565,,527bd4c6f5b48a8fa052db415d684acdb3dcbf8021025486fa219182ad9059ba,008176814841aa702e3ff2dfc230737e3cb33c8e155dbc245a12048e5f4909f9,aa911f269cb8497641fe9182791cdb1fd7d2e78454c28995d7554b183512c11b
trackside-maintenance/0059,trackside-maintenance,train,1206347,11280,47657,823676,1254004,1217627,0.9534199436648215,0.9907360792755089,0.9619961339836236,0.0,,,,,,,,,,,,,0.9534199436648215,,0.951073214845985,,,0.8033337057681883,0.9761221681763506,,8f38d8ecfaf13ea9265b15f72d8c2a5f6320df894c563c0277971f5a71223076,1f8c92d4ffcf481e87a310434020e2a207908305a3e4385ba8853f7e9a504821,9665d962d48772425887a264a4788c3955b37d4b693ba3ed2cec7a989311a814
trackside-maintenance/0060,trackside-maintenance,train,1402855,16586,9355,660164,1412210,1419441,0.9818441540989756,0.9883151184163343,0.993375631103023,,,,,,,,,,,,,,0.9818441540989756,,0.8970301030372415,,,0.9605746069618474,0.9582669033324462,,af2519b33d6b5f52478d8c41669353834cbc46bda125e944b6f0f559e55e7d51,4e3ca1d512b429bb6d50e227bf926a6266bb4b32e6713b6ad6596226cf0f24a9,2274fe51eed382a3997e069afda917f8eccdac59c3802a288edc169b44918e50
trackside-maintenance/0061,trackside-maintenance,train,1661083,9860,7623,410394,1668706,1670943,0.9895845620607113,0.9940991404254963,0.9954317896621694,,,,,,,,,,,,,,0.9895845620607113,,,,,0.9664425901119563,0.8140992167101828,,8bdf064f89bd89d79af62f1c4461b3024cfa2110a8194ff5044d74f7f592fc74,742cdf67e16935b556c2f1b64a61a037554ae04c5dc6242622296872e46d66cc,f82956342163ca25030cb89363c47a9caf073d7a0d9878e2de15a883a6c51b82
trackside-maintenance/0062,trackside-maintenance,train,1902069,3818,387,182686,1902456,1905887,0.9977941261329694,0.9979967332795701,0.9997965787382205,0.0,,,,,,,,,,,,,0.9977941261329694,,,,,0.9847717104199235,,,6f1c22c5a26f9c6f9349d1b7472ea93537d6383a9cda356167f51397f8e8f989,23aa6346cd5ebfff7f9a2b1565a4e7ab2291ccbb4a27de12c6b65e4e02e946a9,4e804c5c80979d061fd6569556614ea6bd3d60c660ec70321e9666cb53c625ec
trackside-maintenance/0063,trackside-maintenance,train,1330912,13468,5472,739108,1336384,1344380,0.9859688321386345,0.9899819991371487,0.9959053685168335,,,,0.0,,,,,,,,,,0.9859688321386345,,0.0,,,0.9711541463962979,0.977653873739704,,f25b27c24e3ff91436c5e3877a5df281c4dd826a5c70266f8b58faae4174a2e4,5e60d85a56940e8ccaac6003a40470a5f53c4dc940d8c77d3d16bdcd21c01a28,5257138e43f4d0f0496c08e82be28dcc3ef08d9764c9b94581a88b1ea0fa281a
trackside-maintenance/0066,trackside-maintenance,train,1289534,9855,8176,781395,1297710,1299389,0.986210245762161,0.9924156661323129,0.9936996709588429,,,,,,,,,,,,,,0.986210245762161,,0.9484604166093393,,,0.968242647491036,0.9768524421654344,,6223c858287f0677fdc6d3b7cc8038c3ecc2f0d657d409ea0818439bb88d0fa5,43a4179d47c711e75f6cf339d73d705cfe9ee6c9dfb53df5c804231ca8dcc292,791ca46df65521cc1f9afee541943c47dea3220db9e6dda661e00c1a7bf937ca
trackside-maintenance/0067,trackside-maintenance,train,843189,9485,14534,1221752,857723,852674,0.9723030691598786,0.9888761707287896,0.9830551355157784,,,0.7955314827352742,0.47880299251870323,,0.9325523734234072,,0.0,,0.0,,,,0.9723030691598786,,0.9830141186992909,,,0.9475258918296893,0.967777218082043,,0500732a4422c6db9e57d541c1a7f0c06c3e10fd30ca7e04d1cb512dcd29b739,2f621dbe19011b469c294190d6d920e3aa75422da05c80a309ee6fbaed7048b5,69a3d146da82a308a9d4958704166ae05aa0704ab4a18bb1ddc444f43202bebd
trackside-maintenance/0068,trackside-maintenance,train,1036870,12208,17128,1022754,1053998,1049078,0.9724856172259394,0.9883631150400638,0.983749494780825,,,0.7168566286742651,0.45742092457420924,,,,0.0,,,,,,0.9724856172259394,,0.9777811822700053,,,0.9541963127139087,0.961001777024895,,2002370858caebe870952bed7a32a15d4c1e010a5b718f1e3c6e2a619ef1550f,8609c48f75a7d2884ce4ed65218ab5c43be51c427faa25d314e09ce0ea303303,3c52bd58b614c0ccf39e07ea1f75b36930152efb47a91f43c6bfb3a48456eb2f
trackside-maintenance/0070,trackside-maintenance,train,1863033,3847,12331,209749,1875364,1866880,0.9913910678470912,0.9979393426465547,0.9934247431431978,,,0.0,,,,,,,,,,,0.9913910678470912,,,,,0.9650913234431869,0.7839822024471635,0.0,8da8ac7ad697e79d43107c8ebe4903d9b515079f50e3b43f871cbcaca0df5d1e,b594ea4ae2a8c778d1db9fc49967f5606bc51cf59cfdef65be52b10f58ff4011,4cf5a2ff3f4e8ebbb78a2431b927d7dc458c3bd7da6b35aa2df219d383e85514
trackside-maintenance/0073,trackside-maintenance,train,1541653,4787,22746,519774,1564399,1546440,0.9824539602061196,0.9969045032461654,0.9854602310535867,0.0,,0.0,,,,,,0.0,0.933745973345758,,0.0,,0.9824539602061196,,0.8893736724266605,,,0.9645884835694905,0.7651553866300425,0.0,5652f16f45d364803ae0cb7862cfd6866fbbefdeeefdf76929de1dbf58fe7814,d8e53f588fe1c75d94555ec5614504bb322ac9ecadacaea8932c5bbf08610032,cc4ad9c118bfe22a324a6c9447f365db6f658bf1836694e0f7af5837866f25ad
trackside-maintenance/0074,trackside-maintenance,train,1331575,30378,14968,712039,1346543,1361953,0.9670671011626666,0.9776952655488111,0.9888841277255906,,,0.0,,,,,0.0,0.0,0.9357346358977235,,,,0.9670671011626666,,0.8360536389469482,,,0.9616431728118686,0.7870560183771681,0.0,093b845a2d8a639e83ffa1ecf5fde92d921664c2417e66a25b10d3dca8f6d55f,38c932592ff33a4d70acc23ed4568945de39640d595c56f80f8beb4f6d5e6c94,9be8b1e236640a502e99f34ffe964313eac3198cd6327e676d4e20597af49caf
trackside-maintenance/0075,trackside-maintenance,train,1475199,8303,32975,572483,1508174,1483502,0.9727803323096889,0.9944031083207168,0.9781358119156013,,,0.0,,,,,,0.0,0.9499388491047588,,,,0.9727803323096889,,0.0,,,0.9622139759975316,0.8800072833211945,,03904f8a2512daea1c39d2cbdedf3303eb95dcf456e4adbc73e729eb2d9aca10,93f4f3be37fc1a22e66838092bfa5c7b4ac1b906ac2562c03fc4232dca424e8c,091107dd74e7ce625f0dca789c81d375ea485560f5d6a99d58b14192eb2902a2
trackside-maintenance/0078,trackside-maintenance,train,1291687,15440,5311,776522,1296998,1307127,0.9841889674026506,0.9881878348469583,0.9959051594528288,,,,0.0,,,,,,,,,,0.9841889674026506,,0.9084213896894012,,,0.9610896321782003,0.9750246526544645,,9072ecd1d6bd9a6ade7bbf9d4ebfe4912556baadda2bae4e1a66249b89915dc1,1eaf2cd3689a0fe9c0ad5ebb222ac03c3cd690d88a9826248a162160f7faafb8,f94d0a55d95f419e4058b29cb2e3c7d9b95181a57f2302c601932011a4baea96
trackside-maintenance/0079,trackside-maintenance,train,1308982,16580,8034,755364,1317016,1325562,0.9815431360022076,0.9874920976913943,0.9938998463192551,,,0.0,,,,,,,,,,,0.9815431360022076,,0.9599214836082384,,,0.9681499678793214,0.9628369746917681,,7245d072113222a13b028579251a425ef833a8850f977f01ffb13f42c5569754,269024024b0ab056a42083d816412308ea4b46b3c9fc0d2596969ddfdd07ad7a,499752db57b3ea0fcea294fa8ea1f2d5071ee1d6a815194c3d31f2ecd9adea55
trackside-maintenance/0080,trackside-maintenance,train,1192101,24817,5858,866184,1197959,1216918,0.9749136391293254,0.9796066785107953,0.9951100162860331,,,0.0,,,,,,,,,,,0.9749136391293254,,0.959101151991239,,,0.9510040731268353,0.959910139045526,,045d4791802edd4766cb20165f7f89e48500708e9eacc4fb3176b9cd89733d49,768207717996a901fa4c5795e878add2eca0a4b7d84e38ba927111d2d2b9c794,e49b9f8eb70753903d6c4b960471c72becdc9042a419d94c2577a6022fe7658c
trackside-maintenance/0082,trackside-maintenance,train,613186,100260,27077,1348437,640263,713446,0.8280445036818573,0.859470793865268,0.9577095662251294,,,0.9328136533593173,,,,,,,,,,,0.8280445036818573,,,,,0.9664080363445098,0.5485717326647784,,65b79e130b09b882fa33f7676d2436a802b097d73fc606fa0428a40aa7592ed5,c18f270edeeac58e89a27f4e92db3c606d1e98ed7d9605fab190e4b2e8bbe628,c28f7bef7ba451f0fa3df121f0b38f2848f457b84a577f9b3c1b6ce9e4d85489
trackside-maintenance/0083,trackside-maintenance,train,1588033,10351,9583,480993,1597616,1598384,0.9876029794143786,0.9935240843251684,0.9940016875143964,,,,,,,,,,,,,,0.9876029794143786,,,,,0.9663315224500117,0.9467736589842953,,f93539c0825969b6f96f386dbaa98f06caadbcb1d80a39102a077ace90560d5e,82efdc0cda609b8ffd12a935a3354e0d1758ab9a02c528ae1bc2155d24d0c3b1,396dcd6f3db80606ec016059804dd7f0cc4d503718d28bb59019f96d5aa5638a
trackside-maintenance/0084,trackside-maintenance,train,1393016,24438,6971,664535,1399987,1417454,0.9779496990013514,0.9827592288709193,0.9950206680490604,,,,,,,,,0.0,,,,,0.9779496990013514,,,,,0.9713147192881901,0.9453931827388294,,78b655ec93b0e9575d9bf363a03233ad6e48a40c1e428e86125f919cccf38ced,11dc7abfc6839ef76f71e2f504f39513075773ba30a0d472935d77b70c7329bf,6f31e4bb5cf035b0e4f19cb4557e6e2faecf681b9f179b6de130d867a69eff12
trackside-maintenance/0085,trackside-maintenance,train,1320657,18509,5837,743957,1326494,1339166,0.981898925132509,0.9861787112277343,0.995599678551128,,,,0.0,,,,,,,,,,0.981898925132509,,0.7728765837634913,,,0.9630990834299596,0.9703208129835691,,1fe7cf2ae2eef9be85f098226cc6e927e226f7e34a356079eaf30f81a5517c08,a0af4d1a49f7b2bb75c996039450d8507555a89e47ba27e24fb84a3b844237e8,2cfbf47489a8c5766092190e17637c4a542c1969bdafec6403f09a36b0a14c90
trackside-maintenance/0086,trackside-maintenance,train,847043,11866,7644,1222407,854687,858909,0.9774855086763302,0.9861847995538526,0.9910563750238391,,,0.8498305480892836,0.7220394736842105,,0.9356524985997884,,0.0,0.0,0.0,,,,0.9774855086763302,,0.9698599647593434,,,0.9590972012046579,0.9675560191258374,,9db552632140a4fe745fdf61a0d0fa31fc4952af06addd32095a7c1372bb9d8a,6dd0b988989fc57ccdc706b72227722a022ce5b835a5c0aa09bf7a6d9889b5eb,59cafac80ba4165ba562017dbdad81d3c89bc55733513a1bad477795aa048a51
trackside-maintenance/0087,trackside-maintenance,train,1015714,21280,9004,1042962,1024718,1036994,0.9710477457891888,0.979479148384658,0.9912131923124216,0.0,,0.747563486616335,0.6679487179487179,,0.8554841385030064,,0.0,,0.0,,,,0.9710477457891888,0.0,0.9667971204812489,,,0.9519887216572898,0.9567937364348283,,95207ac84f3acc3ff5c55764aa554bffc9f0a32f4cab08eaf951e2fe43877d51,f2fc551dcbe79800027e1f2d41cae50208e7b13341f380e70dfc14418cd942c1,8a77d31804689252a651402acb3136f7cfd1cf25c9a28f931ebe06d7a9cc2c24
trackside-maintenance/0090,trackside-maintenance,train,822861,12402,6386,1247311,829247,835263,0.9776771552036537,0.985151982070318,0.992299037560582,0.0,,0.8198132477385468,0.2600690448791715,,0.9102890359218879,,,0.0,0.0,,,,0.9776771552036537,,0.9771334930652953,,,0.9646934693941828,0.9671778533330163,,0a5483a0127931090560f2cb06532b9de62ff8978b5d2d75fc73f10c9e628fb9,3d8ae1b13c7b8c3541544116e3b1dee27d82e71568a1ed54c03b6b6fab6ddd84,6d2a931921e5580bf8efc45a7eb9f4fed7a750707b99b06c1271bee4361e52cc
trackside-maintenance/0092,trackside-maintenance,train,1295001,3571,18340,772048,1313341,1298572,0.9833618343518777,0.9972500562155968,0.9860356145129102,,,,,,,,,,,,,,0.9833618343518777,,,,,0.9667704017547477,0.9744727391727452,,b46f2ac36452a0a15ac8e7c69746492ff0b596b959f253d1612c3db9998b2895,4fd4cbd8ce9ed83ac03e762814e76a63630fbe7269c9766c1267d2a94ad2e985,7bc5cfb7a327a1b66bdc7b2523a8ff6b14508da494783ab9b4d54558b0f87f38
trackside-maintenance/0093,trackside-maintenance,train,886631,15466,7343,1179520,893974,902097,0.9749197308233638,0.9828555022353472,0.9917861145849879,0.0,,0.8195067264573991,0.4863883847549909,,0.8448095593726662,,0.0,0.0,0.0,,,,0.9749197308233638,,0.9779095802256788,,,0.9479444002627848,0.9701784390522943,,6259e3456d036d7371c800562ffea682d470ccccfc442c166f67ae5f354b645f,df9edb6931f521320ae96f20a6f60e410e0d6a5d2669dca96c03092e76f48260,e0485c0fe6422c9b9d595ea9574080aef3a3fe468c940dd4825d807b30164846
trackside-maintenance/0095,trackside-maintenance,train,807064,6570,19490,1255836,826554,813634,0.968720142499796,0.9919251162070415,0.9764201733945997,,,0.8873195716281236,0.21780986762936222,,0.9648287945318077,,0.0,0.0,,,,,0.968720142499796,,0.9818428703236252,,0.0,0.9577501176956906,0.9547603440398864,,2c0673f9062a1f999a14ea9f32f3a730731ead900fcdf51751a187ad746dfc7b,bbdfa9f6399575802bf5afbbe98eb2dcb7585313171454162b522e900c9f1c5e,36f89536f65693154e1f69c8c5603d5cd3c7531da148c917d9e0fb1a88bec3e2
trackside-maintenance/0097,trackside-maintenance,train,1512652,2889,47121,286515,1559773,1515541,0.9679969180795335,0.9980937500206197,0.9697898348028848,,,,0.0,,,,0.0,,0.0,,,,0.9679969180795335,,0.8822329849604894,,,0.9587440572805302,0.0,,069e56fc048051d80ef3d6c175598cb6a1df2596f82c85bd8075f4b88100565a,4d8fc7a5057b6825f2df28ce7b288ca212a7e1a81e0260c08c4b9cf2421ed1e0,b54a4092138f3be47d3e8351b6a73c2d468f0b4d0f2d53dee08a7ee7c8b49911
trackside-maintenance/0098,trackside-maintenance,train,1734305,17864,2602,334189,1736907,1752169,0.9883369396918459,0.9898046364249111,0.9985019347610437,,,0.0,,,,,,,,,,,0.9883369396918459,,,,,0.9427747231034989,0.0,,fc04d89f6819407752a53d790ea973fc002344aa19eadc04b345225545c7ce53,94fe3c588358c6ff8a62bacee27373a7c513eb4df5684f7c8ebbf38b5be28c66,61e9d78398a460bfa727b67b4388e5cbd1d60351ba2dce43ebec18cc758a6b7e
trackside-maintenance/0100,trackside-maintenance,train,1126197,32065,11240,330498,1137437,1158262,0.962971418603816,0.9723162807723986,0.9901181340153344,0.0,,0.8823148194306957,,,,,,,,,,,0.962971418603816,,,,0.0,0.8832370469125673,0.835706535571243,0.0,295de469c85a2cbd063ed52a760230d5847fd6ca3ec792d4228e881a1fc88163,c20e921d0e7477cf9902bde354d8ff7d36f6de0c1f3d07f5156553727adeebcf,4726f010368531640ae2fc76c74d3c69d9fda997b1c9767d59c0abf4b491df3d
trackside-maintenance/0101,trackside-maintenance,train,410013,2920,25733,227334,435746,412933,0.9346815116740299,0.9929286349117169,0.9409449541705489,0.0,,0.51167700224304,,,,,,,,,,,0.9346815116740299,,0.921353251318102,,,0.9396792006310807,0.8663137213534112,,f18cd13f8be6e6da511d8cc5f6ff2f0e8e5ffa3cdc730d55f0752e075e4be9a7,d70fbf50bcfb39b15a24b90fc58a5a1548d92a3c9a6934b757d381ca30e63faa,9ce4715e52f77226a0b6116962cac7c0af041ae40c7773bdccb7a1800841348a
trackside-maintenance/0102,trackside-maintenance,train,375118,18945,25715,1080222,400833,394063,0.8936104321808194,0.9519239309450519,0.9358461004957177,0.0,,0.9116289188078606,0.09774964838255977,,,,0.0,0.0,0.0,0.7433571854502087,,,0.8936104321808194,,0.9406255073875629,,0.3925756284618662,0.8135898343172493,0.8318927727612698,0.0,d32849c8bde9dd413c6d0ab82ca84e62323fed3319cfb99825a11f91ac7baef3,2dac0597829fa4f2262f10ef40bfadcec5e8066ba8418a99102ee49d9594cb56,c99940275b1912532e18538fd0ccc393d4f9957b91113eb3a80ea0e1f3b9075e
trackside-maintenance/0103,trackside-maintenance,train,747293,154803,33119,1153745,780412,902096,0.799060109172757,0.8283963125875738,0.957562159474739,,,0.8595888113764422,,,,,,,,,,,0.799060109172757,,,,,0.9702476812298353,0.6879259476000634,,bcd725f20e45aba176964b9c6318633c2f7a70f7664784eb0dfc98abf0940141,e5199e21c5930fc2d5d9e32f952f30d09cb9eabafaa1f28946192d0c93d80709,578cbfcc7fd288749722a39a607d05256942acc2df69a36b4e40901756a0c25a
trackside-maintenance/0104,trackside-maintenance,train,133194,2964,2161,284181,135355,136158,0.9629479681027191,0.9782311726082933,0.9840345757452624,0.0,,0.0,,,,,,,,,,,0.9629479681027191,,0.9944276411770985,,,0.9718123405766685,0.9553894823712805,,8af545cd5a93e866ceeaf9e8b89657bd1753fb543ecfc98e2121144440cb5e5b,44128203bd74b7e69abd931e02769a870f0f033c4b8a9c6b7e41decd53e337ae,651a5ed3e40ea2b53814298a9d5ceefb715f4e6984e7fd74465b595d69768246
trackside-maintenance/0105,trackside-maintenance,train,197299,7443,10252,571438,207551,204742,0.9176953775454199,0.9636469312598295,0.9506049115639048,,,0.8192680950104944,0.4917398346262041,,,,,0.9938227693083482,,,,,0.9176953775454199,,0.0,,,0.9559252889653241,0.9328966230561251,,d1ad562afeae01ddb70bc66ae877af92f08918967c215ffefec2257c3ad76fa6,5cd1dbead77c080576228588561fe2ea06379f9688fb892b1447d06414f13aef,58f76e67069cd0c3bd54785bdb7240d2c9543380898ec1acbaf9c1c6bcd1b680
trackside-vegetation-closeups/0012,trackside-vegetation-closeups,train,0,5364,0,2083596,0,5364,0.0,0.0,,,,0.8149411877068168,0.6980152601561961,,,,0.0,0.7340997516960917,,,,,0.0,,0.9667158912045855,,,0.8837070405821089,0.8605743708708847,,6d411277b073c9f8148657c867b1259110caffbc10996436432e2bbef233e3c7,40d1f706fe9ff7aaec7e0b724531adee57bf3bb126a5da404cc86ed0ebfca460,20c2de673be68b429ecee5c6b456934e32fd4ce6f8e3e248a6a0236b38170566
trackside-vegetation-closeups/0017,trackside-vegetation-closeups,train,0,572,0,2088388,0,572,0.0,0.0,,0.0,,0.820058841518069,0.7387604916067146,,,,,0.627974806611151,0.0,,,,0.0,,0.9636635779273397,,,0.8897721387881926,0.8099896414816039,0.0,028a08528e4e767ba7b3c0cf28e85786354503f78c2dd0a447f206796a58013d,a5bb98361d8c5d8e2bd93d102162e9cbf214e4963de765e5d89ec12348a94499,71ba3904f472d5ecd46c63eec698b47d02e3072cce87e481cdd193eaf9312f13
trackside-vegetation-closeups/0018,trackside-vegetation-closeups,train,0,167,0,2088793,0,167,0.0,0.0,,0.0,,0.7367623918785129,0.7784739552912441,,,,,0.5824942570686361,,,,,0.0,,0.9710913691520603,,,0.7728977439203047,0.7867409999973465,0.0,c63ccdb72ee621ea3abddc87464bce0d0d17c15f939a53a7189ff1ec3c846dd0,4c83b0b3a6aa5d6b746cfd84398f59574b1d3de5dbf1d58a5a038057eebf64fe,1bec7d25896bb02fc5d6d92b77dc43315826b54b5e9c787323643304a12dcc39
trackside-vegetation-closeups/0019,trackside-vegetation-closeups,train,0,5799,0,2083161,0,5799,0.0,0.0,,0.0,,0.7783539645366343,0.6812468331736944,,,,,0.8175313758454862,,,,,0.0,,0.9286527291473138,,,0.776038356860803,0.8459631678453889,0.0,0f04b3c645dadb7431f751cf0813b5b34e40f34c8786fd50a006d9a58a70b608,6413c339aebad555f98f05dfecfcdd2819360be120b621b2087ee6bd8ad47ab2,4465ea52f94dea0314a1913fd104444edcf32c713e5ba05ababcf55e59092826
trackside-vegetation-closeups/0020,trackside-vegetation-closeups,train,0,6518,0,2082442,0,6518,0.0,0.0,,0.0,,0.8290595661762976,0.44487250230334235,,,,,0.8657461032624062,,,,,0.0,,0.0,,,0.8966041019456381,0.8944590931584351,,1b155b4a115f6ef6baeca7676fd004b92d57f38e06386f5ff1bd7a83f362ec1b,3a7bf8a3979cdfc107d19f7ade7089857f99c13d82793b50b1543f968610e9d5,ccef95b4fc5fa5d3e40791c290058be0d523d6aef4efa596d6fdb8e02e11d496
trackside-vegetation-closeups/0028,trackside-vegetation-closeups,train,0,5894,0,2083066,0,5894,0.0,0.0,,0.0,,0.8694311178410716,0.7213902052893821,,,,0.0,0.7479980118186337,,,,,0.0,0.7963208562824734,0.5788755514517288,,,0.9408814911035254,0.8128418701273524,0.0,4e19459360e08e5f3877234f1a74ad6e98184568c64a7688ff552fb1f571e05c,6e80ec77d7ceb1afb45838b1b1336114098c095ad6dc35891ce5107082906ffb,c0c56079a702c3c8e623ff59c548ad45ae8c05b765fe3a5f84954086c5df6ec5
vegetation-worksite/0262,vegetation-worksite,train,0,404,0,2073196,0,404,0.0,0.0,,0.0,0.9744201802483141,0.8728136350936015,0.5735471822476107,,,0.0,0.0,0.0,0.7835205992509363,,0.7918050941306756,,0.0,0.0,0.9754715813213697,0.9901130156508731,,0.6162592382035247,0.9281326598457859,,54396730a7d632e6ac164891ed59aa4b248397c4bff8ad0524ee051361535740,46c8337d6d7cba2b8dd9fcbb263eb487f40f160d4e1a4d22257c1b1646d1715d,7cf12cf05838510dfb3830230dec7cd8b0c7e3432a235e58a353ef653e3fbb85
winter-town-cab-view/0185,winter-town-cab-view,train,0,0,0,2073600,0,0,,,,,0.9097960992907801,0.9723968494833442,,0.28353879622915157,,,0.0,0.9505683320116309,0.7703479093520588,,0.786735161520671,0.0,,0.9061680166982632,0.9353315213444434,0.9856911283815974,,0.8047350289525764,0.9389125450376679,,5886ace53044086e84b2f4b85a962b8fc5d0e5df0f398df5bff81f0cefcdd458,02c16b4cc608d35f80fa4005304b2eb74c5fe0118ed6a9e69a447f8a392ee621,ddc8a68a4346ee6c6f3926788339d1343bd946ba4b94f628eb1d73db0273dcd5
winter-town-cab-view/0186,winter-town-cab-view,train,0,3935,0,2069665,0,3935,0.0,0.0,,,0.9022027600849257,0.8880718363807184,0.0,0.3913147792706334,,0.7966529115084824,0.48845832947065915,0.8423817863397548,0.7902269844967259,,0.6495464418040118,0.0,0.0,0.8103516376147266,0.9325261246201622,0.987542522123955,,0.7247186396122567,0.9315422834605337,,7b53cc55f0bba2e1833ae405668e09335397f1631bd62e9570846377941ee427,08d83649e29f837a10e16cfb3566001c6a2b63ac1223b3dbe22e3520c2558d42,f9e23048f8e637ba85e706edc0971bd5b59a05016479aa0178d42a1ad94958d2
winter-town-cab-view/0188,winter-town-cab-view,train,0,0,0,2071713,0,0,,,,0.0,0.8380526161696432,0.9809445935616901,,0.0,,,0.8440346953248595,0.8556674903377052,0.8996744662479956,,0.7492753623188406,,,0.0,0.9539728499981198,0.9964984679155376,,0.8259408051160121,0.9314193250814726,,93065b17ef536461211968f71d3b394d46cb55404435af01f1702cc875cdc85c,21220ea9d1dcae3c1fb53dbcdcfa8ec5f2d0d48d4fb3c882b2fc13ebf6880d2c,553ca8008019e2bb12f6c954fab7d74fc3be0b78d9f285d3f2c8833c7d3b09e8
winter-town-cab-view/0189,winter-town-cab-view,train,0,0,0,2073600,0,0,,,,,0.40717577353522055,0.9672407208083053,,0.5775257731958763,,0.0,0.7000720331352422,0.9041423487544484,0.8826451412604781,,0.5089404373565302,,,0.0,0.9752155422717352,0.9965378424269533,,0.7713614643233174,0.9642154580811797,,06118b62db2d8b18889a7d9354ef0877b3f5042e249ab6f22e11ad80c9f3242a,db98ccf750fad56a37d5f1801491eb4450766aa87b85bdebed63fbf39363aab5,e7492cfbd138213373b615f2758205742c7e10e7370ef79db9095e2b6654def4
winter-town-cab-view/0190,winter-town-cab-view,train,0,0,0,2073600,0,0,,,,,0.8959867485281143,0.9795987858504884,0.0,0.6951038575667656,,0.3556280587275693,0.8420875375516967,0.8803394757818728,0.8810390021711861,,0.8484567287510218,0.910268270120259,,0.8755434155349517,0.880952771714453,0.9822792154318369,,0.8912790847816543,0.969993615662907,,55cf7c8129b7d290a98190185ebf3f9c9c1bcfda8b3256a472c4c639eff7e307,3723a2fa07fa1e444728f5b97c5e1abb879dd27258f29d287ce29622eb296f01,9162b4d97e45feb608a478d569a5a9bd66946c4aad4696323fbbe9fdb00d33a1
winter-town-cab-view/0191,winter-town-cab-view,train,0,0,0,2056311,0,0,,,,,,0.9563531448355453,,0.0,,0.8916893732970027,0.9266253146102958,0.45623069001029865,0.7642886291077559,0.91371910611218,0.8293412136813307,0.9446224007818014,,0.0,0.9446417464453017,0.9760876186083095,0.7622183708838821,0.7695163343232924,0.8791120853121792,,fddfb8962d8961d625bea817fe5552ec2c1d016f4d6cc0fec53b8171c0f10c1d,d2f01638f8e68cfcba5c60ea363c59798551ee7d037ed50a9aa578dd2fb4cb78,3feaecef72defd1ce2458686d08fdb92a67ff6b8a2984d8dfdabba3772b7421f
winter-town-cab-view/0192,winter-town-cab-view,train,0,0,0,2073600,0,0,,,,0.0,0.9142322260437982,0.9689749680248493,,0.6940918351355587,,0.0,0.9172652691971638,0.9150969365684848,0.8685403867899234,,0.13294040602488538,0.0,,0.870983256804364,0.8422675494222915,0.991609350432573,,0.7771209724419282,0.9517721371965656,,754211da40dd122ce82a710c71d8d2d60c6a74f3695406c8e58832fa940cea1a,cfb371e8c8bd13f21d3db1d5a4cf7a892f9a2b329deaf4b3848864894800aed3,122fd177e6c7fdd827f2bfd3012ef128524a9abec263bc47515d0dda2759315b
winter-town-cab-view/0194,winter-town-cab-view,train,0,3,0,2065579,0,3,0.0,0.0,,0.0,0.0,0.0,0.0,,,0.0,0.8602132867925384,0.8619695756605285,0.8148694187026116,0.8636408035685215,0.8387888120903915,0.0,0.0,0.4539773588425262,0.9186259874532003,0.987890393735775,0.7443103921030985,0.6659525631216526,0.5982604628571943,,86bec697fc86a9152f90aa11441db7d66b5f096dac9422d72d66e592861f8801,ea751052eaed16e461703bfba2c8c200e9c8131633cf64766ef9163dd3489c13,599d983841863bc161639a55f86a6f6550c39023709f0d5b35fbcbd5996ba5fb
winter-town-cab-view/0195,winter-town-cab-view,train,0,0,0,2068564,0,0,,,,0.0,0.9262668438033782,0.0,,0.8537969159150421,0.9152839156174435,0.0,0.8486641818647396,0.7155632744051014,0.8151334697257538,0.8315796066641613,0.5691215616681455,0.915692007797271,,0.49398023360287513,0.9036689230702705,0.9744472444516981,0.4922220088342616,0.6115627637022248,0.6531919350038032,,b011832e15f90292721c197db21ac1d902b6875259288cfca2f254319ca7f8a5,0a45ba6ece7b7c7ebb7ae6157bc737c892166881a058b9be199973dab69d56fe,c6dae5b391d959a6bf90fd91b9cb623f5a8c071d7ff2593a9379c071281d3220
winter-town-cab-view/0196,winter-town-cab-view,train,0,0,0,2073600,0,0,,,,0.0,0.9105392376480709,0.9539775833788956,,0.0,,0.6404731727925644,0.8146545896985264,0.7762271784497989,0.813470291548776,0.7275510204081632,0.4641405961412781,0.8298446995273464,,0.8977345684673943,0.9230239936022473,0.9695421869088158,0.4693333333333333,0.6753048780487805,0.9531172009838412,,6642757595beb9bad0e29bd2abf92ae99ddffef5f2d5a4fe2af3140090621eb3,971c348d7203741a3df3355f28bb6b24e8ba5a9b8d393d99c2d3149c46519a06,c70902d0ea653ae9f3591124d7e7bc973e6001ac9d09aca27957ae5f2ce6df3c
winter-town-cab-view/0198,winter-town-cab-view,train,0,0,0,2070318,0,0,,,,,,0.9499842263000158,0.0,0.892048793099396,0.9911472859555559,0.45231607629427795,0.8687863328983272,0.9429709091385385,0.8093219329792555,,0.5484691677447175,0.9355224674288753,,0.9088223641279015,0.8061408136800012,0.9911178070812464,,0.6676737160120846,0.9542321674725557,,cc5f67af19f67c1a6ec338148aac18a59457131b40eefe18cb47d42221300216,0dbb68073d6882c06ad4b479071c7b4b7db0f0406be6f2c0cc90a390d0a77a66,0bb90a4983b88947dfb18697a81dad75ed6ee214b6e0c268de9bcb9ac5e4f36c
winter-town-cab-view/0199,winter-town-cab-view,train,0,0,0,2073600,0,0,,,,0.8847804555959062,0.7639574262215771,0.9798632838565222,,0.838673464614809,,0.0,0.7650610583446404,0.7680374569865177,0.9003770110911402,,0.6511323576540968,,,0.8475894800699425,0.9394556518950177,0.986123756558268,,0.8072069332522427,0.94165167772747,,bf2591468b8c776a8775aaf5f6535f7fa792b9c0ee28c52f9e87b591efe4c9b3,073cab9e51ecddedc95299e84dc6d995120a0ac8b5b993f541211aadeb7f8e1b,3336fe990da48070b92dc2064ee61404230411bbce19495befd87b30a04e0977
