key,group,split,tp,fp,fn,tn,support,predicted_pixels,iou,precision,recall,iou:person,iou:truck,iou:rail-track,iou:vegetation-overgrowth,iou:car,iou:on-rails,iou:traffic-sign,iou:road,iou:sidewalk,iou:construction,iou:tram-track,iou:pole,iou:traffic-light,iou:mud-pumping,iou:fence,iou:terrain,iou:sky,iou:rail-embedded,iou:rail-raised,iou:trackbed,iou:standing-water,image_sha256,mask_decoded_sha256,prediction_sha256
evening-water-cab-view/0289,evening-water-cab-view,train,0,0,0,2073600,0,0,,,,,,0.6969476619843619,,0.9448999319752247,,0.6523972602739726,0.14363467410062392,0.9850626863054532,0.7279281585290416,0.0,0.6047029915140433,,,0.8795158929834082,0.8973167932673917,0.9933220988001628,0.2793042601462062,0.5406966297902923,0.7552141590765555,0.23658333910394017,61b19d029c6cc48d744189fd60f15317991db02db7ea86e03c8dd7f235cb5126,736818a0449d28bdb2d8778a1660ca515a3168050b25ed1a01d88dae3bd752a8,4eff03827c77b679fb0143b77095aca10eed89d862405fc095ae1d62d68e9bc7
evening-water-cab-view/0290,evening-water-cab-view,train,0,4314,0,2065364,0,4314,0.0,0.0,,,0.0,0.6416888917451239,0.418468731735827,0.0,,0.7890243902439025,0.5867606988299406,0.9919157064146917,0.7602974045522967,0.679637440545634,0.743879266242783,,0.0,0.8463242111046252,0.9414342705529787,0.9928093665433664,0.4919050517346318,0.5763422818791947,0.7664141414141414,0.0,bc87c6029c376bb13438534dc5403cc400260f97f586d1d6581f3e6c7f911c08,13322ec6a2aacce02132ed5e7696c28c5ee8042d56819195ed30830659e51b22,aecf9b582e37bb5fa217836f5cef2e4f604c5d288061e1e5a8b5fc867ffc6b40
evening-water-cab-view/0291,evening-water-cab-view,train,0,10329,0,2063271,0,10329,0.0,0.0,,,,0.8230063784133329,0.0,0.6927536231884058,,0.8461676217765043,0.0,0.0,0.8050134797556331,,0.6804550155118925,0.5059171597633136,0.0,0.5807930712405536,0.934549670977832,0.9936236753658783,,0.7808695388165285,0.8215261965338515,0.18812437562437562,98c179d6033fbdd1ac8781f30103871dbd923fb986a02c3839d44f86da4740de,bb2a9920140cf227658a598969afef5c7ce53e7b98b5a3c4c066546ea5130d17,6ecf6ba8b0bbf69e4f54b495b496b294c31eb3b26a5d4a501644c44c7cf5a34b
evening-water-cab-view/0293,evening-water-cab-view,train,0,0,0,2073600,0,0,,,,,,0.9773709494927012,,,,,,,,,,,,,0.9847983769319816,0.9904250945491684,,0.827447474295932,0.8325959134812867,0.4353721588137743,6077aba4a4bb99250442da395b3d3240725c2e1e0aef293eb44333393c53dc7c,f911421065662a54b5c3274a87ea67b0c0aab217d8246dfafdb1abfc6d028d20,910c37df5278a44ffcf43da895808cca4c5b43ca07980cb9b947e409b09032cf
evening-water-cab-view/0294,evening-water-cab-view,train,0,21,0,2073579,0,21,0.0,0.0,,,,0.968607493342089,,,,,,,,,,,0.0,0.0,0.9916519795705618,0.9933520112618272,,0.7831450094161958,0.9212642418930762,0.8650827067669173,fc99bfd711df81411031982d6c1af485a0d5de1a6bc8031d66c08fe78aaaf437,4658d8f7532c6505af3946da32505699e8955aca2113d5cdeb27eec1d16f2745,0075a1b4b4ccf722aef440aad93d98be7560dd1090d33bf706736d45c19d3b53
evening-water-cab-view/0296,evening-water-cab-view,train,0,0,0,2073600,0,0,,,,,,0.9680944375411155,,,,,,,,,0.0,,,0.0,0.9872273300613937,0.991250952677891,,0.7806530535428625,0.8797117461455005,0.8649743674549363,ccabc9bad6992ae81dbcf31b87e948651539d5fb18383056159cb4158d7aa1e0,60379d256d614ea088a2828671715ec0c44a063f5021ec187a15947d9abddccf,af0233bf975bea07bce79f93111a512f532d5179a2f77f4c67c60f11289135a3
flooded-road-crossing/0272,flooded-road-crossing,train,0,0,0,2073600,0,0,,,,,,0.0,,0.9752424896430255,,,0.8476894192147165,0.0,0.8743751768367444,,0.5636672325976231,,,,0.945573097900853,0.9838276301092739,,0.0,0.0,0.9343885993488547,1a64c22d40183eaa53211aeb2ab21c5cbf2a328ca7b2d6716a58fff64bb7291d,10ed04abff1db423799ac73be0144d2a9d4c342000410521dac7c27615a1210d,66dcd3a16d6f74706f7bde9c2b0311017c9fcda02bb306a21b1132ef4e2d82d6
flooded-road-crossing/0274,flooded-road-crossing,train,0,49726,0,2023874,0,49726,0.0,0.0,,0.0,,0.0,0.0,0.0,,,0.40283630009966315,0.0,0.0,,0.0,,0.0,0.0,0.8002222873613757,,,,0.0,0.9746042998398866,5eac815d6dcafeaed42ca25116f35fe30e4598159ae3b155d664bf6b7378427a,7172a732328236e294af3f1eef4ebca9041023ad99ef10d8086e8fd60928f87b,4596cfffdf5cdfe821a80dca5947b411f25cc94ff903126dfdedbe0e6da26de2
flooded-station-platform/0298,flooded-station-platform,train,0,0,0,2073600,0,0,,,,0.924813694385007,,0.8092860853003983,,,0.9835781982951599,,,0.988445671765511,0.9829452748790908,,0.0,,,0.0,0.0,,,0.8942513096128988,0.0,0.897286878589529,f0194c9f5092ef4a9f5211064d986408ef94a7c44752b254cf2a6cb67600d64a,5722f0e4963bd2152bf42d5232dc39a50a7a848f6c12b1004b0789f34038d48b,fa7b548d0549178f70ecfb29fa0e82e04d4f762cccdd07282cbb9777e349fb8c
flooded-station-platform/0299,flooded-station-platform,train,0,0,0,2073600,0,0,,,,,,0.9201468801943485,,,,,,0.9976518568868565,0.9812279159556682,,,,,0.0,,,,0.9355508868025398,,0.9734195586016419,2e8151e2e6b02fcc2163c50aa86d9e5e0134c8e81d7ed74c33832a121b91dcaf,6af42e253b81ce9497cf93cd0a68c78ba94d0412ca46ce0bdf9850dfc84f3d38,6f082495f416059f3bf021173b2fa03fec9d34a6679b0a858a6ba96164752e72
flooded-station-platform/0300,flooded-station-platform,train,0,0,0,2073600,0,0,,,,0.0,,0.9274941359994863,,,,,,0.0,0.9258108860799303,,,,,0.0,0.0,,,0.905033389813615,,0.9677453310154543,aa5009748eb469829d461d7b4e9a1e63aced662acde1baab34479670671c9cfc,75ede15bd1fb51823b565832643d1df6ed5185b2a03eb179228324c3aed39bb0,323d8cafa00997f8286b5dd176b9373680e513607613803959954885b0ed6028
flooded-station-platform/0301,flooded-station-platform,train,0,1,0,2073599,0,1,0.0,0.0,,,,0.9513780876739187,,,,,,,0.9858774765966468,,,,0.0,0.0,0.0,,,0.966946474086661,0.0,0.9622181183606391,b6bfd2eb1a154fe26098279bca8d8165e5aa045fad56b687663d941cba56bfda,47d991bcaec17e2c3c48231acaa869c7cfe0fc1945cdd8af78fe916b1e1bd398,d7c48d23f1d92ec9b615fbccabed33d1737813ac2fda90ff509d264b370f2799
flooded-station-platform/0302,flooded-station-platform,train,0,1159,0,2072441,0,1159,0.0,0.0,,,,0.9694409123616327,,,,,,0.7741847081392162,0.9973860746912097,,,,0.0,0.0,,,,0.9684786431386483,,0.979776828122452,0758d8245392d38d69bb520d6aa46dd39d38ccdfa9c8011ae15e78d2a3d0dfae,eece741854c6faf5705694b7fe66da45777daa6a2c5a7a957f51d43f01e66a89,f123ed71774ccd0867c13b7338857c3486a67e902b2b2351bebf53f0256728f5
flooded-station-platform/0303,flooded-station-platform,train,0,0,0,2073600,0,0,,,,,,0.9214960238568588,0.0673076923076923,,0.6633473764841057,0.562142403051494,0.0,0.9747825137101789,0.8752652948700537,0.0,0.662769678615865,0.6881147540983606,,0.49890873248691653,0.7215989264182036,0.734964048115046,0.0,0.8304722611066087,0.8805151138159443,0.9233462248903256,e62cac97ea08c225e113869af1e24539312d59ae8b1ea981d8625c7d8c85968b,9f41da0deb75457d49e7d121daf10240080a8bd5972f436a7e0a7b9717ecb8fb,fcf286038036db0172e480f413f10992affc3cd5553b39d1d4e73a783d318909
flooded-stone-bridge/0270,flooded-stone-bridge,train,0,0,0,589824,0,0,,,,,,0.0,3.3586028212263695e-05,,,,,,0.0,,,,,0.0,0.0,0.7936991869918699,,0.8478834618680378,0.03714799281006591,0.9402044494730887,d8aff7595858cbf04c9e2b85dc09bc865c9a2ad58b92c41e823fb4a084f4bada,cc93b0303a5e58646273e1c337552e9b819a34fb83f9540d2148d3bcbe375c9e,2e09d442916da47dcc93f2b2f004b680aed2f0be7989ad8c12efe7550d8d57ec
flooded-stone-bridge/0271,flooded-stone-bridge,train,0,0,0,698368,0,0,,,,,,0.0,,0.0,,,,0.0,0.9668573990085434,,0.8337426326129665,,,0.0,0.7795158976257694,0.965731793542305,,0.7514592933947772,,0.9711037328501991,f5180763e414fb42a131798a9a989ba50a68fa194643d48809aba9a9130498ed,deb97cc444c8d1373bf880da820dc45e4746303470e336a4c48ca969c057ecb6,1bec78103577b34a1d2403ec6c365d7c1b27328b0177d956fdf4324799018b6a
flooded-stone-bridge/0310,flooded-stone-bridge,train,0,107083,0,814158,0,107083,0.0,0.0,,,,0.5296740520548893,0.0,0.8403361344537815,,0.7971561230412072,0.8153545673076923,0.0,0.922114403619777,0.0,0.5586547387965229,0.4601889338731444,0.0,0.895358909162033,0.9319281152038973,0.9207259204741337,0.0,0.7690342243660987,0.7758121613028747,0.0,244d2e5e9d27aab38bd91e338efee542e9ef1b32b81f5b1d04e493988fd9fb15,42ef6482e36a3fc9d3fefaf6ee832e646e4a322238c9ee94517cf29cccb2a2fe,eda12f0bea5fe8850452c91bd56ebbcb3ebd6040dafd8ae1005aff660f71931a
flooded-stone-bridge/0311,flooded-stone-bridge,train,0,0,0,921600,0,0,,,,,,0.12719403702813176,,0.0,,0.7377049180327869,0.0,0.0,0.9677760305893264,0.0,0.5705290702428654,0.5675675675675675,,0.6302134646962233,0.8764933544676012,0.9243503922838839,0.0,0.6626042936158245,0.32441820076415423,0.910847275839658,3ec9872d416c77c2223a85177374f753b9fa22546177d378a402366f3a00fac8,6561271ce4c565a4c37ee75a811cabfb1e535cadc0ff4b3b0a20a98020fff530,6473cd2a7d15ff4760cf70736fd59a6d4a29445183a4fb04eb5cfaf7cf10819a
flooded-trackside-woodland/0306,flooded-trackside-woodland,train,0,619,0,2064680,0,619,0.0,0.0,,,,0.888640149937526,0.0,,,,,,,,,,0.0,,0.9839177563127,,,0.8978275659176994,0.9626623484581468,0.9193837102646264,0021b7212f209be14d804f00cbd09a05f058de3d7582bd9ccb3bb068575fac81,8de09c6caae8edb989f229fdf3de804a969a3c4d11baa415faf551b9c1f5cd1a,4214d48b744f25c93b1c7b18ea954f9cccf2607ccb1f5967fd6f63a28d91823c
flooded-trackside-woodland/0307,flooded-trackside-woodland,train,0,0,0,2073600,0,0,,,,,,0.0,,,,,,,0.0,,,,,0.8272094792912273,0.9877576814596336,,,0.9437815702496518,0.0,0.9655927284924378,05638be2766fc4b1131b1244aba691384afbe16930ecba0b0faf7738dcf28e31,8965ae7b242b8b889a19b35409caf90d8ce9f841d962398bb5984a9bf7e3e501,7fd8563138ad6ef5bba14e40068578fac4f5a06c7f8e764a8aced250fce68486
flooded-trackside-woodland/0308,flooded-trackside-woodland,train,0,0,0,2073600,0,0,,,,,,0.7349898311079671,0.0,,,,,,,,,,,,0.9787885541903264,,,0.9186114794468649,0.9004912479067357,0.9079490766607197,0020a0a56903de99cf38302e93fdee20ec756bd51a40b2edf7884183de063666,0ae12b44425bb812368f8178ac0aef7e325786d592a022eefc8bec3277618389,622aa73a74cab09e95fc4dbc6a7a7814e81804f928d20ef01c71b92404c880d2
flooded-trackside-woodland/0309,flooded-trackside-woodland,train,0,79,0,2073521,0,79,0.0,0.0,,,,0.0,0.7362210190198528,,,,,,,,,,0.0,0.0,0.9929361648694144,,,0.9506958003846029,0.8179997568421906,0.8971220321334737,b0aed51ac2b31233ca1f0b25b0f75d6ad53e8afd209b956cbf317def34ebd785,0da5d8691c2ef3a4af99cd06382ed6b5e9acdc9dcff28e445e132c1371c91740,769478959920cac628aeb82d20ff6c10dc10a4072a30258c3a2a31c88e5f8752
green-roadside-cab-view/0174,green-roadside-cab-view,train,0,0,0,2066931,0,0,,,,,,0.9662855046807968,,,,,0.9636545610523306,0.0,0.8355036171396772,,0.7745170510546028,,,0.8059511698880977,0.9642681052481247,0.9852574607699475,,0.8017675138691782,0.8993120559377467,,ac8756b81048f48af6d2c3fee710b8b43f34a4e658cde8c09bb9f690902790e5,b77c97dcd4fb55499f6f8e29e571ffe8b252988a1383fbbbc8633d7e7d35146a,9d1e92d1303ab1a45828bb7b99392b2420b7ee1180b7263f660a1d1c45b8de50
green-roadside-cab-view/0200,green-roadside-cab-view,train,0,123,0,2068118,0,123,0.0,0.0,,,,0.44750516766192006,0.4363327674023769,,,0.8272311212814645,0.8372852491860756,0.0,0.0,0.908622014120057,0.7698591985146217,,0.0,,0.9745723385938381,0.9857358086148182,0.6116275638187989,0.5777569069421618,0.0,,647d89550b9094d69144e9eb687405a9b548e981193dfb8682ee2e38bdb37aa6,ec9c895b7bfc0e04c27e3fbfa6d40129a216d6b93b9c0d141f0a7cac2f4cfb82,446ed5d5e974f73f50250f17d4ee27e89f5b97066ae5edfe58a5b64cce12e073
green-roadside-cab-view/0201,green-roadside-cab-view,train,0,1224,0,1981553,0,1224,0.0,0.0,,,,0.9536489488976243,0.0,,,,0.8437993964650093,,,0.8384879725085911,0.7652197528628978,,0.0,0.0,0.9757886491490422,0.9841055820815026,0.7838795394154119,0.7561477095155852,0.8087001104275122,,cec5a4a2267098df2b64c119ce4e99aacc9014722b05125b92bd8da623cddee4,79b14e0ec0f662a0b7defa39504fefcd6253e1a53dbd690216307f9800fec399,e87d0ef8118403f9125109bf9c2a66aa51b03fb40dddfb3ecc63080e74916cb0
green-roadside-cab-view/0203,green-roadside-cab-view,train,0,0,0,2067934,0,0,,,,,0.9725116190673647,0.958572186836518,,0.8952051408798813,,0.7379454926624738,0.8926753983482105,,0.7042440997286643,,0.47135475174118174,,,0.9265353331840908,0.973927538563831,0.9889652663569464,,0.6476683937823834,0.8754306352411224,,18638926136c9e885bad8a5394a86973d90d5ed5638573e5985654dec64db548,02d5c3cbcfb22b2c4080b9d7ba8d170adf3ed46933f9dc0d14cd85562a56b0ef,536051bc78121c889b0d584026508b76aedba09bfb529497b86f939836d1aa67
green-roadside-cab-view/0204,green-roadside-cab-view,train,0,0,0,2067934,0,0,,,,,0.9449778578986558,0.9588415050066846,,,,,0.8287451049155415,0.0,0.7033158813263525,,0.0,,,0.8897612174406381,0.9693363452094027,0.9929791936372154,,0.7703525936865424,0.9182379285687403,,cb34ab4d9a1966c9d974500a92359ca204a93a0c8283bcc59a5f16456005f1dc,394bb5dc28c3d0b30d2087556ad26a909667e7937eb766dc4284b1cb12445c2d,8f8e1ab9c0c55fa45d4c253260bb07a09696d4d34a0942922f3cb06268fe837c
green-roadside-cab-view/0205,green-roadside-cab-view,train,0,0,0,2067934,0,0,,,,,0.9581111957349581,0.9730950484967952,,,,0.7718120805369127,0.8966676066929874,,0.140893470790378,0.0,0.4579485285063416,,,0.0,0.9746070279259628,0.9863800732740162,,0.7379523389232127,0.9591157197955452,,84c3ad934ba556452a390cf9a7615f786d7bada1f0ce3bec466c1ccd2a89b441,95e37b185a66109b9fa6014f770ed4e160ff0b041a57284a73413e84b110572c,c55cb294c1aa7e2fd43f7d629610c9e6fe5386204161d3bc4e697dfdad420f6e
green-roadside-cab-view/0206,green-roadside-cab-view,train,0,18,0,2073582,0,18,0.0,0.0,,,0.9627487457015615,0.9673599185905998,,0.347749853886616,,0.0,0.9246954956127507,,0.8243497926875235,,0.8085842510033412,,0.0,0.8549411544928077,0.9764231300826074,0.9827753828530086,,0.6813492713279843,0.9333480270682425,,326099a1d7068b475af019e6dcf936e26aa1a539954a3f0fa5df1a5ff8428999,5e5fc2a4b032976fc815abe170cc8547f7fe1cada392142df6cda57eff6e1c5a,023ab7cc0a7c0123055f227bb8f4a5b23b9aa168e1708dc067f498714774637e
green-roadside-cab-view/0207,green-roadside-cab-view,train,0,0,0,2067934,0,0,,,,,0.9687943031270878,0.981288154722208,,0.0,,0.7984395318595578,0.8001369740642587,,0.8640949554896142,,0.7804137068310771,,,0.553372155353053,0.9600021825108134,0.9898034185720621,,0.8167430986422084,0.9449642688318549,,0a69c574d773bd2b02269bec42203fa65c198e4f1f50743335704b45db4b879d,0eddcd0c9c23c948c80539aa5593c3fbc7649e64694a60c1e458201173d047ca,18c8ff1fe42f2d9e09706d34dc0527eff7456c407d85526e966dbc3686695963
green-roadside-cab-view/0208,green-roadside-cab-view,train,0,26,0,2067908,0,26,0.0,0.0,,,0.95060822147651,0.9650918600504537,,0.0,,,0.36477987421383645,,,,0.699573963829247,,0.0,0.0,0.9887806903572337,0.9839435625484946,,0.7337254106672074,0.9503385701534807,,3b8efe8aa3a6e136add1665ab904a06b78b874796e0c18912f3ee9f3ff74d366,f449b48b1e1888c6196e82bb26e0b4f7d76a050cbbdb529983c5bd83577aa7c1,f4472b4fc94011eb273c86e6f0d76f786031d41f7b29387556448d1d1ed33eb2
green-roadside-cab-view/0209,green-roadside-cab-view,train,0,84,0,2067850,0,84,0.0,0.0,,,,0.8798701963433859,,,0.9690084213924255,0.9296875,,,0.0,,0.7015319258496395,0.6313209895752295,0.0,0.8813829913980032,0.9570332070535681,0.9753593035407818,,0.35999873273349386,0.8433768930009151,,ee956750d1fd8c7676cd76b8db71bf93b9cbcedf8b4aaf4e538041ef501ade04,9215974802ff1c3a3f4ba3b5a8c526785e3e134127875b97fb97ab0f1013f765,d83164b806147c1345c6123a832222135f92a7bda66424eb35a21f261b990b30
green-roadside-cab-view/0211,green-roadside-cab-view,train,0,336,0,2073264,0,336,0.0,0.0,,,0.8795767613363095,0.8745739763761147,0.6499356499356499,0.8646370542893584,,0.8039895923677364,0.9133272909291302,0.7070736247512678,0.7343364766286252,0.8995851240901299,0.6796814062767529,0.5801915630731608,0.0,0.7396021474570571,0.8818438531324653,0.9807922700672286,0.8113296320692576,0.5868304803975704,0.7766933639520767,,41f0cad9cf8e4e11e5a870a293f740a7bce70a66b0bf5b0e86c9dd1fa6396f5c,bac45ffaf5fd576f297c552e8ea5f461765b12c5c76eae223bb8742621fb0cb5,0c827188794747c82055b0888d4a375bc751d6103f58c26af29a6fe4495696ab
green-roadside-cab-view/0212,green-roadside-cab-view,train,0,429,0,2053332,0,429,0.0,0.0,,0.4580478021059669,0.712955864636951,0.8894985581544377,0.1552776970049433,0.6999190611088628,,0.8658316407131573,0.8336159229849003,0.7728165457533368,0.8111221756747476,0.34124885004599814,0.6183887480741513,0.8115933686391895,0.0,0.8297680561446805,0.7346429750420507,0.975157391601229,0.5991571060641536,0.7355294745265404,0.849405352880289,,19490f9f31865422ef3257bbecd836b58a75e1200af558b47627240cfc9e49e9,586eda51ce95b9ec0c0e71fcb2377dc00b0f62e5a969c354b927925e1f153106,adb57648d5133cda09fe558f76d23920469a2ed8c79dc837f25b5d29f298909a
green-water-cab-view/0263,green-water-cab-view,train,0,2034,0,2071566,0,2034,0.0,0.0,,,,0.9112446752640485,0.6324388410155573,0.0,,0.6956521739130435,0.7503660563891977,0.0,0.866406554818572,,0.5886865793780688,,0.0,0.36646499567847884,0.96726225157488,0.9949361992071358,,0.8606085739463999,0.8528588957055214,0.813358483265622,d38268ad352c084c45d9c129d86eed80ec34068717620fc1685f07a6cefd1468,82d378a75617dcc00963a8461696510c838eaa15eae06a60adbfb38dac5fc22e,f9aea333f2b5109dc77d7e5024bc479166b467d952546f1826ee4f303d7bef96
green-water-cab-view/0264,green-water-cab-view,train,0,0,0,2073600,0,0,,,,,,0.9234061581704357,0.0,,,,0.0,,0.7247256595844035,,0.9612583359745409,,,0.7341863993140294,0.9672471278107978,0.982370420127799,,0.6026215254907127,0.9310655175043856,0.7452257326410279,7ac26e3576a11b28c401290cbed89e663ce03d2ae23dcbd062e1ece5d3ba81a1,02043cebe3ca604a9e183ed93d8ba19b67cc40728745e1bc464f5679decd5bfa,e181485df8277330ff7961685a5c2f2b567672d51ce6cf4a87998deb399e037f
green-water-cab-view/0266,green-water-cab-view,train,0,1,0,2073599,0,1,0.0,0.0,,,,0.9365677045619116,0.7216426193118757,,,,,,,,,,0.0,,0.9784641997750311,0.9004133725225154,,0.8398021548736689,0.6779944176191349,0.8433808473775398,1b57cba93cf3601d156721ce3f759bba69f41268fe5b975191c86fbff322be98,705e31e2edbf1c6b10421dbad0215010633600952f721fe64f10d5852d401b2f,b7f2a7e800f9371cad102878f3e8398652bb6d2733d678a99961be48abe8877b
miscellaneous-flood-stills/0275,miscellaneous-flood-stills,train,0,15942,0,233754,0,15942,0.0,0.0,,,0.0,0.6883750395945518,0.3008578431372549,0.7554240631163708,0.9680606685318804,,0.0,0.0,0.8847137014314929,0.0,0.5382059800664452,,0.0,0.0,0.8489767403632777,0.9897019423978567,0.0,0.6190928270042194,0.765695272222019,0.0,61c2965c3c11954382ff9e9e06c34ffa4996a9a48b46aa7f5490049b85765bca,03276c63c9cd09da59f8409c41b9a381d944818e83aef5664981f7567f9a3c45,a1511bdda6aaaefb19c71277e65e0be5213fe4e8de8ea9c90bfcda07e2eae5a1
miscellaneous-flood-stills/0276,miscellaneous-flood-stills,train,0,0,0,920880,0,0,,,,0.9149682371625198,,0.0,0.0,,,,,0.0,0.0,0.0,0.0,,,0.0,0.9304031520842424,0.9766289103483716,,0.8367497919299651,,0.938799864900364,85d7d06fc795f58f6e51ed5e91c5d5d8ab1f41194ab44f3471da41bdadf45973,3a0cbbff7cd33ff9ac48f3908c9fd4d2bc5716978ff64051e9719dd6e833b22b,0c98d36c7dec00001cc19eeaadec55d82f8c0f5bd90951dbc89c52bfef8b673d
miscellaneous-flood-stills/0313,miscellaneous-flood-stills,train,0,33196,0,2040404,0,33196,0.0,0.0,,,,0.9413080789505945,0.5970569638443409,,0.9850831871256579,,,,,,,,0.0,,0.5005999374855057,,,0.9321148303702766,0.9084067855323256,0.8823322785975508,74272d0a74c881e4e18e9bf6000c065a51519bf7c05acb3c8e912f075c3b5ddf,f1ae22903da80e5f5b78fafd97ac79433e9f7660531a8540fb329a6830166ff3,04915fe84c537b08e69cb534abc1753b8615a4e94e68ceb73b01a8e35e25e51e
miscellaneous-mud-cab-view/0173,miscellaneous-mud-cab-view,train,16884,110,29200,2027406,46084,16994,0.3655020132484738,0.9935271272213723,0.3663744466626161,0.0,,0.7628839308812904,0.7209215660484897,,,0.9171948308502758,0.0,0.00296986641814228,0.0,,0.754999280679039,,0.3655020132484738,0.0,0.9599932276752523,0.9961190930933334,0.0,0.578240453007389,0.7802837643011391,,f0ca7b2f878f2a5e167e558097ca517d126cb474aa25f5b0ec0fc4d6b1e57432,32a73b79a5806d70cd7a9d80baf0d39b1f4393bcf4a3701fe9f1134962c8bece,2a32d4898b8324da2ee8bb478477960bfae8952779728d62922c5c8503d2d7e2
miscellaneous-numbered-cab-views/0013,miscellaneous-numbered-cab-views,train,0,0,0,2088960,0,0,,,,,,0.9705174131713797,0.0,,,,,,0.8085998951232302,,0.0,,,,0.9694763417889417,0.9771471430102096,,0.827257032598761,0.8913291423985603,,cdc7c624979074f91663aae6c612b6f6c370af9ca88a91ba076c2bad37e6c319,0eaafc1f7d1f70cd68db2eb5151301233ef3f3cd718d66571eee6a4299eedf30,0b386b2a24328be8220698095e2704c2ab851a54170a1caa5dbc637a1f51d714
miscellaneous-numbered-cab-views/0014,miscellaneous-numbered-cab-views,train,0,0,0,2088960,0,0,,,,0.0,,0.9378529234674782,0.5857153469023919,,,,,0.0,0.9638687331901472,,0.4501557632398754,,,,0.9604600828029904,0.9561748159221065,,0.8531466290694694,0.8345136183804304,,00a59e617c6d81492253ece8ef06493164bef224314ee99156bc01663f8ccd38,f8150f0c2a2628f28b20b603a30b8b3829dc4ddd821458cd917236a0fc08b586,39ab8bbb687b1aeef846b29bc61fb84abf4b96084da0aff8c8bd9a40c1175bfc
miscellaneous-numbered-cab-views/0022,miscellaneous-numbered-cab-views,train,0,0,0,1932681,0,0,,,,0.0,,0.9340596759932261,,,,,,,,,,,,,0.9856131372243608,0.9830881956620302,,0.585345545378851,0.9374648737973208,,34431340589d77bf879a5d44b35f1ba4ee67944d06302e41751f49b52c7cd6bd,6f977a50f3c53a6cac0d8cbaf6af2c29627331c93869e55273dc1bb80023aff6,473b60f83c05279efd6172227da6867dc38ef644113d735aea0860d618cafef4
miscellaneous-numbered-cab-views/0023,miscellaneous-numbered-cab-views,train,0,0,0,2088960,0,0,,,,0.0,,0.9299346174235731,0.6553485072484959,,,,,,0.9560462727715011,,0.49855351976856316,,,,0.9456070922863494,0.9559684804600149,,0.8251290370151895,0.8017630160763418,,4dbdaa16ac641963e653bf5fa8dce1b9b05b89b3a3d10f8da2e3c9c38deeee7e,d15d0fb83fc7bb953dbf81e78bb9d83c848fc8a15e918257ce7bdc09120426ae,b2ceb7d555d5de96bd5d2bd3e86c92b0837a3be99f7c9112e4efc6771c8a1b80
miscellaneous-numbered-cab-views/0024,miscellaneous-numbered-cab-views,train,0,0,0,2088960,0,0,,,,0.0,,0.0,0.3894404691708234,,,,,0.8711635451250729,0.7813570938999315,,,,,0.13649498555158932,0.9928638497652582,0.9963952286324901,,0.6327852264103213,0.6341871860075668,,35db7be7064f509351e3627b33430eabc718080e493e83ad1551491d62e1f113,d8556356afb32734b38fc45466c904ce057dc08037ba8cc650edaf124dd1d86d,8ddc83d30f100e1cdb6ea6add9c7f41b9ababad7ad613069fe0c4ec4b921b271
miscellaneous-numbered-cab-views/0031,miscellaneous-numbered-cab-views,train,0,3,0,2088957,0,3,0.0,0.0,,0.0,,0.6789974315441208,0.63339687218013,,,,,,,,0.6803809523809524,,0.0,,0.983232378032715,0.9804881304647696,,0.8345430857993672,0.7619272443993296,,582a1052402234b092c9e8f0eb985ba78c3b1068c2ae8c12c805aadd11584b0a,7f02b5df890d74feb99bae4ac2f419b3e48fed2208d8047fd2d8b9a7d2f2cd7b,8ba74256d74466e850b4a8c6ca4649260da5968b0664d7195bd6f2762af4ddad
miscellaneous-numbered-cab-views/0044,miscellaneous-numbered-cab-views,train,0,0,0,2073600,0,0,,,,0.0,,0.9033853477915895,0.9027481460919221,,,,,0.0,0.9349698669186794,,0.5800236717517097,0.6710929519918284,,0.0,0.9573992071804526,0.9952637265430426,,0.8160579438611724,0.8288123760573071,,bb02fd705ac7b08fb3ae7c618b46f5a9da4ef32b590259233156f5fee831aacb,88341a86688a995a11401395977a1f70d09fcb7f5e90b34db64d6900ee238b02,1b6dad3cdb56a24086099afc709eee7c462f6f2767d0b9149811deb4430d04b1
miscellaneous-numbered-cab-views/0046,miscellaneous-numbered-cab-views,train,35339,3853,3092,2031316,38431,39192,0.8357534764922903,0.9016891202286181,0.9195441180297156,,,0.9458225325867365,0.42472556194458966,,,,,0.0,0.6435452793834296,,0.5212502810883742,,0.8357534764922903,,0.9870327608292384,0.9816878533863747,,0.8846740753027036,0.9464513183922788,,a1bc04fa20bd623f99bbac759e22dbd90554263ca7b217cee49ddc9fedd59da2,3d2b997eec63c459421626f6856cc0913505f918106b37c1868681f35c7e3799,c3e4795928a88d2aa67b934c0a0166e0e4a1070fa0e1437b4719e51d023360a4
miscellaneous-numbered-cab-views/0047,miscellaneous-numbered-cab-views,train,0,0,0,2073600,0,0,,,,,,0.9118393743152119,0.010267532939101567,0.0,,0.8784231116461029,,0.9565867063605656,0.4945101650492314,,0.8045033287628236,,,0.8948595682246908,0.0,0.9866217930571719,,0.8086223287727855,0.8954457028965616,,b74e6210f53416c45a93c3fb1a022de2cc33ed02723512634c739624b649276d,e7ddacfbff98ee0b1860229ca3eddde6d4869988720c162c8ddf46c159778cb8,6458f43cd2ec4bff45952127c51fe864c3f03aa86ba0679ba4f04df427fa341c
miscellaneous-numbered-cab-views/0050,miscellaneous-numbered-cab-views,train,0,762,0,8211012,0,762,0.0,0.0,,0.6856031128404669,0.6940524858235527,0.9644556932135979,0.681600844814268,0.8311787286891724,0.9826296830245235,0.9490956416285845,0.21528195004720624,0.9391000694659271,0.8663416054577004,0.0,0.7850993823121296,0.7626174730247128,0.0,0.5627553626149132,0.8823106192253702,0.972248404999171,,0.8550775631008682,0.8534376943216639,,33fc6fbed915cff715396fc229a8e0da423ed1d84e76cec2dcc2a28d124be983,d7ea88db43428e6a079bd74c9f89f6882e170699de87112e056241c2de64cecf,698e81b8c8deca7d92058bbf2456aa0c66ea9941ced0322a94cbd616d5fddf88
miscellaneous-numbered-cab-views/0054,miscellaneous-numbered-cab-views,train,0,1976,0,8173971,0,1976,0.0,0.0,,0.0,,0.9474341625897783,0.7286227253362546,,,0.0,0.0,0.29325045820384094,0.7995736115577471,,0.8134718002033349,0.8720795743696507,0.0,0.0,0.9829850816275348,0.9702143302114085,,0.8588815630390276,0.9590401034587419,,ac828e814ea477c826e95def13cde08680d0a05dbe64cde8303472779d31fce8,f84064519f157a788221b468dae3b21eede54efb2623226da7f5f33407490909,63bda50336e258fbd98056f01af7a53888d88652e7f70bc359f15a79ef609d2f
new-unmatched-2026/0176,new-unmatched-2026,train,0,0,0,2073600,0,0,,,,0.520864160994377,,0.957327577800459,,,0.9734454169203658,0.8120300751879699,0.0,0.0,0.7071339173967459,,0.5606513791957461,0.5283018867924528,,,0.9547036426250182,0.9880223756550414,,0.8499535819278973,0.8906265095159888,,fdfba692303712b2119a1d725763d74b54fa20defdb3415916105955f503bd9b,a4a945408fb28a872aeb1b860b8b94abdd259836428f6aee085d01ae61280ccc,a1cbdb59f746051396de29a8f57a20d3c1b4beced924658bcb28e52eb474f693
new-unmatched-2026/0177,new-unmatched-2026,train,0,380,0,2073220,0,380,0.0,0.0,,0.8611856339247079,,0.9376265620724255,0.0,,,0.0,0.8695345557122708,0.0,0.0,,0.1891938103787296,,0.0,,0.9873785240580416,0.9947586769184086,,0.6493336996840225,0.9258221924552262,,92fdd6e752f0a8493a8a0114320f0d3adb209985cc28a17efef842ce5c887b26,d635d6076eddbb99e91c6f5abab40f42ee0cb1e7f16f8b435011ab79c2c306e8,adfcd94ada86b66830f1da25684b44b47ae887f858527b328a78dc4e9ba31e67
overcast-mountain-stations/0214,overcast-mountain-stations,train,0,5614,0,2057532,0,5614,0.0,0.0,,,0.0,0.8416995395181442,0.7319480519480519,,0.6966784504345265,0.6987315010570825,0.6930753963926632,0.04812518452908179,0.5478716866729485,0.8638611537137313,0.7516779065215373,0.5506168004699432,0.0,0.30113378684807257,0.6903650979459266,0.9516175121895024,0.6570034443168772,0.5322785842440059,0.6710178850078022,,fcf5289b197c7f0a48d5f375c13e6c090599b238c68ce299010e0babb86cb7e7,74c09644d3b234cb7e5ae04360d0c4dae6b6442f72a289f3d7e00b434c6a276e,0972a7b96720761e2d242fe4f2a9294ae8e960cda1177b9af449cc2975f8ca41
overcast-mountain-stations/0215,overcast-mountain-stations,train,0,0,0,2072972,0,0,,,,,0.8917132689374683,0.9197402664000103,,0.8053949903660886,0.9543604273348756,,0.0,0.4880797572605115,0.8131129153677871,,0.6506135242075313,,,0.8364499992109706,0.8537573549875991,0.9796385606551464,0.0,0.7260890110082431,0.83887905571464,,a4ea3527469f92f7e01c82dbad4e004af29e5a534ebe1ed94e96185736126eff,173b1546ec227c4a29c4d3625922c07d126a8b47dc212fca972e07638a79ab0b,ccd9905be1cd2e78d0acc9aeef30674cc60e399a2cac4fd36b9add0725f91b60
overcast-mountain-stations/0216,overcast-mountain-stations,train,0,0,0,2068246,0,0,,,,,0.7333505088239083,0.9485074730429232,0.8259762308998302,,0.86984716710293,0.8793122697331696,0.850005193725979,0.8726212052560036,0.8083525146304403,,0.6148284574872903,0.0,,,0.987517117811291,0.9604888469412709,,0.830489431054919,0.9578468795784688,,39f23d5418cbc5c465dddc13feda5ebb78e7eb06be8eacb3a5acb0256a95f409,582cea7ba18778754c9af1fb978db6ca3615699fa9add68d1b3f193026791d18,e702497d7371b8c460c075f6ffc72a2593146dccc5ced3efda8fd32e67f271b2
overcast-mountain-stations/0217,overcast-mountain-stations,train,0,84,0,2073516,0,84,0.0,0.0,,0.3265494912118409,0.7638547638547638,0.9643584521384929,0.0,0.7710574779490161,,0.3039647577092511,0.0,0.9463635506742958,0.7498997381396116,,0.764842409599984,0.16326530612244897,0.0,0.736769319682959,0.9135152708513523,0.9572510474532171,,0.7179183914843288,0.8217403336945152,,014ccb7933ce4cc405469bff1fb36825df54553c505c185a5c2b9ca46750aa01,ca4552b9772cd24b48a8ad4113a2d2044d6cd2c90ed3fa87f128fad6f25b5fcf,d1ad07c210e7d594288fe034fcf5b8945d87cbf4bb6d3af58bb646c3f1571ff8
overcast-mountain-stations/0218,overcast-mountain-stations,train,0,4,0,2072176,0,4,0.0,0.0,,,0.9632075367869603,0.9857195667949121,,0.06787330316742081,,,0.8687413132648565,0.7654200863017175,0.8659210856999247,0.0,0.8990846912686784,,0.0,0.7423769261071369,0.9409467834385639,0.9613544990159191,,0.8514401212733704,0.9438739919289119,,7d192a396ef667bb5f346b4419b19250547fc8d398f9ad1541087e3b71df732f,90e80f52de853dc11f80453389a3ecb34f1f22cb5b5d50d82f0e9a9b69360854,6aa0f9f982bf4f14b01127eaabcc033eadf9c7cb69cccf459eaaf43bd45d95a6
overcast-mountain-stations/0219,overcast-mountain-stations,train,0,2267,0,2065650,0,2267,0.0,0.0,,,,0.9078972362047678,0.0,,,0.8450547223348196,0.9504011741682975,0.868421052631579,0.954526818444916,0.9416656437952621,0.7056077989561539,0.9169489819877235,0.0,0.7261119367818175,0.9574782412933316,0.9954656820719165,0.8515586945932782,0.694671201814059,0.8994821355389143,,217eb3ce4240bbab2cd912c73d871881db741d3f99a15000d1343139afbeb72c,d217dddc00d910958978c3b8564634dc39934156e8f5a5909546434d3ef106a2,0a07699bed1aad15941c9db543482732816572edb95f1464bf91b8f471541b1a
overcast-mountain-stations/0220,overcast-mountain-stations,train,0,369,0,1926368,0,369,0.0,0.0,,,,0.9516620795359032,,0.021021021021021023,0.9691542490148607,0.8788501026694046,0.804395221069155,0.4049224184055645,0.8082807371875789,0.0,0.8276163727611768,0.9268060836501901,0.0,0.4915254237288136,0.9620823470220962,0.9906202990885762,0.4144736842105263,0.8688680902316012,0.9099237052571074,,b998518e2d97c634c8c2c846bf7f07e5ad02688387f15d657cc9646d080b722f,5fd56feefb695330a155944520011a8468c6cfecbb0f8823735f7759291e46a5,4b708d52c26403df7407593716e65c6a472bee800e9a48a10c52e8f612ce8ced
overcast-mountain-stations/0232,overcast-mountain-stations,train,0,27,0,2051943,0,27,0.0,0.0,,0.0,0.0,0.9590232237962393,,0.0,,0.8086234724463915,0.8574351488465588,0.0,0.7329906927426956,0.821505376344086,0.6593702910619399,0.950358347386172,0.0,0.7999055529992977,0.9507849804530277,0.9738226199535694,0.6237006237006237,0.8288021377948182,0.8722084542944134,,77b17d1922889f7c1d3d5c9eb9eb7abb5f53399f38433a493e4e0d9f6d369bd5,9163d80ccf7bc87211d84eefed8081de6f20c1a73578962ba1efeb4df4582c35,84ad6d66c9ed9874fd3bc3bb7d4a3032c91ac2c7e18bd450ff2eacd13ddd5c65
overcast-mountain-stations/0234,overcast-mountain-stations,train,0,0,0,2073600,0,0,,,,,,0.9673487310090454,,,,0.6706730769230769,0.6988844039029972,0.0,0.6084538375973304,,0.5400318588408284,0.8843960601347849,,0.7775793650793651,0.9722515432861252,0.9938689561603615,,0.8152289969092442,0.9484547214487903,0.0,709cbea54e2cf9800bbf3d0c032a4ecbdd34ac081630e119aea5e897a39808a8,5e14ed6bb456482f44ea9456ba84efbc491c809bf6bf91f148be3dc8bbc3f496,739620231c5e76d7e31a0f2870dc0ff5a396c786af807d8f0b7776ef5115d5a8
overcast-mountain-stations/0235,overcast-mountain-stations,train,0,3830,0,2067603,0,3830,0.0,0.0,,,,0.8017479300827967,0.0,0.6642297650130549,,0.7098121085594989,0.9231748352216159,0.0,0.8994171052043113,0.8983507770377418,0.7861996919862578,0.0,0.0,0.7404769943828847,0.9374192485918293,0.981400865158236,0.691432837131691,0.6489390519187359,0.8973266731833305,,468c69f20ee4665d35f34a795d6f47eaaff96dedee7864164a769f063403427d,a6f6323515aac89998837b46a7e676cd3a75633f3314472a74cd0ad6d91d0636,ca141a66bd1506206b960f9e96bb7bbd3e25ecdc09e727e7b2b446cd21da0eff
overcast-mountain-stations/0236,overcast-mountain-stations,train,0,0,0,2064486,0,0,,,,0.8112753523547611,,0.940593254774482,0.0,,,0.4535729567821994,0.7783549216672668,0.764755987124656,0.9499338832915608,0.9507799485082539,0.6555202303897807,0.0,,0.5785482262066143,0.9013490245764502,0.9793242443218613,0.8468997942991479,0.7978409378426247,0.883631896005073,,7d0f48496493980d7a6b226310064c37f280f0d3d8723af88c69108db233c6e9,d086edbab9f13659cd6f7730e857ea9050a4c2dfdbcbf346fa89dbbbaa3fa819,c1e3644e0e3803b02544291d79759d88d2ee8151832b2e5c9cea66ff0cae5035
overcast-mountain-stations/0238,overcast-mountain-stations,train,0,331,0,2073269,0,331,0.0,0.0,,,,0.7972957788681224,0.0,,0.9896787598702504,0.0,0.8100828729281768,0.8324703524302656,0.8856776732797876,,0.7129416139828932,0.8112617309697602,0.0,0.9761146211274425,0.9604630422480126,0.9889422669939897,,0.6655621601112938,0.784875290906654,,38d3daf79fb1b3f1c4c8c5bf74635d5954f16b3c5be5297e9e5ac9b077259d42,994f9713200099d24deb58946cee11612e19cad501de11ba1cedfdea65a792f0,5c26db7a5ad09dabbc2057c2a6ba6efe5871f51895a323c5343766a8c5805e5a
overcast-mountain-stations/0239,overcast-mountain-stations,train,0,0,0,2037585,0,0,,,,0.8711613356317436,,0.967820683533067,,,0.9886735605770458,0.23913850724099517,0.0,0.9538266125092473,0.8282025676060553,,0.7950816295706381,0.0,,0.7653823355068168,0.717586726546158,0.9777985341039704,,0.7805451127819549,0.900075859932938,,a48c958611d90e4471af958912e453f589b8b5533315c5d59ce81b77a46a7bfc,0821e76096f2d948662c34edd7251a3a702f4f86b5f0639ad4ebfa76dde65c39,0f02548099c561b2b621483fe52a55855588516596f18e4206b844bb80fc2935
overcast-mountain-stations/0240,overcast-mountain-stations,train,0,756,0,2072844,0,756,0.0,0.0,,,,0.9465044918481275,0.0,,0.9678846260311134,0.6415886341620923,0.0,0.1423948220064725,0.9092314703297418,,0.6882386139172639,0.0,0.0,0.5304319371727748,0.9507810184761114,0.8875360638762073,,0.8239638633974118,0.9260966276101779,,8b51f499144ba83986ae26ea615d1f3e8da062613143bac5e635ab5684f8c914,ec5ef1101a8496a4fe3e89c27333150b42b83b04442fe8619c079705af93439d,f1c9e8b46c5bd6cc897c90183fa596c01e26ec2576c7a93b258dbaddf558db3a
overcast-mountain-stations/0241,overcast-mountain-stations,train,0,0,0,2054723,0,0,,,,,,0.9377498617365885,0.0,0.6794520547945205,,0.798094103633115,0.0,0.2408026755852843,0.0,,0.7241286916481423,0.8778157801627551,,0.7777092909647679,0.9094082135197394,0.9691567766347046,,0.8587524128822513,0.9490660967150463,,3625a2c4d4e9f8f3e0165e6dd90494d2791acd79e6142389e4a17e9e72601af3,7c47a95e5eb2184cb565bf52f191447540f2a51c89392876cc5789825633a0c4,2dbe5457b48eca19e436aacd99144989307b8de589fb0f9ef3edc260a475330b
overcast-mountain-stations/0242,overcast-mountain-stations,train,0,4,0,2064721,0,4,0.0,0.0,,,,0.9506668313163744,,,0.9164006607915018,0.0,0.0,,0.492288961038961,,0.5654326923076923,0.0,0.0,0.0,0.9707290887828071,0.9831611697324089,,0.8211955360518055,0.9253641472645946,,ded050ca71f820d730759226ffc1d2274e07ef4601f63b34c13120c7ef05161e,e5621dbb9f82929eaa32be89ffc6c20a8853dacd37119cbd4d35a1dfa0d0688f,81a91d39dca4e2d9619f00d4b386b057742de6483fe5ec26d2580ef3fda8e2b3
overcast-mountain-stations/0312,overcast-mountain-stations,train,0,22,0,2073578,0,22,0.0,0.0,,,,0.9002414163090129,0.0,,0.7462555066079295,,0.0,0.7782792301988976,0.7810983751976943,0.0,0.7871881660805501,0.0,0.0,0.0,0.8272472521888113,0.8709668739845391,,0.7795491056673097,0.914156137777146,,5443a27572d1805ca781a25437ef08d1d27ac70239d96cb52f50717ff14822c3,cd7524fe86855d1bbc00c5f9437a737976a1453fe208f62409b95b11be6f50d7,7e90e34c80a037f4a50b645ec943a233a4869cfd7b6a847725e10e400b8c4add
rain-water-cab-view-with-overlay/0268,rain-water-cab-view-with-overlay,train,0,0,0,2030117,0,0,,,,0.0,0.0,0.7238306390856061,0.4329569274460748,0.043933663078265926,,,0.806575611351926,0.0,0.9837396093211149,0.0,0.0,,,,0.9469981244353539,0.7688246097337006,,0.6847791293213829,0.7165675861186407,0.0,7a53e1b4c0a64e0b30e58ab9db89fcf98ce95254700008d25f5394d06f97a292,8345e900712013c77bfef80c596bd05cc01ed30bfed35402897f0715e4d1e924,0bdf546f51c0bf97b99fd02638d2d32917877052e3ada4bee83649fd533a433d
rain-water-cab-view-with-overlay/0278,rain-water-cab-view-with-overlay,train,0,0,0,2039943,0,0,,,,,,0.6453204717165241,0.8694578360863037,,,,,,,,0.7149122807017544,0.7987012987012987,,,0.9892535912110333,0.9476267861202563,,0.7409015025041736,0.0,0.6346297018470592,ae02105bf482e4b7269f687a6bf9420a5d1fcf5bf84ca910a716df519b4a66f1,4c17fa98de07fb697cc8d6a82fe1574df38c19697060477017734daad0d5a10a,31d94cf3c09cd4858bfc210b6099242233c67ba7993168892c18120abd4198d0
rain-water-cab-view-with-overlay/0280,rain-water-cab-view-with-overlay,train,0,0,0,2054610,0,0,,,,,,0.5529362806296052,0.7450787851107559,,,,,,,0.0,,,,,0.9854860156784635,0.9424371986285465,,0.7384287650894068,0.8526128409365195,0.3064893858124953,70a05bd99cfd467ea3e055a00e478d6e1b45acfa4adb761b94f8e266417d1ae9,4098d2b5e733662dc773d0653b36d9e745e3c5c162f30a4ce5212b86cdacf470,a5962cd4e70660965ce2512cec61a17f22771ed2ec134e0e5580377fcffa0e0d
rain-water-cab-view-with-overlay/0281,rain-water-cab-view-with-overlay,train,0,0,0,2053892,0,0,,,,,,0.8192313739583568,0.8074242000559262,,,,,,,,,,,,0.9925052393264755,0.9376141403600313,,0.7413388306705606,0.7872959472681395,0.6481441519205869,a7da1f692dfad6e78cfde641dada58c6873c4539cb40843c04d9e3238e0235ac,180a4cd9f231f57b5bfe3c1b915a80b182b3c9c945ffae2b6a73052ffa34542e,302e5340170f5007b01d75a7643ccac13356995dfc00aecc55bf375c5a38b23d
rain-water-cab-view-with-overlay/0282,rain-water-cab-view-with-overlay,train,0,0,0,2054107,0,0,,,,,,0.7277022606672966,0.703622209200818,,,,,,,,,,,,0.987736829146076,0.9141715582301584,,0.6724341085271318,0.9296799470818704,0.6205465236942235,f9741378f2d70f2bd7e5236fc50ad4936840f4c1561be37a810e2aba8983efab,4f089a368ddf3f66fa942730ecda1b8c4dba2186bdbe0e20b7f5508c59e7cbdb,0337c39c25a55e4cf0608b0ab58c04674c880a63c83098673ca9980c4a6c8b30
rain-water-cab-view-with-overlay/0283,rain-water-cab-view-with-overlay,train,0,0,0,2054399,0,0,,,,,,0.6087015488105895,0.848226831949024,,,,,,,,,,,,0.9928336126683234,0.9779763247309794,,0.7341540509066711,0.04126750184229919,0.602840128263857,50f5c438789710cc8a44142a41fc391480200cadb38493f126501909f2df6f3a,46f13aaf0c4a668162a6794df5bc56c3db17562a9dbd2555adb903b8c26c5065,3b61ccfc23c2fed12d0140d213ff945b8ebd4b855c261010d64ac2a87ff63000
rain-water-cab-view-with-overlay/0284,rain-water-cab-view-with-overlay,train,0,0,0,2053828,0,0,,,,,,0.7468040271599157,0.6037337709914715,,,,,,,0.0,,,,,0.9833007232882947,0.7968832262819838,,0.7837623133142676,0.7553126060400407,0.5713448292706755,43ee426aa0b2c2ce8f85dc51fb77e1d7b14c6221bf250479b4fc3db9938e1d2f,33d82d0f364c85c4bfc46dee81a2c7dead7e1ff0c83843a6bd25d7e2d5f04119,30219be363f1ba750399bdd8a763e7e800c71406e19c8b63d5da41f0b614a87f
rain-water-cab-view-with-overlay/0286,rain-water-cab-view-with-overlay,train,0,0,0,2054346,0,0,,,,,,0.0,0.8352696703504298,,,,,,,,,,,,0.9839995262562511,0.8485279953096864,,0.7558232220352493,0.36462853950930263,0.07587628865979382,65bb9a26ed2495d66bcecef26da2702eed5d5ef32bc6393785623c77524cec64,8f671867da6e3324a8cb66c2b815994ae10ae1ec68ba48184a1306a31e8f4a2a,807b917452dd1e1f0332a3de1ec7d9b20627b0890b1b9c3a8f4e1d4f17c0d39c
rural-non-electrified-cab-view/0221,rural-non-electrified-cab-view,train,0,2607,0,2070993,0,2607,0.0,0.0,,,,0.8044645096563833,0.0,,,,0.0,0.9148721983731183,0.0,0.9134194362894903,0.8954755967224796,,0.0,0.9430475542055096,0.9687380762545319,0.9852307769923001,0.7505654486954859,0.4837128855577976,0.8277866880513232,,6411626e4dd88d0c532aa68480772b47bb488e0f02a7b85b9bc3a6689ed129d5,482fa66ea2bbaad879b3d94ac49dffca79303aa8f44871ff99fa139091168bce,50e3afb6886a8f94af033db3cf9fbc33100ca88b0d6bc02c414e8ceaca4d50e9
rural-non-electrified-cab-view/0224,rural-non-electrified-cab-view,train,0,1230,0,2072370,0,1230,0.0,0.0,,,,0.8996536368134587,0.4791968162083936,0.8846377292721388,,0.5972812234494478,0.9680288474206485,0.15350223546944858,0.9284156417705137,0.9498177296058327,0.4837144837144837,,0.0,0.0,0.9117902193083353,0.9872754908397564,0.8479580169456742,0.6611183355006502,0.6027288478198094,,1e41ae632ab7d25f8465de2e6f35040f43e06005f63f671f9bc38bc730cc1d23,14e013ec98edb93ad9f889dde346effd08deb25dea5bb168510dc27a5de98ed7,a3e380cd324dede5d56e2045465d3fcc979f74e8f6fec5202784defc8753a65c
rural-non-electrified-cab-view/0225,rural-non-electrified-cab-view,train,0,35,0,2073565,0,35,0.0,0.0,,0.0,0.9519160762516147,0.9515738015663191,0.44732584372080303,0.9525524907369288,,0.804530334230952,0.9372455879483539,,0.7208503679476697,0.6688918558077437,0.5856571290009699,,0.0,0.8873967362552395,0.964371104153366,0.9825881568570058,0.31548311990686845,0.7937986701276535,0.8800178646490122,,f4f88535c53b204aba9d05b638314389fa878abcf8e01baf8f954e3c487ce4fb,88dd45e7d6a1c0924c267cb9957065f544898c86db893c70cf08ed5910b47846,a60f7fb682ea320d2a7ac2e6279218d453749656de21eac3110374b7c76b04fb
rural-non-electrified-cab-view/0226,rural-non-electrified-cab-view,train,0,2279,0,2071321,0,2279,0.0,0.0,,,,0.9655743266164597,0.5841876505881797,,,0.0,0.9381605576793344,,0.0,0.9429716594079404,0.8162037037037037,,0.0,0.0,0.9696495910421565,0.997234955298444,0.5956527997696848,0.7791728902165795,0.8836192697714585,,31c04d2163a83cb2cbb97f6a65f78f6292915635dca2124764515620555e02a5,cc1a98dc433a2dffaf5c9e54f23cdc16e1248d56ecada8e23234d607d65dce93,21972486e7c743fa2ed176dc02156d60eb461946c4b8c1d0a88a1d37f4718ac2
rural-overcast-cab-view/0002,rural-overcast-cab-view,train,36238,8936,21458,2006968,57696,45174,0.5438528034577981,0.8021870987736308,0.6280851358846368,0.0,,0.7970279528470944,0.0,,,,0.9216984441159521,,0.2925531914893617,,0.8410721823554242,,0.5438528034577981,0.5874213836477987,0.9470806712513217,0.990006695069026,,0.8682603331276989,0.8982436836969835,,d6a1cdca475235fda34249ac027cadb8cfd26f48e206fe60727e06408ea9daf2,7541295884a711e816c38d561a56f88d172ad4121d1e9622385b9599b6144caf,0733aa8b2b78c228894ffe3a61e25a193b48f1aa6722b69d5f53de9abf2b8874
rural-overcast-cab-view/0003,rural-overcast-cab-view,train,19496,16558,6701,2030845,26197,36054,0.45599345105835576,0.5407444388972097,0.7442073519868687,,,0.8640768354783954,,,,,0.0,0.0,,,0.8093866850045128,,0.45599345105835576,0.0,0.9774429118197261,0.9942006718910544,,0.8707466069602233,0.5965603338711567,,04a002e5659f3d51126f61bc75400b6cef6d9688c3f19cc5a7f5110b8233bf8c,368630cafdffac3e53130c396eed24240568b6159ac269b13bcbb6d1bb7613f5,696d8753608097b9f350f08cb75b8453ede86475904739d0bc4065c36cfe98d3
rural-overcast-cab-view/0005,rural-overcast-cab-view,train,106640,2720,16790,1947450,123430,109360,0.8453428458184701,0.9751280175566935,0.8639714818115531,,,0.8664332603938731,,,,,,,,,0.8465426245639145,,0.8453428458184701,0.0,0.9867709487860474,0.983920184126389,,0.8685477481869706,0.9186701000387394,,aedc6dab3debab63ed2639dc17103ad650d4dd41a6f7227f09b5480b90de2c40,c6a48a56696dd98f5974f241bea8c622141074f956d3aea9336d15b028b45f33,d1be8d3823a8ae59b5e1f4c63eec2a2bfc49b3a0c4b33922df76b957c3ad36c1
rural-overcast-cab-view/0006,rural-overcast-cab-view,train,38692,1250,5227,2028431,43919,39942,0.8566051938276251,0.9687046217014671,0.880985450488399,0.0,,0.9731529272251869,0.0,,,,,,,,0.5802568218298555,,0.8566051938276251,,0.9510202888626295,0.9854282292525851,0.0,0.8511028186846138,0.8160936653227487,,3db1516a2e0c1874fb0dbb51d803925befe045e5d166f68c67d2511cf052796a,940de9fc67ad22a2d27c9fd4769b827173ef23421ff12605affab481c6876f00,80a9f777759ed1c4562e9990584b8e5ce934f551d3da78f6fe360f3b2fdfb02e
rural-overcast-cab-view/0007,rural-overcast-cab-view,train,67390,15753,7749,1982708,75139,83143,0.7414293887250804,0.8105312533827261,0.8968711321683812,,,0.8256268337369156,,,,0.08695652173913043,0.0,0.0,0.9050931119587167,,0.8331396561485057,,0.7414293887250804,,0.9487204222850469,0.9868496574003057,,0.8556911756117502,0.8870975521801147,,9ae138fc89678cfcd1474b9bf8cc396de8f0e6e2a43775c082e7fd324b1e9972,891237312b4d761a97244527dcaa04a9f26810693ba55afef12aee4046a931f6,64327e4b271b65283d217571055fc5bb8a3788d9949464c420ff51a1bedf0c8f
rural-overcast-cab-view/0008,rural-overcast-cab-view,train,58456,5835,22809,1986500,81265,64291,0.6711366245694604,0.9092407957567933,0.7193256629545315,,,0.8537129089876906,,,,,,,,,0.6233453670276775,,0.6711366245694604,,0.9817097226442668,0.9882720092789226,,0.827654627189583,0.8806809415233752,,7bbb672efc6998e2fe07036354809c380b8c0b38f55bd9aae1815308defc4ec2,572a4409042ef311e85d6fd1234cae3c76099913c9079cb702d3f5aabee1808e,38691f43aa5762ddb1281003ace623303174f07e5a0f9c6e2c7b05520504c7e6
rural-overcast-cab-view/0040,rural-overcast-cab-view,train,19339,829,18743,8206658,38082,20168,0.49700598802395207,0.9588952796509321,0.5078252192636942,,,0.9134908260803779,0.685095578019451,0.2653061224489796,,0.8381665107577175,0.41682824778038574,0.0,0.7709824333116461,0.0,0.6860898630841422,0.6954128440366972,0.49700598802395207,0.0,0.9811918828420444,0.9914660609367664,,0.8537197727172621,0.9281638245231317,,021941b66ec27bb2fcf79d061d8aee08b9c3f292d08a9a7405a19e299c832db3,03d7ca34d25d285c9c357971931e84b25cefeed2da79cbebf813418ebcf853ae,d97d0546feb6825d594585b18d3675546a97467d7759529c820e9d6aad417189
rural-overcast-cab-view/0041,rural-overcast-cab-view,train,0,193,0,8244430,0,193,0.0,0.0,,,,0.9498089301312719,0.710286511224849,0.0,,0.7058134998049161,0.0,0.0,0.8565768621236133,0.0,0.8379915102099632,0.0,0.0,0.0,0.9741670038745042,0.9896924418523808,0.0,0.9151574431875502,0.9483109102354961,,ff35eda53bd2422223f5fcafb02cea4c44b441958325638de3a11790243b67c9,5eb16e71bb124361f4f8652f27e308c52264136dbcb5306a87c2f883c5829c14,8eabb32bff61bd25a1d9e6190af0743aa55fe7e85c2309481ebfdb468a5bdd55
rural-overcast-cab-view/0107,rural-overcast-cab-view,train,19050,717,20326,2033507,39376,19767,0.47514528720724314,0.9637274244953711,0.4837972368955709,0.0,,0.7672730134681791,,,,0.6452513966480447,0.9158807112094892,0.6536703718332111,0.755771567436209,,0.5945548197203826,,0.47514528720724314,,0.9788343000677541,0.9957260778071158,,0.7359060497416933,0.9034955774966574,,215b77d9cef9cc3af93c75d0f03981fcc3de1a90d89599e881fcd4a81e39bf3b,1f2e13eacc67db4ccc1b1898b2ee9de4f5fe5b3c921e281eaf6efc3968a779ed,887799f45cdbe54a71515242714e5ea89f395405e442eec4f7073aff12e4a5c2
rural-overcast-cab-view/0108,rural-overcast-cab-view,train,75669,3940,12781,1978565,88450,79609,0.8190172096547246,0.9505081083797058,0.8555002826455624,,,0.7891540300144979,,,,0.0,,,,,0.777187173231091,,0.8190172096547246,,0.9798795772621388,0.9923736970166399,,0.8832343874871561,0.9456443869004666,,c33b247dbf2b4f39cc6e562b021c46ced689391a1b60185e8afc0ac60fed379e,3675771437023b100d1903dd7728f510a010fd931101a1229e30d896793df2e6,758a2751f9bddc321c982603e42c1aa845f0e5f979d6cd7f3d2ccd8f671ccdde
rural-overcast-cab-view/0109,rural-overcast-cab-view,train,52451,3921,5866,2011362,58317,56372,0.842748802982101,0.9304441921521323,0.8994118353138879,,,0.8923498092302387,,,,,,,0.7106084243369735,,0.8364535972185076,,0.842748802982101,,0.9855749469691463,0.9818815380215854,,0.7451868629671574,0.8628084522345809,,f38954f1bfc9fe50b963723a16b16b8d3f9d7362875393e41e5e9796dd413c67,b5d03c87f28738bf1880863f87f22ad418d106faeabc5b621d3e22fd19e4352f,721eef480d7faabf60c9fc8ad5c7e12a8970d7dabb08f4a1ee45fac5a57fb3df
rural-overcast-cab-view/0110,rural-overcast-cab-view,train,129570,2831,9024,1932175,138594,132401,0.9161746508750221,0.9786179862689859,0.9348889562318715,,,0.8704943864486901,,,,,,,0.8678689731321311,,0.865372083930666,,0.9161746508750221,,0.9870580559633702,0.9788664808153086,0.0,0.6905192295705292,0.7786169304524857,,fdf24fc27e07ee485b7222ccde914085e8f087aa8259cc0b90e6f71e0a387ffc,6ab6a5d80714bfdca09a693d2b6ef8354c1298f4d007435af886bdf54a27984f,59d8f9828edeb4cba7917227ce06e6f4b8643388ae9bd5b0f7c965102b3fbd2c
rural-overcast-cab-view/0112,rural-overcast-cab-view,train,53951,5309,34891,1979449,88842,59260,0.5730263088018184,0.9104117448531893,0.6072690844420432,,,0.7152340400366658,0.0,,,,0.8770897793396742,,,,0.6827509706045479,,0.5730263088018184,,0.9837581377148797,0.982703812050164,,0.8884944190405862,0.8834296874756254,,8aa93fc1231db8b4b0a120906afce6efe281b5d722780d8cc957032da6e74746,7baa1b6dd76fce960eb947f27e2990725c86a6f5f51c52791202dfad46733104,2a1f1a8a33e085539486868aa7350129d88c27b597b22eff933dac78bd0e0e83
rural-overcast-cab-view/0113,rural-overcast-cab-view,train,55233,26092,19229,1973046,74462,81325,0.5492869502953637,0.6791638487549954,0.741760898176251,,,0.6801158329974774,,,,,0.8350477226645566,0.0,,,0.930297012417345,,0.5492869502953637,0.6699878282037907,0.9529566670231953,0.9941386556601551,,0.860309590383673,0.8822425572696077,,ba958581ca15fdae026c4dc5918bbf409fb30ae6ee8593531607b3d3640ebc46,5619cab770a415ce98a48e4bc99f46359818dd6c29e09c86f079b60ee7199d99,fa650ddf97633e845de2c33fc622cb7881674701b15d5d4bdcc070fadb5231a8
sunny-mainline-cab-view/0124,sunny-mainline-cab-view,train,32333,2858,46577,1991832,78910,35191,0.3954236376088445,0.918786053252252,0.40974527943226463,0.0,,0.7826235738676491,0.40721764312764536,,,0.5961942914371557,0.0,0.9306293379936252,0.8179115556627758,,0.7400616464224363,,0.3954236376088445,0.0,0.9138638736045009,0.9781222666672993,,0.5079745166959578,0.707004230743402,,7401f5fc76b6fc6c255d1dd4039a55eb15e32ab20cd3552dcac7878a8a74eb88,a7a2df50102d7e802732022e8559ba0e3680e8389a3d28775fdcaa5b3fe675c0,f4cbef643fbaf75762e902d3d3027443b9593c836ca4f71a6eab043fe39dcf4b
sunny-mainline-cab-view/0126,sunny-mainline-cab-view,train,22240,225,11265,2037503,33505,22465,0.6593536910761933,0.9899844202092143,0.6637815251455007,0.0,,0.8036285041807475,0.7485509886397509,0.0,,,,0.0,0.9504547647681528,,0.7275108310358409,,0.6593536910761933,0.9719924928331305,0.6973606042603752,0.9785234417335327,,0.7460026627781652,0.8747571002107043,,a1e2fc892f0b131c74ecceb67559b53b91457b9cf91503592486c858fd335277,5e9d2acebf57172d5210c5c3b720a337687a9f178fad0f7fc5002f71acbe4474,cb04c52794ec23b6b27b7dd8a7f2b66bed70e9027db2faf170958cd8517c9960
sunny-mainline-cab-view/0127,sunny-mainline-cab-view,train,15028,63,9875,2048634,24903,15091,0.6019386365457021,0.9958253263534557,0.6034614303497571,,,0.8016523755906497,0.6423190670163496,,,0.0,0.0,0.0,0.9545534889030457,,0.7408771176645421,0.0,0.6019386365457021,0.9567836148497316,0.7715123755273813,0.9728589247656766,,0.7764070892636947,0.8878018925059201,,0d4cde05aed2bd4fe2170c8e306ae84b426e1f4e3c8d7f9b0b0cb271454f8c9e,3a2f62b80bbbd8f815571d25354fdfb14621d54793dd0bfa6cc4afdc37595e4f,2e614cf5b41297fef81aba7bf20863af3538c098d42ef7eae81707173303adda
sunny-mainline-cab-view/0128,sunny-mainline-cab-view,train,17618,2434,5395,2048153,23013,20052,0.6923409439226628,0.8786155994414522,0.7655672880545779,0.0,,0.8703998678512855,0.6436373018375713,,,0.6531531531531531,0.04885245901639344,0.5936318180664484,0.7800217214227532,0.0,0.6546353152613449,0.0,0.6923409439226628,0.6674158788920473,0.9218599485488276,0.9857876004638491,0.0,0.7440224505363079,0.8157860915630927,,24687c346d035f3bef72afba9b140f03eab022e4a90af673afe81fa9f274787b,09bf5c31ca2833eea50b69d465637fad45ede0f027180c676f50e73c26925838,af39399232d27f5f9299a0db7c3d21b35c0c506b6f288db5fc95d6b9631253e5
sunny-mainline-cab-view/0129,sunny-mainline-cab-view,train,24516,5356,20576,2023152,45092,29872,0.48596574690770694,0.8207016604177826,0.5436884591501818,0.0,,0.7723293104699253,0.5764972320080524,,,0.6374483708122992,0.4419342434147279,0.6942489988914278,0.8248257312322851,0.7450560316413974,0.7474300069414603,0.0,0.48596574690770694,0.7308564724286273,0.884408545899684,0.9827502529236559,0.3684863523573201,0.6754538916964664,0.7178781652782273,,e52ffee04497a5939bda202788429a87b3560377d2abd91af07b4286a26b89c6,5d694e9c15aaefa0b7665df2c9da8584456f3b3dac39535757253b4487d820f4,0add4bc86662e0d20f8ee10d14fbb9cb44f50d2c6b02c0f1106aa16e49d148fe
sunny-mainline-cab-view/0131,sunny-mainline-cab-view,train,22401,431,20776,2029992,43177,22832,0.5136901485965878,0.9811229852838121,0.5188178891539477,0.0,,0.8064359709058849,0.4215386681889922,,,0.0,0.7712418300653595,0.6435682663729138,0.7784754447627029,0.0,0.7337584645163715,0.0,0.5136901485965878,0.8147170554891098,0.7562517280364852,0.9550306320326136,0.0,0.7204077917349354,0.7991534254114606,,6ed3b7e372d8d5dc78b215af5af6f4653456cd41ece09177eab1178a747e70bc,af8d2a04956dbfdf21340cdf110d0b9d6e2829237768690ed087162d1ae36165,1363b7e0c8394e6d5e844f3b9be9b166f3a9529d1cfbf0555d25a0d41243a20e
sunny-mainline-cab-view/0132,sunny-mainline-cab-view,train,5556,16,8319,2059709,13875,5572,0.39997120437693473,0.9971284996410624,0.40043243243243243,0.0,,0.9027904965404966,0.0,0.0,,0.8068181818181818,0.6919723638756374,0.0,0.8782206762017384,0.412148070907195,0.8328597845869913,0.7572222222222222,0.39997120437693473,0.8795376085364578,0.7289906300046726,0.9637208845480343,0.0,0.6199755576744873,0.8012684930746384,,e153b7e6bd960d596c08d639a6b6e83a0851899aff6c01d8e6bfbba8b04f29ab,204c422aa9c44f8b7d5b2eb481af1e29fa4744c6021070e0d2662705e7e0189e,15c877867d5fb95e05b3e70888a198fe7d95efdfcbadbadae6274b7566284061
sunny-mainline-cab-view/0134,sunny-mainline-cab-view,train,23480,1104,12383,2029666,35863,24584,0.6351610896204724,0.9550927432476407,0.6547137718539999,,,0.871755814634718,0.3023311321505291,0.6456589958158996,,,,0.8456594868705126,0.9438919383101435,0.0,0.76059674411572,,0.6351610896204724,0.7781797135002171,0.9309814838201746,0.9874676853554442,,0.7785872663921445,0.8258363471971067,,9e4b1e6f4202cdfc0d9ff15e1ee6eb32270e1c0e88b7b7842be2345e74dab6f2,ca7f11b3b53842677ff683a60af0909d165f0e7bdad70e86ec532fdfeacf5b09,fee792f2e6088b5aaa0dcb5f7a4b762a8debd0dde2524f41e7b59b8aad5402dd
sunny-mainline-cab-view/0135,sunny-mainline-cab-view,train,13218,1062,4695,2049339,17913,14280,0.696600790513834,0.9256302521008404,0.7378998492714788,,,0.9166107064758855,0.0,,,,,0.807891266862765,0.8591366124461354,,0.6870578084555652,,0.696600790513834,0.0,0.9528717303119317,0.9903786741989584,,0.8441249380267725,0.8873289413494876,,917d7fdbcba14ad98f4155259ad4945453a4e76aecab144bfdfd515d95e55343,b6a73b1f8244f7439392be7102f2da394460911d789962cefb50cf25cba65757,3444c86951d7d4a7caaa0a0c376265d2ab0d5352d31cb7b3e27b52a5870748d4
sunny-mainline-cab-view/0136,sunny-mainline-cab-view,train,54080,2111,33238,1978785,87318,56191,0.6047255364590904,0.9624317061451122,0.6193453812501432,,,0.8229232331141384,,,,,,0.8316038401807144,0.817467436237423,0.0,0.6648058252427185,,0.6047255364590904,0.8771265219396955,0.9685457568645814,0.975309180263539,,0.8131428199453197,0.8422385192945696,,23d8b5534877bd891ce5b404ae30036f3fd3a3f9769fc5d17235cd727642067e,197fc8d7bbdc4022d9b5cf5e18eddfe930bc031adbc821b3fb7895aef544cda7,bf8dd0ea02c90aadfab232f06152e72834eaaaa52dd52e8596057f084e678188
sunny-mainline-cab-view/0137,sunny-mainline-cab-view,train,15579,4865,8654,2039235,24233,20444,0.535397621829679,0.7620328702797887,0.6428836710271117,,,0.8866315541847457,,,,,,0.0,0.8056168751532989,,0.6481193374210671,,0.535397621829679,0.5117761873780091,0.9612087911044701,0.9684485026636885,,0.7965797988935667,0.9267165262485059,,a171edd02bf21b2bc889ac8ed17fe30fc47d76defd59a637e236ddadf0c76f27,fe62d749e1463b1b2a02805ef816e5e89d973e53a5a2098c5403781be1646e52,a6bbc5f58b33d8a0023af37da3af36371fd8c401b64a834c4150ffe283cad424
sunny-mainline-cab-view/0138,sunny-mainline-cab-view,train,4619,1720,2186,2059825,6805,6339,0.5418181818181819,0.7286638271020666,0.678765613519471,,,0.9346557545507928,0.31196581196581197,,,0.7103825136612022,0.7045974382433668,0.8502694783109204,0.6683737322879953,0.0,0.5578661844484629,,0.5418181818181819,0.9209710331619566,0.9271406537472406,0.9866607949114127,,0.8520049607275734,0.9455505973898453,,461bdcfd80571cea432e10e0947270b1a03bad21b5efa4efc325d700d1107bed,9b93de1d6c571c4679b4c6c166281098003c47dc20a9bc6e8725f6a2cc661d97,11c7b50ea6eb20bac0c118eef1d4a7b8dc35b0a1c683489cbec7f5ac7d3da668
sunny-mainline-cab-view/0139,sunny-mainline-cab-view,train,21190,850,6571,2039729,27761,22040,0.740624235433924,0.9614337568058077,0.7633010338244299,,0.9205712716286735,0.6985607317401247,0.5000870625108829,,,0.933111954459203,0.0,0.0,0.8856434218393604,,0.7374166460854532,0.0,0.740624235433924,0.0,0.9381091003556706,0.9826961232101193,,0.765299054064796,0.6652037242989366,,ea793969cdff22d7aeff4460d14cafa8007c32c5650e6cd3586775c958a0754c,f04ffab6071b224aa9cf94458c905bf5c66f7c4a9f098d0f1151766a202c3e74,4d199aa17aaf9883940062144e82d54fb6f97ac5bd4366fdab8d76522ed739bc
sunny-mainline-cab-view/0141,sunny-mainline-cab-view,train,17356,823,6605,2036581,23961,18179,0.7002905100064558,0.9547279828373398,0.7243437252201494,,,0.9568289492624372,,,,,,0.6660529344073648,0.0,,0.7630248205531598,0.0,0.7002905100064558,0.8066547886971743,0.9432612811686993,0.9394595537635451,,0.8489388264669163,0.9288629577051106,,2ab1618bf2232f7953374c7ff9fd6dbb5957a1d11d887a1004faeb1f3bfa8241,c5b7bb11d7a16e11ebd4ca5f2cd8e58e6b01971995825dc7db8b90321eab5861,72f5a6b157d487a620176234812dc3d1dc88359d8b10c25db804ffa33dfd5783
sunny-mainline-cab-view/0142,sunny-mainline-cab-view,train,19507,306,9588,2038753,29095,19813,0.6634808339852386,0.9845555948114874,0.6704588417253824,,,0.931489237114452,,,,0.0,0.7448019801980198,0.8419466558719021,0.8365598112683874,,0.41956882255389716,0.620817843866171,0.6634808339852386,0.0,0.9728572804112748,0.9891104343773603,,0.8713949599727726,0.9237562454891538,,f9d4c3db5d27a80539d7e059e63c85bbda048e2f6d73d48e3b0e6d2541a023d4,8fb3a3361b3cedcbd74d9212b40445c40b7c34a84d64dd303f61a4d2c72154c4,e80bb328e0212486a332c97039f2c4143ce555a0f8634bed942d58b5fb30daa3
sunny-mainline-cab-view/0144,sunny-mainline-cab-view,train,3102,1106,6484,2057440,9586,4208,0.29012345679012347,0.7371673003802282,0.3235969121635719,,,0.9106937440370724,,,,,,,0.3239956272205521,,0.583045542844809,0.791095890410959,0.29012345679012347,0.639974864221913,0.9542245279119808,0.9673187849502919,,0.815223837535463,0.9310247787361579,,f6b634ec6548b8bf98554aa0ac61f40eb22ae85f7e7ae26d084ddb9500ae7e5d,d70ab00d52ae34ae6f1b770e428d1e0b4ebbfa4bfaccb7ed34e4430ca49985c1,93229bb973203a99a5009f56ec4dc8144d9751db344a078650c50dc8ae6de884
sunny-mainline-cab-view/0145,sunny-mainline-cab-view,train,14374,780,7661,2045474,22035,15154,0.6300241069471839,0.948528441335621,0.6523258452461992,,,0.9684060078734235,0.5496319300667126,,,,0.0,0.8176176470588236,0.9656114057092052,,0.0,,0.6300241069471839,0.9051944848469383,0.9404330742861725,0.9909456145592153,,0.878468017423681,0.9017299416010572,0.0,fcdb2f1d198ca40299c924da55b12732604c2030a0db21c6f4a86b3b5c804d35,0f953934d9f0f4da7cb3e46c89d3d0dea61aa9ac24ad33f176a47e6ac7dffc3a,e48feff65299345670ba92c44feb3663dbad2436a4043d3de9dac7d971b7c9f1
sunny-mainline-cab-view/0146,sunny-mainline-cab-view,train,30821,7342,11876,2018045,42697,38163,0.6159395671376326,0.8076147053428714,0.7218539944258379,,,0.8606063349586767,,,,,,0.0,,,0.6181208918675087,,0.6159395671376326,,0.9679154992641661,0.9742059229706921,,0.8200025759917569,0.8960903868004545,,144ac7ace9587dad2bd7d7909441c0b2eb1b7a5fd5d975855c31e6f54006cc89,f882a5279e95b63882b306a0fdd968e9c3131a2864242474a7e561142a4625f7,fa4a973b563a65f58c6b4f4ad997d7833197e9c5c1ee6dec336a57c2ed5d59a3
sunny-mainline-cab-view/0147,sunny-mainline-cab-view,train,3198,99,2774,2055677,5972,3297,0.5267665952890792,0.9699727024567789,0.5354989953114534,,,0.8993943225500545,0.0,,,0.0,,0.8580441640378549,0.8707938707938708,,0.6177733476460665,,0.5267665952890792,,0.9810063145969473,0.9586579524115377,,0.7576165305141759,0.8966479509037661,,6cf388fea166cff5c1481f523509bf3d72656e5aede0964f0ec6b15e88adea19,7b9aac3b84942b85ee007ace3e8af52aabc5de40a230c86d1a4772b298d5eefb,d0d7c309ae4fd99bd4a1566a9500d4b97657f7fcbc7eca7d7600e9d2b0da6618
sunny-mainline-cab-view/0149,sunny-mainline-cab-view,train,6785,594,3704,2046421,10489,7379,0.612198863123703,0.9195012874373222,0.6468681475831823,,,0.8799984898007616,0.5587916553779464,0.0,,0.1783960720130933,0.7686567164179104,0.5712064273681482,0.770421735891888,0.0,0.6995743535389223,,0.612198863123703,0.7277019486651215,0.8153622662869474,0.9637860141160318,,0.7370457850235042,0.8330844974582716,,0f14ff36a7fdb27af6f7ec8cb353e753e159bb3b77aab52a80b13fe6937791bc,95eeab01f27c7865aae27495154899df43286c06b43e8597c1f0977fd2a195ba,fc7259de3ef6d37e14d0dda3257e89fb1ab256cb0dd725d69fe6f102822aab35
sunny-mainline-cab-view/0150,sunny-mainline-cab-view,train,6828,667,2628,1999022,9456,7495,0.6745036056504988,0.9110073382254836,0.7220812182741116,,0.0,0.8721141103438655,0.49290322580645163,,,0.705607476635514,0.01847872797593468,0.6490204040198965,0.8425781486184171,,0.6224143393835151,,0.6745036056504988,0.8480395269969897,0.8716643098151222,0.9922414541551235,,0.752237437998706,0.8056745078948598,,d4d60368183c52383216b6039fb814147d7720ff8a5ea3c97e9222f8f0eb8937,a86f9b31137c2cfe325672053454e95f6b6fe1b769e9835edbcd61953940837c,69d451980e006935e4afd3fb56a1b230079373e233443329461723c623ecb85e
sunny-mainline-cab-view/0151,sunny-mainline-cab-view,train,2917,826,20567,2041816,23484,3743,0.11999177293294941,0.7793213999465669,0.12421222960313405,,,0.8607768814849617,0.6156422010531518,,,0.489766081871345,0.0,,0.8527852084045299,0.0,0.35805128205128206,,0.11999177293294941,0.7729086796671004,0.8358497744442632,0.9868695031040484,0.0,0.8355592458269037,0.8131405758340619,,4b1751c125ecc67afaa53eb1d7655c7a5ec051098de588dcb48ea4bc9cd3c5fc,e80f258a53d0d5624f90e47a73ab2a9dee90a2261893f9f06968830e26e1fcae,8ee1923d7a4ad8b476d7f34ff645a62bfd02c1b3af1c4ce3d92746d8bb2ebfce
sunny-mainline-cab-view/0152,sunny-mainline-cab-view,train,8018,4061,4386,2043399,12404,12079,0.486972365624051,0.6637966719099263,0.6464043856820381,,0.0,0.8630627049587598,0.5297486273164036,,,0.5483110761979576,0.0,0.6464016788050858,0.8416570636145237,,0.7249063856579514,,0.486972365624051,0.8384523205475607,0.8761025323966275,0.9794271823564561,,0.8124436158056174,0.8316607409106549,,7c244faef1d58c7c544581c4aaad579ceaddaf9f4f8593f1c642198319e0f064,e45440ffb717bc4b598004779ea15e237e1ba4c9c73cb27cc0b96794d8e4bd3f,faff219d28c7ab44acac07aae502a1096f8043e280562a2d70a275e1f0d01f53
sunny-mainline-cab-view/0154,sunny-mainline-cab-view,train,14308,6132,1870,2045820,16178,20440,0.641326759300762,0.7,0.8844109284213129,0.0,,0.9341566037965294,,,,,0.0,0.0,,,0.5595215492690336,,0.641326759300762,,0.9475131915782874,0.9153386917214128,,0.9004345726702077,0.9148049399728886,,6ba5f4dc3a08179c05592eb64e30da7a3ab0f61eb7a134091c4cb022c307f8ce,dac38095dcbe26280a37351991f196700cc6958b431e99192616e9812ff695e5,0415556826aea24dce06f9d46c3fd1665a4b35be9e6146a56d36fb007c137244
sunny-mainline-cab-view/0156,sunny-mainline-cab-view,train,7172,866,2508,2049863,9680,8038,0.6800682723307415,0.8922617566558846,0.740909090909091,,,0.9526780780668914,0.0,,,0.41025641025641024,,0.8039851516832359,,,0.6634006940191876,,0.6800682723307415,,0.9649584523141875,0.9798333954514191,,0.8839059452319884,0.8962141378290447,,2a9b7f9f2e664a6492b210e6af5c8b3238a3d01e1f1d4f0c3506e92519ad0942,66a96574320f6eba811a83566a23baabbb50e25574efd274b18cda96e0b42442,88b92d04b89fcc094a3cd7b011f548497a7669001f6bbfd78266040d4bf19827
sunny-mainline-cab-view/0157,sunny-mainline-cab-view,train,22009,6325,1295,2038585,23304,28334,0.742819534915117,0.776769958353921,0.9444301407483694,,,0.9208611516013124,,,,,0.0,0.16531277487452786,0.803122289679098,,0.7654952076677316,,0.742819534915117,,0.9355725996696697,0.9896849541298902,,0.874110509919659,0.8879156629136614,,8e5da439095b7bf529ca9afbcfc297a86c96a3820aab657ef461687e06417c1a,653339694928a859f447c43e42320d1cd6503d7f644d3150a77a5274d8828e61,ef7024ee17191491b86de3a39ba2f241ef259296c609e8cc0d2f620cb283bab7
sunny-mainline-cab-view/0159,sunny-mainline-cab-view,train,20644,2064,8485,2036941,29129,22708,0.6618151508351232,0.9091069226704245,0.7087095334546328,,,0.9513678409761858,,,,,0.7719683033819159,0.7122320736851167,0.8756567425569177,,0.5614005974112181,,0.6618151508351232,0.0,0.9498505289910464,0.9909261839493726,,0.9007426968146559,0.8769509955815689,,0857b1a64422a748f3a1acbe2298b756354dc4e916a3e35065e7c7c8aa443cfa,4ceae0fc8775704b3c9b4c6cb0569eb7ae7807ab7173d390aef59f35ebbfa6d5,17e37a2fd604e6da377ab36440e1a424bff13838eacb5c78626c62b150554317
sunny-mainline-cab-view/0160,sunny-mainline-cab-view,train,20055,2529,2615,2043253,22670,22584,0.7958649152744156,0.8880180658873539,0.884649316277018,,,0.9556109663348269,0.0,,,,,0.8083847573000827,,,0.6382373845060412,,0.7958649152744156,,0.9712955884034447,0.9874612128303457,,0.8942511273091656,0.9238057419393148,,3f99be5f7928e5a01c3e2e0da7c216742c167125a2f4df4f9eda959f3e86453c,0a56b4e26f053587a8b41fd98b7616b82f50a413ce7a4279e60244a66493f498,e9ed60305c78d6639195858215fefea483ccb747a2e2b82fefde7ccb6bc17207
sunny-mainline-cab-view/0161,sunny-mainline-cab-view,train,22267,2505,5029,2038421,27296,24772,0.7471896916210865,0.8988777652187954,0.815760550996483,,,0.9384085340015108,,0.0,,,0.9333729663892353,0.7757181028724115,0.8013500147495185,,0.6243139691415553,,0.7471896916210865,0.0,0.9323455199289297,0.9920902805753614,,0.8953984563954832,0.8740579297653256,,016395879116dde76f1eddcc264a67c3d1fb136d9a0f2d92b33ab41044c4e774,fd25784fc16a2a7c6484ecbbec6bf22a4a6695dd9893e771651938776bf7cb23,23f1f37acd1d07873079b2396fdb279e7bc4bce852acbd4aaf60cfbe44af19d1
sunny-mainline-cab-view/0163,sunny-mainline-cab-view,train,45841,2842,13689,2005735,59530,48683,0.7349612005387033,0.9416223322309636,0.7700487149336469,,,0.9197875469381345,0.0,,,,0.9513117295128276,0.8514613976390379,0.6307578921508414,,0.6782506349501332,,0.7349612005387033,0.0,0.9526884148154675,0.9920901358424726,,0.8739426800929512,0.8632663923758018,,53c1f0e23c023af87bca8d7c925f1118fa6e03bf34b314ab0e901d159fd525b9,3d556e7e8af20a6eb6d546badc61b9bcb432ea8ba8a43cb477c8d637a41abde1,e40a850955800287ac67f91fa7cbaee15f4952320eb5d6707aad73ff0e1aec3a
sunny-mainline-cab-view/0164,sunny-mainline-cab-view,train,34503,5185,2422,2026134,36925,39688,0.819354072666825,0.8693559766176174,0.9344075829383887,,,0.926273172810569,,,,,0.9443337760070828,0.47796094937448846,0.871966787292143,,0.47529961999415377,,0.819354072666825,0.8675555555555555,0.9607376637166143,0.993899708380204,,0.887178695484369,0.9259257763598918,,dc2322339b57aed5805465301755b9054b87fba047b608e05ae4dcf959232006,b8dfdef270b26830890c889e0d2ed1a2810389a780bc38e7fb91325d5f8c46e4,84a85fb4001b0552b7576bd3657402fed9096df7020ebd6367a11f74355acc67
sunny-mainline-cab-view/0165,sunny-mainline-cab-view,train,21409,3311,5575,2037927,26984,24720,0.7066842713319029,0.8660598705501618,0.7933960865698192,,,0.9258686876804293,,,,,0.9465000231735389,0.7123706091973528,0.7951242724843516,,0.7110801781737194,,0.7066842713319029,0.7904340124003543,0.9479078592778389,0.9938163596464524,0.0,0.8869662378450203,0.8949577793781274,,ed03205def575f68a08e90b5040e492f111657b011c4a09ea8773bfee95ae4f8,fa3e6142522787e662d35be413398957686c954919d06b8e8d93c33dea075c91,efe99354ff3aaae154569daee651c920e69c606108f592b13d82a02cff1f88a3
sunny-mainline-cab-view/0166,sunny-mainline-cab-view,train,20037,2358,1600,2044189,21637,22395,0.8350489685351115,0.8947086403215003,0.926052595091741,,,0.9557196509935753,0.0,,,,,0.8223600102275633,,,0.7420331137617946,,0.8350489685351115,,0.9734699410443134,0.9868825894322284,,0.8790958211470777,0.9301680483803063,,4cb25bc7ad809534409bf310ce0bd9621415dfebdaa38bfbacf278916ddd0f64,7bb389e1d2b5f1a73758fb068f5545e4eea28989d63d1a5b7b38e375565b8f9d,20f4244826d601a7be3da6df5a3e8865524ffe3caa683988105b744038aa13ab
sunny-mainline-cab-view/0167,sunny-mainline-cab-view,train,5371,1333,230,2058360,5601,6704,0.7745889818286703,0.8011634844868735,0.9589359043028031,,,0.9502086119129741,0.0,,,,0.9015377829460473,0.9260080365802965,0.9042207425798443,0.0,0.0,,0.7745889818286703,0.43634496919917864,0.9017142218103972,0.9874045683325394,,0.8853655861755628,0.8390966403774809,,ea08f07ca095ed6d035d6f14b8548f69a14bf8d6b49efbbdddf5179bf9ef3009,145a765c10390d86c2b694571a1204ba36f373aa962a6637297cac9712e31330,8388595adf6b4ad52ef4bb3866e812b491badb96a2f50dd309b2fa34ce378a9c
sunny-mainline-cab-view/0168,sunny-mainline-cab-view,train,20286,1068,4592,2042330,24878,21354,0.781854621136206,0.9499859511098623,0.8154192459200901,,,0.9389382247839339,,,,,0.8848208596774985,,0.8502877837418353,0.0,0.6176056809807731,,0.781854621136206,,0.9605477368973449,0.9905079898280619,,0.8705607623107545,0.89896430013311,,72b8f6a32917f9b4cd7edbfc8b38900c94a094dd308a81ee17ec8c715bf8a875,a7bcce9f412f7e553372dab86eeb666894dededfe518eb748005bc49ea92f2e5,102c12cf314f5f986e7efcab8fc2adb41d35715795599a54bb6ce58a45df3776
sunny-mainline-cab-view/0169,sunny-mainline-cab-view,train,4818,1477,801,2061043,5619,6295,0.6789740698985344,0.7653693407466243,0.8574479444741057,,0.0,0.9689203669033405,,0.0,,,0.9372805135783636,,0.8891131712859439,,0.603515898585236,,0.6789740698985344,0.0,0.9587309418576764,0.989668738678328,,0.9021965865992415,0.9179041946790557,,e50a126b8e9d96524472935c0169644a3000d548dd10622d7dd7837f28b262f3,f1b755542aeea840e9cc6f81d068c5a0f77bd69fcf3208043b1f22f53e24f45f,1235203e9eb798e29f883a66bc6d176e3b1fbe9b73046f182f56e6c7f0fc18e0
sunny-mainline-cab-view/0170,sunny-mainline-cab-view,train,5706,11,3317,2059229,9023,5717,0.6316139030329865,0.9980759139408781,0.6323839077912002,,,0.9568410781948676,0.0,,,,0.9509769451002059,0.6464065708418891,0.8728437144923045,,0.5043224866440019,,0.6316139030329865,,0.9609431518445134,0.9877976297554201,,0.8825684655033224,0.9193876458623274,,3f433ab98d445e66fbd4c3879168f0ff099bfa2f2a0555a496a23ef041827ef6,f96927f39200270347c6ed948d60abd05f38473818010a36c3e3d540abed119b,eabfad6f02ac39ecd67d8239a43ccdf4bc4cb7cacc6b0f170368eb3d676c77c6
sunny-mainline-cab-view/0171,sunny-mainline-cab-view,train,19709,814,5427,2036143,25136,20523,0.7594990366088632,0.9603371826730984,0.7840945257797581,0.0,,0.9576563749488015,,,,,,,,,0.8145049286948274,,0.7594990366088632,,0.961353123890265,0.9675346469004019,,0.8392947257351704,0.9163651140739594,,f0f37b4a43e03c4b5aef2ec2723b33d29fdeb183e0247dc20cc38fd51708b6d4,1e688561f0f6c93e128b35a18e4349cecaba90e35c912a9a652bd9384b3ad938,b529130441d1e7de121dbf086540af2012a55d7b1318dbf57682ba7265115d40
sunny-mainline-cab-view/0172,sunny-mainline-cab-view,train,0,28310,0,2035139,0,28310,0.0,0.0,,0.0,,0.8442356006327347,0.0,0.0,,0.4275184275184275,0.0,0.0,0.8579644333260822,0.0,0.6637613985591214,,0.0,0.0,0.8654807871362322,0.9574593405763585,,0.7467631507592191,0.85350177168387,,9d1f242981192b866b8c78b235337b3fcd78c0dbb947afbb3861211b73247352,54823e8b93148e0ce4a359e420c1811825ceebf36b89d5b5244374b331b7f4d6,3e3bc1cca2c2a4be21b3c3a413ad4f428d6edfca2256c9fd3f95986f2423a043
sunny-mainline-cab-view/0179,sunny-mainline-cab-view,train,0,0,0,2071025,0,0,,,,0.9036383285302594,0.5112911254921483,0.9076378218341266,,0.40937405044059555,0.9109778895120222,0.0,0.0,0.9227513938335461,0.8970324085503409,,0.7174330563250231,,,0.796032907202648,0.8894386895492402,0.9610285324609865,,0.6919456425001711,0.9355022898247018,,2980bdd5ac578120cb35ad4b8b8f5798eb1663f505b1d628312365558c8e6637,b958f784c717606e08ea8407c83378b8f1011a1964d40f3af6893895ae56d65b,3a6e11f148a9595c6a246d1bfac5b56ef1caee608df84732bab957fec98cfd58
sunny-mainline-cab-view/0182,sunny-mainline-cab-view,train,0,0,0,2071029,0,0,,,,0.7537620297462817,,0.8963906713371979,0.0,,0.0,0.0,,0.9340881670533643,0.9374419924158393,,0.0,,,0.0,0.8237137443521353,0.6580760380048847,,0.5367040659762179,0.844579404137897,0.0,2b635f17ddb2ba61b77fdcac0499ec5c3d70dea1323a289937212955ea815653,0cc8828785c5fe14362b60478de1e5f431604ebe9fa709d1e5d0907e6a301151,7e97242859fb86b07264ee0cd95cd47b1a60840c162a0fc5388e53293099f9ce
sunny-mountain-cab-view/0010,sunny-mountain-cab-view,train,16732,61729,36457,8179482,53189,78461,0.14559947092709585,0.2132524438893208,0.31457632217187764,0.0,,0.7237806088384431,0.561221277935159,,,,0.0,0.7483029942922991,0.6584343563560986,,0.8773919777985737,,0.14559947092709585,0.8432826281477694,0.9231040784064617,0.9950032518393651,,0.848666202737184,0.735118651363246,0.0,e9abfe7bf5161453fc5c6a86049cec52880047eedd0f46a57ab7b1277cc49105,990e88d21ab52552acaf245a584e26ff692e75484c7e5dbc5d5aa50435112742,b3a92abe088f043ab42d24bb30f52aa8660fdbba789b209e74da11b791853c29
sunny-mountain-cab-view/0015,sunny-mountain-cab-view,train,0,2,0,2073598,0,2,0.0,0.0,,0.0,,0.944398406374502,0.6201833917164641,0.8375998695581282,,0.864070536370316,0.49927084714304654,0.7918304668304669,0.8564215148188804,0.5487804878048781,0.9005101309718282,,0.0,0.0,0.9734706747001816,0.9938751254833813,0.0,0.8211045794324697,0.8802664198815161,,3b93d1d95ac6a5f591a542a124e5c350be70f114e31e6cec7a46e8b4a97b9840,6e7f43a2f7c7265006609bf1dcac3e78460351b2b9e7e5b8ce65afa922c26e46,89abe4b79210359e2ea8a2dba89d4fc1c5365135c8c177d69f569f131195e3c9
sunny-mountain-cab-view/0016,sunny-mountain-cab-view,train,0,14941,0,8257200,0,14941,0.0,0.0,,0.0,,0.8142387236177027,0.5697846923900564,0.0,,0.9128221859706362,0.29274291288539417,0.12128345134963052,0.5997870121967057,0.9484106043472799,0.7344752536815625,0.8502356074574883,0.0,0.5952843071694722,0.8444446043904688,0.9928427925133848,0.8268022734071193,0.66038020844572,0.6659963949373396,,8e6aa8676c0ac48ee943a84156a1b1ed8c8bc794a99c28a1e37f8cb4a9bcdc54,5809f9590cb378ff7d90e63feb7c96aa0cb54028613b3213627cfb731d161953,23bbbe35fd889df72271fffc843380f92d398f8e0d8813f301a4fc7608cd8b36
sunny-mountain-cab-view/0025,sunny-mountain-cab-view,train,0,0,0,2073600,0,0,,,,0.0,0.0,0.8429580118281156,0.368472261203106,0.8212886901667187,,,0.661091982292179,0.6881762824725106,0.8998894868345185,,0.5570816532258065,,,0.0,0.9725129884442205,0.9937932038296614,,0.7165438049333711,0.7905651375427268,,0dce3080c760760bfddf50a247fb072413c68e2c1186d80f7d1fa3746e29cf36,cb3329069e4006f8cdcb93fedca0e0e2a147705989f418693e18c17ca5e461a1,d22b6b8fe805f990f9381ddc06a5cc409cc8c19d45c6c82ad36d9ffefb0a6897
sunny-mountain-cab-view/0033,sunny-mountain-cab-view,train,0,843,0,2072757,0,843,0.0,0.0,,0.0,,0.848797600284712,0.44224166019198474,,,0.7008928571428571,0.0,0.7145673925838729,0.9665790568841193,,0.7129393634046589,,0.0,0.0,0.9329092954929049,0.9887067246228586,0.0,0.7448473415775868,0.8153263517961735,,056cfb32b06947adeeed7dc38c65cb7ff1ef4f3709826863bb10c9849023c213,b6b8af203ee90ad8d28802048e1d366d4baffcc7ce1219b9d6be9939381c8c23,3c489b15f1d101e901119de2b5f89824e3f9fee03c23494a2ea20021e19662a8
sunny-mountain-cab-view/0034,sunny-mountain-cab-view,train,0,0,0,2073600,0,0,,,,,,0.8786820090387513,0.384113475177305,0.0,,0.6939313984168866,,0.8634242895518167,0.9462281371121996,,0.9060917438903948,,,0.8363242768400577,0.9779780911042163,0.969437311599866,,0.7053343454558002,0.9025516506922258,,2dc7f6d449d2ddd33f5e4373346976cbf0b27a6ad026f19565d15223ed49d7a2,bc7a5b320f7dab08857ca11e167bafa3d56b446389d2893f55a217dad9e125c4,d72ff07d9f033de06129ba5cac13c5d5a2ef63510ff5b637dbdc6b5f3498444d
sunny-mountain-cab-view/0035,sunny-mountain-cab-view,train,0,2474,0,8291926,0,2474,0.0,0.0,,,,0.925558809997768,0.4106187624750499,,,0.0,0.948284621206623,0.0,0.0,,0.7959277158104486,,0.0,0.8411868499257058,0.9643831900502312,0.9837647285384155,,0.7974593078311208,0.7254184634227246,,8f27f4777b424fca3a01c563f2634f985f97ef3cdac8ad2838d194087f29673c,5be87826e74904d71bbeb42199b5fea86f387e50ebd7ab2b54b927d617c7df54,8942cf5935894a65ff1098ebc48894ce01b498d23c27c4a665dfce0510537d00
sunny-mountain-cab-view/0037,sunny-mountain-cab-view,train,0,2710,0,8291690,0,2710,0.0,0.0,,0.0,,0.9379477368138941,0.3438579421065434,,,0.3810810810810811,,,0.8720101781170484,,0.6859157443770082,,0.0,0.8361949645966072,0.9906267021844823,0.9726687210081157,,0.8551549999313856,0.9432293725548997,,0dd350c7fad9d51bd0a73412fd77600d87ca6c0306501e202ac13254700718f2,9d1ce541de7ca4352ba4ff606e7a124e75a471cff72ef71e88ad02a2a9a90ee4,1e216957fbc1022d87f6308d8c1ba251de1ec3732b04dbcdfff07076db3e673f
sunny-mountain-cab-view/0038,sunny-mountain-cab-view,train,0,2304,0,8288942,0,2304,0.0,0.0,,0.0,,0.9528758422864712,0.47738579828132066,,,0.0,0.8881423305457746,0.0,0.0,,0.944607715486775,,0.0,0.816846451974139,0.9862882643908049,0.9861959840526895,,0.8761159901545273,0.9485292867546078,,b5c7a56b8478d6e94f292e36428c999f7d2b159ae6eaa12f152b282c76555c2d,2406fe994c566446c5ec634fd8dcc7c1040d065305fbfaa732a7931592324fdd,733ad3f131d211be0c804227a47823270674f4ac27828a708d0496602f9f4cb5
sunny-mountain-cab-view/0039,sunny-mountain-cab-view,train,0,1724,0,8290647,0,1724,0.0,0.0,,0.0,,0.9404191323910598,0.27849954679619776,,,0.8178770949720671,0.0,0.9355354182341152,0.4992762877820349,,0.680401465503896,,0.0,0.6619291217687454,0.9681514413872427,0.9932288699244707,,0.8571770442274039,0.8880507135749516,,7f58ce7149cb2d8eecc31b59b6d93c8dcfc39835bfee3b20b04bf3db72ea05d3,78c8b4d93af10de0e8f2d56554823a54f60fac30d234f564b886a8eb4333f684,83b796134ade5388fd2c7e544335063ad54d3221a06c3b99067ada011e72dcd6
sunny-mountain-cab-view/0043,sunny-mountain-cab-view,train,0,0,0,8294400,0,0,,,,0.10718113612004287,,0.9655069791041572,0.7734231475811391,0.0,,0.0,0.9599476385966595,0.8817935633335421,0.8672279083548576,,0.9615436454376504,,,0.8133621096386913,0.9583169884905178,0.9927314195395526,,0.9266135526921307,0.9643438196146538,,53014f8bd86d528cd8a95f6cb5412c1b3e34232439908a147b5a50d4322c418e,4eaab9cda8650ba2babcff076fc36d6d2b6939c6b0adc6ec489300cc8289a7fa,caa0ae6812b4794a14b60ab53abd696983cc75b7c3c5e59c91b82a11f0f9b0f9
sunny-mountain-cab-view/0114,sunny-mountain-cab-view,train,11880,2626,6623,2006486,18503,14506,0.5622604003975579,0.8189714600854818,0.6420580446414095,,,0.7459516144766364,0.6742749270636691,0.8656606551343393,,0.9275770774617815,0.023923444976076555,0.6159589360709286,0.0,0.11059907834101383,0.7667130919220055,,0.5622604003975579,0.8277900463212323,0.9648109194033803,0.9787744597535,,0.8420946116873261,0.8603631913204551,,c007047e3e4cafb0e9f7361205fbbf99eba406c2a2d48c27a1e4841c36d6981f,8bf2e49204f95a90068e333f0f27f561c8caaa1d199d8994120b789c9e587b54,a0862290de45a6bf1dcadcdf65c218f1eb198b127d6c6b3a3f3843c2228341d1
sunny-mountain-cab-view/0116,sunny-mountain-cab-view,train,18171,482,12640,1995679,30811,18653,0.5806729939603106,0.9741596526027985,0.5897569050014605,,,0.622751212389842,0.43517119838872104,0.8604513064133017,,0.3161764705882353,0.6072692943120133,0.6965872290957402,0.8501118568232662,0.0,0.49090254008286793,0.2727272727272727,0.5806729939603106,,0.976867492250481,0.9946810730211895,0.0,0.8045177637608496,0.9098476398414695,,4aac1243132852bdd2e0dabe350ac2bbe6e1bff145fdb607bed02285a2a5b3dd,65c6488c35a0d05cdfd929bc23b6b32abeb819eeb16cdb7a777513f2413a5fd6,7f4810aeba7cbda7b0f73c770193f67ec1c6f1b1cfcd1c22fca4ef6cb9fedfe6
sunny-mountain-cab-view/0118,sunny-mountain-cab-view,train,41570,6262,11842,1961251,53412,47832,0.6966182927237993,0.8690834587723699,0.7782895229536434,0.0,,0.7646042713567839,,0.8513598987982289,,,,0.8676382511479337,0.7633054966969961,,0.8069955642840213,,0.6966182927237993,0.0,0.9803226561044172,0.9877639848425334,,0.7931305586949045,0.8950216193100827,,1c5790e05968d7a3413632eca28a9951451130120ae6c3be0d9fb3662522973e,1cd265503b0eb3e1bc1a582b1b92a959765ea51554f6d98ccfd630d4e95830af,23d759bcb7cb689f6bbfa2185505e72d65234592ef15eb671dc63c7ef5152908
sunny-mountain-cab-view/0119,sunny-mountain-cab-view,train,3369,1308,4269,2019782,7638,4677,0.3765928906773977,0.7203335471456062,0.4410840534171249,0.0,,0.8937193402603423,0.4862849197320187,0.8845454545454545,,0.7192982456140351,,0.7942813115315469,0.9102347141490692,,0.6623439000960615,,0.3765928906773977,0.6805671392827356,0.9869001808126484,0.9934737442457326,,0.8406692794694001,0.9725007612998652,,cb92b7934e948289bd873fc48056ab1d859792c8b97117109824dbca1535e0ec,107b44c08f0c38f5a9ba166fba98d478ab8f48d2b62eb4ceded7874beeeec550,40c84511f207cb33af1f3b5b9e32581eaa04c117c7b7bbb2a754bc3a7b4e781f
sunny-mountain-cab-view/0120,sunny-mountain-cab-view,train,7341,6177,10122,2003890,17463,13518,0.3105329949238579,0.5430537061695517,0.4203745060986085,,,0.6457444348685178,,0.951173199511732,,0.7556818181818182,,0.8460982421554132,0.9312739812521249,,0.7692711851685056,,0.3105329949238579,0.0,0.9870597742275089,0.9936021640494316,,0.8395598771750256,0.9733720038813507,,dc94d0155312b343e6ff5abae3d13658ce6e2e68d85a1e19ae327502112c7ade,afa9a3373ccf70a0e37bd2feb0bef0ad4e2e5e4244f0bf9b769d466a5ef8f799,4913d68eb599758818b90dc8fd0d5723244842deb1db21c5cea70cdd200243ab
sunny-mountain-cab-view/0121,sunny-mountain-cab-view,train,52293,976,19021,1955967,71314,53269,0.7233780605892931,0.9816778989656273,0.7332781781978294,,,0.7587773647253201,0.4874826147426982,,,0.16487455197132617,,0.8452445406966251,0.6624764299182904,0.8936640054357058,0.7224049140658931,,0.7233780605892931,0.48582474226804123,0.9813139988569074,0.9716853339334557,0.8090815273477813,0.76472688325598,0.8557255969705505,,206009d26edfc8c2e0f344aea9acb20cb6de8131d203ed7cb1f115b94e8ed2db,5bdee5a626c7c04727a5733d8b8237fc2db9e11033168790651924e422071f17,490d557c799867d613771f8fd94b3fe9ad88569a671349b1c180084d0b6fde12
sunny-mountain-cab-view/0253,sunny-mountain-cab-view,train,0,3274,0,2025150,0,3274,0.0,0.0,,,0.8376193975018369,0.9492433061699651,,0.8559412211806435,,0.0,0.9229556462405449,0.7701110045224064,0.9454861618047944,0.9301137248792647,0.7504850601474583,0.6873285792649478,0.0,0.6860545507259306,0.9124841153067554,0.991740279812846,0.8275107258558795,0.7934283643392124,0.8513998250218723,,e7783e56f279d39cd7bd7290d05da53a477bd864ffc3137b30bc05d962176634,d236923aa8b07ffe4c6528e520bfbbeac87efb2e25dc7e10ca711dd849579f22,00f8c1c915970efcef17121520fb4192d036322724f6b59fe04ba6bf72bf9733
sunny-mountain-cab-view/0254,sunny-mountain-cab-view,train,0,13,0,2027231,0,13,0.0,0.0,,0.9235731683233493,,0.8468551330350836,,0.8290393013100437,,0.0,0.8793022405598788,0.9482076321536105,0.8421101230874355,0.0,0.7598156070915492,,0.0,0.0,0.8992670181967339,0.9855329347498262,0.05084745762711865,0.8119493392070485,0.7633924126257094,,894016b1cd34242641d03b1e60f84d320a5fef1107813f9d45d43e3c77279bfb,e58a7ac86a7d940965941f8b8a997ab386ddd1d8e2c760f6d3ad1a922a3057fd,5648c882addb9855cc952bf55a031f3afbe9f348939c3df4a22fcc82b95b15e2
sunny-mountain-cab-view/0255,sunny-mountain-cab-view,train,0,833,0,2024529,0,833,0.0,0.0,,,0.0,0.861631476724516,,0.0,,0.0,0.0,0.0,0.9792345534037133,,0.6949352179034158,,0.0,0.781711079421003,0.9195441178500918,0.9818160564221792,0.0,0.6866740699611327,0.8770857846678914,,0255dda3dea077491f3d1ea3685abea083122dcb6a7cfcfec7f931dd8bf33c61,6f81ab702ea6fe837688e0d536b266216ff00719a04a1013240e8548791bc79d,9c67fbc966be2483b4df910735ade39e360147e85e1289c02aede765f867d64b
sunny-mountain-cab-view/0257,sunny-mountain-cab-view,train,0,14,0,2071506,0,14,0.0,0.0,,0.70859021783806,,0.8255976103207321,0.0,0.9162685070489,0.95151486303163,0.19414703783012136,0.871218010510277,0.8897871456490128,0.8703706687721899,0.3597011476546253,0.5450294775360846,0.0,0.0,0.0,0.9418086041347815,0.9703648003115254,0.0,0.6994368876341732,0.8932477371714862,,92ee9060e9af4c102a639559aace1bb2646cdc84e4eda9f46917fcf4fa36b689,9e4232334697774902651584966f6f0f60b4cab0365bb281cab51f9bc1e81219,3cbbeb15b258e891c58e7d5903ba9f9459fb161e155626d2488eb36cc71b32f3
sunny-mountain-cab-view/0259,sunny-mountain-cab-view,train,0,0,0,2030974,0,0,,,,0.0,0.9657899260787347,0.9510831705037804,,0.7846788450206247,,0.20081967213114754,0.5561163895486936,0.0,0.7733485052751358,0.6425531914893617,0.34989082969432317,0.0,,0.6810927803572551,0.934521849569594,0.9804623470461161,0.0,0.6465107553776889,0.8453747116602013,,40c4d08494b370ed9b2c47cf3957c3cf0f558a22009eafee581dd73a00829562,326e183b830bdf3b97a9e7fd09db82f2ee3f7b37375f658f2543fae198a63fbe,e83c5b97e84a4cb5e427a49f24d067bdff05250b221c47921d69103a7fd15e66
sunny-mountain-cab-view/0261,sunny-mountain-cab-view,train,0,0,0,2025125,0,0,,,,0.7813794463804327,,0.9441398337640567,,0.829746835443038,,0.0,0.8364792488832994,0.6073401437760121,0.907062829179654,0.14422369389256806,0.8498506945947115,0.0,,0.0,0.884445303845438,0.9913722290726027,0.5373372916190912,0.7498112637777442,0.9314477819191698,,c907f3894e962844d9db2c4ac28771860d430f48f3489ad03b70394d0429251d,132f4b9ed27aee03a516e67f090cd554bfd2ca10d3badbd46ea294949133e32a,a82e52ee3e7f173f86df106393af060915a9720e0e66116026fed7f518a3e02e
sunny-mountain-stations/0228,sunny-mountain-stations,train,0,0,0,2073600,0,0,,,,0.9038600790954158,,0.9605097191635588,,,0.9769001945338602,0.5745762711864407,0.8759043191823416,0.9274543235469093,0.8557115594329335,,0.7565059608130262,,,0.7145736746623664,0.8406098244303325,0.9875972788059469,,0.8266305723800806,0.9436153228588261,,8fb67a7950262b0a2133f19fd631fd9df52f83e1660f0a811abf3e9d0982f269,ec207ecc709b6c73bdcb8ae5392436a9335a1a7ac9f52fc8c883e1e0792f1725,ee6f026ca2ac97b3ad728e1258ec746f80ae06084d90a551f889eaeab6458d8e
sunny-mountain-stations/0229,sunny-mountain-stations,train,0,0,0,2070056,0,0,,,,,0.8533357754475938,0.9430509350473176,0.0,0.1567732115677321,,0.4841184867951463,0.8878693696507778,0.9854913018690581,0.8711088059232753,,0.6534043383706016,0.8688524590163934,,0.7578511589065678,0.7638425986876295,0.9882442070817058,0.0,0.7374722457341233,0.9315049997545128,,0354800bf80455fa7680958e010518b436ea155dca8b0abbc8d1e10092f0661b,21a10b8db464646bdbc600d69546c1cc56b0319f1c530ba2a460d772ee98d838,b6a5895614a8c384bd62b13d5f5f795665577cacb2307ed6791a9560d968b0f8
sunny-mountain-stations/0243,sunny-mountain-stations,train,0,39,0,2073294,0,39,0.0,0.0,,,,0.9262764988480703,,,0.9906304884946269,0.0,0.0,0.0,0.5172413793103449,,0.39071450105517036,0.786697247706422,0.0,,0.9093947459593821,0.9928927158622892,,0.6959552223043616,0.9593539565726659,,d048231d419c08d7176eaceaa89f964709a5a5de28918f80af2d6d5cb56dc892,502b0c205ec3bdc1f0c021c084674028a122fd08e58a52be0230cdf0b279cf82,c68d03547177d8aa7783c790cfad299d9fa7b62d061f414c3418036aee9800fd
sunny-mountain-stations/0244,sunny-mountain-stations,train,0,32,0,2069054,0,32,0.0,0.0,,0.8719210505201787,,0.9137873937520697,0.4603766182816791,0.7505070993914807,0.8637804905668924,0.19488139825218476,0.01838173577304012,0.6169131735882366,0.6191298167233589,,0.7160415951614549,,0.0,0.8137732898922445,0.9093015474345458,0.9857093540081414,,0.5550691316808919,0.8014386766954453,,8d1edf47c4a0e099e6bac09702b9eb61358d689387405e5915c4b761311fb755,cbe5a7aad07765b9159ea13722233c52e6ac593f5b2ef4c85ad81fb8e95b617d,f80ee1af926792ae4e4e98cdeda319141177c33e794e57a28e92d91867ef9012
sunny-mountain-stations/0245,sunny-mountain-stations,train,0,1597,0,2072003,0,1597,0.0,0.0,,0.8745913243636882,,0.7168528312674849,,0.0,0.8259816382068842,0.10772659732540862,0.7675322107905074,0.36603353363869395,0.9507846802110176,0.7961141370620275,0.5432803417606274,0.0,0.0,0.24015717092337918,0.9138964523796581,0.9920143571479401,0.6162790697674418,0.6412443756744101,0.5691549470338211,,ede5e722aa51b1edf1b7f3550819d1fa7c743d02958fb765bf9233ccf1ea1020,69ead58a4fdecf080f2676ba45496e4a341a37ff2c77cdab2980a0c51d66786c,eb683f8195928cc177132f8f6f88f5fce2788141f97704b2c46f3a0b79613bc2
sunny-mountain-stations/0246,sunny-mountain-stations,train,0,34,0,2061362,0,34,0.0,0.0,,0.8473621813870776,,0.7868614335750348,0.0,0.0,,,0.0,0.7490939044481054,0.7909531931860975,0.9644558918222794,0.33180452316938164,,0.0,0.6472419485281898,0.9496774469775096,0.976805825640652,0.7152897303499713,0.7747702558181354,0.7938879497852179,0.0,90a65adbb644d54e42c7e51d5cebfa0b1e554d4d34f442db24481dcd7007c74c,f28cde20054a844449d19347046b0f78cdc41f588971b90550e6eb1e24b0b791,8cd3c30fc83203ace6f8bdf48c007992d920568959a1e9021dc2711123d0b1d3
sunny-mountain-stations/0248,sunny-mountain-stations,train,0,0,0,2073600,0,0,,,,0.8251684941152801,,0.9638035047400172,,,0.7675449051418315,0.0,0.0,0.37866390813199147,0.9402663392841919,,0.6049850571525403,0.0,,0.7181510316656775,0.5402432927845359,0.9872854203089899,,0.8329604772557793,0.9363477901205389,,c489b83cc8d5e13b9e9ee4f588ba23a86a21404337b41cc01afb90627630275f,df85d99031750be49655b3810901e2b76cea9b2d757a8a512290c89d7f58c9f9,3df779a07c233cb00e41c18dea230c049c385ac465ced48d53a58a2014403683
sunny-mountain-stations/0249,sunny-mountain-stations,train,0,584,0,2073016,0,584,0.0,0.0,,0.8619485345477913,,0.9635545367556597,,,0.9684410448537829,0.5229487861066808,0.0,0.918335351854191,0.9544001532767957,0.0,0.8154162625012543,,0.0,0.7319136232460941,0.9607046778279834,0.9872424893175061,0.0,0.8433038380109658,0.9315268987341773,,408760b135c0da743871d600304812e352ac956549d1987597238245735e8672,448ef85ddd524b1eda5440923343f04ec073449229c9e9252594792fd04c0401,a5418fae0aa095defbe841cdd13c933a3c9407aa054fc49e3dfc3279c2b17066
sunny-mountain-stations/0250,sunny-mountain-stations,train,0,15,0,2064796,0,15,0.0,0.0,,0.6544327001833145,,0.9818882828662779,,,0.9761128329357412,0.0,0.0,0.9567502700108005,0.9683407904122182,,0.7719940510239103,,0.0,0.0,0.0,0.9860862104003432,,0.8376811594202899,0.8936651203442249,,0956dd0c21f6af0a1387e957effd77c906124754c421ea783a885ae3ce8cf3f2,f0b4695f1246bc1987be1637c4da90f95bdf51ea6471608cf6996822437cf2da,e48121d05721eda24750c5d1ea4ce47b79fb8fa4cdd0fb411774865572528664
trackside-maintenance/0000,trackside-maintenance,train,62482,19762,35976,1970740,98458,82244,0.5285230925393335,0.7597149944068868,0.6346056186394199,0.0,,0.9632149362275668,,,,,,0.0,,,,,0.5285230925393335,,,,,0.9786049698128827,0.3552056714203281,,e41473adaa20b0dfe8eecc7e6000f550ae13c68770e4946667d4c938e7a89230,6eae10b192e629c0f36ad37a409384070a694a94a460f980f2382eb5867a7dee,ec274ae3e8fa43349271b11b6a5adb1d7856e95e0ff7482d121846394cf1cac9
trackside-maintenance/0052,trackside-maintenance,train,1166454,25411,10972,886123,1177426,1191865,0.9697523438337863,0.978679632340911,0.9906813676613222,0.0,,,,,,,,,,,,,0.9697523438337863,,0.9718581081081081,,,0.9230458187659714,0.9779219532577824,,efc1a697946924df5b504e34114d2f5a5bdaff8ab191a9dd2c8d978a19525204,b08d2332f951a48857173d7c6d8c0dd3acc61f0b77d72fa0e07f8bd050dab3ed,4d37efb84e71add7e78c95c5e0ae34bc1cf950b89faa075d2dc83fc15926a8db
trackside-maintenance/0055,trackside-maintenance,train,1130085,10625,50711,897539,1180796,1140710,0.948518617684261,0.990685625619132,0.9570535469293595,0.9656686091090324,,0.0,0.0,,,,,,,,,,0.948518617684261,,0.9623613685632599,,,0.8808500912306256,0.943940405144425,,28f3b3d7bec0bf474a3fc09012c7f4ef1b0b5a4e37e51acf00fbc5bea657569b,3428e465d64a4a778d06e5751cb25564677eb49240c8bdb9097a7c35e58ef4b5,71c0f4fb08022000fc3536350806784acf0bc38430d1f486fd83e451c6b53d2d
trackside-maintenance/0057,trackside-maintenance,train,807191,456,2715,1278193,809906,807647,0.9960869339875266,0.9994353968998833,0.9966477591226636,0.9658787864973902,,0.0,0.44712479971515046,,,,,,,,,,0.9960869339875266,,0.974690169329537,,,0.9734166746802577,0.9813404365479467,,76a244cf235702a8709bcd5845224a9a5785c3cd791a1fc89b4d54cf065746b8,66fa21d4235bc5f70ab93c1c782cbc4076e5734ed8154dcdd313d55669ac501b,1eeabcfdc7cf449e72168b7b847e2004b27d46f9ae13d17d4b63cbcbb3826ccd
trackside-maintenance/0058,trackside-maintenance,train,1278694,9366,49363,751537,1328057,1288060,0.9560879392682794,0.9927285995993975,0.9628306616357581,,,,,,,,,,,,,,0.9560879392682794,,0.9264534980243716,,,0.842004882514495,0.9688615917795574,,527bd4c6f5b48a8fa052db415d684acdb3dcbf8021025486fa219182ad9059ba,008176814841aa702e3ff2dfc230737e3cb33c8e155dbc245a12048e5f4909f9,f2c1e641a1247d47837c25d7b7f09902ce5ca149b965db1f89c45f7ce7399f0e
trackside-maintenance/0059,trackside-maintenance,train,1203590,11486,50414,823470,1254004,1215076,0.9510861405463497,0.9905470933505394,0.959797576403265,0.0,,,0.0,,,,,,0.0,,,,0.9510861405463497,,0.9552018807373684,,,0.7928760600855894,0.9760439653350244,,8f38d8ecfaf13ea9265b15f72d8c2a5f6320df894c563c0277971f5a71223076,1f8c92d4ffcf481e87a310434020e2a207908305a3e4385ba8853f7e9a504821,e8227e3479fd92ef0676934eae5348e57fbd5b8b4b2c559dfc7de7fc31653426
trackside-maintenance/0060,trackside-maintenance,train,1398604,14849,13606,661901,1412210,1413453,0.980060389934824,0.989494521572348,0.990365455562558,,,,,,,,,,,,,,0.980060389934824,,0.8925164584173049,,,0.9580536912751678,0.9540540279181313,,af2519b33d6b5f52478d8c41669353834cbc46bda125e944b6f0f559e55e7d51,4e3ca1d512b429bb6d50e227bf926a6266bb4b32e6713b6ad6596226cf0f24a9,2ad0bfc3c14954ddc30468e1e96583496740246fc7c94aec19362ae3797c32fb
trackside-maintenance/0061,trackside-maintenance,train,1658617,5986,10089,414268,1668706,1664603,0.9904012200452381,0.9964039473676306,0.9939539978881841,,,,,,,,,,,,,,0.9904012200452381,,,,,0.9657761976983219,0.9051157344861749,,8bdf064f89bd89d79af62f1c4461b3024cfa2110a8194ff5044d74f7f592fc74,742cdf67e16935b556c2f1b64a61a037554ae04c5dc6242622296872e46d66cc,2dea2ff6518a6246fe38f746e2f35e2d328b591010df78b77de000d3b02c90ad
trackside-maintenance/0062,trackside-maintenance,train,1901616,5122,840,181382,1902456,1906738,0.9968745707908143,0.9973137368636907,0.9995584654783081,0.0,,,,,,,,,,,,,0.9968745707908143,,,,,0.97624148213536,0.0,,6f1c22c5a26f9c6f9349d1b7472ea93537d6383a9cda356167f51397f8e8f989,23aa6346cd5ebfff7f9a2b1565a4e7ab2291ccbb4a27de12c6b65e4e02e946a9,5580926e97f666bd92b83625c282012553c1394b9f1475da666b76ea2562a87b
trackside-maintenance/0063,trackside-maintenance,train,1329198,8799,7186,743777,1336384,1337997,0.9881168584497425,0.9934237520711929,0.9946228030266749,,,,,,,,,,,,,,0.9881168584497425,,,,,0.9754109122282728,0.9815420220795519,,f25b27c24e3ff91436c5e3877a5df281c4dd826a5c70266f8b58faae4174a2e4,5e60d85a56940e8ccaac6003a40470a5f53c4dc940d8c77d3d16bdcd21c01a28,18e1debc0b4d39feec061d8957c015e43e7483c478edbb065f4c8e6ab08d2ed6
trackside-maintenance/0066,trackside-maintenance,train,1290437,9561,7273,781689,1297710,1299998,0.9871227924431889,0.9926453733005743,0.9943955120943816,,,,0.0,,,,,,,,,,0.9871227924431889,,0.9481167582034626,,,0.9729621454325507,0.9771840506209863,,6223c858287f0677fdc6d3b7cc8038c3ecc2f0d657d409ea0818439bb88d0fa5,43a4179d47c711e75f6cf339d73d705cfe9ee6c9dfb53df5c804231ca8dcc292,30b9db431ea1832ea9cdc67816bf81accefb20224bbdaea245e1939a27cb70cf
trackside-maintenance/0067,trackside-maintenance,train,839627,6032,18096,1225205,857723,845659,0.9720661530179275,0.9928671012784113,0.9789022796403968,,,0.8629032258064516,0.5580357142857143,,0.9332943882580598,,,,0.0,,,,0.9720661530179275,,0.9768109619062597,,,0.9550022994920447,0.9616197911119186,,0500732a4422c6db9e57d541c1a7f0c06c3e10fd30ca7e04d1cb512dcd29b739,2f621dbe19011b469c294190d6d920e3aa75422da05c80a309ee6fbaed7048b5,c358a4a467551f2c83e1dfa8c977f8f981bc982ae2bddfc762c0be68048f61c7
trackside-maintenance/0068,trackside-maintenance,train,1028834,7772,25164,1027190,1053998,1036606,0.968980099268203,0.9925024551275992,0.9761251918884096,,,0.8552631578947368,0.6235059760956175,,,,,,0.0,,,,0.968980099268203,,0.9746592384249243,,,0.9572377597991352,0.9524104914276361,,2002370858caebe870952bed7a32a15d4c1e010a5b718f1e3c6e2a619ef1550f,8609c48f75a7d2884ce4ed65218ab5c43be51c427faa25d314e09ce0ea303303,9513a9db006c60caec0eee0682113799028c3e81366212e50ec4fe1db525cfbd
trackside-maintenance/0070,trackside-maintenance,train,1862364,5616,13000,207980,1875364,1867980,0.9901030313985263,0.9969935438280924,0.9930680123965268,0.0,,0.0,,,,,,,0.0,,,,0.9901030313985263,,0.0,,,0.9563148213810833,0.8034659673925436,,8da8ac7ad697e79d43107c8ebe4903d9b515079f50e3b43f871cbcaca0df5d1e,b594ea4ae2a8c778d1db9fc49967f5606bc51cf59cfdef65be52b10f58ff4011,b9cee9926d207e62852f1e9d039af990389be90fb7cac2b9286472f1493a640a
trackside-maintenance/0073,trackside-maintenance,train,1546438,35609,17961,488952,1564399,1582047,0.966518917405413,0.9774918191431734,0.9885189136531025,,,0.0,0.0,,,,,,0.8315506530742275,,,,0.966518917405413,,0.5566130036467135,,,0.9562575286312723,0.6555984678461819,0.0,5652f16f45d364803ae0cb7862cfd6866fbbefdeeefdf76929de1dbf58fe7814,d8e53f588fe1c75d94555ec5614504bb322ac9ecadacaea8932c5bbf08610032,7923efbe0941b76c5cd4581686e7a23de6ea8d5ae130d2a351d3a3d3fc509a83
trackside-maintenance/0074,trackside-maintenance,train,1340008,32383,6535,710034,1346543,1372391,0.9717765855455622,0.9764039548496019,0.9951468315530956,,,0.0,,,,,,0.0,0.9383990468803723,,,,0.9717765855455622,,0.7376641690268765,,,0.9369684825197457,0.788135993150454,,093b845a2d8a639e83ffa1ecf5fde92d921664c2417e66a25b10d3dca8f6d55f,38c932592ff33a4d70acc23ed4568945de39640d595c56f80f8beb4f6d5e6c94,375b452802ae5cf0d742e9a0d359a332e701b28e192db8040fb1bd1f11a4c6c8
trackside-maintenance/0075,trackside-maintenance,train,1492313,9653,15861,571133,1508174,1501966,0.9831904426525553,0.9935730902031071,0.9894833089550675,,,0.0,0.0,,,,,,0.9579043788207651,,,,0.9831904426525553,,0.0,,,0.9631761912145125,0.8780057488353652,,03904f8a2512daea1c39d2cbdedf3303eb95dcf456e4adbc73e729eb2d9aca10,93f4f3be37fc1a22e66838092bfa5c7b4ac1b906ac2562c03fc4232dca424e8c,f2f463c7f834aec4f84f4c3962c97b502c6eb26c48ebfc9fc3f412dc9396d813
trackside-maintenance/0078,trackside-maintenance,train,1290123,11916,6875,780046,1296998,1302039,0.9856438238111901,0.9908482003995273,0.9946992979171904,,,0.0,0.0,,,,,,,,,,0.9856438238111901,,0.9034872560520423,,,0.9633951061136083,0.977784662158998,,9072ecd1d6bd9a6ade7bbf9d4ebfe4912556baadda2bae4e1a66249b89915dc1,1eaf2cd3689a0fe9c0ad5ebb222ac03c3cd690d88a9826248a162160f7faafb8,3275c3a57860e429519a4a674ce7e7a63975c293e8b4f82510c278e4cd5837a8
trackside-maintenance/0079,trackside-maintenance,train,1305428,16921,11588,755023,1317016,1322349,0.97862792620641,0.9872038319687163,0.9912013217758934,,,,0.0,,,,,,,,,,0.97862792620641,,0.9560353115986365,,,0.955574162821495,0.9636267880395525,,7245d072113222a13b028579251a425ef833a8850f977f01ffb13f42c5569754,269024024b0ab056a42083d816412308ea4b46b3c9fc0d2596969ddfdd07ad7a,d0fddee405d2ecf30a01b9c9137f40db849fa0951f6fc149b3f018d726e1ccaa
trackside-maintenance/0080,trackside-maintenance,train,1184104,17578,13855,873423,1197959,1201682,0.9741406473023857,0.9853721700083716,0.9884344956713877,,,,,,,,,,,,,,0.9741406473023857,,0.960693872404808,,,0.9463794413196727,0.9614719017158957,,045d4791802edd4766cb20165f7f89e48500708e9eacc4fb3176b9cd89733d49,768207717996a901fa4c5795e878add2eca0a4b7d84e38ba927111d2d2b9c794,b6a702d4d6ddc96b525588dd4443a5a55ea9b6db943da339d54da04b1517254e
trackside-maintenance/0082,trackside-maintenance,train,601522,38632,38741,1410065,640263,640154,0.8860309768079011,0.939652021232391,0.939492052484682,,,0.9563421150317093,,,,,,,,,,,0.8860309768079011,,,,,0.9750917181406656,0.742772214561812,,65b79e130b09b882fa33f7676d2436a802b097d73fc606fa0428a40aa7592ed5,c18f270edeeac58e89a27f4e92db3c606d1e98ed7d9605fab190e4b2e8bbe628,d30f0e7cc3cd3fc7c505651f3518208fa3bd64f3e8b0b4f12480da741b06d9b2
trackside-maintenance/0083,trackside-maintenance,train,1584885,7856,12731,483488,1597616,1592741,0.9871769797293257,0.9950676224194643,0.9920312515648316,,,,,,,,,,,,,,0.9871769797293257,,,,,0.9616516272381939,0.953720301966824,,f93539c0825969b6f96f386dbaa98f06caadbcb1d80a39102a077ace90560d5e,82efdc0cda609b8ffd12a935a3354e0d1758ab9a02c528ae1bc2155d24d0c3b1,c3553d07bd8d925296bae7ff05a252a75db2456caa9f71669089db38e12b5bcd
trackside-maintenance/0084,trackside-maintenance,train,1394642,23997,5345,664976,1399987,1418639,0.9793944313981056,0.9830844915443605,0.996182107405283,,,0.0,,,,,,,,,,,0.9793944313981056,,,,,0.9788699578260648,0.9454596403616887,,78b655ec93b0e9575d9bf363a03233ad6e48a40c1e428e86125f919cccf38ced,11dc7abfc6839ef76f71e2f504f39513075773ba30a0d472935d77b70c7329bf,586ec0a051c0159d07d9b778fc1ecc6e0c7f22674fcf6796b28286bcd16c92ff
trackside-maintenance/0085,trackside-maintenance,train,1321394,16031,5100,746435,1326494,1337425,0.9842602558611572,0.9880135334691665,0.9961552785010712,,,,0.38944723618090454,,,,,,,,,,0.9842602558611572,,0.8203808543489449,,,0.9723952891847707,0.97117522199475,,1fe7cf2ae2eef9be85f098226cc6e927e226f7e34a356079eaf30f81a5517c08,a0af4d1a49f7b2bb75c996039450d8507555a89e47ba27e24fb84a3b844237e8,e9f29e0d8435f1e7ce5e25052566be3c7585729ffb743b07d018e4749e2ce05f
trackside-maintenance/0086,trackside-maintenance,train,845490,10287,9197,1223986,854687,855777,0.9774744674406398,0.9879793450863952,0.9892393355696296,,,0.8854943468847727,0.6638054363376252,,0.946089359163553,,,0.0,,,,,0.9774744674406398,,0.9676086287456982,,,0.9507638895738196,0.967986653091815,,9db552632140a4fe745fdf61a0d0fa31fc4952af06addd32095a7c1372bb9d8a,6dd0b988989fc57ccdc706b72227722a022ce5b835a5c0aa09bf7a6d9889b5eb,c6d933d6644429575061920a907d65fb54c5848f150642b9bb3017a5f01513fc
trackside-maintenance/0087,trackside-maintenance,train,1013253,14891,11465,1049351,1024718,1028144,0.9746481609912958,0.9855166202399663,0.988811555959786,0.0,,0.7184625078764966,0.7472,,0.8188413528219354,,,0.0,,,,,0.9746481609912958,,0.9677075399847677,,,0.9602927396404526,0.959830786548752,,95207ac84f3acc3ff5c55764aa554bffc9f0a32f4cab08eaf951e2fe43877d51,f2fc551dcbe79800027e1f2d41cae50208e7b13341f380e70dfc14418cd942c1,1d1e022b3811250b45d83ee27620cf7079114a251e473f5e0b9d055230535146
trackside-maintenance/0090,trackside-maintenance,train,820914,11217,8333,1248496,829247,832131,0.9767390393877667,0.9865201512742585,0.9899511243332807,0.0,,0.8375942071819122,0.34108527131782945,,0.8953236544477421,,,0.0,,,,,0.9767390393877667,,0.9693003934548033,,,0.9553094679104943,0.9646164294010497,,0a5483a0127931090560f2cb06532b9de62ff8978b5d2d75fc73f10c9e628fb9,3d8ae1b13c7b8c3541544116e3b1dee27d82e71568a1ed54c03b6b6fab6ddd84,7d3cdeec88add62aa8bfa299b6eb66b6b3d8d819541d305b6a1b6ad3411b07c9
trackside-maintenance/0092,trackside-maintenance,train,1302302,6779,11039,768840,1313341,1309081,0.9865027421749538,0.9948215580242934,0.9915947191171219,,,0.0,,,,,,,,,,,0.9865027421749538,,,,,0.9730498677192132,0.9789245094363205,,b46f2ac36452a0a15ac8e7c69746492ff0b596b959f253d1612c3db9998b2895,4fd4cbd8ce9ed83ac03e762814e76a63630fbe7269c9766c1267d2a94ad2e985,e4a6a3fe9d1944d715e5275a78546167282121c1aa82c4705ce993c66d3d9994
trackside-maintenance/0093,trackside-maintenance,train,885475,9535,8499,1185451,893974,895010,0.980040043873387,0.9893464877487402,0.990493012101023,0.0,,0.8806941431670282,0.5547112462006079,,0.9035557720409158,,,0.0,0.0,,,,0.980040043873387,,0.977105458943069,,,0.9533873918023352,0.9757086793510634,,6259e3456d036d7371c800562ffea682d470ccccfc442c166f67ae5f354b645f,df9edb6931f521320ae96f20a6f60e410e0d6a5d2669dca96c03092e76f48260,3d45fc6e7f823f64da6140797085a73cb2db4bf2e421104a167610ec69209bea
trackside-maintenance/0095,trackside-maintenance,train,801559,4060,24995,1258346,826554,805619,0.9650198527836035,0.9949603969121881,0.9697599914827102,,,0.8715880893300249,0.27044776119402986,,0.9536243768747708,,,0.0,0.0,,,,0.9650198527836035,,0.979633808139093,,,0.9507294433447812,0.9504786013764733,,2c0673f9062a1f999a14ea9f32f3a730731ead900fcdf51751a187ad746dfc7b,bbdfa9f6399575802bf5afbbe98eb2dcb7585313171454162b522e900c9f1c5e,e6a8f21f529f8ebc6406ae08f21f62cf26d9455b9a23f25825a0ac3b571171ac
trackside-maintenance/0097,trackside-maintenance,train,1433552,7378,126221,282026,1559773,1440930,0.9147503973771512,0.994879695752049,0.9190773272777513,0.0,,0.0,0.0,,,,,,0.0,,,,0.9147503973771512,,0.8454035601072909,,,0.9630600654404085,0.0,,069e56fc048051d80ef3d6c175598cb6a1df2596f82c85bd8075f4b88100565a,4d8fc7a5057b6825f2df28ce7b288ca212a7e1a81e0260c08c4b9cf2421ed1e0,95d39ac86c3de2eb3b1b3d208c3c18bffb623e948ee9c482f1c9d4556e32c7f4
trackside-maintenance/0098,trackside-maintenance,train,1721695,13604,15212,338449,1736907,1735299,0.9835385210375713,0.9921604288367596,0.9912419029919276,,,0.0,,,,,,,,,,,0.9835385210375713,,,,,0.9530331247481905,0.0,,fc04d89f6819407752a53d790ea973fc002344aa19eadc04b345225545c7ce53,94fe3c588358c6ff8a62bacee27373a7c513eb4df5684f7c8ebbf38b5be28c66,78b659d847b7725259ba2cdb12bc84ebde78da95f7bcff1d5fd18ec2a425c733
trackside-maintenance/0100,trackside-maintenance,train,1121500,44932,15937,317631,1137437,1166432,0.948519455432272,0.9614791089407698,0.9859886745375788,0.0,,0.8254166846427082,,,,,,,0.0,,,,0.948519455432272,,,,,0.840626693908185,0.7573891952072951,,295de469c85a2cbd063ed52a760230d5847fd6ca3ec792d4228e881a1fc88163,c20e921d0e7477cf9902bde354d8ff7d36f6de0c1f3d07f5156553727adeebcf,d83a5df0a243ffb1b12d3179178974ce2ded78b44fa8229e310f8090b034cca7
trackside-maintenance/0101,trackside-maintenance,train,427066,24439,8680,205815,435746,451505,0.928031117919967,0.9458721387360052,0.9800801384292684,0.0,,0.5750900233001482,,,,,,,,,,,0.928031117919967,,0.9338990620812863,,,0.9376723486260021,0.8074128482648866,,f18cd13f8be6e6da511d8cc5f6ff2f0e8e5ffa3cdc730d55f0752e075e4be9a7,d70fbf50bcfb39b15a24b90fc58a5a1548d92a3c9a6934b757d381ca30e63faa,fe54326ca4841bb8c18cb7cc34125df6dbd35ba721b56abe4e73722729d294f7
trackside-maintenance/0102,trackside-maintenance,train,371887,22433,28946,1076734,400833,394320,0.8786129762371653,0.9431096571312639,0.9277853869317148,0.0,,0.8041969486005253,0.08324245728825881,,,,,,0.0,0.0,,,0.8786129762371653,,0.766649187205034,,0.0,0.831608925609489,0.7576906998745903,,d32849c8bde9dd413c6d0ab82ca84e62323fed3319cfb99825a11f91ac7baef3,2dac0597829fa4f2262f10ef40bfadcec5e8066ba8418a99102ee49d9594cb56,6afa797b7e39b7cf12eb2f2ca7a5f52219e6bf50321c4827c6078df7c52c3b88
trackside-maintenance/0103,trackside-maintenance,train,728892,51179,51520,1257369,780412,780071,0.8765029924566283,0.9343918694580365,0.9339835881559997,,,0.9125688775205288,,,,,,,,,,,0.8765029924566283,,,,,0.9781364919771366,0.837276991683455,,bcd725f20e45aba176964b9c6318633c2f7a70f7664784eb0dfc98abf0940141,e5199e21c5930fc2d5d9e32f952f30d09cb9eabafaa1f28946192d0c93d80709,9b268b2364316ae4db844ab001dfbb99588c18f8531d0a313fb2fd8c880f6a99
trackside-maintenance/0104,trackside-maintenance,train,131590,2206,3765,284939,135355,133796,0.9565938020223755,0.983512212622201,0.9721842562151379,0.0,,0.0,0.0,,,,,,,,,,0.9565938020223755,,0.994673730382523,,,0.968464247633203,0.9517241379310345,,8af545cd5a93e866ceeaf9e8b89657bd1753fb543ecfc98e2121144440cb5e5b,44128203bd74b7e69abd931e02769a870f0f033c4b8a9c6b7e41decd53e337ae,4359469356ffd51d8ec8cc8d1d0c1651a0a0030e50225b02df388362b0c7c4b3
trackside-maintenance/0105,trackside-maintenance,train,202302,16460,5249,562421,207551,218762,0.90308958042239,0.9247584132527588,0.974709830354949,,,0.6763536315370892,0.17573847971642378,,,,,0.9951229186762466,,,,,0.90308958042239,,0.0,,,0.9550719052351879,0.9461396682367397,,d1ad562afeae01ddb70bc66ae877af92f08918967c215ffefec2257c3ad76fa6,5cd1dbead77c080576228588561fe2ea06379f9688fb892b1447d06414f13aef,f9f2e9b3769d0d476c27911e7522fe0bf4e057c12fa7ba3c796f1ecd787dc750
trackside-vegetation-closeups/0012,trackside-vegetation-closeups,train,0,1617,0,2087343,0,1617,0.0,0.0,,,,0.8148448606368602,0.7156661803769111,,,,,0.7973674878491416,,,,,0.0,,0.9754118618140819,,,0.8992647116833526,0.8676489502197433,0.0,6d411277b073c9f8148657c867b1259110caffbc10996436432e2bbef233e3c7,40d1f706fe9ff7aaec7e0b724531adee57bf3bb126a5da404cc86ed0ebfca460,2a32ad95e9a9a3550f3d2f0b085b4019dd42afe2f0d8a69468a3b2c0f120b2ce
trackside-vegetation-closeups/0017,trackside-vegetation-closeups,train,0,196,0,2088764,0,196,0.0,0.0,,0.0,,0.8320850300289834,0.7968042023711703,,,,,0.6786573004573099,0.0,,,,0.0,,0.9758584196904765,,,0.8731745743198206,0.8352337711849721,,028a08528e4e767ba7b3c0cf28e85786354503f78c2dd0a447f206796a58013d,a5bb98361d8c5d8e2bd93d102162e9cbf214e4963de765e5d89ec12348a94499,b1016a3b8f2791ba3cf72c49b54525180f130fb73be542455f7a525e51d60480
trackside-vegetation-closeups/0018,trackside-vegetation-closeups,train,0,31,0,2088929,0,31,0.0,0.0,,0.0,,0.7184702958999974,0.7723056963887217,,,,,0.5883429836512262,,,,,0.0,,0.9668013830476312,,,0.778528910732118,0.7735877133212722,,c63ccdb72ee621ea3abddc87464bce0d0d17c15f939a53a7189ff1ec3c846dd0,4c83b0b3a6aa5d6b746cfd84398f59574b1d3de5dbf1d58a5a038057eebf64fe,5a3adb1749c2d4fcc3c2836f03259cb56169e14490e54c3f837bb6ca6a6d81cf
trackside-vegetation-closeups/0019,trackside-vegetation-closeups,train,0,593,0,2088367,0,593,0.0,0.0,,0.0,,0.7856733237086942,0.6977776866550144,,,,,0.8106095092351352,,,,,0.0,0.0,0.9405442545337827,,,0.786982434833457,0.8558230938722036,,0f04b3c645dadb7431f751cf0813b5b34e40f34c8786fd50a006d9a58a70b608,6413c339aebad555f98f05dfecfcdd2819360be120b621b2087ee6bd8ad47ab2,bf0ec64f7fbe26132d4bb3f90cc796e019ac9398d36c8645f537c416d5f6e294
trackside-vegetation-closeups/0020,trackside-vegetation-closeups,train,0,274,0,2088686,0,274,0.0,0.0,,0.0,,0.8200392927308447,0.4544343540478335,,,,,0.8598392077521031,,,,,0.0,0.0,0.0,,,0.9016068677085626,0.8918912526109708,,1b155b4a115f6ef6baeca7676fd004b92d57f38e06386f5ff1bd7a83f362ec1b,3a7bf8a3979cdfc107d19f7ade7089857f99c13d82793b50b1543f968610e9d5,ff0d818fbe7e9ad32f2e51e125fe8dade1a345188e91aed0012bc435ca1e8077
trackside-vegetation-closeups/0028,trackside-vegetation-closeups,train,0,3099,0,2085861,0,3099,0.0,0.0,,0.0,,0.8708825124317838,0.7179463438925576,,,,0.0,0.7467634048980473,0.0,,,,0.0,0.45224754669199113,0.4404053028151193,,,0.9158296594229297,0.8089934610611914,0.0,4e19459360e08e5f3877234f1a74ad6e98184568c64a7688ff552fb1f571e05c,6e80ec77d7ceb1afb45838b1b1336114098c095ad6dc35891ce5107082906ffb,14783831564ad1b1166d0b45eabfc6d604d8f38c08ce32a6eee756513198c72b
vegetation-worksite/0262,vegetation-worksite,train,0,0,0,2073600,0,0,,,,,0.9741284977333124,0.8543870453557455,0.46445610687022904,,,0.0,0.0,0.0,0.8233825066790568,,0.8015188125647221,,,,0.9750525365602416,0.9908564021012488,,0.5546101753776698,0.9143792919198116,,54396730a7d632e6ac164891ed59aa4b248397c4bff8ad0524ee051361535740,46c8337d6d7cba2b8dd9fcbb263eb487f40f160d4e1a4d22257c1b1646d1715d,ceca92b31f722a88745d1dc9635d8617c5f837e8448ffae25c30d7582624e805
winter-town-cab-view/0185,winter-town-cab-view,train,0,0,0,2073600,0,0,,,,0.0,0.9194953588380365,0.9395880366111898,0.0,0.0030581039755351682,,0.0,0.0,0.9415604244598824,0.7572063738362378,,0.7696852269478767,0.0,,0.8863552661968402,0.9400621203244194,0.9838887060035754,,0.7935094773118897,0.9282303256720539,,5886ace53044086e84b2f4b85a962b8fc5d0e5df0f398df5bff81f0cefcdd458,02c16b4cc608d35f80fa4005304b2eb74c5fe0118ed6a9e69a447f8a392ee621,25d0e9229e462eae6b39cde2e2bcfc5ac2ba5aeccf51e09e48461628f83fa6b4
winter-town-cab-view/0186,winter-town-cab-view,train,0,3921,0,2069679,0,3921,0.0,0.0,,,0.9426724743571729,0.8842469206943744,0.0,0.5958489478235803,,0.8561118628777628,0.4831981460023175,0.7761573614146632,0.7887615593368574,,0.7032504448205529,,0.0,0.8187679378910202,0.9351465999020399,0.9890914328209801,,0.7267436957071772,0.9445844043826913,,7b53cc55f0bba2e1833ae405668e09335397f1631bd62e9570846377941ee427,08d83649e29f837a10e16cfb3566001c6a2b63ac1223b3dbe22e3520c2558d42,538f8c78848b81c015494a6dea123af16c576fbd25f706a28c3be7e98d2cbe7a
winter-town-cab-view/0188,winter-town-cab-view,train,0,0,0,2071713,0,0,,,,0.0,0.8503081890226005,0.9809217882052284,0.0,0.0,,,0.8267598065556152,0.8909586124851293,0.9126517151102093,,0.7544222807677832,,,0.0,0.9550514544966259,0.9954934625688444,,0.8407079646017699,0.913074146612338,,93065b17ef536461211968f71d3b394d46cb55404435af01f1702cc875cdc85c,21220ea9d1dcae3c1fb53dbcdcfa8ec5f2d0d48d4fb3c882b2fc13ebf6880d2c,1604767a9efc4df0b23f185c25519093678b47e6c1e581a44fa585013debf0bd
winter-town-cab-view/0189,winter-town-cab-view,train,0,0,0,2073600,0,0,,,,,0.9055944055944056,0.9632268403999582,,0.871832864128019,,0.0,0.8132641719155242,0.8951453570420548,0.8886542325154636,,0.6322073744122741,,,0.0,0.9744290656388481,0.9961206395797703,,0.7786640883087583,0.9534102180703806,,06118b62db2d8b18889a7d9354ef0877b3f5042e249ab6f22e11ad80c9f3242a,db98ccf750fad56a37d5f1801491eb4450766aa87b85bdebed63fbf39363aab5,305397b0680c87b96de83a412f1a860124ea6728da0bb429689281b93247de47
winter-town-cab-view/0190,winter-town-cab-view,train,0,0,0,2073600,0,0,,,,0.0,0.9541133009544883,0.9702751225192877,0.0,0.7126680820948337,,0.40308747855917665,0.8356965524301911,0.8599291595749574,0.9094775518421583,,0.8594899099841149,0.8236397748592871,,0.863059016952211,0.8386826296461398,0.9823098564575373,,0.8716700819672131,0.946946576929492,,55cf7c8129b7d290a98190185ebf3f9c9c1bcfda8b3256a472c4c639eff7e307,3723a2fa07fa1e444728f5b97c5e1abb879dd27258f29d287ce29622eb296f01,227d10293b59d4812d785d68aff8c64914694fa96192fcdd007608efe3e5ace1
winter-town-cab-view/0191,winter-town-cab-view,train,0,499,0,2055812,0,499,0.0,0.0,,,,0.9481444287214132,,,,0.7878115397746671,0.9113150469368929,0.4811411992263056,0.7775983402685276,0.8878063182757603,0.8442030642579464,0.9315811874866993,0.0,0.07020250723240115,0.9405788263888438,0.9829644763921616,0.7690110674759014,0.732092142631745,0.7858560987662884,,fddfb8962d8961d625bea817fe5552ec2c1d016f4d6cc0fec53b8171c0f10c1d,d2f01638f8e68cfcba5c60ea363c59798551ee7d037ed50a9aa578dd2fb4cb78,b193e71734105e54c72d1eaa6d7ee6bddeb3de00d4e841d9896c7db886e2841e
winter-town-cab-view/0192,winter-town-cab-view,train,0,0,0,2073600,0,0,,,,0.0,0.9153338354525719,0.9688186611981837,,0.6883823779554346,,,0.8945250689452506,0.9181641384675223,0.8879366913033057,,0.24510932105868816,0.0,,0.8844662115782248,0.8536162387392631,0.9908203287103344,,0.7645873562253379,0.9459321466927235,,754211da40dd122ce82a710c71d8d2d60c6a74f3695406c8e58832fa940cea1a,cfb371e8c8bd13f21d3db1d5a4cf7a892f9a2b329deaf4b3848864894800aed3,2a48e819bb1654c2f1e46d387f23e4daa0e51b25eab2789bc7b6127748151865
winter-town-cab-view/0194,winter-town-cab-view,train,0,1087,0,2064495,0,1087,0.0,0.0,,0.0,,0.0,0.0,,,,0.868343632217588,0.8653846153846154,0.590515275877793,0.8762457923569401,0.7295286528229035,,0.0,0.6347877488177719,0.9102452747609744,0.9879220325868199,0.6550193326650436,0.5860191949577425,0.5278231496130329,,86bec697fc86a9152f90aa11441db7d66b5f096dac9422d72d66e592861f8801,ea751052eaed16e461703bfba2c8c200e9c8131633cf64766ef9163dd3489c13,7567e304774fb3f226bc407b2fa78dec44945ecdce05aaeaf1e445cf16717212
winter-town-cab-view/0195,winter-town-cab-view,train,0,862,0,2067702,0,862,0.0,0.0,,0.0,0.9405045216563541,0.0,,0.8423390081421169,0.9127629263387246,0.0,0.8041135016433912,0.6784096504185131,0.819336999214454,0.7051956593225912,0.590117464323852,0.8368048099634958,0.0,0.6067839195979899,0.8897729226084607,0.9760092949441431,0.30597198328827724,0.5635833774884565,0.6290524672398538,,b011832e15f90292721c197db21ac1d902b6875259288cfca2f254319ca7f8a5,0a45ba6ece7b7c7ebb7ae6157bc737c892166881a058b9be199973dab69d56fe,59bc646cd6b04fb4ca575b592b1ad9488b53e3625f232958ab6bf156d33f8059
winter-town-cab-view/0196,winter-town-cab-view,train,0,0,0,2073600,0,0,,,,0.0,0.9243233391050761,0.9578066559283628,,0.0,,0.6624888093106536,0.7995958429561201,0.7666176584384431,0.8016381977454037,0.7002022244691608,0.4455106888361045,0.8318936877076412,,0.8978118558522027,0.9211257309941521,0.9698427433744075,0.291005291005291,0.6678781585323641,0.9515119478116703,,6642757595beb9bad0e29bd2abf92ae99ddffef5f2d5a4fe2af3140090621eb3,971c348d7203741a3df3355f28bb6b24e8ba5a9b8d393d99c2d3149c46519a06,327ca61f49de50eef82c9dbfc8cf9efddf735162f7a02aecdfa6c861939d3b6d
winter-town-cab-view/0198,winter-town-cab-view,train,0,0,0,2070318,0,0,,,,,,0.943528425684613,,0.8429341457698617,0.9903548366196575,0.8034262485481998,0.7797632728108481,0.9436036493327812,0.8358019570044655,0.0,0.5425929907546764,0.9267639576917928,,0.8888310099992073,0.7948358998289003,0.9913188195452346,,0.6089278686681284,0.946902400666413,,cc5f67af19f67c1a6ec338148aac18a59457131b40eefe18cb47d42221300216,0dbb68073d6882c06ad4b479071c7b4b7db0f0406be6f2c0cc90a390d0a77a66,a55bfdd4a131c34162410f260a4e7fece35f213727180d4d78a37113a4ac7565
winter-town-cab-view/0199,winter-town-cab-view,train,0,0,0,2073600,0,0,,,,0.8520599250936329,0.822688004531936,0.9719780058219883,,0.8565203130125111,,0.0,0.7750252780586451,0.7172816414441988,0.9084277784521668,,0.6796934243310584,,,0.8929606792500246,0.9425277566539924,0.9860182558192442,,0.7912808641975309,0.9019260123911287,,bf2591468b8c776a8775aaf5f6535f7fa792b9c0ee28c52f9e87b591efe4c9b3,073cab9e51ecddedc95299e84dc6d995120a0ac8b5b993f541211aadeb7f8e1b,24bbdc0f9b1376f30c939edf30519552e36ebb43ba9c3a6e9ac19daa9e599c6c
