key,group,split,tp,fp,fn,tn,support,predicted_pixels,iou,precision,recall,iou:person,iou:truck,iou:rail-track,iou:vegetation-overgrowth,iou:car,iou:on-rails,iou:traffic-sign,iou:road,iou:sidewalk,iou:construction,iou:tram-track,iou:pole,iou:traffic-light,iou:mud-pumping,iou:fence,iou:terrain,iou:sky,iou:rail-embedded,iou:rail-raised,iou:trackbed,iou:standing-water,image_sha256,mask_decoded_sha256,prediction_sha256
evening-water-cab-view/0289,evening-water-cab-view,train,0,5176,0,2068424,0,5176,0.0,0.0,,,,0.7986352749785349,,0.9292380305359889,,0.0,0.16684020334415386,0.9759109595248099,0.547588400090861,0.0,0.4807816632383191,,0.0,0.7180205773955773,0.8607909186494801,0.9880292242237315,0.22857142857142856,0.5379051701044736,0.7931281530791964,0.0029555740278932297,61b19d029c6cc48d744189fd60f15317991db02db7ea86e03c8dd7f235cb5126,736818a0449d28bdb2d8778a1660ca515a3168050b25ed1a01d88dae3bd752a8,8846887be10bc6c974177fb2629fad0d2a56c8982fe88e35dc06f7e2cad0a9ce
evening-water-cab-view/0290,evening-water-cab-view,train,0,1474,0,2068204,0,1474,0.0,0.0,,0.0,,0.45529731761792086,0.20573147001592074,,,0.6179245283018868,0.39392942878753,0.9555933155040707,0.6427271288382399,0.2276811282932417,0.7327586206896551,,0.0,0.8428769017980636,0.9096350386808122,0.9924101111573387,0.21368236816071837,0.4406779661016949,0.6562998539018288,0.0,bc87c6029c376bb13438534dc5403cc400260f97f586d1d6581f3e6c7f911c08,13322ec6a2aacce02132ed5e7696c28c5ee8042d56819195ed30830659e51b22,ad411773746a0d02691d5598c0b595c6fa018e087d800253926a9e775b1d7215
evening-water-cab-view/0291,evening-water-cab-view,train,0,0,0,2073600,0,0,,,,,,0.8056404338189973,0.0,0.0,,0.5891640866873065,,,0.7603501417827642,,0.5223865779807406,0.0,,0.4595238095238095,0.927196944690065,0.9931818910422626,,0.7904575975389713,0.8188764630621239,0.10215053763440861,98c179d6033fbdd1ac8781f30103871dbd923fb986a02c3839d44f86da4740de,bb2a9920140cf227658a598969afef5c7ce53e7b98b5a3c4c066546ea5130d17,3f53bb9405022b104998fe85b757137b8f78d3d6193edab0872ef3fbc2b3905a
evening-water-cab-view/0293,evening-water-cab-view,train,0,0,0,2073600,0,0,,,,,,0.9754108897254614,,,,,,,,,,,,,0.9693493284048642,0.9721668829410831,,0.7819600445854411,0.7199549203913294,0.2544151781209002,6077aba4a4bb99250442da395b3d3240725c2e1e0aef293eb44333393c53dc7c,f911421065662a54b5c3274a87ea67b0c0aab217d8246dfafdb1abfc6d028d20,4647a2fe6d19e96757156ca993d054cc2d5fbc0f12697927a8b0fa76207312e3
evening-water-cab-view/0294,evening-water-cab-view,train,0,0,0,2073600,0,0,,,,,,0.9783991228070176,,,,,,,,,,,,,0.9799977552117485,0.9829769397819379,,0.7962579832688675,0.8637500142711985,0.5192177602853453,fc99bfd711df81411031982d6c1af485a0d5de1a6bc8031d66c08fe78aaaf437,4658d8f7532c6505af3946da32505699e8955aca2113d5cdeb27eec1d16f2745,75a92021435001f75da641f3cf0f41fbaaf4ac44fbc96634def812330f8a3b68
evening-water-cab-view/0296,evening-water-cab-view,train,0,0,0,2073600,0,0,,,,,,0.9780923121936946,,,,,,,,,,,,,0.9756303398994046,0.9857120003894988,,0.8059660894006709,0.7816441662111571,0.3959614967069552,ccabc9bad6992ae81dbcf31b87e948651539d5fb18383056159cb4158d7aa1e0,60379d256d614ea088a2828671715ec0c44a063f5021ec187a15947d9abddccf,8d6160b91c2bf46e79ff8e95deaa9eca0b587508497db3f9066f9488677e5fed
flooded-road-crossing/0272,flooded-road-crossing,train,0,16564,0,2057036,0,16564,0.0,0.0,,,,,,0.9675985064360814,,,0.7937736734114283,0.0,0.6814625058220773,,0.06091370558375635,,0.0,0.0,0.9268065387472195,0.985592583312453,,0.0,,0.9351028992098119,1a64c22d40183eaa53211aeb2ab21c5cbf2a328ca7b2d6716a58fff64bb7291d,10ed04abff1db423799ac73be0144d2a9d4c342000410521dac7c27615a1210d,5dfe7948a08742960da6c7a0fb09bdf55c48dc934f8d17cbd3fc48aebc28a3e2
flooded-road-crossing/0274,flooded-road-crossing,train,0,1518,0,2072082,0,1518,0.0,0.0,,,,,,,,,0.8964704870048468,,0.0,,0.0,,0.0,0.0,0.6254075133142456,,,0.0,0.0,0.939027165754685,5eac815d6dcafeaed42ca25116f35fe30e4598159ae3b155d664bf6b7378427a,7172a732328236e294af3f1eef4ebca9041023ad99ef10d8086e8fd60928f87b,474112ea3d25841cd5707e8cc8151d8bd9c13ee71bbf5193115dc618fa372a19
flooded-station-platform/0298,flooded-station-platform,train,0,0,0,2073600,0,0,,,,0.7253061035900753,,0.6478379543169085,,,0.7635511179070152,,0.0,0.936813353271789,0.887611587297642,0.0,0.0,,,,,,0.0,0.7638770967667914,0.0,0.8479070225549099,f0194c9f5092ef4a9f5211064d986408ef94a7c44752b254cf2a6cb67600d64a,5722f0e4963bd2152bf42d5232dc39a50a7a848f6c12b1004b0789f34038d48b,729dfb274199bcd0f6fbe3caf06017e9e854ade0eedf2c7b786f1ed9b07a0291
flooded-station-platform/0299,flooded-station-platform,train,0,11736,0,2061864,0,11736,0.0,0.0,,,,0.8461650004115017,,,,,,0.9845423999467714,0.9386015457870402,,,,0.0,,,,,0.8800252260574515,0.0,0.925964559312853,2e8151e2e6b02fcc2163c50aa86d9e5e0134c8e81d7ed74c33832a121b91dcaf,6af42e253b81ce9497cf93cd0a68c78ba94d0412ca46ce0bdf9850dfc84f3d38,617742072e024d990468309ed72d0c41b061e5f24d28e4d8a46a5dc940ec2a4a
flooded-station-platform/0300,flooded-station-platform,train,0,0,0,2073600,0,0,,,,0.0,,0.8593798477907761,,,,,,0.0,0.924162875674377,,,,,,,,,0.8876867151039204,0.0,0.9292046129005495,aa5009748eb469829d461d7b4e9a1e63aced662acde1baab34479670671c9cfc,75ede15bd1fb51823b565832643d1df6ed5185b2a03eb179228324c3aed39bb0,74de770fc1e04329bde10163fb079aef9c4c684d3d2f77b57d123f150c54da6d
flooded-station-platform/0301,flooded-station-platform,train,0,0,0,2073600,0,0,,,,,,0.7654542599736046,,,,,,0.0,0.9885180995475114,,,,,,0.0,,,0.8022159886188935,0.0,0.9128331344370901,b6bfd2eb1a154fe26098279bca8d8165e5aa045fad56b687663d941cba56bfda,47d991bcaec17e2c3c48231acaa869c7cfe0fc1945cdd8af78fe916b1e1bd398,08327b3937c071599acbc4f408d33f44a2c380467ed6fc2f28f901d7efcddfb1
flooded-station-platform/0302,flooded-station-platform,train,0,0,0,2073600,0,0,,,,,,0.8842498158712722,,,,,,0.19756915339480302,0.9912393990696496,,,,,,,,,0.8722250239958353,0.0,0.9481964877213728,0758d8245392d38d69bb520d6aa46dd39d38ccdfa9c8011ae15e78d2a3d0dfae,eece741854c6faf5705694b7fe66da45777daa6a2c5a7a957f51d43f01e66a89,5cb774f3c0e8d6e07a6a8059fe09cdf51cc1dccf99f3f1930a873dc6e5d2ba1d
flooded-station-platform/0303,flooded-station-platform,train,0,13226,0,2060374,0,13226,0.0,0.0,,0.0,,0.9349372835998834,0.0,,0.32975491188981165,0.2174771661318193,0.0,0.9061193660367167,0.8268027580770824,,0.4121091893946593,0.415889924545051,0.0,0.45252445964508986,0.6985284633874655,0.2725808710264669,,0.8369628872999659,0.7964033241266867,0.877252766456399,e62cac97ea08c225e113869af1e24539312d59ae8b1ea981d8625c7d8c85968b,9f41da0deb75457d49e7d121daf10240080a8bd5972f436a7e0a7b9717ecb8fb,0dce918b55dd9d18eb26b5d5652cdc2220e168ff060a2b119cb61f1e66bc609c
flooded-stone-bridge/0270,flooded-stone-bridge,train,0,428,0,589396,0,428,0.0,0.0,,,,0.0,0.9658098805474629,,,,,0.0,,,,,0.0,,0.0,0.7628755364806867,,0.7720690931229184,0.6137339055793991,0.9322411562582446,d8aff7595858cbf04c9e2b85dc09bc865c9a2ad58b92c41e823fb4a084f4bada,cc93b0303a5e58646273e1c337552e9b819a34fb83f9540d2148d3bcbe375c9e,a8021bcce41001cdf19fa0f1183e2fdaba3f0668510ebb831873e7f1636bd25c
flooded-stone-bridge/0271,flooded-stone-bridge,train,0,3091,0,695277,0,3091,0.0,0.0,,,,,0.0,,,,,,0.8340524376710025,,0.07468184862692566,,0.0,,0.7190288044863625,0.9773875277345041,,0.5520954598370198,,0.8106718883857545,f5180763e414fb42a131798a9a989ba50a68fa194643d48809aba9a9130498ed,deb97cc444c8d1373bf880da820dc45e4746303470e336a4c48ca969c057ecb6,1c64a15317b2949883fe9e7e2470f91b2c246fca5e42be10f4b988c452dc1af7
flooded-stone-bridge/0310,flooded-stone-bridge,train,0,2557,0,918684,0,2557,0.0,0.0,,,,0.1737753682291417,0.0,0.9130602782071098,,0.6277356902356902,0.13752682846293546,0.0,0.8782250415502824,,0.5173538622129437,0.05762081784386617,0.0,0.6769343924683731,0.8799655775476779,0.8835662886636778,,0.8364711221223309,0.6469846819080914,0.7684394640104352,244d2e5e9d27aab38bd91e338efee542e9ef1b32b81f5b1d04e493988fd9fb15,42ef6482e36a3fc9d3fefaf6ee832e646e4a322238c9ee94517cf29cccb2a2fe,dc0256cc6d32d02620006385b6ad9479239e29bde6dc371a052bc737b5b6e536
flooded-stone-bridge/0311,flooded-stone-bridge,train,0,0,0,921600,0,0,,,,,,0.25503663003663,,0.0,,0.5789473684210527,,0.0,0.9675930615181241,,0.4946983546617916,0.27598566308243727,,0.2896789406856521,0.6778472522477578,0.9107099292510369,,0.5951534616841991,0.267182320441989,0.8135559633922529,3ec9872d416c77c2223a85177374f753b9fa22546177d378a402366f3a00fac8,6561271ce4c565a4c37ee75a811cabfb1e535cadc0ff4b3b0a20a98020fff530,085884f2a1013ae5d7d032acec5ea8cc36c6829c82d363796d6e91e0dd502c22
flooded-trackside-woodland/0306,flooded-trackside-woodland,train,0,0,0,2065299,0,0,,,,,,0.680488357655962,0.0,,,,,,,,,,,,0.9783387453721897,,,0.9042779918420347,0.954842341233503,0.8318240148143335,0021b7212f209be14d804f00cbd09a05f058de3d7582bd9ccb3bb068575fac81,8de09c6caae8edb989f229fdf3de804a969a3c4d11baa415faf551b9c1f5cd1a,dd8455865db29d242a1da26122e1d04631d0033c94df56d4af1339d1f8a2379b
flooded-trackside-woodland/0307,flooded-trackside-woodland,train,0,0,0,2073600,0,0,,,,,,,,,,,,,,,,,,0.00244120273891039,0.9291343776736566,,,0.9426502594147438,0.0,0.9142360585467727,05638be2766fc4b1131b1244aba691384afbe16930ecba0b0faf7738dcf28e31,8965ae7b242b8b889a19b35409caf90d8ce9f841d962398bb5984a9bf7e3e501,8086d1777e08af65ceb55404e620bb2ef108ac0889afb1ca90c61d92622ae4a4
flooded-trackside-woodland/0308,flooded-trackside-woodland,train,0,2722,0,2070878,0,2722,0.0,0.0,,,,0.2684821849003296,,,,,,0.0,,,,,0.0,,0.9766152721825789,,,0.9054476001441832,0.8066841626482261,0.8014310691838042,0020a0a56903de99cf38302e93fdee20ec756bd51a40b2edf7884183de063666,0ae12b44425bb812368f8178ac0aef7e325786d592a022eefc8bec3277618389,bbfa3e2c3671d16f54c14b73264124b623f9e5decd7ff35844232c79bd5dceae
flooded-trackside-woodland/0309,flooded-trackside-woodland,train,0,0,0,2073600,0,0,,,,,,0.0,0.0,,,,,,,,,,,,0.977055467515654,,,0.9368366562062219,0.36876223867514596,0.7560813013845574,b0aed51ac2b31233ca1f0b25b0f75d6ad53e8afd209b956cbf317def34ebd785,0da5d8691c2ef3a4af99cd06382ed6b5e9acdc9dcff28e445e132c1371c91740,6f6c128ef3895cb3147aa831d34f67d6c19908ffe95c1d3386cfe152902b939c
green-roadside-cab-view/0174,green-roadside-cab-view,train,0,0,0,2066931,0,0,,,,,,0.9685501407009466,,,,,0.9348007452932506,,0.7287047255944618,,0.5997359836512953,,,0.4109989373007439,0.9543307683560138,0.9829105982175855,,0.799148881294732,0.9120267761714576,,ac8756b81048f48af6d2c3fee710b8b43f34a4e658cde8c09bb9f690902790e5,b77c97dcd4fb55499f6f8e29e571ffe8b252988a1383fbbbc8633d7e7d35146a,671a6fe0c96076c78a105d85d50a7099e8305a1ab8c140e688e2184ef0087647
green-roadside-cab-view/0200,green-roadside-cab-view,train,0,0,0,2068241,0,0,,,,,,0.5744853381646041,0.0,,,0.8093023255813954,0.8639723950436555,,,0.9381611360672366,0.7118362124120281,,,,0.9688011775186892,0.9882392388453987,0.6910323127193513,0.6689843337440592,0.0,,647d89550b9094d69144e9eb687405a9b548e981193dfb8682ee2e38bdb37aa6,ec9c895b7bfc0e04c27e3fbfa6d40129a216d6b93b9c0d141f0a7cac2f4cfb82,376af216e997faf8a8eadd41a4445db9b6183f03223313ee15bc0ef36ee78a59
green-roadside-cab-view/0201,green-roadside-cab-view,train,0,4,0,1982773,0,4,0.0,0.0,,,,0.937483643025386,0.0,,,0.0,0.7548845470692718,0.0,0.0,0.837188105275151,0.7046842307528075,,0.0,,0.9744246643305557,0.9890425337351602,0.5662547933532168,0.7484905830404613,0.794838831796708,,cec5a4a2267098df2b64c119ce4e99aacc9014722b05125b92bd8da623cddee4,79b14e0ec0f662a0b7defa39504fefcd6253e1a53dbd690216307f9800fec399,21f6d1d25d8ccd6a204b2b86c7a53158abfceb81f226d955d1329c66ee42e00b
green-roadside-cab-view/0203,green-roadside-cab-view,train,0,0,0,2067934,0,0,,,,,0.9206379769583775,0.97784059699093,,0.9061284046692607,,0.7672064777327935,0.6919082812203904,,0.4966278036283787,,0.4197633381772888,,,0.8705390105833128,0.9703508353343114,0.9913006569510423,,0.7204697986577181,0.8717810536655911,,18638926136c9e885bad8a5394a86973d90d5ed5638573e5985654dec64db548,02d5c3cbcfb22b2c4080b9d7ba8d170adf3ed46933f9dc0d14cd85562a56b0ef,0df87aae15e1a67744c48af11e4a41c590c2ee69da8b3e1111d02e98c4038c8a
green-roadside-cab-view/0204,green-roadside-cab-view,train,0,0,0,2067934,0,0,,,,,0.9197523743607491,0.9738954726667031,,,0.0,,0.6021587180828301,0.0,0.4897959183673469,,0.0,,,0.5840299701140717,0.9426937426828066,0.9951874598954992,,0.685600773112853,0.9138781238331896,,cb34ab4d9a1966c9d974500a92359ca204a93a0c8283bcc59a5f16456005f1dc,394bb5dc28c3d0b30d2087556ad26a909667e7937eb766dc4284b1cb12445c2d,8ad2ee527998cf57743478946aafed3c952cc0d1de678b78322aa7cf1ef298f2
green-roadside-cab-view/0205,green-roadside-cab-view,train,0,0,0,2067934,0,0,,,,,0.9351858332750053,0.9759146301641828,,,,0.4090909090909091,0.8365844351163887,,0.026862645717181957,,0.3224665150366439,,,0.0,0.9810155669080994,0.9891157411107351,,0.7219007539891286,0.9361128059114636,,84c3ad934ba556452a390cf9a7615f786d7bada1f0ce3bec466c1ccd2a89b441,95e37b185a66109b9fa6014f770ed4e160ff0b041a57284a73413e84b110572c,552fe2a4d97e0005bc42c41ad050b7cfb6acca92ffd10fd4c23a59b30ab3fada
green-roadside-cab-view/0206,green-roadside-cab-view,train,0,0,0,2073600,0,0,,,,,0.9482414203308419,0.9707586732748761,,0.4139344262295082,,,0.7679443426351655,0.0,0.8201135918527223,,0.7876987628178734,,,0.6979012710611883,0.97475209878972,0.9841171923634633,,0.7180969686957959,0.9137647177694964,,326099a1d7068b475af019e6dcf936e26aa1a539954a3f0fa5df1a5ff8428999,5e5fc2a4b032976fc815abe170cc8547f7fe1cada392142df6cda57eff6e1c5a,7e929071cb42938359c6d84ab960cae56aa4b3d5eaf6291e33d44af8095ea250
green-roadside-cab-view/0207,green-roadside-cab-view,train,0,0,0,2067934,0,0,,,,,0.8914863242594335,0.9820155478489564,,0.0,,0.6300543150271575,0.8324399561702254,,0.5044411547002221,,0.6687596801875341,,,0.6111256606828246,0.9582888046355722,0.990166705077975,,0.7808040446872706,0.9264854610003278,,0a69c574d773bd2b02269bec42203fa65c198e4f1f50743335704b45db4b879d,0eddcd0c9c23c948c80539aa5593c3fbc7649e64694a60c1e458201173d047ca,2bcb60ab4a5087255ecd80599f61dd0ae15aa5853e376c6c266ea96c26c0e6f6
green-roadside-cab-view/0208,green-roadside-cab-view,train,0,0,0,2067934,0,0,,,,,0.8596275833844894,0.9781228700870007,,0.0,0.0,,0.0,,,,0.6824860417278872,,,,0.9848560780947608,0.9846367596364319,,0.8123339011925043,0.9286962859977458,,3b8efe8aa3a6e136add1665ab904a06b78b874796e0c18912f3ee9f3ff74d366,f449b48b1e1888c6196e82bb26e0b4f7d76a050cbbdb529983c5bd83577aa7c1,6f5c23fdb35d576ea74630f2ca9fc10bde05d673df148972916097c7effdf0e2
green-roadside-cab-view/0209,green-roadside-cab-view,train,0,0,0,2067934,0,0,,,,,,0.8958320755096701,,,0.9580270989401712,0.9215358931552587,0.0,,0.0,,0.6144918636782315,0.5059167050868296,,0.7185381101226256,0.94763280231857,0.984092030371948,,0.5655767058758712,0.8791284591372666,0.0,ee956750d1fd8c7676cd76b8db71bf93b9cbcedf8b4aaf4e538041ef501ade04,9215974802ff1c3a3f4ba3b5a8c526785e3e134127875b97fb97ab0f1013f765,196b2c5c85e2d9d4a37d9d668f0e188a2873f76ec4a3359eec363323cea5b10c
green-roadside-cab-view/0211,green-roadside-cab-view,train,0,0,0,2073600,0,0,,,,,0.8164479882350237,0.7465179920761345,0.1777583187390543,0.37689205774063467,,0.7088122605363985,0.8175825485755156,0.21253793982088656,0.5107493775267061,0.7205183071802187,0.651862422796263,0.37300103842159915,,0.5398664136248243,0.8309709367602077,0.986061813479431,0.7938802958977808,0.5810613437195715,0.7881812737073268,,41f0cad9cf8e4e11e5a870a293f740a7bce70a66b0bf5b0e86c9dd1fa6396f5c,bac45ffaf5fd576f297c552e8ea5f461765b12c5c76eae223bb8742621fb0cb5,9ce059a987fd457f08ce411f529c21df7edc161c1e0757ae59094ac9257e6f62
green-roadside-cab-view/0212,green-roadside-cab-view,train,0,0,0,2053761,0,0,,,,0.7702377666495801,0.0,0.9191023448787794,0.0,0.4669572387795971,,0.8455163620909477,0.825902183556077,0.656633934688285,0.7400040336812383,0.8154604472228901,0.5754431077233906,0.7692050953996774,,0.7237376244852662,0.7586983142700815,0.9809100200162264,0.5624289288151012,0.7804797170332707,0.898325707899069,,19490f9f31865422ef3257bbecd836b58a75e1200af558b47627240cfc9e49e9,586eda51ce95b9ec0c0e71fcb2377dc00b0f62e5a969c354b927925e1f153106,bccef4ca7a4d77dc6d32dfd0a97cf702ec981db996035620c9378e9a406cffca
green-water-cab-view/0263,green-water-cab-view,train,0,1188,0,2072412,0,1188,0.0,0.0,,,,0.9242059531497681,0.6965746571714437,0.0,,0.17445482866043613,0.7279762903315998,0.0,0.8078338872806547,,0.675946275946276,,0.0,0.16681859617137648,0.9437071552109155,0.996755919559231,,0.8407350689127105,0.8539466947457905,0.08055916602562402,d38268ad352c084c45d9c129d86eed80ec34068717620fc1685f07a6cefd1468,82d378a75617dcc00963a8461696510c838eaa15eae06a60adbfb38dac5fc22e,425a404f44125fcc1f3c269b9840f20521a8c251ef7af471d46feac832002002
green-water-cab-view/0264,green-water-cab-view,train,0,38,0,2073562,0,38,0.0,0.0,,,,0.9461345597981443,,,,,,,0.38168498168498166,,0.959315650550441,,0.0,0.3704140370344684,0.9376310291223366,0.9834412214720578,,0.659807073954984,0.8593535995969837,0.03331781605373412,7ac26e3576a11b28c401290cbed89e663ce03d2ae23dcbd062e1ece5d3ba81a1,02043cebe3ca604a9e183ed93d8ba19b67cc40728745e1bc464f5679decd5bfa,0870915dba45b6b9223a4e414c473534b7a75b9741289f8d986ac7cfe93ab2b6
green-water-cab-view/0266,green-water-cab-view,train,0,1263,0,2072337,0,1263,0.0,0.0,,,,0.880976076555024,0.6031584309730005,,,,,,,,,,0.0,,0.972429206897937,0.9286740590348275,,0.8460726621466036,0.7741201626036474,0.385129659643436,1b57cba93cf3601d156721ce3f759bba69f41268fe5b975191c86fbff322be98,705e31e2edbf1c6b10421dbad0215010633600952f721fe64f10d5852d401b2f,8f5b273c04f38aebfcd4e1242eef1b236a731e75d221c7f50c0bef8268d0d41c
miscellaneous-flood-stills/0275,miscellaneous-flood-stills,train,0,0,0,249696,0,0,,,,,0.0,0.568645117693434,0.037698412698412696,0.04956896551724138,0.9445106114307853,0.0,0.0,0.0,0.7675788015240734,0.0,0.013201320132013201,,,,0.7609291888297872,0.982522173804633,,0.5225988700564972,0.5392714201952736,0.19027234181343772,61c2965c3c11954382ff9e9e06c34ffa4996a9a48b46aa7f5490049b85765bca,03276c63c9cd09da59f8409c41b9a381d944818e83aef5664981f7567f9a3c45,1f8de7b78d831263168e040200eefc030a5551be0c9243f828edfd5907a929df
miscellaneous-flood-stills/0276,miscellaneous-flood-stills,train,0,0,0,920880,0,0,,,,0.5650820012455885,,,,,,,,,0.0,,0.0,,,,0.9057892475324992,0.9853000630690364,,0.7572643398890239,,0.911530161633773,85d7d06fc795f58f6e51ed5e91c5d5d8ab1f41194ab44f3471da41bdadf45973,3a0cbbff7cd33ff9ac48f3908c9fd4d2bc5716978ff64051e9719dd6e833b22b,fbe2dd66da652f6b4e5620a0d94991b395717b718a57276231e9500c7e9e0896
miscellaneous-flood-stills/0313,miscellaneous-flood-stills,train,0,34731,0,2038869,0,34731,0.0,0.0,,,,0.5927187582903038,0.15350071814264676,,0.8652063475119665,,,0.0,,0.0,,,0.0,,0.008667685382121544,,,0.8525777448906758,0.7094780338290385,0.47953142639318547,74272d0a74c881e4e18e9bf6000c065a51519bf7c05acb3c8e912f075c3b5ddf,f1ae22903da80e5f5b78fafd97ac79433e9f7660531a8540fb329a6830166ff3,17dc5c535ac5135c59bf9f3c1074dda18c7c1802e21aa181bb8ecccaaaa5449f
miscellaneous-mud-cab-view/0173,miscellaneous-mud-cab-view,train,10904,3,35180,2027513,46084,10907,0.2365960032113177,0.9997249472815622,0.23661140525996008,0.0,,0.754956954989154,0.7252530467007136,,,0.5590969455511288,0.0,0.9053459959680358,0.0,,0.5467049277656838,,0.2365960032113177,,0.9547303604741417,0.9959489900870147,,0.6054987759574068,0.7916386167003266,,f0ca7b2f878f2a5e167e558097ca517d126cb474aa25f5b0ec0fc4d6b1e57432,32a73b79a5806d70cd7a9d80baf0d39b1f4393bcf4a3701fe9f1134962c8bece,e041038cac65f2d81743d0bbc56095fb5583df26732ef06eeb158d6ff20b61cd
miscellaneous-numbered-cab-views/0013,miscellaneous-numbered-cab-views,train,0,738,0,2088222,0,738,0.0,0.0,,,,0.9727729643213617,,,,,,,0.5786117243070885,,0.0,,0.0,0.0,0.9542359770298492,0.9707612349060127,,0.8231504571903574,0.8515649386305277,,cdc7c624979074f91663aae6c612b6f6c370af9ca88a91ba076c2bad37e6c319,0eaafc1f7d1f70cd68db2eb5151301233ef3f3cd718d66571eee6a4299eedf30,a2ffba537a61396a8946e6807213135aa6738a6f73974a42154ad2d6f87fc8a2
miscellaneous-numbered-cab-views/0014,miscellaneous-numbered-cab-views,train,0,13120,0,2075840,0,13120,0.0,0.0,,0.0,,0.9339977926246704,0.5099664774202287,,,,,,0.9246513413639199,,0.3677869372225745,,0.0,,0.9254702270969665,0.9559770720246293,,0.8287154441000595,0.7095074131086446,,00a59e617c6d81492253ece8ef06493164bef224314ee99156bc01663f8ccd38,f8150f0c2a2628f28b20b603a30b8b3829dc4ddd821458cd917236a0fc08b586,c348779e64efdf2d96f8affba986acf271f88a08638755337aac5baea228f8e5
miscellaneous-numbered-cab-views/0022,miscellaneous-numbered-cab-views,train,0,0,0,1932681,0,0,,,,0.0,,0.9200414277565969,,,,,,0.0,,,0.0,,,,0.9714052258494053,0.9768968080475359,,0.5538188951464912,0.9067366492535466,0.0,34431340589d77bf879a5d44b35f1ba4ee67944d06302e41751f49b52c7cd6bd,6f977a50f3c53a6cac0d8cbaf6af2c29627331c93869e55273dc1bb80023aff6,6c968ed03e3e7de2add91583b522a82b35db9254635296a2725ff59e95a12116
miscellaneous-numbered-cab-views/0023,miscellaneous-numbered-cab-views,train,0,1733,0,2087227,0,1733,0.0,0.0,,0.0,,0.91570640350079,0.6184292105037248,,,,,0.0,0.9427535630075503,,0.20125786163522014,,0.0,,0.9355967364470511,0.8950857435372408,,0.7780433115005606,0.7488884852600906,,4dbdaa16ac641963e653bf5fa8dce1b9b05b89b3a3d10f8da2e3c9c38deeee7e,d15d0fb83fc7bb953dbf81e78bb9d83c848fc8a15e918257ce7bdc09120426ae,f426d5dd79e119f398bec2445df27a2f520337fe43735616a8bfa623af1f3280
miscellaneous-numbered-cab-views/0024,miscellaneous-numbered-cab-views,train,0,539,0,2088421,0,539,0.0,0.0,,0.0,,0.0,0.42347974606039124,,,,,0.575364372732828,0.08776844070961717,,0.0,,0.0,0.08525286867828304,0.9765553238649676,0.9945927959404376,,0.6176790900290416,0.6436495642241312,,35db7be7064f509351e3627b33430eabc718080e493e83ad1551491d62e1f113,d8556356afb32734b38fc45466c904ce057dc08037ba8cc650edaf124dd1d86d,57cad6061dc4de69481aa6f1a7aef583731239cd19face3bffe56501d91dfad2
miscellaneous-numbered-cab-views/0031,miscellaneous-numbered-cab-views,train,0,0,0,2088960,0,0,,,,0.0,,0.5009887505074713,0.6521871638580137,,,,,,,,0.5890394012494587,,,,0.9814952333947089,0.9870361295496057,,0.8046492399669274,0.7818595520656733,,582a1052402234b092c9e8f0eb985ba78c3b1068c2ae8c12c805aadd11584b0a,7f02b5df890d74feb99bae4ac2f419b3e48fed2208d8047fd2d8b9a7d2f2cd7b,76a8d60b06c86184d19d618eadaf1747d0394d9bffba2b939397f7111e2f4660
miscellaneous-numbered-cab-views/0044,miscellaneous-numbered-cab-views,train,0,0,0,2073600,0,0,,,,0.0,,0.9336132667162751,0.9050655892214273,,,,,0.0,0.9305354836725909,,0.538395008340026,0.536663124335813,,0.0,0.9528931701779397,0.995698050490357,,0.8636706059607326,0.7732254034136631,,bb02fd705ac7b08fb3ae7c618b46f5a9da4ef32b590259233156f5fee831aacb,88341a86688a995a11401395977a1f70d09fcb7f5e90b34db64d6900ee238b02,c56d06ae479782085acfe64b6f413e072636ae42e81eca86a402f094ebd6be05
miscellaneous-numbered-cab-views/0046,miscellaneous-numbered-cab-views,train,36472,9676,1959,2025493,38431,46148,0.7581433055480491,0.7903267747247985,0.9490255262678566,,,0.940282675901834,0.21700490781270726,,,,,,0.0,,0.6187008105250793,,0.7581433055480491,,0.9838797039244365,0.983317222239546,,0.8837973283274391,0.9214738723037177,,a1bc04fa20bd623f99bbac759e22dbd90554263ca7b217cee49ddc9fedd59da2,3d2b997eec63c459421626f6856cc0913505f918106b37c1868681f35c7e3799,78713354a268a1913fc21e8cafdf0deff586f3fef71593cbcf50032c89dd22a6
miscellaneous-numbered-cab-views/0047,miscellaneous-numbered-cab-views,train,0,0,0,2073600,0,0,,,,,,0.9065697221500909,0.6979156158276768,,,0.7343561973525873,0.0,0.9445331751391804,0.40989331978663957,,0.7489636266381385,,,0.801340521287093,0.0,0.9886059453631236,,0.8015580998581677,0.902134168637106,,b74e6210f53416c45a93c3fb1a022de2cc33ed02723512634c739624b649276d,e7ddacfbff98ee0b1860229ca3eddde6d4869988720c162c8ddf46c159778cb8,967713965ff3efc4195177e919defa1c452dcde53198312cfc326a78c25cdbae
miscellaneous-numbered-cab-views/0050,miscellaneous-numbered-cab-views,train,0,2,0,8211772,0,2,0.0,0.0,,0.49141767323585506,0.09290867499560092,0.7261678036893321,0.35191761363636365,0.5941204362256994,0.8599873239241401,0.8827293894566597,0.0673466952994512,0.9130443253353191,0.607161632453069,0.0,0.5036691209867541,0.3946087607637589,0.0,0.2464512873627322,0.8450851623806546,0.9464191812209978,,0.740663087353529,0.7553473028042357,,33fc6fbed915cff715396fc229a8e0da423ed1d84e76cec2dcc2a28d124be983,d7ea88db43428e6a079bd74c9f89f6882e170699de87112e056241c2de64cecf,67b133c9970fc35cf551436b05c95e7c3e9c2de5cd0d5dbac6d9732afa32c2fc
miscellaneous-numbered-cab-views/0054,miscellaneous-numbered-cab-views,train,0,0,0,8175947,0,0,,,,0.0,,0.9437567645394156,0.5561813897350423,,,,,0.1120966508640465,0.6917985878090455,,0.7782149888729621,0.7335297832035361,,,0.9814844500086706,0.9731482690241356,,0.7789615709209755,0.9435106726570439,,ac828e814ea477c826e95def13cde08680d0a05dbe64cde8303472779d31fce8,f84064519f157a788221b468dae3b21eede54efb2623226da7f5f33407490909,dc82db4bb31e046c9be00bda613c7289db15d9c0273e3a473c47f9de325d14c7
new-unmatched-2026/0176,new-unmatched-2026,train,0,71,0,2073529,0,71,0.0,0.0,,0.272100689241834,,0.9393177282949542,,,0.9717343422741707,0.6501901140684411,,0.0,0.6436455376852728,,0.5130784708249497,0.0,0.0,,0.9542680063855761,0.9896728986261131,,0.8289409342426972,0.8919059070412029,,fdfba692303712b2119a1d725763d74b54fa20defdb3415916105955f503bd9b,a4a945408fb28a872aeb1b860b8b94abdd259836428f6aee085d01ae61280ccc,32c2ec99d194129c0b1bdda55266a431b33e2afc3f8ad2ef39836260922bb8c6
new-unmatched-2026/0177,new-unmatched-2026,train,0,228,0,2073372,0,228,0.0,0.0,,0.8623237642262612,,0.9352145903275565,,,,0.0,0.8286364140685676,0.0,0.0,,0.49572430306139903,,0.0,,0.9816247708717257,0.9950388665517902,,0.6569726699369306,0.8747895179962113,,92fdd6e752f0a8493a8a0114320f0d3adb209985cc28a17efef842ce5c887b26,d635d6076eddbb99e91c6f5abab40f42ee0cb1e7f16f8b435011ab79c2c306e8,51b9f161f030f4fc603a9b3719da91f437eae5fb5f3f4704e18f77efb7ff73e1
overcast-mountain-stations/0214,overcast-mountain-stations,train,0,0,0,2063146,0,0,,,,,0.0,0.816009128922085,0.39306059036768515,,0.6914673370549743,0.41488519398258117,0.7711655702132056,0.0,0.6209025734532344,0.8056471323821974,0.7623730789529654,0.7721433400946586,,0.1085517943497073,0.6407833201064943,0.959422477636702,0.5394040325938262,0.5375990060568411,0.6150300309305733,0.0,fcf5289b197c7f0a48d5f375c13e6c090599b238c68ce299010e0babb86cb7e7,74c09644d3b234cb7e5ae04360d0c4dae6b6442f72a289f3d7e00b434c6a276e,586185a6d4d07baa12c4635cc4972e06657994a3d427546dec51becd2201bee6
overcast-mountain-stations/0215,overcast-mountain-stations,train,0,0,0,2072972,0,0,,,,,0.4287494502272394,0.941349996828015,,0.3518857561332845,0.8948273749974479,0.0,0.0,0.06246925725528775,0.7189623840586561,,0.42934518253644816,,,0.4009293063391968,0.8407893521811507,0.9782140622712086,,0.7532516429353778,0.8789132894086079,,a4ea3527469f92f7e01c82dbad4e004af29e5a534ebe1ed94e96185736126eff,173b1546ec227c4a29c4d3625922c07d126a8b47dc212fca972e07638a79ab0b,aa63d59d656a1e4a45b0955e912be25f9c13aab8824fd31424af4c3884a4d7e5
overcast-mountain-stations/0216,overcast-mountain-stations,train,0,0,0,2068246,0,0,,,,,0.431041257367387,0.9385518910247695,0.4195258430275364,,0.8085525816968686,0.8218623481781376,0.8502216427640157,0.7071916840856449,0.740886259283227,,0.6792224937501755,,,0.0,0.9827816078009505,0.972519494926425,,0.8041524712388288,0.9388635772561333,,39f23d5418cbc5c465dddc13feda5ebb78e7eb06be8eacb3a5acb0256a95f409,582cea7ba18778754c9af1fb978db6ca3615699fa9add68d1b3f193026791d18,a51a2ff34c5e681e55fb56d4c4eb20489561816ad12356e116397979ee7336a2
overcast-mountain-stations/0217,overcast-mountain-stations,train,0,0,0,2073600,0,0,,,,0.0005875440658049354,0.5241776445531278,0.9601417099669344,,0.7089664228099793,,0.25465116279069766,0.0,0.9190448332712865,0.4876980463819446,,0.7638343172360399,0.47610294117647056,,0.8177838491124609,0.879416688855737,0.9304991329298277,,0.7255802634380799,0.9284684560994028,,014ccb7933ce4cc405469bff1fb36825df54553c505c185a5c2b9ca46750aa01,ca4552b9772cd24b48a8ad4113a2d2044d6cd2c90ed3fa87f128fad6f25b5fcf,d03118fab287054b0490a5301c7e3415c0e85025b421a05809c53d3c5ee44423
overcast-mountain-stations/0218,overcast-mountain-stations,train,0,0,0,2072180,0,0,,,,,0.956761075118193,0.9853256389117889,,0.09954751131221719,,,0.8909689328503761,0.7666542439206186,0.8407831547838936,,0.8212255645856357,,,0.6087809678869543,0.9288893735657253,0.9492877557308879,,0.8625489605302802,0.9316632873307606,,7d192a396ef667bb5f346b4419b19250547fc8d398f9ad1541087e3b71df732f,90e80f52de853dc11f80453389a3ecb34f1f22cb5b5d50d82f0e9a9b69360854,a133ef8472f329d2397eaa76ac71219cf6e5c5a62660ad81941770f5ab5b2240
overcast-mountain-stations/0219,overcast-mountain-stations,train,0,0,0,2067917,0,0,,,,,,0.9387559585007945,0.0,,,0.7029651010233534,0.9133738454530476,0.5397451282930453,0.9140030709002895,0.9423019787271971,0.5935291227274445,0.9003452243958573,,0.5241539337156867,0.9424942971529875,0.9970249900833003,0.7795823665893271,0.6978884039164799,0.9065997171414198,,217eb3ce4240bbab2cd912c73d871881db741d3f99a15000d1343139afbeb72c,d217dddc00d910958978c3b8564634dc39934156e8f5a5909546434d3ef106a2,7435e7379281eafa4c72db8a571fb3e558ef6533cd4937a8a5ee224b43ee814e
overcast-mountain-stations/0220,overcast-mountain-stations,train,0,0,0,1926737,0,0,,,,,0.0,0.9556933250671626,,0.45845845845845845,0.9568287530620543,0.7240984544934173,0.7722666666666667,0.48642403235124204,0.7228847513551733,0.0,0.7601415996938385,0.8154667272314331,,0.0,0.9587338780124351,0.9907954356110487,0.7170596393897365,0.8783584078300264,0.9161556538821671,,b998518e2d97c634c8c2c846bf7f07e5ad02688387f15d657cc9646d080b722f,5fd56feefb695330a155944520011a8468c6cfecbb0f8823735f7759291e46a5,e018592584ad04292e996e0a9589375708d100f7b0f3210e24c0b738d9c072c9
overcast-mountain-stations/0232,overcast-mountain-stations,train,0,0,0,2051970,0,0,,,,0.0,,0.9692313320894157,,,,0.5131723783664783,0.7485639086750361,0.0,0.6097568160728226,0.7699055330634278,0.5653817671590599,0.9301515772224498,,0.5565263869799507,0.9387419418326971,0.9825732599847244,0.6485148514851485,0.8708061247466786,0.8910936908384636,,77b17d1922889f7c1d3d5c9eb9eb7abb5f53399f38433a493e4e0d9f6d369bd5,9163d80ccf7bc87211d84eefed8081de6f20c1a73578962ba1efeb4df4582c35,42f2928392f562b8e75bde15a67fce04b464d9667535ac1ee6a64cd3ec7366e1
overcast-mountain-stations/0234,overcast-mountain-stations,train,0,0,0,2073600,0,0,,,,,,0.9775543854050317,,,,0.49754901960784315,0.5605978555182498,0.0,0.12885254739868812,,0.7315278055722322,0.6660175267770204,,0.6553342995777932,0.9734625848654356,0.9956223067553479,,0.8795518207282913,0.935390914709518,,709cbea54e2cf9800bbf3d0c032a4ecbdd34ac081630e119aea5e897a39808a8,5e14ed6bb456482f44ea9456ba84efbc491c809bf6bf91f148be3dc8bbc3f496,794c2ae21e279d116b6841f2b9285fb6b880e43cf431b11ac338aeeed6d36b89
overcast-mountain-stations/0235,overcast-mountain-stations,train,0,46,0,2071387,0,46,0.0,0.0,,,,0.8020417321067983,,0.520686175580222,,0.628755364806867,0.8768397235604674,0.0,0.8720602069614299,0.8807130146466106,0.7838758911957181,0.0,0.0,0.5780978618913577,0.9193897755163282,0.98152435762784,0.6939375329005089,0.7334266755950569,0.8579441018735087,,468c69f20ee4665d35f34a795d6f47eaaff96dedee7864164a769f063403427d,a6f6323515aac89998837b46a7e676cd3a75633f3314472a74cd0ad6d91d0636,82bbe2b52697398e210f62861f71bda9de2f7d4db734c233a9e96516f49418b8
overcast-mountain-stations/0236,overcast-mountain-stations,train,0,0,0,2064486,0,0,,,,0.7938813349814586,,0.9592662456600782,,,,0.42016585494274056,0.7680152818184725,0.8122175267992625,0.936681878972549,0.9343800918382462,0.6737100348211459,,,0.5374340005369448,0.8941038748350373,0.9851245323356493,0.733117157761173,0.7855475912652109,0.9255510533483532,,7d0f48496493980d7a6b226310064c37f280f0d3d8723af88c69108db233c6e9,d086edbab9f13659cd6f7730e857ea9050a4c2dfdbcbf346fa89dbbbaa3fa819,dd9ebaa846e5ff5ad8e40a13d0fd11bbd92d03fe9da31d77eb200442136d36c1
overcast-mountain-stations/0238,overcast-mountain-stations,train,0,299,0,2073301,0,299,0.0,0.0,,,0.0,0.8974352779153629,,0.0,0.9819209836158033,,0.4197483797178803,0.6802463287541449,0.8008292315196666,,0.6744335644342792,0.5665137614678899,0.0,0.9640487588333393,0.9522787689035916,0.9925823458419496,,0.7137118578601777,0.8211899519679194,0.0,38d3daf79fb1b3f1c4c8c5bf74635d5954f16b3c5be5297e9e5ac9b077259d42,994f9713200099d24deb58946cee11612e19cad501de11ba1cedfdea65a792f0,d25461b82a42d68a5c0f3c7bd46198fd8fd0a8a141807756747e9685c8aab0ac
overcast-mountain-stations/0239,overcast-mountain-stations,train,0,695,0,2036890,0,695,0.0,0.0,,0.6078380750761605,,0.9762828245337293,,,0.9578559493973028,0.46712463199214915,0.0,0.9506864878189945,0.7517906062174923,,0.7091602684823024,,0.0,0.35685793188094506,0.41592257800124516,0.9790263949261458,,0.7065737749581598,0.8229504633245043,,a48c958611d90e4471af958912e453f589b8b5533315c5d59ce81b77a46a7bfc,0821e76096f2d948662c34edd7251a3a702f4f86b5f0639ad4ebfa76dde65c39,46d9e7c0a32a187dc3e9d1347fd2d1c73f74f0aa57a1da8b5c4138573a656cb1
overcast-mountain-stations/0240,overcast-mountain-stations,train,0,848,0,2072752,0,848,0.0,0.0,,,0.0,0.95865248754369,0.0,,0.9459097551353784,0.6146703806870938,,0.0,0.8797675490326259,,0.766807573605335,0.0,0.0,0.2212467076382792,0.9249912958251613,0.8988756101558207,,0.8487310832596598,0.8589881971570513,,8b51f499144ba83986ae26ea615d1f3e8da062613143bac5e635ab5684f8c914,ec5ef1101a8496a4fe3e89c27333150b42b83b04442fe8619c079705af93439d,722bc271f95c28b662a5529825c37acdb91fbad6500164ae5343fb5726de73e6
overcast-mountain-stations/0241,overcast-mountain-stations,train,0,0,0,2054723,0,0,,,,,,0.9443938012762079,,0.0,,0.8140660592255126,0.0,0.0,0.0,,0.7476954692239945,0.7170140910678934,,0.6971538340912655,0.9032550259447094,0.9730359333837864,,0.8666680005202029,0.9603793717312221,,3625a2c4d4e9f8f3e0165e6dd90494d2791acd79e6142389e4a17e9e72601af3,7c47a95e5eb2184cb565bf52f191447540f2a51c89392876cc5789825633a0c4,d40631cf3e2dfe997680226d7e8f946c4070035e3e9a9195d792339fce35d798
overcast-mountain-stations/0242,overcast-mountain-stations,train,0,0,0,2064725,0,0,,,,,,0.9611726579424767,,,0.9232935054175458,0.0,,,0.1295029639762882,,0.6173256896467245,,,0.0,0.9437509783944835,0.9834918184578701,,0.8347925579544324,0.8793242545013945,,ded050ca71f820d730759226ffc1d2274e07ef4601f63b34c13120c7ef05161e,e5621dbb9f82929eaa32be89ffc6c20a8853dacd37119cbd4d35a1dfa0d0688f,fa1817c77d6ce8b93384ae7ab9a5d40b4923620301a58656c169915cee1b763c
overcast-mountain-stations/0312,overcast-mountain-stations,train,0,0,0,2073600,0,0,,,,,,0.9232010667400403,,,0.18317757009345795,,0.0,0.5170792803929861,0.7049418558932048,,0.7772381527018072,,,0.0,0.7642902501632277,0.8940684589748453,,0.8232694161044831,0.9066722643393266,,5443a27572d1805ca781a25437ef08d1d27ac70239d96cb52f50717ff14822c3,cd7524fe86855d1bbc00c5f9437a737976a1453fe208f62409b95b11be6f50d7,3b02028b0553ce3e81d02fb20f3f76554920ac5e97e3b003e023bbeca1a67c69
rain-water-cab-view-with-overlay/0268,rain-water-cab-view-with-overlay,train,0,5057,0,2025060,0,5057,0.0,0.0,,0.0,0.05985303941215765,0.6720241849540007,0.43718779995690416,0.333870101986044,0.0,0.0,0.35569611381714966,0.0,0.9464184809090016,,0.0,,0.0,,0.9156135108073314,0.7393693954295633,,0.6255180108383807,0.7132497406123756,0.0,7a53e1b4c0a64e0b30e58ab9db89fcf98ce95254700008d25f5394d06f97a292,8345e900712013c77bfef80c596bd05cc01ed30bfed35402897f0715e4d1e924,fb638023879965debf7541171f437604969933d3b1f9dbf49e93c35dfe4e8b0c
rain-water-cab-view-with-overlay/0278,rain-water-cab-view-with-overlay,train,0,3248,0,2036695,0,3248,0.0,0.0,,,,0.6198501872659176,0.8302157691452144,,,,,,,,0.009976525821596244,0.11333333333333333,0.0,,0.9888884444667282,0.9605670757511637,,0.8368835528014459,0.0,0.2782975524183443,ae02105bf482e4b7269f687a6bf9420a5d1fcf5bf84ca910a716df519b4a66f1,4c17fa98de07fb697cc8d6a82fe1574df38c19697060477017734daad0d5a10a,119c5ba075882f0aa993d5a8dbb3b18f3cb63a259d2ba399441a1c33f6f2c7fa
rain-water-cab-view-with-overlay/0280,rain-water-cab-view-with-overlay,train,0,0,0,2054610,0,0,,,,,,0.5725890883710109,0.6583926541602508,,,,,,,,0.0,,,,0.9818587685941944,0.9438733211739346,,0.8180069496152892,0.8665729531241035,0.0,70a05bd99cfd467ea3e055a00e478d6e1b45acfa4adb761b94f8e266417d1ae9,4098d2b5e733662dc773d0653b36d9e745e3c5c162f30a4ce5212b86cdacf470,382900699d6d1ac36794d77d9f73ace09bb156ed3870aeecf3c5bcbd365ac627
rain-water-cab-view-with-overlay/0281,rain-water-cab-view-with-overlay,train,0,0,0,2053892,0,0,,,,,,0.7963763333262365,0.7406482569526048,,,0.0,,,,,0.0,,,,0.9875551869998205,0.9528543307086614,,0.8050201961915753,0.7992948942341351,0.36527534965034963,a7da1f692dfad6e78cfde641dada58c6873c4539cb40843c04d9e3238e0235ac,180a4cd9f231f57b5bfe3c1b915a80b182b3c9c945ffae2b6a73052ffa34542e,7dca510c806fbe673c610ce712b7cc74ef99fb4ff012ef6c914f0db60fb88db7
rain-water-cab-view-with-overlay/0282,rain-water-cab-view-with-overlay,train,0,0,0,2054107,0,0,,,,,,0.7082951611559923,0.7792789392910157,,,,,,,,0.0,,,,0.9917161556338961,0.9282632012172308,,0.7100075815011372,0.8880844944711658,0.32165118193578734,f9741378f2d70f2bd7e5236fc50ad4936840f4c1561be37a810e2aba8983efab,4f089a368ddf3f66fa942730ecda1b8c4dba2186bdbe0e20b7f5508c59e7cbdb,f10177d6e273244d7217cd9e504665574fde9a7af8821bfc305353957e3a70a2
rain-water-cab-view-with-overlay/0283,rain-water-cab-view-with-overlay,train,0,147,0,2054252,0,147,0.0,0.0,,,,0.6453216739537789,0.8051191514793469,,,,,,,,0.0,,0.0,,0.9904534168468305,0.9845667030463732,,0.6615733294341278,0.12064825930372149,0.7145645279336423,50f5c438789710cc8a44142a41fc391480200cadb38493f126501909f2df6f3a,46f13aaf0c4a668162a6794df5bc56c3db17562a9dbd2555adb903b8c26c5065,7b159276fde97cc045c3d9b2e101bb22a04c02183c809122eb06da83ed0e9a4e
rain-water-cab-view-with-overlay/0284,rain-water-cab-view-with-overlay,train,0,40,0,2053788,0,40,0.0,0.0,,,,0.7286283801572079,0.4645642968575886,,,,,,,,0.0,,0.0,,0.98646987197871,0.7873194522603639,,0.7936041768640888,0.7059217022903195,0.14086968680089484,43ee426aa0b2c2ce8f85dc51fb77e1d7b14c6221bf250479b4fc3db9938e1d2f,33d82d0f364c85c4bfc46dee81a2c7dead7e1ff0c83843a6bd25d7e2d5f04119,19aea102f5aff2757b9aa43b78e66f18691d5b378c8064306ae53c33ba3fcd84
rain-water-cab-view-with-overlay/0286,rain-water-cab-view-with-overlay,train,0,0,0,2054346,0,0,,,,,,0.0,0.869839539289396,,,,,,0.0,,0.0,,,,0.9883531520698332,0.890209977830182,,0.680861980502822,0.08485794231597073,0.0,65bb9a26ed2495d66bcecef26da2702eed5d5ef32bc6393785623c77524cec64,8f671867da6e3324a8cb66c2b815994ae10ae1ec68ba48184a1306a31e8f4a2a,e5d55befaec98886b51b58360d75335feac05e57fc028e0a4577a947efb2e4fb
rural-non-electrified-cab-view/0221,rural-non-electrified-cab-view,train,0,0,0,2073600,0,0,,,,,,0.876679355127631,0.0,,,,0.0,0.9017228308361835,0.0,0.9442088536640053,0.8077350368004443,,,0.8669768133490531,0.9368248880446898,0.98612660400787,0.7848680667743673,0.32294507206856254,0.7709369623025184,,6411626e4dd88d0c532aa68480772b47bb488e0f02a7b85b9bc3a6689ed129d5,482fa66ea2bbaad879b3d94ac49dffca79303aa8f44871ff99fa139091168bce,0647d8004d44663adf10425add51dce69cbd1499e5098d633b2c2a2222929f41
rural-non-electrified-cab-view/0224,rural-non-electrified-cab-view,train,0,0,0,2073600,0,0,,,,,,0.8302887961029923,0.39794786466999443,0.830823173161208,,0.3313885647607935,0.9056169483785563,0.0,0.9265439562900264,0.6164939161784587,0.38409874750408424,,,,0.9127502186317757,0.9909708854560034,0.8246978277406812,0.6620087336244541,0.7359121708551334,,1e41ae632ab7d25f8465de2e6f35040f43e06005f63f671f9bc38bc730cc1d23,14e013ec98edb93ad9f889dde346effd08deb25dea5bb168510dc27a5de98ed7,74eeca22779ea5a5f484235b35e01dd08882fd4d6409afef944e1faae3ab55ee
rural-non-electrified-cab-view/0225,rural-non-electrified-cab-view,train,0,50,0,2073550,0,50,0.0,0.0,,0.0,0.9000080792649338,0.9649088971222657,0.32377496383891186,0.9013201633583436,,0.5633494766442744,0.8762385815563632,,0.501317812431364,0.9130296272698312,0.3976103763337806,,0.0,0.6737315568882679,0.9687305067718669,0.9901021050281144,0.6638513513513513,0.8713762316366094,0.8357804238078907,0.0,f4f88535c53b204aba9d05b638314389fa878abcf8e01baf8f954e3c487ce4fb,88dd45e7d6a1c0924c267cb9957065f544898c86db893c70cf08ed5910b47846,1797bbea1e96a41bda7af392c9bc29a94ffc2fca978b211d31b9419caf55f589
rural-non-electrified-cab-view/0226,rural-non-electrified-cab-view,train,0,0,0,2073600,0,0,,,,,,0.9639136955023846,0.5389281820469095,,,,0.8602295367174566,,,0.9630632616431023,0.6663046626122212,,,0.0,0.959627224594824,0.9980058400398832,0.7988017277413961,0.8272080046180489,0.8425182405670211,,31c04d2163a83cb2cbb97f6a65f78f6292915635dca2124764515620555e02a5,cc1a98dc433a2dffaf5c9e54f23cdc16e1248d56ecada8e23234d607d65dce93,eb073948bbf46ef5990b5a6c8472b3d4662f45ba56430f95860c7060734d923b
rural-overcast-cab-view/0002,rural-overcast-cab-view,train,17730,2398,39966,2013506,57696,20128,0.29503777415382565,0.880862480127186,0.30730033277870217,0.0,,0.7144069912609239,,,,,0.8174313809050302,,0.0,,0.7489891135303266,,0.29503777415382565,0.0,0.9307209793845407,0.9900734078013282,,0.8652097018696311,0.8765144034301124,,d6a1cdca475235fda34249ac027cadb8cfd26f48e206fe60727e06408ea9daf2,7541295884a711e816c38d561a56f88d172ad4121d1e9622385b9599b6144caf,5fe882d03c995350ec694b559e49929973fed42bf728bb5cf04f96e18500fb22
rural-overcast-cab-view/0003,rural-overcast-cab-view,train,8580,5045,17617,2042358,26197,13625,0.2746303053581717,0.6297247706422018,0.3275184181394816,,,0.8621012409054943,,,,,0.7245939928506663,,,,0.8005067567567568,,0.2746303053581717,0.0,0.9755105448190152,0.9945092213824582,,0.8607824779413851,0.8084404200594831,,04a002e5659f3d51126f61bc75400b6cef6d9688c3f19cc5a7f5110b8233bf8c,368630cafdffac3e53130c396eed24240568b6159ac269b13bcbb6d1bb7613f5,6fc56ea53d37f474fb2f9c9d3d195558e910c5b98a0bf033348d9407b3e845a2
rural-overcast-cab-view/0005,rural-overcast-cab-view,train,101578,5805,21852,1944365,123430,107383,0.7859945061322398,0.9459411638713763,0.8229603824029814,,,0.6723748088049478,,,,,,,,,0.7704812748364308,,0.7859945061322398,,0.9772826317916499,0.9848138981041422,,0.8599774308820763,0.8798423048555223,,aedc6dab3debab63ed2639dc17103ad650d4dd41a6f7227f09b5480b90de2c40,c6a48a56696dd98f5974f241bea8c622141074f956d3aea9336d15b028b45f33,74458789e8d7ba026ffa2e295b6b55683b131c6d61b3331115aead1482a7280b
rural-overcast-cab-view/0006,rural-overcast-cab-view,train,37320,4562,6599,2025119,43919,41882,0.7697861017718282,0.891074924788692,0.8497461235456181,0.0,,0.9771078699009438,,,,,,,,,0.6753103448275862,,0.7697861017718282,,0.953247674902544,0.9913674081631698,,0.861540464026553,0.798428070947743,,3db1516a2e0c1874fb0dbb51d803925befe045e5d166f68c67d2511cf052796a,940de9fc67ad22a2d27c9fd4769b827173ef23421ff12605affab481c6876f00,cdd730c96632e63646ed1543480654b32f530e14ab5e5c18a962a271ae310672
rural-overcast-cab-view/0007,rural-overcast-cab-view,train,52527,10311,22612,1988150,75139,62838,0.6147103569338794,0.8359113911964098,0.6990644006441395,,,0.7935577414543065,,,,0.0,0.0,,0.8186988171064604,,0.8299512987012987,,0.6147103569338794,,0.898460668255828,0.9889886518460849,,0.87125583108274,0.8036540565651379,,9ae138fc89678cfcd1474b9bf8cc396de8f0e6e2a43775c082e7fd324b1e9972,891237312b4d761a97244527dcaa04a9f26810693ba55afef12aee4046a931f6,05bf8a8d0f5d4ad8ac2532ed20c0100a0e0968aa2012a5f1ed5fb73596283300
rural-overcast-cab-view/0008,rural-overcast-cab-view,train,67654,9710,13611,1982625,81265,77364,0.7436548502335807,0.8744894266066905,0.8325109210607272,,,0.8854056902002108,,,,,,,,,0.6463476070528967,,0.7436548502335807,,0.9588883966712021,0.9913529372429704,,0.8117889399461258,0.782415385780268,,7bbb672efc6998e2fe07036354809c380b8c0b38f55bd9aae1815308defc4ec2,572a4409042ef311e85d6fd1234cae3c76099913c9079cb702d3f5aabee1808e,c90a447fb5ab1945266e6c75c4e991580928e18dc6562908e3f45f68d28837a1
rural-overcast-cab-view/0040,rural-overcast-cab-view,train,0,0,38082,8207487,38082,0,0.0,,0.0,,,0.841788496231982,0.0809153306737369,0.24522144522144523,,0.6975252062328139,0.4606701940035273,,0.759306323815219,,0.6630666012109311,0.6447058823529411,0.0,,0.9721248340810851,0.9928971969383955,,0.7622030960128949,0.9243669047537678,,021941b66ec27bb2fcf79d061d8aee08b9c3f292d08a9a7405a19e299c832db3,03d7ca34d25d285c9c357971931e84b25cefeed2da79cbebf813418ebcf853ae,0e458b029cc24914ab31fbf32783b4b53bc679426f50a40e24685bf68f68d54f
rural-overcast-cab-view/0041,rural-overcast-cab-view,train,0,0,0,8244623,0,0,,,,,0.0,0.9485222455562279,0.7211662457173815,0.0,,0.7382629107981221,0.0,,0.8121161685044346,,0.8332279519947472,,,0.0,0.9785722743121094,0.9879582769346452,,0.8847820133517103,0.9421925433425462,0.0,ff35eda53bd2422223f5fcafb02cea4c44b441958325638de3a11790243b67c9,5eb16e71bb124361f4f8652f27e308c52264136dbcb5306a87c2f883c5829c14,7e0830cf2b72989673e3ac29d0e09ad41f8825bc7fca1f5a26a4c070b69d9901
rural-overcast-cab-view/0107,rural-overcast-cab-view,train,10546,514,28830,2033710,39376,11060,0.2643770368513412,0.9535262206148282,0.2678281186509549,0.0,,0.7587301278244531,,,,0.4831804281345566,0.8974572500884087,0.8099238351254481,0.616891064871481,,0.5002863141820958,,0.2643770368513412,,0.9763131533149202,0.9956766386408569,,0.7881141045958796,0.9204647755983131,,215b77d9cef9cc3af93c75d0f03981fcc3de1a90d89599e881fcd4a81e39bf3b,1f2e13eacc67db4ccc1b1898b2ee9de4f5fe5b3c921e281eaf6efc3968a779ed,1696a9c958fea2ce2fed9ddf24e9e58240052b44f72ca5e97aab686d634c30f0
rural-overcast-cab-view/0108,rural-overcast-cab-view,train,77602,34206,10848,1948299,88450,111808,0.632680015653535,0.6940648254149971,0.8773544375353307,,,0.48093639246409253,,,,0.0,,,,,0.7571205956194269,,0.632680015653535,,0.9579912186456475,0.9935465108680025,,0.8637060184489649,0.8739184424573985,,c33b247dbf2b4f39cc6e562b021c46ced689391a1b60185e8afc0ac60fed379e,3675771437023b100d1903dd7728f510a010fd931101a1229e30d896793df2e6,e4a8f4e181672cd6446fb153c77d38ad82384a00c318072c444b2b492aa209cc
rural-overcast-cab-view/0109,rural-overcast-cab-view,train,52205,13431,6112,2001852,58317,65636,0.7276161007972348,0.7953714425010665,0.8951935113260284,,,0.8094808320440089,,,,,,,0.740710156895128,,0.7824844720496894,,0.7276161007972348,,0.9893245145695541,0.9805593583602853,,0.7552112942960015,0.875012898269912,,f38954f1bfc9fe50b963723a16b16b8d3f9d7362875393e41e5e9796dd413c67,b5d03c87f28738bf1880863f87f22ad418d106faeabc5b621d3e22fd19e4352f,aa2e09df0f03dab27af467db78c16556e749a312175f059d167f2999e3855ef0
rural-overcast-cab-view/0110,rural-overcast-cab-view,train,131003,6801,7591,1928205,138594,137804,0.9010144778018502,0.9506472961597632,0.9452285091706711,,,0.7823412510646351,,,,,,,0.8159597411933861,,0.8337270579683809,,0.9010144778018502,,0.9735994140863833,0.9740464906341684,,0.6917445089623833,0.6039183001709113,,fdf24fc27e07ee485b7222ccde914085e8f087aa8259cc0b90e6f71e0a387ffc,6ab6a5d80714bfdca09a693d2b6ef8354c1298f4d007435af886bdf54a27984f,815267e16d55aefdd71642bc327b44ccacf01c5bc981d82ba5c07263721308e1
rural-overcast-cab-view/0112,rural-overcast-cab-view,train,78704,31935,10138,1952823,88842,110639,0.6516472507182659,0.7113585625321993,0.8858873055536796,,,0.7012862321839461,,,,,0.9012620727140238,,,,0.7656944444444445,,0.6516472507182659,,0.978507886420203,0.9855417465570159,,0.8815398335315101,0.8473324718478863,,8aa93fc1231db8b4b0a120906afce6efe281b5d722780d8cc957032da6e74746,7baa1b6dd76fce960eb947f27e2990725c86a6f5f51c52791202dfad46733104,302f60fbfc9ed956d3b84af0a5201dcc64cbbbbb0601cb037e640ce141e11eb3
rural-overcast-cab-view/0113,rural-overcast-cab-view,train,48433,20012,26029,1979126,74462,68445,0.5126595677117514,0.707619256337205,0.6504391501705568,,,0.70458236813377,,,,,0.8192104325908879,0.0,0.0,,0.8687443541102078,,0.5126595677117514,0.20500589559438312,0.9247279428514265,0.9941759539345242,,0.8287027303036675,0.8895167737133721,,ba958581ca15fdae026c4dc5918bbf409fb30ae6ee8593531607b3d3640ebc46,5619cab770a415ce98a48e4bc99f46359818dd6c29e09c86f079b60ee7199d99,76bb9004b513f53e3ed43e0b04b1017be39a5b39025697c67d24b2ada3df74de
sunny-mainline-cab-view/0124,sunny-mainline-cab-view,train,18909,4101,60001,1990589,78910,23010,0.22778908819313104,0.8217731421121252,0.239627423647193,0.0,,0.6653885820220311,0.44317210733208,,,0.49187058630316965,,0.9203245620384213,0.8678644623076096,,0.6818070401671054,,0.22778908819313104,0.0,0.9244351234029092,0.9734125920436448,,0.44478040503795874,0.7273232627166185,,7401f5fc76b6fc6c255d1dd4039a55eb15e32ab20cd3552dcac7878a8a74eb88,a7a2df50102d7e802732022e8559ba0e3680e8389a3d28775fdcaa5b3fe675c0,658134de040ad7d87eec311752899d61b0eaca00be2f6f5a53c4cfab59575c75
sunny-mainline-cab-view/0126,sunny-mainline-cab-view,train,21194,1024,12311,2036704,33505,22218,0.6138028903240754,0.9539112431361959,0.6325623041337114,0.0,,0.8192593489152189,0.051773919234268086,,,,,0.0,0.8632512503983607,,0.6944180113785913,,0.6138028903240754,0.7036023932855046,0.5046662989520132,0.9744650982670152,0.0,0.7586739720111739,0.8715480975661956,0.0,a1e2fc892f0b131c74ecceb67559b53b91457b9cf91503592486c858fd335277,5e9d2acebf57172d5210c5c3b720a337687a9f178fad0f7fc5002f71acbe4474,816a4f0c5c74e7f560527b280222872fbfc28b46e2af0fcfa5f241fd125c9aa1
sunny-mainline-cab-view/0127,sunny-mainline-cab-view,train,12899,1155,12004,2047542,24903,14054,0.49501112901987876,0.9178169916038139,0.5179697225233908,0.0,,0.7971452747840029,0.05797020588071194,,,,,,0.8240566493145959,,0.7012351903201411,,0.49501112901987876,0.38163716043447665,0.8162991588997499,0.974055698770232,,0.7837133585780609,0.8704299150584177,0.0,0d4cde05aed2bd4fe2170c8e306ae84b426e1f4e3c8d7f9b0b0cb271454f8c9e,3a2f62b80bbbd8f815571d25354fdfb14621d54793dd0bfa6cc4afdc37595e4f,ba560c666f3816ee70aee766214ec0a07b22e7f50ee5062cf813bb59c67412cd
sunny-mainline-cab-view/0128,sunny-mainline-cab-view,train,11396,972,11617,2049615,23013,12368,0.4751302897644361,0.9214100905562742,0.4951983661408769,,,0.8750291310699203,0.6739324999278229,,,0.277319587628866,0.0,0.6763365320936514,0.8181476546752758,0.1592356687898089,0.6558884020388089,,0.4751302897644361,0.7082414553472988,0.9292624339656451,0.9863649786802464,0.15128205128205127,0.772126803415448,0.8376797488525654,0.0,24687c346d035f3bef72afba9b140f03eab022e4a90af673afe81fa9f274787b,09bf5c31ca2833eea50b69d465637fad45ede0f027180c676f50e73c26925838,43bcb13bdf1df390b710f63c9e25837d6f8d03b272ae7916c5e3830bed5f7a0b
sunny-mainline-cab-view/0129,sunny-mainline-cab-view,train,20568,4226,24524,2024282,45092,24794,0.417048542114441,0.8295555376300718,0.45613412578727935,,,0.7316275511900935,0.6659957574860639,,,0.5493767976989453,0.7711327649208283,0.671739765753209,0.8397688969238896,0.7830188679245284,0.7635318921162733,0.0,0.417048542114441,0.5541798138754643,0.9210374515091646,0.982029640084686,0.46785281035179943,0.7505849026910769,0.7086554186516603,,e52ffee04497a5939bda202788429a87b3560377d2abd91af07b4286a26b89c6,5d694e9c15aaefa0b7665df2c9da8584456f3b3dac39535757253b4487d820f4,1c17b241110297ff526b0bcf66d47a54d99e6a7ae564f8d7fba9b89b035b021f
sunny-mainline-cab-view/0131,sunny-mainline-cab-view,train,20362,1008,22815,2029415,43177,21370,0.46083512504243523,0.9528310715956949,0.47159367255714846,0.0,,0.8093051832747061,0.26293000715023435,,,0.0,0.11909335382251249,0.4644633346266446,0.7341038539891074,0.0,0.72514924212516,0.0,0.46083512504243523,0.8032747269005992,0.7494382519807639,0.9537150553807873,0.0,0.7060868625367032,0.8796980377821674,,6ed3b7e372d8d5dc78b215af5af6f4653456cd41ece09177eab1178a747e70bc,af8d2a04956dbfdf21340cdf110d0b9d6e2829237768690ed087162d1ae36165,d5b9048caeee721c506124205b4a574969da1aae856b1bbbee71f84f998a28fd
sunny-mainline-cab-view/0132,sunny-mainline-cab-view,train,3239,113,10636,2059612,13875,3352,0.2315556191020875,0.9662887828162291,0.23344144144144144,,,0.9104828981672438,0.0,,,0.42581211589113255,0.3731877464361541,0.0,0.8483741033739057,0.0,0.8024116309515607,0.5782918149466192,0.2315556191020875,0.6929866823694557,0.6765044426494345,0.967695229815832,0.0,0.6565464641734128,0.7966035285381966,,e153b7e6bd960d596c08d639a6b6e83a0851899aff6c01d8e6bfbba8b04f29ab,204c422aa9c44f8b7d5b2eb481af1e29fa4744c6021070e0d2662705e7e0189e,c4112a79fd0bbbf82081a8ab7d044906b7e2ae7b6b19d06b50439224d3e27b29
sunny-mainline-cab-view/0134,sunny-mainline-cab-view,train,28044,6744,7819,2024026,35863,34788,0.658201703945361,0.8061400482925146,0.7819758525499819,,0.0,0.8803118946910701,0.009940704569236136,0.15609887157442234,,,0.0,0.6754927095016824,0.8772302925320573,,0.7462885985748219,,0.658201703945361,0.7775982767905224,0.9042372716104752,0.9888257416788734,,0.7997756991505202,0.7570905550970308,,9e4b1e6f4202cdfc0d9ff15e1ee6eb32270e1c0e88b7b7842be2345e74dab6f2,ca7f11b3b53842677ff683a60af0909d165f0e7bdad70e86ec532fdfeacf5b09,3305c6491eba24ca756e1efbd3d853a4c7b65fa7333ecaea50713968bc39d96a
sunny-mainline-cab-view/0135,sunny-mainline-cab-view,train,9836,1897,8077,2048504,17913,11733,0.49651691065118625,0.8383192704338192,0.5490984201417964,,,0.9086932935512307,,,,,,0.8783610755441741,0.7909488253505736,,0.6941604574597123,,0.49651691065118625,,0.959828905409165,0.9927503342020056,,0.8656091345489026,0.8781521651371209,,917d7fdbcba14ad98f4155259ad4945453a4e76aecab144bfdfd515d95e55343,b6a73b1f8244f7439392be7102f2da394460911d789962cefb50cf25cba65757,a0999eb455b055f452e2dd1d47e7d039afdb2f912818175bf6badcbf0f08695d
sunny-mainline-cab-view/0136,sunny-mainline-cab-view,train,62741,21866,24577,1959030,87318,84607,0.5746354777256741,0.7415580271135958,0.7185345518678852,,,0.8349168396988191,,,,,,0.6634017936396193,0.7312209173498782,,0.6746035394162262,,0.5746354777256741,0.8751350820316337,0.9654368448055658,0.9771965879338983,,0.8547553076963803,0.8251793988752004,,23d8b5534877bd891ce5b404ae30036f3fd3a3f9769fc5d17235cd727642067e,197fc8d7bbdc4022d9b5cf5e18eddfe930bc031adbc821b3fb7895aef544cda7,3f16bbe461991fddd563ca875d020f95b05cfacb06ec6fe63af504a2ebb66fae
sunny-mainline-cab-view/0137,sunny-mainline-cab-view,train,4172,369,20061,2043731,24233,4541,0.16957970896675068,0.9187403655582471,0.17216192794949037,,,0.8661120530867661,,,,,,0.0,0.8406257540416633,,0.6659043088464002,,0.16957970896675068,0.6163194444444444,0.9567983695799925,0.9735674230505661,,0.8391775806224475,0.8671080547223645,,a171edd02bf21b2bc889ac8ed17fe30fc47d76defd59a637e236ddadf0c76f27,fe62d749e1463b1b2a02805ef816e5e89d973e53a5a2098c5403781be1646e52,00c55bd9b12bcf7bbfa68367516a2e033812085a7b48ce4659885a4b0d5b01d0
sunny-mainline-cab-view/0138,sunny-mainline-cab-view,train,4165,2261,2640,2059284,6805,6426,0.45940878005735714,0.6481481481481481,0.6120499632623071,,,0.9501832270164225,0.0,,,0.2085889570552147,0.7968640627187457,0.8706618648754367,0.6910140670669374,,0.5347260273972603,,0.45940878005735714,0.9426106931864058,0.9432670880126066,0.9898698325513634,,0.8775820400966697,0.9552062141668208,,461bdcfd80571cea432e10e0947270b1a03bad21b5efa4efc325d700d1107bed,9b93de1d6c571c4679b4c6c166281098003c47dc20a9bc6e8725f6a2cc661d97,0a79c2797bf37a1bbd4b28658453978ef882ffd669030f0343631df4cd17e4cc
sunny-mainline-cab-view/0139,sunny-mainline-cab-view,train,21605,5229,6156,2035350,27761,26834,0.6548954228554107,0.8051352761422077,0.778250063038075,,0.49398702235039654,0.8260377580186619,0.02263998382858298,,,0.9580152671755725,0.0,0.0,0.6483715189051064,,0.6535259745457456,,0.6548954228554107,0.0,0.934733090571008,0.9831114735952928,,0.8041317293881884,0.7973587670640072,,ea793969cdff22d7aeff4460d14cafa8007c32c5650e6cd3586775c958a0754c,f04ffab6071b224aa9cf94458c905bf5c66f7c4a9f098d0f1151766a202c3e74,9407d17327804f0e9a57576a5909847e831708f359adacacf55ad114bf4acae8
sunny-mainline-cab-view/0141,sunny-mainline-cab-view,train,11509,3002,12452,2034402,23961,14511,0.42684419389533806,0.7931224588243402,0.48032219022578354,,,0.92437491707776,,,,,,0.5032802249297095,0.0,,0.7562008428851368,,0.42684419389533806,0.8181178017025539,0.9238624213662694,0.9419085114141361,,0.8598517470472441,0.879558481988437,,2ab1618bf2232f7953374c7ff9fd6dbb5957a1d11d887a1004faeb1f3bfa8241,c5b7bb11d7a16e11ebd4ca5f2cd8e58e6b01971995825dc7db8b90321eab5861,ea2db9d85ddd2d222ceb269c6ff1880ed21f13ab0494de2bbb7495b9020294ce
sunny-mainline-cab-view/0142,sunny-mainline-cab-view,train,14652,6103,14443,2032956,29095,20755,0.41627365191204047,0.705950373403999,0.5035916824196597,,,0.9005977890328236,,,,,0.026519337016574586,0.802192964904558,0.7270512061823372,,0.469659696596966,0.0,0.41627365191204047,0.0,0.9673473947767108,0.9921069513124582,,0.8717743759897444,0.9324701400168981,,f9d4c3db5d27a80539d7e059e63c85bbda048e2f6d73d48e3b0e6d2541a023d4,8fb3a3361b3cedcbd74d9212b40445c40b7c34a84d64dd303f61a4d2c72154c4,61e9f018d7e2e7d6f09156efa8061fcdcc72a73095a1de5bcee9e722b97080f9
sunny-mainline-cab-view/0144,sunny-mainline-cab-view,train,2433,105,7153,2058441,9586,2538,0.2510576823857187,0.958628841607565,0.2538076361360317,,,0.9145233219444098,,,,0.0,,0.0,0.17269160711783663,,0.5547019053472649,0.4522673031026253,0.2510576823857187,0.4811210405651991,0.948003242377445,0.9605606937950544,,0.8096223078380598,0.9304019230013679,,f6b634ec6548b8bf98554aa0ac61f40eb22ae85f7e7ae26d084ddb9500ae7e5d,d70ab00d52ae34ae6f1b770e428d1e0b4ebbfa4bfaccb7ed34e4430ca49985c1,51048c270c98b7c294f1c0e930d067e24ed7b19196983d0c1216bb236c027201
sunny-mainline-cab-view/0145,sunny-mainline-cab-view,train,20654,4412,1381,2041842,22035,25066,0.7809581427004954,0.8239846804436288,0.9373269798048559,,,0.9636863551355569,0.0,,,0.0,0.0,0.7666379274951759,0.9524473777352127,,0.0,,0.7809581427004954,0.8813552135012509,0.9096948267632935,0.9891824205367153,,0.8513878075718346,0.8827304650211373,,fcdb2f1d198ca40299c924da55b12732604c2030a0db21c6f4a86b3b5c804d35,0f953934d9f0f4da7cb3e46c89d3d0dea61aa9ac24ad33f176a47e6ac7dffc3a,5083ebde7269b09da979b6c219d7e01c341ad89fa301e67368816b6c277e0182
sunny-mainline-cab-view/0146,sunny-mainline-cab-view,train,34409,11793,8288,2013594,42697,46202,0.6314736648926409,0.7447513094671226,0.8058880014989344,,,0.9009289159988837,,,,,,0.0,,,0.6547742605085626,,0.6314736648926409,,0.9702983379989429,0.9706457925636007,,0.7984909151817762,0.8803097033157669,,144ac7ace9587dad2bd7d7909441c0b2eb1b7a5fd5d975855c31e6f54006cc89,f882a5279e95b63882b306a0fdd968e9c3131a2864242474a7e561142a4625f7,d177cbc520728e3cc3e289b892b73be79388063cd17f58cc831b8251920eab6c
sunny-mainline-cab-view/0147,sunny-mainline-cab-view,train,1577,0,4395,2055776,5972,1577,0.264065639651708,1.0,0.264065639651708,,,0.9287418985674769,,,,0.0,,0.711304347826087,0.8563743948359333,,0.6307758744781921,,0.264065639651708,,0.9786042078147638,0.9669949989448215,,0.7522528259831237,0.8920324237342938,,6cf388fea166cff5c1481f523509bf3d72656e5aede0964f0ec6b15e88adea19,7b9aac3b84942b85ee007ace3e8af52aabc5de40a230c86d1a4772b298d5eefb,db52b5b9801cd209705c634cb201e1716fa05d7f27dd65b85b89b8fa59877795
sunny-mainline-cab-view/0149,sunny-mainline-cab-view,train,0,0,10489,2047015,10489,0,0.0,,0.0,,,0.8917494330179088,0.35030920334667154,,,0.3788546255506608,0.6372281329441672,0.36991150442477877,0.7903811097671091,,0.7029034665219456,,0.0,0.41971399387129726,0.8128788066757945,0.9683671911452678,,0.8195230770469756,0.8312187188665351,,0f14ff36a7fdb27af6f7ec8cb353e753e159bb3b77aab52a80b13fe6937791bc,95eeab01f27c7865aae27495154899df43286c06b43e8597c1f0977fd2a195ba,26466b21355f59471536e9425f72f5daa6805b8fb73d4d0ba1a7e558b190a915
sunny-mainline-cab-view/0150,sunny-mainline-cab-view,train,3377,710,6079,1998979,9456,4087,0.33218571709620304,0.8262784438463421,0.3571277495769882,,0.44597249508840864,0.8696387069511937,0.03634711494775102,0.0,,0.4001468428781204,0.0,0.7123663284891691,0.8324579047181196,,0.6166391703983031,0.0,0.33218571709620304,0.8216290245662089,0.8489020890471023,0.9935061090726339,,0.7608083978139711,0.8070119000776323,,d4d60368183c52383216b6039fb814147d7720ff8a5ea3c97e9222f8f0eb8937,a86f9b31137c2cfe325672053454e95f6b6fe1b769e9835edbcd61953940837c,6fc23f8e08a47acad8468a999d9474c5ab8fc3f13d68242ec4c6b480a63aa032
sunny-mainline-cab-view/0151,sunny-mainline-cab-view,train,3740,4320,19744,2038322,23484,8060,0.13451301970939433,0.4640198511166253,0.15925736671776528,,,0.8888667182798445,0.5303007078129931,0.0,,0.23920265780730898,0.0,0.0,0.8173895600231801,,0.3865668849391955,,0.13451301970939433,0.8223497695451778,0.7933182489204067,0.9886599514332427,,0.8558568509416248,0.8066198542732839,,4b1751c125ecc67afaa53eb1d7655c7a5ec051098de588dcb48ea4bc9cd3c5fc,e80f258a53d0d5624f90e47a73ab2a9dee90a2261893f9f06968830e26e1fcae,770d4a81fa666d46070998d8fba428df42458a323cb7ff42ca291d02540827e0
sunny-mainline-cab-view/0152,sunny-mainline-cab-view,train,8260,11959,4144,2035501,12404,20219,0.3390387062348643,0.408526633364657,0.6659142212189616,,,0.8941766816368517,0.34750406315300675,0.0,,0.7128580946035976,0.0,0.5886485142359816,0.8401838831800974,,0.7134658057627176,,0.3390387062348643,0.8636036938624385,0.8891380454431046,0.9809399538012259,,0.8321724989644539,0.8289629232985926,,7c244faef1d58c7c544581c4aaad579ceaddaf9f4f8593f1c642198319e0f064,e45440ffb717bc4b598004779ea15e237e1ba4c9c73cb27cc0b96794d8e4bd3f,b3743734c4ae40ba811a99153edbea10f6000b5d0c998d7949f04b5cfae480fb
sunny-mainline-cab-view/0154,sunny-mainline-cab-view,train,15999,15514,179,2036438,16178,31513,0.5048277167739492,0.5076952368863643,0.9889355915440722,0.0,,0.9156673562671256,,,,,0.0,0.0,,,0.497462959204384,,0.5048277167739492,,0.9719801474632359,0.9161395561135647,,0.906072167615106,0.9237528023732422,,6ba5f4dc3a08179c05592eb64e30da7a3ab0f61eb7a134091c4cb022c307f8ce,dac38095dcbe26280a37351991f196700cc6958b431e99192616e9812ff695e5,26a48cd8a0310a1dbbbc784822793f72f4ec7e981ec80928b4a35323de269309
sunny-mainline-cab-view/0156,sunny-mainline-cab-view,train,5311,148,4369,2050581,9680,5459,0.5403947903947904,0.9728888074738963,0.5486570247933884,,,0.9345499220903751,,,,0.0,,0.643925687304179,0.0,,0.6416640730366221,,0.5403947903947904,,0.9694754172180648,0.9848700882626289,,0.8877902178483004,0.9105095420571385,,2a9b7f9f2e664a6492b210e6af5c8b3238a3d01e1f1d4f0c3506e92519ad0942,66a96574320f6eba811a83566a23baabbb50e25574efd274b18cda96e0b42442,120ebae225f53e306cd333d6ced29d49ba260222805df3436ef716d0af6a4b70
sunny-mainline-cab-view/0157,sunny-mainline-cab-view,train,21861,14285,1443,2030625,23304,36146,0.5815797174705366,0.6047972113096884,0.9380792996910402,,,0.9469568090861248,,,,0.0,,0.07617648601857195,0.5488927593928838,,0.5945633707101597,,0.5815797174705366,,0.9414594666056164,0.9926150602114008,,0.8727146148618409,0.9065209125475285,,8e5da439095b7bf529ca9afbcfc297a86c96a3820aab657ef461687e06417c1a,653339694928a859f447c43e42320d1cd6503d7f644d3150a77a5274d8828e61,c512a404bb7b3f940985b649460ad0f60f6e9888356c1128f8a09621079002d8
sunny-mainline-cab-view/0159,sunny-mainline-cab-view,train,10351,431,18778,2038574,29129,10782,0.35016914749661704,0.9600259692079391,0.35535033815098355,,,0.9031624040842902,,,,,0.6416721002680577,0.6183777558407371,0.6836376884193269,,0.5653414155821002,,0.35016914749661704,0.0,0.95814374284878,0.9935469934355449,,0.899540653035504,0.9222467259791852,,0857b1a64422a748f3a1acbe2298b756354dc4e916a3e35065e7c7c8aa443cfa,4ceae0fc8775704b3c9b4c6cb0569eb7ae7807ab7173d390aef59f35ebbfa6d5,b4e666d7379882c41f43ddb21b0b8e421680a27c1352aaace2c3f54b732fa072
sunny-mainline-cab-view/0160,sunny-mainline-cab-view,train,21627,8813,1043,2036969,22670,30440,0.6869421592605534,0.7104796320630749,0.9539920599911778,,,0.9526085674677105,,,,,,0.678232001041531,,,0.6423929663608563,,0.6869421592605534,,0.9713496979960928,0.9898686518884697,,0.9007167421977952,0.9169635341510342,,3f99be5f7928e5a01c3e2e0da7c216742c167125a2f4df4f9eda959f3e86453c,0a56b4e26f053587a8b41fd98b7616b82f50a413ce7a4279e60244a66493f498,a76817478850b42f7a817099067d5e60d162b6edd3a4121941e6f4ec94c2273e
sunny-mainline-cab-view/0161,sunny-mainline-cab-view,train,24398,3860,2898,2037066,27296,28258,0.7830915393503659,0.8634015146153302,0.8938305978898007,,,0.943966236382399,,,,,0.9285301844847995,0.7024170358280873,0.8715544625473921,,0.5916230366492147,,0.7830915393503659,,0.9425958877744449,0.9927379881219164,,0.8540886983136108,0.9025495815835454,,016395879116dde76f1eddcc264a67c3d1fb136d9a0f2d92b33ab41044c4e774,fd25784fc16a2a7c6484ecbbec6bf22a4a6695dd9893e771651938776bf7cb23,aaa19e3efc48f7edcd2686b9db8dc64ec77ce8358220da10c9095e026bded0bf
sunny-mainline-cab-view/0163,sunny-mainline-cab-view,train,47933,6466,11597,2002111,59530,54399,0.7263015940360021,0.8811375209103108,0.8051906601713422,,,0.9196079691975798,,,,,0.9492512955593094,0.7771893639556274,0.3679324894514768,,0.6925583560550642,,0.7263015940360021,0.0,0.957944108039534,0.9938331179983707,,0.8727170990254441,0.9087916582288031,,53c1f0e23c023af87bca8d7c925f1118fa6e03bf34b314ab0e901d159fd525b9,3d556e7e8af20a6eb6d546badc61b9bcb432ea8ba8a43cb477c8d637a41abde1,3c783d94b8133512de77d2a8c9efb70a875aec481936e85b956728954a71e3f3
sunny-mainline-cab-view/0164,sunny-mainline-cab-view,train,30561,1882,6364,2029437,36925,32443,0.7875125621666195,0.9419905680732361,0.827650643195667,,0.0,0.9334053229185526,,,,,0.9433732654802921,0.5166197183098592,0.8502582839863928,,0.5364736669937847,,0.7875125621666195,0.8266479943983195,0.967673899297624,0.994597108773501,,0.8763908152257667,0.9542301508931996,,dc2322339b57aed5805465301755b9054b87fba047b608e05ae4dcf959232006,b8dfdef270b26830890c889e0d2ed1a2810389a780bc38e7fb91325d5f8c46e4,49084c1e45d066375196acecf223e31c8fbfddb72266b5ea7bbb5641afef0653
sunny-mainline-cab-view/0165,sunny-mainline-cab-view,train,18118,1535,8866,2039703,26984,19653,0.6352957677337915,0.9218948761003409,0.6714349243996443,,,0.9350781216346775,,,,0.0,0.9446301230612842,0.4381077038145101,0.8066232112085113,,0.7106070941336972,,0.6352957677337915,0.4760343537293753,0.9318909125799333,0.994385142712058,,0.8774809910359318,0.9082145757131045,,ed03205def575f68a08e90b5040e492f111657b011c4a09ea8773bfee95ae4f8,fa3e6142522787e662d35be413398957686c954919d06b8e8d93c33dea075c91,e0ba6726a87e7452bac45cbad54f0537072132b3d5ac5d6e9897e971586e124f
sunny-mainline-cab-view/0166,sunny-mainline-cab-view,train,20709,6390,928,2040157,21637,27099,0.7388946373140186,0.7641979408834274,0.9571105051532098,,,0.9573737092528852,,,,,,0.7195637522210648,,,0.7191883299046194,,0.7388946373140186,,0.9700075155077454,0.9890210002569553,,0.874438147351964,0.907887177208693,,4cb25bc7ad809534409bf310ce0bd9621415dfebdaa38bfbacf278916ddd0f64,7bb389e1d2b5f1a73758fb068f5545e4eea28989d63d1a5b7b38e375565b8f9d,97600a0b27b1de1e1feac8746a451c5ca783a650b304f9b1b0d419be207196d4
sunny-mainline-cab-view/0167,sunny-mainline-cab-view,train,5391,2284,210,2057409,5601,7675,0.6837032339885859,0.7024104234527687,0.9625066952329941,,,0.9564896880617412,,,,,0.8813147160338877,0.8755875373191456,0.9226144588017351,,0.0,,0.6837032339885859,0.6686228742914305,0.8995191284182267,0.9913570341352904,,0.8506235286632309,0.8516025998661013,,ea08f07ca095ed6d035d6f14b8548f69a14bf8d6b49efbbdddf5179bf9ef3009,145a765c10390d86c2b694571a1204ba36f373aa962a6637297cac9712e31330,4927f44c5a87b6e285785f0453fcb5fe24a70365bc91fd90c8cc65b1945fcc37
sunny-mainline-cab-view/0168,sunny-mainline-cab-view,train,21469,1671,3409,2041727,24878,23140,0.8086556932464499,0.9277873811581677,0.8629712999437253,,,0.9567676053671282,,,,,0.7460914160525791,,0.8145812310797175,,0.5911855190670388,,0.8086556932464499,,0.9506052836414347,0.992018907764014,,0.8710226549573629,0.8975877020102483,,72b8f6a32917f9b4cd7edbfc8b38900c94a094dd308a81ee17ec8c715bf8a875,a7bcce9f412f7e553372dab86eeb666894dededfe518eb748005bc49ea92f2e5,f925836d014c301901e45bdb5907357a1160f07d7900bb242009e7940fce6f32
sunny-mainline-cab-view/0169,sunny-mainline-cab-view,train,2857,349,2762,2062171,5619,3206,0.47871983914209115,0.8911416094822209,0.5084534614700125,,,0.9641793125076223,,,,,0.8916343838341535,,0.9081317237015042,,0.576693727997701,,0.47871983914209115,,0.9611789045127173,0.9918359740581841,,0.8778761898758116,0.934591135749287,,e50a126b8e9d96524472935c0169644a3000d548dd10622d7dd7837f28b262f3,f1b755542aeea840e9cc6f81d068c5a0f77bd69fcf3208043b1f22f53e24f45f,c209e3dcc2dddf76b045e17084c591299f854d9f7fe65314a6bd1a21c67c99a5
sunny-mainline-cab-view/0170,sunny-mainline-cab-view,train,2837,64,6186,2059176,9023,2901,0.3122042478265654,0.9779386418476388,0.3144187077468691,,,0.9376794559159781,,,,,0.934833445078576,0.2562543839139584,0.8758517500050549,,0.5249668130297152,,0.3122042478265654,0.0,0.9665120017078025,0.9915227878176974,,0.8829714576152734,0.9475434511074072,,3f433ab98d445e66fbd4c3879168f0ff099bfa2f2a0555a496a23ef041827ef6,f96927f39200270347c6ed948d60abd05f38473818010a36c3e3d540abed119b,d494658ecf8c0fb928f8a5ff5037313f404de99df90e71e9d9644cfd35ecc218
sunny-mainline-cab-view/0171,sunny-mainline-cab-view,train,24110,5960,1026,2030997,25136,30070,0.77534087985593,0.8017958097771866,0.9591820496499045,0.0,,0.9531502423263328,,,,,,0.0,0.0,,0.8275170648464164,,0.77534087985593,,0.9645427870877016,0.9623492946190487,,0.8600282894036411,0.9215856573705179,,f0f37b4a43e03c4b5aef2ec2723b33d29fdeb183e0247dc20cc38fd51708b6d4,1e688561f0f6c93e128b35a18e4349cecaba90e35c912a9a652bd9384b3ad938,884666e72afcd746334315b2126f8ddd398ef5c7cc658608a652a810a0b32edd
sunny-mainline-cab-view/0172,sunny-mainline-cab-view,train,0,15841,0,2047608,0,15841,0.0,0.0,,0.0,,0.9113691515660082,,,,0.4855769230769231,0.0,0.0,0.7838644877572072,,0.37430757809376963,,0.0,0.0,0.9074293536329194,0.957367106335638,,0.7298544550940717,0.8112098665354217,,9d1f242981192b866b8c78b235337b3fcd78c0dbb947afbb3861211b73247352,54823e8b93148e0ce4a359e420c1811825ceebf36b89d5b5244374b331b7f4d6,ac486440443ad92bc959ec64dba93c3e05d88ec611306c1033857a34a7688f7d
sunny-mainline-cab-view/0179,sunny-mainline-cab-view,train,0,128,0,2070897,0,128,0.0,0.0,,0.7313046053605805,0.0,0.9406359668431844,,0.13659979795064223,0.8699393615123953,0.0,0.0,0.6409014267424743,0.7708976712545779,,0.5333109312450691,,0.0,0.3390257318184162,0.8654453667802962,0.9405884938851695,,0.6790027333719871,0.9169726236858247,,2980bdd5ac578120cb35ad4b8b8f5798eb1663f505b1d628312365558c8e6637,b958f784c717606e08ea8407c83378b8f1011a1964d40f3af6893895ae56d65b,2a9fbfab5359e9d46f7e509d82632413592fb2ea585ed4a155da3cb47b01ea7f
sunny-mainline-cab-view/0182,sunny-mainline-cab-view,train,0,37128,0,2033901,0,37128,0.0,0.0,,0.2649997464117259,,0.9123166373286392,0.0,,,0.0,0.0,0.8350897736143638,0.9169029986302294,,0.0,,0.0,,0.6322157203858928,0.8474909963985594,,0.6179078014184397,0.810366839731041,0.0,2b635f17ddb2ba61b77fdcac0499ec5c3d70dea1323a289937212955ea815653,0cc8828785c5fe14362b60478de1e5f431604ebe9fa709d1e5d0907e6a301151,b2dd26bb402f3a7c980cd216d5c9274706cb88287232555449dbbb739fefbc25
sunny-mountain-cab-view/0010,sunny-mountain-cab-view,train,36850,207289,16339,8033922,53189,244139,0.14147068082525205,0.15093860464735254,0.6928124236214255,0.0,,0.8038991674864862,0.6959232613908873,,,,0.0,0.006098066558625108,0.45480332479441077,,0.8383185770120444,,0.14147068082525205,0.42158228014398696,0.8106631604500223,0.9866611972444504,,0.8427847005349247,0.5378772871154421,,e9abfe7bf5161453fc5c6a86049cec52880047eedd0f46a57ab7b1277cc49105,990e88d21ab52552acaf245a584e26ff692e75484c7e5dbc5d5aa50435112742,8e568315f9c300594bbf8d581c72ace12526794a0a21b023d7e66f0e484067d2
sunny-mountain-cab-view/0015,sunny-mountain-cab-view,train,0,0,0,2073600,0,0,,,,0.0,,0.9446444360237464,0.6078123363703005,0.8274468600986018,,0.9020376175548589,0.03530101069283726,0.7511108546367361,0.7291524653487844,0.0,0.9113605519113323,,,0.0,0.9601838694709246,0.9929628617539827,,0.7907071254402601,0.8174553644109187,,3b93d1d95ac6a5f591a542a124e5c350be70f114e31e6cec7a46e8b4a97b9840,6e7f43a2f7c7265006609bf1dcac3e78460351b2b9e7e5b8ce65afa922c26e46,f064e99a3c3a3583082584f8a849e1d1c2f8d57eddb62cb09551c14c14d6aee0
sunny-mountain-cab-view/0016,sunny-mountain-cab-view,train,0,0,0,8272141,0,0,,,,,,0.7553893890352408,0.28709859372212876,,,0.10636601753786584,0.17493718413205356,0.05097188088474674,0.2368068735775207,0.8362714055635292,0.4035012721446029,0.7155631659056316,,0.17082417010906714,0.7587905306198852,0.9880855789249301,0.7982476800602949,0.7417245094845516,0.5148920132156773,0.0,8e6aa8676c0ac48ee943a84156a1b1ed8c8bc794a99c28a1e37f8cb4a9bcdc54,5809f9590cb378ff7d90e63feb7c96aa0cb54028613b3213627cfb731d161953,262000cc1efe77ddf26f045481b10a18e7a3f0286decdccc01a8bc07d0936ff1
sunny-mountain-cab-view/0025,sunny-mountain-cab-view,train,0,0,0,2073600,0,0,,,,0.0,0.0,0.8562607795791652,0.5040977913599111,0.7263513513513513,,,0.04678291512242542,0.4853472675811017,0.8744666898121359,,0.5436670687575392,,,,0.9653084660644982,0.994694163348593,,0.7089140152511175,0.7990728549484309,,0dce3080c760760bfddf50a247fb072413c68e2c1186d80f7d1fa3746e29cf36,cb3329069e4006f8cdcb93fedca0e0e2a147705989f418693e18c17ca5e461a1,660c59c9cc41df3112cc95ffb40cbb2b51e939bb918e19d7f84cc96fab2dd41d
sunny-mountain-cab-view/0033,sunny-mountain-cab-view,train,0,356,0,2073244,0,356,0.0,0.0,,0.0,,0.8517038352739952,0.19110772624612637,,,0.21666666666666667,0.0,0.5263056465600309,0.9506369401748858,,0.7094219617135374,,0.0,0.0,0.8480737828167992,0.9901791973630807,,0.7151556156968877,0.5371482586266091,,056cfb32b06947adeeed7dc38c65cb7ff1ef4f3709826863bb10c9849023c213,b6b8af203ee90ad8d28802048e1d366d4baffcc7ce1219b9d6be9939381c8c23,c9b5fcb90aa04996f72b936d22ef01a9d0cca4000df27eb989e828324415b5ab
sunny-mountain-cab-view/0034,sunny-mountain-cab-view,train,0,0,0,2073600,0,0,,,,,,0.8995872533128353,0.5086170910608862,,,0.0,,0.6876913219904606,0.919739473988726,,0.8746845659525342,,,0.6473830782923258,0.9746930348422572,0.9692666259081444,,0.7932632452621386,0.9122466930256787,,2dc7f6d449d2ddd33f5e4373346976cbf0b27a6ad026f19565d15223ed49d7a2,bc7a5b320f7dab08857ca11e167bafa3d56b446389d2893f55a217dad9e125c4,79cddfdfce75bd02c315210a22d7d34e942924095a40525b2eb15696425b6e31
sunny-mountain-cab-view/0035,sunny-mountain-cab-view,train,0,2012,0,8292388,0,2012,0.0,0.0,,,,0.8833765550419063,0.3278492769006236,,,,0.8524941103631374,0.0,0.0,,0.749881734270658,,0.0,0.6616776071291652,0.9532509959306825,0.9787234421613455,,0.8215289743357214,0.6376341075100206,,8f27f4777b424fca3a01c563f2634f985f97ef3cdac8ad2838d194087f29673c,5be87826e74904d71bbeb42199b5fea86f387e50ebd7ab2b54b927d617c7df54,0218a92d1edde16b5286349f79a24e617a1fc880e1c16f171d5aff2101b77762
sunny-mountain-cab-view/0037,sunny-mountain-cab-view,train,0,0,0,8294400,0,0,,,,0.0,,0.9382470119521913,0.03803578324108637,,,0.0,,0.0,0.7747008071249653,,0.640458618871903,,,0.7125028860291884,0.9822572390418337,0.9515388797296594,,0.8221372289641686,0.8896438416731703,,0dd350c7fad9d51bd0a73412fd77600d87ca6c0306501e202ac13254700718f2,9d1ce541de7ca4352ba4ff606e7a124e75a471cff72ef71e88ad02a2a9a90ee4,9a5d8c4c4a6ea4e8125439c8a5fc50b19326b49251f872d2d5640d0ff71f923d
sunny-mountain-cab-view/0038,sunny-mountain-cab-view,train,0,37,0,8291209,0,37,0.0,0.0,,0.0,,0.9585772764053501,0.0,,,,0.7703336872283106,0.0,0.0,,0.8893986959671577,,0.0,0.5569170132477915,0.972184365877805,0.977912657983045,,0.9046956624687376,0.9451405318444213,0.0,b5c7a56b8478d6e94f292e36428c999f7d2b159ae6eaa12f152b282c76555c2d,2406fe994c566446c5ec634fd8dcc7c1040d065305fbfaa732a7931592324fdd,81f613e952be1e97190a021fadb52d823df3d4876bd248143a147ecf5add593f
sunny-mountain-cab-view/0039,sunny-mountain-cab-view,train,0,4998,0,8287373,0,4998,0.0,0.0,,0.0,,0.8578360607563319,0.013002816117929285,,,0.7869757174392936,,0.8715626594963339,0.1910294389927791,,0.6328132738979693,,0.0,0.6154550340690397,0.9602760233746886,0.9927374247261163,,0.8281416860946078,0.8173346263401712,,7f58ce7149cb2d8eecc31b59b6d93c8dcfc39835bfee3b20b04bf3db72ea05d3,78c8b4d93af10de0e8f2d56554823a54f60fac30d234f564b886a8eb4333f684,e7be6a727391e5bbc9338b64d7ba1e793ea81af6f9c66f0b548cb8806311c376
sunny-mountain-cab-view/0043,sunny-mountain-cab-view,train,0,0,0,8294400,0,0,,,,0.09506531204644413,,0.868127253001085,0.23277523488316068,0.0,,0.0,0.8583100469066343,0.6389138185141577,0.7557454621716854,,0.9481103885344271,,,0.44814996444597016,0.9377066136059936,0.9932650944636743,,0.872829447285545,0.9179404281368967,,53014f8bd86d528cd8a95f6cb5412c1b3e34232439908a147b5a50d4322c418e,4eaab9cda8650ba2babcff076fc36d6d2b6939c6b0adc6ec489300cc8289a7fa,8af79677c5fafe23b2a737b1ea45b30493e23c9dc475ab9b0a0f565315297580
sunny-mountain-cab-view/0114,sunny-mountain-cab-view,train,9,23,18494,2009089,18503,32,0.0004858037352909425,0.28125,0.0004864076095768254,,,0.5902687026727055,0.7192419125652808,0.6618813751416698,,0.9428595615000424,0.0,0.3519756838905775,0.0,0.0,0.7800343922526926,,0.0004858037352909425,0.5394684156023473,0.9492641641735623,0.9793979655228926,,0.841174561972745,0.8459945316720968,,c007047e3e4cafb0e9f7361205fbbf99eba406c2a2d48c27a1e4841c36d6981f,8bf2e49204f95a90068e333f0f27f561c8caaa1d199d8994120b789c9e587b54,8a05a7331e9e8f4a416758b99d295f2111640a53d877c9a17f03cb766f492056
sunny-mountain-cab-view/0116,sunny-mountain-cab-view,train,20768,1031,10043,1995130,30811,21799,0.6522203379184724,0.9527042524886463,0.6740449839343092,,,0.6713214305703252,0.25728692113760004,0.869361452841242,,0.0,0.0,0.654745887765288,0.8534455632473253,0.0,0.4864715626725566,0.0,0.6522203379184724,,0.9739299319469652,0.9949651718333197,0.0,0.8422158754108962,0.903434218002261,,4aac1243132852bdd2e0dabe350ac2bbe6e1bff145fdb607bed02285a2a5b3dd,65c6488c35a0d05cdfd929bc23b6b32abeb819eeb16cdb7a777513f2413a5fd6,72bd12b6c718b82afe09a66728cf886afaabe9a598ad26d6f1d404cf06a391f9
sunny-mountain-cab-view/0118,sunny-mountain-cab-view,train,39677,5505,13735,1962008,53412,45182,0.673438905579035,0.8781594440263822,0.7428480491275369,,,0.683157754367249,,0.8591231463571889,,,,0.8564974010395842,0.7149252212839556,,0.8247178061760618,,0.673438905579035,,0.9785230240420699,0.9901582880159964,,0.8564507904130546,0.8958802751663011,,1c5790e05968d7a3413632eca28a9951451130120ae6c3be0d9fb3662522973e,1cd265503b0eb3e1bc1a582b1b92a959765ea51554f6d98ccfd630d4e95830af,bd486013a8958091e98b173d0620c65a66ee9f4252acd5ecaad84454b4e7dd97
sunny-mountain-cab-view/0119,sunny-mountain-cab-view,train,2089,8619,5549,2012471,7638,10708,0.12849849295688012,0.19508778483376915,0.2735009164702802,,,0.7930073616628698,0.4837962962962963,0.7487969201154957,,0.0,,0.7991864062036527,0.8690212995416554,,0.516994266994267,,0.12849849295688012,0.0,0.9846490385264572,0.9940368056177853,,0.8964386602098466,0.9593140496319411,,cb92b7934e948289bd873fc48056ab1d859792c8b97117109824dbca1535e0ec,107b44c08f0c38f5a9ba166fba98d478ab8f48d2b62eb4ceded7874beeeec550,73f1cdd718d275fb72ce7c68a2a34da52ff2a89934e38e11b0627403a19eb89d
sunny-mountain-cab-view/0120,sunny-mountain-cab-view,train,3417,10174,14046,1999893,17463,13591,0.12363860042696385,0.25141637848576265,0.19567084693351658,,0.0,0.6595152882595503,,0.859822309970385,,0.7313829787234043,,0.7885583675632701,0.8615473645292482,,0.6957862281603289,,0.12363860042696385,,0.9833277901889553,0.9930422109467775,,0.8769908332053055,0.936406935472612,,dc94d0155312b343e6ff5abae3d13658ce6e2e68d85a1e19ae327502112c7ade,afa9a3373ccf70a0e37bd2feb0bef0ad4e2e5e4244f0bf9b769d466a5ef8f799,8dacc9360c2b4938f541e9254c7fdda607a33e81d11bb51a7b3e6928eadcd5c6
sunny-mountain-cab-view/0121,sunny-mountain-cab-view,train,57498,1582,13816,1955361,71314,59080,0.788767559262511,0.9732227488151659,0.806265249460134,,,0.7587315191772016,0.593648736228127,,0.0,0.7184115523465704,0.0,0.8454436504061432,0.44930752161603793,0.8034058337548474,0.7681337119256583,,0.788767559262511,0.6653386454183267,0.9746462164092643,0.9634568133759107,0.700424178154825,0.7886512180629828,0.8676089960235345,,206009d26edfc8c2e0f344aea9acb20cb6de8131d203ed7cb1f115b94e8ed2db,5bdee5a626c7c04727a5733d8b8237fc2db9e11033168790651924e422071f17,3085a1a04604152e2b5e2ecd3e27a1278267dc782b9f5defb8513cc3a7b340c9
sunny-mountain-cab-view/0253,sunny-mountain-cab-view,train,0,0,0,2028424,0,0,,,,,0.706561900753005,0.9420343193632976,,0.761003861003861,,0.0,0.6739099167297502,0.36242685984954026,0.8506380017319167,0.7555972879371738,0.7047890034082884,0.0160926939169617,,0.7057917573711256,0.9252086153275384,0.990095910076667,0.8515462198883054,0.7857142857142857,0.8239834636677701,,e7783e56f279d39cd7bd7290d05da53a477bd864ffc3137b30bc05d962176634,d236923aa8b07ffe4c6528e520bfbbeac87efb2e25dc7e10ca711dd849579f22,197e18e712799574af4abedde57548c68cdee421479c4fc72e13987662685d63
sunny-mountain-cab-view/0254,sunny-mountain-cab-view,train,0,3554,0,2023690,0,3554,0.0,0.0,,0.908691779078646,0.0,0.7640611261029078,,0.7554816585264471,,0.0,0.7343488760913989,0.8804231605805134,0.7914092393626062,,0.7767930619737925,,0.0,0.0,0.8928233804938231,0.9833951212933245,0.0,0.7424146544546212,0.7563233303249097,0.0,894016b1cd34242641d03b1e60f84d320a5fef1107813f9d45d43e3c77279bfb,e58a7ac86a7d940965941f8b8a997ab386ddd1d8e2c760f6d3ad1a922a3057fd,02d3a615f4a044b9a0049c13e60dba934479bfdb072304672a62d27562a3946f
sunny-mountain-cab-view/0255,sunny-mountain-cab-view,train,0,506,0,2024856,0,506,0.0,0.0,,,0.0,0.9645104190399411,,0.3162052924578662,,0.0,0.0,0.0,0.9496025021611867,,0.6290479274611399,,0.0,0.5671012946034987,0.8899705355595355,0.9775431886604732,,0.683943754087639,0.9428775843162428,,0255dda3dea077491f3d1ea3685abea083122dcb6a7cfcfec7f931dd8bf33c61,6f81ab702ea6fe837688e0d536b266216ff00719a04a1013240e8548791bc79d,e84bb2cc216be34fa894a482f51473c9e887be034f50b62771d947a1a31f40ad
sunny-mountain-cab-view/0257,sunny-mountain-cab-view,train,0,21827,0,2049693,0,21827,0.0,0.0,,0.5139442231075697,0.0,0.7702576465270453,,0.8587777652497464,0.9256598037860992,0.2777061855670103,0.7093854216293473,0.8836253360792916,0.7775270054205826,0.0,0.3309165127806395,,0.0,0.0,0.9278402457424417,0.9377345866925367,0.0,0.6496727426279119,0.8608593123196469,,92ee9060e9af4c102a639559aace1bb2646cdc84e4eda9f46917fcf4fa36b689,9e4232334697774902651584966f6f0f60b4cab0365bb281cab51f9bc1e81219,233d154cd533f9ba5e8d1bc8b1bfc7474539b0525763fe1a6e5a2a8f0f0bb72a
sunny-mountain-cab-view/0259,sunny-mountain-cab-view,train,0,138,0,2030836,0,138,0.0,0.0,,,0.9329162132752993,0.9467840147367343,,0.6716006021073758,,0.0,0.16484938089077805,0.0,0.6944878678719499,0.0,0.2408778901734104,,0.0,0.48104484512251505,0.9280786545319899,0.9861688597088304,,0.6727251268735985,0.8865765129499484,,40c4d08494b370ed9b2c47cf3957c3cf0f558a22009eafee581dd73a00829562,326e183b830bdf3b97a9e7fd09db82f2ee3f7b37375f658f2543fae198a63fbe,dd87d12a6d0799ec3c5462ad6ab7a5cd985a914b71ebb68eeb15cef3b2d12c8b
sunny-mountain-cab-view/0261,sunny-mountain-cab-view,train,0,3,0,2025122,0,3,0.0,0.0,,0.6511349306431273,,0.9487931932627193,,0.8094968908988129,,0.0,0.7404787523037425,0.26565707424764706,0.7836156830266734,0.26244952893674295,0.7785673340039153,,0.0,0.0,0.8689390977186195,0.9900436273847447,0.13406593406593406,0.7675779279733683,0.9282163673968225,,c907f3894e962844d9db2c4ac28771860d430f48f3489ad03b70394d0429251d,132f4b9ed27aee03a516e67f090cd554bfd2ca10d3badbd46ea294949133e32a,9e4f82f24bbbcc27d34c934d70c081df988290bf2c821f7c59fba35295992cb3
sunny-mountain-stations/0228,sunny-mountain-stations,train,0,0,0,2073600,0,0,,,,0.7983330139873539,0.0,0.9416478872274698,,,0.8634792391915799,0.40540540540540543,0.7476399629939012,0.8748119713369259,0.6151963284038756,,0.7742572033626388,,,0.4946727549467275,0.8318898409659674,0.9868031722371234,,0.7597362667395463,0.9490723955484819,,8fb67a7950262b0a2133f19fd631fd9df52f83e1660f0a811abf3e9d0982f269,ec207ecc709b6c73bdcb8ae5392436a9335a1a7ac9f52fc8c883e1e0792f1725,83f43229d112fb4f70382ca4495e46e6fde5156609079ebf95a204270e3e8483
sunny-mountain-stations/0229,sunny-mountain-stations,train,0,1575,0,2068481,0,1575,0.0,0.0,,,0.5210047639670853,0.9644954583420339,0.0,0.12824106517168885,,0.54,0.9185523175822211,0.9779424192046611,0.8319073132505969,,0.6167544926361302,0.02102496714848883,0.0,0.7138909426987061,0.7209325153374233,0.9864599235545964,,0.8371865230050854,0.9397404011532227,,0354800bf80455fa7680958e010518b436ea155dca8b0abbc8d1e10092f0661b,21a10b8db464646bdbc600d69546c1cc56b0319f1c530ba2a460d772ee98d838,caf7c2cbd1454c4c28acc6a427cbb2c83c71ec637597452b885299226f2ffacd
sunny-mountain-stations/0243,sunny-mountain-stations,train,0,0,0,2073333,0,0,,,,0.0,,0.936886859851191,,0.0,0.9905388586134568,,0.0,0.0,0.0,,0.44365192582025675,0.4666136724960254,,0.0,0.9810954538870611,0.9936365019286294,,0.5709173102279148,0.9366416618580496,,d048231d419c08d7176eaceaa89f964709a5a5de28918f80af2d6d5cb56dc892,502b0c205ec3bdc1f0c021c084674028a122fd08e58a52be0230cdf0b279cf82,cd8adff7a3ebf07ad8be126df23bed9a44411111f3ba0cfd8a607932ea57359d
sunny-mountain-stations/0244,sunny-mountain-stations,train,0,819,0,2068267,0,819,0.0,0.0,,0.8412585997571833,,0.9461104273649366,0.05755755755755756,0.4604651162790698,0.8651500965195178,0.19020341360766893,0.0003240440699935191,0.6659261500066174,0.5277653381101657,,0.6904149132264459,,0.0,0.7175366304058577,0.9101022694700993,0.9898735859936802,,0.6836788268308138,0.8010911136107987,,8d1edf47c4a0e099e6bac09702b9eb61358d689387405e5915c4b761311fb755,cbe5a7aad07765b9159ea13722233c52e6ac593f5b2ef4c85ad81fb8e95b617d,056b846f98bab40a51f76fcfd563ce11f82c342193a106c51ecbb7c68b57840d
sunny-mountain-stations/0245,sunny-mountain-stations,train,0,469,0,2073131,0,469,0.0,0.0,,0.7757252141707793,,0.8577065980232643,,0.0,0.6770335665628949,0.42685851318944845,0.7589143704856636,0.5304437968196843,0.8968614017220627,0.8008870469335079,0.42866302408563783,,0.0,0.15133029545788623,0.910748072446301,0.9946797814359216,0.48853801169590644,0.6836170167666448,0.6746870251103553,,ede5e722aa51b1edf1b7f3550819d1fa7c743d02958fb765bf9233ccf1ea1020,69ead58a4fdecf080f2676ba45496e4a341a37ff2c77cdab2980a0c51d66786c,a58c6c3b87659f7c6f743ca8aaff9bdad24e8d286cd62ac305df238b49c66684
sunny-mountain-stations/0246,sunny-mountain-stations,train,0,12329,0,2049067,0,12329,0.0,0.0,,0.575672553226605,,0.8165113813251517,,0.0,,,0.0,0.45859844370053426,0.6596765044605256,0.9483718576008099,0.1740029542097489,,0.0,0.7458732878534711,0.9390251191812575,0.9852511026141814,0.29126068055763754,0.7673600371172286,0.7613353039455083,,90a65adbb644d54e42c7e51d5cebfa0b1e554d4d34f442db24481dcd7007c74c,f28cde20054a844449d19347046b0f78cdc41f588971b90550e6eb1e24b0b791,368aff5f057ac406e5c7e5c134292f4cc9780f5d8d8a31f8cf90774f9428e95a
sunny-mountain-stations/0248,sunny-mountain-stations,train,0,0,0,2073600,0,0,,,,0.4638123806926643,,0.967395457440034,,0.0,0.6938240933272123,0.0,0.8627748679018897,0.8105201608284959,0.8976317354061613,,0.19302143230527966,,,0.5796069781431723,0.5354130769928358,0.9792213915269078,,0.8444496942016432,0.9297513655361526,,c489b83cc8d5e13b9e9ee4f588ba23a86a21404337b41cc01afb90627630275f,df85d99031750be49655b3810901e2b76cea9b2d757a8a512290c89d7f58c9f9,4900d967a4e774b4d06d27e90ccbe9d443131b6fad2a1d2926888a26919dde52
sunny-mountain-stations/0249,sunny-mountain-stations,train,0,101,0,2073499,0,101,0.0,0.0,,0.7282015878494995,,0.9596653594771242,,,0.9532566469905656,0.48079537729435756,0.0,0.7479136711975454,0.903358738806619,,0.7779432132963989,,0.0,0.5261636311072564,0.9640559071729958,0.9835541595057828,,0.8601595366879746,0.9475536419316656,0.0,408760b135c0da743871d600304812e352ac956549d1987597238245735e8672,448ef85ddd524b1eda5440923343f04ec073449229c9e9252594792fd04c0401,33c4def251b943bff5d44620ea0b6959b0f5d5268edb0356ada4ff8ba6801211
sunny-mountain-stations/0250,sunny-mountain-stations,train,0,108,0,2064703,0,108,0.0,0.0,,0.5595312551433556,,0.9833358553378225,,,0.8281392365871998,0.0,0.0,0.8917683018550051,0.8286692571325254,,0.8318765859749466,,0.0,,,0.9830062414096122,,0.815903267136451,0.8745552762998988,,0956dd0c21f6af0a1387e957effd77c906124754c421ea783a885ae3ce8cf3f2,f0b4695f1246bc1987be1637c4da90f95bdf51ea6471608cf6996822437cf2da,143951c365140d660b901d1fbb54ddff8f654cb6b7d06fcc17bbb56cd0a60460
trackside-maintenance/0000,trackside-maintenance,train,26292,40031,72166,1950471,98458,66323,0.189849013279033,0.3964235634696862,0.26703772166812245,,,0.9158516295477281,,,,,,,0.0,,,,0.189849013279033,,,,,0.6581851713108376,0.1916175024582104,,e41473adaa20b0dfe8eecc7e6000f550ae13c68770e4946667d4c938e7a89230,6eae10b192e629c0f36ad37a409384070a694a94a460f980f2382eb5867a7dee,c9e4f68a9d8b7b7e6cf3bbae2544b946fc4d81dd55cb46a04c1f9a5b7c0e1a31
trackside-maintenance/0052,trackside-maintenance,train,1172766,122700,4660,788834,1177426,1295466,0.9020402637898173,0.9052850480058913,0.9960422141179148,0.0,,,,,,,,,0.0,,,,0.9020402637898173,,0.9745883309615776,,,0.9279485889852284,0.8006540074699976,,efc1a697946924df5b504e34114d2f5a5bdaff8ab191a9dd2c8d978a19525204,b08d2332f951a48857173d7c6d8c0dd3acc61f0b77d72fa0e07f8bd050dab3ed,e8f2e815e0dd5bd2ac3d6d0e8e3ce0d76a9e9cc192f990a0410a2141c278b636
trackside-maintenance/0055,trackside-maintenance,train,1160877,190414,19919,717750,1180796,1351291,0.8466077406086595,0.8590873468409099,0.983130871039536,0.8635529384774213,,,,,,,,,,,,,0.8466077406086595,,0.9604089278343969,,,0.89714656445405,0.676407269516201,,28f3b3d7bec0bf474a3fc09012c7f4ef1b0b5a4e37e51acf00fbc5bea657569b,3428e465d64a4a778d06e5751cb25564677eb49240c8bdb9097a7c35e58ef4b5,bab890aa523ac116cf7b53504ae645941dc3279a199445c5c5692e6ab27c76c7
trackside-maintenance/0057,trackside-maintenance,train,800055,388,9851,1278261,809906,800443,0.9873638457152589,0.9995152684201124,0.9878368600800587,0.9014201819772898,,0.0,0.1294128491105171,,,,,,0.0,,0.0,,0.9873638457152589,,0.9570898881461977,,,0.9642061573025151,0.9779628594433533,,76a244cf235702a8709bcd5845224a9a5785c3cd791a1fc89b4d54cf065746b8,66fa21d4235bc5f70ab93c1c782cbc4076e5734ed8154dcdd313d55669ac501b,fdc56fed67718d892b22133123e8840ca625369a52de339863dbc83ee964b647
trackside-maintenance/0058,trackside-maintenance,train,1290114,40228,37943,720675,1328057,1330342,0.9428693583573597,0.9697611591605767,0.9714296901413118,,,,,,,,,,,,,,0.9428693583573597,,0.8707211586817313,,,0.858114961509853,0.9142904772166361,,527bd4c6f5b48a8fa052db415d684acdb3dcbf8021025486fa219182ad9059ba,008176814841aa702e3ff2dfc230737e3cb33c8e155dbc245a12048e5f4909f9,9302b30caee6335379e6eb59305d8e8b433f1695b9f2f27a76fbcdf6a019cc65
trackside-maintenance/0059,trackside-maintenance,train,1217895,26784,36109,808172,1254004,1244679,0.9508950739700872,0.978481198766911,0.9712050360285932,0.0,,,,,,,,,,,,,0.9508950739700872,,0.9550490067219948,,,0.845609374590386,0.949293707204305,,8f38d8ecfaf13ea9265b15f72d8c2a5f6320df894c563c0277971f5a71223076,1f8c92d4ffcf481e87a310434020e2a207908305a3e4385ba8853f7e9a504821,11e05b1e138c30905b8185f4768c5cbf86d4690b697f9861bfc970e697586b4c
trackside-maintenance/0060,trackside-maintenance,train,1401201,29825,11009,646925,1412210,1431026,0.9716830728796457,0.9791583101914291,0.992204417190078,,,,0.0,,,,,,,,,,0.9716830728796457,,0.6178498985801217,,,0.9185940387730733,0.9420027350147001,,af2519b33d6b5f52478d8c41669353834cbc46bda125e944b6f0f559e55e7d51,4e3ca1d512b429bb6d50e227bf926a6266bb4b32e6713b6ad6596226cf0f24a9,ffa6cb8e1ddcbc95effffb6b56b3ea0e9c77d82bf6c1908093abc1ff23c31a63
trackside-maintenance/0061,trackside-maintenance,train,1661427,27772,7279,392482,1668706,1689199,0.9793389598922002,0.9835590714889128,0.9956379374197731,,,,,,,,,,,,,,0.9793389598922002,,,,,0.9644195999478855,0.007667824074074074,,8bdf064f89bd89d79af62f1c4461b3024cfa2110a8194ff5044d74f7f592fc74,742cdf67e16935b556c2f1b64a61a037554ae04c5dc6242622296872e46d66cc,863a5e90f5be2ba01efd5cfc4a5f1e2239aa22c45d5b973d2e16f32d2b092441
trackside-maintenance/0062,trackside-maintenance,train,1897464,6622,4992,179882,1902456,1904086,0.9939164350539894,0.996522215908315,0.9973760234139449,0.0,,,,,,,,,0.0,,,,0.9939164350539894,,,,,0.9467922164734119,,,6f1c22c5a26f9c6f9349d1b7472ea93537d6383a9cda356167f51397f8e8f989,23aa6346cd5ebfff7f9a2b1565a4e7ab2291ccbb4a27de12c6b65e4e02e946a9,e2ebf07f491fd51f2007d4eaf2ba66526d5192cb082268ec350ceb3512a90f99
trackside-maintenance/0063,trackside-maintenance,train,1328007,30309,8377,722267,1336384,1358316,0.9716937161454694,0.9776863410281554,0.9937315921172357,,,,,,,,,,,,,,0.9716937161454694,,,,,0.9578163618388532,0.9427542976584422,,f25b27c24e3ff91436c5e3877a5df281c4dd826a5c70266f8b58faae4174a2e4,5e60d85a56940e8ccaac6003a40470a5f53c4dc940d8c77d3d16bdcd21c01a28,f682fbe0b512235f4ff88f77c649bd924a8623aecd6ba651ec8e36e8f07c5d3b
trackside-maintenance/0066,trackside-maintenance,train,1290931,33868,6779,757382,1297710,1324799,0.9694745632625351,0.9744353671764547,0.9947761826602245,,,,,,,,,,,,,,0.9694745632625351,,0.9466300096366419,,,0.952628183704717,0.9403215472118446,0.0,6223c858287f0677fdc6d3b7cc8038c3ecc2f0d657d409ea0818439bb88d0fa5,43a4179d47c711e75f6cf339d73d705cfe9ee6c9dfb53df5c804231ca8dcc292,fc45e8a1ae8464f6f389575e4f20653c92fae420987d97bb5093c74445ff0516
trackside-maintenance/0067,trackside-maintenance,train,844947,19625,12776,1211612,857723,864572,0.9630693863780393,0.9773009072697242,0.9851047482695462,,,0.8091415465268676,0.05390835579514825,,0.9011201517860401,,,,,,0.0,,0.9630693863780393,,0.9780455642580449,,,0.9282676702217919,0.9583861309004215,0.0,0500732a4422c6db9e57d541c1a7f0c06c3e10fd30ca7e04d1cb512dcd29b739,2f621dbe19011b469c294190d6d920e3aa75422da05c80a309ee6fbaed7048b5,4a376fa4a80e69822879cb4b73df373a1465e842ca2d1b793a71342e2b3f33fa
trackside-maintenance/0068,trackside-maintenance,train,1042691,27814,11307,1007148,1053998,1070505,0.9638375244497196,0.9740178700706675,0.9892722756589671,,,0.6179955171309638,0.07142857142857142,,,,,,,,,,0.9638375244497196,,0.9670240799636529,,,0.9472343839941391,0.9441278598679274,,2002370858caebe870952bed7a32a15d4c1e010a5b718f1e3c6e2a619ef1550f,8609c48f75a7d2884ce4ed65218ab5c43be51c427faa25d314e09ce0ea303303,d376c2aa6c8ae42ce0fc1911c4aeb6455421a7b1db94f6bf08b3bec22ffad093
trackside-maintenance/0070,trackside-maintenance,train,1871094,41941,4270,171655,1875364,1913035,0.9758979400773482,0.9780761982922425,0.9977231086871668,,,,,,,,,,,,,,0.9758979400773482,,,,,0.9413800289562585,0.0,,8da8ac7ad697e79d43107c8ebe4903d9b515079f50e3b43f871cbcaca0df5d1e,b594ea4ae2a8c778d1db9fc49967f5606bc51cf59cfdef65be52b10f58ff4011,39508f946531b6a28a9a2961fbc95c6ecdb4047cdde6fdc0c0c9cbf6d45aa26d
trackside-maintenance/0073,trackside-maintenance,train,1538971,37175,25428,487386,1564399,1576146,0.9609115782349114,0.9764139870291204,0.9837458346623847,,,0.0,,,,,,,0.919863628064995,,,,0.9609115782349114,,0.5339756763130411,,,0.9349338900487126,0.43821801212384304,,5652f16f45d364803ae0cb7862cfd6866fbbefdeeefdf76929de1dbf58fe7814,d8e53f588fe1c75d94555ec5614504bb322ac9ecadacaea8932c5bbf08610032,0f58309635b90cd6464391b0ad00b7969b84ea50ea1cfbecc342f13d2f8dcb6a
trackside-maintenance/0074,trackside-maintenance,train,1299774,62877,46769,679540,1346543,1362651,0.9222048786025457,0.9538568569648428,0.965267354997204,,,,,,,,,0.0,0.669119086134244,,0.0,0.0,0.9222048786025457,,0.24554057057302936,,,0.8713354031446973,0.5438594888009577,,093b845a2d8a639e83ffa1ecf5fde92d921664c2417e66a25b10d3dca8f6d55f,38c932592ff33a4d70acc23ed4568945de39640d595c56f80f8beb4f6d5e6c94,2e92670f340d1f9e7f2a795d14046a656d1b70c479e0e366fe7b580e4c2b5572
trackside-maintenance/0075,trackside-maintenance,train,1493256,127591,14918,453195,1508174,1620847,0.9128792950087574,0.9212812807131087,0.9901085683747366,,,,,,,,,,0.785717665615142,,,,0.9128792950087574,,0.0,,,0.946281623910978,0.18871653208669784,,03904f8a2512daea1c39d2cbdedf3303eb95dcf456e4adbc73e729eb2d9aca10,93f4f3be37fc1a22e66838092bfa5c7b4ac1b906ac2562c03fc4232dca424e8c,4a7982f99ce5ae960d754700c1b955890d0144194700b0f56aa81d1b8a413fa5
trackside-maintenance/0078,trackside-maintenance,train,1293055,41078,3943,750884,1296998,1334133,0.9663539290742827,0.969209966322698,0.9969599027909064,,,,,,,,,,,,,,0.9663539290742827,,0.8895607041575259,,,0.9304097370621573,0.9433247116620305,,9072ecd1d6bd9a6ade7bbf9d4ebfe4912556baadda2bae4e1a66249b89915dc1,1eaf2cd3689a0fe9c0ad5ebb222ac03c3cd690d88a9826248a162160f7faafb8,b6bed4a7b346cd874f3638d3a26e5d43df40c9df19f5bb38616f99f8be4145b9
trackside-maintenance/0079,trackside-maintenance,train,1300804,30406,16212,741538,1317016,1331210,0.9654020789329549,0.9771591259080085,0.9876903545590942,,,,,,,,,,,,,,0.9654020789329549,,0.9634674922600619,,,0.9168724667457488,0.9528176856709216,,7245d072113222a13b028579251a425ef833a8850f977f01ffb13f42c5569754,269024024b0ab056a42083d816412308ea4b46b3c9fc0d2596969ddfdd07ad7a,e66d333f84465396b1267ceaa354d9629d0b37e5b2b8a87cc53affc53c1bbf3a
trackside-maintenance/0080,trackside-maintenance,train,1183668,40326,14291,850675,1197959,1223994,0.9558930294722136,0.9670537600674514,0.9880705433157562,,,,,,,,,,,,,,0.9558930294722136,,0.9646127646813114,,,0.891731660628688,0.9456848955786517,,045d4791802edd4766cb20165f7f89e48500708e9eacc4fb3176b9cd89733d49,768207717996a901fa4c5795e878add2eca0a4b7d84e38ba927111d2d2b9c794,f090974d9849c6086093f7b7dd45c6a0d9f79df6744dc5ceeed3883b38b7946b
trackside-maintenance/0082,trackside-maintenance,train,623727,158962,16536,1289735,640263,782689,0.7804147768150396,0.7969027289255375,0.9741731132362794,,,0.9326544608932855,,,,,,,,,,,0.7804147768150396,,,,,0.9405684610541214,0.23729729026212354,,65b79e130b09b882fa33f7676d2436a802b097d73fc606fa0428a40aa7592ed5,c18f270edeeac58e89a27f4e92db3c606d1e98ed7d9605fab190e4b2e8bbe628,4a60f0d529268133f889751c6cdc096759c2044feaf895625a315b08185cda8f
trackside-maintenance/0083,trackside-maintenance,train,1589928,25815,7688,465529,1597616,1615743,0.9793628432622021,0.9840228303634923,0.9951878298665011,,,,,,,,,,,,,,0.9793628432622021,,,,,0.9425072632190586,0.9114265784850677,,f93539c0825969b6f96f386dbaa98f06caadbcb1d80a39102a077ace90560d5e,82efdc0cda609b8ffd12a935a3354e0d1758ab9a02c528ae1bc2155d24d0c3b1,1fc4329717aab28068f4798183596c64e749d2a96055956367edc22714f995ae
trackside-maintenance/0084,trackside-maintenance,train,1383555,27762,16432,661211,1399987,1411317,0.9690463800009665,0.9803290118378791,0.98826274815409,,,,,,,,,,,,,,0.9690463800009665,,0.0,,,0.9554909219108055,0.9269625495138639,,78b655ec93b0e9575d9bf363a03233ad6e48a40c1e428e86125f919cccf38ced,11dc7abfc6839ef76f71e2f504f39513075773ba30a0d472935d77b70c7329bf,5c8dfc25d2b605d34e8827064b72c9ac1048a98f595a8e9fd1b6eab279972105
trackside-maintenance/0085,trackside-maintenance,train,1321493,42790,5001,719676,1326494,1364283,0.9650978175455202,0.9686355396937439,0.9962299113301681,,,,0.45363408521303256,,,,,,,,,,0.9650978175455202,,0.676063829787234,,,0.9607442156097359,0.9218262095826478,,1fe7cf2ae2eef9be85f098226cc6e927e226f7e34a356079eaf30f81a5517c08,a0af4d1a49f7b2bb75c996039450d8507555a89e47ba27e24fb84a3b844237e8,f109fec89b5988cb9906625069445c49b787efc3d783b00137201ea956b41703
trackside-maintenance/0086,trackside-maintenance,train,847208,25449,7479,1208824,854687,872657,0.9625876000981667,0.9708373392982581,0.9912494281532304,,,0.768592260235558,0.15480225988700566,,0.8341275540178863,,,,,,0.0,,0.9625876000981667,,0.9616648628486008,,,0.9419511213820647,0.9505057310111888,,9db552632140a4fe745fdf61a0d0fa31fc4952af06addd32095a7c1372bb9d8a,6dd0b988989fc57ccdc706b72227722a022ce5b835a5c0aa09bf7a6d9889b5eb,362044424c6bf0abd10b8583d16f0c1cbacd2cbf85e354a246b18a7cef4e0950
trackside-maintenance/0087,trackside-maintenance,train,1014097,30769,10621,1033473,1024718,1044866,0.9607858741983558,0.9705522047803259,0.9896351971957162,0.0,,0.5776121197547193,0.25,,0.5700914235959947,,,,,,,,0.9607858741983558,,0.9637301410978537,,,0.9365356798457087,0.943676797407727,,95207ac84f3acc3ff5c55764aa554bffc9f0a32f4cab08eaf951e2fe43877d51,f2fc551dcbe79800027e1f2d41cae50208e7b13341f380e70dfc14418cd942c1,0b7a21e9943cf7c9497874474fe49fb79eb3ab9d098529a71dbde42f7cf47799
trackside-maintenance/0090,trackside-maintenance,train,819218,20987,10029,1238726,829247,840205,0.9635206307910528,0.9750215721163288,0.9879058953484305,0.0,,0.7994358251057828,0.058682634730538925,,0.9046999196831639,,,,,,0.0,,0.9635206307910528,,0.9784653823781345,,,0.9392588291408308,0.956475341946901,,0a5483a0127931090560f2cb06532b9de62ff8978b5d2d75fc73f10c9e628fb9,3d8ae1b13c7b8c3541544116e3b1dee27d82e71568a1ed54c03b6b6fab6ddd84,03734bed3a30ad3cef9df637f8c3f76fd282c19d1fd17691e2ee142ae12b9587
trackside-maintenance/0092,trackside-maintenance,train,1300513,21081,12828,754538,1313341,1321594,0.9745889980830652,0.984048807727638,0.990232544327787,,,,,,,,,,,,,,0.9745889980830652,,,,,0.9352442202140046,0.9652222103730225,,b46f2ac36452a0a15ac8e7c69746492ff0b596b959f253d1612c3db9998b2895,4fd4cbd8ce9ed83ac03e762814e76a63630fbe7269c9766c1267d2a94ad2e985,7e712257b39602e7a0a74d04c15982371e7281d44b898e78110228b8ad8f5ad4
trackside-maintenance/0093,trackside-maintenance,train,881835,26713,12139,1168273,893974,908548,0.9578010768046035,0.9705981412099306,0.9864213053176043,0.0,,0.7929765886287625,0.11032863849765258,,0.8353819822623308,,,,,,,,0.9578010768046035,,0.975166055613751,,,0.9333321981758018,0.9504987348775503,0.0,6259e3456d036d7371c800562ffea682d470ccccfc442c166f67ae5f354b645f,df9edb6931f521320ae96f20a6f60e410e0d6a5d2669dca96c03092e76f48260,c8eb645589568c1585d05efb9857a041528a50d43524c676162750071dbe0a0a
trackside-maintenance/0095,trackside-maintenance,train,810354,24453,16200,1237953,826554,834807,0.9522295351272081,0.9707081996197924,0.9804005545917145,,,0.8236613819922226,0.02854230377166157,,0.9231620519052166,,,,,,,,0.9522295351272081,,0.9766132979095294,,,0.9375825684138286,0.9349134830810439,0.0,2c0673f9062a1f999a14ea9f32f3a730731ead900fcdf51751a187ad746dfc7b,bbdfa9f6399575802bf5afbbe98eb2dcb7585313171454162b522e900c9f1c5e,420fed9e21aca519a62b4c972533292a79a49369807f71d93d68005890a94468
trackside-maintenance/0097,trackside-maintenance,train,1537790,25954,21983,263450,1559773,1563744,0.9697697018465348,0.9834026541428776,0.9859062825167508,,,0.0,,,,,0.0,,0.0,,,,0.9697697018465348,,0.820734846711912,,,0.8985741971207087,0.0,,069e56fc048051d80ef3d6c175598cb6a1df2596f82c85bd8075f4b88100565a,4d8fc7a5057b6825f2df28ce7b288ca212a7e1a81e0260c08c4b9cf2421ed1e0,e6d4190b30bc17102d1d7f40924d822f1f32e9206905d6b2f395d051f87655f6
trackside-maintenance/0098,trackside-maintenance,train,1727105,25803,9802,326250,1736907,1752908,0.9798009882510452,0.9852798891898491,0.9943566350990583,,,,0.0,,,,,,,,,,0.9798009882510452,,,,,0.9110100273931291,0.0,,fc04d89f6819407752a53d790ea973fc002344aa19eadc04b345225545c7ce53,94fe3c588358c6ff8a62bacee27373a7c513eb4df5684f7c8ebbf38b5be28c66,73419157fd49ed481e0b0334eeb698f7fb8e3edc8ed269c1c651bb08577a637f
trackside-maintenance/0100,trackside-maintenance,train,1099479,18704,37958,343859,1137437,1118183,0.9509904068794377,0.9832728632075429,0.9666284814016073,0.0,,0.7839829541514585,,,,,,,0.0,,0.0,,0.9509904068794377,,0.0,,,0.7840481651376147,0.8988839913720341,0.0,295de469c85a2cbd063ed52a760230d5847fd6ca3ec792d4228e881a1fc88163,c20e921d0e7477cf9902bde354d8ff7d36f6de0c1f3d07f5156553727adeebcf,44ca09f025c9fdb74de0d392d16d7609b6ee82300b41645dcb2748be267df4df
trackside-maintenance/0101,trackside-maintenance,train,422138,56811,13608,173443,435746,478949,0.857033805224573,0.8813840304500061,0.9687707976665305,0.0,,0.42694805194805197,,,,,,,,,,,0.857033805224573,,0.8597242035187826,,,0.9176859933162455,0.5673521177265644,,f18cd13f8be6e6da511d8cc5f6ff2f0e8e5ffa3cdc730d55f0752e075e4be9a7,d70fbf50bcfb39b15a24b90fc58a5a1548d92a3c9a6934b757d381ca30e63faa,7dee6b676fb12acfc9301783b76065bb119bcfe722d1608f55c4e08e7f5e0114
trackside-maintenance/0102,trackside-maintenance,train,305442,8129,95391,1091038,400833,313571,0.7468713474601553,0.9740760465731844,0.762018097312347,0.0,,0.7639187067114755,0.0,,,,0.0,,0.0,0.9730870931158745,,,0.7468713474601553,,0.6134290984408973,,0.5042395620908018,0.772528035885934,0.7279911788996468,0.0,d32849c8bde9dd413c6d0ab82ca84e62323fed3319cfb99825a11f91ac7baef3,2dac0597829fa4f2262f10ef40bfadcec5e8066ba8418a99102ee49d9594cb56,68a1156f03406a995ae6bbaff0880e2459221394f4f19c5081ba2d30e9cdfeac
trackside-maintenance/0103,trackside-maintenance,train,761986,324144,18426,984404,780412,1086130,0.6898572820210112,0.7015605866701039,0.9763893943199233,,,0.8368086994382065,,,,,,,,,,,0.6898572820210112,,,,,0.9569811888470368,0.2506626618146344,,bcd725f20e45aba176964b9c6318633c2f7a70f7664784eb0dfc98abf0940141,e5199e21c5930fc2d5d9e32f952f30d09cb9eabafaa1f28946192d0c93d80709,0589569c137d08764628a6d81f6ef9f62a4568dd1aad6546a8bc9b44023de40a
trackside-maintenance/0104,trackside-maintenance,train,126885,15987,8470,271158,135355,142872,0.8383991225172127,0.8881026373257181,0.9374238114587566,0.0,,0.0,0.0,,,,,,,,,,0.8383991225172127,,0.9861861436612738,,,0.9490678087535226,0.7364251579588825,,8af545cd5a93e866ceeaf9e8b89657bd1753fb543ecfc98e2121144440cb5e5b,44128203bd74b7e69abd931e02769a870f0f033c4b8a9c6b7e41decd53e337ae,5f42c872fef008cd38d55c0019ca5bbe994eef80d2dd2155eda9cccd016a5ad3
trackside-maintenance/0105,trackside-maintenance,train,204195,49853,3356,529028,207551,254048,0.7932860406209694,0.8037654301549314,0.9838304802193196,,,0.11262459874978882,0.9139446354641779,,,,,0.9883618202798211,,,,,0.7932860406209694,,0.0,,,0.9447502651381243,0.932781143377572,,d1ad562afeae01ddb70bc66ae877af92f08918967c215ffefec2257c3ad76fa6,5cd1dbead77c080576228588561fe2ea06379f9688fb892b1447d06414f13aef,3b476056121f489d9345e6b2f89484e73687d5d47e6106c324d9ef353d2c78ae
trackside-vegetation-closeups/0012,trackside-vegetation-closeups,train,0,0,0,2088960,0,0,,,,,,0.7671674771570739,0.6136913765819018,,,,,0.760815298790944,,,,,,,0.8471337888964978,,,0.7658951312637845,0.7282196331963993,,6d411277b073c9f8148657c867b1259110caffbc10996436432e2bbef233e3c7,40d1f706fe9ff7aaec7e0b724531adee57bf3bb126a5da404cc86ed0ebfca460,3931908e4f2f162a256eaa7653284cf3003ac84e48ee473cbd4c55b636529f27
trackside-vegetation-closeups/0017,trackside-vegetation-closeups,train,0,0,0,2088960,0,0,,,,0.0,,0.7411998658191935,0.7071660355004041,,,,,0.6667589191365169,0.0,,0.0,,,,0.7593490639379741,,,0.789306963661377,0.7224818414868618,,028a08528e4e767ba7b3c0cf28e85786354503f78c2dd0a447f206796a58013d,a5bb98361d8c5d8e2bd93d102162e9cbf214e4963de765e5d89ec12348a94499,d0435904ee2635cfae342f069943e7640b85c3e531f86267b45fc13f2f21e610
trackside-vegetation-closeups/0018,trackside-vegetation-closeups,train,0,0,0,2088960,0,0,,,,0.0,,0.5206361319271684,0.6718484195913544,,,,,0.4673644757290429,,,,,,,0.8537758555707723,,,0.8402012970282375,0.617927844168802,,c63ccdb72ee621ea3abddc87464bce0d0d17c15f939a53a7189ff1ec3c846dd0,4c83b0b3a6aa5d6b746cfd84398f59574b1d3de5dbf1d58a5a038057eebf64fe,19985a798150c0d4a7af26d4e1ef82629d272e4be2e444fc101a3d92f298fdfa
trackside-vegetation-closeups/0019,trackside-vegetation-closeups,train,0,0,0,2088960,0,0,,,,0.0,,0.5734657954562183,0.4924603975793822,,,,,0.778951431067054,,,,,,,0.6682948444735871,,,0.8918353822364466,0.7179335328522959,,0f04b3c645dadb7431f751cf0813b5b34e40f34c8786fd50a006d9a58a70b608,6413c339aebad555f98f05dfecfcdd2819360be120b621b2087ee6bd8ad47ab2,0e3b0715460e80160f1664c72d500cf63011218d9cebb7ef8397719ff7573585
trackside-vegetation-closeups/0020,trackside-vegetation-closeups,train,0,0,0,2088960,0,0,,,,0.0,,0.7422992414036499,0.7123972738831097,,,,,0.8242138420428604,,,,,,,0.0,,,0.7445048897833402,0.7297287518242013,,1b155b4a115f6ef6baeca7676fd004b92d57f38e06386f5ff1bd7a83f362ec1b,3a7bf8a3979cdfc107d19f7ade7089857f99c13d82793b50b1543f968610e9d5,b612f2c1862759b64a5af8ed1aff70a17b53447da8c4c7ca874ba915cac83b5e
trackside-vegetation-closeups/0028,trackside-vegetation-closeups,train,0,0,0,2088960,0,0,,,,0.0,,0.7613877989343687,0.7077049712135782,,,,0.0,0.3587723127110662,,,0.0,,,0.048071226120514336,0.7448964025185144,,,0.8202912405764591,0.5642483122551853,,4e19459360e08e5f3877234f1a74ad6e98184568c64a7688ff552fb1f571e05c,6e80ec77d7ceb1afb45838b1b1336114098c095ad6dc35891ce5107082906ffb,705fa5f3edd9c75dca75a33c8f215b52e53eb9d44047e0a81d71fe448598ae38
vegetation-worksite/0262,vegetation-worksite,train,0,0,0,2073600,0,0,,,,,0.915442867888153,0.8443396226415094,0.2623093141510604,,,0.0,0.0,0.0,0.4552605703048181,,0.17604014217018607,,,,0.965547066069229,0.9935344372638366,,0.6217153284671533,0.9169931488959878,,54396730a7d632e6ac164891ed59aa4b248397c4bff8ad0524ee051361535740,46c8337d6d7cba2b8dd9fcbb263eb487f40f160d4e1a4d22257c1b1646d1715d,b000ac06fb92332d69c91dc69273489d2edb40e7a238167cabde50c72023e390
winter-town-cab-view/0185,winter-town-cab-view,train,0,0,0,2073600,0,0,,,,,0.7201523092040616,0.9642292205924647,,0.05096418732782369,,,0.0,0.8831195414847162,0.639797196360399,,0.8119715822929433,,,0.7068372257089803,0.90541037027571,0.9858558183113286,,0.7754892618925456,0.8967629261573277,,5886ace53044086e84b2f4b85a962b8fc5d0e5df0f398df5bff81f0cefcdd458,02c16b4cc608d35f80fa4005304b2eb74c5fe0118ed6a9e69a447f8a392ee621,01b5a0d82dae675807e587d556892186b33feeeffac59f75cf44080f0d5eca5b
winter-town-cab-view/0186,winter-town-cab-view,train,0,8007,0,2065593,0,8007,0.0,0.0,,,0.8385214007782101,0.8273927989867921,,0.014427701186277652,,0.8386612314953873,0.1458675688738521,0.8455802392418829,0.5028087512231658,,0.7138239123602568,,0.0,0.7205503009458297,0.8882815883713806,0.9893487565002383,,0.6605792979567398,0.7950440115139127,,7b53cc55f0bba2e1833ae405668e09335397f1631bd62e9570846377941ee427,08d83649e29f837a10e16cfb3566001c6a2b63ac1223b3dbe22e3520c2558d42,16d3280e0acf3e9bb90d1d43dcecec3adab9f403b4f4a9ce94800c5f62aaa63e
winter-town-cab-view/0188,winter-town-cab-view,train,0,0,0,2071713,0,0,,,,,0.7428451766019825,0.9774631352389761,,0.0,,,0.7699994122141891,0.8422150636600706,0.7415528415669879,,0.3956497934398487,,,0.0,0.9275134716640768,0.9969801813730126,,0.7352303914487939,0.8363386907095257,,93065b17ef536461211968f71d3b394d46cb55404435af01f1702cc875cdc85c,21220ea9d1dcae3c1fb53dbcdcfa8ec5f2d0d48d4fb3c882b2fc13ebf6880d2c,076cc8aaa1d1feb975cd2f4c8ccd6aca4e806a5addb449f528187e3e9b7ba379
winter-town-cab-view/0189,winter-town-cab-view,train,0,0,0,2073600,0,0,,,,,0.2671090833678971,0.9676539563971163,,0.4929019756518809,,0.0,0.5944848914374073,0.8694673874269407,0.8209260642270351,,0.3601654470251352,,,0.0,0.9669866218729378,0.9968835101455295,,0.7795393359258151,0.9138644319507797,,06118b62db2d8b18889a7d9354ef0877b3f5042e249ab6f22e11ad80c9f3242a,db98ccf750fad56a37d5f1801491eb4450766aa87b85bdebed63fbf39363aab5,b786a92c79a9d03405709434197986a9b8dffc56ec49921ccfbb0df179556a93
winter-town-cab-view/0190,winter-town-cab-view,train,0,0,0,2073600,0,0,,,,,0.5334893422190569,0.9748876323039003,,0.575625,,0.45202952029520294,0.48113785801849995,0.4095097258559891,0.7426091920265726,,0.8407754424467516,0.7959001782531194,,0.7500868236438147,0.8025684222154713,0.9806076404625494,,0.8662793686699912,0.9683349431135416,,55cf7c8129b7d290a98190185ebf3f9c9c1bcfda8b3256a472c4c639eff7e307,3723a2fa07fa1e444728f5b97c5e1abb879dd27258f29d287ce29622eb296f01,05b5b082563aac658a6c92762552aca3602a2fa25f5cbd51fa89b9eee6c4ca1f
winter-town-cab-view/0191,winter-town-cab-view,train,0,0,0,2056311,0,0,,,,,,0.9401013634732688,,0.0,,0.11052815669814621,0.900271488371471,0.2565359477124183,0.7581155598177896,0.8309317963496637,0.6640420236548246,0.9307323524549512,,0.0,0.9256012598984846,0.9728203756283506,0.6081903707802988,0.7561473319049077,0.7108647566423907,,fddfb8962d8961d625bea817fe5552ec2c1d016f4d6cc0fec53b8171c0f10c1d,d2f01638f8e68cfcba5c60ea363c59798551ee7d037ed50a9aa578dd2fb4cb78,b3574049635a9699452349362db2242cbb25506a97342b23f3c74c5ee33158d0
winter-town-cab-view/0192,winter-town-cab-view,train,0,0,0,2073600,0,0,,,,0.0,0.6876240127611563,0.9725508148690716,,0.5408056042031524,,,0.8764415032900413,0.6292270176572553,0.8084134769392854,,0.14788732394366197,,,0.6513524916787774,0.7059632993029324,0.990162694310427,,0.7671106643210187,0.8113518521818149,,754211da40dd122ce82a710c71d8d2d60c6a74f3695406c8e58832fa940cea1a,cfb371e8c8bd13f21d3db1d5a4cf7a892f9a2b329deaf4b3848864894800aed3,8bb1ac170d416279e9b18249dc4b98468db73dc41345171f53e36f21b20ee9f2
winter-town-cab-view/0194,winter-town-cab-view,train,0,0,0,2065582,0,0,,,,0.0,,0.0,,,,,0.83242242348637,0.7105605261145522,0.28065078442765834,0.7988974843150393,0.6807631874298541,,,0.6578751008847401,0.9171977966273529,0.9896346547411506,0.55451743402042,0.5798010711553175,0.5664400956080071,,86bec697fc86a9152f90aa11441db7d66b5f096dac9422d72d66e592861f8801,ea751052eaed16e461703bfba2c8c200e9c8131633cf64766ef9163dd3489c13,12516eb7586ac9e9f37991b1cc46055ffcd248b327afbc6470aac7fb87046baf
winter-town-cab-view/0195,winter-town-cab-view,train,0,0,0,2068564,0,0,,,,,0.8221540014298331,0.0,,0.7846944603083952,0.9127874142799516,0.0,0.7742174429445345,0.5580327343603984,0.8241788221599796,0.54112,0.5801803302584179,0.8350160059098745,,0.03287228309682055,0.8768514161709658,0.9755914594195797,0.3630979498861048,0.5274911150388658,0.7005034755415493,,b011832e15f90292721c197db21ac1d902b6875259288cfca2f254319ca7f8a5,0a45ba6ece7b7c7ebb7ae6157bc737c892166881a058b9be199973dab69d56fe,c2d1faa4264a413d381bc608c19d5a24995d74391617c4a7e12322ae96a9b43e
winter-town-cab-view/0196,winter-town-cab-view,train,0,0,0,2073600,0,0,,,,0.0,0.705404290429043,0.9510370157975941,,0.0,,0.6833188531711555,0.7319741905391223,0.6483519335582663,0.7223694688424831,0.6156530408773679,0.44847422805003323,0.7593062605752962,,0.7040519730813197,0.8411275372136814,0.9680470136296278,0.35260115606936415,0.6678562324751466,0.9423498950565977,,6642757595beb9bad0e29bd2abf92ae99ddffef5f2d5a4fe2af3140090621eb3,971c348d7203741a3df3355f28bb6b24e8ba5a9b8d393d99c2d3149c46519a06,cacce3cf779ae808cfbaebcca1f2713048d078283af5333c9846501640195fec
winter-town-cab-view/0198,winter-town-cab-view,train,0,0,0,2070318,0,0,,,,,0.0,0.9411321049141104,,0.8693730083928011,0.9157067050508089,0.6223373632700058,0.5466894489534387,0.8624988167553964,0.7458667861203956,,0.5382627542514171,0.9204691930910028,,0.7829220679053389,0.6751357262820763,0.9921048046206963,,0.6660905260883656,0.8325666915589917,,cc5f67af19f67c1a6ec338148aac18a59457131b40eefe18cb47d42221300216,0dbb68073d6882c06ad4b479071c7b4b7db0f0406be6f2c0cc90a390d0a77a66,328431af7626590b346fc977bebdcd5d53293887fb11056f5785c50a4246c078
winter-town-cab-view/0199,winter-town-cab-view,train,0,0,0,2073600,0,0,,,,0.7225598855917054,0.6322696689094663,0.9793607929253961,,0.7178329571106095,,,0.6919925512104284,0.44666088464874243,0.8248690646576807,,0.7093919497573509,,,0.8116225484942664,0.9166407724223321,0.9888141334776165,,0.7818950688073395,0.911622079398594,,bf2591468b8c776a8775aaf5f6535f7fa792b9c0ee28c52f9e87b591efe4c9b3,073cab9e51ecddedc95299e84dc6d995120a0ac8b5b993f541211aadeb7f8e1b,3a56814b1e545eb014fb1a9bdba19ac6c0f0add5698f9915cbf3a76c52ed300c
