phase,attempt_started_at,elapsed_seconds,device_used_mib,gpu_utilization_percent,board_power_w,temperature_c
training,2026-10-05T05:05:00.860093+00:00,0.3715457245707512,0.0,0.0,33.37,36.0
training,2026-10-05T05:05:00.860093+00:00,5.772414185106754,1705.0,0.0,57.02,37.0
training,2026-10-05T05:05:00.860093+00:00,11.136273622512817,9501.0,100.0,107.91,40.0
training,2026-10-05T05:05:00.860093+00:00,16.48286122828722,17471.0,84.0,270.99,45.0
training,2026-10-05T05:05:00.860093+00:00,21.884309865534306,17473.0,89.0,305.94,48.0
training,2026-10-05T05:05:00.860093+00:00,27.24909857660532,17473.0,87.0,278.57,50.0
training,2026-10-05T05:05:00.860093+00:00,32.600483402609825,17473.0,96.0,323.09,51.0
training,2026-10-05T05:05:00.860093+00:00,37.96342147141695,17473.0,95.0,286.47,55.0
training,2026-10-05T05:05:00.860093+00:00,43.36386041343212,17473.0,95.0,289.3,55.0
training,2026-10-05T05:05:00.860093+00:00,48.71658109128475,17473.0,94.0,290.1,54.0
training,2026-10-05T05:05:00.860093+00:00,54.112993724644184,17473.0,81.0,299.58,55.0
training,2026-10-05T05:05:00.860093+00:00,59.50292560458183,17473.0,96.0,301.89,56.0
training,2026-10-05T05:05:00.860093+00:00,64.9137862175703,17473.0,91.0,295.6,60.0
training,2026-10-05T05:05:00.860093+00:00,70.2068449780345,17473.0,0.0,264.42,55.0
training,2026-10-05T05:05:00.860093+00:00,75.58021345734596,17473.0,96.0,288.79,61.0
training,2026-10-05T05:05:00.860093+00:00,80.98198504000902,17473.0,81.0,275.8,60.0
training,2026-10-05T05:05:00.860093+00:00,86.32676453888416,17473.0,84.0,294.44,60.0
training,2026-10-05T05:05:00.860093+00:00,91.7309664413333,17473.0,90.0,301.52,60.0
training,2026-10-05T05:05:00.860093+00:00,97.11517364531755,17473.0,94.0,317.23,64.0
training,2026-10-05T05:05:00.860093+00:00,102.5064388513565,17473.0,82.0,312.37,62.0
training,2026-10-05T05:05:00.860093+00:00,107.90368304401636,17473.0,71.0,261.87,62.0
training,2026-10-05T05:05:00.860093+00:00,113.41824932396412,17473.0,96.0,323.62,63.0
training,2026-10-05T05:05:00.860093+00:00,118.80295706540346,17473.0,95.0,316.52,63.0
training,2026-10-05T05:05:00.860093+00:00,124.21920029819012,17473.0,95.0,311.02,64.0
training,2026-10-05T05:05:00.860093+00:00,129.5869625210762,17473.0,95.0,294.12,63.0
training,2026-10-05T05:05:00.860093+00:00,135.01980693638325,17473.0,95.0,291.34,65.0
training,2026-10-05T05:05:00.860093+00:00,140.33860121667385,17473.0,94.0,314.77,64.0
training,2026-10-05T05:05:00.860093+00:00,145.73344431817532,17473.0,73.0,299.91,62.0
training,2026-10-05T05:05:00.860093+00:00,151.13165618479252,17473.0,94.0,318.34,64.0
training,2026-10-05T05:05:00.860093+00:00,156.55130115896463,17473.0,96.0,292.34,67.0
training,2026-10-05T05:05:00.860093+00:00,161.9668973609805,17473.0,95.0,299.03,65.0
training,2026-10-05T05:05:00.860093+00:00,167.31872737407684,17473.0,94.0,283.88,67.0
training,2026-10-05T05:05:00.860093+00:00,172.68353009223938,17473.0,95.0,286.61,66.0
training,2026-10-05T05:05:00.860093+00:00,178.07954245060682,17473.0,88.0,302.77,67.0
training,2026-10-05T05:05:00.860093+00:00,183.43589644134045,17473.0,94.0,314.51,68.0
training,2026-10-05T05:05:00.860093+00:00,188.86714094132185,17473.0,94.0,297.56,67.0
training,2026-10-05T05:05:00.860093+00:00,194.2595247849822,17473.0,95.0,316.23,69.0
training,2026-10-05T05:05:00.860093+00:00,199.59178253263235,17473.0,95.0,326.75,69.0
training,2026-10-05T05:05:00.860093+00:00,205.01181013137102,17473.0,90.0,310.72,67.0
training,2026-10-05T05:05:00.860093+00:00,210.4252643659711,17473.0,95.0,289.4,69.0
training,2026-10-05T05:05:00.860093+00:00,215.80690374970436,17473.0,94.0,275.56,70.0
training,2026-10-05T05:05:00.860093+00:00,221.18220774829388,17473.0,90.0,314.19,67.0
training,2026-10-05T05:05:00.860093+00:00,226.51413170993328,17473.0,87.0,306.28,70.0
training,2026-10-05T05:05:00.860093+00:00,231.91543917357922,17473.0,85.0,290.85,68.0
training,2026-10-05T05:05:00.860093+00:00,237.29599718749523,17473.0,99.0,286.42,67.0
training,2026-10-05T05:05:00.860093+00:00,242.67523374408484,17473.0,99.0,298.12,68.0
training,2026-10-05T05:05:00.860093+00:00,248.09471030533314,17473.0,93.0,283.83,69.0
training,2026-10-05T05:05:00.860093+00:00,253.49787948280573,17473.0,89.0,311.75,69.0
training,2026-10-05T05:05:00.860093+00:00,258.87985049188137,17473.0,86.0,304.33,67.0
training,2026-10-05T05:05:00.860093+00:00,264.26019278913736,17473.0,90.0,300.03,69.0
training,2026-10-05T05:05:00.860093+00:00,269.66071332246065,17473.0,92.0,301.81,70.0
training,2026-10-05T05:05:00.860093+00:00,275.0864589288831,17473.0,94.0,306.07,67.0
training,2026-10-05T05:05:00.860093+00:00,280.49150581657887,17473.0,85.0,268.79,68.0
training,2026-10-05T05:05:00.860093+00:00,285.8534276634455,17473.0,84.0,302.28,70.0
training,2026-10-05T05:05:00.860093+00:00,291.27292976528406,17473.0,99.0,315.24,68.0
training,2026-10-05T05:05:00.860093+00:00,296.64471957832575,17473.0,89.0,290.02,67.0
training,2026-10-05T05:05:00.860093+00:00,302.01680789142847,17473.0,95.0,307.81,67.0
training,2026-10-05T05:05:00.860093+00:00,307.3253247216344,17473.0,95.0,297.7,68.0
training,2026-10-05T05:05:00.860093+00:00,312.6261791661382,17473.0,94.0,324.66,68.0
training,2026-10-05T05:05:00.860093+00:00,317.9829899445176,17473.0,99.0,292.61,68.0
training,2026-10-05T05:05:00.860093+00:00,323.370861671865,17473.0,93.0,309.93,68.0
training,2026-10-05T05:05:00.860093+00:00,328.79130037873983,17473.0,95.0,312.49,68.0
training,2026-10-05T05:05:00.860093+00:00,334.139602124691,17473.0,95.0,318.13,70.0
training,2026-10-05T05:05:00.860093+00:00,339.5342600941658,17473.0,81.0,304.94,68.0
training,2026-10-05T05:05:00.860093+00:00,344.90689221024513,17473.0,72.0,261.88,66.0
training,2026-10-05T05:05:00.860093+00:00,350.27228063344955,18805.0,89.0,317.36,68.0
training,2026-10-05T05:05:00.860093+00:00,355.61219818145037,18805.0,4.0,99.8,60.0
training,2026-10-05T05:05:00.860093+00:00,360.97085674107075,18805.0,0.0,95.88,57.0
training,2026-10-05T05:05:00.860093+00:00,366.2983272895217,18805.0,0.0,94.41,55.0
training,2026-10-05T05:05:00.860093+00:00,371.65629760175943,18805.0,0.0,93.4,53.0
training,2026-10-05T05:05:00.860093+00:00,377.03532215207815,18805.0,0.0,92.2,52.0
training,2026-10-05T05:05:00.860093+00:00,382.41932617127895,18805.0,0.0,90.82,51.0
training,2026-10-05T05:05:00.860093+00:00,387.7858082950115,18805.0,0.0,89.42,49.0
training,2026-10-05T05:05:00.860093+00:00,393.19179604947567,18805.0,95.0,305.91,56.0
training,2026-10-05T05:05:00.860093+00:00,398.52943731844425,18805.0,91.0,286.54,59.0
training,2026-10-05T05:05:00.860093+00:00,403.8959414586425,18805.0,94.0,306.42,60.0
training,2026-10-05T05:05:00.860093+00:00,409.2351411730051,18805.0,94.0,279.95,60.0
training,2026-10-05T05:05:00.860093+00:00,414.6237532198429,18805.0,99.0,304.44,62.0
training,2026-10-05T05:05:00.860093+00:00,419.9825267344713,18805.0,89.0,296.3,61.0
training,2026-10-05T05:05:00.860093+00:00,425.36263858526945,18805.0,82.0,283.48,64.0
training,2026-10-05T05:05:00.860093+00:00,430.75123005360365,18805.0,76.0,293.82,65.0
training,2026-10-05T05:05:00.860093+00:00,436.1315980926156,18805.0,95.0,288.02,65.0
training,2026-10-05T05:05:00.860093+00:00,441.4944145232439,18805.0,92.0,290.27,63.0
training,2026-10-05T05:05:00.860093+00:00,446.8664636388421,18805.0,87.0,310.89,66.0
training,2026-10-05T05:05:00.860093+00:00,452.1931612342596,18805.0,95.0,306.7,65.0
training,2026-10-05T05:05:00.860093+00:00,457.57431327551603,18805.0,84.0,289.53,66.0
training,2026-10-05T05:05:00.860093+00:00,462.9899374693632,18805.0,92.0,307.41,67.0
training,2026-10-05T05:05:00.860093+00:00,468.3870310038328,18805.0,95.0,298.83,65.0
training,2026-10-05T05:05:00.860093+00:00,473.80617766827345,18805.0,95.0,316.24,67.0
training,2026-10-05T05:05:00.860093+00:00,479.1917577460408,18805.0,95.0,303.57,66.0
training,2026-10-05T05:05:00.860093+00:00,484.6307291537523,18805.0,94.0,293.01,68.0
training,2026-10-05T05:05:00.860093+00:00,490.0111761689186,18805.0,70.0,280.71,67.0
training,2026-10-05T05:05:00.860093+00:00,495.37493711709976,18805.0,96.0,288.5,68.0
training,2026-10-05T05:05:00.860093+00:00,500.77312411367893,18805.0,94.0,323.52,68.0
training,2026-10-05T05:05:00.860093+00:00,506.16421584039927,18805.0,95.0,301.2,67.0
training,2026-10-05T05:05:00.860093+00:00,511.522870734334,18805.0,93.0,312.54,67.0
training,2026-10-05T05:05:00.860093+00:00,516.9049340039492,18805.0,77.0,304.53,68.0
training,2026-10-05T05:05:00.860093+00:00,522.193354934454,18805.0,95.0,298.39,66.0
training,2026-10-05T05:05:00.860093+00:00,527.5414110124111,18805.0,74.0,260.16,64.0
training,2026-10-05T05:05:00.860093+00:00,532.8480297103524,18805.0,89.0,281.73,67.0
training,2026-10-05T05:05:00.860093+00:00,538.2199328243732,18805.0,93.0,301.84,69.0
training,2026-10-05T05:05:00.860093+00:00,543.6195699498057,18805.0,84.0,315.24,66.0
training,2026-10-05T05:05:00.860093+00:00,548.9690259471536,18805.0,95.0,302.82,67.0
training,2026-10-05T05:05:00.860093+00:00,554.2689070925117,18805.0,94.0,300.21,69.0
training,2026-10-05T05:05:00.860093+00:00,559.6894448548555,18805.0,76.0,297.36,69.0
training,2026-10-05T05:05:00.860093+00:00,565.0859238505363,18805.0,37.0,272.91,65.0
training,2026-10-05T05:05:00.860093+00:00,570.4504401758313,18805.0,79.0,306.3,67.0
training,2026-10-05T05:05:00.860093+00:00,575.8248657360673,18805.0,92.0,297.21,66.0
training,2026-10-05T05:05:00.860093+00:00,581.2217819616199,18805.0,95.0,322.67,67.0
training,2026-10-05T05:05:00.860093+00:00,586.5707872956991,18805.0,95.0,284.3,68.0
training,2026-10-05T05:05:00.860093+00:00,591.9433573558927,18805.0,78.0,301.79,69.0
training,2026-10-05T05:05:00.860093+00:00,597.3412891179323,18805.0,83.0,306.35,66.0
training,2026-10-05T05:05:00.860093+00:00,602.6843002215028,18805.0,82.0,274.02,67.0
training,2026-10-05T05:05:00.860093+00:00,608.0519332513213,18805.0,94.0,316.09,69.0
training,2026-10-05T05:05:00.860093+00:00,613.4276332259178,18805.0,94.0,301.73,67.0
training,2026-10-05T05:05:00.860093+00:00,618.8389848843217,18805.0,89.0,280.16,69.0
training,2026-10-05T05:05:00.860093+00:00,624.2229101806879,18805.0,94.0,284.48,67.0
training,2026-10-05T05:05:00.860093+00:00,629.6293964758515,18805.0,78.0,309.82,65.0
training,2026-10-05T05:05:00.860093+00:00,635.0411278381944,18805.0,78.0,320.77,69.0
training,2026-10-05T05:05:00.860093+00:00,640.4506257101893,18805.0,77.0,269.92,66.0
training,2026-10-05T05:05:00.860093+00:00,645.8423038944602,18805.0,91.0,305.76,68.0
training,2026-10-05T05:05:00.860093+00:00,651.1989372819662,18805.0,94.0,310.95,68.0
training,2026-10-05T05:05:00.860093+00:00,656.5711859613657,18805.0,99.0,288.92,67.0
training,2026-10-05T05:05:00.860093+00:00,661.9879849776626,18805.0,80.0,305.34,69.0
training,2026-10-05T05:05:00.860093+00:00,667.3814897164702,18805.0,95.0,262.26,68.0
training,2026-10-05T05:05:00.860093+00:00,672.7342659905553,18805.0,94.0,305.7,67.0
training,2026-10-05T05:05:00.860093+00:00,678.1233037486672,18805.0,78.0,251.39,68.0
training,2026-10-05T05:05:00.860093+00:00,683.5047165602446,18805.0,83.0,289.71,69.0
training,2026-10-05T05:05:00.860093+00:00,688.849548228085,18805.0,0.0,98.03,58.0
training,2026-10-05T05:05:00.860093+00:00,694.2368562966585,18805.0,0.0,95.12,56.0
training,2026-10-05T05:05:00.860093+00:00,699.5841084942222,18805.0,0.0,93.3,54.0
training,2026-10-05T05:05:00.860093+00:00,704.9129619374871,18805.0,0.0,92.23,52.0
training,2026-10-05T05:05:00.860093+00:00,710.2542323321104,18805.0,0.0,91.17,51.0
training,2026-10-05T05:05:00.860093+00:00,715.6374863535166,18805.0,0.0,90.33,49.0
training,2026-10-05T05:05:00.860093+00:00,721.0246409550309,18805.0,89.0,316.32,59.0
training,2026-10-05T05:05:00.860093+00:00,726.3861948102713,18805.0,80.0,312.96,60.0
training,2026-10-05T05:05:00.860093+00:00,731.7726318985224,18805.0,90.0,297.12,61.0
training,2026-10-05T05:05:00.860093+00:00,737.1767495721579,18805.0,79.0,276.58,59.0
training,2026-10-05T05:05:00.860093+00:00,742.5039019733667,18805.0,81.0,307.3,63.0
training,2026-10-05T05:05:00.860093+00:00,747.8679719865322,18805.0,95.0,310.58,61.0
training,2026-10-05T05:05:00.860093+00:00,753.2801993489265,18805.0,99.0,310.97,63.0
training,2026-10-05T05:05:00.860093+00:00,758.6664428040385,18805.0,98.0,283.52,63.0
training,2026-10-05T05:05:00.860093+00:00,764.0935676395893,18805.0,99.0,315.77,64.0
training,2026-10-05T05:05:00.860093+00:00,769.4485221505165,18805.0,4.0,94.71,54.0
training,2026-10-05T05:05:00.860093+00:00,774.8433003500104,18805.0,0.0,92.47,52.0
training,2026-10-05T05:05:00.860093+00:00,780.2375488057733,18805.0,0.0,91.53,50.0
training,2026-10-05T05:05:00.860093+00:00,785.6330808848143,18805.0,0.0,90.47,49.0
training,2026-10-05T05:05:00.860093+00:00,790.9929024726152,18805.0,0.0,89.39,48.0
training,2026-10-05T05:05:00.860093+00:00,796.3748145550489,18805.0,0.0,88.21,46.0
training,2026-10-05T05:05:00.860093+00:00,801.8176587745547,18805.0,94.0,314.78,55.0
training,2026-10-05T05:05:00.860093+00:00,807.1652806848288,18805.0,94.0,288.6,55.0
training,2026-10-05T05:05:00.860093+00:00,812.5167025625706,18805.0,94.0,276.26,57.0
training,2026-10-05T05:05:00.860093+00:00,817.9066691324115,18805.0,85.0,294.95,57.0
training,2026-10-05T05:05:00.860093+00:00,823.2296068668365,18805.0,85.0,278.43,58.0
training,2026-10-05T05:05:00.860093+00:00,828.6238895878196,18805.0,99.0,283.27,59.0
training,2026-10-05T05:05:00.860093+00:00,834.0123966634274,18805.0,94.0,282.78,62.0
training,2026-10-05T05:05:00.860093+00:00,839.4230138212442,18805.0,78.0,306.5,63.0
training,2026-10-05T05:05:00.860093+00:00,844.7931230813265,18805.0,95.0,307.86,63.0
training,2026-10-05T05:05:00.860093+00:00,850.1815809011459,18805.0,88.0,303.66,64.0
training,2026-10-05T05:05:00.860093+00:00,855.5668180733919,18805.0,94.0,299.33,62.0
training,2026-10-05T05:05:00.860093+00:00,860.937608756125,18805.0,87.0,309.1,65.0
training,2026-10-05T05:05:00.860093+00:00,866.2978057712317,18805.0,99.0,316.83,63.0
training,2026-10-05T05:05:00.860093+00:00,871.6632512286305,18805.0,77.0,298.97,65.0
training,2026-10-05T05:05:00.860093+00:00,877.0854274332523,18805.0,84.0,282.0,63.0
training,2026-10-05T05:05:00.860093+00:00,882.3979902639985,18805.0,88.0,292.34,63.0
training,2026-10-05T05:05:00.860093+00:00,887.733259215951,18805.0,95.0,306.04,65.0
training,2026-10-05T05:05:00.860093+00:00,893.0346803814173,18805.0,93.0,291.33,65.0
training,2026-10-05T05:05:00.860093+00:00,898.4002754837275,18805.0,97.0,302.73,66.0
training,2026-10-05T05:05:00.860093+00:00,903.8074344471097,18805.0,94.0,296.36,67.0
training,2026-10-05T05:05:00.860093+00:00,909.2841782793403,18805.0,80.0,282.26,67.0
training,2026-10-05T05:05:00.860093+00:00,914.6571145653725,18805.0,95.0,314.43,65.0
training,2026-10-05T05:05:00.860093+00:00,920.0484891980886,18805.0,94.0,298.45,65.0
training,2026-10-05T05:05:00.860093+00:00,925.4114699661732,18805.0,86.0,306.33,66.0
training,2026-10-05T05:05:00.860093+00:00,930.7470460832119,18805.0,81.0,298.97,66.0
training,2026-10-05T05:05:00.860093+00:00,936.1136775165796,18805.0,95.0,295.73,66.0
training,2026-10-05T05:05:00.860093+00:00,941.4757802411914,18805.0,94.0,320.46,69.0
training,2026-10-05T05:05:00.860093+00:00,946.8569599539042,18805.0,83.0,296.53,69.0
training,2026-10-05T05:05:00.860093+00:00,952.2487910538912,18805.0,95.0,310.57,67.0
training,2026-10-05T05:05:00.860093+00:00,957.5430672094226,18805.0,100.0,307.52,67.0
training,2026-10-05T05:05:00.860093+00:00,962.8940878659487,18805.0,94.0,320.22,69.0
training,2026-10-05T05:05:00.860093+00:00,968.263600230217,18805.0,96.0,305.23,68.0
training,2026-10-05T05:05:00.860093+00:00,973.6646849960089,18805.0,94.0,323.24,66.0
training,2026-10-05T05:05:00.860093+00:00,979.036337338388,18805.0,33.0,264.33,67.0
training,2026-10-05T05:05:00.860093+00:00,984.4400842413306,18805.0,94.0,321.02,68.0
training,2026-10-05T05:05:00.860093+00:00,989.8370311036706,18805.0,95.0,307.42,68.0
training,2026-10-05T05:05:00.860093+00:00,995.2194500491023,18805.0,93.0,320.02,69.0
training,2026-10-05T05:05:00.860093+00:00,1000.56454090029,18805.0,94.0,305.99,70.0
training,2026-10-05T05:05:00.860093+00:00,1005.901985116303,18805.0,95.0,302.41,70.0
training,2026-10-05T05:05:00.860093+00:00,1011.2519766315818,18805.0,96.0,298.54,68.0
training,2026-10-05T05:05:00.860093+00:00,1016.6198902502656,18805.0,92.0,270.02,68.0
training,2026-10-05T05:05:00.860093+00:00,1021.9505796208978,18805.0,84.0,317.87,68.0
training,2026-10-05T05:05:00.860093+00:00,1027.2941993176937,18805.0,95.0,291.07,68.0
training,2026-10-05T05:05:00.860093+00:00,1032.6847443431616,18805.0,85.0,322.89,69.0
training,2026-10-05T05:05:00.860093+00:00,1038.0746925324202,18805.0,92.0,298.32,69.0
training,2026-10-05T05:05:00.860093+00:00,1043.4271599799395,18805.0,94.0,297.27,69.0
training,2026-10-05T05:05:00.860093+00:00,1048.7476999163628,18805.0,83.0,316.35,67.0
training,2026-10-05T05:05:00.860093+00:00,1054.0618255883455,18805.0,80.0,272.28,67.0
training,2026-10-05T05:05:00.860093+00:00,1059.4202766865492,18805.0,86.0,294.1,68.0
training,2026-10-05T05:05:00.860093+00:00,1064.7950315773487,18805.0,94.0,324.6,69.0
training,2026-10-05T05:05:00.860093+00:00,1070.112205684185,18805.0,99.0,292.17,69.0
training,2026-10-05T05:05:00.860093+00:00,1075.4274569526315,18805.0,95.0,292.77,66.0
training,2026-10-05T05:05:00.860093+00:00,1080.7772645577788,18805.0,95.0,292.06,67.0
training,2026-10-05T05:05:00.860093+00:00,1086.2202961742878,18805.0,95.0,309.19,68.0
training,2026-10-05T05:05:00.860093+00:00,1091.58847643435,18805.0,99.0,231.46,69.0
training,2026-10-05T05:05:00.860093+00:00,1096.9617910906672,18805.0,79.0,293.44,69.0
training,2026-10-05T05:05:00.860093+00:00,1102.312178760767,18805.0,94.0,303.71,66.0
training,2026-10-05T05:05:00.860093+00:00,1107.725453786552,18805.0,64.0,292.56,69.0
training,2026-10-05T05:05:00.860093+00:00,1113.1341565325856,18805.0,99.0,315.08,68.0
training,2026-10-05T05:05:00.860093+00:00,1118.556393533945,18805.0,87.0,311.54,67.0
training,2026-10-05T05:05:00.860093+00:00,1123.898240454495,18805.0,99.0,301.58,67.0
training,2026-10-05T05:05:00.860093+00:00,1129.346544854343,18805.0,82.0,250.99,69.0
training,2026-10-05T05:05:00.860093+00:00,1134.69565795362,18805.0,97.0,286.19,68.0
training,2026-10-05T05:05:00.860093+00:00,1140.067599542439,18805.0,5.0,140.12,61.0
training,2026-10-05T05:05:00.860093+00:00,1145.4326264560223,18805.0,0.0,96.03,58.0
training,2026-10-05T05:05:00.860093+00:00,1150.830487728119,18805.0,0.0,94.94,56.0
training,2026-10-05T05:05:00.860093+00:00,1156.2770507857203,18805.0,0.0,93.71,56.0
training,2026-10-05T05:05:00.860093+00:00,1161.6375836357474,18805.0,0.0,93.45,55.0
training,2026-10-05T05:05:00.860093+00:00,1167.033297419548,18805.0,0.0,93.31,54.0
training,2026-10-05T05:05:00.860093+00:00,1172.3641958609223,18805.0,0.0,92.55,54.0
training,2026-10-05T05:05:00.860093+00:00,1177.6785553097725,18805.0,0.0,92.32,53.0
training,2026-10-05T05:05:00.860093+00:00,1183.0020932406187,18805.0,0.0,91.59,53.0
training,2026-10-05T05:05:00.860093+00:00,1188.3521646037698,18805.0,0.0,91.59,52.0
training,2026-10-05T05:05:00.860093+00:00,1193.7191241532564,18805.0,0.0,91.18,52.0
training,2026-10-05T05:05:00.860093+00:00,1199.0461800992489,18805.0,0.0,91.32,52.0
training,2026-10-05T05:05:00.860093+00:00,1204.4340423047543,18805.0,92.0,296.27,58.0
training,2026-10-05T05:05:00.860093+00:00,1209.8781264424324,18805.0,94.0,310.79,61.0
training,2026-10-05T05:05:00.860093+00:00,1215.210395283997,18805.0,86.0,298.51,62.0
training,2026-10-05T05:05:00.860093+00:00,1220.6115239039063,18805.0,98.0,243.09,63.0
training,2026-10-05T05:05:00.860093+00:00,1225.936373360455,18805.0,95.0,294.06,65.0
training,2026-10-05T05:05:00.860093+00:00,1231.333068832755,18805.0,99.0,293.95,68.0
training,2026-10-05T05:05:00.860093+00:00,1236.7022552341223,18805.0,94.0,307.57,65.0
training,2026-10-05T05:05:00.860093+00:00,1242.0586733072996,18805.0,94.0,311.93,67.0
training,2026-10-05T05:05:00.860093+00:00,1247.3789098858833,18805.0,95.0,305.38,66.0
training,2026-10-05T05:05:00.860093+00:00,1252.7124031186104,18805.0,93.0,307.79,67.0
training,2026-10-05T05:05:00.860093+00:00,1258.056487776339,18805.0,90.0,261.7,66.0
training,2026-10-05T05:05:00.860093+00:00,1263.4083723053336,18805.0,92.0,298.05,70.0
training,2026-10-05T05:05:00.860093+00:00,1268.8424086421728,18805.0,83.0,311.27,69.0
training,2026-10-05T05:05:00.860093+00:00,1274.2254050299525,18805.0,95.0,299.51,66.0
training,2026-10-05T05:05:00.860093+00:00,1279.7396569103003,18805.0,96.0,290.37,67.0
training,2026-10-05T05:05:00.860093+00:00,1285.0879377424717,18805.0,94.0,304.84,70.0
training,2026-10-05T05:05:00.860093+00:00,1290.442642569542,18805.0,95.0,302.1,69.0
training,2026-10-05T05:05:00.860093+00:00,1295.7511378005147,18805.0,88.0,266.72,70.0
training,2026-10-05T05:05:00.860093+00:00,1301.1629060804844,18805.0,93.0,308.54,70.0
training,2026-10-05T05:05:00.860093+00:00,1306.503864839673,18805.0,87.0,299.31,70.0
training,2026-10-05T05:05:00.860093+00:00,1311.8896198496222,18805.0,77.0,307.68,70.0
training,2026-10-05T05:05:00.860093+00:00,1317.200531102717,18805.0,95.0,288.7,67.0
training,2026-10-05T05:05:00.860093+00:00,1322.5520084649324,18805.0,94.0,331.25,70.0
training,2026-10-05T05:05:00.860093+00:00,1327.9153092131019,18805.0,95.0,315.08,69.0
training,2026-10-05T05:05:00.860093+00:00,1333.2777582481503,18805.0,82.0,272.79,68.0
training,2026-10-05T05:05:00.860093+00:00,1338.6516529023647,18805.0,77.0,314.65,68.0
training,2026-10-05T05:05:00.860093+00:00,1344.0502935051918,18805.0,96.0,306.87,68.0
training,2026-10-05T05:05:00.860093+00:00,1349.4209684059024,18805.0,95.0,315.91,70.0
training,2026-10-05T05:05:00.860093+00:00,1354.811940729618,18805.0,75.0,317.59,68.0
training,2026-10-05T05:05:00.860093+00:00,1360.1545817479491,18805.0,93.0,284.19,68.0
training,2026-10-05T05:05:00.860093+00:00,1365.5742628797889,18805.0,85.0,303.56,69.0
training,2026-10-05T05:05:00.860093+00:00,1370.920813150704,18805.0,94.0,288.26,71.0
training,2026-10-05T05:05:00.860093+00:00,1376.2713873237371,18805.0,95.0,310.41,69.0
training,2026-10-05T05:05:00.860093+00:00,1381.6307799816132,18805.0,88.0,319.0,68.0
training,2026-10-05T05:05:00.860093+00:00,1387.1056248545647,18805.0,94.0,308.31,69.0
training,2026-10-05T05:05:00.860093+00:00,1392.4334824308753,18805.0,88.0,316.78,69.0
training,2026-10-05T05:05:00.860093+00:00,1397.7834952175617,18805.0,95.0,304.04,68.0
training,2026-10-05T05:05:00.860093+00:00,1403.142873428762,18805.0,94.0,304.78,69.0
training,2026-10-05T05:05:00.860093+00:00,1408.482221595943,18805.0,94.0,284.93,68.0
training,2026-10-05T05:05:00.860093+00:00,1413.8399957716465,18805.0,94.0,283.54,70.0
training,2026-10-05T05:05:00.860093+00:00,1419.1794653460383,18805.0,95.0,289.27,68.0
training,2026-10-05T05:05:00.860093+00:00,1424.5347076579928,18805.0,98.0,319.94,70.0
training,2026-10-05T05:05:00.860093+00:00,1429.9086948260665,18805.0,95.0,299.09,70.0
training,2026-10-05T05:05:00.860093+00:00,1435.309449777007,18805.0,85.0,318.23,68.0
training,2026-10-05T05:05:00.860093+00:00,1440.6856941953301,18805.0,81.0,301.36,70.0
training,2026-10-05T05:05:00.860093+00:00,1446.028227828443,18805.0,92.0,272.49,68.0
training,2026-10-05T05:05:00.860093+00:00,1451.43301589787,18805.0,97.0,314.15,67.0
training,2026-10-05T05:05:00.860093+00:00,1456.878815740347,18805.0,95.0,296.57,67.0
training,2026-10-05T05:05:00.860093+00:00,1462.251875512302,18805.0,0.0,98.36,58.0
training,2026-10-05T05:05:00.860093+00:00,1467.576283350587,18805.0,0.0,96.21,57.0
training,2026-10-05T05:05:00.860093+00:00,1472.9363243058324,18805.0,0.0,94.19,55.0
training,2026-10-05T05:05:00.860093+00:00,1478.3111125156283,18805.0,0.0,93.25,53.0
training,2026-10-05T05:05:00.860093+00:00,1483.742801554501,18805.0,0.0,92.8,52.0
training,2026-10-05T05:05:00.860093+00:00,1489.1213223561645,18805.0,0.0,91.23,51.0
training,2026-10-05T05:05:00.860093+00:00,1494.5247059836984,18805.0,94.0,306.92,59.0
training,2026-10-05T05:05:00.860093+00:00,1499.9978777319193,18805.0,67.0,291.74,58.0
training,2026-10-05T05:05:00.860093+00:00,1505.3907966911793,18805.0,95.0,305.48,59.0
training,2026-10-05T05:05:00.860093+00:00,1510.8645694851875,18805.0,72.0,306.1,61.0
training,2026-10-05T05:05:00.860093+00:00,1516.214475914836,18805.0,94.0,257.76,63.0
training,2026-10-05T05:05:00.860093+00:00,1521.5730097442865,18805.0,95.0,312.94,62.0
training,2026-10-05T05:05:00.860093+00:00,1526.924692519009,18805.0,94.0,309.43,64.0
training,2026-10-05T05:05:00.860093+00:00,1532.2872080653906,18805.0,93.0,321.99,64.0
training,2026-10-05T05:05:00.860093+00:00,1537.7069398984313,18805.0,99.0,285.99,64.0
training,2026-10-05T05:05:00.860093+00:00,1543.1207733377814,18805.0,64.0,306.89,65.0
training,2026-10-05T05:05:00.860093+00:00,1548.5129723250866,18805.0,93.0,301.47,64.0
training,2026-10-05T05:05:00.860093+00:00,1553.907090306282,18805.0,88.0,286.24,66.0
training,2026-10-05T05:05:00.860093+00:00,1559.2649410068989,18805.0,84.0,285.11,66.0
training,2026-10-05T05:05:00.860093+00:00,1564.6929638534784,18805.0,93.0,300.22,67.0
training,2026-10-05T05:05:00.860093+00:00,1570.0760853812099,18805.0,88.0,292.91,66.0
training,2026-10-05T05:05:00.860093+00:00,1575.4396438151598,18805.0,87.0,325.36,68.0
training,2026-10-05T05:05:00.860093+00:00,1580.796410612762,18805.0,4.0,98.03,58.0
training,2026-10-05T05:05:00.860093+00:00,1586.1410906761885,18805.0,0.0,94.82,55.0
training,2026-10-05T05:05:00.860093+00:00,1591.4756770208478,18805.0,0.0,93.34,54.0
training,2026-10-05T05:05:00.860093+00:00,1596.879091128707,18805.0,0.0,91.89,52.0
training,2026-10-05T05:05:00.860093+00:00,1602.3093537464738,18805.0,0.0,90.99,50.0
training,2026-10-05T05:05:00.860093+00:00,1607.6897817850113,18805.0,0.0,89.42,49.0
training,2026-10-05T05:05:00.860093+00:00,1613.0565886199474,18805.0,0.0,88.51,47.0
training,2026-10-05T05:05:00.860093+00:00,1618.4293521940708,18805.0,0.0,87.89,46.0
training,2026-10-05T05:05:00.860093+00:00,1623.8220789059997,18805.0,93.0,285.07,57.0
training,2026-10-05T05:05:00.860093+00:00,1629.2277308478951,18805.0,94.0,315.51,57.0
training,2026-10-05T05:05:00.860093+00:00,1634.6030471995473,18805.0,97.0,301.82,60.0
training,2026-10-05T05:05:00.860093+00:00,1639.9987466558814,18805.0,96.0,326.81,61.0
training,2026-10-05T05:05:00.860093+00:00,1645.3728217631578,18805.0,95.0,300.04,61.0
training,2026-10-05T05:05:00.860093+00:00,1650.7629769816995,18805.0,95.0,301.36,62.0
training,2026-10-05T05:05:00.860093+00:00,1656.199181959033,18805.0,79.0,302.49,61.0
training,2026-10-05T05:05:00.860093+00:00,1661.63995321095,18805.0,99.0,279.71,61.0
training,2026-10-05T05:05:00.860093+00:00,1667.0658572539687,18805.0,86.0,297.98,63.0
training,2026-10-05T05:05:00.860093+00:00,1672.4642903134227,18805.0,93.0,297.35,62.0
training,2026-10-05T05:05:00.860093+00:00,1677.84765060246,18805.0,95.0,300.37,63.0
training,2026-10-05T05:05:00.860093+00:00,1683.3517006859183,18805.0,94.0,294.65,64.0
training,2026-10-05T05:05:00.860093+00:00,1688.6905979141593,18805.0,81.0,295.35,64.0
training,2026-10-05T05:05:00.860093+00:00,1694.1195328235626,18805.0,82.0,282.7,65.0
training,2026-10-05T05:05:00.860093+00:00,1699.5072531625628,18805.0,94.0,295.35,64.0
training,2026-10-05T05:05:00.860093+00:00,1704.8833238705993,18805.0,94.0,294.53,64.0
training,2026-10-05T05:05:00.860093+00:00,1710.2639394253492,18805.0,92.0,293.86,65.0
training,2026-10-05T05:05:00.860093+00:00,1715.6160602718592,18805.0,89.0,296.85,61.0
training,2026-10-05T05:05:00.860093+00:00,1721.0320815816522,18805.0,95.0,314.58,66.0
training,2026-10-05T05:05:00.860093+00:00,1726.4255692064762,18805.0,85.0,285.61,66.0
training,2026-10-05T05:05:00.860093+00:00,1731.8734206855297,18805.0,86.0,290.52,67.0
training,2026-10-05T05:05:00.860093+00:00,1737.255807645619,18805.0,93.0,303.08,63.0
training,2026-10-05T05:05:00.860093+00:00,1742.6886447444558,18805.0,99.0,326.49,67.0
training,2026-10-05T05:05:00.860093+00:00,1748.0403844118118,18805.0,88.0,293.87,66.0
training,2026-10-05T05:05:00.860093+00:00,1753.3867335170507,18805.0,90.0,264.26,66.0
training,2026-10-05T05:05:00.860093+00:00,1758.7542439699173,18805.0,80.0,316.14,68.0
training,2026-10-05T05:05:00.860093+00:00,1764.1399630233645,18805.0,94.0,303.76,66.0
training,2026-10-05T05:05:00.860093+00:00,1769.509923249483,18805.0,79.0,299.0,68.0
training,2026-10-05T05:05:00.860093+00:00,1774.8702835813165,18805.0,74.0,292.99,68.0
training,2026-10-05T05:05:00.860093+00:00,1780.2389479801059,18805.0,84.0,292.3,67.0
training,2026-10-05T05:05:00.860093+00:00,1785.628008313477,18805.0,94.0,307.26,66.0
training,2026-10-05T05:05:00.860093+00:00,1791.0686526373029,18805.0,99.0,234.19,67.0
training,2026-10-05T05:05:00.860093+00:00,1796.5161284655333,18805.0,95.0,279.38,67.0
training,2026-10-05T05:05:00.860093+00:00,1801.9413492009044,18805.0,94.0,297.18,65.0
training,2026-10-05T05:05:00.860093+00:00,1807.2863280847669,18805.0,94.0,297.25,66.0
training,2026-10-05T05:05:00.860093+00:00,1812.6742676123977,18805.0,80.0,298.74,68.0
training,2026-10-05T05:05:00.860093+00:00,1818.1247919723392,18805.0,95.0,320.0,67.0
training,2026-10-05T05:05:00.860093+00:00,1823.5319194942713,18805.0,95.0,317.34,67.0
training,2026-10-05T05:05:00.860093+00:00,1828.9555420354009,18805.0,87.0,262.34,67.0
training,2026-10-05T05:05:00.860093+00:00,1834.3071767613292,18805.0,88.0,297.87,69.0
training,2026-10-05T05:05:00.860093+00:00,1839.6739398762584,18805.0,78.0,310.58,67.0
training,2026-10-05T05:05:00.860093+00:00,1845.0111524760723,18805.0,95.0,277.64,65.0
training,2026-10-05T05:05:00.860093+00:00,1850.4068367034197,18805.0,98.0,269.09,67.0
training,2026-10-05T05:05:00.860093+00:00,1855.7474158480763,18805.0,73.0,308.1,68.0
training,2026-10-05T05:05:00.860093+00:00,1861.1302104517817,18805.0,82.0,321.14,67.0
training,2026-10-05T05:05:00.860093+00:00,1866.5293150395155,18805.0,92.0,280.57,67.0
training,2026-10-05T05:05:00.860093+00:00,1872.000988893211,18805.0,94.0,292.12,70.0
training,2026-10-05T05:05:00.860093+00:00,1877.395467415452,18805.0,93.0,296.78,69.0
training,2026-10-05T05:05:00.860093+00:00,1882.8022725433111,18805.0,82.0,310.88,70.0
training,2026-10-05T05:05:00.860093+00:00,1888.2369249016047,18805.0,90.0,282.02,70.0
training,2026-10-05T05:05:00.860093+00:00,1893.7109581381083,18805.0,78.0,300.72,70.0
training,2026-10-05T05:05:00.860093+00:00,1899.119672037661,18805.0,90.0,288.61,69.0
training,2026-10-05T05:05:00.860093+00:00,1904.567194327712,18805.0,89.0,288.18,68.0
training,2026-10-05T05:05:00.860093+00:00,1909.963814623654,18805.0,88.0,292.16,70.0
training,2026-10-05T05:05:00.860093+00:00,1915.310630440712,18805.0,78.0,305.76,69.0
training,2026-10-05T05:05:00.860093+00:00,1920.7001204639673,18805.0,97.0,288.39,70.0
training,2026-10-05T05:05:00.860093+00:00,1926.0743462368846,18805.0,95.0,304.34,69.0
training,2026-10-05T05:05:00.860093+00:00,1931.4836681559682,18805.0,86.0,302.05,68.0
training,2026-10-05T05:05:00.860093+00:00,1936.89425522089,18805.0,95.0,312.72,68.0
training,2026-10-05T05:05:00.860093+00:00,1942.2970893010497,18805.0,75.0,286.26,70.0
training,2026-10-05T05:05:00.860093+00:00,1947.691924020648,18805.0,80.0,304.06,70.0
training,2026-10-05T05:05:00.860093+00:00,1953.0749774873257,18805.0,98.0,290.98,69.0
training,2026-10-05T05:05:00.860093+00:00,1958.4267462939024,18805.0,9.0,241.95,63.0
training,2026-10-05T05:05:00.860093+00:00,1963.8338916152716,18805.0,0.0,97.8,58.0
training,2026-10-05T05:05:00.860093+00:00,1969.2075513899326,18805.0,0.0,95.21,56.0
training,2026-10-05T05:05:00.860093+00:00,1974.5884698554873,18805.0,0.0,93.66,54.0
training,2026-10-05T05:05:00.860093+00:00,1979.98215854913,18805.0,0.0,92.43,52.0
training,2026-10-05T05:05:00.860093+00:00,1985.3405436351895,18805.0,0.0,91.29,51.0
training,2026-10-05T05:05:00.860093+00:00,1990.6393787786365,18805.0,0.0,90.1,49.0
training,2026-10-05T05:05:00.860093+00:00,1996.0033095404506,18805.0,0.0,88.49,48.0
training,2026-10-05T05:05:00.860093+00:00,2001.4032457843423,18805.0,86.0,273.01,56.0
training,2026-10-05T05:05:00.860093+00:00,2006.8196043595672,18805.0,94.0,312.31,56.0
training,2026-10-05T05:05:00.860093+00:00,2012.2106134742498,18805.0,86.0,265.24,57.0
training,2026-10-05T05:05:00.860093+00:00,2017.631576769054,18805.0,87.0,270.95,58.0
training,2026-10-05T05:05:00.860093+00:00,2023.0290836319327,18805.0,90.0,288.62,59.0
training,2026-10-05T05:05:00.860093+00:00,2028.4214152544737,18805.0,76.0,262.41,62.0
training,2026-10-05T05:05:00.860093+00:00,2033.8509687781334,18805.0,91.0,282.53,60.0
training,2026-10-05T05:05:00.860093+00:00,2039.2283907532692,18805.0,94.0,300.12,60.0
training,2026-10-05T05:05:00.860093+00:00,2044.6418146640062,18805.0,87.0,280.29,63.0
training,2026-10-05T05:05:00.860093+00:00,2049.9880137369037,18805.0,80.0,287.52,63.0
training,2026-10-05T05:05:00.860093+00:00,2055.371029689908,18805.0,95.0,306.33,62.0
training,2026-10-05T05:05:00.860093+00:00,2060.710285425186,18805.0,94.0,309.91,65.0
training,2026-10-05T05:05:00.860093+00:00,2066.084564357996,18805.0,92.0,291.02,64.0
training,2026-10-05T05:05:00.860093+00:00,2071.4584797993302,18805.0,95.0,301.89,66.0
training,2026-10-05T05:05:00.860093+00:00,2076.805394180119,18805.0,95.0,278.83,66.0
training,2026-10-05T05:05:00.860093+00:00,2082.1883916780353,18805.0,95.0,278.09,64.0
training,2026-10-05T05:05:00.860093+00:00,2087.60714943707,18805.0,95.0,316.86,65.0
training,2026-10-05T05:05:00.860093+00:00,2092.9572431966662,18805.0,95.0,325.45,64.0
training,2026-10-05T05:05:00.860093+00:00,2098.3614083603024,18805.0,84.0,305.18,64.0
training,2026-10-05T05:05:00.860093+00:00,2103.765386760235,18805.0,83.0,274.69,65.0
training,2026-10-05T05:05:00.860093+00:00,2109.1772607937455,18805.0,90.0,292.57,66.0
training,2026-10-05T05:05:00.860093+00:00,2114.584522873163,18805.0,83.0,291.63,65.0
training,2026-10-05T05:05:00.860093+00:00,2119.949444875121,18805.0,94.0,304.66,65.0
training,2026-10-05T05:05:00.860093+00:00,2125.320677384734,18805.0,93.0,288.52,66.0
training,2026-10-05T05:05:00.860093+00:00,2130.7100892812014,18805.0,94.0,291.92,66.0
training,2026-10-05T05:05:00.860093+00:00,2136.070196352899,18805.0,84.0,309.04,65.0
training,2026-10-05T05:05:00.860093+00:00,2141.4403038844466,18805.0,93.0,302.93,66.0
training,2026-10-05T05:05:00.860093+00:00,2146.8358457535505,18805.0,94.0,323.55,66.0
training,2026-10-05T05:05:00.860093+00:00,2152.1361182928085,18805.0,96.0,290.69,69.0
training,2026-10-05T05:05:00.860093+00:00,2157.4879928305745,18805.0,95.0,312.48,67.0
training,2026-10-05T05:05:00.860093+00:00,2162.8697945401073,18805.0,95.0,312.91,68.0
training,2026-10-05T05:05:00.860093+00:00,2168.2012962326407,18805.0,90.0,299.85,69.0
training,2026-10-05T05:05:00.860093+00:00,2173.6091414168477,18805.0,95.0,300.54,67.0
training,2026-10-05T05:05:00.860093+00:00,2179.040766634047,18805.0,77.0,291.47,67.0
training,2026-10-05T05:05:00.860093+00:00,2184.4308925047517,18805.0,93.0,302.44,69.0
training,2026-10-05T05:05:00.860093+00:00,2189.8674707859755,18805.0,86.0,301.28,70.0
training,2026-10-05T05:05:00.860093+00:00,2195.2334634661674,18805.0,95.0,304.96,69.0
training,2026-10-05T05:05:00.860093+00:00,2200.6702962964773,18805.0,85.0,300.51,69.0
training,2026-10-05T05:05:00.860093+00:00,2206.0816386714578,18805.0,82.0,278.47,69.0
training,2026-10-05T05:05:00.860093+00:00,2211.4434700533748,18805.0,95.0,307.14,67.0
training,2026-10-05T05:05:00.860093+00:00,2216.7723394855857,18805.0,4.0,99.93,60.0
training,2026-10-05T05:05:00.860093+00:00,2222.134413123131,18805.0,0.0,96.01,58.0
training,2026-10-05T05:05:00.860093+00:00,2227.4497419148684,18805.0,0.0,94.1,56.0
training,2026-10-05T05:05:00.860093+00:00,2232.8583150953054,18805.0,0.0,93.17,54.0
training,2026-10-05T05:05:00.860093+00:00,2238.2250302284956,18805.0,0.0,92.02,53.0
training,2026-10-05T05:05:00.860093+00:00,2243.62597848475,18805.0,0.0,90.96,51.0
training,2026-10-05T05:05:00.860093+00:00,2248.981360785663,18805.0,0.0,90.34,50.0
training,2026-10-05T05:05:00.860093+00:00,2254.366177767515,18805.0,0.0,89.08,49.0
training,2026-10-05T05:05:00.860093+00:00,2259.7196666374803,18805.0,0.0,88.58,48.0
training,2026-10-05T05:05:00.860093+00:00,2265.1171628013253,18805.0,85.0,109.07,53.0
training,2026-10-05T05:05:00.860093+00:00,2270.474142283201,18805.0,82.0,312.2,57.0
training,2026-10-05T05:05:00.860093+00:00,2275.8254784420133,18805.0,79.0,292.25,57.0
training,2026-10-05T05:05:00.860093+00:00,2281.238075375557,18805.0,79.0,321.15,58.0
training,2026-10-05T05:05:00.860093+00:00,2286.5932819247246,18805.0,80.0,276.15,60.0
training,2026-10-05T05:05:00.860093+00:00,2291.97491645813,18805.0,94.0,280.3,60.0
training,2026-10-05T05:05:00.860093+00:00,2297.3714868947864,18805.0,89.0,300.79,62.0
training,2026-10-05T05:05:00.860093+00:00,2302.768071755767,18805.0,92.0,260.21,63.0
training,2026-10-05T05:05:00.860093+00:00,2308.172652848065,18805.0,94.0,312.9,62.0
training,2026-10-05T05:05:00.860093+00:00,2313.5783035755157,18805.0,95.0,313.11,64.0
training,2026-10-05T05:05:00.860093+00:00,2318.9732179641724,18805.0,87.0,298.01,64.0
training,2026-10-05T05:05:00.860093+00:00,2324.3433430865407,18805.0,93.0,304.47,64.0
training,2026-10-05T05:05:00.860093+00:00,2329.787622079253,18805.0,90.0,299.79,65.0
training,2026-10-05T05:05:00.860093+00:00,2335.1503763720393,18805.0,84.0,306.36,67.0
training,2026-10-05T05:05:00.860093+00:00,2340.5014564990997,18805.0,68.0,223.55,64.0
training,2026-10-05T05:05:00.860093+00:00,2345.8793729692698,18805.0,95.0,312.28,65.0
training,2026-10-05T05:05:00.860093+00:00,2351.274379990995,18805.0,95.0,301.27,66.0
training,2026-10-05T05:05:00.860093+00:00,2356.6149037107825,18805.0,95.0,297.83,65.0
training,2026-10-05T05:05:00.860093+00:00,2361.9914737939835,18805.0,94.0,309.89,66.0
training,2026-10-05T05:05:00.860093+00:00,2367.3935665488243,18805.0,98.0,306.55,68.0
training,2026-10-05T05:05:00.860093+00:00,2372.753567457199,18805.0,93.0,294.69,68.0
training,2026-10-05T05:05:00.860093+00:00,2378.190489344299,18805.0,77.0,265.33,65.0
training,2026-10-05T05:05:00.860093+00:00,2383.5924365743995,18805.0,98.0,281.7,67.0
training,2026-10-05T05:05:00.860093+00:00,2388.9998967275023,18805.0,89.0,300.88,68.0
training,2026-10-05T05:05:00.860093+00:00,2394.413904622197,18805.0,0.0,96.96,58.0
training,2026-10-05T05:05:00.860093+00:00,2399.8422831892967,18805.0,0.0,93.8,55.0
training,2026-10-05T05:05:00.860093+00:00,2405.2121411785483,18805.0,0.0,92.38,53.0
training,2026-10-05T05:05:00.860093+00:00,2410.558216460049,18805.0,0.0,91.26,52.0
training,2026-10-05T05:05:00.860093+00:00,2415.899081878364,18805.0,0.0,90.21,50.0
training,2026-10-05T05:05:00.860093+00:00,2421.322375752032,18805.0,13.0,100.92,52.0
training,2026-10-05T05:05:00.860093+00:00,2426.7431911602616,18805.0,80.0,291.08,58.0
training,2026-10-05T05:05:00.860093+00:00,2432.189634770155,18805.0,94.0,293.8,57.0
training,2026-10-05T05:05:00.860093+00:00,2437.5730427354574,18805.0,94.0,274.79,60.0
training,2026-10-05T05:05:00.860093+00:00,2442.984968036413,18805.0,79.0,308.63,60.0
training,2026-10-05T05:05:00.860093+00:00,2448.382113441825,18805.0,94.0,315.28,60.0
training,2026-10-05T05:05:00.860093+00:00,2453.7404776737094,18805.0,90.0,291.26,64.0
training,2026-10-05T05:05:00.860093+00:00,2459.1934681236744,18805.0,96.0,307.69,64.0
training,2026-10-05T05:05:00.860093+00:00,2464.627077847719,18805.0,95.0,284.62,64.0
training,2026-10-05T05:05:00.860093+00:00,2470.0294049605727,18805.0,90.0,288.14,63.0
training,2026-10-05T05:05:00.860093+00:00,2475.4002466648817,18805.0,94.0,292.66,63.0
training,2026-10-05T05:05:00.860093+00:00,2480.8050177544355,18805.0,96.0,297.8,64.0
training,2026-10-05T05:05:00.860093+00:00,2486.2468209192157,18805.0,98.0,283.27,66.0
training,2026-10-05T05:05:00.860093+00:00,2491.652350783348,18805.0,99.0,328.44,66.0
training,2026-10-05T05:05:00.860093+00:00,2497.065881356597,18805.0,91.0,285.55,66.0
training,2026-10-05T05:05:00.860093+00:00,2502.4563525766134,18805.0,99.0,302.85,66.0
training,2026-10-05T05:05:00.860093+00:00,2507.850413545966,18805.0,99.0,298.81,66.0
training,2026-10-05T05:05:00.860093+00:00,2513.1850122362375,18805.0,95.0,301.52,63.0
training,2026-10-05T05:05:00.860093+00:00,2518.550026372075,18805.0,96.0,316.07,64.0
training,2026-10-05T05:05:00.860093+00:00,2523.9021236523986,18805.0,84.0,282.48,65.0
training,2026-10-05T05:05:00.860093+00:00,2529.289326056838,18805.0,99.0,304.5,67.0
training,2026-10-05T05:05:00.860093+00:00,2534.599828220904,18805.0,96.0,288.2,66.0
training,2026-10-05T05:05:00.860093+00:00,2540.010207042098,18805.0,94.0,304.54,68.0
training,2026-10-05T05:05:00.860093+00:00,2545.394268795848,18805.0,88.0,314.36,67.0
training,2026-10-05T05:05:00.860093+00:00,2550.795600324869,18805.0,94.0,279.3,68.0
training,2026-10-05T05:05:00.860093+00:00,2556.149688601494,18805.0,95.0,314.02,67.0
training,2026-10-05T05:05:00.860093+00:00,2561.542085506022,18805.0,79.0,302.29,68.0
training,2026-10-05T05:05:00.860093+00:00,2566.9585205093026,18805.0,96.0,304.83,69.0
training,2026-10-05T05:05:00.860093+00:00,2572.30252686888,18805.0,97.0,284.1,68.0
training,2026-10-05T05:05:00.860093+00:00,2577.6678336262703,18805.0,93.0,303.39,68.0
training,2026-10-05T05:05:00.860093+00:00,2583.0258409306407,18805.0,86.0,284.87,66.0
training,2026-10-05T05:05:00.860093+00:00,2588.4029854536057,18805.0,80.0,278.47,65.0
training,2026-10-05T05:05:00.860093+00:00,2593.8006928265095,18805.0,95.0,316.63,67.0
training,2026-10-05T05:05:00.860093+00:00,2599.210672929883,18805.0,83.0,298.9,66.0
training,2026-10-05T05:05:00.860093+00:00,2604.6207515895367,18805.0,95.0,311.89,66.0
training,2026-10-05T05:05:00.860093+00:00,2610.0630907937884,18805.0,80.0,286.43,68.0
training,2026-10-05T05:05:00.860093+00:00,2615.3992720767856,18805.0,95.0,304.01,66.0
training,2026-10-05T05:05:00.860093+00:00,2620.8189928010106,18805.0,80.0,305.58,69.0
training,2026-10-05T05:05:00.860093+00:00,2626.1492160111666,18805.0,95.0,292.73,64.0
training,2026-10-05T05:05:00.860093+00:00,2631.538830347359,18805.0,80.0,301.76,66.0
training,2026-10-05T05:05:00.860093+00:00,2636.941188171506,18805.0,95.0,302.68,64.0
training,2026-10-05T05:05:00.860093+00:00,2642.3068116903305,18805.0,93.0,294.07,69.0
training,2026-10-05T05:05:00.860093+00:00,2647.6653783395886,18805.0,83.0,297.34,68.0
training,2026-10-05T05:05:00.860093+00:00,2653.0482803732157,18805.0,96.0,306.54,66.0
training,2026-10-05T05:05:00.860093+00:00,2658.4501127153635,18805.0,94.0,316.6,67.0
training,2026-10-05T05:05:00.860093+00:00,2663.8551248162985,18805.0,94.0,315.89,66.0
training,2026-10-05T05:05:00.860093+00:00,2669.2185288593173,18805.0,90.0,303.64,70.0
training,2026-10-05T05:05:00.860093+00:00,2674.66327226907,18805.0,91.0,292.4,68.0
training,2026-10-05T05:05:00.860093+00:00,2680.018904298544,18805.0,92.0,282.91,67.0
training,2026-10-05T05:05:00.860093+00:00,2685.3737969323993,18805.0,91.0,277.27,70.0
training,2026-10-05T05:05:00.860093+00:00,2690.806991711259,18805.0,85.0,290.0,70.0
training,2026-10-05T05:05:00.860093+00:00,2696.2537566646934,18805.0,93.0,304.81,68.0
training,2026-10-05T05:05:00.860093+00:00,2701.643861837685,18805.0,95.0,299.26,68.0
training,2026-10-05T05:05:00.860093+00:00,2707.052815400064,18805.0,93.0,313.88,69.0
training,2026-10-05T05:05:00.860093+00:00,2712.405047133565,18805.0,81.0,295.06,68.0
training,2026-10-05T05:05:00.860093+00:00,2717.8320176899433,18805.0,78.0,234.39,70.0
training,2026-10-05T05:05:00.860093+00:00,2723.2412281557918,18805.0,95.0,318.88,69.0
training,2026-10-05T05:05:00.860093+00:00,2728.577207520604,18805.0,94.0,303.63,68.0
training,2026-10-05T05:05:00.860093+00:00,2733.9538010656834,18805.0,94.0,269.04,70.0
training,2026-10-05T05:05:00.860093+00:00,2739.332408338785,18805.0,90.0,302.83,70.0
training,2026-10-05T05:05:00.860093+00:00,2744.780749358237,18805.0,95.0,318.33,68.0
training,2026-10-05T05:05:00.860093+00:00,2750.2113245353103,18805.0,82.0,303.71,70.0
training,2026-10-05T05:05:00.860093+00:00,2755.620960198343,18805.0,98.0,306.42,69.0
training,2026-10-05T05:05:00.860093+00:00,2761.0442198440433,18805.0,98.0,310.17,70.0
training,2026-10-05T05:05:00.860093+00:00,2766.43632774055,18805.0,0.0,98.29,59.0
training,2026-10-05T05:05:00.860093+00:00,2771.9216176196933,18805.0,0.0,95.51,56.0
training,2026-10-05T05:05:00.860093+00:00,2777.296478152275,18805.0,0.0,94.34,54.0
training,2026-10-05T05:05:00.860093+00:00,2782.630152389407,18805.0,0.0,92.75,52.0
training,2026-10-05T05:05:00.860093+00:00,2787.9865600317717,18805.0,0.0,92.65,51.0
training,2026-10-05T05:05:00.860093+00:00,2793.3584560602903,18805.0,0.0,90.63,50.0
training,2026-10-05T05:05:00.860093+00:00,2798.70005145669,18805.0,77.0,261.83,57.0
training,2026-10-05T05:05:00.860093+00:00,2804.1278778612614,18805.0,95.0,298.27,58.0
training,2026-10-05T05:05:00.860093+00:00,2809.537478029728,18805.0,94.0,292.61,59.0
training,2026-10-05T05:05:00.860093+00:00,2814.915924809873,18805.0,94.0,307.95,62.0
training,2026-10-05T05:05:00.860093+00:00,2820.3309270888567,18805.0,95.0,278.24,63.0
training,2026-10-05T05:05:00.860093+00:00,2825.7554096505046,18805.0,87.0,304.22,63.0
training,2026-10-05T05:05:00.860093+00:00,2831.124727666378,18805.0,94.0,313.55,62.0
training,2026-10-05T05:05:00.860093+00:00,2836.521923840046,18805.0,78.0,312.83,61.0
training,2026-10-05T05:05:00.860093+00:00,2841.9512382671237,18805.0,99.0,305.66,65.0
training,2026-10-05T05:05:00.860093+00:00,2847.3409105837345,18805.0,94.0,296.84,63.0
training,2026-10-05T05:05:00.860093+00:00,2852.665624424815,18805.0,95.0,310.57,63.0
training,2026-10-05T05:05:00.860093+00:00,2858.0965640991926,18805.0,96.0,288.08,63.0
training,2026-10-05T05:05:00.860093+00:00,2863.474676668644,18805.0,94.0,294.29,65.0
training,2026-10-05T05:05:00.860093+00:00,2868.861893825233,18805.0,80.0,291.44,64.0
training,2026-10-05T05:05:00.860093+00:00,2874.246059164405,18805.0,80.0,289.27,64.0
training,2026-10-05T05:05:00.860093+00:00,2879.627761222422,18805.0,97.0,300.46,67.0
training,2026-10-05T05:05:00.860093+00:00,2884.9473887979984,18805.0,94.0,299.97,65.0
training,2026-10-05T05:05:00.860093+00:00,2890.360794365406,18805.0,78.0,307.81,65.0
training,2026-10-05T05:05:00.860093+00:00,2895.7637581005692,18805.0,95.0,315.16,66.0
training,2026-10-05T05:05:00.860093+00:00,2901.145973429084,18805.0,81.0,302.42,67.0
training,2026-10-05T05:05:00.860093+00:00,2906.525004900992,18805.0,93.0,290.19,66.0
training,2026-10-05T05:05:00.860093+00:00,2911.9836160689592,18805.0,84.0,300.87,68.0
training,2026-10-05T05:05:00.860093+00:00,2917.394151188433,18805.0,85.0,290.42,67.0
training,2026-10-05T05:05:00.860093+00:00,2922.822810590267,18805.0,99.0,291.53,68.0
training,2026-10-05T05:05:00.860093+00:00,2928.2369610741735,18805.0,94.0,311.5,69.0
training,2026-10-05T05:05:00.860093+00:00,2933.6158946976066,18805.0,77.0,277.73,68.0
training,2026-10-05T05:05:00.860093+00:00,2938.9900363087654,18805.0,93.0,291.09,66.0
training,2026-10-05T05:05:00.860093+00:00,2944.323416300118,18805.0,80.0,297.79,67.0
training,2026-10-05T05:05:00.860093+00:00,2949.6715113818645,18805.0,87.0,280.52,68.0
training,2026-10-05T05:05:00.860093+00:00,2955.0426896587014,18805.0,95.0,311.12,69.0
training,2026-10-05T05:05:00.860093+00:00,2960.3780631050467,18805.0,94.0,299.59,69.0
training,2026-10-05T05:05:00.860093+00:00,2965.7497504502535,18805.0,94.0,297.12,70.0
training,2026-10-05T05:05:00.860093+00:00,2971.1972719356418,18805.0,88.0,274.85,69.0
training,2026-10-05T05:05:00.860093+00:00,2976.5994016975164,18805.0,4.0,99.25,59.0
training,2026-10-05T05:05:00.860093+00:00,2982.046433597803,18805.0,0.0,95.85,57.0
training,2026-10-05T05:05:00.860093+00:00,2987.4356406852603,18805.0,0.0,94.4,55.0
training,2026-10-05T05:05:00.860093+00:00,2992.8588958904147,18805.0,0.0,93.47,53.0
training,2026-10-05T05:05:00.860093+00:00,2998.2876234948635,18805.0,0.0,92.28,52.0
training,2026-10-05T05:05:00.860093+00:00,3003.704759977758,18805.0,0.0,91.78,51.0
training,2026-10-05T05:05:00.860093+00:00,3009.116727337241,18805.0,0.0,90.23,49.0
training,2026-10-05T05:05:00.860093+00:00,3014.5240830257535,18805.0,81.0,148.12,56.0
training,2026-10-05T05:05:00.860093+00:00,3019.8795706406236,18805.0,78.0,292.97,59.0
training,2026-10-05T05:05:00.860093+00:00,3025.2658031359315,18805.0,97.0,294.42,61.0
training,2026-10-05T05:05:00.860093+00:00,3030.6745376065373,18805.0,99.0,274.52,62.0
training,2026-10-05T05:05:00.860093+00:00,3036.0526493415236,18805.0,94.0,279.3,59.0
training,2026-10-05T05:05:00.860093+00:00,3041.4281010851264,18805.0,94.0,295.9,64.0
training,2026-10-05T05:05:00.860093+00:00,3046.7667500525713,18805.0,99.0,279.59,64.0
training,2026-10-05T05:05:00.860093+00:00,3052.1267636567354,18805.0,95.0,303.57,65.0
training,2026-10-05T05:05:00.860093+00:00,3057.5546753779054,18805.0,99.0,293.21,66.0
training,2026-10-05T05:05:00.860093+00:00,3062.9695282056928,18805.0,95.0,312.29,66.0
training,2026-10-05T05:05:00.860093+00:00,3068.382197625935,18805.0,95.0,291.64,65.0
training,2026-10-05T05:05:00.860093+00:00,3073.7594115138054,18805.0,84.0,302.24,67.0
training,2026-10-05T05:05:00.860093+00:00,3079.2177346497774,18805.0,94.0,308.8,65.0
training,2026-10-05T05:05:00.860093+00:00,3084.6113102585077,18805.0,82.0,267.33,68.0
training,2026-10-05T05:05:00.860093+00:00,3090.0078570097685,18805.0,96.0,290.31,66.0
training,2026-10-05T05:05:00.860093+00:00,3095.3480701223016,18805.0,95.0,311.55,67.0
training,2026-10-05T05:05:00.860093+00:00,3100.748240210116,18805.0,0.0,240.72,61.0
training,2026-10-05T05:05:00.860093+00:00,3106.1349064335227,18805.0,95.0,314.91,66.0
training,2026-10-05T05:05:00.860093+00:00,3111.5237271264195,18805.0,96.0,312.2,68.0
training,2026-10-05T05:05:00.860093+00:00,3116.9359988048673,18805.0,94.0,319.16,67.0
training,2026-10-05T05:05:00.860093+00:00,3122.3226031810045,18805.0,96.0,306.69,66.0
training,2026-10-05T05:05:00.860093+00:00,3127.6826849728823,18805.0,94.0,294.14,67.0
training,2026-10-05T05:05:00.860093+00:00,3133.0615212246776,18805.0,82.0,316.12,69.0
training,2026-10-05T05:05:00.860093+00:00,3138.4590350091457,18805.0,92.0,248.42,69.0
training,2026-10-05T05:05:00.860093+00:00,3143.895226404071,18805.0,95.0,299.96,70.0
training,2026-10-05T05:05:00.860093+00:00,3149.2772872000933,18805.0,94.0,288.31,69.0
training,2026-10-05T05:05:00.860093+00:00,3154.6251654177904,18805.0,92.0,285.63,67.0
training,2026-10-05T05:05:00.860093+00:00,3160.0199450850487,18805.0,95.0,323.43,70.0
training,2026-10-05T05:05:00.860093+00:00,3165.359288148582,18805.0,97.0,317.8,70.0
training,2026-10-05T05:05:00.860093+00:00,3170.7341114655137,18805.0,98.0,315.02,70.0
training,2026-10-05T05:05:00.860093+00:00,3176.091341599822,18805.0,98.0,325.84,70.0
training,2026-10-05T05:05:00.860093+00:00,3181.3991963267326,18805.0,0.0,98.42,59.0
training,2026-10-05T05:05:00.860093+00:00,3186.8294500485063,18805.0,0.0,95.56,56.0
training,2026-10-05T05:05:00.860093+00:00,3192.26234780252,18805.0,0.0,93.77,54.0
training,2026-10-05T05:05:00.860093+00:00,3197.706413924694,18805.0,0.0,93.0,53.0
training,2026-10-05T05:05:00.860093+00:00,3203.1338845416903,18805.0,0.0,91.92,51.0
training,2026-10-05T05:05:00.860093+00:00,3208.49750161916,18805.0,0.0,90.53,50.0
training,2026-10-05T05:05:00.860093+00:00,3213.9193289503455,18805.0,94.0,286.26,56.0
training,2026-10-05T05:05:00.860093+00:00,3219.358151629567,18805.0,0.0,273.8,54.0
training,2026-10-05T05:05:00.860093+00:00,3224.8834056705236,18805.0,93.0,289.2,61.0
training,2026-10-05T05:05:00.860093+00:00,3230.3582286164165,18805.0,74.0,279.35,60.0
training,2026-10-05T05:05:00.860093+00:00,3235.7945202738047,18805.0,92.0,278.66,63.0
training,2026-10-05T05:05:00.860093+00:00,3241.1162678971887,18805.0,84.0,300.39,63.0
training,2026-10-05T05:05:00.860093+00:00,3246.542435526848,18805.0,96.0,312.18,61.0
training,2026-10-05T05:05:00.860093+00:00,3251.9668120890856,18805.0,94.0,320.07,64.0
training,2026-10-05T05:05:00.860093+00:00,3257.2934386134148,18805.0,85.0,255.74,64.0
training,2026-10-05T05:05:00.860093+00:00,3262.6680364608765,18805.0,96.0,285.32,63.0
training,2026-10-05T05:05:00.860093+00:00,3268.0386920124292,18805.0,98.0,307.25,63.0
training,2026-10-05T05:05:00.860093+00:00,3273.482028901577,18805.0,94.0,318.61,65.0
training,2026-10-05T05:05:00.860093+00:00,3278.9069093838334,18805.0,87.0,300.27,64.0
training,2026-10-05T05:05:00.860093+00:00,3284.3177336230874,18805.0,88.0,298.58,66.0
training,2026-10-05T05:05:00.860093+00:00,3289.734799399972,18805.0,95.0,301.84,65.0
training,2026-10-05T05:05:00.860093+00:00,3295.1201646104455,18805.0,95.0,232.45,66.0
training,2026-10-05T05:05:00.860093+00:00,3300.568490818143,18805.0,79.0,317.24,65.0
training,2026-10-05T05:05:00.860093+00:00,3305.989197380841,18805.0,99.0,297.16,67.0
training,2026-10-05T05:05:00.860093+00:00,3311.31399486959,18805.0,82.0,306.48,67.0
training,2026-10-05T05:05:00.860093+00:00,3316.721706993878,18805.0,93.0,294.2,67.0
training,2026-10-05T05:05:00.860093+00:00,3322.1005836725235,18805.0,94.0,296.74,67.0
training,2026-10-05T05:05:00.860093+00:00,3327.4763270020485,18805.0,79.0,301.73,68.0
training,2026-10-05T05:05:00.860093+00:00,3332.885320082307,18805.0,87.0,289.24,66.0
training,2026-10-05T05:05:00.860093+00:00,3338.350566804409,18805.0,92.0,294.43,68.0
training,2026-10-05T05:05:00.860093+00:00,3343.7245547920465,18805.0,81.0,281.74,68.0
training,2026-10-05T05:05:00.860093+00:00,3349.1667083725333,18805.0,93.0,302.05,66.0
training,2026-10-05T05:05:00.860093+00:00,3354.5636837258935,18805.0,93.0,301.92,67.0
training,2026-10-05T05:05:00.860093+00:00,3359.977104641497,18805.0,94.0,290.88,67.0
training,2026-10-05T05:05:00.860093+00:00,3365.37194352597,18805.0,97.0,276.15,69.0
training,2026-10-05T05:05:00.860093+00:00,3370.8007601201534,18805.0,80.0,286.78,67.0
training,2026-10-05T05:05:00.860093+00:00,3376.237819366157,18805.0,94.0,306.09,67.0
training,2026-10-05T05:05:00.860093+00:00,3381.5574709400535,18805.0,93.0,247.38,68.0
training,2026-10-05T05:05:00.860093+00:00,3386.9832882210612,18805.0,97.0,292.76,68.0
training,2026-10-05T05:05:00.860093+00:00,3392.3063108474016,18805.0,96.0,313.55,66.0
training,2026-10-05T05:05:00.860093+00:00,3397.670546784997,18805.0,80.0,291.7,68.0
training,2026-10-05T05:05:00.860093+00:00,3403.116917639971,18805.0,95.0,305.82,68.0
training,2026-10-05T05:05:00.860093+00:00,3408.501269288361,18805.0,93.0,300.53,64.0
training,2026-10-05T05:05:00.860093+00:00,3413.8399420157075,18805.0,92.0,315.14,66.0
training,2026-10-05T05:05:00.860093+00:00,3419.2333154305816,18805.0,90.0,293.56,66.0
training,2026-10-05T05:05:00.860093+00:00,3424.5671946257353,18805.0,94.0,303.51,66.0
training,2026-10-05T05:05:00.860093+00:00,3429.955256037414,18805.0,93.0,324.36,67.0
training,2026-10-05T05:05:00.860093+00:00,3435.3848475813866,18805.0,96.0,310.91,67.0
training,2026-10-05T05:05:00.860093+00:00,3440.8141990303993,18805.0,94.0,329.91,68.0
training,2026-10-05T05:05:00.860093+00:00,3446.205641232431,18805.0,83.0,325.42,67.0
training,2026-10-05T05:05:00.860093+00:00,3451.595051281154,18805.0,93.0,326.65,67.0
training,2026-10-05T05:05:00.860093+00:00,3456.920556910336,18805.0,95.0,313.73,69.0
training,2026-10-05T05:05:00.860093+00:00,3462.329196110368,18805.0,95.0,306.72,70.0
training,2026-10-05T05:05:00.860093+00:00,3467.710240267217,18805.0,90.0,306.52,70.0
training,2026-10-05T05:05:00.860093+00:00,3473.122233621776,18805.0,92.0,287.2,70.0
training,2026-10-05T05:05:00.860093+00:00,3478.547354787588,18805.0,91.0,303.58,70.0
training,2026-10-05T05:05:00.860093+00:00,3483.9542190134525,18805.0,91.0,295.27,68.0
training,2026-10-05T05:05:00.860093+00:00,3489.377297833562,18805.0,95.0,307.0,70.0
training,2026-10-05T05:05:00.860093+00:00,3494.8461524918675,18805.0,96.0,307.78,70.0
training,2026-10-05T05:05:00.860093+00:00,3500.276071280241,18805.0,94.0,307.83,66.0
training,2026-10-05T05:05:00.860093+00:00,3505.7060114964843,18805.0,99.0,292.69,68.0
training,2026-10-05T05:05:00.860093+00:00,3511.1280393376946,18805.0,86.0,297.26,70.0
training,2026-10-05T05:05:00.860093+00:00,3516.526969410479,18805.0,87.0,287.96,70.0
training,2026-10-05T05:05:00.860093+00:00,3521.978981524706,18805.0,94.0,297.92,70.0
training,2026-10-05T05:05:00.860093+00:00,3527.3455765917897,18805.0,88.0,289.81,67.0
training,2026-10-05T05:05:00.860093+00:00,3532.713386364281,18805.0,77.0,300.94,68.0
training,2026-10-05T05:05:00.860093+00:00,3538.0269412845373,18805.0,0.0,295.67,64.0
training,2026-10-05T05:05:00.860093+00:00,3543.3789977133274,18805.0,94.0,309.83,67.0
training,2026-10-05T05:05:00.860093+00:00,3548.7132908180356,18805.0,98.0,327.36,69.0
training,2026-10-05T05:05:00.860093+00:00,3554.0974340438843,18805.0,4.0,99.63,60.0
training,2026-10-05T05:05:00.860093+00:00,3559.4763252809644,18805.0,0.0,95.32,57.0
training,2026-10-05T05:05:00.860093+00:00,3564.846122831106,18805.0,0.0,93.32,55.0
training,2026-10-05T05:05:00.860093+00:00,3570.177858993411,18805.0,0.0,92.81,53.0
training,2026-10-05T05:05:00.860093+00:00,3575.5669909864664,18805.0,0.0,91.44,52.0
training,2026-10-05T05:05:00.860093+00:00,3580.9031813666224,18805.0,0.0,90.6,50.0
training,2026-10-05T05:05:00.860093+00:00,3586.220766790211,18805.0,0.0,89.3,49.0
training,2026-10-05T05:05:00.860093+00:00,3591.5786994844675,18805.0,0.0,88.69,48.0
training,2026-10-05T05:05:00.860093+00:00,3596.947840228677,18805.0,80.0,282.08,55.0
training,2026-10-05T05:05:00.860093+00:00,3602.3486323282123,18805.0,93.0,319.21,55.0
training,2026-10-05T05:05:00.860093+00:00,3607.7401163131,18805.0,7.0,247.89,55.0
training,2026-10-05T05:05:00.860093+00:00,3613.074942432344,18805.0,93.0,292.44,61.0
training,2026-10-05T05:05:00.860093+00:00,3618.4856946617365,18805.0,81.0,276.52,60.0
training,2026-10-05T05:05:00.860093+00:00,3623.94707287848,18805.0,94.0,300.15,62.0
training,2026-10-05T05:05:00.860093+00:00,3629.3710551559925,18805.0,88.0,308.27,63.0
training,2026-10-05T05:05:00.860093+00:00,3634.746849529445,18805.0,80.0,307.53,63.0
training,2026-10-05T05:05:00.860093+00:00,3640.164213977754,18805.0,91.0,313.89,64.0
training,2026-10-05T05:05:00.860093+00:00,3645.5707938224077,18805.0,84.0,247.79,61.0
training,2026-10-05T05:05:00.860093+00:00,3650.9975401833653,18805.0,85.0,278.81,65.0
training,2026-10-05T05:05:00.860093+00:00,3656.465941339731,18805.0,95.0,295.55,63.0
training,2026-10-05T05:05:00.860093+00:00,3661.881601564586,18805.0,93.0,304.14,63.0
training,2026-10-05T05:05:00.860093+00:00,3667.2273524329066,18805.0,89.0,272.42,63.0
training,2026-10-05T05:05:00.860093+00:00,3672.6081037819386,18805.0,94.0,299.42,65.0
training,2026-10-05T05:05:00.860093+00:00,3677.966705262661,18805.0,79.0,305.23,66.0
training,2026-10-05T05:05:00.860093+00:00,3683.2839524894953,18805.0,94.0,266.08,64.0
training,2026-10-05T05:05:00.860093+00:00,3688.6082965657115,18805.0,93.0,295.74,67.0
training,2026-10-05T05:05:00.860093+00:00,3693.98097461462,18805.0,79.0,321.11,66.0
training,2026-10-05T05:05:00.860093+00:00,3699.405954271555,18805.0,95.0,292.48,68.0
training,2026-10-05T05:05:00.860093+00:00,3704.7338850200176,18805.0,94.0,279.72,69.0
training,2026-10-05T05:05:00.860093+00:00,3710.1472295969725,18805.0,94.0,302.64,69.0
training,2026-10-05T05:05:00.860093+00:00,3715.6051857098937,18805.0,95.0,312.52,68.0
training,2026-10-05T05:05:00.860093+00:00,3720.98690341413,18805.0,74.0,303.07,67.0
training,2026-10-05T05:05:00.860093+00:00,3726.379163607955,18805.0,94.0,301.96,69.0
training,2026-10-05T05:05:00.860093+00:00,3731.967843040824,18805.0,94.0,276.4,67.0
training,2026-10-05T05:05:00.860093+00:00,3737.333846092224,18805.0,3.0,98.53,58.0
training,2026-10-05T05:05:00.860093+00:00,3742.694037668407,18805.0,0.0,95.36,56.0
training,2026-10-05T05:05:00.860093+00:00,3748.0553927496076,18805.0,0.0,93.93,54.0
training,2026-10-05T05:05:00.860093+00:00,3753.387526266277,18805.0,0.0,92.55,53.0
training,2026-10-05T05:05:00.860093+00:00,3758.752449207008,18805.0,0.0,91.59,51.0
training,2026-10-05T05:05:00.860093+00:00,3764.1676442995667,18805.0,0.0,90.7,50.0
training,2026-10-05T05:05:00.860093+00:00,3769.5691307634115,18805.0,0.0,90.26,49.0
training,2026-10-05T05:05:00.860093+00:00,3774.9179054796696,18805.0,0.0,88.58,48.0
training,2026-10-05T05:05:00.860093+00:00,3780.2946247681975,18805.0,0.0,88.22,47.0
training,2026-10-05T05:05:00.860093+00:00,3785.651813171804,18805.0,0.0,87.64,46.0
training,2026-10-05T05:05:00.860093+00:00,3791.067024320364,18805.0,80.0,279.48,52.0
training,2026-10-05T05:05:00.860093+00:00,3796.5221688374877,18805.0,94.0,257.67,53.0
training,2026-10-05T05:05:00.860093+00:00,3801.9663875177503,18805.0,94.0,306.31,56.0
training,2026-10-05T05:05:00.860093+00:00,3807.3684241846204,18805.0,86.0,301.87,58.0
training,2026-10-05T05:05:00.860093+00:00,3812.803434871137,18805.0,98.0,290.63,59.0
training,2026-10-05T05:05:00.860093+00:00,3818.2380026206374,18805.0,79.0,311.51,59.0
training,2026-10-05T05:05:00.860093+00:00,3823.6519079878926,18805.0,93.0,297.25,60.0
training,2026-10-05T05:05:00.860093+00:00,3829.049749493599,18805.0,77.0,297.44,61.0
training,2026-10-05T05:05:00.860093+00:00,3834.414958551526,18805.0,95.0,292.81,60.0
training,2026-10-05T05:05:00.860093+00:00,3839.772863611579,18805.0,94.0,323.93,63.0
training,2026-10-05T05:05:00.860093+00:00,3845.160105653107,18805.0,94.0,307.08,63.0
training,2026-10-05T05:05:00.860093+00:00,3850.501767873764,18805.0,99.0,271.62,64.0
training,2026-10-05T05:05:00.860093+00:00,3855.888311982155,18805.0,83.0,288.64,65.0
training,2026-10-05T05:05:00.860093+00:00,3861.2270514145494,18805.0,80.0,314.21,68.0
training,2026-10-05T05:05:00.860093+00:00,3866.6666496396065,18805.0,95.0,306.74,65.0
training,2026-10-05T05:05:00.860093+00:00,3872.0194098949432,18805.0,94.0,313.91,67.0
training,2026-10-05T05:05:00.860093+00:00,3877.3762718066573,18805.0,81.0,314.04,67.0
training,2026-10-05T05:05:00.860093+00:00,3882.731636747718,18805.0,86.0,275.79,69.0
training,2026-10-05T05:05:00.860093+00:00,3888.10714687407,18805.0,98.0,325.21,69.0
training,2026-10-05T05:05:00.860093+00:00,3893.4396095126867,18805.0,99.0,309.88,67.0
training,2026-10-05T05:05:00.860093+00:00,3898.8067028969526,18805.0,83.0,310.03,67.0
training,2026-10-05T05:05:00.860093+00:00,3904.2202135771513,18805.0,99.0,306.83,70.0
training,2026-10-05T05:05:00.860093+00:00,3909.6498226448894,18805.0,94.0,308.23,69.0
training,2026-10-05T05:05:00.860093+00:00,3915.0249079987407,18805.0,95.0,317.97,69.0
training,2026-10-05T05:05:00.860093+00:00,3920.485167771578,18805.0,94.0,299.19,68.0
training,2026-10-05T05:05:00.860093+00:00,3925.835909500718,18805.0,94.0,323.48,69.0
training,2026-10-05T05:05:00.860093+00:00,3931.1554410606623,18805.0,94.0,302.67,68.0
training,2026-10-05T05:05:00.860093+00:00,3936.5165436714888,18805.0,96.0,313.51,68.0
training,2026-10-05T05:05:00.860093+00:00,3941.9155933633447,18805.0,99.0,300.89,70.0
training,2026-10-05T05:05:00.860093+00:00,3947.301147736609,18805.0,87.0,300.03,68.0
training,2026-10-05T05:05:00.860093+00:00,3952.6348428353667,18805.0,94.0,290.94,69.0
training,2026-10-05T05:05:00.860093+00:00,3958.039441458881,18805.0,95.0,329.93,69.0
training,2026-10-05T05:05:00.860093+00:00,3963.366624675691,18805.0,95.0,301.29,68.0
training,2026-10-05T05:05:00.860093+00:00,3968.7294832766056,18805.0,94.0,296.83,69.0
training,2026-10-05T05:05:00.860093+00:00,3974.131045125425,18805.0,95.0,287.77,70.0
training,2026-10-05T05:05:00.860093+00:00,3979.517211176455,18805.0,81.0,306.27,68.0
training,2026-10-05T05:05:00.860093+00:00,3984.904399946332,18805.0,100.0,294.33,66.0
training,2026-10-05T05:05:00.860093+00:00,3990.333809003234,18805.0,98.0,316.86,69.0
training,2026-10-05T05:05:00.860093+00:00,3995.70610524714,18805.0,0.0,97.48,58.0
training,2026-10-05T05:05:00.860093+00:00,4001.0665824115276,18805.0,0.0,94.62,56.0
training,2026-10-05T05:05:00.860093+00:00,4006.4784301891923,18805.0,0.0,92.79,54.0
training,2026-10-05T05:05:00.860093+00:00,4011.840001821518,18805.0,0.0,92.09,52.0
training,2026-10-05T05:05:00.860093+00:00,4017.230478093028,18805.0,0.0,90.48,51.0
training,2026-10-05T05:05:00.860093+00:00,4022.6082902923226,18805.0,0.0,89.54,49.0
training,2026-10-05T05:05:00.860093+00:00,4028.0173861682415,18805.0,95.0,313.31,58.0
training,2026-10-05T05:05:00.860093+00:00,4033.3623661845922,18805.0,94.0,278.85,58.0
training,2026-10-05T05:05:00.860093+00:00,4038.714205175638,18805.0,94.0,300.58,59.0
training,2026-10-05T05:05:00.860093+00:00,4044.043119713664,18805.0,96.0,318.8,62.0
training,2026-10-05T05:05:00.860093+00:00,4049.4117082953453,18805.0,94.0,307.07,62.0
training,2026-10-05T05:05:00.860093+00:00,4054.718952976167,18805.0,93.0,290.19,63.0
training,2026-10-05T05:05:00.860093+00:00,4060.0732967182994,18805.0,92.0,301.24,62.0
training,2026-10-05T05:05:00.860093+00:00,4065.397002518177,18805.0,99.0,287.87,62.0
training,2026-10-05T05:05:00.860093+00:00,4070.777302414179,18805.0,76.0,289.08,62.0
training,2026-10-05T05:05:00.860093+00:00,4076.162907600403,18805.0,95.0,315.4,62.0
training,2026-10-05T05:05:00.860093+00:00,4081.562069952488,18805.0,95.0,293.23,66.0
training,2026-10-05T05:05:00.860093+00:00,4086.942259453237,18805.0,95.0,298.03,65.0
training,2026-10-05T05:05:00.860093+00:00,4092.2883484736085,18805.0,95.0,302.84,63.0
training,2026-10-05T05:05:00.860093+00:00,4097.697302207351,18805.0,90.0,317.89,64.0
training,2026-10-05T05:05:00.860093+00:00,4103.084485374391,18805.0,80.0,312.0,64.0
training,2026-10-05T05:05:00.860093+00:00,4108.472134627402,18805.0,95.0,313.19,63.0
training,2026-10-05T05:05:00.860093+00:00,4113.872393079102,18805.0,94.0,303.48,64.0
training,2026-10-05T05:05:00.860093+00:00,4119.257143579423,18805.0,0.0,261.05,60.0
training,2026-10-05T05:05:00.860093+00:00,4124.661197416484,18805.0,94.0,312.09,65.0
training,2026-10-05T05:05:00.860093+00:00,4130.054314434528,18805.0,94.0,311.79,66.0
training,2026-10-05T05:05:00.860093+00:00,4135.4725830852985,18805.0,94.0,307.66,65.0
training,2026-10-05T05:05:00.860093+00:00,4140.9216500371695,18805.0,95.0,310.17,65.0
training,2026-10-05T05:05:00.860093+00:00,4146.3498093262315,18805.0,76.0,280.95,68.0
training,2026-10-05T05:05:00.860093+00:00,4151.788832865655,18805.0,95.0,285.05,68.0
training,2026-10-05T05:05:00.860093+00:00,4157.179003462195,18805.0,62.0,269.11,67.0
training,2026-10-05T05:05:00.860093+00:00,4162.579082086682,18805.0,91.0,308.68,67.0
training,2026-10-05T05:05:00.860093+00:00,4167.957797534764,18805.0,94.0,299.02,68.0
training,2026-10-05T05:05:00.860093+00:00,4173.395731508732,18805.0,82.0,295.71,68.0
training,2026-10-05T05:05:00.860093+00:00,4178.845647767186,18805.0,86.0,308.83,66.0
training,2026-10-05T05:05:00.860093+00:00,4184.242694713175,18805.0,93.0,315.94,67.0
training,2026-10-05T05:05:00.860093+00:00,4189.61167114228,18805.0,95.0,303.63,66.0
training,2026-10-05T05:05:00.860093+00:00,4195.044701680541,18805.0,74.0,258.61,66.0
training,2026-10-05T05:05:00.860093+00:00,4200.468689441681,18805.0,94.0,312.92,68.0
training,2026-10-05T05:05:00.860093+00:00,4205.921092368662,18805.0,95.0,308.31,66.0
training,2026-10-05T05:05:00.860093+00:00,4211.263021975756,18805.0,90.0,310.77,66.0
training,2026-10-05T05:05:00.860093+00:00,4216.704357840121,18805.0,94.0,302.73,65.0
training,2026-10-05T05:05:00.860093+00:00,4222.072760537267,18805.0,87.0,299.4,67.0
training,2026-10-05T05:05:00.860093+00:00,4227.488434836268,18805.0,95.0,310.76,65.0
training,2026-10-05T05:05:00.860093+00:00,4232.891389168799,18805.0,95.0,288.94,66.0
training,2026-10-05T05:05:00.860093+00:00,4238.324455849826,18805.0,81.0,303.65,68.0
training,2026-10-05T05:05:00.860093+00:00,4243.738890245557,18805.0,96.0,309.28,66.0
training,2026-10-05T05:05:00.860093+00:00,4249.172676324844,18805.0,79.0,283.41,66.0
training,2026-10-05T05:05:00.860093+00:00,4254.581896685064,18805.0,95.0,303.06,67.0
training,2026-10-05T05:05:00.860093+00:00,4259.983187742531,18805.0,85.0,279.61,68.0
training,2026-10-05T05:05:00.860093+00:00,4265.404534250498,18805.0,86.0,299.62,68.0
training,2026-10-05T05:05:00.860093+00:00,4270.805700942874,18805.0,93.0,309.87,66.0
training,2026-10-05T05:05:00.860093+00:00,4276.190590180457,18805.0,90.0,312.88,66.0
training,2026-10-05T05:05:00.860093+00:00,4281.593762844801,18805.0,95.0,295.53,65.0
training,2026-10-05T05:05:00.860093+00:00,4286.969388715923,18805.0,93.0,297.43,67.0
training,2026-10-05T05:05:00.860093+00:00,4292.37391512841,18805.0,94.0,297.67,66.0
training,2026-10-05T05:05:00.860093+00:00,4297.781488388777,18805.0,75.0,297.2,65.0
training,2026-10-05T05:05:00.860093+00:00,4303.211433000863,18805.0,84.0,306.43,66.0
training,2026-10-05T05:05:00.860093+00:00,4308.575829200447,18805.0,77.0,318.83,64.0
training,2026-10-05T05:05:00.860093+00:00,4313.992550805211,18805.0,97.0,309.97,69.0
training,2026-10-05T05:05:00.860093+00:00,4319.368918187916,18805.0,76.0,304.67,66.0
training,2026-10-05T05:05:00.860093+00:00,4324.777935355902,18805.0,94.0,331.58,68.0
training,2026-10-05T05:05:00.860093+00:00,4330.166399434209,18805.0,77.0,303.5,68.0
training,2026-10-05T05:05:00.860093+00:00,4335.55326718092,18805.0,95.0,299.43,66.0
training,2026-10-05T05:05:00.860093+00:00,4340.894499965012,18805.0,79.0,276.23,66.0
training,2026-10-05T05:05:00.860093+00:00,4346.275600068271,18805.0,76.0,306.8,67.0
training,2026-10-05T05:05:00.860093+00:00,4351.727024532855,18805.0,82.0,277.62,66.0
training,2026-10-05T05:05:00.860093+00:00,4357.186354659498,18805.0,95.0,315.46,64.0
training,2026-10-05T05:05:00.860093+00:00,4362.598515607417,18805.0,64.0,311.66,67.0
training,2026-10-05T05:05:00.860093+00:00,4367.971028223634,18805.0,5.0,98.91,59.0
training,2026-10-05T05:05:00.860093+00:00,4373.363497026265,18805.0,0.0,95.06,56.0
training,2026-10-05T05:05:00.860093+00:00,4378.767825506628,18805.0,0.0,93.48,54.0
training,2026-10-05T05:05:00.860093+00:00,4384.137070789933,18805.0,0.0,92.4,52.0
training,2026-10-05T05:05:00.860093+00:00,4389.47045429796,18805.0,0.0,90.54,50.0
training,2026-10-05T05:05:00.860093+00:00,4394.8737791106105,18805.0,0.0,89.83,50.0
training,2026-10-05T05:05:00.860093+00:00,4400.245669446886,18805.0,0.0,89.69,49.0
training,2026-10-05T05:05:00.860093+00:00,4405.634692192078,18805.0,0.0,88.36,48.0
training,2026-10-05T05:05:00.860093+00:00,4411.027782060206,18805.0,75.0,288.97,58.0
training,2026-10-05T05:05:00.860093+00:00,4416.394464351237,18805.0,86.0,296.06,58.0
training,2026-10-05T05:05:00.860093+00:00,4421.810611195862,18805.0,86.0,260.55,60.0
training,2026-10-05T05:05:00.860093+00:00,4427.179831176996,18805.0,87.0,296.51,61.0
training,2026-10-05T05:05:00.860093+00:00,4432.559572085738,18805.0,94.0,257.63,61.0
training,2026-10-05T05:05:00.860093+00:00,4437.877412348986,18805.0,94.0,312.5,63.0
training,2026-10-05T05:05:00.860093+00:00,4443.293873488903,18805.0,79.0,292.32,64.0
training,2026-10-05T05:05:00.860093+00:00,4448.684185810387,18805.0,80.0,302.51,66.0
training,2026-10-05T05:05:00.860093+00:00,4454.055701225996,18805.0,94.0,325.5,66.0
training,2026-10-05T05:05:00.860093+00:00,4459.486819401383,18805.0,93.0,315.73,65.0
training,2026-10-05T05:05:00.860093+00:00,4464.907119162381,18805.0,76.0,290.62,67.0
training,2026-10-05T05:05:00.860093+00:00,4470.3173619657755,18805.0,93.0,284.77,66.0
training,2026-10-05T05:05:00.860093+00:00,4475.758718557656,18805.0,96.0,309.83,66.0
training,2026-10-05T05:05:00.860093+00:00,4481.149695068598,18805.0,94.0,297.62,65.0
training,2026-10-05T05:05:00.860093+00:00,4486.544122166932,18805.0,87.0,280.62,65.0
training,2026-10-05T05:05:00.860093+00:00,4492.109849438071,18805.0,94.0,298.34,67.0
training,2026-10-05T05:05:00.860093+00:00,4497.534918390214,18805.0,93.0,297.93,67.0
training,2026-10-05T05:05:00.860093+00:00,4502.933808408678,18805.0,99.0,297.41,68.0
training,2026-10-05T05:05:00.860093+00:00,4508.308181934059,18805.0,4.0,98.54,59.0
training,2026-10-05T05:05:00.860093+00:00,4513.768327951431,18805.0,0.0,94.67,56.0
training,2026-10-05T05:05:00.860093+00:00,4519.1782046332955,18805.0,0.0,93.29,54.0
training,2026-10-05T05:05:00.860093+00:00,4524.563200779259,18805.0,0.0,92.11,53.0
training,2026-10-05T05:05:00.860093+00:00,4529.925146743655,18805.0,0.0,90.64,51.0
training,2026-10-05T05:05:00.860093+00:00,4535.259831547737,18805.0,0.0,89.78,49.0
training,2026-10-05T05:05:00.860093+00:00,4540.577810868621,18805.0,95.0,287.87,55.0
training,2026-10-05T05:05:00.860093+00:00,4546.000926606357,18805.0,84.0,303.25,58.0
training,2026-10-05T05:05:00.860093+00:00,4551.336432687938,18805.0,99.0,272.41,58.0
training,2026-10-05T05:05:00.860093+00:00,4556.773192822933,18805.0,99.0,310.86,61.0
training,2026-10-05T05:05:00.860093+00:00,4562.177157007158,18805.0,85.0,305.47,61.0
training,2026-10-05T05:05:00.860093+00:00,4567.568120859563,18805.0,82.0,284.16,60.0
training,2026-10-05T05:05:00.860093+00:00,4572.969219431281,18805.0,90.0,306.75,62.0
training,2026-10-05T05:05:00.860093+00:00,4578.318798542023,18805.0,94.0,322.32,64.0
training,2026-10-05T05:05:00.860093+00:00,4583.68808632344,18805.0,95.0,294.97,62.0
training,2026-10-05T05:05:00.860093+00:00,4589.065945670009,18805.0,99.0,302.89,63.0
training,2026-10-05T05:05:00.860093+00:00,4594.467295855284,18805.0,95.0,282.67,64.0
training,2026-10-05T05:05:00.860093+00:00,4599.912669308484,18805.0,94.0,318.89,66.0
training,2026-10-05T05:05:00.860093+00:00,4605.312943764031,18805.0,86.0,284.14,65.0
training,2026-10-05T05:05:00.860093+00:00,4610.757637314498,18805.0,90.0,295.13,64.0
training,2026-10-05T05:05:00.860093+00:00,4616.162630558014,18805.0,88.0,290.22,64.0
training,2026-10-05T05:05:00.860093+00:00,4621.539206169546,18805.0,88.0,283.67,64.0
training,2026-10-05T05:05:00.860093+00:00,4626.922492004931,18805.0,99.0,315.29,65.0
training,2026-10-05T05:05:00.860093+00:00,4632.312531940639,18805.0,96.0,311.03,65.0
training,2026-10-05T05:05:00.860093+00:00,4637.714630678296,18805.0,87.0,310.84,67.0
training,2026-10-05T05:05:00.860093+00:00,4643.170203879476,18805.0,97.0,293.15,68.0
training,2026-10-05T05:05:00.860093+00:00,4648.650420874357,18805.0,95.0,293.27,65.0
training,2026-10-05T05:05:00.860093+00:00,4654.04394108057,18805.0,95.0,304.47,64.0
training,2026-10-05T05:05:00.860093+00:00,4659.430909484625,18805.0,79.0,300.4,66.0
training,2026-10-05T05:05:00.860093+00:00,4664.833060950041,18805.0,95.0,294.2,65.0
training,2026-10-05T05:05:00.860093+00:00,4670.189929693937,18805.0,94.0,268.77,66.0
training,2026-10-05T05:05:00.860093+00:00,4675.603554815054,18805.0,84.0,302.84,67.0
training,2026-10-05T05:05:00.860093+00:00,4681.017973937094,18805.0,89.0,301.23,67.0
training,2026-10-05T05:05:00.860093+00:00,4686.444159477949,18805.0,95.0,288.86,66.0
training,2026-10-05T05:05:00.860093+00:00,4691.887787900865,18805.0,85.0,284.02,66.0
training,2026-10-05T05:05:00.860093+00:00,4697.2347927019,18805.0,95.0,318.0,67.0
training,2026-10-05T05:05:00.860093+00:00,4702.604173332453,18805.0,91.0,305.03,69.0
training,2026-10-05T05:05:00.860093+00:00,4707.947053059936,18805.0,93.0,265.72,65.0
training,2026-10-05T05:05:00.860093+00:00,4713.298509515822,18805.0,99.0,288.21,66.0
training,2026-10-05T05:05:00.860093+00:00,4718.730432853103,18805.0,91.0,312.52,69.0
training,2026-10-05T05:05:00.860093+00:00,4724.101537175477,18805.0,85.0,292.17,67.0
training,2026-10-05T05:05:00.860093+00:00,4729.5075507164,18805.0,80.0,293.28,67.0
training,2026-10-05T05:05:00.860093+00:00,4734.886030241847,18805.0,99.0,291.2,67.0
training,2026-10-05T05:05:00.860093+00:00,4740.302166163921,18805.0,94.0,282.53,69.0
training,2026-10-05T05:05:00.860093+00:00,4745.695343308151,18805.0,96.0,250.65,64.0
training,2026-10-05T05:05:00.860093+00:00,4751.110479660332,18805.0,94.0,303.47,67.0
training,2026-10-05T05:05:00.860093+00:00,4756.538403719664,18805.0,95.0,321.29,67.0
training,2026-10-05T05:05:00.860093+00:00,4762.039285965264,18805.0,92.0,300.46,67.0
training,2026-10-05T05:05:00.860093+00:00,4767.395149096847,18805.0,93.0,281.72,66.0
training,2026-10-05T05:05:00.860093+00:00,4772.8349425420165,18805.0,98.0,321.92,67.0
training,2026-10-05T05:05:00.860093+00:00,4778.206427082419,18805.0,88.0,307.79,68.0
training,2026-10-05T05:05:00.860093+00:00,4783.61499594897,18805.0,4.0,98.69,58.0
training,2026-10-05T05:05:00.860093+00:00,4789.009888716042,18805.0,0.0,95.0,56.0
training,2026-10-05T05:05:00.860093+00:00,4794.370300069451,18805.0,0.0,93.63,54.0
training,2026-10-05T05:05:00.860093+00:00,4799.785761125386,18805.0,0.0,92.74,52.0
training,2026-10-05T05:05:00.860093+00:00,4805.144480854273,18805.0,0.0,90.81,51.0
training,2026-10-05T05:05:00.860093+00:00,4810.5245808288455,18805.0,0.0,89.68,49.0
training,2026-10-05T05:05:00.860093+00:00,4815.906473964453,18805.0,0.0,88.79,48.0
training,2026-10-05T05:05:00.860093+00:00,4821.303091935813,18805.0,94.0,284.63,56.0
training,2026-10-05T05:05:00.860093+00:00,4826.738410629332,18805.0,83.0,304.11,56.0
training,2026-10-05T05:05:00.860093+00:00,4832.272813513875,18805.0,95.0,291.65,60.0
training,2026-10-05T05:05:00.860093+00:00,4837.625507563353,18805.0,86.0,278.48,60.0
training,2026-10-05T05:05:00.860093+00:00,4842.981792263687,18805.0,94.0,300.8,61.0
training,2026-10-05T05:05:00.860093+00:00,4848.348536148667,18805.0,94.0,301.97,62.0
training,2026-10-05T05:05:00.860093+00:00,4853.734623476863,18805.0,90.0,296.96,61.0
training,2026-10-05T05:05:00.860093+00:00,4859.116977550089,18805.0,98.0,274.45,63.0
training,2026-10-05T05:05:00.860093+00:00,4864.52326965332,18805.0,83.0,283.91,62.0
training,2026-10-05T05:05:00.860093+00:00,4869.921581402421,18805.0,95.0,296.58,63.0
training,2026-10-05T05:05:00.860093+00:00,4875.334781162441,18805.0,94.0,300.88,61.0
training,2026-10-05T05:05:00.860093+00:00,4880.694021098316,18805.0,86.0,295.37,65.0
training,2026-10-05T05:05:00.860093+00:00,4886.107838258147,18805.0,99.0,304.84,65.0
training,2026-10-05T05:05:00.860093+00:00,4891.504456952214,18805.0,84.0,281.23,66.0
training,2026-10-05T05:05:00.860093+00:00,4896.878759086132,18805.0,89.0,301.87,64.0
training,2026-10-05T05:05:00.860093+00:00,4902.237325564027,18805.0,94.0,316.6,62.0
training,2026-10-05T05:05:00.860093+00:00,4907.580292411149,18805.0,91.0,300.42,65.0
training,2026-10-05T05:05:00.860093+00:00,4912.908120803535,18805.0,99.0,298.68,64.0
training,2026-10-05T05:05:00.860093+00:00,4918.280574098229,18805.0,93.0,307.78,66.0
training,2026-10-05T05:05:00.860093+00:00,4923.656195677817,18805.0,94.0,305.57,65.0
training,2026-10-05T05:05:00.860093+00:00,4929.032042168081,18805.0,89.0,315.15,64.0
training,2026-10-05T05:05:00.860093+00:00,4934.482303127646,18805.0,78.0,306.48,67.0
training,2026-10-05T05:05:00.860093+00:00,4939.8439567908645,18805.0,95.0,302.66,65.0
training,2026-10-05T05:05:00.860093+00:00,4945.181779794395,18805.0,99.0,311.2,67.0
training,2026-10-05T05:05:00.860093+00:00,4950.542572930455,18805.0,92.0,293.87,67.0
training,2026-10-05T05:05:00.860093+00:00,4955.971190027893,18805.0,93.0,290.21,66.0
training,2026-10-05T05:05:00.860093+00:00,4961.28754940629,18805.0,0.0,258.54,61.0
training,2026-10-05T05:05:00.860093+00:00,4966.6538669765,18805.0,95.0,298.21,67.0
training,2026-10-05T05:05:00.860093+00:00,4972.0243431553245,18805.0,92.0,303.57,66.0
training,2026-10-05T05:05:00.860093+00:00,4977.428893946111,18805.0,93.0,304.56,67.0
training,2026-10-05T05:05:00.860093+00:00,4982.797086857259,18805.0,81.0,284.02,68.0
training,2026-10-05T05:05:00.860093+00:00,4988.1302738413215,18805.0,77.0,304.03,68.0
training,2026-10-05T05:05:00.860093+00:00,4993.448681011796,18805.0,94.0,309.25,67.0
training,2026-10-05T05:05:00.860093+00:00,4998.8115684092045,18805.0,77.0,234.45,64.0
training,2026-10-05T05:05:00.860093+00:00,5004.159378238022,18805.0,92.0,295.2,67.0
training,2026-10-05T05:05:00.860093+00:00,5009.6565722078085,18805.0,76.0,294.71,68.0
training,2026-10-05T05:05:00.860093+00:00,5015.018966823816,18805.0,84.0,311.07,67.0
training,2026-10-05T05:05:00.860093+00:00,5020.38674595207,18805.0,97.0,313.55,69.0
training,2026-10-05T05:05:00.860093+00:00,5025.7915223911405,18805.0,88.0,278.35,69.0
training,2026-10-05T05:05:00.860093+00:00,5031.134885825217,18805.0,93.0,311.48,69.0
training,2026-10-05T05:05:00.860093+00:00,5036.505235597491,18805.0,95.0,260.56,69.0
training,2026-10-05T05:05:00.860093+00:00,5041.924120053649,18805.0,82.0,298.45,68.0
training,2026-10-05T05:05:00.860093+00:00,5047.254568837583,18805.0,93.0,310.14,69.0
training,2026-10-05T05:05:00.860093+00:00,5052.676741011441,18805.0,94.0,281.4,68.0
training,2026-10-05T05:05:00.860093+00:00,5058.085110336542,18805.0,93.0,306.58,68.0
training,2026-10-05T05:05:00.860093+00:00,5063.500688299537,18805.0,84.0,292.4,68.0
training,2026-10-05T05:05:00.860093+00:00,5068.857552349567,18805.0,81.0,313.43,68.0
training,2026-10-05T05:05:00.860093+00:00,5074.261868588626,18805.0,99.0,252.86,66.0
training,2026-10-05T05:05:00.860093+00:00,5079.56040944159,18805.0,93.0,286.21,68.0
training,2026-10-05T05:05:00.860093+00:00,5084.996422506869,18805.0,95.0,302.02,68.0
training,2026-10-05T05:05:00.860093+00:00,5090.298293448985,18805.0,93.0,319.65,68.0
training,2026-10-05T05:05:00.860093+00:00,5095.71167422086,18805.0,99.0,307.57,70.0
training,2026-10-05T05:05:00.860093+00:00,5101.088097631931,18805.0,99.0,325.82,68.0
training,2026-10-05T05:05:00.860093+00:00,5106.479579620063,18805.0,98.0,301.19,70.0
training,2026-10-05T05:05:00.860093+00:00,5111.859799399972,18805.0,86.0,259.55,70.0
training,2026-10-05T05:05:00.860093+00:00,5117.216685071588,18805.0,94.0,299.1,68.0
training,2026-10-05T05:05:00.860093+00:00,5122.628163829446,18805.0,95.0,312.33,68.0
training,2026-10-05T05:05:00.860093+00:00,5127.994885288179,18805.0,91.0,296.54,70.0
training,2026-10-05T05:05:00.860093+00:00,5133.374805167317,18805.0,94.0,306.2,69.0
training,2026-10-05T05:05:00.860093+00:00,5138.759717151523,18805.0,94.0,305.19,69.0
training,2026-10-05T05:05:00.860093+00:00,5144.10880061239,18805.0,99.0,289.97,70.0
training,2026-10-05T05:05:00.860093+00:00,5149.503121800721,18805.0,84.0,235.79,66.0
training,2026-10-05T05:05:00.860093+00:00,5154.954019263387,18805.0,83.0,313.21,69.0
training,2026-10-05T05:05:00.860093+00:00,5160.359981998801,18805.0,5.0,102.71,61.0
training,2026-10-05T05:05:00.860093+00:00,5165.789537459612,18805.0,0.0,96.71,57.0
training,2026-10-05T05:05:00.860093+00:00,5171.132257916033,18805.0,0.0,94.53,55.0
training,2026-10-05T05:05:00.860093+00:00,5176.476126641035,18805.0,0.0,93.41,54.0
training,2026-10-05T05:05:00.860093+00:00,5181.967722922564,18805.0,0.0,92.13,52.0
training,2026-10-05T05:05:00.860093+00:00,5187.316625602543,18805.0,0.0,91.32,51.0
training,2026-10-05T05:05:00.860093+00:00,5192.747472666204,18805.0,0.0,90.47,49.0
training,2026-10-05T05:05:00.860093+00:00,5198.1128871664405,18805.0,0.0,89.72,48.0
training,2026-10-05T05:05:00.860093+00:00,5203.537570849061,18805.0,0.0,88.07,47.0
training,2026-10-05T05:05:00.860093+00:00,5208.916933968663,18805.0,0.0,87.64,46.0
training,2026-10-05T05:05:00.860093+00:00,5214.268107928336,18805.0,75.0,135.61,53.0
training,2026-10-05T05:05:00.860093+00:00,5219.693714141846,18805.0,99.0,280.9,56.0
training,2026-10-05T05:05:00.860093+00:00,5225.109863728285,18805.0,95.0,294.71,56.0
training,2026-10-05T05:05:00.860093+00:00,5230.529377646744,18805.0,96.0,294.62,57.0
training,2026-10-05T05:05:00.860093+00:00,5235.907190039754,18805.0,90.0,308.5,60.0
training,2026-10-05T05:05:00.860093+00:00,5241.307981558144,18805.0,95.0,297.45,60.0
training,2026-10-05T05:05:00.860093+00:00,5246.75466696918,18805.0,94.0,309.46,62.0
training,2026-10-05T05:05:00.860093+00:00,5252.183884136379,18805.0,92.0,310.08,62.0
training,2026-10-05T05:05:00.860093+00:00,5257.596673063934,18805.0,98.0,310.72,62.0
training,2026-10-05T05:05:00.860093+00:00,5263.007331624627,18805.0,85.0,278.34,61.0
training,2026-10-05T05:05:00.860093+00:00,5268.431067496538,18805.0,91.0,242.26,61.0
training,2026-10-05T05:05:00.860093+00:00,5273.833597801626,18805.0,93.0,304.35,65.0
training,2026-10-05T05:05:00.860093+00:00,5279.196932323277,18805.0,0.0,93.92,54.0
training,2026-10-05T05:05:00.860093+00:00,5284.522914454341,18805.0,0.0,91.66,52.0
training,2026-10-05T05:05:00.860093+00:00,5289.826427519321,18805.0,0.0,90.82,50.0
training,2026-10-05T05:05:00.860093+00:00,5295.146902874112,18805.0,0.0,89.42,49.0
training,2026-10-05T05:05:00.860093+00:00,5300.506013184786,18805.0,0.0,88.49,48.0
training,2026-10-05T05:05:00.860093+00:00,5305.884066902101,18805.0,0.0,87.35,47.0
training,2026-10-05T05:05:00.860093+00:00,5311.246694363654,18805.0,95.0,288.6,55.0
training,2026-10-05T05:05:00.860093+00:00,5316.617883108556,18805.0,94.0,272.63,54.0
training,2026-10-05T05:05:00.860093+00:00,5322.029047653079,18805.0,94.0,288.16,59.0
training,2026-10-05T05:05:00.860093+00:00,5327.417467579246,18805.0,86.0,267.05,57.0
training,2026-10-05T05:05:00.860093+00:00,5332.800904460251,18805.0,94.0,306.7,58.0
training,2026-10-05T05:05:00.860093+00:00,5338.204020380974,18805.0,99.0,299.2,58.0
training,2026-10-05T05:05:00.860093+00:00,5343.516252346337,18805.0,94.0,277.91,61.0
training,2026-10-05T05:05:00.860093+00:00,5348.941398784518,18805.0,94.0,304.57,61.0
training,2026-10-05T05:05:00.860093+00:00,5354.262151874602,18805.0,93.0,303.68,63.0
training,2026-10-05T05:05:00.860093+00:00,5359.626725636423,18805.0,0.0,262.71,57.0
training,2026-10-05T05:05:00.860093+00:00,5365.020862713456,18805.0,94.0,316.75,62.0
training,2026-10-05T05:05:00.860093+00:00,5370.368759334087,18805.0,80.0,313.68,63.0
training,2026-10-05T05:05:00.860093+00:00,5375.695190630853,18805.0,94.0,297.75,63.0
training,2026-10-05T05:05:00.860093+00:00,5381.128905028105,18805.0,96.0,298.92,61.0
training,2026-10-05T05:05:00.860093+00:00,5386.514686726034,18805.0,93.0,306.84,63.0
training,2026-10-05T05:05:00.860093+00:00,5391.940708130598,18805.0,94.0,306.6,64.0
training,2026-10-05T05:05:00.860093+00:00,5397.362661115825,18805.0,94.0,283.5,65.0
training,2026-10-05T05:05:00.860093+00:00,5402.7192445248365,18805.0,94.0,290.82,65.0
training,2026-10-05T05:05:00.860093+00:00,5408.097700342536,18805.0,89.0,313.06,65.0
training,2026-10-05T05:05:00.860093+00:00,5413.457359738648,18805.0,94.0,305.06,65.0
training,2026-10-05T05:05:00.860093+00:00,5418.891809932888,18805.0,99.0,295.83,64.0
training,2026-10-05T05:05:00.860093+00:00,5424.207779884338,18805.0,87.0,261.39,67.0
training,2026-10-05T05:05:00.860093+00:00,5429.536127224565,18805.0,90.0,266.47,67.0
training,2026-10-05T05:05:00.860093+00:00,5434.882623881102,18805.0,94.0,283.22,63.0
training,2026-10-05T05:05:00.860093+00:00,5440.247387364507,18805.0,74.0,309.16,67.0
training,2026-10-05T05:05:00.860093+00:00,5445.580391347408,18805.0,80.0,294.67,65.0
training,2026-10-05T05:05:00.860093+00:00,5450.895625665784,18805.0,98.0,300.2,67.0
training,2026-10-05T05:05:00.860093+00:00,5456.316706694663,18805.0,98.0,287.49,67.0
training,2026-10-05T05:05:00.860093+00:00,5461.698189027607,18805.0,91.0,315.3,66.0
training,2026-10-05T05:05:00.860093+00:00,5467.062832720578,18805.0,94.0,310.64,65.0
training,2026-10-05T05:05:00.860093+00:00,5472.489534765482,18805.0,22.0,249.02,64.0
training,2026-10-05T05:05:00.860093+00:00,5477.853884212673,18805.0,91.0,286.65,68.0
training,2026-10-05T05:05:00.860093+00:00,5483.253386117518,18805.0,85.0,291.11,68.0
training,2026-10-05T05:05:00.860093+00:00,5488.577991753817,18805.0,93.0,314.02,66.0
training,2026-10-05T05:05:00.860093+00:00,5493.960684008896,18805.0,95.0,290.8,67.0
training,2026-10-05T05:05:00.860093+00:00,5499.297179482877,18805.0,93.0,289.63,65.0
training,2026-10-05T05:05:00.860093+00:00,5504.644379325211,18805.0,90.0,273.88,65.0
training,2026-10-05T05:05:00.860093+00:00,5510.032468222082,18805.0,68.0,265.08,66.0
training,2026-10-05T05:05:00.860093+00:00,5515.403861910105,18805.0,94.0,297.12,65.0
training,2026-10-05T05:05:00.860093+00:00,5520.770156495273,18805.0,79.0,298.48,66.0
training,2026-10-05T05:05:00.860093+00:00,5526.127075366676,18805.0,86.0,287.25,66.0
training,2026-10-05T05:05:00.860093+00:00,5531.556073531508,18805.0,93.0,324.51,67.0
training,2026-10-05T05:05:00.860093+00:00,5536.958752952516,18805.0,99.0,313.02,65.0
training,2026-10-05T05:05:00.860093+00:00,5542.337832160294,18805.0,80.0,275.74,66.0
training,2026-10-05T05:05:00.860093+00:00,5547.747641958296,18805.0,84.0,253.1,67.0
training,2026-10-05T05:05:00.860093+00:00,5553.222560741007,18805.0,85.0,318.06,67.0
training,2026-10-05T05:05:00.860093+00:00,5558.616945333779,18805.0,95.0,304.21,67.0
training,2026-10-05T05:05:00.860093+00:00,5564.055325224996,18805.0,88.0,302.74,68.0
training,2026-10-05T05:05:00.860093+00:00,5569.454304151237,18805.0,94.0,302.64,66.0
training,2026-10-05T05:05:00.860093+00:00,5574.797278247774,18805.0,96.0,273.56,66.0
training,2026-10-05T05:05:00.860093+00:00,5580.152806662023,18805.0,84.0,284.08,66.0
training,2026-10-05T05:05:00.860093+00:00,5585.48885832727,18805.0,98.0,323.04,67.0
training,2026-10-05T05:05:00.860093+00:00,5590.821714177728,18805.0,3.0,104.34,59.0
training,2026-10-05T05:05:00.860093+00:00,5596.197414539754,18805.0,0.0,96.47,56.0
training,2026-10-05T05:05:00.860093+00:00,5601.549819901586,18805.0,0.0,93.71,54.0
training,2026-10-05T05:05:00.860093+00:00,5606.95961008966,18805.0,0.0,92.64,52.0
training,2026-10-05T05:05:00.860093+00:00,5612.347309321165,18805.0,0.0,91.47,51.0
training,2026-10-05T05:05:00.860093+00:00,5617.7080390155315,18805.0,0.0,90.24,49.0
training,2026-10-05T05:05:00.860093+00:00,5623.10594072938,18805.0,0.0,88.55,48.0
training,2026-10-05T05:05:00.860093+00:00,5628.483116976917,18805.0,0.0,87.68,47.0
training,2026-10-05T05:05:00.860093+00:00,5633.856867000461,18805.0,81.0,142.16,50.0
training,2026-10-05T05:05:00.860093+00:00,5639.217284798622,18805.0,96.0,297.97,54.0
training,2026-10-05T05:05:00.860093+00:00,5644.634805075824,18805.0,94.0,309.39,58.0
training,2026-10-05T05:05:00.860093+00:00,5650.089613556862,18805.0,76.0,313.44,59.0
training,2026-10-05T05:05:00.860093+00:00,5655.3983190357685,18805.0,99.0,290.55,58.0
training,2026-10-05T05:05:00.860093+00:00,5660.818196974695,18805.0,89.0,285.96,60.0
training,2026-10-05T05:05:00.860093+00:00,5666.173755310476,18805.0,97.0,312.11,59.0
training,2026-10-05T05:05:00.860093+00:00,5671.532203286886,18805.0,94.0,289.94,60.0
training,2026-10-05T05:05:00.860093+00:00,5676.930999085307,18805.0,83.0,291.01,62.0
training,2026-10-05T05:05:00.860093+00:00,5682.320944190025,18805.0,94.0,282.89,62.0
training,2026-10-05T05:05:00.860093+00:00,5687.664725124836,18805.0,99.0,303.08,60.0
training,2026-10-05T05:05:00.860093+00:00,5693.033007986844,18805.0,95.0,294.27,63.0
training,2026-10-05T05:05:00.860093+00:00,5698.357141025364,18805.0,99.0,280.94,65.0
training,2026-10-05T05:05:00.860093+00:00,5703.731851495802,18805.0,94.0,306.6,62.0
training,2026-10-05T05:05:00.860093+00:00,5709.10069411248,18805.0,94.0,310.34,63.0
training,2026-10-05T05:05:00.860093+00:00,5714.480631791055,18805.0,94.0,285.0,63.0
training,2026-10-05T05:05:00.860093+00:00,5719.868160486221,18805.0,95.0,319.51,63.0
training,2026-10-05T05:05:00.860093+00:00,5725.26415861398,18805.0,95.0,330.74,63.0
training,2026-10-05T05:05:00.860093+00:00,5730.622064143419,18805.0,95.0,320.59,64.0
training,2026-10-05T05:05:00.860093+00:00,5735.970316752791,18805.0,89.0,309.36,65.0
training,2026-10-05T05:05:00.860093+00:00,5741.361143261194,18805.0,85.0,300.09,66.0
training,2026-10-05T05:05:00.860093+00:00,5746.778420910239,18805.0,91.0,290.72,66.0
training,2026-10-05T05:05:00.860093+00:00,5752.187423817813,18805.0,95.0,260.31,67.0
training,2026-10-05T05:05:00.860093+00:00,5757.571990527213,18805.0,94.0,276.35,67.0
training,2026-10-05T05:05:00.860093+00:00,5762.962196588516,18805.0,93.0,288.1,68.0
training,2026-10-05T05:05:00.860093+00:00,5768.348582178354,18805.0,94.0,310.01,67.0
training,2026-10-05T05:05:00.860093+00:00,5773.7769765257835,18805.0,83.0,286.53,68.0
training,2026-10-05T05:05:00.860093+00:00,5779.167451493442,18805.0,87.0,287.85,66.0
training,2026-10-05T05:05:00.860093+00:00,5784.56538900733,18805.0,95.0,312.69,68.0
training,2026-10-05T05:05:00.860093+00:00,5789.9861648231745,18805.0,80.0,292.82,67.0
training,2026-10-05T05:05:00.860093+00:00,5795.449718363583,18805.0,87.0,302.05,68.0
training,2026-10-05T05:05:00.860093+00:00,5800.807686313987,18805.0,89.0,306.48,69.0
training,2026-10-05T05:05:00.860093+00:00,5806.152952581644,18805.0,88.0,294.12,64.0
training,2026-10-05T05:05:00.860093+00:00,5811.579113297164,18805.0,82.0,292.93,70.0
training,2026-10-05T05:05:00.860093+00:00,5816.992996536195,18805.0,78.0,308.69,68.0
training,2026-10-05T05:05:00.860093+00:00,5822.333145402372,18805.0,91.0,293.42,68.0
training,2026-10-05T05:05:00.860093+00:00,5827.720553308725,18805.0,95.0,294.72,67.0
training,2026-10-05T05:05:00.860093+00:00,5833.052238762379,18805.0,96.0,295.83,68.0
training,2026-10-05T05:05:00.860093+00:00,5838.388688400388,18805.0,93.0,311.52,67.0
training,2026-10-05T05:05:00.860093+00:00,5843.725510343909,18805.0,26.0,286.64,64.0
training,2026-10-05T05:05:00.860093+00:00,5849.135633289814,18805.0,86.0,300.28,70.0
training,2026-10-05T05:05:00.860093+00:00,5854.5650821998715,18805.0,94.0,303.98,69.0
training,2026-10-05T05:05:00.860093+00:00,5859.913933001459,18805.0,82.0,320.62,69.0
training,2026-10-05T05:05:00.860093+00:00,5865.273295864463,18805.0,97.0,303.33,70.0
training,2026-10-05T05:05:00.860093+00:00,5870.598755598068,18805.0,95.0,314.5,69.0
training,2026-10-05T05:05:00.860093+00:00,5875.957051284611,18805.0,88.0,308.34,67.0
training,2026-10-05T05:05:00.860093+00:00,5881.263571508229,18805.0,0.0,317.09,64.0
training,2026-10-05T05:05:00.860093+00:00,5886.629755236208,18805.0,84.0,304.45,69.0
training,2026-10-05T05:05:00.860093+00:00,5891.980009689927,18805.0,95.0,317.94,68.0
training,2026-10-05T05:05:00.860093+00:00,5897.326862573624,18805.0,87.0,311.86,68.0
training,2026-10-05T05:05:00.860093+00:00,5902.699817605317,18805.0,94.0,301.39,68.0
training,2026-10-05T05:05:00.860093+00:00,5908.096110723913,18805.0,96.0,290.09,71.0
training,2026-10-05T05:05:00.860093+00:00,5913.450134381652,18805.0,92.0,308.16,70.0
training,2026-10-05T05:05:00.860093+00:00,5918.817761011422,18805.0,21.0,288.13,64.0
training,2026-10-05T05:05:00.860093+00:00,5924.192348867655,18805.0,94.0,311.67,69.0
training,2026-10-05T05:05:00.860093+00:00,5929.5455222427845,18805.0,94.0,305.5,67.0
training,2026-10-05T05:05:00.860093+00:00,5934.92334408313,18805.0,95.0,298.99,70.0
training,2026-10-05T05:05:00.860093+00:00,5940.25293648988,18805.0,98.0,294.47,70.0
training,2026-10-05T05:05:00.860093+00:00,5945.563357315958,18805.0,95.0,315.52,68.0
training,2026-10-05T05:05:00.860093+00:00,5950.9458913728595,18805.0,89.0,291.27,70.0
training,2026-10-05T05:05:00.860093+00:00,5956.266766689718,18805.0,47.0,303.85,67.0
training,2026-10-05T05:05:00.860093+00:00,5961.738029174507,18805.0,80.0,302.7,67.0
training,2026-10-05T05:05:00.860093+00:00,5967.145896166563,18805.0,88.0,280.02,68.0
training,2026-10-05T05:05:00.860093+00:00,5972.566083945334,18805.0,80.0,293.59,66.0
training,2026-10-05T05:05:00.860093+00:00,5977.911098361015,18805.0,5.0,99.61,59.0
training,2026-10-05T05:05:00.860093+00:00,5983.276767618954,18805.0,0.0,95.84,57.0
training,2026-10-05T05:05:00.860093+00:00,5988.652137592435,18805.0,0.0,94.41,54.0
training,2026-10-05T05:05:00.860093+00:00,5994.036197789013,18805.0,0.0,92.74,53.0
training,2026-10-05T05:05:00.860093+00:00,5999.44348347187,18805.0,0.0,91.6,51.0
training,2026-10-05T05:05:00.860093+00:00,6004.853332079947,18805.0,0.0,90.28,50.0
training,2026-10-05T05:05:00.860093+00:00,6010.246642850339,18805.0,95.0,302.62,56.0
training,2026-10-05T05:05:00.860093+00:00,6015.640231311321,18805.0,91.0,310.64,60.0
training,2026-10-05T05:05:00.860093+00:00,6020.986503534019,18805.0,79.0,289.2,61.0
training,2026-10-05T05:05:00.860093+00:00,6026.400825433433,18805.0,95.0,291.23,61.0
training,2026-10-05T05:05:00.860093+00:00,6031.88353035599,18805.0,5.0,160.71,54.0
training,2026-10-05T05:05:00.860093+00:00,6037.271686792374,18805.0,0.0,91.02,51.0
training,2026-10-05T05:05:00.860093+00:00,6042.613681539893,18805.0,0.0,90.02,49.0
training,2026-10-05T05:05:00.860093+00:00,6047.957992121577,18805.0,0.0,88.76,48.0
training,2026-10-05T05:05:00.860093+00:00,6053.377498708665,18805.0,0.0,88.04,47.0
training,2026-10-05T05:05:00.860093+00:00,6058.800021797419,18805.0,0.0,87.32,46.0
training,2026-10-05T05:05:00.860093+00:00,6064.120304584503,18805.0,8.0,88.76,45.0
training,2026-10-05T05:05:00.860093+00:00,6069.487776316702,2027.0,0.0,86.53,44.0
training,2026-10-05T05:05:00.860093+00:00,6074.859586641192,2027.0,0.0,86.48,43.0
training,2026-10-05T05:05:00.860093+00:00,6080.235692225397,2027.0,0.0,85.86,43.0
training,2026-10-05T05:05:00.860093+00:00,6085.602871239185,2027.0,0.0,85.47,42.0
training,2026-10-05T05:05:00.860093+00:00,6090.940496742725,2027.0,0.0,84.9,41.0
training,2026-10-05T05:05:00.860093+00:00,6096.273850433528,2027.0,0.0,85.14,41.0
training,2026-10-05T05:05:00.860093+00:00,6101.614749290049,2985.0,9.0,85.52,40.0
training,2026-10-05T05:05:00.860093+00:00,6106.982327468693,10657.0,83.0,249.84,50.0
training,2026-10-05T05:05:00.860093+00:00,6112.347652591765,2009.0,1.0,92.99,44.0
diagnostics,2026-10-05T06:47:38.800193+00:00,0.3432842344045639,0.0,0.0,92.5,44.0
diagnostics,2026-10-05T06:47:38.800193+00:00,5.66473488509655,0.0,0.0,61.94,41.0
diagnostics,2026-10-05T06:47:38.800193+00:00,10.963834464550018,0.0,0.0,34.58,40.0
diagnostics,2026-10-05T06:47:38.800193+00:00,16.318874068558216,3.0,0.0,34.22,39.0
diagnostics,2026-10-05T06:47:38.800193+00:00,21.67472469806671,9427.0,98.0,232.9,44.0
diagnostics,2026-10-05T06:47:38.800193+00:00,27.055350735783577,9427.0,51.0,253.04,45.0
diagnostics,2026-10-05T06:47:38.800193+00:00,32.47248351573944,10227.0,96.0,237.52,47.0
diagnostics,2026-10-05T06:47:38.800193+00:00,37.780684508383274,10227.0,98.0,244.74,49.0
diagnostics,2026-10-05T06:47:38.800193+00:00,43.150699980556965,10227.0,97.0,214.1,52.0
diagnostics,2026-10-05T06:47:38.800193+00:00,48.4955265969038,10227.0,98.0,242.26,51.0
diagnostics,2026-10-05T06:47:38.800193+00:00,53.95746427029371,10227.0,98.0,251.26,53.0
diagnostics,2026-10-05T06:47:38.800193+00:00,59.36083199083805,10227.0,44.0,222.05,50.0
diagnostics,2026-10-05T06:47:38.800193+00:00,64.71079898625612,10227.0,87.0,247.43,54.0
diagnostics,2026-10-05T06:47:38.800193+00:00,70.05149684846401,10227.0,13.0,236.8,52.0
diagnostics,2026-10-05T06:47:38.800193+00:00,75.41548565030098,10227.0,65.0,235.03,55.0
diagnostics,2026-10-05T06:47:38.800193+00:00,80.83176276832819,10227.0,95.0,256.13,56.0
diagnostics,2026-10-05T06:47:38.800193+00:00,86.15358582884073,10227.0,96.0,252.69,55.0
diagnostics,2026-10-05T06:47:38.800193+00:00,91.51149577647448,10227.0,0.0,215.38,52.0
diagnostics,2026-10-05T06:47:38.800193+00:00,96.8920704498887,10227.0,96.0,247.12,54.0
diagnostics,2026-10-05T06:47:38.800193+00:00,102.26502641290426,10227.0,96.0,247.02,58.0
diagnostics,2026-10-05T06:47:38.800193+00:00,107.66944080591202,10227.0,52.0,236.19,57.0
diagnostics,2026-10-05T06:47:38.800193+00:00,113.07502111047506,10227.0,98.0,248.6,56.0
diagnostics,2026-10-05T06:47:38.800193+00:00,118.42991968989372,10227.0,42.0,224.83,56.0
diagnostics,2026-10-05T06:47:38.800193+00:00,123.84903624653816,10227.0,64.0,210.74,54.0
diagnostics,2026-10-05T06:47:38.800193+00:00,129.2087115868926,10227.0,96.0,259.24,58.0
diagnostics,2026-10-05T06:47:38.800193+00:00,134.6004879847169,10227.0,95.0,250.65,58.0
diagnostics,2026-10-05T06:47:38.800193+00:00,139.97697259485722,10227.0,96.0,241.37,58.0
diagnostics,2026-10-05T06:47:38.800193+00:00,145.37362632900476,10227.0,96.0,247.78,56.0
diagnostics,2026-10-05T06:47:38.800193+00:00,150.7512901648879,10227.0,0.0,161.97,52.0
diagnostics,2026-10-05T06:47:38.800193+00:00,156.1175812408328,581.0,0.0,89.52,49.0
diagnostics,2026-10-05T06:47:38.800193+00:00,161.52846924960613,9459.0,0.0,220.39,51.0
diagnostics,2026-10-05T06:47:38.800193+00:00,166.92602348327637,10259.0,98.0,254.85,56.0
diagnostics,2026-10-05T06:47:38.800193+00:00,172.34019116312265,10259.0,96.0,248.12,58.0
diagnostics,2026-10-05T06:47:38.800193+00:00,177.7524250075221,583.0,16.0,96.46,51.0
diagnostics,2026-10-05T06:47:38.800193+00:00,183.13115103542805,581.0,0.0,90.84,49.0
diagnostics,2026-10-05T06:47:38.800193+00:00,188.49299093335867,9459.0,82.0,234.29,55.0
diagnostics,2026-10-05T06:47:38.800193+00:00,193.82331914454699,10259.0,41.0,221.08,54.0
diagnostics,2026-10-05T06:47:38.800193+00:00,199.1875196248293,10259.0,15.0,224.8,52.0
diagnostics,2026-10-05T06:47:38.800193+00:00,204.48612461984158,10259.0,0.0,210.1,52.0
performance,2026-10-05T06:51:05.313945+00:00,0.33189163357019424,0.0,0.0,91.29,49.0
performance,2026-10-05T06:51:05.313945+00:00,5.650043830275536,0.0,0.0,36.47,46.0
performance,2026-10-05T06:51:05.313945+00:00,10.976778283715248,433.0,0.0,87.42,46.0
performance,2026-10-05T06:51:05.313945+00:00,16.250236973166466,3725.0,0.0,248.29,49.0
