key,group,split,tp,fp,fn,tn,support,predicted_pixels,iou,precision,recall,iou:person,iou:truck,iou:rail-track,iou:vegetation-overgrowth,iou:car,iou:on-rails,iou:traffic-sign,iou:road,iou:sidewalk,iou:construction,iou:tram-track,iou:pole,iou:traffic-light,iou:mud-pumping,iou:fence,iou:terrain,iou:sky,iou:rail-embedded,iou:rail-raised,iou:trackbed,iou:standing-water,image_sha256,mask_decoded_sha256,prediction_sha256
flooded-road-crossing/0272,flooded-road-crossing,train,0,2731,0,2070869,0,2731,0.0,0.0,,,0.0,,,0.09273508544019186,,,0.7166192891623229,0.0,0.3311280995785553,,0.0,,0.0,0.0,0.9131291787241723,0.9853080680187843,,0.0,,0.8827927317080562,1a64c22d40183eaa53211aeb2ab21c5cbf2a328ca7b2d6716a58fff64bb7291d,2ae0b928ea09fecae228600e65afc5ccf5aeab55c6186e155c041878168d2b7b,d63e60183d676a6837c8a7d8982273a8b33be81d787ba99c14a8db2b090bfbb8
flooded-road-crossing/0273,flooded-road-crossing,train,0,9401,0,2064199,0,9401,0.0,0.0,,,,,,,,,0.0,,0.28434405459604833,,,,0.0,0.0,0.7282198140023481,,,0.0,,0.534663989160758,4f42631f3a3bf1174b11d6978aa00479044e989be0e1722cf53a2a7d698ca4da,d71932fbc886eb13c90b1ecf925dd2ed196974dc2b78b22dae98b2b052263ceb,e58fb8af7eba26a6ab030d99b1ec9110d3fc115f389aafb6ab81c70dabd46a99
flooded-road-crossing/0274,flooded-road-crossing,train,0,0,0,2073600,0,0,,,,,,,,,,,0.7878898109592164,,0.0,,0.0,,,0.0,0.7587120756488707,,,,,0.8572145745567504,5eac815d6dcafeaed42ca25116f35fe30e4598159ae3b155d664bf6b7378427a,92f986c0cf867798fb963a56a3cc9a99da42fa01c35481b1810a31fc272e5aab,9f3f98b9d69b36e947bab55df4b0c11331c57bd59c6ec028224174e73cb8b9f2
flooded-station-platform/0298,flooded-station-platform,train,0,0,0,2073600,0,0,,,,0.8489486653423215,0.0,0.5061513037091443,,,0.8521396522247771,,,0.9737047687920689,0.9056668074365799,,,,,,0.0,,,0.6936939139790205,0.0,0.42240638032589534,f0194c9f5092ef4a9f5211064d986408ef94a7c44752b254cf2a6cb67600d64a,9c2a8282ac3b685c1b4f7d0eada263e2c6deb4d18423159e43b764c65f2afc9f,0486f784501acd7d2a77aa717d3d84d2580cd86c8891f711463e1afb7d723efb
flooded-station-platform/0299,flooded-station-platform,train,0,6250,0,2067350,0,6250,0.0,0.0,,,,0.8303536625588438,,,,,,0.9533274203085523,0.9183152751256467,,,,0.0,,,,,0.8127809103538449,0.0,0.9176636926834965,2e8151e2e6b02fcc2163c50aa86d9e5e0134c8e81d7ed74c33832a121b91dcaf,ac007d07fbb9218cd6a46518c8161c36b300c81f837d4ca78ee881cc5c1285ad,42684c6aa3e9b0f8dc2f47bf9ce6f047c483caed86ef8d39eeef11bac661e1fc
flooded-station-platform/0300,flooded-station-platform,train,0,0,0,1958520,0,0,,,,,,0.7874782371879042,,,,,,0.0,0.9769333344376621,,,,,,,,,0.761208829108467,,0.8470664281330391,aa5009748eb469829d461d7b4e9a1e63aced662acde1baab34479670671c9cfc,71b71d95fce3df9c264c4586d0b956bfa611ac012f0c0847d66c466d4e709978,1de86ad51dd99caf91992aaa915c361d100e4b080f1f6f4ce4d200b0484efbd6
flooded-station-platform/0301,flooded-station-platform,train,0,0,0,2073600,0,0,,,,,,0.8589264558461679,,,,,,,0.9819657657534341,,,,,,0.0,,,0.8775388390562565,,0.8915755059970769,b6bfd2eb1a154fe26098279bca8d8165e5aa045fad56b687663d941cba56bfda,7894d14854f9ccbb4158b0466157085afe2d2c32ff1bb92ff09db44e499d08ca,e56bd2d4b1c08812019cfb95530f23d8b178f65822878085759412168f382e58
flooded-station-platform/0302,flooded-station-platform,train,0,0,0,2073600,0,0,,,,,,0.900995416699783,,,,,,0.022692062334821836,0.9879671062365094,,,,,,,,,0.8841545819299633,,0.9455443444232866,0758d8245392d38d69bb520d6aa46dd39d38ccdfa9c8011ae15e78d2a3d0dfae,00ea88ab0410bcf15bd3202f7dbdea2d25333ff4bec6c06d01c990410360a826,5ea7bf15a69bff15bba93a8fbd2840ba6205bf24d913cee2afc16404dd17a91e
flooded-station-platform/0303,flooded-station-platform,train,0,877,0,2072723,0,877,0.0,0.0,,0.0,,0.9298695824655361,0.0,,0.7261296660117879,0.24214330609679446,0.0,0.9369735406437534,0.7958002920244791,0.0,0.22497001340577152,0.35410267661254935,0.0,0.21908145270529303,0.7546971989563104,0.13932645301466595,0.0,0.7995000976898046,0.7770078126427192,0.8030161468752328,e62cac97ea08c225e113869af1e24539312d59ae8b1ea981d8625c7d8c85968b,e39d3cc9f2e733f410aab08b883c5b815fc0b7cec4923951527119e1188c966a,83165870707e200dc97ac9dee388ad6555af4030a85ed54e414ecd3ade4d00ce
flooded-station-platform/0304,flooded-station-platform,train,0,3,0,2073597,0,3,0.0,0.0,,,,0.8061197807714836,,,,,0.0,,0.9875153976761993,,,,0.0,,0.0,,,0.8664253265190233,0.0,0.8830690218584906,c9797d293e9f42ce5aacd15adf5adeae5aabd49c586206b065f6f9ae8218987a,fdcfa33e5312540d1fe6a49626ab748f10be173352f093e26fb20c90e293784a,8561e776188bc395369f1d43dae560744494dcda5d7b69a95a60d68fb21c9154
flooded-station-platform/0305,flooded-station-platform,train,0,1359,0,2072241,0,1359,0.0,0.0,,,,0.8901028020959806,,,,,,0.9510793465577596,0.9355389672406823,,,,0.0,,0.0,,,0.8913196074486397,,0.9424794558151269,10d64186056082ebd4e47902c4c0de8902ac70f0ef5c2e64b7a35ce344eeda23,e7d2de4d96aec0a8b3246ae5cbcc210d76914bab2c93070d8a83137bb7c9c701,c43dcb931db75e243869a96946d7408408c86ea7fd03232a20835c02d57aa630
flooded-stone-bridge/0270,flooded-stone-bridge,train,0,0,0,589824,0,0,,,,,,0.0,0.9181375942162744,,,,,,,,,,,,0.0,0.769811320754717,,0.8161178817214407,0.20087098530212302,0.9076928504535017,d8aff7595858cbf04c9e2b85dc09bc865c9a2ad58b92c41e823fb4a084f4bada,fd6955216cc66b2eee2cfcf1242e63211c7bcc1bf86fb2ab9d8a15726ce917af,60df3dd46c0f0e15a8d5f2625f7e5a09493fc589ebf8895c2de98ebd33f578c6
flooded-stone-bridge/0271,flooded-stone-bridge,train,0,0,0,698368,0,0,,,,,,,,,0.0,,0.0,0.0,0.9026053333063053,,0.4727556409025444,,,0.0,0.5715676349193988,0.6781936730258392,,0.503006012024048,,0.9156898106402164,f5180763e414fb42a131798a9a989ba50a68fa194643d48809aba9a9130498ed,2368f3e5da46a76defb9ae32ea5cfde760f7cd9dad6b26b038b2df07dbeee742,ebcd50f5c145e1e28632031dbc13908d3dd99967d47461f2faa9fe7a945d476e
flooded-stone-bridge/0310,flooded-stone-bridge,train,0,0,0,921222,0,0,,,,,0.0,0.4514860753568921,,0.16560762509928514,,0.5038915390409239,0.7348145780051151,,0.8548834289500759,,0.4724543080939948,0.0,,0.7531842073096199,0.8981815386569254,0.8479212039162596,,0.8097541811651139,0.776086178352499,0.8101233467472375,244d2e5e9d27aab38bd91e338efee542e9ef1b32b81f5b1d04e493988fd9fb15,e7400d491f361454e85ea2bdd892beb8058b0cd329a928274504f090705578d3,ce8e520d75913d5fc6e0fcdd29436e37a1f0c1e6fbb7d32a7a1b82820a111e16
flooded-stone-bridge/0311,flooded-stone-bridge,train,0,0,0,921600,0,0,,,,,,0.15335355578024942,,0.0,,0.7172995780590717,,,0.9491149818276953,,0.4708064658599064,0.3445255474452555,,0.4817610062893082,0.8426852046285961,0.9023840810963019,,0.6533604156303543,0.28087508821453777,0.8812946861260552,3ec9872d416c77c2223a85177374f753b9fa22546177d378a402366f3a00fac8,1f576c93da65df63c0f97c19e0f4a5a88fa854a978139bb0b399a9b0722ff0ce,00c61aceb5e3b6d4589a7abe02f9d9965faa8c7cf38a583de2bd20aff3c1565f
green-roadside-cab-view/0174,green-roadside-cab-view,train,0,0,0,2066880,0,0,,,,,,0.9688438557111694,,,,,0.915938284314715,,0.7162989059892453,,0.5090990529818274,,,0.030930470347648262,0.9399727285655728,0.9813034862222813,,0.7775021787222632,0.8881977680214955,,ac8756b81048f48af6d2c3fee710b8b43f34a4e658cde8c09bb9f690902790e5,1d89a374fa0d7ed2a6e6429295a1bbd6e07539abb712f5298181462289d6c8e5,e428edd90fac4809dc209add59125b8f840e2b671f261d33d7de920813432318
green-roadside-cab-view/0200,green-roadside-cab-view,train,0,680,0,2067510,0,680,0.0,0.0,,,,0.37121572125190994,0.13333333333333333,,,0.6840836012861736,0.8833059501279038,,0.0,0.8626679558563665,0.528979045920642,,0.0,0.0,0.9600025212209166,0.986546406456483,0.7204237786933491,0.5838573647998816,0.0,0.0,647d89550b9094d69144e9eb687405a9b548e981193dfb8682ee2e38bdb37aa6,f46c80584a147ea51bb34d9112360631c5f11d0019df6dd603d23b6e150c5218,ec0761e305532a13abb227cdfef8e66b44f1d398b29328cf863e3b68d4e059ed
green-roadside-cab-view/0201,green-roadside-cab-view,train,0,1092,0,1981501,0,1092,0.0,0.0,,,,0.9337441208764196,0.0,,,,0.42123893805309737,,0.0,0.8402777777777778,0.7320452228709109,,0.0,,0.9808683484155265,0.9891731361430294,0.659468438538206,0.6986999297259311,0.8406462891681497,,cec5a4a2267098df2b64c119ce4e99aacc9014722b05125b92bd8da623cddee4,55581854220617568ef435d0ce1a25842c7ab9554e57da4b56132ea6a7b2c5f0,43846bdf0b28b105901f30d2bb839901033eb84e1714e7da88941b0b6c102e4c
green-roadside-cab-view/0202,green-roadside-cab-view,train,0,284,0,2067450,0,284,0.0,0.0,,,,0.917605758451826,0.15754897276636406,,,0.5673469387755102,0.8399324870618832,0.04926553672316384,0.619559754749221,0.969306426996778,0.572709312938295,,0.0,0.3728249326035455,0.9104397765593621,0.9868555906028915,0.7537868602670968,0.541531957224571,0.7318951430657442,,318bdc8615a85a559ef35aac3c3b7f2506709bbb305ce03e4e8ea37ade4d7da2,0f3fd0d5280d3287ce8cec97acdffe99355f4a4f1aa7868d9c5c404b03adc696,5d65e6c4de713226588fe49cc1884d5ae91a7fcffc2790d66c236531391d4915
green-roadside-cab-view/0203,green-roadside-cab-view,train,0,0,0,2067867,0,0,,,,,0.9434596779537473,0.960692114647999,,0.8341335661283282,,0.4479166666666667,0.7556976744186047,,0.6146126847595037,,0.4683202357563851,,,0.8797842038745214,0.9707651858030154,0.9886941163064534,,0.6882801281343202,0.8752807083008243,,18638926136c9e885bad8a5394a86973d90d5ed5638573e5985654dec64db548,e71b82e1e191ebb38f5c61ef1b0d128e6e5a11962065312506493cb014a6a361,f9cc0c6fd6576b1679bbf16189865204642a7db20f49ad7e478a7f6ff569e700
green-roadside-cab-view/0204,green-roadside-cab-view,train,0,0,0,2067867,0,0,,,,,0.8506954200618151,0.9645786574168537,,,,,0.5558369414263541,0.0,0.3389683571738188,,0.0,,,0.7026744059434966,0.9539874870523274,0.9936752129402305,,0.6982836495031617,0.9030298758961808,,cb34ab4d9a1966c9d974500a92359ca204a93a0c8283bcc59a5f16456005f1dc,f8a201f8055169f4e1fc3ed4547ed752839f649ac12fc2ace4db3701d27241e9,51772a3e14bbee355fe8c172da2e2def4f40c5d89a730aa63c72457e24b0bb7e
green-roadside-cab-view/0205,green-roadside-cab-view,train,0,0,0,2067867,0,0,,,,,0.8869061375416818,0.9672927714935082,,,,0.0,0.7806430351589051,,0.058902275769745646,,0.23577734183423246,,,0.0,0.9764029104687497,0.9889073775420949,,0.7042206713193752,0.932454900112586,,84c3ad934ba556452a390cf9a7615f786d7bada1f0ce3bec466c1ccd2a89b441,54f8b882502e1aba4a8f31dfe42009d9359e4354cbb6ad2a4af730894c4a64a2,d01c17a5b3523e32d9e35a49a6dceb72eaa3d2ad5347cf511f2018cbd2b9bc71
green-roadside-cab-view/0206,green-roadside-cab-view,train,0,0,0,2073600,0,0,,,,,0.8995384197664947,0.962782675354542,,0.07788390889052167,,,0.9094851234437645,,0.7309557774607703,,0.7090879291977382,,,0.804220350181698,0.9778794204088771,0.9827570658831133,,0.6836237448316598,0.9484264056802917,,326099a1d7068b475af019e6dcf936e26aa1a539954a3f0fa5df1a5ff8428999,6cf8bd75df6f49b6f9d82d83a98a90658290b0098de456864106c497d525afa3,6be004ecb66dc5c9987fa47522b0cf5cb26c1b549b8d933dba05e63ab8a04224
green-roadside-cab-view/0207,green-roadside-cab-view,train,0,0,0,2067867,0,0,,,,,0.9212944405044556,0.9764116305734125,,0.0,,0.5070486584811278,0.7213454003642183,,0.6662234042553191,,0.7298968134915224,,,0.7003867173027047,0.9687406743628304,0.9892459922080246,,0.7888123226591002,0.9468657621465929,,0a69c574d773bd2b02269bec42203fa65c198e4f1f50743335704b45db4b879d,12929b2c41df570afd935b15f8686b36c15ffe4535cbf298828b651dc6b7f72e,c35683fc974cbd8687f1e7fdac3d44b2fae00361230d172a3d368edce031b363
green-roadside-cab-view/0208,green-roadside-cab-view,train,0,0,0,2067867,0,0,,,,,0.8490318676885841,0.9597508511705244,,0.0,,,0.0,,0.0,,0.6286652456938764,,,0.0,0.9681998139222581,0.9818403611257084,,0.715603637087675,0.9156397325547593,,3b8efe8aa3a6e136add1665ab904a06b78b874796e0c18912f3ee9f3ff74d366,dae9e0177528e83bb9056a8fb457e3d484018332b434fe9195634f6a0f23d72c,a1a2017294ddac44a02504edbd0cc597a22e46a64823f67c8f8366ed2eaa69c8
green-roadside-cab-view/0209,green-roadside-cab-view,train,0,0,0,2067867,0,0,,,,,,0.8100378670856467,,,0.9640010279358059,0.7514309076042518,,0.0,0.0,,0.5945185766614338,0.49240949785908916,,0.7564758132277037,0.9137746457403836,0.9836492162195931,,0.31723377441713924,0.816222820241183,0.0,ee956750d1fd8c7676cd76b8db71bf93b9cbcedf8b4aaf4e538041ef501ade04,e9baf13f1df68cf0182ca0ed2887e288cb340e796f1b398ed5a32febcb242750,9eb1db43a4f1a4607026d926175a9ee9b0695df56e71e8e6e694a47d0af22371
green-roadside-cab-view/0210,green-roadside-cab-view,train,0,0,0,2073600,0,0,,,,0.0,0.6514372822299651,0.9181191730847182,,0.44416517055655297,,0.08613659531090724,0.8749868365149628,0.18302651383582264,0.6467652186373081,0.9621997715370807,0.695176752546435,0.7293777134587555,,0.3701964828484585,0.8571118824452476,0.9916423911705576,0.7318601583113457,0.6557291666666667,0.7813716773461692,,7fa10db78fee89d3d4e8282d50e5cec55c3943202f620889b50503ae276b1a74,6026feb523e6c808b7f1ebc4a15de86ec7be4191ea33e7e454205851f8780c5b,78078267a2c9188e118a133a7798eb0c0a770c3cbd8be1ec5d1b5d42bea2e028
green-roadside-cab-view/0211,green-roadside-cab-view,train,0,790,0,2072810,0,790,0.0,0.0,,,0.6764138340507644,0.7401633259094283,0.22982456140350876,0.03930524670953783,,0.7403763162437424,0.7988425824536814,0.19647319197544086,0.6604685852429082,0.8036069209364605,0.5748861776140781,0.4883895131086142,0.0,0.49368214984872755,0.8324518160823011,0.9843722563652326,0.7284571617052857,0.5898395721925134,0.6880580806049392,,41f0cad9cf8e4e11e5a870a293f740a7bce70a66b0bf5b0e86c9dd1fa6396f5c,c790e550e0f15182c68acd0fa1c3df3839237fe9c736e380c9569a42ede21622,d02c5a077284f1fb5addb4a57c175d594fe1b715fae8fe21af95abe6cfacc595
green-roadside-cab-view/0212,green-roadside-cab-view,train,0,40,0,2053440,0,40,0.0,0.0,,0.7076746084762117,0.0,0.9002827546112785,0.0,0.29718776863563795,,0.7540229885057471,0.8264574315880979,0.6798383874261865,0.768039707312081,0.6983707151925519,0.5749403290427073,0.6373333333333333,0.0,0.7452479427141453,0.7585143332487077,0.9831114413520645,0.6574117647058824,0.7839948676466486,0.8874389604656937,,19490f9f31865422ef3257bbecd836b58a75e1200af558b47627240cfc9e49e9,e4afe2ecf4ebd828471240e23f7446384dc2ec9d184d5b7d3aee969d13726f9e,5f74dd8dddbd582ac384042482228ac78a2bc1d90072a94aee32de46819a3819
green-roadside-cab-view/0213,green-roadside-cab-view,train,0,0,0,2073600,0,0,,,,,0.9632,0.9755483464871931,0.0,,,,0.885714760389756,0.7186627557691628,0.6958336384271802,,0.6839229337003158,,,0.0,0.9668791577333014,0.9910448617706555,,0.8273551016031312,0.9208956353202065,,5229632691652545fa2f89ea5800c86d39d27545bb45654c44af717c422b95c4,4f60ce021a149db8b77724d1203b796eafcc96c75f291f1e5fb521ca6adfa064,3a30fd5b540c415182c958e355b38a3d8259ee5d0a0536f36a1bc7ca203a9285
green-water-cab-view/0263,green-water-cab-view,train,0,1447,0,2072153,0,1447,0.0,0.0,,,,0.8382862935495918,0.46118693262520843,,,0.698170731707317,0.8209304693067291,0.0,0.799160391817152,,0.6351679223598519,,0.0,0.0685121107266436,0.9422611545816291,0.9967517411687963,,0.7873656459136078,0.85349901247556,0.0,d38268ad352c084c45d9c129d86eed80ec34068717620fc1685f07a6cefd1468,8529f0f311585470613e21978d79fd7cd6125e1beefccb98f037b4124151b53e,ea4949f66fa8c4efd971ecdf2f3247cbd23d80d989bc2ab210651212f1854ade
green-water-cab-view/0264,green-water-cab-view,train,0,8677,0,2064923,0,8677,0.0,0.0,,,,0.9214327527014413,,,,,,,0.44646464646464645,,0.9615403270397951,,0.0,0.037403568923868154,0.9377383801514402,0.9630034889795112,,0.5993440472285996,0.9046837755007275,0.09513888888888888,7ac26e3576a11b28c401290cbed89e663ce03d2ae23dcbd062e1ece5d3ba81a1,da975b659994aec1a32dd22d6e772c441d1fe28b507d5d47bfe4db184dbe094b,8244f8df3834374b4f46091143ac74ca98cb4bffdea6a80c73520fcc9d140282
green-water-cab-view/0265,green-water-cab-view,train,0,183,0,2073417,0,183,0.0,0.0,,,,0.9377772064022627,0.0,,,,,,0.8380010580175951,,,,0.0,,0.9077908226809951,0.8984649679962629,,0.8410064727869451,0.7271606816798539,0.15558369207394276,021d832dd111da4e3fd13f74b2531f5a87481b14073f6b0ac4a5a1149c442820,ee51403528cd8ec8eeea2c81f9e4b41eaae0496ac53ebbdeaf38f6f511c45009,0ecf4c4be02dd9026381b5c91c37d0a7b5243e19f56ca0c387ad9e1ebe490c39
green-water-cab-view/0266,green-water-cab-view,train,0,0,0,2073600,0,0,,,,,,0.9529310453466636,0.7035037461436756,,,,,,,,,,,,0.9733008016730568,0.9290159200753539,,0.8464549668044595,0.7869976718291325,0.3041622871557704,1b57cba93cf3601d156721ce3f759bba69f41268fe5b975191c86fbff322be98,b57e3716ffe62a58f7111bf46af37413badf80d0ecc178d2c7b52919b30064bf,d63c37486fca7834ce89222ecf96b48776b7ae3a083ba333b6720e339d4f7d2f
green-water-cab-view/0267,green-water-cab-view,train,0,0,0,2073600,0,0,,,,,,0.9507936830552225,,,,,,,,,,,,,0.9803836594295297,0.8690337987992969,,0.8319853169912276,0.8055088744102449,0.36174087564112095,9b17276ea65c583df9303ed986d88d187c963d9ed6bf0b5700396e0de25190c4,71df9d1285b9ad09eb96265be443e2d18e28a00ec69a0f759a6d3989f1f4d48a,88ad125404d2198b7804fae8e839745d80a0f30847c25b754117881c81995572
miscellaneous-flood-stills/0275,miscellaneous-flood-stills,train,0,0,0,249696,0,0,,,,,0.0,0.6038233741863601,0.047378395451674035,0.0,0.8964186728982121,,0.0,,0.7690868263473054,0.0,0.0,,,,0.5819414682830892,0.9446566495162126,,0.47592679493195683,0.5793320279103119,0.08399118413143658,61c2965c3c11954382ff9e9e06c34ffa4996a9a48b46aa7f5490049b85765bca,f4155b4c85702af56db693f3f999b74f08d30680a34733c864fb141f6a3f8c60,3e44013d27d4ab3b2577e657541d8e687f56a12ff9070f851d8a60fea9152e0d
miscellaneous-flood-stills/0276,miscellaneous-flood-stills,train,0,0,0,920880,0,0,,,,0.7440541529454812,,,,,,,,,0.0,,0.0,,,,0.9249051024640117,0.9844106463878327,,0.7438162007951683,,0.9245900670955928,85d7d06fc795f58f6e51ed5e91c5d5d8ab1f41194ab44f3471da41bdadf45973,b9c514a9abc72bf370a67587f1c41ec3e1c7769276c383024395b7a22ca7be38,3f6159d656a95ad1a4e6472255ce502a54399684bf694c927ddd4a9ff179def9
miscellaneous-flood-stills/0313,miscellaneous-flood-stills,train,0,60442,0,2013158,0,60442,0.0,0.0,,,,0.6848852061401689,0.22857245362895992,,0.9101877684617944,,,,0.0,,,,0.0,,0.06628039772429618,,,0.7694866407246828,0.7728275474414897,0.6619990133884912,74272d0a74c881e4e18e9bf6000c065a51519bf7c05acb3c8e912f075c3b5ddf,c3e7c0a88b0198168b7659a591eafc02b94abdbacb436e871eca4779200bf186,6b193fb0dacda55a4add9390ba80b260d90e567a3375b98c0dcc02e6e5bf1b6f
miscellaneous-mud-cab-view/0173,miscellaneous-mud-cab-view,train,2230,0,44067,2027197,46297,2230,0.04816726785752857,1.0,0.04816726785752857,,0.0,0.7185471149854712,0.7401496369753852,,0.0,0.06590833054533289,,0.9069219116497264,0.0,,0.5911220426329351,0.0,0.04816726785752857,,0.9569454929236813,0.9956384981958573,0.0,0.5726618033628346,0.8163705543850822,,f0ca7b2f878f2a5e167e558097ca517d126cb474aa25f5b0ec0fc4d6b1e57432,b968925b81e441c3dc638759e4923b6ad0ca44e3896210a4c69b136305b9eb89,b4dab61f860c84de5fb6ebf50bff8710c03bd0a159d9b58040d83ca3b703df50
miscellaneous-numbered-cab-views/0013,miscellaneous-numbered-cab-views,train,0,4821,0,2084139,0,4821,0.0,0.0,,,,0.948497534973634,,,,,,,0.17424428606537232,,,,0.0,,0.9551199936820773,0.5489240955308584,,0.71536,0.8936308343283696,,cdc7c624979074f91663aae6c612b6f6c370af9ca88a91ba076c2bad37e6c319,5566ae6fabe4c0bdb27e7217400a18101ccd23bbecd3e8cc415f9ed41cca7115,b680f15f4e5abba21d68608a1113c4361ba325316d2aaedd543161d3f42b608e
miscellaneous-numbered-cab-views/0014,miscellaneous-numbered-cab-views,train,0,0,0,2088928,0,0,,,,,,0.9225127268925473,0.5554085723851285,,,,,0.0,0.9358603664474826,,0.39741379310344827,,,0.0,0.9303764540635213,0.939145687164672,,0.6874418604651162,0.8076731576698253,,00a59e617c6d81492253ece8ef06493164bef224314ee99156bc01663f8ccd38,3ba891a877a2984212cd387b6a1eca2332a40b2a757b57c0248ffa03807c605c,311211fc8269bce5f725c48da3e5cd5fad9c9769fa605fe865f1ffe1bc59c69a
miscellaneous-numbered-cab-views/0022,miscellaneous-numbered-cab-views,train,0,0,0,1931319,0,0,,,,,,0.9158614362449874,,,,,,,0.0,,0.0,,,,0.9722454184395907,0.9845096635647816,,0.45719489981785066,0.8809743340430168,0.0,34431340589d77bf879a5d44b35f1ba4ee67944d06302e41751f49b52c7cd6bd,601f45356d35a2626927e94aad629de30fc2805b197f3f27a60dd2cd87622d80,809850132168e4b61ab04c4918705d41e088aca3f66703f6038e17b9a251b89b
miscellaneous-numbered-cab-views/0023,miscellaneous-numbered-cab-views,train,0,0,0,2087873,0,0,,,,,,0.9338649269058837,0.6540836058658865,,,,,0.0,0.9300086224165411,,0.12941176470588237,,,,0.9332865819319793,0.9106386423117395,,0.7275133079847909,0.7637168210416618,,4dbdaa16ac641963e653bf5fa8dce1b9b05b89b3a3d10f8da2e3c9c38deeee7e,03b59830b108e9c2dc87a79168457ed2a8be69f44abafae8f6486184598ecb19,04edd6bff9f0cc219f1e7c043762f49bb849d0361159719ffc6a692c17ab0e45
miscellaneous-numbered-cab-views/0024,miscellaneous-numbered-cab-views,train,0,0,0,2087739,0,0,,,,,0.0,0.0,0.44208688540061025,,,,,0.6150381600124604,0.007495590828924162,,0.0,,,0.0,0.9827292256045709,0.993057552699975,,0.503830806065443,0.4880482381503415,,35db7be7064f509351e3627b33430eabc718080e493e83ad1551491d62e1f113,e3c3c38776bc33b723f23e1afe17f11dd1b9be409c25e6ae796447766a6b56b2,f89a0e2201251e1cd3148fcb6317c59c0a0296c96d153c731de1b0d4a9fab59b
miscellaneous-numbered-cab-views/0030,miscellaneous-numbered-cab-views,train,0,0,0,2088960,0,0,,,,,,0.6934254847190273,0.6490922192588666,,,,,,0.8096124546068986,,0.0,,,0.7287206459737758,0.9726221217102313,0.9235061155722819,,0.7518987341772152,0.7501998459369504,,a88a70e7bc9e1730883e2cfef16954b7c5a6ebee797dfe8205837e1e2f9cc290,d0384c853c39b8e3b218a40e21a03110e8eb9368264b796d43fe35330caa8f52,40913071a3e7aa351959974b15eb39cebbda6ff0924655a7c9100083c9cc71da
miscellaneous-numbered-cab-views/0031,miscellaneous-numbered-cab-views,train,0,0,0,2088575,0,0,,,,,,0.47221045333744177,0.6111300664744985,,,,,,,,0.6003196769580214,,,,0.9778345921401016,0.9860562333387357,,0.7346625766871165,0.6845676089173831,,582a1052402234b092c9e8f0eb985ba78c3b1068c2ae8c12c805aadd11584b0a,eac752094ab94f349e6d48690930d8ada3181efb518c33f473c5388d2ce23c74,b865cc714cddcb44a315c2eb8fcdbcdccd2b15b5d84ae0843ff64c2ace47f6ac
miscellaneous-numbered-cab-views/0032,miscellaneous-numbered-cab-views,train,0,713,0,2088247,0,713,0.0,0.0,,,,0.682052524134113,0.5166303162486369,,,0.5138509881749772,0.8678578717035895,0.0,0.6364811865248592,0.9305564469546243,0.43775260054329823,0.0,0.0,0.7693088399472242,0.9557756289143619,0.9596005862953463,0.7371071889797676,0.4014405253680754,0.7217473393859384,0.0,1bdac9a6b7ef8988de21ddaa678ad8a54e0a98f75bf8ed86e61e0f50a7a6c16b,1fe12468826aec7019e49ab44aa6f832aac76a9576018cf252bcfd26dfa6c329,d8e768e72c1fb2d443effc1e0500c3c81665352b53a58b2ec1de61a408eb8c16
miscellaneous-numbered-cab-views/0044,miscellaneous-numbered-cab-views,train,0,0,0,2073482,0,0,,,,,,0.9146432282646346,0.8545781875041225,,,,,0.0,0.922592354121718,,0.5090439276485789,0.6791171477079796,,,0.9114607540040703,0.9942525822502081,,0.8468136528960868,0.7301408802673913,,bb02fd705ac7b08fb3ae7c618b46f5a9da4ef32b590259233156f5fee831aacb,d3844dea10ab96975316c1574eadb989106b149d9b1fafe094beae7e9c50ec59,c2644dd638fde92b6d4c50e0cbc3a98257d74976ce6215775831a42f884c3d92
miscellaneous-numbered-cab-views/0045,miscellaneous-numbered-cab-views,train,4208,0,47012,2022379,51220,4208,0.08215540804373292,1.0,0.08215540804373292,,,0.7145214007782101,0.21701775044703214,,,,,0.5988026797168242,0.7312133682504053,,0.69668076991836,,0.08215540804373292,0.8925961558143819,0.9377845181417291,0.9878392731355111,,0.8173610880191534,0.889694498799152,,8a2c09c50911afe45e05157fb8602cf7345aa5cf6f005c3b76f7c0d8b50f36c3,a820d863d1b63b281c0ec5f7e11041e0e68f73f39d613cc757bc489e1e03b351,20dc76483d97e8f4a9d1dc5beb5e2523ffa4f9b035de3c55fb3fda387f63e2cc
miscellaneous-numbered-cab-views/0046,miscellaneous-numbered-cab-views,train,32247,13036,6418,2021899,38665,45283,0.6237210111990097,0.7121215467173111,0.8340100866416655,,,0.8978651539427532,0.0026058631921824105,,,,,,0.0,,0.6368237543583399,,0.6237210111990097,,0.981169101586735,0.9852928253091456,,0.8586124598798452,0.8775064853116455,,a1bc04fa20bd623f99bbac759e22dbd90554263ca7b217cee49ddc9fedd59da2,550d403c2cd02d480d3ae049a478b103700ae04d047712fa0e5187f9b0fd5068,6619702339975100dcede5d4118b231df52f87555cc08b2a92007e911b991f67
miscellaneous-numbered-cab-views/0047,miscellaneous-numbered-cab-views,train,0,622,0,2072978,0,622,0.0,0.0,,,,0.900499721409667,0.019388147058249077,,,0.5287817938420348,,0.9645170524708683,0.4258345428156749,,0.7035007101679338,,0.0,0.8974140726329443,0.0,0.9876500960614794,,0.8002879098152916,0.8733886653860559,,b74e6210f53416c45a93c3fb1a022de2cc33ed02723512634c739624b649276d,52518430666be87ad030da35871a2439ebbc09260cee1aaa6bf65be527c77193,bdac4ddeda16e901d51c51e2214a00fc6555331679b681045461c2accf239e6c
miscellaneous-numbered-cab-views/0048,miscellaneous-numbered-cab-views,train,0,0,0,2023939,0,0,,,,,,0.6044223117062594,0.5718033403708271,,,,0.21212847555129435,0.0,0.5617688716361539,,0.5166826564332161,,,0.8045981326454547,0.9513532305161946,0.9951344443721799,,0.7604445897352076,0.7285524920466596,,f912ea15971bc82b19029b9aad152ec1934e74e2a32d29934c116cdd7409125d,207a7f72a12615e89d5f214f068689216c6d434bd46045ce97046eadaaf814f5,3f4d7669eaa7cda208e0a5b73d703b229f4f99ff27cc2c8a03ad47039e4b37e6
miscellaneous-numbered-cab-views/0049,miscellaneous-numbered-cab-views,train,0,0,0,2023841,0,0,,,,,,0.8746452003164116,0.44852908050637474,,,,,,0.7323405376910912,,0.8945580125884254,,,0.0,0.9685629560303981,0.9949335807763078,,0.6708195920361549,0.7900069452955836,,18e4e59e4f1f16790b92171327c69eba67d5364edbe5a933d052ee78b21f9557,d8c2a5b6f12b75c02efc4512cc0c2efdba9b29f877cc7842dbd1070c4cc562b6,27c0f9a75836c44e8398488ef60426c3c0e2577de1476e2905d2e6485195d4f1
miscellaneous-numbered-cab-views/0050,miscellaneous-numbered-cab-views,train,0,2778,0,8208845,0,2778,0.0,0.0,,0.6330511593669489,0.020705939335230367,0.9377804176964117,0.4319385983821377,0.0,0.8570923442771947,0.878365587639975,0.02559493886997183,0.5454234377179523,0.6152845960248423,,0.5558950915179116,0.5198760970573051,0.0,0.24287574856829497,0.7837676080285809,0.9225727340225979,,0.715707214365972,0.8080271655969938,0.0,33fc6fbed915cff715396fc229a8e0da423ed1d84e76cec2dcc2a28d124be983,a9c086f93a23a8995da1495bf54ec1a377ef02d5932b137a3002f7384f45c4b8,bf5e0f253c8ddd8b96c487f8aabceecfc42aa4cd18d0c774641365e7e57ff885
miscellaneous-numbered-cab-views/0051,miscellaneous-numbered-cab-views,train,0,51,0,8212401,0,51,0.0,0.0,,0.0,0.7335681356865174,0.9097279927359212,0.6389066968241048,0.2759483770043019,,0.0,0.4130569520005509,0.6073236718516212,0.793973686905222,,0.41688731328126444,0.8745484752666274,0.0,0.8569709031817532,0.729315652229794,0.9123665721525679,,0.7625055662757904,0.8273980838984387,,a29169723725172c5b690fadfa30cc7cf76f7eb2328590890c3c828f7d3f20bf,f19c28ac63b6c849df2da22a96db0a6b720006896d82875ceff69a43205d2023,3405d983ebfa8bb68a187de466dc2444226200584f024a0c9c386b129a4055fe
miscellaneous-numbered-cab-views/0053,miscellaneous-numbered-cab-views,train,0,37226,0,8082558,0,37226,0.0,0.0,,,,0.8957047050824224,0.26138519924098674,,,0.0,,0.36102634084893565,0.24295175755076795,,0.768412418925518,0.5861698316015765,0.0,0.9029824834076833,0.8129905833435245,0.801571768761685,,0.8116802958347035,0.8619543711430757,0.0,9e09a858819a1882bccc4f5b7cd52bca20f66b1052a3c5191dc459062ae69e81,70a16c903d27ac00306c86f14141f728ececfc9dc4e320ea99148e50ab77339d,77ef97b70113b1bff1ea9fd43496a9964f096ee0cfed1a9576cd6fce00e506b5
miscellaneous-numbered-cab-views/0054,miscellaneous-numbered-cab-views,train,0,930,0,8174724,0,930,0.0,0.0,,,,0.9186497482591172,0.09848879624804585,,,,,0.0,0.7343291370425934,,0.7826930997635307,0.46300159528776536,0.0,0.0,0.974694859634175,0.9563162747810051,,0.7398118279569893,0.9546720842651435,,ac828e814ea477c826e95def13cde08680d0a05dbe64cde8303472779d31fce8,ea34de2ac35692d4e015602569d70b94968ad6bdbb3c7aaffedafab451351ee1,9789836ebaba9b3e56b2932c52eca0fc7f8783895dd342ac507ab8775750cc32
new-unmatched-2026/0175,new-unmatched-2026,train,0,4610,0,2068990,0,4610,0.0,0.0,,0.7401021711366539,,0.9315108621167658,,,,0.3796347537354732,,0.0,0.5388865865451029,,0.536664162283997,,0.0,0.0,0.8780643663721889,0.9136800040548363,,0.8112317666126418,0.8005524861878454,,c81bc0c590d9bd6563e2e11176cfe441dc0920a5f9cdbbea9d32b36a51347b86,e567f1deccb42140b8e6f7f671b1b6b71cab015fd5065dba841e709332e19b53,869c03ff70fa31056b45a50df0d0fc3d61e7a41f282fbdde9fed9f5f0a5cb07a
new-unmatched-2026/0176,new-unmatched-2026,train,0,0,0,2073600,0,0,,,,0.0,,0.9286833855799373,,,0.9206023807419937,0.0,,,0.6256559766763848,,0.5119414483821263,0.0,,,0.9111957925684885,0.9825243016042698,,0.7639689269122388,0.7312560124589116,,fdfba692303712b2119a1d725763d74b54fa20defdb3415916105955f503bd9b,bf61db99763dc894604525d3f039b209cb136d83f1cd35b7655768228102fad0,d2ac0a677f17972a2d7531a572c540e765558d5d2a2f374265fca0944bf04cea
new-unmatched-2026/0177,new-unmatched-2026,train,0,0,0,2073600,0,0,,,,0.766835982303785,0.0,0.9514324289334,,,,0.0,0.7384651271285281,0.0,0.0,,0.5403301685056882,,,,0.9802978912388635,0.993653047547059,,0.6706308169596691,0.8605726293669556,,92fdd6e752f0a8493a8a0114320f0d3adb209985cc28a17efef842ce5c887b26,4bd80258418635ffe4fd02e59e7e743a04d3ef8362742a3493154f57d54ca4c1,1bdbc7a7e06be418375794db2633b14211f39868fe4e6ad7e573710ff550fb90
new-unmatched-2026/0178,new-unmatched-2026,train,0,0,0,2073600,0,0,,,,,,0.8785402282654643,0.0,,0.9603339810485602,0.0,,,0.43686879921697735,,0.34693644522597,0.0,,,0.9111468419028977,0.970077688507659,,0.7223306837726026,0.8765545177137876,,bcfbb199baa79a77d97dfe9e368490306a1c84afc0dabca15e0dae262f2a945e,c0720faac0cf1b752740879c16180ae323eda041ad52f9878faa4a44fe5fdf85,0a8108a8912384a3a46b212227374b8032d44d408687a7431d2e0f4e75e927cd
new-unmatched-2026/0183,new-unmatched-2026,train,0,16,0,2073583,0,16,0.0,0.0,,0.7968524274394782,,0.9415620889960543,,0.0,0.9155520976127846,0.3188896411645227,0.6561588983291173,0.8299065306891917,0.6936820616614032,,0.7608335523083778,,0.0,0.0,0.7494836948309037,0.9854945765086728,,0.7457793833607554,0.8672016743943365,,60f737c273e283351acc6efb1ba0704e0827f47b77fdd8695a5bd891f5dbab4e,291ed9200b9c9d9d1be97ae0e9b2cfb2da0843377519c6b9e5e806e193e1071c,7209da6d3de2c7c0fee328defb3daaadebc58e1a14eb2624e04ebefc0fa11912
overcast-mountain-stations/0214,overcast-mountain-stations,train,0,2714,0,2060283,0,2714,0.0,0.0,,,0.0,0.7604814638052789,0.0,,0.5439856373429084,0.556409025444071,0.6670610808036896,0.0,0.49280547733421676,0.7195707281921944,0.7543255189833452,0.5907984702746553,0.0,0.013884369237444408,0.6026539534164909,0.9605246490979389,0.5536990021845664,0.5023329693239352,0.6045281884513432,0.0,fcf5289b197c7f0a48d5f375c13e6c090599b238c68ce299010e0babb86cb7e7,d66cff571333e436c6a9212058e636e2420673e9fa861b9fb9c61d3cadc245d5,b8a759aa5fdf9c967a8c7a7929ba96e466ec5d24aa445ecdc54ae703ed3ea2ce
overcast-mountain-stations/0215,overcast-mountain-stations,train,0,0,0,2072956,0,0,,,,,0.4236862745098039,0.9398709792458718,,0.1303680981595092,0.8901357466063349,,0.0,0.014809419762078174,0.6175398622489258,,0.6266881972988844,,,0.6924720660010406,0.8456051212805172,0.9728342517959373,,0.7630028318646334,0.8859324956885932,,a4ea3527469f92f7e01c82dbad4e004af29e5a534ebe1ed94e96185736126eff,854429faa83f8da4db49e7aad63e0ef178c079e045e63a5be44bdb3fcd0af9f4,5eb5555a3b675d2e62e6b60bbd9232c76c0bffd16d6f9d91068ff135a182b678
overcast-mountain-stations/0216,overcast-mountain-stations,train,0,0,0,2068117,0,0,,,,,0.6504213565914314,0.9365656400620864,0.1481151677055506,,0.7331745703044108,0.7631249397938542,0.7114928324270885,0.6416519141402965,0.7236719783169445,,0.63474489616022,,,,0.9500495180206172,0.9680027188941019,,0.7497032234499132,0.8686254360844369,0.0,39f23d5418cbc5c465dddc13feda5ebb78e7eb06be8eacb3a5acb0256a95f409,484d599c7a9c73383e03fb6ad49561d2771579ca685ae29f0f30e4be25d04b96,558cc4ce334ca4505680ac71a4e5a35c466cde10576f8395ed68889572f70ab6
overcast-mountain-stations/0217,overcast-mountain-stations,train,0,0,0,2073600,0,0,,,,0.3185203574975174,0.5147864750284356,0.9698679008774467,,0.4590963375796178,,0.06590022582631903,0.0,0.9045408560043495,0.27471453242902294,,0.7682474353776756,0.0,,0.5609086769299598,0.7444982607443023,0.9328696286583292,,0.7506229685807151,0.8034193164137345,,014ccb7933ce4cc405469bff1fb36825df54553c505c185a5c2b9ca46750aa01,aa3b2a2139a82a89c2ca14efdb1d56c34c50fe2cbd36c733edc6aeb721cead1e,c56ee9bd94a3580810c7369306fc3c13cb0204f4cb92b0408dd06776a8546e7c
overcast-mountain-stations/0218,overcast-mountain-stations,train,0,0,0,2072152,0,0,,,,,0.895344258322479,0.9774752036236135,0.0,0.0,,,0.8420413521496554,0.6033111658838302,0.7793249940995988,,0.8733948439307689,,,0.6089597081388487,0.9113359546417312,0.9589675955470467,,0.834565398831525,0.934198019401506,,7d192a396ef667bb5f346b4419b19250547fc8d398f9ad1541087e3b71df732f,5a08d87d4ef25c8edc375b184d40fb21715f14fe709bd157766f55da6db5be90,07426cedf5e92a5a81cfde4e2e52f881474b7aa5bd1684b9bdb585ef1dbb6dac
overcast-mountain-stations/0219,overcast-mountain-stations,train,0,0,0,2067823,0,0,,,,0.0,,0.9138786205605728,,,,0.5298025134649911,0.9287581296281362,0.7435533139163174,0.9312096630943217,0.9259115709132107,0.5715144086331627,0.8889760947055169,,0.6373962497359795,0.9344016630422168,0.9966341029177476,0.7629376789253468,0.6673228346456693,0.8532558999202319,,217eb3ce4240bbab2cd912c73d871881db741d3f99a15000d1343139afbeb72c,5dd19a743ac1e5e12f6fb63c62e75e423f24b6825f5013be4daef1327de5b91c,fd7b73339cb5d52d7da917bfdaec96b1cb694793ed6dfb9584d82f1d14ad5f24
overcast-mountain-stations/0220,overcast-mountain-stations,train,0,0,0,1926688,0,0,,,,,,0.9549071618037135,,0.0,0.9350517064084903,0.45602260685270224,0.62668156424581,0.46963367609254497,0.6824109975326048,0.0,0.7043387656419128,0.6987940183309214,,0.0,0.949637541364788,0.9863273934471729,0.6471371504660453,0.8417857142857142,0.9033004761926503,,b998518e2d97c634c8c2c846bf7f07e5ad02688387f15d657cc9646d080b722f,a78aeb5c9b6e22817ec40a0d14a2e3b3369a6697165133d9a00b6e867bffaa90,54e24193d8c48c4cf1ff2b0e3c50c0bc3de4e36d55a926fdd325fbe2c738370f
overcast-mountain-stations/0231,overcast-mountain-stations,train,0,0,0,2073600,0,0,,,,,,0.939884657312656,,,0.9622857485991796,0.0,0.8746906273539223,,0.027702702702702704,,0.7922278156521093,,,0.42481536189069424,0.9378116363938963,0.9470873971453933,,0.48680188941372604,0.9400659205886862,,27cd78cb2b58647066724fd485237e2568caa02d648e8186d42928145e8c8070,e2756ab550685eb2f70de905f8a2f1b99510c181fc397402f3f807c8450880f1,5f234d81e338f85a5469fbcb84e5c193ee6506651532ce5c9a0e018f43120f54
overcast-mountain-stations/0232,overcast-mountain-stations,train,0,235,0,2051551,0,235,0.0,0.0,,,,0.9576353790613719,,,,0.3694532158883164,0.753590293394697,0.0,0.538964303670186,0.62,0.45491743991403005,0.8735478956389259,0.0,0.5900105443117022,0.9253477821799749,0.9752015660128692,0.45865834633385333,0.8474042999475616,0.8941093717476655,,77b17d1922889f7c1d3d5c9eb9eb7abb5f53399f38433a493e4e0d9f6d369bd5,3315c387c153f722bf32fbe0bc5bfbdaa858f63464cab9be2c8c073d479522f3,4e4273ba15c6f3e7bef4d10fcc277090259f933d06c6adc188c59c918563cd6d
overcast-mountain-stations/0233,overcast-mountain-stations,train,0,8,0,2071887,0,8,0.0,0.0,,,0.0,0.8984860418307518,0.0,0.5860676426047451,,0.0,0.7671665058273328,0.0,0.859939714267029,0.8332436793975255,0.44531538859720476,0.7477412878244658,0.0,0.5715130356438989,0.9079990432767129,0.9814464877555179,0.7144736842105263,0.791759347526745,0.8659918532357355,,ccfe0f6097d8c9ab6aa93e8322b418afe7878378f87ebfaa7638f12f8605381e,3b67554f9922cacbbdfd34af50631afad68cbcf60e66ebde1584c6133fe36a61,5dd76995b35243e80f4672ad5d5753cc190657432306314a27fd146f69e41d28
overcast-mountain-stations/0234,overcast-mountain-stations,train,0,0,0,2073600,0,0,,,,,,0.9433007318240887,,,,0.6710843373493975,0.5444570850714195,0.0,0.15194773772078393,,0.7234260096739943,0.7771274200810446,,0.5623641035777822,0.9751549874382924,0.9947223108738816,,0.7122879413113251,0.9295623232799246,,709cbea54e2cf9800bbf3d0c032a4ecbdd34ac081630e119aea5e897a39808a8,9f031a8f85e736e4469eff85abe294ba9b7cd9f12c496873f486d04a6bb80267,ed47679a8808756f2c0b6e1ca8f585f386e82380e6fc81c30ee480556405ae3b
overcast-mountain-stations/0235,overcast-mountain-stations,train,0,72,0,2071315,0,72,0.0,0.0,,,0.0,0.7695353198583038,,0.0,,0.7052238805970149,0.850285543222954,,0.8049560670011414,0.7828674825008333,0.7411130021515044,,0.0,0.4666274105697041,0.9141624485022319,0.9776438164708284,0.501729313495171,0.691002476382647,0.8364590834126966,0.0,468c69f20ee4665d35f34a795d6f47eaaff96dedee7864164a769f063403427d,727abdd8767871d43483380b4a639a89408335f221c2798f071ede7d71cbcad3,1b1211fe56336c1658de6b9fc14da8d99bd187a00a6ac553e3449f870c848b20
overcast-mountain-stations/0236,overcast-mountain-stations,train,0,10,0,2064476,0,10,0.0,0.0,,0.7054004854368932,,0.9255030908851769,,,,0.8695165204405451,0.8217029426114311,0.7375437570419809,0.9158999364002544,0.8670453403036091,0.6891304176237045,0.0,0.0,0.5540873889781693,0.8865977311514908,0.9861956797311756,0.7628113369596335,0.8041512358969942,0.8900643481556549,,7d0f48496493980d7a6b226310064c37f280f0d3d8723af88c69108db233c6e9,357469e787079530c7c4af0fe3afad136d2be00a3110c53be46d1dbb7f58abff,5c3105db64cd11512e3f3472202be8eaab7f5ad30d2b2279c9b7e82b50bb6e01
overcast-mountain-stations/0237,overcast-mountain-stations,train,0,5,0,2058391,0,5,0.0,0.0,,,,0.9368758308054126,0.0,,,0.3768311922470137,0.8316943611219948,0.0,0.5505854800936768,0.9344969056393853,0.5685398501064419,0.6059375,0.0,0.6299572689366897,0.9036144307083096,0.9879896045374982,0.72792384406165,0.7630805408583187,0.7339182054582228,,d9eebb905aa35607b8a9ee3cdb0cfd1d4a4e368e77135f92e804f42440f333cd,b1eec86e60b77ba128bbba833a23764f54d112d408858a88b1250f02d7da05d0,afdc05c20ed6a2dfcf11e4d4c8ba8bb0da35a1b2bacdbeea098faf69a2ae3544
overcast-mountain-stations/0238,overcast-mountain-stations,train,0,0,0,2073600,0,0,,,,,,0.7968991282689912,,,0.9550651791916963,,0.24587602014238583,0.13745957071449574,0.6821613754207223,,0.6742811683145812,0.618840579710145,,0.773116337968717,0.8822410339798034,0.9900062460961899,,0.6544058610999599,0.7505737217944387,0.0,38d3daf79fb1b3f1c4c8c5bf74635d5954f16b3c5be5297e9e5ac9b077259d42,0bd106de9c902a9bc8006dd281b20d065ef8b5bfdbd81729dc77edc4d0287715,1ce21fa40432e3b63c885aa9057cb58a217744580fa9f150d8ca837f542c4cb2
overcast-mountain-stations/0239,overcast-mountain-stations,train,0,0,0,2037432,0,0,,,,0.6226317304923698,,0.9494174017205707,,,0.9550236527162792,0.29941434846266474,0.0,0.9393471928880054,0.6725847087733032,,0.4678811256739825,,,0.0,0.6136307379190847,0.9774436972344889,,0.7107114608051288,0.8244963171577123,,a48c958611d90e4471af958912e453f589b8b5533315c5d59ce81b77a46a7bfc,7b59514cf69597aa4f2cce3764a3d0af51710e328dc3d85c3976e4c563c3ecc1,c521e0e1da9b332f05aeff24c6466f07e0d3a212ffe04990cfacba0cf3ded4e1
overcast-mountain-stations/0240,overcast-mountain-stations,train,0,225,0,2073375,0,225,0.0,0.0,,,,0.9572513496202764,,,0.9205168020820803,0.5936170212765958,,0.0,0.8576791034854895,,0.800677587435971,0.0,0.0,0.0,0.9436252652459205,0.9310892062853439,,0.7315168745664032,0.8367651426716307,,8b51f499144ba83986ae26ea615d1f3e8da062613143bac5e635ab5684f8c914,99709ace9ed244e7aac8df6f8691255f3bb94e3107826bf9d3f678400c6ead23,c9b3ef7534968ca1a23201bef00cbfefecd42df2733a14708f63c3abe11a0a9e
overcast-mountain-stations/0241,overcast-mountain-stations,train,0,0,0,2054583,0,0,,,,,,0.9343054918930678,0.0,0.0,,0.7227186569184945,,0.0,0.0,,0.7325791227096058,0.8938409854423293,,0.6220260138515313,0.8816803127740201,0.9766128570524546,,0.8493336903462338,0.9528494554386234,,3625a2c4d4e9f8f3e0165e6dd90494d2791acd79e6142389e4a17e9e72601af3,a18c6013db023e74d3f18197e3c928119a026a0643711724bc334d3c6663f66b,f8a75698db9369a9385d85e66e38097e9c2a310afb0e2eff7a43a974aa10add7
overcast-mountain-stations/0242,overcast-mountain-stations,train,0,0,0,2064724,0,0,,,,,,0.9473268369765604,,,0.8499763340142494,,,,0.038314176245210725,,0.6206547588928807,,,,0.9402236227695052,0.9777875469346092,,0.80727380638354,0.8923474394167111,,ded050ca71f820d730759226ffc1d2274e07ef4601f63b34c13120c7ef05161e,eb2b02a061e3cd39e085fb56063ea4abf4c835ba5583526332833e0723c0d442,938989c4731b2a4c21a18bc1e2e1d372fdf482fb3838a7f17c45fd380efc2cc3
overcast-mountain-stations/0312,overcast-mountain-stations,train,0,22,0,2073578,0,22,0.0,0.0,,,,0.9260034454444462,0.0,,0.0,,,0.6759073063295987,0.7447332100324514,,0.774222965100647,0.0,0.0,0.0,0.7220712707112281,0.9050013723875623,,0.8115867063235485,0.8480295778729937,,5443a27572d1805ca781a25437ef08d1d27ac70239d96cb52f50717ff14822c3,b7a584f428c50f605f7f6cf81f78b931a71df4e8242a20fa82991bce28e1f9f1,29a10eddc3d7492903ed13adffd1159c0f2869994a2e33289ce2eba6bd9d0b6b
rain-water-cab-view-with-overlay/0268,rain-water-cab-view-with-overlay,train,0,0,0,2029558,0,0,,,,0.0,0.6087117168897282,0.7099031794079131,0.4803131269704786,0.0,0.0,0.0,0.6560234382758963,0.0,0.967502674364791,,0.0,,,0.0,0.9323680837039844,0.6917536910334894,,0.5822938603596306,0.7697890207868955,0.0,7a53e1b4c0a64e0b30e58ab9db89fcf98ce95254700008d25f5394d06f97a292,23a6618e87555de6cbd8e26e944af51a428323c138f0f4bdd425e1c41c6ebf5c,945452477cfa3ae81f94bce90ac54756f6e94d066968a0abd55f5322427d980a
rain-water-cab-view-with-overlay/0269,rain-water-cab-view-with-overlay,train,0,0,0,2054769,0,0,,,,,0.0,0.9552187014884486,0.6175943220022413,0.2797979797979798,,0.0,0.6330285434603662,0.0,0.7004723638895685,,0.48086204961275114,,,,0.960634510155068,0.9889568966529998,,0.7470476449029456,0.8898575537083343,0.0,1100c1ea54949235b635d2def045d12f73d290500eb308c1ce83323f8600862a,abf7569acfa9b70797209bfc372ddce4a802e55f69e55594dc883d24cab15bdf,06c8d4802abb3288f8d945fc56a9e651c3f741257d8d4123ea568c78586e9d74
rain-water-cab-view-with-overlay/0277,rain-water-cab-view-with-overlay,train,0,0,0,2032606,0,0,,,,,,0.5215940917280625,0.8560578469082284,,,0.0,,,,,0.0,0.0,,,0.9857903561069619,0.9096522586935326,,0.7191144160892344,0.0,0.0,ca57dfd0f80377755014a88660f5a17884651b8fc20abd7455c72679bd8bb09f,5542b12fe43765140207071f9c0e4692ea5687467fc0d4d502d4e96bd01a76f5,22c4416a0bffb8349d63d16748ed1de8807f37a0e5fb7dd3b76c1d69add2c7b6
rain-water-cab-view-with-overlay/0278,rain-water-cab-view-with-overlay,train,0,0,0,2039559,0,0,,,,,,0.5550066931880314,0.8330895114172262,,,0.0,,,0.0,,0.016489988221436984,0.054426705370101594,,,0.9823511560473145,0.9564085826431218,,0.7416523825848474,0.0,0.0,ae02105bf482e4b7269f687a6bf9420a5d1fcf5bf84ca910a716df519b4a66f1,f9d9cc36d418487bbef456deb4bd834ff96e352253bedc9a16b3f55061617ea3,56eb2d859b1522004ab77c550f78cd0b99b206ae7bf331b75d8c859dfa0087b4
rain-water-cab-view-with-overlay/0279,rain-water-cab-view-with-overlay,train,0,0,0,2054320,0,0,,,,,,0.7235261853876269,0.7803752863831059,,,0.0,,,0.8787685932065419,,0.412771717493431,0.2494492814434071,,,0.9603202420262318,0.9640272656810263,,0.6634463597903644,0.42036665711830423,0.0,41a8c3396c58a82a580a4b2d762d7a5813c5b86e025f72d9bc3ad2ba21db3545,75cfc723508e1a083341fb8e16648a7f892140dd4f2ab1043d614110da2558d1,6d1cd9ec4909c9b70106adc5fd1c1c2eb75f186c96b035fcb2d87f33da84a97c
rain-water-cab-view-with-overlay/0280,rain-water-cab-view-with-overlay,train,0,0,0,2054275,0,0,,,,,,0.5375693673695894,0.6827906118021739,,,0.0,,,,,0.0,0.0,,,0.9833491333852041,0.923797818405285,,0.7087100471157519,0.8186780230326296,0.0,70a05bd99cfd467ea3e055a00e478d6e1b45acfa4adb761b94f8e266417d1ae9,e106743e4b56f6a000935339646381f74dd47b337309998f9c1f64e772dc2e55,4801af2fe2baf0f9f405934dfbd03261555d028245cc9fbc2678595ee6ebc431
rain-water-cab-view-with-overlay/0281,rain-water-cab-view-with-overlay,train,0,0,0,2053597,0,0,,,,,,0.6909794063617906,0.7531791257020676,,,0.0,,,,,0.0,0.0,,,0.989469903891457,0.9479769739554984,,0.6444988053248378,0.7971907734631256,0.0,a7da1f692dfad6e78cfde641dada58c6873c4539cb40843c04d9e3238e0235ac,0307bb1c875ecbe072c4937d166fb5c6179a715723a729d6f851102552edbb52,9aaf2e541c9fa8a85cdb7e3c02928b658d1ad02087cc48954e7d61dfe2ad1f82
rain-water-cab-view-with-overlay/0282,rain-water-cab-view-with-overlay,train,0,0,0,2053810,0,0,,,,,,0.617947388186484,0.8113220238655778,,,0.0,,,,,0.0,0.0,,,0.9936672429942153,0.9226214472888531,,0.6431548782076332,0.8923699096470348,0.0,f9741378f2d70f2bd7e5236fc50ad4936840f4c1561be37a810e2aba8983efab,c2f421c7de5534678595c101104109c3b656630b9d60fb9b35495a373e44edea,fda4b19361c6af179e422bc857f607be4e3d1f3d10b6031c7db1fe119393ae8b
rain-water-cab-view-with-overlay/0283,rain-water-cab-view-with-overlay,train,0,0,0,2054083,0,0,,,,,,0.5348831824391599,0.7782621292735605,,,0.0,,,,,0.0,0.0,,,0.9874001619366526,0.9774813508249733,,0.6725830197938819,0.180998613037448,0.0,50f5c438789710cc8a44142a41fc391480200cadb38493f126501909f2df6f3a,04b5fbb59ca9fdefb2c884a036413016e6db4df5eab65336733ce8f35b69af69,88fb2207ebdeaaa22ac4db62ace2a873fa1dd60912e7d054eb92ea85d4447f83
rain-water-cab-view-with-overlay/0284,rain-water-cab-view-with-overlay,train,0,0,0,2053473,0,0,,,,,,0.6919200071742445,0.4368307600637914,,,0.0,,,,,0.0,0.0,,,0.9895271236276335,0.7276323224712752,,0.7493358423732566,0.6420512932636596,0.0,43ee426aa0b2c2ce8f85dc51fb77e1d7b14c6221bf250479b4fc3db9938e1d2f,124b16930742b8657398889555a2a4ca0cd3a302b337fa75ca4b08d758b9ab29,84a71c3abf4bf5ac573cbf038129b0d526a84239af0f51cfb93e4b11dc78e3ec
rain-water-cab-view-with-overlay/0285,rain-water-cab-view-with-overlay,train,0,0,0,2054047,0,0,,,,,,0.6660951490275541,0.6971490784867233,,,0.0,,,,,0.0,0.0,,,0.9509823677581865,0.5902664933376666,,0.637458531660176,0.0,0.0,2956bdb840f2c86e03cbc88cc38600c415d72eea5fff4f468697cb6ad1fb86fb,7c817992adbdd24001302c811f1bdc3fd0af55e9c6cee7d75ee1ebab90d9ce52,d706034c8417fffbd104981f5c20ee3efafba759d7c7729129161dc4654b8410
rain-water-cab-view-with-overlay/0286,rain-water-cab-view-with-overlay,train,0,0,0,2054089,0,0,,,,,,0.0,0.8478514058431214,,,0.0,,,,,0.0,0.0,,,0.9868651775209146,0.8718954064002934,,0.658547466095646,0.00065775049331287,0.0,65bb9a26ed2495d66bcecef26da2702eed5d5ef32bc6393785623c77524cec64,c5023a4e5a1ade5fe386facb5dd55efc8f17e3afa73682ad1f23e1e7f6e96499,aa84daf2077d69c0b2596593aac124f4ce5846d242a8457ac78b312076c0ff9c
rain-water-cab-view-with-overlay/0287,rain-water-cab-view-with-overlay,train,0,0,0,2054230,0,0,,,,,,0.5571567638980635,0.752868775941059,,,,,,0.0,,0.0,0.0,,0.0,0.9825879165997989,0.9821159293656722,,0.586221329315252,0.0,0.01965720407070166,e86117d8914772da397288df8ec1e772efd2441073ebe583809d2c492b5a8b2e,49c1380aaf9d4764c6f027260ff4e8b042c503f86f3393d63dba98fb7b567287,ebd531c72a46ae820367acada02c0183a682b0ff3e72306650c7adf96bd762ec
rain-water-cab-view-with-overlay/0288,rain-water-cab-view-with-overlay,train,0,13563,0,2013931,0,13563,0.0,0.0,,,,0.8833328876647859,0.47338066543364554,,,,,,0.982640417094245,,,,0.0,,0.8528436191075709,,,0.7337256344244207,0.36675181221953745,0.0,edfc5f576a3fe8034173a9ff71791befd981bc683b089bc729fe555cefbe4b3f,18a05516eb56af5f738ece0bf1f771ff1da45279a794c9ca45f4549211644f6d,403e45bdea78a219b4cedbb9bac16382a83cdabad13c54ac01b2bbbf97d258ee
sunny-mainline-cab-view/0124,sunny-mainline-cab-view,train,14187,631,65184,1993598,79371,14818,0.17733306667333318,0.9574166554190849,0.17874286578221266,,,0.622574348375244,0.173901247965274,,,0.36456509048453006,,0.9481902127091599,0.8854664412262001,,0.7404553493978618,,0.17733306667333318,0.0,0.9034613064613419,0.9735599278201397,,0.40148787656135193,0.7743842697388426,,7401f5fc76b6fc6c255d1dd4039a55eb15e32ab20cd3552dcac7878a8a74eb88,9544d3a4d4f26ddcf2a101283fbc57247e7d6b9a4c2a4d1dcc6ecbc47866431b,54dc7e49856ba830e454eb351e0d9e4db6bee0927c3d11f387fa57e5ded401cd
sunny-mainline-cab-view/0125,sunny-mainline-cab-view,train,695,777,34836,2005276,35531,1472,0.019141786934009034,0.47214673913043476,0.019560383890124117,,0.0,0.7549519659304744,0.10457207632722464,,,0.656261085491309,0.6369146840430369,0.0,0.06156056020109783,0.7458211011922593,0.4485580941766509,0.0,0.019141786934009034,0.5159959050483076,0.8009927135346883,0.9937901454628209,0.3096274794388002,0.7627531285551763,0.7722214470943127,,b9b5845a7575d6e07a9bbc5c28a07e05557e8f29ff815f5cbf7248d75ec08247,258f3be8e12caaaceed243c728d350b639caa3c57d90a8ad103831ada0b7f6ef,82f25ea79e397fa0b3e88efb09ce6092069bf9a49db419286efe0a4bafda89f8
sunny-mainline-cab-view/0126,sunny-mainline-cab-view,train,8215,52,25444,2037426,33659,8267,0.24368900358933285,0.9937099310511673,0.2440654802578805,,,0.7862440165939794,0.11890363622084348,,,,,0.0,0.872518510745742,,0.6975767615672073,,0.24368900358933285,0.7631629123198866,0.6552752758550784,0.9791391676275997,,0.7289341722827302,0.8752868610222323,,a1e2fc892f0b131c74ecceb67559b53b91457b9cf91503592486c858fd335277,e27211315a2ae32a9a3ef1ca41e51ca0a0fa4f6fa09bc2a6e3ea542fe11ec29e,63dd2ea081888ca2ed8cabf3fd29b10bf52aae5cb7f9f6f7e4fdce58d2daeda8
sunny-mainline-cab-view/0127,sunny-mainline-cab-view,train,2550,1429,22480,2047141,25030,3979,0.09637552439623569,0.6408645388288514,0.10187774670395526,,,0.8059029903246142,0.04170993423329872,,,,,,0.8563215756631287,,0.7296213737030325,,0.09637552439623569,0.5948242860424163,0.7686354684021236,0.9714443871152919,,0.7836440634199247,0.8730580176481039,,0d4cde05aed2bd4fe2170c8e306ae84b426e1f4e3c8d7f9b0b0cb271454f8c9e,aaedcf88592ad3e09dd1013b51109aeb4e7c40f4b2d9226c243471e2f34e9ce8,d0ecfc191dcb186739e9e454e85431b95433a1f5316ee57cd8936378819b5a84
sunny-mainline-cab-view/0128,sunny-mainline-cab-view,train,11675,68,11508,2050349,23183,11743,0.502128940690723,0.9942093161883675,0.5036017771643014,,,0.8879483324460773,0.3388185062253596,,,0.0,0.0,0.5313585823488534,0.7530177219572046,0.0,0.576291266599473,,0.502128940690723,0.5590933145175516,0.8926749259037091,0.9732090466916968,0.0,0.7534768181900601,0.7999808083291852,,24687c346d035f3bef72afba9b140f03eab022e4a90af673afe81fa9f274787b,c2fb729a44959c3f10648bb333aa2bfa0a8bf6c4779e7237ba1a4ca106ac5d1e,fac1b24cc0b5e912138fa9cafe369bbbb3608f5b598a1c43204d77b96f82b03c
sunny-mainline-cab-view/0129,sunny-mainline-cab-view,train,22372,6659,22879,2021690,45251,29031,0.43097669042573683,0.7706245048396542,0.49439791385825727,,,0.8400149631310986,0.4032475807163855,,,0.2684532204983545,0.560397715252803,0.7043721261648427,0.8004544351984317,0.7350637382890493,0.720633917185303,0.0,0.43097669042573683,0.4219856615250923,0.8145713550158757,0.9695096804001128,0.4714525608732158,0.7261321909424725,0.7083442786592413,,e52ffee04497a5939bda202788429a87b3560377d2abd91af07b4286a26b89c6,0c3855bad8ebb48418e3eb7da192926f4eba3d0bd8a6c1ba206a8a0de118136e,d3f9a66d34963588336bcc2ab485d289058165d62b399aa87ab0627e5ab73d10
sunny-mainline-cab-view/0130,sunny-mainline-cab-view,train,11668,7621,15616,2038695,27284,19289,0.33427875662512535,0.6049043496293224,0.42764990470605485,,,0.8336893877466908,0.01294179477072658,,,0.21965317919075145,0.0,0.9249637135450548,0.9039443171731985,,0.6029097271725747,0.10476190476190476,0.33427875662512535,0.734944480731548,0.41151685393258425,0.97092921885101,,0.7334644261708974,0.7680318993878316,,e0ef00001b7bf26a5b6122387465145d21b99c1296743b3f03e61660ac3b3c2c,9e56d793d32c98b488bb34adae6c07d0b0bd6f457d0f9aa68dfdc9a0a4542a74,0951b52d3fe2afebe20bc94c2e2dc873ffe98f6be2fc064a79b1560ae6623913
sunny-mainline-cab-view/0131,sunny-mainline-cab-view,train,0,0,43352,2030168,43352,0,0.0,,0.0,,,0.7610538022011735,0.15393590541381455,,,0.0,0.6545454545454545,0.6022568913361205,0.6948843038432114,0.05613425925925926,0.6899653777894155,0.0,0.0,0.7801451082868116,0.7518821518508371,0.9447759662751187,0.0,0.6870556487744123,0.8368958523443621,,6ed3b7e372d8d5dc78b215af5af6f4653456cd41ece09177eab1178a747e70bc,a8c27ee277932c37a1cbb160b15f22866e20dd4aec146b5de86eb4603ff534fb,555013ab594cccc17d7ecb01089bd76cd7043297af6f2fdabffa600c997ac51a
sunny-mainline-cab-view/0132,sunny-mainline-cab-view,train,0,0,14047,2059553,14047,0,0.0,,0.0,,,0.9308023044150557,,,,0.6641414141414141,0.0,0.0,0.7757936097183291,0.0,0.7885763946011287,0.44192972007147113,0.0,0.6053919436227597,0.6481467605367667,0.9646810591209364,0.0,0.6649758421778176,0.7880706376770569,,e153b7e6bd960d596c08d639a6b6e83a0851899aff6c01d8e6bfbba8b04f29ab,51ec0f2f880b6d5e6d011aff4a6f35f79480042485ebc9db45b9e0c8ccb772ca,e2d65b9533331091d4f8e332695afed007a7ebb5344c897ab7917a7f49c57dbb
sunny-mainline-cab-view/0133,sunny-mainline-cab-view,train,0,0,4876,2068026,4876,0,0.0,,0.0,,,0.809716919464233,0.3237665662388325,,,,,0.10583778058418544,0.9425329402031282,,0.5271091968583734,,0.0,0.6523137741260367,0.6371317707640795,0.8876023581319408,,0.6889692788423847,0.7908613144553919,,f9e73f2fb85c57a08b9d33b0c1c38cfbd56bb541c4b32e14c80883c01757b91a,7b970b234bbeedfb2a18e0ce9e899a251b487dd70a00f183d3d16356c2b2478d,a5953a87b5fbf3da8b5f7ac83f25766abcaf6614511f08930d2dfc6231824b48
sunny-mainline-cab-view/0134,sunny-mainline-cab-view,train,20297,6501,15914,2023722,36211,26798,0.4752060310919648,0.757407269199194,0.5605202838916351,,,0.853752140284584,0.0,0.0,,,,0.6287560096153846,0.8733261070839826,,0.7075742574257425,,0.4752060310919648,0.7639865260691271,0.9107938801764033,0.9893075204361153,,0.7917623110572134,0.76112034512767,,9e4b1e6f4202cdfc0d9ff15e1ee6eb32270e1c0e88b7b7842be2345e74dab6f2,810016b295ab6550cc7248033bb01b9032302ca875b032e9d08005c80b18156f,a36fd81f408318acd1c4d06295ee44d3d94db13b02472f08bd4e105b9dc89a51
sunny-mainline-cab-view/0135,sunny-mainline-cab-view,train,5572,267,12552,2049884,18124,5839,0.30297428089826545,0.9542729919506765,0.30743765173250936,,,0.8757440600949044,,,,,,0.8157643871356178,0.8146318990140975,,0.629010514963602,,0.30297428089826545,0.0,0.9619796205075312,0.9910029980808419,,0.8512232020958637,0.8943657599971621,,917d7fdbcba14ad98f4155259ad4945453a4e76aecab144bfdfd515d95e55343,ef3653ad7186e447e51f20d8a071847cfab4d31d30567977a105bb93a6e226d0,a740ca816e3294991540c56ba622f01c7fd978ae291eb5f8d05aa60f2ed8564a
sunny-mainline-cab-view/0136,sunny-mainline-cab-view,train,20710,9507,66990,1970854,87700,30217,0.2130505004783606,0.685375781844657,0.23614595210946407,,,0.7505943620513982,,,,,,0.5724078617863557,0.6635046764504601,,0.6292250233426704,,0.2130505004783606,0.7915334037967907,0.9632187579861998,0.9717194888318702,,0.8132449650637074,0.7926881468031786,0.0,23d8b5534877bd891ce5b404ae30036f3fd3a3f9769fc5d17235cd727642067e,79c1982f49ada9c405b84125d26d3248d5d79d06d6bc5cb458d82e04d838eb1d,6902a7a1bc26e82ad95feabfd26080da89e9b9ad26ba99556c333d75df7f284c
sunny-mainline-cab-view/0137,sunny-mainline-cab-view,train,0,140,24371,2043715,24371,140,0.0,0.0,0.0,,,0.8314504578923284,,,,,,,0.7911260106487872,,0.5876325723530469,,0.0,0.2527061855670103,0.9455767491611408,0.955922987358295,,0.7828268077722611,0.8945024542929837,0.0,a171edd02bf21b2bc889ac8ed17fe30fc47d76defd59a637e236ddadf0c76f27,6f160ebe16131fde736faa1b907b2b9193af1e3c3ecb7fbcc5d577bc8750144d,8bc55b618fa489527138d4832309da4299faa4b1248c0b127d52056917427a32
sunny-mainline-cab-view/0138,sunny-mainline-cab-view,train,587,38,6349,2061257,6936,625,0.0841697734442214,0.9392,0.08463091118800461,,,0.9346372460782951,0.0,,,0.0,0.8164330860126409,0.7857101202486616,0.6255313897040674,,0.4608433734939759,,0.0841697734442214,0.8567798658699062,0.9281655265035464,0.9842394804475663,,0.8514070621975265,0.9562982697819797,,461bdcfd80571cea432e10e0947270b1a03bad21b5efa4efc325d700d1107bed,50f45cb9d7c36f7e9ad713cde316882219c82f7d0791f0d0e907e65ccc5286eb,d03fa363d1e6d5014408f44b956ed37cf82b88da09ef71ec38f892b8a328a220
sunny-mainline-cab-view/0139,sunny-mainline-cab-view,train,0,12,27870,2040448,27870,12,0.0,0.0,0.0,,0.7222162510748066,0.8781622069768272,0.21789124926914832,,,0.7796863330843914,,0.0,0.7607771079362458,,0.6380220236858508,,0.0,0.0,0.9358610982200045,0.9835034860557769,,0.7758641810325627,0.8415865401623048,,ea793969cdff22d7aeff4460d14cafa8007c32c5650e6cd3586775c958a0754c,9ffd1fbd5a02985f044eebd2c5f1c76c095bee6781c959b4c6742485ddd6b778,f5f15f1923663203d5f3060c94956efa7265dedba593f0affb7e852677a147af
sunny-mainline-cab-view/0140,sunny-mainline-cab-view,train,0,0,23511,2030475,23511,0,0.0,,0.0,,,0.9197688033155538,,,,,,0.4762671437090042,0.4849763794633222,,0.5649420480344127,,0.0,,0.951299023992685,0.9834002237426097,,0.8355809222016168,0.8959110555680856,,3a5fae521d4841d641c0b0953b4733aa8f8734d7fd9997403022f033352a935e,bec802af770693ccb921ee7235635fe5fd724eaa5b1d6e1f6746af21fd9112cd,e373441cad99aacf412e2169684911acd41303a532b1f7c69d3da2fb34226202
sunny-mainline-cab-view/0141,sunny-mainline-cab-view,train,1012,930,23112,2036125,24124,1942,0.04039275165642213,0.5211122554067971,0.04194992538550821,,,0.906342378701786,,,,,,0.0,0.0,,0.7978313358156853,,0.04039275165642213,0.5437212060393194,0.8864766007057389,0.936553617715518,,0.831894196087004,0.8309443902380083,,2ab1618bf2232f7953374c7ff9fd6dbb5957a1d11d887a1004faeb1f3bfa8241,97b17a45f269102384f6109c04c9d6b8bf8782c9ed75e154169d5296a043ea20,79ed5eae38647377d5e4f5900357fe768ce7f530eeabaad75de8df66e47360ab
sunny-mainline-cab-view/0142,sunny-mainline-cab-view,train,6462,972,22805,2037768,29267,7434,0.21369754290816495,0.8692493946731235,0.2207947517682031,,,0.8740180698733222,,,,,0.07477360931435964,0.5495091504060113,0.5726292709665631,,0.37949836423118866,0.0,0.21369754290816495,0.0,0.95532166917553,0.9902489522297154,,0.8637027347671341,0.8838183489521318,,f9d4c3db5d27a80539d7e059e63c85bbda048e2f6d73d48e3b0e6d2541a023d4,ecd3fb29f78f54f484c4e6ff39b9f5010a4ff9510a0ca54c9e0fcee6ada30585,6ec42bd71a83318a06399df76efd98bac1946f05aaa7668eb6f44388b182b414
sunny-mainline-cab-view/0143,sunny-mainline-cab-view,train,12217,1374,32127,2022503,44344,13591,0.26722516295550985,0.8989036862629681,0.27550514162006134,,,0.8842896786321726,0.023596808292982337,,,,0.5611650485436893,0.0,0.5074189411980217,,0.33073662504296025,,0.26722516295550985,0.7268724380378424,0.8793137042481189,0.9911411865009835,,0.8610763665866603,0.8411978635665048,,4437f8bc5b8248f9f54a530115e7dbcc3ace4af83f6e7e7505c28bd61deecdb4,5633b96990c8cacdbca53cbc8c942d05e63f5e2d839d47c6d0409a38e1392cfe,28ac339ff4d542af1da50e79efe3a9465ad40370a227dc612a873753a32375fc
sunny-mainline-cab-view/0144,sunny-mainline-cab-view,train,0,0,9669,2058367,9669,0,0.0,,0.0,,,0.9115016059246676,0.0,,,,,,0.12960096643889918,,0.44390024207622586,0.45102379634753736,0.0,0.5453797500899882,0.9527881282769163,0.9381589951767568,,0.8401126929616911,0.9441627644114322,,f6b634ec6548b8bf98554aa0ac61f40eb22ae85f7e7ae26d084ddb9500ae7e5d,7f8b37a8c257a86c7ca870dd1ce5018c32c9ed888de4dc3afc7b590ae25fb898,e67fe812f125518b3346771f7cde1e586ceb0e99c16dd1598333785db3c1ff0e
sunny-mainline-cab-view/0145,sunny-mainline-cab-view,train,13963,869,8241,2045066,22204,14832,0.6051662115893035,0.9414104638619202,0.6288506575391821,,,0.946800471541275,0.0,,,,,0.6929247709483226,0.9067406084408087,,0.0,,0.6051662115893035,0.8886071027026113,0.8728777952412816,0.9776536922120554,,0.817331185636979,0.8215309596872504,,fcdb2f1d198ca40299c924da55b12732604c2030a0db21c6f4a86b3b5c804d35,20c74d76997181bbbf1ecde190ab83a62b8b818f8a40955abbde22b23f85c59b,579b948283e7e7237a784747521d753808b9c523b603513f21fd5bec494efa61
sunny-mainline-cab-view/0146,sunny-mainline-cab-view,train,10134,13098,32739,2011986,42873,23232,0.18105804791767166,0.4362086776859504,0.236372542159401,,,0.7937498528130372,,,,,,0.0,0.0,,0.5326343381389252,,0.18105804791767166,,0.9594965934989281,0.9514915399008815,,0.7864222631679268,0.832502431515011,,144ac7ace9587dad2bd7d7909441c0b2eb1b7a5fd5d975855c31e6f54006cc89,14b653b227e8c3d3a8b942968a57b177faaf75fb68a3e71ae071e6286eda5cde,84db85962644d09e1c3d4c2fc22f720b9bdd66bc4ef75e8d42e1d3f3848538d7
sunny-mainline-cab-view/0147,sunny-mainline-cab-view,train,0,3018,6051,2052262,6051,3018,0.0,0.0,0.0,,,0.9228801798391999,,,,,,0.46103985657150737,0.8308936288861006,,0.6001022756328305,,0.0,,0.9743031654431642,0.9694556749827433,,0.7252355604503181,0.8580665829562066,,6cf388fea166cff5c1481f523509bf3d72656e5aede0964f0ec6b15e88adea19,692808c9fd7ae6179769e38738eb5f38b5dfd78c857fdca542786e3cce1a19ce,f87e752ec209c7a0252ed50b0d3303d2402cb5d6c5be19d2754c984583856a7d
sunny-mainline-cab-view/0148,sunny-mainline-cab-view,train,15250,9740,15705,2003080,30955,24990,0.37473891141417864,0.6102440976390556,0.4926506218704571,,,0.8590372691512768,0.5552648385834071,,,0.6048192771084338,,0.06448057316065031,0.9443441234518019,0.0,0.5502901698294584,,0.37473891141417864,0.0,0.9255320835689634,0.9846057595692645,0.0,0.8243870758239974,0.8960205391527599,,d859eb4079cd5f05a69e1a52ca314157548f99524569888aa31aa39194c4c163,3f6263d12602f503c9afd8899de5bf72117310b14c1df89f7ca3507e4df9258a,21711668a9ca511617518175f6ea716de474aab1acc5da530a67246ee5ad65e6
sunny-mainline-cab-view/0149,sunny-mainline-cab-view,train,0,150,10614,2046364,10614,150,0.0,0.0,0.0,,,0.8647799729874046,0.3786444963794491,,,0.0,0.681678437889489,0.09553179824561403,0.7705715376570774,,0.6875131376489284,,0.0,0.21021998618920784,0.8312307543658446,0.968174564599311,,0.7639556377079483,0.8233973714591283,,0f14ff36a7fdb27af6f7ec8cb353e753e159bb3b77aab52a80b13fe6937791bc,f956580152828b020215fbf2c78a840a5b4b68ad7e56c3e41bf4fea9766fcbe0,e2dcc6c465589d668af2858fa87272c66b49521d3c0e61eb930202131080825d
sunny-mainline-cab-view/0150,sunny-mainline-cab-view,train,4738,1245,4880,1997707,9618,5983,0.43615944030194237,0.7919104128363698,0.4926180079018507,,0.45187601957585644,0.8657442992569818,0.016106110847939364,,,0.38204592901878914,0.0,0.5482793669231886,0.6283638092327544,,0.46094646271510514,0.0,0.43615944030194237,0.7405610091946875,0.8355532972816028,0.9601327459850265,,0.7019961298198678,0.8026271599588322,,d4d60368183c52383216b6039fb814147d7720ff8a5ea3c97e9222f8f0eb8937,ea19db3c93ddb0c57d8a40d4882b76fc921b3e7ef2c036f491aeeeed322a8ba8,fe5c6c933984ddfd25721ebd254fe07bfe1bc004cb2c8e352c35a3863ae3062c
sunny-mainline-cab-view/0151,sunny-mainline-cab-view,train,3703,11184,20135,2030965,23838,14887,0.10573353891839415,0.24874051185598173,0.15534021310512627,,,0.8348700120918985,0.26455668879175437,,,0.12134502923976608,0.0,0.0,0.8160625906941587,,0.4238289551985038,,0.10573353891839415,0.6715982925031287,0.7752493408231114,0.9874480856743376,,0.8272904152318596,0.732126098610136,,4b1751c125ecc67afaa53eb1d7655c7a5ec051098de588dcb48ea4bc9cd3c5fc,1ab5b3a734f95118a4f540fd1aa10298673d5e4910ab7f3050c63f27f8d9a24b,467605d390e69774ea7bc651dbb4fe746fa4b2ed7defb43ce7aa8fdc852b7056
sunny-mainline-cab-view/0152,sunny-mainline-cab-view,train,8650,11365,4058,2035506,12708,20015,0.3593237236738254,0.43217586809892583,0.680673591438464,,,0.8576759645334315,0.04314114838191145,,,0.3715287927506577,0.0,0.26389320086929524,0.8063716241712037,,0.6933205496963887,,0.3593237236738254,0.7726087762737377,0.8340311209338639,0.9797090519001748,,0.82403543977888,0.7981866998916242,,7c244faef1d58c7c544581c4aaad579ceaddaf9f4f8593f1c642198319e0f064,57425f7fe572f2d8c613752e0aa310cac5a68f17926ddb24529c7254a7030148,67af1eaac900ef006214227d771235030dbd18a78d53ac2f93d3af294b722154
sunny-mainline-cab-view/0153,sunny-mainline-cab-view,train,15039,9052,6376,2036270,21415,24091,0.49361604358814454,0.6242580216678427,0.7022647676862013,,,0.919905632189632,,,,,,0.6565869554799444,0.0,,0.8642307648986856,,0.49361604358814454,0.9462124056101568,0.9746921294406521,0.9903153051331897,,0.8521362881594073,0.9291923450109778,,8a9db76dfcf9155f0dfba13eb33441d81632dfa0d872dd599c6a9a249961a009,05a5851a91ad31d3a2d1b4e3dda4c9fb4c997e5bb7d94639cfcf404ebbcfe4e3,7fd992456d751d2128b38930f4c24adb5ea49a1c8b6e879ff18069a9de29eb68
sunny-mainline-cab-view/0154,sunny-mainline-cab-view,train,7355,1846,9061,1985528,16416,9201,0.4027488774504435,0.7993696337354635,0.44803849902534115,,,0.9332551052576272,,,,,0.0,,0.0,,0.367523083099157,,0.4027488774504435,,0.975340379064164,0.9849184870971638,,0.8734759306335919,0.9339109470353348,,6ba5f4dc3a08179c05592eb64e30da7a3ab0f61eb7a134091c4cb022c307f8ce,73a89e97a564e8790df1b2ef5cc6b4b1abecd82ba42528df33db4e2887c0a69e,f21aeb3a252dc293f673d764604507394a232b190a4baca4856f59c8bedbc8b4
sunny-mainline-cab-view/0155,sunny-mainline-cab-view,train,4738,4428,226,2051231,4964,9166,0.5044718909710392,0.5169103207506001,0.9544721998388397,,,0.9527165465592765,,,,,,0.003164199344558707,0.7566666666666667,,0.4035584310553983,,0.5044718909710392,0.45499451152579584,0.9696012348757587,0.9831589929653953,,0.8336689983857329,0.9232092211475529,,06a90f5ff240f94f7308b963ae697e96d8e7f41f7c690b41c58516e490c044e0,3520046f77397809711aadef6d4851348e6ef6dfa7e4d4acffde40d4a08d976e,839f1300b35b8222dfe19ec4792beb074cb40b2f1370c7237ebfdf5b46cf6936
sunny-mainline-cab-view/0156,sunny-mainline-cab-view,train,8086,10383,1786,2040105,9872,18469,0.3992100715872624,0.4378147165520602,0.8190842787682334,,,0.9213783092215333,,,,0.4666666666666667,,0.6863245681218619,,,0.5925277892136682,,0.3992100715872624,,0.9723635672181024,0.9820692862303801,,0.8476885271079712,0.9148458694866928,,2a9b7f9f2e664a6492b210e6af5c8b3238a3d01e1f1d4f0c3506e92519ad0942,407421d1c13fc9a5c28ada48397820d63763e5bbd52ba90e03022634e21f2fbc,4deeab078f8140dbf7512703877fe561173e6f147e0f8bd29de450b6a79c9722
sunny-mainline-cab-view/0157,sunny-mainline-cab-view,train,20579,11389,2958,2033246,23537,31968,0.589217202084407,0.6437374874874875,0.8743255300165697,,,0.9331189125223777,,,,,,0.011263750723722302,0.7832864809608996,,0.7256558773424191,,0.589217202084407,,0.9285474979114363,0.9901888616488904,,0.8633395051338159,0.8887495214307852,,8e5da439095b7bf529ca9afbcfc297a86c96a3820aab657ef461687e06417c1a,9981e1d1ae142c1e9738d94cae092b732bd369db06694bee51a34ebb4e3fc179,eef1726fabd6a26f884c82ba792aaab5e5e60a6cf61a60cf8270b0ec3f57b441
sunny-mainline-cab-view/0158,sunny-mainline-cab-view,train,646,100,4438,2062994,5084,746,0.1246141975308642,0.8659517426273459,0.12706530291109364,,,0.9637650782029558,,,,0.7393040501996577,0.41005977218901546,0.5398496240601504,0.41728102283858326,,0.4912301493244845,,0.1246141975308642,,0.5821499100477677,0.72141360694415,,0.8643710815047022,0.9085501360561944,,e6a650c2b434f3111eccf6b5f78e578afe4a7a00834675380b1cee62d761869d,07015ed660b2b8ea64300203f1815f3802c8e66a3db06436fb5305d647e31263,bc16df62bd4402c0ca08c471844116d9c4cc9a9c49edfff31bbd1f351e00c466
sunny-mainline-cab-view/0159,sunny-mainline-cab-view,train,6026,1725,23333,2037025,29359,7751,0.1938617938489255,0.7774480712166172,0.20525222248714192,,,0.8666521823381229,,,,,0.373117033603708,0.2646730933175946,0.749427670510993,,0.44550876558828845,,0.1938617938489255,0.0,0.9538401014118985,0.9900398871351975,,0.8749154276473209,0.9233875916236207,,0857b1a64422a748f3a1acbe2298b756354dc4e916a3e35065e7c7c8aa443cfa,d11d1839c3df1fc963b3d4a7d2fad7dd497deb84c04b0fae9ac7612d46bf2393,000b9070c44de8a9871cf742e993685ebeeec6842c0b4b7788cf145fb5e93755
sunny-mainline-cab-view/0160,sunny-mainline-cab-view,train,20216,6613,2752,2038721,22968,26829,0.6834116493695277,0.7535129896753513,0.8801811215604319,,,0.9437333001926304,,,,,,0.6227435856232256,,,0.4803788903924222,,0.6834116493695277,,0.9730549116524908,0.9884631050216225,,0.8831700541014769,0.9371046360687872,,3f99be5f7928e5a01c3e2e0da7c216742c167125a2f4df4f9eda959f3e86453c,3a16390f7fe8b99976e346e04b3a49000f78f09ada1595a248415368e11aedf5,7615bdcf272742c194e2733beb42c4b5ca35b4f0e550e032a50fc47595377f78
sunny-mainline-cab-view/0161,sunny-mainline-cab-view,train,19615,3852,8083,2036569,27698,23467,0.6217115689381933,0.8358546043380065,0.7081738753700628,,,0.9203702586986673,,,,,0.9139881916947313,0.5894428152492669,0.8132094247018941,,0.5342361035273562,,0.6217115689381933,,0.944367146271107,0.9920910795188251,,0.834681642255445,0.9218954073644092,,016395879116dde76f1eddcc264a67c3d1fb136d9a0f2d92b33ab41044c4e774,d23f8db4f6d3d5ebf380883116bb37266ab923f0b3242a26533b21ff6567c406,02c21c535636292b1402a0dff7cf2526f93b03fa597143e1fcf08c342267f12b
sunny-mainline-cab-view/0162,sunny-mainline-cab-view,train,20448,1738,6822,2036137,27270,22186,0.7049089906232764,0.9216623095645903,0.7498349834983499,,,0.9400203066046605,,,,,0.9240049510118258,0.6849873073971309,0.4389494634821738,,0.7811136425068541,,0.7049089906232764,0.5366886171213546,0.9486902777758757,0.9859878237104354,,0.8501385170166994,0.9311524836059395,,9a198f581ccbd0527724f15f9a3cece6e5832854e77e259dffc5bd5a429ff05c,0f13810f4e07bcb4e31d23ae621fe1f2f1ba5df5bd7d2a28ccf1edc7b7b90c12,2b3b69daf5b41fb3151bdd3e30d2c5578cc3d7b519250b0b53cde54b56c5db08
sunny-mainline-cab-view/0163,sunny-mainline-cab-view,train,39741,3073,20394,2004757,60135,42814,0.6287337045943552,0.9282244125753258,0.6608630581192317,,,0.8795501147045091,,,,,0.9348016275291275,0.750252180620661,0.2896494617720121,,0.6564914992272025,,0.6287337045943552,,0.9464104523418808,0.9929437380541171,,0.8541370974031038,0.8944954666937974,,53c1f0e23c023af87bca8d7c925f1118fa6e03bf34b314ab0e901d159fd525b9,0dcf0e9793f56137c43c73198bc407fb3d307128f3264ea267e08b830d3a3e6c,40e8bf53a50c306e71f91174d0751730d8caaac6955cf76c8c3e44ce1279703e
sunny-mainline-cab-view/0164,sunny-mainline-cab-view,train,25793,1105,11300,2029979,37093,26898,0.6752447772134667,0.958918878727043,0.6953603105707277,,0.0,0.9046511482502704,,,,,0.9104398835824047,0.3515218594355285,0.7048032488446996,,0.38451465051563266,,0.6752447772134667,0.818623109974089,0.9531522913526048,0.9818850035953022,,0.8342808946645008,0.9313478399772817,,dc2322339b57aed5805465301755b9054b87fba047b608e05ae4dcf959232006,595424faa77d35db1f99a37b4f55a72e40170bff8e5dfdb3ab73ae65e3e2479a,7ccbf399c126234aade27227778cae93d547f29d39389eb69ea1fdc2d17e6850
sunny-mainline-cab-view/0165,sunny-mainline-cab-view,train,11748,3901,15669,2036732,27417,15649,0.3751197394469634,0.750718895776088,0.42849327059853376,,,0.896404905400138,,,,,0.9233459371403805,0.48067492311528554,0.4480509273813266,,0.682047669367148,,0.3751197394469634,0.6179804224626482,0.937752324258772,0.9767746796291034,,0.8371082555237127,0.9044940754457513,,ed03205def575f68a08e90b5040e492f111657b011c4a09ea8773bfee95ae4f8,48f2d8f29663c715443a61887d3de406b2141c0cd0635bc8d985d53ed8a38d72,8b09d51513c3e5bc59ebc5f5c0721323dcde9fd021dba4c1eb58c60c8071b27e
sunny-mainline-cab-view/0166,sunny-mainline-cab-view,train,21440,7830,405,2038345,21845,29270,0.7224936815501264,0.7324906047147249,0.9814602883955138,,,0.9514882139533117,,,,,,0.6646814970514392,0.0,,0.6787531806615776,,0.7224936815501264,,0.952587546085004,0.9864474739374499,,0.8576870258958933,0.8621337763704644,,4cb25bc7ad809534409bf310ce0bd9621415dfebdaa38bfbacf278916ddd0f64,6efebaf42ad436d141650e14308bf18e2389d3ec7ed42dbb736ae5b5f6d3a70d,a6643c938a3be8cf2c4ffd531442b0bfbaae1920a68db879c15f653d577bfadd
sunny-mainline-cab-view/0167,sunny-mainline-cab-view,train,4544,4935,1115,2054628,5659,9479,0.4289220313384935,0.4793754615465766,0.8029687223891147,,,0.9517608743341527,,,,,0.866128456381164,0.8528336380255942,0.924087062918986,,0.0,,0.4289220313384935,0.6117451177633633,0.9067412637837542,0.9904146949125057,,0.817216401705473,0.8673748994193506,,ea08f07ca095ed6d035d6f14b8548f69a14bf8d6b49efbbdddf5179bf9ef3009,b5e44b4d05c9f941f3f50ad3195bd2b3c67bdab306fccddeab16a0e824382b20,e0d8fbdd61f9b903b138afff286e5fa2281039992b5762154a8a2fef3738c86d
sunny-mainline-cab-view/0168,sunny-mainline-cab-view,train,19916,2268,5268,2040615,25184,22184,0.7254844820049541,0.8977641543454742,0.7908195679796697,,,0.9432085775840473,,,,,0.8626685085504692,,0.7764108918193351,,0.5162268311169297,,0.7254844820049541,,0.9420326226518168,0.9886451515551615,,0.8518180654247487,0.8576879986164685,,72b8f6a32917f9b4cd7edbfc8b38900c94a094dd308a81ee17ec8c715bf8a875,adeae42b66b6f80ff7ded176032da0f049d5158fb43d05363602b068574857d5,afd925ae38045b47a28ca29a481afe995e18ed260b4454be9f354f71028bcbd0
sunny-mainline-cab-view/0169,sunny-mainline-cab-view,train,2872,1788,2890,2060477,5762,4660,0.38039735099337746,0.6163090128755365,0.4984380423464075,,,0.9482392167421929,,,,,0.8404913936701832,,0.7991015828747219,,0.47330541742999216,,0.38039735099337746,0.0,0.9443315854381039,0.9775871951905171,,0.8399544331418669,0.9065137956605434,,e50a126b8e9d96524472935c0169644a3000d548dd10622d7dd7837f28b262f3,1fabbee7225ef01c83c8f9d87a5e21012dbd0cd0e092aae0b3f85cc885236dfa,2a41f5732d9f548d9bffe8071c0421dd01e61755fc62c6197914c1aff3a01a01
sunny-mainline-cab-view/0170,sunny-mainline-cab-view,train,3762,1080,5478,2057885,9240,4842,0.36453488372093024,0.7769516728624535,0.40714285714285714,,,0.9219371410430316,,,,,0.9230965032295014,0.03637713437268003,0.8161470224950406,,0.4410077836952069,,0.36453488372093024,0.0,0.9561906646808372,0.984717709325651,,0.8368832005151735,0.9317938958091212,,3f433ab98d445e66fbd4c3879168f0ff099bfa2f2a0555a496a23ef041827ef6,2432eb316800d123f6938e33fc85795b3d6c60ffa520a0ea9203c0121e31584d,1b5b5ab2b2f18b39d3ef545849109a37581fe854015f9730c2ca3b0f04d513c4
sunny-mainline-cab-view/0171,sunny-mainline-cab-view,train,24897,6615,500,2029456,25397,31512,0.777739597650881,0.790079969535415,0.980312635350632,,,0.9387878033928934,,,,,,0.0,,,0.8182796457679145,,0.777739597650881,,0.9644515585509689,0.962904840806298,,0.8154575066627184,0.9208915179211185,,f0f37b4a43e03c4b5aef2ec2723b33d29fdeb183e0247dc20cc38fd51708b6d4,e8e0d147bf6775475813b28df3bf64d5faa50955a9846c2f56a541b5e2252767,0e08c0a66d34a0b1bf5870327ebf4cff265fa65609fa5e7ecc36724d9fa9a922
sunny-mainline-cab-view/0172,sunny-mainline-cab-view,train,0,8369,0,2054768,0,8369,0.0,0.0,,,,0.9374736169581637,0.0,,,0.0,,0.0,0.8524758442108888,,0.5618909991742361,,0.0,0.0,0.8833244866601481,0.9525668904226151,,0.6999302047327839,0.8531659900795016,,9d1f242981192b866b8c78b235337b3fcd78c0dbb947afbb3861211b73247352,c9cc1d7969f031b1ba1caed9230b1e99f67407a3ccf18ad66582f8d9f85d7a54,a5f14355f6744d1cbb763a2e3b346f1da6a1074d6bc140be9320842397f57cbe
sunny-mainline-cab-view/0179,sunny-mainline-cab-view,train,0,0,0,2070979,0,0,,,,0.8119998836092763,0.4309397499052671,0.9571827977256306,,0.0,0.7925883010200915,0.0,0.0,0.8394808320440089,0.8335975182627839,,0.5179536679536679,,,0.34295758221985273,0.8048616551097185,0.9287680511918831,,0.6890312541385247,0.8736320852218771,,2980bdd5ac578120cb35ad4b8b8f5798eb1663f505b1d628312365558c8e6637,0a9409b2e919a722e20a573aade797666e16f212e11504e1bba1fad37db8571f,dfccb00166c7f463cc8777d3f05423f626ba6d1d7d36d8db3dfafb4be236dd12
sunny-mainline-cab-view/0180,sunny-mainline-cab-view,train,0,10219,0,2063320,0,10219,0.0,0.0,,,0.0,0.0,,0.0,0.769317163039516,,0.0,,0.5862190739317393,,0.44396754468485417,,0.0,0.798389932315626,0.8786058981233243,0.9806950898029543,,0.7485514775397115,0.6357003734725231,,11d2b9c079ad57dd8e7e64839160cd7b1d1b689d42720e385bbae214ae1ce4e2,d03eedc21174cd47abea991f73f6f1990f52f4dc95c05ca152a8ebc1c4f8dbbd,0b3f5b8ba10ac13e7bbb28529f23fad86c213c9156da984b1e9524ece2e19be5
sunny-mainline-cab-view/0181,sunny-mainline-cab-view,train,0,0,0,2073600,0,0,,,,,0.9377711093944976,0.9742485736133168,,0.0,,,0.0,,0.0,,0.48179699429398054,,,,0.9794653350204129,0.9931993705574367,,0.7828783432083726,0.9263503743682983,,961d4dc340edb778535bf1a91b174154c09e8c3bf2814a05efe15d66cfa809cb,f7acffee97a0d29fb4655547c1884e20e9bd9972cc8706da96cdee1e26eb908f,ec28d514e3f2aebd129847e35e12a8c3ab1d9b1a43fa4d771a1b967f6ceddb1d
sunny-mainline-cab-view/0182,sunny-mainline-cab-view,train,0,0,0,2070136,0,0,,,,0.43334785449793073,,0.8771592704005151,,,0.0,0.0,,0.8429512988887504,0.8948736863413814,,0.0,,,0.0,0.8363427445830598,0.3274619285625425,,0.6283923339257409,0.7903599625654006,,2b635f17ddb2ba61b77fdcac0499ec5c3d70dea1323a289937212955ea815653,4ceaeb2102494da778ecf94d2ac615d63cfe08ae62aaef2a6796fec50fb8bb6f,fcfcfcb14b883aa1f9b2d7e81923cc12832bea29b87f5a8ece68d8e430c3d3e7
sunny-mainline-cab-view/0184,sunny-mainline-cab-view,train,0,0,0,2070348,0,0,,,,,0.16105960264900662,0.9042157833647467,0.0,0.1547085201793722,,0.0,0.0,0.9019676682348239,0.8671645203413603,,0.5784223999575557,,,0.33049868079631933,0.6981378258325098,0.9734498862574196,,0.7398285951250979,0.9026787563493651,,fce720c8ba60a17547f87e487d475b7dfc8130e8e3f6de1eb655de80095dd9d4,cfb308f1843883bcd1f15e0bb17c380c182c15635fad7bdad3e92fd028097a16,c732bcbc7c202f11ab8d573d4fe6acf2baf611f399054ea75fdaa1f28e5ad1a9
sunny-mountain-stations/0228,sunny-mountain-stations,train,0,0,0,2073600,0,0,,,,0.8498491911159858,,0.9447608549206933,,,0.8906709094034451,0.38688827331486614,0.7019522170845687,0.8542210053702972,0.6358438896273402,,0.7409212261571617,,,0.0,0.7542266386474756,0.9888127013758627,,0.7666017386285755,0.9135406554621327,,8fb67a7950262b0a2133f19fd631fd9df52f83e1660f0a811abf3e9d0982f269,f4c0dfc2948c51f179a4a80f4d4b7d2a14b8c5ced33c320220f787477a45e6d3,ee769ca85e9341c767a4c0ae938125e3b15a606bca3b037203644bfa38ad64ff
sunny-mountain-stations/0229,sunny-mountain-stations,train,0,0,0,2070011,0,0,,,,,0.5227409429510017,0.9435732656058594,,0.0,,0.5232480903354367,0.7469863547758284,0.8912823273768722,0.8151928393604416,,0.5771753272616235,0.46330567964262925,,0.7061303132547558,0.7248950683812749,0.9867702800240304,,0.7534764909980056,0.928956018807473,,0354800bf80455fa7680958e010518b436ea155dca8b0abbc8d1e10092f0661b,fc908e7e08e5cc665f4c59c11eadf28fcdf161bd566dd5bc31ca5349d4ad036e,4adac1f47084ff9970a2447b5beaf6f262c9f669fa1b46bcc69b09314e1ac51f
sunny-mountain-stations/0230,sunny-mountain-stations,train,0,10839,0,2019403,0,10839,0.0,0.0,,,0.3945107025675746,0.8720760025744277,,,0.8758380717983536,,0.6788683391320272,0.0,0.7503725847357917,0.764469520668352,0.6353776771531341,,0.0,0.35377413921422696,0.8219638562805058,0.9782190391897645,0.345370978332239,0.7231341536380427,0.792215647600263,0.0,505099662669780df8408d783f6869cfd7b572910896d2c7b6f0e27c7432cffb,0f54a1615827a6cc63096a9eaf5bd58b3ed9758a76361bcee72da0187c106f17,9ea34881f10a623ed01b7b5ba8e2c90902e3bc967f43afa258aebd89c27bf477
sunny-mountain-stations/0243,sunny-mountain-stations,train,0,1099,0,2072192,0,1099,0.0,0.0,,0.0,,0.8278904934880836,,,0.9753336848374782,,0.0,,0.0,,0.38740542946150425,0.7229002153625269,0.0,,0.9822394740293809,0.9943732888187227,,0.4983797129777275,0.917447385035092,,d048231d419c08d7176eaceaa89f964709a5a5de28918f80af2d6d5cb56dc892,ac493ba00b218289c9290e59fc10ebc5e73442a5005678ae91222731a9f1a765,3efca089e0ebb9727d03335272d47cf34a619e37bf01dd27699d9ca753ce0ccd
sunny-mountain-stations/0244,sunny-mountain-stations,train,0,0,0,2068950,0,0,,,,0.7608134497542143,,0.9312786728970371,0.0,0.0,0.8690439524086558,0.18952020202020203,0.0,0.6696450995923572,0.5345306191117093,,0.6980100369734947,0.0,,0.685125145895474,0.8920638973734133,0.9776521406782961,,0.6621195369406868,0.7944421602169722,,8d1edf47c4a0e099e6bac09702b9eb61358d689387405e5915c4b761311fb755,62634f58072805641c40889959a1644646ac9bf20776fc28c0eb907ebb26db45,d1606c1e41a6a732416fcf53f09d523edc70ce84ae635ff7387da1c09674be1c
sunny-mountain-stations/0245,sunny-mountain-stations,train,0,19,0,2073581,0,19,0.0,0.0,,0.7811232463391058,,0.883840457967768,,0.0,0.6134784011261327,0.0,0.6814422306082943,0.46361152336435635,0.8960608511590287,0.8418867626126838,0.3759757292292134,,0.0,0.028528149457207774,0.9007577661237424,0.9942554500245003,0.45818037503720604,0.6297405189620758,0.685346854047173,,ede5e722aa51b1edf1b7f3550819d1fa7c743d02958fb765bf9233ccf1ea1020,cadf2ab9a2d6547b808e82099b83169aa947fb0617b0d25d7c012f3a84f18477,1ded111f13ea537c03efceaf3c4583d217600c9cbc229eeca5256bb577bf8f42
sunny-mountain-stations/0246,sunny-mountain-stations,train,0,18653,0,2042450,0,18653,0.0,0.0,,0.7772449869224063,,0.7426943554409887,0.0,0.0,,,0.0,0.5474981131305714,0.48114326375711575,0.8558354988136934,0.03808680248007086,,0.0,0.7194990329026811,0.9300100686658328,0.9850618707812766,0.5155243954786093,0.7114673854625733,0.622337127693872,0.0,90a65adbb644d54e42c7e51d5cebfa0b1e554d4d34f442db24481dcd7007c74c,8211f22cbe10bb54834c2a0f57f23d5612d3a7a8d288102d2f5c719f02078527,b5ac76dcea19996dfb122ecded8232dcd3a4d1bbc6d71b927f6479d80240e62d
sunny-mountain-stations/0247,sunny-mountain-stations,train,0,0,0,2073600,0,0,,,,,0.5606356177274999,0.955789800031003,,,,,0.057579836045515725,0.6141423896131767,0.821579449099393,,0.48504538939321545,,,0.1119411455162665,0.9415398871198719,0.9915610271604006,,0.8349151857835219,0.9423677221045093,,a442fff38da0ce40c7e735cd036d9ad22fde5c1909107105ed77bd798ca3f872,c5c7e80094cc032a92fa08b0b660de2231a9cddd7643b6d1c2df97dbdb15ba15,e6039279335549760755fd75a29ba37954d170d81592471eb3337a5c5625de4a
sunny-mountain-stations/0248,sunny-mountain-stations,train,0,0,0,2073600,0,0,,,,0.6197969015353689,,0.9586059653297077,,,0.6741452561885999,,0.1612832763236169,0.4133163239393278,0.9115087723946672,,0.1345869672297395,,,0.5852589021925051,0.5138671639995187,0.9824369941077543,,0.7935904262062321,0.9254229876044274,,c489b83cc8d5e13b9e9ee4f588ba23a86a21404337b41cc01afb90627630275f,1828c615b6f7ff9fa65e720ed3534d3325375ddada62df18c96577a26343ed35,c9153524a501c609a20740199d8d7214473e83295433722703e5f0f46517c8f7
sunny-mountain-stations/0249,sunny-mountain-stations,train,0,0,0,2073600,0,0,,,,0.769204160798557,0.0,0.9644809616675725,,,0.9472091627488246,0.4539877300613497,,0.8740369448631218,0.9361156712463533,,0.8127269910666644,,,0.5443562987590111,0.9606639560014024,0.9880845277622298,,0.8478169273713594,0.9028576393276886,,408760b135c0da743871d600304812e352ac956549d1987597238245735e8672,459bc06543c1527b8f31f3778f2304eca8cda8b56ce00177d1006117d7a4ed71,34ffeaaba9cb759f255b274c5c9e5b7ac4056fdf8e96baf45c3635e638bb4c41
sunny-mountain-stations/0250,sunny-mountain-stations,train,0,0,0,2064289,0,0,,,,0.565320197044335,,0.9794555340244201,,,0.9347709023896993,,,0.91091274480497,0.9251124156542764,,0.6796511851254273,,,,0.0,0.9748263377543761,,0.8071963756752047,0.7450194169032356,,0956dd0c21f6af0a1387e957effd77c906124754c421ea783a885ae3ce8cf3f2,1a54313fd7aaffafd2aa769b53c139c749f29333937e07fd9220a885589e54d0,a3388154286aef07979a67a7dd2eb40f509b024d60aecd1e0302782fd971d414
sunny-mountain-stations/0252,sunny-mountain-stations,train,0,0,0,2029299,0,0,,,,0.6065957286242548,0.0,0.936180578109776,,,0.7582501055000703,0.0,0.0,0.9531001895816693,0.8841659191023873,,0.03935569325396221,,,,0.8998245198008062,0.9893133886598137,,0.7649536974121027,0.9518848199871199,,1749f26376edb32da712444c9e60186ff4bd29e1fed12a43bf0f659bf8e5a11b,c37061946bca614f0217b26c4987befc27e64f2bc1d0d90685762ea41c67810e,677e7950be515751e7683baadb610ddf9453d3103c14b20c61e4ccab87fc4c79
trackside-maintenance/0000,trackside-maintenance,train,703,1030,98026,1989201,98729,1733,0.007046983229583296,0.40565493364108485,0.007120501575018485,,,0.8721727268217669,,,,,,,0.0,,,,0.007046983229583296,,,,,0.22909486493251438,0.00016552865714876888,,e41473adaa20b0dfe8eecc7e6000f550ae13c68770e4946667d4c938e7a89230,608d5152e26531f443e848f1ab03966ce4ec96ab2768c3ee09bd3bac6d538107,a98b7aec59ce63aaaa24b7b39b4f0a4c2bc3571337a2f17ed6f6fedd0370df10
trackside-maintenance/0021,trackside-maintenance,train,1178037,23000,133610,754020,1311647,1201037,0.8826581110960426,0.9808498822267757,0.8981357026700019,,,,,,,,,,,,,,0.8826581110960426,,0.9667733306244074,,,0.8425180598555212,0.7873657444070481,,f193c1a096a827f7ac610c2dfa2ef5244731e66842755d4d9a52dae046fadeb1,3cc3a810432c2d42f2e1b1d81348e5530c70ad2520bc91739596cf667ef7070b,ae8226edf4323aecf87836a024545f4ab2ee647d8d5835f039094610769bc622
trackside-maintenance/0052,trackside-maintenance,train,1174744,196064,2758,715102,1177502,1370808,0.8552512220017094,0.8569719464724455,0.9976577534475525,,,0.0,,,,,,,,,,,0.8552512220017094,,0.9000984753302319,,,0.8747071954143357,0.6955303814416348,,efc1a697946924df5b504e34114d2f5a5bdaff8ab191a9dd2c8d978a19525204,d7c67dfa30ada59632dc54a7ee5807a8e61a421646642ee6822c51b526280b84,6686ed5889e57cbedf2f3b2b4733893d2c64f2cae42dd455a9071b8607830daf
trackside-maintenance/0055,trackside-maintenance,train,1165047,140960,15878,767075,1180925,1306007,0.881352765180027,0.8920679598195109,0.9865546076169105,0.7474343447220806,,0.0,,,,,,,,,,,0.881352765180027,,0.9218393716746897,,,0.9211582429342803,0.7449852957612092,,28f3b3d7bec0bf474a3fc09012c7f4ef1b0b5a4e37e51acf00fbc5bea657569b,7b23c5e8ffdcb864899f2b44e3f35d742c5fa4f4a7b41a710d74ec6204039136,62d4d0d3e0cf816d50517f99c8f930cf2338523d4ad27601f286d5d8329fae02
trackside-maintenance/0056,trackside-maintenance,train,1060937,111847,15621,898813,1076558,1172784,0.8927402695209125,0.904631202335639,0.9854898667791239,0.883455933555322,,0.0,0.0,,,,,,,,,,0.8927402695209125,,0.8099872182198466,,,0.8906386207626745,0.789030214178,,ecf8e84d483b920ff62e729b88a34b2e02bc43b25ba2201f33a1d1233e98db4f,71ac374b6a05e5b030909b340d8dfeaf290ad55a7d2193361ea9ad5698cb1afc,69cd130c5261cb413732210738599fa4f23ea503b3e9336f33ae2188e0d26d13
trackside-maintenance/0057,trackside-maintenance,train,783461,6212,25819,1273063,809280,789673,0.9607218709686913,0.9921334527076398,0.9680963325425069,0.883246887966805,,0.0,0.21897407611693326,,,,,,,,,,0.9607218709686913,,0.9484764228564944,,,0.8925636999852147,0.9630262433848056,,76a244cf235702a8709bcd5845224a9a5785c3cd791a1fc89b4d54cf065746b8,c6a6ea3d247a64e8a78e7264e9e5bf9070735b251f3b1498e53ceeb2d9a5eece,6589a68cefdfc8c780af31fa62c1ee0db605946c24a185b3ede5b8f9927f01f7
trackside-maintenance/0058,trackside-maintenance,train,1289112,53696,38997,707155,1328109,1342808,0.9329188995552918,0.9600121536362607,0.9706371992057881,,,,,,,,,,,,,,0.9329188995552918,,0.8690735102218355,,,0.8379547953487221,0.896600390609885,,527bd4c6f5b48a8fa052db415d684acdb3dcbf8021025486fa219182ad9059ba,135090e121d0df3d05d16ca027cf3a9280fcb288b8d5e5c4b535ae20858a57bb,df6de997a69972c6a62c19f9e643a2a96c43f564e8e1a39ba02b9e2df755dd9f
trackside-maintenance/0059,trackside-maintenance,train,1218247,27779,35960,806945,1254207,1246026,0.95028104831098,0.9777059226693504,0.9713284968111324,,,,,,,,,,,,,,0.95028104831098,,0.9307651209491701,,,0.8194382425818427,0.9556356962637117,,8f38d8ecfaf13ea9265b15f72d8c2a5f6320df894c563c0277971f5a71223076,51caf95e4def10813bd0f02b5d94ab8f9ddcf77d3b4125ae347e9e88f0e70034,07e12fa162b834cf01147f7b57827a5081a6627775bde835956d45057522683b
trackside-maintenance/0060,trackside-maintenance,train,1389562,31108,22613,645677,1412175,1420670,0.9627786096004733,0.97810328929308,0.9839871120788855,,,0.0,0.0,,,,,,,,,,0.9627786096004733,,0.24903487978327124,,,0.9075741337525626,0.9207580674644908,,af2519b33d6b5f52478d8c41669353834cbc46bda125e944b6f0f559e55e7d51,a1ed253eef60a1b41a1f265e34bb48ebce8b527eb2c22c4dfdfd0244558ab6a4,0c445e7daa11e9fc2dd251f12fdf52314a26f882a94c036152f10013df89a000
trackside-maintenance/0061,trackside-maintenance,train,1659939,37884,8816,382321,1668755,1697823,0.9726362751583668,0.9776867199937803,0.9947170195744732,,,,,,,,0.0,,,,,,0.9726362751583668,,,,,0.9443498966286362,0.0,,8bdf064f89bd89d79af62f1c4461b3024cfa2110a8194ff5044d74f7f592fc74,a2d3dc8b57ca001020539c453fd25cc135c52f4e3a1b7e3782882c0642be1d36,15f4ef87dda8b4db83a55703881219248b9dd9ff8d8e69e93935885d0f49d2e1
trackside-maintenance/0062,trackside-maintenance,train,1902907,20235,154,164887,1903061,1923142,0.9893989276741594,0.989478156059199,0.9999190777384435,,,,,,,,,,,,,,0.9893989276741594,,,,,0.8899533668688875,,,6f1c22c5a26f9c6f9349d1b7472ea93537d6383a9cda356167f51397f8e8f989,8b6b3404dcee61dcef88a2efe10d1c664ce76c5c90f08c90a160e1881b9c7ba9,c96a51ed7766d0442a3ab9fa79c871a5f6a271bc11c98515cf16315976c13f90
trackside-maintenance/0063,trackside-maintenance,train,1329143,73966,7399,678452,1336542,1403109,0.9423151091663429,0.9472842095660423,0.994464072210226,,,,,,,,,,,,,,0.9423151091663429,,,,,0.9449659060252844,0.8545318595281324,,f25b27c24e3ff91436c5e3877a5df281c4dd826a5c70266f8b58faae4174a2e4,f404f535862173c8b8688fb06460f4e3b4307973ba3453d76a2a74ed1ce29373,7ecbc0b3d03f6f9b49f63337414f8149d1e8f539709381a2372a3ac12124ade0
trackside-maintenance/0064,trackside-maintenance,train,182184,41275,199364,1666137,381548,223459,0.4308753308121838,0.8152905007182526,0.4774864499355258,,,0.7832267742330024,,,,,,,0.0,,,,0.4308753308121838,,,,,0.6685319127339879,3.38443835245541e-05,,40ea4a91bdc724c6898236dad7394cdb56c3f9eff92be4c2d3cdc31bac221ba5,8cf27ff8c967f94b6ce773a71a3e75cdd9d3bead6550b3d272103014e8ccae9c,1cca8b1fcffc3763bce2f6e00fbceb3121d7794fae49acdee54d042fcd1b5acc
trackside-maintenance/0065,trackside-maintenance,train,1340437,120175,1303,627045,1341740,1460612,0.916904881610764,0.9177228449444479,0.9990288729560124,,,,,,,,,,,,,,0.916904881610764,,0.0,,,0.8953375432132662,0.7899564661441303,,f03f57e248aa7907bdc8f6d9dc2d77aa18d6bd0c9408c1035bef8a148a559b79,c6eb3a0619930aa14ed66cc41633d3632df51fbd1eeb2b2d5c2a7d4933429313,2cba463fb6a0658231b4a24b929d78db89741ed6e3fd0169390c0ac6740a9e5a
trackside-maintenance/0066,trackside-maintenance,train,1292915,37821,5097,753127,1298012,1330736,0.9678717324695527,0.9715788856692837,0.9960732258253391,,,,,,,,,,,,,,0.9678717324695527,,0.9382379654859219,,,0.9466552114656148,0.9377290535812416,,6223c858287f0677fdc6d3b7cc8038c3ecc2f0d657d409ea0818439bb88d0fa5,d3884b710501411f6f6b15febc4e69affad923b6dee90f38d67b046fdfa35666,bb2f959a67bde72683d464d55f399d5a249509a816bcf86cc413e929ca091294
trackside-maintenance/0067,trackside-maintenance,train,851940,45126,5833,1186061,857773,897066,0.9435606861897067,0.9496960089893052,0.9931998325897411,,,0.8283756684491979,0.0,,0.8876721359507764,,,,0.0,,,,0.9435606861897067,,0.972068214601697,,,0.8793204236292875,0.9387980804981971,,0500732a4422c6db9e57d541c1a7f0c06c3e10fd30ca7e04d1cb512dcd29b739,31e1a531c8bacd76bd03d1630b16b65d83c1b22e86c7d094e48509567df280d7,d122640b07d247bba1160d19c90e3b1cc02ea3360db024e6493c2edfa9991b87
trackside-maintenance/0068,trackside-maintenance,train,1049809,95483,4292,939376,1054101,1145292,0.9132077342760512,0.916629994796087,0.9959282839120729,,,0.04740550928891736,0.0,,,,,,,,,,0.9132077342760512,,0.966208739305282,,,0.8929570526241709,0.8646277254029698,,2002370858caebe870952bed7a32a15d4c1e010a5b718f1e3c6e2a619ef1550f,f630baf409c8fa26b7d8c7049cc4ec4ab2d5780809fe481c6ff0414a1752009b,9e483245dca341a6b9115cb09e95e3ec7460ece29fbb1a2febcef9810a34b8f1
trackside-maintenance/0069,trackside-maintenance,train,1801303,89037,5533,193087,1806836,1890340,0.9501179667625416,0.9528989493953469,0.9969377408907062,,,,,,,,,0.0,0.5661422846882841,,,,0.9501179667625416,,,,,0.9002398322610294,0.29181572152922514,,f29f28360c7637a0569445615e72587d568ec754c219c552470709afefec21c0,9004352091a51ef231b51d3a96e9c590f364538a5c6d5c05d1c1cbd61935bd8f,b806f47343e3705fd4f506f8bff768fc2680e966e7ea0b407ef931a694c1e6eb
trackside-maintenance/0070,trackside-maintenance,train,1871444,37706,3803,176007,1875247,1909150,0.978301087376428,0.9802498494094231,0.997972000488469,,,,,,,,,,,,,,0.978301087376428,,,,,0.9447206946136706,0.10978648694568727,,8da8ac7ad697e79d43107c8ebe4903d9b515079f50e3b43f871cbcaca0df5d1e,fc37c78a2230c5c8c971926e1a494ea03d9ff1f1d5ef03a91ddce40348295058,95401fa0d4841a0ed6f184b09e5c271a43ffcbc7e46df88610b80cb88d1b2d7e
trackside-maintenance/0071,trackside-maintenance,train,1651077,6307,31719,399857,1682796,1657384,0.9774874593201244,0.9961946054746517,0.9811510129570072,,,,,,,,,,,,,,0.9774874593201244,,,,,0.9207842360629765,0.0,,3722b3d81a9495d0186d3ce92ec994c7f10c979ce8ebf1d78a787043f819a9f5,b67b6c1fd6b1b376e5af96480d72e2c49eda9b71209418decad92c770b5024a5,1c318a2a2d41fe4d6620eeec62df1efa6157d226ce4152819c622874ded151cc
trackside-maintenance/0072,trackside-maintenance,train,1567651,16741,49080,455488,1616731,1584392,0.959704849547467,0.989433801735934,0.9696424451563062,,,0.0,,,,,,,0.0,,,,0.959704849547467,,,,,0.8741961190963121,,,190287f82f43182bf0e583f603971ce568382ea6cb8bd6655a8483c3dd9de73a,ed7b67bd4cb17da870d4d1c71e483046760415f5abff5f935a882ce1e78f4a58,e787d63427253ad708a61462ff93caeae5386b09a1702edc4747da052a64d243
trackside-maintenance/0073,trackside-maintenance,train,1519728,55965,44574,468693,1564302,1575693,0.9379491157938784,0.9644822944571055,0.9715055021344984,,,0.0,,,,,,,0.7473833043907345,,,,0.9379491157938784,,0.10664887163309876,,,0.925301034474633,0.006750197539225646,,5652f16f45d364803ae0cb7862cfd6866fbbefdeeefdf76929de1dbf58fe7814,776ab1d9d39e30450e3cb98591c31188fa38dda21975a58e3b3269ad48adbff8,a7c652af034a0245daedb25387e144ccdf99572a0cf7def5c6d2f905c3f950fe
trackside-maintenance/0074,trackside-maintenance,train,1291992,235719,54299,506950,1346291,1527711,0.8166775178412273,0.8457044558820352,0.9596677092842484,0.0,,0.0,,,,,,,0.6803763745607074,,,,0.8166775178412273,,0.05549966668686746,,,0.8494751152186105,0.06577539706883524,,093b845a2d8a639e83ffa1ecf5fde92d921664c2417e66a25b10d3dca8f6d55f,f7283dc707378e69d703aef147373bdcd064cb957f41e1765d75f9806d2293a0,a630f09fcfe98b411951b74cc6cf07e3e526746ba2a8457189780b8d3d4b523a
trackside-maintenance/0075,trackside-maintenance,train,1405618,77631,102260,503451,1507878,1483249,0.886540536824452,0.947661518733537,0.9321828423784948,,,0.0,,,,,,,0.651510072646144,,,,0.886540536824452,,,,,0.9263743609909556,0.0,,03904f8a2512daea1c39d2cbdedf3303eb95dcf456e4adbc73e729eb2d9aca10,718e6fd45e2e42240aee648e4e87a0092a7553e48a752f65433e382eadbfffee,a422b8ad8328db9184b800ae495ef7a485893ef0f3cf35abe96e4d26b8d5fb5f
trackside-maintenance/0076,trackside-maintenance,train,1560648,7840,59602,460870,1620250,1568488,0.9585760000982747,0.9950015556382963,0.9632143187779664,,,0.0,,,,,,,0.8357786560134928,,,,0.9585760000982747,,,,,0.8427675806329783,,,2c8539da08f1b6584a3d127fd3a5f5050bdc5350404f6d4739a5e44dc6d6e78b,b0a5d9f1ca8e3700479bb3fd590e0e31fd80eb007671997450e69cea9e96069c,ea9d435aaed8730a5dfafc7d872cfac2283a0a25ad7328c756cafaf2be480ce0
trackside-maintenance/0077,trackside-maintenance,train,1272923,64986,3604,747447,1276527,1337909,0.9488711626350248,0.9514271897416042,0.9971767146327496,,,,,,,,,,,,,,0.9488711626350248,,0.91128343767786,,,0.9163568646675927,0.9063448792391138,,845a1cf210437b2039d48232df6099976b3cbf2a66266f2948cd84e0e8dd1a89,db1147ad0f9aa22d2101b8b087ce2dcca15710e76e651244fdb30f75aeb1348f,90e7d16eb983fcf09a83f34f5cd175468f28f07f252916b1ce0e8bc9640e140b
trackside-maintenance/0078,trackside-maintenance,train,1291509,39630,5223,752598,1296732,1331139,0.9664364895140688,0.9702285035597334,0.9959721823784714,,,,,,,,,,,,,,0.9664364895140688,,0.8769289701214841,,,0.8985572307364079,0.9563674201444176,,9072ecd1d6bd9a6ade7bbf9d4ebfe4912556baadda2bae4e1a66249b89915dc1,5ee5a7b2559e29f59042063b25e69d22cc7635dcfb1ccedb12ca183a2172add3,c14f032723b053ecf2bd12c4747a17b5b6b3a742e9268d283200d75ab033a91c
trackside-maintenance/0079,trackside-maintenance,train,1312092,75657,4558,696653,1316650,1387749,0.9423869879272315,0.9454822161644505,0.9965381840276459,,,,,,,,,,,,,,0.9423869879272315,,0.8247357484867648,,,0.9198299423018524,0.857058234728072,,7245d072113222a13b028579251a425ef833a8850f977f01ffb13f42c5569754,196f7161bb9ef2af0e3ea14b4f939200a99ce0ea7a60d5039b4f22522718c58a,d3d1d3fa9393acf8c1cedabb8fa57162301adcd919fdfb0267cb262e3549cc89
trackside-maintenance/0080,trackside-maintenance,train,1178053,64368,19622,826917,1197675,1242421,0.933449177246734,0.9481914745484824,0.9836165904773833,,,0.0,,,,,,,,,,,0.933449177246734,,0.9252242416457945,,,0.8964865098649807,0.887019450118273,,045d4791802edd4766cb20165f7f89e48500708e9eacc4fb3176b9cd89733d49,72915e72ba77b4a35ec44c0cd9aadfe5a489e09dcf8bf4df59f3ca3ef7ac9e26,07a34e03efb405c9339a2d2f1d15fcc47d8f8bc51c25eecc453151f6d3d1485b
trackside-maintenance/0081,trackside-maintenance,train,1374590,33003,12295,669072,1386885,1407593,0.9680974837451968,0.9765535918408234,0.9911348093028621,,,,0.0,,,,,,,,,,0.9680974837451968,,0.6835172313226073,,,0.9207125711513986,0.9343498972334094,,eaf74d01f4f349885d90aff52c367596e2cba944e49a7b0feffd851b79a71ea1,e7d19f949be6c72d26980869fabb339acd375a65015bcc000bb7ea609efc0558,e1f4cb2aa4bc83bd0161dbf3ff758910f0bac4d649ef49bb285004a48dd9e054
trackside-maintenance/0082,trackside-maintenance,train,480915,93458,161780,1352807,642695,574373,0.6532813151613863,0.8372869198238775,0.7482787325247591,,,0.7393600946586611,,,,,,,,,,,0.6532813151613863,,,,,0.7624205806099854,0.008410009573449633,,65b79e130b09b882fa33f7676d2436a802b097d73fc606fa0428a40aa7592ed5,a63aebc4038689fc219bba17b9c67904c70eae12e7833a0e436e0aa12bdbfcaa,e32742c0ed6c7107a685208fca6c71c8a3a8eca098eeccad367c5a5f55feb8c1
trackside-maintenance/0083,trackside-maintenance,train,1592479,60614,4995,430872,1597474,1653093,0.9604309300833249,0.9633329764266136,0.9968731885464177,,,,,,,,0.0,,,,,,0.9604309300833249,,,,,0.9390547808735842,0.7098142479115862,,f93539c0825969b6f96f386dbaa98f06caadbcb1d80a39102a077ace90560d5e,eacd1a0cdf15d5e49563452c6d7003c31113591a4df0d81eaf61105edab0d64b,728e36112c7e261642eccf32ad4f76b9bceaf41a8c9324ab4e6be2dd28eef6e5
trackside-maintenance/0084,trackside-maintenance,train,1372644,39882,27105,649329,1399749,1412526,0.9534693265149194,0.9717654754673543,0.9806358139923658,,,0.0,,,,,,,,,,,0.9534693265149194,,,,,0.9230706057144563,0.8840041841284144,,78b655ec93b0e9575d9bf363a03233ad6e48a40c1e428e86125f919cccf38ced,ac028f7bcbe7ad92f61055bc538a75e3ad911ea17ef8513a38a275c9758c465e,1313097705a6d395ff03a92a1fe3ae2ab9013c2bd062ec6967df93f21c1fbada
trackside-maintenance/0085,trackside-maintenance,train,1323138,64100,3064,698658,1326202,1387238,0.9516910714362778,0.9537930766025728,0.9976896430558844,,,,0.0,,,,,,,,,,0.9516910714362778,,0.3292747485442033,,,0.9393098942041679,0.8927530584067163,,1fe7cf2ae2eef9be85f098226cc6e927e226f7e34a356079eaf30f81a5517c08,a964b223ce70c0ddfcfc63a7116d136b72dbabc8a5bfb3c71b4a8784a89ebc9f,01aab59901be0a34d6865c0ea14de07883ee44c9ea45ccdfb5b52faf40421b6c
trackside-maintenance/0086,trackside-maintenance,train,852105,129935,2262,1104658,854367,982040,0.86569467500828,0.867688688851778,0.9973524258310539,,,0.5678538175046555,0.0,,0.7828682045491209,,,,0.0,,0.0,,0.86569467500828,,0.9550225509053525,,,0.8946491879789976,0.813359299883028,,9db552632140a4fe745fdf61a0d0fa31fc4952af06addd32095a7c1372bb9d8a,48e0f42fd5470fdf74ebb3d8b15d9098a05ee9adf3541431ac1b7a9fa0e062d9,3a3bade7a5653815836aaf15d2f09f8be25b8309aaf7ef5d677417b6b96411ee
trackside-maintenance/0087,trackside-maintenance,train,1019911,127752,4394,936025,1024305,1147663,0.885295606033382,0.8886850930978868,0.9957102620801421,,,0.4059130013328487,0.12060301507537688,,0.3628640776699029,,,,0.0,,,,0.885295606033382,,0.9610433045215654,,,0.858854264017422,0.8237235922790472,,95207ac84f3acc3ff5c55764aa554bffc9f0a32f4cab08eaf951e2fe43877d51,587b26c9e34a988459b083e4db74f236062e3ecce661eb481c45f1084fd9f4af,649e5c478b89a3183b79c7cad39841d4fcda9633853ed339969dd961d71ad1f2
trackside-maintenance/0088,trackside-maintenance,train,1034257,32013,22144,1000546,1056401,1066270,0.9502422791327565,0.9699766475658136,0.9790382629323524,,,0.0,,,,,,,,,,,0.9502422791327565,,0.965484539950186,,,0.8632636590130186,0.9464324832802855,,d725e1c7a0e34cdd9a85ca766c2f77aae4456153fa89c7ec4ed4903841bcc25a,d8588ac0e324f990fbff92d6ef4ea35638073f169b1c3a29eb0f763ca8158eea,b37637024ce79c7bfb1db761e881635a36fb9d9df5bbaf08dccb570c6624a3c7
trackside-maintenance/0089,trackside-maintenance,train,1352978,98867,965,636150,1353943,1451845,0.9312835126410198,0.9319025102541938,0.9992872668938058,,,,,,,,,,,,,,0.9312835126410198,,0.3343717549325026,,,0.8891895394184727,0.8431337292369299,,0055dcf9f3b23337c4d0b8675c5c94dc530eabdf296e211580d8631bfde63237,3fa143f99bf6e20e136865aa3ed2add68b848b13c63f491d183a418d2b345cb3,ccfb4f1232b5330753c707c415400657b9ef120e0e46b9f68a5f502910dad9a4
trackside-maintenance/0090,trackside-maintenance,train,825972,64556,2969,1195449,828941,890528,0.9244261592372442,0.9275081749254375,0.9964183216899635,,,0.6775183455637092,0.0,,0.8545564107480347,,,,0.0,,0.0,,0.9244261592372442,,0.9679260485065446,,,0.8818277532112023,0.9084299534922098,,0a5483a0127931090560f2cb06532b9de62ff8978b5d2d75fc73f10c9e628fb9,bdacebbf7725f3ad965f05b99232ec789fc6dd5801ffb98aa2a88920ad1db2bc,fc9a81b5ca894d503a16b10703b8f4271eb54d9de98db0f5f2d36fa3e18c6df2
trackside-maintenance/0091,trackside-maintenance,train,1009353,80149,4805,994449,1014158,1089502,0.92236730643229,0.9264351969982616,0.99526207947874,,,0.0556340016944366,0.0,,,,,,,,,,0.92236730643229,,0.9501420989715849,,,0.903374686473385,0.8894204565145477,,140a0439c3c000cca0ab1e8fd90ed6598c8fdb0c15a7ebf645bf70366d6dd90b,fd9fcc64d607952b1ca4b32b253c900c3b6c42ae47ad9a118acf78aa6132ac62,36cc24a9e43705ff5aa9e4f6aeafcfb4bba978115f290270e19106c8d9f752ff
trackside-maintenance/0092,trackside-maintenance,train,1298713,22709,13889,753649,1312602,1321422,0.9725921526895233,0.9828147253489045,0.9894187270779718,,,0.0,,,,,,,,,,,0.9725921526895233,,,,,0.9457809443978765,0.9567645816787764,,b46f2ac36452a0a15ac8e7c69746492ff0b596b959f253d1612c3db9998b2895,ca30dbb08d9fb0e4fe8996fe88911e453cc3bca799282014ced559432b824f51,daec3ec426135717832d92b311701bd7cc8810f96fafb7363c1870a55fd7784e
trackside-maintenance/0093,trackside-maintenance,train,892032,60018,1790,1134689,893822,952050,0.935200872263692,0.9369591933196786,0.9979973641284282,,,0.5652364273204904,0.0,,0.5229875518672199,,,,0.0,,,,0.935200872263692,,0.9696465013722408,,,0.8870680688778458,0.9266302712335645,,6259e3456d036d7371c800562ffea682d470ccccfc442c166f67ae5f354b645f,84941b6b7aa17a3e2407d6f073b2b43d7c36ff43014f7ec679d58cf5431ed076,b13fb840473c2b91882df7d259ac92cb9684928becd7e23357b9941082783f9d
trackside-maintenance/0094,trackside-maintenance,train,1032936,63220,4576,987091,1037512,1096156,0.9384082592311298,0.9423257273599743,0.9955894486039679,,,,,,,,,,,,,,0.9384082592311298,,0.950733015649819,,,0.9098680391956024,0.9120257172233925,,e0ed8f532604e6e6555ff2fed40abf4191312f80d30033f9f5891f116ab17ef9,7e4ff407e211370343392cbcdbff2b1388d8e1979cda20ce09bf6f00dd9def79,0a8fcfc9ccb1ec200fd7899e133977af5f1790f14ed762cf15bb1a9e8182cf6f
trackside-maintenance/0095,trackside-maintenance,train,814281,64176,11998,1198505,826279,878457,0.9144549696503473,0.926944631325153,0.9854794809017293,,,0.6152989821882952,0.0,,0.9097807214970098,,,,0.0,,,,0.9144549696503473,,0.974888884559013,,,0.8653609362593355,0.896237360626756,,2c0673f9062a1f999a14ea9f32f3a730731ead900fcdf51751a187ad746dfc7b,e2149e1bb2a9cbc2acdbaf0b9ef76ebcda214853f1f5097dab8ec69174e4aad8,519ef3f8881b60efa32c97b48c2a67bf66a6294682c1496fdf5b7e9d37ee91b5
trackside-maintenance/0096,trackside-maintenance,train,390530,31947,16641,1649435,407171,422477,0.8893509261747412,0.9243816823164338,0.9591301934568032,,0.0,0.3717054922632205,0.0,,0.937863228723461,,,,0.0,,0.0,,0.8893509261747412,,0.9847825604144668,0.9635704449983441,,0.8237889631513574,0.9111591847719204,,4c21278ae3f78bf40f512492d07dff5fe47bcd04749b1b5bbb976b5f139f1b63,0bdeb500a31ea967c4b9b29ff432f98229b20b9b969b3a7a8efa595fe61979ce,38acdde8ca79579299feb924d27ec6eff98d107c030301fd38ec9ce275124a32
trackside-maintenance/0097,trackside-maintenance,train,1549895,28048,8900,262174,1558795,1577943,0.9767160330291025,0.9822249599636996,0.9942904615424094,,,0.0,0.0,,,,,,,,,,0.9767160330291025,,0.486088379705401,,,0.882700997527496,0.0,,069e56fc048051d80ef3d6c175598cb6a1df2596f82c85bd8075f4b88100565a,4dafdc7299c42b3fd729bc5fad69b105505ba91c31b992ed39c8524ab26e9327,75c90ce8d8f1ee703943331ed964adf83bb60608f124fb13f86cbc67b50984b8
trackside-maintenance/0098,trackside-maintenance,train,1651297,21358,85609,330696,1736906,1672655,0.9391632883344025,0.9872310787341083,0.9507117829059258,,,0.0,,,,,,,,,,,0.9391632883344025,,,,,0.9110120963359889,0.0,,fc04d89f6819407752a53d790ea973fc002344aa19eadc04b345225545c7ce53,50b458614c96f982cdd8a232cc68c34b8a13e26c9ea30e839f0bb3d3f75ed0bb,b609cca162d025bbe9959383ddf34b6391197dcc4d4a16dd0d945e69d7433e75
trackside-maintenance/0099,trackside-maintenance,train,1265766,102913,39120,681161,1304886,1368679,0.8991098871358767,0.9248085197478737,0.9700203695955049,,,0.0,0.0,,0.9442591710338256,,0.0,,,,,,0.8991098871358767,,0.9625517671977744,,,0.8481716039269864,0.10652564824093012,,34c0bbfd58571e1b86214468e7824979e09367e8aa452150512daa459ff8c186,0553959daf6ce869735cd945b60890b3ab439a1579cbc8fe572569200304aa26,98fff56d2158c0a0677739a7265bc48e4a292f71bc7d90fba0c5ca08dfd27bb4
trackside-maintenance/0100,trackside-maintenance,train,1044265,17094,93473,344689,1137738,1061359,0.9042570694265486,0.9838942337135691,0.9178431238123365,,,0.5724172352173119,,,,,,,,,,,0.9042570694265486,,,,,0.7280032367187763,0.8170144760559716,,295de469c85a2cbd063ed52a760230d5847fd6ca3ec792d4228e881a1fc88163,f5b03baa6b4d5ea3f09082ebe6520174de0c27be86a86a96401a87b00c959c4c,a856a419a5ab6dcde141e8cfb1c339ef5d6fa26d884be7b381751e05e1edb061
trackside-maintenance/0101,trackside-maintenance,train,416939,85158,18014,145889,434953,502097,0.8016346510648689,0.8303953220194504,0.9585840309182831,,,0.3682656826568266,,,,,,,,,,,0.8016346510648689,,0.609528257823447,,,0.8522232000670522,0.37806544162852657,,f18cd13f8be6e6da511d8cc5f6ff2f0e8e5ffa3cdc730d55f0752e075e4be9a7,2053724e9bccf33b2605685548994cd45b4e42ce9eed6263ab94fd76ac8b7402,c0bf3c5f04bbf9622f01d4397ed107687eb44b15c00376a15b97ce977ee7f2e8
trackside-maintenance/0102,trackside-maintenance,train,324771,56481,76425,1041580,401196,381252,0.7096074305678459,0.8518538919140096,0.809507073849191,,,0.6598618179750363,0.0,,,,0.0,,,0.8183909879256162,,,0.7096074305678459,0.0,0.8278001504624508,,0.24123912513212456,0.6911234567901234,0.5149669749651281,,d32849c8bde9dd413c6d0ab82ca84e62323fed3319cfb99825a11f91ac7baef3,16725b66e3177e4058bec98d44bcd85e2a17929f45e24c0a9596f58d4fc0420f,f1dc191245ac0ddd810d8d6e1e33bfd5dd628e4c7a17948d35c5e51bec95ece2
trackside-maintenance/0103,trackside-maintenance,train,548326,253065,235861,1051708,784187,801391,0.5286333504297894,0.6842178162719571,0.6992286278655474,,,0.5566680412044906,,,,,,,,,,,0.5286333504297894,,,,,0.8489321608040201,0.13988760415993798,,bcd725f20e45aba176964b9c6318633c2f7a70f7664784eb0dfc98abf0940141,832b0e6356d68f26976e3d7922d3b08c241fb1ce86ad33ae4f971af5515c330f,c550b1b124843daabe56f014d0920f90123155a64660447d0c7e7098c684258f
trackside-maintenance/0104,trackside-maintenance,train,122553,5660,11550,282638,134103,128213,0.8768629751794108,0.955854710520774,0.9138721728820385,,,0.0,,,,,,,,,,,0.8768629751794108,,0.9854702924459765,,,0.8996908435122601,0.8918454277673752,,8af545cd5a93e866ceeaf9e8b89657bd1753fb543ecfc98e2121144440cb5e5b,38d8338d1cf13856f69f9d6bf5678bbe6767d870b9c6d44089b654888be7a538,3c421be278d92e5d608215d740c3959aed89364a43d96d937ad9bf10a04ae1fd
trackside-maintenance/0105,trackside-maintenance,train,188277,42633,18501,537021,206778,230910,0.7548865126237415,0.8153696245290373,0.9105272321039956,,,0.32142288208493963,0.8253404746383833,,,,,0.9867345392302823,,,,,0.7548865126237415,,0.0,,,0.8706942824883854,0.870381413218137,,d1ad562afeae01ddb70bc66ae877af92f08918967c215ffefec2257c3ad76fa6,c81174649f12ca8f38a2a5768fc715389902ca51ae6140ec8217629ad50b6eb2,0fe14cc07352da7a45ce68d09405dd25847c5cb9f904663a9af9928b00e377af
vegetation-worksite/0262,vegetation-worksite,train,0,3513,0,2070087,0,3513,0.0,0.0,,,0.8479083094555874,0.8140264199866849,0.19109530234269595,,,0.0,0.0,,0.4163745892661555,,0.26472962066182404,,0.0,,0.9335150268735132,0.9924977375565611,,0.5122549019607843,0.9028129987369411,,54396730a7d632e6ac164891ed59aa4b248397c4bff8ad0524ee051361535740,ecc4df5204120b6d832dfe643f5cf2ece2d746710ad731c9c0b70f45d3c1a90e,f738d45e1fa53e739e9f70f659ec3b308a055df3fdfefe1df4a83931cc830edc
