phase,attempt_started_at,elapsed_seconds,device_used_mib,gpu_utilization_percent,board_power_w,temperature_c
training,2026-10-05T19:36:04.376264+00:00,0.38136476278305054,0.0,0.0,34.23,34.0
training,2026-10-05T19:36:04.376264+00:00,5.763342313468456,0.0,0.0,34.23,34.0
training,2026-10-05T19:36:04.376264+00:00,11.155588582158089,5905.0,0.0,119.13,35.0
training,2026-10-05T19:36:04.376264+00:00,16.560055196285248,8193.0,0.0,114.23,36.0
training,2026-10-05T19:36:04.376264+00:00,21.927807465195656,17469.0,94.0,283.43,45.0
training,2026-10-05T19:36:04.376264+00:00,27.302749648690224,17471.0,88.0,299.48,45.0
training,2026-10-05T19:36:04.376264+00:00,32.65235763788223,17471.0,78.0,288.85,50.0
training,2026-10-05T19:36:04.376264+00:00,38.039673276245594,17471.0,86.0,270.5,51.0
training,2026-10-05T19:36:04.376264+00:00,43.40468476712704,17471.0,89.0,273.01,51.0
training,2026-10-05T19:36:04.376264+00:00,48.83001608401537,17471.0,79.0,299.35,51.0
training,2026-10-05T19:36:04.376264+00:00,54.20983579009771,17471.0,95.0,278.46,54.0
training,2026-10-05T19:36:04.376264+00:00,59.657944068312645,17471.0,89.0,289.82,54.0
training,2026-10-05T19:36:04.376264+00:00,65.04915446043015,17471.0,91.0,278.55,55.0
training,2026-10-05T19:36:04.376264+00:00,70.42000960558653,17471.0,70.0,301.34,55.0
training,2026-10-05T19:36:04.376264+00:00,75.77594443410635,17471.0,91.0,276.61,56.0
training,2026-10-05T19:36:04.376264+00:00,81.14796777814627,17473.0,99.0,286.43,56.0
training,2026-10-05T19:36:04.376264+00:00,86.48730634152889,17473.0,74.0,293.47,57.0
training,2026-10-05T19:36:04.376264+00:00,91.82848105579615,17473.0,78.0,262.41,58.0
training,2026-10-05T19:36:04.376264+00:00,97.20688650757074,17473.0,93.0,277.21,58.0
training,2026-10-05T19:36:04.376264+00:00,102.61354069411755,17473.0,94.0,300.23,62.0
training,2026-10-05T19:36:04.376264+00:00,107.98021795600653,17473.0,96.0,300.54,62.0
training,2026-10-05T19:36:04.376264+00:00,113.38444070518017,17473.0,83.0,286.66,63.0
training,2026-10-05T19:36:04.376264+00:00,118.7471699938178,17473.0,94.0,285.5,62.0
training,2026-10-05T19:36:04.376264+00:00,124.14621871709824,17473.0,87.0,288.37,62.0
training,2026-10-05T19:36:04.376264+00:00,129.57825085520744,17473.0,94.0,269.37,62.0
training,2026-10-05T19:36:04.376264+00:00,134.91437882184982,17473.0,83.0,282.24,62.0
training,2026-10-05T19:36:04.376264+00:00,140.27844350785017,17473.0,94.0,292.45,64.0
training,2026-10-05T19:36:04.376264+00:00,145.65064525604248,17473.0,92.0,308.98,62.0
training,2026-10-05T19:36:04.376264+00:00,151.06352942436934,17473.0,81.0,279.35,65.0
training,2026-10-05T19:36:04.376264+00:00,156.4465182647109,17473.0,88.0,296.65,62.0
training,2026-10-05T19:36:04.376264+00:00,161.8140151128173,17473.0,99.0,289.82,63.0
training,2026-10-05T19:36:04.376264+00:00,167.21112763881683,17473.0,93.0,292.63,65.0
training,2026-10-05T19:36:04.376264+00:00,172.57659715414047,17473.0,85.0,284.58,65.0
training,2026-10-05T19:36:04.376264+00:00,177.97823378443718,17473.0,96.0,311.61,63.0
training,2026-10-05T19:36:04.376264+00:00,183.3955343440175,17473.0,95.0,320.36,62.0
training,2026-10-05T19:36:04.376264+00:00,188.7984828799963,17473.0,76.0,287.65,63.0
training,2026-10-05T19:36:04.376264+00:00,194.19191463291645,17473.0,80.0,270.03,64.0
training,2026-10-05T19:36:04.376264+00:00,199.6780121922493,17473.0,96.0,287.19,64.0
training,2026-10-05T19:36:04.376264+00:00,205.09348971396685,17473.0,93.0,296.67,64.0
training,2026-10-05T19:36:04.376264+00:00,210.50192411988974,17473.0,94.0,279.33,64.0
training,2026-10-05T19:36:04.376264+00:00,215.92966175824404,17473.0,0.0,265.47,59.0
training,2026-10-05T19:36:04.376264+00:00,221.28299540281296,17473.0,93.0,308.42,63.0
training,2026-10-05T19:36:04.376264+00:00,226.6633259356022,17473.0,90.0,284.19,63.0
training,2026-10-05T19:36:04.376264+00:00,231.96872963011265,17473.0,94.0,306.64,65.0
training,2026-10-05T19:36:04.376264+00:00,237.35830836743116,17473.0,98.0,280.51,63.0
training,2026-10-05T19:36:04.376264+00:00,242.75816402584314,17473.0,80.0,285.6,65.0
training,2026-10-05T19:36:04.376264+00:00,248.15655796974897,17473.0,95.0,279.71,63.0
training,2026-10-05T19:36:04.376264+00:00,253.55972849577665,17473.0,79.0,288.36,65.0
training,2026-10-05T19:36:04.376264+00:00,258.9581965133548,17473.0,80.0,283.25,64.0
training,2026-10-05T19:36:04.376264+00:00,264.3662366196513,17473.0,85.0,296.29,63.0
training,2026-10-05T19:36:04.376264+00:00,269.73742236196995,17473.0,54.0,259.36,59.0
training,2026-10-05T19:36:04.376264+00:00,275.10333313792944,17473.0,93.0,301.73,63.0
training,2026-10-05T19:36:04.376264+00:00,280.4999982044101,17473.0,90.0,286.93,63.0
training,2026-10-05T19:36:04.376264+00:00,285.90328823029995,17473.0,82.0,282.16,65.0
training,2026-10-05T19:36:04.376264+00:00,291.29670794308186,17473.0,85.0,306.56,63.0
training,2026-10-05T19:36:04.376264+00:00,296.62951355427504,17473.0,92.0,316.15,63.0
training,2026-10-05T19:36:04.376264+00:00,302.01813811063766,17473.0,91.0,292.99,65.0
training,2026-10-05T19:36:04.376264+00:00,307.40716003626585,17473.0,82.0,293.4,63.0
training,2026-10-05T19:36:04.376264+00:00,312.88733280450106,17473.0,94.0,313.83,63.0
training,2026-10-05T19:36:04.376264+00:00,318.31251698732376,17473.0,87.0,292.3,65.0
training,2026-10-05T19:36:04.376264+00:00,323.6549622043967,17473.0,0.0,267.65,59.0
training,2026-10-05T19:36:04.376264+00:00,329.0205285474658,17473.0,85.0,290.24,63.0
training,2026-10-05T19:36:04.376264+00:00,334.43489296734333,17473.0,95.0,285.94,64.0
training,2026-10-05T19:36:04.376264+00:00,339.83557868003845,17473.0,99.0,309.98,64.0
training,2026-10-05T19:36:04.376264+00:00,345.2201960980892,17473.0,97.0,274.9,66.0
training,2026-10-05T19:36:04.376264+00:00,350.61894703656435,17473.0,16.0,238.22,58.0
training,2026-10-05T19:36:04.376264+00:00,356.0349832251668,18805.0,91.0,289.67,65.0
training,2026-10-05T19:36:04.376264+00:00,361.39980778098106,18805.0,4.0,93.44,55.0
training,2026-10-05T19:36:04.376264+00:00,366.7868504598737,18805.0,0.0,90.46,53.0
training,2026-10-05T19:36:04.376264+00:00,372.16052225232124,18805.0,0.0,89.01,51.0
training,2026-10-05T19:36:04.376264+00:00,377.4843483120203,18805.0,0.0,88.41,49.0
training,2026-10-05T19:36:04.376264+00:00,382.8637436926365,18805.0,0.0,87.16,48.0
training,2026-10-05T19:36:04.376264+00:00,388.18263579905033,18805.0,0.0,86.27,46.0
training,2026-10-05T19:36:04.376264+00:00,393.5698270499706,18805.0,0.0,85.57,45.0
training,2026-10-05T19:36:04.376264+00:00,398.92181220650673,18805.0,90.0,262.49,55.0
training,2026-10-05T19:36:04.376264+00:00,404.30182033777237,18805.0,94.0,292.19,57.0
training,2026-10-05T19:36:04.376264+00:00,409.70184499770403,18805.0,94.0,282.61,54.0
training,2026-10-05T19:36:04.376264+00:00,415.1044226959348,18805.0,94.0,289.86,57.0
training,2026-10-05T19:36:04.376264+00:00,420.4964702576399,18805.0,92.0,275.56,56.0
training,2026-10-05T19:36:04.376264+00:00,425.8336342200637,18805.0,78.0,282.53,59.0
training,2026-10-05T19:36:04.376264+00:00,431.2392025142908,18805.0,94.0,283.85,57.0
training,2026-10-05T19:36:04.376264+00:00,436.6431153938174,18805.0,94.0,305.43,60.0
training,2026-10-05T19:36:04.376264+00:00,441.9894977360964,18805.0,87.0,297.73,61.0
training,2026-10-05T19:36:04.376264+00:00,447.35524117201567,18805.0,94.0,263.08,61.0
training,2026-10-05T19:36:04.376264+00:00,452.6977712661028,18805.0,85.0,275.19,59.0
training,2026-10-05T19:36:04.376264+00:00,458.0055136978626,18805.0,100.0,306.68,57.0
training,2026-10-05T19:36:04.376264+00:00,463.40268909931183,18805.0,77.0,278.7,62.0
training,2026-10-05T19:36:04.376264+00:00,468.77336313575506,18805.0,93.0,297.24,60.0
training,2026-10-05T19:36:04.376264+00:00,474.1583820357919,18805.0,94.0,291.37,61.0
training,2026-10-05T19:36:04.376264+00:00,479.54459861665964,18805.0,96.0,310.28,62.0
training,2026-10-05T19:36:04.376264+00:00,484.96288131177425,18805.0,94.0,286.91,62.0
training,2026-10-05T19:36:04.376264+00:00,490.3491418659687,18805.0,84.0,268.94,63.0
training,2026-10-05T19:36:04.376264+00:00,495.7137811332941,18805.0,94.0,307.08,62.0
training,2026-10-05T19:36:04.376264+00:00,501.115926399827,18805.0,88.0,293.8,64.0
training,2026-10-05T19:36:04.376264+00:00,506.4598848223686,18805.0,84.0,289.26,62.0
training,2026-10-05T19:36:04.376264+00:00,511.85454449802637,18805.0,83.0,244.47,62.0
training,2026-10-05T19:36:04.376264+00:00,517.1668265610933,18805.0,86.0,275.19,63.0
training,2026-10-05T19:36:04.376264+00:00,522.5241072103381,18805.0,91.0,293.95,64.0
training,2026-10-05T19:36:04.376264+00:00,527.8421994298697,18805.0,94.0,314.82,64.0
training,2026-10-05T19:36:04.376264+00:00,533.2044053450227,18805.0,94.0,281.96,63.0
training,2026-10-05T19:36:04.376264+00:00,538.6043703556061,18805.0,84.0,280.6,64.0
training,2026-10-05T19:36:04.376264+00:00,543.9635028392076,18805.0,77.0,287.23,61.0
training,2026-10-05T19:36:04.376264+00:00,549.3245636448264,18805.0,90.0,292.47,62.0
training,2026-10-05T19:36:04.376264+00:00,554.735180079937,18805.0,95.0,287.66,61.0
training,2026-10-05T19:36:04.376264+00:00,560.0962061062455,18805.0,93.0,296.7,64.0
training,2026-10-05T19:36:04.376264+00:00,565.467513166368,18805.0,92.0,244.79,62.0
training,2026-10-05T19:36:04.376264+00:00,570.8604133576155,18805.0,88.0,279.76,62.0
training,2026-10-05T19:36:04.376264+00:00,576.2252565100789,18805.0,85.0,292.51,63.0
training,2026-10-05T19:36:04.376264+00:00,581.5852110683918,18805.0,94.0,304.68,63.0
training,2026-10-05T19:36:04.376264+00:00,586.9520970061421,18805.0,90.0,311.2,64.0
training,2026-10-05T19:36:04.376264+00:00,592.2342111766338,18805.0,87.0,277.76,63.0
training,2026-10-05T19:36:04.376264+00:00,597.5649898201227,18805.0,77.0,283.51,63.0
training,2026-10-05T19:36:04.376264+00:00,602.8966978490353,18805.0,95.0,292.2,63.0
training,2026-10-05T19:36:04.376264+00:00,608.3035344034433,18805.0,94.0,301.15,65.0
training,2026-10-05T19:36:04.376264+00:00,613.6570752561092,18805.0,86.0,277.22,65.0
training,2026-10-05T19:36:04.376264+00:00,619.0209225043654,18805.0,81.0,257.75,64.0
training,2026-10-05T19:36:04.376264+00:00,624.3936628773808,18805.0,93.0,293.12,65.0
training,2026-10-05T19:36:04.376264+00:00,629.732454881072,18805.0,86.0,304.78,65.0
training,2026-10-05T19:36:04.376264+00:00,635.0695655345917,18805.0,95.0,306.08,65.0
training,2026-10-05T19:36:04.376264+00:00,640.454367429018,18805.0,96.0,285.42,64.0
training,2026-10-05T19:36:04.376264+00:00,645.8807025998831,18805.0,82.0,275.62,63.0
training,2026-10-05T19:36:04.376264+00:00,651.2387862131,18805.0,91.0,313.28,65.0
training,2026-10-05T19:36:04.376264+00:00,656.6165696904063,18805.0,85.0,284.36,64.0
training,2026-10-05T19:36:04.376264+00:00,661.975838854909,18805.0,94.0,294.82,66.0
training,2026-10-05T19:36:04.376264+00:00,667.3857700005174,18805.0,96.0,329.68,64.0
training,2026-10-05T19:36:04.376264+00:00,672.7809090614319,18805.0,81.0,248.98,64.0
training,2026-10-05T19:36:04.376264+00:00,678.1882685050368,18805.0,90.0,299.48,65.0
training,2026-10-05T19:36:04.376264+00:00,683.5488328486681,18805.0,83.0,286.68,63.0
training,2026-10-05T19:36:04.376264+00:00,688.9709900170565,18805.0,94.0,302.47,64.0
training,2026-10-05T19:36:04.376264+00:00,694.3508094847202,18805.0,99.0,275.21,65.0
training,2026-10-05T19:36:04.376264+00:00,699.7992032840848,18805.0,94.0,285.51,65.0
training,2026-10-05T19:36:04.376264+00:00,705.1584442406893,18805.0,4.0,93.85,56.0
training,2026-10-05T19:36:04.376264+00:00,710.5388476997614,18805.0,0.0,90.45,53.0
training,2026-10-05T19:36:04.376264+00:00,715.9520365446806,18805.0,0.0,89.04,51.0
training,2026-10-05T19:36:04.376264+00:00,721.4239353835583,18805.0,0.0,87.71,49.0
training,2026-10-05T19:36:04.376264+00:00,726.847384788096,18805.0,0.0,86.87,48.0
training,2026-10-05T19:36:04.376264+00:00,732.1765816882253,18805.0,0.0,85.36,46.0
training,2026-10-05T19:36:04.376264+00:00,737.553411513567,18805.0,0.0,85.45,45.0
training,2026-10-05T19:36:04.376264+00:00,742.9371360689402,18805.0,0.0,84.37,44.0
training,2026-10-05T19:36:04.376264+00:00,748.4022182151675,18805.0,78.0,288.68,54.0
training,2026-10-05T19:36:04.376264+00:00,753.8073033243418,18805.0,83.0,299.08,53.0
training,2026-10-05T19:36:04.376264+00:00,759.2361112982035,18805.0,82.0,275.66,56.0
training,2026-10-05T19:36:04.376264+00:00,764.6306328848004,18805.0,94.0,296.1,57.0
training,2026-10-05T19:36:04.376264+00:00,770.0664022415876,18805.0,98.0,299.98,57.0
training,2026-10-05T19:36:04.376264+00:00,775.4160926640034,18805.0,86.0,304.61,57.0
training,2026-10-05T19:36:04.376264+00:00,780.757692322135,18805.0,3.0,87.92,48.0
training,2026-10-05T19:36:04.376264+00:00,786.1424929574132,18805.0,0.0,86.03,47.0
training,2026-10-05T19:36:04.376264+00:00,791.5264458432794,18805.0,0.0,84.61,45.0
training,2026-10-05T19:36:04.376264+00:00,796.8559779673815,18805.0,0.0,83.64,44.0
training,2026-10-05T19:36:04.376264+00:00,802.1631414219737,18805.0,0.0,82.94,43.0
training,2026-10-05T19:36:04.376264+00:00,807.5772407278419,18805.0,0.0,83.16,42.0
training,2026-10-05T19:36:04.376264+00:00,812.9663488790393,18805.0,0.0,82.35,41.0
training,2026-10-05T19:36:04.376264+00:00,818.3813566938043,18805.0,0.0,82.11,41.0
training,2026-10-05T19:36:04.376264+00:00,823.7467110231519,18805.0,0.0,81.65,40.0
training,2026-10-05T19:36:04.376264+00:00,829.2060753554106,18805.0,81.0,293.73,50.0
training,2026-10-05T19:36:04.376264+00:00,834.6351722702384,18805.0,92.0,271.07,52.0
training,2026-10-05T19:36:04.376264+00:00,840.0423846170306,18805.0,80.0,269.85,53.0
training,2026-10-05T19:36:04.376264+00:00,845.4659172222018,18805.0,81.0,284.33,52.0
training,2026-10-05T19:36:04.376264+00:00,850.8557843118906,18805.0,94.0,312.35,54.0
training,2026-10-05T19:36:04.376264+00:00,856.2523386254907,18805.0,85.0,275.71,57.0
training,2026-10-05T19:36:04.376264+00:00,861.6537394523621,18805.0,100.0,291.77,57.0
training,2026-10-05T19:36:04.376264+00:00,866.9880694821477,18805.0,94.0,280.74,56.0
training,2026-10-05T19:36:04.376264+00:00,872.3528499156237,18805.0,87.0,272.77,59.0
training,2026-10-05T19:36:04.376264+00:00,877.7707468643785,18805.0,95.0,307.42,59.0
training,2026-10-05T19:36:04.376264+00:00,883.1402315571904,18805.0,99.0,306.64,60.0
training,2026-10-05T19:36:04.376264+00:00,888.487895168364,18805.0,99.0,284.28,58.0
training,2026-10-05T19:36:04.376264+00:00,893.938939884305,18805.0,96.0,275.85,58.0
training,2026-10-05T19:36:04.376264+00:00,899.3776355981827,18805.0,95.0,274.12,59.0
training,2026-10-05T19:36:04.376264+00:00,904.7750932052732,18805.0,94.0,283.25,58.0
training,2026-10-05T19:36:04.376264+00:00,910.1456685885787,18805.0,84.0,278.77,62.0
training,2026-10-05T19:36:04.376264+00:00,915.5399217605591,18805.0,94.0,304.64,60.0
training,2026-10-05T19:36:04.376264+00:00,920.8764052540064,18805.0,90.0,275.89,60.0
training,2026-10-05T19:36:04.376264+00:00,926.2496648281813,18805.0,91.0,291.16,63.0
training,2026-10-05T19:36:04.376264+00:00,931.692315146327,18805.0,0.0,276.19,57.0
training,2026-10-05T19:36:04.376264+00:00,937.1043947413564,18805.0,94.0,291.42,64.0
training,2026-10-05T19:36:04.376264+00:00,942.5117375925183,18805.0,94.0,294.42,61.0
training,2026-10-05T19:36:04.376264+00:00,947.8544039726257,18805.0,98.0,301.49,63.0
training,2026-10-05T19:36:04.376264+00:00,953.2580937370658,18805.0,78.0,264.1,63.0
training,2026-10-05T19:36:04.376264+00:00,958.6223520711064,18805.0,86.0,278.29,63.0
training,2026-10-05T19:36:04.376264+00:00,963.9741980358958,18805.0,95.0,311.38,62.0
training,2026-10-05T19:36:04.376264+00:00,969.3924067094922,18805.0,89.0,296.18,63.0
training,2026-10-05T19:36:04.376264+00:00,974.8002131059766,18805.0,80.0,292.07,63.0
training,2026-10-05T19:36:04.376264+00:00,980.1904442831874,18805.0,88.0,299.19,62.0
training,2026-10-05T19:36:04.376264+00:00,985.5023630410433,18805.0,0.0,226.0,58.0
training,2026-10-05T19:36:04.376264+00:00,990.9377539381385,18805.0,96.0,302.16,63.0
training,2026-10-05T19:36:04.376264+00:00,996.3262827247381,18805.0,90.0,305.31,65.0
training,2026-10-05T19:36:04.376264+00:00,1001.7890098169446,18805.0,88.0,295.39,64.0
training,2026-10-05T19:36:04.376264+00:00,1007.1192987561226,18805.0,94.0,295.79,64.0
training,2026-10-05T19:36:04.376264+00:00,1012.513814046979,18805.0,83.0,299.71,62.0
training,2026-10-05T19:36:04.376264+00:00,1017.8770795986056,18805.0,95.0,296.2,63.0
training,2026-10-05T19:36:04.376264+00:00,1023.2100459486246,18805.0,94.0,308.46,64.0
training,2026-10-05T19:36:04.376264+00:00,1028.6107841208577,18805.0,80.0,318.96,65.0
training,2026-10-05T19:36:04.376264+00:00,1033.907094269991,18805.0,86.0,289.34,65.0
training,2026-10-05T19:36:04.376264+00:00,1039.2570215165615,18805.0,96.0,253.63,62.0
training,2026-10-05T19:36:04.376264+00:00,1044.626279592514,18805.0,77.0,294.13,62.0
training,2026-10-05T19:36:04.376264+00:00,1049.9957115873694,18805.0,94.0,287.15,63.0
training,2026-10-05T19:36:04.376264+00:00,1055.4440634846687,18805.0,94.0,287.84,65.0
training,2026-10-05T19:36:04.376264+00:00,1060.8226260095835,18805.0,93.0,268.29,65.0
training,2026-10-05T19:36:04.376264+00:00,1066.1967272087932,18805.0,95.0,296.59,65.0
training,2026-10-05T19:36:04.376264+00:00,1071.5830626785755,18805.0,94.0,297.34,63.0
training,2026-10-05T19:36:04.376264+00:00,1076.96612162143,18805.0,91.0,294.18,65.0
training,2026-10-05T19:36:04.376264+00:00,1082.3364667892456,18805.0,84.0,275.03,63.0
training,2026-10-05T19:36:04.376264+00:00,1087.8126044943929,18805.0,94.0,298.15,63.0
training,2026-10-05T19:36:04.376264+00:00,1093.147271193564,18805.0,85.0,256.08,65.0
training,2026-10-05T19:36:04.376264+00:00,1098.5523412525654,18805.0,89.0,311.57,63.0
training,2026-10-05T19:36:04.376264+00:00,1103.9864510446787,18805.0,82.0,284.1,65.0
training,2026-10-05T19:36:04.376264+00:00,1109.3805957436562,18805.0,99.0,277.12,65.0
training,2026-10-05T19:36:04.376264+00:00,1114.789778240025,18805.0,93.0,297.02,64.0
training,2026-10-05T19:36:04.376264+00:00,1120.2333748191595,18805.0,95.0,278.12,65.0
training,2026-10-05T19:36:04.376264+00:00,1125.7037693709135,18805.0,84.0,293.11,65.0
training,2026-10-05T19:36:04.376264+00:00,1131.1127299815416,18805.0,81.0,310.11,65.0
training,2026-10-05T19:36:04.376264+00:00,1136.4991728812456,18805.0,90.0,291.92,65.0
training,2026-10-05T19:36:04.376264+00:00,1141.8430073931813,18805.0,81.0,293.81,64.0
training,2026-10-05T19:36:04.376264+00:00,1147.1949598193169,18805.0,81.0,280.11,64.0
training,2026-10-05T19:36:04.376264+00:00,1152.6047038137913,18805.0,85.0,284.61,63.0
training,2026-10-05T19:36:04.376264+00:00,1157.9486862644553,18805.0,99.0,271.57,63.0
training,2026-10-05T19:36:04.376264+00:00,1163.249412022531,18805.0,87.0,298.89,64.0
training,2026-10-05T19:36:04.376264+00:00,1168.6016442477703,18805.0,2.0,92.26,54.0
training,2026-10-05T19:36:04.376264+00:00,1173.9856969118118,18805.0,0.0,89.16,52.0
training,2026-10-05T19:36:04.376264+00:00,1179.3384584486485,18805.0,0.0,88.29,50.0
training,2026-10-05T19:36:04.376264+00:00,1184.6636389046907,18805.0,0.0,87.04,49.0
training,2026-10-05T19:36:04.376264+00:00,1190.060689844191,18805.0,0.0,86.44,47.0
training,2026-10-05T19:36:04.376264+00:00,1195.456586547196,18805.0,0.0,85.71,46.0
training,2026-10-05T19:36:04.376264+00:00,1200.8076977282763,18805.0,0.0,85.07,45.0
training,2026-10-05T19:36:04.376264+00:00,1206.242168955505,18805.0,0.0,84.44,44.0
training,2026-10-05T19:36:04.376264+00:00,1211.5532596483827,18805.0,0.0,84.2,43.0
training,2026-10-05T19:36:04.376264+00:00,1216.8631740435958,18805.0,0.0,83.96,43.0
training,2026-10-05T19:36:04.376264+00:00,1222.2597046792507,18805.0,81.0,251.16,52.0
training,2026-10-05T19:36:04.376264+00:00,1227.650137923658,18805.0,88.0,227.89,54.0
training,2026-10-05T19:36:04.376264+00:00,1232.9917840659618,18805.0,96.0,267.14,56.0
training,2026-10-05T19:36:04.376264+00:00,1238.3378609344363,18805.0,90.0,272.39,58.0
training,2026-10-05T19:36:04.376264+00:00,1243.718924306333,18805.0,99.0,297.9,61.0
training,2026-10-05T19:36:04.376264+00:00,1249.0492236241698,18805.0,96.0,297.16,60.0
training,2026-10-05T19:36:04.376264+00:00,1254.4481923356652,18805.0,84.0,293.16,62.0
training,2026-10-05T19:36:04.376264+00:00,1259.7923997044563,18805.0,95.0,290.19,61.0
training,2026-10-05T19:36:04.376264+00:00,1265.1548768132925,18805.0,98.0,287.64,64.0
training,2026-10-05T19:36:04.376264+00:00,1270.5218659862876,18805.0,92.0,315.8,65.0
training,2026-10-05T19:36:04.376264+00:00,1275.9302597641945,18805.0,93.0,298.8,65.0
training,2026-10-05T19:36:04.376264+00:00,1281.3391965404153,18805.0,83.0,245.91,63.0
training,2026-10-05T19:36:04.376264+00:00,1286.7713289633393,18805.0,94.0,300.99,65.0
training,2026-10-05T19:36:04.376264+00:00,1292.1362722441554,18805.0,72.0,279.58,65.0
training,2026-10-05T19:36:04.376264+00:00,1297.574117206037,18805.0,89.0,295.69,67.0
training,2026-10-05T19:36:04.376264+00:00,1302.9766175672412,18805.0,94.0,260.42,67.0
training,2026-10-05T19:36:04.376264+00:00,1308.3766593560576,18805.0,94.0,276.64,67.0
training,2026-10-05T19:36:04.376264+00:00,1313.7113126590848,18805.0,95.0,301.81,64.0
training,2026-10-05T19:36:04.376264+00:00,1319.0743652582169,18805.0,84.0,287.63,66.0
training,2026-10-05T19:36:04.376264+00:00,1324.4842616692185,18805.0,95.0,298.95,66.0
training,2026-10-05T19:36:04.376264+00:00,1329.8648901060224,18805.0,78.0,296.17,68.0
training,2026-10-05T19:36:04.376264+00:00,1335.1986834779382,18805.0,81.0,255.59,65.0
training,2026-10-05T19:36:04.376264+00:00,1340.5733591541648,18805.0,87.0,267.48,68.0
training,2026-10-05T19:36:04.376264+00:00,1345.989428691566,18805.0,74.0,294.55,65.0
training,2026-10-05T19:36:04.376264+00:00,1351.3859045132995,18805.0,95.0,288.81,67.0
training,2026-10-05T19:36:04.376264+00:00,1356.759270593524,18805.0,93.0,314.09,66.0
training,2026-10-05T19:36:04.376264+00:00,1362.1967236548662,18805.0,93.0,311.84,67.0
training,2026-10-05T19:36:04.376264+00:00,1367.5879643410444,18805.0,91.0,291.15,67.0
training,2026-10-05T19:36:04.376264+00:00,1373.0668926611543,18805.0,95.0,294.95,68.0
training,2026-10-05T19:36:04.376264+00:00,1378.4731491878629,18805.0,96.0,278.48,68.0
training,2026-10-05T19:36:04.376264+00:00,1383.820732936263,18805.0,95.0,283.09,65.0
training,2026-10-05T19:36:04.376264+00:00,1389.2065724730492,18805.0,94.0,248.01,65.0
training,2026-10-05T19:36:04.376264+00:00,1394.5637998729944,18805.0,93.0,301.15,66.0
training,2026-10-05T19:36:04.376264+00:00,1399.9222270697355,18805.0,88.0,272.03,66.0
training,2026-10-05T19:36:04.376264+00:00,1405.3078110814095,18805.0,80.0,263.02,66.0
training,2026-10-05T19:36:04.376264+00:00,1410.7069241851568,18805.0,95.0,300.16,65.0
training,2026-10-05T19:36:04.376264+00:00,1416.0850596651435,18805.0,99.0,301.7,67.0
training,2026-10-05T19:36:04.376264+00:00,1421.4637327194214,18805.0,94.0,320.54,66.0
training,2026-10-05T19:36:04.376264+00:00,1426.8752644434571,18805.0,90.0,305.65,65.0
training,2026-10-05T19:36:04.376264+00:00,1432.311146877706,18805.0,69.0,299.49,65.0
training,2026-10-05T19:36:04.376264+00:00,1437.7028208822012,18805.0,94.0,276.15,66.0
training,2026-10-05T19:36:04.376264+00:00,1443.13032053411,18805.0,91.0,250.6,66.0
training,2026-10-05T19:36:04.376264+00:00,1448.5822576582432,18805.0,77.0,308.6,64.0
training,2026-10-05T19:36:04.376264+00:00,1453.987407170236,18805.0,83.0,295.1,66.0
training,2026-10-05T19:36:04.376264+00:00,1459.3351462036371,18805.0,94.0,314.26,67.0
training,2026-10-05T19:36:04.376264+00:00,1464.743927411735,18805.0,95.0,308.26,65.0
training,2026-10-05T19:36:04.376264+00:00,1470.0982080996037,18805.0,95.0,305.93,67.0
training,2026-10-05T19:36:04.376264+00:00,1475.557957328856,18805.0,88.0,295.01,67.0
training,2026-10-05T19:36:04.376264+00:00,1480.9831163361669,18805.0,96.0,316.39,65.0
training,2026-10-05T19:36:04.376264+00:00,1486.3424612805247,18805.0,95.0,277.4,65.0
training,2026-10-05T19:36:04.376264+00:00,1491.7350503727794,18805.0,86.0,294.39,66.0
training,2026-10-05T19:36:04.376264+00:00,1497.0663901120424,18805.0,94.0,255.82,66.0
training,2026-10-05T19:36:04.376264+00:00,1502.4069661349058,18805.0,88.0,285.15,67.0
training,2026-10-05T19:36:04.376264+00:00,1507.7870882675052,18805.0,3.0,94.08,57.0
training,2026-10-05T19:36:04.376264+00:00,1513.144771695137,18805.0,0.0,91.24,54.0
training,2026-10-05T19:36:04.376264+00:00,1518.5730588883162,18805.0,0.0,89.76,52.0
training,2026-10-05T19:36:04.376264+00:00,1523.939491264522,18805.0,0.0,88.8,50.0
training,2026-10-05T19:36:04.376264+00:00,1529.250715918839,18805.0,0.0,86.97,49.0
training,2026-10-05T19:36:04.376264+00:00,1534.5713478699327,18805.0,0.0,85.96,47.0
training,2026-10-05T19:36:04.376264+00:00,1539.948156028986,18805.0,0.0,85.96,46.0
training,2026-10-05T19:36:04.376264+00:00,1545.356315895915,18805.0,81.0,200.65,54.0
training,2026-10-05T19:36:04.376264+00:00,1550.6813003867865,18805.0,78.0,260.4,54.0
training,2026-10-05T19:36:04.376264+00:00,1556.1075444594026,18805.0,94.0,275.14,56.0
training,2026-10-05T19:36:04.376264+00:00,1561.441395536065,18805.0,92.0,284.0,56.0
training,2026-10-05T19:36:04.376264+00:00,1566.835272245109,18805.0,99.0,280.19,58.0
training,2026-10-05T19:36:04.376264+00:00,1572.2548317685723,18805.0,98.0,309.08,60.0
training,2026-10-05T19:36:04.376264+00:00,1577.6572442948818,18805.0,81.0,294.5,58.0
training,2026-10-05T19:36:04.376264+00:00,1583.0367539152503,18805.0,95.0,293.5,58.0
training,2026-10-05T19:36:04.376264+00:00,1588.528102055192,18805.0,89.0,283.53,61.0
training,2026-10-05T19:36:04.376264+00:00,1593.9421417862177,18805.0,80.0,275.59,58.0
training,2026-10-05T19:36:04.376264+00:00,1599.3858445212245,18805.0,90.0,269.26,58.0
training,2026-10-05T19:36:04.376264+00:00,1604.7605846449733,18805.0,4.0,89.43,50.0
training,2026-10-05T19:36:04.376264+00:00,1610.0924739912152,18805.0,0.0,86.54,49.0
training,2026-10-05T19:36:04.376264+00:00,1615.4635960236192,18805.0,0.0,86.15,47.0
training,2026-10-05T19:36:04.376264+00:00,1620.8341452628374,18805.0,0.0,84.46,45.0
training,2026-10-05T19:36:04.376264+00:00,1626.2163285687566,18805.0,0.0,83.33,44.0
training,2026-10-05T19:36:04.376264+00:00,1631.595016092062,18805.0,0.0,84.05,43.0
training,2026-10-05T19:36:04.376264+00:00,1636.9755162969232,18805.0,0.0,82.92,42.0
training,2026-10-05T19:36:04.376264+00:00,1642.3767440915108,18805.0,99.0,100.37,46.0
training,2026-10-05T19:36:04.376264+00:00,1647.7850525602698,18805.0,94.0,247.7,52.0
training,2026-10-05T19:36:04.376264+00:00,1653.1762500032783,18805.0,95.0,286.58,52.0
training,2026-10-05T19:36:04.376264+00:00,1658.606695830822,18805.0,13.0,258.63,49.0
training,2026-10-05T19:36:04.376264+00:00,1663.9352129548788,18805.0,93.0,273.45,56.0
training,2026-10-05T19:36:04.376264+00:00,1669.2806271612644,18805.0,78.0,313.7,57.0
training,2026-10-05T19:36:04.376264+00:00,1674.6795393675566,18805.0,93.0,273.8,58.0
training,2026-10-05T19:36:04.376264+00:00,1680.0128346458077,18805.0,80.0,295.95,58.0
training,2026-10-05T19:36:04.376264+00:00,1685.3925719186664,18805.0,58.0,283.57,55.0
training,2026-10-05T19:36:04.376264+00:00,1690.7933147475123,18805.0,94.0,301.12,58.0
training,2026-10-05T19:36:04.376264+00:00,1696.2274057343602,18805.0,82.0,290.07,59.0
training,2026-10-05T19:36:04.376264+00:00,1701.636548243463,18805.0,94.0,287.75,61.0
training,2026-10-05T19:36:04.376264+00:00,1707.0321816578507,18805.0,95.0,274.67,60.0
training,2026-10-05T19:36:04.376264+00:00,1712.3653519526124,18805.0,84.0,268.88,57.0
training,2026-10-05T19:36:04.376264+00:00,1717.7482204511762,18805.0,97.0,283.04,61.0
training,2026-10-05T19:36:04.376264+00:00,1723.1341499313712,18805.0,86.0,282.46,61.0
training,2026-10-05T19:36:04.376264+00:00,1728.5628007724881,18805.0,92.0,293.23,61.0
training,2026-10-05T19:36:04.376264+00:00,1734.0173533409834,18805.0,92.0,286.12,61.0
training,2026-10-05T19:36:04.376264+00:00,1739.437531799078,18805.0,85.0,284.7,62.0
training,2026-10-05T19:36:04.376264+00:00,1744.8416090086102,18805.0,83.0,290.04,62.0
training,2026-10-05T19:36:04.376264+00:00,1750.2698228806257,18805.0,94.0,312.97,61.0
training,2026-10-05T19:36:04.376264+00:00,1755.64052452147,18805.0,93.0,298.86,64.0
training,2026-10-05T19:36:04.376264+00:00,1760.9811886250973,18805.0,94.0,286.5,63.0
training,2026-10-05T19:36:04.376264+00:00,1766.4322825670242,18805.0,83.0,256.79,64.0
training,2026-10-05T19:36:04.376264+00:00,1771.9296921417117,18805.0,95.0,284.23,64.0
training,2026-10-05T19:36:04.376264+00:00,1777.2742839083076,18805.0,94.0,306.5,63.0
training,2026-10-05T19:36:04.376264+00:00,1782.725012384355,18805.0,95.0,299.33,63.0
training,2026-10-05T19:36:04.376264+00:00,1788.134348012507,18805.0,93.0,300.14,64.0
training,2026-10-05T19:36:04.376264+00:00,1793.6311080232263,18805.0,96.0,297.62,63.0
training,2026-10-05T19:36:04.376264+00:00,1799.009881041944,18805.0,79.0,303.77,65.0
training,2026-10-05T19:36:04.376264+00:00,1804.4443217366934,18805.0,95.0,309.39,64.0
training,2026-10-05T19:36:04.376264+00:00,1809.8200149461627,18805.0,79.0,281.06,65.0
training,2026-10-05T19:36:04.376264+00:00,1815.2500525712967,18805.0,80.0,295.45,65.0
training,2026-10-05T19:36:04.376264+00:00,1820.6014524698257,18805.0,96.0,282.62,63.0
training,2026-10-05T19:36:04.376264+00:00,1826.001546241343,18805.0,94.0,303.62,65.0
training,2026-10-05T19:36:04.376264+00:00,1831.3543601557612,18805.0,96.0,284.94,65.0
training,2026-10-05T19:36:04.376264+00:00,1836.739200554788,18805.0,94.0,296.52,63.0
training,2026-10-05T19:36:04.376264+00:00,1842.104436904192,18805.0,95.0,315.49,65.0
training,2026-10-05T19:36:04.376264+00:00,1847.460130572319,18805.0,88.0,292.09,64.0
training,2026-10-05T19:36:04.376264+00:00,1852.8945610448718,18805.0,82.0,286.55,65.0
training,2026-10-05T19:36:04.376264+00:00,1858.3757983222604,18805.0,93.0,312.03,63.0
training,2026-10-05T19:36:04.376264+00:00,1863.8072635158896,18805.0,94.0,295.0,64.0
training,2026-10-05T19:36:04.376264+00:00,1869.2015235349536,18805.0,95.0,302.68,64.0
training,2026-10-05T19:36:04.376264+00:00,1874.5998203530908,18805.0,95.0,279.97,63.0
training,2026-10-05T19:36:04.376264+00:00,1880.0556241050363,18805.0,94.0,294.54,64.0
training,2026-10-05T19:36:04.376264+00:00,1885.4531072378159,18805.0,89.0,301.36,63.0
training,2026-10-05T19:36:04.376264+00:00,1890.8892328962684,18805.0,91.0,309.45,66.0
training,2026-10-05T19:36:04.376264+00:00,1896.2122465446591,18805.0,98.0,301.34,64.0
training,2026-10-05T19:36:04.376264+00:00,1901.6027417853475,18805.0,95.0,285.2,65.0
training,2026-10-05T19:36:04.376264+00:00,1906.9103441089392,18805.0,97.0,305.62,66.0
training,2026-10-05T19:36:04.376264+00:00,1912.300455532968,18805.0,91.0,287.08,66.0
training,2026-10-05T19:36:04.376264+00:00,1917.6651413813233,18805.0,94.0,306.46,65.0
training,2026-10-05T19:36:04.376264+00:00,1923.0886439308524,18805.0,80.0,299.71,66.0
training,2026-10-05T19:36:04.376264+00:00,1928.5134250074625,18805.0,96.0,304.56,65.0
training,2026-10-05T19:36:04.376264+00:00,1933.9125019311905,18805.0,91.0,286.09,66.0
training,2026-10-05T19:36:04.376264+00:00,1939.288283161819,18805.0,82.0,291.08,63.0
training,2026-10-05T19:36:04.376264+00:00,1944.6439452022314,18805.0,89.0,263.73,62.0
training,2026-10-05T19:36:04.376264+00:00,1949.9867797270417,18805.0,94.0,289.26,65.0
training,2026-10-05T19:36:04.376264+00:00,1955.3960641250014,18805.0,88.0,291.04,64.0
training,2026-10-05T19:36:04.376264+00:00,1960.7775217369199,18805.0,92.0,293.63,64.0
training,2026-10-05T19:36:04.376264+00:00,1966.155186317861,18805.0,95.0,302.11,65.0
training,2026-10-05T19:36:04.376264+00:00,1971.5683949142694,18805.0,100.0,290.41,65.0
training,2026-10-05T19:36:04.376264+00:00,1976.9262139946222,18805.0,67.0,304.93,65.0
training,2026-10-05T19:36:04.376264+00:00,1982.3503535017371,18805.0,4.0,134.38,58.0
training,2026-10-05T19:36:04.376264+00:00,1988.094593204558,18805.0,0.0,91.32,54.0
training,2026-10-05T19:36:04.376264+00:00,1993.4647328034043,18805.0,0.0,89.39,53.0
training,2026-10-05T19:36:04.376264+00:00,1998.840643182397,18805.0,0.0,88.55,51.0
training,2026-10-05T19:36:04.376264+00:00,2004.2771524488926,18805.0,0.0,87.76,49.0
training,2026-10-05T19:36:04.376264+00:00,2009.694246970117,18805.0,0.0,86.74,48.0
training,2026-10-05T19:36:04.376264+00:00,2015.0894058346748,18805.0,0.0,85.35,46.0
training,2026-10-05T19:36:04.376264+00:00,2020.4389568939805,18805.0,0.0,84.51,45.0
training,2026-10-05T19:36:04.376264+00:00,2025.8312132805586,18805.0,95.0,179.35,53.0
training,2026-10-05T19:36:04.376264+00:00,2031.2019586861134,18805.0,95.0,302.33,54.0
training,2026-10-05T19:36:04.376264+00:00,2036.5389998853207,18805.0,82.0,284.9,57.0
training,2026-10-05T19:36:04.376264+00:00,2041.9022281318903,18805.0,82.0,279.15,57.0
training,2026-10-05T19:36:04.376264+00:00,2047.3165693581104,18805.0,79.0,306.45,57.0
training,2026-10-05T19:36:04.376264+00:00,2052.750787757337,18805.0,88.0,284.39,59.0
training,2026-10-05T19:36:04.376264+00:00,2058.098721586168,18805.0,92.0,286.25,58.0
training,2026-10-05T19:36:04.376264+00:00,2063.470099814236,18805.0,94.0,289.41,59.0
training,2026-10-05T19:36:04.376264+00:00,2068.8108754083514,18805.0,93.0,257.0,60.0
training,2026-10-05T19:36:04.376264+00:00,2074.193054713309,18805.0,91.0,291.88,62.0
training,2026-10-05T19:36:04.376264+00:00,2079.59881991148,18805.0,95.0,278.96,59.0
training,2026-10-05T19:36:04.376264+00:00,2084.9948660731316,18805.0,94.0,298.81,62.0
training,2026-10-05T19:36:04.376264+00:00,2090.4137419462204,18805.0,95.0,270.7,61.0
training,2026-10-05T19:36:04.376264+00:00,2095.828865416348,18805.0,97.0,309.14,62.0
training,2026-10-05T19:36:04.376264+00:00,2101.253162905574,18805.0,86.0,296.71,60.0
training,2026-10-05T19:36:04.376264+00:00,2106.6789431869984,18805.0,78.0,311.65,63.0
training,2026-10-05T19:36:04.376264+00:00,2112.0756243169308,18805.0,82.0,304.6,61.0
training,2026-10-05T19:36:04.376264+00:00,2117.4990648701787,18805.0,95.0,292.48,61.0
training,2026-10-05T19:36:04.376264+00:00,2122.84124071151,18805.0,84.0,275.91,63.0
training,2026-10-05T19:36:04.376264+00:00,2128.1590825021267,18805.0,85.0,281.18,62.0
training,2026-10-05T19:36:04.376264+00:00,2133.5735086873174,18805.0,80.0,294.2,61.0
training,2026-10-05T19:36:04.376264+00:00,2139.009334295988,18805.0,99.0,279.71,63.0
training,2026-10-05T19:36:04.376264+00:00,2144.41134121269,18805.0,87.0,281.25,64.0
training,2026-10-05T19:36:04.376264+00:00,2149.7929486110806,18805.0,94.0,295.25,62.0
training,2026-10-05T19:36:04.376264+00:00,2155.2442607209086,18805.0,94.0,277.55,63.0
training,2026-10-05T19:36:04.376264+00:00,2160.691907003522,18805.0,73.0,254.09,62.0
training,2026-10-05T19:36:04.376264+00:00,2166.0729453340173,18805.0,94.0,310.63,63.0
training,2026-10-05T19:36:04.376264+00:00,2171.4888927415013,18805.0,96.0,276.12,63.0
training,2026-10-05T19:36:04.376264+00:00,2176.9326488003135,18805.0,94.0,279.45,63.0
training,2026-10-05T19:36:04.376264+00:00,2182.322669789195,18805.0,92.0,291.22,64.0
training,2026-10-05T19:36:04.376264+00:00,2187.706039778888,18805.0,93.0,311.64,64.0
training,2026-10-05T19:36:04.376264+00:00,2193.044156551361,18805.0,99.0,313.63,65.0
training,2026-10-05T19:36:04.376264+00:00,2198.47181122005,18805.0,98.0,274.74,62.0
training,2026-10-05T19:36:04.376264+00:00,2203.9055142998695,18805.0,96.0,289.35,64.0
training,2026-10-05T19:36:04.376264+00:00,2209.3081628009677,18805.0,79.0,292.57,63.0
training,2026-10-05T19:36:04.376264+00:00,2214.6892058327794,18805.0,92.0,261.98,64.0
training,2026-10-05T19:36:04.376264+00:00,2220.1662388145924,18805.0,94.0,312.91,64.0
training,2026-10-05T19:36:04.376264+00:00,2225.566721111536,18805.0,96.0,316.06,63.0
training,2026-10-05T19:36:04.376264+00:00,2230.982747733593,18805.0,95.0,305.03,65.0
training,2026-10-05T19:36:04.376264+00:00,2236.363046683371,18805.0,95.0,266.2,64.0
training,2026-10-05T19:36:04.376264+00:00,2241.7444049939513,18805.0,86.0,297.63,65.0
training,2026-10-05T19:36:04.376264+00:00,2247.1676420867443,18805.0,92.0,245.29,65.0
training,2026-10-05T19:36:04.376264+00:00,2252.622096337378,18805.0,93.0,270.23,65.0
training,2026-10-05T19:36:04.376264+00:00,2257.9244991764426,18805.0,88.0,283.32,64.0
training,2026-10-05T19:36:04.376264+00:00,2263.3252836167812,18805.0,86.0,290.49,63.0
training,2026-10-05T19:36:04.376264+00:00,2268.6550000086427,18805.0,92.0,301.35,63.0
training,2026-10-05T19:36:04.376264+00:00,2274.001676619053,18805.0,82.0,294.3,66.0
training,2026-10-05T19:36:04.376264+00:00,2279.393722012639,18805.0,73.0,312.74,63.0
training,2026-10-05T19:36:04.376264+00:00,2284.756085716188,18805.0,90.0,285.89,66.0
training,2026-10-05T19:36:04.376264+00:00,2290.1076243668795,18805.0,3.0,92.45,55.0
training,2026-10-05T19:36:04.376264+00:00,2295.462830275297,18805.0,0.0,89.72,52.0
training,2026-10-05T19:36:04.376264+00:00,2300.8271749690175,18805.0,0.0,88.79,51.0
training,2026-10-05T19:36:04.376264+00:00,2306.2230758592486,18805.0,0.0,87.44,49.0
training,2026-10-05T19:36:04.376264+00:00,2311.6186951845884,18805.0,0.0,86.11,48.0
training,2026-10-05T19:36:04.376264+00:00,2317.0329864770174,18805.0,0.0,86.03,47.0
training,2026-10-05T19:36:04.376264+00:00,2322.4521545395255,18805.0,0.0,85.54,45.0
training,2026-10-05T19:36:04.376264+00:00,2327.8295270726085,18805.0,0.0,84.94,44.0
training,2026-10-05T19:36:04.376264+00:00,2333.219008691609,18805.0,94.0,298.9,53.0
training,2026-10-05T19:36:04.376264+00:00,2338.6084667742252,18805.0,99.0,296.65,57.0
training,2026-10-05T19:36:04.376264+00:00,2344.0259800329804,18805.0,79.0,257.26,57.0
training,2026-10-05T19:36:04.376264+00:00,2349.3511205539107,18805.0,89.0,302.87,57.0
training,2026-10-05T19:36:04.376264+00:00,2354.764891281724,18805.0,87.0,289.34,58.0
training,2026-10-05T19:36:04.376264+00:00,2360.1810198277235,18805.0,96.0,302.71,60.0
training,2026-10-05T19:36:04.376264+00:00,2365.575260169804,18805.0,95.0,292.33,58.0
training,2026-10-05T19:36:04.376264+00:00,2370.9832500070333,18805.0,88.0,305.11,61.0
training,2026-10-05T19:36:04.376264+00:00,2376.3719653114676,18805.0,90.0,291.18,61.0
training,2026-10-05T19:36:04.376264+00:00,2381.787592768669,18805.0,91.0,283.76,62.0
training,2026-10-05T19:36:04.376264+00:00,2387.1808387711644,18805.0,90.0,301.91,60.0
training,2026-10-05T19:36:04.376264+00:00,2392.5838784351945,18805.0,97.0,292.03,63.0
training,2026-10-05T19:36:04.376264+00:00,2397.9941760525107,18805.0,94.0,262.94,61.0
training,2026-10-05T19:36:04.376264+00:00,2403.417130663991,18805.0,99.0,278.77,61.0
training,2026-10-05T19:36:04.376264+00:00,2408.810615301132,18805.0,5.0,92.2,54.0
training,2026-10-05T19:36:04.376264+00:00,2414.2445506080985,18805.0,0.0,88.89,51.0
training,2026-10-05T19:36:04.376264+00:00,2419.596003808081,18805.0,0.0,87.64,49.0
training,2026-10-05T19:36:04.376264+00:00,2425.006847321987,18805.0,0.0,86.42,48.0
training,2026-10-05T19:36:04.376264+00:00,2430.405897937715,18805.0,0.0,85.18,46.0
training,2026-10-05T19:36:04.376264+00:00,2435.812264367938,18805.0,0.0,85.21,45.0
training,2026-10-05T19:36:04.376264+00:00,2441.174388244748,18805.0,0.0,84.0,44.0
training,2026-10-05T19:36:04.376264+00:00,2446.5852256044745,18805.0,93.0,280.33,52.0
training,2026-10-05T19:36:04.376264+00:00,2451.981115438044,18805.0,87.0,278.54,54.0
training,2026-10-05T19:36:04.376264+00:00,2457.3229645192623,18805.0,95.0,313.01,55.0
training,2026-10-05T19:36:04.376264+00:00,2462.7966435849667,18805.0,95.0,276.42,57.0
training,2026-10-05T19:36:04.376264+00:00,2468.2978750020266,18805.0,91.0,290.56,56.0
training,2026-10-05T19:36:04.376264+00:00,2473.7053719982505,18805.0,98.0,305.28,57.0
training,2026-10-05T19:36:04.376264+00:00,2479.1096416413784,18805.0,72.0,275.16,58.0
training,2026-10-05T19:36:04.376264+00:00,2484.5141136199236,18805.0,95.0,315.08,58.0
training,2026-10-05T19:36:04.376264+00:00,2489.9267657771707,18805.0,94.0,285.9,58.0
training,2026-10-05T19:36:04.376264+00:00,2495.352657727897,18805.0,99.0,280.83,60.0
training,2026-10-05T19:36:04.376264+00:00,2500.796877220273,18805.0,96.0,285.74,59.0
training,2026-10-05T19:36:04.376264+00:00,2506.205194160342,18805.0,94.0,285.35,62.0
training,2026-10-05T19:36:04.376264+00:00,2511.6397636681795,18805.0,94.0,310.41,61.0
training,2026-10-05T19:36:04.376264+00:00,2517.0283177420497,18805.0,81.0,307.1,59.0
training,2026-10-05T19:36:04.376264+00:00,2522.418615795672,18805.0,93.0,270.54,63.0
training,2026-10-05T19:36:04.376264+00:00,2527.8271058276296,18805.0,94.0,276.24,62.0
training,2026-10-05T19:36:04.376264+00:00,2533.2242181897163,18805.0,81.0,299.18,63.0
training,2026-10-05T19:36:04.376264+00:00,2538.6245392635465,18805.0,95.0,313.35,61.0
training,2026-10-05T19:36:04.376264+00:00,2543.9660046622157,18805.0,85.0,288.36,61.0
training,2026-10-05T19:36:04.376264+00:00,2549.3576528057456,18805.0,89.0,276.59,61.0
training,2026-10-05T19:36:04.376264+00:00,2554.691992521286,18805.0,94.0,299.17,63.0
training,2026-10-05T19:36:04.376264+00:00,2560.078943990171,18805.0,83.0,289.29,63.0
training,2026-10-05T19:36:04.376264+00:00,2565.4381511434913,18805.0,94.0,320.99,64.0
training,2026-10-05T19:36:04.376264+00:00,2570.819349937141,18805.0,95.0,288.51,62.0
training,2026-10-05T19:36:04.376264+00:00,2576.1899977624416,18805.0,94.0,285.08,64.0
training,2026-10-05T19:36:04.376264+00:00,2581.548598460853,18805.0,93.0,300.07,64.0
training,2026-10-05T19:36:04.376264+00:00,2586.941158808768,18805.0,75.0,271.81,62.0
training,2026-10-05T19:36:04.376264+00:00,2592.3786949291825,18805.0,93.0,293.13,63.0
training,2026-10-05T19:36:04.376264+00:00,2597.7619012892246,18805.0,93.0,305.6,63.0
training,2026-10-05T19:36:04.376264+00:00,2603.1172404661775,18805.0,99.0,297.99,65.0
training,2026-10-05T19:36:04.376264+00:00,2608.5234073400497,18805.0,94.0,295.97,63.0
training,2026-10-05T19:36:04.376264+00:00,2613.9584791362286,18805.0,75.0,286.62,65.0
training,2026-10-05T19:36:04.376264+00:00,2619.3520259037614,18805.0,66.0,245.81,63.0
training,2026-10-05T19:36:04.376264+00:00,2624.7348193377256,18805.0,94.0,293.66,63.0
training,2026-10-05T19:36:04.376264+00:00,2630.08231010288,18805.0,99.0,313.44,62.0
training,2026-10-05T19:36:04.376264+00:00,2635.440053731203,18805.0,94.0,292.02,65.0
training,2026-10-05T19:36:04.376264+00:00,2640.846529111266,18805.0,94.0,294.35,65.0
training,2026-10-05T19:36:04.376264+00:00,2646.3139673024416,18805.0,95.0,289.2,64.0
training,2026-10-05T19:36:04.376264+00:00,2651.698409408331,18805.0,92.0,311.18,65.0
training,2026-10-05T19:36:04.376264+00:00,2657.118438474834,18805.0,94.0,275.78,64.0
training,2026-10-05T19:36:04.376264+00:00,2662.515461437404,18805.0,93.0,294.68,65.0
training,2026-10-05T19:36:04.376264+00:00,2667.845336444676,18805.0,90.0,297.71,64.0
training,2026-10-05T19:36:04.376264+00:00,2673.3015256524086,18805.0,92.0,280.29,65.0
training,2026-10-05T19:36:04.376264+00:00,2678.77152954787,18805.0,94.0,304.8,63.0
training,2026-10-05T19:36:04.376264+00:00,2684.1910422444344,18805.0,94.0,288.31,63.0
training,2026-10-05T19:36:04.376264+00:00,2689.5766161829233,18805.0,99.0,297.16,63.0
training,2026-10-05T19:36:04.376264+00:00,2694.9585044533014,18805.0,91.0,280.03,65.0
training,2026-10-05T19:36:04.376264+00:00,2700.375470265746,18805.0,83.0,300.21,65.0
training,2026-10-05T19:36:04.376264+00:00,2705.7654861584306,18805.0,95.0,291.9,64.0
training,2026-10-05T19:36:04.376264+00:00,2711.105905175209,18805.0,94.0,292.63,65.0
training,2026-10-05T19:36:04.376264+00:00,2716.4282413572073,18805.0,95.0,289.72,65.0
training,2026-10-05T19:36:04.376264+00:00,2721.779528439045,18805.0,94.0,268.09,65.0
training,2026-10-05T19:36:04.376264+00:00,2727.1716386675835,18805.0,95.0,289.22,62.0
training,2026-10-05T19:36:04.376264+00:00,2732.5093639642,18805.0,80.0,301.17,64.0
training,2026-10-05T19:36:04.376264+00:00,2737.8305520042777,18805.0,86.0,301.35,64.0
training,2026-10-05T19:36:04.376264+00:00,2743.1875474229455,18805.0,99.0,291.78,66.0
training,2026-10-05T19:36:04.376264+00:00,2748.553179115057,18805.0,94.0,308.98,64.0
training,2026-10-05T19:36:04.376264+00:00,2753.9796553701162,18805.0,94.0,278.01,64.0
training,2026-10-05T19:36:04.376264+00:00,2759.4059545472264,18805.0,95.0,287.98,66.0
training,2026-10-05T19:36:04.376264+00:00,2764.842269331217,18805.0,95.0,294.13,66.0
training,2026-10-05T19:36:04.376264+00:00,2770.262612916529,18805.0,81.0,298.68,66.0
training,2026-10-05T19:36:04.376264+00:00,2775.610196389258,18805.0,98.0,305.84,65.0
training,2026-10-05T19:36:04.376264+00:00,2781.021244801581,18805.0,85.0,308.39,65.0
training,2026-10-05T19:36:04.376264+00:00,2786.39893771708,18805.0,95.0,306.39,67.0
training,2026-10-05T19:36:04.376264+00:00,2791.725061483681,18805.0,92.0,297.5,65.0
training,2026-10-05T19:36:04.376264+00:00,2797.052067771554,18805.0,94.0,311.7,65.0
training,2026-10-05T19:36:04.376264+00:00,2802.4200355112553,18805.0,94.0,302.05,65.0
training,2026-10-05T19:36:04.376264+00:00,2807.7517407536507,18805.0,79.0,302.52,64.0
training,2026-10-05T19:36:04.376264+00:00,2813.205765210092,18805.0,92.0,299.91,66.0
training,2026-10-05T19:36:04.376264+00:00,2818.5737137869,18805.0,91.0,303.5,64.0
training,2026-10-05T19:36:04.376264+00:00,2823.909143820405,18805.0,94.0,238.55,67.0
training,2026-10-05T19:36:04.376264+00:00,2829.241049155593,18805.0,84.0,306.44,67.0
training,2026-10-05T19:36:04.376264+00:00,2834.607698224485,18805.0,91.0,299.96,65.0
training,2026-10-05T19:36:04.376264+00:00,2840.039408735931,18805.0,95.0,292.11,65.0
training,2026-10-05T19:36:04.376264+00:00,2845.4166778847575,18805.0,94.0,294.08,65.0
training,2026-10-05T19:36:04.376264+00:00,2850.80536031723,18805.0,92.0,320.55,67.0
training,2026-10-05T19:36:04.376264+00:00,2856.2450072839856,18805.0,97.0,287.99,68.0
training,2026-10-05T19:36:04.376264+00:00,2861.687121719122,18805.0,94.0,306.15,68.0
training,2026-10-05T19:36:04.376264+00:00,2867.09703386575,18805.0,86.0,290.92,68.0
training,2026-10-05T19:36:04.376264+00:00,2872.430981591344,18805.0,98.0,309.95,68.0
training,2026-10-05T19:36:04.376264+00:00,2877.836064763367,18805.0,94.0,299.88,66.0
training,2026-10-05T19:36:04.376264+00:00,2883.232320293784,18805.0,95.0,274.78,69.0
training,2026-10-05T19:36:04.376264+00:00,2888.6020615398884,18805.0,94.0,312.56,67.0
training,2026-10-05T19:36:04.376264+00:00,2894.0693306922913,18805.0,99.0,289.6,66.0
training,2026-10-05T19:36:04.376264+00:00,2899.5213409885764,18805.0,83.0,276.89,68.0
training,2026-10-05T19:36:04.376264+00:00,2904.944395072758,18805.0,95.0,295.68,65.0
training,2026-10-05T19:36:04.376264+00:00,2910.375612542033,18805.0,93.0,315.17,67.0
training,2026-10-05T19:36:04.376264+00:00,2915.820701673627,18805.0,92.0,294.98,65.0
training,2026-10-05T19:36:04.376264+00:00,2921.154675722122,18805.0,84.0,300.96,65.0
training,2026-10-05T19:36:04.376264+00:00,2926.600948549807,18805.0,98.0,307.21,67.0
training,2026-10-05T19:36:04.376264+00:00,2931.919415578246,18805.0,94.0,316.6,64.0
training,2026-10-05T19:36:04.376264+00:00,2937.328634351492,18805.0,84.0,287.9,64.0
training,2026-10-05T19:36:04.376264+00:00,2942.7415432855487,18805.0,90.0,303.9,64.0
training,2026-10-05T19:36:04.376264+00:00,2948.1087742969394,18805.0,49.0,231.79,59.0
training,2026-10-05T19:36:04.376264+00:00,2953.4886032491922,18805.0,89.0,302.14,65.0
training,2026-10-05T19:36:04.376264+00:00,2958.896554224193,18805.0,86.0,281.93,64.0
training,2026-10-05T19:36:04.376264+00:00,2964.2686247751117,18805.0,84.0,296.79,67.0
training,2026-10-05T19:36:04.376264+00:00,2969.6176503300667,18805.0,93.0,277.74,65.0
training,2026-10-05T19:36:04.376264+00:00,2975.040564723313,18805.0,76.0,287.69,66.0
training,2026-10-05T19:36:04.376264+00:00,2980.4035013392568,18805.0,87.0,277.63,67.0
training,2026-10-05T19:36:04.376264+00:00,2985.788648508489,18805.0,93.0,295.44,65.0
training,2026-10-05T19:36:04.376264+00:00,2991.136738732457,18805.0,96.0,290.69,64.0
training,2026-10-05T19:36:04.376264+00:00,2996.552804812789,18805.0,93.0,310.4,63.0
training,2026-10-05T19:36:04.376264+00:00,3001.898443520069,18805.0,4.0,233.3,59.0
training,2026-10-05T19:36:04.376264+00:00,3007.265826024115,18805.0,94.0,254.46,65.0
training,2026-10-05T19:36:04.376264+00:00,3012.678184352815,18805.0,93.0,297.28,62.0
training,2026-10-05T19:36:04.376264+00:00,3018.062353491783,18805.0,83.0,278.62,60.0
training,2026-10-05T19:36:04.376264+00:00,3023.4094722121954,18805.0,0.0,91.78,54.0
training,2026-10-05T19:36:04.376264+00:00,3028.8111689314246,18805.0,0.0,89.46,52.0
training,2026-10-05T19:36:04.376264+00:00,3034.1613880619407,18805.0,0.0,87.8,50.0
training,2026-10-05T19:36:04.376264+00:00,3039.5642312020063,18805.0,0.0,86.99,48.0
training,2026-10-05T19:36:04.376264+00:00,3044.9990742579103,18805.0,0.0,85.81,47.0
training,2026-10-05T19:36:04.376264+00:00,3050.3236743956804,18805.0,0.0,85.54,46.0
training,2026-10-05T19:36:04.376264+00:00,3055.698171451688,18805.0,0.0,84.37,44.0
training,2026-10-05T19:36:04.376264+00:00,3061.0877258479595,18805.0,97.0,264.23,55.0
training,2026-10-05T19:36:04.376264+00:00,3066.4548539966345,18805.0,99.0,287.1,54.0
training,2026-10-05T19:36:04.376264+00:00,3071.808876208961,18805.0,89.0,275.85,57.0
training,2026-10-05T19:36:04.376264+00:00,3077.150568187237,18805.0,87.0,235.71,54.0
training,2026-10-05T19:36:04.376264+00:00,3082.476884715259,18805.0,83.0,286.08,59.0
training,2026-10-05T19:36:04.376264+00:00,3087.792614944279,18805.0,99.0,302.68,59.0
training,2026-10-05T19:36:04.376264+00:00,3093.1229281127453,18805.0,95.0,283.39,61.0
training,2026-10-05T19:36:04.376264+00:00,3098.5042384564877,18805.0,73.0,288.37,58.0
training,2026-10-05T19:36:04.376264+00:00,3103.861640699208,18805.0,94.0,297.7,58.0
training,2026-10-05T19:36:04.376264+00:00,3109.2663911283016,18805.0,93.0,289.51,60.0
training,2026-10-05T19:36:04.376264+00:00,3114.6460460424423,18805.0,70.0,284.39,60.0
training,2026-10-05T19:36:04.376264+00:00,3120.0603254809976,18805.0,76.0,286.68,61.0
training,2026-10-05T19:36:04.376264+00:00,3125.433813869953,18805.0,79.0,287.22,62.0
training,2026-10-05T19:36:04.376264+00:00,3130.9004866704345,18805.0,0.0,255.22,56.0
training,2026-10-05T19:36:04.376264+00:00,3136.3309966921806,18805.0,94.0,307.59,61.0
training,2026-10-05T19:36:04.376264+00:00,3141.780593805015,18805.0,93.0,301.51,63.0
training,2026-10-05T19:36:04.376264+00:00,3147.170537419617,18805.0,75.0,290.52,64.0
training,2026-10-05T19:36:04.376264+00:00,3152.5477785542607,18805.0,95.0,232.8,63.0
training,2026-10-05T19:36:04.376264+00:00,3157.8954662010074,18805.0,80.0,270.66,61.0
training,2026-10-05T19:36:04.376264+00:00,3163.268122293055,18805.0,4.0,92.2,54.0
training,2026-10-05T19:36:04.376264+00:00,3168.6718119829893,18805.0,0.0,89.01,52.0
training,2026-10-05T19:36:04.376264+00:00,3174.078446879983,18805.0,0.0,88.05,50.0
training,2026-10-05T19:36:04.376264+00:00,3179.477074660361,18805.0,0.0,87.01,48.0
training,2026-10-05T19:36:04.376264+00:00,3184.877446562052,18805.0,0.0,86.02,47.0
training,2026-10-05T19:36:04.376264+00:00,3190.311839453876,18805.0,0.0,85.33,46.0
training,2026-10-05T19:36:04.376264+00:00,3195.674655713141,18805.0,0.0,83.86,44.0
training,2026-10-05T19:36:04.376264+00:00,3201.0597069635987,18805.0,91.0,295.52,52.0
training,2026-10-05T19:36:04.376264+00:00,3206.4892473742366,18805.0,92.0,290.95,56.0
training,2026-10-05T19:36:04.376264+00:00,3211.9063178673387,18805.0,98.0,249.55,54.0
training,2026-10-05T19:36:04.376264+00:00,3217.2827852889895,18805.0,87.0,271.97,55.0
training,2026-10-05T19:36:04.376264+00:00,3222.686542868614,18805.0,77.0,258.26,57.0
training,2026-10-05T19:36:04.376264+00:00,3228.1631228998303,18805.0,91.0,295.09,58.0
training,2026-10-05T19:36:04.376264+00:00,3233.5618702843785,18805.0,100.0,268.42,58.0
training,2026-10-05T19:36:04.376264+00:00,3238.933211877942,18805.0,94.0,281.57,58.0
training,2026-10-05T19:36:04.376264+00:00,3244.3501120209694,18805.0,92.0,288.46,59.0
training,2026-10-05T19:36:04.376264+00:00,3249.7397224232554,18805.0,95.0,305.55,59.0
training,2026-10-05T19:36:04.376264+00:00,3255.134414754808,18805.0,82.0,284.18,62.0
training,2026-10-05T19:36:04.376264+00:00,3260.5514639467,18805.0,75.0,278.03,62.0
training,2026-10-05T19:36:04.376264+00:00,3265.8765585646033,18805.0,88.0,253.19,59.0
training,2026-10-05T19:36:04.376264+00:00,3271.2519606649876,18805.0,96.0,299.41,62.0
training,2026-10-05T19:36:04.376264+00:00,3276.5480628833175,18805.0,93.0,267.27,63.0
training,2026-10-05T19:36:04.376264+00:00,3281.922779418528,18805.0,94.0,303.54,61.0
training,2026-10-05T19:36:04.376264+00:00,3287.3607661798596,18805.0,77.0,291.51,62.0
training,2026-10-05T19:36:04.376264+00:00,3292.75352011621,18805.0,91.0,295.89,60.0
training,2026-10-05T19:36:04.376264+00:00,3298.138088814914,18805.0,100.0,283.22,61.0
training,2026-10-05T19:36:04.376264+00:00,3303.525723196566,18805.0,99.0,294.49,61.0
training,2026-10-05T19:36:04.376264+00:00,3308.9033321663737,18805.0,80.0,292.74,61.0
training,2026-10-05T19:36:04.376264+00:00,3314.3300538137555,18805.0,92.0,274.39,64.0
training,2026-10-05T19:36:04.376264+00:00,3319.7956540212035,18805.0,27.0,247.24,57.0
training,2026-10-05T19:36:04.376264+00:00,3325.2181828692555,18805.0,83.0,265.98,61.0
training,2026-10-05T19:36:04.376264+00:00,3330.5502562448382,18805.0,94.0,297.38,64.0
training,2026-10-05T19:36:04.376264+00:00,3335.9958075508475,18805.0,95.0,301.5,62.0
training,2026-10-05T19:36:04.376264+00:00,3341.4004976525903,18805.0,97.0,277.84,64.0
training,2026-10-05T19:36:04.376264+00:00,3346.8538366779685,18805.0,90.0,303.31,65.0
training,2026-10-05T19:36:04.376264+00:00,3352.1654906868935,18805.0,94.0,313.26,65.0
training,2026-10-05T19:36:04.376264+00:00,3357.5587429627776,18805.0,93.0,295.49,63.0
training,2026-10-05T19:36:04.376264+00:00,3362.9570102244616,18805.0,96.0,284.05,64.0
training,2026-10-05T19:36:04.376264+00:00,3368.3307607397437,18805.0,94.0,283.35,63.0
training,2026-10-05T19:36:04.376264+00:00,3373.656647235155,18805.0,58.0,247.33,60.0
training,2026-10-05T19:36:04.376264+00:00,3379.04047460109,18805.0,32.0,278.7,59.0
training,2026-10-05T19:36:04.376264+00:00,3384.396924905479,18805.0,95.0,293.71,62.0
training,2026-10-05T19:36:04.376264+00:00,3389.710134342313,18805.0,95.0,295.2,64.0
training,2026-10-05T19:36:04.376264+00:00,3395.115602053702,18805.0,94.0,294.75,63.0
training,2026-10-05T19:36:04.376264+00:00,3400.5458209589124,18805.0,97.0,298.47,65.0
training,2026-10-05T19:36:04.376264+00:00,3405.9986894652247,18805.0,87.0,301.11,63.0
training,2026-10-05T19:36:04.376264+00:00,3411.4387927800417,18805.0,75.0,282.21,65.0
training,2026-10-05T19:36:04.376264+00:00,3416.846310906112,18805.0,75.0,270.83,65.0
training,2026-10-05T19:36:04.376264+00:00,3422.2452433034778,18805.0,95.0,316.11,65.0
training,2026-10-05T19:36:04.376264+00:00,3427.6719257608056,18805.0,79.0,228.41,61.0
training,2026-10-05T19:36:04.376264+00:00,3433.120037265122,18805.0,93.0,311.91,63.0
training,2026-10-05T19:36:04.376264+00:00,3438.4700906425714,18805.0,94.0,285.84,63.0
training,2026-10-05T19:36:04.376264+00:00,3443.8664466515183,18805.0,94.0,296.3,63.0
training,2026-10-05T19:36:04.376264+00:00,3449.229041926563,18805.0,80.0,267.23,65.0
training,2026-10-05T19:36:04.376264+00:00,3454.609094694257,18805.0,89.0,304.18,65.0
training,2026-10-05T19:36:04.376264+00:00,3459.9203917458653,18805.0,90.0,277.98,63.0
training,2026-10-05T19:36:04.376264+00:00,3465.316735178232,18805.0,94.0,271.3,65.0
training,2026-10-05T19:36:04.376264+00:00,3470.706680752337,18805.0,82.0,297.66,64.0
training,2026-10-05T19:36:04.376264+00:00,3476.0511549711227,18805.0,2.0,145.17,56.0
training,2026-10-05T19:36:04.376264+00:00,3481.4530024901032,18805.0,78.0,284.03,62.0
training,2026-10-05T19:36:04.376264+00:00,3486.8384762331843,18805.0,93.0,320.56,61.0
training,2026-10-05T19:36:04.376264+00:00,3492.186867520213,18805.0,89.0,304.51,63.0
training,2026-10-05T19:36:04.376264+00:00,3497.525027193129,18805.0,88.0,297.93,63.0
training,2026-10-05T19:36:04.376264+00:00,3502.9256429970264,18805.0,94.0,296.32,61.0
training,2026-10-05T19:36:04.376264+00:00,3508.346855163574,18805.0,83.0,282.17,64.0
training,2026-10-05T19:36:04.376264+00:00,3513.779177390039,18805.0,98.0,282.69,63.0
training,2026-10-05T19:36:04.376264+00:00,3519.1002141311765,18805.0,96.0,296.55,61.0
training,2026-10-05T19:36:04.376264+00:00,3524.4184421524405,18805.0,92.0,264.95,61.0
training,2026-10-05T19:36:04.376264+00:00,3529.784269310534,18805.0,84.0,281.47,62.0
training,2026-10-05T19:36:04.376264+00:00,3535.105746023357,18805.0,96.0,297.32,62.0
training,2026-10-05T19:36:04.376264+00:00,3540.4143947437406,18805.0,74.0,285.6,65.0
training,2026-10-05T19:36:04.376264+00:00,3545.8096661642194,18805.0,86.0,289.32,65.0
training,2026-10-05T19:36:04.376264+00:00,3551.1479767262936,18805.0,96.0,301.55,64.0
training,2026-10-05T19:36:04.376264+00:00,3556.555733650923,18805.0,96.0,287.52,63.0
training,2026-10-05T19:36:04.376264+00:00,3561.905816502869,18805.0,93.0,295.52,64.0
training,2026-10-05T19:36:04.376264+00:00,3567.285645097494,18805.0,94.0,288.81,63.0
training,2026-10-05T19:36:04.376264+00:00,3572.6739010438323,18805.0,87.0,313.42,63.0
training,2026-10-05T19:36:04.376264+00:00,3578.0320421531796,18805.0,88.0,285.34,63.0
training,2026-10-05T19:36:04.376264+00:00,3583.3948480188847,18805.0,94.0,270.93,63.0
training,2026-10-05T19:36:04.376264+00:00,3588.7460004538298,18805.0,94.0,289.89,63.0
training,2026-10-05T19:36:04.376264+00:00,3594.135824672878,18805.0,89.0,300.43,64.0
training,2026-10-05T19:36:04.376264+00:00,3599.512172281742,18805.0,83.0,280.19,65.0
training,2026-10-05T19:36:04.376264+00:00,3604.963072218001,18805.0,77.0,253.48,61.0
training,2026-10-05T19:36:04.376264+00:00,3610.3677794635296,18805.0,91.0,280.32,65.0
training,2026-10-05T19:36:04.376264+00:00,3615.7437349557877,18805.0,81.0,289.33,63.0
training,2026-10-05T19:36:04.376264+00:00,3621.1328542754054,18805.0,96.0,301.19,63.0
training,2026-10-05T19:36:04.376264+00:00,3626.5550354272127,18805.0,94.0,277.85,63.0
training,2026-10-05T19:36:04.376264+00:00,3631.9353191033006,18805.0,75.0,278.76,64.0
training,2026-10-05T19:36:04.376264+00:00,3637.281229019165,18805.0,94.0,302.67,63.0
training,2026-10-05T19:36:04.376264+00:00,3642.6377630978823,18805.0,97.0,262.26,63.0
training,2026-10-05T19:36:04.376264+00:00,3648.012201972306,18805.0,80.0,281.23,65.0
training,2026-10-05T19:36:04.376264+00:00,3653.4647873193026,18805.0,82.0,300.59,65.0
training,2026-10-05T19:36:04.376264+00:00,3658.80662971735,18805.0,77.0,252.16,64.0
training,2026-10-05T19:36:04.376264+00:00,3664.181886948645,18805.0,94.0,309.01,63.0
training,2026-10-05T19:36:04.376264+00:00,3669.517638102174,18805.0,85.0,275.46,63.0
training,2026-10-05T19:36:04.376264+00:00,3674.913898795843,18805.0,92.0,300.13,64.0
training,2026-10-05T19:36:04.376264+00:00,3680.2941172644496,18805.0,78.0,281.85,64.0
training,2026-10-05T19:36:04.376264+00:00,3685.6737459376454,18805.0,82.0,301.57,63.0
training,2026-10-05T19:36:04.376264+00:00,3691.062943533063,18805.0,74.0,275.61,63.0
training,2026-10-05T19:36:04.376264+00:00,3696.4071260020137,18805.0,91.0,292.37,63.0
training,2026-10-05T19:36:04.376264+00:00,3701.7859958708286,18805.0,99.0,295.95,65.0
training,2026-10-05T19:36:04.376264+00:00,3707.1415553987026,18805.0,95.0,288.47,62.0
training,2026-10-05T19:36:04.376264+00:00,3712.549871712923,18805.0,96.0,283.6,61.0
training,2026-10-05T19:36:04.376264+00:00,3717.995437502861,18805.0,94.0,303.75,62.0
training,2026-10-05T19:36:04.376264+00:00,3723.345309637487,18805.0,95.0,304.4,65.0
training,2026-10-05T19:36:04.376264+00:00,3728.745190002024,18805.0,82.0,278.58,65.0
training,2026-10-05T19:36:04.376264+00:00,3734.1823131367564,18805.0,93.0,301.26,64.0
training,2026-10-05T19:36:04.376264+00:00,3739.608599193394,18805.0,94.0,290.47,65.0
training,2026-10-05T19:36:04.376264+00:00,3744.9933243617415,18805.0,81.0,272.84,64.0
training,2026-10-05T19:36:04.376264+00:00,3750.3627816289663,18805.0,72.0,297.3,64.0
training,2026-10-05T19:36:04.376264+00:00,3755.686318203807,18805.0,83.0,302.44,63.0
training,2026-10-05T19:36:04.376264+00:00,3761.092195034027,18805.0,4.0,93.41,55.0
training,2026-10-05T19:36:04.376264+00:00,3766.44695417583,18805.0,0.0,89.63,52.0
training,2026-10-05T19:36:04.376264+00:00,3771.7981171011925,18805.0,0.0,88.7,51.0
training,2026-10-05T19:36:04.376264+00:00,3777.13829087466,18805.0,0.0,88.08,49.0
training,2026-10-05T19:36:04.376264+00:00,3782.526846051216,18805.0,0.0,86.9,48.0
training,2026-10-05T19:36:04.376264+00:00,3787.890955172479,18805.0,0.0,86.11,47.0
training,2026-10-05T19:36:04.376264+00:00,3793.2656147778034,18805.0,0.0,85.14,46.0
training,2026-10-05T19:36:04.376264+00:00,3798.595345273614,18805.0,0.0,84.64,45.0
training,2026-10-05T19:36:04.376264+00:00,3803.9005023539066,18805.0,0.0,83.91,45.0
training,2026-10-05T19:36:04.376264+00:00,3809.2626062855124,18805.0,82.0,300.33,54.0
training,2026-10-05T19:36:04.376264+00:00,3814.5631755441427,18805.0,84.0,291.55,57.0
training,2026-10-05T19:36:04.376264+00:00,3819.976248458028,18805.0,87.0,307.38,58.0
training,2026-10-05T19:36:04.376264+00:00,3825.413165822625,18805.0,92.0,291.1,60.0
training,2026-10-05T19:36:04.376264+00:00,3830.7794019058347,18805.0,72.0,289.67,60.0
training,2026-10-05T19:36:04.376264+00:00,3836.1777777075768,18805.0,80.0,265.02,61.0
training,2026-10-05T19:36:04.376264+00:00,3841.5812143683434,18805.0,94.0,294.72,58.0
training,2026-10-05T19:36:04.376264+00:00,3846.9320285245776,18805.0,91.0,305.0,61.0
training,2026-10-05T19:36:04.376264+00:00,3852.336374156177,18805.0,88.0,277.42,63.0
training,2026-10-05T19:36:04.376264+00:00,3857.7544377818704,18805.0,82.0,282.12,63.0
training,2026-10-05T19:36:04.376264+00:00,3863.1121076717973,18805.0,80.0,275.16,63.0
training,2026-10-05T19:36:04.376264+00:00,3868.560579955578,18805.0,94.0,301.52,62.0
training,2026-10-05T19:36:04.376264+00:00,3873.995180927217,18805.0,97.0,289.98,62.0
training,2026-10-05T19:36:04.376264+00:00,3879.40167593956,18805.0,98.0,288.3,64.0
training,2026-10-05T19:36:04.376264+00:00,3884.8286195397377,18805.0,89.0,268.11,62.0
training,2026-10-05T19:36:04.376264+00:00,3890.213468775153,18805.0,79.0,297.5,61.0
training,2026-10-05T19:36:04.376264+00:00,3895.5936518013477,18805.0,80.0,293.84,62.0
training,2026-10-05T19:36:04.376264+00:00,3900.99234970659,18805.0,99.0,284.25,62.0
training,2026-10-05T19:36:04.376264+00:00,3906.372923783958,18805.0,95.0,299.07,63.0
training,2026-10-05T19:36:04.376264+00:00,3911.7703068852425,18805.0,95.0,305.7,63.0
training,2026-10-05T19:36:04.376264+00:00,3917.117534868419,18805.0,93.0,311.89,63.0
training,2026-10-05T19:36:04.376264+00:00,3922.5102833136916,18805.0,0.0,240.8,59.0
training,2026-10-05T19:36:04.376264+00:00,3927.9077317640185,18805.0,82.0,294.7,64.0
training,2026-10-05T19:36:04.376264+00:00,3933.3034293204546,18805.0,4.0,92.85,55.0
training,2026-10-05T19:36:04.376264+00:00,3938.674292497337,18805.0,0.0,89.73,52.0
training,2026-10-05T19:36:04.376264+00:00,3944.0523412823677,18805.0,0.0,87.93,50.0
training,2026-10-05T19:36:04.376264+00:00,3949.4716585353017,18805.0,0.0,86.87,49.0
training,2026-10-05T19:36:04.376264+00:00,3954.8936481401324,18805.0,0.0,86.03,47.0
training,2026-10-05T19:36:04.376264+00:00,3960.325769044459,18805.0,0.0,85.69,46.0
training,2026-10-05T19:36:04.376264+00:00,3965.730701044202,18805.0,0.0,84.97,45.0
training,2026-10-05T19:36:04.376264+00:00,3971.1572741121054,18805.0,0.0,84.29,44.0
training,2026-10-05T19:36:04.376264+00:00,3976.561683602631,18805.0,94.0,292.04,54.0
training,2026-10-05T19:36:04.376264+00:00,3981.957921177149,18805.0,95.0,280.31,53.0
training,2026-10-05T19:36:04.376264+00:00,3987.3668593540788,18805.0,76.0,258.77,53.0
training,2026-10-05T19:36:04.376264+00:00,3992.7743575051427,18805.0,92.0,289.7,55.0
training,2026-10-05T19:36:04.376264+00:00,3998.1793712228537,18805.0,89.0,277.29,56.0
training,2026-10-05T19:36:04.376264+00:00,4003.562216371298,18805.0,94.0,298.83,57.0
training,2026-10-05T19:36:04.376264+00:00,4009.0919119119644,18805.0,83.0,270.61,59.0
training,2026-10-05T19:36:04.376264+00:00,4014.49855928123,18805.0,97.0,299.42,60.0
training,2026-10-05T19:36:04.376264+00:00,4019.9860244989395,18805.0,94.0,283.55,59.0
training,2026-10-05T19:36:04.376264+00:00,4025.395596049726,18805.0,95.0,279.6,61.0
training,2026-10-05T19:36:04.376264+00:00,4030.7980456873775,18805.0,89.0,271.43,60.0
training,2026-10-05T19:36:04.376264+00:00,4036.218790628016,18805.0,76.0,291.23,62.0
training,2026-10-05T19:36:04.376264+00:00,4041.6100327447057,18805.0,95.0,292.48,62.0
training,2026-10-05T19:36:04.376264+00:00,4046.999778665602,18805.0,96.0,281.97,61.0
training,2026-10-05T19:36:04.376264+00:00,4052.415062248707,18805.0,81.0,300.17,63.0
training,2026-10-05T19:36:04.376264+00:00,4057.7578909248114,18805.0,93.0,291.53,61.0
training,2026-10-05T19:36:04.376264+00:00,4063.1117662787437,18805.0,88.0,278.2,61.0
training,2026-10-05T19:36:04.376264+00:00,4068.5731346979737,18805.0,95.0,293.56,61.0
training,2026-10-05T19:36:04.376264+00:00,4073.933393545449,18805.0,77.0,296.72,63.0
training,2026-10-05T19:36:04.376264+00:00,4079.392033331096,18805.0,95.0,279.43,61.0
training,2026-10-05T19:36:04.376264+00:00,4084.843454837799,18805.0,79.0,285.34,62.0
training,2026-10-05T19:36:04.376264+00:00,4090.2462728247046,18805.0,94.0,286.76,63.0
training,2026-10-05T19:36:04.376264+00:00,4095.583595022559,18805.0,95.0,306.25,62.0
training,2026-10-05T19:36:04.376264+00:00,4100.98948290199,18805.0,98.0,285.05,63.0
training,2026-10-05T19:36:04.376264+00:00,4106.396012373269,18805.0,84.0,300.98,62.0
training,2026-10-05T19:36:04.376264+00:00,4111.829851560295,18805.0,0.0,273.43,61.0
training,2026-10-05T19:36:04.376264+00:00,4117.223769001663,18805.0,83.0,291.22,62.0
training,2026-10-05T19:36:04.376264+00:00,4122.6417025998235,18805.0,84.0,279.89,63.0
training,2026-10-05T19:36:04.376264+00:00,4128.023928500712,18805.0,89.0,278.3,62.0
training,2026-10-05T19:36:04.376264+00:00,4133.415089532733,18805.0,88.0,290.5,63.0
training,2026-10-05T19:36:04.376264+00:00,4138.792752094567,18805.0,95.0,305.27,61.0
training,2026-10-05T19:36:04.376264+00:00,4144.152025185525,18805.0,87.0,274.64,65.0
training,2026-10-05T19:36:04.376264+00:00,4149.492415815592,18805.0,79.0,293.3,63.0
training,2026-10-05T19:36:04.376264+00:00,4154.81248408556,18805.0,94.0,296.9,64.0
training,2026-10-05T19:36:04.376264+00:00,4160.2021048516035,18805.0,86.0,287.1,62.0
training,2026-10-05T19:36:04.376264+00:00,4165.653580710292,18805.0,85.0,253.13,61.0
training,2026-10-05T19:36:04.376264+00:00,4170.9946436062455,18805.0,92.0,281.31,62.0
training,2026-10-05T19:36:04.376264+00:00,4176.412237711251,18805.0,94.0,317.1,63.0
training,2026-10-05T19:36:04.376264+00:00,4181.819287084043,18805.0,99.0,292.39,65.0
training,2026-10-05T19:36:04.376264+00:00,4187.236344859004,18805.0,94.0,286.65,62.0
training,2026-10-05T19:36:04.376264+00:00,4192.629986777902,18805.0,86.0,305.74,65.0
training,2026-10-05T19:36:04.376264+00:00,4198.077707059681,18805.0,95.0,305.32,64.0
training,2026-10-05T19:36:04.376264+00:00,4203.499954976141,18805.0,87.0,277.35,62.0
training,2026-10-05T19:36:04.376264+00:00,4208.886187084019,18805.0,96.0,294.82,63.0
training,2026-10-05T19:36:04.376264+00:00,4214.29727691412,18805.0,88.0,274.25,62.0
training,2026-10-05T19:36:04.376264+00:00,4219.730877242982,18805.0,98.0,293.89,65.0
training,2026-10-05T19:36:04.376264+00:00,4225.135559864342,18805.0,89.0,302.02,65.0
training,2026-10-05T19:36:04.376264+00:00,4230.536196522415,18805.0,95.0,308.55,63.0
training,2026-10-05T19:36:04.376264+00:00,4235.9435386657715,18805.0,61.0,294.59,63.0
training,2026-10-05T19:36:04.376264+00:00,4241.334364168346,18805.0,88.0,293.24,65.0
training,2026-10-05T19:36:04.376264+00:00,4246.879339620471,18805.0,85.0,272.48,64.0
training,2026-10-05T19:36:04.376264+00:00,4252.275535047054,18805.0,80.0,290.72,64.0
training,2026-10-05T19:36:04.376264+00:00,4257.672001175582,18805.0,99.0,311.66,64.0
training,2026-10-05T19:36:04.376264+00:00,4263.092775307596,18805.0,89.0,294.99,63.0
training,2026-10-05T19:36:04.376264+00:00,4268.50877854228,18805.0,73.0,282.4,63.0
training,2026-10-05T19:36:04.376264+00:00,4273.92769998312,18805.0,76.0,304.62,65.0
training,2026-10-05T19:36:04.376264+00:00,4279.289621397853,18805.0,95.0,293.98,64.0
training,2026-10-05T19:36:04.376264+00:00,4284.698186412454,18805.0,95.0,275.01,65.0
training,2026-10-05T19:36:04.376264+00:00,4290.093860283494,18805.0,80.0,260.13,62.0
training,2026-10-05T19:36:04.376264+00:00,4295.428685039282,18805.0,93.0,292.83,63.0
training,2026-10-05T19:36:04.376264+00:00,4300.802670411766,18805.0,82.0,310.42,63.0
training,2026-10-05T19:36:04.376264+00:00,4306.1839645802975,18805.0,36.0,288.19,61.0
training,2026-10-05T19:36:04.376264+00:00,4311.52666156739,18805.0,7.0,176.44,57.0
training,2026-10-05T19:36:04.376264+00:00,4316.91218098253,18805.0,0.0,91.17,53.0
training,2026-10-05T19:36:04.376264+00:00,4322.313300929964,18805.0,0.0,89.16,51.0
training,2026-10-05T19:36:04.376264+00:00,4327.723689138889,18805.0,0.0,87.2,49.0
training,2026-10-05T19:36:04.376264+00:00,4333.1391575708985,18805.0,0.0,86.22,48.0
training,2026-10-05T19:36:04.376264+00:00,4338.5391382128,18805.0,0.0,85.76,46.0
training,2026-10-05T19:36:04.376264+00:00,4343.930744335055,18805.0,0.0,84.96,45.0
training,2026-10-05T19:36:04.376264+00:00,4349.31957577914,18805.0,0.0,84.58,44.0
training,2026-10-05T19:36:04.376264+00:00,4354.760414265096,18805.0,88.0,97.17,49.0
training,2026-10-05T19:36:04.376264+00:00,4360.124389350414,18805.0,35.0,267.68,50.0
training,2026-10-05T19:36:04.376264+00:00,4365.499312736094,18805.0,94.0,306.08,54.0
training,2026-10-05T19:36:04.376264+00:00,4370.854133404791,18805.0,94.0,273.81,56.0
training,2026-10-05T19:36:04.376264+00:00,4376.3000917211175,18805.0,97.0,270.24,55.0
training,2026-10-05T19:36:04.376264+00:00,4381.659743197262,18805.0,94.0,312.11,56.0
training,2026-10-05T19:36:04.376264+00:00,4387.121278844774,18805.0,96.0,305.12,59.0
training,2026-10-05T19:36:04.376264+00:00,4392.542502395809,18805.0,80.0,283.62,57.0
training,2026-10-05T19:36:04.376264+00:00,4397.96884868294,18805.0,94.0,266.82,58.0
training,2026-10-05T19:36:04.376264+00:00,4403.35769803822,18805.0,74.0,270.2,58.0
training,2026-10-05T19:36:04.376264+00:00,4408.720882795751,18805.0,80.0,289.86,61.0
training,2026-10-05T19:36:04.376264+00:00,4414.090978384018,18805.0,95.0,263.73,61.0
training,2026-10-05T19:36:04.376264+00:00,4419.485138997436,18805.0,95.0,288.13,59.0
training,2026-10-05T19:36:04.376264+00:00,4424.82516027987,18805.0,80.0,280.77,60.0
training,2026-10-05T19:36:04.376264+00:00,4430.274543963373,18805.0,94.0,295.9,60.0
training,2026-10-05T19:36:04.376264+00:00,4435.662219204009,18805.0,94.0,306.22,62.0
training,2026-10-05T19:36:04.376264+00:00,4441.025340422988,18805.0,99.0,296.44,60.0
training,2026-10-05T19:36:04.376264+00:00,4446.38607122004,18805.0,87.0,290.13,61.0
training,2026-10-05T19:36:04.376264+00:00,4451.799512945116,18805.0,80.0,284.37,61.0
training,2026-10-05T19:36:04.376264+00:00,4457.243704371154,18805.0,92.0,292.85,62.0
training,2026-10-05T19:36:04.376264+00:00,4462.680260628462,18805.0,91.0,303.85,61.0
training,2026-10-05T19:36:04.376264+00:00,4468.112520672381,18805.0,88.0,287.21,62.0
training,2026-10-05T19:36:04.376264+00:00,4473.509007245302,18805.0,89.0,285.12,64.0
training,2026-10-05T19:36:04.376264+00:00,4478.886998824775,18805.0,94.0,277.87,64.0
training,2026-10-05T19:36:04.376264+00:00,4484.259415008128,18805.0,94.0,267.81,63.0
training,2026-10-05T19:36:04.376264+00:00,4489.619177930057,18805.0,79.0,295.65,63.0
training,2026-10-05T19:36:04.376264+00:00,4494.983617305756,18805.0,87.0,305.91,65.0
training,2026-10-05T19:36:04.376264+00:00,4500.386910431087,18805.0,86.0,283.16,62.0
training,2026-10-05T19:36:04.376264+00:00,4505.786729104817,18805.0,73.0,294.61,62.0
training,2026-10-05T19:36:04.376264+00:00,4511.15529769659,18805.0,94.0,317.46,62.0
training,2026-10-05T19:36:04.376264+00:00,4516.531776048243,18805.0,87.0,280.35,65.0
training,2026-10-05T19:36:04.376264+00:00,4521.853543765843,18805.0,75.0,280.86,64.0
training,2026-10-05T19:36:04.376264+00:00,4527.234926730394,18805.0,95.0,304.61,64.0
training,2026-10-05T19:36:04.376264+00:00,4532.653198257089,18805.0,87.0,297.6,66.0
training,2026-10-05T19:36:04.376264+00:00,4538.1066353321075,18805.0,60.0,254.55,66.0
training,2026-10-05T19:36:04.376264+00:00,4543.474700130522,18805.0,2.0,183.89,58.0
training,2026-10-05T19:36:04.376264+00:00,4548.821387313306,18805.0,0.0,92.36,55.0
training,2026-10-05T19:36:04.376264+00:00,4554.18442363292,18805.0,0.0,90.19,53.0
training,2026-10-05T19:36:04.376264+00:00,4559.531469173729,18805.0,0.0,88.59,51.0
training,2026-10-05T19:36:04.376264+00:00,4564.87140610069,18805.0,0.0,87.81,49.0
training,2026-10-05T19:36:04.376264+00:00,4570.236154817045,18805.0,0.0,86.77,48.0
training,2026-10-05T19:36:04.376264+00:00,4575.598964810371,18805.0,0.0,86.03,46.0
training,2026-10-05T19:36:04.376264+00:00,4580.949270017445,18805.0,95.0,256.62,55.0
training,2026-10-05T19:36:04.376264+00:00,4586.4056318849325,18805.0,94.0,274.64,56.0
training,2026-10-05T19:36:04.376264+00:00,4591.749662175775,18805.0,87.0,278.98,56.0
training,2026-10-05T19:36:04.376264+00:00,4597.093224272132,18805.0,92.0,304.33,57.0
training,2026-10-05T19:36:04.376264+00:00,4602.465278290212,18805.0,95.0,289.87,57.0
training,2026-10-05T19:36:04.376264+00:00,4607.833169512451,18805.0,90.0,298.85,59.0
training,2026-10-05T19:36:04.376264+00:00,4613.20730818063,18805.0,87.0,302.35,59.0
training,2026-10-05T19:36:04.376264+00:00,4618.5278146490455,18805.0,98.0,306.41,60.0
training,2026-10-05T19:36:04.376264+00:00,4623.896937698126,18805.0,76.0,287.64,60.0
training,2026-10-05T19:36:04.376264+00:00,4629.2626104950905,18805.0,95.0,285.97,62.0
training,2026-10-05T19:36:04.376264+00:00,4634.5999828875065,18805.0,93.0,301.69,62.0
training,2026-10-05T19:36:04.376264+00:00,4639.962180167437,18805.0,91.0,279.89,63.0
training,2026-10-05T19:36:04.376264+00:00,4645.312635555863,18805.0,94.0,265.47,61.0
training,2026-10-05T19:36:04.376264+00:00,4650.65963165462,18805.0,94.0,296.05,63.0
training,2026-10-05T19:36:04.376264+00:00,4656.081179581583,18805.0,94.0,289.56,62.0
training,2026-10-05T19:36:04.376264+00:00,4661.432432942092,18805.0,98.0,301.28,64.0
training,2026-10-05T19:36:04.376264+00:00,4666.8642758876085,18805.0,93.0,309.21,62.0
training,2026-10-05T19:36:04.376264+00:00,4672.294321216643,18805.0,93.0,299.4,64.0
training,2026-10-05T19:36:04.376264+00:00,4677.668233588338,18805.0,74.0,303.53,64.0
training,2026-10-05T19:36:04.376264+00:00,4683.014696367085,18805.0,95.0,288.29,63.0
training,2026-10-05T19:36:04.376264+00:00,4688.461503267288,18805.0,94.0,300.46,65.0
training,2026-10-05T19:36:04.376264+00:00,4693.798304267228,18805.0,86.0,292.16,62.0
training,2026-10-05T19:36:04.376264+00:00,4699.192082591355,18805.0,95.0,277.59,65.0
training,2026-10-05T19:36:04.376264+00:00,4704.58431263268,18805.0,95.0,290.21,64.0
training,2026-10-05T19:36:04.376264+00:00,4709.998898163438,18805.0,95.0,288.18,66.0
training,2026-10-05T19:36:04.376264+00:00,4715.39206212014,18805.0,86.0,269.85,62.0
training,2026-10-05T19:36:04.376264+00:00,4720.774001896381,18805.0,87.0,282.69,62.0
training,2026-10-05T19:36:04.376264+00:00,4726.128635428846,18805.0,87.0,300.06,64.0
training,2026-10-05T19:36:04.376264+00:00,4731.5183567255735,18805.0,3.0,92.26,54.0
training,2026-10-05T19:36:04.376264+00:00,4736.860999234021,18805.0,0.0,89.79,52.0
training,2026-10-05T19:36:04.376264+00:00,4742.216874532402,18805.0,0.0,88.31,51.0
training,2026-10-05T19:36:04.376264+00:00,4747.6189837530255,18805.0,0.0,87.09,49.0
training,2026-10-05T19:36:04.376264+00:00,4752.998624801636,18805.0,0.0,86.47,48.0
training,2026-10-05T19:36:04.376264+00:00,4758.361766964197,18805.0,0.0,85.66,46.0
training,2026-10-05T19:36:04.376264+00:00,4763.7595374807715,18805.0,0.0,85.11,45.0
training,2026-10-05T19:36:04.376264+00:00,4769.121240355074,18805.0,92.0,268.93,53.0
training,2026-10-05T19:36:04.376264+00:00,4774.5377171859145,18805.0,78.0,285.4,54.0
training,2026-10-05T19:36:04.376264+00:00,4779.945641048253,18805.0,95.0,300.71,55.0
training,2026-10-05T19:36:04.376264+00:00,4785.313513293862,18805.0,94.0,294.79,56.0
training,2026-10-05T19:36:04.376264+00:00,4790.664996035397,18805.0,91.0,287.36,55.0
training,2026-10-05T19:36:04.376264+00:00,4796.004361435771,18805.0,89.0,300.06,57.0
training,2026-10-05T19:36:04.376264+00:00,4801.38593441993,18805.0,95.0,297.77,59.0
training,2026-10-05T19:36:04.376264+00:00,4806.702287510037,18805.0,99.0,301.23,60.0
training,2026-10-05T19:36:04.376264+00:00,4812.149848975241,18805.0,92.0,277.84,62.0
training,2026-10-05T19:36:04.376264+00:00,4817.569559887052,18805.0,78.0,243.76,63.0
training,2026-10-05T19:36:04.376264+00:00,4822.865938402712,18805.0,95.0,278.69,63.0
training,2026-10-05T19:36:04.376264+00:00,4828.25974278152,18805.0,82.0,276.51,62.0
training,2026-10-05T19:36:04.376264+00:00,4833.590376265347,18805.0,97.0,275.72,64.0
training,2026-10-05T19:36:04.376264+00:00,4838.96099678427,18805.0,95.0,295.04,65.0
training,2026-10-05T19:36:04.376264+00:00,4844.349327921867,18805.0,92.0,308.19,66.0
training,2026-10-05T19:36:04.376264+00:00,4849.702042467892,18805.0,96.0,291.59,65.0
training,2026-10-05T19:36:04.376264+00:00,4855.159647792578,18805.0,88.0,302.1,65.0
training,2026-10-05T19:36:04.376264+00:00,4860.492290452123,18805.0,88.0,301.13,67.0
training,2026-10-05T19:36:04.376264+00:00,4865.913564257324,18805.0,98.0,283.17,68.0
training,2026-10-05T19:36:04.376264+00:00,4871.252291664481,18805.0,95.0,305.93,67.0
training,2026-10-05T19:36:04.376264+00:00,4876.641904473305,18805.0,98.0,296.82,66.0
training,2026-10-05T19:36:04.376264+00:00,4882.030681587756,18805.0,95.0,285.76,68.0
training,2026-10-05T19:36:04.376264+00:00,4887.346881389618,18805.0,95.0,302.56,66.0
training,2026-10-05T19:36:04.376264+00:00,4892.787788391113,18805.0,94.0,315.08,66.0
training,2026-10-05T19:36:04.376264+00:00,4898.1607573106885,18805.0,76.0,283.7,66.0
training,2026-10-05T19:36:04.376264+00:00,4903.493141755462,18805.0,86.0,307.37,67.0
training,2026-10-05T19:36:04.376264+00:00,4908.889305271208,18805.0,91.0,288.05,68.0
training,2026-10-05T19:36:04.376264+00:00,4914.257985115051,18805.0,80.0,294.41,66.0
training,2026-10-05T19:36:04.376264+00:00,4919.627732664347,18805.0,83.0,312.59,67.0
training,2026-10-05T19:36:04.376264+00:00,4925.0269279778,18805.0,82.0,303.82,68.0
training,2026-10-05T19:36:04.376264+00:00,4930.379928037524,18805.0,94.0,303.73,66.0
training,2026-10-05T19:36:04.376264+00:00,4935.705505184829,18805.0,94.0,285.83,66.0
training,2026-10-05T19:36:04.376264+00:00,4941.044307954609,18805.0,90.0,305.65,67.0
training,2026-10-05T19:36:04.376264+00:00,4946.432464398444,18805.0,93.0,309.0,66.0
training,2026-10-05T19:36:04.376264+00:00,4951.8323583081365,18805.0,94.0,288.93,67.0
training,2026-10-05T19:36:04.376264+00:00,4957.187167853117,18805.0,96.0,286.31,68.0
training,2026-10-05T19:36:04.376264+00:00,4962.59322758764,18805.0,94.0,305.87,66.0
training,2026-10-05T19:36:04.376264+00:00,4967.961119621992,18805.0,96.0,282.3,66.0
training,2026-10-05T19:36:04.376264+00:00,4973.3489644005895,18805.0,89.0,300.19,66.0
training,2026-10-05T19:36:04.376264+00:00,4978.706841178238,18805.0,94.0,293.17,67.0
training,2026-10-05T19:36:04.376264+00:00,4984.093859061599,18805.0,92.0,301.9,66.0
training,2026-10-05T19:36:04.376264+00:00,4989.417312145233,18805.0,85.0,281.46,68.0
training,2026-10-05T19:36:04.376264+00:00,4994.791091181338,18805.0,82.0,247.3,65.0
training,2026-10-05T19:36:04.376264+00:00,5000.182721957564,18805.0,73.0,311.73,65.0
training,2026-10-05T19:36:04.376264+00:00,5005.582606993616,18805.0,74.0,310.76,65.0
training,2026-10-05T19:36:04.376264+00:00,5010.979011975229,18805.0,87.0,274.34,68.0
training,2026-10-05T19:36:04.376264+00:00,5016.391500137746,18805.0,77.0,284.34,68.0
training,2026-10-05T19:36:04.376264+00:00,5021.790809161961,18805.0,93.0,292.13,65.0
training,2026-10-05T19:36:04.376264+00:00,5027.162304036319,18805.0,73.0,300.6,64.0
training,2026-10-05T19:36:04.376264+00:00,5032.575811006129,18805.0,78.0,301.48,64.0
training,2026-10-05T19:36:04.376264+00:00,5037.949158191681,18805.0,80.0,310.75,66.0
training,2026-10-05T19:36:04.376264+00:00,5043.3567032292485,18805.0,94.0,309.93,66.0
training,2026-10-05T19:36:04.376264+00:00,5048.738901570439,18805.0,0.0,255.24,65.0
training,2026-10-05T19:36:04.376264+00:00,5054.1552644222975,18805.0,93.0,310.81,66.0
training,2026-10-05T19:36:04.376264+00:00,5059.5402426198125,18805.0,76.0,282.87,66.0
training,2026-10-05T19:36:04.376264+00:00,5064.945878811181,18805.0,94.0,295.83,66.0
training,2026-10-05T19:36:04.376264+00:00,5070.374425552785,18805.0,88.0,304.9,67.0
training,2026-10-05T19:36:04.376264+00:00,5075.7529937922955,18805.0,94.0,293.36,66.0
training,2026-10-05T19:36:04.376264+00:00,5081.139030687511,18805.0,78.0,266.86,68.0
training,2026-10-05T19:36:04.376264+00:00,5086.522358782589,18805.0,95.0,282.08,67.0
training,2026-10-05T19:36:04.376264+00:00,5091.90704844147,18805.0,92.0,290.18,65.0
training,2026-10-05T19:36:04.376264+00:00,5097.342983774841,18805.0,74.0,292.91,64.0
training,2026-10-05T19:36:04.376264+00:00,5102.719665959477,18805.0,98.0,282.21,66.0
training,2026-10-05T19:36:04.376264+00:00,5108.093879535794,18805.0,5.0,95.8,59.0
training,2026-10-05T19:36:04.376264+00:00,5113.447585813701,18805.0,0.0,92.12,56.0
training,2026-10-05T19:36:04.376264+00:00,5118.823091238737,18805.0,0.0,90.61,54.0
training,2026-10-05T19:36:04.376264+00:00,5124.174340896308,18805.0,0.0,89.28,52.0
training,2026-10-05T19:36:04.376264+00:00,5129.563154883683,18805.0,0.0,87.93,50.0
training,2026-10-05T19:36:04.376264+00:00,5134.884961009026,18805.0,0.0,87.09,49.0
training,2026-10-05T19:36:04.376264+00:00,5140.260927662253,18805.0,0.0,86.2,48.0
training,2026-10-05T19:36:04.376264+00:00,5145.625265724957,18805.0,95.0,264.58,56.0
training,2026-10-05T19:36:04.376264+00:00,5151.01459441334,18805.0,79.0,281.97,56.0
training,2026-10-05T19:36:04.376264+00:00,5156.410173013806,18805.0,98.0,294.45,57.0
training,2026-10-05T19:36:04.376264+00:00,5161.800332374871,18805.0,82.0,266.6,58.0
training,2026-10-05T19:36:04.376264+00:00,5167.180554829538,18805.0,76.0,272.78,59.0
training,2026-10-05T19:36:04.376264+00:00,5172.629728361964,18805.0,99.0,261.53,61.0
training,2026-10-05T19:36:04.376264+00:00,5178.033713288605,18805.0,92.0,273.92,60.0
training,2026-10-05T19:36:04.376264+00:00,5183.4359590783715,18805.0,99.0,268.63,62.0
training,2026-10-05T19:36:04.376264+00:00,5188.833025693893,18805.0,97.0,280.84,63.0
training,2026-10-05T19:36:04.376264+00:00,5194.20658057183,18805.0,82.0,287.43,61.0
training,2026-10-05T19:36:04.376264+00:00,5199.564820915461,18805.0,81.0,264.43,61.0
training,2026-10-05T19:36:04.376264+00:00,5204.938119895756,18805.0,94.0,292.58,61.0
training,2026-10-05T19:36:04.376264+00:00,5210.3116517961025,18805.0,94.0,273.26,62.0
training,2026-10-05T19:36:04.376264+00:00,5215.685013890266,18805.0,78.0,285.97,61.0
training,2026-10-05T19:36:04.376264+00:00,5221.052632004023,18805.0,76.0,301.39,64.0
training,2026-10-05T19:36:04.376264+00:00,5226.425970003009,18805.0,81.0,289.65,63.0
training,2026-10-05T19:36:04.376264+00:00,5231.82778840512,18805.0,99.0,291.91,65.0
training,2026-10-05T19:36:04.376264+00:00,5237.194406762719,18805.0,82.0,270.82,65.0
training,2026-10-05T19:36:04.376264+00:00,5242.571337096393,18805.0,84.0,308.34,62.0
training,2026-10-05T19:36:04.376264+00:00,5247.997594617307,18805.0,86.0,286.2,64.0
training,2026-10-05T19:36:04.376264+00:00,5253.350399978459,18805.0,0.0,269.1,59.0
training,2026-10-05T19:36:04.376264+00:00,5258.7599892914295,18805.0,96.0,288.86,64.0
training,2026-10-05T19:36:04.376264+00:00,5264.142127148807,18805.0,93.0,293.34,66.0
training,2026-10-05T19:36:04.376264+00:00,5269.539258994162,18805.0,95.0,296.15,66.0
training,2026-10-05T19:36:04.376264+00:00,5274.885954298079,18805.0,94.0,262.73,64.0
training,2026-10-05T19:36:04.376264+00:00,5280.318780429661,18805.0,91.0,293.65,64.0
training,2026-10-05T19:36:04.376264+00:00,5286.7772891148925,18805.0,77.0,310.42,63.0
training,2026-10-05T19:36:04.376264+00:00,5292.1754945367575,18805.0,96.0,299.84,64.0
training,2026-10-05T19:36:04.376264+00:00,5297.5835271552205,18805.0,94.0,296.26,66.0
training,2026-10-05T19:36:04.376264+00:00,5302.985075496137,18805.0,79.0,268.65,65.0
training,2026-10-05T19:36:04.376264+00:00,5308.385910652578,18805.0,4.0,94.86,57.0
training,2026-10-05T19:36:04.376264+00:00,5313.7564144432545,18805.0,0.0,91.94,54.0
training,2026-10-05T19:36:04.376264+00:00,5319.107144668698,18805.0,0.0,89.25,52.0
training,2026-10-05T19:36:04.376264+00:00,5324.477486312389,18805.0,0.0,88.41,50.0
training,2026-10-05T19:36:04.376264+00:00,5329.896228775382,18805.0,0.0,87.88,49.0
training,2026-10-05T19:36:04.376264+00:00,5335.266907520592,18805.0,0.0,86.65,48.0
training,2026-10-05T19:36:04.376264+00:00,5340.6851911991835,18805.0,0.0,85.9,46.0
training,2026-10-05T19:36:04.376264+00:00,5346.07231798023,18805.0,99.0,261.67,56.0
training,2026-10-05T19:36:04.376264+00:00,5351.529612131417,18805.0,92.0,269.05,55.0
training,2026-10-05T19:36:04.376264+00:00,5356.923127956688,18805.0,87.0,268.25,58.0
training,2026-10-05T19:36:04.376264+00:00,5362.373925454915,18805.0,81.0,280.67,59.0
training,2026-10-05T19:36:04.376264+00:00,5367.76976185292,18805.0,96.0,285.45,60.0
training,2026-10-05T19:36:04.376264+00:00,5373.157113566995,18805.0,93.0,301.8,59.0
training,2026-10-05T19:36:04.376264+00:00,5378.510723292828,18805.0,99.0,279.5,60.0
training,2026-10-05T19:36:04.376264+00:00,5383.8818623274565,18805.0,79.0,279.04,60.0
training,2026-10-05T19:36:04.376264+00:00,5389.230139628053,18805.0,95.0,270.05,61.0
training,2026-10-05T19:36:04.376264+00:00,5394.665729664266,18805.0,94.0,294.99,60.0
training,2026-10-05T19:36:04.376264+00:00,5400.078036420047,18805.0,94.0,300.48,63.0
training,2026-10-05T19:36:04.376264+00:00,5405.497553125024,18805.0,94.0,296.08,63.0
training,2026-10-05T19:36:04.376264+00:00,5410.910897418857,18805.0,94.0,280.63,61.0
training,2026-10-05T19:36:04.376264+00:00,5416.330993287265,18805.0,75.0,278.85,62.0
training,2026-10-05T19:36:04.376264+00:00,5421.708449728787,18805.0,92.0,299.98,62.0
training,2026-10-05T19:36:04.376264+00:00,5427.090691648424,18805.0,77.0,272.02,64.0
training,2026-10-05T19:36:04.376264+00:00,5432.491725727916,18805.0,95.0,301.8,64.0
training,2026-10-05T19:36:04.376264+00:00,5437.84928047657,18805.0,79.0,280.06,64.0
training,2026-10-05T19:36:04.376264+00:00,5443.2370405346155,18805.0,78.0,290.29,62.0
training,2026-10-05T19:36:04.376264+00:00,5448.673675104976,18805.0,82.0,296.01,63.0
training,2026-10-05T19:36:04.376264+00:00,5454.013026244938,18805.0,94.0,290.08,65.0
training,2026-10-05T19:36:04.376264+00:00,5459.378007940948,18805.0,81.0,288.15,63.0
training,2026-10-05T19:36:04.376264+00:00,5464.755574502051,18805.0,94.0,300.54,64.0
training,2026-10-05T19:36:04.376264+00:00,5470.180685870349,18805.0,96.0,270.92,65.0
training,2026-10-05T19:36:04.376264+00:00,5475.585003003478,18805.0,93.0,300.84,65.0
training,2026-10-05T19:36:04.376264+00:00,5480.933642953634,18805.0,80.0,286.43,66.0
training,2026-10-05T19:36:04.376264+00:00,5486.325198844075,18805.0,95.0,292.73,64.0
training,2026-10-05T19:36:04.376264+00:00,5491.774321496487,18805.0,77.0,305.63,66.0
training,2026-10-05T19:36:04.376264+00:00,5497.178155787289,18805.0,88.0,295.6,64.0
training,2026-10-05T19:36:04.376264+00:00,5502.629659190774,18805.0,95.0,305.95,66.0
training,2026-10-05T19:36:04.376264+00:00,5508.068814404309,18805.0,94.0,301.99,64.0
training,2026-10-05T19:36:04.376264+00:00,5513.490179747343,18805.0,98.0,288.83,65.0
training,2026-10-05T19:36:04.376264+00:00,5518.855302624404,18805.0,4.0,94.94,57.0
training,2026-10-05T19:36:04.376264+00:00,5524.250862233341,18805.0,0.0,90.93,54.0
training,2026-10-05T19:36:04.376264+00:00,5529.652993842959,18805.0,0.0,89.13,52.0
training,2026-10-05T19:36:04.376264+00:00,5535.141376934946,18805.0,0.0,88.44,50.0
training,2026-10-05T19:36:04.376264+00:00,5540.568709045649,18805.0,0.0,87.16,49.0
training,2026-10-05T19:36:04.376264+00:00,5545.975892953575,18805.0,0.0,86.41,47.0
training,2026-10-05T19:36:04.376264+00:00,5551.3218062222,18805.0,0.0,85.18,46.0
training,2026-10-05T19:36:04.376264+00:00,5556.687460042536,18805.0,0.0,85.06,45.0
training,2026-10-05T19:36:04.376264+00:00,5562.083823375404,18805.0,78.0,260.33,53.0
training,2026-10-05T19:36:04.376264+00:00,5567.527011543512,18805.0,92.0,265.62,56.0
training,2026-10-05T19:36:04.376264+00:00,5572.896937429905,18805.0,94.0,300.89,55.0
training,2026-10-05T19:36:04.376264+00:00,5578.391799420118,18805.0,94.0,276.33,54.0
training,2026-10-05T19:36:04.376264+00:00,5583.76968678087,18805.0,95.0,294.72,57.0
training,2026-10-05T19:36:04.376264+00:00,5589.125772058964,18805.0,83.0,279.37,59.0
training,2026-10-05T19:36:04.376264+00:00,5594.482064336538,18805.0,84.0,274.55,60.0
training,2026-10-05T19:36:04.376264+00:00,5599.775520719588,18805.0,85.0,284.11,59.0
training,2026-10-05T19:36:04.376264+00:00,5605.176642462611,18805.0,95.0,285.43,58.0
training,2026-10-05T19:36:04.376264+00:00,5610.621733389795,18805.0,77.0,298.33,57.0
training,2026-10-05T19:36:04.376264+00:00,5616.053975440562,18805.0,91.0,273.26,60.0
training,2026-10-05T19:36:04.376264+00:00,5621.505664885044,18805.0,95.0,298.9,59.0
training,2026-10-05T19:36:04.376264+00:00,5626.934550464153,18805.0,95.0,287.86,60.0
training,2026-10-05T19:36:04.376264+00:00,5632.379943929613,18805.0,94.0,288.41,62.0
training,2026-10-05T19:36:04.376264+00:00,5637.7913922816515,18805.0,99.0,300.08,63.0
training,2026-10-05T19:36:04.376264+00:00,5643.195598311722,18805.0,99.0,286.73,63.0
training,2026-10-05T19:36:04.376264+00:00,5648.6302508711815,18805.0,95.0,299.33,62.0
training,2026-10-05T19:36:04.376264+00:00,5654.06054289639,18805.0,93.0,290.26,61.0
training,2026-10-05T19:36:04.376264+00:00,5659.476599872112,18805.0,79.0,289.68,60.0
training,2026-10-05T19:36:04.376264+00:00,5664.85117444396,18805.0,94.0,278.47,63.0
training,2026-10-05T19:36:04.376264+00:00,5670.273980982602,18805.0,81.0,296.79,60.0
training,2026-10-05T19:36:04.376264+00:00,5675.64658048749,18805.0,94.0,294.28,64.0
training,2026-10-05T19:36:04.376264+00:00,5681.086481168866,18805.0,95.0,299.78,62.0
training,2026-10-05T19:36:04.376264+00:00,5686.498314291239,18805.0,99.0,288.04,62.0
training,2026-10-05T19:36:04.376264+00:00,5691.959707476199,18805.0,92.0,283.8,63.0
training,2026-10-05T19:36:04.376264+00:00,5697.333678856492,18805.0,94.0,268.03,64.0
training,2026-10-05T19:36:04.376264+00:00,5702.7144515663385,18805.0,84.0,281.76,63.0
training,2026-10-05T19:36:04.376264+00:00,5708.120057158172,18805.0,94.0,314.73,64.0
training,2026-10-05T19:36:04.376264+00:00,5713.560178257525,18805.0,75.0,279.89,64.0
training,2026-10-05T19:36:04.376264+00:00,5718.9168311953545,18805.0,94.0,297.48,62.0
training,2026-10-05T19:36:04.376264+00:00,5724.274368792772,18805.0,90.0,265.16,62.0
training,2026-10-05T19:36:04.376264+00:00,5729.64706543088,18805.0,95.0,290.64,64.0
training,2026-10-05T19:36:04.376264+00:00,5735.0211096554995,18805.0,94.0,286.46,61.0
training,2026-10-05T19:36:04.376264+00:00,5740.335446514189,18805.0,85.0,269.0,64.0
training,2026-10-05T19:36:04.376264+00:00,5745.6748445779085,18805.0,84.0,279.87,65.0
training,2026-10-05T19:36:04.376264+00:00,5751.1028693169355,18805.0,96.0,268.36,63.0
training,2026-10-05T19:36:04.376264+00:00,5756.484420262277,18805.0,94.0,312.64,65.0
training,2026-10-05T19:36:04.376264+00:00,5761.819584384561,18805.0,92.0,280.27,64.0
training,2026-10-05T19:36:04.376264+00:00,5767.19577319175,18805.0,90.0,307.24,65.0
training,2026-10-05T19:36:04.376264+00:00,5772.596487082541,18805.0,93.0,281.41,66.0
training,2026-10-05T19:36:04.376264+00:00,5777.956326186657,18805.0,79.0,307.96,64.0
training,2026-10-05T19:36:04.376264+00:00,5783.422946184874,18805.0,82.0,314.02,66.0
training,2026-10-05T19:36:04.376264+00:00,5788.798640742898,18805.0,44.0,283.71,61.0
training,2026-10-05T19:36:04.376264+00:00,5794.203148677945,18805.0,78.0,289.48,66.0
training,2026-10-05T19:36:04.376264+00:00,5799.578140467405,18805.0,100.0,301.44,65.0
training,2026-10-05T19:36:04.376264+00:00,5805.01091106981,18805.0,93.0,299.03,66.0
training,2026-10-05T19:36:04.376264+00:00,5810.382080771029,18805.0,98.0,283.97,66.0
training,2026-10-05T19:36:04.376264+00:00,5815.750826358795,18805.0,82.0,282.94,66.0
training,2026-10-05T19:36:04.376264+00:00,5821.150455877185,18805.0,86.0,283.23,64.0
training,2026-10-05T19:36:04.376264+00:00,5826.559399552643,18805.0,93.0,286.52,66.0
training,2026-10-05T19:36:04.376264+00:00,5831.9489088356495,18805.0,77.0,278.38,65.0
training,2026-10-05T19:36:04.376264+00:00,5837.328348577023,18805.0,94.0,280.23,64.0
training,2026-10-05T19:36:04.376264+00:00,5842.743664115667,18805.0,95.0,301.38,62.0
training,2026-10-05T19:36:04.376264+00:00,5848.2721013352275,18805.0,95.0,291.33,64.0
training,2026-10-05T19:36:04.376264+00:00,5853.698548987508,18805.0,93.0,313.81,65.0
training,2026-10-05T19:36:04.376264+00:00,5859.107583485544,18805.0,84.0,264.43,67.0
training,2026-10-05T19:36:04.376264+00:00,5864.515702493489,18805.0,87.0,294.94,67.0
training,2026-10-05T19:36:04.376264+00:00,5869.893281966448,18805.0,77.0,285.77,65.0
training,2026-10-05T19:36:04.376264+00:00,5875.269386291504,18805.0,81.0,287.24,67.0
training,2026-10-05T19:36:04.376264+00:00,5880.666523218155,18805.0,94.0,310.27,64.0
training,2026-10-05T19:36:04.376264+00:00,5886.033358283341,18805.0,95.0,302.38,65.0
training,2026-10-05T19:36:04.376264+00:00,5891.391219615936,18805.0,95.0,301.51,64.0
training,2026-10-05T19:36:04.376264+00:00,5896.740051925182,18805.0,96.0,304.22,66.0
training,2026-10-05T19:36:04.376264+00:00,5902.179245039821,18805.0,4.0,96.13,58.0
training,2026-10-05T19:36:04.376264+00:00,5907.559247791767,18805.0,0.0,92.46,55.0
training,2026-10-05T19:36:04.376264+00:00,5912.982620663941,18805.0,0.0,89.85,53.0
training,2026-10-05T19:36:04.376264+00:00,5918.391494646668,18805.0,0.0,88.79,51.0
training,2026-10-05T19:36:04.376264+00:00,5923.787447325885,18805.0,0.0,88.32,50.0
training,2026-10-05T19:36:04.376264+00:00,5929.175817206502,18805.0,0.0,86.9,48.0
training,2026-10-05T19:36:04.376264+00:00,5934.644129350781,18805.0,0.0,86.17,47.0
training,2026-10-05T19:36:04.376264+00:00,5940.021073631942,18805.0,0.0,85.33,46.0
training,2026-10-05T19:36:04.376264+00:00,5945.418516486883,18805.0,95.0,311.05,56.0
training,2026-10-05T19:36:04.376264+00:00,5950.7674103453755,18805.0,75.0,306.39,54.0
training,2026-10-05T19:36:04.376264+00:00,5956.169424332678,18805.0,77.0,275.7,58.0
training,2026-10-05T19:36:04.376264+00:00,5961.594817779958,18805.0,94.0,292.89,56.0
training,2026-10-05T19:36:04.376264+00:00,5966.964451037347,18805.0,94.0,272.01,59.0
training,2026-10-05T19:36:04.376264+00:00,5972.385405622423,18805.0,95.0,296.41,60.0
training,2026-10-05T19:36:04.376264+00:00,5977.712422519922,18805.0,86.0,287.85,59.0
training,2026-10-05T19:36:04.376264+00:00,5983.091252408922,18805.0,92.0,308.54,60.0
training,2026-10-05T19:36:04.376264+00:00,5988.433681100607,18805.0,89.0,272.76,60.0
training,2026-10-05T19:36:04.376264+00:00,5993.746826224029,18805.0,77.0,290.87,61.0
training,2026-10-05T19:36:04.376264+00:00,5999.168512322009,18805.0,98.0,298.69,63.0
training,2026-10-05T19:36:04.376264+00:00,6004.626884825528,18805.0,93.0,301.61,60.0
training,2026-10-05T19:36:04.376264+00:00,6010.0194126442075,18805.0,96.0,287.8,60.0
training,2026-10-05T19:36:04.376264+00:00,6015.485518313944,18805.0,78.0,276.74,63.0
training,2026-10-05T19:36:04.376264+00:00,6020.88907584548,18805.0,87.0,295.17,62.0
training,2026-10-05T19:36:04.376264+00:00,6026.291026704013,18805.0,93.0,302.97,62.0
training,2026-10-05T19:36:04.376264+00:00,6031.628633648157,18805.0,95.0,306.78,60.0
training,2026-10-05T19:36:04.376264+00:00,6037.054231904447,18805.0,94.0,299.99,61.0
training,2026-10-05T19:36:04.376264+00:00,6042.5161805823445,18805.0,82.0,290.89,64.0
training,2026-10-05T19:36:04.376264+00:00,6047.93290887773,18805.0,76.0,269.94,62.0
training,2026-10-05T19:36:04.376264+00:00,6053.262875892222,18805.0,80.0,243.49,60.0
training,2026-10-05T19:36:04.376264+00:00,6058.589878559113,18805.0,89.0,285.21,64.0
training,2026-10-05T19:36:04.376264+00:00,6064.012768507004,18805.0,65.0,266.23,63.0
training,2026-10-05T19:36:04.376264+00:00,6069.358275160193,18805.0,75.0,298.11,65.0
training,2026-10-05T19:36:04.376264+00:00,6074.762283608317,18805.0,94.0,262.58,62.0
training,2026-10-05T19:36:04.376264+00:00,6080.183566354215,18805.0,92.0,298.24,65.0
training,2026-10-05T19:36:04.376264+00:00,6085.563020721078,18805.0,0.0,93.9,56.0
training,2026-10-05T19:36:04.376264+00:00,6090.972624234855,18805.0,0.0,90.85,53.0
training,2026-10-05T19:36:04.376264+00:00,6096.362336464226,18805.0,0.0,89.13,51.0
training,2026-10-05T19:36:04.376264+00:00,6101.689657069743,18805.0,0.0,88.39,49.0
training,2026-10-05T19:36:04.376264+00:00,6107.091193720698,18805.0,0.0,87.11,48.0
training,2026-10-05T19:36:04.376264+00:00,6112.442055419087,18805.0,0.0,86.2,46.0
training,2026-10-05T19:36:04.376264+00:00,6117.825812004507,18805.0,0.0,85.3,45.0
training,2026-10-05T19:36:04.376264+00:00,6123.265686921775,18805.0,7.0,84.77,44.0
training,2026-10-05T19:36:04.376264+00:00,6128.652486287057,2021.0,0.0,84.15,43.0
training,2026-10-05T19:36:04.376264+00:00,6134.084076412022,2021.0,0.0,83.52,42.0
training,2026-10-05T19:36:04.376264+00:00,6139.466939553618,2021.0,0.0,82.7,41.0
training,2026-10-05T19:36:04.376264+00:00,6144.782111413777,2021.0,0.0,82.07,41.0
training,2026-10-05T19:36:04.376264+00:00,6150.148200087249,2021.0,0.0,82.07,40.0
training,2026-10-05T19:36:04.376264+00:00,6155.578255876899,2021.0,0.0,81.38,40.0
training,2026-10-05T19:36:04.376264+00:00,6160.982083491981,2021.0,0.0,81.41,39.0
training,2026-10-05T19:36:04.376264+00:00,6166.3930340483785,2641.0,11.0,82.16,39.0
training,2026-10-05T19:36:04.376264+00:00,6171.735935360193,10657.0,99.0,280.58,49.0
training,2026-10-05T19:36:04.376264+00:00,6177.157916896045,2009.0,0.0,83.88,41.0
diagnostics,2026-10-05T21:19:47.300345+00:00,0.34402603656053543,0.0,0.0,90.37,41.0
diagnostics,2026-10-05T21:19:47.300345+00:00,5.718411676585674,0.0,0.0,63.0,39.0
diagnostics,2026-10-05T21:19:47.300345+00:00,11.116251848638058,0.0,0.0,35.29,37.0
diagnostics,2026-10-05T21:19:47.300345+00:00,16.49787937104702,3.0,0.0,34.93,36.0
diagnostics,2026-10-05T21:19:47.300345+00:00,21.879648491740227,9427.0,25.0,210.69,40.0
diagnostics,2026-10-05T21:19:47.300345+00:00,27.245769821107388,9427.0,84.0,221.29,42.0
diagnostics,2026-10-05T21:19:47.300345+00:00,32.61432993412018,10227.0,97.0,244.35,45.0
diagnostics,2026-10-05T21:19:47.300345+00:00,38.009578585624695,10227.0,11.0,201.76,45.0
diagnostics,2026-10-05T21:19:47.300345+00:00,43.41367306560278,10227.0,96.0,216.83,48.0
diagnostics,2026-10-05T21:19:47.300345+00:00,48.8019805252552,10227.0,97.0,218.66,48.0
diagnostics,2026-10-05T21:19:47.300345+00:00,54.20309180766344,10227.0,96.0,235.18,48.0
diagnostics,2026-10-05T21:19:47.300345+00:00,59.5615773499012,10227.0,94.0,228.52,48.0
diagnostics,2026-10-05T21:19:47.300345+00:00,64.94884668290615,10227.0,66.0,224.26,47.0
diagnostics,2026-10-05T21:19:47.300345+00:00,70.3001791164279,10227.0,93.0,235.6,48.0
diagnostics,2026-10-05T21:19:47.300345+00:00,75.61433078348637,10227.0,96.0,244.25,51.0
diagnostics,2026-10-05T21:19:47.300345+00:00,80.98418178409338,10227.0,98.0,237.98,51.0
diagnostics,2026-10-05T21:19:47.300345+00:00,86.35019320994616,10227.0,96.0,246.32,53.0
diagnostics,2026-10-05T21:19:47.300345+00:00,91.73484595119953,10227.0,89.0,245.7,53.0
diagnostics,2026-10-05T21:19:47.300345+00:00,97.03561310470104,10227.0,31.0,219.94,52.0
diagnostics,2026-10-05T21:19:47.300345+00:00,102.40081936866045,10227.0,73.0,233.14,52.0
diagnostics,2026-10-05T21:19:47.300345+00:00,107.7998681217432,10227.0,97.0,234.24,53.0
diagnostics,2026-10-05T21:19:47.300345+00:00,113.15955662727356,10227.0,26.0,215.46,50.0
diagnostics,2026-10-05T21:19:47.300345+00:00,118.5360586643219,10227.0,59.0,224.68,53.0
diagnostics,2026-10-05T21:19:47.300345+00:00,123.88655430823565,10227.0,92.0,221.32,55.0
diagnostics,2026-10-05T21:19:47.300345+00:00,129.26935596764088,10227.0,96.0,214.71,54.0
diagnostics,2026-10-05T21:19:47.300345+00:00,134.64102344214916,10227.0,96.0,234.01,53.0
diagnostics,2026-10-05T21:19:47.300345+00:00,139.99327601492405,10227.0,0.0,139.38,49.0
diagnostics,2026-10-05T21:19:47.300345+00:00,145.3958839699626,581.0,0.0,85.93,47.0
diagnostics,2026-10-05T21:19:47.300345+00:00,150.7230455726385,9459.0,97.0,245.57,52.0
diagnostics,2026-10-05T21:19:47.300345+00:00,156.08403066545725,10259.0,96.0,214.81,54.0
diagnostics,2026-10-05T21:19:47.300345+00:00,161.46011370420456,10259.0,96.0,226.37,54.0
diagnostics,2026-10-05T21:19:47.300345+00:00,166.85306556522846,581.0,0.0,90.88,47.0
diagnostics,2026-10-05T21:19:47.300345+00:00,172.22253409028053,581.0,0.0,85.12,46.0
diagnostics,2026-10-05T21:19:47.300345+00:00,177.5795180797577,9459.0,71.0,231.99,51.0
diagnostics,2026-10-05T21:19:47.300345+00:00,182.98898047953844,10259.0,96.0,216.24,53.0
diagnostics,2026-10-05T21:19:47.300345+00:00,188.39857979863882,10259.0,61.0,196.57,49.0
diagnostics,2026-10-05T21:19:47.300345+00:00,193.79846871644258,581.0,0.0,89.89,47.0
performance,2026-10-05T21:23:01.317981+00:00,0.393133208155632,0.0,0.0,87.14,46.0
performance,2026-10-05T21:23:01.317981+00:00,5.72251783311367,0.0,0.0,64.98,44.0
performance,2026-10-05T21:23:01.317981+00:00,11.091385677456856,433.0,0.0,84.25,43.0
performance,2026-10-05T21:23:01.317981+00:00,16.495858944952488,3725.0,0.0,243.84,47.0
