key,group,split,tp,fp,fn,tn,support,predicted_pixels,iou,precision,recall,iou:person,iou:truck,iou:rail-track,iou:vegetation-overgrowth,iou:car,iou:on-rails,iou:traffic-sign,iou:road,iou:sidewalk,iou:construction,iou:tram-track,iou:pole,iou:traffic-light,iou:mud-pumping,iou:fence,iou:terrain,iou:sky,iou:rail-embedded,iou:rail-raised,iou:trackbed,iou:standing-water,image_sha256,mask_decoded_sha256,prediction_sha256
flooded-road-crossing/0272,flooded-road-crossing,train,0,0,0,2073600,0,0,,,,,,,,0.9768238861904879,,,0.5813716531311806,,0.7333214572013895,,0.0,,,0.0,0.8951928246045893,0.988327153283527,,0.0,,0.7674727491971012,1a64c22d40183eaa53211aeb2ab21c5cbf2a328ca7b2d6716a58fff64bb7291d,2ae0b928ea09fecae228600e65afc5ccf5aeab55c6186e155c041878168d2b7b,119e4c7d9221f62d21380defafa5945c96e153daef0e81b0325c1db175cba02d
flooded-road-crossing/0273,flooded-road-crossing,train,0,0,0,2073600,0,0,,,,,,,,,,,0.0,,0.8147848678454972,,,,,0.0,0.7901818679591959,,,0.0,,0.9392890669791647,4f42631f3a3bf1174b11d6978aa00479044e989be0e1722cf53a2a7d698ca4da,d71932fbc886eb13c90b1ecf925dd2ed196974dc2b78b22dae98b2b052263ceb,627cb33b3441fb4dca9151642eccefea149049141f4d977e7e85c5a475aa0286
flooded-road-crossing/0274,flooded-road-crossing,train,0,0,0,2073600,0,0,,,,,,,,,,,0.6430681602119694,,0.0,,0.0,,,,0.45079508788031,,,,0.0,0.5116983881852697,5eac815d6dcafeaed42ca25116f35fe30e4598159ae3b155d664bf6b7378427a,92f986c0cf867798fb963a56a3cc9a99da42fa01c35481b1810a31fc272e5aab,4dc1134db8e2f693fce3f251b029d780ca819f6c5f95440e9d1155100b22f4a3
flooded-station-platform/0298,flooded-station-platform,train,0,0,0,2073600,0,0,,,,0.896596767045322,,0.7636251770664911,,,0.9566563092887288,,0.0,0.9770281411919447,0.9590809634755334,,0.0,,,,0.0,,,0.8188247011952191,,0.9007713551090373,f0194c9f5092ef4a9f5211064d986408ef94a7c44752b254cf2a6cb67600d64a,9c2a8282ac3b685c1b4f7d0eada263e2c6deb4d18423159e43b764c65f2afc9f,a34b144919c43d1959912136a07d7b6303c0b09b41063dfa6e31a4a25a0d2b37
flooded-station-platform/0299,flooded-station-platform,train,0,0,0,2073600,0,0,,,,,,0.8857668519847203,,,,,0.0,0.9024082137289684,0.9317223187118848,,,,,0.0,,,,0.8788215962441315,0.0,0.9696141106379195,2e8151e2e6b02fcc2163c50aa86d9e5e0134c8e81d7ed74c33832a121b91dcaf,ac007d07fbb9218cd6a46518c8161c36b300c81f837d4ca78ee881cc5c1285ad,63998a5d44cb135e6462278dd84ff9f584824f8621153ea773b665d6ad21fe90
flooded-station-platform/0300,flooded-station-platform,train,0,0,0,1958520,0,0,,,,,,0.9088713873091621,,,,,,,0.9863879808083942,,,,,,,,,0.8952320381194666,,0.9430800657860388,aa5009748eb469829d461d7b4e9a1e63aced662acde1baab34479670671c9cfc,71b71d95fce3df9c264c4586d0b956bfa611ac012f0c0847d66c466d4e709978,eeb8256419853ec519f8873d2b22d428d5353ea34eb3018eb8d4aa67e825ad2d
flooded-station-platform/0301,flooded-station-platform,train,0,0,0,2073600,0,0,,,,,,0.9404677991833534,,,,,,,0.9943788274948504,,,,,,,,,0.9365603737454674,,0.9680413891257381,b6bfd2eb1a154fe26098279bca8d8165e5aa045fad56b687663d941cba56bfda,7894d14854f9ccbb4158b0466157085afe2d2c32ff1bb92ff09db44e499d08ca,0511c4d6fab2f0204c15eabc2f89ae34b9f229a5f58ce15f29b647ac6dd9a1cd
flooded-station-platform/0302,flooded-station-platform,train,0,0,0,2073600,0,0,,,,,,0.9574818793384284,,,,,,0.0,0.995677251933432,,,,,,,,,0.9582175620648415,,0.9887188334529977,0758d8245392d38d69bb520d6aa46dd39d38ccdfa9c8011ae15e78d2a3d0dfae,00ea88ab0410bcf15bd3202f7dbdea2d25333ff4bec6c06d01c990410360a826,6b8d7f85ce10e90318840c027e5860aaa2028dcf28a51e8dbc0e15c08d713293
flooded-station-platform/0303,flooded-station-platform,train,0,585,0,2073015,0,585,0.0,0.0,,0.0,0.0,0.9432383653474281,0.04914004914004914,,0.8555782886027199,0.46681824641182323,0.0,0.827576190838769,0.8835748155442946,,0.4096513480030677,0.3920792079207921,0.0,0.4337873833293631,0.526151581013812,0.6719383087178147,,0.8505357806848528,0.8417012119451852,0.8928126895425682,e62cac97ea08c225e113869af1e24539312d59ae8b1ea981d8625c7d8c85968b,e39d3cc9f2e733f410aab08b883c5b815fc0b7cec4923951527119e1188c966a,126824618799c0c51aad66996bf5288e4edd4014e3ac5dc09a4e5cbc48b02e85
flooded-station-platform/0304,flooded-station-platform,train,0,0,0,2073600,0,0,,,,,,0.8140189917942918,,,,,,,0.9795874235414267,,,,,,0.0,,,0.8930565810906581,0.0,0.91046218316449,c9797d293e9f42ce5aacd15adf5adeae5aabd49c586206b065f6f9ae8218987a,fdcfa33e5312540d1fe6a49626ab748f10be173352f093e26fb20c90e293784a,eb7a3a8cb51d4d60439d815d335e8626baa2c343f9a0351e0ebe9aca5fb4a959
flooded-station-platform/0305,flooded-station-platform,train,0,0,0,2073600,0,0,,,,,,0.9459811120206228,,,,,,0.9389311042496483,0.9934593640300154,,,,,,,,,0.955596697271221,,0.9629500266469889,10d64186056082ebd4e47902c4c0de8902ac70f0ef5c2e64b7a35ce344eeda23,e7d2de4d96aec0a8b3246ae5cbcc210d76914bab2c93070d8a83137bb7c9c701,4ddbe21795441f1946b3f02f7b8bbbe077ee1b067ab5cb306c4ea6668277f7e9
flooded-stone-bridge/0270,flooded-stone-bridge,train,0,0,0,589824,0,0,,,,,,0.0,0.9572243026952382,,,,,,,,,,,,,0.7446927374301676,,0.7542845199944267,0.27346938775510204,0.906273245722787,d8aff7595858cbf04c9e2b85dc09bc865c9a2ad58b92c41e823fb4a084f4bada,fd6955216cc66b2eee2cfcf1242e63211c7bcc1bf86fb2ab9d8a15726ce917af,1c92574b78d2d79a9ce40003893907c931468366942c69686a3de02d07febdf0
flooded-stone-bridge/0271,flooded-stone-bridge,train,0,0,0,698368,0,0,,,,,,0.0,,,,,,,0.9341988039404427,,0.37501591748376417,,,,0.6085252446565071,0.9680974477958236,,0.6716542556893312,,0.9436616976629201,f5180763e414fb42a131798a9a989ba50a68fa194643d48809aba9a9130498ed,2368f3e5da46a76defb9ae32ea5cfde760f7cd9dad6b26b038b2df07dbeee742,7b952a1775f20360552a0a4d6657b2d18b1b7714df3a9c162dbd8b37f1e6e367
flooded-stone-bridge/0310,flooded-stone-bridge,train,0,0,0,921222,0,0,,,,,,0.40798986753918415,,0.786752281176073,,0.6860358291226458,0.8340689880660455,,0.8956855464420306,,0.5834948633456096,0.2462406015037594,,0.8215965839183614,0.9281075143318115,0.9109982884286236,,0.8523354106250386,0.8485314639211506,0.843111988333501,244d2e5e9d27aab38bd91e338efee542e9ef1b32b81f5b1d04e493988fd9fb15,e7400d491f361454e85ea2bdd892beb8058b0cd329a928274504f090705578d3,11429a0fe6f849d016f6829448dc551352ac02f071a0ad5c9a743b8533f15e9a
flooded-stone-bridge/0311,flooded-stone-bridge,train,0,0,0,921600,0,0,,,,,,0.5005107252298263,,0.0,,0.3574144486692015,,0.0,0.9715241573793691,,0.5437948922585794,0.3630229419703104,,0.5541113695443973,0.891448993068851,0.9400112760759256,,0.7555148877238105,0.5850291562537189,0.9282444271061566,3ec9872d416c77c2223a85177374f753b9fa22546177d378a402366f3a00fac8,1f576c93da65df63c0f97c19e0f4a5a88fa854a978139bb0b399a9b0722ff0ce,81cafa0843dbda59eb7632ce6dbfca21044fa5b4857147ec4598fe3a64406e24
green-roadside-cab-view/0174,green-roadside-cab-view,train,0,0,0,2066880,0,0,,,,,,0.97552224525594,,,,,0.9677795503158376,,0.8358997931509997,,0.7084261321455085,,,0.7386680172195492,0.955669434728226,0.9879270565962579,,0.8277020218983006,0.8800556662209731,,ac8756b81048f48af6d2c3fee710b8b43f34a4e658cde8c09bb9f690902790e5,1d89a374fa0d7ed2a6e6429295a1bbd6e07539abb712f5298181462289d6c8e5,61a91e0e3aea1be6d5e74f3d0a8ae09337d12d1b365d56aa9f0a1724e5ff3a21
green-roadside-cab-view/0200,green-roadside-cab-view,train,0,0,0,2068190,0,0,,,,,,0.8929341464917144,0.19963369963369965,,,0.8492849284928493,0.9113350582407957,,,0.9334455105255621,0.8078684235118213,,,,0.98200667556848,0.9905851073161318,0.7540057988707463,0.777960208615028,0.0,,647d89550b9094d69144e9eb687405a9b548e981193dfb8682ee2e38bdb37aa6,f46c80584a147ea51bb34d9112360631c5f11d0019df6dd603d23b6e150c5218,42d31d3ad41150547a9128be3b7e80c6a273c73fac59181ab172bd87cbb4c468
green-roadside-cab-view/0201,green-roadside-cab-view,train,0,0,0,1982593,0,0,,,,,,0.9628916565859642,,,,0.0,0.8323379461034232,,,0.8839485161153069,0.7932165835783374,,,,0.9842305056980618,0.9906951963427313,0.713302752293578,0.8177629201301048,0.8838399516066127,,cec5a4a2267098df2b64c119ce4e99aacc9014722b05125b92bd8da623cddee4,55581854220617568ef435d0ce1a25842c7ab9554e57da4b56132ea6a7b2c5f0,a2a71d01f00fdf456bf53bbdb00fd5702d7c876bfbd2c843a9bc00e3a539851e
green-roadside-cab-view/0202,green-roadside-cab-view,train,0,0,0,2067734,0,0,,,,,,0.9224294339847119,0.6585641025641026,,,0.3275862068965517,0.8526513814519703,0.14863013698630137,0.9107429981677448,0.9731707896675459,0.7156496821421692,,,0.7931939795979718,0.9408001102115079,0.9879958922820766,0.8009606724707296,0.6633291614518148,0.836277586971883,,318bdc8615a85a559ef35aac3c3b7f2506709bbb305ce03e4e8ea37ade4d7da2,0f3fd0d5280d3287ce8cec97acdffe99355f4a4f1aa7868d9c5c404b03adc696,a1a8f85279e5dfccff3fb481fd3bcac52044b9c72c00a39146beeef70a275685
green-roadside-cab-view/0203,green-roadside-cab-view,train,0,0,0,2067867,0,0,,,,,0.9650362782757149,0.9781852031730613,,0.7841516771998055,,0.7215447154471545,0.8718340611353712,,0.5663943616850873,,0.41963478575302837,,,0.9178756989015335,0.9714118063652166,0.9918222701651499,,0.7473787146194383,0.8659306413807799,,18638926136c9e885bad8a5394a86973d90d5ed5638573e5985654dec64db548,e71b82e1e191ebb38f5c61ef1b0d128e6e5a11962065312506493cb014a6a361,58aeb131e700f26c3dcd80301436f60063163b7c986d0a3acc212be3fd683c10
green-roadside-cab-view/0204,green-roadside-cab-view,train,0,0,0,2067867,0,0,,,,,0.9199748200023606,0.9663567341549296,,0.0,,,0.6011429932134777,,0.25810372771474877,,0.0,,,0.7381275661612261,0.9553398346616504,0.9946466732693419,,0.6980329611908559,0.9081967839272755,,cb34ab4d9a1966c9d974500a92359ca204a93a0c8283bcc59a5f16456005f1dc,f8a201f8055169f4e1fc3ed4547ed752839f649ac12fc2ace4db3701d27241e9,824cff1d49bd1b21bdec0b3dac0fc33f29b0f0f9862e140028544652ec37054e
green-roadside-cab-view/0205,green-roadside-cab-view,train,0,0,0,2067867,0,0,,,,,0.9331128521656085,0.9620418677022451,,,,0.6439393939393939,0.8643270377957365,,0.05945668887749872,,0.3189068875973785,,,0.0,0.9828560778564791,0.9921786030756308,,0.6855230658911641,0.9346069308624751,,84c3ad934ba556452a390cf9a7615f786d7bada1f0ce3bec466c1ccd2a89b441,54f8b882502e1aba4a8f31dfe42009d9359e4354cbb6ad2a4af730894c4a64a2,0a6cf385253a577237494f96fa4718d0134d6d5cab496abd71c91b00d045f8f1
green-roadside-cab-view/0206,green-roadside-cab-view,train,0,0,0,2073600,0,0,,,,,0.9576931266740634,0.9718403264889682,,0.0,,,0.9394848712178044,,0.7625195978972609,,0.8473455693704361,,,0.8653314007115562,0.9779172634995265,0.9877609559337576,,0.7360964090872079,0.9299898343460481,,326099a1d7068b475af019e6dcf936e26aa1a539954a3f0fa5df1a5ff8428999,6cf8bd75df6f49b6f9d82d83a98a90658290b0098de456864106c497d525afa3,44f23f48a5bd3462d52ed5cb5d233e37f5441d69e260fb2957a6f00cca1dc0a2
green-roadside-cab-view/0207,green-roadside-cab-view,train,0,0,0,2067867,0,0,,,,,0.9360580607823815,0.9827422011736847,,0.16452442159383032,,0.6971279373368147,0.8170886458396278,,0.7521917007597896,,0.8551415094339623,,,0.600355766380077,0.959050809194568,0.9935732594070005,,0.806062162856409,0.9288723849651329,,0a69c574d773bd2b02269bec42203fa65c198e4f1f50743335704b45db4b879d,12929b2c41df570afd935b15f8686b36c15ffe4535cbf298828b651dc6b7f72e,2fc8dd015fd911b883e751d4aa8070d4186a12cbba3f0e1f791e6a9a7fa39c3a
green-roadside-cab-view/0208,green-roadside-cab-view,train,0,0,0,2067867,0,0,,,,,0.8396284829721362,0.9736958001361252,,0.0,,,0.20233576642335765,,0.0,,0.7194949698769133,,,0.0,0.9808372362305607,0.9862446366367069,,0.7859592495460964,0.9036954650278683,,3b8efe8aa3a6e136add1665ab904a06b78b874796e0c18912f3ee9f3ff74d366,dae9e0177528e83bb9056a8fb457e3d484018332b434fe9195634f6a0f23d72c,312fbc027bc72a7ae028903f6c3b61d6a1ae176abb4eefc766e24b8d77290fa9
green-roadside-cab-view/0209,green-roadside-cab-view,train,0,0,0,2067867,0,0,,,,,,0.8558062341164877,,,0.9481049642917754,0.9625508819538671,,,0.0,,0.7428448816558281,0.5170877812763996,,0.8381255918150534,0.9641077697625675,0.9863453699222522,,0.5661555934128336,0.9479515199682098,,ee956750d1fd8c7676cd76b8db71bf93b9cbcedf8b4aaf4e538041ef501ade04,e9baf13f1df68cf0182ca0ed2887e288cb340e796f1b398ed5a32febcb242750,870103b01752cd16495d659db1930c8774daee6d3b23db0722efec83dda63d11
green-roadside-cab-view/0210,green-roadside-cab-view,train,0,0,0,2073600,0,0,,,,,0.9204515620897874,0.9488400994200498,,0.8209026506407705,,0.27802690582959644,0.9196165347337973,0.4422662918217967,0.8326794513668748,0.9856933733757904,0.7486591572447657,0.7774794428595402,,0.5411940560977754,0.9007903292275288,0.9922656143991425,0.8656755517715633,0.7357971899816738,0.8562393213632685,,7fa10db78fee89d3d4e8282d50e5cec55c3943202f620889b50503ae276b1a74,6026feb523e6c808b7f1ebc4a15de86ec7be4191ea33e7e454205851f8780c5b,46e52be9afeea51be9f861a8fec0d9fa7040036ac86dae0e372785d6850e7fdc
green-roadside-cab-view/0211,green-roadside-cab-view,train,0,0,0,2073600,0,0,,,,,0.8301994020409676,0.8599017366347229,0.3255295429208473,0.6220395493216831,,0.7480612823907699,0.8779269444294074,0.5666263278203577,0.7421231216674745,0.8986502103268155,0.7436497005028989,0.6577703217935031,,0.7417858523386162,0.884783026672523,0.9851296522568427,0.8923323003099071,0.7007465618860511,0.8459521721110008,,41f0cad9cf8e4e11e5a870a293f740a7bce70a66b0bf5b0e86c9dd1fa6396f5c,c790e550e0f15182c68acd0fa1c3df3839237fe9c736e380c9569a42ede21622,a2e7c9c296dc6c15400f61abccbc278f8f2d3558bb5fb8dfe399d968b90b9f73
green-roadside-cab-view/0212,green-roadside-cab-view,train,0,0,0,2053480,0,0,,,,0.7813884262376413,0.008167895632444697,0.9430883308075341,0.16990956426418197,0.7762145748987854,0.0,0.8572327044025158,0.8534274468541143,0.6169618506226793,0.8046133904716557,0.8674698795180723,0.6438065821706253,0.7718124610238676,,0.8695242626527679,0.8147533034659171,0.9836154644241796,0.7584028304270912,0.8282691564001989,0.8980338240269818,,19490f9f31865422ef3257bbecd836b58a75e1200af558b47627240cfc9e49e9,e4afe2ecf4ebd828471240e23f7446384dc2ec9d184d5b7d3aee969d13726f9e,bfb83ed0192e78493b90ada7e0d9795d9fd0ac1a0ac670e775da1ed285e89af0
green-roadside-cab-view/0213,green-roadside-cab-view,train,0,0,0,2073600,0,0,,,,,0.9475104473136817,0.9728304650311241,0.0,,,,0.8589700004594111,0.8373745819397993,0.6693242511030265,,0.7432757928542754,,,,0.9684074475600744,0.9933704694490453,,0.8339246233739523,0.9369939049024257,,5229632691652545fa2f89ea5800c86d39d27545bb45654c44af717c422b95c4,4f60ce021a149db8b77724d1203b796eafcc96c75f291f1e5fb521ca6adfa064,d28b821153b952531953e3c6292981b42b5399dbe4ee5432ebcc0ccab226879a
green-water-cab-view/0263,green-water-cab-view,train,0,5613,0,2067987,0,5613,0.0,0.0,,,,0.8294750825372639,0.72293108636774,0.0,,0.4268292682926829,0.7840911207554901,0.0,0.8561823802163833,,0.686703729441742,,0.0,0.23391812865497075,0.9622041667699784,0.9969616542104854,,0.8152494211744896,0.8564265306513777,0.7704109459106969,d38268ad352c084c45d9c129d86eed80ec34068717620fc1685f07a6cefd1468,8529f0f311585470613e21978d79fd7cd6125e1beefccb98f037b4124151b53e,efba8c5e8876a2b5266152f46c224cb3c887912c49c239ba771d8d37b659720e
green-water-cab-view/0264,green-water-cab-view,train,0,0,0,2073600,0,0,,,,,,0.9218185884533052,,,,,0.0,,0.45126964933494557,,0.962201527093277,,,0.6549826187717266,0.966173912003408,0.9860334654772993,,0.5969568777292577,0.9299294030220461,0.7619930059479332,7ac26e3576a11b28c401290cbed89e663ce03d2ae23dcbd062e1ece5d3ba81a1,da975b659994aec1a32dd22d6e772c441d1fe28b507d5d47bfe4db184dbe094b,38f902d8577f8bcdd832214ddd856f4f0cd0508f8ec78a8e3a502295079da51d
green-water-cab-view/0265,green-water-cab-view,train,0,0,0,2073600,0,0,,,,,,0.9670448525516511,,,,,,,0.9696093374814692,,,,,,0.9550943811381591,0.8510209475979648,,0.9069881587827474,0.8459488412196587,0.2989950738916256,021d832dd111da4e3fd13f74b2531f5a87481b14073f6b0ac4a5a1149c442820,ee51403528cd8ec8eeea2c81f9e4b41eaae0496ac53ebbdeaf38f6f511c45009,1278931dc3c9d65a86fa5e45eb06f6b4747a16609f0984e15268b86dbdc88cb6
green-water-cab-view/0266,green-water-cab-view,train,0,0,0,2073600,0,0,,,,,,0.9658575846147329,0.04850662474736133,,,,,,0.0,,,,,,0.9873761752681486,0.9184419414551501,,0.8808081448824892,0.7713230355943587,0.7958802250803858,1b57cba93cf3601d156721ce3f759bba69f41268fe5b975191c86fbff322be98,b57e3716ffe62a58f7111bf46af37413badf80d0ecc178d2c7b52919b30064bf,ea42e818ebf2e55ba1d0efd3dd18ab8a1940a711883e353bca743d07f3744832
green-water-cab-view/0267,green-water-cab-view,train,0,0,0,2073600,0,0,,,,,,0.9716019671445014,,,,,,,0.0,,,,,,0.9818588047916477,0.8563022968963563,,0.898954280155642,0.8526659039932261,0.34635924081691566,9b17276ea65c583df9303ed986d88d187c963d9ed6bf0b5700396e0de25190c4,71df9d1285b9ad09eb96265be443e2d18e28a00ec69a0f759a6d3989f1f4d48a,d13cfa352684a8fcaa0140535a25c321292165987c070ef578c9c566ab509892
miscellaneous-flood-stills/0275,miscellaneous-flood-stills,train,0,0,0,249696,0,0,,,,,,0.5930840596007871,0.14697236919459142,0.6889763779527559,0.9642381001215993,,,,0.7094111850209411,,0.0,,,,0.8113879003558719,0.9902182272639877,,0.607604784595935,0.6062310449407223,0.3458070154530648,61c2965c3c11954382ff9e9e06c34ffa4996a9a48b46aa7f5490049b85765bca,f4155b4c85702af56db693f3f999b74f08d30680a34733c864fb141f6a3f8c60,2cb2eec175ee6145ac1b3bea9c64f8a2c3e5b85c19a66f5806b7bb83dff870fc
miscellaneous-flood-stills/0276,miscellaneous-flood-stills,train,0,0,0,920880,0,0,,,,0.8906793260230008,,0.0,,,,,,,0.0,,0.0,,,,0.8879021146588391,0.9866639900603864,,0.8602392360092566,,0.9011298091961214,85d7d06fc795f58f6e51ed5e91c5d5d8ab1f41194ab44f3471da41bdadf45973,b9c514a9abc72bf370a67587f1c41ec3e1c7769276c383024395b7a22ca7be38,6f7ed70afe27d112c722527551f6eabe7259c206b68bb408e0828399813373f4
miscellaneous-flood-stills/0313,miscellaneous-flood-stills,train,0,0,0,2073600,0,0,,,,,,0.873637358077779,0.3603238866396761,,0.9783880160900428,,,,,,,,,,0.11386585968119871,,,0.8802026260014829,0.8057791453750871,0.713789000363231,74272d0a74c881e4e18e9bf6000c065a51519bf7c05acb3c8e912f075c3b5ddf,c3e7c0a88b0198168b7659a591eafc02b94abdbacb436e871eca4779200bf186,e82e572f2250186bbdd1d3e2a7eef431412564a86adac212a8ff41a2fdb690ee
miscellaneous-mud-cab-view/0173,miscellaneous-mud-cab-view,train,25712,3003,20585,2024194,46297,28715,0.5215415821501014,0.895420511927564,0.5553707583644728,,,0.8531824337396015,0.37605508154722417,,,0.9176570458404074,,0.9328645571739494,0.0,0.0,0.7645083288554541,0.0,0.5215415821501014,0.0,0.9683280437471131,0.99636925746682,,0.6150395778364116,0.746534022991074,,f0ca7b2f878f2a5e167e558097ca517d126cb474aa25f5b0ec0fc4d6b1e57432,b968925b81e441c3dc638759e4923b6ad0ca44e3896210a4c69b136305b9eb89,c9ba793c86553d8467fa47ca41b72a7b4458c6daaf2f612e7dc7000cb9350bc3
miscellaneous-numbered-cab-views/0013,miscellaneous-numbered-cab-views,train,0,495,0,2088465,0,495,0.0,0.0,,,,0.9873296034679389,,,,,,,0.5725469728601252,,,,0.0,,0.9685423681601822,0.7466675070116283,,0.8837282531685429,0.9225613944274664,,cdc7c624979074f91663aae6c612b6f6c370af9ca88a91ba076c2bad37e6c319,5566ae6fabe4c0bdb27e7217400a18101ccd23bbecd3e8cc415f9ed41cca7115,5f8461e8c79254c0282f1c28bd1891dbce9c783b3737a3dc5b174e659458ba95
miscellaneous-numbered-cab-views/0014,miscellaneous-numbered-cab-views,train,0,0,0,2088928,0,0,,,,,,0.9360097323600973,0.6304522576673788,,,,,0.0,0.9230668690281576,,0.429443173150267,,,,0.9361099248232431,0.9644974074035895,,0.8547158384598221,0.8619163997977415,,00a59e617c6d81492253ece8ef06493164bef224314ee99156bc01663f8ccd38,3ba891a877a2984212cd387b6a1eca2332a40b2a757b57c0248ffa03807c605c,7425401bbf6698694f29ce86b5b28feddf8f0cbd90f82b8d219a3b106e9cb450
miscellaneous-numbered-cab-views/0022,miscellaneous-numbered-cab-views,train,0,0,0,1931319,0,0,,,,,,0.9306977025027926,,,,,,,,,0.0,,,,0.9877963576217959,0.985678071900304,,0.5885645741703319,0.9445778852822274,,34431340589d77bf879a5d44b35f1ba4ee67944d06302e41751f49b52c7cd6bd,601f45356d35a2626927e94aad629de30fc2805b197f3f27a60dd2cd87622d80,2660a5b2bdba05c5cfc93d03210d2039cde602ed21f7efec2fb89f65c7afdad4
miscellaneous-numbered-cab-views/0023,miscellaneous-numbered-cab-views,train,0,0,0,2087873,0,0,,,,,,0.9407301407700756,0.7464654947728129,,,,,,0.9538047760058681,,0.07807118254879448,,,,0.958404313055335,0.9436931465435798,,0.8311389944331536,0.8201293904322715,,4dbdaa16ac641963e653bf5fa8dce1b9b05b89b3a3d10f8da2e3c9c38deeee7e,03b59830b108e9c2dc87a79168457ed2a8be69f44abafae8f6486184598ecb19,429b8dd0b9d7946cb296027a17287cfcd40dd38bf6aaae09c0f48534b096db33
miscellaneous-numbered-cab-views/0024,miscellaneous-numbered-cab-views,train,0,0,0,2087739,0,0,,,,,,0.0,0.3883034773445732,,,,,0.7919404962045953,0.4334351811436054,,,,,0.12236573759347383,0.9910257038629314,0.9937616079515981,,0.5747078464106845,0.6669504939116444,,35db7be7064f509351e3627b33430eabc718080e493e83ad1551491d62e1f113,e3c3c38776bc33b723f23e1afe17f11dd1b9be409c25e6ae796447766a6b56b2,ed946a5336af05bd1184e1cd9adb720bfbd68aa1f32d5c59349efb3001eeb9dc
miscellaneous-numbered-cab-views/0030,miscellaneous-numbered-cab-views,train,0,0,0,2088960,0,0,,,,,,0.7630771178127275,0.6952443203900647,,,,,,0.9031638472000191,,0.0,,,0.9021334192716726,0.9716302928504456,0.9591296613662494,,0.8588052289927907,0.8118437917587062,,a88a70e7bc9e1730883e2cfef16954b7c5a6ebee797dfe8205837e1e2f9cc290,d0384c853c39b8e3b218a40e21a03110e8eb9368264b796d43fe35330caa8f52,094d7d086518c9ef82c6c4b00b081a7155b312473f2c341e85ec4ba9ed3fbd81
miscellaneous-numbered-cab-views/0031,miscellaneous-numbered-cab-views,train,0,0,0,2088575,0,0,,,,,,0.5821518818991888,0.6344273966295632,,,,,,,,0.6753457467356873,,,,0.9750453829855003,0.9868706403147917,,0.8535705078628513,0.780675608544461,,582a1052402234b092c9e8f0eb985ba78c3b1068c2ae8c12c805aadd11584b0a,eac752094ab94f349e6d48690930d8ada3181efb518c33f473c5388d2ce23c74,0817d78374568dfac29d5fe1abd250c251c84fb686f4e14d55bb0630b4abc67e
miscellaneous-numbered-cab-views/0032,miscellaneous-numbered-cab-views,train,0,0,0,2088960,0,0,,,,,,0.6555547782286274,0.4812434336567579,,,0.7021276595744681,0.934461977043687,,0.7587801667397982,0.885516395162983,0.5118347772277227,0.0,,0.9069701092920159,0.9653795337398792,0.9763343403826787,0.8613445378151261,0.5912170966901225,0.8036061084487167,,1bdac9a6b7ef8988de21ddaa678ad8a54e0a98f75bf8ed86e61e0f50a7a6c16b,1fe12468826aec7019e49ab44aa6f832aac76a9576018cf252bcfd26dfa6c329,2edcd26234299b7702e72afcad98a089eefa8bd9ab13e385637b8d34daef9780
miscellaneous-numbered-cab-views/0044,miscellaneous-numbered-cab-views,train,0,0,0,2073482,0,0,,,,,,0.9494803774729162,0.9283537926346516,,,,,0.0,0.9395188125860922,,0.6410918737782743,0.754582484725051,,0.0,0.967825716362907,0.9944399914939558,,0.8888305138173794,0.8898775156713956,,bb02fd705ac7b08fb3ae7c618b46f5a9da4ef32b590259233156f5fee831aacb,d3844dea10ab96975316c1574eadb989106b149d9b1fafe094beae7e9c50ec59,a72bf2e2229d7d44cd254e0ac009ac9fd58564d63bf0fc175a8cff498614bc1a
miscellaneous-numbered-cab-views/0045,miscellaneous-numbered-cab-views,train,18412,92,32808,2022287,51220,18504,0.3588244465232304,0.9950281020319931,0.3594689574385006,,,0.7834065298062847,0.68321162330747,,,0.0,,0.7417347984649488,0.8032110805623282,,0.7550825731830919,,0.3588244465232304,0.9053487261477129,0.9648061448714774,0.9888094510810789,,0.8804150853078948,0.9178312995771581,,8a2c09c50911afe45e05157fb8602cf7345aa5cf6f005c3b76f7c0d8b50f36c3,a820d863d1b63b281c0ec5f7e11041e0e68f73f39d613cc757bc489e1e03b351,8ad1104e1d66c05870b285a64ac1ee0a25fcd36314b2dbf61fb0f3dc6ddc7708
miscellaneous-numbered-cab-views/0046,miscellaneous-numbered-cab-views,train,37813,8505,852,2026430,38665,46318,0.8016323934704261,0.8163780819551794,0.9779645674382517,,,0.9491675193005302,0.4058653149891383,,,,,,0.0,,0.6305681818181819,,0.8016323934704261,,0.9882494039770324,0.9838547745441312,,0.9169465905273766,0.9450899321365642,,a1bc04fa20bd623f99bbac759e22dbd90554263ca7b217cee49ddc9fedd59da2,550d403c2cd02d480d3ae049a478b103700ae04d047712fa0e5187f9b0fd5068,7cd9d93775289c08e705bcd79f3fc4227f53586443b85b108081a3dfc714e5bc
miscellaneous-numbered-cab-views/0047,miscellaneous-numbered-cab-views,train,0,0,0,2073600,0,0,,,,,,0.9045520244106993,0.9308634167980316,,,0.8336291038154392,,0.9645677440575263,0.2231634396355353,,0.7396253339306752,,,0.8429397104830585,0.0,0.9886839969102444,,0.7972112382934443,0.9157892113493913,,b74e6210f53416c45a93c3fb1a022de2cc33ed02723512634c739624b649276d,52518430666be87ad030da35871a2439ebbc09260cee1aaa6bf65be527c77193,e643bac45f4bd7b23f20b285df472ddc2339f01ddd62d20425493e2e4239dcc9
miscellaneous-numbered-cab-views/0048,miscellaneous-numbered-cab-views,train,0,0,0,2023939,0,0,,,,,,0.6584441387742626,0.6978102673395246,,,,0.7167590027700831,0.0,0.7441872924033002,,0.7177591176839203,,,0.8106330218354648,0.957048532685545,0.9958739605757461,,0.7317649840406667,0.8178264372218333,,f912ea15971bc82b19029b9aad152ec1934e74e2a32d29934c116cdd7409125d,207a7f72a12615e89d5f214f068689216c6d434bd46045ce97046eadaaf814f5,fa537a7b1b468254eae7945335f418c385ce6d97d9140a579dbaf98d5953ae60
miscellaneous-numbered-cab-views/0049,miscellaneous-numbered-cab-views,train,0,0,0,2023841,0,0,,,,,,0.8910670186494082,0.5427853403141362,,,,,,0.749884377023402,,0.8905872003518803,,,0.15602836879432624,0.9720529603605882,0.9954434347133623,,0.7243730628346013,0.7781074972978285,,18e4e59e4f1f16790b92171327c69eba67d5364edbe5a933d052ee78b21f9557,d8c2a5b6f12b75c02efc4512cc0c2efdba9b29f877cc7842dbd1070c4cc562b6,21d5a25a895e20955b736ca88da44fd76b90e214f0c95cf295d509099c995aaa
miscellaneous-numbered-cab-views/0050,miscellaneous-numbered-cab-views,train,0,31,0,8211592,0,31,0.0,0.0,,0.7262905162064826,0.07233811975074506,0.959629547704436,0.48687599762586653,0.6021349000901661,0.9728967898869465,0.8631964645334527,0.014485412589637026,0.3705037319190396,0.7959549152130803,,0.6796857588589258,0.7558342041100662,0.0,0.4608056310544289,0.8761613994115369,0.96588734768517,,0.8632056808479623,0.8404629576302098,,33fc6fbed915cff715396fc229a8e0da423ed1d84e76cec2dcc2a28d124be983,a9c086f93a23a8995da1495bf54ec1a377ef02d5932b137a3002f7384f45c4b8,5289ffa2385e0c4dc37ac4c14a4d3b216df9c4fbd9438a329450fbfb32a834e1
miscellaneous-numbered-cab-views/0051,miscellaneous-numbered-cab-views,train,0,0,0,8212452,0,0,,,,0.2694214876033058,0.9069183447246899,0.9542959424567397,0.5940379638552912,0.6422436725697347,,0.0,0.5215677548555262,0.7789275486147371,0.8306862854480184,,0.4863000763292703,0.9302020317315375,,0.871691865597558,0.8899643475895248,0.9813592176788427,,0.8551911930239184,0.8370696088757408,,a29169723725172c5b690fadfa30cc7cf76f7eb2328590890c3c828f7d3f20bf,f19c28ac63b6c849df2da22a96db0a6b720006896d82875ceff69a43205d2023,ce8dcace7372980eaa4c9d1c8c2065b5c37ce66200d0bab23567355e94108917
miscellaneous-numbered-cab-views/0053,miscellaneous-numbered-cab-views,train,0,56,0,8119728,0,56,0.0,0.0,,,,0.9726599578526754,0.527246653919694,,,0.0,0.0,0.1021858732671914,0.4930319655196428,,0.8840788882508964,0.8517298187808896,0.0,0.9610167836303315,0.8756887306070654,0.9083648816174958,,0.8925145106775654,0.8852719141102501,,9e09a858819a1882bccc4f5b7cd52bca20f66b1052a3c5191dc459062ae69e81,70a16c903d27ac00306c86f14141f728ececfc9dc4e320ea99148e50ab77339d,82879b68aceca75c49caff171a8853e6689b4bdc00246f25cfcb09e9a10e6998
miscellaneous-numbered-cab-views/0054,miscellaneous-numbered-cab-views,train,0,3453,0,8172201,0,3453,0.0,0.0,,,,0.9472776831073881,0.6442051335668357,,,0.0,,0.6971998101566208,0.85180000256868,,0.825421953274966,0.74994978911428,0.0,,0.9835045210019072,0.9818126717670653,,0.8305466360647873,0.9600968280600091,,ac828e814ea477c826e95def13cde08680d0a05dbe64cde8303472779d31fce8,ea34de2ac35692d4e015602569d70b94968ad6bdbb3c7aaffedafab451351ee1,663be66fe0275f5a39cfc0784b49e840ec1dd65b4da3c4bd3bfd62865e051809
new-unmatched-2026/0175,new-unmatched-2026,train,0,0,0,2073600,0,0,,,,0.864225211758844,,0.9453241948590736,,,,0.840153452685422,,0.0,0.7370815291560663,,0.6355622617534943,,,0.02914205781784271,0.9302155473991013,0.9600537039542986,,0.8426404535154707,0.8759284110797089,,c81bc0c590d9bd6563e2e11176cfe441dc0920a5f9cdbbea9d32b36a51347b86,e567f1deccb42140b8e6f7f671b1b6b71cab015fd5065dba841e709332e19b53,e293bdfadc9e3d895b01ed4b45df76449a0399e0f2c00a2781851f059105f632
new-unmatched-2026/0176,new-unmatched-2026,train,0,0,0,2073600,0,0,,,,0.0,,0.9603263075822696,,,0.9777711097414604,0.0,,,0.6235370611183355,,0.7022388059701492,0.3333333333333333,,,0.9599113057777386,0.9917184225274261,,0.8521791975479899,0.909038310659554,,fdfba692303712b2119a1d725763d74b54fa20defdb3415916105955f503bd9b,bf61db99763dc894604525d3f039b209cb136d83f1cd35b7655768228102fad0,81abece03ddc107455c74117277ec858af11a07c32c04b3384a1692abca40152
new-unmatched-2026/0177,new-unmatched-2026,train,0,0,0,2073600,0,0,,,,0.8821329157967989,,0.9565741633894783,,,,0.0,0.8499023225526373,,0.0,,0.6505560307955518,,,0.0,0.9835949947776936,0.9957125786346825,,0.7433453364400198,0.8943237928774306,,92fdd6e752f0a8493a8a0114320f0d3adb209985cc28a17efef842ce5c887b26,4bd80258418635ffe4fd02e59e7e743a04d3ef8362742a3493154f57d54ca4c1,f979229586c5f3c0d836ccf7d86013950b56502f645b1a414f7d183ce586f7e7
new-unmatched-2026/0178,new-unmatched-2026,train,0,0,0,2073600,0,0,,,,,,0.8943716070879852,,,0.9683933734023128,0.5923373759647188,,,0.6209095536061795,,0.40722810177887864,0.0,,,0.9268559329094452,0.9728158224442177,,0.7590253364044126,0.913437876719835,,bcfbb199baa79a77d97dfe9e368490306a1c84afc0dabca15e0dae262f2a945e,c0720faac0cf1b752740879c16180ae323eda041ad52f9878faa4a44fe5fdf85,005379a46c81704792c6a1fdc1e7277b8bebf7eb43e15b832ea4603e93b5a194
new-unmatched-2026/0183,new-unmatched-2026,train,0,0,0,2073599,0,0,,,,0.841123034924221,,0.9627988812326069,,0.0,0.9743423018118552,0.33434766070749333,0.6131649747720025,0.8133642743127596,0.8448713836123561,,0.8024272855589236,,,0.0,0.8739484064649004,0.9874363533194628,,0.8354285714285714,0.926888136800855,,60f737c273e283351acc6efb1ba0704e0827f47b77fdd8695a5bd891f5dbab4e,291ed9200b9c9d9d1be97ae0e9b2cfb2da0843377519c6b9e5e806e193e1071c,06331fb7a8b76749e2e27f91b711e51b727e360031ddb4f2fd6dfd9003ea03b6
overcast-mountain-stations/0214,overcast-mountain-stations,train,0,0,0,2062997,0,0,,,,,0.0,0.8747979498509499,0.5127143701951508,,0.6320941898772088,0.8075165058405281,0.7844208983480412,0.0,0.616086846114779,0.8717803734841157,0.7977362322780812,0.9034385303815355,,0.23753523180095248,0.6897770487641754,0.9623021836076124,0.599243326560639,0.595764651637657,0.6761009214225492,,fcf5289b197c7f0a48d5f375c13e6c090599b238c68ce299010e0babb86cb7e7,d66cff571333e436c6a9212058e636e2420673e9fa861b9fb9c61d3cadc245d5,a814cddd4c355c4bfc70513673a2b5603ac6cdc41cff2b20a62e2cf1b1114937
overcast-mountain-stations/0215,overcast-mountain-stations,train,0,0,0,2072956,0,0,,,,,0.8735097001763669,0.9381637282194041,,0.5583845478489904,0.9396891696507693,0.0,0.0,0.06465942744323791,0.8183509155624169,,0.7012651185791111,,,0.8209814108163609,0.8702375506067895,0.9849299493813745,,0.7564060338581121,0.8872707865864267,,a4ea3527469f92f7e01c82dbad4e004af29e5a534ebe1ed94e96185736126eff,854429faa83f8da4db49e7aad63e0ef178c079e045e63a5be44bdb3fcd0af9f4,c5482d869fadd0f43ea3b33cc704d07fd9ac9e8fbb767dfc07a8254479ec9efa
overcast-mountain-stations/0216,overcast-mountain-stations,train,0,0,0,2068117,0,0,,,,,0.6721227035998397,0.9623190030192433,0.4731404958677686,,0.8697929312198674,0.8724112810906441,0.9215955639924068,0.87595850248083,0.8289816841032405,,0.719489247311828,,,0.0,0.9849784136434659,0.9790701415701416,,0.8766143106457243,0.9502366161425156,,39f23d5418cbc5c465dddc13feda5ebb78e7eb06be8eacb3a5acb0256a95f409,484d599c7a9c73383e03fb6ad49561d2771579ca685ae29f0f30e4be25d04b96,ac67e157b3284c24ca25669d19c111a9e139bbd12bdcc361e9c06b95c2f7ccc8
overcast-mountain-stations/0217,overcast-mountain-stations,train,0,1758,0,2071842,0,1758,0.0,0.0,,0.30570617092693003,0.605938242280285,0.9632652666027633,0.0,0.7946253781811711,,0.4106364428945074,0.0,0.8938967734174035,0.5859266998026614,,0.8,0.5930018416206262,0.0,0.76789540092642,0.9069663112865062,0.9391473740134303,,0.861043364463744,0.9170808460422171,,014ccb7933ce4cc405469bff1fb36825df54553c505c185a5c2b9ca46750aa01,aa3b2a2139a82a89c2ca14efdb1d56c34c50fe2cbd36c733edc6aeb721cead1e,15db9fdc08e93621b911e3cbb03c462936b9c71adc7702de0d2bdc719f78eb8e
overcast-mountain-stations/0218,overcast-mountain-stations,train,0,0,0,2072152,0,0,,,,,0.9537968387310711,0.988372252652966,,0.5751295336787565,,,0.8955474229948155,0.8423382724972894,0.8165976115037777,,0.9081563276597739,,,0.7738422380394631,0.9503187558967636,0.9689054162748808,,0.8621690457857016,0.9544306468737841,,7d192a396ef667bb5f346b4419b19250547fc8d398f9ad1541087e3b71df732f,5a08d87d4ef25c8edc375b184d40fb21715f14fe709bd157766f55da6db5be90,2b4eaba0ac8663584ca2f9770f7c51b96f091c6c8f9702d1f13744c0b6588477
overcast-mountain-stations/0219,overcast-mountain-stations,train,0,0,0,2067823,0,0,,,,,,0.9410735262388225,,,,0.8424175009269559,0.9480221725629044,0.8007690777696744,0.9662279642598406,0.9366097483459016,0.7842823176073083,0.9117755505648107,,0.6960203729281768,0.9535416866777567,0.997138316000214,0.7887253679221751,0.7650812064965197,0.8921937311142476,,217eb3ce4240bbab2cd912c73d871881db741d3f99a15000d1343139afbeb72c,5dd19a743ac1e5e12f6fb63c62e75e423f24b6825f5013be4daef1327de5b91c,72ccb8b1b968684fae5cf2e03e05caf051edcdc58b5cff0552be274f015df4fa
overcast-mountain-stations/0220,overcast-mountain-stations,train,0,1519,0,1925169,0,1519,0.0,0.0,,,,0.962038490129677,,0.7912801484230055,0.9753189157372357,0.7292176039119804,0.7121165031301336,0.2486881131644992,0.613437806072478,,0.6770827393510863,0.8598472268349385,0.0,0.1248527679623086,0.9583846903364819,0.9895877402647797,0.6273504273504273,0.8745474163769332,0.9115978022275208,,b998518e2d97c634c8c2c846bf7f07e5ad02688387f15d657cc9646d080b722f,a78aeb5c9b6e22817ec40a0d14a2e3b3369a6697165133d9a00b6e867bffaa90,49c376fa3db090a2085a5a003da64ccb869f1395aa9e8821e9924fa29f193810
overcast-mountain-stations/0231,overcast-mountain-stations,train,0,0,0,2073600,0,0,,,,,,0.9683983936905322,,,0.993425400321952,0.0,0.758185033712833,,0.025974025974025976,,0.8326843814697336,,,0.8201438848920863,0.9362696078365925,0.962616720273051,,0.8204120645709431,0.9632052837414099,,27cd78cb2b58647066724fd485237e2568caa02d648e8186d42928145e8c8070,e2756ab550685eb2f70de905f8a2f1b99510c181fc397402f3f807c8450880f1,fe7712f1e802de68bed14cbbaff2d232236edb87bc1e03991ee653b7b1f4f899
overcast-mountain-stations/0232,overcast-mountain-stations,train,0,0,0,2051786,0,0,,,,,,0.9787581399614785,,,,0.43821461326811373,0.7529084752615354,0.0,0.7462592107047602,0.8424813251055537,0.5693532555349547,0.9298352654057352,,0.8187460771322965,0.952225958653676,0.9833255242171159,0.6267664172901081,0.8937603403450721,0.8998718111256674,,77b17d1922889f7c1d3d5c9eb9eb7abb5f53399f38433a493e4e0d9f6d369bd5,3315c387c153f722bf32fbe0bc5bfbdaa858f63464cab9be2c8c073d479522f3,69dc79afc14baa480d263a3135e4fd2b8bd12be2dd807667774b9d55b50e2eca
overcast-mountain-stations/0233,overcast-mountain-stations,train,0,0,0,2071895,0,0,,,,,,0.9682699721250222,0.7866435385949696,0.3772806600031731,,0.09215328467153285,0.8557388191405964,0.0,0.8650972661119647,0.936867899309423,0.5590514503493542,0.8687196110210696,,0.8080622995877234,0.9428545929229804,0.9836108447389068,0.6524586643762078,0.7698542892984657,0.7552017819706499,,ccfe0f6097d8c9ab6aa93e8322b418afe7878378f87ebfaa7638f12f8605381e,3b67554f9922cacbbdfd34af50631afad68cbcf60e66ebde1584c6133fe36a61,7e978f6f44e33c57fffa7187ca1737d6096551c94f4d01ebf6b5881a3c61fc23
overcast-mountain-stations/0234,overcast-mountain-stations,train,0,0,0,2073600,0,0,,,,,,0.9748225455056575,,,,0.694478527607362,0.7058975019314963,0.0,0.019204389574759947,,0.7632428327321056,0.8701298701298701,,0.6256442121422566,0.977864071319035,0.9962570100670566,,0.8383524724630889,0.9387871500801579,,709cbea54e2cf9800bbf3d0c032a4ecbdd34ac081630e119aea5e897a39808a8,9f031a8f85e736e4469eff85abe294ba9b7cd9f12c496873f486d04a6bb80267,12c57b9b9079e5cea63c27d318832f5c368ba586a143474ff9927e9df5cd6798
overcast-mountain-stations/0235,overcast-mountain-stations,train,0,0,0,2071387,0,0,,,,0.0,0.0,0.8246969556768761,,0.4347341018966158,,0.6328871892925431,0.8963473629522242,0.0,0.8771838482008562,0.9132112754330174,0.8162792443924782,0.0,,0.6529033694109792,0.934783572613857,0.9863139873849637,0.7014872987320668,0.7436964088632312,0.9206702526068439,,468c69f20ee4665d35f34a795d6f47eaaff96dedee7864164a769f063403427d,727abdd8767871d43483380b4a639a89408335f221c2798f071ede7d71cbcad3,a86267e20cd0c14646dc8773f806ca5606294ec637009bfa8efd59c34d560019
overcast-mountain-stations/0236,overcast-mountain-stations,train,0,0,0,2064486,0,0,,,,0.8625429553264605,,0.9683526656256971,,,,0.8128342245989305,0.8979244199312336,0.8267781451909204,0.9565167855545027,0.9554922823317848,0.7443743548572084,,,0.7166726410961086,0.9262249048033425,0.9891683889507695,0.8967463972663794,0.8671550887103893,0.9460264142300939,,7d0f48496493980d7a6b226310064c37f280f0d3d8723af88c69108db233c6e9,357469e787079530c7c4af0fe3afad136d2be00a3110c53be46d1dbb7f58abff,a36cb7328daae806873137127d342e7e97dad7013df1a8f5b22c07542858c4f2
overcast-mountain-stations/0237,overcast-mountain-stations,train,0,0,0,2058396,0,0,,,,,,0.962397384165855,0.0,0.0,,0.4912442396313364,0.9386029854229957,,0.6634595272955449,0.9487285936689154,0.776520617849598,0.7061095505617978,,0.7225627649168569,0.9544170051177764,0.9930121572014298,0.7746601941747573,0.82938154514918,0.8262184642881694,,d9eebb905aa35607b8a9ee3cdb0cfd1d4a4e368e77135f92e804f42440f333cd,b1eec86e60b77ba128bbba833a23764f54d112d408858a88b1250f02d7da05d0,24280f10205e15ff49317a0f3da59aedc13bebc92638d623bddd1b9f95903f65
overcast-mountain-stations/0238,overcast-mountain-stations,train,0,0,0,2073600,0,0,,,,,,0.8723038605230387,,,0.9584151173082346,0.0,0.42697970553123754,0.6964484381685923,0.7280505276752023,,0.7791198323490188,0.7897286821705426,,0.9655914106627899,0.9518387129524317,0.993129964224833,,0.7269996336549029,0.8210267071805534,,38d3daf79fb1b3f1c4c8c5bf74635d5954f16b3c5be5297e9e5ac9b077259d42,0bd106de9c902a9bc8006dd281b20d065ef8b5bfdbd81729dc77edc4d0287715,6a121864dc33a2cd27c552594456f39bd372cb7d7c8a82d4f60e0cf6da70e0fd
overcast-mountain-stations/0239,overcast-mountain-stations,train,0,0,0,2037432,0,0,,,,0.8039523780745754,,0.9704021191273315,,,0.9823891808638556,0.4823906083244397,0.0,0.9051612373254855,0.8161404473648027,,0.6903650523859053,,,0.39486498450641877,0.7377423421581655,0.9811032635339431,,0.7537466684143838,0.9060525086085264,,a48c958611d90e4471af958912e453f589b8b5533315c5d59ce81b77a46a7bfc,7b59514cf69597aa4f2cce3764a3d0af51710e328dc3d85c3976e4c563c3ecc1,2d7f90e04bbd4094798e578f953821b67a1e8a5dd2a6105ed7ca70c47fd3228f
overcast-mountain-stations/0240,overcast-mountain-stations,train,0,605,0,2072995,0,605,0.0,0.0,,,,0.9646613930880462,,,0.934512805514014,0.5942219304005253,,0.0,0.8854569984752082,,0.8426658158420505,0.0,0.0,0.4808362369337979,0.945420733247969,0.9562756691176706,,0.838211870381492,0.8681190912539037,,8b51f499144ba83986ae26ea615d1f3e8da062613143bac5e635ab5684f8c914,99709ace9ed244e7aac8df6f8691255f3bb94e3107826bf9d3f678400c6ead23,1da286ba2f17a76703bc3604aba9024bd1f37ea63f4e6a524ee76ded6aafeb86
overcast-mountain-stations/0241,overcast-mountain-stations,train,0,0,0,2054583,0,0,,,,,,0.9635571966571632,0.0,0.0,,0.8401023345059162,,0.0,,,0.8059409250459657,0.9237759854595025,,0.6876529762286153,0.9021872060206961,0.9849898910895125,,0.8963006000380659,0.96188936366786,,3625a2c4d4e9f8f3e0165e6dd90494d2791acd79e6142389e4a17e9e72601af3,a18c6013db023e74d3f18197e3c928119a026a0643711724bc334d3c6663f66b,322bd99a5577ce69627faed3f5309c728c318651416b28d387cb7d4c339f784b
overcast-mountain-stations/0242,overcast-mountain-stations,train,0,0,0,2064724,0,0,,,,,,0.9715990028490028,,,0.9050928683956206,,,,0.0023386342376052385,,0.7097881148210687,,,,0.9702764642376873,0.9905691189064633,,0.8550846601811021,0.921322779585296,,ded050ca71f820d730759226ffc1d2274e07ef4601f63b34c13120c7ef05161e,eb2b02a061e3cd39e085fb56063ea4abf4c835ba5583526332833e0723c0d442,f66bb14bb1884e5b2d11325c4bd657a21ead611529cdcf1d5d2d2e6d06698061
overcast-mountain-stations/0312,overcast-mountain-stations,train,0,0,0,2073600,0,0,,,,,,0.950291159634662,0.0,,0.25406871609403253,,,0.779946427732264,0.8035261992714096,,0.8390719744454039,,,0.0,0.8185413533111963,0.9280349324484197,,0.8650970023358422,0.9316736874162833,,5443a27572d1805ca781a25437ef08d1d27ac70239d96cb52f50717ff14822c3,b7a584f428c50f605f7f6cf81f78b931a71df4e8242a20fa82991bce28e1f9f1,5dc733740725a814a55aad853c26347f5d165f9ed6469975652efb3dc60b794b
rain-water-cab-view-with-overlay/0268,rain-water-cab-view-with-overlay,train,0,0,0,2029558,0,0,,,,0.0,0.3994237820848612,0.7608507052028852,0.4889673296117184,0.09495767390504233,0.0,,0.8335786948970308,0.0,0.9805180327364706,,0.0,,,0.0,0.9238790651453521,0.7541526239768898,,0.6534008683068018,0.6852957969168606,0.0,7a53e1b4c0a64e0b30e58ab9db89fcf98ce95254700008d25f5394d06f97a292,23a6618e87555de6cbd8e26e944af51a428323c138f0f4bdd425e1c41c6ebf5c,85c9f904dfdc2f465cc889c107f88c0679903f56c47f368100ff4eea01fadd20
rain-water-cab-view-with-overlay/0269,rain-water-cab-view-with-overlay,train,0,0,0,2054769,0,0,,,,,,0.9753914988814317,0.5437471369674759,0.4718875502008032,,0.0,0.7721219512195122,0.0,0.7732252978625741,,0.6304677349501949,,,0.0,0.9707080795394633,0.994824261923613,,0.8667706285171876,0.9157036784791572,0.0,1100c1ea54949235b635d2def045d12f73d290500eb308c1ce83323f8600862a,abf7569acfa9b70797209bfc372ddce4a802e55f69e55594dc883d24cab15bdf,56840928c3b5b6cdf0dd047a5b1219aa8c5eb0b6e3d9fd36f32b5ef41f39c9ee
rain-water-cab-view-with-overlay/0277,rain-water-cab-view-with-overlay,train,0,0,0,2032606,0,0,,,,,,0.610041313633499,0.914576359202144,,,,,,,,0.0,0.0,,,0.9914156912996012,0.9296785338922647,,0.7618049148704186,,0.46592967099305765,ca57dfd0f80377755014a88660f5a17884651b8fc20abd7455c72679bd8bb09f,5542b12fe43765140207071f9c0e4692ea5687467fc0d4d502d4e96bd01a76f5,38adc2541adde95e1d36b6eef044a96442274a2d22f814270d9935fb8871eeea
rain-water-cab-view-with-overlay/0278,rain-water-cab-view-with-overlay,train,0,0,0,2039559,0,0,,,,,,0.6974323913704041,0.8837904550237493,,,,,,,,0.6248534583821805,0.49145299145299143,,,0.991428526244208,0.9625365372850249,,0.785812862268838,,0.5562362483282282,ae02105bf482e4b7269f687a6bf9420a5d1fcf5bf84ca910a716df519b4a66f1,f9d9cc36d418487bbef456deb4bd834ff96e352253bedc9a16b3f55061617ea3,a18070dbbb5112a4fcb9e22c36424d9a6c9165b82df3259826febb273768c8ac
rain-water-cab-view-with-overlay/0279,rain-water-cab-view-with-overlay,train,0,0,0,2054320,0,0,,,,,,0.7587037486843171,0.8892751321135107,,,,,,0.7850075312938244,,0.8645077917141771,0.6448181194234729,,,0.9707386260724665,0.9777658797056674,,0.8091612903225807,0.32653297786020635,0.0,41a8c3396c58a82a580a4b2d762d7a5813c5b86e025f72d9bc3ad2ba21db3545,75cfc723508e1a083341fb8e16648a7f892140dd4f2ab1043d614110da2558d1,e84a44fce2600325ce18bcb0fb2ac28a2703dd9082d9a9b69f2d1da4a126db87
rain-water-cab-view-with-overlay/0280,rain-water-cab-view-with-overlay,train,0,0,0,2054275,0,0,,,,,,0.5478340839955668,0.7442358275211096,,,0.0,,,,,,,,,0.984592391817091,0.9348984186020498,,0.7580445544554455,0.8915745443680908,0.23120896098879876,70a05bd99cfd467ea3e055a00e478d6e1b45acfa4adb761b94f8e266417d1ae9,e106743e4b56f6a000935339646381f74dd47b337309998f9c1f64e772dc2e55,0949a35076fd3b5f25dda67cd59167a71f793e3852de8d088b2f435726d3272f
rain-water-cab-view-with-overlay/0281,rain-water-cab-view-with-overlay,train,0,0,0,2053597,0,0,,,,,,0.743137002191004,0.7696066789674638,,,0.0,,,,,0.0,,,,0.9892600647170494,0.9427449152824473,,0.697556530158911,0.8309235015573169,0.5141194222892865,a7da1f692dfad6e78cfde641dada58c6873c4539cb40843c04d9e3238e0235ac,0307bb1c875ecbe072c4937d166fb5c6179a715723a729d6f851102552edbb52,7a6f4118c9f2b0a3617c505777bdb33baa1cd4edb9a1326e61013e76349b4e8f
rain-water-cab-view-with-overlay/0282,rain-water-cab-view-with-overlay,train,0,0,0,2053810,0,0,,,,,,0.6490545268703071,0.6594047286705178,,,0.0,,,,,0.0,,,,0.9847086131055117,0.9189806589166962,,0.6586957886148246,0.897107468848708,0.22645290581162325,f9741378f2d70f2bd7e5236fc50ad4936840f4c1561be37a810e2aba8983efab,c2f421c7de5534678595c101104109c3b656630b9d60fb9b35495a373e44edea,5f326ce43009ad0e683b4cde3df72fa3ccbc00e7669c28bf8def3b1196424b7b
rain-water-cab-view-with-overlay/0283,rain-water-cab-view-with-overlay,train,0,0,0,2054083,0,0,,,,,,0.610248538874786,0.823557870738561,,,,,,,,,,,,0.9892114578287137,0.9769732483326217,,0.7808791576132375,0.1849615806805708,0.6173596474420388,50f5c438789710cc8a44142a41fc391480200cadb38493f126501909f2df6f3a,04b5fbb59ca9fdefb2c884a036413016e6db4df5eab65336733ce8f35b69af69,b199e883c6e912f585781bff9ec395f78f76ce7acdc2eb7208dd08515ddc7028
rain-water-cab-view-with-overlay/0284,rain-water-cab-view-with-overlay,train,0,0,0,2053473,0,0,,,,,,0.7703540198658629,0.5202752976190477,,,0.0,,0.0,,,,,,,0.9925900448698579,0.8053223388305847,,0.8394480519480519,0.7871223171494062,0.43406729341909944,43ee426aa0b2c2ce8f85dc51fb77e1d7b14c6221bf250479b4fc3db9938e1d2f,124b16930742b8657398889555a2a4ca0cd3a302b337fa75ca4b08d758b9ab29,bbcb36faae07cd54c8f24010c8226bc899960e2920d03f86fe92f8e9f2a2d683
rain-water-cab-view-with-overlay/0285,rain-water-cab-view-with-overlay,train,0,0,0,2054047,0,0,,,,,,0.6663778520443949,0.8409122950924728,,,,,,,,,,,,0.9631375994916072,0.613034756087616,,0.7214577138510476,0.10518834399431415,0.2909035409035409,2956bdb840f2c86e03cbc88cc38600c415d72eea5fff4f468697cb6ad1fb86fb,7c817992adbdd24001302c811f1bdc3fd0af55e9c6cee7d75ee1ebab90d9ce52,9b6ced831341cf60c0b57cc0501a79c692437df8f52651ad3ad68d5d4a9eb6ee
rain-water-cab-view-with-overlay/0286,rain-water-cab-view-with-overlay,train,0,0,0,2054089,0,0,,,,,,0.0,0.8760205772270719,,,0.0,,,,,0.0,,,,0.9855576337983062,0.8786530502704917,,0.7751430907604252,0.37000443066016836,0.0,65bb9a26ed2495d66bcecef26da2702eed5d5ef32bc6393785623c77524cec64,c5023a4e5a1ade5fe386facb5dd55efc8f17e3afa73682ad1f23e1e7f6e96499,53d1a2cd6053d803f65c730d60ad75d9ef8831647533542ad727a7328dd7569f
rain-water-cab-view-with-overlay/0287,rain-water-cab-view-with-overlay,train,0,0,0,2054230,0,0,,,,,,0.7279166143413286,0.8605741271431674,,,,,,,,,,,,0.9896088036570956,0.9791958759966577,,0.6483936559577064,0.0,0.8110644603605829,e86117d8914772da397288df8ec1e772efd2441073ebe583809d2c492b5a8b2e,49c1380aaf9d4764c6f027260ff4e8b042c503f86f3393d63dba98fb7b567287,a0a83e9200279a95313eb100164d3083700b371c3ba2dc55fdf0469aee4799ea
rain-water-cab-view-with-overlay/0288,rain-water-cab-view-with-overlay,train,0,130,0,2027364,0,130,0.0,0.0,,,,0.89927039093978,0.7283852334579923,,,,,,0.9907814820674097,,,,0.0,,0.9220156245876112,,,0.7974037667892249,0.5380447655139744,0.543115611254046,edfc5f576a3fe8034173a9ff71791befd981bc683b089bc729fe555cefbe4b3f,18a05516eb56af5f738ece0bf1f771ff1da45279a794c9ca45f4549211644f6d,966d4194b5641101b51c369ea08cafb883b6b252cf6edee0a20ca9c08ca2718c
sunny-mainline-cab-view/0124,sunny-mainline-cab-view,train,53410,22477,25961,1971752,79371,75887,0.5244089231010918,0.703809611659441,0.6729158004812841,0.0,,0.698148162936108,0.5207831808698443,,,0.4482758620689655,,0.9465255230824815,0.9032472500129979,,0.7675920743311317,,0.5244089231010918,0.0,0.9288070149583671,0.9772324285091252,,0.49821881866080764,0.7843295592190939,,7401f5fc76b6fc6c255d1dd4039a55eb15e32ab20cd3552dcac7878a8a74eb88,9544d3a4d4f26ddcf2a101283fbc57247e7d6b9a4c2a4d1dcc6ecbc47866431b,ba64d1cd7fb4d394868ca694753db8c7d4a70a43012501fd56a0947ce42b0e59
sunny-mainline-cab-view/0125,sunny-mainline-cab-view,train,17971,3121,17560,2002932,35531,21092,0.4649435992962848,0.8520292053859283,0.5057836818552813,,,0.8428266253284685,0.6961188712852724,0.0,,0.6813787305590584,0.7666610639549541,0.08715184186882301,0.3713944698627412,0.892072158275406,0.6682135323705988,0.0,0.4649435992962848,0.6609790690677784,0.8557076228180952,0.9941520658995816,0.6799267643142477,0.7867957541117462,0.8242596607452403,,b9b5845a7575d6e07a9bbc5c28a07e05557e8f29ff815f5cbf7248d75ec08247,258f3be8e12caaaceed243c728d350b639caa3c57d90a8ad103831ada0b7f6ef,9b9b24500dfc408a6feb215a60967961091f60c6d6fdb2186bd3683f76587cd9
sunny-mainline-cab-view/0126,sunny-mainline-cab-view,train,31899,6735,1760,2030743,33659,38634,0.78969648957766,0.8256716881503339,0.9477108648504114,,,0.8862873666598969,0.689656246107859,,,,,0.0,0.9140731847366498,,0.7451285598985357,,0.78969648957766,0.8495003099645073,0.6687465213697747,0.9813086252156917,,0.804628762541806,0.907802563300611,,a1e2fc892f0b131c74ecceb67559b53b91457b9cf91503592486c858fd335277,e27211315a2ae32a9a3ef1ca41e51ca0a0fa4f6fa09bc2a6e3ea542fe11ec29e,b047a6693c81708d4718d6d00a3844c2242b76d144030885bd0f1fc666509b80
sunny-mainline-cab-view/0127,sunny-mainline-cab-view,train,14925,242,10105,2048328,25030,15167,0.5905745489078822,0.9840443067185337,0.5962844586496204,,,0.8708389725749632,0.3348621406858301,,,,,,0.9074719800747199,,0.7926863996515738,,0.5905745489078822,0.7433713620809551,0.8552458257680943,0.9769163457273834,,0.8330202177973415,0.9158206374792013,0.0,0d4cde05aed2bd4fe2170c8e306ae84b426e1f4e3c8d7f9b0b0cb271454f8c9e,aaedcf88592ad3e09dd1013b51109aeb4e7c40f4b2d9226c243471e2f34e9ce8,faabc5eaa89e706ed165f66ded57234338cfbee36a4d0a32992e10703e1b54d7
sunny-mainline-cab-view/0128,sunny-mainline-cab-view,train,16357,2826,6826,2047591,23183,19183,0.6288976892614095,0.8526820622426107,0.7055601087003408,,,0.9094867788675748,0.6969526655608713,,,0.7379629629629629,0.0,0.7853433718878153,0.839568332760959,0.0,0.6704519526107942,,0.6288976892614095,0.6588535031847134,0.9166037847012144,0.9786548767416935,0.0,0.8033855736387382,0.8668527170063872,,24687c346d035f3bef72afba9b140f03eab022e4a90af673afe81fa9f274787b,c2fb729a44959c3f10648bb333aa2bfa0a8bf6c4779e7237ba1a4ca106ac5d1e,2bde2d83138bb4ef1c4d2dfaacc6f6137f6a3459fe91f6bf073f4bd0f3b03250
sunny-mainline-cab-view/0129,sunny-mainline-cab-view,train,29003,9137,16248,2019212,45251,38140,0.5332610134588512,0.7604352385946512,0.640936111909129,,,0.8690928632011032,0.6686383574208874,,0.0,0.5925318013951579,0.750412833215381,0.7462656179678961,0.8564184605643994,0.8795762579841097,0.7420979596032277,0.0,0.5332610134588512,0.6882614722404611,0.9002859219081725,0.9677472859293619,0.6446955430006277,0.7701429993190508,0.7965194109772423,,e52ffee04497a5939bda202788429a87b3560377d2abd91af07b4286a26b89c6,0c3855bad8ebb48418e3eb7da192926f4eba3d0bd8a6c1ba206a8a0de118136e,5f14a569626b389538a734bcad04ab3f9c63c383507ac2363b5f1062b1dbaba5
sunny-mainline-cab-view/0130,sunny-mainline-cab-view,train,26319,6529,965,2039787,27284,32848,0.7783692662585396,0.8012359961032636,0.9646312857352295,,,0.9158018270934487,0.3844535214754301,0.0,,0.5863664790494059,,0.9584834360012451,0.940385231444489,,0.715613499827006,0.0,0.7783692662585396,0.7891766945407573,0.4897485701953167,0.9800342700387523,,0.7952181377499495,0.8598240597554927,,e0ef00001b7bf26a5b6122387465145d21b99c1296743b3f03e61660ac3b3c2c,9e56d793d32c98b488bb34adae6c07d0b0bd6f457d0f9aa68dfdc9a0a4542a74,b3d2cbb22a865277fae4dfa0ac59f38c8f90bae566018c954fed56d112068fce
sunny-mainline-cab-view/0131,sunny-mainline-cab-view,train,12476,2120,30876,2028048,43352,14596,0.2743666432090077,0.8547547273225541,0.28778372393430524,,,0.7895768128139712,0.5643986565530775,,,0.4666666666666667,0.6860581745235708,0.7353070588974794,0.7948423801924371,0.8045234248788369,0.743801407135593,0.0,0.2743666432090077,0.869278968179432,0.8190085034997396,0.954519939492477,0.04611650485436893,0.7223853824103547,0.9009568115081329,,6ed3b7e372d8d5dc78b215af5af6f4653456cd41ece09177eab1178a747e70bc,a8c27ee277932c37a1cbb160b15f22866e20dd4aec146b5de86eb4603ff534fb,33100e5bd8c696bdb9ef8961baa0329e7028bcb678f95421e820cbf68ca1c05e
sunny-mainline-cab-view/0132,sunny-mainline-cab-view,train,4794,277,9253,2059276,14047,5071,0.3346830494275342,0.9453756655492014,0.3412828361927814,,,0.9198121549132494,0.0,,0.0,0.8272569444444444,0.6625942086473622,0.0,0.8813446240697973,0.0,0.8455988195042207,0.7183600713012478,0.3346830494275342,0.8039978659491307,0.6994648224803254,0.9681842410268806,0.0,0.6759317666322189,0.8115792173431784,,e153b7e6bd960d596c08d639a6b6e83a0851899aff6c01d8e6bfbba8b04f29ab,51ec0f2f880b6d5e6d011aff4a6f35f79480042485ebc9db45b9e0c8ccb772ca,55bf9ae2188c8f203c52b29c6ccbc046cad265c2649a8da105113106ad2ce66c
sunny-mainline-cab-view/0133,sunny-mainline-cab-view,train,1744,0,3132,2068026,4876,1744,0.3576702214930271,1.0,0.3576702214930271,,,0.8512740966634882,0.7118868617216556,,,,,0.6555182713226889,0.9743125257338796,,0.6858706986444213,,0.3576702214930271,0.79627773322641,0.8634030963302752,0.9173711445844861,,0.7099612611274269,0.8541493251288103,,f9e73f2fb85c57a08b9d33b0c1c38cfbd56bb541c4b32e14c80883c01757b91a,7b970b234bbeedfb2a18e0ce9e899a251b487dd70a00f183d3d16356c2b2478d,814ee2ee3089c5cbd0d65d4f7f2125a9f00d1bb4e7c00e127a078fa1ebc20ec8
sunny-mainline-cab-view/0134,sunny-mainline-cab-view,train,26754,2857,9457,2027366,36211,29611,0.684805979318112,0.9035155854243355,0.7388362652232747,,,0.8990095144154696,0.05223328123714732,0.0,,,0.0,0.7851605758582503,0.8910998656259828,,0.7617733894777601,,0.684805979318112,0.783792986040177,0.9383810280688505,0.9911728885070845,,0.808574120603015,0.849656518189602,,9e4b1e6f4202cdfc0d9ff15e1ee6eb32270e1c0e88b7b7842be2345e74dab6f2,810016b295ab6550cc7248033bb01b9032302ca875b032e9d08005c80b18156f,71c2d4e9af6a4f39f120ce6dc1d18d0476fb06a99764dcb584c6bfe682d201d5
sunny-mainline-cab-view/0135,sunny-mainline-cab-view,train,15154,3161,2970,2046990,18124,18315,0.7119567770730562,0.8274092274092274,0.836128889869786,,,0.9334971334971335,,,,,,0.8358039331949797,0.8347099213852125,,0.716764459346186,,0.7119567770730562,0.0,0.9705842728417876,0.9926563277492121,,0.8644639244774106,0.9170226171594933,,917d7fdbcba14ad98f4155259ad4945453a4e76aecab144bfdfd515d95e55343,ef3653ad7186e447e51f20d8a071847cfab4d31d30567977a105bb93a6e226d0,704ff9249b3bf5406a68a64f7417690cefbd9ef21ac873223f3021009df960e8
sunny-mainline-cab-view/0136,sunny-mainline-cab-view,train,73053,15867,14647,1964494,87700,88920,0.7053694709704829,0.8215587044534413,0.832987457240593,,,0.8504345512593118,0.0,,,,,0.7284314997405293,0.8030678372540082,,0.7195052870090635,,0.7053694709704829,0.8647577092511013,0.9808746056285289,0.9799336452466666,,0.8351418810075941,0.9267241219809131,,23d8b5534877bd891ce5b404ae30036f3fd3a3f9769fc5d17235cd727642067e,79c1982f49ada9c405b84125d26d3248d5d79d06d6bc5cb458d82e04d838eb1d,177983a2fd88c4bbff068ecfc384675a649ba7f98bb1f8b74dd84d5b9b94e6f7
sunny-mainline-cab-view/0137,sunny-mainline-cab-view,train,22493,10950,1878,2032905,24371,33443,0.6368166246708756,0.6725772209430972,0.9229412006072791,,,0.8952172874065476,,,,,,0.0,0.827728348706228,,0.6809653835990487,,0.6368166246708756,0.5917372337695663,0.9601768190592733,0.9708153758244312,,0.8341514047958339,0.9054205209239564,,a171edd02bf21b2bc889ac8ed17fe30fc47d76defd59a637e236ddadf0c76f27,6f160ebe16131fde736faa1b907b2b9193af1e3c3ecb7fbcc5d577bc8750144d,973f6f001f250e300785fcb0dd3aac1c50cf4c9c75c11e8f3302ea28d01ac254
sunny-mainline-cab-view/0138,sunny-mainline-cab-view,train,6905,9657,31,2051638,6936,16562,0.4161393358645212,0.41691824658857624,0.9955305651672434,,,0.9190076706353959,0.0,,,0.20710059171597633,0.7342723004694836,0.9070589823188014,0.7553951578732047,,0.5672968397291196,,0.4161393358645212,0.939425596126422,0.9592849125021338,0.9924512894957698,,0.8915180419880692,0.9677542357153222,,461bdcfd80571cea432e10e0947270b1a03bad21b5efa4efc325d700d1107bed,50f45cb9d7c36f7e9ad713cde316882219c82f7d0791f0d0e907e65ccc5286eb,e315e2263c502c9f9c8e93024e9b740f8570294e44c30053849edade809781a7
sunny-mainline-cab-view/0139,sunny-mainline-cab-view,train,24387,27928,3483,2012532,27870,52315,0.4370586759382057,0.4661569339577559,0.87502691065662,,0.7799500432318186,0.8835005637946528,0.35294117647058826,0.0,,0.8160265528686581,0.0,0.0,0.7647615870522023,,0.6829186351706037,0.0,0.4370586759382057,0.0,0.9418504682265222,0.9833541934740628,,0.8345057536697434,0.9025907848789285,,ea793969cdff22d7aeff4460d14cafa8007c32c5650e6cd3586775c958a0754c,9ffd1fbd5a02985f044eebd2c5f1c76c095bee6781c959b4c6742485ddd6b778,4f3e3f2d13e1cde1b391cf9fc8a345833f58a919f797f400454fc3e7bfe3cbdc
sunny-mainline-cab-view/0140,sunny-mainline-cab-view,train,14192,6391,9319,2024084,23511,20583,0.47461708246940004,0.6895010445513288,0.6036323423078559,,,0.933623496707929,,,,,,0.6834500223447043,0.7790800081295305,,0.6808798646362099,,0.47461708246940004,0.0,0.9712980243258897,0.9876306330293549,,0.8407730242206977,0.9077015684045079,,3a5fae521d4841d641c0b0953b4733aa8f8734d7fd9997403022f033352a935e,bec802af770693ccb921ee7235635fe5fd724eaa5b1d6e1f6746af21fd9112cd,76c4d4f82d0e7b63bff160da095820ef8b8c0a0ad13f4b27cb820991b4794b66
sunny-mainline-cab-view/0141,sunny-mainline-cab-view,train,22688,5216,1436,2031839,24124,27904,0.7732788002726653,0.8130733944954128,0.9404742165478361,,,0.9596603106852681,,,,,,0.5696417214331143,,,0.7988518959739725,,0.7732788002726653,0.8632499173851654,0.9463441621984073,0.9479280304516736,,0.8754487578383036,0.9240547709781065,,2ab1618bf2232f7953374c7ff9fd6dbb5957a1d11d887a1004faeb1f3bfa8241,97b17a45f269102384f6109c04c9d6b8bf8782c9ed75e154169d5296a043ea20,8a994c1df64bebc4ce85f7181d8a29505b2133e85ec278fa88b825556fb472bc
sunny-mainline-cab-view/0142,sunny-mainline-cab-view,train,25533,5682,3734,2033058,29267,31215,0.7305788434576097,0.8179721287842383,0.8724160317080671,,,0.9475134279526595,,,,,0.4922731804586241,0.8751616787832835,0.9103502801553746,,0.568556919170546,0.0,0.7305788434576097,0.0,0.983057172396733,0.992364380014279,,0.9115278185725108,0.9556766570173687,,f9d4c3db5d27a80539d7e059e63c85bbda048e2f6d73d48e3b0e6d2541a023d4,ecd3fb29f78f54f484c4e6ff39b9f5010a4ff9510a0ca54c9e0fcee6ada30585,bfd84de102c4f1e0a5163369c5d17917f06a150ef7a02994f40c04c9c7365a37
sunny-mainline-cab-view/0143,sunny-mainline-cab-view,train,31761,5027,12583,2018850,44344,36788,0.6433128759798262,0.8633521800587148,0.7162412051235792,,0.0,0.947673927864169,0.23647321730886436,,,,0.7342030734945912,0.0,0.770007993605116,,0.5055140915673387,,0.6433128759798262,0.7347166771524833,0.8906809110523853,0.9919918411499888,,0.9000656355711136,0.8557918423218067,,4437f8bc5b8248f9f54a530115e7dbcc3ace4af83f6e7e7505c28bd61deecdb4,5633b96990c8cacdbca53cbc8c942d05e63f5e2d839d47c6d0409a38e1392cfe,5c3460c336c04a3ad8cb89d030e890f7f275a9fe423c7be279eb9702664d77e7
sunny-mainline-cab-view/0144,sunny-mainline-cab-view,train,4679,3049,4990,2055318,9669,7728,0.3679037584525869,0.6054606625258799,0.4839176750439549,,,0.9146268391735647,,,,,,0.0,0.34379759688610595,,0.6688231031984266,0.8661971830985915,0.3679037584525869,0.6554536618349321,0.957197027506134,0.9670273579094619,,0.8121666243332487,0.9457453496013944,,f6b634ec6548b8bf98554aa0ac61f40eb22ae85f7e7ae26d084ddb9500ae7e5d,7f8b37a8c257a86c7ca870dd1ce5018c32c9ed888de4dc3afc7b590ae25fb898,f9874937591dc4279e6006d2d777635b11d5e55ac8eb044919359b850ec587a4
sunny-mainline-cab-view/0145,sunny-mainline-cab-view,train,20814,5249,1390,2040686,22204,26063,0.7581685061741886,0.7986033841077389,0.9373986669068636,,,0.9513131516901391,0.24884698860553445,,,0.0,,0.8349333555945126,0.9700909168153624,,0.0,,0.7581685061741886,0.90560405188968,0.9719947173632753,0.9925043974928448,,0.8695944511288839,0.9457161999944167,,fcdb2f1d198ca40299c924da55b12732604c2030a0db21c6f4a86b3b5c804d35,20c74d76997181bbbf1ecde190ab83a62b8b818f8a40955abbde22b23f85c59b,0dba0d7039a23830fb7f46a37b5fbd100b96972566c50151df52224932fa074c
sunny-mainline-cab-view/0146,sunny-mainline-cab-view,train,41090,26466,1783,1998618,42873,67556,0.5925957974588615,0.6082361300254604,0.9584120542066102,,,0.8647020446690079,,,,,,0.0,,,0.6415425065731815,,0.5925957974588615,,0.9404261633330984,0.9572095947145252,,0.8020387227044015,0.9089115131998783,0.0,144ac7ace9587dad2bd7d7909441c0b2eb1b7a5fd5d975855c31e6f54006cc89,14b653b227e8c3d3a8b942968a57b177faaf75fb68a3e71ae071e6286eda5cde,6cea2ed7ac49ba249582ebf89040f6f31ed5db5e4c6ff70f3304fb131c68d015
sunny-mainline-cab-view/0147,sunny-mainline-cab-view,train,2231,0,3820,2055280,6051,2231,0.36869938853082135,1.0,0.36869938853082135,,,0.9383096889632495,,,,0.0,,0.8829383265680241,0.8571875,,0.6632440476190476,,0.36869938853082135,,0.985383591456178,0.9699261892150116,,0.7829548568021016,0.9287426854578286,,6cf388fea166cff5c1481f523509bf3d72656e5aede0964f0ec6b15e88adea19,692808c9fd7ae6179769e38738eb5f38b5dfd78c857fdca542786e3cce1a19ce,4356b4680ee5ea4fd97df61b567f4a491747e80f5ead6e67e6a706e8a56c40e2
sunny-mainline-cab-view/0148,sunny-mainline-cab-view,train,29492,20454,1463,1992366,30955,49946,0.5736738703339882,0.5904777159332079,0.9527378452592473,,,0.8929576216743094,0.7235858697176749,,,0.8413547237076648,,0.15203182722364308,0.9574976440463385,,0.7294964531572142,,0.5736738703339882,,0.9439991579893785,0.9873305803633511,,0.8638382170862567,0.9142954514271551,,d859eb4079cd5f05a69e1a52ca314157548f99524569888aa31aa39194c4c163,3f6263d12602f503c9afd8899de5bf72117310b14c1df89f7ca3507e4df9258a,a0d821089fb1965186d0abf2fb9eac87ee4df2f1a0e595a95eb33b3978662164
sunny-mainline-cab-view/0149,sunny-mainline-cab-view,train,2664,2,7950,2046512,10614,2666,0.2509419743782969,0.9992498124531133,0.2509892594686263,,,0.9085836840662441,0.6680869044684672,0.0,,0.3343108504398827,0.7034694773825209,0.554809008336444,0.819394266199335,,0.7573919572131161,,0.2509419743782969,0.6735194266314598,0.8789372954486258,0.9738413854814935,,0.8180715398966595,0.8787223098053017,,0f14ff36a7fdb27af6f7ec8cb353e753e159bb3b77aab52a80b13fe6937791bc,f956580152828b020215fbf2c78a840a5b4b68ad7e56c3e41bf4fea9766fcbe0,5cc8c0eeaf882e6b0979e6fb3cc06c437b22adc635c6ceaae42a2b897e2c0d29
sunny-mainline-cab-view/0150,sunny-mainline-cab-view,train,7186,2484,2432,1996468,9618,9670,0.5937861510494133,0.7431230610134436,0.7471407777084633,,0.43395252837977294,0.9527319094676443,0.0728667305848514,0.0,,0.5366568914956011,0.01033868092691622,0.6727247881934955,0.8678500511462783,,0.7049812030075188,,0.5937861510494133,0.8026998335223298,0.8883891744859735,0.9944580102924551,,0.8382069105632065,0.8915622430793508,,d4d60368183c52383216b6039fb814147d7720ff8a5ea3c97e9222f8f0eb8937,ea19db3c93ddb0c57d8a40d4882b76fc921b3e7ef2c036f491aeeeed322a8ba8,f89cde6b45320a2c24d4e5a82505a12b942643479d4916953be05d391beb597d
sunny-mainline-cab-view/0151,sunny-mainline-cab-view,train,5275,7351,18563,2034798,23838,12626,0.16913014203725674,0.4177886900047521,0.22128534273009481,,0.0,0.8452488206001835,0.5766481265899194,0.0,,0.27461858529819694,0.0,0.0,0.8695082929693233,,0.5902412964117175,,0.16913014203725674,0.8585279452008797,0.8734327455538546,0.9914023453183625,,0.8652877119357951,0.7952959394793293,,4b1751c125ecc67afaa53eb1d7655c7a5ec051098de588dcb48ea4bc9cd3c5fc,1ab5b3a734f95118a4f540fd1aa10298673d5e4910ab7f3050c63f27f8d9a24b,070f1dcd00a0f8b870877ebac4e6db93d8011bd49e8f162b0d6876c987be27ef
sunny-mainline-cab-view/0152,sunny-mainline-cab-view,train,10256,4176,2452,2042695,12708,14432,0.607438995498697,0.7106430155210643,0.8070506767390621,,,0.9270788373880181,0.30848534776980113,0.0,,0.8091081593927894,,0.7199777716032231,0.8813887944991905,,0.7554332790261596,,0.607438995498697,0.8997891537251292,0.9134344520409753,0.9812437302326982,,0.866676423240158,0.851770839265468,,7c244faef1d58c7c544581c4aaad579ceaddaf9f4f8593f1c642198319e0f064,57425f7fe572f2d8c613752e0aa310cac5a68f17926ddb24529c7254a7030148,3c4a3a18a66b0b274b5aab51c4d35b907321f85a63cee4a383ab00b972f744b4
sunny-mainline-cab-view/0153,sunny-mainline-cab-view,train,21015,15645,400,2029677,21415,36660,0.5670534268753373,0.573240589198036,0.9813215036189586,,,0.8985048141697611,,,,,,0.740348619560131,0.0,,0.9075543715510583,,0.5670534268753373,0.9644197052548981,0.9829206959985148,0.9922100429360771,,0.9026103780766302,0.9588738022856313,,8a9db76dfcf9155f0dfba13eb33441d81632dfa0d872dd599c6a9a249961a009,05a5851a91ad31d3a2d1b4e3dda4c9fb4c997e5bb7d94639cfcf404ebbcfe4e3,9f69f0231839699494e74034bc75fa155b9017bc47e075acd8568f4f3ed2b308
sunny-mainline-cab-view/0154,sunny-mainline-cab-view,train,15467,8595,949,1978779,16416,24062,0.6184079005237696,0.6427977724212451,0.9421905458089669,,,0.9476360595458431,,,,,0.0,,0.0,,0.6528621387815203,,0.6184079005237696,,0.9781090525482956,0.9965042784649709,,0.9077959328370234,0.9435639737147274,,6ba5f4dc3a08179c05592eb64e30da7a3ab0f61eb7a134091c4cb022c307f8ce,73a89e97a564e8790df1b2ef5cc6b4b1abecd82ba42528df33db4e2887c0a69e,d0c5ea3235ee5f11573cee14fc23d8208ebda9148328d69572386f3073d821c6
sunny-mainline-cab-view/0155,sunny-mainline-cab-view,train,4549,5775,415,2049884,4964,10324,0.423596238010988,0.440623789228981,0.9163980660757454,,,0.9526723688390465,,,,,,0.2660540422273274,0.9033283157718682,,0.5996135265700483,,0.423596238010988,0.8756641870350691,0.9771691018990053,0.985335192795108,,0.8993737212825439,0.9505030917273426,,06a90f5ff240f94f7308b963ae697e96d8e7f41f7c690b41c58516e490c044e0,3520046f77397809711aadef6d4851348e6ef6dfa7e4d4acffde40d4a08d976e,8bbce41fd1c3a79e8e20b0e9972e034f143e57cb8eeecf20d76e0b94677b89db
sunny-mainline-cab-view/0156,sunny-mainline-cab-view,train,9387,8406,485,2042082,9872,17793,0.5135682240945398,0.5275670207384927,0.9508711507293355,,,0.9436245441572856,,,,0.0,,0.779886794058816,,,0.7340393035332451,,0.5135682240945398,,0.9756792233202071,0.9838899659377921,,0.9159080652941817,0.9338720963314392,,2a9b7f9f2e664a6492b210e6af5c8b3238a3d01e1f1d4f0c3506e92519ad0942,407421d1c13fc9a5c28ada48397820d63763e5bbd52ba90e03022634e21f2fbc,7bf20faf515d43b6a55b7cc3254fbe8ae9a4c0f365a87d7790936afcf55c8c96
sunny-mainline-cab-view/0157,sunny-mainline-cab-view,train,22273,16241,1264,2028394,23537,38514,0.5599326260747146,0.5783091862699278,0.9462973191145856,,,0.9223445495425647,,,,0.0,,0.2464644420269689,0.8135272727272728,,0.811906269791007,,0.5599326260747146,,0.9509712333102411,0.9921189852599357,,0.8840510261409829,0.9288208059359353,,8e5da439095b7bf529ca9afbcfc297a86c96a3820aab657ef461687e06417c1a,9981e1d1ae142c1e9738d94cae092b732bd369db06694bee51a34ebb4e3fc179,8be0b85b08d7924324c391ed258f035f12143501d3e3fcb6add2e569f97d8e59
sunny-mainline-cab-view/0158,sunny-mainline-cab-view,train,4408,912,676,2062182,5084,5320,0.7351567711807871,0.8285714285714286,0.8670338316286389,,,0.9755466827892945,,,,0.8817285822592873,0.7464874031007752,0.6821634483389768,0.48845836768342954,,0.5558111380145279,,0.7351567711807871,,0.7530306500733803,0.9098615157842811,,0.8855720586327669,0.9241871361905232,,e6a650c2b434f3111eccf6b5f78e578afe4a7a00834675380b1cee62d761869d,07015ed660b2b8ea64300203f1815f3802c8e66a3db06436fb5305d647e31263,ba5dd68e025dc86408757e3544fd03e4942a9c5f10801c78e7d4f274e56e3160
sunny-mainline-cab-view/0159,sunny-mainline-cab-view,train,24908,2586,4451,2036164,29359,27494,0.7797151353889498,0.9059431148614243,0.8483940188698526,,,0.962331140162739,,,,,0.6207498345068303,0.7822472088051311,0.9250566292351439,,0.6471169686985173,,0.7797151353889498,0.0,0.9601876991011266,0.9932119130100872,,0.9195682451253482,0.9244137647912969,,0857b1a64422a748f3a1acbe2298b756354dc4e916a3e35065e7c7c8aa443cfa,d11d1839c3df1fc963b3d4a7d2fad7dd497deb84c04b0fae9ac7612d46bf2393,3b9c0b3e744fa40c8b89da28145f4720c23006e07383a8ee36071199781b7267
sunny-mainline-cab-view/0160,sunny-mainline-cab-view,train,22283,8217,685,2037117,22968,30500,0.7145422478755812,0.7305901639344262,0.9701758969000348,,,0.9488862093038015,,,,,,0.7911560693641618,,,0.7349053233297607,,0.7145422478755812,,0.9746506596282382,0.9909514102111141,,0.9157842541348091,0.931906917446718,,3f99be5f7928e5a01c3e2e0da7c216742c167125a2f4df4f9eda959f3e86453c,3a16390f7fe8b99976e346e04b3a49000f78f09ada1595a248415368e11aedf5,528623dc2171ffb721b892330731b4550ad6b9a2d8d73149502402d1a02ea5e7
sunny-mainline-cab-view/0161,sunny-mainline-cab-view,train,24225,5534,3473,2034887,27698,29759,0.7289660568127106,0.8140394502503444,0.8746118853346811,,,0.9431433922892233,,,,,0.9449471766848816,0.7160928206417023,0.8518593473311409,,0.7346333192030522,,0.7289660568127106,,0.9534714346806316,0.9947046326951369,,0.9013851180341448,0.9301939848869997,,016395879116dde76f1eddcc264a67c3d1fb136d9a0f2d92b33ab41044c4e774,d23f8db4f6d3d5ebf380883116bb37266ab923f0b3242a26533b21ff6567c406,07333ed0031117b82bac1139fdcac3ce8e3736526c23ba924ce0c21a4ff317d1
sunny-mainline-cab-view/0162,sunny-mainline-cab-view,train,25742,6079,1528,2031796,27270,31821,0.7718972083120933,0.8089626347380661,0.9439677301063439,,,0.96028258976096,,,,,0.9449380261563791,0.6452584044154541,0.5968023255813953,,0.8312532501300052,,0.7718972083120933,0.648565965583174,0.9532180948878264,0.9887593846360102,,0.9082772301972852,0.92527403116599,,9a198f581ccbd0527724f15f9a3cece6e5832854e77e259dffc5bd5a429ff05c,0f13810f4e07bcb4e31d23ae621fe1f2f1ba5df5bd7d2a28ccf1edc7b7b90c12,f14dfd02db1e52b0418d0ac63364b5fc0d7ec82e4e7a95fc196f20aae41886d2
sunny-mainline-cab-view/0163,sunny-mainline-cab-view,train,55224,11027,4911,1996803,60135,66251,0.7760321519912313,0.8335572293248403,0.9183337490646046,,,0.9200955787322292,,0.0,,,0.9497677619129538,0.8745940544591556,0.32425233079065263,,0.7642526964560863,,0.7760321519912313,0.0,0.9646348141892128,0.994854220254986,,0.8896439376309053,0.934379780351067,,53c1f0e23c023af87bca8d7c925f1118fa6e03bf34b314ab0e901d159fd525b9,0dcf0e9793f56137c43c73198bc407fb3d307128f3264ea267e08b830d3a3e6c,417d9b3c6a5502d00a92640cb42150d3f7cee5688d98fc2e73c972df2984558a
sunny-mainline-cab-view/0164,sunny-mainline-cab-view,train,36815,6894,278,2024190,37093,43709,0.8369518266760634,0.8422750463291313,0.9925053244547489,,,0.9490560017379616,,,,,0.9472515706435308,0.5563372540397933,0.8834265150054623,,0.6462174189446916,,0.8369518266760634,0.8334947080231044,0.9701615717775757,0.9952946798513519,,0.9084692021946253,0.955108177216934,,dc2322339b57aed5805465301755b9054b87fba047b608e05ae4dcf959232006,595424faa77d35db1f99a37b4f55a72e40170bff8e5dfdb3ab73ae65e3e2479a,eedeb431d426b596452ca61edbb54a9bafe682d4d51c0651c6000caf8e1a049c
sunny-mainline-cab-view/0165,sunny-mainline-cab-view,train,23709,6258,3708,2034375,27417,29967,0.7040534521158129,0.7911702873160477,0.8647554437028121,,,0.9374895986686296,,,,,0.9523576539661183,0.768229575035283,0.6413033931551366,,0.8022116541568785,,0.7040534521158129,0.6821156528269499,0.9445248735563848,0.9954486216602123,,0.8906188649611888,0.919798929908246,,ed03205def575f68a08e90b5040e492f111657b011c4a09ea8773bfee95ae4f8,48f2d8f29663c715443a61887d3de406b2141c0cd0635bc8d985d53ed8a38d72,e178858e281c51fd0c6175b4cce8c16ac64091cdc007a6a4703f7cd484b98152
sunny-mainline-cab-view/0166,sunny-mainline-cab-view,train,21490,7274,355,2038901,21845,28764,0.7380061128472818,0.7471144486163259,0.9837491416800183,,,0.9461436852364831,,,,,,0.7992091129079856,,,0.8045540796963947,,0.7380061128472818,,0.9778300034775586,0.9903710620903516,,0.878703481392557,0.9330594149980062,,4cb25bc7ad809534409bf310ce0bd9621415dfebdaa38bfbacf278916ddd0f64,6efebaf42ad436d141650e14308bf18e2389d3ec7ed42dbb736ae5b5f6d3a70d,59c6400b1460206445d078a7f2aa5a12dceb5e1aac8fff7bb7d76993759622fc
sunny-mainline-cab-view/0167,sunny-mainline-cab-view,train,5440,1866,219,2057697,5659,7306,0.7229235880398671,0.7445934848070079,0.9613005831418978,,,0.968022188685402,,,,,0.9017948717948718,0.9186602149565113,0.9466077350716955,,0.0,,0.7229235880398671,0.8041993105609527,0.9433789045938701,0.9911618363986294,,0.8956750622576679,0.9327119645047474,,ea08f07ca095ed6d035d6f14b8548f69a14bf8d6b49efbbdddf5179bf9ef3009,b5e44b4d05c9f941f3f50ad3195bd2b3c67bdab306fccddeab16a0e824382b20,a98790eee95c2b1e58b371c7da274aff12335bda979ef8e4908fdb0512b3dcd8
sunny-mainline-cab-view/0168,sunny-mainline-cab-view,train,24425,5419,759,2037464,25184,29844,0.7981243668921347,0.8184224634767457,0.9698618170266836,,,0.9527042390774728,,,,,0.8568822553897181,,0.8020954598370198,,0.6852501624431449,,0.7981243668921347,,0.9534712758863714,0.9930099907503069,,0.9046635745600101,0.8934879557864209,,72b8f6a32917f9b4cd7edbfc8b38900c94a094dd308a81ee17ec8c715bf8a875,adeae42b66b6f80ff7ded176032da0f049d5158fb43d05363602b068574857d5,23a9c9c2ea6e5b568f9a90714f9d1ed4452a4d11e9f5ab8298261097060082f1
sunny-mainline-cab-view/0169,sunny-mainline-cab-view,train,4585,1783,1177,2060482,5762,6368,0.607687210072896,0.7200062814070352,0.7957306490801805,,,0.9738156904348445,,,,,0.9334909605610242,,0.9159213098729228,,0.686135334279727,,0.607687210072896,,0.9740629017901296,0.992860543253633,,0.9222816003552117,0.9585734884948922,,e50a126b8e9d96524472935c0169644a3000d548dd10622d7dd7837f28b262f3,1fabbee7225ef01c83c8f9d87a5e21012dbd0cd0e092aae0b3f85cc885236dfa,1d0ab4334844777d070c5f50a07e9b955ac370d9c42955849e290c0c553e3984
sunny-mainline-cab-view/0170,sunny-mainline-cab-view,train,6273,1046,2967,2057919,9240,7319,0.6098580594983473,0.8570843011340347,0.6788961038961039,,,0.955364314400459,,,,,0.9399009934560744,0.40674212598425197,0.8994195670850533,,0.6428009441384737,,0.6098580594983473,,0.9746794811747881,0.991731082430501,,0.8997403728059947,0.9638111211456586,,3f433ab98d445e66fbd4c3879168f0ff099bfa2f2a0555a496a23ef041827ef6,2432eb316800d123f6938e33fc85795b3d6c60ffa520a0ea9203c0121e31584d,24101b81b9a81af6233a130081f3b1cabb1175536525ef29c9e195e6e8527a22
sunny-mainline-cab-view/0171,sunny-mainline-cab-view,train,23984,9694,1413,2026377,25397,33678,0.6834800946111539,0.7121563038185166,0.9443635075008859,,,0.9379708128822278,,,,,,,,,0.8107973154816814,,0.6834800946111539,,0.9639150423032415,0.9622427220850291,,0.8684760558185283,0.9245961350110726,,f0f37b4a43e03c4b5aef2ec2723b33d29fdeb183e0247dc20cc38fd51708b6d4,e8e0d147bf6775475813b28df3bf64d5faa50955a9846c2f56a541b5e2252767,088bdabfb0e872349f6f8c0c6d83d10426caad899cabeaea8d13f2760b5633fd
sunny-mainline-cab-view/0172,sunny-mainline-cab-view,train,0,5679,0,2057458,0,5679,0.0,0.0,,,,0.9457898929520465,,,,0.31643835616438354,,0.0,0.8347860677074247,,0.4439613816262893,,0.0,0.0,0.9327360574023486,0.9531677573436181,,0.7420614479653047,0.8526981663918809,,9d1f242981192b866b8c78b235337b3fcd78c0dbb947afbb3861211b73247352,c9cc1d7969f031b1ba1caed9230b1e99f67407a3ccf18ad66582f8d9f85d7a54,81426975c680d1a048aae374d89d8a1b7a47adde8a96c0cc8ca3d64eb4458763
sunny-mainline-cab-view/0179,sunny-mainline-cab-view,train,0,0,0,2070979,0,0,,,,0.8451578573962398,0.5614370087481683,0.9372598413114502,,0.3916043285641659,0.8788653545216107,0.0,0.0,0.15985667943892487,0.8525070388176819,,0.618646967340591,,,0.5404080196436903,0.8975021808046637,0.9650532480435048,,0.6994214259051885,0.9509103403985871,,2980bdd5ac578120cb35ad4b8b8f5798eb1663f505b1d628312365558c8e6637,0a9409b2e919a722e20a573aade797666e16f212e11504e1bba1fad37db8571f,89c8537c47e5f2938dca38695ecc2ec498554ce4ba9110fc13b33b3353f9e647
sunny-mainline-cab-view/0180,sunny-mainline-cab-view,train,0,0,0,2073539,0,0,,,,,0.0,0.0,,,0.9726405940176349,,,,0.7396161219321705,,0.6235769372016159,,,0.8636541471048513,0.9434366000053831,0.9849306046652235,,0.787577518539399,0.9613830804111007,,11d2b9c079ad57dd8e7e64839160cd7b1d1b689d42720e385bbae214ae1ce4e2,d03eedc21174cd47abea991f73f6f1990f52f4dc95c05ca152a8ebc1c4f8dbbd,da061c2188b1c22783d6706daf889b8752fb0cea5937190bb1a82902f9dea47b
sunny-mainline-cab-view/0181,sunny-mainline-cab-view,train,0,0,0,2073600,0,0,,,,,0.9678891198024907,0.9548428162240532,,0.0,,,0.0,,0.5514018691588785,,0.6336126629422719,,,,0.984620685718014,0.9946607764913888,,0.7367919321659726,0.9402920254586298,,961d4dc340edb778535bf1a91b174154c09e8c3bf2814a05efe15d66cfa809cb,f7acffee97a0d29fb4655547c1884e20e9bd9972cc8706da96cdee1e26eb908f,4c67d8f1ea82587b006c649f06b71bc2a02e4f8d11a65cc2e350dd4776e2b4f6
sunny-mainline-cab-view/0182,sunny-mainline-cab-view,train,0,0,0,2070136,0,0,,,,0.6046978094484032,,0.932141689373297,0.0,,,,,0.914237709559095,0.9374932290270896,,0.0,,,0.0,0.7727947238252267,0.5749263188918361,,0.6467366289238701,0.7955608733911964,,2b635f17ddb2ba61b77fdcac0499ec5c3d70dea1323a289937212955ea815653,4ceaeb2102494da778ecf94d2ac615d63cfe08ae62aaef2a6796fec50fb8bb6f,13dbcab9400410b92e30a619d7d6c0655924c2a6dbb0a6f4deb7c65d0ba2929f
sunny-mainline-cab-view/0184,sunny-mainline-cab-view,train,0,0,0,2070348,0,0,,,,,0.3320171108917407,0.9507836507219719,0.0,0.6851211072664359,,0.0,0.0,0.9374862274129573,0.9137058341338757,,0.6867351484499882,,,0.42790305415553903,0.7180365736284889,0.9795126301761001,,0.8341788205453392,0.9435940082391953,,fce720c8ba60a17547f87e487d475b7dfc8130e8e3f6de1eb655de80095dd9d4,cfb308f1843883bcd1f15e0bb17c380c182c15635fad7bdad3e92fd028097a16,dc9460d4be6fdc547714be3865213d87b8c1fa60d49507854d66973fc0b843d0
sunny-mountain-stations/0228,sunny-mountain-stations,train,0,0,0,2073600,0,0,,,,0.912269869779973,,0.9539851185326181,,,0.978235556761773,0.5657356948228883,0.6136546304289584,0.8147478364124887,0.8190291262135923,,0.8084457289659602,,,0.416289592760181,0.8629009231940611,0.9901309133963296,,0.8156768660591195,0.9556604706959028,,8fb67a7950262b0a2133f19fd631fd9df52f83e1660f0a811abf3e9d0982f269,f4c0dfc2948c51f179a4a80f4d4b7d2a14b8c5ced33c320220f787477a45e6d3,e9cc2896caf8f967f0d939df4eb0622fb05dd14f004187b319aa6b60b20e668a
sunny-mountain-stations/0229,sunny-mountain-stations,train,0,156,0,2069855,0,156,0.0,0.0,,,0.5450056226470444,0.9721379383129732,,0.3401098901098901,,0.8412195934688437,0.773601194789809,0.8967353489623437,0.844130847044024,,0.6816048278945016,0.49845009299442034,0.0,0.7534068289695299,0.8050222397387534,0.9907922476526075,,0.8599829131690647,0.9494085963410276,,0354800bf80455fa7680958e010518b436ea155dca8b0abbc8d1e10092f0661b,fc908e7e08e5cc665f4c59c11eadf28fcdf161bd566dd5bc31ca5349d4ad036e,60777e1ab53170bfb8aacb1b2251bbc2571d9e9820deac73dc022dc1a0c0fff6
sunny-mountain-stations/0230,sunny-mountain-stations,train,0,0,0,2030242,0,0,,,,,0.8049394557007553,0.9101009118123486,0.0,0.0,0.9373987206823028,0.0,0.8465915089802095,,0.8245568105318274,0.9065721761128342,0.686646083963235,,,0.7164264621622812,0.8988559037470366,0.982609648260403,0.6074368018812464,0.7875841296991782,0.8636457177848829,,505099662669780df8408d783f6869cfd7b572910896d2c7b6f0e27c7432cffb,0f54a1615827a6cc63096a9eaf5bd58b3ed9758a76361bcee72da0187c106f17,923d9881bb4f7bb5bae05b4894fb3c09d9e40ff6ee45eeac689c57e2a923d8a5
sunny-mountain-stations/0243,sunny-mountain-stations,train,0,0,0,2073291,0,0,,,,,,0.9695345607350165,,,0.9794448069483445,0.0,,,0.0,,0.4694368131868132,0.7902852737085582,,,0.9850272107344695,0.9957148868841752,,0.6934481630873215,0.9392192343839864,,d048231d419c08d7176eaceaa89f964709a5a5de28918f80af2d6d5cb56dc892,ac493ba00b218289c9290e59fc10ebc5e73442a5005678ae91222731a9f1a765,28e459b306e2a6cc402530decba16ea0fc0a0247c4d0b783907201b524673a90
sunny-mountain-stations/0244,sunny-mountain-stations,train,0,0,0,2068950,0,0,,,,0.9146985198084459,,0.9533299311048737,0.16351568785197104,0.0,0.879774090273707,0.18362706083001706,0.0,0.8018845950238221,0.5766977235616175,,0.7774977903981044,,,0.8874133590277562,0.9486861417140537,0.9910807141206378,,0.7469835338490283,0.8680981721177046,,8d1edf47c4a0e099e6bac09702b9eb61358d689387405e5915c4b761311fb755,62634f58072805641c40889959a1644646ac9bf20776fc28c0eb907ebb26db45,fc5abaca81e69ddb921a5c5ab1bc86fda378ebc2a71a230bcda97cd958757ac8
sunny-mountain-stations/0245,sunny-mountain-stations,train,0,0,0,2073600,0,0,,,,0.8633238187721312,,0.9216520201890804,,0.0,0.8752000474186474,0.4870689655172414,0.8443438282950544,0.6772273619855457,0.9587661107247849,0.9039256621228867,0.6244031830238727,,,0.4709141274238227,0.9282800333749971,0.9952513845057076,0.7240789323599863,0.7283250351883364,0.742221050252392,,ede5e722aa51b1edf1b7f3550819d1fa7c743d02958fb765bf9233ccf1ea1020,cadf2ab9a2d6547b808e82099b83169aa947fb0617b0d25d7c012f3a84f18477,727b581259eef5966467652143b2dfb3a5c3fd1da9fdf7dfa2fd1d1828175586
sunny-mountain-stations/0246,sunny-mountain-stations,train,0,9370,0,2051733,0,9370,0.0,0.0,,0.7833063209076175,,0.7619212783007021,0.0,0.0,,,0.0,0.48295657559372096,0.638662079827579,0.9554625366262034,0.21655359565807328,,0.0,0.8194736951852701,0.9467293576351493,0.9918029744950503,0.14473277726289774,0.7730112377835439,0.7966123111300276,,90a65adbb644d54e42c7e51d5cebfa0b1e554d4d34f442db24481dcd7007c74c,8211f22cbe10bb54834c2a0f57f23d5612d3a7a8d288102d2f5c719f02078527,fc7baf6519f87201a758ea08fd4915a23ea8fecaf5fd33625b0f7601c2ea8a4b
sunny-mountain-stations/0247,sunny-mountain-stations,train,0,0,0,2073600,0,0,,,,,0.8663085045441175,0.9501803028256103,,,,,0.11102624011502517,0.8264156537207233,0.9176423629590208,,0.5764567013628071,,,0.6624320452367625,0.96639626427646,0.9949004947228384,,0.8444394304051344,0.9673943930205984,,a442fff38da0ce40c7e735cd036d9ad22fde5c1909107105ed77bd798ca3f872,c5c7e80094cc032a92fa08b0b660de2231a9cddd7643b6d1c2df97dbdb15ba15,808636e19c7706bccdd787940ebc2ee3ba8b2ac4f4ad6c5c69c9dd5d7db2711d
sunny-mountain-stations/0248,sunny-mountain-stations,train,0,0,0,2073600,0,0,,,,0.5180415152714322,,0.9688409923606709,,,0.735063827587989,0.0,0.9369608938547486,0.9320089304171663,0.9204004125819396,,0.217984755248297,,,0.5674064214700929,0.5741858287379045,0.9833617522034631,,0.8647004228111788,0.9461188196358777,,c489b83cc8d5e13b9e9ee4f588ba23a86a21404337b41cc01afb90627630275f,1828c615b6f7ff9fa65e720ed3534d3325375ddada62df18c96577a26343ed35,edbe263ceeb8d33819bacfb584a41fad15d19bc4d4739ed23a3fd75b094bce16
sunny-mountain-stations/0249,sunny-mountain-stations,train,0,0,0,2073600,0,0,,,,0.8680865024468929,,0.9670467876430738,,0.0,0.9519485144485145,0.39771528998242534,,0.8697105500584225,0.9363087948114748,,0.8356248957116637,,,0.6243612672457843,0.971603506363371,0.9906782512610957,,0.8853983140433145,0.9122919435478767,,408760b135c0da743871d600304812e352ac956549d1987597238245735e8672,459bc06543c1527b8f31f3778f2304eca8cda8b56ce00177d1006117d7a4ed71,82e29ad96fcb27f21d114dccdd9e350251bfd79a3b7509a6fe3fa29801882c66
sunny-mountain-stations/0250,sunny-mountain-stations,train,0,0,0,2064289,0,0,,,,0.6285714285714286,,0.981138474873283,,,0.9455465798424771,0.0,0.0,0.8448507338854445,0.9281746250298324,,0.8136723634847853,,,,0.0,0.9815086639383998,,0.8324428483839887,0.7858646859067979,,0956dd0c21f6af0a1387e957effd77c906124754c421ea783a885ae3ce8cf3f2,1a54313fd7aaffafd2aa769b53c139c749f29333937e07fd9220a885589e54d0,1d8f7d54c5efa18b18029f2c6e209f411748ca1e5d55f8a860b434527c3472a4
sunny-mountain-stations/0252,sunny-mountain-stations,train,0,0,0,2029299,0,0,,,,0.8025751072961373,,0.916563062801371,,,0.9168891337203554,0.0,,0.9739007015036459,0.9288222062601336,,0.32325361862806795,,,,0.9178727031634779,0.9917838338251461,,0.7890045409526657,0.9683052549369631,,1749f26376edb32da712444c9e60186ff4bd29e1fed12a43bf0f659bf8e5a11b,c37061946bca614f0217b26c4987befc27e64f2bc1d0d90685762ea41c67810e,a0ad28ebe57b519299a8d34bab0cb95eb77bebf2787fa2b338018bf007e8fced
trackside-maintenance/0000,trackside-maintenance,train,93,0,98636,1990231,98729,93,0.0009419724700949063,1.0,0.0009419724700949063,,,0.9325978214690895,,,,,,,0.0,,,,0.0009419724700949063,,0.0,,,0.8900921426408456,0.6731856068306566,,e41473adaa20b0dfe8eecc7e6000f550ae13c68770e4946667d4c938e7a89230,608d5152e26531f443e848f1ab03966ce4ec96ab2768c3ee09bd3bac6d538107,6273f8806b16e289d4ee9c1515390e66531c4ce9609a3edb9d0f4709c48b6ae0
trackside-maintenance/0021,trackside-maintenance,train,1062184,1174,249463,775846,1311647,1063358,0.8090851685035507,0.9988959503760728,0.8098093465696182,,,,,,,,,,,,,,0.8090851685035507,,0.977227948824191,,,0.8223169269255071,0.6982905610388443,,f193c1a096a827f7ac610c2dfa2ef5244731e66842755d4d9a52dae046fadeb1,3cc3a810432c2d42f2e1b1d81348e5530c70ad2520bc91739596cf667ef7070b,9c123f282d619f75089ee30c6850d8fa9ed6aa92187a94f21670023ceb190fb2
trackside-maintenance/0052,trackside-maintenance,train,1166159,15673,11343,895493,1177502,1181832,0.9773578896641314,0.9867383858281041,0.9903668953428529,,,,,,,,,,,,,,0.9773578896641314,,0.9813229571984435,,,0.9440384030845147,0.9725929044529482,,efc1a697946924df5b504e34114d2f5a5bdaff8ab191a9dd2c8d978a19525204,d7c67dfa30ada59632dc54a7ee5807a8e61a421646642ee6822c51b526280b84,fe98ab7bd477491c859752e22f1bcce2f19afd3de00118ac84b625120dc79f7e
trackside-maintenance/0055,trackside-maintenance,train,1135141,6731,45784,901304,1180925,1141872,0.9557826508686017,0.9941052937632239,0.9612303914304464,0.9001988755880216,,,,,,,,,0.0,,,,0.9557826508686017,,0.9636152809552164,,,0.899777979175159,0.9423890782796945,,28f3b3d7bec0bf474a3fc09012c7f4ef1b0b5a4e37e51acf00fbc5bea657569b,7b23c5e8ffdcb864899f2b44e3f35d742c5fa4f4a7b41a710d74ec6204039136,6e0b0be8899b2ffe3080d607f8dd61630b8b4066c785e109e2b2c62dc482f308
trackside-maintenance/0056,trackside-maintenance,train,1032959,20481,43599,990179,1076558,1053440,0.9415882206557834,0.9805579814702309,0.9595014852892273,0.96559327990518,,,,,,,,,,,,,0.9415882206557834,,0.9686584314852054,,,0.9351729563152691,0.9099056619381822,,ecf8e84d483b920ff62e729b88a34b2e02bc43b25ba2201f33a1d1233e98db4f,71ac374b6a05e5b030909b340d8dfeaf290ad55a7d2193361ea9ad5698cb1afc,7f77406be191db3a73178c2a37b051d46a4daf0dfec1dc0ef4da3d0675ff9ab2
trackside-maintenance/0057,trackside-maintenance,train,791357,125,17923,1279150,809280,791482,0.9777021392257276,0.9998420684235396,0.9778531534203242,0.9601235801490772,,,0.0824693236944735,,,,,,,,,,0.9777021392257276,,0.9667053563147969,,,0.9247197993973248,0.9812246763345657,,76a244cf235702a8709bcd5845224a9a5785c3cd791a1fc89b4d54cf065746b8,c6a6ea3d247a64e8a78e7264e9e5bf9070735b251f3b1498e53ceeb2d9a5eece,8352c731e7fc5e368e566a52094bc9e48f5f0b3629cf2e1a4407f1fcba0c3e23
trackside-maintenance/0058,trackside-maintenance,train,1283174,19386,44935,741465,1328109,1302560,0.9522662421752957,0.9851170003685051,0.966166180637282,,,,,,,,,,,,,,0.9522662421752957,,0.9102374386224524,,,0.8382251923548234,0.9588484771646265,,527bd4c6f5b48a8fa052db415d684acdb3dcbf8021025486fa219182ad9059ba,135090e121d0df3d05d16ca027cf3a9280fcb288b8d5e5c4b535ae20858a57bb,88ab528518922fa8890f7ca147abb6ef25ae1f66414badd3bfb9034978245d3f
trackside-maintenance/0059,trackside-maintenance,train,1208770,22933,45437,811791,1254207,1231703,0.9464663231908796,0.9813810634544204,0.9637723278533766,,,,,,,,,,,,,,0.9464663231908796,,0.9344788970277762,,,0.7935552554617532,0.9624021651671422,,8f38d8ecfaf13ea9265b15f72d8c2a5f6320df894c563c0277971f5a71223076,51caf95e4def10813bd0f02b5d94ab8f9ddcf77d3b4125ae347e9e88f0e70034,584cb9c8dd8e2b2ba0cb0e0e15aa0c5fd46e44738349eea548978ec6bf06878a
trackside-maintenance/0060,trackside-maintenance,train,1400862,36125,11313,640660,1412175,1436987,0.9672457363805841,0.9748605937284054,0.9919889532104732,,,,,,,,,,,,,,0.9672457363805841,,0.7211961301671064,,,0.9209468173886655,0.9257668830258713,,af2519b33d6b5f52478d8c41669353834cbc46bda125e944b6f0f559e55e7d51,a1ed253eef60a1b41a1f265e34bb48ebce8b527eb2c22c4dfdfd0244558ab6a4,4a7419a858d29d95fc3b64b9d3e93317b505359798fedd6dacd00d4366f65327
trackside-maintenance/0061,trackside-maintenance,train,1664474,35746,4281,384459,1668755,1700220,0.976516880893587,0.9789756619731564,0.9974346144281215,,,,,,,,,,,,,,0.976516880893587,,,,,0.9521025260029717,0.0,,8bdf064f89bd89d79af62f1c4461b3024cfa2110a8194ff5044d74f7f592fc74,a2d3dc8b57ca001020539c453fd25cc135c52f4e3a1b7e3782882c0642be1d36,dcd2babc932b86040bdac68877e673be8fdb942a037a6a7a5502e2e94c3d5744
trackside-maintenance/0062,trackside-maintenance,train,1903008,10871,53,174251,1903061,1913879,0.9942923782036144,0.9943199125963553,0.999972150130763,,,,,,,,,,,,,,0.9942923782036144,,,,,0.9410071553935466,,,6f1c22c5a26f9c6f9349d1b7472ea93537d6383a9cda356167f51397f8e8f989,8b6b3404dcee61dcef88a2efe10d1c664ce76c5c90f08c90a160e1881b9c7ba9,edae681e4e145fc75b9aff7d262a954c70ba27dae4a81df6114a1366b4910c9a
trackside-maintenance/0063,trackside-maintenance,train,1332227,33300,4315,719118,1336542,1365527,0.9725406287732454,0.9756138106386765,0.9967715193387114,,,,,,,,,,0.0,,,,0.9725406287732454,,,,,0.9664859275777121,0.9383395616604383,,f25b27c24e3ff91436c5e3877a5df281c4dd826a5c70266f8b58faae4174a2e4,f404f535862173c8b8688fb06460f4e3b4307973ba3453d76a2a74ed1ce29373,2cd9d90f29601ad592d66cef6da8dc3fffacc6bc3c3446a2d000440c6c19e715
trackside-maintenance/0064,trackside-maintenance,train,197958,2710,183590,1704702,381548,200668,0.5151694954952142,0.9864951063448083,0.5188285615440259,,,0.8357984957835006,,,,,,,,,,,0.5151694954952142,,0.0,,,0.8979146095042538,0.3447069666122073,,40ea4a91bdc724c6898236dad7394cdb56c3f9eff92be4c2d3cdc31bac221ba5,8cf27ff8c967f94b6ce773a71a3e75cdd9d3bead6550b3d272103014e8ccae9c,d4557213c72584fb1fa8951df225d122b174286cb5f87c68f782f3457dbe14d4
trackside-maintenance/0065,trackside-maintenance,train,1338130,47005,3610,700215,1341740,1385135,0.9635534241347403,0.9660646796160663,0.9973094638305484,,,,,,,,,,,,,,0.9635534241347403,,,,,0.9402116433204851,0.9262655745213743,,f03f57e248aa7907bdc8f6d9dc2d77aa18d6bd0c9408c1035bef8a148a559b79,c6eb3a0619930aa14ed66cc41633d3632df51fbd1eeb2b2d5c2a7d4933429313,e4bda9b8ddeaafdb4cc65c5a4ea7e373d7d6225e98e16714ee024d7e6b812e30
trackside-maintenance/0066,trackside-maintenance,train,1293354,30119,4658,760829,1298012,1323473,0.9738150830000957,0.9772424522449645,0.9964114353334176,,,,0.0,,,,,,,,,,0.9738150830000957,,0.9681408980003926,,,0.9460417163709183,0.956142190634856,,6223c858287f0677fdc6d3b7cc8038c3ecc2f0d657d409ea0818439bb88d0fa5,d3884b710501411f6f6b15febc4e69affad923b6dee90f38d67b046fdfa35666,953567bc87ea291e134cf66a6c8d89847322a3b5f12e64effbf550eed4376448
trackside-maintenance/0067,trackside-maintenance,train,839896,9013,17877,1222174,857773,848909,0.9689773485035522,0.9893828431551556,0.9791588217395512,,,0.7210779265362169,0.21382636655948553,,0.9129968160841412,,,,,,,,0.9689773485035522,,0.9811964802153377,,,0.9333633591659031,0.9680212931503602,,0500732a4422c6db9e57d541c1a7f0c06c3e10fd30ca7e04d1cb512dcd29b739,31e1a531c8bacd76bd03d1630b16b65d83c1b22e86c7d094e48509567df280d7,cc12bf9351a1fca1bee8344ec9498189f12ae912c96bbe0336084e52804ac81f
trackside-maintenance/0068,trackside-maintenance,train,1033261,15947,20840,1018912,1054101,1049208,0.9656211683961841,0.9848009165008272,0.9802295984919851,,,0.8625194401244168,0.017994858611825194,,,,,,,,,,0.9656211683961841,,0.9692799724962793,,,0.9412280701754386,0.9503627946680675,,2002370858caebe870952bed7a32a15d4c1e010a5b718f1e3c6e2a619ef1550f,f630baf409c8fa26b7d8c7049cc4ec4ab2d5780809fe481c6ff0414a1752009b,b78acf9df65400e40e98579e2d05e07faccd97e107c16970ae832a63b6863f23
trackside-maintenance/0069,trackside-maintenance,train,1806038,108206,798,173918,1806836,1914244,0.9430800995487305,0.9434732458349092,0.9995583439780921,,,,,,,,,,0.8132964383691792,,,,0.9430800995487305,,,,,0.7525430132527319,0.029066060715044712,,f29f28360c7637a0569445615e72587d568ec754c219c552470709afefec21c0,9004352091a51ef231b51d3a96e9c590f364538a5c6d5c05d1c1cbd61935bd8f,c233b070500f807a6ca573d51c4eb34fe1e6bb4e5ef2536a9bde8a22a822eec5
trackside-maintenance/0070,trackside-maintenance,train,1874492,44932,755,168781,1875247,1919424,0.9762069057103531,0.9765908939348471,0.9995973863709687,,,,,,,,,,,,,,0.9762069057103531,,,,,0.9421000926577134,0.0,,8da8ac7ad697e79d43107c8ebe4903d9b515079f50e3b43f871cbcaca0df5d1e,fc37c78a2230c5c8c971926e1a494ea03d9ff1f1d5ef03a91ddce40348295058,1283f08c70a5c427f340757bce551a444426d6ac4908143f43d7c5204c43a624
trackside-maintenance/0071,trackside-maintenance,train,1674800,5622,7996,400542,1682796,1680422,0.9919344617268946,0.9966544118084624,0.9952483842367108,,,,,,,,,,,,,,0.9919344617268946,,,,,0.96711898783079,,,3722b3d81a9495d0186d3ce92ec994c7f10c979ce8ebf1d78a787043f819a9f5,b67b6c1fd6b1b376e5af96480d72e2c49eda9b71209418decad92c770b5024a5,6282f20ce9367aad3d715e6a467048ab6863c1c71bcd3279e8333c0c0324ba91
trackside-maintenance/0072,trackside-maintenance,train,1523328,4823,93403,467406,1616731,1528151,0.9394247740130763,0.9968438982796857,0.9422272474518024,,,,,,,,,,,,,,0.9394247740130763,,,,,0.8263429226069247,,,190287f82f43182bf0e583f603971ce568382ea6cb8bd6655a8483c3dd9de73a,ed7b67bd4cb17da870d4d1c71e483046760415f5abff5f935a882ce1e78f4a58,5740c34ddda82bab63bcb0dd9bb46286a6cda165bead95e5f05a3be8758de532
trackside-maintenance/0073,trackside-maintenance,train,1551299,55963,13003,468695,1564302,1607262,0.9574353577964099,0.9651811590145228,0.9916876664480389,,,,,,,,,,0.8998531103039137,,,,0.9574353577964099,,0.0,,,0.9151424011784925,0.5471745777328676,,5652f16f45d364803ae0cb7862cfd6866fbbefdeeefdf76929de1dbf58fe7814,776ab1d9d39e30450e3cb98591c31188fa38dda21975a58e3b3269ad48adbff8,e1936cca617491422d5cc8b477e7a5a006cb9e5e827821ce2c7896a6910f8682
trackside-maintenance/0074,trackside-maintenance,train,1326839,228559,19452,514110,1346291,1555398,0.8425177000984221,0.853054330788647,0.98555141496155,,,,,,,,,,0.8237357038108756,,,,0.8425177000984221,,0.012795168156404255,,,0.9209896753542754,0.15901076288754426,,093b845a2d8a639e83ffa1ecf5fde92d921664c2417e66a25b10d3dca8f6d55f,f7283dc707378e69d703aef147373bdcd064cb957f41e1765d75f9806d2293a0,9456598bf231b8591c5be277823a4a541468391da7ec305a313d12af72164680
trackside-maintenance/0075,trackside-maintenance,train,1448044,30140,59834,550942,1507878,1478184,0.9415000344599348,0.9796101161966304,0.960319070906267,,,,,,,,,,0.8222807901939623,,,,0.9415000344599348,,,,,0.9259117144553544,0.7599561053471668,,03904f8a2512daea1c39d2cbdedf3303eb95dcf456e4adbc73e729eb2d9aca10,718e6fd45e2e42240aee648e4e87a0092a7553e48a752f65433e382eadbfffee,afe09e4b9339269060367a4fc9d702bf7da5ac658dcf332b5b290540d2d8aeb0
trackside-maintenance/0076,trackside-maintenance,train,1593596,8362,26654,460348,1620250,1601958,0.978499482995336,0.9947801378063594,0.9835494522450239,,,,,,,,,,0.8547864145883961,,,,0.978499482995336,,,,,0.9644447192678703,0.0,,2c8539da08f1b6584a3d127fd3a5f5050bdc5350404f6d4739a5e44dc6d6e78b,b0a5d9f1ca8e3700479bb3fd590e0e31fd80eb007671997450e69cea9e96069c,9505f868232866b21519ea92dc8441c4788cb8a78652c2d6c33f6624e1e3f052
trackside-maintenance/0077,trackside-maintenance,train,1272522,34654,4005,777779,1276527,1307176,0.970515893686684,0.9734894153503431,0.9968625810499896,,,,,,,,,,,,,,0.970515893686684,,0.9430289149728027,,,0.9528428739326733,0.9467790794251915,,845a1cf210437b2039d48232df6099976b3cbf2a66266f2948cd84e0e8dd1a89,db1147ad0f9aa22d2101b8b087ce2dcca15710e76e651244fdb30f75aeb1348f,509e4b8fa4469563e20268917f3f88df5241f514702cd666e62727818b6162b4
trackside-maintenance/0078,trackside-maintenance,train,1293271,31395,3461,760833,1296732,1324666,0.9737555218740377,0.9762996861095552,0.9973309828090924,,,,,,,,,,0.0,,,,0.9737555218740377,,0.9147207021726175,,,0.9496688858984347,0.9543784695027431,,9072ecd1d6bd9a6ade7bbf9d4ebfe4912556baadda2bae4e1a66249b89915dc1,5ee5a7b2559e29f59042063b25e69d22cc7635dcfb1ccedb12ca183a2172add3,95c795b62e6c1306dab164515e0636307bf72edd280029f2dfe83f6eb686ab39
trackside-maintenance/0079,trackside-maintenance,train,1309622,35617,7028,736693,1316650,1345239,0.9684640681167255,0.9735236638247925,0.9946622109140622,,,,,,,,,,,,,,0.9684640681167255,,0.9682719885277247,,,0.9437980319273,0.9395645985875298,,7245d072113222a13b028579251a425ef833a8850f977f01ffb13f42c5569754,196f7161bb9ef2af0e3ea14b4f939200a99ce0ea7a60d5039b4f22522718c58a,818c1d80b185e586ff0a82075f4b5705ba5a3a800ce30a4fb079af2727192124
trackside-maintenance/0080,trackside-maintenance,train,1181368,33570,16307,857715,1197675,1214938,0.9594905969161296,0.9723689603913944,0.9863844532114305,,,,,,,,,,,,,,0.9594905969161296,,0.9584643282509093,,,0.9362065632114519,0.9334658822321329,,045d4791802edd4766cb20165f7f89e48500708e9eacc4fb3176b9cd89733d49,72915e72ba77b4a35ec44c0cd9aadfe5a489e09dcf8bf4df59f3ca3ef7ac9e26,3b6f9d898d839aa1c3b7a2837bb5043115a3876a9c70c6f588474bf8f2e580a3
trackside-maintenance/0081,trackside-maintenance,train,1382925,36666,3960,665409,1386885,1419591,0.971461507174664,0.9741714338848302,0.9971446803448015,,,,,,,,,,,,,,0.971461507174664,,0.946259220231823,,,0.9303382659415216,0.9438697805707038,,eaf74d01f4f349885d90aff52c367596e2cba944e49a7b0feffd851b79a71ea1,e7d19f949be6c72d26980869fabb339acd375a65015bcc000bb7ea609efc0558,0bcb02c5567d83d8350cd63c45b7d22225218f5aebee87c657ab8be99d697e60
trackside-maintenance/0082,trackside-maintenance,train,384091,1422,258604,1444843,642695,385513,0.5963062611295774,0.9963114084349944,0.5976256233516676,,,0.7339039981140898,,,,,,,,,,,0.5963062611295774,,,,,0.9158947086463018,0.299826363690121,,65b79e130b09b882fa33f7676d2436a802b097d73fc606fa0428a40aa7592ed5,a63aebc4038689fc219bba17b9c67904c70eae12e7833a0e436e0aa12bdbfcaa,428449ab9def3b7b81aeccda90d69a5d7344723e53af69c1e0053a48ff84ae5d
trackside-maintenance/0083,trackside-maintenance,train,1593973,46222,3501,445264,1597474,1640195,0.9697492723715334,0.9718192044238643,0.9978084150352369,,,,,,,,,,,,,,0.9697492723715334,,,,,0.9476559772067734,0.793208114979505,,f93539c0825969b6f96f386dbaa98f06caadbcb1d80a39102a077ace90560d5e,eacd1a0cdf15d5e49563452c6d7003c31113591a4df0d81eaf61105edab0d64b,ecbe72fdf502d7334c84a076ec6f1b0eff86fedf519e24464d54f89ee9c9e013
trackside-maintenance/0084,trackside-maintenance,train,1397746,51345,2003,637866,1399749,1449091,0.9632360136559037,0.9645674426243762,0.9985690291616568,,,,,,,,,,,,,,0.9632360136559037,,,,,0.9712562156709772,0.8947167482053862,,78b655ec93b0e9575d9bf363a03233ad6e48a40c1e428e86125f919cccf38ced,ac028f7bcbe7ad92f61055bc538a75e3ad911ea17ef8513a38a275c9758c465e,75fd97e2405e03b4bc24af1292fb26b85661371ab68735f102606780ee4ee1c5
trackside-maintenance/0085,trackside-maintenance,train,1321341,34545,4861,728213,1326202,1355886,0.9710409062081342,0.9745221943437723,0.9963346458533466,,,,0.4628712871287129,,,,,,0.0,,,,0.9710409062081342,,0.7312335958005249,,,0.9548072540434525,0.9432220554745139,,1fe7cf2ae2eef9be85f098226cc6e927e226f7e34a356079eaf30f81a5517c08,a964b223ce70c0ddfcfc63a7116d136b72dbabc8a5bfb3c71b4a8784a89ebc9f,2807c4291c6cf985f85e4ad3c8e5cac896571284e684cdea217b9b2d226694a6
trackside-maintenance/0086,trackside-maintenance,train,849979,23642,4388,1210951,854367,873621,0.9680754980871494,0.972937921593002,0.9948640338402583,,,0.7356434431247704,0.2175257731958763,,0.9051756121691813,,,,,,,,0.9680754980871494,,0.972256288819437,,,0.9544286975235791,0.9562601087120871,,9db552632140a4fe745fdf61a0d0fa31fc4952af06addd32095a7c1372bb9d8a,48e0f42fd5470fdf74ebb3d8b15d9098a05ee9adf3541431ac1b7a9fa0e062d9,2cc8c7ab54ba37734b3f23280cf628939725ac51d879cddf61730ccdf13b3236
trackside-maintenance/0087,trackside-maintenance,train,1017133,25816,7172,1037961,1024305,1042949,0.968586477177392,0.9752471117954953,0.9929981792532497,,,0.6077090909090909,0.4605475040257649,,0.8109048723897911,,,,0.0,,,,0.968586477177392,,0.9756725565454594,,,0.9446209891624245,0.9583407985454448,,95207ac84f3acc3ff5c55764aa554bffc9f0a32f4cab08eaf951e2fe43877d51,587b26c9e34a988459b083e4db74f236062e3ecce661eb481c45f1084fd9f4af,8ad1ee8b24261e6f8d3bd8c3d3ac5c107fa7c46bd7fd1bafc39304d62c0b6a82
trackside-maintenance/0088,trackside-maintenance,train,1049636,18229,6765,1014330,1056401,1067865,0.9767417622809711,0.9829294901509086,0.9935961817529517,,,,0.0,,,,,,,,,,0.9767417622809711,,0.9660965737118209,,,0.9401525713694285,0.9686551882167989,,d725e1c7a0e34cdd9a85ca766c2f77aae4456153fa89c7ec4ed4903841bcc25a,d8588ac0e324f990fbff92d6ef4ea35638073f169b1c3a29eb0f763ca8158eea,a2350a573ddec2232b200341654969dd4cc5c968e86a79e1f15fbc99691c8a99
trackside-maintenance/0089,trackside-maintenance,train,1349335,28842,4608,706175,1353943,1378177,0.9758096884186623,0.9790723542767004,0.9965966070949811,,,,,,,,,,0.0,,,,0.9758096884186623,,0.6736736736736737,,,0.9456115364073349,0.9618819038946382,,0055dcf9f3b23337c4d0b8675c5c94dc530eabdf296e211580d8631bfde63237,3fa143f99bf6e20e136865aa3ed2add68b848b13c63f491d183a418d2b345cb3,91cd04039325dec6d9165d68b585605bae0d8cd58e037093180592e566fe6d87
trackside-maintenance/0090,trackside-maintenance,train,822434,16639,6507,1243366,828941,839073,0.9726270725419239,0.9801697826053275,0.992150225408081,,,0.7375686013637119,0.11657142857142858,,0.9175362010221465,,,,,,,,0.9726270725419239,,0.9791072496153206,,,0.9608608928281618,0.9624683289526651,,0a5483a0127931090560f2cb06532b9de62ff8978b5d2d75fc73f10c9e628fb9,bdacebbf7725f3ad965f05b99232ec789fc6dd5801ffb98aa2a88920ad1db2bc,d7c9570f72b620246d461c48d4f04155bb99a6726fabaa6439ec9f2270717506
trackside-maintenance/0091,trackside-maintenance,train,1005146,20038,9012,1054560,1014158,1025184,0.9719105469369442,0.9804542404095264,0.9911138106685546,,,0.8465444287729196,0.06282722513089005,,,,,,,,,,0.9719105469369442,,0.9649555472930679,,,0.9571721851258744,0.9578607917158666,,140a0439c3c000cca0ab1e8fd90ed6598c8fdb0c15a7ebf645bf70366d6dd90b,fd9fcc64d607952b1ca4b32b253c900c3b6c42ae47ad9a118acf78aa6132ac62,c28dba060014eca7dbddfea959692645c60a7189353b0634bfb10587bf377943
trackside-maintenance/0092,trackside-maintenance,train,1305515,17087,7087,759271,1312602,1322602,0.98181980899293,0.9870807695739157,0.9946008005473098,,,,,,,,,,0.0,,,,0.98181980899293,,,,,0.9602748540483672,0.972452027230725,,b46f2ac36452a0a15ac8e7c69746492ff0b596b959f253d1612c3db9998b2895,ca30dbb08d9fb0e4fe8996fe88911e453cc3bca799282014ced559432b824f51,604926fb9357cf2b295cbfc96eb56683cf739ac298116738341bb7a7447a4f6b
trackside-maintenance/0093,trackside-maintenance,train,886369,13946,7453,1180761,893822,900315,0.9764267962739378,0.9845098659913475,0.9916616507537295,,,0.690973391714382,0.20899149453219928,,0.7515309446254071,,,,,,,,0.9764267962739378,,0.9772967484502292,,,0.9420576243853134,0.9729471492749918,,6259e3456d036d7371c800562ffea682d470ccccfc442c166f67ae5f354b645f,84941b6b7aa17a3e2407d6f073b2b43d7c36ff43014f7ec679d58cf5431ed076,73791b7ea286e5d6b975e64abb695d73dec5274d74bd74c19ae2e440d516715a
trackside-maintenance/0094,trackside-maintenance,train,1024940,12898,12572,1037413,1037512,1037838,0.9757523252825088,0.9875722415251706,0.9878825497921951,,,,,,,,,,,,,,0.9757523252825088,,0.9556783814787778,,,0.9638416785399281,0.9604969453518554,,e0ed8f532604e6e6555ff2fed40abf4191312f80d30033f9f5891f116ab17ef9,7e4ff407e211370343392cbcdbff2b1388d8e1979cda20ce09bf6f00dd9def79,d82a459688049d4d04a1b533178aeb4be77f62988bde290f037f338618a118b9
trackside-maintenance/0095,trackside-maintenance,train,813640,11576,12639,1251105,826279,825216,0.9710988178145383,0.9859721575926788,0.9847037138787262,,,0.7201673640167364,0.1369268897149938,,0.9656479507225776,,,,,,,,0.9710988178145383,,0.9789377109341721,,,0.9546576258677553,0.956959186724473,,2c0673f9062a1f999a14ea9f32f3a730731ead900fcdf51751a187ad746dfc7b,e2149e1bb2a9cbc2acdbaf0b9ef76ebcda214853f1f5097dab8ec69174e4aad8,afbf66fae4544b1da1d03bfd7bffa8f59b85e656e45d077461d2ee3d7c440071
trackside-maintenance/0096,trackside-maintenance,train,393991,7129,13180,1674253,407171,401120,0.9509799662080618,0.9822272636617471,0.9676303076594355,,,0.7552127479233769,0.0,,0.9630159532697211,,,,0.0,,,,0.9509799662080618,,0.9907442318313643,0.9781377219575574,,0.9136723026395815,0.9577928367978698,,4c21278ae3f78bf40f512492d07dff5fe47bcd04749b1b5bbb976b5f139f1b63,0bdeb500a31ea967c4b9b29ff432f98229b20b9b969b3a7a8efa595fe61979ce,f795dec70e73c529c16ce49140882105f6cd22592b96d3a5375f4160daec7331
trackside-maintenance/0097,trackside-maintenance,train,1551520,12047,7275,278175,1558795,1563567,0.9876995904107478,0.9922951814664802,0.995332933451801,,,,,,,,,,,,,,0.9876995904107478,,0.865501720942547,,,0.9375769502300407,0.0,,069e56fc048051d80ef3d6c175598cb6a1df2596f82c85bd8075f4b88100565a,4dafdc7299c42b3fd729bc5fad69b105505ba91c31b992ed39c8524ab26e9327,d6a39558bd59bc604651f6a0c9e4fbd2afbd22f5b4020db456f2edfe07136597
trackside-maintenance/0098,trackside-maintenance,train,1731393,19748,5513,332306,1736906,1751141,0.9856198204085722,0.9887227813180093,0.9968259652508541,,,,0.0,,,,,,,,,,0.9856198204085722,,,,,0.9294024858200857,,,fc04d89f6819407752a53d790ea973fc002344aa19eadc04b345225545c7ce53,50b458614c96f982cdd8a232cc68c34b8a13e26c9ea30e839f0bb3d3f75ed0bb,731451e9647b2f7b0463f75dae02c09e0ebf396e833b64da83d3ddb89f8c4a18
trackside-maintenance/0099,trackside-maintenance,train,1272468,18282,32418,765792,1304886,1290750,0.9616828702024233,0.985836141778036,0.9751564504485449,,,0.584841628959276,0.531317494600432,,0.9627939627939628,,,,,,,,0.9616828702024233,,0.9873310279147876,,,0.9145351592403125,0.7035127911416571,,34c0bbfd58571e1b86214468e7824979e09367e8aa452150512daa459ff8c186,0553959daf6ce869735cd945b60890b3ab439a1579cbc8fe572569200304aa26,bc7c1032998ecc64bf9b0f47c491dba69d4808d62ba475a5eeccba3dc71edefc
trackside-maintenance/0100,trackside-maintenance,train,1067638,10454,70100,351329,1137738,1078092,0.9298427440706781,0.9903032394266909,0.9383865178099,,,0.9083522204991825,,,,,,,0.0,,,,0.9298427440706781,,0.0,,,0.8190651014872322,0.8929694916516203,0.0,295de469c85a2cbd063ed52a760230d5847fd6ca3ec792d4228e881a1fc88163,f5b03baa6b4d5ea3f09082ebe6520174de0c27be86a86a96401a87b00c959c4c,950b864fa1879b6618c3fd092f93cc86dc21874e66f7576a20925782589c0484
trackside-maintenance/0101,trackside-maintenance,train,413345,51701,21608,179346,434953,465046,0.8493611477559005,0.8888260516163993,0.9503210691729911,,,0.6082781456953642,,,,,,,0.0,,,,0.8493611477559005,,0.7410845139228138,,,0.9186920678313614,0.5729082354489521,,f18cd13f8be6e6da511d8cc5f6ff2f0e8e5ffa3cdc730d55f0752e075e4be9a7,2053724e9bccf33b2605685548994cd45b4e42ce9eed6263ab94fd76ac8b7402,183de0f86c624e74513938d0ec1c2fd457449402ef0a2a42a3d003b3d8c7f962
trackside-maintenance/0102,trackside-maintenance,train,313538,14720,87658,1083341,401196,328258,0.7538493349618673,0.9551572238909638,0.7815082902122653,,,0.9078849510510738,0.014089347079037801,,,,0.0,,0.0,0.9045156199756264,,,0.7538493349618673,,0.9187884873510457,,0.0664102702995504,0.899502870746394,0.6459933348481406,,d32849c8bde9dd413c6d0ab82ca84e62323fed3319cfb99825a11f91ac7baef3,16725b66e3177e4058bec98d44bcd85e2a17929f45e24c0a9596f58d4fc0420f,5bb94ae09749b1e83c74da26147015d463299f9f139e196d9fdd170110912054
trackside-maintenance/0103,trackside-maintenance,train,483362,8412,300825,1296361,784187,491774,0.6098443222865535,0.982894581657428,0.6163861425909891,,,0.647896135128328,,,,,,,,,,,0.6098443222865535,,,,,0.9480099814590216,0.6322507920176985,,bcd725f20e45aba176964b9c6318633c2f7a70f7664784eb0dfc98abf0940141,832b0e6356d68f26976e3d7922d3b08c241fb1ce86ad33ae4f971af5515c330f,69171aa6e50831ab888405b0cbaaf51d53aaa9992674768f64d85c1ba5e42ae1
trackside-maintenance/0104,trackside-maintenance,train,125531,1221,8572,287077,134103,126752,0.9276329402027726,0.9903670159050745,0.9360789840644878,,,,,,,,0.0,,,,,,0.9276329402027726,,0.9773624994652559,,,0.9608620068597203,0.8930924837353305,,8af545cd5a93e866ceeaf9e8b89657bd1753fb543ecfc98e2121144440cb5e5b,38d8338d1cf13856f69f9d6bf5678bbe6767d870b9c6d44089b654888be7a538,f4ecbd122f554f961ae9844de6f6877f74194aacf389300af9cab8137232d043
trackside-maintenance/0105,trackside-maintenance,train,189906,20079,16872,559575,206778,209985,0.8371176556156521,0.9043788842060148,0.9184052462060761,,,0.4877547739411586,0.9019808653484239,,,,,0.9852807950702772,,,,,0.8371176556156521,,,,,0.939800061550069,0.9208033478664356,,d1ad562afeae01ddb70bc66ae877af92f08918967c215ffefec2257c3ad76fa6,c81174649f12ca8f38a2a5768fc715389902ca51ae6140ec8217629ad50b6eb2,f2c1f5b663adc8e7b88614e3ca582b0cd52c1dccee0d7dc4859712cdedeb69b0
vegetation-worksite/0262,vegetation-worksite,train,0,0,0,2073600,0,0,,,,,0.9667137053003753,0.8556516006153395,0.49920895704028234,,,0.0,0.0,,0.4900085293042525,0.0,0.4941334227287965,,,,0.9731034599610655,0.9931520303655776,,0.5774360717016396,0.9053283816257224,,54396730a7d632e6ac164891ed59aa4b248397c4bff8ad0524ee051361535740,ecc4df5204120b6d832dfe643f5cf2ece2d746710ad731c9c0b70f45d3c1a90e,037606f646ad37c7d0a5cdce634b42758bbc438178e3a1215aa5e4cddd7204d3
