key,group,split,tp,fp,fn,tn,support,predicted_pixels,iou,precision,recall,iou:person,iou:truck,iou:rail-track,iou:vegetation-overgrowth,iou:car,iou:on-rails,iou:traffic-sign,iou:road,iou:sidewalk,iou:construction,iou:tram-track,iou:pole,iou:traffic-light,iou:mud-pumping,iou:fence,iou:terrain,iou:sky,iou:rail-embedded,iou:rail-raised,iou:trackbed,iou:standing-water,image_sha256,mask_decoded_sha256,prediction_sha256
flooded-road-crossing/0272,flooded-road-crossing,train,0,0,0,2073600,0,0,,,,,,,,0.9429818037582428,,,0.8465471413272087,,0.6586364277984285,,0.21823020625415834,,,0.0,0.9212150457909976,0.9897509604802989,,,,0.9223265830745423,1a64c22d40183eaa53211aeb2ab21c5cbf2a328ca7b2d6716a58fff64bb7291d,2ae0b928ea09fecae228600e65afc5ccf5aeab55c6186e155c041878168d2b7b,12f8d86520bc2884bb7b39d92885f275054747b72df1ea32a38f199748f0150e
flooded-road-crossing/0273,flooded-road-crossing,train,0,0,0,2073600,0,0,,,,,,,,,,,,,0.9300205776998705,,,,,0.0,0.79084495488105,,,,,0.9549477338067542,4f42631f3a3bf1174b11d6978aa00479044e989be0e1722cf53a2a7d698ca4da,d71932fbc886eb13c90b1ecf925dd2ed196974dc2b78b22dae98b2b052263ceb,3d4370d91ac5a82de047608d05bbc68c5dc74a2e44a679d531cb64e56793aac8
flooded-road-crossing/0274,flooded-road-crossing,train,0,0,0,2073600,0,0,,,,,,,,,,0.0,0.9285439196953791,,,,0.0,,,,0.6596337207821428,,,,,0.9296369267579013,5eac815d6dcafeaed42ca25116f35fe30e4598159ae3b155d664bf6b7378427a,92f986c0cf867798fb963a56a3cc9a99da42fa01c35481b1810a31fc272e5aab,79c7109e94c9ffeac3510c1af2fac238b70f4253eb95ad3e88c7a90bd1118bb1
flooded-station-platform/0298,flooded-station-platform,train,0,0,0,2073600,0,0,,,,0.9069688275057142,,0.7574781038978404,,,0.9715214230736338,,,0.939029436035999,0.9609256759203223,,,,,,,,,0.7551212331847733,0.0,0.8854515578588131,f0194c9f5092ef4a9f5211064d986408ef94a7c44752b254cf2a6cb67600d64a,9c2a8282ac3b685c1b4f7d0eada263e2c6deb4d18423159e43b764c65f2afc9f,0d6b91532b07e42f0cfaf2d19f8ddf40092dce8efe99e405aecc899ccf41625c
flooded-station-platform/0299,flooded-station-platform,train,0,0,0,2073600,0,0,,,,,,0.7860773717159827,,,,,,0.9908176231309588,0.9594945340932023,,,,,,,,,0.9094382605686603,,0.8530934332823503,2e8151e2e6b02fcc2163c50aa86d9e5e0134c8e81d7ed74c33832a121b91dcaf,ac007d07fbb9218cd6a46518c8161c36b300c81f837d4ca78ee881cc5c1285ad,3efdd2e443bd638e27fd74601e2f4ec806b6f5900c753bbb4841a55a17fca101
flooded-station-platform/0300,flooded-station-platform,train,0,0,0,1958520,0,0,,,,,,0.851901363786549,,,,,,0.0,0.9702641660730673,,,,,,,,,0.9088689187452422,,0.9387583608565704,aa5009748eb469829d461d7b4e9a1e63aced662acde1baab34479670671c9cfc,71b71d95fce3df9c264c4586d0b956bfa611ac012f0c0847d66c466d4e709978,70ca7c6294e379558b38655361d7c67b879c7fe159d0716596f4f04ea4773afe
flooded-station-platform/0301,flooded-station-platform,train,0,0,0,2073600,0,0,,,,,,0.9607111842022461,,,,,,,0.99454542927819,,,,,,,,,0.9487327169423938,,0.9820040332799751,b6bfd2eb1a154fe26098279bca8d8165e5aa045fad56b687663d941cba56bfda,7894d14854f9ccbb4158b0466157085afe2d2c32ff1bb92ff09db44e499d08ca,5a0e83b6fa2cc716ad3e890f91e37ea36347bf20a9c42716377b44e1ec52818d
flooded-station-platform/0302,flooded-station-platform,train,0,0,0,2073600,0,0,,,,,,0.9589093214965123,,,,,,0.3073908684953978,0.9972612753245363,,,,,,,,,0.9450551013153217,,0.9714625895814362,0758d8245392d38d69bb520d6aa46dd39d38ccdfa9c8011ae15e78d2a3d0dfae,00ea88ab0410bcf15bd3202f7dbdea2d25333ff4bec6c06d01c990410360a826,edcfa9e0ac23eea8789dfde17ca16ff57bebd2d709c71ca1567490f332abc20b
flooded-station-platform/0303,flooded-station-platform,train,0,0,0,2073600,0,0,,,,0.0,,0.9458574731755476,0.0,,0.6571428571428571,0.3892722710163112,0.0,0.9687080749338642,0.8563892988231733,,0.4184670265417735,0.2415679124886053,,0.4670667362439845,0.7783208050145296,0.6750544069640914,,0.7665175028053753,0.7713777662591969,0.8653955467076141,e62cac97ea08c225e113869af1e24539312d59ae8b1ea981d8625c7d8c85968b,e39d3cc9f2e733f410aab08b883c5b815fc0b7cec4923951527119e1188c966a,aa6fe5a33a42209aafb41fd8bfa4a0a183d71fd66518ca425a5b01a6bbafeabe
flooded-station-platform/0304,flooded-station-platform,train,0,0,0,2073600,0,0,,,,,,0.8687723442955405,,,,,,,0.9848417491523923,,,,,,,,,0.9073929732194067,,0.9382284500975085,c9797d293e9f42ce5aacd15adf5adeae5aabd49c586206b065f6f9ae8218987a,fdcfa33e5312540d1fe6a49626ab748f10be173352f093e26fb20c90e293784a,8ed8ebb87a9d72ffb84276d52057410d1d392e569345d2a620d49922ae0a7f4a
flooded-station-platform/0305,flooded-station-platform,train,0,0,0,2073600,0,0,,,,,,0.9287167779239149,,,,,,0.8126203831987294,0.9846356195843855,,,,,,,,,0.9553897389532954,,0.9106298342541437,10d64186056082ebd4e47902c4c0de8902ac70f0ef5c2e64b7a35ce344eeda23,e7d2de4d96aec0a8b3246ae5cbcc210d76914bab2c93070d8a83137bb7c9c701,b3dc0223c882c55d91e773605ea1866c5471d179f4705b4075f6d1f004593747
flooded-stone-bridge/0270,flooded-stone-bridge,train,0,0,0,589824,0,0,,,,,,0.0,0.977569698946601,,,,,,,,,,,,0.0,0.7800762112139358,,0.8076803572045065,0.6212121212121212,0.933615475305636,d8aff7595858cbf04c9e2b85dc09bc865c9a2ad58b92c41e823fb4a084f4bada,fd6955216cc66b2eee2cfcf1242e63211c7bcc1bf86fb2ab9d8a15726ce917af,3917f482584f7d97ef3858e18eb05613ecc156ac35bdb6c4871263d34d21d724
flooded-stone-bridge/0271,flooded-stone-bridge,train,0,0,0,698368,0,0,,,,,,,,,,,,,0.9505330834925243,,0.6557252872112107,,,,0.5882135917554173,0.963886624142727,,0.40069984447900464,,0.9186341273174536,f5180763e414fb42a131798a9a989ba50a68fa194643d48809aba9a9130498ed,2368f3e5da46a76defb9ae32ea5cfde760f7cd9dad6b26b038b2df07dbeee742,f62a803df836def7b86152aa16255beb92eb8dea29e735aefdddc569ceb0f1a0
flooded-stone-bridge/0310,flooded-stone-bridge,train,0,0,0,921222,0,0,,,,,,0.17413821006635377,,0.8926882502728265,,0.7833056937534549,0.5433956025789387,0.0,0.9227107795632282,,0.5888675424476868,0.0,,0.8507731032002877,0.9276029594983052,0.907706042129656,,0.8353462973781789,0.7749381606823955,0.7880994723185913,244d2e5e9d27aab38bd91e338efee542e9ef1b32b81f5b1d04e493988fd9fb15,e7400d491f361454e85ea2bdd892beb8058b0cd329a928274504f090705578d3,fd7730832ac8513d41dec938c1b047a888fbc640e2b92d04636ab2dc07f72d8e
flooded-stone-bridge/0311,flooded-stone-bridge,train,0,0,0,921600,0,0,,,,,,0.0,,0.0,,0.7022900763358778,,,0.9734154610626569,,0.4951212712573181,0.0,,0.6190106993332299,0.8843762950683796,0.9335626826471349,,0.6163170892900622,0.043009046183145536,0.8806118559520061,3ec9872d416c77c2223a85177374f753b9fa22546177d378a402366f3a00fac8,1f576c93da65df63c0f97c19e0f4a5a88fa854a978139bb0b399a9b0722ff0ce,573a5e7b9f86835df4132d2b1b03db26729b582ea935f733c81f1ae209968f8d
green-roadside-cab-view/0174,green-roadside-cab-view,train,0,0,0,2066880,0,0,,,,,,0.97620196949218,,,,,0.9410841782956988,0.0,0.8189988623435722,,0.6842130599080559,,,0.2570188871873405,0.9613706896332969,0.9882561666826402,,0.8376550909210267,0.9420121058111423,,ac8756b81048f48af6d2c3fee710b8b43f34a4e658cde8c09bb9f690902790e5,1d89a374fa0d7ed2a6e6429295a1bbd6e07539abb712f5298181462289d6c8e5,199b1ef0fc97f93174e5a30a95678c9cb43fbe9ea23dc647ad15ef779ff20311
green-roadside-cab-view/0200,green-roadside-cab-view,train,0,0,0,2068190,0,0,,,,,,0.8144085024430258,0.593128390596745,,,0.8760869565217392,0.8762023049594176,0.0,0.0,0.9248768472906403,0.761040264494037,,,,0.980100844897518,0.9894190069367957,0.665682569674067,0.5523019932968778,0.0,,647d89550b9094d69144e9eb687405a9b548e981193dfb8682ee2e38bdb37aa6,f46c80584a147ea51bb34d9112360631c5f11d0019df6dd603d23b6e150c5218,ba450e05dd9eef10c6aa87c3d6a58b7c975f174367a3e7a4c34a785a7299e01b
green-roadside-cab-view/0201,green-roadside-cab-view,train,0,0,0,1982593,0,0,,,,,,0.9457529610829103,0.0,,,,0.7281952825013713,,,0.8426305284168505,0.7688055855706093,,,,0.9802201997542118,0.9883246069138667,0.6960062039550213,0.8037504641663572,0.8529938470015612,,cec5a4a2267098df2b64c119ce4e99aacc9014722b05125b92bd8da623cddee4,55581854220617568ef435d0ce1a25842c7ab9554e57da4b56132ea6a7b2c5f0,759e703258485b9bd8c15965cc5bb767c92faed6a9dfa1b93ad6041f5823cc51
green-roadside-cab-view/0202,green-roadside-cab-view,train,0,0,0,2067734,0,0,,,,,,0.8518027795788347,0.5301572931990495,,,0.27835051546391754,0.8491849108666449,0.138182622153438,0.8569381335197483,0.834033514278971,0.6990835202741548,0.0,,0.5155880931003523,0.9213798594743559,0.9874105069258777,0.8019652974504249,0.535183349851338,0.8271790822790621,,318bdc8615a85a559ef35aac3c3b7f2506709bbb305ce03e4e8ea37ade4d7da2,0f3fd0d5280d3287ce8cec97acdffe99355f4a4f1aa7868d9c5c404b03adc696,9f7396982bb53916cb3018564be827c915d0437d31ee10f0ac5b4718b993b3de
green-roadside-cab-view/0203,green-roadside-cab-view,train,0,0,0,2067867,0,0,,,,,0.9520186077421499,0.9729367810704769,,0.8837209302325582,,0.3346693386773547,0.8130098754830399,,0.6418159732766474,,0.4773838630806846,,,0.9270017587707119,0.9762669893542025,0.990270790946204,,0.7477064220183486,0.8970530316116773,,18638926136c9e885bad8a5394a86973d90d5ed5638573e5985654dec64db548,e71b82e1e191ebb38f5c61ef1b0d128e6e5a11962065312506493cb014a6a361,aa9c2f6680a43b6031ca9ce16ba64da8528fbfea7408247f5cdd0bdd717b632d
green-roadside-cab-view/0204,green-roadside-cab-view,train,0,0,0,2067867,0,0,,,,,0.9203093476798924,0.9634869233513543,,,,,0.646255060728745,0.0,0.5781167806417675,,0.0,,,0.8305083345041032,0.9690303729737181,0.9949501607809195,,0.7405609184897469,0.9233076595579982,,cb34ab4d9a1966c9d974500a92359ca204a93a0c8283bcc59a5f16456005f1dc,f8a201f8055169f4e1fc3ed4547ed752839f649ac12fc2ace4db3701d27241e9,70b7b2d3068f169d0555dbe532b5936891138a7c281a38d6c01911e57d8bcbd9
green-roadside-cab-view/0205,green-roadside-cab-view,train,0,0,0,2067867,0,0,,,,,0.9491805904019645,0.9694847946493886,,,,0.0,0.7711203357357905,,0.7476963580517771,,0.3232502965599051,,,0.0,0.9793020438617804,0.9858710440798873,,0.7199615787635347,0.9405372494258883,,84c3ad934ba556452a390cf9a7615f786d7bada1f0ce3bec466c1ccd2a89b441,54f8b882502e1aba4a8f31dfe42009d9359e4354cbb6ad2a4af730894c4a64a2,56aa43b0543abc8e8ed4cc7056ff3107bd0bb1bfc5f936c50c7f0acf7bc2b5b5
green-roadside-cab-view/0206,green-roadside-cab-view,train,0,0,0,2073600,0,0,,,,,0.9515722362297431,0.961352657004831,,0.0032916392363396972,,,0.9361871263516678,0.0,0.8045362345565186,,0.8356232182451695,,,0.7299754185798433,0.9793558713259766,0.988030313627711,,0.7323767414699257,0.9524335424713306,,326099a1d7068b475af019e6dcf936e26aa1a539954a3f0fa5df1a5ff8428999,6cf8bd75df6f49b6f9d82d83a98a90658290b0098de456864106c497d525afa3,69c04cb8cb0da5d79345b245749ae967b700870c424b714f8ef8f07a4dff0601
green-roadside-cab-view/0207,green-roadside-cab-view,train,0,0,0,2067867,0,0,,,,,0.9477466639228784,0.9781709469994717,,0.0,,0.7074340527577938,0.8099273251537352,,0.22963870177587262,,0.7243241065312865,,,0.6871155160628845,0.9581961081975091,0.9917059067534638,,0.8190207639066905,0.9459368387001119,,0a69c574d773bd2b02269bec42203fa65c198e4f1f50743335704b45db4b879d,12929b2c41df570afd935b15f8686b36c15ffe4535cbf298828b651dc6b7f72e,3dee5d04c871b8233f9a1cff82261b384f26f6009706905ffa239e022c4bfbf3
green-roadside-cab-view/0208,green-roadside-cab-view,train,0,0,0,2067867,0,0,,,,,0.9073741007194245,0.9795095733960363,,0.0,,,0.01858622790981109,0.0,,,0.745819397993311,,,0.0,0.9802597602185874,0.9867993123879887,,0.8337660515051575,0.9594113917714973,,3b8efe8aa3a6e136add1665ab904a06b78b874796e0c18912f3ee9f3ff74d366,dae9e0177528e83bb9056a8fb457e3d484018332b434fe9195634f6a0f23d72c,2ce6a3d81a15f9c45839dda0e8ed6ddd12e92ddf1b53bdf0518a284b2e857255
green-roadside-cab-view/0209,green-roadside-cab-view,train,0,0,0,2067867,0,0,,,,,,0.8071294059851803,,,0.9609003616699213,0.9227308811854988,,,,,0.7542177176213997,0.5019541727335428,,0.871342656675099,0.937772076501207,0.9841550773540154,,0.32095963689414814,0.7737079193102089,,ee956750d1fd8c7676cd76b8db71bf93b9cbcedf8b4aaf4e538041ef501ade04,e9baf13f1df68cf0182ca0ed2887e288cb340e796f1b398ed5a32febcb242750,0b46ec94fb36e00758db2577f56da33671724f85b13f27df5f435d88a3772414
green-roadside-cab-view/0210,green-roadside-cab-view,train,0,0,0,2073600,0,0,,,,,0.9347952273460174,0.8661412151067324,,0.8560075200820373,,0.17134146341463416,0.8516583625903112,0.061308140261428105,0.7895031696889282,0.798907579418076,0.6491144137866481,0.6809774308501612,,0.4690009926901904,0.8983925170830066,0.9898345624875423,0.8043504678575769,0.5869339785689596,0.8021533501627178,,7fa10db78fee89d3d4e8282d50e5cec55c3943202f620889b50503ae276b1a74,6026feb523e6c808b7f1ebc4a15de86ec7be4191ea33e7e454205851f8780c5b,608b882cf81ff701ea0b1de96f910483e2cdb67339fb211dfeefe5f447ef027e
green-roadside-cab-view/0211,green-roadside-cab-view,train,0,0,0,2073600,0,0,,,,,0.8205322265625,0.6649760143913652,0.20306513409961685,0.5812815913908365,,0.7854770666906022,0.7913475504199203,0.27802690582959644,0.5318078288044917,0.6815947455393562,0.6618132220421772,0.5376832541812926,,0.6430202292342116,0.8332254014633834,0.9854659335735882,0.703125,0.5554617333230982,0.734190430736189,,41f0cad9cf8e4e11e5a870a293f740a7bce70a66b0bf5b0e86c9dd1fa6396f5c,c790e550e0f15182c68acd0fa1c3df3839237fe9c736e380c9569a42ede21622,02dc2dc70a93ef1634b581d40550df3686ec89c35296b2002652dbbdcc7573d2
green-roadside-cab-view/0212,green-roadside-cab-view,train,0,0,0,2053480,0,0,,,,0.6815122965863208,0.0,0.8956348833147479,0.0,0.6927356020942408,,0.7313092112772515,0.826521603541953,0.6954531971693716,0.8095754290876243,0.6549351944167497,0.6259961341517176,0.8380410022779043,,0.8056800988326092,0.7862120221349703,0.9843965802289554,0.3712891986062718,0.7252818733738075,0.8624538676706763,,19490f9f31865422ef3257bbecd836b58a75e1200af558b47627240cfc9e49e9,e4afe2ecf4ebd828471240e23f7446384dc2ec9d184d5b7d3aee969d13726f9e,857e5a81abc4a1aa0947a6c90f38270646016d13adb0636fbc3e9a55afefe0de
green-roadside-cab-view/0213,green-roadside-cab-view,train,0,0,0,2073600,0,0,,,,,0.9675448075418266,0.9371392692409862,0.0,,,,0.9191778593250058,0.8705044463681435,0.5094858554108667,,0.7151772239670433,,,,0.9675484615829928,0.9908869220948747,,0.7598383011883889,0.9208947498441304,,5229632691652545fa2f89ea5800c86d39d27545bb45654c44af717c422b95c4,4f60ce021a149db8b77724d1203b796eafcc96c75f291f1e5fb521ca6adfa064,57cd3c7442d8c8574178a8fc8037d7ae6f5516bebd813cc1dd9b93fdc39106da
green-water-cab-view/0263,green-water-cab-view,train,0,267,0,2073333,0,267,0.0,0.0,,,,0.9033092551688456,0.6012581781580272,,,0.24390243902439024,0.7948816198120437,0.0,0.8475733458177278,,0.5941060163826382,,0.0,0.28696343402225755,0.9534226010652637,0.9968607875762617,,0.8128417356408327,0.8275457554052894,0.6485195797516714,d38268ad352c084c45d9c129d86eed80ec34068717620fc1685f07a6cefd1468,8529f0f311585470613e21978d79fd7cd6125e1beefccb98f037b4124151b53e,d8e752587c0b35f55683313e14ff6f1edf1b474a2dbe8e1c812934dd3a80295f
green-water-cab-view/0264,green-water-cab-view,train,0,156,0,2073444,0,156,0.0,0.0,,,,0.8815270345819024,,,,,,,0.6083642356819118,,0.9651583009589695,,0.0,0.10176201195373748,0.9610881719798103,0.9778367947419706,,0.5456989247311828,0.8943173733367645,0.7468669341045495,7ac26e3576a11b28c401290cbed89e663ce03d2ae23dcbd062e1ece5d3ba81a1,da975b659994aec1a32dd22d6e772c441d1fe28b507d5d47bfe4db184dbe094b,fcd934693fa86eae92e7beb4321b6bcfe93db0e9098eccedfe7b34487e6fcbdb
green-water-cab-view/0265,green-water-cab-view,train,0,0,0,2073600,0,0,,,,,,0.8183730986024246,0.0,,,,,,0.7449654613552589,,,,,,0.8808127377443459,0.9212752540762761,,0.8859914227326368,0.7578515962036239,0.21497755728797543,021d832dd111da4e3fd13f74b2531f5a87481b14073f6b0ac4a5a1149c442820,ee51403528cd8ec8eeea2c81f9e4b41eaae0496ac53ebbdeaf38f6f511c45009,b69be1852756db41d598ee9fc0a7f1ad737c35dd3f09e618bdcb0a0ae4d03876
green-water-cab-view/0266,green-water-cab-view,train,0,0,0,2073600,0,0,,,,,,0.9279381047785498,0.6311096433289299,,,,,0.0,,,,,,,0.9799097217024536,0.9459109488595588,,0.8619351424455355,0.73495168115881,0.7465545254707063,1b57cba93cf3601d156721ce3f759bba69f41268fe5b975191c86fbff322be98,b57e3716ffe62a58f7111bf46af37413badf80d0ecc178d2c7b52919b30064bf,9a952868e09add450b21ee57bbdef16084cc9f11c71f93fe8799375b99a5af28
green-water-cab-view/0267,green-water-cab-view,train,0,0,0,2073600,0,0,,,,,,0.9627368026175938,,,,,,0.0,,,,,,,0.9799831771182557,0.8841628213579433,,0.8893326577449256,0.7656654560991241,0.7851141789111367,9b17276ea65c583df9303ed986d88d187c963d9ed6bf0b5700396e0de25190c4,71df9d1285b9ad09eb96265be443e2d18e28a00ec69a0f759a6d3989f1f4d48a,b75b6a79f07fccf46c712af327d42fe32aa2b112808793b9b287652b8e9783f5
miscellaneous-flood-stills/0275,miscellaneous-flood-stills,train,0,0,0,249696,0,0,,,,,,0.4973609173087423,0.08488745980707396,0.0,0.9575287331270069,0.0,0.0,,0.8127221037668799,,0.025089605734767026,,,,0.8488047567042835,0.9880128759488805,,0.49060108477598635,0.5426426181343345,0.7159656264133876,61c2965c3c11954382ff9e9e06c34ffa4996a9a48b46aa7f5490049b85765bca,f4155b4c85702af56db693f3f999b74f08d30680a34733c864fb141f6a3f8c60,c79cb469ef0d77649e4a1c6d01b0f2e2762ae1271894e0fb05d7102841b63bec
miscellaneous-flood-stills/0276,miscellaneous-flood-stills,train,0,0,0,920880,0,0,,,,0.7542697089766361,,,,,,,,,,,,,,,0.8786875841932594,0.9863930126281063,,0.7902384254672743,,0.8973016314575117,85d7d06fc795f58f6e51ed5e91c5d5d8ab1f41194ab44f3471da41bdadf45973,b9c514a9abc72bf370a67587f1c41ec3e1c7769276c383024395b7a22ca7be38,e50e66d92454e1acbf845ba6fab35e258d889f832ee85de224903e8c267c6b20
miscellaneous-flood-stills/0313,miscellaneous-flood-stills,train,0,0,0,2073600,0,0,,,,,,0.8347156433942517,0.4111153588836854,,0.9706752674473602,,,,,,,,,,0.11491777399086262,,,0.9050873341605421,0.8221415434234782,0.7597466530448662,74272d0a74c881e4e18e9bf6000c065a51519bf7c05acb3c8e912f075c3b5ddf,c3e7c0a88b0198168b7659a591eafc02b94abdbacb436e871eca4779200bf186,fa136f4ca7548e47319de15cdfe4eff98eddc9a983d38688940e7747fbe4e01b
miscellaneous-mud-cab-view/0173,miscellaneous-mud-cab-view,train,13061,5,33236,2027192,46297,13066,0.28208284739320116,0.999617327414664,0.2821133118776595,,,0.7482885318636372,0.6224234797866118,,,0.1343271221532091,,0.9126605810710966,0.0,,0.39059649122807016,,0.28208284739320116,0.0,0.955166879662377,0.995588167243693,,0.5981412263865037,0.7841175310103327,,f0ca7b2f878f2a5e167e558097ca517d126cb474aa25f5b0ec0fc4d6b1e57432,b968925b81e441c3dc638759e4923b6ad0ca44e3896210a4c69b136305b9eb89,969e7710069c7b48098b655f67a8bd7f411eec6061b4fe8fab98d2a9d316fb93
miscellaneous-numbered-cab-views/0013,miscellaneous-numbered-cab-views,train,0,0,0,2088960,0,0,,,,,,0.9771019377590126,0.0,,,,,,0.4586594911937378,,0.0,,,,0.9696247906013049,0.9675696059330023,,0.8647755303404046,0.8993025516403402,,cdc7c624979074f91663aae6c612b6f6c370af9ca88a91ba076c2bad37e6c319,5566ae6fabe4c0bdb27e7217400a18101ccd23bbecd3e8cc415f9ed41cca7115,d9007fc8ce165803c63e1ba0cfd991517c116e02036667f69e7f66e8d394c236
miscellaneous-numbered-cab-views/0014,miscellaneous-numbered-cab-views,train,0,0,0,2088928,0,0,,,,,,0.9459331060751286,0.44120329414768944,,,,,,0.9612055214071507,,0.4410616705698673,,,,0.8951563757646239,0.9561414190615359,,0.81500966627579,0.8144798334838785,,00a59e617c6d81492253ece8ef06493164bef224314ee99156bc01663f8ccd38,3ba891a877a2984212cd387b6a1eca2332a40b2a757b57c0248ffa03807c605c,a8aaf374562a261840e9bbc6eac0a7b708016663b06ba03e3a29a875230226fb
miscellaneous-numbered-cab-views/0022,miscellaneous-numbered-cab-views,train,0,0,0,1931319,0,0,,,,,,0.9202638427712465,0.0,,,,,,,,0.0,,,,0.9806825550512094,0.9830063789299329,,0.5623715100470853,0.8893346706787028,,34431340589d77bf879a5d44b35f1ba4ee67944d06302e41751f49b52c7cd6bd,601f45356d35a2626927e94aad629de30fc2805b197f3f27a60dd2cd87622d80,daec1fcaa0056d47ff2836a0d2fc71018ab4bf6599bad7d89c6722197eacb3fd
miscellaneous-numbered-cab-views/0023,miscellaneous-numbered-cab-views,train,0,0,0,2087873,0,0,,,,,,0.9428383760278699,0.5437164497389514,,,,,,0.9529515214875243,,0.5321001088139282,,,,0.9076386812100548,0.9496144929099045,,0.8264575318141462,0.7394146223953105,,4dbdaa16ac641963e653bf5fa8dce1b9b05b89b3a3d10f8da2e3c9c38deeee7e,03b59830b108e9c2dc87a79168457ed2a8be69f44abafae8f6486184598ecb19,182ca3c9e26fe28582a9ff8d36072e247663a8902ed29f3967eaf82fe28d6087
miscellaneous-numbered-cab-views/0024,miscellaneous-numbered-cab-views,train,0,0,0,2087739,0,0,,,,,,0.0,0.5526236520272305,,,,,0.8307694064709175,0.22605583392984968,,0.0,,,0.055205660524065,0.9912938002176199,0.9961519547908432,,0.5213493008966079,0.6905530667683363,,35db7be7064f509351e3627b33430eabc718080e493e83ad1551491d62e1f113,e3c3c38776bc33b723f23e1afe17f11dd1b9be409c25e6ae796447766a6b56b2,9da5b5e496cb7ab9a558b1966e7fe777eb6fb6f1d6f1e09f1103724f38cd9daa
miscellaneous-numbered-cab-views/0030,miscellaneous-numbered-cab-views,train,0,0,0,2088960,0,0,,,,,,0.8206106870229007,0.6014235129246558,,,,,,0.9021148661466207,,0.0,,,0.8911119355522578,0.9404826976190046,0.9514944601906725,,0.874817311420646,0.8032724420038104,,a88a70e7bc9e1730883e2cfef16954b7c5a6ebee797dfe8205837e1e2f9cc290,d0384c853c39b8e3b218a40e21a03110e8eb9368264b796d43fe35330caa8f52,a21086a98644aa7b8cb12ad08c6f122e32ea33b5d0bf66a9a4d0aa5a3cce0566
miscellaneous-numbered-cab-views/0031,miscellaneous-numbered-cab-views,train,0,0,0,2088575,0,0,,,,,,0.6879182205295036,0.6084487127548872,,,,,,,,0.6439768394294592,,,,0.9586187253673191,0.9856023348167291,,0.8252042900919305,0.8017387126052214,,582a1052402234b092c9e8f0eb985ba78c3b1068c2ae8c12c805aadd11584b0a,eac752094ab94f349e6d48690930d8ada3181efb518c33f473c5388d2ce23c74,cfab349651958e2ea1b328a0a4825e4ad4695635b1de28e4e3a4a5faefb9f8e8
miscellaneous-numbered-cab-views/0032,miscellaneous-numbered-cab-views,train,0,0,0,2088960,0,0,,,,,,0.37300423249381887,0.5177194350576206,,,0.8061315695387916,0.9145829652936599,0.0,0.6662413002778874,0.9026719883005301,0.6805822136916186,,,0.671409339503576,0.9501810433994565,0.9707417582417582,0.7406610054618666,0.3546893091470475,0.7635724681945356,,1bdac9a6b7ef8988de21ddaa678ad8a54e0a98f75bf8ed86e61e0f50a7a6c16b,1fe12468826aec7019e49ab44aa6f832aac76a9576018cf252bcfd26dfa6c329,24b6cf5a9f37bd116a9d585c8be8e8385a95e13b738fa7283261e40468f4f40a
miscellaneous-numbered-cab-views/0044,miscellaneous-numbered-cab-views,train,0,0,0,2073482,0,0,,,,,,0.9110968604357094,0.8992075832224949,,,,,,0.9399004844429678,,0.5660526475773603,0.5323275862068966,,0.0,0.9647945453691338,0.9950403461316332,,0.8486495089123317,0.822367650971003,,bb02fd705ac7b08fb3ae7c618b46f5a9da4ef32b590259233156f5fee831aacb,d3844dea10ab96975316c1574eadb989106b149d9b1fafe094beae7e9c50ec59,58ce53bb7b8875e26ca21ffc93c2ad3e885a8e4d91402d204bc8da4c9253cf5d
miscellaneous-numbered-cab-views/0045,miscellaneous-numbered-cab-views,train,32817,2177,18403,2020202,51220,34994,0.6145850890499466,0.9377893353146254,0.6407067551737603,,,0.8291092430911321,0.5705720463927658,,,,,0.5012798124536516,0.743002094954441,,0.7404220205116114,,0.6145850890499466,0.8573483051896721,0.9555025299739811,0.9866696673866565,,0.8505354729144283,0.9348568854556519,,8a2c09c50911afe45e05157fb8602cf7345aa5cf6f005c3b76f7c0d8b50f36c3,a820d863d1b63b281c0ec5f7e11041e0e68f73f39d613cc757bc489e1e03b351,04f09a605a46eb2d906e95dde869a7218250026b76239b89ad85bf35e61fb973
miscellaneous-numbered-cab-views/0046,miscellaneous-numbered-cab-views,train,37013,5058,1652,2029877,38665,42071,0.8465338608970108,0.8797746666349742,0.9572740204319151,,,0.932497580310642,0.15709812108559498,,,,,,0.0,,0.5921352977796224,,0.8465338608970108,,0.9832240150683318,0.9826190952428576,,0.8834058941728065,0.9451059183227779,,a1bc04fa20bd623f99bbac759e22dbd90554263ca7b217cee49ddc9fedd59da2,550d403c2cd02d480d3ae049a478b103700ae04d047712fa0e5187f9b0fd5068,855e09e719b5b7e127f69a096b47063af181360752145af033312e5e04cf2fb1
miscellaneous-numbered-cab-views/0047,miscellaneous-numbered-cab-views,train,0,774,0,2072826,0,774,0.0,0.0,,,,0.902302667001687,0.9288319548607605,,,0.7002680166765932,,0.9650821407720478,0.32682301485559156,,0.7227789129546384,,0.0,0.897024401866932,0.0,0.9778418771438895,,0.7762437127089824,0.8972495785092603,,b74e6210f53416c45a93c3fb1a022de2cc33ed02723512634c739624b649276d,52518430666be87ad030da35871a2439ebbc09260cee1aaa6bf65be527c77193,e0a39018353658279c83067241b5264794049c16c5df3b3b9bba57c04be6efa4
miscellaneous-numbered-cab-views/0048,miscellaneous-numbered-cab-views,train,0,0,0,2023939,0,0,,,,,,0.7205064946645662,0.7502449934860556,,,,0.7945368171021377,0.0,0.6312127236580517,,0.6377952755905512,,,0.8523815792938203,0.9618559570272135,0.9952373426057637,,0.6957656268532796,0.817526523528259,,f912ea15971bc82b19029b9aad152ec1934e74e2a32d29934c116cdd7409125d,207a7f72a12615e89d5f214f068689216c6d434bd46045ce97046eadaaf814f5,a4cefbb91d3e1c66e9a9439c3250dda0f4648aea4f5852b5c1cd86ce8e8f4646
miscellaneous-numbered-cab-views/0049,miscellaneous-numbered-cab-views,train,0,0,0,2023841,0,0,,,,,,0.8512955987150009,0.5950209778234438,,,,,0.0,0.7714569506523996,,0.8767111968048478,,,0.0,0.9722259038514904,0.9946821109760112,,0.605154426195641,0.8442712459585038,,18e4e59e4f1f16790b92171327c69eba67d5364edbe5a933d052ee78b21f9557,d8c2a5b6f12b75c02efc4512cc0c2efdba9b29f877cc7842dbd1070c4cc562b6,f17c1b9a4447545af1fef010697da75fbad2b90a902fe326d4bea32a9fc60d76
miscellaneous-numbered-cab-views/0050,miscellaneous-numbered-cab-views,train,0,0,0,8211623,0,0,,,,0.6845116469145893,0.3537915292924169,0.9380392071174429,0.6160243288456091,0.7737288360843101,0.9789219914764677,0.9014090676790538,0.29692637051762366,0.9302979696845266,0.8132815664809167,,0.6821214557449877,0.36098130841121495,,0.2980811035136951,0.8817913710552266,0.970641237638648,,0.86437098831253,0.8537163747435215,,33fc6fbed915cff715396fc229a8e0da423ed1d84e76cec2dcc2a28d124be983,a9c086f93a23a8995da1495bf54ec1a377ef02d5932b137a3002f7384f45c4b8,bc6bfb321669b70ea20fad102ec2a0dd623224bccc0fa532355468861001b334
miscellaneous-numbered-cab-views/0051,miscellaneous-numbered-cab-views,train,0,0,0,8212452,0,0,,,,0.2495921696574225,0.7607701289693862,0.9320205449409618,0.7528972529398944,0.7779536227895135,,0.06136301927776269,0.4044142487143876,0.7138103035264866,0.8169948365991236,,0.4886877301802675,0.6605080277977474,,0.8823011342545274,0.8656050327541245,0.9781557651856819,,0.8288027656477438,0.8525081046555688,,a29169723725172c5b690fadfa30cc7cf76f7eb2328590890c3c828f7d3f20bf,f19c28ac63b6c849df2da22a96db0a6b720006896d82875ceff69a43205d2023,9eda223ea95f7bdf4201045d04ccdb4b61dfcb4621ea5d9b16b2378e2576c3da
miscellaneous-numbered-cab-views/0053,miscellaneous-numbered-cab-views,train,0,0,0,8119784,0,0,,,,,,0.9559494663782653,0.11768060158950783,,,0.0,,0.4296406415277738,0.660894056749196,,0.8646115147469536,0.4184667513765354,,0.9578896774124542,0.8907771867733482,0.9685761802081584,,0.8843551463834829,0.9255745128216959,,9e09a858819a1882bccc4f5b7cd52bca20f66b1052a3c5191dc459062ae69e81,70a16c903d27ac00306c86f14141f728ececfc9dc4e320ea99148e50ab77339d,af495f7815826bd69581bed561ede77ce7d078c0cc5179d05bb4235ba2a3313c
miscellaneous-numbered-cab-views/0054,miscellaneous-numbered-cab-views,train,0,2022,0,8173632,0,2022,0.0,0.0,,,,0.9188559410643549,0.5979488866951849,,,,0.0,0.0,0.7934543454345434,,0.805832009685768,0.6685981724983285,0.0,0.0,0.9798381376071018,0.9841337026584522,,0.8319705356519685,0.926959996547932,,ac828e814ea477c826e95def13cde08680d0a05dbe64cde8303472779d31fce8,ea34de2ac35692d4e015602569d70b94968ad6bdbb3c7aaffedafab451351ee1,4a695240a687190c356e3657854abcdd463fa8adf0541c695664f85fca1a15fc
new-unmatched-2026/0175,new-unmatched-2026,train,0,0,0,2073600,0,0,,,,0.6681592039800995,,0.9282582190755277,,,,0.6406743940990516,0.0,0.0,0.798106231400487,,0.5869066648133991,,,0.3092317624273725,0.9172926767492314,0.9176039517288814,,0.8291300788210554,0.8689779135055847,,c81bc0c590d9bd6563e2e11176cfe441dc0920a5f9cdbbea9d32b36a51347b86,e567f1deccb42140b8e6f7f671b1b6b71cab015fd5065dba841e709332e19b53,e0f7d95aa532032cb1a15d88ddff8b930b894cb199b54d5f05634e993d2160be
new-unmatched-2026/0176,new-unmatched-2026,train,0,0,0,2073600,0,0,,,,0.0026865671641791043,,0.9476495726495726,,,0.9807058937865797,0.6628787878787878,,,0.5666263603385732,,0.5588935157644259,0.0,,,0.9514854442754725,0.9904185857595009,,0.820085121565829,0.888382265830283,,fdfba692303712b2119a1d725763d74b54fa20defdb3415916105955f503bd9b,bf61db99763dc894604525d3f039b209cb136d83f1cd35b7655768228102fad0,019734830e8d7f964276acd928b6c19cb4b521bfdf9621d8a6e180427324f459
new-unmatched-2026/0177,new-unmatched-2026,train,0,0,0,2073600,0,0,,,,0.8542748355832468,,0.9506970544128266,,,,,0.8255198784767691,0.0,0.0,,0.28477331052181354,,,,0.981395124290258,0.994266683400319,,0.7166654750840066,0.922714049846686,,92fdd6e752f0a8493a8a0114320f0d3adb209985cc28a17efef842ce5c887b26,4bd80258418635ffe4fd02e59e7e743a04d3ef8362742a3493154f57d54ca4c1,5e32c1bda768675240b33e3f6f4ead97a087dc86d47d36617ecd723ba2e6b67c
new-unmatched-2026/0178,new-unmatched-2026,train,0,9,0,2073591,0,9,0.0,0.0,,,,0.8070309547531521,0.0,,0.9702644056899462,0.8358466569767442,,0.0,0.5884741527409028,,0.3717763425319543,0.0,0.0,,0.9306103984098814,0.9719652775261531,,0.734964002000535,0.8860632391986483,,bcfbb199baa79a77d97dfe9e368490306a1c84afc0dabca15e0dae262f2a945e,c0720faac0cf1b752740879c16180ae323eda041ad52f9878faa4a44fe5fdf85,9f08f8ba0d1f27606832f335c0e0a7d76aef5e68f3f9812ae69b577fb18edf14
new-unmatched-2026/0183,new-unmatched-2026,train,0,0,0,2073599,0,0,,,,0.8516391145979266,,0.9477677734659734,,0.0,0.9791511116186327,0.4277090250528222,0.7298634898247028,0.85849841497334,0.8188712695754949,,0.7583587688436357,,,0.0,0.8732801560486259,0.9861209513788602,,0.8180403785257995,0.9143179689046897,,60f737c273e283351acc6efb1ba0704e0827f47b77fdd8695a5bd891f5dbab4e,291ed9200b9c9d9d1be97ae0e9b2cfb2da0843377519c6b9e5e806e193e1071c,317f0562f9103d20da67c5ab0603a7ea4f389d37783938868de2962a2f28f6c3
overcast-mountain-stations/0214,overcast-mountain-stations,train,0,0,0,2062997,0,0,,,,,,0.7661538700846192,0.5988826815642458,,0.7174909114376062,0.4811701412239408,0.6709446825409958,0.0,0.6127623136967771,0.8088749077850312,0.7703624808342794,0.788785046728972,,0.08076555023923444,0.6305880074091113,0.9614722630765169,0.563395558600217,0.5366037380537639,0.5620030495985131,,fcf5289b197c7f0a48d5f375c13e6c090599b238c68ce299010e0babb86cb7e7,d66cff571333e436c6a9212058e636e2420673e9fa861b9fb9c61d3cadc245d5,24042a2be5d51d9550162b353cd3ff7ca1247a3410fa64c1110eb770b9033f59
overcast-mountain-stations/0215,overcast-mountain-stations,train,0,0,0,2072956,0,0,,,,,0.7401916932907349,0.8787210655631709,,0.6316650310762185,0.9472277750732804,,0.0,0.32459993724505803,0.7632037267409545,,0.6243749061017749,,,0.7880458989967548,0.7646300458196136,0.9813299224217472,,0.7693941350368684,0.7997348095943206,,a4ea3527469f92f7e01c82dbad4e004af29e5a534ebe1ed94e96185736126eff,854429faa83f8da4db49e7aad63e0ef178c079e045e63a5be44bdb3fcd0af9f4,2b0764fcacf8d5d234d53ba07ed24a36328e39b489917af3157db45ef6609d2e
overcast-mountain-stations/0216,overcast-mountain-stations,train,0,0,0,2068117,0,0,,,,,0.6925371422015717,0.939548554123375,0.6317577548005908,0.0,0.8667294971813533,0.8797951052931132,0.8406110554594299,0.6664712606618401,0.7694387999043748,0.0,0.6704190941552339,,,0.0,0.9763885760148505,0.9769673360021691,,0.809376043121886,0.934482280793908,0.0,39f23d5418cbc5c465dddc13feda5ebb78e7eb06be8eacb3a5acb0256a95f409,484d599c7a9c73383e03fb6ad49561d2771579ca685ae29f0f30e4be25d04b96,e0f3f7e935e2933a6b79d721c65067f3a7266a3efe4d3654a2f341fb4d784b64
overcast-mountain-stations/0217,overcast-mountain-stations,train,0,0,0,2073600,0,0,,,,0.31475498115239636,0.7154483575022196,0.8906969798445122,0.0,0.7339263024142313,,0.13126079447322972,0.0,0.9452676706987246,0.6953584122180385,,0.7891663547952158,0.011049723756906077,,0.7606202950461389,0.9111546859825687,0.9628209739968562,,0.7141108050198959,0.9082899374046605,,014ccb7933ce4cc405469bff1fb36825df54553c505c185a5c2b9ca46750aa01,aa3b2a2139a82a89c2ca14efdb1d56c34c50fe2cbd36c733edc6aeb721cead1e,ccdfc8b645fd0745c034af50afce7c86a04fc24e5418a1fd1e6bae4abc2cf02f
overcast-mountain-stations/0218,overcast-mountain-stations,train,0,0,0,2072152,0,0,,,,,0.9652750512585613,0.9805798724444506,0.0,0.2762557077625571,,,0.9011204384626058,0.7965262739205374,0.804920505976558,,0.9027585441244355,,,0.8205227840833299,0.9596875651151727,0.9687144514558986,,0.865104101732951,0.9484601798116891,,7d192a396ef667bb5f346b4419b19250547fc8d398f9ad1541087e3b71df732f,5a08d87d4ef25c8edc375b184d40fb21715f14fe709bd157766f55da6db5be90,a8977b94d84c286c5f90a8d37327d32505ddfb20296f81a0e62beca38b4b83f0
overcast-mountain-stations/0219,overcast-mountain-stations,train,0,0,0,2067823,0,0,,,,,,0.8850940736059119,,,,0.8192558139534883,0.9353128014493095,0.7239170003640335,0.9524774072919913,0.9218003449153261,0.685312152962194,0.9436289711253532,,0.704630788485607,0.9480625371871827,0.996982781638834,0.783307976526842,0.7,0.8616634022834758,,217eb3ce4240bbab2cd912c73d871881db741d3f99a15000d1343139afbeb72c,5dd19a743ac1e5e12f6fb63c62e75e423f24b6825f5013be4daef1327de5b91c,6f3ef31193d5371583564ead29d102a774dfeffe95b0b44e0498c627085e7d8d
overcast-mountain-stations/0220,overcast-mountain-stations,train,0,0,0,1926688,0,0,,,,,,0.9584102835292682,,0.2017291066282421,0.9750035665518577,0.7501697216564833,0.5598268171083705,0.2513647642679901,0.8083456425406204,,0.7687295738878828,0.8588907014681892,,0.014775413711583925,0.9489564248614585,0.9922503533559409,0.10902896081771721,0.8316812344352752,0.8692531042893662,,b998518e2d97c634c8c2c846bf7f07e5ad02688387f15d657cc9646d080b722f,a78aeb5c9b6e22817ec40a0d14a2e3b3369a6697165133d9a00b6e867bffaa90,a201fa2a65cec8685a61b4609befdcbb070f651cd1d6151bef0279ab132d1361
overcast-mountain-stations/0231,overcast-mountain-stations,train,0,0,0,2073600,0,0,,,,,,0.9746780099466235,,,0.9938912553338878,0.2182642487046632,0.7292257578443538,0.0,0.2,,0.805403431909456,,,0.4309913094712034,0.9198155559145794,0.9504786530497192,,0.8576981667279509,0.9589857793012853,,27cd78cb2b58647066724fd485237e2568caa02d648e8186d42928145e8c8070,e2756ab550685eb2f70de905f8a2f1b99510c181fc397402f3f807c8450880f1,9de7c41e64d871eb883fdb72f10b9792d9da6dd0e1124ebf65b78ad10b20a7d3
overcast-mountain-stations/0232,overcast-mountain-stations,train,0,0,0,2051786,0,0,,,,,0.0,0.9608169689427353,,,,0.6320923750746565,0.7296228958980225,0.0,0.7049253932382478,0.7316262055204523,0.570471091252263,0.8994828700711054,,0.667064266608834,0.9419835347597553,0.9809389203239125,0.4179566563467492,0.8596689452573301,0.9213517076799564,,77b17d1922889f7c1d3d5c9eb9eb7abb5f53399f38433a493e4e0d9f6d369bd5,3315c387c153f722bf32fbe0bc5bfbdaa858f63464cab9be2c8c073d479522f3,0846fe952c66e0f3ad3f93f1b813f124fbe03e97a762c77f45dce2690209b2ad
overcast-mountain-stations/0233,overcast-mountain-stations,train,0,0,0,2071895,0,0,,,,,,0.8560910114630554,0.0,0.7655172413793103,,0.04656862745098039,0.808765282391456,0.0,0.8697530031043326,0.8460105171628504,0.5220191109264645,0.7721332897745835,,0.7490008714204153,0.9206031042704553,0.9826601365886259,0.6169566827101074,0.6299956559513467,0.8169945571198346,,ccfe0f6097d8c9ab6aa93e8322b418afe7878378f87ebfaa7638f12f8605381e,3b67554f9922cacbbdfd34af50631afad68cbcf60e66ebde1584c6133fe36a61,f5b12b1795c07e307593d9d67f4cca2dec75380e436cd2400731435a19f12085
overcast-mountain-stations/0234,overcast-mountain-stations,train,0,0,0,2073600,0,0,,,,,,0.9651805938438307,,,,0.2973365617433414,0.6375320570167591,,0.37677705645492643,,0.7408752750515176,0.0,,0.6219123987589152,0.9818741526747452,0.9951370762072193,,0.8130644703209315,0.9453511659492185,,709cbea54e2cf9800bbf3d0c032a4ecbdd34ac081630e119aea5e897a39808a8,9f031a8f85e736e4469eff85abe294ba9b7cd9f12c496873f486d04a6bb80267,e5010ca2a5958e303491a1d1412986a6f8401c40f9a6863fcce7737ba535a0c3
overcast-mountain-stations/0235,overcast-mountain-stations,train,0,0,0,2071387,0,0,,,,,,0.7359659130596754,,0.27961707219784604,,0.2403846153846154,0.8487679760052131,,0.9206287657340572,0.8635091868816522,0.789319089331633,,,0.5083448321177475,0.9212263420498001,0.9835536143915211,0.6763773052977798,0.6579903338913984,0.8736703935494456,,468c69f20ee4665d35f34a795d6f47eaaff96dedee7864164a769f063403427d,727abdd8767871d43483380b4a639a89408335f221c2798f071ede7d71cbcad3,7a9e8a5cdf26c0b323b17a1d10586f39f201a1b86d7698827967f0b16df40381
overcast-mountain-stations/0236,overcast-mountain-stations,train,0,0,0,2064486,0,0,,,,0.7867741935483871,,0.9367964417110538,,0.0,,0.0,0.7961271785937577,0.6662121292917597,0.9434852250759459,0.9195044958867419,0.6237910097604521,0.0,,0.6210867442681753,0.9004062804353762,0.9860550072762083,0.8207125342564546,0.7945746878649061,0.8923339011925042,,7d0f48496493980d7a6b226310064c37f280f0d3d8723af88c69108db233c6e9,357469e787079530c7c4af0fe3afad136d2be00a3110c53be46d1dbb7f58abff,53a696335b371e874d93ac165bdb8733a0b2bf4c138a6acdc9a328370d88c18e
overcast-mountain-stations/0237,overcast-mountain-stations,train,0,0,0,2058396,0,0,,,,,,0.8458941445401793,,,,0.34576515880654474,0.8287412898249468,0.0,0.613803507448614,0.8302178794683498,0.6442958156050078,0.14526315789473684,,0.3966901282496397,0.9314050544731318,0.9914141720592067,0.6385095874491574,0.5652742828384499,0.7760896427769041,,d9eebb905aa35607b8a9ee3cdb0cfd1d4a4e368e77135f92e804f42440f333cd,b1eec86e60b77ba128bbba833a23764f54d112d408858a88b1250f02d7da05d0,aab20885b6baf64326c951238f87c8907c406887a373055cfc403ef7b9d440b1
overcast-mountain-stations/0238,overcast-mountain-stations,train,0,0,0,2073600,0,0,,,,,,0.7928163533454619,,,0.9889156517765982,0.0,0.1892109500805153,0.6406814256555189,0.8854065086744529,,0.7384422388665461,0.5968289920724802,,0.9704127255562087,0.9628807017283914,0.9910844986112018,,0.6876431051037742,0.7787378942936126,,38d3daf79fb1b3f1c4c8c5bf74635d5954f16b3c5be5297e9e5ac9b077259d42,0bd106de9c902a9bc8006dd281b20d065ef8b5bfdbd81729dc77edc4d0287715,9930cc6c8f4176071edccd40ad8d2898d9c5e2a5bbd3def1bef1bfdca0848552
overcast-mountain-stations/0239,overcast-mountain-stations,train,0,0,0,2037432,0,0,,,,0.7492173339924205,,0.9578608247422681,,,0.9658838318667322,0.39489981785063755,,0.9244007167731684,0.7381372495792389,,0.6669903047283521,,,0.5671865109052195,0.6775973310433402,0.9803566498682801,,0.7631828528072838,0.864245218366457,,a48c958611d90e4471af958912e453f589b8b5533315c5d59ce81b77a46a7bfc,7b59514cf69597aa4f2cce3764a3d0af51710e328dc3d85c3976e4c563c3ecc1,46c96e447c06b26f367438923716240ff297665808474b081133654cd7fe3b96
overcast-mountain-stations/0240,overcast-mountain-stations,train,0,0,0,2073600,0,0,,,,,,0.9569655299709289,0.0,,0.9708896654125685,0.7528435290501075,,0.12806539509536785,0.8897411463296518,,0.8225508035291059,0.0,,0.3925199709513435,0.9595001665102479,0.9545767595266227,,0.8367129696555531,0.8875649340056624,,8b51f499144ba83986ae26ea615d1f3e8da062613143bac5e635ab5684f8c914,99709ace9ed244e7aac8df6f8691255f3bb94e3107826bf9d3f678400c6ead23,a58106f3fc10e6537725f3de913647cf4d53bddfaff483db30dee486d93c55e7
overcast-mountain-stations/0241,overcast-mountain-stations,train,0,0,0,2054583,0,0,,,,,,0.9367233275384714,0.0,0.0,,0.6547112462006079,0.0,0.0,0.0,,0.7620506559472938,0.8172862671514014,,0.7785531143490381,0.9148908670856423,0.977421040842231,,0.869097824373325,0.967832187261235,,3625a2c4d4e9f8f3e0165e6dd90494d2791acd79e6142389e4a17e9e72601af3,a18c6013db023e74d3f18197e3c928119a026a0643711724bc334d3c6663f66b,eda645daa240b5ac7ee99da9389a8d43b1fe3c38ca899b8ab53adb566b6a5a1b
overcast-mountain-stations/0242,overcast-mountain-stations,train,0,0,0,2064724,0,0,,,,,,0.9535941441921615,,,0.8708443696314083,0.0,,,0.3019571295433364,,0.6520547945205479,,,,0.9564259174428666,0.9850487171596148,,0.8204619596400059,0.918858766197165,,ded050ca71f820d730759226ffc1d2274e07ef4601f63b34c13120c7ef05161e,eb2b02a061e3cd39e085fb56063ea4abf4c835ba5583526332833e0723c0d442,ef54d31a2c549aec9b31f24a1af7b613e8e9aa9e605dafabdd0d0ee8a78fddc6
overcast-mountain-stations/0312,overcast-mountain-stations,train,0,0,0,2073600,0,0,,,,,,0.8669991421705748,0.0,,0.06340288924558588,,,0.7227991036775583,0.768824352035921,,0.8182645665502205,,,0.0,0.7890322388415469,0.9271727099960513,,0.8301027946807328,0.8739998588497299,,5443a27572d1805ca781a25437ef08d1d27ac70239d96cb52f50717ff14822c3,b7a584f428c50f605f7f6cf81f78b931a71df4e8242a20fa82991bce28e1f9f1,72968b503d82a2070251c4b5edd97e689135ce18a9dfd0b1a6ae2e1b018713ee
rain-water-cab-view-with-overlay/0268,rain-water-cab-view-with-overlay,train,0,0,0,2029558,0,0,,,,0.0,0.7570281847305712,0.7056213017751479,0.6353511322583487,0.20724729815638906,0.0,,0.7359315877100046,0.0,0.9821955597780371,,0.0,,,,0.9399661612546366,0.7644950948716442,,0.6595520421607378,0.6754871621294909,0.05938494167550371,7a53e1b4c0a64e0b30e58ab9db89fcf98ce95254700008d25f5394d06f97a292,23a6618e87555de6cbd8e26e944af51a428323c138f0f4bdd425e1c41c6ebf5c,97b56dd4e4ca057ca78f07c49263bd1ec362e72829f6fe4b021ae08894457f75
rain-water-cab-view-with-overlay/0269,rain-water-cab-view-with-overlay,train,0,0,0,2054769,0,0,,,,,,0.9657771860408424,0.602005411427662,0.44284341978866476,,0.0,0.731276402081826,0.15031768169843485,0.7761230222078526,,0.540522732264441,,,,0.969109260102706,0.9922331268198373,,0.7782250082481029,0.8985798004329233,0.07150735294117647,1100c1ea54949235b635d2def045d12f73d290500eb308c1ce83323f8600862a,abf7569acfa9b70797209bfc372ddce4a802e55f69e55594dc883d24cab15bdf,7b08c9647477d5414f830b85dc771c4d44e0805bb94c4ff80cead1ba82205af3
rain-water-cab-view-with-overlay/0277,rain-water-cab-view-with-overlay,train,0,0,0,2032606,0,0,,,,,,0.5467849223946785,0.754681703737914,,,0.0,,,,,0.0,0.0,,,0.9783096911503226,0.9346286010167577,,0.7362719153159113,0.0,0.5356503961155124,ca57dfd0f80377755014a88660f5a17884651b8fc20abd7455c72679bd8bb09f,5542b12fe43765140207071f9c0e4692ea5687467fc0d4d502d4e96bd01a76f5,3fd13360a3e3fc43612f72b4a1fe404a3d1259b6b012bd25d95a565b0086edd7
rain-water-cab-view-with-overlay/0278,rain-water-cab-view-with-overlay,train,0,0,0,2039559,0,0,,,,,,0.6162353984917935,0.8325929880083122,,,0.0,,,,,0.10201793721973094,0.2773109243697479,,,0.988207881239098,0.9658313196005205,,0.7480475382003395,0.0,0.6366297654699015,ae02105bf482e4b7269f687a6bf9420a5d1fcf5bf84ca910a716df519b4a66f1,f9d9cc36d418487bbef456deb4bd834ff96e352253bedc9a16b3f55061617ea3,9723ef55918914e39987b4f42dd01d4a1f75412692a82ff605bbb7dd27e91f69
rain-water-cab-view-with-overlay/0279,rain-water-cab-view-with-overlay,train,0,0,0,2054320,0,0,,,,,,0.7331661672068986,0.7640344175723678,,,0.0,,0.0,0.9089356588289242,,0.6276032957343954,0.28785292186474065,,0.0,0.9552086830572425,0.9636576870384131,,0.7158393039918116,0.6136704521105635,0.1303964757709251,41a8c3396c58a82a580a4b2d762d7a5813c5b86e025f72d9bc3ad2ba21db3545,75cfc723508e1a083341fb8e16648a7f892140dd4f2ab1043d614110da2558d1,169bb85e0367a194fee326efacb9674e932ef676b226a40bba610a81a9b4d884
rain-water-cab-view-with-overlay/0280,rain-water-cab-view-with-overlay,train,0,0,0,2054275,0,0,,,,,,0.5581998556033907,0.7645388689013994,,,0.0,,,,,,,,,0.9860647934246722,0.9502313384680863,,0.7142490042400103,0.7524884276767616,0.36223328591749643,70a05bd99cfd467ea3e055a00e478d6e1b45acfa4adb761b94f8e266417d1ae9,e106743e4b56f6a000935339646381f74dd47b337309998f9c1f64e772dc2e55,f741523d36164276d6ecc534ca8faa152086ac1a2b74603ee5a6779d445dad47
rain-water-cab-view-with-overlay/0281,rain-water-cab-view-with-overlay,train,0,0,0,2053597,0,0,,,,,,0.7832420852178053,0.7125293138021276,,,0.0,,,,,,,,,0.986846274963955,0.9614077709745728,,0.6652983186189056,0.7900601344181111,0.7566418703506907,a7da1f692dfad6e78cfde641dada58c6873c4539cb40843c04d9e3238e0235ac,0307bb1c875ecbe072c4937d166fb5c6179a715723a729d6f851102552edbb52,6f7cf33405f3a317bf6e4aa014973143a9a1ba276afce83b43d2742a625a3b63
rain-water-cab-view-with-overlay/0282,rain-water-cab-view-with-overlay,train,0,0,0,2053810,0,0,,,,,,0.6220360572212424,0.6096508740322345,,,0.0,,,,,,,,,0.9818025224472705,0.9396644953597747,,0.6718238077903167,0.8979320569515095,0.5868440850103441,f9741378f2d70f2bd7e5236fc50ad4936840f4c1561be37a810e2aba8983efab,c2f421c7de5534678595c101104109c3b656630b9d60fb9b35495a373e44edea,e3dddd80496b80fea948b9075513b9c68d60338b0d8ff1e743e57cbda24b97d7
rain-water-cab-view-with-overlay/0283,rain-water-cab-view-with-overlay,train,0,0,0,2054083,0,0,,,,,,0.46349073018539627,0.7558736935943603,,,0.0,,,,,0.0,,,,0.9843159456751118,0.9822180593070199,,0.7404041295332215,0.0,0.6121104636432734,50f5c438789710cc8a44142a41fc391480200cadb38493f126501909f2df6f3a,04b5fbb59ca9fdefb2c884a036413016e6db4df5eab65336733ce8f35b69af69,a382cc974743d59af26907f52a4b329bb3e864472d941d5cce29a0337cdf888a
rain-water-cab-view-with-overlay/0284,rain-water-cab-view-with-overlay,train,0,0,0,2053473,0,0,,,,,,0.7372543366488876,0.4358774868611168,,,0.0,,,,,,,,,0.982890809892967,0.7911989223170184,,0.8262316196200493,0.6926379634561245,0.588438465733503,43ee426aa0b2c2ce8f85dc51fb77e1d7b14c6221bf250479b4fc3db9938e1d2f,124b16930742b8657398889555a2a4ca0cd3a302b337fa75ca4b08d758b9ab29,ba856aeab033fb8714ce087164a227bee533ef4b650ec25cbb2a32052a54a0b8
rain-water-cab-view-with-overlay/0285,rain-water-cab-view-with-overlay,train,0,0,0,2054047,0,0,,,,,,0.5739268339726967,0.8358728577236471,,,0.0,,,,,,,,,0.9828879727537326,0.9104474000467806,,0.7330508474576272,0.0,0.35190367166963454,2956bdb840f2c86e03cbc88cc38600c415d72eea5fff4f468697cb6ad1fb86fb,7c817992adbdd24001302c811f1bdc3fd0af55e9c6cee7d75ee1ebab90d9ce52,4d00ce10e885a2d72d699772aeb59b030410c606b882d18a69c4f4d403dbb2af
rain-water-cab-view-with-overlay/0286,rain-water-cab-view-with-overlay,train,0,0,0,2054089,0,0,,,,,,0.0,0.8019068216992737,,,0.0,,,,,0.0,,,,0.9805766618304497,0.8869507679745463,,0.7162888099790585,0.15203415369161224,0.0349634874972339,65bb9a26ed2495d66bcecef26da2702eed5d5ef32bc6393785623c77524cec64,c5023a4e5a1ade5fe386facb5dd55efc8f17e3afa73682ad1f23e1e7f6e96499,2e3fa513e4efe5abed567bda12ca204dac33e44a5272a3fcba826f9653e05af1
rain-water-cab-view-with-overlay/0287,rain-water-cab-view-with-overlay,train,0,0,0,2054230,0,0,,,,,,0.641603944297291,0.8873530357228351,,,0.0,,,,,,,,,0.9936920708228495,0.9861500528355055,,0.6083368070029179,0.0,0.7330311391407174,e86117d8914772da397288df8ec1e772efd2441073ebe583809d2c492b5a8b2e,49c1380aaf9d4764c6f027260ff4e8b042c503f86f3393d63dba98fb7b567287,f5150df9376199689dc8b19a91f90bc5eda723c6618bd683201d56b0529e136c
rain-water-cab-view-with-overlay/0288,rain-water-cab-view-with-overlay,train,0,316,0,2027178,0,316,0.0,0.0,,,,0.8073738517679627,0.6915128907668439,,,,,,0.9953679996275778,,,,0.0,,0.924388934568262,,,0.7076644438956121,0.6367064928795558,0.5962452861124774,edfc5f576a3fe8034173a9ff71791befd981bc683b089bc729fe555cefbe4b3f,18a05516eb56af5f738ece0bf1f771ff1da45279a794c9ca45f4549211644f6d,90688e86fab301da5208efc7836b6aacbf625cf496eef3f4cc01ecf544df24b7
sunny-mainline-cab-view/0124,sunny-mainline-cab-view,train,68805,25564,10566,1968665,79371,94369,0.6556916186210511,0.7291059564051754,0.8668783308765167,0.0,,0.7323319479214772,0.3504203065765617,,,0.3715325147794452,,0.9357962337358263,0.907928445229682,,0.7942931961876003,,0.6556916186210511,0.0,0.9198099793755182,0.9797066018546263,,0.43443976191510625,0.7450383707380103,,7401f5fc76b6fc6c255d1dd4039a55eb15e32ab20cd3552dcac7878a8a74eb88,9544d3a4d4f26ddcf2a101283fbc57247e7d6b9a4c2a4d1dcc6ecbc47866431b,47bd89f6f4c502c903afc045f13da56d6922c6374456d0a7b74727bff6dc195a
sunny-mainline-cab-view/0125,sunny-mainline-cab-view,train,19993,978,15538,2005075,35531,20971,0.5476183954641322,0.9533641695674979,0.5626917339787791,,,0.8276079389549822,0.5285089292117908,,,0.33974639265413203,0.5662274480692499,0.0,0.22445255474452555,0.7620590439807539,0.6567992599444958,0.1173974540311174,0.5476183954641322,0.7635117808162972,0.8695891615837653,0.9939571122525697,0.45198237885462555,0.7896088312934966,0.7803378530910627,,b9b5845a7575d6e07a9bbc5c28a07e05557e8f29ff815f5cbf7248d75ec08247,258f3be8e12caaaceed243c728d350b639caa3c57d90a8ad103831ada0b7f6ef,e31c10e40c59057fd64be72b947a09559a2f184845c5cd4aa2cdbcd0f807a81d
sunny-mainline-cab-view/0126,sunny-mainline-cab-view,train,30908,5627,2751,2031851,33659,36535,0.7867433691391336,0.8459833036814014,0.9182685165928874,,,0.8160758610542902,0.6930046041883261,,,,,0.0,0.9186606653455327,,0.7668585927588563,,0.7867433691391336,0.8714058534934868,0.6059545397039598,0.9809721702254273,,0.7676049226885453,0.875865455112447,,a1e2fc892f0b131c74ecceb67559b53b91457b9cf91503592486c858fd335277,e27211315a2ae32a9a3ef1ca41e51ca0a0fa4f6fa09bc2a6e3ea542fe11ec29e,47a24d78152efcb64f1bd90594ae9a75de70ebebf8111339f901b014cbaa05ff
sunny-mainline-cab-view/0127,sunny-mainline-cab-view,train,24420,19506,610,2029064,25030,43926,0.5483204598527034,0.5559349815598962,0.9756292449061127,,,0.7864762483137622,0.476726918941062,,,,,0.0,0.8982646989750701,,0.7928079369788061,,0.5483204598527034,0.6912205774626474,0.8342785498347824,0.9779455075957864,,0.808707899376797,0.8491380831533997,,0d4cde05aed2bd4fe2170c8e306ae84b426e1f4e3c8d7f9b0b0cb271454f8c9e,aaedcf88592ad3e09dd1013b51109aeb4e7c40f4b2d9226c243471e2f34e9ce8,c92a858ae1c0e66c45dbf7f00bd388e78883cac554ccfa4fd866ea4c83151343
sunny-mainline-cab-view/0128,sunny-mainline-cab-view,train,20029,5296,3154,2045121,23183,25325,0.7032901436145932,0.7908785784797631,0.8639520338178838,,,0.8879830503416789,0.6889039880193022,,,0.39959839357429716,0.005702066999287242,0.7201605074105236,0.8449992164055653,0.30343116990491936,0.5608460095853303,0.0,0.7032901436145932,0.752036268633779,0.9259082217973231,0.977026361419344,0.0,0.7685246798231621,0.8258626405280928,,24687c346d035f3bef72afba9b140f03eab022e4a90af673afe81fa9f274787b,c2fb729a44959c3f10648bb333aa2bfa0a8bf6c4779e7237ba1a4ca106ac5d1e,74c46509b32fe84dd73423baa7fb8d32eafef73525799f266b0ecb3aa0c91c98
sunny-mainline-cab-view/0129,sunny-mainline-cab-view,train,29499,12264,15752,2016085,45251,41763,0.5128922889680952,0.7063429351339703,0.6518971956420853,,,0.7826711070280202,0.6594034187013711,,,0.4950576606260296,0.540353940163479,0.676461143224149,0.8590574218728313,0.5805569620253165,0.7531986820146348,0.0,0.5128922889680952,0.6582405456916441,0.9237725022887833,0.9771510720516634,0.48664850136239785,0.746035816119305,0.7312760438226122,,e52ffee04497a5939bda202788429a87b3560377d2abd91af07b4286a26b89c6,0c3855bad8ebb48418e3eb7da192926f4eba3d0bd8a6c1ba206a8a0de118136e,853dfe12e7eaed97678c10d5526092b1fe214fc992bc48150e01a464b36cda2d
sunny-mainline-cab-view/0130,sunny-mainline-cab-view,train,25403,8209,1881,2038107,27284,33612,0.7157185923985011,0.755771748185172,0.9310584958217271,,,0.879046524638251,0.48794489092996557,,,0.4012927551844869,,0.9503370003174287,0.9347091850162295,,0.6636226462544403,0.0,0.7157185923985011,0.8564988730277987,0.5999467660367315,0.9807577781712243,,0.7684240327921319,0.8297563148279559,,e0ef00001b7bf26a5b6122387465145d21b99c1296743b3f03e61660ac3b3c2c,9e56d793d32c98b488bb34adae6c07d0b0bd6f457d0f9aa68dfdc9a0a4542a74,b92e92a05cd8539966abb2d43983255fed8930de407305ad2612a04dd20e36dc
sunny-mainline-cab-view/0131,sunny-mainline-cab-view,train,20410,647,22942,2029521,43352,21057,0.4638741789586127,0.9692738756707983,0.47079719505443807,,0.0,0.8225094533237746,0.6702020565183001,,,0.3819241982507289,0.5258467023172906,0.5691538360310567,0.78888255129259,0.0,0.7510167326831737,0.0,0.4638741789586127,0.8023421954576134,0.7798824622179122,0.9575477111940538,0.0,0.7275118076427651,0.8595107067678034,,6ed3b7e372d8d5dc78b215af5af6f4653456cd41ece09177eab1178a747e70bc,a8c27ee277932c37a1cbb160b15f22866e20dd4aec146b5de86eb4603ff534fb,61ff8baadb6095c86e45b1a4cee1bc2a3295fe2635e79788abc61936aedac8eb
sunny-mainline-cab-view/0132,sunny-mainline-cab-view,train,9792,1329,4255,2058224,14047,11121,0.6368366285119667,0.8804963582411653,0.6970883462661066,,,0.9152187538365113,0.0,,0.0,0.0,0.5954413282056092,0.0,0.851484434336534,0.004244482173174873,0.8166464443607659,0.8118980169971671,0.6368366285119667,0.7327482088024565,0.6397857103810201,0.9662170827468244,0.0,0.6663865766877609,0.7934247138342599,,e153b7e6bd960d596c08d639a6b6e83a0851899aff6c01d8e6bfbba8b04f29ab,51ec0f2f880b6d5e6d011aff4a6f35f79480042485ebc9db45b9e0c8ccb772ca,6e14f2c19a61b761e277d7f124ed68bc839e6a1c60d05828d864957385fec2ec
sunny-mainline-cab-view/0133,sunny-mainline-cab-view,train,1288,0,3588,2068026,4876,1288,0.2641509433962264,1.0,0.2641509433962264,,,0.7101063184506913,0.6413558206082707,,0.0,,0.0,0.10785183989670755,0.9641255680748648,,0.6658119298835596,,0.2641509433962264,0.8080551929889987,0.7559644430034315,0.9125602312881465,,0.7098060307030364,0.7688856716241791,,f9e73f2fb85c57a08b9d33b0c1c38cfbd56bb541c4b32e14c80883c01757b91a,7b970b234bbeedfb2a18e0ce9e899a251b487dd70a00f183d3d16356c2b2478d,7494758b4fb3c3a4c2f086c235e722e9857ac90586cb47204f357b7636b16a54
sunny-mainline-cab-view/0134,sunny-mainline-cab-view,train,29336,5132,6875,2025091,36211,34468,0.7095759862612776,0.8511082743414181,0.8101405650216785,,0.0,0.8829597934645095,0.23050736497545007,0.002206964198136341,,,0.0,0.716114863464965,0.8896046138767556,,0.7528710984036217,,0.7095759862612776,0.7925692253767963,0.9204889409399132,0.9884270823602361,,0.8090056992134144,0.8311022512690462,,9e4b1e6f4202cdfc0d9ff15e1ee6eb32270e1c0e88b7b7842be2345e74dab6f2,810016b295ab6550cc7248033bb01b9032302ca875b032e9d08005c80b18156f,7143627c0a3e3f139d103aa0c451dbba77992d33d4c58b40b9f44b5bd6975091
sunny-mainline-cab-view/0135,sunny-mainline-cab-view,train,16401,4787,1723,2045364,18124,21188,0.7158570119156737,0.7740702284311874,0.9049326859412933,,,0.9239581168860501,0.0,,,,,0.8739651264973868,0.7772157348113867,,0.7232248271209311,,0.7158570119156737,,0.9570460259702875,0.9933056229455259,,0.8577690997147724,0.8773375446282641,,917d7fdbcba14ad98f4155259ad4945453a4e76aecab144bfdfd515d95e55343,ef3653ad7186e447e51f20d8a071847cfab4d31d30567977a105bb93a6e226d0,d620bfcfe82d70319425b1591fa4ffed5b9004de689819639499a3decff4031c
sunny-mainline-cab-view/0136,sunny-mainline-cab-view,train,78243,16895,9457,1963466,87700,95138,0.7480567904775562,0.8224158590678804,0.8921664766248575,,,0.8966564675624141,,,,,,0.6358891239251669,0.7208383233532935,,0.6891867818651465,,0.7480567904775562,0.8922396345342046,0.9666358228684733,0.9784088912317694,,0.8367092825450273,0.8529746833047579,,23d8b5534877bd891ce5b404ae30036f3fd3a3f9769fc5d17235cd727642067e,79c1982f49ada9c405b84125d26d3248d5d79d06d6bc5cb458d82e04d838eb1d,ae9caa74f3f439e7df92b2c2a733eb469d664dc3790f3d422008bac3ada799d1
sunny-mainline-cab-view/0137,sunny-mainline-cab-view,train,21227,13015,3144,2030840,24371,34242,0.5677793826566094,0.6199112201390106,0.8709942144351893,,,0.9012726597576207,,,,,,0.0,0.8419645706990105,,0.6463014172139647,,0.5677793826566094,0.7513448238006367,0.9618049358431527,0.9746757054996952,,0.8076635180894671,0.8718319384260866,,a171edd02bf21b2bc889ac8ed17fe30fc47d76defd59a637e236ddadf0c76f27,6f160ebe16131fde736faa1b907b2b9193af1e3c3ecb7fbcc5d577bc8750144d,99816ba0434c40f4ba1f598a2cec535a50b00f0392d400df56228eddfa3358dd
sunny-mainline-cab-view/0138,sunny-mainline-cab-view,train,6664,11457,272,2049838,6936,18121,0.36231174903495894,0.36775012416533304,0.9607843137254902,,,0.9024609316114768,0.0,,,0.0,0.6915666015079587,0.8085260544726746,0.7089769190109826,,0.5472565711800161,,0.36231174903495894,0.9280587804088034,0.9465921993119544,0.990700452308523,,0.868194185442206,0.9541213906096612,,461bdcfd80571cea432e10e0947270b1a03bad21b5efa4efc325d700d1107bed,50f45cb9d7c36f7e9ad713cde316882219c82f7d0791f0d0e907e65ccc5286eb,dc03a9a2725cc5da24ae1a3e5ae2b4b42cb5c394301717673d74108d12f440a0
sunny-mainline-cab-view/0139,sunny-mainline-cab-view,train,26424,3930,1446,2036530,27870,30354,0.8309433962264151,0.8705277722870133,0.9481162540365985,,0.7869919507105237,0.763809922033155,0.3811138014527845,,,0.9511048425011753,0.0,,0.8067856612892969,,0.7016984909478398,,0.8309433962264151,0.0,0.9412984551816268,0.9760783088135999,,0.8011067487984838,0.7428214614578964,,ea793969cdff22d7aeff4460d14cafa8007c32c5650e6cd3586775c958a0754c,9ffd1fbd5a02985f044eebd2c5f1c76c095bee6781c959b4c6742485ddd6b778,c12f945079988da6b93697a2a6972aa6df70b3abc39c0a32ebf86c2cee5effab
sunny-mainline-cab-view/0140,sunny-mainline-cab-view,train,22197,14005,1314,2016470,23511,36202,0.5916675551764581,0.6131429202806474,0.9441112670664795,,,0.9127647860738255,,,,,,0.5234539651953996,0.5658410706605611,,0.6310263068759173,,0.5916675551764581,,0.957519691282973,0.9893568468517808,,0.8292118840064046,0.9130002135057647,,3a5fae521d4841d641c0b0953b4733aa8f8734d7fd9997403022f033352a935e,bec802af770693ccb921ee7235635fe5fd724eaa5b1d6e1f6746af21fd9112cd,d119391b23879aac6e36c267569eb77c35d235e4b9fe74feefb385aebb925cf7
sunny-mainline-cab-view/0141,sunny-mainline-cab-view,train,19533,5193,4591,2031862,24124,24726,0.6662687178087799,0.7899781606406212,0.8096915934339247,,,0.9453134919627213,,,,,,0.12437185929648241,,,0.7835396821039339,,0.6662687178087799,0.8067171113766096,0.9331954133666375,0.9466233084335798,,0.8456425175175175,0.900299149987103,,2ab1618bf2232f7953374c7ff9fd6dbb5957a1d11d887a1004faeb1f3bfa8241,97b17a45f269102384f6109c04c9d6b8bf8782c9ed75e154169d5296a043ea20,ad1646806043d8a934c5f9395f9c53480c623a8cd38a42b3b5c2156861d9420f
sunny-mainline-cab-view/0142,sunny-mainline-cab-view,train,26187,4481,3080,2034259,29267,30668,0.7759570937537039,0.8538867875309769,0.8947620186558239,,,0.9451677999853478,,,,,0.368787020345094,0.5671168526130358,0.7339051411650584,,0.5311715481171548,0.0,0.7759570937537039,,0.9696716012568903,0.9919231828166166,,0.9003121779264813,0.9089391691394659,,f9d4c3db5d27a80539d7e059e63c85bbda048e2f6d73d48e3b0e6d2541a023d4,ecd3fb29f78f54f484c4e6ff39b9f5010a4ff9510a0ca54c9e0fcee6ada30585,aa9816a6e06fc4f5dc73d0a4c2e814f2bccae438acec2211022c3ade95788b27
sunny-mainline-cab-view/0143,sunny-mainline-cab-view,train,32990,5580,11354,2018297,44344,38570,0.6608044227225383,0.8553279751101893,0.743956341331409,,,0.9344167938536359,0.2370848708487085,,,,0.5474607013301088,0.0,0.7079782874286686,,0.49094922737306845,,0.6608044227225383,0.7205319059964874,0.8836460485313863,0.9926109267985923,,0.8737459871589085,0.849694737862196,,4437f8bc5b8248f9f54a530115e7dbcc3ace4af83f6e7e7505c28bd61deecdb4,5633b96990c8cacdbca53cbc8c942d05e63f5e2d839d47c6d0409a38e1392cfe,fe08895e81eebd448f46f42cddba464844e7b1bb595c2a21a04697579b7aacb9
sunny-mainline-cab-view/0144,sunny-mainline-cab-view,train,3592,1120,6077,2057247,9669,4712,0.3329316896839373,0.7623089983022071,0.3714965353190609,,,0.9044681177191907,,,,,,0.0,0.3190454476364189,,0.6356226907194088,0.877665544332211,0.3329316896839373,0.5146289752650177,0.955402369450848,0.9691196157852541,,0.7848998650388594,0.9340033131652103,,f6b634ec6548b8bf98554aa0ac61f40eb22ae85f7e7ae26d084ddb9500ae7e5d,7f8b37a8c257a86c7ca870dd1ce5018c32c9ed888de4dc3afc7b590ae25fb898,49f92ae017dda8192029088131a8f434137017afbf68b720a51867bba65bd22a
sunny-mainline-cab-view/0145,sunny-mainline-cab-view,train,20384,1702,1820,2044233,22204,22086,0.852672969129089,0.9229376075341845,0.9180327868852459,,,0.9435287661209183,0.04640371229698376,,,,,0.6571522345604727,0.9620378359041266,,0.0,,0.852672969129089,0.890998913843243,0.9614429429870572,0.9916636259017038,,0.8791473959380656,0.9243940968262416,,fcdb2f1d198ca40299c924da55b12732604c2030a0db21c6f4a86b3b5c804d35,20c74d76997181bbbf1ecde190ab83a62b8b818f8a40955abbde22b23f85c59b,a7849bd8899279756f40326b4aaa113638493a362c830a79dcb59d5c80afa3b7
sunny-mainline-cab-view/0146,sunny-mainline-cab-view,train,37590,12616,5283,2012468,42873,50206,0.677431563012489,0.7487152929928694,0.8767755930305787,,,0.8963495906210048,,,,,,0.0,,,0.6347085943965007,,0.677431563012489,,0.9724257161492068,0.9770929123459206,,0.7998993520790086,0.8737335608747232,,144ac7ace9587dad2bd7d7909441c0b2eb1b7a5fd5d975855c31e6f54006cc89,14b653b227e8c3d3a8b942968a57b177faaf75fb68a3e71ae071e6286eda5cde,9a777ea174b8e8d93235605b001737f7087c3db4fd11506e733a52a126293c56
sunny-mainline-cab-view/0147,sunny-mainline-cab-view,train,3753,181,2298,2055099,6051,3934,0.602214377406932,0.9539908490086426,0.6202280614774417,,,0.9189654970965216,,,,,,0.5181842672413793,0.8421668878307704,,0.6772392067015107,,0.602214377406932,,0.9830431746916488,0.9670998527594069,,0.7410729742064429,0.9201234932834105,,6cf388fea166cff5c1481f523509bf3d72656e5aede0964f0ec6b15e88adea19,692808c9fd7ae6179769e38738eb5f38b5dfd78c857fdca542786e3cce1a19ce,9a08900e2af8b845c0de0e0ac27e8fe60ea980322cdaf50d00269693f2c4f40a
sunny-mainline-cab-view/0148,sunny-mainline-cab-view,train,29609,15910,1346,1996910,30955,45519,0.6317934492691775,0.6504756255629517,0.9565175254401551,,,0.9009943444349979,0.6955636119001346,,,0.7176128093158661,,0.0,0.955432124509488,,0.6804605485946496,,0.6317934492691775,,0.9367415072827752,0.9859987750024485,,0.8735647485605884,0.9167272224723709,,d859eb4079cd5f05a69e1a52ca314157548f99524569888aa31aa39194c4c163,3f6263d12602f503c9afd8899de5bf72117310b14c1df89f7ca3507e4df9258a,90a5df93aa7ea50840f43a4ea0e1af2831cc195cfba81a0087320619c56f0c08
sunny-mainline-cab-view/0149,sunny-mainline-cab-view,train,7340,3062,3274,2043452,10614,10402,0.5367066393682364,0.7056335320130744,0.6915394761635576,,,0.8845069338712603,0.5881071446254394,0.0,,0.0,0.7358659618313771,0.0954745353950915,0.7596643594096905,,0.7389793243414655,,0.5367066393682364,0.43366374380480366,0.8367911632662526,0.9726266359356949,,0.8015844068686809,0.8338638873291181,,0f14ff36a7fdb27af6f7ec8cb353e753e159bb3b77aab52a80b13fe6937791bc,f956580152828b020215fbf2c78a840a5b4b68ad7e56c3e41bf4fea9766fcbe0,0d6a9c489903b5c749b87d8499a9225159eb79f5d102b357a97c5e6e677cd4c4
sunny-mainline-cab-view/0150,sunny-mainline-cab-view,train,6242,1625,3376,1997327,9618,7867,0.5551898959352486,0.7934409558916995,0.6489914743189852,,0.0077473182359952325,0.9368014934660859,0.01689453125,,,0.49801192842942343,0.0,0.6804680038204394,0.8431134709571109,,0.6487204586771081,0.0,0.5551898959352486,0.8117158230138074,0.8533130018997265,0.9934155338092585,,0.7707183079247356,0.853519525034971,,d4d60368183c52383216b6039fb814147d7720ff8a5ea3c97e9222f8f0eb8937,ea19db3c93ddb0c57d8a40d4882b76fc921b3e7ef2c036f491aeeeed322a8ba8,5c65dbdd5bf4cde3a28de69e267f227f3f7541ab48b75081471156be7b5dc8fd
sunny-mainline-cab-view/0151,sunny-mainline-cab-view,train,12481,8888,11357,2033261,23838,21369,0.38137872028356656,0.5840703823295428,0.5235758033392063,,,0.8600399073226639,0.7731440062379448,,,0.30578512396694213,0.0,0.0,0.8511541906220206,,0.518100970176069,,0.38137872028356656,0.856733760821305,0.8534446556871369,0.9896987089895648,,0.8508898656748533,0.8361475066579445,,4b1751c125ecc67afaa53eb1d7655c7a5ec051098de588dcb48ea4bc9cd3c5fc,1ab5b3a734f95118a4f540fd1aa10298673d5e4910ab7f3050c63f27f8d9a24b,b14027264db34ee293cbe5264d1825da0e46c7fd51591500584f1c26ff50f831
sunny-mainline-cab-view/0152,sunny-mainline-cab-view,train,4801,895,7907,2045976,12708,5696,0.3529368521649636,0.842872191011236,0.3777935158954989,,,0.7589747120106476,0.47449150303777404,,,0.4482184482184482,0.0,0.5702878365831012,0.8541689074890729,,0.7568133501702339,,0.3529368521649636,0.878583615950119,0.9008803975229059,0.981921027313605,,0.833134467354452,0.7829312763710309,,7c244faef1d58c7c544581c4aaad579ceaddaf9f4f8593f1c642198319e0f064,57425f7fe572f2d8c613752e0aa310cac5a68f17926ddb24529c7254a7030148,56c054c0ee240e7bad6368765df5c517befe61e0ac90d02e587d1e6083f5e03c
sunny-mainline-cab-view/0153,sunny-mainline-cab-view,train,18553,7486,2862,2037836,21415,26039,0.6419501055326805,0.7125081608356696,0.8663553583936493,,,0.923876659937698,,,,,,0.7159230683215924,0.0,,0.8892493407042051,,0.6419501055326805,0.9673102183449404,0.977314965850373,0.9916409704371796,,0.8788666288666289,0.9505497387347814,,8a9db76dfcf9155f0dfba13eb33441d81632dfa0d872dd599c6a9a249961a009,05a5851a91ad31d3a2d1b4e3dda4c9fb4c997e5bb7d94639cfcf404ebbcfe4e3,6ddffeab8628f0c04455e6d2dcce94226d33909267d1cf403d8096cca92b1eaf
sunny-mainline-cab-view/0154,sunny-mainline-cab-view,train,15073,6779,1343,1980595,16416,21852,0.6498383272256952,0.6897766794801391,0.9181895711500975,,,0.9408661068288718,,,,,0.0,,,,0.5738209817131857,,0.6498383272256952,,0.9775286520878103,0.9951608682542065,,0.9080364142521159,0.9459656699181058,,6ba5f4dc3a08179c05592eb64e30da7a3ab0f61eb7a134091c4cb022c307f8ce,73a89e97a564e8790df1b2ef5cc6b4b1abecd82ba42528df33db4e2887c0a69e,61634a1c09ad5deb1d2270bdf4d0aa92d2903ce20bc5496c73938cb257068166
sunny-mainline-cab-view/0155,sunny-mainline-cab-view,train,4642,5309,322,2050350,4964,9951,0.4518641098023946,0.46648578032358556,0.935132957292506,,,0.9516373914556792,,,,,0.0,0.18195819581958195,0.8733661517569173,,0.5571372854914196,,0.4518641098023946,0.8526481384373361,0.9725807247763552,0.9872734623565188,,0.8946024629084738,0.9324511087367949,,06a90f5ff240f94f7308b963ae697e96d8e7f41f7c690b41c58516e490c044e0,3520046f77397809711aadef6d4851348e6ef6dfa7e4d4acffde40d4a08d976e,68e731a9326469303166bed5a0cdf9a4c95cea3c0b1fc29ad956dea483d3a3f3
sunny-mainline-cab-view/0156,sunny-mainline-cab-view,train,7518,1116,2354,2049372,9872,8634,0.6842009464870769,0.8707435719249479,0.7615478119935171,,,0.9664074239404475,,,,0.0,,0.8292622339985095,,,0.7288524917607111,,0.6842009464870769,,0.9736121153615015,0.9854838119767695,,0.907203125,0.920532368523065,,2a9b7f9f2e664a6492b210e6af5c8b3238a3d01e1f1d4f0c3506e92519ad0942,407421d1c13fc9a5c28ada48397820d63763e5bbd52ba90e03022634e21f2fbc,70a17310151f05c3c1fd6d597ac602abf532acd3e8af29dd5065c587581cd54a
sunny-mainline-cab-view/0157,sunny-mainline-cab-view,train,21728,12985,1809,2031650,23537,34713,0.5949290838398773,0.6259326477112321,0.9231422866125675,,,0.9311890030965876,,,,0.0,0.0,0.45885554680226315,0.48215007409403204,,0.7359887204793796,,0.5949290838398773,,0.9542719878186982,0.9902048563573688,,0.8772128431034766,0.9279223744292238,,8e5da439095b7bf529ca9afbcfc297a86c96a3820aab657ef461687e06417c1a,9981e1d1ae142c1e9738d94cae092b732bd369db06694bee51a34ebb4e3fc179,50f323e8023979cf5ae37a90f650324fb621c02fb649d61ae46c1c5452666b15
sunny-mainline-cab-view/0158,sunny-mainline-cab-view,train,4807,1985,277,2061109,5084,6792,0.6800113170179658,0.7077444051825678,0.9455153422501967,,,0.9693016346505178,,,,0.6790123456790124,0.669188020994134,0.6653634085213033,0.5369813974301605,,0.6338291896390305,,0.6800113170179658,,0.6654755923077716,0.8026488053276399,,0.8813440728988691,0.9345533099779814,,e6a650c2b434f3111eccf6b5f78e578afe4a7a00834675380b1cee62d761869d,07015ed660b2b8ea64300203f1815f3802c8e66a3db06436fb5305d647e31263,c5e20a9ffde32c68a395827840fe1e2124014996831025be80e46c94d3c1d9e3
sunny-mainline-cab-view/0159,sunny-mainline-cab-view,train,10883,55,18476,2038695,29359,10938,0.36999388046508463,0.9949716584384714,0.37068701250042574,,,0.9167096714023689,,,,,0.7690820088233516,0.7467373250019774,0.8842669047087703,,0.6104587443244089,,0.36999388046508463,0.0,0.9651578470989947,0.9902758045671217,,0.9036825778044631,0.9196960978702662,,0857b1a64422a748f3a1acbe2298b756354dc4e916a3e35065e7c7c8aa443cfa,d11d1839c3df1fc963b3d4a7d2fad7dd497deb84c04b0fae9ac7612d46bf2393,736f3d078ab87335eccaad69a8790a03bae490119875a7102bad456e646aa1d2
sunny-mainline-cab-view/0160,sunny-mainline-cab-view,train,21586,7062,1382,2038272,22968,28648,0.7188145188145189,0.7534906450712091,0.9398293277603622,,,0.9496891041406536,,,,,,0.7089960886571056,,,0.7293537594646945,,0.7188145188145189,,0.9697644830091554,0.988510626422034,,0.8980795012194925,0.9241754286255565,,3f99be5f7928e5a01c3e2e0da7c216742c167125a2f4df4f9eda959f3e86453c,3a16390f7fe8b99976e346e04b3a49000f78f09ada1595a248415368e11aedf5,b3be72de685b74f98dabf8897eb18a9b8fa98d6fa38291cdac591743b44272c2
sunny-mainline-cab-view/0161,sunny-mainline-cab-view,train,24994,5708,2704,2034713,27698,30702,0.748188948093157,0.8140837730441014,0.902375622788649,,,0.944500726776197,,,,,0.9146524936376035,0.7384603762181763,0.8332767786449496,,0.7028500874575574,,0.748188948093157,,0.9465704761140573,0.9928891089237905,,0.9057397251833138,0.9312664866222836,,016395879116dde76f1eddcc264a67c3d1fb136d9a0f2d92b33ab41044c4e774,d23f8db4f6d3d5ebf380883116bb37266ab923f0b3242a26533b21ff6567c406,a9ec85dd2c76269f39eca202ac2e9df0fedea6338109b063a1cd1c4e56e19641
sunny-mainline-cab-view/0162,sunny-mainline-cab-view,train,23489,3278,3781,2034597,27270,26767,0.7689210422940945,0.8775357716591325,0.8613494682801613,,,0.9534991712404306,,,,,0.9437236680000608,0.7414399307621572,0.5454461353439104,,0.8143509283412613,,0.7689210422940945,0.41669964384645825,0.9540134365958056,0.9882858719969078,,0.910005902270821,0.9355319942458309,,9a198f581ccbd0527724f15f9a3cece6e5832854e77e259dffc5bd5a429ff05c,0f13810f4e07bcb4e31d23ae621fe1f2f1ba5df5bd7d2a28ccf1edc7b7b90c12,b5ea879ae7e888256239d5a380f75118f2bf407ece11c42615fdc56a04dbc375
sunny-mainline-cab-view/0163,sunny-mainline-cab-view,train,52173,6487,7962,2001343,60135,58660,0.7831196901924289,0.8894135697238322,0.8675979047143926,,,0.9275340786687962,,,,,0.9455195713942409,0.724881329113924,0.33482921964597356,,0.7531025880885562,,0.7831196901924289,0.0,0.9495310499271077,0.9938107800235619,,0.8867930386723177,0.9050365864480892,,53c1f0e23c023af87bca8d7c925f1118fa6e03bf34b314ab0e901d159fd525b9,0dcf0e9793f56137c43c73198bc407fb3d307128f3264ea267e08b830d3a3e6c,9f407eeb9361a08a45b03def90a15155c64bbf07247db5d44e643a037682fb10
sunny-mainline-cab-view/0164,sunny-mainline-cab-view,train,36469,4159,624,2026925,37093,40628,0.8840541064675652,0.89763217485478,0.9831774189200119,,,0.9538019091131599,,,,,0.9243598636788611,0.5698017285205897,0.8629652827487473,,0.6121543693627088,,0.8840541064675652,0.802256254383914,0.9642402117446195,0.9949742379704987,,0.9007915161761315,0.958134529294781,,dc2322339b57aed5805465301755b9054b87fba047b608e05ae4dcf959232006,595424faa77d35db1f99a37b4f55a72e40170bff8e5dfdb3ab73ae65e3e2479a,9462e959c637cfb7dd24118185cf129173708ba699e6399726d649998910aa85
sunny-mainline-cab-view/0165,sunny-mainline-cab-view,train,19028,3590,8389,2037043,27417,22618,0.613667881446125,0.8412768591387391,0.6940219571798519,,,0.9433329721668079,,,,,0.942732597330617,0.6668908819133035,0.6463400675327649,,0.7737967914438503,,0.613667881446125,0.669079992936606,0.944186897558284,0.9939905944338939,,0.8920510602128014,0.9089290163718176,,ed03205def575f68a08e90b5040e492f111657b011c4a09ea8773bfee95ae4f8,48f2d8f29663c715443a61887d3de406b2141c0cd0635bc8d985d53ed8a38d72,ae60f9370a0518e3dee6cc5e0246b9be596209b5fe2c6cc1837cffa9a7ba1a2d
sunny-mainline-cab-view/0166,sunny-mainline-cab-view,train,21603,6673,242,2039502,21845,28276,0.7575215653271617,0.7640048097326354,0.9889219501029984,,,0.9283181748111607,,,,,,0.7882508396190057,,,0.7951807228915663,,0.7575215653271617,,0.9752198501263893,0.9867626838192454,,0.8733095628152003,0.9279686368359732,,4cb25bc7ad809534409bf310ce0bd9621415dfebdaa38bfbacf278916ddd0f64,6efebaf42ad436d141650e14308bf18e2389d3ec7ed42dbb736ae5b5f6d3a70d,0ca6b566997eca773e1409b7bf05a95f5e33a6a76c6a65fb3d489fbeb549096b
sunny-mainline-cab-view/0167,sunny-mainline-cab-view,train,5458,1992,201,2057571,5659,7450,0.7133708012024572,0.7326174496644295,0.964481357130235,,,0.9637367195962296,,,,,0.8541865585845398,0.9154623649685771,0.9534882337190967,,0.0,,0.7133708012024572,0.8131997455470737,0.9307303052251744,0.9890722542841479,,0.8889363317202771,0.9126922775294368,,ea08f07ca095ed6d035d6f14b8548f69a14bf8d6b49efbbdddf5179bf9ef3009,b5e44b4d05c9f941f3f50ad3195bd2b3c67bdab306fccddeab16a0e824382b20,5f10f00b44fd3c9167b4868e77f6e22fa47ec18f3b78a43c67f45886de8dc74e
sunny-mainline-cab-view/0168,sunny-mainline-cab-view,train,21861,1728,3323,2041155,25184,23589,0.812314209274673,0.9267455169782526,0.8680511435832274,,,0.9520587443773788,,,,,0.8266240237317203,,0.834250103335347,,0.6221590909090909,,0.812314209274673,,0.9481237056923539,0.991220268175999,,0.8861832073069124,0.8866379227006438,,72b8f6a32917f9b4cd7edbfc8b38900c94a094dd308a81ee17ec8c715bf8a875,adeae42b66b6f80ff7ded176032da0f049d5158fb43d05363602b068574857d5,bdf9ef3c5f324ab72dcbc9d001ea5cda8740e734efa572dd929c39ec2c485ad7
sunny-mainline-cab-view/0169,sunny-mainline-cab-view,train,4011,1008,1751,2061257,5762,5019,0.5924667651403249,0.799163179916318,0.6961124609510586,,,0.9674790501967923,,,,,0.9432425192631927,,0.9031747174429486,,0.5837091888253113,,0.5924667651403249,,0.965143939697964,0.9912078268441007,,0.9103437475530499,0.9360737233018294,,e50a126b8e9d96524472935c0169644a3000d548dd10622d7dd7837f28b262f3,1fabbee7225ef01c83c8f9d87a5e21012dbd0cd0e092aae0b3f85cc885236dfa,2130d62576cddc55b31c4b1497774823980f629f9a7115a5f7365ac090c0b657
sunny-mainline-cab-view/0170,sunny-mainline-cab-view,train,7194,899,2046,2058066,9240,8093,0.7095374297267976,0.8889163474607685,0.7785714285714286,,,0.9593415119041846,,,,,0.949189567769477,0.4662576687116564,0.8686532649045581,,0.5601313040883319,,0.7095374297267976,,0.9665609917608756,0.9910411385393617,,0.9052751893067483,0.9440882408337519,,3f433ab98d445e66fbd4c3879168f0ff099bfa2f2a0555a496a23ef041827ef6,2432eb316800d123f6938e33fc85795b3d6c60ffa520a0ea9203c0121e31584d,fc63e7249f333db343f15f87dffa10feda4232f12fee1d9d0859cb39313cca87
sunny-mainline-cab-view/0171,sunny-mainline-cab-view,train,24526,8596,871,2027475,25397,33122,0.7215014855999765,0.7404746090211943,0.9657046107808008,,,0.9279165349351881,,,,,,,,,0.8322715063020869,,0.7215014855999765,,0.9625108509990781,0.9640550242163358,,0.8558997249650571,0.9200386654095126,,f0f37b4a43e03c4b5aef2ec2723b33d29fdeb183e0247dc20cc38fd51708b6d4,e8e0d147bf6775475813b28df3bf64d5faa50955a9846c2f56a541b5e2252767,226ae148afeed374c2c2701b236c5548d33983fcc34a9b17d6eac7bee04dd8d3
sunny-mainline-cab-view/0172,sunny-mainline-cab-view,train,0,11249,0,2051888,0,11249,0.0,0.0,,,,0.8898291321075947,,,,0.0,,0.0,0.8775091162554337,,0.592665276585306,,0.0,0.0,0.9408103100295255,0.9573100519112789,,0.7229219975237309,0.8462100046774459,,9d1f242981192b866b8c78b235337b3fcd78c0dbb947afbb3861211b73247352,c9cc1d7969f031b1ba1caed9230b1e99f67407a3ccf18ad66582f8d9f85d7a54,2694fd2aaf085a2c43472364f89db87aa3bcbb78c0f93523f61ee45e27fa5285
sunny-mainline-cab-view/0179,sunny-mainline-cab-view,train,0,0,0,2070979,0,0,,,,0.8564762189650015,0.586358024691358,0.9420984694818366,,0.3713428857047651,0.8788847650136385,0.0,0.0,0.9055939400216005,0.9004417437024587,,0.6872477201375392,,,0.72651872122251,0.9021590333394415,0.9646701737197492,,0.6952453332066689,0.9426669664942658,,2980bdd5ac578120cb35ad4b8b8f5798eb1663f505b1d628312365558c8e6637,0a9409b2e919a722e20a573aade797666e16f212e11504e1bba1fad37db8571f,549a39eb24a540707ffc3fe9f7370a57404f826be4cc8660d8e66fab6800d7e3
sunny-mainline-cab-view/0180,sunny-mainline-cab-view,train,0,7169,0,2066370,0,7169,0.0,0.0,,,0.17826201102651615,0.0,,0.0,0.9597792370815308,,,0.0,0.7206005209101184,,0.5021432565074238,,0.0,0.7778592375366569,0.9051705423720834,0.9833940719635057,,0.7662740482910628,0.8872907757996678,,11d2b9c079ad57dd8e7e64839160cd7b1d1b689d42720e385bbae214ae1ce4e2,d03eedc21174cd47abea991f73f6f1990f52f4dc95c05ca152a8ebc1c4f8dbbd,0442c31570e5047993b8bb2282ab2c728b1bdd81f0ca5c181ed1fa4e4a461409
sunny-mainline-cab-view/0181,sunny-mainline-cab-view,train,0,0,0,2073600,0,0,,,,,0.9648742544425998,0.9705014402445477,,0.0,,,0.0,0.0,0.0,,0.6352265575833858,,,,0.9848579440782741,0.9949109414758269,,0.7832175604334537,0.9360533109733224,,961d4dc340edb778535bf1a91b174154c09e8c3bf2814a05efe15d66cfa809cb,f7acffee97a0d29fb4655547c1884e20e9bd9972cc8706da96cdee1e26eb908f,02961eb6591185f0d44dad3d1bfb9cd83fdf91d6eda4486e9fd28b78e0497f75
sunny-mainline-cab-view/0182,sunny-mainline-cab-view,train,0,0,0,2070136,0,0,,,,0.4551289083927592,,0.9409672522229451,0.0,,,0.0,,0.8535047747950973,0.947381813595073,,0.0,,,0.0,0.8940954477553267,0.8087944877690167,,0.5829168675004439,0.7917741096122698,,2b635f17ddb2ba61b77fdcac0499ec5c3d70dea1323a289937212955ea815653,4ceaeb2102494da778ecf94d2ac615d63cfe08ae62aaef2a6796fec50fb8bb6f,e3be32f732685738aac0dd89077f91e22ed0b8e0c145f4fcb904351effdb96cb
sunny-mainline-cab-view/0184,sunny-mainline-cab-view,train,0,0,0,2070348,0,0,,,,,0.28507223113964686,0.8551522937744233,,0.7068374795173544,0.0,0.0,0.0,0.9340190222798931,0.9003858615818217,,0.621087051880209,,,0.6397095914102472,0.7961762088058166,0.9750765643898939,,0.7387904827075598,0.8897136367323761,0.0,fce720c8ba60a17547f87e487d475b7dfc8130e8e3f6de1eb655de80095dd9d4,cfb308f1843883bcd1f15e0bb17c380c182c15635fad7bdad3e92fd028097a16,2a02317b9b1eabc8c78c53e33535d0c67193295159f7adaab82e2e90282fdcde
sunny-mountain-stations/0228,sunny-mountain-stations,train,0,0,0,2073600,0,0,,,,0.9089006453113191,,0.9501582333027668,,,0.9774809509495118,0.47138792285804615,0.7345243949079386,0.8837006968829961,0.8378961282916478,,0.751930911893788,,,0.5792217464159375,0.862107529952053,0.9870506473184651,,0.8257768814740123,0.9432785720411139,,8fb67a7950262b0a2133f19fd631fd9df52f83e1660f0a811abf3e9d0982f269,f4c0dfc2948c51f179a4a80f4d4b7d2a14b8c5ced33c320220f787477a45e6d3,cfb963cc68733c56aae515c253c96b0f887b44e589f2ba24d4051a6389fbd1c4
sunny-mountain-stations/0229,sunny-mountain-stations,train,0,0,0,2070011,0,0,,,,,0.5543432647922787,0.9496685122412997,,0.0,,0.4013654851830331,0.8947678196063443,0.9532672267909628,0.8633652201517111,,0.6399550697241172,0.4419208306294614,,0.757624817213286,0.7687687054756986,0.9895425231848438,,0.7802608799080181,0.9358331319830366,,0354800bf80455fa7680958e010518b436ea155dca8b0abbc8d1e10092f0661b,fc908e7e08e5cc665f4c59c11eadf28fcdf161bd566dd5bc31ca5349d4ad036e,648f84a05cb679935f294729b72ec3318867a1729e3de0feeae17db1ecd8ae97
sunny-mountain-stations/0230,sunny-mountain-stations,train,0,200,0,2030042,0,200,0.0,0.0,,,0.70087684336389,0.8198077515903932,0.0,,0.8505356231933344,,0.617483410954952,,0.816122184441397,0.6301818132442598,0.7052509267968793,,0.0,0.660752296461378,0.8608609843345257,0.9812640302710757,0.5342241614398691,0.7616116348151583,0.8035090540832583,,505099662669780df8408d783f6869cfd7b572910896d2c7b6f0e27c7432cffb,0f54a1615827a6cc63096a9eaf5bd58b3ed9758a76361bcee72da0187c106f17,6827bf56731a8dcfc6ddf41bb52c74a38a4d48c1343acd385574349d03c3f4ac
sunny-mountain-stations/0243,sunny-mountain-stations,train,0,0,0,2073291,0,0,,,,,,0.8541335382086512,,,0.982365835278639,0.0,,0.0,0.0,,0.5035413899955733,0.7642967542503863,,,0.9828667152502353,0.9921987691124147,,0.6684023930866386,0.9120734789673226,,d048231d419c08d7176eaceaa89f964709a5a5de28918f80af2d6d5cb56dc892,ac493ba00b218289c9290e59fc10ebc5e73442a5005678ae91222731a9f1a765,c7a0d9c869f6c1f7b73272866ff18d820bcc623d52be84c60638ee0a045cfcbc
sunny-mountain-stations/0244,sunny-mountain-stations,train,0,0,0,2068950,0,0,,,,0.8716103462661661,,0.9353075899698556,0.3077500469131169,0.5459057071960298,0.864693733971813,0.17923406279733586,0.04019688269073011,0.7062924115201955,0.5481591669765712,,0.7263798716227401,,,0.7478619414391912,0.9207520664088829,0.9884558714925411,,0.7258509820367652,0.8296748162735962,,8d1edf47c4a0e099e6bac09702b9eb61358d689387405e5915c4b761311fb755,62634f58072805641c40889959a1644646ac9bf20776fc28c0eb907ebb26db45,6b0244622a6b823d7819615401ac630aa23ace4339c436320bcaab9cdce67308
sunny-mountain-stations/0245,sunny-mountain-stations,train,0,0,0,2073600,0,0,,,,0.8594310210444271,0.0,0.8547343218066865,,0.0,0.8497014796227395,0.0,0.8352722840839842,0.6274915449377564,0.9447246005776914,0.8336709593401823,0.5943636739474953,,,0.30961289883665555,0.9305153493448328,0.9941455366446683,0.5982218458933107,0.6774526469159786,0.6828750904426758,,ede5e722aa51b1edf1b7f3550819d1fa7c743d02958fb765bf9233ccf1ea1020,cadf2ab9a2d6547b808e82099b83169aa947fb0617b0d25d7c012f3a84f18477,f847858dad0b95540446ec48edd00f25c444b67de64c6090e7e2127e60d86277
sunny-mountain-stations/0246,sunny-mountain-stations,train,0,0,0,2061103,0,0,,,,0.752895752895753,,0.7385242030696576,0.0,0.0,,,0.0,0.7707392286309938,0.6036952913427098,0.9070746771476699,0.030519046558253507,,,0.7701297739796296,0.9539315924918624,0.9827671436025596,0.7056651994888542,0.7333103626496683,0.765578870197547,0.0,90a65adbb644d54e42c7e51d5cebfa0b1e554d4d34f442db24481dcd7007c74c,8211f22cbe10bb54834c2a0f57f23d5612d3a7a8d288102d2f5c719f02078527,ddb4ae18d9ffefd54f9d23dd4eaeaa722ce0170b60ee2da5dea70cef19aa5a2a
sunny-mountain-stations/0247,sunny-mountain-stations,train,0,0,0,2073600,0,0,,,,,0.8424388275212628,0.9486372948699378,0.0,,,,0.5393424455116365,0.7110899003758278,0.9046604527296938,,0.4841027483384229,,,0.7762199686925747,0.9421994017704688,0.9925153434870192,,0.8207862766305305,0.9468262037271022,,a442fff38da0ce40c7e735cd036d9ad22fde5c1909107105ed77bd798ca3f872,c5c7e80094cc032a92fa08b0b660de2231a9cddd7643b6d1c2df97dbdb15ba15,b577947a690d2e913130592d8b144e4cf43d388538d239bf1971013151c65145
sunny-mountain-stations/0248,sunny-mountain-stations,train,0,0,0,2073600,0,0,,,,0.698210709902461,,0.9628523764490867,,,0.7033332870954766,0.0,0.9283623693379791,0.8973189081312448,0.9164193340314688,,0.16232756945793667,,,0.6105321389057425,0.5753710931497588,0.9875790500944495,,0.8330037983245746,0.9310920543371025,,c489b83cc8d5e13b9e9ee4f588ba23a86a21404337b41cc01afb90627630275f,1828c615b6f7ff9fa65e720ed3534d3325375ddada62df18c96577a26343ed35,cc9d66be252c681d0be63cf7042518be3ca0a0de4a9f42b3f1fd5e07c8aede34
sunny-mountain-stations/0249,sunny-mountain-stations,train,0,0,0,2073600,0,0,,,,0.8441700062702762,,0.9594824040580872,,,0.9350562261425771,0.2750222222222222,,0.8784258860668676,0.9058104594765486,,0.541704111911827,,,0.6218471276493718,0.95998445279387,0.9907479622353838,,0.8529087472435157,0.9006295070572717,,408760b135c0da743871d600304812e352ac956549d1987597238245735e8672,459bc06543c1527b8f31f3778f2304eca8cda8b56ce00177d1006117d7a4ed71,3204481a3763559738b877d081c80f14819dda0445efe3fed117ba7ce16f3c6a
sunny-mountain-stations/0250,sunny-mountain-stations,train,0,0,0,2064289,0,0,,,,0.6159888557829973,,0.9804822258887056,,,0.9595377118044898,,,0.9592310878713837,0.9663682163758267,,0.8084270104551529,,,,,0.9850997650190837,,0.8163861824623561,0.894375,,0956dd0c21f6af0a1387e957effd77c906124754c421ea783a885ae3ce8cf3f2,1a54313fd7aaffafd2aa769b53c139c749f29333937e07fd9220a885589e54d0,dc90027e8522a45d28ca68264fe9b5c160d5f4b81781a04cff5a96ddd274cb00
sunny-mountain-stations/0252,sunny-mountain-stations,train,0,0,0,2029299,0,0,,,,0.7456210830789008,,0.8572386756559851,,,0.9067372553356187,0.0,,0.9696008406972091,0.9101106528325538,,0.13519854165015455,,,,0.9149489982134967,0.9925664961953101,,0.7535004013198966,0.945008341995615,,1749f26376edb32da712444c9e60186ff4bd29e1fed12a43bf0f659bf8e5a11b,c37061946bca614f0217b26c4987befc27e64f2bc1d0d90685762ea41c67810e,63a8e24dc1c2776d9e004ce981c44b1e9e825a295c255272ba12397b11c25913
trackside-maintenance/0000,trackside-maintenance,train,2353,408,96376,1989823,98729,2761,0.023734831596679343,0.8522274538210793,0.023832916367024885,,,0.9271844071446689,,,,,,,,,,,0.023734831596679343,,,,,0.9020558144003075,0.0603249216559459,,e41473adaa20b0dfe8eecc7e6000f550ae13c68770e4946667d4c938e7a89230,608d5152e26531f443e848f1ab03966ce4ec96ab2768c3ee09bd3bac6d538107,b8a41ccdea6ce26dc692d7c7bffb9fca8e1d8a2934c3210bbf182050b1909289
trackside-maintenance/0021,trackside-maintenance,train,1230712,39388,80935,737632,1311647,1270100,0.910940131084687,0.9689882686402645,0.9382951358101684,,,,,,,,,,,,,,0.910940131084687,,0.9704027294508081,,,0.9254977474204331,0.8113718709370854,,f193c1a096a827f7ac610c2dfa2ef5244731e66842755d4d9a52dae046fadeb1,3cc3a810432c2d42f2e1b1d81348e5530c70ad2520bc91739596cf667ef7070b,42a4217645d8719791ed4787686e5aa645ed448aff9d6b60b3f6c8132d1bbe3e
trackside-maintenance/0052,trackside-maintenance,train,1169858,35665,7644,875501,1177502,1205523,0.9643008753123025,0.9704153301098362,0.9935082912810339,,,,,,,,,,,,,,0.9643008753123025,,0.9803645151545665,,,0.9357766475371937,0.9526052337404189,,efc1a697946924df5b504e34114d2f5a5bdaff8ab191a9dd2c8d978a19525204,d7c67dfa30ada59632dc54a7ee5807a8e61a421646642ee6822c51b526280b84,0279c37ea72e22d40c7a7680e2dc48584be7287898b4cdc480286365ab83ca1b
trackside-maintenance/0055,trackside-maintenance,train,1165329,49480,15596,858555,1180925,1214809,0.9471100978945957,0.9592693172342319,0.9867934034760887,0.9383724954812906,,,,,,,,,,,,,0.9471100978945957,,0.962336329424937,,,0.9435137328606211,0.9051212637833252,,28f3b3d7bec0bf474a3fc09012c7f4ef1b0b5a4e37e51acf00fbc5bea657569b,7b23c5e8ffdcb864899f2b44e3f35d742c5fa4f4a7b41a710d74ec6204039136,83fc35b24695014c02796060b4b9787a48cc63e8b612427f6ada8267e360d764
trackside-maintenance/0056,trackside-maintenance,train,1057639,60440,18919,950220,1076558,1118079,0.9302030434530227,0.945942996872314,0.9824263996923529,0.9679542662497208,,,,,,,,,,,,,0.9302030434530227,,0.9630882182911319,,,0.9219871057878422,0.8845752506072736,,ecf8e84d483b920ff62e729b88a34b2e02bc43b25ba2201f33a1d1233e98db4f,71ac374b6a05e5b030909b340d8dfeaf290ad55a7d2193361ea9ad5698cb1afc,8f0784f0efaba36112824e142f3cb11857b12766569006f4d7cec3fc2ebfce2d
trackside-maintenance/0057,trackside-maintenance,train,806311,2396,2969,1276879,809280,808707,0.993390219742853,0.9970372458752057,0.9963313068406485,0.9622024826329575,,,0.027221853362420563,,,,,,,,,,0.993390219742853,,0.9651176467293593,,,0.9670543227599688,0.982334560741302,,76a244cf235702a8709bcd5845224a9a5785c3cd791a1fc89b4d54cf065746b8,c6a6ea3d247a64e8a78e7264e9e5bf9070735b251f3b1498e53ceeb2d9a5eece,e4c1a5ea5123b3c8bb0fe1a899c1d7a184ad103f8d90f349d20a465293ada487
trackside-maintenance/0058,trackside-maintenance,train,1285484,11989,42625,748862,1328109,1297473,0.9592462640791942,0.9907597306456474,0.9679054957085601,,,,,,,,,,,,,,0.9592462640791942,,0.9089438565747793,,,0.8595482153728533,0.9643001740961172,,527bd4c6f5b48a8fa052db415d684acdb3dcbf8021025486fa219182ad9059ba,135090e121d0df3d05d16ca027cf3a9280fcb288b8d5e5c4b535ae20858a57bb,c266b7ad7e83aebc31de3ff6360bad64beb629bf29610b444a49368745c4a866
trackside-maintenance/0059,trackside-maintenance,train,1231375,16351,22832,818373,1254207,1247726,0.9691607939188923,0.9868953600389829,0.9817956684981027,,,,,,,,,,,,,,0.9691607939188923,,0.9556024196681281,,,0.8911837552527342,0.9693001997299664,,8f38d8ecfaf13ea9265b15f72d8c2a5f6320df894c563c0277971f5a71223076,51caf95e4def10813bd0f02b5d94ab8f9ddcf77d3b4125ae347e9e88f0e70034,46dd4172f82d0e9f4ef2caa611b2281cac49d0a6ec6d089c5952e522a6b37663
trackside-maintenance/0060,trackside-maintenance,train,1388328,19075,23847,657710,1412175,1407403,0.9700108296943232,0.9864466680829869,0.9831132827022147,,,,,,,,,,,,,,0.9700108296943232,,0.8081897996112861,,,0.9433854617311566,0.9273423825093299,,af2519b33d6b5f52478d8c41669353834cbc46bda125e944b6f0f559e55e7d51,a1ed253eef60a1b41a1f265e34bb48ebce8b527eb2c22c4dfdfd0244558ab6a4,1f27d976e714c06ef2b0995e767460e21b2cd70da1fdbabdf41253716732b353
trackside-maintenance/0061,trackside-maintenance,train,1653917,16195,14838,404010,1668755,1670112,0.9815822427965222,0.990303045544251,0.9911083412484157,,,,,,,,,,,,,,0.9815822427965222,,,,,0.9532979285041018,0.39147249347384705,,8bdf064f89bd89d79af62f1c4461b3024cfa2110a8194ff5044d74f7f592fc74,a2d3dc8b57ca001020539c453fd25cc135c52f4e3a1b7e3782882c0642be1d36,3ca7ada0cb7d2b0a916b48d5b78211a6b3ba9184faf7f66421d0522c7aaa3eb9
trackside-maintenance/0062,trackside-maintenance,train,1894321,2663,8740,182459,1903061,1896984,0.9940164472924726,0.9985961926932436,0.9954073989220524,,,,,,,,,,,,,,0.9940164472924726,,,,,0.9411798083172566,,,6f1c22c5a26f9c6f9349d1b7472ea93537d6383a9cda356167f51397f8e8f989,8b6b3404dcee61dcef88a2efe10d1c664ce76c5c90f08c90a160e1881b9c7ba9,f74fffad9bea58d3037178f5e49c6080a75638f64da8ae280dca2de0a2b96e19
trackside-maintenance/0063,trackside-maintenance,train,1325976,12958,10566,739460,1336542,1338934,0.9825683586513524,0.9903221518013584,0.9920945245267264,,,,,,,,,,,,,,0.9825683586513524,,,,,0.960489088985657,0.9756148814092022,,f25b27c24e3ff91436c5e3877a5df281c4dd826a5c70266f8b58faae4174a2e4,f404f535862173c8b8688fb06460f4e3b4307973ba3453d76a2a74ed1ce29373,86a466c82f8b601e292822d7b288cb6d17d98d10dd75a4c06bb3dc242ed1465a
trackside-maintenance/0064,trackside-maintenance,train,247376,11353,134172,1696059,381548,258729,0.6296140758104459,0.9561201102311685,0.6483483074213467,,,0.8557590137586737,,,,,,,,,,,0.6296140758104459,,,,,0.9150345518994594,0.10294793513229597,,40ea4a91bdc724c6898236dad7394cdb56c3f9eff92be4c2d3cdc31bac221ba5,8cf27ff8c967f94b6ce773a71a3e75cdd9d3bead6550b3d272103014e8ccae9c,ef603035fc8652965e535d5ff149d102b17116f52b50e3b3af4c8a3e920d2b08
trackside-maintenance/0065,trackside-maintenance,train,1325110,20138,16630,727082,1341740,1345248,0.9730019869621215,0.985030269511644,0.9876056463994515,,,,,,,,,,,,,,0.9730019869621215,,0.0,,,0.9402168168768658,0.9611054049808475,,f03f57e248aa7907bdc8f6d9dc2d77aa18d6bd0c9408c1035bef8a148a559b79,c6eb3a0619930aa14ed66cc41633d3632df51fbd1eeb2b2d5c2a7d4933429313,ae5d27d6a3d31ca11ff29f509b6483a04fc08fd567c228c4eb3d152d4551cdb8
trackside-maintenance/0066,trackside-maintenance,train,1288716,14532,9296,776416,1298012,1303248,0.9818459419265183,0.9888493978122352,0.9928382788448797,,,,,,,,,,,,,,0.9818459419265183,,0.9599495515695067,,,0.9601571377806241,0.9704772588211299,,6223c858287f0677fdc6d3b7cc8038c3ecc2f0d657d409ea0818439bb88d0fa5,d3884b710501411f6f6b15febc4e69affad923b6dee90f38d67b046fdfa35666,ca90437e1fd48935be9c25431309895ba98ef55c34c2f40e45b9bf65ec2f9b85
trackside-maintenance/0067,trackside-maintenance,train,844380,16793,13393,1214394,857773,861173,0.9654845946446581,0.9804998531073316,0.9843863119962973,,,0.8154226221986942,0.0,,0.953293931094133,,,,,,,,0.9654845946446581,,0.9837418258586067,,,0.935017975194753,0.962665404946403,,0500732a4422c6db9e57d541c1a7f0c06c3e10fd30ca7e04d1cb512dcd29b739,31e1a531c8bacd76bd03d1630b16b65d83c1b22e86c7d094e48509567df280d7,4791b340356674627e364c20594fa37d2d9a1a9779d4a0e1bba696ef8b5a5558
trackside-maintenance/0068,trackside-maintenance,train,1023027,13930,31074,1020929,1054101,1036957,0.9578626463089555,0.986566463218822,0.9705208514174638,,,0.8275102297765188,0.0,,,,,,,,,,0.9578626463089555,,0.9738056882944592,,,0.9475641600506423,0.9372540537748609,,2002370858caebe870952bed7a32a15d4c1e010a5b718f1e3c6e2a619ef1550f,f630baf409c8fa26b7d8c7049cc4ec4ab2d5780809fe481c6ff0414a1752009b,9cb0744b7aac6611fe7c582ebe0bce0ac63041fdeae6dba3d0a3dd2799f04c2b
trackside-maintenance/0069,trackside-maintenance,train,1794776,59606,12060,222518,1806836,1854382,0.9616028786321782,0.9678566767796495,0.9933253488418429,,,,,,,,,,0.5494120025208385,,,,0.9616028786321782,,,,,0.9532585605637683,0.621306613448639,,f29f28360c7637a0569445615e72587d568ec754c219c552470709afefec21c0,9004352091a51ef231b51d3a96e9c590f364538a5c6d5c05d1c1cbd61935bd8f,a67cd29420d24282a00284e7a56a36c130e77c0c07c8bcf22b69d227a791b797
trackside-maintenance/0070,trackside-maintenance,train,1869627,37080,5620,176633,1875247,1906707,0.9776711828050328,0.9805528589342778,0.9970030614633699,,,,,,,,,,,,,,0.9776711828050328,,,,,0.9596509056130074,0.0011043778671348474,,8da8ac7ad697e79d43107c8ebe4903d9b515079f50e3b43f871cbcaca0df5d1e,fc37c78a2230c5c8c971926e1a494ea03d9ff1f1d5ef03a91ddce40348295058,2b964001f5b90a89697229fa65ce493d1dedf33db4d0299e1a5cb7509b03e717
trackside-maintenance/0071,trackside-maintenance,train,1675064,5893,7732,400271,1682796,1680957,0.991931610853153,0.9964942589251242,0.9954052659977799,,,,,,,,,,,,,,0.991931610853153,,,,,0.9672423500641573,0.0,,3722b3d81a9495d0186d3ce92ec994c7f10c979ce8ebf1d78a787043f819a9f5,b67b6c1fd6b1b376e5af96480d72e2c49eda9b71209418decad92c770b5024a5,f55b7c7c766ace9fc82cc6d7b8fbc4f88eaf5b49846fc029a8ec6a4ef6fcfb2b
trackside-maintenance/0072,trackside-maintenance,train,1607704,25184,9027,447045,1616731,1632888,0.9791639640298067,0.9845770193669131,0.994416510848125,,,,,,,,,,,,,,0.9791639640298067,,,,,0.9289130940705155,,,190287f82f43182bf0e583f603971ce568382ea6cb8bd6655a8483c3dd9de73a,ed7b67bd4cb17da870d4d1c71e483046760415f5abff5f935a882ce1e78f4a58,1deb472d29a6e4f9b1b97b1a710ce706464f3ec3273fb2da7061510b2ecdbc09
trackside-maintenance/0073,trackside-maintenance,train,1554593,8319,9709,516339,1564302,1562912,0.9885363352009162,0.9946772435044328,0.9937933979500122,,,,,,,,,,0.9093359763669601,,,,0.9885363352009162,,0.4545679164865032,,,0.9312654148738906,0.7549792150119368,,5652f16f45d364803ae0cb7862cfd6866fbbefdeeefdf76929de1dbf58fe7814,776ab1d9d39e30450e3cb98591c31188fa38dda21975a58e3b3269ad48adbff8,6670daa664a1eeca1dbee59f58fdbaf793728c3e49b33266eee38da6a34d54dd
trackside-maintenance/0074,trackside-maintenance,train,1327660,32750,18631,709919,1346291,1360410,0.9627414993462848,0.9759263751369073,0.9861612385435244,,,,,,,,,,0.9244909042618558,,,,0.9627414993462848,,0.5211020127727155,,,0.9262816869387291,0.6236915252232539,,093b845a2d8a639e83ffa1ecf5fde92d921664c2417e66a25b10d3dca8f6d55f,f7283dc707378e69d703aef147373bdcd064cb957f41e1765d75f9806d2293a0,d4d2789459d14a1779145f733e985d490373921275e4445cc43b09a5a0fea0a7
trackside-maintenance/0075,trackside-maintenance,train,1482777,18728,25101,562354,1507878,1501505,0.9712899071535157,0.9875271810616681,0.983353427797209,,,,,,,,,,0.9106217764933593,,,,0.9712899071535157,,0.0,,,0.9364104220064986,0.8799718660170027,,03904f8a2512daea1c39d2cbdedf3303eb95dcf456e4adbc73e729eb2d9aca10,718e6fd45e2e42240aee648e4e87a0092a7553e48a752f65433e382eadbfffee,3a40f1eb1e4d6f527d849076dcd25c70fbb1436bfd816e1697cb57a90bf4e198
trackside-maintenance/0076,trackside-maintenance,train,1619525,31516,725,437194,1620250,1651041,0.980480891361125,0.980911437087268,0.9995525381885512,,,,,,,,,,0.8586896085355774,,,,0.980480891361125,,,,,0.9368576918331012,,,2c8539da08f1b6584a3d127fd3a5f5050bdc5350404f6d4739a5e44dc6d6e78b,b0a5d9f1ca8e3700479bb3fd590e0e31fd80eb007671997450e69cea9e96069c,bde15c12817490ac5fc06615256ac84dd5c7b3e7dc76fadac964766067aa94a1
trackside-maintenance/0077,trackside-maintenance,train,1264018,29161,12509,783272,1276527,1293179,0.9680857907861602,0.9774501441795761,0.9902007556440248,,,,,,,,,,,,,,0.9680857907861602,,0.9491125950790986,,,0.9283375280777245,0.9563909834255901,,845a1cf210437b2039d48232df6099976b3cbf2a66266f2948cd84e0e8dd1a89,db1147ad0f9aa22d2101b8b087ce2dcca15710e76e651244fdb30f75aeb1348f,203713ed71f61ef23c8f18067fff8d311edcba4a89a595b6919d82ed77b82911
trackside-maintenance/0078,trackside-maintenance,train,1288906,16999,7826,775229,1296732,1305905,0.9811034374617026,0.9869829734934777,0.9939648285073555,,,,,,,,,,,,,,0.9811034374617026,,0.9069755226389327,,,0.9408462752775794,0.9762933786566668,,9072ecd1d6bd9a6ade7bbf9d4ebfe4912556baadda2bae4e1a66249b89915dc1,5ee5a7b2559e29f59042063b25e69d22cc7635dcfb1ccedb12ca183a2172add3,80c592e8a7418eceb44676b6937491599045ee8a67c4ac27437d3f32263323fe
trackside-maintenance/0079,trackside-maintenance,train,1293447,14372,23203,757938,1316650,1307819,0.9717698129707849,0.9890107117269286,0.9823772452815859,,,,,,,,,,,,,,0.9717698129707849,,0.9608915427591711,,,0.9618377481015665,0.9386662812627349,,7245d072113222a13b028579251a425ef833a8850f977f01ffb13f42c5569754,196f7161bb9ef2af0e3ea14b4f939200a99ce0ea7a60d5039b4f22522718c58a,a9c44fee796fee0d31152393b857d7ddc292b6404502ffaeaf9b020cc9e9f16b
trackside-maintenance/0080,trackside-maintenance,train,1182366,41793,15309,849492,1197675,1224159,0.9539302345845153,0.9658598270322728,0.9872177343603231,,,,,,,,,,,,,,0.9539302345845153,,0.9345492869894393,,,0.8971867955165292,0.9344461288920457,,045d4791802edd4766cb20165f7f89e48500708e9eacc4fb3176b9cd89733d49,72915e72ba77b4a35ec44c0cd9aadfe5a489e09dcf8bf4df59f3ca3ef7ac9e26,35a566f1b276fe4ba1a1efe926b7cb59d2e9420a45b8a157ad26333213079657
trackside-maintenance/0081,trackside-maintenance,train,1363881,15134,23004,686941,1386885,1379015,0.9727978008857227,0.9890255000852057,0.9834131885484377,,,,,,,,,,,,,,0.9727978008857227,,0.9155202480139508,,,0.9471614474571085,0.9416299844082455,,eaf74d01f4f349885d90aff52c367596e2cba944e49a7b0feffd851b79a71ea1,e7d19f949be6c72d26980869fabb339acd375a65015bcc000bb7ea609efc0558,8d0d173251c1fc96dab6ec231c16539c908aa59d43f3e996abc7a70c752f4af9
trackside-maintenance/0082,trackside-maintenance,train,485733,7679,156962,1438586,642695,493412,0.7468518114192757,0.9844369411364133,0.7557752899898086,,,0.8122621469395663,,,,,,,,,,,0.7468518114192757,,,,,0.9431799214394605,0.3474521479758988,,65b79e130b09b882fa33f7676d2436a802b097d73fc606fa0428a40aa7592ed5,a63aebc4038689fc219bba17b9c67904c70eae12e7833a0e436e0aa12bdbfcaa,19a07c8cbe56cf770ede368e6dd3c505f186b9857c811b975bcb84f0f1974237
trackside-maintenance/0083,trackside-maintenance,train,1575692,9580,21782,481906,1597474,1585272,0.9804847876922618,0.9939568730161134,0.9863647233069208,,,,,,,,,,,,,,0.9804847876922618,,,,,0.9283735555468676,0.9631832652377331,,f93539c0825969b6f96f386dbaa98f06caadbcb1d80a39102a077ace90560d5e,eacd1a0cdf15d5e49563452c6d7003c31113591a4df0d81eaf61105edab0d64b,3ceea05f639fcfa72cd326ff0a08552d8252c955d6b04a4ac5b9c732dcb02cb4
trackside-maintenance/0084,trackside-maintenance,train,1379274,14091,20475,675120,1399749,1393365,0.9755516890171448,0.9898870719445372,0.9853723774762475,,,,,,,,,,,,,,0.9755516890171448,,,,,0.9682251035252881,0.9416284104139644,,78b655ec93b0e9575d9bf363a03233ad6e48a40c1e428e86125f919cccf38ced,ac028f7bcbe7ad92f61055bc538a75e3ad911ea17ef8513a38a275c9758c465e,4037dfabede0161ee6dba8f6149694bb71ee652bce4900c4c2152c1858c9dd86
trackside-maintenance/0085,trackside-maintenance,train,1317996,21712,8206,741046,1326202,1339708,0.9778042219310727,0.9837934833560746,0.9938124056516278,,,,0.0,,,,,,,,,,0.9778042219310727,,0.6977475117862756,,,0.9558832620148223,0.962297908806839,,1fe7cf2ae2eef9be85f098226cc6e927e226f7e34a356079eaf30f81a5517c08,a964b223ce70c0ddfcfc63a7116d136b72dbabc8a5bfb3c71b4a8784a89ebc9f,4facaca6712c649cb26ec54d421e1b5455ac75f52bca17c1a13e10a4ab5d477c
trackside-maintenance/0086,trackside-maintenance,train,845993,23016,8374,1211577,854367,869009,0.964223149981251,0.9735146586514064,0.9901985914718148,,,0.7093336599706026,0.0,,0.9156978513603993,,,,,,,,0.964223149981251,,0.9757627949270703,,,0.9376230091535989,0.9594314516436507,,9db552632140a4fe745fdf61a0d0fa31fc4952af06addd32095a7c1372bb9d8a,48e0f42fd5470fdf74ebb3d8b15d9098a05ee9adf3541431ac1b7a9fa0e062d9,2bf42761e3ca056f157056927439def157690105490732ba750b7b5eb3f01a02
trackside-maintenance/0087,trackside-maintenance,train,1012047,21928,12258,1041849,1024305,1033975,0.9673246781548661,0.9787925239971953,0.9880328613059587,,,0.6716840536512668,0.0,,0.8082664770996243,,,,,,,,0.9673246781548661,,0.9780602981739465,,,0.928880937671609,0.9621778287590852,,95207ac84f3acc3ff5c55764aa554bffc9f0a32f4cab08eaf951e2fe43877d51,587b26c9e34a988459b083e4db74f236062e3ecce661eb481c45f1084fd9f4af,078f0dcb4e279f502ef82a07796d66d556bfc1052b0037ea7b7870e9ea8386d8
trackside-maintenance/0088,trackside-maintenance,train,1045306,16901,11095,1015658,1056401,1062207,0.9739160087282052,0.9840887887200894,0.9894973594307465,,,,,,,,,,,,,,0.9739160087282052,,0.96989503593341,,,0.9312526462227061,0.9676059472677138,,d725e1c7a0e34cdd9a85ca766c2f77aae4456153fa89c7ec4ed4903841bcc25a,d8588ac0e324f990fbff92d6ef4ea35638073f169b1c3a29eb0f763ca8158eea,b8b8bc112b0988f4532f8260a8977e1b71123557a6fc5b2b2df73e1f2df88b0e
trackside-maintenance/0089,trackside-maintenance,train,1334497,10775,19446,724242,1353943,1345272,0.9778554983520404,0.9919904673553006,0.9856375046807732,,,,,,,,,,,,,,0.9778554983520404,,0.8014842300556586,,,0.9515818415432951,0.9660032021652737,,0055dcf9f3b23337c4d0b8675c5c94dc530eabdf296e211580d8631bfde63237,3fa143f99bf6e20e136865aa3ed2add68b848b13c63f491d183a418d2b345cb3,af21c40351d36af1883900450b920a47711971af849cd71b9ba34de67ea2945d
trackside-maintenance/0090,trackside-maintenance,train,822871,16836,6070,1243169,828941,839707,0.9729172110378977,0.9799501492782602,0.9926774040613264,,,0.7420249653259362,0.0,,0.8901688496133817,,,,,,,,0.9729172110378977,,0.9807967047803269,,,0.9492431035115593,0.9698867269860767,,0a5483a0127931090560f2cb06532b9de62ff8978b5d2d75fc73f10c9e628fb9,bdacebbf7725f3ad965f05b99232ec789fc6dd5801ffb98aa2a88920ad1db2bc,3073aefc455f98df2f40daca1e76346c1ebccd1705beec057784b792c674a122
trackside-maintenance/0091,trackside-maintenance,train,1002347,12759,11811,1061839,1014158,1015106,0.9760740157188945,0.9874308692885275,0.9883538856864512,,,0.8894795747062115,0.0,,,,,,,,,,0.9760740157188945,,0.968979534293569,,,0.9546934676745056,0.9671386931243602,,140a0439c3c000cca0ab1e8fd90ed6598c8fdb0c15a7ebf645bf70366d6dd90b,fd9fcc64d607952b1ca4b32b253c900c3b6c42ae47ad9a118acf78aa6132ac62,8ed7c3ed3febd00f194e425023d07f0b8ece8caae3c449b9ec97c43dce8a0350
trackside-maintenance/0092,trackside-maintenance,train,1292420,4445,20182,771913,1312602,1296865,0.9813013506731346,0.9965725036915948,0.9846244329964452,,,,,,,,,,,,,,0.9813013506731346,,,,,0.948967543522434,0.9766864118249509,,b46f2ac36452a0a15ac8e7c69746492ff0b596b959f253d1612c3db9998b2895,ca30dbb08d9fb0e4fe8996fe88911e453cc3bca799282014ced559432b824f51,8a1fef98a2466bd98dec19310be63d407eb4d189e1c4cf49a1218581c67833bb
trackside-maintenance/0093,trackside-maintenance,train,888390,29030,5432,1165677,893822,917420,0.9626570674387659,0.9683569139543502,0.9939227273439231,,,0.61907190209077,0.0,,0.6524117909781152,,,,,,,,0.9626570674387659,,0.9798679848378625,,,0.926180006199984,0.9584656966846271,,6259e3456d036d7371c800562ffea682d470ccccfc442c166f67ae5f354b645f,84941b6b7aa17a3e2407d6f073b2b43d7c36ff43014f7ec679d58cf5431ed076,5ac79c85b1ed21d0cd99dfe45f559768155b3047190d8258f2f08db7af0294a2
trackside-maintenance/0094,trackside-maintenance,train,1025348,13567,12164,1036744,1037512,1038915,0.9755194424015702,0.9869411838312085,0.9882757982558275,,,,,,,,,,,,,,0.9755194424015702,,0.9704526326376134,,,0.9479086291833776,0.9704289374191623,,e0ed8f532604e6e6555ff2fed40abf4191312f80d30033f9f5891f116ab17ef9,7e4ff407e211370343392cbcdbff2b1388d8e1979cda20ce09bf6f00dd9def79,d19f1f296ed860ad2be3813f76fab2ef9f1fa251939eddb9dc643f82cb05688b
trackside-maintenance/0095,trackside-maintenance,train,806098,12285,20181,1250396,826279,818383,0.961283813757805,0.9849886911140627,0.9755760463475412,,,0.7383528054233377,0.0,,0.9480162395549159,,,,,,,,0.961283813757805,,0.9836527929302756,,,0.9512386786662766,0.9492682604893663,,2c0673f9062a1f999a14ea9f32f3a730731ead900fcdf51751a187ad746dfc7b,e2149e1bb2a9cbc2acdbaf0b9ef76ebcda214853f1f5097dab8ec69174e4aad8,cf6a8323a5320851bb8303ed863fd59d7f647a678feef019fbea55df9056c88e
trackside-maintenance/0096,trackside-maintenance,train,402241,14272,4930,1667110,407171,416513,0.9544374921400997,0.9657345629068,0.9878920650046294,,,0.8547122602168473,0.0,,0.9652536038441004,,,,,,,,0.9544374921400997,,0.9888696854476322,0.9664482895714853,,0.8921043359939741,0.9613520365192197,,4c21278ae3f78bf40f512492d07dff5fe47bcd04749b1b5bbb976b5f139f1b63,0bdeb500a31ea967c4b9b29ff432f98229b20b9b969b3a7a8efa595fe61979ce,2fd8aa9fc4ed496f6b50130c47e4afe6dba91dacf38e58b5e7281e81e1a868dd
trackside-maintenance/0097,trackside-maintenance,train,1536944,8827,21851,281395,1558795,1545771,0.9804302312674866,0.9942895810569612,0.9859821208048525,,,,0.0,,,,,,,,,,0.9804302312674866,,0.7441308361909786,,,0.9091245307473023,0.0,,069e56fc048051d80ef3d6c175598cb6a1df2596f82c85bd8075f4b88100565a,4dafdc7299c42b3fd729bc5fad69b105505ba91c31b992ed39c8524ab26e9327,231c242f63b7dcc8870fa91321b4455f0336823392756d7d4406aff1b080b447
trackside-maintenance/0098,trackside-maintenance,train,1731058,11586,5848,340468,1736906,1742644,0.9900291222379056,0.9933514820009135,0.9966330935583158,,,,,,,,,,,,,,0.9900291222379056,,,,,0.9512883415013048,,,fc04d89f6819407752a53d790ea973fc002344aa19eadc04b345225545c7ce53,50b458614c96f982cdd8a232cc68c34b8a13e26c9ea30e839f0bb3d3f75ed0bb,a4a15bd7a090989a1bb3666ac463ced7ba8750816904b169fa5a32433e3d0dcb
trackside-maintenance/0099,trackside-maintenance,train,1285570,26870,19316,757204,1304886,1312440,0.9653194729364839,0.9795266831245619,0.9851971743125453,,,0.48014440433212996,0.0,,0.9586124823695346,,,,,,,,0.9653194729364839,,0.9863818207664033,,,0.9080423562480312,0.7116976623296014,,34c0bbfd58571e1b86214468e7824979e09367e8aa452150512daa459ff8c186,0553959daf6ce869735cd945b60890b3ab439a1579cbc8fe572569200304aa26,25940fa5ef953b78597ac7bf94e3c7f4ae5363963fe27d665fd7112304538107
trackside-maintenance/0100,trackside-maintenance,train,1136959,52733,779,309050,1137738,1189692,0.9550497240167967,0.9556750822902063,0.9993153080937791,,,0.7814679532877186,,,,,,,,,,,0.9550497240167967,,,,,0.8020308618056664,0.8716782082174,,295de469c85a2cbd063ed52a760230d5847fd6ca3ec792d4228e881a1fc88163,f5b03baa6b4d5ea3f09082ebe6520174de0c27be86a86a96401a87b00c959c4c,49f099f8a7eec2ae100f699f5eae303b09e3736c3ad063ecf17e30c869bc7821
trackside-maintenance/0101,trackside-maintenance,train,412898,8931,22055,222116,434953,421829,0.930193473970677,0.978827913680662,0.9492933719275416,,,0.454123112659698,,,,,,,,,,,0.930193473970677,,0.8145009416195856,,,0.9206504618790174,0.8515759761643406,,f18cd13f8be6e6da511d8cc5f6ff2f0e8e5ffa3cdc730d55f0752e075e4be9a7,2053724e9bccf33b2605685548994cd45b4e42ce9eed6263ab94fd76ac8b7402,27faf40af43263ae53effb4ad33afca47e2122cb76d69f69575674c10a55ab4c
trackside-maintenance/0102,trackside-maintenance,train,385762,31514,15434,1066547,401196,417276,0.8915023919021978,0.9244768450617816,0.9615300252245785,,,0.8958406023322009,0.0037645448323066393,,,,,,,0.9718133871881675,,,0.8915023919021978,,0.8823073329290961,,0.8077863738457699,0.8934272300469484,0.7134037919805006,0.0,d32849c8bde9dd413c6d0ab82ca84e62323fed3319cfb99825a11f91ac7baef3,16725b66e3177e4058bec98d44bcd85e2a17929f45e24c0a9596f58d4fc0420f,bb13abac7de4584d3e5e9e212e908a23bdef164009087e185d958caf8507ee9c
trackside-maintenance/0103,trackside-maintenance,train,693778,73738,90409,1231035,784187,767516,0.8086697555147595,0.9039264328040066,0.8847098970016081,,,0.8252435887802171,,,,,,,,,,,0.8086697555147595,,,,,0.9632991076885467,0.6082179179230337,,bcd725f20e45aba176964b9c6318633c2f7a70f7664784eb0dfc98abf0940141,832b0e6356d68f26976e3d7922d3b08c241fb1ce86ad33ae4f971af5515c330f,1e33aed716d7d55f9443c9d8f60c5ac632ba9d6715a065b1606a1f6fed6810d5
trackside-maintenance/0104,trackside-maintenance,train,126813,1747,7290,286551,134103,128560,0.9334781008465219,0.9864110143123833,0.9456388000268451,,,,,,,,,,,,,,0.9334781008465219,,0.990107964501724,,,0.9437658446646693,0.92501244813278,,8af545cd5a93e866ceeaf9e8b89657bd1753fb543ecfc98e2121144440cb5e5b,38d8338d1cf13856f69f9d6bf5678bbe6767d870b9c6d44089b654888be7a538,09876afa0094a421dd6c6286b8a43ad07e541cef6a8c86663c65ff125ae96dbd
trackside-maintenance/0105,trackside-maintenance,train,203364,15426,3414,564228,206778,218790,0.9152130474698925,0.9294940353763883,0.983489539506137,,,0.7214392671540562,0.9266595109515983,,,,,0.9915250449226258,,,,,0.9152130474698925,,0.0,,,0.9389507938073168,0.9392904984063929,,d1ad562afeae01ddb70bc66ae877af92f08918967c215ffefec2257c3ad76fa6,c81174649f12ca8f38a2a5768fc715389902ca51ae6140ec8217629ad50b6eb2,8d01f9a0cb14b5a306aa9282b45d92c30d426ea0a5739736b82bd449d277b0c2
vegetation-worksite/0262,vegetation-worksite,train,0,0,0,2073600,0,0,,,,,0.9684104021687919,0.841260755919333,0.7548864236661385,,,0.0,,0.0,0.13441717552798413,,0.7396078431372549,,,0.0,0.9656351814626918,0.992644179503708,,0.5402961808261886,0.8917528409381489,,54396730a7d632e6ac164891ed59aa4b248397c4bff8ad0524ee051361535740,ecc4df5204120b6d832dfe643f5cf2ece2d746710ad731c9c0b70f45d3c1a90e,8a7bee080945ea736e1b25fe8f61bfd7266655be5a02fb85657c7f62c1923b0b
