key,group,split,tp,fp,fn,tn,support,predicted_pixels,iou,precision,recall,iou:person,iou:truck,iou:rail-track,iou:vegetation-overgrowth,iou:car,iou:on-rails,iou:traffic-sign,iou:road,iou:sidewalk,iou:construction,iou:tram-track,iou:pole,iou:traffic-light,iou:mud-pumping,iou:fence,iou:terrain,iou:sky,iou:rail-embedded,iou:rail-raised,iou:trackbed,iou:standing-water,image_sha256,mask_decoded_sha256,prediction_sha256
flooded-road-crossing/0272,flooded-road-crossing,train,0,695,0,2072905,0,695,0.0,0.0,,0.0,0.0,0.0,,0.0,,,0.6310766375551198,,0.4005520984419595,,0.0,,0.0,0.0,0.8708181581812886,0.9759975514912752,,,,0.8144901679770008,1a64c22d40183eaa53211aeb2ab21c5cbf2a328ca7b2d6716a58fff64bb7291d,2ae0b928ea09fecae228600e65afc5ccf5aeab55c6186e155c041878168d2b7b,fdc8452ff96fd7491026ff635907a7650a569b54fbeb5e796080bda7a150ff90
flooded-road-crossing/0273,flooded-road-crossing,train,0,0,0,2073600,0,0,,,,,,,,,,,0.0,,0.1964506748191783,,,,,0.0,0.8107320841571246,,,,,0.9760771980416636,4f42631f3a3bf1174b11d6978aa00479044e989be0e1722cf53a2a7d698ca4da,d71932fbc886eb13c90b1ecf925dd2ed196974dc2b78b22dae98b2b052263ceb,f2db137f8d18da1e8834be2e978c7141e84b4e280b74c268f0bb02fb96cf083c
flooded-road-crossing/0274,flooded-road-crossing,train,0,4871,0,2068729,0,4871,0.0,0.0,,,,,,,,,0.7781422163659258,0.0,0.0,,0.0,,0.0,0.0,0.6599986502949816,,,,,0.89430310833235,5eac815d6dcafeaed42ca25116f35fe30e4598159ae3b155d664bf6b7378427a,92f986c0cf867798fb963a56a3cc9a99da42fa01c35481b1810a31fc272e5aab,c0b945b9f62a8d7c1ce0a4e29ea52dd042776a95e2df4e76da9064eb8b28cec1
flooded-station-platform/0298,flooded-station-platform,train,0,0,0,2073600,0,0,,,,0.8445480935451254,,0.5521232084038102,,,0.861334549963735,,0.0,0.830266062435821,0.8593157146443036,,,,,,0.0,,,0.4647851368600199,0.0,0.3881185777548476,f0194c9f5092ef4a9f5211064d986408ef94a7c44752b254cf2a6cb67600d64a,9c2a8282ac3b685c1b4f7d0eada263e2c6deb4d18423159e43b764c65f2afc9f,3a0d5642664ad1e127dbcc1a39468b0acb36fd4a222da4ea39b9d8bc28852461
flooded-station-platform/0299,flooded-station-platform,train,0,13336,0,2060264,0,13336,0.0,0.0,,,,0.7071823395766375,,,,,,0.900390260682508,0.8465504020887067,,,,0.0,,,,,0.6235355436246564,0.0,0.7407187176835573,2e8151e2e6b02fcc2163c50aa86d9e5e0134c8e81d7ed74c33832a121b91dcaf,ac007d07fbb9218cd6a46518c8161c36b300c81f837d4ca78ee881cc5c1285ad,bd7f627560558dd2ca587208e36e575ef14972fe851eed51bac329656c4bd753
flooded-station-platform/0300,flooded-station-platform,train,0,6412,0,1952108,0,6412,0.0,0.0,,,,0.6617021557471189,,,,,,0.0,0.8800982140330021,,,,0.0,,,,,0.5253843349334629,0.0,0.5846138749877343,aa5009748eb469829d461d7b4e9a1e63aced662acde1baab34479670671c9cfc,71b71d95fce3df9c264c4586d0b956bfa611ac012f0c0847d66c466d4e709978,21f803a35b13bc6c99428d34759b755aadfb8a5da804b7dc74325075980dea67
flooded-station-platform/0301,flooded-station-platform,train,0,1168,0,2072432,0,1168,0.0,0.0,,,,0.7287204652151233,,,,,,0.0,0.9403719972395964,,,,0.0,,0.0,,,0.7663056354218157,,0.7370733547460026,b6bfd2eb1a154fe26098279bca8d8165e5aa045fad56b687663d941cba56bfda,7894d14854f9ccbb4158b0466157085afe2d2c32ff1bb92ff09db44e499d08ca,21dd13285b6f4127618acf3fb89c337c0fb85c502b9657d8985b7abc8aff8470
flooded-station-platform/0302,flooded-station-platform,train,0,614,0,2072986,0,614,0.0,0.0,,,,0.746417997912995,,,,,,0.11043585021485575,0.9379362858581712,,,,0.0,,0.0,,,0.7648253320510487,0.0,0.7125131995776135,0758d8245392d38d69bb520d6aa46dd39d38ccdfa9c8011ae15e78d2a3d0dfae,00ea88ab0410bcf15bd3202f7dbdea2d25333ff4bec6c06d01c990410360a826,93f393b8afc1020a840b8db5d09989f76b4a4b36db669f9f7a037209b11e8155
flooded-station-platform/0303,flooded-station-platform,train,0,210,0,2073390,0,210,0.0,0.0,,0.0,,0.8919603777931352,0.0,,0.45826663617653784,0.0,0.0,0.9327930530007207,0.7912007430959952,0.0,0.20159177057052666,0.0,0.0,0.4037039939398689,0.7187596739242597,0.0417772334490032,,0.8067885622854784,0.8319735845546712,0.832843601348543,e62cac97ea08c225e113869af1e24539312d59ae8b1ea981d8625c7d8c85968b,e39d3cc9f2e733f410aab08b883c5b815fc0b7cec4923951527119e1188c966a,7061f93361106f101353f2814ecef15fd2aab0e8cfb35570672a0d69a34d8803
flooded-station-platform/0304,flooded-station-platform,train,0,6061,0,2067539,0,6061,0.0,0.0,,,,0.3429916568846479,,,0.0,,,0.0,0.9376532658918758,,0.0,,0.0,,0.0,,,0.6019453648372954,0.0,0.5991488214700935,c9797d293e9f42ce5aacd15adf5adeae5aabd49c586206b065f6f9ae8218987a,fdcfa33e5312540d1fe6a49626ab748f10be173352f093e26fb20c90e293784a,741ad41c7924cfe64e78b0139326eabed04186bf2d353f981f0611f3b150a40e
flooded-station-platform/0305,flooded-station-platform,train,0,0,0,2073600,0,0,,,,,,0.8015985949277542,,,,,,0.8925131934830418,0.8730975993434101,,,,,,0.0,,,0.8553599035594656,0.0,0.890562877993802,10d64186056082ebd4e47902c4c0de8902ac70f0ef5c2e64b7a35ce344eeda23,e7d2de4d96aec0a8b3246ae5cbcc210d76914bab2c93070d8a83137bb7c9c701,69c7830c4c2be7401fa8ff80be4a19e05f25bf5a3e10aa6425fbf29eee36f622
flooded-stone-bridge/0270,flooded-stone-bridge,train,0,0,0,589824,0,0,,,,,,0.0,0.887358675588371,,,,,0.0,,,,,,,0.0,0.5450475657526581,,0.27607043383845536,0.46205357142857145,0.8079741462367249,d8aff7595858cbf04c9e2b85dc09bc865c9a2ad58b92c41e823fb4a084f4bada,fd6955216cc66b2eee2cfcf1242e63211c7bcc1bf86fb2ab9d8a15726ce917af,88c7e4e57875adef403b447f359bba0b8f99be840be7292837b837609c181b2b
flooded-stone-bridge/0271,flooded-stone-bridge,train,0,0,0,698368,0,0,,,,,,0.0,,,,,,0.0,0.21147489333069885,,0.31209462037390306,,,0.0,0.13143301837976148,0.21963974433468914,,0.0049531769986843124,,0.6528704616329235,f5180763e414fb42a131798a9a989ba50a68fa194643d48809aba9a9130498ed,2368f3e5da46a76defb9ae32ea5cfde760f7cd9dad6b26b038b2df07dbeee742,09ce19b85dcd00bfd064a19fed5c4f25ceea5e5df9ed31b23217eeeffe5d7e01
flooded-stone-bridge/0310,flooded-stone-bridge,train,0,8858,0,912364,0,8858,0.0,0.0,,0.0,0.0,0.40136413309718505,0.0,0.0,0.0,0.0,0.8230756869677005,0.0,0.8603107863375591,,0.35398726318740736,0.0,0.0,0.6291465100207325,0.8941791499636637,0.8743542544979515,,0.81525037514589,0.7764157282779124,0.7283076858006894,244d2e5e9d27aab38bd91e338efee542e9ef1b32b81f5b1d04e493988fd9fb15,e7400d491f361454e85ea2bdd892beb8058b0cd329a928274504f090705578d3,5030b1d6163fbcddb8570fa7c241c0775d7d72e711c69cba1d6f084ec7e39206
flooded-stone-bridge/0311,flooded-stone-bridge,train,0,0,0,921600,0,0,,,,,,0.12290502793296089,0.0,0.0,,0.0,,0.0,0.9272328538369162,,0.18678604507564062,0.0,,0.36385674931129475,0.6701553417678435,0.840804004738431,,0.38131434142472365,0.2690793894595373,0.7668147889982865,3ec9872d416c77c2223a85177374f753b9fa22546177d378a402366f3a00fac8,1f576c93da65df63c0f97c19e0f4a5a88fa854a978139bb0b399a9b0722ff0ce,28e573bba86825a49588501c1d2699b9f70d3b34923f2fbc3ff38891233f8565
green-roadside-cab-view/0174,green-roadside-cab-view,train,0,0,0,2066880,0,0,,,,,,0.9731994636700294,,,,,0.906605258959722,,0.6825264907542073,,0.48445619007494223,,,0.03564940962761126,0.9365234544907733,0.9785514468241688,,0.8047900262467191,0.888200581798033,,ac8756b81048f48af6d2c3fee710b8b43f34a4e658cde8c09bb9f690902790e5,1d89a374fa0d7ed2a6e6429295a1bbd6e07539abb712f5298181462289d6c8e5,62afb869e9b7efe825e1e418ac278af8f766a8395ad9626317e43f4f9494caf6
green-roadside-cab-view/0200,green-roadside-cab-view,train,0,0,0,2068190,0,0,,,,,,0.26697685463463866,0.0,,,0.0,0.8551447602215825,,,0.673134769959071,0.5637368285787715,,,0.0,0.9602280281238785,0.9856694020373528,0.0,0.66632,0.0,0.0,647d89550b9094d69144e9eb687405a9b548e981193dfb8682ee2e38bdb37aa6,f46c80584a147ea51bb34d9112360631c5f11d0019df6dd603d23b6e150c5218,f44f71dee16589eaea5e91f690a6e540d4f73d6b79a49e1de0a12cf15cbed251
green-roadside-cab-view/0201,green-roadside-cab-view,train,0,29,0,1982564,0,29,0.0,0.0,,,,0.8701103470334239,0.0,,,,0.7525419252607949,,0.0,0.6535534926190838,0.691934396764772,,0.0,,0.978274696318855,0.9860671777425205,0.0,0.7233520973306701,0.7747350875104179,0.0,cec5a4a2267098df2b64c119ce4e99aacc9014722b05125b92bd8da623cddee4,55581854220617568ef435d0ce1a25842c7ab9554e57da4b56132ea6a7b2c5f0,e4d566113d18dd20a024304a59cebf41545b82c776c40004c2fab51c2cc6ed55
green-roadside-cab-view/0202,green-roadside-cab-view,train,0,0,0,2067734,0,0,,,,,,0.8912439399314177,0.03391252246854404,,,0.0,0.8234115679391277,0.09104671280276816,0.7375400498398006,0.8082232301321238,0.5538355006807192,,,0.4908731808731809,0.911546172264583,0.9794137137567142,0.0,0.5633351893095768,0.7787732474964235,,318bdc8615a85a559ef35aac3c3b7f2506709bbb305ce03e4e8ea37ade4d7da2,0f3fd0d5280d3287ce8cec97acdffe99355f4a4f1aa7868d9c5c404b03adc696,22469be6e028b08ab07f688ab7f3995753916715e2bba72437288e4c0a57ad31
green-roadside-cab-view/0203,green-roadside-cab-view,train,0,0,0,2067867,0,0,,,,,0.7295356058279592,0.9609583316750906,0.0,0.0,,0.0,0.7547482862507096,,0.49578941793337217,,0.43248629795715,,,0.7061686655688492,0.9708804399466884,0.9881629138846283,,0.6701982414941838,0.8968379997214097,,18638926136c9e885bad8a5394a86973d90d5ed5638573e5985654dec64db548,e71b82e1e191ebb38f5c61ef1b0d128e6e5a11962065312506493cb014a6a361,af098471cd04b46ba04b5acd9fb4d829210db981f965a93963a6713083fba98d
green-roadside-cab-view/0204,green-roadside-cab-view,train,0,0,0,2067867,0,0,,,,,0.8851117906357968,0.9615795090715048,,,,,0.5587816504674055,0.0,0.3175041413583655,,0.0,,,0.8314119320213248,0.9611831691590449,0.9915947339049699,,0.7033413937129039,0.9202050847233079,,cb34ab4d9a1966c9d974500a92359ca204a93a0c8283bcc59a5f16456005f1dc,f8a201f8055169f4e1fc3ed4547ed752839f649ac12fc2ace4db3701d27241e9,a4d9ad7dc4e8bc21fc7f2182d3917548c67c5735b69c672d211e39f6de887533
green-roadside-cab-view/0205,green-roadside-cab-view,train,0,0,0,2067867,0,0,,,,,0.9377904963272151,0.9609795619674874,,,,0.0,0.5381381084289671,,0.1490163248221013,,0.23874151758173967,,,0.0,0.9549796040621945,0.9831930761628921,,0.6766169154228856,0.8019584355117585,,84c3ad934ba556452a390cf9a7615f786d7bada1f0ce3bec466c1ccd2a89b441,54f8b882502e1aba4a8f31dfe42009d9359e4354cbb6ad2a4af730894c4a64a2,ffcb76a90fa77adbb6dece56f144bed07693dc6c313e94174bf2e4d358cc25ba
green-roadside-cab-view/0206,green-roadside-cab-view,train,0,0,0,2073600,0,0,,,,,0.8440475111070813,0.969156755653106,,0.0,0.0,,0.8001085903482343,,0.49357412851742966,,0.7640993436512438,,,0.47561557189829573,0.9685562884115402,0.9827108577618714,,0.6829419996890064,0.9115625763837177,,326099a1d7068b475af019e6dcf936e26aa1a539954a3f0fa5df1a5ff8428999,6cf8bd75df6f49b6f9d82d83a98a90658290b0098de456864106c497d525afa3,784493a74b8ee682ce731e6eb94e79b0e8e342557542fbe85f94ec24c1246099
green-roadside-cab-view/0207,green-roadside-cab-view,train,0,0,0,2067867,0,0,,,,,0.6249486197201625,0.9736446653566062,,0.0,,0.0,0.6415648069708338,,0.09930935937127888,,0.7455621301775148,,,0.5034511951761017,0.9526414148700454,0.9891244347143211,,0.7249803613511391,0.9340409556313993,,0a69c574d773bd2b02269bec42203fa65c198e4f1f50743335704b45db4b879d,12929b2c41df570afd935b15f8686b36c15ffe4535cbf298828b651dc6b7f72e,57ca6d8911eef554d96f767dfec9f61fc289f71c953dc82570f79738f0311955
green-roadside-cab-view/0208,green-roadside-cab-view,train,0,0,0,2067867,0,0,,,,,0.6984110390968011,0.9600339797448865,,0.0,,,0.0,,0.0,,0.5970009097044928,,,,0.9747750821093554,0.9805261727250131,,0.7173674352515662,0.8836833703324936,,3b8efe8aa3a6e136add1665ab904a06b78b874796e0c18912f3ee9f3ff74d366,dae9e0177528e83bb9056a8fb457e3d484018332b434fe9195634f6a0f23d72c,df72c02355764fad182f50d12524471938682518ed565b196f37c7b7cdc46950
green-roadside-cab-view/0209,green-roadside-cab-view,train,0,0,0,2067867,0,0,,,,,,0.8580080685317102,,,0.9524425863352615,0.0,,,,,0.4085974815458098,0.0,,0.7239807060065753,0.9222470300081643,0.9802526069780694,,0.3256911029342391,0.7466098872341438,0.0,ee956750d1fd8c7676cd76b8db71bf93b9cbcedf8b4aaf4e538041ef501ade04,e9baf13f1df68cf0182ca0ed2887e288cb340e796f1b398ed5a32febcb242750,08e9c10ef43422293adbbf983b412a4385d854a71e0dc84d916cc2f6d6187c69
green-roadside-cab-view/0210,green-roadside-cab-view,train,0,0,0,2073600,0,0,,,,0.0,0.534204333360383,0.9110145739910314,,0.0,,0.0,0.8540175334172606,0.05339793575087693,0.5618219371670834,0.854892031590271,0.6004357581867257,0.0,,0.3431111898853834,0.8595668098575627,0.9903193306758947,0.0,0.6832579185520362,0.7912379893100998,,7fa10db78fee89d3d4e8282d50e5cec55c3943202f620889b50503ae276b1a74,6026feb523e6c808b7f1ebc4a15de86ec7be4191ea33e7e454205851f8780c5b,f30a2e500b52d8a00a7a8cbc996713edccb5042fd487cf16e420bbe5c0590446
green-roadside-cab-view/0211,green-roadside-cab-view,train,0,110,0,2073490,0,110,0.0,0.0,,,0.0,0.6391218549580661,0.0,0.0,,0.0,0.73188696894745,0.1550207227513997,0.2558658698230356,0.6384210865918183,0.5338715134597898,0.0,0.0,0.194180057684384,0.7657026978513247,0.9854932243532064,0.0,0.5502620295378752,0.6380346763376223,,41f0cad9cf8e4e11e5a870a293f740a7bce70a66b0bf5b0e86c9dd1fa6396f5c,c790e550e0f15182c68acd0fa1c3df3839237fe9c736e380c9569a42ede21622,029b912cc59747653675440d2d78437cd85b31be108e9a70feeb0f6395d520cd
green-roadside-cab-view/0212,green-roadside-cab-view,train,0,0,0,2053480,0,0,,,,0.5485036413290851,0.0,0.9080568464281854,0.0,0.0,,0.0,0.8151514607709425,0.6322890257153205,0.7340771544769245,0.5436596005203949,0.550547640779396,0.0,,0.7715916115401293,0.7318376872694421,0.9818028588494235,0.0,0.7795137925292779,0.8467070088594979,,19490f9f31865422ef3257bbecd836b58a75e1200af558b47627240cfc9e49e9,e4afe2ecf4ebd828471240e23f7446384dc2ec9d184d5b7d3aee969d13726f9e,2a4b3e937aa96bfd05f91889a34170adb6f954d623a07e66069de883e49421ba
green-roadside-cab-view/0213,green-roadside-cab-view,train,0,0,0,2073600,0,0,,,,,0.9303933879341042,0.968043915110523,0.0,,,,0.8186862904417196,0.759080547112462,0.6828723997768391,,0.5821999828928235,,,0.0,0.955265169243717,0.9903513236464254,,0.7717530163236338,0.9130932191209865,,5229632691652545fa2f89ea5800c86d39d27545bb45654c44af717c422b95c4,4f60ce021a149db8b77724d1203b796eafcc96c75f291f1e5fb521ca6adfa064,f6c19f16e9c36a6827e2ff20de2eb212fbb49903536fb97d54fec018123fdc9a
green-water-cab-view/0263,green-water-cab-view,train,0,2583,0,2071017,0,2583,0.0,0.0,,,,0.8580893018150457,0.5845840448159132,,,0.0,0.7506494276147486,0.0,0.8519612608907003,,0.6204097924427887,,0.0,0.3444767441860465,0.9326002687309005,0.9959471733477236,,0.7844648380063884,0.8360977564102564,0.0,d38268ad352c084c45d9c129d86eed80ec34068717620fc1685f07a6cefd1468,8529f0f311585470613e21978d79fd7cd6125e1beefccb98f037b4124151b53e,4ffd34fb601f547c8cfea6344e346e82f0a16e87677b99ce9f3ac88c471d5bcc
green-water-cab-view/0264,green-water-cab-view,train,0,2,0,2073598,0,2,0.0,0.0,,,,0.9310168788487924,,,,,,0.0,0.01509781267746294,,0.5906881538547607,,0.0,0.0,0.9260759413663968,0.9816259494970232,,0.6021104467112205,0.9055350105172034,0.040906084656084654,7ac26e3576a11b28c401290cbed89e663ce03d2ae23dcbd062e1ece5d3ba81a1,da975b659994aec1a32dd22d6e772c441d1fe28b507d5d47bfe4db184dbe094b,12ed63304f8c3655216be1a72e1bb8e3112f4fa97e7826191e34b7007705bd6b
green-water-cab-view/0265,green-water-cab-view,train,0,0,0,2073600,0,0,,,,,,0.9554187407213344,0.0,,,,,,0.12637468851868622,,,,,,0.7691300325729908,0.9004689816052293,,0.86986343503937,0.6319759766730013,0.0,021d832dd111da4e3fd13f74b2531f5a87481b14073f6b0ac4a5a1149c442820,ee51403528cd8ec8eeea2c81f9e4b41eaae0496ac53ebbdeaf38f6f511c45009,a1694bb79fcf40e55714dc5f8aad6ca5628dd5fbb677a0485eeed59758a45609
green-water-cab-view/0266,green-water-cab-view,train,0,6276,0,2067324,0,6276,0.0,0.0,,,,0.8227348643006263,0.634508737051376,,,,,,,,,,0.0,,0.9642475181701101,0.9090767213933454,,0.849965041632238,0.7739770184686564,0.0,1b57cba93cf3601d156721ce3f759bba69f41268fe5b975191c86fbff322be98,b57e3716ffe62a58f7111bf46af37413badf80d0ecc178d2c7b52919b30064bf,f834e163371bc373190b98963cbc8d91f9da6c2edc3b722c0890ecf09bcb7022
green-water-cab-view/0267,green-water-cab-view,train,0,2813,0,2070787,0,2813,0.0,0.0,,,,0.8921340587771283,0.0,,,,,,,,,,0.0,,0.9762962199294068,0.8254818523153943,,0.8552411595848711,0.6648223691408387,0.0,9b17276ea65c583df9303ed986d88d187c963d9ed6bf0b5700396e0de25190c4,71df9d1285b9ad09eb96265be443e2d18e28a00ec69a0f759a6d3989f1f4d48a,2890912d65f681b72123c818e784e6c3e52ca489c66bed178e0d4be88840064c
miscellaneous-flood-stills/0275,miscellaneous-flood-stills,train,0,0,0,249696,0,0,,,,,,0.5721866622900597,0.0,0.0,0.9093927047752308,,0.0,0.0,0.7201711491442543,0.0,0.0,,,,0.6653001730891864,0.9433289140653248,,0.5139648146307524,0.6579878753898447,0.18710452543051662,61c2965c3c11954382ff9e9e06c34ffa4996a9a48b46aa7f5490049b85765bca,f4155b4c85702af56db693f3f999b74f08d30680a34733c864fb141f6a3f8c60,9eb672492a29603f380faa67604aa72a53bdea28b9241a100fde43fa65f29be3
miscellaneous-flood-stills/0276,miscellaneous-flood-stills,train,0,0,0,920880,0,0,,,,0.7503719516139465,,0.0,,,,,,,0.0,,,,,,0.6902864513492459,0.977299809018048,,0.43809461105441616,,0.775774067302806,85d7d06fc795f58f6e51ed5e91c5d5d8ab1f41194ab44f3471da41bdadf45973,b9c514a9abc72bf370a67587f1c41ec3e1c7769276c383024395b7a22ca7be38,4c54eeb4f600a1793e0796be0297fead36385ff41e17489a93ddb1a047a970a8
miscellaneous-flood-stills/0313,miscellaneous-flood-stills,train,0,20017,0,2053583,0,20017,0.0,0.0,,,0.0,0.4841063746963433,0.3245047977105662,,0.6069340006676546,,,0.0,,,0.0,,0.0,,0.1067685973868278,,,0.7917523178252297,0.6502106249868004,0.09520558544289394,74272d0a74c881e4e18e9bf6000c065a51519bf7c05acb3c8e912f075c3b5ddf,c3e7c0a88b0198168b7659a591eafc02b94abdbacb436e871eca4779200bf186,ad2e11aa5b39610ce0320727b089ba0b500214fa1ea96957cc3b0a2847fc38ab
miscellaneous-mud-cab-view/0173,miscellaneous-mud-cab-view,train,0,0,46297,2027197,46297,0,0.0,,0.0,,,0.7044751025282444,0.5195805095650682,,,0.0,0.0,0.4262307254411801,0.0,0.0,0.5235672757475083,,0.0,0.0,0.9410267410677774,0.9960502560701522,,0.5871428571428572,0.7422565168525748,0.0,f0ca7b2f878f2a5e167e558097ca517d126cb474aa25f5b0ec0fc4d6b1e57432,b968925b81e441c3dc638759e4923b6ad0ca44e3896210a4c69b136305b9eb89,6151edb67dd474213d47f8b86b7ee3d9781c10433335a22b73201515015a6676
miscellaneous-numbered-cab-views/0013,miscellaneous-numbered-cab-views,train,0,13584,0,2075376,0,13584,0.0,0.0,,,,0.927053274461403,,,,,,,0.0,,,,0.0,,0.9351896850681882,0.4174351698589107,,0.7327771093790867,0.8381443200397755,,cdc7c624979074f91663aae6c612b6f6c370af9ca88a91ba076c2bad37e6c319,5566ae6fabe4c0bdb27e7217400a18101ccd23bbecd3e8cc415f9ed41cca7115,b3d9435f87f19a155c2ad9a0345e641adcac62f688ed81f9a5ad8a6672a72630
miscellaneous-numbered-cab-views/0014,miscellaneous-numbered-cab-views,train,0,0,0,2088928,0,0,,,,,,0.9088149940545979,0.4568710851791471,,,,,0.0,0.910618729259158,,0.4495084897229669,,,,0.8957478838989972,0.9469334268851376,,0.7971539456662354,0.6331753823454302,,00a59e617c6d81492253ece8ef06493164bef224314ee99156bc01663f8ccd38,3ba891a877a2984212cd387b6a1eca2332a40b2a757b57c0248ffa03807c605c,e1233d73e1e9509b203446ae22da354cbad242a8bcc5a784ba7a5be2e723ba46
miscellaneous-numbered-cab-views/0022,miscellaneous-numbered-cab-views,train,0,0,0,1931319,0,0,,,,,,0.9236779560308972,0.0,,,,,,,,0.0,,,,0.5235704501969312,0.8660381901650979,,0.5114149277163603,0.8868343761971651,0.0,34431340589d77bf879a5d44b35f1ba4ee67944d06302e41751f49b52c7cd6bd,601f45356d35a2626927e94aad629de30fc2805b197f3f27a60dd2cd87622d80,85fe6431be6de4616893d5962950c3539e9d05437b491d60b1b789dd355ca69c
miscellaneous-numbered-cab-views/0023,miscellaneous-numbered-cab-views,train,0,63,0,2087810,0,63,0.0,0.0,,,,0.8799618162198057,0.5456473176318505,,,,,0.0,0.9266082484011985,,0.23809523809523808,,0.0,,0.9224062184899756,0.8827534039334342,,0.7714445129650839,0.7011596437675048,,4dbdaa16ac641963e653bf5fa8dce1b9b05b89b3a3d10f8da2e3c9c38deeee7e,03b59830b108e9c2dc87a79168457ed2a8be69f44abafae8f6486184598ecb19,a24bfa8a2300dd52d4bfd131b787bc8828466f75a532f049dc244578d3f50803
miscellaneous-numbered-cab-views/0024,miscellaneous-numbered-cab-views,train,0,176,0,2087563,0,176,0.0,0.0,,,,0.0,0.44020248892638686,,,,,0.27730185760526216,0.017195767195767195,,0.0,,0.0,0.0,0.9553347094575113,0.9917296284649147,,0.6082621785696659,0.4714500260520428,,35db7be7064f509351e3627b33430eabc718080e493e83ad1551491d62e1f113,e3c3c38776bc33b723f23e1afe17f11dd1b9be409c25e6ae796447766a6b56b2,b0a4ae7bcb9ca529c6b6ce140a401ae6b64ecd2d2f7303d5bd05ddcc892bbd9a
miscellaneous-numbered-cab-views/0030,miscellaneous-numbered-cab-views,train,0,0,0,2088960,0,0,,,,,,0.3652356821875896,0.5375522539826009,,,,,0.0,0.8317999654620052,,,,,0.7864493597206054,0.9617733227586373,0.8874066875745396,,0.8062326261887345,0.6208995132684823,,a88a70e7bc9e1730883e2cfef16954b7c5a6ebee797dfe8205837e1e2f9cc290,d0384c853c39b8e3b218a40e21a03110e8eb9368264b796d43fe35330caa8f52,fb6ce7f14fecb8ffb9d8a3d8e07f5b25ce3c9437a6c259be1d864bff8d083fc7
miscellaneous-numbered-cab-views/0031,miscellaneous-numbered-cab-views,train,0,0,0,2088575,0,0,,,,,,0.12688038458422232,0.5457387646793135,,,,,,,,0.5963776493256262,,,,0.9737932911654915,0.9747925508684308,,0.7812480322397833,0.5487087283425957,,582a1052402234b092c9e8f0eb985ba78c3b1068c2ae8c12c805aadd11584b0a,eac752094ab94f349e6d48690930d8ada3181efb518c33f473c5388d2ce23c74,0eab6d74b9389fef8be6c0fd05433c6d81be7789a4241191d077d9002ab41b1b
miscellaneous-numbered-cab-views/0032,miscellaneous-numbered-cab-views,train,0,0,0,2088960,0,0,,,,0.0,0.0,0.4350530260744757,0.28583095140873827,,0.0,0.0,0.7463218136713089,0.0,0.5097372739239411,0.6517946813047725,0.35731749912679006,,,0.36295386736463414,0.903953485519424,0.9267932878480546,0.0,0.2940320232896652,0.7508103309453517,0.0,1bdac9a6b7ef8988de21ddaa678ad8a54e0a98f75bf8ed86e61e0f50a7a6c16b,1fe12468826aec7019e49ab44aa6f832aac76a9576018cf252bcfd26dfa6c329,26734394bb0a222c7ce77eb1ecf6edf6bb7bcdbb73042b43b5c4bae14025db05
miscellaneous-numbered-cab-views/0044,miscellaneous-numbered-cab-views,train,0,0,0,2073482,0,0,,,,,,0.9232528911272457,0.7895774445365209,,,,,0.0,0.917135425884743,,0.42677704824436197,0.0,,0.0,0.8579409358360371,0.9942581744559902,,0.8527300985075309,0.6049605625772119,,bb02fd705ac7b08fb3ae7c618b46f5a9da4ef32b590259233156f5fee831aacb,d3844dea10ab96975316c1574eadb989106b149d9b1fafe094beae7e9c50ec59,fd132e7c01c73c7af049dc5bf4afd4d46609c99a81f197188abab9e89423c0b2
miscellaneous-numbered-cab-views/0045,miscellaneous-numbered-cab-views,train,4360,37,46860,2022342,51220,4397,0.08506155256842968,0.9915851717079828,0.08512299882858258,,,0.6994689564269987,0.0790810691407113,,,,,0.14394313628629452,0.5987426212986514,,0.6819755786404228,,0.08506155256842968,0.8737480903072483,0.896451640612618,0.9851262438949204,,0.7971155458661747,0.897596431286697,,8a2c09c50911afe45e05157fb8602cf7345aa5cf6f005c3b76f7c0d8b50f36c3,a820d863d1b63b281c0ec5f7e11041e0e68f73f39d613cc757bc489e1e03b351,e54ebbee0c097f25d4f456523b08f909ec1579040ddd1d6fbadac03e14c3dfbc
miscellaneous-numbered-cab-views/0046,miscellaneous-numbered-cab-views,train,34299,5339,4366,2029596,38665,39638,0.779451868011999,0.8653060194762602,0.8870813397129187,,,0.9265731731622909,0.016891449522063638,,,,,,0.0,,0.621358039741558,,0.779451868011999,,0.9830986131148434,0.9865838561446946,,0.8793941598597838,0.9377298851834478,,a1bc04fa20bd623f99bbac759e22dbd90554263ca7b217cee49ddc9fedd59da2,550d403c2cd02d480d3ae049a478b103700ae04d047712fa0e5187f9b0fd5068,d1d491a4f24a802202d9dd682593c65779b7ac71d2b1617c283ae8b76ce56c5b
miscellaneous-numbered-cab-views/0047,miscellaneous-numbered-cab-views,train,0,0,0,2073600,0,0,,,,,,0.9058375194872683,0.1366299073235088,,,0.0,,0.9677294165970285,0.28984394985929907,,0.6225855642155201,,,0.854715442053084,0.0,0.9898628638087961,,0.7662035111074132,0.8999029665387127,,b74e6210f53416c45a93c3fb1a022de2cc33ed02723512634c739624b649276d,52518430666be87ad030da35871a2439ebbc09260cee1aaa6bf65be527c77193,d3ada1a5c60fd2d2b2eda5f3a047d8cfe45618431f370bb3e4166a7e172324be
miscellaneous-numbered-cab-views/0048,miscellaneous-numbered-cab-views,train,0,0,0,2023939,0,0,,,,,,0.6551388212372138,0.6466700115617025,,,,0.05536912751677853,0.0,0.5628963199826568,,0.3762342234051687,,,0.5158251359624357,0.9145068125111732,0.9939202557224229,,0.6498383620689655,0.7584406353372154,,f912ea15971bc82b19029b9aad152ec1934e74e2a32d29934c116cdd7409125d,207a7f72a12615e89d5f214f068689216c6d434bd46045ce97046eadaaf814f5,3b0d3c45c58ebe19f1cb1ee6bcdb01995c2131d5a9c7099af673d26696c238c3
miscellaneous-numbered-cab-views/0049,miscellaneous-numbered-cab-views,train,0,0,0,2023841,0,0,,,,,0.0,0.8730352058199056,0.551907068419618,,0.0,,,,0.6870557341422556,,0.8946242009518177,,,0.0,0.9603941697343141,0.9942250912180006,,0.6213716790506227,0.7834736036725325,,18e4e59e4f1f16790b92171327c69eba67d5364edbe5a933d052ee78b21f9557,d8c2a5b6f12b75c02efc4512cc0c2efdba9b29f877cc7842dbd1070c4cc562b6,1b3eeccc1804de3a94401c47e133017b9a43be935ebd305950927ea588483f6a
miscellaneous-numbered-cab-views/0050,miscellaneous-numbered-cab-views,train,0,4213,0,8207410,0,4213,0.0,0.0,,0.5653697861899755,0.14773786106222175,0.9556667509664366,0.061733416225575356,0.0,0.9374988267367173,0.0,0.004123960833818441,0.6733491342418856,0.529430071461729,,0.3113852152252133,0.0,0.0,0.2470760931831201,0.6607635486118585,0.9095619600034198,,0.775036032814244,0.7397968082592878,,33fc6fbed915cff715396fc229a8e0da423ed1d84e76cec2dcc2a28d124be983,a9c086f93a23a8995da1495bf54ec1a377ef02d5932b137a3002f7384f45c4b8,e114f3a222a52539b36f9cd8174d8592a237580ded0697f00a698394715dba5d
miscellaneous-numbered-cab-views/0051,miscellaneous-numbered-cab-views,train,0,0,0,8212452,0,0,,,,0.0,0.5248963364622254,0.9291555582182548,0.42183054381784874,0.0,,0.0,0.25268005157487566,0.40318413004726317,0.7170498056576295,,0.3448152323031082,0.0,,0.7795139234876844,0.695429508750809,0.9258916924425465,,0.7831564955918371,0.781977932358341,,a29169723725172c5b690fadfa30cc7cf76f7eb2328590890c3c828f7d3f20bf,f19c28ac63b6c849df2da22a96db0a6b720006896d82875ceff69a43205d2023,d3c91165c831f6b8c15d399bd6c9b59c836967cd689181f68f81e7707c62b7ab
miscellaneous-numbered-cab-views/0053,miscellaneous-numbered-cab-views,train,0,28834,0,8090950,0,28834,0.0,0.0,,,,0.9351273362379094,0.2619001170503316,,,,,0.2735519080497788,0.1411620163896158,,0.7557880719109674,0.0,0.0,0.8232660302441497,0.8113957009847952,0.837903563328053,,0.8353714869866121,0.8833651115926656,0.0,9e09a858819a1882bccc4f5b7cd52bca20f66b1052a3c5191dc459062ae69e81,70a16c903d27ac00306c86f14141f728ececfc9dc4e320ea99148e50ab77339d,94b6533766b8677b8930247f28126ff4e93f725b7c438faad6291972c1be0145
miscellaneous-numbered-cab-views/0054,miscellaneous-numbered-cab-views,train,0,767,0,8174887,0,767,0.0,0.0,,,,0.9410450420813116,0.673248238266188,,,,,0.0,0.7097357425557014,,0.7758638268947547,0.0,0.0,0.0,0.9686561975827229,0.941876462054826,,0.7502493570631399,0.9515476552493112,,ac828e814ea477c826e95def13cde08680d0a05dbe64cde8303472779d31fce8,ea34de2ac35692d4e015602569d70b94968ad6bdbb3c7aaffedafab451351ee1,b426fd23a3b196e7567ab2e72f66028f6bca4bba7e15b639819802816a8d79e6
new-unmatched-2026/0175,new-unmatched-2026,train,0,3944,0,2069656,0,3944,0.0,0.0,,0.7186379928315412,,0.9107879041540232,,,,0.0,0.0,0.0,0.7510668321460753,,0.5451042076287849,,0.0,0.0,0.8892562962423005,0.9477758260974275,,0.7836034922596695,0.7363459767128788,0.0,c81bc0c590d9bd6563e2e11176cfe441dc0920a5f9cdbbea9d32b36a51347b86,e567f1deccb42140b8e6f7f671b1b6b71cab015fd5065dba841e709332e19b53,f7c3ee5c9d5591d345517deddb6621ffc93bf36cc3506411b4c36b3cad27d597
new-unmatched-2026/0176,new-unmatched-2026,train,0,0,0,2073600,0,0,,,,0.0,,0.9429278018480887,,,0.9068297047420221,0.0,,0.0,0.5660041530703055,,0.36566881394467604,0.0,,,0.9402497106149101,0.9685700975966045,,0.8190744435316668,0.8107048383768268,,fdfba692303712b2119a1d725763d74b54fa20defdb3415916105955f503bd9b,bf61db99763dc894604525d3f039b209cb136d83f1cd35b7655768228102fad0,7883c58c9fac1467abab75c26d670fa242e1fb12c1e1f13f1d2281d4de0bc515
new-unmatched-2026/0177,new-unmatched-2026,train,0,4,0,2073596,0,4,0.0,0.0,,0.543983766589887,0.0,0.9548688720011921,,,,,0.7271250393040561,,0.0,,0.07741659538066724,,0.0,,0.9752147454480786,0.9952695439901742,,0.6918255250403877,0.8232920428670646,,92fdd6e752f0a8493a8a0114320f0d3adb209985cc28a17efef842ce5c887b26,4bd80258418635ffe4fd02e59e7e743a04d3ef8362742a3493154f57d54ca4c1,3969b60797097956b818accb8ba0813a18df9617a426ee3f67d8de03b27db73d
new-unmatched-2026/0178,new-unmatched-2026,train,0,0,0,2073600,0,0,,,,0.0,0.0,0.8791324435318275,0.0,,0.9429974274695614,0.0,,,0.4474083199090306,,0.35913708241700704,,,,0.8846178327601253,0.9711301182893539,,0.721584096282932,0.8787109920306431,,bcfbb199baa79a77d97dfe9e368490306a1c84afc0dabca15e0dae262f2a945e,c0720faac0cf1b752740879c16180ae323eda041ad52f9878faa4a44fe5fdf85,c1ef64dbd56e7c2f453654e8802d54e35dbe8ed55cca3b98b6a535b11cd8d403
new-unmatched-2026/0183,new-unmatched-2026,train,0,6362,0,2067237,0,6362,0.0,0.0,,0.7812446204165949,,0.9130558564564064,,0.0,0.920392723214652,0.0,0.7175020710159894,0.827859580064563,0.734170063710876,,0.7460202346842938,,0.0,0.0,0.7344586091283756,0.9858653134580823,,0.7680976209288034,0.8387869751590831,,60f737c273e283351acc6efb1ba0704e0827f47b77fdd8695a5bd891f5dbab4e,291ed9200b9c9d9d1be97ae0e9b2cfb2da0843377519c6b9e5e806e193e1071c,6364d163d60e34273af8ddedf41dd9e474a0789132a186cee8e98443d092458d
overcast-mountain-stations/0214,overcast-mountain-stations,train,0,0,0,2062997,0,0,,,,,0.0,0.7060295034282152,0.0,,0.507295370548773,0.0,0.6441012470263799,0.0,0.46401724519124476,0.5896557753026236,0.7452831617201696,0.0,,0.08118219229330341,0.6469639048639999,0.958198828469547,0.0,0.5198466212812972,0.6431994855529468,,fcf5289b197c7f0a48d5f375c13e6c090599b238c68ce299010e0babb86cb7e7,d66cff571333e436c6a9212058e636e2420673e9fa861b9fb9c61d3cadc245d5,d5473cda2be6402ae0ba58510c5ef29378bc4b47870a28375e1fe1afd525923c
overcast-mountain-stations/0215,overcast-mountain-stations,train,0,0,0,2072956,0,0,,,,,0.20997472412305038,0.9415122729298109,,0.0,0.8925714778063386,,0.0,0.33139931740614337,0.48749084143540433,,0.624607545693838,,,0.5829144708116286,0.7431231916541017,0.916763514939195,,0.7228859553278761,0.8685697611124517,,a4ea3527469f92f7e01c82dbad4e004af29e5a534ebe1ed94e96185736126eff,854429faa83f8da4db49e7aad63e0ef178c079e045e63a5be44bdb3fcd0af9f4,b1b258784b4377260f48359ad56e69878b99177cb7ecdd67313e97a4be0cdcfc
overcast-mountain-stations/0216,overcast-mountain-stations,train,0,0,0,2068117,0,0,,,,,0.6263031755542241,0.9486895147229081,0.0,,0.7479324367546492,0.0,0.5998059474484712,0.6653889872848873,0.7053142093443007,,0.5989548678167448,,,0.0,0.9588371872118008,0.9662567115141095,,0.7771784232365145,0.913672035016305,,39f23d5418cbc5c465dddc13feda5ebb78e7eb06be8eacb3a5acb0256a95f409,484d599c7a9c73383e03fb6ad49561d2771579ca685ae29f0f30e4be25d04b96,80a936d5efe67d4ea32b53eb7b1b3717d67f4141b3f78f19c0eb7f3509101cec
overcast-mountain-stations/0217,overcast-mountain-stations,train,0,9557,0,2064043,0,9557,0.0,0.0,,0.215633423180593,0.0,0.879735746086457,0.0,0.0,,0.0,0.0,0.7962012480229255,0.24008023058138633,,0.6712198926507467,0.0,0.0,0.56464052389007,0.7175007538308312,0.9391473351107568,,0.7266207914788156,0.8096180336948341,,014ccb7933ce4cc405469bff1fb36825df54553c505c185a5c2b9ca46750aa01,aa3b2a2139a82a89c2ca14efdb1d56c34c50fe2cbd36c733edc6aeb721cead1e,1f1b3acb6ab462e103b5bd1afc9f7b55005a440ff5babea1d90181879985c8dc
overcast-mountain-stations/0218,overcast-mountain-stations,train,0,0,0,2072152,0,0,,,,,0.8581141645350998,0.9816928002627042,0.0,0.0,,,0.8305384399943986,0.6625637257153355,0.6558716125312319,,0.873357533616238,,,0.4742913264520105,0.8896197739902286,0.9567781582400442,,0.8434793217030621,0.928311702099424,,7d192a396ef667bb5f346b4419b19250547fc8d398f9ad1541087e3b71df732f,5a08d87d4ef25c8edc375b184d40fb21715f14fe709bd157766f55da6db5be90,504977a376f3c582caad0ef1e1146bd10c4a6b3a0205502e531e10fa49e4b3b6
overcast-mountain-stations/0219,overcast-mountain-stations,train,0,0,0,2067823,0,0,,,,0.0,,0.9226109560945362,,,,0.0,0.9278352954536851,0.6438205541709426,0.9228460805196945,0.78280268677708,0.313308783294142,0.0,,0.5414863198761838,0.9284955667826827,0.9927858699392133,0.0,0.7047163362952836,0.8682526835096644,,217eb3ce4240bbab2cd912c73d871881db741d3f99a15000d1343139afbeb72c,5dd19a743ac1e5e12f6fb63c62e75e423f24b6825f5013be4daef1327de5b91c,220ca7e9684b05156ddbb0e291a40fb382f6e1f9e98cb68730280ecd5b2be51a
overcast-mountain-stations/0220,overcast-mountain-stations,train,0,0,0,1926688,0,0,,,,0.0,,0.9417104516638299,,0.0,0.9417382625203046,0.0,0.4658462635990726,0.5080827919625321,0.6913438498402555,0.0,0.6419510564042549,0.0,,0.0,0.9364340758621451,0.9775882944613883,0.0,0.8705246838815949,0.9000408630997326,,b998518e2d97c634c8c2c846bf7f07e5ad02688387f15d657cc9646d080b722f,a78aeb5c9b6e22817ec40a0d14a2e3b3369a6697165133d9a00b6e867bffaa90,c7def74fb13ab957c0faebb32f490e54e886d94bce5c2b28946c3e684e32db88
overcast-mountain-stations/0231,overcast-mountain-stations,train,0,0,0,2073600,0,0,,,,,,0.9701685885272223,,,0.982592097227998,0.0,0.358934467513571,,0.0,,0.7950752554004523,,,0.5513537374926427,0.8818988642380233,0.9461656607027377,,0.8422179293061139,0.9593715972035918,,27cd78cb2b58647066724fd485237e2568caa02d648e8186d42928145e8c8070,e2756ab550685eb2f70de905f8a2f1b99510c181fc397402f3f807c8450880f1,b57d11e0f029024facfae0a23e7e7a71769352f56d9c30e7472da1dcc9f62264
overcast-mountain-stations/0232,overcast-mountain-stations,train,0,0,0,2051786,0,0,,,,,,0.9639915445732197,,,,0.0,0.6669431952146007,0.0,0.4420226275686908,0.6830146855084511,0.422871551468407,0.0,,0.5926861023628974,0.9265367962919496,0.9735090354149508,0.0,0.8677069989519041,0.9192853320993188,0.0,77b17d1922889f7c1d3d5c9eb9eb7abb5f53399f38433a493e4e0d9f6d369bd5,3315c387c153f722bf32fbe0bc5bfbdaa858f63464cab9be2c8c073d479522f3,8e9dad1f9150dedb64361d5f809834e086b5c2ce155e188a7169cd9d9fc68377
overcast-mountain-stations/0233,overcast-mountain-stations,train,0,0,0,2071895,0,0,,,,,0.0,0.9124091850727978,0.0,0.0,,0.0,0.7844021594831401,0.0,0.7519894855342912,0.7404845458226481,0.39695427934206856,0.0,,0.49302176222117927,0.9126504226540887,0.9785917642672205,0.0,0.7135912497468098,0.8231593627309797,,ccfe0f6097d8c9ab6aa93e8322b418afe7878378f87ebfaa7638f12f8605381e,3b67554f9922cacbbdfd34af50631afad68cbcf60e66ebde1584c6133fe36a61,84a890cb6c2502632b266266cea9a2ee89aff9e9c9d8e97aafa30cd8b40ab0a6
overcast-mountain-stations/0234,overcast-mountain-stations,train,0,0,0,2073600,0,0,,,,,,0.9703851002254852,,,,0.0,0.3945255219607569,0.0,0.015929518554774407,,0.6284673161299918,0.0,,0.6346104147822716,0.9698300181044934,0.9944581650416334,,0.8326466985859036,0.9209814513705333,,709cbea54e2cf9800bbf3d0c032a4ecbdd34ac081630e119aea5e897a39808a8,9f031a8f85e736e4469eff85abe294ba9b7cd9f12c496873f486d04a6bb80267,52c2b5a475bd7a6e6253618eec325e1926dafb896aebba6bfdc8d43f16f2215b
overcast-mountain-stations/0235,overcast-mountain-stations,train,0,124,0,2071263,0,124,0.0,0.0,,0.0,0.0,0.7818877551020408,,0.0,,0.0,0.8281546061222336,,0.8596609103385179,0.7549289542258715,0.6972274395970289,,0.0,0.47687673498316696,0.8925810089641781,0.9755922159171291,0.0,0.7030391253973441,0.7608896602463733,,468c69f20ee4665d35f34a795d6f47eaaff96dedee7864164a769f063403427d,727abdd8767871d43483380b4a639a89408335f221c2798f071ede7d71cbcad3,471c12e1eddad65929f9e05b463cc112f4a70733b42a1410d893b545368d41b0
overcast-mountain-stations/0236,overcast-mountain-stations,train,0,3,0,2064483,0,3,0.0,0.0,,0.6697886004816698,,0.9414464876089511,,,,0.0,0.6571683697570163,0.2884613639457326,0.91041874350851,0.7639416350189886,0.7103695979608389,,0.0,0.489397038620058,0.8851940726024419,0.9829351902597333,0.0,0.7873330461008187,0.9228249621565223,,7d0f48496493980d7a6b226310064c37f280f0d3d8723af88c69108db233c6e9,357469e787079530c7c4af0fe3afad136d2be00a3110c53be46d1dbb7f58abff,e1541b955783604f0d5c42fa3100751840aa507c5fc8c773543a77a3bdd1ad5a
overcast-mountain-stations/0237,overcast-mountain-stations,train,0,0,0,2058396,0,0,,,,0.0,,0.930405994075623,,,,0.0,0.821311294551307,0.0,0.6591597657038982,0.7560323886639676,0.41637830301046014,0.0,,0.5262786394246362,0.8862977552137233,0.9871851579694584,0.0,0.778754800889428,0.7876491478328058,,d9eebb905aa35607b8a9ee3cdb0cfd1d4a4e368e77135f92e804f42440f333cd,b1eec86e60b77ba128bbba833a23764f54d112d408858a88b1250f02d7da05d0,4737ab2c4c2b68b7b96daa1c17c30ea910007dbbaa8ee241ae3a33de5b7f3df5
overcast-mountain-stations/0238,overcast-mountain-stations,train,0,0,0,2073600,0,0,,,,,,0.7832899812769379,,,0.9327380856964237,,0.08674698795180723,0.2650437636761488,0.6425058986967739,,0.6612184249628529,0.0,,0.33392151870251835,0.8007097235660771,0.9912329921286324,,0.6588684043229498,0.7736686566808471,,38d3daf79fb1b3f1c4c8c5bf74635d5954f16b3c5be5297e9e5ac9b077259d42,0bd106de9c902a9bc8006dd281b20d065ef8b5bfdbd81729dc77edc4d0287715,b5e534c6dc58d107038afcf884a4b9329e7486a37110557651af6f731dc93b57
overcast-mountain-stations/0239,overcast-mountain-stations,train,0,89,0,2037343,0,89,0.0,0.0,,0.6039598343450389,,0.9541375323459781,,,0.950708612747671,0.0,,0.9341342814790243,0.6840319299759601,,0.3866796500221958,,0.0,0.26640669095387143,0.5784137946300109,0.9765647495066447,,0.6885884125920965,0.8109819753867213,,a48c958611d90e4471af958912e453f589b8b5533315c5d59ce81b77a46a7bfc,7b59514cf69597aa4f2cce3764a3d0af51710e328dc3d85c3976e4c563c3ecc1,5decd6199f3349b3257fd70cfe91b8f92c4de6a9921330d350320a7be2223608
overcast-mountain-stations/0240,overcast-mountain-stations,train,0,0,0,2073600,0,0,,,,,,0.9439439997768916,,,0.8931356581477592,0.0,,0.0,0.8527965077756557,,0.8044075299621726,,,0.05196399345335515,0.9501278786022874,0.9449908010841693,,0.6988916097435236,0.8995844641389174,,8b51f499144ba83986ae26ea615d1f3e8da062613143bac5e635ab5684f8c914,99709ace9ed244e7aac8df6f8691255f3bb94e3107826bf9d3f678400c6ead23,6807b97f2403485fda740231f5d0796087631320c8f59aa00c73bf8dff80ca94
overcast-mountain-stations/0241,overcast-mountain-stations,train,0,0,0,2054583,0,0,,,,,,0.9460795723607645,0.0,0.0,,0.0,0.0,0.0,0.0,,0.6611522625121795,0.0,,0.6126672417035793,0.8616008023228929,0.9777986824072515,,0.8768476888103056,0.9143977040132809,,3625a2c4d4e9f8f3e0165e6dd90494d2791acd79e6142389e4a17e9e72601af3,a18c6013db023e74d3f18197e3c928119a026a0643711724bc334d3c6663f66b,7077bdfd9d510f6c6ad6a53616690966c8dfa089424e64ecb93be911c36be6ef
overcast-mountain-stations/0242,overcast-mountain-stations,train,0,0,0,2064724,0,0,,,,,,0.9483649332599061,0.0,,0.8896547755305613,,,,0.15858811831966194,,0.6170970614425646,,,,0.9495623922888862,0.9747399971382741,,0.8253056938657996,0.908825365679629,,ded050ca71f820d730759226ffc1d2274e07ef4601f63b34c13120c7ef05161e,eb2b02a061e3cd39e085fb56063ea4abf4c835ba5583526332833e0723c0d442,6c05707752250de0f5794ce7363a783fc1bd765cc76825920ce32a78212cd066
overcast-mountain-stations/0312,overcast-mountain-stations,train,0,0,0,2073600,0,0,,,,0.0,,0.9177614278975704,,,0.3857740585774059,,0.0,0.43637462422908857,0.6873336308344281,,0.7656164237847037,,,0.0,0.5771378639519873,0.8933444794293409,,0.7912657290895633,0.7953770631415724,,5443a27572d1805ca781a25437ef08d1d27ac70239d96cb52f50717ff14822c3,b7a584f428c50f605f7f6cf81f78b931a71df4e8242a20fa82991bce28e1f9f1,c08d5b47a673b6e49ff304943c91c1372bfe2ffd1c569174225b7bd273a57c24
rain-water-cab-view-with-overlay/0268,rain-water-cab-view-with-overlay,train,0,0,0,2029558,0,0,,,,0.0,0.05602253420370205,0.59110152778143,0.48060224988237304,0.0,0.0,,0.07697222468719496,0.0,0.9389254595105068,,0.0,,,0.0,0.8813479141962645,0.6251587541578469,,0.5368794326241135,0.6245157686375946,0.0,7a53e1b4c0a64e0b30e58ab9db89fcf98ce95254700008d25f5394d06f97a292,23a6618e87555de6cbd8e26e944af51a428323c138f0f4bdd425e1c41c6ebf5c,5e9996ab536246cbcec67ad956f5a0261f645ff276e65f58c9faa6c469906d1d
rain-water-cab-view-with-overlay/0269,rain-water-cab-view-with-overlay,train,0,0,0,2054769,0,0,,,,,0.0,0.9692876518895619,0.5608803229587186,0.0,0.0,,0.47298825810621564,0.0,0.6348314606741573,,0.4571009257168661,,,0.0,0.9495666418715053,0.9937886632174187,,0.8133881069432285,0.8829944363238411,0.0,1100c1ea54949235b635d2def045d12f73d290500eb308c1ce83323f8600862a,abf7569acfa9b70797209bfc372ddce4a802e55f69e55594dc883d24cab15bdf,d24ef419f0932e0da233f5acaea5499a3075bce3272c6b0c419fd61e8a886d45
rain-water-cab-view-with-overlay/0277,rain-water-cab-view-with-overlay,train,0,0,0,2032606,0,0,,,,,,0.5046271290194807,0.8383818154508587,,,,,,,,0.0,0.0,,,0.9835036985799369,0.87758000146904,,0.6696187331131792,0.0,0.0,ca57dfd0f80377755014a88660f5a17884651b8fc20abd7455c72679bd8bb09f,5542b12fe43765140207071f9c0e4692ea5687467fc0d4d502d4e96bd01a76f5,405fa5ebf577b2dd23d3b812f8d408486a3f61b085d35fd23b7f1eba771d15cd
rain-water-cab-view-with-overlay/0278,rain-water-cab-view-with-overlay,train,0,0,0,2039559,0,0,,,,,,0.5722025216706068,0.7901126212242344,,,,,,,,0.0,0.0,,,0.9831419069186706,0.942490300183786,,0.8130915877882949,0.0,0.041549953314659195,ae02105bf482e4b7269f687a6bf9420a5d1fcf5bf84ca910a716df519b4a66f1,f9d9cc36d418487bbef456deb4bd834ff96e352253bedc9a16b3f55061617ea3,8995765fff206216735128276c8c64d1951bd763092d5312243b94051642ec04
rain-water-cab-view-with-overlay/0279,rain-water-cab-view-with-overlay,train,0,0,0,2054320,0,0,,,,,,0.7460730886359993,0.7766242445541646,,,,,,0.8213133145888447,,0.8248926642352615,0.0,,,0.9504074114958319,0.968443101186464,,0.7377049180327869,0.4616272360069244,0.0,41a8c3396c58a82a580a4b2d762d7a5813c5b86e025f72d9bc3ad2ba21db3545,75cfc723508e1a083341fb8e16648a7f892140dd4f2ab1043d614110da2558d1,d458a945dc1219b362f90fd6779041c2ce25804247cf3cf5f8fe4034160b8255
rain-water-cab-view-with-overlay/0280,rain-water-cab-view-with-overlay,train,0,0,0,2054275,0,0,,,,,,0.5375352931406743,0.6953413165748814,,,,,,,,0.0,,,,0.9824398829584636,0.9066018029132611,,0.7447027485167695,0.754318794413134,0.03892493049119555,70a05bd99cfd467ea3e055a00e478d6e1b45acfa4adb761b94f8e266417d1ae9,e106743e4b56f6a000935339646381f74dd47b337309998f9c1f64e772dc2e55,6b61b303a7c1d4befb27b2b5d72d84bc138f47ec36c05ba96d03181d8bfbd408
rain-water-cab-view-with-overlay/0281,rain-water-cab-view-with-overlay,train,0,0,0,2053597,0,0,,,,,,0.7040382145150931,0.7047105634706713,,,,,,,,0.0,,,,0.9846252790322989,0.9147630922693267,,0.7176199868507561,0.7020421553350283,0.04027281584930172,a7da1f692dfad6e78cfde641dada58c6873c4539cb40843c04d9e3238e0235ac,0307bb1c875ecbe072c4937d166fb5c6179a715723a729d6f851102552edbb52,779e68ed932a891758fa1132c1524af615716f36041498a07c883b0a32312dbb
rain-water-cab-view-with-overlay/0282,rain-water-cab-view-with-overlay,train,0,0,0,2053810,0,0,,,,,,0.5901733461737907,0.6808549684244616,,,,,,,,0.0,,,,0.9873431619163411,0.8995929788857797,,0.6409021496534711,0.8314871794871795,0.0,f9741378f2d70f2bd7e5236fc50ad4936840f4c1561be37a810e2aba8983efab,c2f421c7de5534678595c101104109c3b656630b9d60fb9b35495a373e44edea,b5130382154930e7b2faf6eee2c076d5f1cee42b93261cb017112aeddfe96e9d
rain-water-cab-view-with-overlay/0283,rain-water-cab-view-with-overlay,train,0,0,0,2054083,0,0,,,,,,0.3856486390950866,0.7702257903878154,,,,,,,,0.0,,,,0.9877751115100336,0.9693742363799626,,0.6749864770883239,0.0,0.5015333805142722,50f5c438789710cc8a44142a41fc391480200cadb38493f126501909f2df6f3a,04b5fbb59ca9fdefb2c884a036413016e6db4df5eab65336733ce8f35b69af69,8345777976c790082eb3a72dafc0fefdc5adc8c1417c68f8bf4f20a773fd842e
rain-water-cab-view-with-overlay/0284,rain-water-cab-view-with-overlay,train,0,482,0,2052991,0,482,0.0,0.0,,,,0.6872407681485135,0.47930616777145935,,,,,,,,0.0,,0.0,,0.9865897111095426,0.5126221652013132,,0.7851957070707071,0.6415619575778085,0.0,43ee426aa0b2c2ce8f85dc51fb77e1d7b14c6221bf250479b4fc3db9938e1d2f,124b16930742b8657398889555a2a4ca0cd3a302b337fa75ca4b08d758b9ab29,62c43b486dde19a57bfef9b51c7b36172091862c2efbec2906fb8d1d51a740b4
rain-water-cab-view-with-overlay/0285,rain-water-cab-view-with-overlay,train,0,0,0,2054047,0,0,,,,,,0.6356716684176099,0.8182903753237926,,,,,,,,0.0,,,,0.96400605375237,0.6454615793800474,,0.6861971460511607,0.05497076023391813,0.0,2956bdb840f2c86e03cbc88cc38600c415d72eea5fff4f468697cb6ad1fb86fb,7c817992adbdd24001302c811f1bdc3fd0af55e9c6cee7d75ee1ebab90d9ce52,7b7936c1c6567c0ad8a41fbd7e465a0e2bf24b9e1cc092c53164d26a2e44eed9
rain-water-cab-view-with-overlay/0286,rain-water-cab-view-with-overlay,train,0,0,0,2054089,0,0,,,,,,0.0,0.7848999626212351,,,,,,,,,,,,0.9804006910684504,0.8048287177166134,,0.6141719617147913,0.0,0.0,65bb9a26ed2495d66bcecef26da2702eed5d5ef32bc6393785623c77524cec64,c5023a4e5a1ade5fe386facb5dd55efc8f17e3afa73682ad1f23e1e7f6e96499,622baf23e6a65c57dd0569f197bca8094dbf4e43432120f318918d1c2cb91881
rain-water-cab-view-with-overlay/0287,rain-water-cab-view-with-overlay,train,0,0,0,2054230,0,0,,,,,,0.6005039776750385,0.7625926576497453,,,,,,,,0.0,,,,0.9832905742592397,0.9739917181916161,,0.556640625,0.0,0.3897452365660458,e86117d8914772da397288df8ec1e772efd2441073ebe583809d2c492b5a8b2e,49c1380aaf9d4764c6f027260ff4e8b042c503f86f3393d63dba98fb7b567287,6297125592b87ea540a85bd5e6c37afa817af2ea7c3f0f14d9881bfe3ba6b2e3
rain-water-cab-view-with-overlay/0288,rain-water-cab-view-with-overlay,train,0,3388,0,2024106,0,3388,0.0,0.0,,,,0.8649229381648407,0.42926571579503436,,,,,,0.982242111088484,,,,0.0,,0.8469076153405433,,,0.7131197559115179,0.3909314742578914,0.056793062404353,edfc5f576a3fe8034173a9ff71791befd981bc683b089bc729fe555cefbe4b3f,18a05516eb56af5f738ece0bf1f771ff1da45279a794c9ca45f4549211644f6d,0ac9cb1cef4de384edb5bef854be785acd5e39929b90f012420b4bf19a3fe305
sunny-mainline-cab-view/0124,sunny-mainline-cab-view,train,14585,1340,64786,1992889,79371,15925,0.18070647123688222,0.9158555729984301,0.18375729170603872,0.0,,0.7086994283867579,0.31635789648583534,,,0.0,,0.9308266610004153,0.890325763315069,,0.6670458298169009,,0.18070647123688222,0.0,0.89733906425257,0.9726913033156603,,0.4150888375096336,0.6874849449304776,,7401f5fc76b6fc6c255d1dd4039a55eb15e32ab20cd3552dcac7878a8a74eb88,9544d3a4d4f26ddcf2a101283fbc57247e7d6b9a4c2a4d1dcc6ecbc47866431b,92cab4c1db59a69bc4a6aca1e5a73db8816720d0c5b8d107c7ccc7ab2fc22cf4
sunny-mainline-cab-view/0125,sunny-mainline-cab-view,train,266,168,35265,2005885,35531,434,0.007451189108938626,0.6129032258064516,0.007486420309025921,,,0.7479899293429708,0.017209588199139522,,,0.0,0.6329655714415259,0.0,0.008919109855174849,0.7903747123918046,0.4417356069559345,0.0,0.007451189108938626,0.628091628983292,0.7727473141984535,0.993681072181473,0.0,0.7630804990275604,0.7488258293554655,,b9b5845a7575d6e07a9bbc5c28a07e05557e8f29ff815f5cbf7248d75ec08247,258f3be8e12caaaceed243c728d350b639caa3c57d90a8ad103831ada0b7f6ef,c1c9846d685c00ad37eecded801827b4f46c596f7437724d1dfee52fd9113407
sunny-mainline-cab-view/0126,sunny-mainline-cab-view,train,9365,37,24294,2037441,33659,9402,0.27792616334283,0.9960646670921081,0.2782316765203957,,,0.82345342907504,0.6353895163625832,,,,,0.0,0.8793978213971821,,0.6691368189927268,,0.27792616334283,0.7441758538147736,0.6249832011826367,0.9793889178283738,,0.7490203952098136,0.8486959610811238,,a1e2fc892f0b131c74ecceb67559b53b91457b9cf91503592486c858fd335277,e27211315a2ae32a9a3ef1ca41e51ca0a0fa4f6fa09bc2a6e3ea542fe11ec29e,cac717f770266c03ba63c76dae2917b59267c2cb40549bcafe2dd21b9e236b4b
sunny-mainline-cab-view/0127,sunny-mainline-cab-view,train,3474,0,21556,2048570,25030,3474,0.13879344786256492,1.0,0.13879344786256492,,,0.755108400100738,0.3577793913789689,,,,,,0.8799081745029135,,0.7573344580345845,,0.13879344786256492,0.6275616029204347,0.7498274707730339,0.975828398177106,,0.7832465917836825,0.865227837908632,,0d4cde05aed2bd4fe2170c8e306ae84b426e1f4e3c8d7f9b0b0cb271454f8c9e,aaedcf88592ad3e09dd1013b51109aeb4e7c40f4b2d9226c243471e2f34e9ce8,1fd8d8963ee5d3574fefa87ecec37b5aecf936a4862ee69a17eacfe57359cf00
sunny-mainline-cab-view/0128,sunny-mainline-cab-view,train,3731,6,19452,2050411,23183,3737,0.160895252059166,0.9983944340379984,0.16093689341327697,,,0.8882931922431694,0.30289906446989195,,,0.0,0.0,0.4087480320350469,0.7875602488592169,0.0,0.6452362365711312,,0.160895252059166,0.190876891703338,0.8692853874201024,0.9820740014781016,0.0,0.7666546530596761,0.8137980582891391,,24687c346d035f3bef72afba9b140f03eab022e4a90af673afe81fa9f274787b,c2fb729a44959c3f10648bb333aa2bfa0a8bf6c4779e7237ba1a4ca106ac5d1e,13be600731f51fd7798fffd3509b9bc1bf32a7b92092e3e1e1af8beb8af26e8f
sunny-mainline-cab-view/0129,sunny-mainline-cab-view,train,12935,225,32316,2028124,45251,13160,0.28443574632773333,0.98290273556231,0.28585003646328255,,,0.8459212788873982,0.43311976585461837,,,0.0,0.5234250079948832,0.5722325806228852,0.7939423095998571,0.7516111707841031,0.734422600653122,0.0,0.28443574632773333,0.41647504941708013,0.786012306397098,0.9755210950604789,0.0,0.7404065262966001,0.7546075455333912,,e52ffee04497a5939bda202788429a87b3560377d2abd91af07b4286a26b89c6,0c3855bad8ebb48418e3eb7da192926f4eba3d0bd8a6c1ba206a8a0de118136e,c38d03fe033c914868472bc353db2498f4ce3e0fdfd288877a3b7e72ef82a5b4
sunny-mainline-cab-view/0130,sunny-mainline-cab-view,train,10272,729,17012,2045587,27284,11001,0.36668689537000676,0.9337332969730024,0.37648438645359916,,,0.836852508178844,0.23866180515576024,,,0.0,0.0,0.9184721422910502,0.870465716125717,,0.6350287972140369,0.0,0.36668689537000676,0.736057114582597,0.2022212350066637,0.9764275093285708,,0.692552767821585,0.755298822813598,,e0ef00001b7bf26a5b6122387465145d21b99c1296743b3f03e61660ac3b3c2c,9e56d793d32c98b488bb34adae6c07d0b0bd6f457d0f9aa68dfdc9a0a4542a74,7f0f8e3e083c635707571bff21440475b86ed251ae250d75504aa294f9fda8d0
sunny-mainline-cab-view/0131,sunny-mainline-cab-view,train,0,0,43352,2030168,43352,0,0.0,,0.0,,,0.7672953576037277,0.08858344365703606,,,0.0,0.04940923737916219,0.3638910896828924,0.6712295781143504,0.0,0.6691312183788244,0.0,0.0,0.7382193870475662,0.7044670793254095,0.9302340526124935,0.0,0.7055992071919021,0.8514620917344653,0.0,6ed3b7e372d8d5dc78b215af5af6f4653456cd41ece09177eab1178a747e70bc,a8c27ee277932c37a1cbb160b15f22866e20dd4aec146b5de86eb4603ff534fb,aab851320060796af55f119bc8a5ddf85bc47596ec8746f0d65b0c522fd61f3f
sunny-mainline-cab-view/0132,sunny-mainline-cab-view,train,0,0,14047,2059553,14047,0,0.0,,0.0,,,0.9202641531618037,0.0,,,0.0,0.3659381443298969,0.0,0.6135640781755032,0.0,0.7880104645446514,0.0,0.0,0.5414158331659923,0.6275311806015879,0.9610675713462515,0.0,0.6482624228645664,0.7572696689094663,,e153b7e6bd960d596c08d639a6b6e83a0851899aff6c01d8e6bfbba8b04f29ab,51ec0f2f880b6d5e6d011aff4a6f35f79480042485ebc9db45b9e0c8ccb772ca,ff850a3bc8258388579f87948ff8370037743b57faede25dedf9304912167dc6
sunny-mainline-cab-view/0133,sunny-mainline-cab-view,train,0,0,4876,2068026,4876,0,0.0,,0.0,,,0.8106218462079181,0.6692992957199049,,,,,0.18052542781393108,0.898357677856023,,0.6190815684629901,,0.0,0.7657029594696193,0.4523219858562144,0.8948856006445755,,0.6647323626644158,0.7388989778963547,0.0,f9e73f2fb85c57a08b9d33b0c1c38cfbd56bb541c4b32e14c80883c01757b91a,7b970b234bbeedfb2a18e0ce9e899a251b487dd70a00f183d3d16356c2b2478d,770e1560720ac2c3e85bb2a4914ad651b37a86ecbb74a175d61d3540b843ffbb
sunny-mainline-cab-view/0134,sunny-mainline-cab-view,train,18684,5240,17527,2024983,36211,23924,0.45074907722370994,0.7809730814245109,0.515975808455994,,,0.8272249332213276,0.047152581769882115,0.0,,,,0.7402865682137834,0.8435068624879797,,0.67757362194815,,0.45074907722370994,0.7890865788736341,0.8628628104122612,0.9882048997531573,,0.7534837116092651,0.5972634483662165,,9e4b1e6f4202cdfc0d9ff15e1ee6eb32270e1c0e88b7b7842be2345e74dab6f2,810016b295ab6550cc7248033bb01b9032302ca875b032e9d08005c80b18156f,10f85c545b7144bca8ee9d9849ec12bc58bec29d1003238008bbda06dfc111f4
sunny-mainline-cab-view/0135,sunny-mainline-cab-view,train,8694,3313,9430,2046838,18124,12007,0.4055604795447124,0.724077621387524,0.4796954314720812,,,0.8780117986279123,,,,,,0.80453717828847,0.8012816855876927,,0.5730551933941764,,0.4055604795447124,,0.9485998465764921,0.9908572500572457,,0.8160202957835117,0.8098446894889401,,917d7fdbcba14ad98f4155259ad4945453a4e76aecab144bfdfd515d95e55343,ef3653ad7186e447e51f20d8a071847cfab4d31d30567977a105bb93a6e226d0,ebbf6602d411a96ac7ad2a5ca5d0d4d660cdc7f2d18bc5caaf09465cba68c2e7
sunny-mainline-cab-view/0136,sunny-mainline-cab-view,train,25356,4095,62344,1976266,87700,29451,0.27622419521760444,0.8609554853824998,0.28912200684150513,,,0.7087176949238374,0.0,,,,,0.5647304915690926,0.5992456653906778,,0.6243393869510906,,0.27622419521760444,0.745295725811829,0.9595844049865573,0.9704391548140472,,0.6964779126298486,0.8269521174481617,0.0,23d8b5534877bd891ce5b404ae30036f3fd3a3f9769fc5d17235cd727642067e,79c1982f49ada9c405b84125d26d3248d5d79d06d6bc5cb458d82e04d838eb1d,685128a1c4d1f8c4a51de37351b2f5da40de2890d270c7024008ac9aac2028a1
sunny-mainline-cab-view/0137,sunny-mainline-cab-view,train,1607,3997,22764,2039858,24371,5604,0.0566483361534123,0.2867594575303355,0.06593902589142833,,,0.7825790324294398,,,,,,,0.7761429961089494,,0.5335702262951187,,0.0566483361534123,0.21854390275442906,0.9473823499096017,0.9658444864427045,,0.6629801992461911,0.832625076271523,0.0,a171edd02bf21b2bc889ac8ed17fe30fc47d76defd59a637e236ddadf0c76f27,6f160ebe16131fde736faa1b907b2b9193af1e3c3ecb7fbcc5d577bc8750144d,287b0c9af0b2646bf24b6cfd58494d17a20daf39d4a7de9429df7d86278bf9ff
sunny-mainline-cab-view/0138,sunny-mainline-cab-view,train,4735,4759,2201,2056536,6936,9494,0.40487387772552375,0.49873604381714765,0.6826701268742791,,,0.9080494529929735,0.0,,,0.0,0.3210636808957313,0.8484879921157736,0.5929611250015865,,0.47903593839132913,,0.40487387772552375,0.9103402772295095,0.9331347297057156,0.9874780137393387,,0.7977443726634235,0.9335272164879131,,461bdcfd80571cea432e10e0947270b1a03bad21b5efa4efc325d700d1107bed,50f45cb9d7c36f7e9ad713cde316882219c82f7d0791f0d0e907e65ccc5286eb,de647a8a97066fe9937de77ff168bd47d84e98386e24b708751e6ce3f2678b5c
sunny-mainline-cab-view/0139,sunny-mainline-cab-view,train,10590,5484,17280,2034976,27870,16074,0.3175031480482101,0.6588279208659947,0.379978471474704,,0.07983815819466605,0.7741959694304045,0.2368267548123663,,,0.0,0.0,0.0,0.5812335359067362,,0.6284671078563575,,0.3175031480482101,0.0,0.9177641431771215,0.9835000214285436,,0.7374133480291208,0.7671865610107194,,ea793969cdff22d7aeff4460d14cafa8007c32c5650e6cd3586775c958a0754c,9ffd1fbd5a02985f044eebd2c5f1c76c095bee6781c959b4c6742485ddd6b778,f0561eb7878b99f208a6c3296f0b30489aa5012409a3bbae5f55ebf3d6c184f4
sunny-mainline-cab-view/0140,sunny-mainline-cab-view,train,5842,1194,17669,2029281,23511,7036,0.23647035013155232,0.8303013075611143,0.24847943515801113,,,0.9073808394958346,,,,,,0.4831478166108819,0.3714521622458458,,0.5575355862218841,,0.23647035013155232,,0.934930335948355,0.9828715172722031,,0.795701718570209,0.90183045920453,,3a5fae521d4841d641c0b0953b4733aa8f8734d7fd9997403022f033352a935e,bec802af770693ccb921ee7235635fe5fd724eaa5b1d6e1f6746af21fd9112cd,45776bdf7c5956992ec6a048f37c38ef414a29924df3b463098adabb8ca3dbbd
sunny-mainline-cab-view/0141,sunny-mainline-cab-view,train,12386,6346,11738,2030709,24124,18732,0.4064981949458484,0.6612214392483451,0.5134306085226331,,,0.9290075174239888,,,,,,0.21457791000371884,0.0,,0.8161032905944589,,0.4064981949458484,0.6801959026005381,0.8866977184810926,0.9166655319910445,,0.8105256527353469,0.8414512238191297,,2ab1618bf2232f7953374c7ff9fd6dbb5957a1d11d887a1004faeb1f3bfa8241,97b17a45f269102384f6109c04c9d6b8bf8782c9ed75e154169d5296a043ea20,e162bb2be7de2450b3d0662369ed5caf01aefa262fbd23a806807ffb8ef2677d
sunny-mainline-cab-view/0142,sunny-mainline-cab-view,train,20365,39144,8902,1999596,29267,59509,0.29768604464194354,0.342217143625334,0.6958348993747224,,,0.8921519112085637,,,,,0.0,0.5961076478637677,0.3262728401632074,,0.37274846365755454,0.0,0.29768604464194354,0.0,0.9506068254724829,0.9898853145952818,,0.8598326038547186,0.8106449842869258,,f9d4c3db5d27a80539d7e059e63c85bbda048e2f6d73d48e3b0e6d2541a023d4,ecd3fb29f78f54f484c4e6ff39b9f5010a4ff9510a0ca54c9e0fcee6ada30585,cb5aeece5de6ee785d8992b8647d076e4848843aabbeddec69c845db79c373bd
sunny-mainline-cab-view/0143,sunny-mainline-cab-view,train,28098,9376,16246,2014501,44344,37474,0.5230454206999255,0.7497998612371244,0.6336370196644416,,,0.9109522303068649,0.0,,,,0.5316047867444001,0.0,0.44407811311184375,,0.326882966396292,,0.5230454206999255,0.6673303897215848,0.8851401702648478,0.9908605866995966,,0.835730097842067,0.8492377165303625,,4437f8bc5b8248f9f54a530115e7dbcc3ace4af83f6e7e7505c28bd61deecdb4,5633b96990c8cacdbca53cbc8c942d05e63f5e2d839d47c6d0409a38e1392cfe,3a26446e32f2f2336abdfc7e3f3e8bb03a5ff11313c49f9e5c4abffa08665bea
sunny-mainline-cab-view/0144,sunny-mainline-cab-view,train,0,2658,9669,2055709,9669,2658,0.0,0.0,0.0,,,0.903148717839541,,,,,,,0.11007433180452317,,0.4792786920862528,0.0,0.0,0.5177897214942477,0.9380248148412755,0.9457919974180262,,0.7752795918706482,0.8994266088006209,,f6b634ec6548b8bf98554aa0ac61f40eb22ae85f7e7ae26d084ddb9500ae7e5d,7f8b37a8c257a86c7ca870dd1ce5018c32c9ed888de4dc3afc7b590ae25fb898,698d1d2716222cf5aac4957110b2e593358490aae8c5151160ec26af07354f85
sunny-mainline-cab-view/0145,sunny-mainline-cab-view,train,18897,3566,3307,2042369,22204,22463,0.7332945285215366,0.841250055647064,0.8510628715546749,,,0.958525769028164,0.0,,,,0.0,0.7442025690576333,0.9365559531988639,,0.0,,0.7332945285215366,0.8727338206045328,0.8933964200314055,0.9862428879488447,,0.7984626514740459,0.8433963224605917,,fcdb2f1d198ca40299c924da55b12732604c2030a0db21c6f4a86b3b5c804d35,20c74d76997181bbbf1ecde190ab83a62b8b818f8a40955abbde22b23f85c59b,489aee7c0ee28f87b1b3e0be9a2cd4c077450e35bf53545295b1d93a7a559f8e
sunny-mainline-cab-view/0146,sunny-mainline-cab-view,train,30473,30106,12400,1994978,42873,60579,0.4175584757258938,0.5030291024942637,0.7107736804049168,,,0.7389206805409428,,,,,,0.0,0.0,,0.48081234339970985,,0.4175584757258938,,0.9474673652478127,0.9519854762527501,,0.7112572622233827,0.7929325569386755,,144ac7ace9587dad2bd7d7909441c0b2eb1b7a5fd5d975855c31e6f54006cc89,14b653b227e8c3d3a8b942968a57b177faaf75fb68a3e71ae071e6286eda5cde,fed8f73507087a88db48826644e49c804e956f09480f90d6f9c51b3dcce6d456
sunny-mainline-cab-view/0147,sunny-mainline-cab-view,train,2805,1775,3246,2053505,6051,4580,0.35842064911832355,0.6124454148471615,0.4635597421913733,,,0.9095897703076157,0.0,,,,,0.81220782689996,0.7415465101441878,,0.6198889449772842,,0.35842064911832355,,0.9709949552017847,0.9722718431185741,,0.7041032897064026,0.8497994354479275,,6cf388fea166cff5c1481f523509bf3d72656e5aede0964f0ec6b15e88adea19,692808c9fd7ae6179769e38738eb5f38b5dfd78c857fdca542786e3cce1a19ce,524896f36ae9daed275b51fa64e54befb12fa42589ed654fe1a10dd5584fd8d5
sunny-mainline-cab-view/0148,sunny-mainline-cab-view,train,19016,10316,11939,2002504,30955,29332,0.4607593709868915,0.6483021955543434,0.6143110967533516,,,0.8426432488812624,0.655971513443522,,,0.0,,0.0,0.8603772396636962,,0.5199858632267185,,0.4607593709868915,0.0,0.9207313245448838,0.982175596585986,,0.8205213459236601,0.8999305592180441,,d859eb4079cd5f05a69e1a52ca314157548f99524569888aa31aa39194c4c163,3f6263d12602f503c9afd8899de5bf72117310b14c1df89f7ca3507e4df9258a,589c139ab4b1c429a5aad1755f9d4d800a1f84bd3bc49ce7262eac4ccec2ea66
sunny-mainline-cab-view/0149,sunny-mainline-cab-view,train,0,0,10614,2046514,10614,0,0.0,,0.0,,,0.864635619379949,0.24691758598312785,,,0.0,0.30775495430277805,0.07512953367875648,0.7395462391341534,,0.700678771423723,,0.0,0.17423027581783193,0.7591431968392323,0.9686201904696448,,0.7693470310194129,0.7715707952785344,,0f14ff36a7fdb27af6f7ec8cb353e753e159bb3b77aab52a80b13fe6937791bc,f956580152828b020215fbf2c78a840a5b4b68ad7e56c3e41bf4fea9766fcbe0,a6d8ef8fa73248dad3ac96d581349a459d67166ed002daebbada1bb3bb27b49e
sunny-mainline-cab-view/0150,sunny-mainline-cab-view,train,5563,2900,4055,1996052,9618,8463,0.44440006390797254,0.6573319153964315,0.5783946766479517,,0.21318051575931232,0.8228902787647343,0.016258725810727223,,0.0,0.0,0.00647693817468106,0.5257605495583906,0.7983932172517727,,0.604506888057659,,0.44440006390797254,0.7812352263773562,0.823470619763066,0.9926545119462911,,0.7179079970929451,0.7695041857208034,,d4d60368183c52383216b6039fb814147d7720ff8a5ea3c97e9222f8f0eb8937,ea19db3c93ddb0c57d8a40d4882b76fc921b3e7ef2c036f491aeeeed322a8ba8,8a45dcdccdb6040fc5eb81bdcdc55590351250bf923fc1341a6940781d1e3d90
sunny-mainline-cab-view/0151,sunny-mainline-cab-view,train,2651,19918,21187,2022231,23838,22569,0.06058597678032727,0.11746200540564491,0.11120899404312443,,,0.7985699806796946,0.3055136223132773,,,0.0,0.0,0.0,0.75344366638628,,0.3771884346959123,,0.06058597678032727,0.7030845835488877,0.7789132833527549,0.9863948484251345,,0.8067885117493473,0.7656823711015751,,4b1751c125ecc67afaa53eb1d7655c7a5ec051098de588dcb48ea4bc9cd3c5fc,1ab5b3a734f95118a4f540fd1aa10298673d5e4910ab7f3050c63f27f8d9a24b,1afe17a9ed2101cfb781bbb20eba2f7eaab739c59d4444f650342999a6927265
sunny-mainline-cab-view/0152,sunny-mainline-cab-view,train,5374,1086,7334,2045785,12708,6460,0.3895896766710164,0.8318885448916409,0.4228832231665093,,,0.8511667753774862,0.01737465427983831,,,0.0,0.0,0.1368646662584201,0.8080969343496798,,0.7058720504410406,,0.3895896766710164,0.7433802324565236,0.8371734882642657,0.981225533492536,,0.8118071878220766,0.8286704401062723,,7c244faef1d58c7c544581c4aaad579ceaddaf9f4f8593f1c642198319e0f064,57425f7fe572f2d8c613752e0aa310cac5a68f17926ddb24529c7254a7030148,ace9dc84fb03bd51b0a1c90aef7c94d45cba2666513f4cc26c2ac6a9fba3d869
sunny-mainline-cab-view/0153,sunny-mainline-cab-view,train,19852,11746,1563,2033576,21415,31598,0.5986550465908749,0.6282676118741692,0.927013775391081,,,0.8860607743172985,,,,,,0.5863886058014963,0.0,,0.8449615040083456,,0.5986550465908749,0.9437247060513901,0.9709863275357313,0.988971833211676,,0.8075957673693709,0.9195062312667613,,8a9db76dfcf9155f0dfba13eb33441d81632dfa0d872dd599c6a9a249961a009,05a5851a91ad31d3a2d1b4e3dda4c9fb4c997e5bb7d94639cfcf404ebbcfe4e3,702f932c7dcc5b7d2074d3b770a1db806dc39aad4c8f5ff723eb0f2b61011972
sunny-mainline-cab-view/0154,sunny-mainline-cab-view,train,13560,3722,2856,1983652,16416,17282,0.6733538583771973,0.7846314084018053,0.8260233918128655,,,0.9547421847685872,,,,,0.0,0.0,0.0,,0.3123354263722909,,0.6733538583771973,,0.9623198170474938,0.9944729664048785,,0.8627730527833768,0.8999405863152986,,6ba5f4dc3a08179c05592eb64e30da7a3ab0f61eb7a134091c4cb022c307f8ce,73a89e97a564e8790df1b2ef5cc6b4b1abecd82ba42528df33db4e2887c0a69e,4ef7c0fcaa1d094982be92a17b7581852606dbf92beb8794629f941aaaa93def
sunny-mainline-cab-view/0155,sunny-mainline-cab-view,train,4924,12977,40,2042682,4964,17901,0.27445515857533026,0.275068431931177,0.991941982272361,,,0.9132398753894081,,,,,,0.0,0.7767365759333631,,0.33939774153074026,,0.27445515857533026,0.4718034617532105,0.9514266548365758,0.9824828725979148,,0.8253121113367654,0.849556133101666,,06a90f5ff240f94f7308b963ae697e96d8e7f41f7c690b41c58516e490c044e0,3520046f77397809711aadef6d4851348e6ef6dfa7e4d4acffde40d4a08d976e,35db81021410a4b3d5eb1b6f2ce905fbfa7f2ab778195743ce69c2d09f52cbad
sunny-mainline-cab-view/0156,sunny-mainline-cab-view,train,9312,12863,560,2037625,9872,22175,0.40958873982845834,0.4199323562570462,0.9432739059967585,,,0.8948010265682165,,,,0.0,,0.6902864259028643,0.0,,0.5552395997893628,,0.40958873982845834,,0.9714904890775559,0.9803456109943001,,0.8390471209167419,0.908485308434714,,2a9b7f9f2e664a6492b210e6af5c8b3238a3d01e1f1d4f0c3506e92519ad0942,407421d1c13fc9a5c28ada48397820d63763e5bbd52ba90e03022634e21f2fbc,a4acebba4f09d3e8deed4abdec43a6e0340ae37c54a217fb2854fa4ac7bb4165
sunny-mainline-cab-view/0157,sunny-mainline-cab-view,train,21869,20887,1668,2023748,23537,42756,0.4922789483162255,0.5114837683599962,0.929132854654374,,,0.9080979376405044,,,,,,0.011875673261343632,0.8140935836368731,,0.7085526315789473,,0.4922789483162255,,0.9364565195124449,0.9903777591214448,,0.8426725238800633,0.8868932569241145,,8e5da439095b7bf529ca9afbcfc297a86c96a3820aab657ef461687e06417c1a,9981e1d1ae142c1e9738d94cae092b732bd369db06694bee51a34ebb4e3fc179,c4780d3ac9f2eb6d34b0d6dc3cecfd536e45eebb78cb8973fed4dda7eb88b003
sunny-mainline-cab-view/0158,sunny-mainline-cab-view,train,4393,4046,691,2059048,5084,8439,0.48116100766703174,0.5205593079748786,0.8640833988985052,,,0.9714216157801608,,,,0.0,0.47844489731932904,0.46304118268215416,0.5381213989012461,,0.38642105263157894,,0.48116100766703174,,0.5881051427282942,0.728081911463237,,0.862551728741156,0.9149144122044217,,e6a650c2b434f3111eccf6b5f78e578afe4a7a00834675380b1cee62d761869d,07015ed660b2b8ea64300203f1815f3802c8e66a3db06436fb5305d647e31263,eb228611c98d03aa301f2a5e80dbeca82a7500a3525e7303c400830fc07c5980
sunny-mainline-cab-view/0159,sunny-mainline-cab-view,train,15264,1785,14095,2036965,29359,17049,0.49011045466221426,0.8953017772303361,0.519908716236929,,,0.9333038534428301,,,,,0.5136465953854812,0.5462002008704385,0.4349102459213629,,0.41834451901565994,,0.49011045466221426,0.0,0.9440970395523459,0.9910508400131767,,0.8970818311679477,0.902791163238955,,0857b1a64422a748f3a1acbe2298b756354dc4e916a3e35065e7c7c8aa443cfa,d11d1839c3df1fc963b3d4a7d2fad7dd497deb84c04b0fae9ac7612d46bf2393,af45b6412f9c268864e57150b7d3b23c518db435902db3f849423f9239e1b021
sunny-mainline-cab-view/0160,sunny-mainline-cab-view,train,21400,14612,1568,2030722,22968,36012,0.5694518360830229,0.5942463623236699,0.9317311041448972,,,0.9234124669587124,,,,,,0.603414273388389,,,0.4685192382432958,,0.5694518360830229,,0.970052766463931,0.9876450030836099,,0.8909376550355548,0.9097052572664635,,3f99be5f7928e5a01c3e2e0da7c216742c167125a2f4df4f9eda959f3e86453c,3a16390f7fe8b99976e346e04b3a49000f78f09ada1595a248415368e11aedf5,a5025f7926d6c989de2ad867758bfb43c2c2a80601d8844362366b8190199267
sunny-mainline-cab-view/0161,sunny-mainline-cab-view,train,17475,7825,10223,2032596,27698,25300,0.49193480280381724,0.6907114624505929,0.6309119792042747,,,0.9108080513418904,,,,,0.9224872474423641,0.4535282439992781,0.811463671342547,,0.4808412243999119,,0.49193480280381724,,0.9379091421718061,0.9911116836274636,,0.8385782480464593,0.8911418565933751,,016395879116dde76f1eddcc264a67c3d1fb136d9a0f2d92b33ab41044c4e774,d23f8db4f6d3d5ebf380883116bb37266ab923f0b3242a26533b21ff6567c406,ab33f6d4cd18e1fd0730f6f138ddcfa5869b143613416107e2bb4357bc06d430
sunny-mainline-cab-view/0162,sunny-mainline-cab-view,train,22297,6535,4973,2031340,27270,28832,0.6595769856530099,0.7733421198668147,0.8176384305097176,,,0.9399845902077775,,,,,0.9414358168000123,0.5487932199226186,0.38305726018548425,,0.7665113129381772,,0.6595769856530099,0.46297158826269214,0.9398913052242838,0.9856585901495699,,0.8556874748786445,0.9008246898399578,,9a198f581ccbd0527724f15f9a3cece6e5832854e77e259dffc5bd5a429ff05c,0f13810f4e07bcb4e31d23ae621fe1f2f1ba5df5bd7d2a28ccf1edc7b7b90c12,8681c00fba9c59195ebe52f45a3e37b8345b7840b718aa166f50fdae59c77a39
sunny-mainline-cab-view/0163,sunny-mainline-cab-view,train,46677,10921,13458,1996909,60135,57598,0.6569044134204008,0.8103927219695128,0.7762035420304315,,,0.9122167174613263,,,,,0.9349478698672143,0.7261454118261323,0.22816184971098266,,0.5949589683470106,,0.6569044134204008,,0.9345227499897306,0.9918245393444854,,0.8496893445169307,0.8493966456792931,,53c1f0e23c023af87bca8d7c925f1118fa6e03bf34b314ab0e901d159fd525b9,0dcf0e9793f56137c43c73198bc407fb3d307128f3264ea267e08b830d3a3e6c,f12f4058830976277f23ce06fbaa1e56a9c3aa318e50fcfa2811afa07dccf501
sunny-mainline-cab-view/0164,sunny-mainline-cab-view,train,28373,2159,8720,2028925,37093,30532,0.7228421481707938,0.9292873051224945,0.7649152131129863,,,0.9440289188301019,,,,,0.9388052681091251,0.12574923547400613,0.806790211354991,,0.35905224787363305,,0.7228421481707938,0.7764741075583328,0.9574658336036557,0.992900396464448,,0.8479526700918574,0.9194233405633058,,dc2322339b57aed5805465301755b9054b87fba047b608e05ae4dcf959232006,595424faa77d35db1f99a37b4f55a72e40170bff8e5dfdb3ab73ae65e3e2479a,eee99ce8e520bc5e2690130818d1caaf3fb8364700c98dfae40511efc90c40b8
sunny-mainline-cab-view/0165,sunny-mainline-cab-view,train,16624,8389,10793,2032244,27417,25013,0.4642797296542479,0.6646144005117339,0.6063391326549221,,,0.9187129551227773,,,,,0.9357096902668424,0.37021922748410363,0.565105591421381,,0.6616116562592923,,0.4642797296542479,0.7793669547913687,0.9302966790329631,0.9928808927231015,,0.8413692532043902,0.8722983605723278,,ed03205def575f68a08e90b5040e492f111657b011c4a09ea8773bfee95ae4f8,48f2d8f29663c715443a61887d3de406b2141c0cd0635bc8d985d53ed8a38d72,e479154847c6bce4ad3e3a2301763415d521893e227bc57d797dabfffa8c4416
sunny-mainline-cab-view/0166,sunny-mainline-cab-view,train,20882,12823,963,2033352,21845,33705,0.6023422176070151,0.6195519952529298,0.9559166857404441,,,0.9295856898926615,,,,,,0.6841094872430022,,,0.5428598431150174,,0.6023422176070151,,0.9612007853766096,0.9860393728420878,,0.8718562874251496,0.8846499977501462,,4cb25bc7ad809534409bf310ce0bd9621415dfebdaa38bfbacf278916ddd0f64,6efebaf42ad436d141650e14308bf18e2389d3ec7ed42dbb736ae5b5f6d3a70d,2630af427c823d2c9c614f784729271fdb57e7b4760a2fba62dac7389e818991
sunny-mainline-cab-view/0167,sunny-mainline-cab-view,train,3355,3895,2304,2055668,5659,7250,0.3511618170399832,0.4627586206896552,0.5928609294928433,,,0.9582472823003427,,,,,0.8824116102505648,0.8666797358023947,0.9346692093296172,,0.0,,0.3511618170399832,0.707447636239146,0.933945978470543,0.9904141573706561,,0.8396138323969297,0.9102778465464378,,ea08f07ca095ed6d035d6f14b8548f69a14bf8d6b49efbbdddf5179bf9ef3009,b5e44b4d05c9f941f3f50ad3195bd2b3c67bdab306fccddeab16a0e824382b20,c7478127dda3f205af7ac98d0c12a83ac361a2239c08b4a54383f4d4a93aae44
sunny-mainline-cab-view/0168,sunny-mainline-cab-view,train,21987,3583,3197,2039300,25184,25570,0.7643132756283241,0.8598748533437622,0.8730543202033036,,,0.9457917981072556,,,,,0.8247055667991514,,0.7886110066441018,,0.4607112735451223,,0.7643132756283241,,0.9566382997486662,0.9896455182425526,,0.8604431343020554,0.9045533941090613,,72b8f6a32917f9b4cd7edbfc8b38900c94a094dd308a81ee17ec8c715bf8a875,adeae42b66b6f80ff7ded176032da0f049d5158fb43d05363602b068574857d5,c73675933dbe98b6d00f0edfc104d2a56ca10f220a1f721db3ba9552dc75225e
sunny-mainline-cab-view/0169,sunny-mainline-cab-view,train,3317,1339,2445,2060926,5762,4656,0.46711730742148994,0.7124140893470791,0.5756681707740368,,,0.9652672133918527,,,,,0.9172138340040545,,0.8836908240100715,,0.4920919953035431,,0.46711730742148994,0.0,0.9591975098540827,0.9901108196928089,,0.8693802866635636,0.9213274752739539,,e50a126b8e9d96524472935c0169644a3000d548dd10622d7dd7837f28b262f3,1fabbee7225ef01c83c8f9d87a5e21012dbd0cd0e092aae0b3f85cc885236dfa,b3d66370f18589736a72899897873abe7fc98fff7cdab74ccfb9eb2ea5ddbf49
sunny-mainline-cab-view/0170,sunny-mainline-cab-view,train,7435,5284,1805,2053681,9240,12719,0.5119113191958138,0.5845585344759808,0.8046536796536796,,,0.9361240717618453,,,,,0.9433193706916455,0.057658995298193516,0.8346799731311775,,0.3954276037256562,,0.5119113191958138,,0.965404592469386,0.9889558579718154,,0.8547841149268199,0.943125478656939,,3f433ab98d445e66fbd4c3879168f0ff099bfa2f2a0555a496a23ef041827ef6,2432eb316800d123f6938e33fc85795b3d6c60ffa520a0ea9203c0121e31584d,dbcc390aaa011afd60b3d592fe79ef103c593294e95dac8ad0a1ccbbbc49202f
sunny-mainline-cab-view/0171,sunny-mainline-cab-view,train,24030,25879,1367,2010192,25397,49909,0.46864029955534753,0.4814762868420525,0.9461747450486278,,,0.8689664099411042,,,,,,0.0,0.0,,0.8272057826970861,,0.46864029955534753,,0.9547226270496119,0.963212797693922,,0.8120231966755567,0.8528635376994697,,f0f37b4a43e03c4b5aef2ec2723b33d29fdeb183e0247dc20cc38fd51708b6d4,e8e0d147bf6775475813b28df3bf64d5faa50955a9846c2f56a541b5e2252767,d4058f8cb95b4516d413e8cc264480b424526f4c345c476fbf565e2461c7ebe3
sunny-mainline-cab-view/0172,sunny-mainline-cab-view,train,0,10819,0,2052318,0,10819,0.0,0.0,,,,0.9101480222120356,0.0,,,0.0,,0.0,0.7887394553548749,,0.44043381908535356,,0.0,0.0,0.8912838007148101,0.9495299589892046,,0.710905924489863,0.8470970297029703,,9d1f242981192b866b8c78b235337b3fcd78c0dbb947afbb3861211b73247352,c9cc1d7969f031b1ba1caed9230b1e99f67407a3ccf18ad66582f8d9f85d7a54,98a5d835c846022c4a15ea6e99ebc4faf6cd7316b01d83f77f8bed9bf49a8416
sunny-mainline-cab-view/0179,sunny-mainline-cab-view,train,0,0,0,2070979,0,0,,,,0.7438998682476944,0.0,0.9403090552298985,,0.0,0.7712638744097626,,0.0,0.8769935558523122,0.7296910784971311,,0.47751061666367606,,,0.13293178919794574,0.7207940038176628,0.9335812759881528,,0.711031461569096,0.8258521286898759,,2980bdd5ac578120cb35ad4b8b8f5798eb1663f505b1d628312365558c8e6637,0a9409b2e919a722e20a573aade797666e16f212e11504e1bba1fad37db8571f,74806e5e56992352f968d16dac94f7df0aa82332e7980e19009ae765c90a5e92
sunny-mainline-cab-view/0180,sunny-mainline-cab-view,train,0,4303,0,2069236,0,4303,0.0,0.0,,,0.0,0.0,,,0.4249816879628876,,,0.0,0.6861928558208402,,0.39972561736093787,,0.0,0.786233277477131,0.8666121340893608,0.9793192120529777,,0.7208831920964102,0.6192454036308385,,11d2b9c079ad57dd8e7e64839160cd7b1d1b689d42720e385bbae214ae1ce4e2,d03eedc21174cd47abea991f73f6f1990f52f4dc95c05ca152a8ebc1c4f8dbbd,9542909eab7c2daf2a82de0fe7a9d173eb4cb3c7987fb526b56d884f2473b1b9
sunny-mainline-cab-view/0181,sunny-mainline-cab-view,train,0,1577,0,2072023,0,1577,0.0,0.0,,,0.9443388288091751,0.9547997367431366,,0.0,,,0.0,,0.0,,0.4432661717921527,,0.0,,0.9690565318185924,0.9920208441218926,,0.7995600924933732,0.8549025737209545,,961d4dc340edb778535bf1a91b174154c09e8c3bf2814a05efe15d66cfa809cb,f7acffee97a0d29fb4655547c1884e20e9bd9972cc8706da96cdee1e26eb908f,1b9a0b7779ea4ee96038b22c373eddfbcf4baeef5488e610b81c87e07cefb5f0
sunny-mainline-cab-view/0182,sunny-mainline-cab-view,train,0,0,0,2070136,0,0,,,,0.24288160993363306,,0.9476264133679004,,,,,,0.7540486198938315,0.8945137918719892,,0.0,,,0.0,0.8351126927639383,0.6792462261321603,,0.6261645773376908,0.7543711925493574,0.0,2b635f17ddb2ba61b77fdcac0499ec5c3d70dea1323a289937212955ea815653,4ceaeb2102494da778ecf94d2ac615d63cfe08ae62aaef2a6796fec50fb8bb6f,2c571c0cdf7ab04001de90cce440b813555014a78ef7aafb8309ecb46a763e4e
sunny-mainline-cab-view/0184,sunny-mainline-cab-view,train,0,1500,0,2068848,0,1500,0.0,0.0,,0.0,0.08804605485946496,0.9019216873033897,,0.0,,,0.0,0.8992251161526097,0.8870158461681475,,0.6201367050445721,,0.0,0.33359688728907017,0.6459470132107984,0.9749380941983727,,0.7550669324978638,0.9031995023074517,,fce720c8ba60a17547f87e487d475b7dfc8130e8e3f6de1eb655de80095dd9d4,cfb308f1843883bcd1f15e0bb17c380c182c15635fad7bdad3e92fd028097a16,04b6b2f0da2ac197232a7130c4c9456135de99852f8840d01e9210ee1fb2aaf6
sunny-mountain-stations/0228,sunny-mountain-stations,train,0,4037,0,2069563,0,4037,0.0,0.0,,0.8157570985679838,,0.9139655421636989,,,0.9146813920294952,0.0,0.7611331082415567,0.8760991207034372,0.7536193176908635,,0.7051355840226274,,0.0,0.0,0.733928875446907,0.9880103234059469,,0.7625243639045461,0.8914386148841369,0.0,8fb67a7950262b0a2133f19fd631fd9df52f83e1660f0a811abf3e9d0982f269,f4c0dfc2948c51f179a4a80f4d4b7d2a14b8c5ced33c320220f787477a45e6d3,ea19381a341e6da4b29a7f53e0efc1d538415cdba45c0aa0b8372d7fde36a22a
sunny-mountain-stations/0229,sunny-mountain-stations,train,0,0,0,2070011,0,0,,,,,0.5030939703554468,0.9532240138826603,,0.0,,0.0,0.5215076256037728,0.8216170124802976,0.7971877066583133,,0.5553604193971167,0.0,,0.618884215187071,0.7211979270480366,0.9864889955913277,,0.7676790877401573,0.9390718360733215,,0354800bf80455fa7680958e010518b436ea155dca8b0abbc8d1e10092f0661b,fc908e7e08e5cc665f4c59c11eadf28fcdf161bd566dd5bc31ca5349d4ad036e,1c4d5d8bbdf1d5293edce2e045aea6470872c7a01dffd81c2305fff42e8fef72
sunny-mountain-stations/0230,sunny-mountain-stations,train,0,726,0,2029516,0,726,0.0,0.0,,0.0,0.3223631329820488,0.8756644824553939,,,0.7056134112268224,,0.5907796547386617,0.0,0.5284788415296179,0.654209603625946,0.6097490123169882,,0.0,0.2781128924829029,0.8662218766858122,0.9777464109026547,0.0,0.7041259945861701,0.7301019114739137,0.0,505099662669780df8408d783f6869cfd7b572910896d2c7b6f0e27c7432cffb,0f54a1615827a6cc63096a9eaf5bd58b3ed9758a76361bcee72da0187c106f17,13de7ba304caff8a9310e40675147ddd328f6ddb655036f127f2227bdaee1633
sunny-mountain-stations/0243,sunny-mountain-stations,train,0,0,0,2073291,0,0,,,,0.0,,0.9575892459716906,,,0.9628735430408634,,0.0,,0.0,,0.3520914835991574,0.0,,,0.9662963657786373,0.9797414281078062,,0.5407517677707481,0.9203360467047963,,d048231d419c08d7176eaceaa89f964709a5a5de28918f80af2d6d5cb56dc892,ac493ba00b218289c9290e59fc10ebc5e73442a5005678ae91222731a9f1a765,6b87aca4eeeace4c22ebe72ba7a5dcfb027fc8c71d05f1fed6d19a0fc4e47e1c
sunny-mountain-stations/0244,sunny-mountain-stations,train,0,0,0,2068950,0,0,,,,0.6902593846965057,,0.9349529577440452,0.0,0.0,0.801048583629575,0.0,0.0,0.5234224376009587,0.5031595576619273,,0.7206724150423882,,,0.4832538592095692,0.8979143874514832,0.9870200800317243,,0.655816689988551,0.7818131828813119,,8d1edf47c4a0e099e6bac09702b9eb61358d689387405e5915c4b761311fb755,62634f58072805641c40889959a1644646ac9bf20776fc28c0eb907ebb26db45,e54980e066d5fb4474004e791ab1aa7e0313914313f160b7d99f88c18cf149cf
sunny-mountain-stations/0245,sunny-mountain-stations,train,0,0,0,2073600,0,0,,,,0.7645924843534062,,0.780839352536768,,0.0,0.021365536460752437,0.0,0.6822947164786356,0.06993670273513869,0.8832086592637164,0.3697879192791311,0.3433761630482942,,,0.0,0.8829056290739205,0.9945596836241438,0.0,0.6291811653961422,0.7112252373010801,,ede5e722aa51b1edf1b7f3550819d1fa7c743d02958fb765bf9233ccf1ea1020,cadf2ab9a2d6547b808e82099b83169aa947fb0617b0d25d7c012f3a84f18477,7f9e0ece39b6d72da72dbe105412b7cb2821aa049f2c7433e508bbf214ce5ad7
sunny-mountain-stations/0246,sunny-mountain-stations,train,0,17517,0,2043586,0,17517,0.0,0.0,,0.7687645687645688,,0.5965434900820389,0.0,0.0,,,0.0,0.002569593147751606,0.5265758091993186,0.8010830573951435,0.04454220511410503,,0.0,0.70219540637834,0.840311041535603,0.9769764647290771,0.0,0.7277459838917469,0.6908683885194962,0.0,90a65adbb644d54e42c7e51d5cebfa0b1e554d4d34f442db24481dcd7007c74c,8211f22cbe10bb54834c2a0f57f23d5612d3a7a8d288102d2f5c719f02078527,00e21182c60122b556d54d4c3a7e208732655796eb9aa78bcfb1a878b6906b1f
sunny-mountain-stations/0247,sunny-mountain-stations,train,0,0,0,2073600,0,0,,,,,0.7095761169890155,0.9495922753401134,,,,,0.12741332779738426,0.7325208046654872,0.8440056937460958,,0.2566611900850061,,,0.5049319526125791,0.92851660519106,0.992870011838115,,0.8285478206982029,0.951038637431387,,a442fff38da0ce40c7e735cd036d9ad22fde5c1909107105ed77bd798ca3f872,c5c7e80094cc032a92fa08b0b660de2231a9cddd7643b6d1c2df97dbdb15ba15,29d00bc84bb1e895cfb1f51c7c308b446c957c3550764a8c361f1a0f818f7c68
sunny-mountain-stations/0248,sunny-mountain-stations,train,0,0,0,2073600,0,0,,,,0.6939887327431437,,0.9629236951197532,,,0.5650513464343172,,0.00021894579926862786,0.37388657957244653,0.8838746968627292,,0.09838263638649124,,,0.44427392126136894,0.5155353075170843,0.9803687777224203,,0.8246234204764291,0.9424935420148913,,c489b83cc8d5e13b9e9ee4f588ba23a86a21404337b41cc01afb90627630275f,1828c615b6f7ff9fa65e720ed3534d3325375ddada62df18c96577a26343ed35,19640e460323f54e73a39f8c7835cd8218172b0e4f3c680e8752f54290db9d4e
sunny-mountain-stations/0249,sunny-mountain-stations,train,0,0,0,2073600,0,0,,,,0.7325004814172925,,0.9627019739198214,,,0.9293916023993145,0.0,0.0,0.7634502348342098,0.8539723782814248,,0.5745512675713714,,,0.016521091475387637,0.9583939778080348,0.9839621057855824,,0.8556554919596621,0.8953484680107954,0.0,408760b135c0da743871d600304812e352ac956549d1987597238245735e8672,459bc06543c1527b8f31f3778f2304eca8cda8b56ce00177d1006117d7a4ed71,cbd064a16e3520215f7fb93cfc13b25a1a2bfac8559be954e1bd90b5c9f3965f
sunny-mountain-stations/0250,sunny-mountain-stations,train,0,0,0,2064289,0,0,,,,0.5362328697248955,,0.9841069341276724,,,0.8247977711078509,,,0.9458198758328011,0.8498621292400008,,0.7997954286163893,,,,,0.9860159720092242,,0.8172186609686609,0.6621760574426184,,0956dd0c21f6af0a1387e957effd77c906124754c421ea783a885ae3ce8cf3f2,1a54313fd7aaffafd2aa769b53c139c749f29333937e07fd9220a885589e54d0,0d6661a8d0e7f679e6338e805c65837ff3399e184c057b9e743e6efbb550e226
sunny-mountain-stations/0252,sunny-mountain-stations,train,0,0,0,2029299,0,0,,,,0.5828446265809369,,0.9014335892360674,,,0.5567752563265074,,,0.9637112296859391,0.8667830939259716,,0.016260670089418082,,,,0.8925982395914206,0.992362754035512,,0.7208784630637709,0.95674346397279,,1749f26376edb32da712444c9e60186ff4bd29e1fed12a43bf0f659bf8e5a11b,c37061946bca614f0217b26c4987befc27e64f2bc1d0d90685762ea41c67810e,9ef0385d54e86bdb0cd96a1b73b1106659720bb202a504ede2651edb26b0474c
trackside-maintenance/0000,trackside-maintenance,train,0,1306,98729,1988925,98729,1306,0.0,0.0,0.0,,,0.8711622307219723,,,,,,,0.0,,,,0.0,,,,,0.318596140731705,0.0,,e41473adaa20b0dfe8eecc7e6000f550ae13c68770e4946667d4c938e7a89230,608d5152e26531f443e848f1ab03966ce4ec96ab2768c3ee09bd3bac6d538107,ed7965639d6c973683a3e0998b12b663f264d5433f5478457aca2d17c306d14a
trackside-maintenance/0021,trackside-maintenance,train,927710,13131,383937,763889,1311647,940841,0.7002758197977321,0.986043337822225,0.7072863354240889,,,0.0,,,,,,,,,,,0.7002758197977321,,0.983006074066596,,,0.8079456566488267,0.6143599594068095,,f193c1a096a827f7ac610c2dfa2ef5244731e66842755d4d9a52dae046fadeb1,3cc3a810432c2d42f2e1b1d81348e5530c70ad2520bc91739596cf667ef7070b,1432e1c1e24ea0c9e637dace4e92979c6eca9f4c3b4074f924124055bc14331f
trackside-maintenance/0052,trackside-maintenance,train,1126855,57585,50647,853581,1177502,1184440,0.9123689262375849,0.9513820877376651,0.9569877588318322,,,0.0,,,,,,0.0,0.0,,,,0.9123689262375849,,0.973781761811687,,,0.8681052864362218,0.9483014379769931,,efc1a697946924df5b504e34114d2f5a5bdaff8ab191a9dd2c8d978a19525204,d7c67dfa30ada59632dc54a7ee5807a8e61a421646642ee6822c51b526280b84,2fca6a0449f95597d42028d342f6c40e55fc1c31085cfc2d47a124c8e555c047
trackside-maintenance/0055,trackside-maintenance,train,1040894,11470,140031,896565,1180925,1052364,0.8729439489430936,0.9891007294054148,0.8814226136291466,0.7869845432217318,,0.0,,,,,,0.0,0.0,,0.0,,0.8729439489430936,,0.957150021942198,,,0.8783473336002519,0.867088409522745,,28f3b3d7bec0bf474a3fc09012c7f4ef1b0b5a4e37e51acf00fbc5bea657569b,7b23c5e8ffdcb864899f2b44e3f35d742c5fa4f4a7b41a710d74ec6204039136,a0005d156a3a4f1b8d1a7c31b8a59ec63a6f8af1b270ec0247199f7307d9ef3b
trackside-maintenance/0056,trackside-maintenance,train,902927,15925,173631,994735,1076558,918852,0.8264906639279512,0.9826685908067894,0.8387165391925006,0.9156544846931243,,0.0,,,,,,,,,,,0.8264906639279512,,0.9347438111686817,,,0.8826608551847855,0.8713577822812016,0.0,ecf8e84d483b920ff62e729b88a34b2e02bc43b25ba2201f33a1d1233e98db4f,71ac374b6a05e5b030909b340d8dfeaf290ad55a7d2193361ea9ad5698cb1afc,5e25e6fde207c69c324fcc5ed291760b3999bae4c6a6c509da36afa7686e10a4
trackside-maintenance/0057,trackside-maintenance,train,495409,144,313871,1279131,809280,495553,0.6120512858526557,0.999709415541829,0.6121601917754053,0.9107913824367498,,0.0,0.06428911079410367,,,,,0.0,0.0,,,,0.6120512858526557,,0.9558521101573677,,,0.8994904216179642,0.935408890702939,0.0,76a244cf235702a8709bcd5845224a9a5785c3cd791a1fc89b4d54cf065746b8,c6a6ea3d247a64e8a78e7264e9e5bf9070735b251f3b1498e53ceeb2d9a5eece,7beef27404443d068acfe9c7d8ec4bdc3bc275950d5cfa452f06f40babe4d066
trackside-maintenance/0058,trackside-maintenance,train,1190793,7097,137316,753754,1328109,1197890,0.891842157689525,0.994075415939694,0.8966078838408594,,,0.0,,,,,,0.0,,,,,0.891842157689525,,0.9263133270953081,,,0.832761771345153,0.840038557062716,,527bd4c6f5b48a8fa052db415d684acdb3dcbf8021025486fa219182ad9059ba,135090e121d0df3d05d16ca027cf3a9280fcb288b8d5e5c4b535ae20858a57bb,f065b9c9256d74585a67e04e0e722b59f59a2fdc39d4864d9a27bf0c1c74d7ed
trackside-maintenance/0059,trackside-maintenance,train,1156230,7325,97977,827399,1254207,1163555,0.9165284749019447,0.9937046379414811,0.9218813162420557,,,0.0,0.0,,,,,,,,,,0.9165284749019447,,0.9234134098243097,,,0.8108693889915224,0.8608628885760168,,8f38d8ecfaf13ea9265b15f72d8c2a5f6320df894c563c0277971f5a71223076,51caf95e4def10813bd0f02b5d94ab8f9ddcf77d3b4125ae347e9e88f0e70034,1a48c82610b46c1312b87ae3abd23be987ceaa3a816777bee923c59799fdff73
trackside-maintenance/0060,trackside-maintenance,train,1192372,27681,219803,649104,1412175,1220053,0.8281189230034115,0.9773116413795139,0.8443514436950095,,,0.0,0.0,,,,,,,,,,0.8281189230034115,,0.5473334688622349,,,0.8786866494714556,0.7328914212481491,,af2519b33d6b5f52478d8c41669353834cbc46bda125e944b6f0f559e55e7d51,a1ed253eef60a1b41a1f265e34bb48ebce8b527eb2c22c4dfdfd0244558ab6a4,901c83c2e0ca77ec4148ccb970580815e5772be932d644932d6bdceca5acbc3e
trackside-maintenance/0061,trackside-maintenance,train,1643359,49541,25396,370664,1668755,1692900,0.9563887712012366,0.97073601512198,0.9847814688195691,,,0.0,,,,,,0.0,0.0,,,,0.9563887712012366,,,,,0.8155627522740281,0.5592944108906145,,8bdf064f89bd89d79af62f1c4461b3024cfa2110a8194ff5044d74f7f592fc74,a2d3dc8b57ca001020539c453fd25cc135c52f4e3a1b7e3782882c0642be1d36,1813bd8c8880edd40bb6d15eea798423e53124be181b1dc055f22022492b422e
trackside-maintenance/0062,trackside-maintenance,train,1876868,32948,26193,152174,1903061,1909816,0.9694521048197606,0.9827480762544664,0.9862363844353912,,,0.0,,,,,,,0.0,,,,0.9694521048197606,,0.0,,,0.8192696468864943,0.0,,6f1c22c5a26f9c6f9349d1b7472ea93537d6383a9cda356167f51397f8e8f989,8b6b3404dcee61dcef88a2efe10d1c664ce76c5c90f08c90a160e1881b9c7ba9,2748a82feff00b6210bd88bdd4297202250217352ac719d603c596a349d8fd6d
trackside-maintenance/0063,trackside-maintenance,train,1247908,13421,88634,738997,1336542,1261329,0.9244016317484257,0.9893596357492771,0.9336840892392457,,,,,,,,,,,,,,0.9244016317484257,,,,,0.9414825212964082,0.8395450906249698,,f25b27c24e3ff91436c5e3877a5df281c4dd826a5c70266f8b58faae4174a2e4,f404f535862173c8b8688fb06460f4e3b4307973ba3453d76a2a74ed1ce29373,96ef79aa15965a375b3dc9ce447e08156da8d1db6086479ae5c4d38f6905ff31
trackside-maintenance/0064,trackside-maintenance,train,54582,14593,326966,1692819,381548,69175,0.13778427378130514,0.7890422840621611,0.14305408493819913,,,0.7078768406383845,,,,,,,0.0,,,,0.13778427378130514,,,,,0.53744574148395,0.007149703975190302,,40ea4a91bdc724c6898236dad7394cdb56c3f9eff92be4c2d3cdc31bac221ba5,8cf27ff8c967f94b6ce773a71a3e75cdd9d3bead6550b3d272103014e8ccae9c,5ce94b0f1a88bef592877ceb9dd6cf3b0adf3d0b08f9417c0dbbf6c71c45a270
trackside-maintenance/0065,trackside-maintenance,train,1308588,27292,33152,719928,1341740,1335880,0.9558490962957769,0.9795700212593945,0.9752917852937231,,,,,,,,,,,,,,0.9558490962957769,,0.0,,,0.9298786763192407,0.9164959458538691,,f03f57e248aa7907bdc8f6d9dc2d77aa18d6bd0c9408c1035bef8a148a559b79,c6eb3a0619930aa14ed66cc41633d3632df51fbd1eeb2b2d5c2a7d4933429313,4639366e7b29501a4d8e41f26642016c98cf9a116d0351b85cfeb6f4e105f87c
trackside-maintenance/0066,trackside-maintenance,train,1215786,11298,82226,779650,1298012,1227084,0.9285700101580222,0.9907928063604448,0.9366523576053226,,,0.0,0.0,,,,,,,,,,0.9285700101580222,,0.9327050667533241,,,0.9450721772656351,0.8810231815677577,,6223c858287f0677fdc6d3b7cc8038c3ecc2f0d657d409ea0818439bb88d0fa5,d3884b710501411f6f6b15febc4e69affad923b6dee90f38d67b046fdfa35666,bf9c32a3433d24d7b352957c6ce0c7c55489d1049f0fdd8ac1114c41f10c677e
trackside-maintenance/0067,trackside-maintenance,train,799093,17746,58680,1213441,857773,816839,0.9127077767586997,0.9782747885446214,0.9315902925366035,,,0.26626240352811464,0.0,,0.8864412811387901,,,,,,0.0,,0.9127077767586997,,0.9795094104551535,,,0.9130562260140211,0.9056813891482306,,0500732a4422c6db9e57d541c1a7f0c06c3e10fd30ca7e04d1cb512dcd29b739,31e1a531c8bacd76bd03d1630b16b65d83c1b22e86c7d094e48509567df280d7,a7a334ac8d8bbd61170b3d550ae3701040fd365f6d8331adb0237e1462323bad
trackside-maintenance/0068,trackside-maintenance,train,954998,16030,99103,1018829,1054101,971028,0.8924122373802833,0.9834917221748497,0.905983392483263,,,0.26709796672828096,0.12339331619537275,,,,,0.0,,,,,0.8924122373802833,,0.9743989264211185,,,0.924054814048599,0.8520879821485495,,2002370858caebe870952bed7a32a15d4c1e010a5b718f1e3c6e2a619ef1550f,f630baf409c8fa26b7d8c7049cc4ec4ab2d5780809fe481c6ff0414a1752009b,8ca50d2aa99e5e2f02ab12152bf501e4a96cbc273c77a933f1784b10b28a728f
trackside-maintenance/0069,trackside-maintenance,train,1788341,79885,18495,202239,1806836,1868226,0.9478566253304013,0.9572401840034342,0.9897638745298412,,,,,,,,,0.0,0.0,,,,0.9478566253304013,,0.0,,,0.9111155032576393,0.6538502716736704,,f29f28360c7637a0569445615e72587d568ec754c219c552470709afefec21c0,9004352091a51ef231b51d3a96e9c590f364538a5c6d5c05d1c1cbd61935bd8f,d7271bf6c3d57233adcbce1f194ee8d40950a9a119b805fc3f3147e7108594df
trackside-maintenance/0070,trackside-maintenance,train,1808873,26800,66374,186913,1875247,1835673,0.9510138287855137,0.9854004498622576,0.9646051960088458,,,,,,,,,,0.0,,,,0.9510138287855137,,0.0,,,0.9366197938453947,0.30056068414793,,8da8ac7ad697e79d43107c8ebe4903d9b515079f50e3b43f871cbcaca0df5d1e,fc37c78a2230c5c8c971926e1a494ea03d9ff1f1d5ef03a91ddce40348295058,80be30452d90b2cc0c1174dd1a4b52eba5e279acad66578433e3dd55d825fef2
trackside-maintenance/0071,trackside-maintenance,train,1552650,5971,130146,400193,1682796,1558621,0.9193985908061917,0.9961690494353662,0.9226608572875143,,,0.0,,,,,,0.0,0.0,,,,0.9193985908061917,,,,,0.9143172430179851,0.0,,3722b3d81a9495d0186d3ce92ec994c7f10c979ce8ebf1d78a787043f819a9f5,b67b6c1fd6b1b376e5af96480d72e2c49eda9b71209418decad92c770b5024a5,ad86c984abadc4df92a18c5646b928a05748947d03c1d519614a766905d74ae8
trackside-maintenance/0072,trackside-maintenance,train,1547135,34240,69596,437989,1616731,1581375,0.937106103014529,0.9783479566832661,0.9569526408536733,,,0.0,,,,,,0.0,0.0,,,,0.937106103014529,,,,,0.8417672860365812,0.0,,190287f82f43182bf0e583f603971ce568382ea6cb8bd6655a8483c3dd9de73a,ed7b67bd4cb17da870d4d1c71e483046760415f5abff5f935a882ce1e78f4a58,690d406f71ca4c6f55157867fcb5b94cffd89a507bf92343dfb788580daddb3b
trackside-maintenance/0073,trackside-maintenance,train,1493340,57199,70962,467459,1564302,1550539,0.9209615041865531,0.9631102474687835,0.9546366366596731,,,0.0,,,,,,0.0,0.7860332364793717,,,,0.9209615041865531,,0.6737393221273078,,,0.7571013969714742,0.30539992303527985,,5652f16f45d364803ae0cb7862cfd6866fbbefdeeefdf76929de1dbf58fe7814,776ab1d9d39e30450e3cb98591c31188fa38dda21975a58e3b3269ad48adbff8,d408fcf008b4fc19812b879bf31db97690c84347ccc78740e09c708626b46ea1
trackside-maintenance/0074,trackside-maintenance,train,1251831,140233,94460,602436,1346291,1392064,0.8421196025089404,0.899262533906487,0.9298368629070535,,,0.0,,,,,,,0.5752685921319536,,,,0.8421196025089404,,0.35229975983700784,,,0.7038695146024194,0.48208865396692485,,093b845a2d8a639e83ffa1ecf5fde92d921664c2417e66a25b10d3dca8f6d55f,f7283dc707378e69d703aef147373bdcd064cb957f41e1765d75f9806d2293a0,c83d68c72123f39296116e07c64d4849a87e10ae984b628eda826df820d2e083
trackside-maintenance/0075,trackside-maintenance,train,1454452,128286,53426,452796,1507878,1582738,0.888940228485653,0.9189467871498631,0.9645687515833509,,,0.0,,,,,,0.0,0.43930583639254794,,,,0.888940228485653,,0.0,,,0.7668736790765729,0.6160796876369267,,03904f8a2512daea1c39d2cbdedf3303eb95dcf456e4adbc73e729eb2d9aca10,718e6fd45e2e42240aee648e4e87a0092a7553e48a752f65433e382eadbfffee,3fd0cd5d16ac1822cc5701f68c70708f9bdfd699122961c0a866a77599766cda
trackside-maintenance/0076,trackside-maintenance,train,1266007,33853,354243,434857,1620250,1299860,0.7653737403293507,0.9739564260766544,0.781365221416448,,,0.0,,,,,,0.0,0.6097540481820691,,,,0.7653737403293507,,,,,0.7477162887035955,0.0,,2c8539da08f1b6584a3d127fd3a5f5050bdc5350404f6d4739a5e44dc6d6e78b,b0a5d9f1ca8e3700479bb3fd590e0e31fd80eb007671997450e69cea9e96069c,1e7de0eb6744b929b67e20a9909fa15f9aa753ca7e08bc70aa16532f9769a8b9
trackside-maintenance/0077,trackside-maintenance,train,1193388,15402,83139,797031,1276527,1208790,0.9237256846157954,0.9872583327128782,0.9348709428002698,,,0.0,,,,,,0.0,,,,,0.9237256846157954,,0.9392511950870581,,,0.9296392776128646,0.8625145524176768,,845a1cf210437b2039d48232df6099976b3cbf2a66266f2948cd84e0e8dd1a89,db1147ad0f9aa22d2101b8b087ce2dcca15710e76e651244fdb30f75aeb1348f,b1760047531c06484d67b0ba770c438a8ed74cad86e4794fadb86f693235080f
trackside-maintenance/0078,trackside-maintenance,train,1210677,21532,86055,770696,1296732,1232209,0.91838736398779,0.9825256916643199,0.9336370198313916,,,0.0,,,,,,,,,,,0.91838736398779,,0.859032131661442,,,0.8993033761503576,0.789676391474548,,9072ecd1d6bd9a6ade7bbf9d4ebfe4912556baadda2bae4e1a66249b89915dc1,5ee5a7b2559e29f59042063b25e69d22cc7635dcfb1ccedb12ca183a2172add3,3c252828fad7c9b2f9b684da7067ad520b30f2d05bec016c26aef1f0a35dbe75
trackside-maintenance/0079,trackside-maintenance,train,1236195,21266,80455,751044,1316650,1257461,0.9239705631743697,0.983088143489142,0.9388941632172559,,,0.0,0.0,,,,,,,,,,0.9239705631743697,,0.9568246749460673,,,0.9250498869229746,0.8393784321958154,,7245d072113222a13b028579251a425ef833a8850f977f01ffb13f42c5569754,196f7161bb9ef2af0e3ea14b4f939200a99ce0ea7a60d5039b4f22522718c58a,deff2ff8377f46d1410b8b1aea5263773449566ec5aaaa888d10ec89414ed803
trackside-maintenance/0080,trackside-maintenance,train,1009261,26233,188414,865052,1197675,1035494,0.8246216218866124,0.9746661979692784,0.8426835326778968,,,0.0,,,,,,,,,,,0.8246216218866124,,0.9639516409053126,,,0.8860198010432808,0.7908341088666265,,045d4791802edd4766cb20165f7f89e48500708e9eacc4fb3176b9cd89733d49,72915e72ba77b4a35ec44c0cd9aadfe5a489e09dcf8bf4df59f3ca3ef7ac9e26,f78e8db13a9d52ed9cbb93982806ff539d3e67b32d27daf0f18e982f99115709
trackside-maintenance/0081,trackside-maintenance,train,1261121,26857,125764,675218,1386885,1287978,0.8920446587849834,0.9791479357566667,0.9093190855766701,,,0.0,0.0,,,,,,,,,,0.8920446587849834,,0.8894037836804892,,,0.8978628199380758,0.7590933736549902,,eaf74d01f4f349885d90aff52c367596e2cba944e49a7b0feffd851b79a71ea1,e7d19f949be6c72d26980869fabb339acd375a65015bcc000bb7ea609efc0558,9d79e0233cc0a311486e6ba6e418dabb6a9805967170ee0f5d5e1893a989fb12
trackside-maintenance/0082,trackside-maintenance,train,224929,22340,417766,1423925,642695,247269,0.338221296623486,0.9096530499172966,0.3499778277409969,,,0.5815365321945168,,,,,,,,,,,0.338221296623486,,,,,0.6616813381759574,0.00034202708049707934,,65b79e130b09b882fa33f7676d2436a802b097d73fc606fa0428a40aa7592ed5,a63aebc4038689fc219bba17b9c67904c70eae12e7833a0e436e0aa12bdbfcaa,a54d42fbe01967d1d3ca6e11e2f3a12369d27dc0f7355aca9067cc093242ec76
trackside-maintenance/0083,trackside-maintenance,train,1539964,41385,57510,450101,1597474,1581349,0.9396561876280998,0.9738293064971743,0.9639994140749708,,,0.0,,,,,,,,,,,0.9396561876280998,,,,,0.86146264979281,0.7533754562913227,,f93539c0825969b6f96f386dbaa98f06caadbcb1d80a39102a077ace90560d5e,eacd1a0cdf15d5e49563452c6d7003c31113591a4df0d81eaf61105edab0d64b,2d958f1476df30da199224e7065e17a431a1cbdc59160be22f88e970fb264f44
trackside-maintenance/0084,trackside-maintenance,train,1109074,9618,290675,679593,1399749,1118692,0.7869305865682963,0.9914024593006833,0.7923377691286081,,,0.0,,,,,,,0.0,,,,0.7869305865682963,,0.0,,,0.9346263950384858,0.19045964904417204,,78b655ec93b0e9575d9bf363a03233ad6e48a40c1e428e86125f919cccf38ced,ac028f7bcbe7ad92f61055bc538a75e3ad911ea17ef8513a38a275c9758c465e,b9bbe40960aebc43fadb9ed951ff41a2d5664bdc403002e76c5030b659461859
trackside-maintenance/0085,trackside-maintenance,train,1299416,20203,26786,742555,1326202,1319619,0.9651003969830771,0.9846902780272184,0.9798024735296734,,,0.0,0.17782426778242677,,,,,,,,,,0.9651003969830771,,0.382212811011117,,,0.9342508551642857,0.9418497017575359,,1fe7cf2ae2eef9be85f098226cc6e927e226f7e34a356079eaf30f81a5517c08,a964b223ce70c0ddfcfc63a7116d136b72dbabc8a5bfb3c71b4a8784a89ebc9f,15bb259f252906ecde0efa41939a13449f4cb22c7203a35f88c4b087392456ff
trackside-maintenance/0086,trackside-maintenance,train,800286,20684,54081,1213909,854367,820970,0.9145592656885142,0.9748054131088834,0.9367005045840956,,,0.2409431413483974,0.39429530201342283,,0.799422708875851,,,0.0,0.0,,0.0,,0.9145592656885142,,0.9646594036729357,,,0.9131104147318968,0.9098765904986459,,9db552632140a4fe745fdf61a0d0fa31fc4952af06addd32095a7c1372bb9d8a,48e0f42fd5470fdf74ebb3d8b15d9098a05ee9adf3541431ac1b7a9fa0e062d9,5ba7104766c6fa274b97bac5f01a0d3b0745d5211c52393222539661d1384681
trackside-maintenance/0087,trackside-maintenance,train,925836,18307,98469,1045470,1024305,944143,0.8879966852482035,0.9806099287925664,0.9038675004027121,,,0.25114494368114865,0.4321608040201005,,0.6162249864791779,,,,0.0,,,,0.8879966852482035,,0.9648491904361511,,,0.9167042104856669,0.85503992667299,,95207ac84f3acc3ff5c55764aa554bffc9f0a32f4cab08eaf951e2fe43877d51,587b26c9e34a988459b083e4db74f236062e3ecce661eb481c45f1084fd9f4af,dca5c12183c562e46a51324ad84683e3feb88f60e2c3d10903f8f7e30ce1e7d9
trackside-maintenance/0088,trackside-maintenance,train,913872,14340,142529,1018219,1056401,928212,0.8534949161375159,0.9845509431035151,0.8650805896624483,,,0.0,,,,,,,,,,,0.8534949161375159,,0.9764481353484293,,,0.8975514024335014,0.8158008505177307,,d725e1c7a0e34cdd9a85ca766c2f77aae4456153fa89c7ec4ed4903841bcc25a,d8588ac0e324f990fbff92d6ef4ea35638073f169b1c3a29eb0f763ca8158eea,f36605af52ed3811b2fb10338b27b3395327c193dcb6fc6d4fa911c5638f1119
trackside-maintenance/0089,trackside-maintenance,train,1327214,26002,26729,709015,1353943,1353216,0.9617876074771096,0.9807850335792659,0.9802584008337131,,,,,,,,,,,,,,0.9617876074771096,,0.7938144329896907,,,0.9263157570493036,0.9337710389854521,0.0,0055dcf9f3b23337c4d0b8675c5c94dc530eabdf296e211580d8631bfde63237,3fa143f99bf6e20e136865aa3ed2add68b848b13c63f491d183a418d2b345cb3,1d7a9105450a7107876c4ed9ffe84b43d2c711b389fde123f760fbd342876807
trackside-maintenance/0090,trackside-maintenance,train,786269,17047,42672,1242958,828941,803316,0.9294091641961825,0.9787792101738295,0.9485222711869723,,,0.2797944637825294,0.05345345345345345,,0.903957108643588,,,,0.0,,0.0,,0.9294091641961825,,0.9752011816608954,,,0.915786446350136,0.92597084656235,,0a5483a0127931090560f2cb06532b9de62ff8978b5d2d75fc73f10c9e628fb9,bdacebbf7725f3ad965f05b99232ec789fc6dd5801ffb98aa2a88920ad1db2bc,045651589de7cd217b9fc5c00948e2d54656820a574ffd0c1c9747b1dd4df118
trackside-maintenance/0091,trackside-maintenance,train,947297,14875,66861,1059723,1014158,962172,0.9205700886171775,0.9845401861621415,0.9340724029194662,,,0.18478044903636,0.18140929535232383,,,,,,,,,,0.9205700886171775,,0.9645086900275606,,,0.9180313632077812,0.9026303076550353,,140a0439c3c000cca0ab1e8fd90ed6598c8fdb0c15a7ebf645bf70366d6dd90b,fd9fcc64d607952b1ca4b32b253c900c3b6c42ae47ad9a118acf78aa6132ac62,269b8cc7838fa4cef84289bdf7aec56f5dd9434aa27cb61a15b530f523d466e6
trackside-maintenance/0092,trackside-maintenance,train,1239568,10163,73034,766195,1312602,1249731,0.9371037183475522,0.9918678499613117,0.9443593716907334,,,0.0,,,,,,,,,,,0.9371037183475522,,,,,0.938720773201455,0.9142310322619198,,b46f2ac36452a0a15ac8e7c69746492ff0b596b959f253d1612c3db9998b2895,ca30dbb08d9fb0e4fe8996fe88911e453cc3bca799282014ced559432b824f51,8da05f9d036319f75e7996e82034ab5ddfa3bfa2d7aedc77cae1274060e2f659
trackside-maintenance/0093,trackside-maintenance,train,842319,15340,51503,1179367,893822,857659,0.926478449385258,0.9821141036239345,0.9423789076572293,,,0.46520941097947605,0.10599078341013825,,0.8057226705796038,,,,0.0,,,,0.926478449385258,,0.97438906163177,,,0.9122501234834248,0.9203004318364376,,6259e3456d036d7371c800562ffea682d470ccccfc442c166f67ae5f354b645f,84941b6b7aa17a3e2407d6f073b2b43d7c36ff43014f7ec679d58cf5431ed076,757027db26dc341a45f52b955b0b9aed7a570874db654be74e449e8130280879
trackside-maintenance/0094,trackside-maintenance,train,969851,9045,67661,1041266,1037512,978896,0.9267063332431965,0.9907599990193033,0.9347853326033819,,,0.0,,,,,,,,,,,0.9267063332431965,,0.958170783433787,,,0.9376622720826794,0.9021256406754319,,e0ed8f532604e6e6555ff2fed40abf4191312f80d30033f9f5891f116ab17ef9,7e4ff407e211370343392cbcdbff2b1388d8e1979cda20ce09bf6f00dd9def79,cff00e4703527b1eea4d42f765681b3cd4ab0882d83419e49bb3d1c02d366caa
trackside-maintenance/0095,trackside-maintenance,train,723515,15303,102764,1247378,826279,738818,0.8597082637223705,0.9792871857480462,0.8756303863465004,,,0.3076807228915663,0.0,,0.9241671505688539,,,0.0,,,0.0,,0.8597082637223705,,0.9776404831342006,,,0.9090924701639908,0.8414724898203124,,2c0673f9062a1f999a14ea9f32f3a730731ead900fcdf51751a187ad746dfc7b,e2149e1bb2a9cbc2acdbaf0b9ef76ebcda214853f1f5097dab8ec69174e4aad8,797d0fc9d5eacd04617ae87e0555e3d0528b999311e27f8c81c3be3c989c1daa
trackside-maintenance/0096,trackside-maintenance,train,344772,11991,62399,1669391,407171,356763,0.8225268511935719,0.9663894518209568,0.8467498913233015,,0.0,0.27882494485662723,0.0,,0.6107508642346424,,,,0.0,,,,0.8225268511935719,,0.9862902728292342,0.9561175810298863,,0.8339327808695229,0.8722605971388668,,4c21278ae3f78bf40f512492d07dff5fe47bcd04749b1b5bbb976b5f139f1b63,0bdeb500a31ea967c4b9b29ff432f98229b20b9b969b3a7a8efa595fe61979ce,dce777b1a9242583746c7351b69f5972b517fe235ad503c5f2e57797242f6155
trackside-maintenance/0097,trackside-maintenance,train,965050,13041,593745,277181,1558795,978091,0.6139635432704176,0.9866668847786146,0.6191000099435782,,,0.0,0.0,,,,,,0.0,,,,0.6139635432704176,,0.5083316190084345,,,0.8776168074778571,0.0,,069e56fc048051d80ef3d6c175598cb6a1df2596f82c85bd8075f4b88100565a,4dafdc7299c42b3fd729bc5fad69b105505ba91c31b992ed39c8524ab26e9327,67ee76ce9dbb5d09f251b3cadd338620697a9962ff1626e86a65db06a79be08b
trackside-maintenance/0098,trackside-maintenance,train,680272,22914,1056634,329140,1736906,703186,0.38655771613005874,0.9674140270141897,0.39165734933266394,,,0.0,0.0,,,,,,,,,,0.38655771613005874,,,,,0.8690873717130386,0.0,,fc04d89f6819407752a53d790ea973fc002344aa19eadc04b345225545c7ce53,50b458614c96f982cdd8a232cc68c34b8a13e26c9ea30e839f0bb3d3f75ed0bb,f02508db57d8b45a0b6ed038838c1f487790d08e4d6502ca17f9f54f5a355f10
trackside-maintenance/0099,trackside-maintenance,train,643693,10615,661193,773459,1304886,654308,0.4893139571919748,0.9837767534555591,0.49329443338345264,,,0.6302702702702703,0.0,,0.9542185279297127,,0.0,0.0,,,,,0.4893139571919748,,0.98327055577358,,,0.8886327686273587,0.1373253624428848,,34c0bbfd58571e1b86214468e7824979e09367e8aa452150512daa459ff8c186,0553959daf6ce869735cd945b60890b3ab439a1579cbc8fe572569200304aa26,4f96a8122a2cfe261e5295a73dc37fcc9acbbeaf23a36e44de68b21111fedece
trackside-maintenance/0100,trackside-maintenance,train,867665,6619,270073,355164,1137738,874284,0.7582118167669705,0.9924292335213729,0.7626228534161643,,,0.34899543539662786,,,,,,,,,,,0.7582118167669705,,,,,0.7723444716109753,0.8534954370136737,0.0,295de469c85a2cbd063ed52a760230d5847fd6ca3ec792d4228e881a1fc88163,f5b03baa6b4d5ea3f09082ebe6520174de0c27be86a86a96401a87b00c959c4c,9abd69622df3e5bc74951868b6c294544c69aa51a2a81622a880225db75957b3
trackside-maintenance/0101,trackside-maintenance,train,386728,17186,48225,213861,434953,403914,0.8553298874903514,0.9574513386512971,0.8891259515395916,,,0.39202772963604854,,,,,,0.0,0.0,,,,0.8553298874903514,,0.8037647058823529,,,0.9094142237658975,0.6819522353564292,0.0,f18cd13f8be6e6da511d8cc5f6ff2f0e8e5ffa3cdc730d55f0752e075e4be9a7,2053724e9bccf33b2605685548994cd45b4e42ce9eed6263ab94fd76ac8b7402,696d31fbab9622eaea64d26b9c5b8c4f17a037aecd652235451d8a98bb129314
trackside-maintenance/0102,trackside-maintenance,train,258702,11272,142494,1086789,401196,269974,0.6272050195409098,0.958247831272641,0.644826967367571,0.0,,0.5973265605142267,0.0,,,,0.0,0.0,0.0,0.20944764927309714,0.0,,0.6272050195409098,,0.8834206586826348,,0.0,0.7784211997887477,0.5326917293233082,0.0,d32849c8bde9dd413c6d0ab82ca84e62323fed3319cfb99825a11f91ac7baef3,16725b66e3177e4058bec98d44bcd85e2a17929f45e24c0a9596f58d4fc0420f,5780a72a4605fee29509b96557bb126a7b7f3a6a5803e68d67642f9a2cff4cfa
trackside-maintenance/0103,trackside-maintenance,train,236318,97143,547869,1207630,784187,333461,0.2681379279044172,0.7086825745739381,0.3013541412953798,,,0.417280185605553,,,,,,,,,,,0.2681379279044172,,,,,0.8290211171146946,0.015149256150131268,,bcd725f20e45aba176964b9c6318633c2f7a70f7664784eb0dfc98abf0940141,832b0e6356d68f26976e3d7922d3b08c241fb1ce86ad33ae4f971af5515c330f,948a810ed95559708c7dea40cd6c63bbceba3686e0bc392549e39a408786e0ff
trackside-maintenance/0104,trackside-maintenance,train,122161,6274,11942,282024,134103,128435,0.8702351524822443,0.9511503873554716,0.9109490466283379,,,0.0,,,,,0.0,0.0,,,,,0.8702351524822443,,0.977108647135924,,,0.8467679959012894,0.8674343076468851,0.0,8af545cd5a93e866ceeaf9e8b89657bd1753fb543ecfc98e2121144440cb5e5b,38d8338d1cf13856f69f9d6bf5678bbe6767d870b9c6d44089b654888be7a538,c4335970438df935ade2b04a6ab773c1a8776510b1c252732117312e02780ced
trackside-maintenance/0105,trackside-maintenance,train,126630,33090,80148,546564,206778,159720,0.5279153534443944,0.7928249436513899,0.6123959028523344,,,0.0,0.36482832959304484,,,,,0.6165943179421136,,,,,0.5279153534443944,,0.0,,,0.8551248093747492,0.8327340380267472,0.0,d1ad562afeae01ddb70bc66ae877af92f08918967c215ffefec2257c3ad76fa6,c81174649f12ca8f38a2a5768fc715389902ca51ae6140ec8217629ad50b6eb2,54bfdb12186524a5b82621c0b614cb3894fbb07057234847f9068044eb057fdd
vegetation-worksite/0262,vegetation-worksite,train,0,0,0,2073600,0,0,,,,,0.9391141974382818,0.803966451161978,0.17269716668710905,,,,0.0,0.0,0.3289022656968481,,0.03834534046014409,,,0.0,0.9580304261369711,0.9918198650074015,,0.49351125449079847,0.8911293923847139,,54396730a7d632e6ac164891ed59aa4b248397c4bff8ad0524ee051361535740,ecc4df5204120b6d832dfe643f5cf2ece2d746710ad731c9c0b70f45d3c1a90e,d7fa2ca8a6cd606e964597ec28ea88528a457c6375f98edad00b9b0dadc3acc8
