key,group,split,tp,fp,fn,tn,support,predicted_pixels,iou,precision,recall,iou:person,iou:truck,iou:rail-track,iou:vegetation-overgrowth,iou:car,iou:on-rails,iou:traffic-sign,iou:road,iou:sidewalk,iou:construction,iou:tram-track,iou:pole,iou:traffic-light,iou:mud-pumping,iou:fence,iou:terrain,iou:sky,iou:rail-embedded,iou:rail-raised,iou:trackbed,iou:standing-water,image_sha256,mask_decoded_sha256,prediction_sha256
flooded-road-crossing/0272,flooded-road-crossing,train,0,0,0,2073600,0,0,,,,,,,,0.9569419598489366,,,0.771799255104097,,0.6376947625305049,,0.0274247491638796,,,0.0,0.9213697050123713,0.9516331411990746,,,,0.8941918808666418,1a64c22d40183eaa53211aeb2ab21c5cbf2a328ca7b2d6716a58fff64bb7291d,2ae0b928ea09fecae228600e65afc5ccf5aeab55c6186e155c041878168d2b7b,ab26d6190cd866f20a5703fa525306ec5e5e0f37ca578d6e706f24df1f5a4a47
flooded-road-crossing/0273,flooded-road-crossing,train,0,0,0,2073600,0,0,,,,,,,,,,,0.0,,0.8594827343596094,,0.0,,,0.0,0.9214926147396757,,,0.0,,0.9869188509069164,4f42631f3a3bf1174b11d6978aa00479044e989be0e1722cf53a2a7d698ca4da,d71932fbc886eb13c90b1ecf925dd2ed196974dc2b78b22dae98b2b052263ceb,274323b40994fad7d5bdb6f93af02dd4d4306c4eef068f17672b9eb81f4dce84
flooded-road-crossing/0274,flooded-road-crossing,train,0,0,0,2073600,0,0,,,,,,,,,,,0.955951923106988,,0.0,,0.0,,,,0.6848998033861742,,,,,0.9305221918177029,5eac815d6dcafeaed42ca25116f35fe30e4598159ae3b155d664bf6b7378427a,92f986c0cf867798fb963a56a3cc9a99da42fa01c35481b1810a31fc272e5aab,5842b5e0ad56efd31bda34c3bdf98bf5bacfce5630ec7241c72712af6f76e642
flooded-station-platform/0298,flooded-station-platform,train,0,0,0,2073600,0,0,,,,0.939592066188422,,0.7531923980354474,,,0.8992095258717874,,,0.9778592864288096,0.9340740717398635,,,,,,,,,0.8806016083925441,0.0,0.8809752018924871,f0194c9f5092ef4a9f5211064d986408ef94a7c44752b254cf2a6cb67600d64a,9c2a8282ac3b685c1b4f7d0eada263e2c6deb4d18423159e43b764c65f2afc9f,50ba26eeea4c4ce8d79350d3d531d24e154da9e1c7c6329f3e042914a48c7ae7
flooded-station-platform/0299,flooded-station-platform,train,0,0,0,2073600,0,0,,,,,,0.8296733136269367,,,,,,0.9846806077459951,0.9170682309611706,,,,,,,,,0.9312493358707097,0.0,0.9485032150878381,2e8151e2e6b02fcc2163c50aa86d9e5e0134c8e81d7ed74c33832a121b91dcaf,ac007d07fbb9218cd6a46518c8161c36b300c81f837d4ca78ee881cc5c1285ad,632156e2138f0465ac14ffd65f854509be01ffb82518c0b200c7fa0a82237804
flooded-station-platform/0300,flooded-station-platform,train,0,22,0,1958498,0,22,0.0,0.0,,,,0.8442104701180634,,,,,,0.0,0.9554794435530385,,,,0.0,,,,,0.9059141893481841,0.0,0.9152653056311241,aa5009748eb469829d461d7b4e9a1e63aced662acde1baab34479670671c9cfc,71b71d95fce3df9c264c4586d0b956bfa611ac012f0c0847d66c466d4e709978,d488ca02439b14743d38400ed4232579c01e15c111a6498c1fb75b31bb047375
flooded-station-platform/0301,flooded-station-platform,train,0,0,0,2073600,0,0,,,,,,0.9111156087220512,,,,,,,0.9917188587334725,,,,,,0.0,,,0.9420104793580404,,0.9314387770967504,b6bfd2eb1a154fe26098279bca8d8165e5aa045fad56b687663d941cba56bfda,7894d14854f9ccbb4158b0466157085afe2d2c32ff1bb92ff09db44e499d08ca,0eaae56c3a0a27e88b5c952412ad0c0232ce8dfbbd8640f5a0bde8c82fe028d4
flooded-station-platform/0302,flooded-station-platform,train,0,0,0,2073600,0,0,,,,,,0.946815657021396,,,,,,0.7642394969470518,0.9958539061532747,,,,,,,,,0.9635243605163695,,0.9601088371582628,0758d8245392d38d69bb520d6aa46dd39d38ccdfa9c8011ae15e78d2a3d0dfae,00ea88ab0410bcf15bd3202f7dbdea2d25333ff4bec6c06d01c990410360a826,cbcf45116a3c3b57096bc9908223c4e713929fa2f98ad008d5323ba43f6c62e3
flooded-station-platform/0303,flooded-station-platform,train,0,306,0,2073294,0,306,0.0,0.0,,0.0,0.0,0.9549467195988299,0.007701863354037267,,0.7970053475935829,0.472073732718894,,0.9756737382706905,0.9145306663502727,,0.7074017576613086,0.606508875739645,0.0,0.5374780156891209,0.8585201008148826,0.6919937419223182,,0.7931403996820711,0.8946199082142039,0.9113480220549623,e62cac97ea08c225e113869af1e24539312d59ae8b1ea981d8625c7d8c85968b,e39d3cc9f2e733f410aab08b883c5b815fc0b7cec4923951527119e1188c966a,0fa288cd9e53de50f58e98724779c6e12622104569e57dce67973413b042e8d4
flooded-station-platform/0304,flooded-station-platform,train,0,0,0,2073600,0,0,,,,,,0.9185233425132318,,,,,,0.0,0.9875056313936921,,,,,,,,,0.9160256947455484,0.0,0.9556959895200938,c9797d293e9f42ce5aacd15adf5adeae5aabd49c586206b065f6f9ae8218987a,fdcfa33e5312540d1fe6a49626ab748f10be173352f093e26fb20c90e293784a,24444b9d048b57ae56bd8b052e24c5d01afd8ab4553c416f5fe546c666fa3b66
flooded-station-platform/0305,flooded-station-platform,train,0,0,0,2073600,0,0,,,,,,0.9009558273179179,,,,,,0.9620751568407934,0.9905289492494639,,,,,,,,,0.9554177416829479,,0.937545698460766,10d64186056082ebd4e47902c4c0de8902ac70f0ef5c2e64b7a35ce344eeda23,e7d2de4d96aec0a8b3246ae5cbcc210d76914bab2c93070d8a83137bb7c9c701,ff75ac20818db99331343725da3f7f8922a2f9f097b9dde0c0b7166d116c7f50
flooded-stone-bridge/0270,flooded-stone-bridge,train,0,0,0,589824,0,0,,,,,,,0.9826672231577028,,,,,,,,,,,,0.0,0.8113839285714286,,0.84716370661763,0.7233809001097695,0.9500688973818995,d8aff7595858cbf04c9e2b85dc09bc865c9a2ad58b92c41e823fb4a084f4bada,fd6955216cc66b2eee2cfcf1242e63211c7bcc1bf86fb2ab9d8a15726ce917af,d089ed9f79ad491bec404e7cac8e62a308fcf0eb08c526e62a2c36c65cfeb553
flooded-stone-bridge/0271,flooded-stone-bridge,train,0,0,0,698368,0,0,,,,,,,,,,,,,0.942983592514845,,0.6392740105873456,,,,0.7611098679794137,0.9396389891696751,,0.6201010914951286,,0.9304837844928875,f5180763e414fb42a131798a9a989ba50a68fa194643d48809aba9a9130498ed,2368f3e5da46a76defb9ae32ea5cfde760f7cd9dad6b26b038b2df07dbeee742,288f3ada23398ab1b8988d27667daf214837bb3973f13af59c4acc54b887c761
flooded-stone-bridge/0310,flooded-stone-bridge,train,0,0,0,921222,0,0,,,,,,0.31323389400190416,,0.8492239467849224,,0.8201704545454546,0.3838533927686974,0.0,0.9174323646151741,,0.5822078060193555,0.0,,0.8731139240506329,0.9512879500853986,0.9144755328971137,,0.8652204321821338,0.8514502336242616,0.818608287724785,244d2e5e9d27aab38bd91e338efee542e9ef1b32b81f5b1d04e493988fd9fb15,e7400d491f361454e85ea2bdd892beb8058b0cd329a928274504f090705578d3,a1cbf83a7c59807e8148bdcf8945a4994ab74e51e7052e7f84f1e97859cc5528
flooded-stone-bridge/0311,flooded-stone-bridge,train,0,0,0,921600,0,0,,,,,,0.2672268907563025,,0.0,,0.5225806451612903,,,0.9666554500038826,,0.6223729461215132,0.5637254901960784,,0.4506034124011652,0.8988388519450091,0.8106669729688337,,0.7433922295508161,0.4714860388073829,0.921730656929171,3ec9872d416c77c2223a85177374f753b9fa22546177d378a402366f3a00fac8,1f576c93da65df63c0f97c19e0f4a5a88fa854a978139bb0b399a9b0722ff0ce,63636387d18ca3c5a3854b2595939944fb8475382f7bd16b8b6870592469c027
green-roadside-cab-view/0174,green-roadside-cab-view,train,0,0,0,2066880,0,0,,,,,,0.973131808625852,,,,,0.9591733481368009,,0.7919028340080971,,0.7581128445540285,,,0.49481668773704174,0.9670418089176346,0.9851071428571428,,0.7932274701411509,0.9372022569989217,,ac8756b81048f48af6d2c3fee710b8b43f34a4e658cde8c09bb9f690902790e5,1d89a374fa0d7ed2a6e6429295a1bbd6e07539abb712f5298181462289d6c8e5,48f45f87e92a3a6d4a36d1980e23d71b6bf1bc760ddad795adbeb7b47ca03a10
green-roadside-cab-view/0200,green-roadside-cab-view,train,0,16,0,2068174,0,16,0.0,0.0,,,,0.8281972591890707,0.3837753510140406,,,0.008064516129032258,0.913253343013274,,,0.7387551731648878,0.7854535821510567,,0.0,,0.9825572746206486,0.9902871366447642,0.6426051902242378,0.538090241343127,0.0,,647d89550b9094d69144e9eb687405a9b548e981193dfb8682ee2e38bdb37aa6,f46c80584a147ea51bb34d9112360631c5f11d0019df6dd603d23b6e150c5218,f214775ddaca626c86ae801b739c3361def75c58ff65013088e9f3d6dedfbf93
green-roadside-cab-view/0201,green-roadside-cab-view,train,0,0,0,1982593,0,0,,,,,,0.9550852181550987,0.0,,,,0.8845275478161576,,0.0,0.8459320948110186,0.8008142954082786,,,,0.9807096466662695,0.9907291335528592,0.733779001179709,0.7965605215912313,0.8463893305488976,,cec5a4a2267098df2b64c119ce4e99aacc9014722b05125b92bd8da623cddee4,55581854220617568ef435d0ce1a25842c7ab9554e57da4b56132ea6a7b2c5f0,b726fb05b547cbb41da5f4b07a422ecc31c101cf675e6abdfee674df9a25fd6a
green-roadside-cab-view/0202,green-roadside-cab-view,train,0,0,0,2067734,0,0,,,,,,0.915603590833924,0.7295747213505032,,,0.5991561181434599,0.939188947349583,0.2961616161616162,0.8910495670349358,0.9285243431584895,0.7315959985114813,0.0,,0.8148955880650017,0.958469613712786,0.9878857006042185,0.7725920258437473,0.5877596321547487,0.8925346122522848,,318bdc8615a85a559ef35aac3c3b7f2506709bbb305ce03e4e8ea37ade4d7da2,0f3fd0d5280d3287ce8cec97acdffe99355f4a4f1aa7868d9c5c404b03adc696,26b24eadf9282b74297b187934c1d5cbb9ad8f85cfe411aa31b2acf6b453f4df
green-roadside-cab-view/0203,green-roadside-cab-view,train,0,0,0,2067867,0,0,,,,,0.9538351445356055,0.9777981749008966,,0.8979494515975203,,0.7236286919831224,0.834410678307589,,0.6620241411327762,,0.4388115520465406,,,0.9039099119698182,0.9802528016390941,0.990583657291532,,0.6950251925638501,0.9333542472724737,,18638926136c9e885bad8a5394a86973d90d5ed5638573e5985654dec64db548,e71b82e1e191ebb38f5c61ef1b0d128e6e5a11962065312506493cb014a6a361,959bae1b2f80f4c8039dcfe0c25b5bae223112a8581ad6e0eef20b820deaa863
green-roadside-cab-view/0204,green-roadside-cab-view,train,0,0,0,2067867,0,0,,,,,0.9194863989384537,0.9833819957977461,,,,,0.6578715919085312,0.0,0.4624505928853755,,0.0,,,0.8709505191220922,0.9753216300018037,0.9941151159621922,,0.7957091323333966,0.949377407860308,,cb34ab4d9a1966c9d974500a92359ca204a93a0c8283bcc59a5f16456005f1dc,f8a201f8055169f4e1fc3ed4547ed752839f649ac12fc2ace4db3701d27241e9,23e9867356729bef7deb2b418935dd96c23d1acbf0dce94c3158cea433d1305a
green-roadside-cab-view/0205,green-roadside-cab-view,train,0,0,0,2067867,0,0,,,,,0.9605339841188898,0.9895475839390341,,,,0.5984848484848485,0.8900450271796188,,0.6685393258426966,,0.4194188963210702,,,,0.9863428705505638,0.9905366446237157,,0.8169381787802841,0.9631385009746068,,84c3ad934ba556452a390cf9a7615f786d7bada1f0ce3bec466c1ccd2a89b441,54f8b882502e1aba4a8f31dfe42009d9359e4354cbb6ad2a4af730894c4a64a2,f2d1b4614d3fb094ccdf90fdf099c7dca80692121b4773fdb546fdc313e51b7a
green-roadside-cab-view/0206,green-roadside-cab-view,train,0,0,0,2073600,0,0,,,,,0.9551602951645893,0.9819299977222686,,0.5513418903150525,,0.0,0.9334053892087408,,0.8496744920102585,,0.8280238972342578,,,0.8521984011627907,0.9807448118837893,0.9868036998192573,,0.7691185055458261,0.9563837429779416,,326099a1d7068b475af019e6dcf936e26aa1a539954a3f0fa5df1a5ff8428999,6cf8bd75df6f49b6f9d82d83a98a90658290b0098de456864106c497d525afa3,aeedb8d5ea1a526753ce96656ee6b0d81d8d9ad55c0fc0e2d843ee59f10f9db7
green-roadside-cab-view/0207,green-roadside-cab-view,train,0,0,0,2067867,0,0,,,,,0.9615149958255732,0.987376418074616,,0.35459183673469385,,0.6164921465968587,0.8247051708497127,,0.745475113122172,,0.8433547290919389,,,0.6904018840107986,0.9620153576356313,0.9924295598114911,,0.8466229746950664,0.9475402384346784,,0a69c574d773bd2b02269bec42203fa65c198e4f1f50743335704b45db4b879d,12929b2c41df570afd935b15f8686b36c15ffe4535cbf298828b651dc6b7f72e,921a230ccdd5e8a1917c1b9772cf38b50d3630fff82962233d5659abed0ae47b
green-roadside-cab-view/0208,green-roadside-cab-view,train,0,0,0,2067867,0,0,,,,,0.816768577054617,0.9769396751432997,,0.0,,,0.05312689738919247,,,,0.7679123954045255,,,,0.9888570293997696,0.9886397845435869,,0.8054775813671193,0.9616866071310795,,3b8efe8aa3a6e136add1665ab904a06b78b874796e0c18912f3ee9f3ff74d366,dae9e0177528e83bb9056a8fb457e3d484018332b434fe9195634f6a0f23d72c,2019f04a58223603db39f3ae5334ae718e992cf99004115b6cf367cb969308c5
green-roadside-cab-view/0209,green-roadside-cab-view,train,0,0,0,2067867,0,0,,,,,,0.8646592870925155,,,0.9571487565384968,0.9470998925886144,,,,,0.782608695652174,0.5145237731233756,,0.8924810072657563,0.9710667857745239,0.9857779367135098,,0.44868483978957435,0.921931711643721,,ee956750d1fd8c7676cd76b8db71bf93b9cbcedf8b4aaf4e538041ef501ade04,e9baf13f1df68cf0182ca0ed2887e288cb340e796f1b398ed5a32febcb242750,bfe2a45534db012ab5f446c529e13a85999b165a8e344985a307f250f614fa07
green-roadside-cab-view/0210,green-roadside-cab-view,train,0,0,0,2073600,0,0,,,,,0.9225806451612903,0.9068500612828544,,0.8357712765957447,,0.24860853432282004,0.9226443826854989,0.5659095368916798,0.8550807579804146,0.9596064832040959,0.7464768156451785,0.7964279521414948,,0.5413510684155428,0.915777698548789,0.9919173468492188,0.7504322383295651,0.6380920613742495,0.9007992190836435,,7fa10db78fee89d3d4e8282d50e5cec55c3943202f620889b50503ae276b1a74,6026feb523e6c808b7f1ebc4a15de86ec7be4191ea33e7e454205851f8780c5b,8c35a38555bbd7d32c6ff91a2688ccc6d004aafa1bd49c73e70bb222686d2207
green-roadside-cab-view/0211,green-roadside-cab-view,train,0,0,0,2073600,0,0,,,,,0.852083414742162,0.8784035259549461,0.31711987744159326,0.8127125150817155,,0.7538638763559566,0.9315192470133945,0.6710446554859567,0.7581943186057667,0.9351770384990369,0.7093166507412816,0.5793871866295265,,0.802362647665479,0.9036301934084813,0.9872093075841193,0.8630946795533452,0.6266720386784851,0.884083860076165,,41f0cad9cf8e4e11e5a870a293f740a7bce70a66b0bf5b0e86c9dd1fa6396f5c,c790e550e0f15182c68acd0fa1c3df3839237fe9c736e380c9569a42ede21622,765c28e2119b2f5d5da2108c06426a9327cafc81f9da68f33685a1c87df9230a
green-roadside-cab-view/0212,green-roadside-cab-view,train,0,0,0,2053480,0,0,,,,0.8044871794871795,0.5713122098232467,0.9422428615913676,0.11501141552511415,0.8282121377802077,,0.8790940379704674,0.8956613056362747,0.8013120096042533,0.8441171755113259,0.8684537105981633,0.6596642300934863,0.8002887669650592,,0.8817406410639782,0.8443880255887655,0.9858703421783518,0.47876942797628586,0.7699048363240588,0.9052964975648911,,19490f9f31865422ef3257bbecd836b58a75e1200af558b47627240cfc9e49e9,e4afe2ecf4ebd828471240e23f7446384dc2ec9d184d5b7d3aee969d13726f9e,fac40a2eeab215157e50fcc1811fbbd7aa70a5cec394e133cc2c66a0245c35ac
green-roadside-cab-view/0213,green-roadside-cab-view,train,0,0,0,2073600,0,0,,,,,0.9811250093625946,0.9599371098921884,0.0,,,,0.9361922098119609,0.8854569383894053,0.822396199859254,,0.7946156516372893,,,,0.9806178972589189,0.9928617743260184,,0.7289910022070059,0.9520421308776869,,5229632691652545fa2f89ea5800c86d39d27545bb45654c44af717c422b95c4,4f60ce021a149db8b77724d1203b796eafcc96c75f291f1e5fb521ca6adfa064,3c2adff769bad257959005c2ba1d5f79e2f62068a1c5e92e4b675659a8f981ee
green-water-cab-view/0263,green-water-cab-view,train,0,2695,0,2070905,0,2695,0.0,0.0,,,,0.8844581175279411,0.6775796956570033,,,0.5335365853658537,0.9238282516152733,,0.9023694429035581,,0.6833596693813054,,0.0,0.2965900079302141,0.976800124508774,0.9969075462979419,,0.8107784431137725,0.8604830898969839,0.8153003019796443,d38268ad352c084c45d9c129d86eed80ec34068717620fc1685f07a6cefd1468,8529f0f311585470613e21978d79fd7cd6125e1beefccb98f037b4124151b53e,2a46f9382c6bf936584f7177738bed33a57072fe71ba801b4fa968e66a4a2f85
green-water-cab-view/0264,green-water-cab-view,train,0,0,0,2073600,0,0,,,,,,0.9628423153692615,,,,,,,0.7216828478964401,,0.9530095138231759,,,0.35782747603833864,0.9624231511820004,0.9824204170418646,,0.7150336574420344,0.9130230628966748,0.7590953785644051,7ac26e3576a11b28c401290cbed89e663ce03d2ae23dcbd062e1ece5d3ba81a1,da975b659994aec1a32dd22d6e772c441d1fe28b507d5d47bfe4db184dbe094b,5e19bcae833d5a603eaa1f3b875aca7d5dac58bbe16a2038324720bfe6ca259c
green-water-cab-view/0265,green-water-cab-view,train,0,0,0,2073600,0,0,,,,,,0.9551349456712233,,,,,,,0.8936790892796033,,,,,,0.9435926337842752,0.9201417347606157,,0.9061110943122374,0.8748259408477377,0.5946308285919822,021d832dd111da4e3fd13f74b2531f5a87481b14073f6b0ac4a5a1149c442820,ee51403528cd8ec8eeea2c81f9e4b41eaae0496ac53ebbdeaf38f6f511c45009,8856fa686bc6a162d576dc63ad781aa16d27a93ca2e250d66f5ed1e5f6a3e6ad
green-water-cab-view/0266,green-water-cab-view,train,0,0,0,2073600,0,0,,,,,,0.9544836814484936,0.7322638501394978,,,,,,,,,,,,0.986212018470083,0.9291166677137651,,0.8758190327613105,0.7865335598980459,0.8480214344600165,1b57cba93cf3601d156721ce3f759bba69f41268fe5b975191c86fbff322be98,b57e3716ffe62a58f7111bf46af37413badf80d0ecc178d2c7b52919b30064bf,89234c32818d6ee7a89e90ed3611a24d387b6837c53d3f2ffdbb45a373545229
green-water-cab-view/0267,green-water-cab-view,train,0,0,0,2073600,0,0,,,,,,0.9521535960991467,,,,,,,,,,,,,0.983245201755446,0.8680702690979463,,0.8774656122103579,0.8286029861343958,0.7364667861032073,9b17276ea65c583df9303ed986d88d187c963d9ed6bf0b5700396e0de25190c4,71df9d1285b9ad09eb96265be443e2d18e28a00ec69a0f759a6d3989f1f4d48a,2c76eb208be14640d1d7855695c60759f41db5839904d07268e7eb1159156564
miscellaneous-flood-stills/0275,miscellaneous-flood-stills,train,0,0,0,249696,0,0,,,,,,0.7303835635649674,0.03361344537815126,0.4100418410041841,0.9409850446396989,,0.0,,0.8520058708414873,0.0,0.0,,,,0.8703124365172876,0.9844856661045531,,0.6610532463739901,0.7774420529801325,0.8083093073113033,61c2965c3c11954382ff9e9e06c34ffa4996a9a48b46aa7f5490049b85765bca,f4155b4c85702af56db693f3f999b74f08d30680a34733c864fb141f6a3f8c60,7afd1f8a33e3c6270b835a84d9b569a3f463cd934c6f1b1f5058c88fa55c824c
miscellaneous-flood-stills/0276,miscellaneous-flood-stills,train,0,0,0,920880,0,0,,,,0.7539796406367425,,,,,,,,,0.0,,,,,,0.8786979001930041,0.9860731013445542,,0.8471431376398979,,0.9010611069013004,85d7d06fc795f58f6e51ed5e91c5d5d8ab1f41194ab44f3471da41bdadf45973,b9c514a9abc72bf370a67587f1c41ec3e1c7769276c383024395b7a22ca7be38,9798cd80f592564dbfe0bc0baffa4612d92b6003a28bac2d1d35cee42c7ef080
miscellaneous-flood-stills/0313,miscellaneous-flood-stills,train,0,15,0,2073585,0,15,0.0,0.0,,,,0.8672056208740164,0.47080721003134796,,0.9757464330538204,,,,,,,,0.0,,0.7033046237769055,,,0.9212911088832537,0.9211901101866955,0.8150101570628747,74272d0a74c881e4e18e9bf6000c065a51519bf7c05acb3c8e912f075c3b5ddf,c3e7c0a88b0198168b7659a591eafc02b94abdbacb436e871eca4779200bf186,a82ddfdb4603d38163a538da9087fa98d85ec0698bb4e011cc4627c3ee20aea9
miscellaneous-mud-cab-view/0173,miscellaneous-mud-cab-view,train,26437,1421,19860,2025776,46297,27858,0.5540257345236599,0.9489913130878024,0.5710305203360909,,,0.8590699873592389,0.7563140451792313,,,0.6463343596571524,,0.9237925259464812,0.0,,0.6187112897968053,,0.5540257345236599,,0.9677786857378037,0.9965034707265724,,0.6394353771504191,0.8504686233176585,0.0,f0ca7b2f878f2a5e167e558097ca517d126cb474aa25f5b0ec0fc4d6b1e57432,b968925b81e441c3dc638759e4923b6ad0ca44e3896210a4c69b136305b9eb89,2f5b5005060ef2982c8e56411c5524f29e74eb80ba2b61f3051c6559ebb291f1
miscellaneous-numbered-cab-views/0013,miscellaneous-numbered-cab-views,train,0,435,0,2088525,0,435,0.0,0.0,,,,0.9826361672719875,,,,,,,0.2648634855830569,,,,0.0,,0.9835530043842629,0.958624268729949,,0.8695037688442211,0.9461156778452439,,cdc7c624979074f91663aae6c612b6f6c370af9ca88a91ba076c2bad37e6c319,5566ae6fabe4c0bdb27e7217400a18101ccd23bbecd3e8cc415f9ed41cca7115,9803c5ff0aa7f3bbd9a8ed3626986c2b848b73ec637c85679a6e2fc15025ebe0
miscellaneous-numbered-cab-views/0014,miscellaneous-numbered-cab-views,train,0,0,0,2088928,0,0,,,,,,0.9546633102580239,0.6374624146460681,,,,,,0.9632413327295474,,0.492970946579194,,,,0.9461753463355465,0.9565422816586038,,0.856346671676373,0.8374328829360397,,00a59e617c6d81492253ece8ef06493164bef224314ee99156bc01663f8ccd38,3ba891a877a2984212cd387b6a1eca2332a40b2a757b57c0248ffa03807c605c,b0eadf00e2202f2916ee34e95b34af04c860bf8f3eef54eff2959583da007f04
miscellaneous-numbered-cab-views/0022,miscellaneous-numbered-cab-views,train,0,0,0,1931319,0,0,,,,,,0.958827464574591,,,,,,,0.0,,0.0,,,,0.9875954904030753,0.9842633631522999,,0.6668910328322489,0.9491799472645561,,34431340589d77bf879a5d44b35f1ba4ee67944d06302e41751f49b52c7cd6bd,601f45356d35a2626927e94aad629de30fc2805b197f3f27a60dd2cd87622d80,0b1b3843d6bd941a6f61f7cf0ef042ddb00d607523e057b6ff3f870e70d13e2c
miscellaneous-numbered-cab-views/0023,miscellaneous-numbered-cab-views,train,0,43,0,2087830,0,43,0.0,0.0,,,,0.9497777263638016,0.7450358884612325,,,,,,0.9550346280108102,,0.3245109321058688,,0.0,,0.9575320656480721,0.9068976683937824,,0.8260112831592846,0.8356967923952447,,4dbdaa16ac641963e653bf5fa8dce1b9b05b89b3a3d10f8da2e3c9c38deeee7e,03b59830b108e9c2dc87a79168457ed2a8be69f44abafae8f6486184598ecb19,e1274a9f375b7e505d77e9c07327fe5ccee5b73c54d4a6f5b1ec0746c7ccb5d0
miscellaneous-numbered-cab-views/0024,miscellaneous-numbered-cab-views,train,0,3396,0,2084343,0,3396,0.0,0.0,,,,0.0,0.5769754176680082,,,,,0.8786163290813513,0.10952660982064098,,0.0,,0.0,0.4723874256584537,0.9910845622967959,0.996117021419531,,0.7215344152928347,0.7282892547172226,,35db7be7064f509351e3627b33430eabc718080e493e83ad1551491d62e1f113,e3c3c38776bc33b723f23e1afe17f11dd1b9be409c25e6ae796447766a6b56b2,ea4ed025e50ee6e623ae1bb29ce606db6b14ab2bd77cba07020b266a7e37aad4
miscellaneous-numbered-cab-views/0030,miscellaneous-numbered-cab-views,train,0,0,0,2088960,0,0,,,,,,0.87111672157394,0.7758991244863057,,,,,,0.8732654732654732,,0.0,,,0.8352479383485182,0.9802690647327116,0.9563038029857251,,0.8815222594542843,0.8622218438991863,,a88a70e7bc9e1730883e2cfef16954b7c5a6ebee797dfe8205837e1e2f9cc290,d0384c853c39b8e3b218a40e21a03110e8eb9368264b796d43fe35330caa8f52,741cc4803d94b00e38e80635e6a0d99c7ff5406694d514734957a871bc927d08
miscellaneous-numbered-cab-views/0031,miscellaneous-numbered-cab-views,train,0,0,0,2088575,0,0,,,,,,0.7008679032870364,0.678598772252353,,,,,,,,0.6581722319859402,,,,0.9773585520102647,0.9868455552146383,,0.8529595425115851,0.8072387843210866,,582a1052402234b092c9e8f0eb985ba78c3b1068c2ae8c12c805aadd11584b0a,eac752094ab94f349e6d48690930d8ada3181efb518c33f473c5388d2ce23c74,88e474313cb69a2080b0639ce9e85f9e1f6109d41b47fff4babcacdbab920cac
miscellaneous-numbered-cab-views/0032,miscellaneous-numbered-cab-views,train,0,602,0,2088358,0,602,0.0,0.0,,,,0.7150737652341245,0.5597881442248931,,,0.7718001246993854,0.8389948745773221,,0.8012809928128829,0.8575135271967851,0.6528436018957346,,0.0,0.7171493426030506,0.9473398501988403,0.9732600732600732,0.8578715919085312,0.610825815405968,0.8485402706210016,,1bdac9a6b7ef8988de21ddaa678ad8a54e0a98f75bf8ed86e61e0f50a7a6c16b,1fe12468826aec7019e49ab44aa6f832aac76a9576018cf252bcfd26dfa6c329,bacc9302170d8413f0b34ac28497f4cc9a5bb0ec5b0627d693ef0988afc51465
miscellaneous-numbered-cab-views/0044,miscellaneous-numbered-cab-views,train,0,0,0,2073482,0,0,,,,,,0.9422281094413739,0.8943856283890959,,,,,,0.9400309492533591,,0.6071014305967264,0.6517073170731708,,0.0,0.9698605654314476,0.9967143333529492,,0.8914467393383056,0.8359760686132711,,bb02fd705ac7b08fb3ae7c618b46f5a9da4ef32b590259233156f5fee831aacb,d3844dea10ab96975316c1574eadb989106b149d9b1fafe094beae7e9c50ec59,ce30597dce5962873c22cd1ab915b9c7923be6b29bc50929acba6f3b11d25b25
miscellaneous-numbered-cab-views/0045,miscellaneous-numbered-cab-views,train,44155,5016,7065,2017363,51220,49171,0.7851731986627782,0.8979886518476338,0.8620655993752441,,,0.901751098797054,0.7247451727852822,,,,,0.8017488664754326,0.8219855951085548,,0.7776944704779757,,0.7851731986627782,0.8976298379955201,0.9731468159927616,0.9906884611355253,,0.8939407126320736,0.9427583408998705,,8a2c09c50911afe45e05157fb8602cf7345aa5cf6f005c3b76f7c0d8b50f36c3,a820d863d1b63b281c0ec5f7e11041e0e68f73f39d613cc757bc489e1e03b351,04d32fdd6789e13b9d37104476e9449ec02ac541c11e69379efbeddf2e90b3f0
miscellaneous-numbered-cab-views/0046,miscellaneous-numbered-cab-views,train,37507,9538,1158,2025397,38665,47045,0.7781050971931207,0.7972579445212031,0.970050433208328,,,0.9420007640060002,0.4971985656656208,,,,,,0.13402061855670103,,0.6674528301886793,,0.7781050971931207,,0.9880678903584094,0.9844899653282911,,0.9148413510747185,0.9428105284168323,,a1bc04fa20bd623f99bbac759e22dbd90554263ca7b217cee49ddc9fedd59da2,550d403c2cd02d480d3ae049a478b103700ae04d047712fa0e5187f9b0fd5068,db656749c3f939b4014d6288350da0c95281cde662be254f2dee6b466cb93fb8
miscellaneous-numbered-cab-views/0047,miscellaneous-numbered-cab-views,train,0,2977,0,2070623,0,2977,0.0,0.0,,,,0.9171629717861651,0.91862801110359,,,0.6573645724518729,,0.976465888760113,0.48814598758507216,,0.6927213269503067,,0.0,0.937339532301714,0.0,0.9868674784439406,,0.802154547337891,0.894570954325892,,b74e6210f53416c45a93c3fb1a022de2cc33ed02723512634c739624b649276d,52518430666be87ad030da35871a2439ebbc09260cee1aaa6bf65be527c77193,39dd24428380c414aff7146ec1ba57e091c3c41e47a5f9f248163e14280403b1
miscellaneous-numbered-cab-views/0048,miscellaneous-numbered-cab-views,train,0,0,0,2023939,0,0,,,,,,0.7172043344614525,0.7608737367276449,,,,0.6920680565540379,0.0,0.7507628071302392,,0.743393430476661,,,0.8377819369605646,0.9629903641902783,0.9957648972292289,,0.7591457252576972,0.7985080182849655,,f912ea15971bc82b19029b9aad152ec1934e74e2a32d29934c116cdd7409125d,207a7f72a12615e89d5f214f068689216c6d434bd46045ce97046eadaaf814f5,2c67a67c250e708c84ec720cc30778e618941726d3cc03d6277fac55dd65520e
miscellaneous-numbered-cab-views/0049,miscellaneous-numbered-cab-views,train,0,0,0,2023841,0,0,,,,,,0.9270487841464025,0.6884303482043324,,,,,,0.773815931108719,,0.8902227930091016,,,0.02376425855513308,0.9802351985333945,0.9955807113193639,,0.7737013202414914,0.8518398426876974,,18e4e59e4f1f16790b92171327c69eba67d5364edbe5a933d052ee78b21f9557,d8c2a5b6f12b75c02efc4512cc0c2efdba9b29f877cc7842dbd1070c4cc562b6,6dc154640ab72ec3ac7f5680194b774b5d2b82cd3d91acb0478101ba19205c65
miscellaneous-numbered-cab-views/0050,miscellaneous-numbered-cab-views,train,0,0,0,8211623,0,0,,,,0.6803215926493109,0.2205200564402338,0.9603667002820772,0.6103773002866069,0.6134533396494553,0.9690813426335493,0.9256377311640127,0.5996732847449108,0.9836685083115138,0.8432999263080324,,0.699744144072671,0.5466040462427746,,0.4813300402488108,0.7710880780994162,0.9527510494792892,,0.8572151181612172,0.7276520233489924,0.0,33fc6fbed915cff715396fc229a8e0da423ed1d84e76cec2dcc2a28d124be983,a9c086f93a23a8995da1495bf54ec1a377ef02d5932b137a3002f7384f45c4b8,462d75bc776da8b4d6b2e6d0c32ec1cb1022775ef6407f69050a54a935ac04d2
miscellaneous-numbered-cab-views/0051,miscellaneous-numbered-cab-views,train,0,3423,0,8209029,0,3423,0.0,0.0,,0.27287066246056785,0.934548674296951,0.9303069923350634,0.7513411771101243,0.7807984507671681,,0.04088888888888889,0.596322750418646,0.671227883051042,0.8776354840573994,,0.5770035558291953,0.9094924538197074,0.0,0.9207742549963216,0.8383269427977487,0.96355038926984,,0.8335771341027286,0.8502156168490602,,a29169723725172c5b690fadfa30cc7cf76f7eb2328590890c3c828f7d3f20bf,f19c28ac63b6c849df2da22a96db0a6b720006896d82875ceff69a43205d2023,ce08070dcd5ffdb561a0599a139b3b67781b9f95871b0b8b2ec5564ce769bd16
miscellaneous-numbered-cab-views/0053,miscellaneous-numbered-cab-views,train,0,2564,0,8117220,0,2564,0.0,0.0,,,,0.9646572778887937,0.579969964332645,,,0.0,,0.6199701937406855,0.5286704425161685,,0.845697430480854,0.6283185840707964,0.0,0.9381236904779595,0.9125757206347185,0.9468721942885638,,0.8688287532791468,0.8956671625486504,0.0,9e09a858819a1882bccc4f5b7cd52bca20f66b1052a3c5191dc459062ae69e81,70a16c903d27ac00306c86f14141f728ececfc9dc4e320ea99148e50ab77339d,f596e0cdffc5fda734888f593731920d0ddc93bcdf964f16173cdcc7059bf275
miscellaneous-numbered-cab-views/0054,miscellaneous-numbered-cab-views,train,0,15330,0,8160324,0,15330,0.0,0.0,,,,0.8996799861441452,0.7382311422083103,,,,,0.5791969907596697,0.8775035534306758,,0.8398665156017622,0.7576331859338808,0.0,,0.9832571032042904,0.980066925875425,,0.8417335963296754,0.9281131758769632,0.0,ac828e814ea477c826e95def13cde08680d0a05dbe64cde8303472779d31fce8,ea34de2ac35692d4e015602569d70b94968ad6bdbb3c7aaffedafab451351ee1,c385efbe2c7d36be2976ea782d45966f4c9dac0b83ed4307dccdafb58639234a
new-unmatched-2026/0175,new-unmatched-2026,train,0,0,0,2073600,0,0,,,,0.825075075075075,,0.9481676980626074,,,,0.6567164179104478,,,0.8570368090384023,,0.5852486881974724,,,0.3607905557766282,0.9399568050910179,0.9581543293672975,,0.8577470203767782,0.8878707183833712,,c81bc0c590d9bd6563e2e11176cfe441dc0920a5f9cdbbea9d32b36a51347b86,e567f1deccb42140b8e6f7f671b1b6b71cab015fd5065dba841e709332e19b53,99d9d7c0a2cb2bdbf0862025f2e087047eda1071b603c2bae40fb2c73d84f0bf
new-unmatched-2026/0176,new-unmatched-2026,train,0,0,0,2073600,0,0,,,,0.0,,0.9654312974621925,,,0.9739009742426264,0.0,,,0.6538461538461539,,0.6033945271908555,0.0,,,0.9445508216470143,0.9884378261187678,,0.8701546282567253,0.8730775963389932,,fdfba692303712b2119a1d725763d74b54fa20defdb3415916105955f503bd9b,bf61db99763dc894604525d3f039b209cb136d83f1cd35b7655768228102fad0,e8118d03f15d1cbf86845e4f5790a0b6455b3f19f3998d3c26698dc94bd88797
new-unmatched-2026/0177,new-unmatched-2026,train,0,0,0,2073600,0,0,,,,0.8750524813166513,,0.924191670398567,,,,,0.78387545176536,0.0,0.052980132450331126,,0.8675340035481963,,,,0.9870847526138588,0.9943207210749164,,0.6008800880088009,0.9288482473328978,,92fdd6e752f0a8493a8a0114320f0d3adb209985cc28a17efef842ce5c887b26,4bd80258418635ffe4fd02e59e7e743a04d3ef8362742a3493154f57d54ca4c1,7fc08cb08db85a375724fef83dd3f71b7bff2f90b03dffbdfc9657c0b96177ad
new-unmatched-2026/0178,new-unmatched-2026,train,0,466,0,2073134,0,466,0.0,0.0,,,,0.9049877183406113,0.0,,0.9674819356961767,0.5859224635688755,,,0.6415228113440198,,0.4071909431348356,0.0,0.0,,0.926326245782413,0.9742793307700301,,0.7764291452938632,0.909001564639155,,bcfbb199baa79a77d97dfe9e368490306a1c84afc0dabca15e0dae262f2a945e,c0720faac0cf1b752740879c16180ae323eda041ad52f9878faa4a44fe5fdf85,dc33eddfa651793f090009ccbfee5e47c390b89971be0178443a23b7d66bb169
new-unmatched-2026/0183,new-unmatched-2026,train,0,0,0,2073599,0,0,,,,0.8425320859386018,,0.9644028595458368,,0.0,0.9686691838212476,0.47425320056899006,0.7432121434692128,0.8779010879761648,0.8721981591770439,,0.8037012403589223,,,0.0,0.8729224661428051,0.9875818537566406,,0.8561938183797174,0.923021469617095,0.0,60f737c273e283351acc6efb1ba0704e0827f47b77fdd8695a5bd891f5dbab4e,291ed9200b9c9d9d1be97ae0e9b2cfb2da0843377519c6b9e5e806e193e1071c,e43d14dcbc23f2badea54baf0876851f6e68f4ec43cc34cf447637598cbeca29
overcast-mountain-stations/0214,overcast-mountain-stations,train,0,27,0,2062970,0,27,0.0,0.0,,0.0,,0.8584086185338224,0.4726190476190476,,0.7242366581900308,0.6767895878524945,0.8030011200108607,0.0,0.7199959595376557,0.8352753123291129,0.8051721451939554,0.8864628820960698,0.0,0.3546734955185659,0.7992188491555093,0.9615439689000463,0.5723650385604113,0.594240351321679,0.7635210986176455,,fcf5289b197c7f0a48d5f375c13e6c090599b238c68ce299010e0babb86cb7e7,d66cff571333e436c6a9212058e636e2420673e9fa861b9fb9c61d3cadc245d5,2771af7efd6b982e8230ac226a7ac33d53cf90e4e4b0a2d4760f6dae52f2aef6
overcast-mountain-stations/0215,overcast-mountain-stations,train,0,0,0,2072956,0,0,,,,0.0,0.854239663629993,0.9551780227724562,,0.6697930142302717,0.9432104580141197,,0.0,0.3406354845075982,0.8227867965367965,,0.7166102493786957,,,0.7805053996914462,0.8868346664138043,0.9839889812326158,,0.7609634461449506,0.9166865354444278,,a4ea3527469f92f7e01c82dbad4e004af29e5a534ebe1ed94e96185736126eff,854429faa83f8da4db49e7aad63e0ef178c079e045e63a5be44bdb3fcd0af9f4,f88f4d1647fd9c51a95b42b5cd49f904b36d2d6c8d3cb34eac343f65e123ca35
overcast-mountain-stations/0216,overcast-mountain-stations,train,0,24,0,2068093,0,24,0.0,0.0,,,0.6655591131516946,0.9644845419092296,0.7323504394669691,,0.8812990865271176,0.8921798423183465,0.8768568513772426,0.8835279743130736,0.8341480607444413,,0.7148593609576075,0.0,0.0,,0.989522010722298,0.9792122735873475,,0.8598391394453765,0.9525473347785368,0.0,39f23d5418cbc5c465dddc13feda5ebb78e7eb06be8eacb3a5acb0256a95f409,484d599c7a9c73383e03fb6ad49561d2771579ca685ae29f0f30e4be25d04b96,d826563b1cbaa8d8da672fc66532c61f99e26dbc805ac21c5cd69b2a7ff4be67
overcast-mountain-stations/0217,overcast-mountain-stations,train,0,4204,0,2069396,0,4204,0.0,0.0,,0.4442080378250591,0.6904950181875692,0.9406695970412253,,0.8033420264657587,,0.19566960705693665,,0.9484760675245218,0.712082596483928,,0.8039532857243017,0.24125230202578268,0.0,0.8405528885549032,0.9226779189911213,0.9659834408827537,,0.8360083347412288,0.9260055020046063,,014ccb7933ce4cc405469bff1fb36825df54553c505c185a5c2b9ca46750aa01,aa3b2a2139a82a89c2ca14efdb1d56c34c50fe2cbd36c733edc6aeb721cead1e,9c84d3df677403d776f563447f82c3978e133366c0db8db8becde76e2b7a5d1d
overcast-mountain-stations/0218,overcast-mountain-stations,train,0,0,0,2072152,0,0,,,,,0.9638196589747254,0.9888759023719491,,0.41922290388548056,,,0.9026616881337353,0.8718655401436769,0.9071628651460584,,0.8880932574922997,,,0.7579593850628441,0.9556355251542443,0.9697324153595003,,0.8553662182361734,0.9674574959813776,,7d192a396ef667bb5f346b4419b19250547fc8d398f9ad1541087e3b71df732f,5a08d87d4ef25c8edc375b184d40fb21715f14fe709bd157766f55da6db5be90,3dbfc82ef8139674aabf14c64eb39301b391b1eeebea5c43d27fbecce4603659
overcast-mountain-stations/0219,overcast-mountain-stations,train,0,0,0,2067823,0,0,,,,,,0.9298233046800382,0.0,,,0.8279897250499477,0.9563042398105134,0.7997179125528914,0.9723830680893939,0.9396342870327642,0.7585128398081084,0.9147742633144093,,0.7617133840727678,0.9643270333360635,0.9972141866303886,0.7588309745713957,0.6693616507783275,0.9272056194865551,,217eb3ce4240bbab2cd912c73d871881db741d3f99a15000d1343139afbeb72c,5dd19a743ac1e5e12f6fb63c62e75e423f24b6825f5013be4daef1327de5b91c,723c92149ee858c609a0345c0b5e84600b77abe8af6437cd89662edf8d65dfce
overcast-mountain-stations/0220,overcast-mountain-stations,train,0,64,0,1926624,0,64,0.0,0.0,,,,0.9547977600052551,,0.16634799235181644,0.9664986421076894,0.7786458333333334,0.8110229391613547,0.7614213197969543,0.8474567215216927,0.0,0.7896982691000366,0.8712502999760019,0.0,0.0,0.9513858200684098,0.9882211674371145,0.6029411764705882,0.8596100142080251,0.8806136122536339,,b998518e2d97c634c8c2c846bf7f07e5ad02688387f15d657cc9646d080b722f,a78aeb5c9b6e22817ec40a0d14a2e3b3369a6697165133d9a00b6e867bffaa90,5cffa85b694fc177e07cd90f6f0bd68f01c121be32ba5f57cc490a885c2d088d
overcast-mountain-stations/0231,overcast-mountain-stations,train,0,0,0,2073600,0,0,,,,,,0.9733296873575791,,,0.9901395710451756,0.010889292196007259,0.7275212909009413,,0.13786764705882354,,0.8196469248291571,,,0.598987040071503,0.9210652957263753,0.9348044847451213,,0.8538683451350643,0.9649931599465448,,27cd78cb2b58647066724fd485237e2568caa02d648e8186d42928145e8c8070,e2756ab550685eb2f70de905f8a2f1b99510c181fc397402f3f807c8450880f1,caddc18b9e105daf3512ec6234d504426c59f7580737954da928977126828a18
overcast-mountain-stations/0232,overcast-mountain-stations,train,0,0,0,2051786,0,0,,,,,,0.9765288465078605,,,,0.7248239219078215,0.8880863050364085,0.0,0.8184196435401209,0.8356122759039806,0.6391998715942377,0.9728448275862069,,0.8388502462239752,0.9639510872492862,0.9713044661250826,0.6084701815038893,0.9035281475732793,0.9403951079073124,,77b17d1922889f7c1d3d5c9eb9eb7abb5f53399f38433a493e4e0d9f6d369bd5,3315c387c153f722bf32fbe0bc5bfbdaa858f63464cab9be2c8c073d479522f3,5142ed850b3ad111b361685ea8e5fb82ca75a129f20111930c26c3671cf08ea4
overcast-mountain-stations/0233,overcast-mountain-stations,train,0,0,0,2071895,0,0,,,,,,0.8565522200251663,0.5636363636363636,0.8751508880841524,,0.01652173913043478,0.8891081566393992,,0.9097279102719702,0.8183775470972703,0.6191473388913035,0.908745247148289,,0.7616440080563948,0.9575253580768347,0.985395074774138,0.585474504812664,0.5220529270248596,0.8293412697149587,,ccfe0f6097d8c9ab6aa93e8322b418afe7878378f87ebfaa7638f12f8605381e,3b67554f9922cacbbdfd34af50631afad68cbcf60e66ebde1584c6133fe36a61,6e1ca49f3101ef9626ffd18e681f32a197e1ca3b3af83001c7fa967a5f7a4422
overcast-mountain-stations/0234,overcast-mountain-stations,train,0,0,0,2073600,0,0,,,,,,0.9759471365638767,,,,0.11042944785276074,0.8588310443947621,,0.519774011299435,,0.7806813927368027,0.7996760259179265,,0.814064558629776,0.9842866601007603,0.9959920699628387,,0.8438179148311307,0.9466005341472721,,709cbea54e2cf9800bbf3d0c032a4ecbdd34ac081630e119aea5e897a39808a8,9f031a8f85e736e4469eff85abe294ba9b7cd9f12c496873f486d04a6bb80267,7fb922dfc9f404c438ae8db618b7b4e542ccd2ea4d308833a75eb0965a11f009
overcast-mountain-stations/0235,overcast-mountain-stations,train,0,0,0,2071387,0,0,,,,,,0.6882453151618398,,0.11619718309859155,,0.052873563218390804,0.9162948850893482,,0.8924267732506115,0.8511735842198705,0.7751099973775459,,,0.782504392485471,0.9457235860572358,0.9849894480278215,0.7047595841455491,0.6681853683936475,0.8908429604648894,,468c69f20ee4665d35f34a795d6f47eaaff96dedee7864164a769f063403427d,727abdd8767871d43483380b4a639a89408335f221c2798f071ede7d71cbcad3,cb384d5482295497583fa77764b55a85b686484d5e097ffda71a7aac6bbd4f09
overcast-mountain-stations/0236,overcast-mountain-stations,train,0,0,0,2064486,0,0,,,,0.8775150017649135,,0.919145161737395,,,,0.0,0.8966247412832351,0.8704152322665647,0.9568085165522418,0.890521675238795,0.7574312617702448,,,0.7539754354215329,0.9184677496601634,0.9858843025007532,0.8262092238470191,0.7717672221727119,0.9331821887100061,,7d0f48496493980d7a6b226310064c37f280f0d3d8723af88c69108db233c6e9,357469e787079530c7c4af0fe3afad136d2be00a3110c53be46d1dbb7f58abff,d608ac73c8f64a457c5fea663d3c8a74635298bc58d00fc29c8022094e06e24a
overcast-mountain-stations/0237,overcast-mountain-stations,train,0,0,0,2058396,0,0,,,,,,0.9224406108597285,,,,0.5184049079754601,0.9355704986357875,,0.7306635672020287,0.9164518474453037,0.7574748658421891,0.7265193370165746,,0.6826466062574799,0.9527741947599391,0.9936685195356318,0.7931639722863741,0.7847229361570885,0.8327249458268495,,d9eebb905aa35607b8a9ee3cdb0cfd1d4a4e368e77135f92e804f42440f333cd,b1eec86e60b77ba128bbba833a23764f54d112d408858a88b1250f02d7da05d0,415711eac05e5cb3c7109d169fe609f40cd2ad82a696bd2616b76ef7651be7a0
overcast-mountain-stations/0238,overcast-mountain-stations,train,0,0,0,2073600,0,0,,,,,,0.8352261431411531,,,0.9785012165178882,0.0,0.47020933977455714,0.7645539256388966,0.8528541226215645,,0.7641702357525948,0.7963594994311718,,0.9721358596820555,0.9718672010890116,0.9923580438008948,,0.6822798950458525,0.8487271960071997,,38d3daf79fb1b3f1c4c8c5bf74635d5954f16b3c5be5297e9e5ac9b077259d42,0bd106de9c902a9bc8006dd281b20d065ef8b5bfdbd81729dc77edc4d0287715,5eec1cd99bdad496ea4ac5ef95e15ffefea92e457e35ef4b599eec0a82ddfab5
overcast-mountain-stations/0239,overcast-mountain-stations,train,0,0,0,2037432,0,0,,,,0.8262471124430293,,0.9725132821723731,,,0.9766370516617309,0.7071220930232558,,0.9656556361705892,0.8552010947258981,,0.8514170696782212,,,0.47989031078610606,0.8121451422313168,0.9851566833707844,,0.818216300791807,0.90838390812952,,a48c958611d90e4471af958912e453f589b8b5533315c5d59ce81b77a46a7bfc,7b59514cf69597aa4f2cce3764a3d0af51710e328dc3d85c3976e4c563c3ecc1,da9858e726d71bed2152f848ca77e6279b32bafc7f2c4e07a01003f8500d194e
overcast-mountain-stations/0240,overcast-mountain-stations,train,0,0,0,2073600,0,0,,,,,,0.9690750319817565,0.0,,0.9015937340896585,0.6864864864864865,,0.12666666666666668,0.8833761507171912,,0.8520887133525749,0.0,,0.6080363912054587,0.9584850297324943,0.9649808195432001,,0.8106246193408676,0.9282812877506644,,8b51f499144ba83986ae26ea615d1f3e8da062613143bac5e635ab5684f8c914,99709ace9ed244e7aac8df6f8691255f3bb94e3107826bf9d3f678400c6ead23,c507396d2bcb59ece969df19ea2577f786b4a656c2f40cb54321bf035c533bb2
overcast-mountain-stations/0241,overcast-mountain-stations,train,0,0,0,2054583,0,0,,,,,,0.9686229973636179,0.0,0.2857142857142857,,0.8024527676499834,,0.17929759704251386,,,0.8143357300625029,0.9290772042028324,,0.8553631354624321,0.9376309829087643,0.984671912842064,,0.9046191439337159,0.9687925399703494,,3625a2c4d4e9f8f3e0165e6dd90494d2791acd79e6142389e4a17e9e72601af3,a18c6013db023e74d3f18197e3c928119a026a0643711724bc334d3c6663f66b,b451643677da0335dde719fb40fd1998a77ea2da279266d1c87bd54812bd64f9
overcast-mountain-stations/0242,overcast-mountain-stations,train,0,0,0,2064724,0,0,,,,,,0.9804514612621402,,,0.9235436582177914,0.0,,,0.3314942528735632,,0.7077362353194698,,,0.0,0.9651906331158202,0.9904873340139927,,0.9032616011496553,0.9258155489956803,,ded050ca71f820d730759226ffc1d2274e07ef4601f63b34c13120c7ef05161e,eb2b02a061e3cd39e085fb56063ea4abf4c835ba5583526332833e0723c0d442,36ab0d7f17f7feadc2b9a567535d22a5dbf13123b82354a46318bbbc35d9a430
overcast-mountain-stations/0312,overcast-mountain-stations,train,0,452,0,2073148,0,452,0.0,0.0,,,,0.9421950430975434,0.0,0.0,0.49460431654676257,,,0.7901010070139515,0.7729973145520875,,0.8102694640463145,,0.0,0.0,0.8044418578270112,0.9122077142902253,,0.8507923255737813,0.9200162744965078,,5443a27572d1805ca781a25437ef08d1d27ac70239d96cb52f50717ff14822c3,b7a584f428c50f605f7f6cf81f78b931a71df4e8242a20fa82991bce28e1f9f1,053195170e249d71e31c03550bbebae65f40d7e2f3cc55e3879e5b2724106c9c
rain-water-cab-view-with-overlay/0268,rain-water-cab-view-with-overlay,train,0,0,0,2029558,0,0,,,,0.0,0.9005517826825127,0.7845817664396788,0.7025242212277881,0.4064885496183206,,,0.8525903478513169,,0.9876355225190407,,0.0,,,,0.9603635771298257,0.7975778546712803,,0.6459573117511703,0.7618969602258406,0.5379061371841155,7a53e1b4c0a64e0b30e58ab9db89fcf98ce95254700008d25f5394d06f97a292,23a6618e87555de6cbd8e26e944af51a428323c138f0f4bdd425e1c41c6ebf5c,7af4229d5f299037f6bc55ff91e937fb8f21cf43e54c1baee2f8f5bfbdcd6c57
rain-water-cab-view-with-overlay/0269,rain-water-cab-view-with-overlay,train,0,0,0,2054769,0,0,,,,,,0.9693622420420196,0.6674447080431621,0.36805011746280347,,,0.8126286890871655,0.3378083047143303,0.7959743824336688,,0.7087996714241709,,,0.0,0.9777950159155565,0.9942193031880451,,0.8390382483370288,0.9267313983694798,0.7065000905305088,1100c1ea54949235b635d2def045d12f73d290500eb308c1ce83323f8600862a,abf7569acfa9b70797209bfc372ddce4a802e55f69e55594dc883d24cab15bdf,ab64151c1785e0016874feed27eb3d724191a3a71b105d0a0b8181262d997f04
rain-water-cab-view-with-overlay/0277,rain-water-cab-view-with-overlay,train,0,0,0,2032606,0,0,,,,,,0.660717985909656,0.8872685024623708,,,,,,,,0.0,0.0,,,0.989858052978652,0.9301420036261423,,0.741617184771219,,0.5952294246176256,ca57dfd0f80377755014a88660f5a17884651b8fc20abd7455c72679bd8bb09f,5542b12fe43765140207071f9c0e4692ea5687467fc0d4d502d4e96bd01a76f5,7771dc455a23b500fea70ada1b5b9e357325c99716c873ed920e0a1835976421
rain-water-cab-view-with-overlay/0278,rain-water-cab-view-with-overlay,train,0,0,0,2039559,0,0,,,,,,0.7118013522690366,0.8616278520478058,,,,,,,,0.5420991926182238,0.5622775800711743,,,0.9896248722748193,0.96178636417748,,0.8084667720431585,0.0,0.6723370549185275,ae02105bf482e4b7269f687a6bf9420a5d1fcf5bf84ca910a716df519b4a66f1,f9d9cc36d418487bbef456deb4bd834ff96e352253bedc9a16b3f55061617ea3,41d80c88e86c5db26559c7623149e487208f3ac6761b81cc4c88ef6f08c272d3
rain-water-cab-view-with-overlay/0279,rain-water-cab-view-with-overlay,train,0,0,0,2054320,0,0,,,,,,0.7812165575103805,0.8603325442839663,,,,,,0.8760734767546796,,0.8458869474568623,0.6133575883575884,,,0.9705272645963564,0.9750673366543096,,0.756173439626677,0.5963026655202064,0.32778366914103924,41a8c3396c58a82a580a4b2d762d7a5813c5b86e025f72d9bc3ad2ba21db3545,75cfc723508e1a083341fb8e16648a7f892140dd4f2ab1043d614110da2558d1,db42d74ebd244520b85ee6adaa298cb61c9be314d5a3a6a4291ab77c17770a3f
rain-water-cab-view-with-overlay/0280,rain-water-cab-view-with-overlay,train,0,0,0,2054275,0,0,,,,,,0.5598403048725161,0.803096359685235,,,,,,,,,,,,0.9893316730797517,0.9540406771201597,,0.6923850382088752,0.766258536885498,0.4814621409921671,70a05bd99cfd467ea3e055a00e478d6e1b45acfa4adb761b94f8e266417d1ae9,e106743e4b56f6a000935339646381f74dd47b337309998f9c1f64e772dc2e55,22725364dcd5180617a2b8fb0207d26839866aeac9324bf3c1d6b36ae949f30a
rain-water-cab-view-with-overlay/0281,rain-water-cab-view-with-overlay,train,0,0,0,2053597,0,0,,,,,,0.802549279757392,0.7594187204163974,,,,,,,,,,,,0.989982120014357,0.9576769534032368,,0.7262816735415439,0.8210833288329643,0.7365874184725436,a7da1f692dfad6e78cfde641dada58c6873c4539cb40843c04d9e3238e0235ac,0307bb1c875ecbe072c4937d166fb5c6179a715723a729d6f851102552edbb52,3aea53db0eb7ef41bd1c51244e7f79f92e7535e67f5e73e30acb47d5d1d021a3
rain-water-cab-view-with-overlay/0282,rain-water-cab-view-with-overlay,train,0,0,0,2053810,0,0,,,,,,0.6958543609797342,0.7361416804701505,,,,,,,,,,,,0.9891772689086548,0.9359100918824512,,0.7056181281844999,0.9294031451971636,0.663084676579616,f9741378f2d70f2bd7e5236fc50ad4936840f4c1561be37a810e2aba8983efab,c2f421c7de5534678595c101104109c3b656630b9d60fb9b35495a373e44edea,d61799952c3e34bab53d63e9f89885c6aef26334acb5943e323a5356f9e87feb
rain-water-cab-view-with-overlay/0283,rain-water-cab-view-with-overlay,train,0,0,0,2054083,0,0,,,,,,0.5435902068840907,0.8013239676722931,,,,,,,,,,,,0.9886981295392923,0.9834391165572146,,0.7594189741261915,0.0,0.695152198421646,50f5c438789710cc8a44142a41fc391480200cadb38493f126501909f2df6f3a,04b5fbb59ca9fdefb2c884a036413016e6db4df5eab65336733ce8f35b69af69,e2710d05998ab0fcc3ff08010920d395d407e4177b744385409d3df6384be5ae
rain-water-cab-view-with-overlay/0284,rain-water-cab-view-with-overlay,train,0,0,0,2053473,0,0,,,,,,0.7766523855080903,0.6144560165260802,,,,,,,,,,,,0.984942315890944,0.7635563511598419,,0.8352061998339331,0.8558953393295176,0.42787692701336916,43ee426aa0b2c2ce8f85dc51fb77e1d7b14c6221bf250479b4fc3db9938e1d2f,124b16930742b8657398889555a2a4ca0cd3a302b337fa75ca4b08d758b9ab29,aaa4ea345fc6e4b134cd6362db4c0f6e5d145a4d7ef5184422e4f45acec184b2
rain-water-cab-view-with-overlay/0285,rain-water-cab-view-with-overlay,train,0,0,0,2054047,0,0,,,,,,0.6891724557684639,0.828743147352683,,,,,,,,,,,,0.9782447276500759,0.8496210739614994,,0.726488419089072,0.0,0.31246619794483504,2956bdb840f2c86e03cbc88cc38600c415d72eea5fff4f468697cb6ad1fb86fb,7c817992adbdd24001302c811f1bdc3fd0af55e9c6cee7d75ee1ebab90d9ce52,af4ade7ef288f349e4f94a5b8bc425ee71983f1450e741f8c6592d2b535cc02f
rain-water-cab-view-with-overlay/0286,rain-water-cab-view-with-overlay,train,0,0,0,2054089,0,0,,,,,,0.0,0.8630425800163158,,,,,,,,,,,,0.9865355153765661,0.8957536045641337,,0.7276999902085577,0.4389275950260164,0.021946353358457106,65bb9a26ed2495d66bcecef26da2702eed5d5ef32bc6393785623c77524cec64,c5023a4e5a1ade5fe386facb5dd55efc8f17e3afa73682ad1f23e1e7f6e96499,44aab4e304512f5f383b26d632ed1927801fa77144720e6a1e32ab8e2401fdf3
rain-water-cab-view-with-overlay/0287,rain-water-cab-view-with-overlay,train,0,0,0,2054230,0,0,,,,,,0.7177755860708596,0.8859149762917272,,,,,,0.0,,,,,,0.9924303681603828,0.9797213096182168,,0.5946037384758521,,0.7809278350515464,e86117d8914772da397288df8ec1e772efd2441073ebe583809d2c492b5a8b2e,49c1380aaf9d4764c6f027260ff4e8b042c503f86f3393d63dba98fb7b567287,a106172dcda2dbe69ccd56c6f89293e68ae6c49485920ea6463a69e4f6f5daf4
rain-water-cab-view-with-overlay/0288,rain-water-cab-view-with-overlay,train,0,0,0,2027494,0,0,,,,,,0.8151936559016205,0.8411213076567803,,,,,,0.9978098655231761,,,,,,0.9623691918474474,,,0.7966251506629168,0.7805011489222016,0.7329429602133111,edfc5f576a3fe8034173a9ff71791befd981bc683b089bc729fe555cefbe4b3f,18a05516eb56af5f738ece0bf1f771ff1da45279a794c9ca45f4549211644f6d,3a949ac15e5f8374dc347c9b324c6629b2b931a10fd49f7b14fa855855d98c71
sunny-mainline-cab-view/0124,sunny-mainline-cab-view,train,72902,48995,6469,1945234,79371,121897,0.5679229702569216,0.5980622984979121,0.918496680147661,,,0.6927651468091274,0.41776290184478865,,,0.36649465978639145,,0.9473392876566635,0.902991642629983,,0.7928064438950474,,0.5679229702569216,,0.9372927799953737,0.978480755413815,,0.6175739849671352,0.7905897581497018,,7401f5fc76b6fc6c255d1dd4039a55eb15e32ab20cd3552dcac7878a8a74eb88,9544d3a4d4f26ddcf2a101283fbc57247e7d6b9a4c2a4d1dcc6ecbc47866431b,21574283d8a9a63dd650950a0f51e1fb6cb12a00f428f151911fe4a4bc602c8c
sunny-mainline-cab-view/0125,sunny-mainline-cab-view,train,26765,13920,8766,1992133,35531,40685,0.5412428464540656,0.6578591618532629,0.7532858630491683,,,0.8288332018688186,0.7000677334688002,,,0.6846089150546678,0.7486008738082361,0.0,0.4384352287302266,0.8885664862451872,0.7455103073226256,0.016973125884016973,0.5412428464540656,0.808886801930679,0.9179656795823301,0.9941951747117213,0.43863666981004984,0.8065084745762712,0.8087478003379878,,b9b5845a7575d6e07a9bbc5c28a07e05557e8f29ff815f5cbf7248d75ec08247,258f3be8e12caaaceed243c728d350b639caa3c57d90a8ad103831ada0b7f6ef,286d44e9531e26db551c7c36860f1ef357ffa485208bff5dac249d7bb8c792d6
sunny-mainline-cab-view/0126,sunny-mainline-cab-view,train,33367,14380,292,2023098,33659,47747,0.6945814858760591,0.6988292458164911,0.9913247571229091,,,0.8286425181702631,0.743139079008572,,,,,0.0,0.9324371952256624,,0.7340199822551402,,0.6945814858760591,0.9133967322367654,0.7047511484867447,0.9833354664461357,,0.8236774656888907,0.9109312014488885,,a1e2fc892f0b131c74ecceb67559b53b91457b9cf91503592486c858fd335277,e27211315a2ae32a9a3ef1ca41e51ca0a0fa4f6fa09bc2a6e3ea542fe11ec29e,75d5f167a83415ab1686490c980d10ebdad621ae1454acbd529ae9996488ae1a
sunny-mainline-cab-view/0127,sunny-mainline-cab-view,train,23606,13132,1424,2035438,25030,36738,0.6185734500288245,0.6425499482824324,0.9431082700759089,,,0.8522207790879619,0.547224825575341,,,,,,0.9493866685852009,,0.7955887321224602,,0.6185734500288245,0.9084852155718297,0.8515244452462566,0.976393000466154,,0.8500690131124914,0.9246021646529322,,0d4cde05aed2bd4fe2170c8e306ae84b426e1f4e3c8d7f9b0b0cb271454f8c9e,aaedcf88592ad3e09dd1013b51109aeb4e7c40f4b2d9226c243471e2f34e9ce8,5720aa6fd790fd5f0172eb1e0af9db73897a0ab21b14beebca86408985045d47
sunny-mainline-cab-view/0128,sunny-mainline-cab-view,train,14824,1422,8359,2048995,23183,16246,0.6024791709002235,0.9124707620337313,0.6394340680671181,,,0.9039371211712441,0.6945015701003633,,,0.511127063890883,0.06045751633986928,0.7760246887190723,0.8715974057996777,0.3433179723502304,0.7107512034929283,,0.6024791709002235,0.7945991561181435,0.928226820940295,0.9860489489348265,0.1600877192982456,0.7881401563497128,0.8464929936549926,,24687c346d035f3bef72afba9b140f03eab022e4a90af673afe81fa9f274787b,c2fb729a44959c3f10648bb333aa2bfa0a8bf6c4779e7237ba1a4ca106ac5d1e,8e19dc1bd3c50213e1fb8dce28316034ac2757ad8dd8a68a8529ce182fb265ce
sunny-mainline-cab-view/0129,sunny-mainline-cab-view,train,26273,4303,18978,2024046,45251,30576,0.5301892884530007,0.8592687074829932,0.5806059534595921,,,0.8574399084318962,0.7090007802818195,,,0.6118264186933715,0.68259766615931,0.7744403604839315,0.8683909780921166,0.6833029751062538,0.7907155897468368,0.0,0.5301892884530007,0.6265391561319981,0.9273490609658918,0.9793330876881995,0.4230027016595909,0.7785893021365785,0.8199704040195471,,e52ffee04497a5939bda202788429a87b3560377d2abd91af07b4286a26b89c6,0c3855bad8ebb48418e3eb7da192926f4eba3d0bd8a6c1ba206a8a0de118136e,1b2bba320c082c0539dde7bf30b96bb6c1f82b550dde2af0cbfcce040e95bde0
sunny-mainline-cab-view/0130,sunny-mainline-cab-view,train,24792,2165,2492,2044151,27284,26957,0.8418622024516962,0.9196869087806506,0.9086644187069345,,,0.8915855938065732,0.3361414257451018,,,0.677983807782711,,0.9518462606046665,0.9413559557953576,0.0,0.7384612868404697,0.15780296425457715,0.8418622024516962,0.8732509726298546,0.5918367346938775,0.9832613325466456,,0.8158557959241112,0.8502560033252092,,e0ef00001b7bf26a5b6122387465145d21b99c1296743b3f03e61660ac3b3c2c,9e56d793d32c98b488bb34adae6c07d0b0bd6f457d0f9aa68dfdc9a0a4542a74,fa1e59b08e6072f24dfeea43889e7f6b1194030eaa10eebcf22098e5ab61fa31
sunny-mainline-cab-view/0131,sunny-mainline-cab-view,train,41235,14978,2117,2015190,43352,56213,0.7069261100634322,0.7335491790155302,0.9511671895183613,,,0.8492758504546986,0.6486842105263158,,,0.27149321266968324,0.5299539170506913,0.7389200366667378,0.8360723721900625,0.27325275880189176,0.7789392045191462,0.0,0.7069261100634322,0.8865498026246619,0.8402629310741464,0.9599320315243679,0.0,0.7705782781561233,0.9244717599639308,,6ed3b7e372d8d5dc78b215af5af6f4653456cd41ece09177eab1178a747e70bc,a8c27ee277932c37a1cbb160b15f22866e20dd4aec146b5de86eb4603ff534fb,667f8d211e6f3b9d837ff3d69032fc985d83306f5f329ed6fd89001e90263475
sunny-mainline-cab-view/0132,sunny-mainline-cab-view,train,9835,508,4212,2059045,14047,10343,0.6757128134661629,0.9508846562892778,0.7001494981134762,,,0.9418293949708297,0.0,,,0.8985255854293148,0.6097297297297297,0.0,0.8532336239092457,0.0,0.824372565622354,0.8368,0.6757128134661629,0.8636066694751238,0.7518599324085201,0.9703368355468212,0.0,0.7012407365820795,0.8651710742073581,,e153b7e6bd960d596c08d639a6b6e83a0851899aff6c01d8e6bfbba8b04f29ab,51ec0f2f880b6d5e6d011aff4a6f35f79480042485ebc9db45b9e0c8ccb772ca,0ad1ef679c64baf48b082a71e9c588181ce4b8daf3b93c5361fa085f7053013c
sunny-mainline-cab-view/0133,sunny-mainline-cab-view,train,3658,882,1218,2067144,4876,4540,0.6352900312608545,0.805726872246696,0.7502050861361772,,,0.8860081392442669,0.7500655101933861,,,,0.0,0.35329810138970447,0.9732208000053796,,0.7116419919246298,,0.6352900312608545,0.8513076249571738,0.807535451540676,0.9116846941830347,,0.7476747308546737,0.8807736845453967,,f9e73f2fb85c57a08b9d33b0c1c38cfbd56bb541c4b32e14c80883c01757b91a,7b970b234bbeedfb2a18e0ce9e899a251b487dd70a00f183d3d16356c2b2478d,61e87168bb18e2aac3e49b9699a22ed4c02eddac68ade2047ff1446dd235ae2d
sunny-mainline-cab-view/0134,sunny-mainline-cab-view,train,34402,10589,1809,2019634,36211,44991,0.7350854700854701,0.7646418172523394,0.9500428046726133,,,0.8913092082148902,0.37803545920510884,0.1038280020975354,,,,0.8531110329935219,0.8990137614678899,,0.7538198728290785,,0.7350854700854701,0.8262647682520449,0.9413666622116562,0.9896417734654769,,0.838627484287413,0.8793195399209686,,9e4b1e6f4202cdfc0d9ff15e1ee6eb32270e1c0e88b7b7842be2345e74dab6f2,810016b295ab6550cc7248033bb01b9032302ca875b032e9d08005c80b18156f,82004464015058f406f505cbda301a666adec81ed138a83f1f6909c95ce9e520
sunny-mainline-cab-view/0135,sunny-mainline-cab-view,train,14666,1974,3458,2048177,18124,16640,0.7297243506816599,0.8813701923076923,0.809203266387111,,,0.9360023249464998,,,,,,0.901685393258427,0.8457382838598836,,0.7317692894045905,,0.7297243506816599,0.0,0.9661595515560775,0.9918588235944787,,0.8709742270113787,0.9334636160028106,,917d7fdbcba14ad98f4155259ad4945453a4e76aecab144bfdfd515d95e55343,ef3653ad7186e447e51f20d8a071847cfab4d31d30567977a105bb93a6e226d0,46be1fbc67e87f591f64bb0796145fafc4189e634b431eeb7d6ae42ac8c009c5
sunny-mainline-cab-view/0136,sunny-mainline-cab-view,train,85514,31494,2186,1948867,87700,117008,0.7174354413812776,0.7308389169971284,0.9750741163055873,,,0.8620798722766536,,,,,,0.7710768220617202,0.7389392242695714,,0.7358758314855876,,0.7174354413812776,0.8697662929366398,0.97461744389728,0.968761914364667,,0.8387317055164905,0.8942245394774675,,23d8b5534877bd891ce5b404ae30036f3fd3a3f9769fc5d17235cd727642067e,79c1982f49ada9c405b84125d26d3248d5d79d06d6bc5cb458d82e04d838eb1d,75c00029c1ed1d0b07670d83c8a710316e31e1bd76b4a543827bddade5fd88dd
sunny-mainline-cab-view/0137,sunny-mainline-cab-view,train,24279,11174,92,2032681,24371,35453,0.6830496553664369,0.6848221589146194,0.9962250215419967,,,0.9095073827436511,,,,,,0.0,0.8736504113987558,,0.7317950004180253,,0.6830496553664369,0.7565698478561549,0.9722125658490371,0.9678143523773489,,0.8640484492567444,0.951117533013864,,a171edd02bf21b2bc889ac8ed17fe30fc47d76defd59a637e236ddadf0c76f27,6f160ebe16131fde736faa1b907b2b9193af1e3c3ecb7fbcc5d577bc8750144d,0db394e080a7186b9b087568d377eda1c4bc4e4408f6db8e0118d479e8ec94c3
sunny-mainline-cab-view/0138,sunny-mainline-cab-view,train,5807,3568,1129,2057727,6936,9375,0.5528370144706778,0.6194133333333334,0.8372260668973471,,,0.9449046137700986,0.0,,,0.0,0.7592443729903537,0.882594140087717,0.8223257126728761,,0.542611851748447,,0.5528370144706778,0.9314785426172055,0.9660298349393477,0.991317521142449,,0.8871181938911022,0.966570745513629,,461bdcfd80571cea432e10e0947270b1a03bad21b5efa4efc325d700d1107bed,50f45cb9d7c36f7e9ad713cde316882219c82f7d0791f0d0e907e65ccc5286eb,c60d268878d027400dedfbffc5a4767f91e46d58f52950a20d09b5f2e12d3254
sunny-mainline-cab-view/0139,sunny-mainline-cab-view,train,27160,8671,710,2031789,27870,35831,0.7432746777592294,0.7580028466969942,0.974524578399713,,0.7796865413575771,0.8227478262614204,0.33421952145841244,,,0.9219534459151073,0.0,0.0,0.8520914504153495,,0.7473536278532085,,0.7432746777592294,0.0,0.9554566223419835,0.9834975580832904,,0.824009795267519,0.8097754495603958,,ea793969cdff22d7aeff4460d14cafa8007c32c5650e6cd3586775c958a0754c,9ffd1fbd5a02985f044eebd2c5f1c76c095bee6781c959b4c6742485ddd6b778,f39c22b3f23a93d24826f55960ccd13a8724d7f53c11ee72080e831348d950bd
sunny-mainline-cab-view/0140,sunny-mainline-cab-view,train,18920,5931,4591,2024544,23511,24851,0.6426193872698865,0.761337571928695,0.8047297009910255,,,0.9423059369661881,,,,,,0.5251815055406954,0.6618076582973821,,0.7104127475932278,,0.6426193872698865,,0.9636553097419801,0.9869233073696825,,0.8262571350910574,0.9209403487536407,,3a5fae521d4841d641c0b0953b4733aa8f8734d7fd9997403022f033352a935e,bec802af770693ccb921ee7235635fe5fd724eaa5b1d6e1f6746af21fd9112cd,34d930d4b5c1e9132247d39d57f2c3cad5bf05af3025e71669be8d49bf16fec6
sunny-mainline-cab-view/0141,sunny-mainline-cab-view,train,22231,3417,1893,2033638,24124,25648,0.8071965433353909,0.8667732376793512,0.9215304261316531,,,0.9727818503538929,,,,,,0.5359947643979057,,,0.8027657933083803,,0.8071965433353909,0.8218363885972705,0.9443612190165068,0.9545461685883943,,0.8942896044882626,0.9309135840605453,,2ab1618bf2232f7953374c7ff9fd6dbb5957a1d11d887a1004faeb1f3bfa8241,97b17a45f269102384f6109c04c9d6b8bf8782c9ed75e154169d5296a043ea20,7fb98984a96cb802cbc307d8eefe42b8be042a8c7441fba069f3fcba608d6b28
sunny-mainline-cab-view/0142,sunny-mainline-cab-view,train,27443,4057,1824,2034683,29267,31500,0.8235205857640139,0.8712063492063492,0.9376772474117607,,,0.9520415369726138,,,,,0.5461236506378803,0.8043037860712196,0.8096260779808877,,0.5600162206001622,0.0,0.8235205857640139,,0.9815295106505957,0.9909394382532398,,0.8929531087398848,0.9467414672854941,,f9d4c3db5d27a80539d7e059e63c85bbda048e2f6d73d48e3b0e6d2541a023d4,ecd3fb29f78f54f484c4e6ff39b9f5010a4ff9510a0ca54c9e0fcee6ada30585,73f60b0a849cea1ae0df65ec7880df4722555b5a08dc1b8380c3c59ea5fd5116
sunny-mainline-cab-view/0143,sunny-mainline-cab-view,train,42650,18666,1694,2005211,44344,61316,0.6768766862402793,0.6955770108943832,0.9617986649828613,,,0.9184532702120641,0.7039342337052261,,,,0.6967782691092862,0.0,0.8410288499538928,,0.6503963287442637,,0.6768766862402793,0.8371508952571871,0.9260300845966344,0.9908401819842098,,0.8960334172187698,0.8757185348572957,,4437f8bc5b8248f9f54a530115e7dbcc3ace4af83f6e7e7505c28bd61deecdb4,5633b96990c8cacdbca53cbc8c942d05e63f5e2d839d47c6d0409a38e1392cfe,660845c14a806ad4a693e0bfb46dc4960944e3e69b580a5b4aacecc489c0b036
sunny-mainline-cab-view/0144,sunny-mainline-cab-view,train,7114,3587,2555,2054780,9669,10701,0.5366626433313216,0.6647976824595833,0.7357534388251111,,,0.9299917885439091,,,,,,,0.4857310726875944,,0.7195745551237472,0.8760504201680672,0.5366626433313216,0.7583233532934132,0.9655155131053826,0.9670743107153527,,0.8406525736844769,0.9521636036087356,,f6b634ec6548b8bf98554aa0ac61f40eb22ae85f7e7ae26d084ddb9500ae7e5d,7f8b37a8c257a86c7ca870dd1ce5018c32c9ed888de4dc3afc7b590ae25fb898,d04a9543e8ab8a85b01427ed881fafae4d3dc702caab17f374fa4a1e780fa5a0
sunny-mainline-cab-view/0145,sunny-mainline-cab-view,train,19981,1398,2223,2044537,22204,21379,0.8465807982374375,0.9346087281912157,0.8998829039812647,,,0.9623261943175241,0.591298825023817,,,,,0.8446112464617161,0.9733326241889161,,0.0,,0.8465807982374375,0.9290099001279963,0.9767548814922415,0.9907497094149554,,0.8808676495509236,0.9494228479589281,,fcdb2f1d198ca40299c924da55b12732604c2030a0db21c6f4a86b3b5c804d35,20c74d76997181bbbf1ecde190ab83a62b8b818f8a40955abbde22b23f85c59b,43df30cbec0f1acb67448a84a567c8e87e0784e05ef6fafd6fbbd08de7a35f7d
sunny-mainline-cab-view/0146,sunny-mainline-cab-view,train,40296,9608,2577,2015476,42873,49904,0.7678207351231875,0.8074703430586726,0.9398922398712476,,,0.9252430323836781,,,,,,,,,0.7062618595825427,,0.7678207351231875,,0.9811787993460088,0.9714197445046882,,0.8264215967834578,0.9285060526971128,,144ac7ace9587dad2bd7d7909441c0b2eb1b7a5fd5d975855c31e6f54006cc89,14b653b227e8c3d3a8b942968a57b177faaf75fb68a3e71ae071e6286eda5cde,acdc58244791d684f4d6a73f1043389bdd547c11d41de78caca0f790ef61f174
sunny-mainline-cab-view/0147,sunny-mainline-cab-view,train,2520,189,3531,2055091,6051,2709,0.40384615384615385,0.9302325581395349,0.4164600892414477,,,0.9404211312516159,,,,,,0.6061020659460938,0.85769669327252,,0.681671333189748,,0.40384615384615385,,0.98215015085992,0.9736810491540695,,0.7848353451306692,0.9121842864793562,,6cf388fea166cff5c1481f523509bf3d72656e5aede0964f0ec6b15e88adea19,692808c9fd7ae6179769e38738eb5f38b5dfd78c857fdca542786e3cce1a19ce,041a9654ef0c6dcfa895e04580e0e95b89f2cc6b272402cb1d93c5bff532d462
sunny-mainline-cab-view/0148,sunny-mainline-cab-view,train,27038,6269,3917,2006551,30955,33307,0.7263593380614657,0.8117813072327138,0.8734614763366176,,,0.9338352859094741,0.7428005402971635,,,0.8035714285714286,,0.3887987012987013,0.9630054049924559,,0.7489084413866102,,0.7263593380614657,0.0,0.9393389635743365,0.9868448071529986,,0.8819176264439189,0.9316645430735471,,d859eb4079cd5f05a69e1a52ca314157548f99524569888aa31aa39194c4c163,3f6263d12602f503c9afd8899de5bf72117310b14c1df89f7ca3507e4df9258a,18e3ca980032488b0ad61a998294296d649a260fa719f2a6804068932102d623
sunny-mainline-cab-view/0149,sunny-mainline-cab-view,train,5022,82,5592,2046432,10614,5104,0.46952131637995514,0.9839341692789969,0.47314867156585644,,,0.90788108474132,0.6283159782637792,0.0,,0.29743589743589743,0.6450502671859433,0.2586759209823812,0.8053682940675561,,0.7639134346582693,,0.46952131637995514,0.610304086771257,0.8830373586782637,0.974168773864468,,0.830187023849562,0.8768007196391425,0.0,0f14ff36a7fdb27af6f7ec8cb353e753e159bb3b77aab52a80b13fe6937791bc,f956580152828b020215fbf2c78a840a5b4b68ad7e56c3e41bf4fea9766fcbe0,13783f7ad1a2cc2ee70945a943d1dfac179c4c6a8516b5e9ec043e0fb6c96be4
sunny-mainline-cab-view/0150,sunny-mainline-cab-view,train,6234,1154,3384,1997798,9618,7388,0.5787226141849239,0.8438007579859231,0.6481597005614473,,0.43141718838929993,0.950987688581664,0.210791729702471,,0.0,0.5214424951267057,0.0,0.7393278837420527,0.8569964853755883,,0.7094385039114938,,0.5787226141849239,0.8276894754582934,0.9087294359886734,0.9948888918230191,,0.8297996848975917,0.9166832690284111,,d4d60368183c52383216b6039fb814147d7720ff8a5ea3c97e9222f8f0eb8937,ea19db3c93ddb0c57d8a40d4882b76fc921b3e7ef2c036f491aeeeed322a8ba8,846f91498dc84162b1e2c0b3b7c2b4bb0ce3747e4f50957f5ea4c8c14fb249f8
sunny-mainline-cab-view/0151,sunny-mainline-cab-view,train,13426,17382,10412,2024767,23838,30808,0.32571567200388163,0.43579589716956635,0.5632183908045977,,,0.850036648740354,0.7720662737430964,,,0.2953451043338684,,0.0,0.8754993655120553,,0.6008273960009193,,0.32571567200388163,0.8836169586957435,0.8762910663375619,0.99080462316958,,0.8764136717768284,0.8504776028772946,,4b1751c125ecc67afaa53eb1d7655c7a5ec051098de588dcb48ea4bc9cd3c5fc,1ab5b3a734f95118a4f540fd1aa10298673d5e4910ab7f3050c63f27f8d9a24b,ec187818929363e1779c8c47f9391961f46e82cae25af6b80f149e46d9c0e5a6
sunny-mainline-cab-view/0152,sunny-mainline-cab-view,train,7835,1949,4873,2044922,12708,9784,0.5345568670259944,0.8007972199509403,0.6165407617248977,,,0.9210094682356789,0.6323099860037729,,,0.8573050719152158,0.0,0.6250080484192905,0.8900141706222191,,0.7743120965998579,,0.5345568670259944,0.8872006374913852,0.9180303196496123,0.9834320418963012,,0.8600740464190156,0.8780624316279543,,7c244faef1d58c7c544581c4aaad579ceaddaf9f4f8593f1c642198319e0f064,57425f7fe572f2d8c613752e0aa310cac5a68f17926ddb24529c7254a7030148,4d5cfe06c93722d062fc731af7b2c8a266c61c3c12a7a59467c6406dedcc2ebe
sunny-mainline-cab-view/0153,sunny-mainline-cab-view,train,21197,12270,218,2033052,21415,33467,0.6292711889565088,0.6333701855559207,0.9898202194723325,,,0.9104176461369691,,,,,,0.7886135709696344,,,0.9056028273005583,,0.6292711889565088,0.9706005106550133,0.9805673910626362,0.9920895010688501,,0.8874681132745649,0.9607228171129177,,8a9db76dfcf9155f0dfba13eb33441d81632dfa0d872dd599c6a9a249961a009,05a5851a91ad31d3a2d1b4e3dda4c9fb4c997e5bb7d94639cfcf404ebbcfe4e3,2cd709ed257b35c8ba6946b846cd859e821ea6791a3047bcb4010c1143d55b0d
sunny-mainline-cab-view/0154,sunny-mainline-cab-view,train,16141,9020,275,1978354,16416,25161,0.6345730460764271,0.6415086840745599,0.9832480506822612,,,0.9448183537618825,,,,,0.0,,,,0.6552919708029197,,0.6345730460764271,,0.9828523221034203,0.9961945228834781,,0.9055367604587837,0.9444317216414878,,6ba5f4dc3a08179c05592eb64e30da7a3ab0f61eb7a134091c4cb022c307f8ce,73a89e97a564e8790df1b2ef5cc6b4b1abecd82ba42528df33db4e2887c0a69e,deec3bcb7398f28f094aa20ac21cc8f3db9876da7b5f4031b30e6545a83936f5
sunny-mainline-cab-view/0155,sunny-mainline-cab-view,train,4566,3635,398,2052024,4964,8201,0.5309919758111409,0.5567613705645653,0.919822723609992,,,0.9633138853685947,,,,,,0.4003976143141153,0.8877772219443055,,0.5975332068311195,,0.5309919758111409,0.895152198421646,0.9694253767362042,0.979593714276766,,0.9032309584271637,0.9362043301994988,,06a90f5ff240f94f7308b963ae697e96d8e7f41f7c690b41c58516e490c044e0,3520046f77397809711aadef6d4851348e6ef6dfa7e4d4acffde40d4a08d976e,ac9aefb0561fe70b957191c6958dbdeae6777a1c47277eed51c4a06c6711d578
sunny-mainline-cab-view/0156,sunny-mainline-cab-view,train,8021,1276,1851,2049212,9872,9297,0.7195012558306423,0.8627514251909219,0.8125,,,0.963849563314694,,,,0.0,,0.7830023619980754,,,0.7451706535882294,,0.7195012558306423,,0.9766353498573416,0.9818486002083519,,0.8991941229556214,0.944114145225136,,2a9b7f9f2e664a6492b210e6af5c8b3238a3d01e1f1d4f0c3506e92519ad0942,407421d1c13fc9a5c28ada48397820d63763e5bbd52ba90e03022634e21f2fbc,1dc3b78f5cbb678cecb9c6ea6bef913f8b0915608ff7e348790e304acc671745
sunny-mainline-cab-view/0157,sunny-mainline-cab-view,train,22854,11844,683,2032791,23537,34698,0.6459399112518018,0.6586546775030261,0.970981858350682,,,0.941677167494379,,,,,,0.3591066178366947,0.6940585279337865,,0.7796756756756756,,0.6459399112518018,,0.9520497228404812,0.9917337797843387,,0.898849480821848,0.929668073457283,,8e5da439095b7bf529ca9afbcfc297a86c96a3820aab657ef461687e06417c1a,9981e1d1ae142c1e9738d94cae092b732bd369db06694bee51a34ebb4e3fc179,2efa92a0242bcbcc5205fa7812fee6ae9c05fc99139d32a5d1695a8fd4500294
sunny-mainline-cab-view/0158,sunny-mainline-cab-view,train,4815,1632,269,2061462,5084,6447,0.7169446098868374,0.7468590041879944,0.9470889063729347,,,0.9798035846399847,,,,0.8675149700598802,0.2374529485570891,0.6387044038009605,0.3540157004830918,,0.6941758241758241,,0.7169446098868374,,0.7150885415657945,0.8495943290020231,,0.8958442924776433,0.9373480797277589,,e6a650c2b434f3111eccf6b5f78e578afe4a7a00834675380b1cee62d761869d,07015ed660b2b8ea64300203f1815f3802c8e66a3db06436fb5305d647e31263,bcf981bbc4bc08daf24b162af17a94d34be382c00b795beaf91934ef4b32b507
sunny-mainline-cab-view/0159,sunny-mainline-cab-view,train,18027,520,11332,2038230,29359,18547,0.6033334448944074,0.9719631207203321,0.6140195510746279,,,0.9557797691960545,,,,,0.7100864553314121,0.5262087863519844,0.8730854380337053,,0.6682472204054938,,0.6033334448944074,0.0,0.9536951825435129,0.9825330487149918,,0.9167520841875085,0.9195030355207885,,0857b1a64422a748f3a1acbe2298b756354dc4e916a3e35065e7c7c8aa443cfa,d11d1839c3df1fc963b3d4a7d2fad7dd497deb84c04b0fae9ac7612d46bf2393,323ee085a80b94b39511b09fae28abacd2d8f810f875def7dde8eb19e2c6c856
sunny-mainline-cab-view/0160,sunny-mainline-cab-view,train,22403,7419,565,2037915,22968,29822,0.7372560634481851,0.7512239286432835,0.9754005572971091,,,0.9591744892849673,,,,,,0.791539609420619,,,0.7494265043232751,,0.7372560634481851,,0.9707231103397064,0.9891119685400914,,0.9123758494511239,0.917846457601283,,3f99be5f7928e5a01c3e2e0da7c216742c167125a2f4df4f9eda959f3e86453c,3a16390f7fe8b99976e346e04b3a49000f78f09ada1595a248415368e11aedf5,a0298a78ade10a2453dc8e5929ea8f959d71ae98a1cbf83f2f71c25903425cc9
sunny-mainline-cab-view/0161,sunny-mainline-cab-view,train,26085,5936,1613,2034485,27698,32021,0.7755544984242136,0.8146216545392087,0.9417647483572821,,,0.9478078413881054,,,,,0.9507882652315072,0.6962760222277515,0.8577656389516256,,0.7112598661204915,,0.7755544984242136,,0.9481638930400592,0.9941738964405188,,0.8902014093970219,0.9164884029741655,,016395879116dde76f1eddcc264a67c3d1fb136d9a0f2d92b33ab41044c4e774,d23f8db4f6d3d5ebf380883116bb37266ab923f0b3242a26533b21ff6567c406,7f4521d820373ddfd35deb2ad01a4ebf1c795075aac738cddecfa12f4228c4f7
sunny-mainline-cab-view/0162,sunny-mainline-cab-view,train,24325,6077,2945,2031798,27270,30402,0.7294509251207005,0.800111834747714,0.892005867253392,,,0.9508687644096395,,,,,0.952104050354928,0.6535137593813964,0.7425403777716945,,0.840687430436341,,0.7294509251207005,0.5465779467680608,0.9586918560249013,0.989809000907389,,0.9074552588764475,0.9346565651192656,,9a198f581ccbd0527724f15f9a3cece6e5832854e77e259dffc5bd5a429ff05c,0f13810f4e07bcb4e31d23ae621fe1f2f1ba5df5bd7d2a28ccf1edc7b7b90c12,99f765fac35d33d8c91fedcb335dea6f16fd96260feda2096834e0ce0033d57c
sunny-mainline-cab-view/0163,sunny-mainline-cab-view,train,54285,8966,5850,1998864,60135,63251,0.785589209996961,0.8582473004379377,0.9027188825143427,,,0.925346042085291,,,,,0.944888659616542,0.8790217188375132,0.4420077972709552,,0.7822758451739343,,0.785589209996961,,0.9731970874140285,0.9949979033127658,,0.9004270371904777,0.9472144779462718,,53c1f0e23c023af87bca8d7c925f1118fa6e03bf34b314ab0e901d159fd525b9,0dcf0e9793f56137c43c73198bc407fb3d307128f3264ea267e08b830d3a3e6c,c2e50b04e70a69cfac66545ecc5b16cfeaafe17b0d638baf9d8d74331c7986bc
sunny-mainline-cab-view/0164,sunny-mainline-cab-view,train,35703,3519,1390,2027565,37093,39222,0.8791243967300305,0.9102799449288664,0.9625266222737444,,,0.9607443455253548,,,,,0.9447297743014654,0.3235509904622157,0.8544356518117451,,0.6678353658536585,,0.8791243967300305,0.8059118236472946,0.9695154733898657,0.995145858141981,,0.9073956312994818,0.962066991706214,,dc2322339b57aed5805465301755b9054b87fba047b608e05ae4dcf959232006,595424faa77d35db1f99a37b4f55a72e40170bff8e5dfdb3ab73ae65e3e2479a,ad50f677a93ff0f46ea0eee3c558914d76b3b28459173963c8793039b5dee3b8
sunny-mainline-cab-view/0165,sunny-mainline-cab-view,train,22046,3986,5371,2036647,27417,26032,0.7020348374359138,0.846880762138906,0.8040996462049094,,,0.9487695039959406,,,,,0.9563378548798868,0.6652523246366344,0.7814605594500783,,0.7849641319942611,,0.7020348374359138,0.7351149118118653,0.9576841697567833,0.9953906228231838,,0.8980884745338505,0.9331650651670136,,ed03205def575f68a08e90b5040e492f111657b011c4a09ea8773bfee95ae4f8,48f2d8f29663c715443a61887d3de406b2141c0cd0635bc8d985d53ed8a38d72,28bf614d18e2ae80c532488e85acd84f66561dedbb580922e0d6c63769cadf8a
sunny-mainline-cab-view/0166,sunny-mainline-cab-view,train,21433,6063,412,2040112,21845,27496,0.7679876737852945,0.7794951993017166,0.9811398489356832,,,0.9619271159774364,,,,,,0.7505164965879922,,,0.7918979875086746,,0.7679876737852945,,0.9770173975876827,0.9893361095916194,,0.8987310151878497,0.9352443219826075,,4cb25bc7ad809534409bf310ce0bd9621415dfebdaa38bfbacf278916ddd0f64,6efebaf42ad436d141650e14308bf18e2389d3ec7ed42dbb736ae5b5f6d3a70d,b6cbd0cf52e8a24d5cabbd52fed1bb2dec8b14b0d108980079bf4a2f76f3508e
sunny-mainline-cab-view/0167,sunny-mainline-cab-view,train,5610,2131,49,2057432,5659,7741,0.7201540436456996,0.7247125694354735,0.9913412263650822,,,0.9699864669587357,,,,,0.922871378631414,0.9524476169964001,0.96589588139564,,0.0,,0.7201540436456996,0.8048015645547426,0.9519701815620928,0.988951085364663,,0.8988129443249544,0.9345309489356104,,ea08f07ca095ed6d035d6f14b8548f69a14bf8d6b49efbbdddf5179bf9ef3009,b5e44b4d05c9f941f3f50ad3195bd2b3c67bdab306fccddeab16a0e824382b20,031ff616e7073129f4503e00a57c8d581d1ef69220d25f938087b10cc8bcd0f1
sunny-mainline-cab-view/0168,sunny-mainline-cab-view,train,22144,1740,3040,2041143,25184,23884,0.8224632298321201,0.9271478814268966,0.8792884371029225,,,0.9591822361091547,,,,,0.9038804101872804,,0.8199771503182635,,0.7006785302778133,,0.8224632298321201,,0.9707465593698127,0.9928771246482886,,0.9017386081394783,0.938412659619967,,72b8f6a32917f9b4cd7edbfc8b38900c94a094dd308a81ee17ec8c715bf8a875,adeae42b66b6f80ff7ded176032da0f049d5158fb43d05363602b068574857d5,78c31e0e029c5caf3f53dab0af22ae8be4962809b8dfc1ca0b9e446df76cb7a9
sunny-mainline-cab-view/0169,sunny-mainline-cab-view,train,4572,1219,1190,2061046,5762,5791,0.6549204984959175,0.7895009497496115,0.7934744880249913,,,0.9777764709341645,,,,,0.9525362202447878,,0.9260299061366621,,0.6820279535864979,,0.6549204984959175,,0.9747012701203767,0.992690388597612,,0.9266865553559361,0.9553333093211351,,e50a126b8e9d96524472935c0169644a3000d548dd10622d7dd7837f28b262f3,1fabbee7225ef01c83c8f9d87a5e21012dbd0cd0e092aae0b3f85cc885236dfa,a68ab12539e6a149212ef8776c2c71a87e8392db3baacf7b78c7adb0c74cd05d
sunny-mainline-cab-view/0170,sunny-mainline-cab-view,train,6341,211,2899,2058754,9240,6552,0.6709342926674426,0.9677960927960928,0.6862554112554112,,,0.9594248819274227,,,,0.0,0.9602401106127542,0.3366238894373149,0.9055375951611221,,0.616641045349731,,0.6709342926674426,,0.9664228248026311,0.9923117268921952,,0.9028718571123977,0.9378700860129271,,3f433ab98d445e66fbd4c3879168f0ff099bfa2f2a0555a496a23ef041827ef6,2432eb316800d123f6938e33fc85795b3d6c60ffa520a0ea9203c0121e31584d,c6ae312bff4f546fbee68e4e0275fff9c2510f9138234d31045075ff975fb70f
sunny-mainline-cab-view/0171,sunny-mainline-cab-view,train,25159,11444,238,2024627,25397,36603,0.6829076300860455,0.6873480315821108,0.9906288144269008,,,0.9329639852699952,0.0,,,,,,,,0.8401906995455051,,0.6829076300860455,,0.9657533084972272,0.9665405777166437,,0.8807497083766828,0.928158775668043,,f0f37b4a43e03c4b5aef2ec2723b33d29fdeb183e0247dc20cc38fd51708b6d4,e8e0d147bf6775475813b28df3bf64d5faa50955a9846c2f56a541b5e2252767,cd3934a0ba6f9eb18da450ee27899044491077d62b78e889c344ce9589aee461
sunny-mainline-cab-view/0172,sunny-mainline-cab-view,train,0,11032,0,2052105,0,11032,0.0,0.0,,,,0.9417275827759342,0.0,,,0.48297604035308955,,0.0,0.8362011127752289,,0.49774258760107815,,0.0,,0.9516222952305426,0.9633759950940868,,0.783438891916781,0.896871567981424,,9d1f242981192b866b8c78b235337b3fcd78c0dbb947afbb3861211b73247352,c9cc1d7969f031b1ba1caed9230b1e99f67407a3ccf18ad66582f8d9f85d7a54,12fb750f1abcba2810e48e7b14e4ad4c2f922849e472da2e41a841b96de7db5d
sunny-mainline-cab-view/0179,sunny-mainline-cab-view,train,0,0,0,2070979,0,0,,,,0.8493286631640397,0.7212976130991275,0.9591280653950953,,0.6638363805392005,0.9378888864285556,,,0.9308214969953212,0.9299412150683577,,0.6115736762570743,,,0.8109932005208111,0.9007222908765501,0.9582293243343838,,0.7491595552107577,0.9592710848064793,,2980bdd5ac578120cb35ad4b8b8f5798eb1663f505b1d628312365558c8e6637,0a9409b2e919a722e20a573aade797666e16f212e11504e1bba1fad37db8571f,0f704bd00e152bea0bd62cc641a08225e208458511f631a9205b28a96e57fc1d
sunny-mainline-cab-view/0180,sunny-mainline-cab-view,train,0,2215,0,2071324,0,2215,0.0,0.0,,,0.0,0.0,,,0.9178920485241393,,,0.0,0.7882811703537568,,0.6573566896252508,,0.0,0.8367138253715177,0.9110109056990547,0.9840336862159295,,0.8041225033288948,0.9326188264621589,,11d2b9c079ad57dd8e7e64839160cd7b1d1b689d42720e385bbae214ae1ce4e2,d03eedc21174cd47abea991f73f6f1990f52f4dc95c05ca152a8ebc1c4f8dbbd,472d6f26c932849b883a2442a76d272ccd6ce17b1fc4485cffcb84f480c82954
sunny-mainline-cab-view/0181,sunny-mainline-cab-view,train,0,119,0,2073481,0,119,0.0,0.0,,,0.9709295968258431,0.9706721025592685,,0.0,,,0.2376068376068376,,0.1686746987951807,,0.7194696441032798,,0.0,,0.9873058262134996,0.9951506711035354,,0.7706791827719492,0.9487665894636227,,961d4dc340edb778535bf1a91b174154c09e8c3bf2814a05efe15d66cfa809cb,f7acffee97a0d29fb4655547c1884e20e9bd9972cc8706da96cdee1e26eb908f,157a458bddd711e0f7ae4bffe32f1305bd172bd34e657982e264fe6aec9b7358
sunny-mainline-cab-view/0182,sunny-mainline-cab-view,train,0,0,0,2070136,0,0,,,,0.49216109910808264,,0.9486323485951336,0.0,,,,,0.9402105756164898,0.961745663498359,,0.0,,,,0.8329834578889915,0.8469159334205102,,0.6296722401186275,0.8527159526351189,0.0,2b635f17ddb2ba61b77fdcac0499ec5c3d70dea1323a289937212955ea815653,4ceaeb2102494da778ecf94d2ac615d63cfe08ae62aaef2a6796fec50fb8bb6f,e6e8ee8e13eb2a3846c4f7b2699777bea5a394876bf0d0330ac2714ff519477d
sunny-mainline-cab-view/0184,sunny-mainline-cab-view,train,0,0,0,2070348,0,0,,,,,0.525,0.9379925229162807,0.0,0.7188489968321014,,0.0,0.0,0.942963535178244,0.9157355512227411,,0.6190661053755353,,,0.6793862176409075,0.8148805892094483,0.979119612032421,,0.8156261871596809,0.9396121312151846,,fce720c8ba60a17547f87e487d475b7dfc8130e8e3f6de1eb655de80095dd9d4,cfb308f1843883bcd1f15e0bb17c380c182c15635fad7bdad3e92fd028097a16,3b12979efe9b3f2f95d2bbbfe53d27e430e5fb35f0bc86eaaa370573f860c766
sunny-mountain-stations/0228,sunny-mountain-stations,train,0,344,0,2073256,0,344,0.0,0.0,,0.9268620911590896,,0.9570022018196169,,,0.9424094925734818,0.5491731940818103,0.8436576603388534,0.9160193783043087,0.7985217324198486,,0.8150247939104892,,0.0,0.46091535034426895,0.8588904557013897,0.991009172384715,,0.8316972884871833,0.9334700456757358,,8fb67a7950262b0a2133f19fd631fd9df52f83e1660f0a811abf3e9d0982f269,f4c0dfc2948c51f179a4a80f4d4b7d2a14b8c5ced33c320220f787477a45e6d3,7dfc54e9a2d89257f854e6e0e9f5d361ad77b5e66f8255cb51e2e5d98cc8d1d0
sunny-mountain-stations/0229,sunny-mountain-stations,train,0,1211,0,2068800,0,1211,0.0,0.0,,,0.517608359133127,0.96028710948991,0.0,0.0007524454477050414,,0.36889544411668307,0.9716031687318908,0.9832044943132242,0.8703425309229306,,0.7222043787805792,0.8842676311030742,0.0,0.8235569896031549,0.8334372962091355,0.99058488493119,,0.8445060998000734,0.9555836547174981,,0354800bf80455fa7680958e010518b436ea155dca8b0abbc8d1e10092f0661b,fc908e7e08e5cc665f4c59c11eadf28fcdf161bd566dd5bc31ca5349d4ad036e,90ab5706742ae6a3b3028b8815c37d463295aa4764f8d840b28f12803d8c41ee
sunny-mountain-stations/0230,sunny-mountain-stations,train,0,2098,0,2028144,0,2098,0.0,0.0,,,0.7893675091966299,0.874994912347007,,0.0,0.9283144912641316,,0.7592892858876644,,0.8575756730885401,0.7616964244450264,0.7343830005120328,,0.0,0.8305025530771298,0.9261666941974227,0.9841825469376274,0.5629991470884702,0.8041194384877371,0.8496744087949171,,505099662669780df8408d783f6869cfd7b572910896d2c7b6f0e27c7432cffb,0f54a1615827a6cc63096a9eaf5bd58b3ed9758a76361bcee72da0187c106f17,8afb935ba51e86fa2cb530f0e4089a0442baf5380c2a44ead421beefa4732de4
sunny-mountain-stations/0243,sunny-mountain-stations,train,0,507,0,2072784,0,507,0.0,0.0,,,,0.9718719343619013,,,0.9848248826786314,,,0.0,0.0,,0.4962133684557129,0.8324836125273124,0.0,,0.9890525800606556,0.9956757213799643,,0.728120232781513,0.960356122161734,,d048231d419c08d7176eaceaa89f964709a5a5de28918f80af2d6d5cb56dc892,ac493ba00b218289c9290e59fc10ebc5e73442a5005678ae91222731a9f1a765,a7c27b09fdfc878dd775cccb77b160ffb068370cd093af2445dff645eef54a4a
sunny-mountain-stations/0244,sunny-mountain-stations,train,0,0,0,2068950,0,0,,,,0.8924911050926664,,0.9628811541182765,0.11755233494363929,0.6762886597938145,0.9226840998888411,0.4449691245913549,0.029640084685956247,0.8331430263046604,0.675830157866086,,0.8146105493811686,,,0.8824021697016661,0.9447558623418281,0.990257717155918,,0.7600888302855755,0.8917865746896434,,8d1edf47c4a0e099e6bac09702b9eb61358d689387405e5915c4b761311fb755,62634f58072805641c40889959a1644646ac9bf20776fc28c0eb907ebb26db45,eaa274db1939e7739f9df2ffa555086bf2339a3fe407b9ca37a224a5ae1a9207
sunny-mountain-stations/0245,sunny-mountain-stations,train,0,726,0,2072874,0,726,0.0,0.0,,0.8683724741118054,0.0,0.9045732757478604,,0.0,0.8780263470211251,0.7178329571106095,0.8774572271115016,0.7354694485842027,0.9674600671576721,0.8535335306431819,0.6548910305920279,,0.0,0.4649350649350649,0.9502686545082849,0.9953808211834775,0.5952755905511811,0.6905098292495863,0.7507482130910883,,ede5e722aa51b1edf1b7f3550819d1fa7c743d02958fb765bf9233ccf1ea1020,cadf2ab9a2d6547b808e82099b83169aa947fb0617b0d25d7c012f3a84f18477,754d09a68f51136b2eb9144e18cfdacf6ad53098fc8c5b5a32d831de750c7a19
sunny-mountain-stations/0246,sunny-mountain-stations,train,0,407,0,2060696,0,407,0.0,0.0,,0.8366922584772872,,0.8314539698002923,,0.0,,,0.0,0.83606373680554,0.8364694852059394,0.9370431692444373,0.30504587155963303,,0.0,0.8586195216293885,0.9713840203748788,0.9905708969248688,0.765240328253224,0.8299688991056078,0.8573159669567987,0.0,90a65adbb644d54e42c7e51d5cebfa0b1e554d4d34f442db24481dcd7007c74c,8211f22cbe10bb54834c2a0f57f23d5612d3a7a8d288102d2f5c719f02078527,6379271044895bab70bfd06fffe93dd4897c2b71e5b9d78edd163944b02e8b33
sunny-mountain-stations/0247,sunny-mountain-stations,train,0,0,0,2073600,0,0,,,,,0.924171082637442,0.9757845856577431,,0.0,,,0.09344828956255712,0.8209326894053728,0.9445660717771248,,0.5316636510808495,,,0.6568643445631781,0.9645293756815704,0.9948062589361508,,0.8832889104272675,0.9458485252704906,,a442fff38da0ce40c7e735cd036d9ad22fde5c1909107105ed77bd798ca3f872,c5c7e80094cc032a92fa08b0b660de2231a9cddd7643b6d1c2df97dbdb15ba15,9bf6151fa85c4b76df598cddfbb81eb423fda710edcb5fdb8f9bb8531b880d38
sunny-mountain-stations/0248,sunny-mountain-stations,train,0,0,0,2073600,0,0,,,,0.8056054386865059,,0.9742698784907269,,,0.8052624852675972,,0.7956254957558738,0.7546605517487548,0.9515164310943982,,0.5778777231201686,,,0.666376889126655,0.7213239427305492,0.9893238001730356,,0.8592531253339032,0.9420856795764155,,c489b83cc8d5e13b9e9ee4f588ba23a86a21404337b41cc01afb90627630275f,1828c615b6f7ff9fa65e720ed3534d3325375ddada62df18c96577a26343ed35,a5ef95353994889e06f37e95c704669b2cb243d3dc6369f8ea9c37a869e6de64
sunny-mountain-stations/0249,sunny-mountain-stations,train,0,0,0,2073600,0,0,,,,0.8531312127236581,,0.9748843638683609,,,0.9682373651044723,0.41450959675999294,,0.8548756740563211,0.9374358630931864,,0.8378175361922972,,,0.8099730458221024,0.9676926796705405,0.989495563617548,,0.8993273910428173,0.9343419742378979,,408760b135c0da743871d600304812e352ac956549d1987597238245735e8672,459bc06543c1527b8f31f3778f2304eca8cda8b56ce00177d1006117d7a4ed71,6c14312287aa24d6b5bb4ba97f47230fef604e07d4ec179fed2f2649c7e3aacd
sunny-mountain-stations/0250,sunny-mountain-stations,train,0,0,0,2064289,0,0,,,,0.6499899213868172,,0.9861908279820424,,,0.9560052726232322,,,0.9681644954716221,0.9699981245239544,,0.8620890424251834,,,,,0.9878147680728243,,0.8595283181270442,0.8575797018757578,,0956dd0c21f6af0a1387e957effd77c906124754c421ea783a885ae3ce8cf3f2,1a54313fd7aaffafd2aa769b53c139c749f29333937e07fd9220a885589e54d0,98551acbe8050b12ac3d6b379a9b4f1ad90ee9fa261e0d2791afeef282e9f26e
sunny-mountain-stations/0252,sunny-mountain-stations,train,0,0,0,2029299,0,0,,,,0.7564399074886354,,0.958648111332008,,,0.9263070117168176,0.0,,0.9625328675029924,0.9150406011392559,,0.20155907276198892,,,,0.9344768171950899,0.9920661193502824,,0.8655549349716748,0.976274212264572,,1749f26376edb32da712444c9e60186ff4bd29e1fed12a43bf0f659bf8e5a11b,c37061946bca614f0217b26c4987befc27e64f2bc1d0d90685762ea41c67810e,92bf94e1c89ae85049cf6f43cd342c5d582c1352d2e646247a6846bb82426f9c
trackside-maintenance/0000,trackside-maintenance,train,2698,1014,96031,1989217,98729,3712,0.027049517259356545,0.7268318965517241,0.02732733036898986,,,0.941000709601487,,,,,,,,,,,0.027049517259356545,,,,,0.928915165681287,0.920210595053465,,e41473adaa20b0dfe8eecc7e6000f550ae13c68770e4946667d4c938e7a89230,608d5152e26531f443e848f1ab03966ce4ec96ab2768c3ee09bd3bac6d538107,0e662c42813860f73ae1bbb89333a7c5a57aa50ea19d1471e2cd0b57d5692f5e
trackside-maintenance/0021,trackside-maintenance,train,1300014,91914,11633,685106,1311647,1391928,0.9262255078332897,0.933966412055796,0.9911309978980625,,,,,,,,,,,,,,0.9262255078332897,,0.9725711768642367,,,0.9249231444883619,0.8184340349252571,,f193c1a096a827f7ac610c2dfa2ef5244731e66842755d4d9a52dae046fadeb1,3cc3a810432c2d42f2e1b1d81348e5530c70ad2520bc91739596cf667ef7070b,2660b8a88c86981395b06f059a7d614464d817082bf3c5d650fccffc65d47add
trackside-maintenance/0052,trackside-maintenance,train,1170126,30790,7376,880376,1177502,1200916,0.9684132643433871,0.9743612375886407,0.9937358917437082,,,,,,,,,,,,,,0.9684132643433871,,0.9798741291690506,,,0.9405032514046668,0.9612787264579803,,efc1a697946924df5b504e34114d2f5a5bdaff8ab191a9dd2c8d978a19525204,d7c67dfa30ada59632dc54a7ee5807a8e61a421646642ee6822c51b526280b84,1da5e45926f35db6ff042d17814fbbcc2f438b175db211198e43133354ae9e14
trackside-maintenance/0055,trackside-maintenance,train,1179677,217762,1248,690273,1180925,1397439,0.8434174336359743,0.8441706578963375,0.9989432013040624,0.9609542411772515,,,,,,,,,,,,,0.8434174336359743,,0.9646244873681245,,,0.9509146761203277,0.6439981881322664,,28f3b3d7bec0bf474a3fc09012c7f4ef1b0b5a4e37e51acf00fbc5bea657569b,7b23c5e8ffdcb864899f2b44e3f35d742c5fa4f4a7b41a710d74ec6204039136,732fee693757b3b8d418960497cb3997b791350a7b39efbbb8553cefd244019b
trackside-maintenance/0056,trackside-maintenance,train,1073458,81230,3100,929430,1076558,1154688,0.9271628311918935,0.9296519925728854,0.9971204524047937,0.9685940629495289,,,,,,,,,,,,,0.9271628311918935,,0.9675320953690968,,,0.9507919064872138,0.8622936522989167,,ecf8e84d483b920ff62e729b88a34b2e02bc43b25ba2201f33a1d1233e98db4f,71ac374b6a05e5b030909b340d8dfeaf290ad55a7d2193361ea9ad5698cb1afc,9760a447db7d12e0a20f2c1fe0ad87af70a1377795fef9cbed270aca64abd584
trackside-maintenance/0057,trackside-maintenance,train,802553,762,6727,1278513,809280,803315,0.9907548003683759,0.9990514306343091,0.991687672993278,0.9488742132789646,,,0.3172464704253945,,,,,,,,,,0.9907548003683759,,0.9693142734307825,,,0.9641596005487956,0.9787336181652345,,76a244cf235702a8709bcd5845224a9a5785c3cd791a1fc89b4d54cf065746b8,c6a6ea3d247a64e8a78e7264e9e5bf9070735b251f3b1498e53ceeb2d9a5eece,470d4b0871ba666afbef8b54a2620ce1a0457a294f20eb8c579ae9a7a6d5e223
trackside-maintenance/0058,trackside-maintenance,train,1319863,37629,8246,723222,1328109,1357492,0.9664101020840015,0.9722804996272538,0.9937911722607106,,,,,,,,,,,,,,0.9664101020840015,,0.9425864550902213,,,0.9186444815421444,0.9447035364518839,,527bd4c6f5b48a8fa052db415d684acdb3dcbf8021025486fa219182ad9059ba,135090e121d0df3d05d16ca027cf3a9280fcb288b8d5e5c4b535ae20858a57bb,8fa21197fd5e0d7890b1ac94e9e40beee607ad05f8af3f41acd2d6a784692c78
trackside-maintenance/0059,trackside-maintenance,train,1235196,22628,19011,812096,1254207,1257824,0.9673888951978916,0.9820102017452362,0.9848422150410578,,,,,,,,,,,,,,0.9673888951978916,,0.9630329801969079,,,0.8949183945180482,0.9641837029975999,,8f38d8ecfaf13ea9265b15f72d8c2a5f6320df894c563c0277971f5a71223076,51caf95e4def10813bd0f02b5d94ab8f9ddcf77d3b4125ae347e9e88f0e70034,7dfe4743c1f05fee50d30fde582cc56ab0150e2b94898baaa45010204197a403
trackside-maintenance/0060,trackside-maintenance,train,1396319,22390,15856,654395,1412175,1418709,0.9733396534838087,0.9842180461250334,0.9887719298245614,,,,,,,,,,,,,,0.9733396534838087,,0.8655211304982419,,,0.9404946198839329,0.9408937227585645,,af2519b33d6b5f52478d8c41669353834cbc46bda125e944b6f0f559e55e7d51,a1ed253eef60a1b41a1f265e34bb48ebce8b527eb2c22c4dfdfd0244558ab6a4,b469818d654307587a9b2be58a684dfd5154a83473c8358c54bec7b7a9ee0350
trackside-maintenance/0061,trackside-maintenance,train,1665774,36855,2981,383350,1668755,1702629,0.9766441331840221,0.9783540630401573,0.998213638311196,,,,,,,,,,,,,,0.9766441331840221,,,,,0.9439602484472049,0.16465242192787394,,8bdf064f89bd89d79af62f1c4461b3024cfa2110a8194ff5044d74f7f592fc74,a2d3dc8b57ca001020539c453fd25cc135c52f4e3a1b7e3782882c0642be1d36,38782e424273b04e544f8d7c921c6946d33d3d412b57bbf27d44b3de711599d6
trackside-maintenance/0062,trackside-maintenance,train,1902370,7150,691,177972,1903061,1909520,0.995895217858132,0.9962556035024509,0.9996369007614575,,,,,,,,,,,,,,0.995895217858132,,,,,0.9578016608095236,,,6f1c22c5a26f9c6f9349d1b7472ea93537d6383a9cda356167f51397f8e8f989,8b6b3404dcee61dcef88a2efe10d1c664ce76c5c90f08c90a160e1881b9c7ba9,680042545353db78111b4a7bac5372305609f66e97ac55603ea5d19f3b81e917
trackside-maintenance/0063,trackside-maintenance,train,1333849,37671,2693,714747,1336542,1371520,0.9706275519151689,0.9725333936070929,0.9979850988595944,,,,,,,,,,,,,,0.9706275519151689,,0.0,,,0.9391092553931802,0.9519762805064012,,f25b27c24e3ff91436c5e3877a5df281c4dd826a5c70266f8b58faae4174a2e4,f404f535862173c8b8688fb06460f4e3b4307973ba3453d76a2a74ed1ce29373,d5004a08dc5b7668cb7975399a76984c52eaf70e165a378c3ba65784dff51724
trackside-maintenance/0064,trackside-maintenance,train,303957,14239,77591,1693173,381548,318196,0.767981262648849,0.9552508516763253,0.7966415758960864,,,0.937423833026932,,,,,,,,,,,0.767981262648849,,,,,0.954363124786721,0.8179855038378483,,40ea4a91bdc724c6898236dad7394cdb56c3f9eff92be4c2d3cdc31bac221ba5,8cf27ff8c967f94b6ce773a71a3e75cdd9d3bead6550b3d272103014e8ccae9c,2027b571a72c43bb516ba5459eb8c063ad40e9a7ae566e4c02be48183b6243f2
trackside-maintenance/0065,trackside-maintenance,train,1336765,42301,4975,704919,1341740,1379066,0.9658420523669458,0.9693263411613368,0.996292128132127,,,,,,,,,,,,,,0.9658420523669458,,0.0,,,0.9463013827540979,0.9291688200141212,,f03f57e248aa7907bdc8f6d9dc2d77aa18d6bd0c9408c1035bef8a148a559b79,c6eb3a0619930aa14ed66cc41633d3632df51fbd1eeb2b2d5c2a7d4933429313,7ac3890734a13e23c7a0d90df2505ce978aa045aea46744c3bd39e563359c1cd
trackside-maintenance/0066,trackside-maintenance,train,1294988,33281,3024,757667,1298012,1328269,0.9727295193469807,0.9749440813570143,0.9976702834796597,,,,0.0,,,,,,,,,,0.9727295193469807,,0.9588079395511447,,,0.9444326400201463,0.9531595044116222,,6223c858287f0677fdc6d3b7cc8038c3ecc2f0d657d409ea0818439bb88d0fa5,d3884b710501411f6f6b15febc4e69affad923b6dee90f38d67b046fdfa35666,81dc5557fb10d9f2cf3679053de36e2c43c3004efa9e74f4ce2dcbc44c3b5370
trackside-maintenance/0067,trackside-maintenance,train,849680,19001,8093,1212186,857773,868681,0.9690980800069345,0.9781266080413868,0.9905651028885265,,,0.6010570439219974,0.5943152454780362,,0.9040906578220012,,,,,,,,0.9690980800069345,,0.9835263868355081,,,0.9543706026911398,0.9613103589614239,,0500732a4422c6db9e57d541c1a7f0c06c3e10fd30ca7e04d1cb512dcd29b739,31e1a531c8bacd76bd03d1630b16b65d83c1b22e86c7d094e48509567df280d7,bc8f95d35ee80aa3c6da41212158753ff1db35587fb12e00644e98ad570550e1
trackside-maintenance/0068,trackside-maintenance,train,1039670,26864,14431,1007995,1054101,1066534,0.9617980230627263,0.9748118672259862,0.986309661028687,,,0.6815642458100558,0.6225,,,,,,,,,,0.9617980230627263,,0.9738465501579511,,,0.9313039210050367,0.9489122844178496,,2002370858caebe870952bed7a32a15d4c1e010a5b718f1e3c6e2a619ef1550f,f630baf409c8fa26b7d8c7049cc4ec4ab2d5780809fe481c6ff0414a1752009b,965aa7e99d07808c44ad97256b755a771a5ac0a78b0f74b9f0ed37ef37702477
trackside-maintenance/0069,trackside-maintenance,train,1806357,89199,479,192925,1806836,1895556,0.9527023499038784,0.9529430942689111,0.999734895696123,,,,,,,,,,0.730272460461745,,,,0.9527023499038784,,,,,0.9325321801363264,0.045187356150547246,,f29f28360c7637a0569445615e72587d568ec754c219c552470709afefec21c0,9004352091a51ef231b51d3a96e9c590f364538a5c6d5c05d1c1cbd61935bd8f,f3dab2f7d22f403cd76d49955b769390fbca8a0a5bb2f8522a9a3309b12f8039
trackside-maintenance/0070,trackside-maintenance,train,1871030,37289,4217,176424,1875247,1908319,0.9782979248495192,0.9804597658986783,0.9977512295713578,,,,,,,,,,,,,,0.9782979248495192,,,,,0.9660927848600341,0.0,,8da8ac7ad697e79d43107c8ebe4903d9b515079f50e3b43f871cbcaca0df5d1e,fc37c78a2230c5c8c971926e1a494ea03d9ff1f1d5ef03a91ddce40348295058,c51f5a9901a89a985b91cd728b1ee1befabaaafe4be90624e77c53752bd52b8a
trackside-maintenance/0071,trackside-maintenance,train,1669759,3620,13037,402544,1682796,1673379,0.9901228403905086,0.997836712424382,0.9922527745490244,,,,,,,,,,,,,,0.9901228403905086,,,,,0.9602648848643014,,,3722b3d81a9495d0186d3ce92ec994c7f10c979ce8ebf1d78a787043f819a9f5,b67b6c1fd6b1b376e5af96480d72e2c49eda9b71209418decad92c770b5024a5,e800b45748489f69329986e40cc7dfd6ea5315d6cd6dfc5bdbf26da74cfdcb7c
trackside-maintenance/0072,trackside-maintenance,train,1568341,5801,48390,466428,1616731,1574142,0.9666009668838581,0.996314817849978,0.9700692322965292,,,,,,,,,,,,,,0.9666009668838581,,,,,0.8959104450663538,,,190287f82f43182bf0e583f603971ce568382ea6cb8bd6655a8483c3dd9de73a,ed7b67bd4cb17da870d4d1c71e483046760415f5abff5f935a882ce1e78f4a58,7345218ea07701c9a41e43ba131cfc1d12d6ab80bdba168f60a9ff2a87a373ae
trackside-maintenance/0073,trackside-maintenance,train,1556391,13272,7911,511386,1564302,1569663,0.9865724206915175,0.9915446818839458,0.9949427923764081,,,,,,,,,,0.9564676213489888,,,,0.9865724206915175,,0.7873573519746669,,,0.9464497502186335,0.8244189846917593,,5652f16f45d364803ae0cb7862cfd6866fbbefdeeefdf76929de1dbf58fe7814,776ab1d9d39e30450e3cb98591c31188fa38dda21975a58e3b3269ad48adbff8,ef4f6177cdf729a186b87b62006d8c5e442b1b254fb8fc41ed79232c42277d30
trackside-maintenance/0074,trackside-maintenance,train,1335223,57636,11068,685033,1346291,1392859,0.9510629826194666,0.9586203628651572,0.9917788947560371,,,,,,,,,,0.9143875738038156,,,,0.9510629826194666,,0.670734849727096,,,0.9474817149718902,0.6033344863369077,,093b845a2d8a639e83ffa1ecf5fde92d921664c2417e66a25b10d3dca8f6d55f,f7283dc707378e69d703aef147373bdcd064cb957f41e1765d75f9806d2293a0,2fba04db938c7f3403e8fb1593464e34ca55641ec9ac0be534c15f3d998eb141
trackside-maintenance/0075,trackside-maintenance,train,1496213,19966,11665,561116,1507878,1516179,0.9792969701095138,0.9868313701746297,0.9922639629996591,,,,,,,,,,0.9521633512161927,,,,0.9792969701095138,,0.0,,,0.9537116092991487,0.867087670305492,,03904f8a2512daea1c39d2cbdedf3303eb95dcf456e4adbc73e729eb2d9aca10,718e6fd45e2e42240aee648e4e87a0092a7553e48a752f65433e382eadbfffee,e4f6bc9beed1c9ba31ed32c5df5ab7e010d380bc57f95763725d681e4732b2cf
trackside-maintenance/0076,trackside-maintenance,train,1609368,2919,10882,465791,1620250,1612287,0.9914974965638206,0.9981895282911789,0.9932837525073291,,,,,,,,,,0.9706915300064657,,,,0.9914974965638206,,,,,0.9714342276877213,,,2c8539da08f1b6584a3d127fd3a5f5050bdc5350404f6d4739a5e44dc6d6e78b,b0a5d9f1ca8e3700479bb3fd590e0e31fd80eb007671997450e69cea9e96069c,9af160bfc2dcaac29a2aeb5bb0ca4160a06a48bab8f9202f4f32fb39a21c82b2
trackside-maintenance/0077,trackside-maintenance,train,1270833,68397,5694,744036,1276527,1339230,0.9449106417909116,0.9489281154096011,0.9955394597999102,,,,,,,,,,,,,,0.9449106417909116,,0.9411173494142926,,,0.8462847573006435,0.93860093024006,,845a1cf210437b2039d48232df6099976b3cbf2a66266f2948cd84e0e8dd1a89,db1147ad0f9aa22d2101b8b087ce2dcca15710e76e651244fdb30f75aeb1348f,d0234ee4ccf6656ad17f3bc0e2cf6c40adf17cabdba2454029a2f5588e1199ae
trackside-maintenance/0078,trackside-maintenance,train,1293320,32192,3412,760036,1296732,1325512,0.9732084001793933,0.9757135355998285,0.9973687701082413,,,,,,,,,,,,,,0.9732084001793933,,0.8886962176221957,,,0.9330136568953413,0.9593187652529755,,9072ecd1d6bd9a6ade7bbf9d4ebfe4912556baadda2bae4e1a66249b89915dc1,5ee5a7b2559e29f59042063b25e69d22cc7635dcfb1ccedb12ca183a2172add3,4a66d1a68dc283d41d9e5244853bb56997837c9dddc871d01df6cd227a300d03
trackside-maintenance/0079,trackside-maintenance,train,1310938,31272,5712,741038,1316650,1342210,0.9725622105730154,0.976701112344566,0.9956617172369271,,,,,,,,,,,,,,0.9725622105730154,,0.9595046367626966,,,0.9439152653158239,0.952256901938125,,7245d072113222a13b028579251a425ef833a8850f977f01ffb13f42c5569754,196f7161bb9ef2af0e3ea14b4f939200a99ce0ea7a60d5039b4f22522718c58a,65e0de5383d4eb664afa132c792809abbf96ffe30c34083afab5c53ff6199443
trackside-maintenance/0080,trackside-maintenance,train,1191801,41358,5874,849927,1197675,1233159,0.9618799499286944,0.9664617458089346,0.9950954975264575,,,,,,,,,,,,,,0.9618799499286944,,0.9659217994977949,,,0.9239710728090742,0.9434742755070863,,045d4791802edd4766cb20165f7f89e48500708e9eacc4fb3176b9cd89733d49,72915e72ba77b4a35ec44c0cd9aadfe5a489e09dcf8bf4df59f3ca3ef7ac9e26,2cc7ad454dedbc7f0d86aecf886f62689942a3239f597c2e79bb64b8542d1dc3
trackside-maintenance/0081,trackside-maintenance,train,1375890,27571,10995,674504,1386885,1403461,0.9727343940002375,0.9803549938331025,0.9920721617149223,,,,,,,,,,,,,,0.9727343940002375,,0.955652133277256,,,0.9562603317921307,0.9359643214067157,,eaf74d01f4f349885d90aff52c367596e2cba944e49a7b0feffd851b79a71ea1,e7d19f949be6c72d26980869fabb339acd375a65015bcc000bb7ea609efc0558,7b158f056049d298c41b202f109527b63a04304944ee94143de013a368355a6e
trackside-maintenance/0082,trackside-maintenance,train,622514,59737,20181,1386528,642695,682251,0.8862267094893171,0.9124413155861992,0.9685994134076039,,,0.9654486398273852,,,,,,,,,,,0.8862267094893171,,,,,0.9710912308243512,0.6587793960027741,,65b79e130b09b882fa33f7676d2436a802b097d73fc606fa0428a40aa7592ed5,a63aebc4038689fc219bba17b9c67904c70eae12e7833a0e436e0aa12bdbfcaa,5ebb30f5f988b51a0f7b34c51e434a68e428ae6bcdbec4365e549d02c185d7ee
trackside-maintenance/0083,trackside-maintenance,train,1596099,23912,1375,467574,1597474,1620011,0.9844040839133926,0.9852396063977343,0.9991392661163813,,,,,,,,,,,,,,0.9844040839133926,,,,,0.9511845723518066,0.9432274789371354,,f93539c0825969b6f96f386dbaa98f06caadbcb1d80a39102a077ace90560d5e,eacd1a0cdf15d5e49563452c6d7003c31113591a4df0d81eaf61105edab0d64b,5661b49933e63489fbf739bbd43553493ed1c31423a2ce1e0c135edc9bd4a5c7
trackside-maintenance/0084,trackside-maintenance,train,1396666,33482,3083,655729,1399749,1430148,0.9744877134251213,0.9765884370009258,0.9977974622593051,,,,,,,,,,,,,,0.9744877134251213,,,,,0.9737102217461674,0.9318155376350219,,78b655ec93b0e9575d9bf363a03233ad6e48a40c1e428e86125f919cccf38ced,ac028f7bcbe7ad92f61055bc538a75e3ad911ea17ef8513a38a275c9758c465e,2124da4e3279c987237d5ddf896060e2a5bc3585b1657275f6bd7ac28aab03d5
trackside-maintenance/0085,trackside-maintenance,train,1324206,39759,1996,722999,1326202,1363965,0.9694317773347848,0.9708504250475636,0.9984949502413659,,,,0.0,,,,,,,,,,0.9694317773347848,,0.7206733298264072,,,0.9465380724824723,0.9425983964555879,,1fe7cf2ae2eef9be85f098226cc6e927e226f7e34a356079eaf30f81a5517c08,a964b223ce70c0ddfcfc63a7116d136b72dbabc8a5bfb3c71b4a8784a89ebc9f,ffbee9a2b505f53d21c573800cb18b919234a38a3fcaa6b90485d7c37a756cdb
trackside-maintenance/0086,trackside-maintenance,train,849473,32112,4894,1202481,854367,881585,0.9582550742882798,0.9635746978453581,0.9942717825009627,,,0.6157029823493609,0.40879478827361565,,0.8903341695314194,,,,,,0.0,,0.9582550742882798,,0.97551318651441,,,0.9415127658734856,0.9518727953048123,,9db552632140a4fe745fdf61a0d0fa31fc4952af06addd32095a7c1372bb9d8a,48e0f42fd5470fdf74ebb3d8b15d9098a05ee9adf3541431ac1b7a9fa0e062d9,db7e6a6e1848f3f24517d600e244386526afd5308452acc88f8c7b8f6aa4fe52
trackside-maintenance/0087,trackside-maintenance,train,1017731,30998,6574,1032779,1024305,1048729,0.964396955187278,0.9704423163658105,0.9935819897393843,,,0.6487526947951956,0.75,,0.7268875611080934,,,,,,,,0.964396955187278,,0.975940282368125,,,0.9468081889382806,0.9497149437375818,,95207ac84f3acc3ff5c55764aa554bffc9f0a32f4cab08eaf951e2fe43877d51,587b26c9e34a988459b083e4db74f236062e3ecce661eb481c45f1084fd9f4af,9c692121ad7bce87886cab3dd032a5c80cc28ef42ed10f2a9c62495a25e641f0
trackside-maintenance/0088,trackside-maintenance,train,1050575,18843,5826,1013716,1056401,1069418,0.9770573004824952,0.9823801357373824,0.9944850487646263,,,,,,,,,,,,,,0.9770573004824952,,0.9725052764770247,,,0.947685111877124,0.9688619562747942,,d725e1c7a0e34cdd9a85ca766c2f77aae4456153fa89c7ec4ed4903841bcc25a,d8588ac0e324f990fbff92d6ef4ea35638073f169b1c3a29eb0f763ca8158eea,6aa06896c8eba4989e611b6ba871615d9c8089261cb39433adbcfb482b5a2ebc
trackside-maintenance/0089,trackside-maintenance,train,1347545,35997,6398,699020,1353943,1383542,0.9694986833964055,0.9739819969325109,0.9952745425767554,,,,,,,,,,,,,,0.9694986833964055,,0.7225548902195609,,,0.9522942361283558,0.9345917047845136,,0055dcf9f3b23337c4d0b8675c5c94dc530eabdf296e211580d8631bfde63237,3fa143f99bf6e20e136865aa3ed2add68b848b13c63f491d183a418d2b345cb3,7f937f286fe7b826c50523d1ae33f4fccfe4c2b977e6de3bd46e23bd3b5b6960
trackside-maintenance/0090,trackside-maintenance,train,824521,23350,4420,1236655,828941,847871,0.9674172319078812,0.9724604332498694,0.9946678955438324,,,0.6340341655716163,0.2746603662138216,,0.8821887358163819,,,,,,,,0.9674172319078812,,0.98101026750455,,,0.953699678971872,0.9600688550078533,,0a5483a0127931090560f2cb06532b9de62ff8978b5d2d75fc73f10c9e628fb9,bdacebbf7725f3ad965f05b99232ec789fc6dd5801ffb98aa2a88920ad1db2bc,ba9366e928e26af8dc9261a453a0f570758a1ba54b5abf408d9d0192bea69510
trackside-maintenance/0091,trackside-maintenance,train,1009415,23057,4743,1051541,1014158,1032472,0.9731974566507426,0.9776681595239387,0.9953232139370788,,,0.6854974704890388,0.5988112927191679,,,,,,,,,,0.9731974566507426,,0.9725590994726727,,,0.9600597458270747,0.9628923435641359,,140a0439c3c000cca0ab1e8fd90ed6598c8fdb0c15a7ebf645bf70366d6dd90b,fd9fcc64d607952b1ca4b32b253c900c3b6c42ae47ad9a118acf78aa6132ac62,0f07f92cbb3db0d3ef52a221c77a8403a9c5fba8f47f7e5d7cde80fa91c9edac
trackside-maintenance/0092,trackside-maintenance,train,1308558,34124,4044,742234,1312602,1342682,0.9716586744445418,0.9745851958989544,0.9969190965730663,,,,,,,,,,,,,,0.9716586744445418,,,,,0.9694231015951305,0.9443230885570464,,b46f2ac36452a0a15ac8e7c69746492ff0b596b959f253d1612c3db9998b2895,ca30dbb08d9fb0e4fe8996fe88911e453cc3bca799282014ced559432b824f51,6e9d971c054cf45d954f12aff662501f5e5479cf1daa4d6c2b6c13d8aaa0b460
trackside-maintenance/0093,trackside-maintenance,train,891383,28059,2439,1166648,893822,919442,0.9669176390445188,0.9694825774763389,0.9972712687761098,,,0.6115843270868825,0.6777996070726916,,0.7505494505494505,,,,,,,,0.9669176390445188,,0.9815290931678499,,,0.935015991010459,0.9641608955451437,,6259e3456d036d7371c800562ffea682d470ccccfc442c166f67ae5f354b645f,84941b6b7aa17a3e2407d6f073b2b43d7c36ff43014f7ec679d58cf5431ed076,b8ba19128784fdc55665aaa1727ebea438f6e1f89c4e591c756f0b23e77cf7e7
trackside-maintenance/0094,trackside-maintenance,train,1035661,30941,1851,1019370,1037512,1066602,0.9693088980048724,0.9709910538326386,0.9982159242495509,,,,,,,,,,,,,,0.9693088980048724,,0.9697865544085293,,,0.9443909484833896,0.9598197934793031,,e0ed8f532604e6e6555ff2fed40abf4191312f80d30033f9f5891f116ab17ef9,7e4ff407e211370343392cbcdbff2b1388d8e1979cda20ce09bf6f00dd9def79,22e676a058d0573ec7fd6a539933a7b64a55bdf3b02d098a95d139529f653be3
trackside-maintenance/0095,trackside-maintenance,train,812907,12674,13372,1250007,826279,825581,0.9689541607217568,0.9846483870147206,0.9838166043188802,,,0.7144774366716994,0.18773234200743494,,0.9559958071278826,,,,,,,,0.9689541607217568,,0.9844567983983669,,,0.9575130775066885,0.9577956966785043,,2c0673f9062a1f999a14ea9f32f3a730731ead900fcdf51751a187ad746dfc7b,e2149e1bb2a9cbc2acdbaf0b9ef76ebcda214853f1f5097dab8ec69174e4aad8,eecf40c4ea5b4b3f25099d60b8fc2fe8fed4cf8fb9fd93c78d377c62d72d35eb
trackside-maintenance/0096,trackside-maintenance,train,398516,8169,8655,1673213,407171,406685,0.9594934270717966,0.9799132006343976,0.9787435745669509,,,0.8849829351535836,0.2021164021164021,,0.9667287359274004,,,,,,,,0.9594934270717966,,0.9902254039755859,0.9712926166074043,,0.9180631819154247,0.9626778789376261,,4c21278ae3f78bf40f512492d07dff5fe47bcd04749b1b5bbb976b5f139f1b63,0bdeb500a31ea967c4b9b29ff432f98229b20b9b969b3a7a8efa595fe61979ce,bee6994f4ae4585d456bc21982ce36880d5eacce671dad25d5590ea39e967f62
trackside-maintenance/0097,trackside-maintenance,train,1557288,14673,1507,275549,1558795,1571961,0.9897169818515534,0.9906657989606612,0.9990332275892596,,,,,,,,,,,,,,0.9897169818515534,,0.8213217296709274,,,0.9461104245066863,,,069e56fc048051d80ef3d6c175598cb6a1df2596f82c85bd8075f4b88100565a,4dafdc7299c42b3fd729bc5fad69b105505ba91c31b992ed39c8524ab26e9327,ff43a54cab95356b8f455303e17c8986ec122fea7ca5e3352ce883c7f2d200ba
trackside-maintenance/0098,trackside-maintenance,train,1726454,9873,10452,342181,1736906,1736327,0.9883642979449604,0.9943138590829953,0.9939824031928037,,,,,,,,,,,,,,0.9883642979449604,,,,,0.9439319625054482,,,fc04d89f6819407752a53d790ea973fc002344aa19eadc04b345225545c7ce53,50b458614c96f982cdd8a232cc68c34b8a13e26c9ea30e839f0bb3d3f75ed0bb,b9495488f3056e4df9dca1fbd0fde9b1ad547246413ea4ea50cef05cfeacff0c
trackside-maintenance/0099,trackside-maintenance,train,1285674,32424,19212,751650,1304886,1318098,0.9613881598133567,0.975400918596341,0.9852768747614734,,,0.0,0.0,,0.9617285570572541,,0.0,,,,,,0.9613881598133567,,0.9879891475338833,,,0.9074390460936109,0.6766071232532974,,34c0bbfd58571e1b86214468e7824979e09367e8aa452150512daa459ff8c186,0553959daf6ce869735cd945b60890b3ab439a1579cbc8fe572569200304aa26,aaf5bc0e957f9edfa5294d646e9c462ffd84136ba1829a0aca0150816713a88d
trackside-maintenance/0100,trackside-maintenance,train,1137196,63010,542,298773,1137738,1200206,0.9470729911688381,0.9475006790500964,0.9995236161576743,,,0.8085643252068723,,,,,,,,,,,0.9470729911688381,,0.0,,,0.8960977792431057,0.7582024600516172,,295de469c85a2cbd063ed52a760230d5847fd6ca3ec792d4228e881a1fc88163,f5b03baa6b4d5ea3f09082ebe6520174de0c27be86a86a96401a87b00c959c4c,d0e8242b04dcec30fbd83715ba18226df912e312ee679edf854d3be015ffc5fe
trackside-maintenance/0101,trackside-maintenance,train,433326,36416,1627,194631,434953,469742,0.9192925287831826,0.9224765935343231,0.9962593659544824,,,0.3266242038216561,,,,,,,,,,,0.9192925287831826,,0.9148363962348722,,,0.9330865818099655,0.7738696461824953,0.0,f18cd13f8be6e6da511d8cc5f6ff2f0e8e5ffa3cdc730d55f0752e075e4be9a7,2053724e9bccf33b2605685548994cd45b4e42ce9eed6263ab94fd76ac8b7402,70de1553b07b5e7a308b228c648ca8dc3f7b15941a0e41625ce29afdcd8ee372
trackside-maintenance/0102,trackside-maintenance,train,390312,47092,10884,1050969,401196,437404,0.8706724248697266,0.89233751863266,0.9728711153650584,,,0.9318840534102031,0.0,,,,,,,0.9857983034650369,,,0.8706724248697266,,0.8107513713043778,,0.831380730754828,0.9028409362067672,0.6452840331174341,,d32849c8bde9dd413c6d0ab82ca84e62323fed3319cfb99825a11f91ac7baef3,16725b66e3177e4058bec98d44bcd85e2a17929f45e24c0a9596f58d4fc0420f,4465b32d6888ce5c1132db0eca32dc92b5c3ee5a51a6128d761bcadd3ea77973
trackside-maintenance/0103,trackside-maintenance,train,769197,148451,14990,1156322,784187,917648,0.8247540846502073,0.838226640280369,0.9808846614391721,,,0.893750231999901,,,,,,,,,,,0.8247540846502073,,,,,0.9708516126912144,0.6842290218922641,,bcd725f20e45aba176964b9c6318633c2f7a70f7664784eb0dfc98abf0940141,832b0e6356d68f26976e3d7922d3b08c241fb1ce86ad33ae4f971af5515c330f,f8ff9c95fa685e08954c6defb37258241b1912ef925b467ecceb07cf48775b90
trackside-maintenance/0104,trackside-maintenance,train,132083,6178,2020,282120,134103,138261,0.9415601542618031,0.9553163943556028,0.9849369514477677,,,,,,,,,,,,,,0.9415601542618031,,0.9908734871620858,,,0.9550388562707325,0.92318074980801,,8af545cd5a93e866ceeaf9e8b89657bd1753fb543ecfc98e2121144440cb5e5b,38d8338d1cf13856f69f9d6bf5678bbe6767d870b9c6d44089b654888be7a538,2be23bc5c05b88242c7a3bfbcfdcc76988088cf0295795446876d15518edace4
trackside-maintenance/0105,trackside-maintenance,train,204686,42532,2092,537122,206778,247218,0.8210099875656813,0.8279575111844607,0.9898828695509193,,,0.17819863466196872,0.9324306640028616,,,,,0.9840423650894689,0.0,,,,0.8210099875656813,,0.0,,,0.9494728621632175,0.940693915866285,,d1ad562afeae01ddb70bc66ae877af92f08918967c215ffefec2257c3ad76fa6,c81174649f12ca8f38a2a5768fc715389902ca51ae6140ec8217629ad50b6eb2,00077fe48941a676ecd6126b7b47e2dcde58e01170a836be4f628249e5f0f93f
vegetation-worksite/0262,vegetation-worksite,train,0,130,0,2073470,0,130,0.0,0.0,,,0.9750031442585838,0.910437925970554,0.6740536655486344,,,,,,0.6128681045209456,,0.23680114928768106,,0.0,,0.9766903765167068,0.9930175898662045,,0.6924853064651554,0.9362396174175686,,54396730a7d632e6ac164891ed59aa4b248397c4bff8ad0524ee051361535740,ecc4df5204120b6d832dfe643f5cf2ece2d746710ad731c9c0b70f45d3c1a90e,468cbbb5dc228cd0b9099ad80e37c10a65dd7c78703153169d682d4ff82597a5
