key,group,split,tp,fp,fn,tn,support,predicted_pixels,iou,precision,recall,iou:person,iou:truck,iou:rail-track,iou:vegetation-overgrowth,iou:car,iou:on-rails,iou:traffic-sign,iou:road,iou:sidewalk,iou:construction,iou:tram-track,iou:pole,iou:traffic-light,iou:mud-pumping,iou:fence,iou:terrain,iou:sky,iou:rail-embedded,iou:rail-raised,iou:trackbed,iou:standing-water,image_sha256,mask_decoded_sha256,prediction_sha256
evening-water-cab-view/0289,evening-water-cab-view,train,0,0,0,2073600,0,0,,,,,0.0,0.6052241587795143,,0.0,,0.38357705286839144,0.25404487351390004,0.979800979429775,0.7665537488708221,0.0,0.6773181941065153,,,0.8262033760295637,0.8959720071590886,0.9917087051302274,0.5074740309095516,0.5618010522451976,0.8204568727845608,0.19143997098295248,61b19d029c6cc48d744189fd60f15317991db02db7ea86e03c8dd7f235cb5126,fa814612b6d681d61fe077228cb1a4c725d255f34f5f50e60fb2c6005314c066,8982f6404a9518cb4272dc4dae57703bb40164ca1553fdcd4717d9a439379e22
evening-water-cab-view/0290,evening-water-cab-view,train,0,0,0,2069597,0,0,,,,,,0.7931627829836636,0.2814719173660426,0.0,0.0,0.7268518518518519,0.689797630958913,0.9702528492896537,0.7540645854794643,0.8384104299862104,0.7263910329552319,,,0.8162929472581906,0.9378487254879263,0.9919823517944304,0.6538587633597797,0.6123387573640525,0.7807677972418934,0.0,bc87c6029c376bb13438534dc5403cc400260f97f586d1d6581f3e6c7f911c08,8360e0500210419eed9bcc69436f11e0f6aaab9a724b94697d42da433f023e28,6fd01f473a157e78f4e478d43fd08c80f013911cf84ed21520c2920ec17f6a15
evening-water-cab-view/0291,evening-water-cab-view,train,0,0,0,2073600,0,0,,,,,,0.8886220837904395,0.0,0.5346320346320347,,0.735632183908046,,,0.780961438907817,,0.6634945550868243,0.3103448275862069,,0.5023719165085389,0.9340447899302246,0.9925830022033484,,0.8181444115943796,0.8755099000825007,0.7900839454354669,98c179d6033fbdd1ac8781f30103871dbd923fb986a02c3839d44f86da4740de,555e39fcc692b9c099bbb1a823068a2b232fdcb7a7c9e0f077b329cf8a995911,c5a12748cb9ce9cebe3d6527a1097dfb068e81e7a39f9aa609768a013b5189b3
evening-water-cab-view/0293,evening-water-cab-view,train,0,0,0,2073600,0,0,,,,,,0.9831405388343205,,,,,,,,,,,,,0.9855638324094721,0.9893076607947563,,0.8611573303753004,0.8623144982198879,0.582404402426979,6077aba4a4bb99250442da395b3d3240725c2e1e0aef293eb44333393c53dc7c,6ebc9eebf302b885657ef7be4b9c34e798fb1a973f26946e5ebfec7c576a8de7,da8b2398af54789cf3e04e2cf195d69d30b7da3e307fcb7996066eb43bd30083
evening-water-cab-view/0294,evening-water-cab-view,train,0,0,0,2073600,0,0,,,,,,0.9747894544123031,,,,,,,,,0.0,,,,0.9916797677712078,0.9930549091398017,,0.8140091989267919,0.9230777636927919,0.8807738095238096,fc99bfd711df81411031982d6c1af485a0d5de1a6bc8031d66c08fe78aaaf437,bf5ac7a07a2a1c0c25d7467a385622e90eb9fa5c05327e6a4e867b300e68a568,036814ca89ca2a342eafc11374ad68342d6fc44d78bc0f82852536bfa2676e34
evening-water-cab-view/0296,evening-water-cab-view,train,0,0,0,2073600,0,0,,,,,,0.9731555913643771,,,,,,,,,0.0,,,,0.9873261302560624,0.9917706471374278,,0.8050379248993351,0.8792229310738275,0.8664819041408542,ccabc9bad6992ae81dbcf31b87e948651539d5fb18383056159cb4158d7aa1e0,487027c57289a0912519e79243a4b9a77949055af890e964ee7ea07d68c66471,0d880b83eb91c0d233ac1313efa15e852b9b7b6bf0887e361d87ea3f1a2c8acc
flooded-road-crossing/0272,flooded-road-crossing,train,0,0,0,2073600,0,0,,,,,,,,0.9671647660243806,,,0.8458017348846874,0.0,0.892057398775249,,0.4598459845984598,,,,0.9457293206217212,0.9792860584361914,,0.0,0.0,0.9566368428968266,1a64c22d40183eaa53211aeb2ab21c5cbf2a328ca7b2d6716a58fff64bb7291d,2ae0b928ea09fecae228600e65afc5ccf5aeab55c6186e155c041878168d2b7b,3f0fcbc6ba6e49c071d63f8b53b7472c70f7f2f7fbd52224da349dbc0b72e2af
flooded-road-crossing/0274,flooded-road-crossing,train,0,0,0,2073600,0,0,,,,,,,,0.0,,,0.9719095434327067,0.0,0.0,,,0.0,,0.0,0.8724987024969725,,,,0.0,0.978032996080576,5eac815d6dcafeaed42ca25116f35fe30e4598159ae3b155d664bf6b7378427a,92f986c0cf867798fb963a56a3cc9a99da42fa01c35481b1810a31fc272e5aab,e14f5a668e5c7aad0688d2b760b14ee3fa12258fe70f15e16e373676615fa4fd
flooded-station-platform/0298,flooded-station-platform,train,0,0,0,2073600,0,0,,,,0.9436228287841191,,0.8692110144100442,,,0.9837473669805926,,,0.9816073954698185,0.9792638180303186,,0.0,,,,,,,0.9095580260303687,0.0,0.9358923542296861,f0194c9f5092ef4a9f5211064d986408ef94a7c44752b254cf2a6cb67600d64a,9c2a8282ac3b685c1b4f7d0eada263e2c6deb4d18423159e43b764c65f2afc9f,c8730b4a8cd8cd6194bb88297428c20f5b30df9572eefc0618ccf632a6bc5bc5
flooded-station-platform/0299,flooded-station-platform,train,0,0,0,2073600,0,0,,,,,,0.9235897719463162,,,,,,0.9977216619128653,0.9779786912824052,,,,,,,,,0.9467088511382207,,0.9718155232907142,2e8151e2e6b02fcc2163c50aa86d9e5e0134c8e81d7ed74c33832a121b91dcaf,ac007d07fbb9218cd6a46518c8161c36b300c81f837d4ca78ee881cc5c1285ad,b1ed71132a8ab9dad43308b002bae52f5f31fe5a2a509d488f49a692063f3dff
flooded-station-platform/0300,flooded-station-platform,train,0,0,0,1958520,0,0,,,,,,0.9468107046034895,,,,,,0.0,0.9284656366099554,,,,,,,,,0.945981741161246,,0.9701305415535737,aa5009748eb469829d461d7b4e9a1e63aced662acde1baab34479670671c9cfc,71b71d95fce3df9c264c4586d0b956bfa611ac012f0c0847d66c466d4e709978,43cca267c02c226468706aa17ed9620c59b46ff2a222011c611d7fa7b1bf9d95
flooded-station-platform/0301,flooded-station-platform,train,0,0,0,2073600,0,0,,,,,,0.9724255319148937,0.0,,,,,,0.9647453463648635,,,,,0.0,0.0,,,0.9725006135973165,0.0,0.9840506433181239,b6bfd2eb1a154fe26098279bca8d8165e5aa045fad56b687663d941cba56bfda,7894d14854f9ccbb4158b0466157085afe2d2c32ff1bb92ff09db44e499d08ca,e71c75b8a6f71894075559bb07dabb938f89840be509cd8f3d6f3eed455d51a9
flooded-station-platform/0302,flooded-station-platform,train,0,0,0,2073600,0,0,,,,,,0.9796362357433552,,,,,,0.21177328230362674,0.9891659658237252,,,,,,,,,0.9713818301585636,,0.9911299821519501,0758d8245392d38d69bb520d6aa46dd39d38ccdfa9c8011ae15e78d2a3d0dfae,00ea88ab0410bcf15bd3202f7dbdea2d25333ff4bec6c06d01c990410360a826,6736772f4193b6e687d01730bf481575f1a87c47cf28f0f5d3ed41332afa1799
flooded-station-platform/0303,flooded-station-platform,train,0,0,0,2073600,0,0,,,,,,0.9442224874176309,0.3176658673061551,,0.7711292200232829,0.37002676181980376,,0.9793632200142935,0.8738709200824939,,0.5950269012650865,0.6774457634056488,,0.46819511531396696,0.7832194055756745,0.6724601560962812,0.0,0.84947545196799,0.8625661725780837,0.9312421784003908,e62cac97ea08c225e113869af1e24539312d59ae8b1ea981d8625c7d8c85968b,e39d3cc9f2e733f410aab08b883c5b815fc0b7cec4923951527119e1188c966a,16befbbfb6175a4a18d6883b9aa8e4b8b9e2f196a158749013a2e10dfedd08c8
flooded-stone-bridge/0270,flooded-stone-bridge,train,0,0,0,589824,0,0,,,,,,,0.2514606396063961,,,,,,,,,,,0.0,0.0,0.8014861995753716,,0.8676245423277488,0.7624371157070989,0.9563854748974695,d8aff7595858cbf04c9e2b85dc09bc865c9a2ad58b92c41e823fb4a084f4bada,fd6955216cc66b2eee2cfcf1242e63211c7bcc1bf86fb2ab9d8a15726ce917af,681280810e3fe9c5999f956394f1e5bcffc5e10034924ef0397185f717925e41
flooded-stone-bridge/0271,flooded-stone-bridge,train,0,0,0,698368,0,0,,,,,,,,,,,,0.0,0.9091071115059879,,0.8505528474616574,,,,0.7704785654910343,0.9688569798402434,,0.7569459172852598,,0.9703802759382782,f5180763e414fb42a131798a9a989ba50a68fa194643d48809aba9a9130498ed,2368f3e5da46a76defb9ae32ea5cfde760f7cd9dad6b26b038b2df07dbeee742,140e744716fdd52ddb0859e1fdb1f76c31c9f507f26b41c9f17477c25b48e48e
flooded-stone-bridge/0310,flooded-stone-bridge,train,0,0,0,921222,0,0,,,,,,0.5449086991841203,0.0,0.7893874877169996,,0.7979113745413492,0.8132682004412228,,0.9004145377422154,,0.5054354224716455,0.37697160883280756,,0.850329400566118,0.9352240945079104,0.9325698742460677,,0.8051265003739805,0.8257537415949678,0.7958247366706482,244d2e5e9d27aab38bd91e338efee542e9ef1b32b81f5b1d04e493988fd9fb15,e7400d491f361454e85ea2bdd892beb8058b0cd329a928274504f090705578d3,d29480b637e7cef813140ba581798429b01896c07eb52c759b0634c523d52e92
flooded-stone-bridge/0311,flooded-stone-bridge,train,0,0,0,921600,0,0,,,,,,0.057008980866848885,0.0,0.0,,0.5977443609022557,,0.0,0.9609506626341818,,0.4511098215581024,0.5393258426966292,,0.6326359832635984,0.8827226180991593,0.9182898037479711,,0.6993479237334077,0.47047286990629766,0.9202022839199304,3ec9872d416c77c2223a85177374f753b9fa22546177d378a402366f3a00fac8,1f576c93da65df63c0f97c19e0f4a5a88fa854a978139bb0b399a9b0722ff0ce,8e107592d997311e69d80294f70257fc3be998ea464713b00033bcc4b9a91c5b
flooded-trackside-woodland/0306,flooded-trackside-woodland,train,0,0,0,2065173,0,0,,,,,,0.9076463038674765,,,,,,,,,,,,,0.9835925986233133,,,0.9052149159481478,0.9635308461675369,0.9312340556697937,0021b7212f209be14d804f00cbd09a05f058de3d7582bd9ccb3bb068575fac81,aa2fe3eca522a323488e965cd1ae37a0ba3d6252e47f48565377c996bbc3f41f,0745eef834f381a87e1e7942ef088786129b7b49918fcbf3d8a313265ccfd49a
flooded-trackside-woodland/0307,flooded-trackside-woodland,train,0,0,0,2073600,0,0,,,,,,0.0,,,,,,,,,,,,0.767418394631956,0.985129094332103,,,0.9547624016778489,0.0,0.9660933818256326,05638be2766fc4b1131b1244aba691384afbe16930ecba0b0faf7738dcf28e31,039026c54fc1756768d7e211751a539a85cfddad377d093f7f073676ca1ab04e,6fde888a33444e7398db127347234b52fce05d371520dddd5277d884d5e9a1eb
flooded-trackside-woodland/0308,flooded-trackside-woodland,train,0,0,0,2073600,0,0,,,,,,0.7269107060805636,,,,,,,,,,,,,0.983897592384781,,,0.9215502137500876,0.8788660733628912,0.8904338089467518,0020a0a56903de99cf38302e93fdee20ec756bd51a40b2edf7884183de063666,010ec835c062914cb3ed6f8341416facf035b35c9a551687ea67bd3c61333838,501a294dd61c67262599e6860be65011b8b32a237d3634ebe0d395c9dcc0469b
flooded-trackside-woodland/0309,flooded-trackside-woodland,train,0,0,0,2073600,0,0,,,,,,,0.7573021024410893,,,,,,,,,,,,0.9932074736789605,,,0.9541893863758544,0.8420618111388243,0.9164756572791987,b0aed51ac2b31233ca1f0b25b0f75d6ad53e8afd209b956cbf317def34ebd785,fa2b9789faca5ec5d93cfa616783c670f51287959e496c26cc6f13e5dcc6d89a,f4ba78b3522f4bc829ec1859ef7f6092761b09f5716f3062bae7910f0eb1ad54
green-roadside-cab-view/0174,green-roadside-cab-view,train,0,0,0,2066880,0,0,,,,,,0.9695587931554949,,,,,0.9709870139162166,0.0,0.8409974093264249,,0.6888783235197308,,,0.8436528807076261,0.9576154393816111,0.984512262334295,,0.8067148207597645,0.8916856816885339,,ac8756b81048f48af6d2c3fee710b8b43f34a4e658cde8c09bb9f690902790e5,1d89a374fa0d7ed2a6e6429295a1bbd6e07539abb712f5298181462289d6c8e5,22f7e87e2fbccd9b96f4f330708bf4c1b7087aedc049ea87575e17fe064b537a
green-roadside-cab-view/0200,green-roadside-cab-view,train,0,0,0,2068190,0,0,,,,,,0.37084666053250376,0.5402097902097902,,,0.8268215417106652,0.8781784491205603,,0.0,0.949069042961675,0.7794477028347996,,,,0.9700089273761515,0.985037938681158,0.83698224852071,0.7169338228709591,0.0,,647d89550b9094d69144e9eb687405a9b548e981193dfb8682ee2e38bdb37aa6,f46c80584a147ea51bb34d9112360631c5f11d0019df6dd603d23b6e150c5218,25ab581d4a53a5065a2462805ebbe6989bd067a92f804fc6834d6b116e57ece9
green-roadside-cab-view/0201,green-roadside-cab-view,train,0,0,0,1982593,0,0,,,,,,0.9559356205576818,0.0,,,,0.5481012658227848,0.0,,0.9047937569676701,0.7384505724595715,,,,0.9717511791442226,0.9831129277076162,0.772597137014315,0.7844207607659648,0.774576927025341,,cec5a4a2267098df2b64c119ce4e99aacc9014722b05125b92bd8da623cddee4,55581854220617568ef435d0ce1a25842c7ab9554e57da4b56132ea6a7b2c5f0,b7e914c5758a25fd80769d2e74b9af3bb1d5541aea531ae0f7960aec2dd89332
green-roadside-cab-view/0203,green-roadside-cab-view,train,0,0,0,2067867,0,0,,,,,0.9755219458416592,0.9599411054663147,,0.882522869523351,,0.7544554455445545,0.891789455753343,,0.6988364478920063,,0.4162426216161205,,,0.9271637303609731,0.9731673914692315,0.9884522049065332,,0.643485254691689,0.8731734397821677,,18638926136c9e885bad8a5394a86973d90d5ed5638573e5985654dec64db548,e71b82e1e191ebb38f5c61ef1b0d128e6e5a11962065312506493cb014a6a361,c57842ebc4d8ea18dd661a9bfb158ef7bebfbe2afb867aeac4f388178c442ec5
green-roadside-cab-view/0204,green-roadside-cab-view,train,0,0,0,2067867,0,0,,,,,0.9438105992757292,0.9581826370596825,,,,,0.7548967707781895,0.0,0.6839176405119644,,0.0,,,0.8987368783906895,0.9710321393175705,0.9927057563679678,,0.7514693534844669,0.9147379647127061,,cb34ab4d9a1966c9d974500a92359ca204a93a0c8283bcc59a5f16456005f1dc,f8a201f8055169f4e1fc3ed4547ed752839f649ac12fc2ace4db3701d27241e9,c7b7283002499a93ffdbde90e3a1fbd48d390dfc288c5154bfc74d7075b90ed2
green-roadside-cab-view/0205,green-roadside-cab-view,train,0,0,0,2067867,0,0,,,,,0.9622112479875545,0.9771444990074183,,,,0.7676056338028169,0.8889971946174694,,0.8195238095238095,,0.32057474040086936,,,0.0,0.9836905714515081,0.9868104779731403,,0.7746336067840354,0.9572420132690309,,84c3ad934ba556452a390cf9a7615f786d7bada1f0ce3bec466c1ccd2a89b441,54f8b882502e1aba4a8f31dfe42009d9359e4354cbb6ad2a4af730894c4a64a2,1c2c5dc126ba7d54c7833533faffa4a96266834f16fa5fc88d2d724bcab6c5aa
green-roadside-cab-view/0206,green-roadside-cab-view,train,0,0,0,2073600,0,0,,,,,0.9594975993163393,0.969542694956026,,0.4943946188340807,,0.0,0.9397688602833255,,0.7985852906502222,,0.7804007463291961,,,0.7945405685729103,0.978229337090226,0.9817912284101235,,0.7034105744125326,0.9534591194968554,,326099a1d7068b475af019e6dcf936e26aa1a539954a3f0fa5df1a5ff8428999,6cf8bd75df6f49b6f9d82d83a98a90658290b0098de456864106c497d525afa3,b8c9396db548cde3ee1758298e877428dedab4002e248800183e093e3990487c
green-roadside-cab-view/0207,green-roadside-cab-view,train,0,7,0,2067860,0,7,0.0,0.0,,,0.9652415993748372,0.983622189291927,,0.2523809523809524,,0.7886178861788617,0.8389948263118995,,0.8748544819557625,,0.777891231964484,,0.0,0.6842516877709922,0.967514841381945,0.9896330041760011,,0.8399016940226455,0.9568536365527283,,0a69c574d773bd2b02269bec42203fa65c198e4f1f50743335704b45db4b879d,12929b2c41df570afd935b15f8686b36c15ffe4535cbf298828b651dc6b7f72e,884581b0abc401a24d7c0789cb41b836ad2f6085a37cf30a3f526c17afdb278f
green-roadside-cab-view/0208,green-roadside-cab-view,train,0,0,0,2067867,0,0,,,,,0.9538760482716302,0.9690402885873227,,0.0,,,0.2862119013062409,,,,0.7042913608131,,,,0.9895320537887269,0.983791261362989,,0.76622460496614,0.9572242834865838,,3b8efe8aa3a6e136add1665ab904a06b78b874796e0c18912f3ee9f3ff74d366,dae9e0177528e83bb9056a8fb457e3d484018332b434fe9195634f6a0f23d72c,962ae23e034c5602a70493327ab28a23b0d8ea2a3f8aaf1db73e051b1c12257c
green-roadside-cab-view/0209,green-roadside-cab-view,train,0,0,0,2067867,0,0,,,,,,0.870395768991682,,,0.9708878633990808,0.909756735547999,,0.0,,,0.6773263105091547,0.8989735278227985,,0.8364628083216682,0.9569172250459957,0.9738728707375671,,0.38073323175471874,0.8791678361968356,,ee956750d1fd8c7676cd76b8db71bf93b9cbcedf8b4aaf4e538041ef501ade04,e9baf13f1df68cf0182ca0ed2887e288cb340e796f1b398ed5a32febcb242750,9cdfa449732a54bcd3bbca7e15fff185e042b06b8885e36618047870a5dd15e7
green-roadside-cab-view/0211,green-roadside-cab-view,train,0,0,0,2073600,0,0,,,,,0.8884029884998853,0.8714671553969325,0.5218824940047961,0.849174791655319,,0.7876362233580866,0.9145557608514937,0.6549722856211282,0.6654485382458951,0.9058996769903097,0.6429367063541177,0.2570930125791938,,0.7065878629012315,0.8758908971137779,0.9821923977661683,0.8303860049439057,0.6016832329681492,0.7847621561492487,,41f0cad9cf8e4e11e5a870a293f740a7bce70a66b0bf5b0e86c9dd1fa6396f5c,c790e550e0f15182c68acd0fa1c3df3839237fe9c736e380c9569a42ede21622,bcad73a29daeba649b327799a7aac7acb153d0c79e2dac5cdc839937b2b94e07
green-roadside-cab-view/0212,green-roadside-cab-view,train,0,0,0,2053480,0,0,,,,0.8271571544495537,0.38114406779661014,0.8897707231040565,0.28637873754152826,0.6900009459842966,,0.8847736625514403,0.8126485629907081,0.7062684873779327,0.763450135355804,0.7967758314292968,0.6138677538206632,0.8476618808741279,,0.842440766666985,0.7447039519998268,0.9799699998369557,0.5746951219512195,0.7198594812766276,0.8875972057466719,,19490f9f31865422ef3257bbecd836b58a75e1200af558b47627240cfc9e49e9,e4afe2ecf4ebd828471240e23f7446384dc2ec9d184d5b7d3aee969d13726f9e,2f0102e9b8c0b2bbb3e2585f647d97d1573c89fbf6ef5b9ca376f1d3b9446e7e
green-water-cab-view/0263,green-water-cab-view,train,0,0,0,2073600,0,0,,,,,,0.9182399904907186,0.696131993006993,0.0,,0.6231454005934718,0.9114077140989322,0.0,0.8537399654887838,0.0,0.46895424836601307,,,0.369933677229182,0.9704227642402934,0.9957015386185037,,0.8559562503224475,0.8694387760131704,0.8040127232689014,d38268ad352c084c45d9c129d86eed80ec34068717620fc1685f07a6cefd1468,8529f0f311585470613e21978d79fd7cd6125e1beefccb98f037b4124151b53e,a711e4739c701184f0b2557df54c90441121577b55e3deb9045da43f60eaaeef
green-water-cab-view/0264,green-water-cab-view,train,0,108,0,2073492,0,108,0.0,0.0,,,,0.9250259605399792,,,,,,,0.6322732626619553,,0.9527602253877483,,0.0,0.6415579146663061,0.9630924024526868,0.9816161758821176,,0.614158335584977,0.923242215284173,0.7682807830700737,7ac26e3576a11b28c401290cbed89e663ce03d2ae23dcbd062e1ece5d3ba81a1,da975b659994aec1a32dd22d6e772c441d1fe28b507d5d47bfe4db184dbe094b,b26427c0c9d792b928d3a976ab274af5dec77a5b380164781382af6595f51571
green-water-cab-view/0266,green-water-cab-view,train,0,0,0,2073600,0,0,,,,,,0.94567238173931,0.7960255354200988,,,,,0.0,,,,,,,0.9813424781840687,0.929996248124062,,0.8534809019495595,0.7199464348436951,0.8955865250044351,1b57cba93cf3601d156721ce3f759bba69f41268fe5b975191c86fbff322be98,b57e3716ffe62a58f7111bf46af37413badf80d0ecc178d2c7b52919b30064bf,9d8f54a540b0e9dd748aa2163bacca6eff0a6c62ee52032275cef4807d22e036
miscellaneous-flood-stills/0275,miscellaneous-flood-stills,train,0,0,0,249696,0,0,,,,,0.0,0.7820341499628805,0.22613365155131265,0.7924528301886793,0.9693456677370886,,0.0,0.0,0.911555103079664,0.0,0.5884353741496599,,,0.0,0.8584044990626952,0.9887856954783732,,0.6195516212835562,0.7992854057874279,0.8153258954785673,61c2965c3c11954382ff9e9e06c34ffa4996a9a48b46aa7f5490049b85765bca,f4155b4c85702af56db693f3f999b74f08d30680a34733c864fb141f6a3f8c60,b1ccdbf7e5bf226f0657c639efa5a7a8ac1e0334149938f8841c633e706f628e
miscellaneous-flood-stills/0276,miscellaneous-flood-stills,train,0,0,0,920880,0,0,,,,0.9028857895751655,,,,,,,,,,,0.0,,,0.0,0.9401693684667747,0.9775791733762749,,0.8502938732806106,,0.9489562330397344,85d7d06fc795f58f6e51ed5e91c5d5d8ab1f41194ab44f3471da41bdadf45973,b9c514a9abc72bf370a67587f1c41ec3e1c7769276c383024395b7a22ca7be38,11d6c88690be018d6aa7d0b7766174226a83faf92c0cbb4e694fe073a3a94249
miscellaneous-flood-stills/0313,miscellaneous-flood-stills,train,0,0,0,2073600,0,0,,,,,,0.9418964973372836,0.6160033647021713,,0.9844619239737227,,,,,,,,,,0.3764443501523909,,,0.9340789774024195,0.8841113872371608,0.8606115059531175,74272d0a74c881e4e18e9bf6000c065a51519bf7c05acb3c8e912f075c3b5ddf,c3e7c0a88b0198168b7659a591eafc02b94abdbacb436e871eca4779200bf186,5c8354db393aea63cca794d468c9dc5d2a13687a5993e14b987ba36bd4255841
miscellaneous-mud-cab-view/0173,miscellaneous-mud-cab-view,train,16206,111,30091,2027086,46297,16317,0.34920703327012587,0.9931972789115646,0.35004427932695426,,,0.7989952527999262,0.7765098685600778,,,0.7782909930715936,0.0,0.0003713468751160459,0.0,,0.6237388724035609,0.0,0.34920703327012587,0.0,0.962899206845366,0.9960196542081177,0.0,0.6102734217933253,0.7933964145909692,,f0ca7b2f878f2a5e167e558097ca517d126cb474aa25f5b0ec0fc4d6b1e57432,b968925b81e441c3dc638759e4923b6ad0ca44e3896210a4c69b136305b9eb89,182ca7f7502bec671aecc0045d27e63c13ddc0b5434d2628626ff1404db4b7c6
miscellaneous-numbered-cab-views/0013,miscellaneous-numbered-cab-views,train,0,0,0,2088960,0,0,,,,,,0.9797433399281543,0.0,,,,0.0,,0.7994606521206178,,0.0,,,,0.96686173917767,0.9799042017068946,,0.8706789102841299,0.8836792781628781,,cdc7c624979074f91663aae6c612b6f6c370af9ca88a91ba076c2bad37e6c319,5566ae6fabe4c0bdb27e7217400a18101ccd23bbecd3e8cc415f9ed41cca7115,aba471bfb38694ff38eeccfeec3c030c487bbdda1c1d625d79c05c214d255141
miscellaneous-numbered-cab-views/0014,miscellaneous-numbered-cab-views,train,0,0,0,2088928,0,0,,,,,,0.9422385936639232,0.603282014228546,,,,,0.0,0.9264287531512362,,0.4464555052790347,,,,0.9567971971389453,0.9576415257601825,,0.8589586424930641,0.837403443679702,,00a59e617c6d81492253ece8ef06493164bef224314ee99156bc01663f8ccd38,3ba891a877a2984212cd387b6a1eca2332a40b2a757b57c0248ffa03807c605c,7635a0bb16f48988768ad5854899c418183169b1cc493fa222de683790a6abd3
miscellaneous-numbered-cab-views/0022,miscellaneous-numbered-cab-views,train,0,0,0,1931319,0,0,,,,,,0.9526077166504382,,,,,,,,,0.0,,,,0.9860270024379669,0.9833292184675178,,0.6994283201407212,0.9445016370202856,,34431340589d77bf879a5d44b35f1ba4ee67944d06302e41751f49b52c7cd6bd,601f45356d35a2626927e94aad629de30fc2805b197f3f27a60dd2cd87622d80,712f40e34c0c1f983c920b76ff7a67f4756aa26ac05d41a5eeb5a9ff1584f9bf
miscellaneous-numbered-cab-views/0023,miscellaneous-numbered-cab-views,train,0,0,0,2087873,0,0,,,,,,0.930502397163692,0.6306694571480247,,,,,0.0,0.9515307684273835,,0.5213178294573644,,,,0.9360120461410223,0.9498714652956298,,0.8352388549144731,0.8025779525542222,,4dbdaa16ac641963e653bf5fa8dce1b9b05b89b3a3d10f8da2e3c9c38deeee7e,03b59830b108e9c2dc87a79168457ed2a8be69f44abafae8f6486184598ecb19,7fdb78ed7b475bdfe85460345b03b0d1610874c25c4c715057e81a67225df100
miscellaneous-numbered-cab-views/0024,miscellaneous-numbered-cab-views,train,0,0,0,2087739,0,0,,,,,,0.0,0.48473841302021736,,,,,0.8905510035330376,0.7652661795407099,,,,,0.5414828639294198,0.9934103857499944,0.9954353923178509,,0.7542441860465117,0.6949402731433817,,35db7be7064f509351e3627b33430eabc718080e493e83ad1551491d62e1f113,e3c3c38776bc33b723f23e1afe17f11dd1b9be409c25e6ae796447766a6b56b2,b07a634a6e61a7c2aa8bbc4ebf70f97a100b92f0d181925b4e9e83eb91318050
miscellaneous-numbered-cab-views/0031,miscellaneous-numbered-cab-views,train,0,0,0,2088575,0,0,,,,,,0.669931180518793,0.6510128118541388,,,0.0,,,,,0.6627532228360957,0.0,,,0.9840410794076137,0.9801958141658963,,0.8450254310879544,0.7762389845581696,,582a1052402234b092c9e8f0eb985ba78c3b1068c2ae8c12c805aadd11584b0a,eac752094ab94f349e6d48690930d8ada3181efb518c33f473c5388d2ce23c74,cbd482e55c286dd5d4781eae715429549f573291951cf2e818a65ea495347f93
miscellaneous-numbered-cab-views/0044,miscellaneous-numbered-cab-views,train,0,0,0,2073482,0,0,,,,,,0.9102170556716012,0.9094792304085574,,,,0.0,0.0,0.9377121968957531,,0.49137717121588087,0.7216494845360825,,0.0,0.9617266610977282,0.9956982082400381,,0.8119195715087901,0.8089254965280084,,bb02fd705ac7b08fb3ae7c618b46f5a9da4ef32b590259233156f5fee831aacb,d3844dea10ab96975316c1574eadb989106b149d9b1fafe094beae7e9c50ec59,b288303da36f9ea0c433c9c62368d941afccc1290ff8ebc0169e59a48f05dfa9
miscellaneous-numbered-cab-views/0046,miscellaneous-numbered-cab-views,train,36518,3558,2147,2031377,38665,40076,0.8648840679250646,0.9112186844994511,0.9444717444717444,,,0.9520774183970755,0.42665635473060065,,,,,,0.6833631484794276,,0.4636027143738433,,0.8648840679250646,,0.9861320509042564,0.9790956048181753,,0.8912825985459881,0.9515129324999346,,a1bc04fa20bd623f99bbac759e22dbd90554263ca7b217cee49ddc9fedd59da2,550d403c2cd02d480d3ae049a478b103700ae04d047712fa0e5187f9b0fd5068,351ba6610c8247b2a270c23e426fe4c3241ca27e9220a22cb0d070f164881d8b
miscellaneous-numbered-cab-views/0047,miscellaneous-numbered-cab-views,train,0,0,0,2073600,0,0,,,,,,0.9082906930976491,0.016149098468731547,0.0,,0.8623028158631874,0.0,0.9493716861233291,0.4656644530394804,,0.7866162236525328,,,0.8532111243643669,0.0,0.9869022441502144,,0.8193867050833504,0.92353195164076,,b74e6210f53416c45a93c3fb1a022de2cc33ed02723512634c739624b649276d,52518430666be87ad030da35871a2439ebbc09260cee1aaa6bf65be527c77193,8632bde4dc91e88cc96e3d6ad5832090666e996034fffd86df645b5728c11ceb
miscellaneous-numbered-cab-views/0050,miscellaneous-numbered-cab-views,train,0,0,0,8211623,0,0,,,,0.7242781618544124,0.38754436915133916,0.9710937126156269,0.6985312767698617,0.6319813294704651,0.9816398285559181,0.9220038512987109,0.04032247091638887,0.6671632768342919,0.8634194515940634,0.0,0.7470185536927231,0.45001181753722524,,0.5539239251269417,0.8923068584230686,0.9740314990493395,,0.7139826339877668,0.8183483177169639,,33fc6fbed915cff715396fc229a8e0da423ed1d84e76cec2dcc2a28d124be983,a9c086f93a23a8995da1495bf54ec1a377ef02d5932b137a3002f7384f45c4b8,79180956544103f693c88b9e6b290093da188df26f767c578607561fa2f75c5f
miscellaneous-numbered-cab-views/0054,miscellaneous-numbered-cab-views,train,0,963,0,8174691,0,963,0.0,0.0,,,,0.9570948711434781,0.6941736694677871,,,0.0,0.0,0.14899091420760632,0.7905140658360902,,0.8053017150116452,0.911143481427531,0.0,0.0,0.9820134164142696,0.9687595959980672,,0.8733295628989254,0.9630592181079771,,ac828e814ea477c826e95def13cde08680d0a05dbe64cde8303472779d31fce8,ea34de2ac35692d4e015602569d70b94968ad6bdbb3c7aaffedafab451351ee1,2561ee91dfee274ea8ce812f3b24cb86eb0c3709cc6516975ee8d69854a447db
new-unmatched-2026/0176,new-unmatched-2026,train,0,0,0,2073600,0,0,,,,0.8390532544378698,,0.9491261452645023,,,0.9763582895175424,0.7,,0.0,0.6621992080414255,,0.55,0.5735735735735735,,,0.9545512629381948,0.9878755910193826,,0.8493585672551759,0.8916752002891392,,fdfba692303712b2119a1d725763d74b54fa20defdb3415916105955f503bd9b,bf61db99763dc894604525d3f039b209cb136d83f1cd35b7655768228102fad0,7689219ef1a88cfdaa0cf2b7a809d2a60321c468ebf19155a4c786bb3d5bab53
new-unmatched-2026/0177,new-unmatched-2026,train,0,0,0,2073600,0,0,,,,0.8518709234466186,,0.9376557242884423,0.0,,,0.0,0.8380281690140845,0.0,0.0,,0.8490566037735849,,,0.0,0.9868526998522997,0.9936639844149638,,0.6570222191458435,0.9341952695221573,,92fdd6e752f0a8493a8a0114320f0d3adb209985cc28a17efef842ce5c887b26,4bd80258418635ffe4fd02e59e7e743a04d3ef8362742a3493154f57d54ca4c1,ff78e8a904118760c7b4deeac1937a7a7cb20d4c423f5d13ba39a76fd1e1324c
overcast-mountain-stations/0214,overcast-mountain-stations,train,0,0,0,2062997,0,0,,,,,0.0,0.8631652373722868,0.7413526071244192,,0.6730596912048525,0.7953629032258065,0.7115825397011335,0.06146363033384922,0.5027603479384913,0.8821924564945974,0.730592942602086,0.571601696626944,,0.32531235539102266,0.6708456012674253,0.9532706773688097,0.711890243902439,0.5490444874274661,0.6656377032520325,,fcf5289b197c7f0a48d5f375c13e6c090599b238c68ce299010e0babb86cb7e7,d66cff571333e436c6a9212058e636e2420673e9fa861b9fb9c61d3cadc245d5,c496d816b3115a14e27ce10104d61af1df2653ed67d71cf76686faaf7645ffd0
overcast-mountain-stations/0215,overcast-mountain-stations,train,0,0,0,2072956,0,0,,,,,0.911211014329868,0.9379109122738767,0.0,0.8102020536601524,0.9556779630102507,,0.0,0.3837318330989217,0.805814229289773,,0.5276152911945271,,,0.8670430183304526,0.8294243529715911,0.9796050150672269,,0.7368322431180158,0.8369405801635388,,a4ea3527469f92f7e01c82dbad4e004af29e5a534ebe1ed94e96185736126eff,854429faa83f8da4db49e7aad63e0ef178c079e045e63a5be44bdb3fcd0af9f4,328d3b03361ff873f8b58d39e97a140482b7fbaee5acd43f4e91bb97058d7c49
overcast-mountain-stations/0216,overcast-mountain-stations,train,0,0,0,2068117,0,0,,,,,0.6393169974498282,0.9567906006029219,0.7456051140491065,,0.8831553973902728,0.8793103448275862,0.8372850678733031,0.8866470188165949,0.7619819504074301,,0.6047667077589749,0.0,,0.0,0.9889504266397419,0.9668803248982706,,0.8574698013682703,0.9609578275857514,,39f23d5418cbc5c465dddc13feda5ebb78e7eb06be8eacb3a5acb0256a95f409,484d599c7a9c73383e03fb6ad49561d2771579ca685ae29f0f30e4be25d04b96,46002da455e388f46f2b5fd1a7d782533e913a1f36ca71af9841780bba5470c4
overcast-mountain-stations/0217,overcast-mountain-stations,train,0,0,0,2073600,0,0,,,,0.3253588516746411,0.6574183625177473,0.9709181112698352,0.0,0.7229282262394845,,0.5438829787234043,0.0,0.9415905247701826,0.7466091315943091,0.0,0.7308613171407613,0.027422303473491772,,0.7080344181046341,0.8972725351795003,0.9680273696441251,,0.7267996308449549,0.8895050758829177,,014ccb7933ce4cc405469bff1fb36825df54553c505c185a5c2b9ca46750aa01,aa3b2a2139a82a89c2ca14efdb1d56c34c50fe2cbd36c733edc6aeb721cead1e,6ca11e30b8a52e1f76dad38a80751a505abd2d772f624ad83938c14ee640214d
overcast-mountain-stations/0218,overcast-mountain-stations,train,0,0,0,2072152,0,0,,,,,0.9653977329168553,0.9864283850052885,,0.1506849315068493,,,0.8560819686487433,0.8454211155908024,0.896049896049896,,0.897858618489972,,,0.7060803900648449,0.930501175005446,0.9600283902076315,,0.8613848875410665,0.945516065608037,,7d192a396ef667bb5f346b4419b19250547fc8d398f9ad1541087e3b71df732f,5a08d87d4ef25c8edc375b184d40fb21715f14fe709bd157766f55da6db5be90,0e7bd1d3963494d87576220ef836e74b5c689455617bef93606f53ec9876957e
overcast-mountain-stations/0219,overcast-mountain-stations,train,0,0,0,2067823,0,0,,,,,,0.9379649656549331,,,,0.7384782394157703,0.9519082050885469,0.8632980539433254,0.9606205394215841,0.9606381704980843,0.6737395459976105,0.9112346754203792,,0.6988069087306715,0.9522299141061934,0.9951706288855092,0.8570906877662812,0.6728333883933487,0.9022822062889545,,217eb3ce4240bbab2cd912c73d871881db741d3f99a15000d1343139afbeb72c,5dd19a743ac1e5e12f6fb63c62e75e423f24b6825f5013be4daef1327de5b91c,7e864abafffa18e1cef6bcd997cdb97600ec8f62b70bce784b9da5bb0c533dbd
overcast-mountain-stations/0220,overcast-mountain-stations,train,0,0,0,1926688,0,0,,,,,,0.9542316839723882,,0.0,0.9719504174045029,0.7543859649122807,0.8017275055340943,0.2931825129929685,0.8047126026419136,0.0,0.8024384009246808,0.8404068747807787,,0.5087170317389361,0.9575878201979994,0.9899417951598081,0.05631399317406143,0.8862089375554898,0.9029326980556429,,b998518e2d97c634c8c2c846bf7f07e5ad02688387f15d657cc9646d080b722f,a78aeb5c9b6e22817ec40a0d14a2e3b3369a6697165133d9a00b6e867bffaa90,6430b994a088ea1660a19232ab412cb50d3929b5457d61ba9ea6721e851ac1b0
overcast-mountain-stations/0232,overcast-mountain-stations,train,0,0,0,2051786,0,0,,,,,0.0,0.9701191567369386,,,,0.7599669733427695,0.7747334477557601,0.0,0.662549611989811,0.8514911746804625,0.6310352263148609,0.9614480991029475,,0.8052288349685682,0.9545380695771197,0.9731503493637192,0.6850574712643678,0.855718085106383,0.9480579762225616,,77b17d1922889f7c1d3d5c9eb9eb7abb5f53399f38433a493e4e0d9f6d369bd5,3315c387c153f722bf32fbe0bc5bfbdaa858f63464cab9be2c8c073d479522f3,e023c006940b77f9b520ebc0811b50417f761ccc321b792bdcf0af693b83325c
overcast-mountain-stations/0234,overcast-mountain-stations,train,0,0,0,2073600,0,0,,,,,,0.9680802393102235,,,,0.6646706586826348,0.7049878934624697,0.0,0.525522142300026,,0.6709798717097987,0.8769780500255232,,0.739393688052088,0.9795180354496688,0.9936378976581639,,0.8063660477453581,0.9430792435317322,0.0,709cbea54e2cf9800bbf3d0c032a4ecbdd34ac081630e119aea5e897a39808a8,9f031a8f85e736e4469eff85abe294ba9b7cd9f12c496873f486d04a6bb80267,6c276d8f0e9aab1775cba69133e7f492ed49a9b79af00b6b9d90589cec7249d5
overcast-mountain-stations/0235,overcast-mountain-stations,train,0,0,0,2071387,0,0,,,,,,0.7922211077677477,,0.6556377884196778,,0.7995867768595041,0.942895441515656,,0.8931174089068826,0.9256556335044023,0.789144836680656,0.0,,0.8075752966230605,0.9442416820090243,0.9800183657624353,0.715759185480301,0.6622050424046616,0.9109706488626206,,468c69f20ee4665d35f34a795d6f47eaaff96dedee7864164a769f063403427d,727abdd8767871d43483380b4a639a89408335f221c2798f071ede7d71cbcad3,5f6fac480e3fb8a82dd0a07e3a07aa885e41f29f0d64178df0a23fed8de850f0
overcast-mountain-stations/0236,overcast-mountain-stations,train,0,0,0,2064486,0,0,,,,0.8374787052810903,,0.9506892024942566,0.0,0.0,,0.0,0.7570826195809724,0.7248751532815583,0.947545697268433,0.9518114317037923,0.6269006546883922,0.0,,0.4770702574513127,0.8814595466466381,0.9801786705352188,0.8319976254081329,0.7920593368237347,0.8773373106209279,,7d0f48496493980d7a6b226310064c37f280f0d3d8723af88c69108db233c6e9,357469e787079530c7c4af0fe3afad136d2be00a3110c53be46d1dbb7f58abff,7b80d927214f436a9a28a7c40e96f5021ffa0c2cd63db0e62d33384de1c2b932
overcast-mountain-stations/0238,overcast-mountain-stations,train,0,0,0,2073600,0,0,,,,,,0.7960597505006156,0.0,,0.9876419524529836,,0.8656600851722803,0.8431667922001841,0.8583340785120271,,0.6682501418037436,0.8282208588957055,,0.979164810094997,0.9601645843754685,0.9891784530347689,,0.6566212109796831,0.7878362615732303,,38d3daf79fb1b3f1c4c8c5bf74635d5954f16b3c5be5297e9e5ac9b077259d42,0bd106de9c902a9bc8006dd281b20d065ef8b5bfdbd81729dc77edc4d0287715,b9dd8707b54191a4085af519fcb6388043756452e20f7c941b22bf913f776d63
overcast-mountain-stations/0239,overcast-mountain-stations,train,0,0,0,2037432,0,0,,,,0.8767995923047522,,0.9534986145009451,,,0.9888868299499678,0.5693430656934306,0.0,0.952758765190669,0.8574744817033346,,0.7516581581380392,0.0,,0.7381132075471698,0.8126670090584969,0.9777881731248413,,0.6987563139352264,0.8890188815611166,,a48c958611d90e4471af958912e453f589b8b5533315c5d59ce81b77a46a7bfc,7b59514cf69597aa4f2cce3764a3d0af51710e328dc3d85c3976e4c563c3ecc1,7db1e1854ed67187d2802039787ec2597474706b62669274f1fc901d67a8b388
overcast-mountain-stations/0240,overcast-mountain-stations,train,0,0,0,2073600,0,0,,,,,,0.9515277183716735,0.0,,0.9665943051086525,0.6435272045028143,0.0,0.5408805031446541,0.9025647697887358,,0.7977862705509086,0.0,,0.5343218012081274,0.9689451567718996,0.9422282832767752,,0.8239931978047461,0.9302738774554762,,8b51f499144ba83986ae26ea615d1f3e8da062613143bac5e635ab5684f8c914,99709ace9ed244e7aac8df6f8691255f3bb94e3107826bf9d3f678400c6ead23,2a6fe5bc32990f8837e9efe599c73a19899d682652ffadf5ce35b6c6a940182f
overcast-mountain-stations/0241,overcast-mountain-stations,train,0,0,0,2054583,0,0,,,,,,0.941625392509145,0.0,0.6498800959232613,,0.8578255675029869,0.0,0.1353637901861252,0.0,,0.7371324159196025,0.9239241512433292,,0.854386045084509,0.9336490126109658,0.9768612699368041,,0.8618803782826279,0.9439535526679569,,3625a2c4d4e9f8f3e0165e6dd90494d2791acd79e6142389e4a17e9e72601af3,a18c6013db023e74d3f18197e3c928119a026a0643711724bc334d3c6663f66b,c1298ee72874cabecd356ff246becd75b599c88ab4cdb8ff8b4cc9035900e9cd
overcast-mountain-stations/0242,overcast-mountain-stations,train,0,0,0,2064724,0,0,,,,,,0.9606276165472221,,,0.9162417728081055,0.0,0.0,0.0,0.4204231830726771,,0.5840712629137677,,,0.0,0.9661402264657165,0.9855180559078078,,0.842677642256019,0.9261999278238903,,ded050ca71f820d730759226ffc1d2274e07ef4601f63b34c13120c7ef05161e,eb2b02a061e3cd39e085fb56063ea4abf4c835ba5583526332833e0723c0d442,cf11a2a1aa84ad41661a66eb8d0d071e09259c9dd62b5c2b9de8ac538a1f2d7d
overcast-mountain-stations/0312,overcast-mountain-stations,train,0,0,0,2073600,0,0,,,,,,0.9115705970452214,0.0,,0.7531806615776081,,0.0,0.8179310129837741,0.7554872639716133,,0.7574807056717794,0.0,,0.0,0.8344420414389712,0.8830137408699339,,0.7960841818603502,0.9226960065376102,,5443a27572d1805ca781a25437ef08d1d27ac70239d96cb52f50717ff14822c3,b7a584f428c50f605f7f6cf81f78b931a71df4e8242a20fa82991bce28e1f9f1,b1d3bf26518f02489c817f0387dfbbb3bc9a80eb23641b674e9de3376fc28c14
rain-water-cab-view-with-overlay/0268,rain-water-cab-view-with-overlay,train,0,0,0,2029558,0,0,,,,0.0,0.8206915139380871,0.7291372163787526,0.5275215826630745,0.6247368421052631,0.0,,0.7738211008363244,0.0,0.9828726048589423,,0.0,,,,0.9508033828004367,0.7133020715854455,,0.6654315789473684,0.722234280242579,0.3545706371191136,7a53e1b4c0a64e0b30e58ab9db89fcf98ce95254700008d25f5394d06f97a292,23a6618e87555de6cbd8e26e944af51a428323c138f0f4bdd425e1c41c6ebf5c,b931635553be79f981ab62bbdff40ac98f811e6717bbd56ab11402de7c57c08d
rain-water-cab-view-with-overlay/0278,rain-water-cab-view-with-overlay,train,0,0,0,2039559,0,0,,,,,,0.6925656473797885,0.899497132952404,,,,,,,,0.7416934619506966,0.8780487804878049,,,0.991160812559191,0.9465163244698754,,0.7851323143222678,0.0,0.6676663542642924,ae02105bf482e4b7269f687a6bf9420a5d1fcf5bf84ca910a716df519b4a66f1,f9d9cc36d418487bbef456deb4bd834ff96e352253bedc9a16b3f55061617ea3,71282da7f8b7be30fdadb37284209913c1c165a32239005f88d7a0746eb5a0c9
rain-water-cab-view-with-overlay/0280,rain-water-cab-view-with-overlay,train,0,0,0,2054275,0,0,,,,,,0.4715539130653393,0.8189199210030494,,,,,,,,,,,,0.9901156864358536,0.9361751498027654,,0.7491277730235008,0.8785066505441355,0.3384520193497581,70a05bd99cfd467ea3e055a00e478d6e1b45acfa4adb761b94f8e266417d1ae9,e106743e4b56f6a000935339646381f74dd47b337309998f9c1f64e772dc2e55,4a77fbf751cb477a100f5e567fb6310318c2aadeebf4a5e99f96b373431bd62a
rain-water-cab-view-with-overlay/0281,rain-water-cab-view-with-overlay,train,0,0,0,2053597,0,0,,,,,,0.820695375682588,0.8246872093372138,,,,,,,,,,,,0.9929833144576191,0.9332233456933305,,0.7615748758803833,0.8056146102814989,0.6864423455332547,a7da1f692dfad6e78cfde641dada58c6873c4539cb40843c04d9e3238e0235ac,0307bb1c875ecbe072c4937d166fb5c6179a715723a729d6f851102552edbb52,8dd9f65fd252955f6de57decba6a57e7237e1badffa6f5f2f9fd92d49d80c1b0
rain-water-cab-view-with-overlay/0282,rain-water-cab-view-with-overlay,train,0,0,0,2053810,0,0,,,,,,0.6833835341365462,0.7068104189418407,,,,,,,,,,,,0.98781331229489,0.9106709581579598,,0.6891329042029535,0.9273306892916311,0.6227861485593444,f9741378f2d70f2bd7e5236fc50ad4936840f4c1561be37a810e2aba8983efab,c2f421c7de5534678595c101104109c3b656630b9d60fb9b35495a373e44edea,82117700672877fab7223e7f67e151892925e70258af0a5f5bb60b793573d16c
rain-water-cab-view-with-overlay/0283,rain-water-cab-view-with-overlay,train,0,0,0,2054083,0,0,,,,,,0.6345603110795828,0.7968551648322886,,,,,,,,,,,,0.9874838953498359,0.9766635590257545,,0.75027614920554,0.07867647058823529,0.6794223826714801,50f5c438789710cc8a44142a41fc391480200cadb38493f126501909f2df6f3a,04b5fbb59ca9fdefb2c884a036413016e6db4df5eab65336733ce8f35b69af69,a363f679f9ebee25f8dfe9423488c69ff1a231df73a8c19e36d1627823f2ff26
rain-water-cab-view-with-overlay/0284,rain-water-cab-view-with-overlay,train,0,0,0,2053473,0,0,,,,,,0.7614565904443205,0.6947801793853845,,,,,,,,,,,,0.9843634552255528,0.7858320760675064,,0.8293018899112898,0.7645552330544647,0.564331146391546,43ee426aa0b2c2ce8f85dc51fb77e1d7b14c6221bf250479b4fc3db9938e1d2f,124b16930742b8657398889555a2a4ca0cd3a302b337fa75ca4b08d758b9ab29,da6b16f4ad21f79e49d1532544b732b8255feb1d0f4e41cc6ca9f97bacf5928c
rain-water-cab-view-with-overlay/0286,rain-water-cab-view-with-overlay,train,0,0,0,2054089,0,0,,,,,,0.0,0.8638454258151287,,,,,,,,,,,,0.9865964496541575,0.8511109563279237,,0.7833287833287833,0.32273717567835214,0.05266538214515093,65bb9a26ed2495d66bcecef26da2702eed5d5ef32bc6393785623c77524cec64,c5023a4e5a1ade5fe386facb5dd55efc8f17e3afa73682ad1f23e1e7f6e96499,9315fcf98e84372ed43e75c71d2add522e811d6dc84d47822704c5b81325e9c1
rural-non-electrified-cab-view/0221,rural-non-electrified-cab-view,train,0,0,0,2073600,0,0,,,,,,0.8753876515365098,,,,,,0.9077041910710515,,0.9538455385353758,0.878832311383631,,,0.9495717527244836,0.9745171721661776,0.9844827013667178,0.7990862196020634,0.47572815533980584,0.8568378964489022,,6411626e4dd88d0c532aa68480772b47bb488e0f02a7b85b9bc3a6689ed129d5,fb1abded07d425fb8a98d44431c5a19ee3ad4ed81d01befee289eda8bce27016,73571a81d4407bc04c571a705cd8a20e76b5dc76d44e5e8bc3d19d43d3ee1db7
rural-non-electrified-cab-view/0224,rural-non-electrified-cab-view,train,0,0,0,2073600,0,0,,,,,,0.9148599148599149,0.5405544588447344,0.8579950418345212,,0.5960717335610589,0.9725548855957163,0.6157173756308579,0.9260517435320585,0.9421952474506502,0.5387713997985901,,,0.0,0.9163753173161371,0.9858070442449185,0.8027170702894271,0.7217933491686461,0.5971233913701741,,1e41ae632ab7d25f8465de2e6f35040f43e06005f63f671f9bc38bc730cc1d23,7f080b3dd91b88b6a5a384adf9a410234a66e336b25e3fae8adf584c4a236906,9a6d7829b1588bab030e6cf198e8f490aca71fa6e154306595f7b63d5a75cef4
rural-non-electrified-cab-view/0225,rural-non-electrified-cab-view,train,0,0,0,2073598,0,0,,,,,0.9593223545734759,0.969778857345276,0.4950857306836932,0.9428,,0.71651893634166,0.9471305858245919,0.0,0.7488853503184714,0.842671009771987,0.6291237411737469,,,0.8843194908768679,0.9714174673904076,0.9818022203120141,0.6580427446569179,0.8239876534136842,0.8648029752204254,,f4f88535c53b204aba9d05b638314389fa878abcf8e01baf8f954e3c487ce4fb,e33882c5bcb85c6e1bbb522cfadf458420298be5edf847ea927bd32a0c6bfd44,96238dfe0bdaa54573299d4729868891ea76dcf13ad0e54df3697fe8e1bc1c2c
rural-non-electrified-cab-view/0226,rural-non-electrified-cab-view,train,0,0,0,2073600,0,0,,,,,,0.9748628388288337,0.5550376722401973,,,,0.9371202150597855,,,0.9598097724729578,0.814251047871167,,,,0.9665762341544787,0.997198382532849,0.7896580717488789,0.8614615928131624,0.9014531138798051,,31c04d2163a83cb2cbb97f6a65f78f6292915635dca2124764515620555e02a5,90687f948de9e1564c98f9cb85946cd5e2febe474688ed8af4475fb429735071,e5aa024330dad452a07c33e6cb6c3e2e72c0a6b923348c13ec2af2ec22a27fb3
rural-overcast-cab-view/0002,rural-overcast-cab-view,train,38806,10554,20186,2003967,58992,49360,0.5579903948465764,0.7861831442463533,0.6578180092215894,,,0.8109040109744894,0.0,,,,0.9313127768761787,,0.011844331641285956,,0.8053524194803174,,0.5579903948465764,0.7455830388692579,0.9516863678619633,0.989049706182506,,0.8759976580074574,0.9033623275812767,,d6a1cdca475235fda34249ac027cadb8cfd26f48e206fe60727e06408ea9daf2,684853039dd062f3bb7968f4d2bc038a95fa699e5c320177db0f141fa6f698e0,49832ce353d02d020356ac35c097e833e2f6cd3069235bfa53df42aafaa0978b
rural-overcast-cab-view/0003,rural-overcast-cab-view,train,22935,19483,4079,2027103,27014,42418,0.49325762952448543,0.5406902729973124,0.8490042200340564,,,0.8477545822027798,,,,,0.9449597124804359,,,,0.8212627669452182,,0.49325762952448543,,0.9842838895984894,0.9941310427358147,,0.8714437107687291,0.9195260681836389,,04a002e5659f3d51126f61bc75400b6cef6d9688c3f19cc5a7f5110b8233bf8c,15896db37daec4994ee767696b2c8c184bb7d4481b780842e8736f986450e748,baf6e0d7cdbb2164d494b3e1347b9fa5221cb0834f27e1942e4475679712c542
rural-overcast-cab-view/0005,rural-overcast-cab-view,train,111845,3935,11948,1945872,123793,115780,0.8756498183640236,0.9660131283468647,0.9034840419086702,,,0.9244120413922859,,,,,,,,,0.8044293312407359,,0.8756498183640236,,0.9853992950979399,0.9808725531028738,,0.8756771731100714,0.9236759163986095,,aedc6dab3debab63ed2639dc17103ad650d4dd41a6f7227f09b5480b90de2c40,31a76787a3bc46e88e158e7e9813a9dca57af06e74a19ec3f08859f7a4a4d90a,d3f5df0bbf1fd70be9d4c9866a8fe649cf3f06383f431bbd784da15f893ca269
rural-overcast-cab-view/0006,rural-overcast-cab-view,train,39555,981,4388,2028611,43943,40536,0.880487044786751,0.9757992895204263,0.9001433675443188,,,0.9778937732504918,,,,,,,,,0.5747577295800647,,0.880487044786751,,0.9596786333600862,0.9861019146133454,,0.8849195619845883,0.8440536211742563,,3db1516a2e0c1874fb0dbb51d803925befe045e5d166f68c67d2511cf052796a,cef05118bb2dba5a06eecb8dfa31730b77f4569c611f14288c09ccf97ac22ff4,a918eeeb59988a818ac9c99e215cbaff2dc2db6dbee3fe49a7ace3820696baec
rural-overcast-cab-view/0007,rural-overcast-cab-view,train,71439,17357,4332,1980472,75771,88796,0.7671054892191392,0.804529483310059,0.9428277309260799,,,0.8273397968249063,,,,0.277992277992278,,,0.9181550983495365,,0.8478635526237595,,0.7671054892191392,,0.9514786654561961,0.9864735920655017,,0.8694776184775309,0.893819640434903,,9ae138fc89678cfcd1474b9bf8cc396de8f0e6e2a43775c082e7fd324b1e9972,5d330275c7ca8001a8454bc47b60700924fb50dd2f28b5371a0498c31dc3d11b,ea6a3841a85e32664500e771ca25c6d4e4e0043f1bedfe78f28fb7327f2926c6
rural-overcast-cab-view/0008,rural-overcast-cab-view,train,64009,8569,17810,1983212,81819,72578,0.7081581625879542,0.8819339193695059,0.7823243989782325,,,0.864008872117642,,,,,,,,,0.5797598627787307,,0.7081581625879542,,0.9865825069499191,0.987635058541054,,0.8441509904073751,0.9021252995468242,,7bbb672efc6998e2fe07036354809c380b8c0b38f55bd9aae1815308defc4ec2,4cafaa30213f2760491099414b51421342dd3202b54f1de9f62554743135539f,cec3ecf05e455070067029df78ac757f32f1ebc5b8550190228f93e0c4945bf9
rural-overcast-cab-view/0040,rural-overcast-cab-view,train,21273,519,17389,8206003,38662,21792,0.5429417319619203,0.9761839207048458,0.5502302001965754,,,0.9199765503901645,0.6746664312558327,0.27466180270557833,,0.7483922829581994,0.3876127195064072,0.0,0.7966443436307338,,0.6873671782762691,0.6822429906542056,0.5429417319619203,0.0,0.9817810814459002,0.9911645070810943,,0.8651238931468115,0.9377287360004807,,021941b66ec27bb2fcf79d061d8aee08b9c3f292d08a9a7405a19e299c832db3,92a824ad5637cc6ac5a0902d44509a094952f26ea5e68785381cc3146da9dcd3,089a895907e022dc09d4a1524bd785a616242b18698fc6e2202d267c66c63294
rural-overcast-cab-view/0041,rural-overcast-cab-view,train,0,390,0,8243766,0,390,0.0,0.0,,,,0.9629512316339888,0.7313292317123903,0.0,,0.5278982364845332,0.0,0.0,0.84358150557473,,0.8250412765018984,0.0,0.0,0.0,0.9747912799159886,0.9897770525298982,,0.9164214832869081,0.9517772404545326,,ff35eda53bd2422223f5fcafb02cea4c44b441958325638de3a11790243b67c9,f333c07d2fd6c1334671860b144e30435a0065218a37a5321955316a07979611,3f207ad4d810598cc15f1ab60da763c34029db37a941f3c9dbc982709aa26822
rural-overcast-cab-view/0107,rural-overcast-cab-view,train,26261,1736,14064,2031409,40325,27997,0.6243551033023466,0.9379933564310462,0.6512337259764415,,,0.8716612377850163,,,,0.630057803468208,0.9094337374519674,0.758892377961747,0.7951273532668881,,0.5439362795477903,,0.6243551033023466,,0.9773497241312554,0.9962442438955356,,0.824781097089879,0.93410792816808,,215b77d9cef9cc3af93c75d0f03981fcc3de1a90d89599e881fcd4a81e39bf3b,7584e7654d73913c2389fd85b8500ecfa8d8d7c55c1d76d3aefd7787fca1070a,d13b62e5369c20c577f799f64b1296ca6565fee1a1bd6534592a9e4a98555ad5
rural-overcast-cab-view/0108,rural-overcast-cab-view,train,80031,4727,8575,1977542,88606,84758,0.8574780624216515,0.9442294532669483,0.9032232580186443,,,0.8314823756639305,,,,0.0,,,,,0.7538391489713978,,0.8574780624216515,0.0,0.9818126193183625,0.9922805776714686,,0.8982011683729539,0.9539352818371607,,c33b247dbf2b4f39cc6e562b021c46ced689391a1b60185e8afc0ac60fed379e,46d0c602ba5c0780e8a5f1cf801575c256c21fc72a367e491cc266f159594a12,d2f235e0dd036724053979e225240c33ea05dc756f1ed5b052bc20599a3e10f0
rural-overcast-cab-view/0109,rural-overcast-cab-view,train,53153,3139,5308,2012000,58461,56292,0.8628733766233766,0.9442371917856889,0.9092044268828792,,,0.9085522417539008,,,,,,,0.756006006006006,,0.8235217504558479,,0.8628733766233766,,0.9826776597957416,0.9784851080700314,,0.7769544979576327,0.84764819104918,,f38954f1bfc9fe50b963723a16b16b8d3f9d7362875393e41e5e9796dd413c67,9abec4da302b70961e931a2691048fc6eb9130f825efe442056adeb8cb3eb610,ea061f831b7ac1dcb57ee213d605b057552619f637fac7a11ec889bf3ae49630
rural-overcast-cab-view/0110,rural-overcast-cab-view,train,127212,4513,11497,1930378,138709,131725,0.8882154976190809,0.9657392294553047,0.9171142463719009,,,0.8802992518703242,,,,,,,0.8807760141093475,,0.8696617805698331,,0.8882154976190809,,0.9798083030535895,0.9740350188827309,,0.6997634499909019,0.6569254496382482,,fdf24fc27e07ee485b7222ccde914085e8f087aa8259cc0b90e6f71e0a387ffc,988e6b7d69b4f4b852fbcf80446a88d51b9a623d42d1842bf573bb0d9a471dc4,2660732e069cf928e12455e48680111295a4d1c60eccfa626c742eecc7cf8f62
rural-overcast-cab-view/0112,rural-overcast-cab-view,train,67392,10327,23326,1972555,90718,77719,0.6669503686476322,0.8671238693241035,0.7428735201393328,,,0.744191107539842,0.0,,,,0.9469638836921711,,,,0.6800315498882609,,0.6669503686476322,,0.9850687932966488,0.9815573917600523,,0.911826171595431,0.9017878776285755,,8aa93fc1231db8b4b0a120906afce6efe281b5d722780d8cc957032da6e74746,fabe1664911d495a46eace7cafe67152470a7e9b4c71b1f54245cffe1b7941e5,4ac8b71823be0f9cb1b68ee956f735f1949741a4e40bf29b70c6e2ac6441b873
rural-overcast-cab-view/0113,rural-overcast-cab-view,train,61111,24198,14561,1973730,75672,85309,0.6119054771202563,0.7163488025882381,0.8075774394756317,,,0.6736850003751782,,,,,0.8476099618397268,0.0,0.0,,0.9357876991679809,,0.6119054771202563,0.634030288559929,0.9576412021752517,0.9941213557200829,,0.8825174825174825,0.9190745452831967,,ba958581ca15fdae026c4dc5918bbf409fb30ae6ee8593531607b3d3640ebc46,763c7251db10ed362cf24bad3e7f1278c5790578ef282e3c7f28a4f383704a56,ad5e52a6d6f8375c759a6b300b46b73b483f86a6fb5967df0a1eacbbcc332085
sunny-mainline-cab-view/0124,sunny-mainline-cab-view,train,39779,5159,39592,1989070,79371,44938,0.47059032296226194,0.8851973830611064,0.5011780121202958,0.0,,0.772494937556929,0.5263734543747065,,,0.5915918943441879,0.0,0.9342063499935528,0.8116461232455993,,0.7114308935315772,,0.47059032296226194,0.0,0.9113128019855781,0.9770412618969738,,0.48929367109497485,0.7259001406099417,,7401f5fc76b6fc6c255d1dd4039a55eb15e32ab20cd3552dcac7878a8a74eb88,9544d3a4d4f26ddcf2a101283fbc57247e7d6b9a4c2a4d1dcc6ecbc47866431b,7ed2ceffea3e718ff5bd3ba16b48c00528d475cefc37319ab2ad3ae663503c6c
sunny-mainline-cab-view/0126,sunny-mainline-cab-view,train,25739,1530,7920,2035948,33659,27269,0.7314501690869306,0.9438923319520335,0.7646988918268517,,,0.8280776743001104,0.7316599938404681,0.0,,,,0.0,0.9472348219887359,,0.7088144239568528,,0.7314501690869306,0.8271730629197119,0.6668566137189258,0.978537158107149,,0.7639711738311221,0.8832152798651315,,a1e2fc892f0b131c74ecceb67559b53b91457b9cf91503592486c858fd335277,e27211315a2ae32a9a3ef1ca41e51ca0a0fa4f6fa09bc2a6e3ea542fe11ec29e,0fc8f0ab5262d6119c16e0b20cccf6dffc1bf40599c07b03202ac781ed0c6294
sunny-mainline-cab-view/0127,sunny-mainline-cab-view,train,18808,324,6222,2048246,25030,19132,0.7418158870395204,0.9830650219527494,0.7514182980423492,,,0.8458804523424879,0.7115133013519407,,,,,0.0,0.9586229127715814,,0.7421829786530416,,0.7418158870395204,0.9686926503796588,0.8029441887161942,0.9736807465669238,,0.7931542582825248,0.9043755792551594,,0d4cde05aed2bd4fe2170c8e306ae84b426e1f4e3c8d7f9b0b0cb271454f8c9e,aaedcf88592ad3e09dd1013b51109aeb4e7c40f4b2d9226c243471e2f34e9ce8,df285b3ab4246d8c9e6156bfc13fcafd8cf457981a9aacf842b6833397a51cfb
sunny-mainline-cab-view/0128,sunny-mainline-cab-view,train,19283,3323,3900,2047094,23183,22606,0.7274956613596921,0.8530036273555693,0.8317732821464003,,,0.8915388844767549,0.682873393722351,,,0.6495287060839761,0.026304624522698345,0.579443535188216,0.769629017913861,0.0,0.5872683080690948,0.0,0.7274956613596921,0.6294787220281982,0.9236094163049602,0.9865846624888428,0.0,0.7598890107762792,0.843776837685677,,24687c346d035f3bef72afba9b140f03eab022e4a90af673afe81fa9f274787b,c2fb729a44959c3f10648bb333aa2bfa0a8bf6c4779e7237ba1a4ca106ac5d1e,355e4b10e6c93c725eb57cfe5b141ba8ba66799aa8546b3e05b12f14cf9b40a1
sunny-mainline-cab-view/0129,sunny-mainline-cab-view,train,22983,6078,22268,2022271,45251,29061,0.4477585770227357,0.7908537214823991,0.5079003778922013,,,0.8225633074262038,0.6053339631942163,,,0.6506817113305124,0.6340534881507567,0.7162086499457236,0.8112975480450629,0.547098471149104,0.7022224661142512,0.0,0.4477585770227357,0.7049728685051662,0.8973690397315608,0.9843019755342585,0.5036685369011653,0.7165651489523959,0.7504125371777517,,e52ffee04497a5939bda202788429a87b3560377d2abd91af07b4286a26b89c6,0c3855bad8ebb48418e3eb7da192926f4eba3d0bd8a6c1ba206a8a0de118136e,2420c05a6f4d0b57c5275ae83b7dc2efb864c272236a7853ee31eb0ba5d6000d
sunny-mainline-cab-view/0131,sunny-mainline-cab-view,train,30699,2144,12653,2028024,43352,32843,0.6747626164937577,0.9347197271869195,0.708133419450083,,,0.8496000699331264,0.6211852377572746,,,0.0,0.783203125,0.609227621483376,0.7575091396142228,0.0,0.7237813975477525,0.0,0.6747626164937577,0.8155499843884879,0.7841694692920638,0.9530774270335673,0.0,0.6749830623306233,0.8791594345802913,,6ed3b7e372d8d5dc78b215af5af6f4653456cd41ece09177eab1178a747e70bc,a8c27ee277932c37a1cbb160b15f22866e20dd4aec146b5de86eb4603ff534fb,ba49a9dec70960751be945e53b6829ade9581e74df06b177be13cb2ad730fba5
sunny-mainline-cab-view/0132,sunny-mainline-cab-view,train,8601,397,5446,2059156,14047,8998,0.5954721683744115,0.9558790842409425,0.6123015590517549,,,0.9179968089609586,0.0,,,0.7423971377459749,0.6792113293169548,0.0,0.8642895134170613,0.0,0.8258241123277381,0.8249363867684478,0.5954721683744115,0.8642677366608814,0.7051374256853213,0.963597968029426,0.0,0.630039946737683,0.808620415717778,,e153b7e6bd960d596c08d639a6b6e83a0851899aff6c01d8e6bfbba8b04f29ab,51ec0f2f880b6d5e6d011aff4a6f35f79480042485ebc9db45b9e0c8ccb772ca,c206946d3f7af468380e584d4e7c51d7aba4947eeda11cf6156eb3c7ee91bf87
sunny-mainline-cab-view/0134,sunny-mainline-cab-view,train,25733,1404,10478,2028819,36211,27137,0.684115379502858,0.9482625198069057,0.7106404131341305,,,0.8848421302524333,0.5006811989100818,0.5237733940313607,,,,0.8300621363053555,0.916257603397575,,0.6876252621766488,,0.684115379502858,0.7413424540401881,0.9286702256411075,0.9855000781319002,,0.7976133651551313,0.8531694888579802,,9e4b1e6f4202cdfc0d9ff15e1ee6eb32270e1c0e88b7b7842be2345e74dab6f2,810016b295ab6550cc7248033bb01b9032302ca875b032e9d08005c80b18156f,d3aacbaca72675c27a2928890a77666009bdd28e987a7ee4c4c28dda226fb839
sunny-mainline-cab-view/0135,sunny-mainline-cab-view,train,15470,2328,2654,2047823,18124,17798,0.7564052415411696,0.8691987863804922,0.8535643345839771,,,0.9132772032254045,0.0,,,,,0.8370820668693009,0.8592997770825919,,0.644542772861357,,0.7564052415411696,0.0,0.9508535721405587,0.9898021058796391,,0.8371554725642373,0.8953703119412717,,917d7fdbcba14ad98f4155259ad4945453a4e76aecab144bfdfd515d95e55343,ef3653ad7186e447e51f20d8a071847cfab4d31d30567977a105bb93a6e226d0,f3c16ae0c12f3ad948f118df8d66ddc4eb205141682d1fd91a8a22d1143b3b85
sunny-mainline-cab-view/0136,sunny-mainline-cab-view,train,66779,6857,20921,1973504,87700,73636,0.7062301045929968,0.9068797870606768,0.761448118586089,,,0.876728460171365,,,,,,0.824185428611383,0.76810777185957,,0.618501353645666,,0.7062301045929968,0.8557735756048801,0.9670349059380868,0.9714809393336586,,0.823549866701992,0.8779802973840535,,23d8b5534877bd891ce5b404ae30036f3fd3a3f9769fc5d17235cd727642067e,79c1982f49ada9c405b84125d26d3248d5d79d06d6bc5cb458d82e04d838eb1d,756a3f6c8d1ed48a42012a6d1f0103aca8116966fce7dae2272d41565ab151d5
sunny-mainline-cab-view/0137,sunny-mainline-cab-view,train,18537,7339,5834,2036516,24371,25876,0.5845789971617786,0.7163781109908796,0.7606171269131344,,,0.9035691964435723,,,,,,0.0,0.8302691924227318,,0.5988044702417049,,0.5845789971617786,0.697999517956134,0.967398819895265,0.970168978055651,,0.8009215803396195,0.9231858432522569,,a171edd02bf21b2bc889ac8ed17fe30fc47d76defd59a637e236ddadf0c76f27,6f160ebe16131fde736faa1b907b2b9193af1e3c3ecb7fbcc5d577bc8750144d,c2b4c446eaf4d0e6439a00e4bf39aa244c4c692f0c5bb50c0eb704b6c5ee3846
sunny-mainline-cab-view/0138,sunny-mainline-cab-view,train,5877,1904,1059,2059391,6936,7781,0.6648190045248868,0.755301375144583,0.847318339100346,,,0.9468619767369534,0.1934065934065934,,,0.1206896551724138,0.7260429691940434,0.880120609956963,0.6494113944872767,,0.47908488714425906,,0.6648190045248868,0.9328444986339723,0.9349205170860426,0.9874313925836175,,0.8609246435227979,0.9608185910891824,,461bdcfd80571cea432e10e0947270b1a03bad21b5efa4efc325d700d1107bed,50f45cb9d7c36f7e9ad713cde316882219c82f7d0791f0d0e907e65ccc5286eb,6126761d2d48b1e2668e17c76a83aeacd9023b98dacd0a18c6391abcd2ea6b0a
sunny-mainline-cab-view/0139,sunny-mainline-cab-view,train,25383,2345,2487,2038115,27870,27728,0.8400794307463181,0.9154284477784189,0.9107642626480086,,0.8955455533136738,0.7620932322580972,0.46226728723404253,,,0.9265927977839336,0.0,0.0,0.8357980063533793,,0.6518196980712483,,0.8400794307463181,0.0,0.9311328311550924,0.9829608911325296,,0.7822002928061332,0.7390251752422152,,ea793969cdff22d7aeff4460d14cafa8007c32c5650e6cd3586775c958a0754c,9ffd1fbd5a02985f044eebd2c5f1c76c095bee6781c959b4c6742485ddd6b778,a06cd3e54335411a9bea8bb995ac016013864aa39d637f4147550ec0d7f6916b
sunny-mainline-cab-view/0141,sunny-mainline-cab-view,train,16687,1233,7437,2035822,24124,17920,0.6580825807469338,0.9311941964285714,0.691717791411043,,,0.9623954027623752,,,,,,0.7449526163988464,0.0,,0.7831017184931218,,0.6580825807469338,0.7990007565250283,0.9454928290964305,0.9498412463572317,,0.8573117351992077,0.9311004930306166,,2ab1618bf2232f7953374c7ff9fd6dbb5957a1d11d887a1004faeb1f3bfa8241,97b17a45f269102384f6109c04c9d6b8bf8782c9ed75e154169d5296a043ea20,7950dcf6a64292c5fbd9956fa6610a373d218d9718f12cc1b89303b485a6d282
sunny-mainline-cab-view/0142,sunny-mainline-cab-view,train,21385,148,7882,2038592,29267,21533,0.7270100288968213,0.9931268285886778,0.7306864386510404,,,0.949127419895342,,,,,0.7300315610585093,0.8895217970508521,0.8859345826706313,,0.29709591134887275,0.0,0.7270100288968213,,0.9770372223881036,0.9882446686493643,,0.8912716385245528,0.9477582190330256,,f9d4c3db5d27a80539d7e059e63c85bbda048e2f6d73d48e3b0e6d2541a023d4,ecd3fb29f78f54f484c4e6ff39b9f5010a4ff9510a0ca54c9e0fcee6ada30585,e3eac7db8200f7fb91d1237a31ed4537d708af4f57074837c6cf502c68ad221b
sunny-mainline-cab-view/0144,sunny-mainline-cab-view,train,4157,3001,5512,2055366,9669,7158,0.3280978689818469,0.580748812517463,0.42993070638121833,,,0.9125972676629234,,,,,,,0.2785403193876204,,0.5642113175131537,0.9267441860465117,0.3280978689818469,0.6213909332404303,0.9521245842650826,0.9665621435628645,,0.8113247549619192,0.9344055890099638,,f6b634ec6548b8bf98554aa0ac61f40eb22ae85f7e7ae26d084ddb9500ae7e5d,7f8b37a8c257a86c7ca870dd1ce5018c32c9ed888de4dc3afc7b590ae25fb898,6d0b766e0a63aee596e1613915312594eb2ca7ef88f1ee940c3e081a5717612f
sunny-mainline-cab-view/0145,sunny-mainline-cab-view,train,19654,1010,2550,2044925,22204,20664,0.846644266390971,0.9511227255129694,0.8851558277787785,,,0.975736568457539,0.5045594504973946,,,,,0.8022227096585508,0.9671929898827414,,0.0,,0.846644266390971,0.8965114240635774,0.9352980849734873,0.9887048674561919,,0.8878716031369688,0.8991583788314719,0.0,fcdb2f1d198ca40299c924da55b12732604c2030a0db21c6f4a86b3b5c804d35,20c74d76997181bbbf1ecde190ab83a62b8b818f8a40955abbde22b23f85c59b,5d9b6f1df88ede8e0b31af44e05c68acbb630a7dee0965e53981c35b9a3fa6cd
sunny-mainline-cab-view/0146,sunny-mainline-cab-view,train,30507,8149,12366,2016935,42873,38656,0.5979185449413978,0.7891918460264901,0.711566720313484,,,0.8794696135510969,,,,,,0.0,,,0.5489666510098637,,0.5979185449413978,,0.9668323950644894,0.9751973915348154,,0.8168386377948942,0.9070052952446184,,144ac7ace9587dad2bd7d7909441c0b2eb1b7a5fd5d975855c31e6f54006cc89,14b653b227e8c3d3a8b942968a57b177faaf75fb68a3e71ae071e6286eda5cde,157cfdb1947030c79e784b8f4a248bafa814521c9cafd3d6c8664781ae4852aa
sunny-mainline-cab-view/0147,sunny-mainline-cab-view,train,5656,882,395,2054398,6051,6538,0.8158084523294389,0.8650963597430407,0.9347215336308048,,,0.937436156347967,0.0,,,0.0,,0.8742610837438424,0.8885683094198378,,0.6084581887962212,,0.8158084523294389,,0.9821110254331291,0.9563219744941537,,0.7608870837765529,0.9254886694565682,,6cf388fea166cff5c1481f523509bf3d72656e5aede0964f0ec6b15e88adea19,692808c9fd7ae6179769e38738eb5f38b5dfd78c857fdca542786e3cce1a19ce,fb68413859fc1fbb8b182305edb4a8da12f08415bcd839b46b62290741fe77fd
sunny-mainline-cab-view/0149,sunny-mainline-cab-view,train,8628,1148,1986,2045366,10614,9776,0.7335487162047271,0.882569558101473,0.8128886376483889,,,0.889785511222221,0.5399701061746212,0.0,,0.0,0.7858341428949925,0.3944762897342366,0.752246905206037,,0.6699529645257324,,0.7335487162047271,0.742540863097812,0.8215854692247937,0.9631393130867432,,0.7527556644213105,0.8346443966619543,,0f14ff36a7fdb27af6f7ec8cb353e753e159bb3b77aab52a80b13fe6937791bc,f956580152828b020215fbf2c78a840a5b4b68ad7e56c3e41bf4fea9766fcbe0,590b338603a850b2ec3bf7e66066b415721b75133861850134e630ae56ad843f
sunny-mainline-cab-view/0150,sunny-mainline-cab-view,train,7772,875,1846,1998077,9618,8647,0.7406842657009435,0.8988088354342546,0.8080682054481181,,0.0,0.8973479774979909,0.241423125794155,,,0.46885245901639344,0.022481265611990008,0.7470712219989216,0.8345292378023635,,0.5526447902879832,0.0,0.7406842657009435,0.8480019642747529,0.8681344964229064,0.9916454465575999,,0.7092230982091579,0.8196766701433318,,d4d60368183c52383216b6039fb814147d7720ff8a5ea3c97e9222f8f0eb8937,ea19db3c93ddb0c57d8a40d4882b76fc921b3e7ef2c036f491aeeeed322a8ba8,8d80071f28a3e72c2466f89d95bc18015a1aca06570ebd9b0cd48120cc1467a5
sunny-mainline-cab-view/0151,sunny-mainline-cab-view,train,4965,2197,18873,2039952,23838,7162,0.1907048204340311,0.6932421111421391,0.2082808960483262,,,0.8543187630548699,0.756023974569485,,,0.39488636363636365,0.0,,0.8418406716804681,0.0,0.3085849149375553,,0.1907048204340311,0.7655464592358513,0.8586012374589447,0.9861265306798787,,0.8360024463723469,0.8292733272675421,,4b1751c125ecc67afaa53eb1d7655c7a5ec051098de588dcb48ea4bc9cd3c5fc,1ab5b3a734f95118a4f540fd1aa10298673d5e4910ab7f3050c63f27f8d9a24b,aa521a39180ef63a411388879ec6aa9b04088d8e70b0e251d75198f85ae3e857
sunny-mainline-cab-view/0152,sunny-mainline-cab-view,train,10131,4667,2577,2042204,12708,14798,0.5830791366906475,0.684619543181511,0.7972143531633616,,0.0,0.8950958171282605,0.470290713569671,,,0.8317236255572066,0.0,0.7114327917282127,0.8371875149371445,,0.7094993337140681,,0.5830791366906475,0.8317809615854371,0.8843905955984619,0.979034587339749,,0.8445157548228666,0.8475229591836735,,7c244faef1d58c7c544581c4aaad579ceaddaf9f4f8593f1c642198319e0f064,57425f7fe572f2d8c613752e0aa310cac5a68f17926ddb24529c7254a7030148,561379850d1e29f43ec12e06adf20a4062d37e04106aeefc4ecbd94a2fddcd96
sunny-mainline-cab-view/0154,sunny-mainline-cab-view,train,15075,5307,1341,1982067,16416,20382,0.6939649219721034,0.7396231969384751,0.9183114035087719,,,0.951101903120531,0.0,,,,0.0,0.0,,,0.39184268026219954,,0.6939649219721034,,0.9573628813517063,0.9947846767124708,,0.9062261174978455,0.941265411435492,,6ba5f4dc3a08179c05592eb64e30da7a3ab0f61eb7a134091c4cb022c307f8ce,73a89e97a564e8790df1b2ef5cc6b4b1abecd82ba42528df33db4e2887c0a69e,8e7af7126ed96710ff67340dd076ebfb5eeb9c7348fac52eedccd18670f5d185
sunny-mainline-cab-view/0156,sunny-mainline-cab-view,train,7833,1382,2039,2049106,9872,9215,0.6960191931757598,0.8500271296798698,0.7934562398703403,,,0.9650889728874433,0.0,,,0.11267605633802817,,0.7924706691306029,,,0.5955833570277699,,0.6960191931757598,,0.9712776069810658,0.979017168646282,,0.898435900263046,0.9266816067237815,,2a9b7f9f2e664a6492b210e6af5c8b3238a3d01e1f1d4f0c3506e92519ad0942,407421d1c13fc9a5c28ada48397820d63763e5bbd52ba90e03022634e21f2fbc,05adcd072cac97f7328345c4f61d286ba0798548dc6a43e790f0a15f1e98a07c
sunny-mainline-cab-view/0157,sunny-mainline-cab-view,train,22351,7751,1186,2036884,23537,30102,0.7143633341856302,0.7425088034017673,0.9496112503717551,,,0.9486824541454492,,,,,0.0,0.26680228665602307,0.836381541924592,,0.7331664072545172,,0.7143633341856302,,0.9417204394364975,0.9893737515187709,,0.8856425702811245,0.9109206796786653,,8e5da439095b7bf529ca9afbcfc297a86c96a3820aab657ef461687e06417c1a,9981e1d1ae142c1e9738d94cae092b732bd369db06694bee51a34ebb4e3fc179,c606c4a5c362176a26bdc9e2178c8f15d7ee3a306336da4118d1b44e8c59a51a
sunny-mainline-cab-view/0159,sunny-mainline-cab-view,train,19980,1665,9379,2037085,29359,21645,0.6440175348117586,0.9230769230769231,0.680540890357301,,,0.96376289579602,0.0,,,,0.7701322733191693,0.7750371225870318,0.8956348125964244,,0.5379786566227244,,0.6440175348117586,0.0,0.955216145954568,0.990744641308388,,0.9012111411788001,0.8895513963267158,,0857b1a64422a748f3a1acbe2298b756354dc4e916a3e35065e7c7c8aa443cfa,d11d1839c3df1fc963b3d4a7d2fad7dd497deb84c04b0fae9ac7612d46bf2393,035bf693e6131a4d5de39cd452b354b05eccd1daa8cc44862f87f9ca8c80489e
sunny-mainline-cab-view/0160,sunny-mainline-cab-view,train,20106,2392,2862,2042942,22968,22498,0.7928233438485804,0.893679438172282,0.8753918495297806,,,0.9596177076226897,0.0,,,,,0.8241723922548407,,,0.584602510460251,,0.7928233438485804,,0.964438402846789,0.9852852152291969,,0.8965455753862115,0.9056357229987197,,3f99be5f7928e5a01c3e2e0da7c216742c167125a2f4df4f9eda959f3e86453c,3a16390f7fe8b99976e346e04b3a49000f78f09ada1595a248415368e11aedf5,9d2786e5cdbfcfa3e9ff32098aa052d30b8a7448d50174ad1a2e2fbdb4cd3b04
sunny-mainline-cab-view/0161,sunny-mainline-cab-view,train,23610,3062,4088,2037359,27698,26672,0.767555266579974,0.8851979604079184,0.8524081161094664,,,0.9560711223487148,,,,0.0,0.9320185182530923,0.7597570109012233,0.8170409168697816,,0.5349491032476975,,0.767555266579974,0.0,0.9310256446565371,0.9908025980505478,,0.8993306147572516,0.8797567543273421,,016395879116dde76f1eddcc264a67c3d1fb136d9a0f2d92b33ab41044c4e774,d23f8db4f6d3d5ebf380883116bb37266ab923f0b3242a26533b21ff6567c406,2e4bd0e4cb2d91f577fa907666dc1f847deac58459100427c152872220a4968f
sunny-mainline-cab-view/0163,sunny-mainline-cab-view,train,47343,3234,12792,2004596,60135,50577,0.7471003171897931,0.9360578919271606,0.7872786230980294,,,0.9289341942973228,0.0,,,,0.9417233106757297,0.8683813356810464,0.562417145382236,,0.6291175968595324,,0.7471003171897931,0.0,0.9574253852638307,0.9913622135205677,,0.8767922047792127,0.8850044253382223,,53c1f0e23c023af87bca8d7c925f1118fa6e03bf34b314ab0e901d159fd525b9,0dcf0e9793f56137c43c73198bc407fb3d307128f3264ea267e08b830d3a3e6c,cfead65718f4502d68751a505c1e9ee1203484244aef2ee2ed00f8f61002ec7a
sunny-mainline-cab-view/0164,sunny-mainline-cab-view,train,34801,5920,2292,2025164,37093,40721,0.8090809755190291,0.8546204660985732,0.9382093656485051,,,0.9347159251436182,,,,,0.9346324924569971,0.5524817850637522,0.8696204472283668,,0.41088231283240145,,0.8090809755190291,0.867329160482674,0.9634965359405013,0.9938128775993859,,0.894839322709784,0.9444764296359813,,dc2322339b57aed5805465301755b9054b87fba047b608e05ae4dcf959232006,595424faa77d35db1f99a37b4f55a72e40170bff8e5dfdb3ab73ae65e3e2479a,3b96e45cd456954ee1c1a6f2467d9d426d301e4ede6abbc3fde59144db12c9f2
sunny-mainline-cab-view/0165,sunny-mainline-cab-view,train,21973,3442,5444,2037191,27417,25415,0.7120451083962539,0.8645681684044856,0.8014370645949593,,,0.9474990188507261,,,,,0.9474501006438131,0.7397646278799934,0.6205495411019237,,0.688670539058683,,0.7120451083962539,0.7568435282189929,0.932661602852271,0.9934740313098059,,0.8998643520141439,0.8916153136256736,,ed03205def575f68a08e90b5040e492f111657b011c4a09ea8773bfee95ae4f8,48f2d8f29663c715443a61887d3de406b2141c0cd0635bc8d985d53ed8a38d72,03d44c3250469663518e3006eaba70646ca51169d7f048cedad711b7c7555be8
sunny-mainline-cab-view/0166,sunny-mainline-cab-view,train,20972,3255,873,2042920,21845,24227,0.8355378486055777,0.8656457671193297,0.9600366216525521,,,0.9610131595758272,0.0,,,,,0.8184794021369897,,,0.7148976270024844,,0.8355378486055777,,0.9741118201310026,0.986692148851105,,0.883657059660501,0.9311887135850149,,4cb25bc7ad809534409bf310ce0bd9621415dfebdaa38bfbacf278916ddd0f64,6efebaf42ad436d141650e14308bf18e2389d3ec7ed42dbb736ae5b5f6d3a70d,fbd260f1b42be60297ff6e7a8c4ed5b977ff21e89e39fec1a4acc90ddd31feec
sunny-mainline-cab-view/0167,sunny-mainline-cab-view,train,5385,1425,274,2058138,5659,6810,0.7601637492941841,0.7907488986784141,0.9515815515108677,,,0.9697050395113903,,,,,0.9176287744227354,0.9425247095015458,0.8927449513836948,,0.0,,0.7601637492941841,0.3692146455255418,0.9305395472944823,0.9862465801208764,,0.9004099272299724,0.9065435452015608,,ea08f07ca095ed6d035d6f14b8548f69a14bf8d6b49efbbdddf5179bf9ef3009,b5e44b4d05c9f941f3f50ad3195bd2b3c67bdab306fccddeab16a0e824382b20,4bdd64a56d4c63d414c31c95c2bb66fbebd94aa56ca612ef07a5535a5da81d84
sunny-mainline-cab-view/0168,sunny-mainline-cab-view,train,21022,1329,4162,2041554,25184,22351,0.792894051974503,0.9405395731734598,0.8347363405336722,,,0.9508276811603398,,,,,0.8836330807060891,,0.8498675393486053,,0.5216998191681737,,0.792894051974503,,0.954928283201612,0.9897171194422112,,0.8723583436616138,0.8965534804088653,,72b8f6a32917f9b4cd7edbfc8b38900c94a094dd308a81ee17ec8c715bf8a875,adeae42b66b6f80ff7ded176032da0f049d5158fb43d05363602b068574857d5,7f80f26a550811691e9b452775809ce03abc16900ed094983bb28cad34aff7d3
sunny-mainline-cab-view/0169,sunny-mainline-cab-view,train,5007,1483,755,2060782,5762,6490,0.6910973084886128,0.7714946070878275,0.8689691079486289,,,0.9738160278005581,,0.0,,,0.9293316637971514,,0.8795417270235003,,0.5265634189374633,,0.6910973084886128,,0.9669174357544432,0.9890289304753306,,0.9117005177220231,0.9526970054686935,,e50a126b8e9d96524472935c0169644a3000d548dd10622d7dd7837f28b262f3,1fabbee7225ef01c83c8f9d87a5e21012dbd0cd0e092aae0b3f85cc885236dfa,ead6d3ce5ff6b91592f12f5fe087aad3291f5393e9041bd9feb7043b101b15b8
sunny-mainline-cab-view/0170,sunny-mainline-cab-view,train,6510,84,2730,2058881,9240,6594,0.6981981981981982,0.9872611464968153,0.7045454545454546,,,0.9623169059816725,,,,,0.9462521645914076,0.6295771798502934,0.8604255148649732,,0.4407617652444607,,0.6981981981981982,,0.9675993815152876,0.9858345780029006,,0.8818867044836428,0.9514828272411598,,3f433ab98d445e66fbd4c3879168f0ff099bfa2f2a0555a496a23ef041827ef6,2432eb316800d123f6938e33fc85795b3d6c60ffa520a0ea9203c0121e31584d,bcf4606340e2c324fc58befe4272894a82bb196d816a5841460310a66bc2b8be
sunny-mainline-cab-view/0171,sunny-mainline-cab-view,train,21897,1055,3500,2035016,25397,22952,0.8278013004687736,0.9540345067967934,0.8621884474544238,,,0.9658281389136242,,,,,,,,,0.8298556345615169,,0.8278013004687736,,0.9652891668927293,0.9676764069388176,,0.8617920148560817,0.9331269930594636,,f0f37b4a43e03c4b5aef2ec2723b33d29fdeb183e0247dc20cc38fd51708b6d4,e8e0d147bf6775475813b28df3bf64d5faa50955a9846c2f56a541b5e2252767,a57baf255f24621fd13375821b7458dfef3b9addf89b85ff8c303e5e1594dc63
sunny-mainline-cab-view/0172,sunny-mainline-cab-view,train,0,36681,0,2026456,0,36681,0.0,0.0,,,,0.8391357032169364,0.0,0.0,,0.45073891625615764,0.0,0.0,0.8726199191302741,,0.608373471656169,,0.0,0.0,0.8561512421696639,0.9566420280146394,,0.7661230219942111,0.8391150670162456,,9d1f242981192b866b8c78b235337b3fcd78c0dbb947afbb3861211b73247352,c9cc1d7969f031b1ba1caed9230b1e99f67407a3ccf18ad66582f8d9f85d7a54,5766a37f8baf65670eff4d08451e9dfb4c723899e0cc212193dee886b5c96a2f
sunny-mainline-cab-view/0179,sunny-mainline-cab-view,train,0,0,0,2070979,0,0,,,,0.8933096506808763,0.2576734471485652,0.9087769677315543,,0.5958154086820493,0.9066306399039287,0.0,0.0,0.90972533716097,0.9091156160857162,,0.6648147516956951,,,0.8603177352311374,0.8932223454230879,0.9595173624542506,,0.6692641414984148,0.9376761647599422,,2980bdd5ac578120cb35ad4b8b8f5798eb1663f505b1d628312365558c8e6637,0a9409b2e919a722e20a573aade797666e16f212e11504e1bba1fad37db8571f,f1693ace01d280d8b77556f65c4e53b87d6da366b7457a38caf7d3763040f14f
sunny-mainline-cab-view/0182,sunny-mainline-cab-view,train,0,0,0,2070136,0,0,,,,0.8168131085252909,,0.9338995290085468,0.0,,0.0,,0.0,0.9333188710894653,0.9590308492628561,,0.0,,,0.0,0.9113985843299975,0.8976332728635367,,0.6237506666975859,0.8572478756011862,,2b635f17ddb2ba61b77fdcac0499ec5c3d70dea1323a289937212955ea815653,4ceaeb2102494da778ecf94d2ac615d63cfe08ae62aaef2a6796fec50fb8bb6f,e9213501bf09d92ff9c8117d6bc986aecb2405719d536cd0e5a1cd461af88421
sunny-mountain-cab-view/0010,sunny-mountain-cab-view,train,21646,9285,31686,8231685,53332,30931,0.34568887043454655,0.6998157188581036,0.4058726468161704,,,0.8512203027774974,0.6172365666434054,,,,0.0,0.08299756407703032,0.5934609429201376,,0.8675104413142558,,0.34568887043454655,0.8547196747888789,0.9694514531908309,0.9952036575691583,,0.8647576605192876,0.872415240782455,0.0,e9abfe7bf5161453fc5c6a86049cec52880047eedd0f46a57ab7b1277cc49105,6de36079bbbf98cb66593714d219565ff31c6ee530b680fd555f3ab5f887fcda,815013db5be8acf72c148d4bf4fba7d4af0dc54ff52221acb7f616c4b8b918e4
sunny-mountain-cab-view/0015,sunny-mountain-cab-view,train,0,208,0,2073151,0,208,0.0,0.0,,,,0.9447924137381465,0.6387667327115449,0.8865276346047102,,0.8378962536023055,0.4457578145521408,0.7474232338415289,0.8467180640325517,0.0,0.9256089908152205,,0.0,0.0,0.9761216955394589,0.9939824714916078,,0.8340011872959335,0.8695815465297315,,3b93d1d95ac6a5f591a542a124e5c350be70f114e31e6cec7a46e8b4a97b9840,352ea491c4ebb8e2e6c533837478fe381c537beb8033fe3e32730f1a1df6d760,4973e14a6fde038d40f6cec2146b9e15804125360d68a1cb71833eff27fc90f2
sunny-mountain-cab-view/0016,sunny-mountain-cab-view,train,0,0,0,8272069,0,0,,,,,,0.8120442581399883,0.6329626311964439,0.0,,0.8532637463666503,0.14996690780137745,0.08475970388938937,0.5453420220559883,0.9386477462437396,0.7630540475723286,0.7792972459639126,,0.598944952211609,0.8476609434851898,0.9913307186271186,0.8594208980276962,0.6366071240272476,0.6778783601022715,,8e6aa8676c0ac48ee943a84156a1b1ed8c8bc794a99c28a1e37f8cb4a9bcdc54,120cd7b172d8c734870b17724dab445a9811c5c3a8f03906bb7928a993db08c5,04957c124cd73169df3b48a2747c66dfa52deaad85384d521d57588908e0a1df
sunny-mountain-cab-view/0025,sunny-mountain-cab-view,train,0,0,0,2073533,0,0,,,,,,0.8362728841096763,0.4803196362525873,0.8348939870242793,,0.0,0.5110185667187229,0.684383423180593,0.8694325760322891,,0.5225928256765261,,,0.0,0.9696718120046722,0.9937497976719557,,0.6948394081559004,0.805000924068915,,0dce3080c760760bfddf50a247fb072413c68e2c1186d80f7d1fa3746e29cf36,d4c9c2c5b0805823dc75005e7e44cf325b9a6a1301209f40ec6f38960ab022d5,e7b281eedbdb97f1e2508d03f4fc193bd962de7192f380c257a2e3e48394a6f4
sunny-mountain-cab-view/0033,sunny-mountain-cab-view,train,0,1560,0,2071892,0,1560,0.0,0.0,,,,0.8587861411447718,0.520483193277311,,,0.5333333333333333,0.0,0.7548270854622707,0.966354216959317,,0.7099114608952287,,0.0,0.0,0.9360560728584228,0.9891481925611618,,0.7548851559821734,0.8226543757260798,,056cfb32b06947adeeed7dc38c65cb7ff1ef4f3709826863bb10c9849023c213,c1a20128ea43d58d23cfb537651dc7774301d87af1bd1d306e3c680c97b1522a,a195492a909cd3eb1b4d8a4c6a0e1d0a4fd5a39461b0898dce8e287bd1079451
sunny-mountain-cab-view/0034,sunny-mountain-cab-view,train,0,0,0,2073600,0,0,,,,,,0.8943348817218522,0.4675998666857116,0.0,,0.035422343324250684,0.0,0.878332845004395,0.9369607537636246,,0.8842352651402415,,,0.7967112396096856,0.9750636238366021,0.9652864663982658,,0.7542949302292967,0.9022600196523448,,2dc7f6d449d2ddd33f5e4373346976cbf0b27a6ad026f19565d15223ed49d7a2,67dc53c9aed3fe567debb19ec65facfa6e77e80fecca5a7d9da629e788e52581,10aa73858982de1571aaac870f708bfbd6e5359a1bdcfebbaefe915aae7e95f5
sunny-mountain-cab-view/0035,sunny-mountain-cab-view,train,0,1583,0,8292817,0,1583,0.0,0.0,,,,0.9445088499210399,0.46096759041803664,,,0.0,0.9276460220772395,0.0,0.0,,0.7876879339565906,0.0,0.0,0.7457462706132186,0.9629661906664009,0.9858220681655816,,0.8128283555235696,0.7270635940580624,,8f27f4777b424fca3a01c563f2634f985f97ef3cdac8ad2838d194087f29673c,924251addc2281b84f16500c5e21a712d6b6e9ef80c95bc00aff6773ad66e8df,b7b55082adf0fa27bac94493fd341e9d30b625a1af953682096a95f12013f9d4
sunny-mountain-cab-view/0037,sunny-mountain-cab-view,train,0,558,0,8293659,0,558,0.0,0.0,,,,0.9575676115029756,0.32764176807272377,,,0.5121951219512195,,,0.8773474938479472,,0.6750320467169919,,0.0,0.827720072558376,0.991428610465147,0.9773810693083781,,0.859199379879298,0.9499482523645083,,0dd350c7fad9d51bd0a73412fd77600d87ca6c0306501e202ac13254700718f2,707934a341dd6b8277c6a4223b81217e6a672be24bcf25c1e4c2c6979bfe5aa8,2c10d91676fabd13ec0910a23f7abd4d79b6f92b3abc26665b4ec1e1677220f3
sunny-mountain-cab-view/0038,sunny-mountain-cab-view,train,0,920,0,8288133,0,920,0.0,0.0,,,,0.9684362708277806,0.5085488352212011,,,,0.869870534030285,0.0,0.0,,0.9261926225738203,,0.0,0.773277601614298,0.9850696349266064,0.9894853246789606,,0.8980844255468373,0.9611237128078584,,b5c7a56b8478d6e94f292e36428c999f7d2b159ae6eaa12f152b282c76555c2d,ebe63fc8df4bb00d55fcdec9e2c9f3bf480d512a8c3f6d73ea8b9d3fef8ac05e,459a4c5c6f308cf45d124f4f72a80babc0b7dc36631635ea8fa1a4009a8269ae
sunny-mountain-cab-view/0039,sunny-mountain-cab-view,train,0,6360,0,8285814,0,6360,0.0,0.0,,,,0.9621264522542299,0.24551783623929518,,,0.7742969028123887,0.0,0.9301198942768444,0.3137434554973822,,0.7040849942348871,,0.0,0.6827165829697319,0.9654157525883628,0.9929049796949514,0.0,0.8850353817504656,0.8745581176691031,,7f58ce7149cb2d8eecc31b59b6d93c8dcfc39835bfee3b20b04bf3db72ea05d3,7c6fe547371da1267af524004612aa8af64f2893bf405547615edb8c3979dfa4,a91ee0133c8c89ee6b045f569bf70ee4f2a82d7ba5ca987fbed96bb086ddec55
sunny-mountain-cab-view/0043,sunny-mountain-cab-view,train,0,0,0,8292301,0,0,,,,0.6423357664233577,,0.9674366252324557,0.7739819778715639,0.0,,0.0,0.9501289331375083,0.8846323205636284,0.8766496478563184,,0.951362839522821,,,0.8687444193015718,0.9646725704130046,0.9918217757608613,,0.9081987649668049,0.9708718082775271,,53014f8bd86d528cd8a95f6cb5412c1b3e34232439908a147b5a50d4322c418e,176b1e6454530e20c658f813a0d68756cf578fd0366cda807f85579231bf4cdb,24b6077b111b99bb513f5503dbb2a2b114e3bd6289efb36bb381d9f5fd5652b2
sunny-mountain-cab-view/0114,sunny-mountain-cab-view,train,13905,2774,4692,2006092,18597,16679,0.6506480744934725,0.8336830745248516,0.7477012421358283,,,0.7752604300302766,0.7720749119228629,0.8600343053173242,,0.9311547953365671,0.06949152542372881,0.591821421872069,0.0,0.11036789297658862,0.7640362859444503,,0.6506480744934725,0.8451082442832623,0.9712605789876141,0.9780567928303652,0.0,0.8572531658601874,0.8760077192337574,,c007047e3e4cafb0e9f7361205fbbf99eba406c2a2d48c27a1e4841c36d6981f,7e2c7c3de8410e81b2808d2b072eedb4ca4e912d804480ebefac62c6ea13a3db,83d4256826d79eb13932ef2901244d9959454b83f430729be1057135c7c0de7a
sunny-mountain-cab-view/0116,sunny-mountain-cab-view,train,16148,9,14880,1995788,31028,16157,0.5202822437735606,0.9994429658971343,0.5204331571483821,,,0.60315104746358,0.5388563330652265,0.8924418604651163,,0.0,0.5011779824373528,0.7082811586943818,0.8485716111714706,0.0,0.4847191394912071,0.0,0.5202822437735606,,0.9754172879764307,0.994339528127035,0.0,0.8189603772562198,0.9168040390522826,,4aac1243132852bdd2e0dabe350ac2bbe6e1bff145fdb607bed02285a2a5b3dd,5922d0077cc3a3706a26d85b463ea9d55ad117616950fd7befe6d4e0fa5ad83c,ef550107e040c15b9350f16effc0313b63d1cc6829e1f1ef7c9e9ecf0874e62c
sunny-mountain-cab-view/0118,sunny-mountain-cab-view,train,37213,1788,16365,1965319,53578,39001,0.6721272983419427,0.9541550216661111,0.6945574676173056,,,0.73214848143982,,0.8419395465994962,,,,0.842457299836764,0.7619727321947137,,0.7974885844748858,,0.6721272983419427,0.0,0.9804200133337566,0.9878002585107583,,0.8144985104270109,0.8970088175976737,,1c5790e05968d7a3413632eca28a9951451130120ae6c3be0d9fb3662522973e,3ad8a73021038b42aeb9e72a2f219d6a61766deab0c7f199c8785ed2293f8382,319f4b1f89f9a6130f313d7f6996c122e405051ead26899567de325498d1b723
sunny-mountain-cab-view/0119,sunny-mountain-cab-view,train,5898,5467,2172,2015022,8070,11365,0.43569476250277017,0.5189617245930488,0.7308550185873606,,,0.8419651746347807,0.6636732685447164,0.8923884514435696,,0.8333333333333334,0.0,0.8235858101629914,0.9064776743850538,,0.6079207920792079,,0.43569476250277017,0.6854771784232365,0.9871828780160691,0.9932417740716782,,0.8423178576771555,0.9725484855088254,,cb92b7934e948289bd873fc48056ab1d859792c8b97117109824dbca1535e0ec,1fca109ab7b06dc8bbf9d28dad3811539afbb924601efef5c4fdf8f8dc4595ad,9f4bcec4d9475d473e3fad7f9c7a82656fb60589d9ae581307b575f612fa4d01
sunny-mountain-cab-view/0120,sunny-mountain-cab-view,train,8418,4947,9795,2004093,18213,13365,0.36347150259067357,0.6298540965207632,0.46219733157634657,,,0.66498708286184,,0.9667243444695861,,0.6756756756756757,,0.8648471758622946,0.931588540001279,,0.7988505747126436,,0.36347150259067357,0.0,0.9874793810890221,0.9937610298496151,,0.8360318684142893,0.9725269714218271,,dc94d0155312b343e6ff5abae3d13658ce6e2e68d85a1e19ae327502112c7ade,aac5c3429e216f15cefa8c1a0ad346e09ad08423880dce4a22821052022b4200,31c5c0ccc05f3dfe707259d2a0d41eb03d334ddcbd505937a13a3db9341bc6f7
sunny-mountain-cab-view/0121,sunny-mountain-cab-view,train,50450,249,20960,1956471,71410,50699,0.7040288030812598,0.9950886605258487,0.7064836857582971,,,0.8453374951229028,0.5584158415841585,,,0.09407665505226481,,0.8526851479844649,0.6135213548343567,0.890642435836123,0.7002464386608163,,0.7040288030812598,0.631578947368421,0.9811190961831493,0.9718430478106652,0.7404942965779467,0.7624254473161034,0.845601524558923,,206009d26edfc8c2e0f344aea9acb20cb6de8131d203ed7cb1f115b94e8ed2db,4b55340c02cf995b531779753c7ae03a75948b5efc127f72701efeebc5bffeff,49e485e7d622640033e00623de5c72ac80e2a255fc807d6cfc9656a16d1c2e7a
sunny-mountain-cab-view/0253,sunny-mountain-cab-view,train,0,0,0,2028181,0,0,,,,,0.8529088913282108,0.9611179187482326,,0.8447444551591128,,0.0,0.9567782172421816,0.7598127967751853,0.9315759967271806,0.9812669768022729,0.7288383783193093,0.6904969485614647,,0.7412970788168289,0.9200097875692079,0.9925434104691437,0.8671065032987747,0.8217190041286125,0.8489872383581711,,e7783e56f279d39cd7bd7290d05da53a477bd864ffc3137b30bc05d962176634,f9e7839ca7da3aa296e8f668f7d168ba3f25aa7d093468a272b5231b7b09dfe7,108706c1eec80122924fdecd1674f115cd04040c765918ff85ccbe957551ae62
sunny-mountain-cab-view/0254,sunny-mountain-cab-view,train,0,0,0,2027011,0,0,,,,0.9318867182378393,,0.9148417146917186,,0.8221146171446815,,0.0,0.8695014662756598,0.8707555817665498,0.7786635100893337,0.0,0.7668647380766224,,,0.0,0.8962820219919939,0.9857860950297382,0.04784688995215311,0.8263179048219077,0.8305656820024655,,894016b1cd34242641d03b1e60f84d320a5fef1107813f9d45d43e3c77279bfb,890847d3df90801f42a611540c789912f357211f51c39eda9f54a15bf942ee1b,be9d1fec39766936d4c2aef0c0b65a40ad07599a36cdd0a23c4a7dea74692597
sunny-mountain-cab-view/0255,sunny-mountain-cab-view,train,0,0,0,2025140,0,0,,,,,0.0,0.9338208909317705,0.0,0.00031975150739996347,,0.0,0.0,0.0,0.9780164011679372,,0.6632298554297882,,,0.7311293153891164,0.906074295928174,0.9813019541044014,0.0,0.6134262767085922,0.8680330865395457,,0255dda3dea077491f3d1ea3685abea083122dcb6a7cfcfec7f931dd8bf33c61,c8560e2297ec8655391b3b10d2a0032a6771f67b1adee7e098eff19ffbc14cd3,75b010c9d54dd2e8f2b40c11a9bf92f02ed24a7f2fded75741e624d6b4550a53
sunny-mountain-cab-view/0257,sunny-mountain-cab-view,train,0,0,0,2071364,0,0,,,,0.7107201309328969,,0.850998322018504,,0.9238464679461005,0.9535557259835468,0.11904761904761904,0.8277229238423268,0.8899221733221151,0.8545860059438489,0.017009695526450076,0.6841012422582609,0.0,,0.0,0.940236903698263,0.9878770967562998,0.0,0.7011945622686191,0.9027759336466881,,92ee9060e9af4c102a639559aace1bb2646cdc84e4eda9f46917fcf4fa36b689,5f350e0319eaeaacaceb3f5ef0ed176198527fb7f1d901ebf9cea5020d2f4519,d7977627bfa6d1dce0b3a817b3063b397493db762a55503aa718613fb31c0e83
sunny-mountain-cab-view/0259,sunny-mountain-cab-view,train,0,0,0,2030875,0,0,,,,,0.9660661681395876,0.9488788017884769,,0.7708682534361381,,0.0,0.5398940314788843,0.0,0.7671560175378097,0.5841346153846154,0.33581995195347075,,,0.6369574825422081,0.9311479522995959,0.9792686774725082,,0.6777021061924581,0.8531995199415581,,40c4d08494b370ed9b2c47cf3957c3cf0f558a22009eafee581dd73a00829562,b0a370d4b10aa2906c4993529f8550a11fc32436019748aa8ba0380a9d38316c,b84a5b78ab3763841d7f25efc809899b9c41570a965d78a30d72b076fb632288
sunny-mountain-cab-view/0261,sunny-mountain-cab-view,train,0,0,0,2024943,0,0,,,,0.7438404380132968,,0.972047816679082,,0.8225214198286414,,0.0,0.8249261891744123,0.360111099241534,0.8236004265622171,0.2916666666666667,0.8460538473108575,,,0.0,0.8843577745568555,0.9915159957282815,0.43384223918575066,0.7670197449609214,0.9332030942862154,,c907f3894e962844d9db2c4ac28771860d430f48f3489ad03b70394d0429251d,051061de10c1e38ccfdccc45f3b55d71a3fe2091d51d5bd99752887efc313ebf,dc11ce6b9307810a55f6f44ab65f504e197357f5dcd88590763bd5c8bd8125c9
sunny-mountain-stations/0228,sunny-mountain-stations,train,0,0,0,2073600,0,0,,,,0.8988727332135272,,0.9588936346100855,,,0.9751704372747405,0.6209829867674859,0.8526480038598544,0.922735064634005,0.8451005237371177,,0.7330469131139543,0.0,,0.7548020384163073,0.8305281152835622,0.9881128849200289,,0.8248746461413214,0.9423975918018264,,8fb67a7950262b0a2133f19fd631fd9df52f83e1660f0a811abf3e9d0982f269,f4c0dfc2948c51f179a4a80f4d4b7d2a14b8c5ced33c320220f787477a45e6d3,4df6e02133077bbd26da03424712084834028192f2ecc663c4c036992ed55acf
sunny-mountain-stations/0229,sunny-mountain-stations,train,0,0,0,2070011,0,0,,,,,0.8163308589607635,0.9519549565456222,0.0,0.049693669162695714,,0.8259717314487632,0.8445405556504589,0.9554255189127797,0.8829797059180945,,0.5877583795264985,0.8894173602853745,,0.7662848198086022,0.7591734528252154,0.9868061165608771,,0.8188389051507216,0.9350920790612708,,0354800bf80455fa7680958e010518b436ea155dca8b0abbc8d1e10092f0661b,fc908e7e08e5cc665f4c59c11eadf28fcdf161bd566dd5bc31ca5349d4ad036e,9773da9fa520bbda2082069335d977db02d7062db34685504c9d908d10d315db
sunny-mountain-stations/0243,sunny-mountain-stations,train,0,4,0,2073287,0,4,0.0,0.0,,0.0,,0.9440839626990036,,,0.9652865943120797,,0.0,0.0,0.3852813852813853,,0.31117050896536363,0.7416058394160584,0.0,0.0,0.9845461717996157,0.9943356657062778,,0.710876327362437,0.9535269205806683,,d048231d419c08d7176eaceaa89f964709a5a5de28918f80af2d6d5cb56dc892,ac493ba00b218289c9290e59fc10ebc5e73442a5005678ae91222731a9f1a765,389202117c3f1425a6baea0126989229926917dc4ce7303453dfac75bb13888c
sunny-mountain-stations/0244,sunny-mountain-stations,train,0,0,0,2068950,0,0,,,,0.8427577865134563,,0.9196819256393725,0.29866929521931984,0.7924151696606786,0.8717210093563935,0.1794188861985472,0.026865821262092127,0.7011298761794369,0.5946674508650689,,0.7011887876978202,,,0.7593637487237358,0.8704127624492051,0.9871265668382524,,0.5778283213612219,0.7289589828579202,,8d1edf47c4a0e099e6bac09702b9eb61358d689387405e5915c4b761311fb755,62634f58072805641c40889959a1644646ac9bf20776fc28c0eb907ebb26db45,7b6e003bf937b61ece2c68de4ff6214c0a68d421c7271b02af7e91b139252eec
sunny-mountain-stations/0245,sunny-mountain-stations,train,0,0,0,2073600,0,0,,,,0.8662035547691813,,0.7734671176590769,,0.0,0.902244728737266,0.4373522458628842,0.6933179318484293,0.20483491522673805,0.9485346227668684,0.7757311052031903,0.4812169735788631,0.0,,0.12863670982482864,0.8942254374352941,0.9931540546319653,0.6303580433686334,0.6411433219078604,0.6354949122616816,,ede5e722aa51b1edf1b7f3550819d1fa7c743d02958fb765bf9233ccf1ea1020,cadf2ab9a2d6547b808e82099b83169aa947fb0617b0d25d7c012f3a84f18477,b754af5013d3048be338f01a8c8cb77ecb57504dab4e3153e377e2a74ecf832c
sunny-mountain-stations/0246,sunny-mountain-stations,train,0,0,0,2061103,0,0,,,,0.8643939393939394,,0.8005809317689941,0.0,0.0,,,,0.73184671930781,0.8053309057035186,0.9690194420963651,0.3642955124436606,,,0.6736189278068375,0.9517950410641385,0.9786485175251504,0.8079054842473745,0.774523791162181,0.7891358967019686,0.0,90a65adbb644d54e42c7e51d5cebfa0b1e554d4d34f442db24481dcd7007c74c,8211f22cbe10bb54834c2a0f57f23d5612d3a7a8d288102d2f5c719f02078527,be0e9a60556f5bf3396eb092ac971cc04f204f89ed548682590b18b2773f4537
sunny-mountain-stations/0248,sunny-mountain-stations,train,0,0,0,2073600,0,0,,,,0.8277537796976242,,0.9732617455418381,0.0,,0.6974225565185426,0.0,0.0,0.377943814492372,0.9309630059050341,,0.3523443597286426,0.0,,0.6443194198279647,0.5641397345157898,0.9876492962182329,,0.8641439534268325,0.9473119086949993,,c489b83cc8d5e13b9e9ee4f588ba23a86a21404337b41cc01afb90627630275f,1828c615b6f7ff9fa65e720ed3534d3325375ddada62df18c96577a26343ed35,dc9696be82ad6d33e244d3b2ea70fb79a9bcadab5d15e662261c5d93ba85f507
sunny-mountain-stations/0249,sunny-mountain-stations,train,0,0,0,2073600,0,0,,,,0.8652295632698768,,0.9690558921988219,,,0.9677270157767613,0.4582757667864051,,0.9228566566285118,0.9531102138984563,,0.8037785880013258,0.0,,0.749746607814288,0.9616427578610579,0.986506825725989,,0.87019050174403,0.9273856792150486,,408760b135c0da743871d600304812e352ac956549d1987597238245735e8672,459bc06543c1527b8f31f3778f2304eca8cda8b56ce00177d1006117d7a4ed71,956fb28042968b83d0993335faa2c682609b77ceabbc0441bfc2f297b1595338
sunny-mountain-stations/0250,sunny-mountain-stations,train,0,0,0,2064289,0,0,,,,0.6924985989912738,,0.9855280018089998,,,0.9758354818735504,,0.0,0.9639580051230864,0.9689000188819952,,0.7838376383763838,,,,,0.9866494284158955,,0.8503316006452769,0.9236603333275283,,0956dd0c21f6af0a1387e957effd77c906124754c421ea783a885ae3ce8cf3f2,1a54313fd7aaffafd2aa769b53c139c749f29333937e07fd9220a885589e54d0,8f40a8ba693a462fbd7d01c1d8176ffd2b5ad1c551e7a9531997b4abb6004e54
trackside-maintenance/0000,trackside-maintenance,train,79177,27596,19552,1962635,98729,106773,0.6267722145260242,0.7415451471814035,0.8019629490828429,,,0.9715083372435795,,,,,,,,,,,0.6267722145260242,,,,,0.9803067726997996,0.8000328893274132,,e41473adaa20b0dfe8eecc7e6000f550ae13c68770e4946667d4c938e7a89230,608d5152e26531f443e848f1ab03966ce4ec96ab2768c3ee09bd3bac6d538107,fe35f22c2dddb69db886980ad7fb86a273a1fc1fb84853f0685235a5839d764f
trackside-maintenance/0052,trackside-maintenance,train,1168905,26350,8597,884816,1177502,1195255,0.9709706841040261,0.9779544950659065,0.9926989508298075,,,,,,,,,,,,,,0.9709706841040261,,0.9737753420973002,,,0.9158932141209551,0.9837351905825353,,efc1a697946924df5b504e34114d2f5a5bdaff8ab191a9dd2c8d978a19525204,d7c67dfa30ada59632dc54a7ee5807a8e61a421646642ee6822c51b526280b84,5acc47f713d7b0272b4cb67c7d5375d74ff82f4c36050120400bf27843b712a7
trackside-maintenance/0055,trackside-maintenance,train,1155263,9925,25662,898110,1180925,1165188,0.9701163034807071,0.9914820612639333,0.978269576814785,0.9637589549093973,,,,,,,,,,,,,0.9701163034807071,,0.9590896266340637,,,0.9552973371224082,0.9512591731878389,,28f3b3d7bec0bf474a3fc09012c7f4ef1b0b5a4e37e51acf00fbc5bea657569b,7b23c5e8ffdcb864899f2b44e3f35d742c5fa4f4a7b41a710d74ec6204039136,baf244b0d77c03b766977dd470aa7a5d3fe9f6ab56ca91c61ab8d4676f6ac4cd
trackside-maintenance/0057,trackside-maintenance,train,807454,833,1826,1278442,809280,808287,0.9967177418458907,0.998969425463975,0.9977436733886912,0.9617052104911649,,0.0,0.4226033421284081,,,,,,,,,,0.9967177418458907,,0.9740716738295018,,,0.9749687636539243,0.9806552496449251,,76a244cf235702a8709bcd5845224a9a5785c3cd791a1fc89b4d54cf065746b8,c6a6ea3d247a64e8a78e7264e9e5bf9070735b251f3b1498e53ceeb2d9a5eece,bc30a6252649326ae65c511f0f903d4b580fb91a6ac88b053488bc5633927e9e
trackside-maintenance/0058,trackside-maintenance,train,1284645,9704,43464,751147,1328109,1294349,0.9602575247811166,0.9925027948412677,0.9672737704510699,,,,,,,,,,,,,,0.9602575247811166,,0.9312174609531437,,,0.8554210071739552,0.9711474651291636,,527bd4c6f5b48a8fa052db415d684acdb3dcbf8021025486fa219182ad9059ba,135090e121d0df3d05d16ca027cf3a9280fcb288b8d5e5c4b535ae20858a57bb,7ede58f3a562703f5d9ff544a863e890c3fc06f3587f8f7b998290867d7decb3
trackside-maintenance/0059,trackside-maintenance,train,1205052,10066,49155,824658,1254207,1215118,0.9531580600076092,0.9917160308710758,0.9608079049152174,,,,,,,,,,,,,,0.9531580600076092,,0.9509251510925151,,,0.8003898522052834,0.9766389310617946,,8f38d8ecfaf13ea9265b15f72d8c2a5f6320df894c563c0277971f5a71223076,51caf95e4def10813bd0f02b5d94ab8f9ddcf77d3b4125ae347e9e88f0e70034,0557878a269f353c0c2023f17218c04eb0e9c42ae5baeff6a88f8d338f351cfe
trackside-maintenance/0060,trackside-maintenance,train,1398283,15793,13892,660992,1412175,1414076,0.9792117190301183,0.9888315762377694,0.9901626923008834,,,,,,,,,,,,,,0.9792117190301183,,0.8986159634506853,,,0.9523546634481761,0.9549502837312163,,af2519b33d6b5f52478d8c41669353834cbc46bda125e944b6f0f559e55e7d51,a1ed253eef60a1b41a1f265e34bb48ebce8b527eb2c22c4dfdfd0244558ab6a4,67b5f2268553053b8e53311ca89bb185f5ffb6321111cb94670de17c5e95b625
trackside-maintenance/0061,trackside-maintenance,train,1660165,6202,8590,414003,1668755,1666367,0.9911687285106424,0.9962781308079193,0.9948524498803,,,,,,,,,,,,,,0.9911687285106424,,,,,0.968181985677963,0.9153244362632306,,8bdf064f89bd89d79af62f1c4461b3024cfa2110a8194ff5044d74f7f592fc74,a2d3dc8b57ca001020539c453fd25cc135c52f4e3a1b7e3782882c0642be1d36,a3dc7166678f3bd59432825986dad962aa12dea84f4b6dfca6e06a593557ab31
trackside-maintenance/0062,trackside-maintenance,train,1902451,3690,610,181432,1903061,1906141,0.9977448549915537,0.998064151602636,0.9996794637691593,,,,,,,,,,,,,,0.9977448549915537,,,,,0.9768483621562251,,,6f1c22c5a26f9c6f9349d1b7472ea93537d6383a9cda356167f51397f8e8f989,8b6b3404dcee61dcef88a2efe10d1c664ce76c5c90f08c90a160e1881b9c7ba9,703c69feeca1488e68f55966d806b2a0b29a2777725b6cb68e8fea0ed5ef18d2
trackside-maintenance/0063,trackside-maintenance,train,1331530,11290,5012,741128,1336542,1342820,0.9879050208037797,0.991592320638656,0.9962500243164824,,,,,,,,,,,,,,0.9879050208037797,,,,,0.9717676761348686,0.9833655114494758,,f25b27c24e3ff91436c5e3877a5df281c4dd826a5c70266f8b58faae4174a2e4,f404f535862173c8b8688fb06460f4e3b4307973ba3453d76a2a74ed1ce29373,2b7f8eac3e9129a9554fa7ef0e6630c7637480d6ef8ccc69aa202762d0f2c9c5
trackside-maintenance/0066,trackside-maintenance,train,1290773,11038,7239,779910,1298012,1301811,0.9860379664642298,0.9915210426091038,0.9944230099567647,,,,0.0,,,,,,,,,,0.9860379664642298,,0.9614438293351227,,,0.9683493400198704,0.9771772560565639,,6223c858287f0677fdc6d3b7cc8038c3ecc2f0d657d409ea0818439bb88d0fa5,d3884b710501411f6f6b15febc4e69affad923b6dee90f38d67b046fdfa35666,f812255962ddb999f612362d39a9d048fe0f4a9d69c4f216111440d880d1a165
trackside-maintenance/0067,trackside-maintenance,train,840207,6775,17566,1224412,857773,846982,0.9718454036097475,0.9920010106472157,0.9795213885258688,,,0.8780153977758768,0.5025380710659898,,0.9335010390462649,,,,,,,,0.9718454036097475,,0.9795551006586669,,,0.9573737751981527,0.9614191137964186,,0500732a4422c6db9e57d541c1a7f0c06c3e10fd30ca7e04d1cb512dcd29b739,31e1a531c8bacd76bd03d1630b16b65d83c1b22e86c7d094e48509567df280d7,38cc0e82849732e23a2f3fab3a61ab73de40dcd613b1d1c3fe98598a5f568635
trackside-maintenance/0068,trackside-maintenance,train,1031655,10707,22446,1024152,1054101,1042362,0.9688648094304325,0.9897281366742072,0.978706025323949,,,0.8534136546184738,0.5496535796766744,,,,,,0.0,,,,0.9688648094304325,,0.9767645571449213,,,0.95243054947748,0.9543386642105557,,2002370858caebe870952bed7a32a15d4c1e010a5b718f1e3c6e2a619ef1550f,f630baf409c8fa26b7d8c7049cc4ec4ab2d5780809fe481c6ff0414a1752009b,4c1f2586bff52bc7c0e2bbea2b574a3fbbfa502a0b4c3d30cdfdbf85ee4c532c
trackside-maintenance/0070,trackside-maintenance,train,1863067,4398,12180,209315,1875247,1867465,0.9911802494619995,0.997644935781929,0.9935048556270187,,,,,,,,,,0.0,,,,0.9911802494619995,,,,,0.9661847014925373,0.7786746057999779,,8da8ac7ad697e79d43107c8ebe4903d9b515079f50e3b43f871cbcaca0df5d1e,fc37c78a2230c5c8c971926e1a494ea03d9ff1f1d5ef03a91ddce40348295058,46c9706ee130e0c1908f790e5af8c40d58dad35f9afcad6ae92ae79f6fb3c003
trackside-maintenance/0073,trackside-maintenance,train,1545914,2783,18388,521875,1564302,1548697,0.9864902031478828,0.9982030054942962,0.9882452365336105,,,,,,,,,,0.9344529593999674,,,,0.9864902031478828,,0.7786344291617837,,,0.9609115623346004,0.7590595527448065,,5652f16f45d364803ae0cb7862cfd6866fbbefdeeefdf76929de1dbf58fe7814,776ab1d9d39e30450e3cb98591c31188fa38dda21975a58e3b3269ad48adbff8,d32a0b161bf159fc7ba9bf1b86abcff745dd895141f891379324853b060adcd9
trackside-maintenance/0074,trackside-maintenance,train,1328547,20869,17744,721800,1346291,1349416,0.9717567804792416,0.9845347913467752,0.9868200857021253,,,,,,,,,,0.953117070540472,,,,0.9717567804792416,,0.8973045725788201,,,0.9486270308751202,0.8233740462282344,,093b845a2d8a639e83ffa1ecf5fde92d921664c2417e66a25b10d3dca8f6d55f,f7283dc707378e69d703aef147373bdcd064cb957f41e1765d75f9806d2293a0,8a73f7fe1bc44ce24b95f744c3f661f5003b6b298b4c32947de7e73173ad61fc
trackside-maintenance/0075,trackside-maintenance,train,1485675,6302,22203,574780,1507878,1491977,0.9811746291722252,0.9957760742960515,0.985275333946115,,,,0.0,,,,,,0.9540604264337299,,,,0.9811746291722252,,0.0,,,0.9603507047003043,0.8613355268956198,,03904f8a2512daea1c39d2cbdedf3303eb95dcf456e4adbc73e729eb2d9aca10,718e6fd45e2e42240aee648e4e87a0092a7553e48a752f65433e382eadbfffee,27af393b0ea600905db1ab7e25da0375d4cbbe23086157218862f059aff34c1e
trackside-maintenance/0078,trackside-maintenance,train,1289451,12033,7281,780195,1296732,1301484,0.9852425760163207,0.9907544003614336,0.9943851158142161,,,,,,,,,,,,,,0.9852425760163207,,0.8913192071086808,,,0.9597018298817158,0.9779355519882783,,9072ecd1d6bd9a6ade7bbf9d4ebfe4912556baadda2bae4e1a66249b89915dc1,5ee5a7b2559e29f59042063b25e69d22cc7635dcfb1ccedb12ca183a2172add3,8dfcc981d51e0c11d246b65772aa0bb7145142e8349dbc20f454ebc727575804
trackside-maintenance/0079,trackside-maintenance,train,1306119,17986,10531,754324,1316650,1324105,0.9786331254364485,0.9864164850974809,0.9920016709072267,,,,,,,,,,,,,,0.9786331254364485,,0.9539990150922627,,,0.9570198358555457,0.9621617569172207,,7245d072113222a13b028579251a425ef833a8850f977f01ffb13f42c5569754,196f7161bb9ef2af0e3ea14b4f939200a99ce0ea7a60d5039b4f22522718c58a,b13c63059a7f84cce6629dde6f989b82762740b0ef8dc8ef7631d1e173a4ee9b
trackside-maintenance/0080,trackside-maintenance,train,1187368,21182,10307,870103,1197675,1208550,0.9741651399630966,0.982473211699971,0.9913941595173983,,,,,,,,,,,,,,0.9741651399630966,,0.9554419284149014,,,0.9398190617783823,0.9631341451156646,,045d4791802edd4766cb20165f7f89e48500708e9eacc4fb3176b9cd89733d49,72915e72ba77b4a35ec44c0cd9aadfe5a489e09dcf8bf4df59f3ca3ef7ac9e26,c269a3d019d7e4f8b91d799e7325cd211bf88511552bb84ae45d9eb5a38d3b77
trackside-maintenance/0082,trackside-maintenance,train,599749,39802,42946,1406463,642695,639551,0.8787569762211409,0.9377657137585588,0.9331782571826449,,,0.9587619327005676,,,,,,,,,,,0.8787569762211409,,,,,0.972498346002542,0.7264855836849508,,65b79e130b09b882fa33f7676d2436a802b097d73fc606fa0428a40aa7592ed5,a63aebc4038689fc219bba17b9c67904c70eae12e7833a0e436e0aa12bdbfcaa,518e1ca647c276392219dbba8db71db335602a0efad56443762e8fa1f5f352b6
trackside-maintenance/0083,trackside-maintenance,train,1586988,6838,10486,484648,1597474,1593826,0.989201601683463,0.9957096947847507,0.9934358869064536,,,,,,,,,,,,,,0.989201601683463,,,,,0.9680742639949128,0.9598360187588447,,f93539c0825969b6f96f386dbaa98f06caadbcb1d80a39102a077ace90560d5e,eacd1a0cdf15d5e49563452c6d7003c31113591a4df0d81eaf61105edab0d64b,dd7a66bbef4771909dcfd61be42a171224a7649369fcdb86d8bd5d07cf32b72c
trackside-maintenance/0084,trackside-maintenance,train,1395425,21865,4324,667346,1399749,1417290,0.9815779810834727,0.9845726703779749,0.996910874735399,,,,,,,,,,,,,,0.9815779810834727,,,,,0.9806778649453043,0.951537302923758,,78b655ec93b0e9575d9bf363a03233ad6e48a40c1e428e86125f919cccf38ced,ac028f7bcbe7ad92f61055bc538a75e3ad911ea17ef8513a38a275c9758c465e,2db744d8a40e68ad24bfa7e5e4e868020717e94e8b53505578cb642a8c55f7dc
trackside-maintenance/0085,trackside-maintenance,train,1322085,16831,4117,745927,1326202,1338916,0.9844024681448632,0.987429383172656,0.996895646364581,,,,0.0,,,,,,,,,,0.9844024681448632,,0.8166409861325116,,,0.9711843864928118,0.9719058942617586,,1fe7cf2ae2eef9be85f098226cc6e927e226f7e34a356079eaf30f81a5517c08,a964b223ce70c0ddfcfc63a7116d136b72dbabc8a5bfb3c71b4a8784a89ebc9f,fbeaadd8f19c4f29530b53bf5b10940b1daedad7f0eb5cf7ee6f42727ee8ade9
trackside-maintenance/0086,trackside-maintenance,train,846578,12227,7789,1222366,854367,858805,0.9769026787630655,0.9857627750187761,0.9908833089293009,,,0.8728643808177212,0.21245002855511136,,0.9517615860588459,,,,,,,,0.9769026787630655,,0.9684270694306004,,,0.9496531463697633,0.9699957882400337,,9db552632140a4fe745fdf61a0d0fa31fc4952af06addd32095a7c1372bb9d8a,48e0f42fd5470fdf74ebb3d8b15d9098a05ee9adf3541431ac1b7a9fa0e062d9,6e5f32fa4b927d5095afa2633293137b32b68828def8c3fa06342bcd09e9fb86
trackside-maintenance/0087,trackside-maintenance,train,1013528,14964,10777,1048813,1024305,1028492,0.9752316291547232,0.9854505431252747,0.9894787197172717,,,0.7058161350844278,0.7062706270627063,,0.8134654309150954,,,,,,,,0.9752316291547232,,0.9717216282644757,,,0.9569816308108271,0.9635478138634345,,95207ac84f3acc3ff5c55764aa554bffc9f0a32f4cab08eaf951e2fe43877d51,587b26c9e34a988459b083e4db74f236062e3ecce661eb481c45f1084fd9f4af,f1360daf53523e386ff172af5cc68d432c0b021c47e2de585646645738ba54fe
trackside-maintenance/0090,trackside-maintenance,train,823261,13855,5680,1246150,828941,837116,0.9768211999107732,0.9834491277194558,0.9931478838662824,,,0.8290711346266901,0.24240654205607476,,0.9034707738381732,,,,,,,,0.9768211999107732,,0.9729030039426141,,,0.9637009706295465,0.9634688262554515,,0a5483a0127931090560f2cb06532b9de62ff8978b5d2d75fc73f10c9e628fb9,bdacebbf7725f3ad965f05b99232ec789fc6dd5801ffb98aa2a88920ad1db2bc,9269491cc68775d289704bf3b3e15c02031de0fc5958c1e2c53cc51378ef0d08
trackside-maintenance/0092,trackside-maintenance,train,1298222,4871,14380,771487,1312602,1303093,0.9853879358438465,0.9962619705577422,0.9890446609101616,,,,,,,,,,,,,,0.9853879358438465,,,,,0.9759235425902093,0.9755571927263714,,b46f2ac36452a0a15ac8e7c69746492ff0b596b959f253d1612c3db9998b2895,ca30dbb08d9fb0e4fe8996fe88911e453cc3bca799282014ced559432b824f51,559543ae0b3644decd7b3bfbc6e5e7d6fdef8dde99bc2007ab50213831112f49
trackside-maintenance/0093,trackside-maintenance,train,883809,7656,10013,1187051,893822,891465,0.9803999653901704,0.9914118894179805,0.9887975458200849,,,0.8916827852998066,0.6640471512770137,,0.9136575188573263,,,,,,,,0.9803999653901704,,0.9797990882748107,,,0.9551074334982944,0.9757682397307065,,6259e3456d036d7371c800562ffea682d470ccccfc442c166f67ae5f354b645f,84941b6b7aa17a3e2407d6f073b2b43d7c36ff43014f7ec679d58cf5431ed076,83d6688e5edd423c9b480e2e5d3ac6b669837c980e7e44fb8c740ddf4ae85ab3
trackside-maintenance/0095,trackside-maintenance,train,803492,4019,22787,1258662,826279,807511,0.9677152058658458,0.9950229780151602,0.97242214796697,,,0.8520826999087868,0.2629310344827586,,0.952903392680088,,,,,,,,0.9677152058658458,,0.9820871680924825,,,0.9591581057379103,0.9524417843726459,,2c0673f9062a1f999a14ea9f32f3a730731ead900fcdf51751a187ad746dfc7b,e2149e1bb2a9cbc2acdbaf0b9ef76ebcda214853f1f5097dab8ec69174e4aad8,90f31741f2f363a84fa141eca4ce5f29968b0a6ca472ac0a58d2a55a9649914b
trackside-maintenance/0097,trackside-maintenance,train,1543438,6239,15357,283983,1558795,1549677,0.9862009387655476,0.9959739997431722,0.9901481593153686,,,,0.0,,0.0,,,,,,,,0.9862009387655476,,0.8743196437407225,,,0.9656000192871338,0.0,,069e56fc048051d80ef3d6c175598cb6a1df2596f82c85bd8075f4b88100565a,4dafdc7299c42b3fd729bc5fad69b105505ba91c31b992ed39c8524ab26e9327,1206cfe76cf7b5ad87352dd5613003e85a77156e60ad393196880fe8f4e4e50f
trackside-maintenance/0098,trackside-maintenance,train,1730191,13984,6715,338070,1736906,1744175,0.9881780123251603,0.9919824558888873,0.9961339301032986,,,,0.0,,,,,,,,,,0.9881780123251603,,,,,0.9534978866523331,0.0,,fc04d89f6819407752a53d790ea973fc002344aa19eadc04b345225545c7ce53,50b458614c96f982cdd8a232cc68c34b8a13e26c9ea30e839f0bb3d3f75ed0bb,18042a308e0fefbf2d89dfc1324d4075798dfe8ee1079472f16ca7d5ee54fd35
trackside-maintenance/0100,trackside-maintenance,train,1118993,25868,18745,335915,1137738,1144861,0.9616597026828669,0.9774051173024498,0.9835243263387529,,,0.8756784932411301,,,,,,,,,,,0.9616597026828669,,,,,0.8801893581612917,0.8493518874045044,,295de469c85a2cbd063ed52a760230d5847fd6ca3ec792d4228e881a1fc88163,f5b03baa6b4d5ea3f09082ebe6520174de0c27be86a86a96401a87b00c959c4c,1291f70183841fa8854355d22efde084d951f4bc3e98113f46a2254e01e8d8d9
trackside-maintenance/0101,trackside-maintenance,train,427796,32030,7157,199017,434953,459826,0.9160847397014452,0.9303432167820002,0.9835453485778923,,,0.8024029178287921,,,,,,,,,,,0.9160847397014452,,0.9388786764705882,,,0.9407187964534596,0.7548757086467675,,f18cd13f8be6e6da511d8cc5f6ff2f0e8e5ffa3cdc730d55f0752e075e4be9a7,2053724e9bccf33b2605685548994cd45b4e42ce9eed6263ab94fd76ac8b7402,1e27b287d77e36aaee1895f1b2537713cf546040dec578285d99568c9657168f
trackside-maintenance/0102,trackside-maintenance,train,374159,13696,27037,1084365,401196,387855,0.9018226430010702,0.9646878343710923,0.9326089990927128,,,0.9366108358889675,0.07782774126599792,,,,,0.0,,0.009408321760432003,,,0.9018226430010702,,0.9469720677158519,,0.6785122536291021,0.8714730207696194,0.8422182053686215,,d32849c8bde9dd413c6d0ab82ca84e62323fed3319cfb99825a11f91ac7baef3,16725b66e3177e4058bec98d44bcd85e2a17929f45e24c0a9596f58d4fc0420f,639c8a748959946be92d0ce4178077203c33d70174c7be157d3601511cd962f0
trackside-maintenance/0103,trackside-maintenance,train,741628,62912,42559,1241861,784187,804540,0.8754915305058795,0.9218037636413354,0.9457285060833704,,,0.9256233576820138,,,,,,,,,,,0.8754915305058795,,,,,0.9783998589018597,0.8171214037022166,,bcd725f20e45aba176964b9c6318633c2f7a70f7664784eb0dfc98abf0940141,832b0e6356d68f26976e3d7922d3b08c241fb1ce86ad33ae4f971af5515c330f,a714e2470a1fe987def8373169a2a5d001acf2847fc4c830f253db5b7184817f
trackside-maintenance/0104,trackside-maintenance,train,131877,2515,2226,285783,134103,134392,0.9652973985858379,0.9812860884576463,0.9834008187736292,,,,,,,,,,,,,,0.9652973985858379,,0.9939078076628135,,,0.9741282161166929,0.9546622802508482,,8af545cd5a93e866ceeaf9e8b89657bd1753fb543ecfc98e2121144440cb5e5b,38d8338d1cf13856f69f9d6bf5678bbe6767d870b9c6d44089b654888be7a538,33c13504a1d0d02311871506d5991d6ac1bdc911ebcbf4cac4534fc85056c5f3
trackside-maintenance/0105,trackside-maintenance,train,199965,9573,6813,570081,206778,209538,0.924261963198691,0.9543137760215331,0.9670516205785915,,,0.7854846686449061,0.6219148149104017,,,,,0.9940161125365582,,,,,0.924261963198691,,0.0,,,0.9607997685300661,0.9472991078573486,,d1ad562afeae01ddb70bc66ae877af92f08918967c215ffefec2257c3ad76fa6,c81174649f12ca8f38a2a5768fc715389902ca51ae6140ec8217629ad50b6eb2,6f90b241efce0eaebb6141beab5308f10b89134b9f70ea0dbc71c038757da695
trackside-vegetation-closeups/0012,trackside-vegetation-closeups,train,0,88,0,2088872,0,88,0.0,0.0,,,,0.8074325052145046,0.7133314391643933,,,,,0.7938112745098039,,,,,0.0,,0.97495105098788,,,0.8918173927323059,0.8634340449570729,0.0,6d411277b073c9f8148657c867b1259110caffbc10996436432e2bbef233e3c7,4b681dd2b792a639ec71ac899c324f1eca876bb9c6dd875589f6acc59ffc244f,2c71f641cb1b9fd83a56422fad29fe633705afe777eb00317d6e2b85bc9faada
trackside-vegetation-closeups/0017,trackside-vegetation-closeups,train,0,0,0,2088653,0,0,,,,,,0.8356685968295887,0.7986107040271997,,,,,0.648735447611401,0.0,,,,,,0.9760386805954864,,,0.8481569911739617,0.8277115085495267,,028a08528e4e767ba7b3c0cf28e85786354503f78c2dd0a447f206796a58013d,22d3561d3062fe05ceba10e56b4c8b6db384a4e8fcd842244f2da597be610a77,cc9ee2c9e1f9d50228304113389df94f4c4af23bc4f985db0a16e0e7bdbea4a2
trackside-vegetation-closeups/0018,trackside-vegetation-closeups,train,0,0,0,2088430,0,0,,,,,,0.7358268863800866,0.7737676516492297,,,,,0.5885028860802952,,,,,,,0.967255250731693,,,0.8257777823814876,0.8073579621544454,,c63ccdb72ee621ea3abddc87464bce0d0d17c15f939a53a7189ff1ec3c846dd0,6047d5dcef86ee0c3cbe19959ffea5fb1ae8da0ad78346d1a212f33aa78cf5e1,a9e44be317f7f14841b1047248bf9790e85b789fa26a6ee2cef6c526e4a92f79
trackside-vegetation-closeups/0019,trackside-vegetation-closeups,train,0,0,0,2088910,0,0,,,,,,0.8072389567818725,0.7058792839888769,,,,,0.7945850722084578,,,,,,,0.9408360323733095,,,0.8463828012436491,0.8830499618634652,,0f04b3c645dadb7431f751cf0813b5b34e40f34c8786fd50a006d9a58a70b608,d2f9b5b7fb36f2b9f9bc41b1b06402c355fe3014bac2d7651dcc9f6384446059,d6aaf58a5fc3adbc498032e838b14286618120682c6f266eeba484d03edb749a
trackside-vegetation-closeups/0020,trackside-vegetation-closeups,train,0,0,0,2087856,0,0,,,,,,0.8296954572862861,0.5703311909807536,,,,,0.8633607342966676,,,,,,,0.0,,,0.9116510725827885,0.895407935965785,,1b155b4a115f6ef6baeca7676fd004b92d57f38e06386f5ff1bd7a83f362ec1b,06cd7338ee14ee937c07d3d04b3b5c78c6ceda8e729ee1833cb2e357ddd0f7c4,0156dfb4d6e12c376609c40c956c0388ac5027d8c5955e7256292885bc04ab87
trackside-vegetation-closeups/0028,trackside-vegetation-closeups,train,0,0,0,2088739,0,0,,,,,,0.8692709355435757,0.7302580315911326,,,,0.0,0.7494294718539448,,,,,,0.6337171001035229,0.5906794664783731,,,0.9181447764481315,0.8076507212816377,0.0,4e19459360e08e5f3877234f1a74ad6e98184568c64a7688ff552fb1f571e05c,220e1be1ff2d191eb0b0cd9c279b3e72a31c6e700004ac0ee2e6c68118bf1205,81e53beca2c8bcda0d287852f7a6a0abdb1c6024b8d1489e84ec3695117cc99b
vegetation-worksite/0262,vegetation-worksite,train,0,0,0,2073600,0,0,,,,,0.9710930724938865,0.8583248841251448,0.44519492830904134,,,0.0,0.0,,0.8481115630447414,,0.8208333333333333,,,,0.9693247405522624,0.9892066299543183,,0.5999459264599856,0.9028651225501998,,54396730a7d632e6ac164891ed59aa4b248397c4bff8ad0524ee051361535740,ecc4df5204120b6d832dfe643f5cf2ece2d746710ad731c9c0b70f45d3c1a90e,eabac135dfb60b6d8c531512be6a3c7d4cfa65492d7c32a296e19d0a3a327e43
winter-town-cab-view/0185,winter-town-cab-view,train,0,0,0,2073600,0,0,,,,,0.9395759535910467,0.9742993624788855,,0.06505847953216375,,,0.0,0.9021818042871881,0.7400026051843168,,0.7591942873653362,0.0,,0.8709099113382197,0.9397934651688412,0.9818622362722791,,0.8201558216707546,0.9422197622370891,,5886ace53044086e84b2f4b85a962b8fc5d0e5df0f398df5bff81f0cefcdd458,b8e61201f1dacec0106270d80967bb58fb8ebc3c977bd832ebe30748c3009013,8726859738a0be0e1d23364256890b67b8a2d514e8b1d57fb3e27ead7ad449e9
winter-town-cab-view/0186,winter-town-cab-view,train,0,56,0,2073544,0,56,0.0,0.0,,,0.9311861520998865,0.9585891222401723,,0.6618055555555555,,0.8245890565188021,0.504543768545994,0.8217987686072793,0.7886110448248578,,0.6164910944705335,,0.0,0.7895846445914759,0.9324646450244611,0.9872238680114058,,0.7285917973664346,0.9519478290715634,,7b53cc55f0bba2e1833ae405668e09335397f1631bd62e9570846377941ee427,c6b76e6b73f5dd0a4d5c80df5ce3abbc5fe5bec63a2c2eb5852ebaa72565dd54,ba7a679f6ad945599f002be1f4d340a03d5d63440e5b070c306eb10a1f31f058
winter-town-cab-view/0188,winter-town-cab-view,train,0,0,0,2071641,0,0,,,,,0.7473903080709496,0.9840132986719012,,0.0,,0.0,0.8146948689403907,0.9209978554308061,0.8786068427724085,,0.741523557904007,,,0.0,0.9456355153015327,0.9961471978126705,,0.8493879273955255,0.9118681998203796,,93065b17ef536461211968f71d3b394d46cb55404435af01f1702cc875cdc85c,4b85a509ccdf89d3e280fedaaef03147ea70980f662bd158dfd8dfcc6e5ee6eb,2f5ff696304db2e05d278e780a39ffc4a2d4d7eb970875501de313fcb4949b95
winter-town-cab-view/0189,winter-town-cab-view,train,0,0,0,2073600,0,0,,,,,0.3120877374235079,0.9660678295920495,,0.5635587255408006,,0.0,0.7394250574644019,0.9013323526915787,0.8929249183038702,,0.4855730112036052,,,0.0,0.9786555359479575,0.9965410259658758,,0.7667940146450175,0.9692653616790874,,06118b62db2d8b18889a7d9354ef0877b3f5042e249ab6f22e11ad80c9f3242a,7b662c7643f74d777d4282712cd4c38c45c8968b67c969bd90c2430de620dd5f,35b82e38f27d5d4627fb848912e8a52d45487c5fc41dcc635f4c0dce8ce86468
winter-town-cab-view/0190,winter-town-cab-view,train,0,0,0,2073600,0,0,,,,,0.8633036203376326,0.9751748931208706,0.0,0.6737260092653872,,0.3582887700534759,0.8124463410938841,0.8576388888888888,0.8635573726451526,,0.8345044243917372,0.8602941176470589,,0.8367470049861914,0.8315375063039223,0.9803661992646041,,0.8737799239699989,0.9590362954251757,,55cf7c8129b7d290a98190185ebf3f9c9c1bcfda8b3256a472c4c639eff7e307,d8d8f132f167f5f1f69acb80e438c5c783672c70a9e21daa9e35bb94d7d92acb,f139df657e619338cf4cc19dbc99ba3edf04fa0d0c2517d87d042f5b295aefc5
winter-town-cab-view/0191,winter-town-cab-view,train,0,0,0,2056203,0,0,,,,,,0.9582132232548486,,,,0.8625600264944527,0.9100939317131356,0.3253378378378378,0.7756186065387874,0.9318415260454879,0.8294093349855431,0.9260426515390272,,0.051304500087550345,0.9428010225199925,0.9813092447442471,0.7777404169468729,0.7156526261050442,0.8231841589652004,,fddfb8962d8961d625bea817fe5552ec2c1d016f4d6cc0fec53b8171c0f10c1d,5bd5e6d2d0fcf46993603edaf2660a84f8964a6f228be9967525edf77af92174,e9495c857a40a3206b5f23353784f6fb66ad76515b32b0353e06a448c150f8c9
winter-town-cab-view/0192,winter-town-cab-view,train,0,0,0,2069343,0,0,,,,,0.9174037460978148,0.9681220314212642,,0.665466071171301,,,0.9031069476971116,0.9032409766038327,0.8827292441140024,,0.10191441441441441,,,0.8824429357269391,0.8473326544486883,0.9897630335784833,,0.7485271839757617,0.9488580807375332,,754211da40dd122ce82a710c71d8d2d60c6a74f3695406c8e58832fa940cea1a,c44e426c668e2da87d0f29c2c5dbc7a1e35d395d40a60d02d42715a16d97f3b0,fb6c3282ba654f334ed7cc3cb506acba6d5e85af40b12e4ebd528b495b1ca8c3
winter-town-cab-view/0194,winter-town-cab-view,train,0,0,0,2064988,0,0,,,,,,0.0,,,,0.0,0.8646754410985698,0.6411970462495142,0.736248872858431,0.8650969796391006,0.5817958777161041,0.0,,0.576911871813547,0.8840363033348333,0.987548959446048,0.7544408128463834,0.6105167997589273,0.5214600131118509,,86bec697fc86a9152f90aa11441db7d66b5f096dac9422d72d66e592861f8801,9981573109ba2d8de2c54874727c5ae46d8060e1260c3527b4b95a4f13024e74,ba5b09d0baeab1a1a149eab9bf171199cb00a3bd32b5610268aaf31b722a394c
winter-town-cab-view/0195,winter-town-cab-view,train,0,0,0,2068516,0,0,,,,,0.93773866070597,0.0,,0.8965417029933159,0.9173370546708258,0.0,0.8053669393136101,0.6864066567723413,0.7903947784717421,0.7928599897511814,0.5951194632978932,0.6723641902183111,,0.5732448866777226,0.8974386966592249,0.9788959149629515,0.32184191085939423,0.5750360885622692,0.6637887116831921,,b011832e15f90292721c197db21ac1d902b6875259288cfca2f254319ca7f8a5,37e930f7d2ab55af31301c5a401f8d96af4fb05bab1e995d802af52c96cda10c,32b4d1a6f2b0f890644f34cf70594470aefef4bf7ec167273465145575718851
winter-town-cab-view/0196,winter-town-cab-view,train,0,0,0,2071231,0,0,,,,0.0,0.8392077767491073,0.9610906653167882,0.0,0.0,,0.6524644945697577,0.7444929701566869,0.7692387741297674,0.7773866467072871,0.7659367396593674,0.42865618101545255,0.801677780167778,,0.8762697440292607,0.9126400812801626,0.968912114787603,0.3151750972762646,0.6654065934065934,0.9429785811504573,,6642757595beb9bad0e29bd2abf92ae99ddffef5f2d5a4fe2af3140090621eb3,8407b4b7ea14b6b0fb15c8d922b15d9a2126a83bb818ee62555dc96577ccc8f3,3e0bd701b7b0d4b571a18ee2d21abc94ca50709049c405561d3e0ee4ca26ab33
winter-town-cab-view/0198,winter-town-cab-view,train,0,0,0,2070225,0,0,,,,,,0.9400010551584057,,0.4489894795127353,0.9931375595608039,0.685383502170767,0.8426945999638794,0.9346975964671925,0.7648148458585486,,0.5486782720825274,0.9298878205128205,,0.5948141817095901,0.7379952262817622,0.9929904401012392,,0.5996115876355397,0.9505868745716244,,cc5f67af19f67c1a6ec338148aac18a59457131b40eefe18cb47d42221300216,e8ffc70ec31eed6a3066d511fff9313edf510d50b9f54c1769275749cea76c4d,4bf50a37acba844d8e99f2ae91b8e8cc1cf77d322bab5b1b7b51bfff6104ea2f
winter-town-cab-view/0199,winter-town-cab-view,train,0,0,0,2073600,0,0,,,,0.7646243415580815,0.8078734559672976,0.974097770963557,,0.8240300964025394,,0.0,0.7553695955369596,0.7440413356297572,0.9027627745589054,,0.6341010893477166,,,0.8854263041776386,0.9404228854207616,0.9858641385835298,,0.7849738913568701,0.9240113142711374,,bf2591468b8c776a8775aaf5f6535f7fa792b9c0ee28c52f9e87b591efe4c9b3,50cb12ad4ea2dd882c3acd69274d43aff289df3afc6fadefcfd6d4fa987f0090,dd63d6f60e445b511dfec3967757d1e6d2eef2b0d5e4d0b1b58adf836152411e
